mtllib G3_Head_Hero_Myrtana_Animated_09_S26.mtl

o G3_Animation_Head_Main_09

v -0.026142 1.783189 -0.115542
v -0.015840 1.783307 -0.120254
v -0.025702 1.805530 -0.086932
v 0.026071 1.773982 -0.035940
v 0.018446 1.772964 -0.023833
v 0.014833 1.800818 -0.032776
v 0.000036 1.810469 -0.088448
v -0.013668 1.800766 -0.032762
v -0.017772 1.772835 -0.023901
v -0.025287 1.773660 -0.036110
v -0.031965 1.765343 -0.097982
v -0.029979 1.773217 -0.111819
v -0.035097 1.772486 -0.077461
v 0.031767 1.765431 -0.097978
v 0.029979 1.773217 -0.111818
v 0.030622 1.757578 -0.110273
v 0.027058 1.735925 -0.079030
v 0.034874 1.772717 -0.077349
v -0.027073 1.735853 -0.078936
v 0.025150 1.805467 -0.087113
v -0.000038 1.732463 -0.111065
v 0.023200 1.731710 -0.098341
v 0.014818 1.734635 -0.105698
v -0.015479 1.734723 -0.105356
v -0.023180 1.731712 -0.098494
v 0.015699 1.783286 -0.120258
v 0.026118 1.783113 -0.115478
v 0.019303 1.742932 -0.021689
v -0.019332 1.742787 -0.021775
v -0.025892 1.755441 -0.038957
v 0.026168 1.755728 -0.038749
v 0.000000 1.753486 -0.125182
v 0.024705 1.754970 -0.117130
v 0.000055 1.783281 -0.128217
v 0.016022 1.779577 -0.121178
v -0.000176 1.747051 -0.119466
v -0.007473 1.747668 -0.117290
v -0.008429 1.764545 -0.120295
v -0.000063 1.763844 -0.122699
v -0.014682 1.749599 -0.110933
v -0.015660 1.766314 -0.113741
v -0.019618 1.751675 -0.100835
v -0.020867 1.767721 -0.103597
v -0.024411 1.753902 -0.085366
v -0.024293 1.769420 -0.087757
v -0.025353 1.755694 -0.074044
v -0.024730 1.771044 -0.076042
v 0.025281 1.755900 -0.073987
v 0.024252 1.754028 -0.085371
v 0.024122 1.769518 -0.087748
v 0.024649 1.771209 -0.075970
v 0.019442 1.751775 -0.100901
v 0.020693 1.767738 -0.103662
v 0.014529 1.749723 -0.110951
v 0.015514 1.766373 -0.113809
v 0.007268 1.747776 -0.117273
v 0.008316 1.764682 -0.120306
v -0.000064 1.764167 -0.125428
v -0.009909 1.764801 -0.122481
v -0.010123 1.781117 -0.123390
v 0.000048 1.781004 -0.126102
v -0.016780 1.765432 -0.117526
v -0.016522 1.780881 -0.118515
v -0.021971 1.765689 -0.111317
v -0.021920 1.780575 -0.112279
v -0.027391 1.765810 -0.092527
v -0.027005 1.781041 -0.092915
v -0.029838 1.767174 -0.069741
v -0.029193 1.782489 -0.069690
v 0.029875 1.767455 -0.069563
v 0.027485 1.765727 -0.093088
v 0.026968 1.780858 -0.093508
v 0.029041 1.782654 -0.069634
v 0.022199 1.765903 -0.111333
v 0.022313 1.780567 -0.112090
v 0.018177 1.765710 -0.117217
v 0.018033 1.780806 -0.118053
v 0.009787 1.764959 -0.122480
v 0.010197 1.781083 -0.123310
v 0.023047 1.761059 -0.078494
v 0.021382 1.756301 -0.057670
v 0.021065 1.754526 -0.078026
v -0.021339 1.754394 -0.078033
v -0.021149 1.756062 -0.057789
v -0.023314 1.760905 -0.078569
v 0.010747 1.762898 -0.109567
v 0.011733 1.769118 -0.095679
v 0.021328 1.763470 -0.095569
v -0.021712 1.763401 -0.095529
v -0.012141 1.769113 -0.095682
v -0.010886 1.762851 -0.109486
v 0.022941 1.765077 -0.078774
v 0.014367 1.770544 -0.079162
v 0.020637 1.770866 -0.050143
v -0.020150 1.770654 -0.050298
v -0.014663 1.770475 -0.079155
v -0.023195 1.764930 -0.078844
v 0.017989 1.754072 -0.095314
v -0.000033 1.754309 -0.077484
v -0.000047 1.752747 -0.094378
v -0.000045 1.767259 -0.095566
v -0.000038 1.768717 -0.078747
v 0.010805 1.759099 -0.111297
v 0.010749 1.756793 -0.110208
v -0.000066 1.756689 -0.112195
v -0.000061 1.758590 -0.113164
v -0.010905 1.756725 -0.110135
v -0.010957 1.759009 -0.111239
v -0.021709 1.759328 -0.095279
v -0.000041 1.756064 -0.057042
v 0.000010 1.770755 -0.049921
v 0.021323 1.759408 -0.095334
v -0.018384 1.754018 -0.095250
v -0.000051 1.761665 -0.111489
v 0.031269 1.826008 -0.100593
v 0.019056 1.830936 -0.102105
v 0.014090 1.842466 -0.103125
v 0.019611 1.853845 -0.103057
v 0.032401 1.858406 -0.101940
v 0.044671 1.853478 -0.100429
v 0.049181 1.841948 -0.099409
v 0.043602 1.830570 -0.099477
v 0.032078 1.827019 -0.106548
v 0.020704 1.831572 -0.107944
v 0.016074 1.842224 -0.108887
v 0.021174 1.852737 -0.108824
v 0.033030 1.856951 -0.107792
v 0.044447 1.852398 -0.106396
v 0.048701 1.841745 -0.105454
v 0.043556 1.831233 -0.105517
v 0.032821 1.830343 -0.111699
v 0.024058 1.833827 -0.112767
v 0.020512 1.841980 -0.113489
v 0.024416 1.850026 -0.113441
v 0.033491 1.853251 -0.112651
v 0.042278 1.849767 -0.111583
v 0.045609 1.841614 -0.110861
v 0.041682 1.833568 -0.110909
v 0.033384 1.835472 -0.115261
v 0.036025 1.836085 -0.115004
v 0.028621 1.837358 -0.115840
v 0.030769 1.836161 -0.115555
v 0.026715 1.841770 -0.116230
v 0.026955 1.839574 -0.116109
v 0.028829 1.846125 -0.116204
v 0.027184 1.843956 -0.116278
v 0.033727 1.847870 -0.115777
v 0.031121 1.847380 -0.116038
v 0.038497 1.845985 -0.115199
v 0.036299 1.847305 -0.115499
v 0.040340 1.841572 -0.114808
v 0.039999 1.843770 -0.114943
v 0.038220 1.837218 -0.114834
v 0.039983 1.839384 -0.114747
v 0.033695 1.841627 -0.116693
v -0.031707 1.825746 -0.100850
v -0.019073 1.830723 -0.101615
v -0.013991 1.842278 -0.102168
v -0.019531 1.853644 -0.102190
v -0.032331 1.858161 -0.101667
v -0.044851 1.853185 -0.100899
v -0.049916 1.841629 -0.100339
v -0.044456 1.830264 -0.100319
v -0.032122 1.826860 -0.106816
v -0.020388 1.831458 -0.107519
v -0.015669 1.842134 -0.108029
v -0.020794 1.852634 -0.108050
v -0.032723 1.856808 -0.107569
v -0.044382 1.852210 -0.106863
v -0.049043 1.841534 -0.106348
v -0.043959 1.831034 -0.106329
v -0.032488 1.830272 -0.111934
v -0.023474 1.833791 -0.112470
v -0.019861 1.841962 -0.112861
v -0.023784 1.849999 -0.112877
v -0.032941 1.853193 -0.112509
v -0.041929 1.849674 -0.111971
v -0.045495 1.841503 -0.111579
v -0.041592 1.833466 -0.111563
v -0.032771 1.835462 -0.115425
v -0.035476 1.836065 -0.115298
v -0.027884 1.837367 -0.115715
v -0.030086 1.836162 -0.115567
v -0.025929 1.841789 -0.115927
v -0.026180 1.839591 -0.115857
v -0.028051 1.846138 -0.115935
v -0.026395 1.843974 -0.115961
v -0.033009 1.847867 -0.115737
v -0.030366 1.847386 -0.115868
v -0.037890 1.845963 -0.115446
v -0.035632 1.847292 -0.115606
v -0.039835 1.841541 -0.115235
v -0.039456 1.843741 -0.115311
v -0.037717 1.837191 -0.115226
v -0.039500 1.839353 -0.115194
v -0.032949 1.841641 -0.116761
v -0.030621 1.757578 -0.110273
v -0.016021 1.779577 -0.121178
v 0.013765 1.715219 -0.110891
v 0.022954 1.718743 -0.106287
v 0.016937 1.714174 -0.099942
v 0.062894 1.823889 -0.092885
v 0.067239 1.818860 -0.084088
v 0.062144 1.811113 -0.100123
v 0.056612 1.824408 -0.102217
v 0.008416 1.838930 -0.127868
v 0.008098 1.843640 -0.126775
v 0.009196 1.842139 -0.124600
v 0.017033 1.835322 -0.118315
v 0.016764 1.831426 -0.119580
v 0.012314 1.835256 -0.122603
v 0.028472 1.766585 -0.118926
v 0.027624 1.766942 -0.119518
v 0.027895 1.768268 -0.120565
v 0.031991 1.766966 -0.118935
v 0.029304 1.766810 -0.118915
v 0.075146 1.800140 -0.035748
v 0.076189 1.791451 -0.029543
v 0.074084 1.788750 -0.030293
v 0.080104 1.799870 -0.029568
v 0.081506 1.793199 -0.030026
v 0.077222 1.800519 -0.033835
v 0.083512 1.828695 -0.029738
v 0.085145 1.834813 -0.030176
v 0.084304 1.830748 -0.026540
v 0.085780 1.840523 -0.029529
v 0.089811 1.847044 -0.024095
v 0.090025 1.843648 -0.022145
v 0.082682 1.801446 -0.009841
v 0.080241 1.807614 -0.008957
v 0.077622 1.801440 -0.011828
v 0.092343 1.828074 -0.010412
v 0.090611 1.822249 -0.008149
v 0.089591 1.820684 -0.010612
v 0.088353 1.821240 -0.011945
v 0.084052 1.824321 -0.017134
v 0.091508 1.826806 -0.011792
v 0.084648 1.812165 -0.016250
v 0.076262 1.805436 -0.035579
v 0.075300 1.809289 -0.038215
v 0.076461 1.816678 -0.038151
v 0.077751 1.816991 -0.036570
v 0.076707 1.810905 -0.036448
v 0.076636 1.814761 -0.028489
v 0.079044 1.812203 -0.029551
v 0.080125 1.816243 -0.029477
v 0.091851 1.840616 -0.011150
v 0.091661 1.838765 -0.012045
v 0.090681 1.842000 -0.015438
v 0.086669 1.841094 -0.024091
v 0.031562 1.720465 -0.089655
v 0.070386 1.780349 -0.031334
v 0.068040 1.777601 -0.041498
v 0.071003 1.784279 -0.033585
v 0.006159 1.846408 -0.129680
v 0.018330 1.764518 -0.124984
v 0.017404 1.767834 -0.128595
v 0.025120 1.766492 -0.120009
v 0.063748 1.761937 -0.035083
v 0.065863 1.758412 -0.019674
v 0.061486 1.754687 -0.031683
v 0.064773 1.750442 -0.015841
v 0.065454 1.763632 -0.007029
v 0.025400 1.764552 -0.120309
v 0.020747 1.757189 -0.126677
v 0.020095 1.759300 -0.126519
v 0.034235 1.725431 -0.096784
v 0.045672 1.778949 0.037301
v 0.052682 1.774206 0.025503
v 0.051612 1.785228 0.028793
v 0.060847 1.903320 -0.079244
v 0.050777 1.906041 -0.094747
v 0.052756 1.916178 -0.080590
v 0.079970 1.836111 -0.034436
v 0.076342 1.833454 -0.037103
v 0.077559 1.837876 -0.029934
v 0.083260 1.796953 -0.026369
v 0.085625 1.801864 -0.024234
v 0.085875 1.798283 -0.021027
v 0.074356 1.790062 -0.019408
v 0.087713 1.844890 -0.031845
v 0.084305 1.833376 -0.032831
v 0.083528 1.837128 -0.034789
v 0.086528 1.846780 -0.032220
v 0.092778 1.843531 -0.008636
v 0.091915 1.837801 -0.005865
v 0.087165 1.843321 -0.030870
v 0.085714 1.837679 -0.030861
v 0.086171 1.838684 -0.027249
v 0.084510 1.834149 -0.028031
v 0.055139 1.786276 0.020023
v 0.024249 1.792279 -0.123619
v 0.022544 1.801705 -0.124464
v 0.031040 1.791762 -0.122664
v 0.018660 1.793595 -0.127147
v 0.020329 1.800735 -0.128972
v 0.005792 1.792522 -0.140835
v 0.009814 1.792829 -0.137501
v 0.006779 1.791354 -0.137170
v 0.008442 1.794533 -0.144006
v 0.016645 1.802896 -0.141607
v 0.016398 1.804930 -0.139796
v 0.018267 1.802287 -0.137530
v 0.064564 1.914101 -0.053430
v 0.069787 1.901759 -0.058374
v 0.027960 1.767115 -0.116819
v 0.014421 1.795088 -0.137517
v 0.009637 1.791063 -0.133543
v 0.087155 1.810804 -0.014726
v 0.079545 1.842180 -0.024107
v 0.078404 1.843753 -0.022758
v 0.080751 1.824382 -0.027403
v 0.082723 1.826500 -0.030237
v 0.090938 1.833749 -0.013777
v 0.091519 1.830653 -0.012305
v 0.084526 1.830824 -0.003309
v 0.088592 1.832483 0.001106
v 0.089049 1.846397 -0.004200
v 0.077027 1.787991 -0.023631
v 0.076403 1.790188 -0.019651
v 0.089779 1.835453 -0.016540
v 0.048971 1.843076 -0.108709
v 0.047540 1.846338 -0.112721
v 0.049138 1.846865 -0.112813
v 0.072214 1.792753 -0.038309
v 0.072569 1.798966 -0.041156
v 0.078445 1.828269 -0.036584
v 0.082666 1.848230 -0.025388
v 0.082336 1.804721 -0.024502
v 0.082587 1.804248 -0.028082
v 0.048385 1.841764 -0.107947
v 0.049696 1.840428 -0.106026
v 0.046722 1.845909 -0.112451
v 0.046565 1.845412 -0.112607
v 0.078811 1.807480 -0.033114
v 0.025797 1.763797 -0.120029
v 0.075129 1.807605 -0.028102
v 0.016797 1.863141 -0.132545
v 0.010425 1.857495 -0.131422
v 0.006336 1.858648 -0.132946
v 0.011736 1.868026 -0.132812
v 0.026091 1.847576 -0.100790
v 0.021020 1.844389 -0.097608
v 0.022094 1.842762 -0.117811
v 0.027102 1.845975 -0.119745
v 0.013730 1.842460 -0.118531
v 0.013253 1.838967 -0.119654
v 0.010665 1.846610 -0.123347
v 0.047679 1.840909 -0.107738
v 0.043299 1.835652 -0.114416
v 0.043005 1.836792 -0.114733
v 0.046663 1.841319 -0.108732
v 0.019491 1.841416 -0.097221
v 0.019397 1.840272 -0.096774
v 0.019037 1.839474 -0.115481
v 0.019412 1.840691 -0.115999
v 0.021537 1.838629 -0.116209
v 0.021641 1.838537 -0.094815
v 0.030448 1.834840 -0.098840
v 0.031097 1.835213 -0.118944
v 0.024245 1.767635 -0.123334
v 0.021303 1.755324 -0.126095
v 0.017558 1.774570 -0.131777
v 0.022858 1.771061 -0.127296
v 0.023406 1.769437 -0.125486
v 0.018074 1.773089 -0.131338
v 0.084180 1.809021 -0.019156
v 0.086931 1.806820 -0.018495
v 0.078873 1.808344 -0.029758
v 0.083990 1.828075 -0.023560
v 0.090561 1.838349 -0.016048
v 0.091182 1.830070 -0.007832
v 0.091961 1.831628 -0.004374
v 0.092292 1.832715 -0.011038
v 0.091696 1.836439 -0.012896
v 0.091563 1.836444 -0.006864
v 0.091857 1.843653 -0.014249
v 0.043865 1.848662 -0.116445
v 0.038331 1.850495 -0.119358
v 0.038213 1.851073 -0.120506
v 0.044537 1.849159 -0.117169
v 0.053300 1.851637 -0.110635
v 0.053156 1.845193 -0.104854
v 0.018290 1.838942 -0.116023
v 0.017415 1.841458 -0.116512
v 0.017111 1.845299 -0.117748
v 0.018648 1.844973 -0.116826
v 0.016680 1.841289 -0.116561
v 0.015201 1.841668 -0.117554
v 0.073855 1.816344 -0.042760
v 0.072150 1.816881 -0.049930
v 0.074562 1.834496 -0.044147
v 0.075869 1.698943 0.025248
v 0.078191 1.687427 0.009523
v 0.069211 1.716387 0.000173
v 0.067287 1.727076 0.012422
v 0.029247 1.766523 -0.118728
v 0.091063 1.819574 -0.006448
v 0.089943 1.819137 -0.004229
v 0.087032 1.808585 -0.009121
v 0.087723 1.810101 -0.012659
v 0.081490 1.827131 -0.034715
v 0.079580 1.811779 -0.031578
v 0.079434 1.807884 -0.031786
v 0.093037 1.831933 -0.002957
v 0.091484 1.832862 -0.000728
v 0.087570 1.820783 -0.001788
v 0.084035 1.821518 -0.003117
v 0.082777 1.814176 -0.005279
v 0.084927 1.810958 -0.006422
v 0.087067 1.803775 -0.016212
v 0.085219 1.799719 -0.011722
v 0.082903 1.790950 -0.018241
v 0.081796 1.789758 -0.025090
v 0.082462 1.827972 -0.033382
v 0.080529 1.815998 -0.031577
v 0.058072 1.859578 -0.108607
v 0.048069 1.865357 -0.119622
v 0.045188 1.869912 -0.119525
v 0.057936 1.862583 -0.107359
v 0.046649 1.841824 -0.109065
v 0.020045 1.839241 -0.096654
v 0.019965 1.839246 -0.115646
v 0.000000 1.708041 -0.086297
v 0.000000 1.719458 -0.122118
v 0.000000 1.953835 -0.023196
v 0.000073 1.788902 0.048848
v 0.067213 1.782461 -0.060523
v 0.069686 1.787199 -0.045374
v 0.066067 1.772601 -0.057413
v 0.062934 1.705475 -0.022017
v 0.067402 1.709988 -0.011065
v 0.075843 1.682523 -0.001542
v 0.070909 1.676908 -0.012606
v 0.135869 1.633115 -0.016785
v 0.144680 1.636501 -0.000147
v 0.057843 1.730506 -0.031221
v 0.057121 1.699381 -0.032451
v 0.053091 1.723972 -0.042294
v 0.062313 1.733106 -0.020063
v 0.064808 1.738389 -0.009137
v 0.064141 1.764898 -0.054096
v 0.061542 1.757352 -0.050408
v 0.058968 1.753166 -0.064348
v 0.061378 1.759964 -0.069465
v 0.075981 1.869140 -0.055971
v 0.072469 1.852020 -0.061605
v 0.063602 1.854081 -0.087227
v 0.067583 1.870861 -0.079125
v 0.079325 1.867856 -0.011446
v 0.079768 1.869916 -0.032231
v 0.078494 1.885702 -0.024058
v 0.076311 1.882462 -0.001651
v 0.007412 1.696173 -0.070272
v 0.016167 1.697294 -0.068552
v 0.016880 1.678402 -0.057674
v 0.007914 1.675652 -0.059826
v 0.018533 1.649602 -0.051426
v 0.008381 1.646956 -0.053305
v 0.017928 1.605760 -0.074959
v 0.070399 1.793703 -0.006373
v 0.064973 1.783476 0.000800
v 0.069443 1.777017 -0.012037
v 0.072546 1.803303 -0.003016
v 0.065512 1.794564 0.004574
v 0.148350 1.639724 0.016723
v 0.143462 1.644001 0.040457
v 0.062689 1.766961 -0.073487
v 0.064114 1.778817 -0.075712
v 0.066210 1.769579 -0.038330
v 0.005494 1.727265 -0.125420
v 0.014076 1.728786 -0.122284
v 0.013595 1.720055 -0.118689
v 0.004789 1.719464 -0.121808
v 0.024236 1.733110 -0.115606
v 0.024079 1.724314 -0.112982
v 0.006316 1.736372 -0.125131
v 0.005406 1.714304 -0.112958
v 0.007122 1.712096 -0.101289
v 0.013691 1.821249 -0.130111
v 0.012540 1.830375 -0.125301
v 0.017359 1.826476 -0.121342
v 0.019523 1.816793 -0.124254
v 0.054179 1.786172 -0.108426
v 0.043485 1.788603 -0.119128
v 0.041673 1.798560 -0.120625
v 0.053256 1.796030 -0.112113
v 0.063053 1.798370 -0.095686
v 0.051789 1.808306 -0.113630
v 0.062371 1.836612 -0.089482
v 0.066240 1.836466 -0.082856
v 0.044005 1.779390 -0.116676
v 0.054358 1.777091 -0.105053
v 0.004116 1.830573 -0.141241
v 0.004333 1.818849 -0.148471
v 0.025207 1.903349 -0.117919
v 0.035522 1.901216 -0.113301
v 0.031731 1.888594 -0.119319
v 0.022314 1.889637 -0.123108
v 0.006844 1.708568 -0.085071
v 0.060786 1.776784 -0.089843
v 0.059002 1.764924 -0.087581
v 0.035616 1.731513 -0.102580
v 0.045098 1.739197 -0.094254
v 0.044645 1.733115 -0.086874
v 0.040199 1.723487 -0.070660
v 0.043386 1.729211 -0.080542
v 0.052110 1.739265 -0.071837
v 0.048275 1.731613 -0.062937
v 0.005326 1.810198 -0.154134
v 0.009508 1.816293 -0.142964
v 0.010921 1.808486 -0.148065
v 0.020673 1.807546 -0.125761
v 0.027359 1.803622 -0.122896
v 0.030384 1.764246 -0.117647
v 0.015508 1.793870 -0.133510
v 0.014573 1.791877 -0.131480
v 0.010501 1.787921 -0.133373
v 0.014249 1.790086 -0.129777
v 0.014933 1.788390 -0.129209
v 0.003711 1.791949 -0.143500
v 0.003561 1.790661 -0.139845
v 0.019572 1.790700 -0.126049
v 0.005948 1.800684 -0.157294
v 0.011754 1.802386 -0.149837
v 0.011231 1.798293 -0.148301
v 0.005923 1.796334 -0.154537
v 0.032291 1.748844 -0.114466
v 0.023401 1.742561 -0.118212
v 0.022799 1.749610 -0.122096
v 0.029228 1.756520 -0.118480
v 0.031288 1.773689 -0.122883
v 0.026600 1.775244 -0.125533
v 0.003992 1.788525 -0.137881
v 0.004851 1.784718 -0.136904
v 0.008891 1.825948 -0.136929
v 0.018568 1.804015 -0.134398
v 0.019134 1.801505 -0.134054
v 0.018599 1.803536 -0.135252
v 0.006342 1.788511 -0.136490
v 0.018264 1.796808 -0.131784
v 0.005917 1.780926 -0.136546
v 0.006821 1.776744 -0.137026
v 0.028351 1.783075 -0.124151
v 0.023527 1.784154 -0.125882
v 0.014966 1.749566 -0.127937
v 0.014349 1.745746 -0.125003
v 0.006115 1.744327 -0.126085
v 0.006174 1.748020 -0.129667
v 0.027623 1.767601 -0.120198
v 0.015807 1.806296 -0.138827
v 0.021875 1.752715 -0.124379
v 0.060861 1.850958 -0.094504
v 0.059037 1.849181 -0.098510
v 0.045448 1.884751 -0.111412
v 0.044857 1.873329 -0.117622
v 0.031945 1.876011 -0.124966
v 0.058142 1.878002 -0.098513
v 0.057467 1.866326 -0.104969
v 0.033105 1.872489 -0.126245
v 0.035745 1.867111 -0.126555
v 0.020322 1.856736 -0.126731
v 0.018849 1.860002 -0.130112
v 0.026720 1.862183 -0.128568
v 0.027656 1.858642 -0.125768
v 0.008705 1.834443 -0.130777
v 0.003748 1.838855 -0.135358
v 0.003545 1.843240 -0.132757
v 0.025052 1.813869 -0.121573
v 0.021652 1.823335 -0.119423
v 0.034756 1.819879 -0.116915
v 0.038624 1.810355 -0.119092
v 0.052354 1.830047 -0.103283
v 0.054075 1.838154 -0.098926
v 0.058406 1.836561 -0.094348
v 0.048897 1.861071 -0.118517
v 0.036499 1.862730 -0.124921
v 0.056387 1.855693 -0.109642
v 0.056467 1.847537 -0.101966
v 0.051795 1.839170 -0.102270
v 0.042656 1.845632 -0.116591
v 0.043638 1.848151 -0.116502
v 0.045382 1.843781 -0.112739
v 0.038365 1.847272 -0.119275
v 0.038353 1.849937 -0.119365
v 0.031703 1.850286 -0.119865
v 0.032750 1.847527 -0.120093
v 0.031448 1.850842 -0.119662
v 0.024949 1.848311 -0.119166
v 0.019559 1.844684 -0.117303
v 0.024089 1.848774 -0.118804
v 0.022736 1.849088 -0.120081
v 0.030907 1.851529 -0.120917
v 0.048801 1.838321 -0.106195
v 0.046818 1.841725 -0.090031
v 0.046835 1.842219 -0.090155
v 0.036653 1.857784 -0.123060
v 0.045359 1.850186 -0.117769
v 0.047724 1.856354 -0.117715
v 0.030760 1.828319 -0.117613
v 0.030968 1.831506 -0.118812
v 0.043846 1.833006 -0.113601
v 0.044573 1.829375 -0.112265
v 0.020773 1.835246 -0.117485
v 0.020383 1.831743 -0.117727
v 0.017627 1.838353 -0.116677
v 0.019140 1.837016 -0.116910
v 0.015792 1.837863 -0.117943
v 0.031166 1.834130 -0.119166
v 0.019662 1.838450 -0.115996
v 0.021385 1.837593 -0.116761
v 0.014462 1.851898 -0.124905
v 0.015734 1.846252 -0.118806
v 0.042390 1.836397 -0.094757
v 0.004419 1.853026 -0.131817
v 0.020734 1.828268 -0.118210
v 0.009770 1.849232 -0.126422
v 0.017780 1.765237 -0.123461
v 0.024809 1.766224 -0.119510
v 0.007277 1.770943 -0.136222
v 0.007194 1.774726 -0.137149
v 0.012398 1.771036 -0.134127
v 0.012187 1.767905 -0.132365
v 0.006915 1.768167 -0.134344
v 0.018086 1.770807 -0.130320
v 0.012215 1.774086 -0.135150
v 0.009869 1.776196 -0.136121
v 0.011731 1.765221 -0.129872
v 0.004764 1.765058 -0.132537
v 0.028620 1.766858 -0.119048
v 0.005690 1.755856 -0.134721
v 0.006199 1.753235 -0.134510
v 0.006258 1.751041 -0.133225
v 0.015389 1.752839 -0.130183
v 0.015029 1.754976 -0.131227
v 0.011114 1.765699 -0.127897
v 0.011124 1.763837 -0.124352
v 0.015768 1.766715 -0.123393
v 0.010948 1.767167 -0.125623
v 0.004410 1.765497 -0.130317
v 0.006197 1.767540 -0.126870
v 0.079643 1.821532 -0.002169
v 0.081070 1.829833 -0.001473
v 0.079095 1.832321 0.003037
v 0.077893 1.822966 0.002899
v 0.078847 1.852647 -0.038509
v 0.079256 1.852616 -0.018354
v 0.076549 1.806956 -0.007863
v 0.074650 1.800043 -0.010516
v 0.078367 1.814183 -0.004727
v 0.075128 1.812771 0.000820
v 0.078123 1.790471 -0.016674
v 0.077112 1.793812 -0.016570
v 0.092296 1.846897 -0.015492
v 0.091496 1.849923 -0.016715
v 0.073286 1.807852 -0.042687
v 0.087846 1.855367 -0.023671
v 0.090620 1.853227 -0.026273
v 0.084261 1.848561 -0.029600
v 0.085866 1.854772 -0.021101
v 0.087780 1.854966 -0.013963
v 0.090429 1.854988 -0.014715
v 0.091831 1.846494 -0.005207
v 0.094021 1.843684 -0.008270
v 0.090052 1.849109 -0.026337
v 0.084462 1.841317 -0.007805
v 0.081088 1.839852 -0.005146
v 0.083435 1.844757 -0.014739
v 0.080680 1.843775 -0.012987
v 0.015814 1.919608 -0.110447
v 0.014358 1.904740 -0.120167
v 0.012238 1.889009 -0.125286
v 0.021958 1.876179 -0.128961
v 0.004369 1.792926 -0.148157
v 0.005829 1.805135 -0.156541
v 0.011618 1.873824 -0.131365
v 0.003700 1.847511 -0.131705
v 0.027486 1.916246 -0.109047
v 0.022967 1.872220 -0.130539
v 0.025823 1.866001 -0.130831
v 0.030109 1.852420 -0.121813
v 0.021700 1.850364 -0.121158
v 0.031897 1.849408 -0.101276
v 0.038137 1.912123 -0.104504
v 0.041207 1.924850 -0.085819
v 0.038013 1.852118 -0.121472
v 0.048322 1.896062 -0.104380
v 0.037844 1.849125 -0.100822
v 0.060277 1.891470 -0.089829
v 0.044297 1.845522 -0.094283
v 0.041949 1.847440 -0.097887
v 0.013532 1.854755 -0.128181
v 0.067457 1.770486 -0.024435
v 0.080747 1.849448 -0.006922
v 0.078125 1.861142 0.005805
v 0.075842 1.836283 0.016163
v 0.073713 1.821767 0.014533
v 0.080268 1.842472 0.000134
v 0.076735 1.850194 0.014033
v 0.069502 1.808190 0.010653
v 0.014367 1.709587 -0.083172
v 0.028471 1.714724 -0.077262
v 0.053854 1.744462 -0.078858
v 0.070577 1.887053 -0.069758
v 0.016437 1.936328 -0.090021
v 0.029753 1.931861 -0.088924
v 0.054475 1.750300 -0.086938
v 0.008588 1.780749 -0.136178
v 0.021231 1.778182 -0.129466
v 0.007467 1.784659 -0.136117
v 0.012254 1.783899 -0.133465
v 0.014661 1.779659 -0.133372
v 0.035679 1.772514 -0.120448
v 0.034996 1.766122 -0.117930
v 0.071965 1.787063 -0.019109
v 0.070407 1.796056 -0.047904
v 0.071140 1.804886 -0.049437
v 0.071181 1.835429 -0.063835
v 0.070215 1.818205 -0.065449
v 0.050152 1.834102 -0.104283
v 0.068588 1.804510 -0.063892
v 0.067868 1.793255 -0.062129
v 0.014790 1.811888 -0.134318
v 0.018114 1.797948 -0.135295
v 0.016556 1.798949 -0.140114
v 0.033960 1.781792 -0.122181
v 0.052744 1.766519 -0.102977
v 0.043733 1.769590 -0.114430
v 0.049677 1.756792 -0.102332
v 0.062114 1.787660 -0.092342
v 0.034594 1.739772 -0.108353
v 0.043258 1.747442 -0.104270
v 0.048358 1.819711 -0.111954
v 0.045773 1.825078 -0.111751
v 0.042220 1.761908 -0.113535
v 0.038036 1.755488 -0.113453
v 0.014172 1.738328 -0.122228
v 0.032573 1.824779 -0.116798
v 0.011561 1.805326 -0.149483
v 0.066222 1.802499 -0.079224
v 0.064899 1.790412 -0.077211
v 0.007848 1.851653 -0.129620
v 0.017950 1.783992 -0.129431
v 0.021044 1.766807 -0.120418
v 0.046089 1.660858 -0.041761
v 0.056427 1.666643 -0.033297
v 0.104830 1.626963 -0.044107
v 0.083349 1.624405 -0.054558
v 0.040810 1.685636 -0.048991
v 0.050002 1.692803 -0.041393
v 0.047362 1.714326 -0.051310
v 0.038768 1.706703 -0.058697
v 0.032824 1.761721 -0.116753
v 0.053316 1.739835 -0.052032
v 0.056753 1.747332 -0.059561
v 0.063526 1.671823 -0.023707
v 0.121233 1.629668 -0.032548
v 0.058948 1.751723 -0.044868
v 0.056986 1.744474 -0.037594
v 0.060961 1.746667 -0.026377
v 0.063631 1.751003 0.000771
v 0.067943 1.707422 0.044171
v 0.127103 1.648861 0.068607
v 0.061002 1.620387 -0.063332
v 0.031538 1.655524 -0.047508
v 0.027020 1.702505 -0.064015
v 0.028838 1.681049 -0.054396
v 0.027172 1.760541 -0.119304
v 0.036802 1.611707 -0.071062
v 0.078249 1.885662 -0.046979
v 0.053785 1.746581 0.035880
v 0.060328 1.712193 0.055331
v 0.061443 1.738964 0.025031
v 0.115490 1.651361 0.083261
v 0.059087 1.769099 0.011343
v 0.015999 1.948952 -0.060972
v 0.030340 1.942944 -0.060451
v 0.016194 1.947115 0.015236
v 0.014470 1.930080 0.048078
v 0.030113 1.928069 0.044809
v 0.031865 1.943808 0.011801
v 0.015163 1.907286 0.064309
v 0.028188 1.905111 0.060915
v 0.031297 1.947714 -0.025371
v 0.016132 1.952104 -0.023493
v 0.014618 1.884325 0.072140
v 0.027067 1.881685 0.068663
v 0.013409 1.856910 0.075611
v 0.026270 1.854667 0.071442
v 0.024790 1.829659 0.068143
v 0.012705 1.831913 0.072639
v 0.011402 1.805146 0.057816
v 0.022391 1.804748 0.056949
v 0.010820 1.761199 0.057161
v 0.012004 1.721315 0.083008
v 0.024275 1.719969 0.080945
v 0.022461 1.757241 0.057870
v 0.022519 1.657136 0.117760
v 0.045040 1.656952 0.116647
v 0.011214 1.787430 0.051121
v 0.022360 1.783481 0.051905
v 0.043309 1.935020 -0.058862
v 0.055079 1.925271 -0.055947
v 0.054410 1.916064 0.030110
v 0.043114 1.922641 0.037798
v 0.042157 1.901141 0.054328
v 0.053376 1.895899 0.045969
v 0.054889 1.928113 0.002315
v 0.043440 1.937329 0.007237
v 0.057388 1.929395 -0.026606
v 0.045196 1.939476 -0.026338
v 0.052004 1.873987 0.054589
v 0.040686 1.878126 0.062327
v 0.039190 1.852018 0.065381
v 0.050364 1.849750 0.058031
v 0.046616 1.825467 0.054951
v 0.037059 1.827252 0.061606
v 0.034527 1.802533 0.050787
v 0.045971 1.801051 0.042524
v 0.034040 1.780184 0.047861
v 0.049106 1.716578 0.068703
v 0.045198 1.750650 0.047242
v 0.034244 1.753391 0.055054
v 0.037020 1.717780 0.076538
v 0.069411 1.656143 0.111699
v 0.064611 1.915847 -0.003740
v 0.063888 1.907825 0.021586
v 0.071232 1.896133 0.009743
v 0.072390 1.901169 -0.013330
v 0.074847 1.901468 -0.036011
v 0.067459 1.916940 -0.028300
v 0.061036 1.869197 0.045919
v 0.062639 1.889708 0.037167
v 0.054511 1.823273 0.043158
v 0.059469 1.846011 0.046795
v 0.053298 1.801107 0.034114
v 0.075045 1.871578 0.016023
v 0.062385 1.821637 0.032808
v 0.068159 1.821675 0.023335
v 0.072468 1.839144 0.026109
v 0.066626 1.842595 0.037494
v 0.073052 1.855864 0.024961
v 0.067967 1.863528 0.036585
v 0.069750 1.881721 0.027321
v 0.059187 1.789385 0.012135
v 0.063670 1.805312 0.017359
v 0.058109 1.802600 0.025697
v 0.094072 1.845064 -0.007164
v 0.092636 1.852423 -0.016200
v 0.091873 1.850609 -0.026465
v 0.092830 1.850236 -0.016563
v 0.093370 1.654512 0.101884
v 0.027315 1.766039 -0.118409
v 0.025071 1.765726 -0.120339
v 0.025120 1.766013 -0.120009
v 0.025153 1.765439 -0.120351
v 0.018662 1.763304 -0.125516
v 0.018330 1.764039 -0.124984
v 0.019592 1.760949 -0.126519
v 0.013242 1.760021 -0.131604
v 0.005296 1.758775 -0.134370
v 0.004779 1.763389 -0.133161
v 0.012085 1.763535 -0.130598
v 0.024809 1.765744 -0.119510
v 0.004410 1.765017 -0.130317
v 0.004764 1.764579 -0.132537
v 0.011731 1.764742 -0.129872
v 0.011114 1.765219 -0.127897
v 0.017780 1.764758 -0.123461
v 0.026967 1.766321 -0.118110
v 0.027298 1.766392 -0.119016
v 0.027401 1.766115 -0.118901
v 0.028330 1.764760 -0.116775
v 0.014248 1.757461 -0.131557
v 0.024623 1.764435 -0.118534
v 0.004246 1.763504 -0.126359
v 0.017682 1.763604 -0.121701
v 0.000000 1.795418 -0.156986
v 0.000000 1.873295 -0.131498
v 0.000000 1.764525 -0.132502
v 0.000000 1.950247 -0.060443
v 0.000000 1.832811 0.075058
v 0.000000 1.727010 -0.126034
v 0.000000 1.832067 -0.141845
v 0.000000 1.711669 -0.101954
v 0.000000 1.696419 -0.070607
v 0.000000 1.790478 -0.145386
v 0.000000 1.858594 -0.133278
v 0.000000 1.773022 -0.137946
v -0.000000 1.761985 0.056270
v 0.000000 1.758176 -0.134755
v 0.000000 1.735699 -0.126025
v 0.000000 1.784106 -0.136909
v 0.000000 1.780134 -0.135864
v 0.000000 1.905114 -0.121418
v 0.000000 1.866902 -0.133177
v 0.000000 1.848213 -0.132431
v 0.000000 1.765169 -0.130789
v -0.000000 1.907213 0.064693
v -0.000000 1.885183 0.073254
v 0.000000 1.921541 -0.110837
v 0.000000 1.791995 -0.151482
v 0.000000 1.840020 -0.136019
v -0.024705 1.754970 -0.117130
v -0.013765 1.715219 -0.110891
v -0.022954 1.718743 -0.106287
v -0.016937 1.714174 -0.099942
v -0.064633 1.823889 -0.092831
v -0.069567 1.818860 -0.084005
v -0.063754 1.811112 -0.100091
v -0.057843 1.824408 -0.102190
v -0.008416 1.838930 -0.127868
v -0.008097 1.843640 -0.126775
v -0.009195 1.842139 -0.124600
v -0.017033 1.835322 -0.118315
v -0.016764 1.831427 -0.119580
v -0.012314 1.835256 -0.122603
v -0.028471 1.766585 -0.118926
v -0.027624 1.766943 -0.119518
v -0.027895 1.768268 -0.120565
v -0.031990 1.766966 -0.118936
v -0.029304 1.766810 -0.118915
v -0.073884 1.800140 -0.035545
v -0.074052 1.791451 -0.029351
v -0.072069 1.788750 -0.030111
v -0.077870 1.799869 -0.029351
v -0.079288 1.793199 -0.029825
v -0.075635 1.800519 -0.033626
v -0.080516 1.828695 -0.029482
v -0.081863 1.834814 -0.029921
v -0.080945 1.830748 -0.026278
v -0.082210 1.840523 -0.029276
v -0.085805 1.847044 -0.023841
v -0.085994 1.843648 -0.021883
v -0.078797 1.801446 -0.009601
v -0.076185 1.807614 -0.008706
v -0.073953 1.801440 -0.011593
v -0.087714 1.828073 -0.010132
v -0.085978 1.822248 -0.007871
v -0.085137 1.820684 -0.010336
v -0.083992 1.821239 -0.011669
v -0.080098 1.824321 -0.016861
v -0.086989 1.826806 -0.011512
v -0.080865 1.812165 -0.015990
v -0.075013 1.805435 -0.035364
v -0.074425 1.809289 -0.038000
v -0.075277 1.816678 -0.037924
v -0.076298 1.816991 -0.036339
v -0.075499 1.810905 -0.036225
v -0.074250 1.814761 -0.028246
v -0.076785 1.812203 -0.029312
v -0.077712 1.816243 -0.029230
v -0.087197 1.840616 -0.010875
v -0.087055 1.838765 -0.011769
v -0.086263 1.842000 -0.015167
v -0.082845 1.841094 -0.023829
v -0.031561 1.720465 -0.089655
v -0.068566 1.780349 -0.031182
v -0.066934 1.777601 -0.041372
v -0.069315 1.784279 -0.033424
v -0.006159 1.846408 -0.129680
v -0.018330 1.764518 -0.124984
v -0.017403 1.767834 -0.128595
v -0.025120 1.766492 -0.120009
v -0.062416 1.761936 -0.034997
v -0.064189 1.758412 -0.019584
v -0.060274 1.754687 -0.031616
v -0.063513 1.750442 -0.015773
v -0.063428 1.763632 -0.006921
v -0.025400 1.764553 -0.120309
v -0.020747 1.757189 -0.126678
v -0.020095 1.759300 -0.126519
v -0.034235 1.725431 -0.096784
v -0.044291 1.778949 0.037374
v -0.050926 1.774207 0.025597
v -0.049523 1.785228 0.028905
v -0.058337 1.902028 -0.079228
v -0.049488 1.905110 -0.094747
v -0.050926 1.914842 -0.080588
v -0.077006 1.836110 -0.034194
v -0.073876 1.833455 -0.036868
v -0.074264 1.837876 -0.029686
v -0.080644 1.796953 -0.026153
v -0.082693 1.801864 -0.024002
v -0.082747 1.798283 -0.020800
v -0.071516 1.790062 -0.019210
v -0.084062 1.844890 -0.031602
v -0.081305 1.833376 -0.032581
v -0.080445 1.837128 -0.034546
v -0.082826 1.846780 -0.031980
v -0.088019 1.843531 -0.008364
v -0.087033 1.837801 -0.005588
v -0.083537 1.843321 -0.030623
v -0.082328 1.837679 -0.030609
v -0.082565 1.838684 -0.026990
v -0.081129 1.834149 -0.027772
v -0.052613 1.786276 0.020157
v -0.024249 1.792279 -0.123619
v -0.022543 1.801705 -0.124464
v -0.031040 1.791762 -0.122664
v -0.018660 1.793595 -0.127147
v -0.020329 1.800735 -0.128972
v -0.005792 1.792522 -0.140835
v -0.009813 1.792829 -0.137501
v -0.006779 1.791354 -0.137170
v -0.008442 1.794533 -0.144006
v -0.016645 1.802896 -0.141607
v -0.016397 1.804930 -0.139796
v -0.018266 1.802287 -0.137530
v -0.061425 1.912204 -0.053397
v -0.066008 1.900099 -0.058320
v -0.027960 1.767115 -0.116819
v -0.014421 1.795087 -0.137517
v -0.009636 1.791063 -0.133543
v -0.083240 1.810804 -0.014465
v -0.075802 1.842180 -0.023851
v -0.074581 1.843753 -0.022504
v -0.077788 1.824382 -0.027145
v -0.079893 1.826500 -0.029982
v -0.086469 1.833749 -0.013498
v -0.086981 1.830653 -0.012025
v -0.079677 1.830824 -0.003031
v -0.083583 1.832483 0.001382
v -0.084230 1.846393 -0.003934
v -0.074464 1.787990 -0.023440
v -0.073536 1.790188 -0.019451
v -0.085500 1.835453 -0.016264
v -0.049468 1.843076 -0.108699
v -0.047864 1.846337 -0.112717
v -0.049474 1.846866 -0.112809
v -0.071115 1.792752 -0.038132
v -0.072117 1.798966 -0.040970
v -0.076282 1.828268 -0.036345
v -0.078748 1.848226 -0.025140
v -0.079457 1.804721 -0.024266
v -0.080097 1.804247 -0.027852
v -0.048916 1.841764 -0.107937
v -0.050323 1.840429 -0.106012
v -0.047047 1.845909 -0.112447
v -0.046894 1.845412 -0.112603
v -0.077119 1.807480 -0.032889
v -0.025797 1.763797 -0.120029
v -0.072844 1.807605 -0.027871
v -0.016797 1.863141 -0.132545
v -0.010425 1.857495 -0.131422
v -0.006335 1.858647 -0.132946
v -0.011736 1.868026 -0.132812
v -0.026177 1.847576 -0.100786
v -0.021075 1.844389 -0.097604
v -0.022094 1.842762 -0.117812
v -0.027101 1.845975 -0.119745
v -0.013730 1.842460 -0.118531
v -0.013253 1.838967 -0.119654
v -0.010664 1.846610 -0.123347
v -0.048220 1.840909 -0.107727
v -0.043682 1.835652 -0.114414
v -0.043358 1.836792 -0.114731
v -0.047154 1.841319 -0.108724
v -0.019551 1.841416 -0.097217
v -0.019466 1.840272 -0.096770
v -0.019036 1.839474 -0.115481
v -0.019412 1.840690 -0.115999
v -0.021537 1.838629 -0.116209
v -0.021765 1.838537 -0.094808
v -0.030812 1.834840 -0.098829
v -0.031157 1.835213 -0.118945
v -0.024244 1.767634 -0.123334
v -0.021302 1.755324 -0.126095
v -0.017558 1.774570 -0.131777
v -0.022857 1.771061 -0.127296
v -0.023405 1.769437 -0.125487
v -0.018074 1.773089 -0.131338
v -0.080708 1.809021 -0.018903
v -0.083396 1.806820 -0.018246
v -0.076704 1.808344 -0.029524
v -0.080485 1.828074 -0.023294
v -0.086212 1.838349 -0.015774
v -0.086414 1.830070 -0.007551
v -0.087039 1.831627 -0.004093
v -0.087651 1.832715 -0.010758
v -0.087145 1.836439 -0.012618
v -0.086719 1.836444 -0.006585
v -0.087352 1.843653 -0.013979
v -0.044028 1.848662 -0.116444
v -0.038367 1.850495 -0.119358
v -0.038233 1.851073 -0.120506
v -0.044689 1.849159 -0.117169
v -0.053591 1.851637 -0.110628
v -0.053715 1.845193 -0.104837
v -0.018289 1.838942 -0.116023
v -0.017414 1.841458 -0.116512
v -0.017110 1.845298 -0.117748
v -0.018648 1.844973 -0.116826
v -0.016680 1.841289 -0.116561
v -0.015201 1.841668 -0.117554
v -0.073391 1.816343 -0.042547
v -0.072644 1.816880 -0.049737
v -0.072627 1.834496 -0.043932
v -0.075869 1.698943 0.025248
v -0.078191 1.687427 0.009523
v -0.069151 1.716387 0.000176
v -0.067041 1.727076 0.012435
v -0.029247 1.766523 -0.118728
v -0.086396 1.819574 -0.006173
v -0.085208 1.819137 -0.003955
v -0.082826 1.808585 -0.008863
v -0.083674 1.810101 -0.012399
v -0.079118 1.827131 -0.034470
v -0.077582 1.811780 -0.031342
v -0.077531 1.807883 -0.031557
v -0.088065 1.831933 -0.002678
v -0.086474 1.832862 -0.000450
v -0.082755 1.820782 -0.001514
v -0.079306 1.821518 -0.002843
v -0.078316 1.814176 -0.005014
v -0.080559 1.810958 -0.006160
v -0.083432 1.803775 -0.015967
v -0.081441 1.799719 -0.011485
v -0.079801 1.790951 -0.018032
v -0.079218 1.789758 -0.024892
v -0.079876 1.827972 -0.033134
v -0.078375 1.815998 -0.031335
v -0.058079 1.859578 -0.108597
v -0.048041 1.865357 -0.119623
v -0.045142 1.869912 -0.119525
v -0.057795 1.862583 -0.107349
v -0.047123 1.841824 -0.109057
v -0.020132 1.839241 -0.096649
v -0.019965 1.839246 -0.115647
v 0.000000 1.646021 -0.054025
v 0.000000 1.800304 -0.158870
v 0.000078 1.804592 0.056886
v -0.067641 1.782461 -0.060424
v -0.069170 1.787199 -0.045228
v -0.065817 1.772601 -0.057331
v -0.062934 1.705475 -0.022017
v -0.067400 1.709989 -0.011065
v -0.075843 1.682523 -0.001542
v -0.070909 1.676908 -0.012607
v -0.135869 1.633115 -0.016786
v -0.144680 1.636501 -0.000147
v -0.057596 1.730506 -0.031208
v -0.057121 1.699381 -0.032452
v -0.053056 1.723972 -0.042292
v -0.061878 1.733106 -0.020039
v -0.064107 1.738389 -0.009100
v -0.063610 1.764898 -0.054028
v -0.060848 1.757352 -0.050355
v -0.058679 1.753166 -0.064322
v -0.061277 1.759964 -0.069434
v -0.072305 1.868516 -0.055835
v -0.069813 1.852002 -0.061459
v -0.062906 1.854081 -0.087167
v -0.065482 1.870453 -0.079060
v -0.074899 1.866913 -0.011232
v -0.075412 1.869125 -0.032042
v -0.074216 1.884311 -0.023905
v -0.072764 1.880494 -0.001492
v -0.007412 1.696172 -0.070272
v -0.016167 1.697293 -0.068552
v -0.016880 1.678402 -0.057674
v -0.007914 1.675652 -0.059826
v -0.018533 1.649602 -0.051426
v -0.008381 1.646956 -0.053306
v -0.017928 1.605760 -0.074959
v -0.066867 1.793703 -0.006167
v -0.061886 1.783476 0.000966
v -0.066723 1.777017 -0.011882
v -0.068534 1.803303 -0.002784
v -0.061911 1.794564 0.004768
v -0.148350 1.639724 0.016723
v -0.143462 1.644001 0.040457
v -0.062849 1.766962 -0.073449
v -0.064775 1.778817 -0.075657
v -0.064919 1.769580 -0.038223
v -0.005494 1.727265 -0.125420
v -0.014075 1.728786 -0.122284
v -0.013594 1.720056 -0.118690
v -0.004789 1.719464 -0.121808
v -0.024236 1.733110 -0.115606
v -0.024078 1.724314 -0.112982
v -0.006315 1.736371 -0.125131
v -0.005406 1.714304 -0.112958
v -0.007122 1.712096 -0.101289
v -0.013691 1.821249 -0.130112
v -0.012539 1.830375 -0.125301
v -0.017358 1.826476 -0.121342
v -0.019522 1.816793 -0.124254
v -0.054730 1.786173 -0.108423
v -0.043607 1.788603 -0.119128
v -0.041840 1.798560 -0.120625
v -0.053891 1.796030 -0.112110
v -0.064562 1.798370 -0.095652
v -0.052503 1.808306 -0.113625
v -0.063186 1.836613 -0.089419
v -0.066867 1.836466 -0.082770
v -0.044069 1.779390 -0.116676
v -0.054755 1.777092 -0.105051
v -0.004115 1.830573 -0.141241
v -0.004333 1.818849 -0.148471
v -0.025183 1.903102 -0.117919
v -0.035291 1.900837 -0.113301
v -0.031687 1.888499 -0.119319
v -0.022313 1.889604 -0.123108
v -0.006843 1.708568 -0.085071
v -0.061432 1.776784 -0.089820
v -0.059255 1.764924 -0.087568
v -0.035615 1.731513 -0.102581
v -0.045098 1.739197 -0.094254
v -0.044645 1.733115 -0.086874
v -0.040199 1.723487 -0.070661
v -0.043386 1.729211 -0.080542
v -0.052074 1.739265 -0.071836
v -0.048265 1.731613 -0.062937
v -0.005325 1.810198 -0.154134
v -0.009507 1.816294 -0.142964
v -0.010920 1.808486 -0.148065
v -0.020672 1.807546 -0.125761
v -0.027361 1.803622 -0.122896
v -0.030383 1.764247 -0.117647
v -0.015507 1.793871 -0.133510
v -0.014572 1.791877 -0.131480
v -0.010501 1.787921 -0.133373
v -0.014248 1.790086 -0.129777
v -0.014933 1.788389 -0.129209
v -0.003710 1.791949 -0.143500
v -0.003561 1.790661 -0.139845
v -0.019572 1.790700 -0.126049
v -0.005948 1.800684 -0.157294
v -0.011754 1.802386 -0.149837
v -0.011231 1.798293 -0.148301
v -0.005922 1.796334 -0.154537
v -0.032291 1.748844 -0.114466
v -0.023401 1.742560 -0.118213
v -0.022798 1.749610 -0.122096
v -0.029228 1.756520 -0.118480
v -0.031288 1.773689 -0.122883
v -0.026600 1.775243 -0.125533
v -0.003992 1.788525 -0.137881
v -0.004850 1.784718 -0.136904
v -0.008891 1.825948 -0.136929
v -0.018568 1.804015 -0.134398
v -0.019133 1.801505 -0.134054
v -0.018598 1.803535 -0.135252
v -0.006342 1.788511 -0.136490
v -0.018263 1.796808 -0.131784
v -0.005916 1.780925 -0.136546
v -0.006820 1.776744 -0.137026
v -0.028350 1.783075 -0.124151
v -0.023526 1.784154 -0.125882
v -0.014966 1.749566 -0.127937
v -0.014348 1.745746 -0.125003
v -0.006115 1.744326 -0.126085
v -0.006174 1.748020 -0.129667
v -0.027623 1.767601 -0.120198
v -0.015806 1.806296 -0.138827
v -0.021874 1.752715 -0.124379
v -0.060881 1.850958 -0.094463
v -0.059361 1.849181 -0.098478
v -0.045072 1.884565 -0.111412
v -0.044759 1.873329 -0.117622
v -0.031944 1.876011 -0.124966
v -0.057033 1.877724 -0.098500
v -0.057104 1.866326 -0.104958
v -0.033104 1.872489 -0.126245
v -0.035745 1.867111 -0.126555
v -0.020321 1.856736 -0.126731
v -0.018848 1.860002 -0.130112
v -0.026720 1.862183 -0.128568
v -0.027655 1.858642 -0.125769
v -0.008705 1.834443 -0.130777
v -0.003747 1.838855 -0.135358
v -0.003545 1.843240 -0.132757
v -0.025057 1.813869 -0.121573
v -0.021654 1.823336 -0.119423
v -0.034988 1.819878 -0.116916
v -0.038861 1.810355 -0.119092
v -0.053322 1.830047 -0.103261
v -0.054880 1.838154 -0.098895
v -0.059285 1.836561 -0.094302
v -0.048913 1.861071 -0.118517
v -0.036499 1.862729 -0.124921
v -0.056555 1.855693 -0.109634
v -0.056961 1.847536 -0.101942
v -0.052558 1.839170 -0.102248
v -0.042841 1.845632 -0.116591
v -0.043804 1.848151 -0.116501
v -0.045718 1.843781 -0.112736
v -0.038427 1.847272 -0.119276
v -0.038393 1.849937 -0.119365
v -0.031703 1.850286 -0.119865
v -0.032759 1.847527 -0.120094
v -0.031448 1.850841 -0.119662
v -0.024949 1.848311 -0.119167
v -0.019559 1.844684 -0.117303
v -0.024089 1.848774 -0.118804
v -0.022736 1.849088 -0.120081
v -0.030906 1.851528 -0.120917
v -0.049454 1.838320 -0.106181
v -0.047251 1.841725 -0.089989
v -0.047248 1.842219 -0.090113
v -0.036652 1.857784 -0.123060
v -0.045496 1.850186 -0.117768
v -0.047804 1.856355 -0.117715
v -0.030869 1.828319 -0.117613
v -0.031045 1.831505 -0.118812
v -0.044296 1.833006 -0.113597
v -0.045122 1.829375 -0.112260
v -0.020773 1.835246 -0.117485
v -0.020382 1.831743 -0.117727
v -0.017627 1.838353 -0.116677
v -0.019140 1.837016 -0.116910
v -0.015792 1.837863 -0.117943
v -0.031228 1.834129 -0.119166
v -0.019662 1.838450 -0.115996
v -0.021385 1.837593 -0.116761
v -0.014462 1.851898 -0.124905
v -0.015733 1.846252 -0.118806
v -0.043088 1.836397 -0.094728
v -0.004419 1.853026 -0.131817
v -0.020734 1.828268 -0.118210
v -0.009769 1.849232 -0.126422
v -0.017780 1.765237 -0.123461
v -0.024809 1.766223 -0.119511
v -0.007277 1.770943 -0.136222
v -0.007194 1.774726 -0.137149
v -0.012398 1.771035 -0.134127
v -0.012187 1.767905 -0.132365
v -0.006914 1.768167 -0.134344
v -0.018086 1.770808 -0.130320
v -0.012214 1.774086 -0.135150
v -0.009869 1.776197 -0.136121
v -0.011730 1.765221 -0.129872
v -0.004764 1.765058 -0.132537
v -0.028620 1.766858 -0.119048
v -0.005690 1.755856 -0.134721
v -0.006198 1.753235 -0.134510
v -0.006258 1.751041 -0.133225
v -0.015388 1.752840 -0.130184
v -0.015028 1.754977 -0.131227
v -0.011113 1.765699 -0.127897
v -0.011124 1.763837 -0.124352
v -0.015768 1.766715 -0.123393
v -0.010948 1.767167 -0.125623
v -0.004410 1.765497 -0.130317
v -0.006196 1.767540 -0.126870
v -0.074975 1.821531 -0.001900
v -0.076244 1.829833 -0.001199
v -0.074230 1.832320 0.003304
v -0.073133 1.822966 0.003163
v -0.075091 1.852562 -0.038295
v -0.074980 1.852469 -0.018108
v -0.072536 1.806956 -0.007617
v -0.071011 1.800043 -0.010287
v -0.073978 1.814183 -0.004467
v -0.070678 1.812771 0.001070
v -0.075026 1.790471 -0.016470
v -0.073945 1.793812 -0.016357
v -0.087823 1.846897 -0.015228
v -0.087053 1.849922 -0.016457
v -0.073135 1.807852 -0.042486
v -0.083609 1.855296 -0.023431
v -0.086544 1.853215 -0.026032
v -0.080445 1.848559 -0.029358
v -0.081557 1.854682 -0.020857
v -0.083232 1.854840 -0.013713
v -0.085888 1.854906 -0.014466
v -0.087013 1.846494 -0.004939
v -0.089243 1.843684 -0.007999
v -0.086092 1.849109 -0.026089
v -0.079768 1.841316 -0.007532
v -0.076357 1.839852 -0.004875
v -0.079061 1.844757 -0.014474
v -0.076285 1.843772 -0.012722
v -0.015811 1.919355 -0.110447
v -0.014358 1.904597 -0.120167
v -0.012238 1.889008 -0.125286
v -0.021958 1.876179 -0.128961
v -0.004368 1.792926 -0.148157
v -0.005828 1.805135 -0.156541
v -0.011618 1.873824 -0.131365
v -0.003700 1.847511 -0.131705
v -0.027340 1.915791 -0.109047
v -0.022966 1.872220 -0.130539
v -0.025822 1.866001 -0.130831
v -0.030108 1.852420 -0.121813
v -0.021699 1.850364 -0.121159
v -0.032039 1.849408 -0.101270
v -0.037622 1.911465 -0.104504
v -0.040166 1.923806 -0.085819
v -0.038021 1.852117 -0.121472
v -0.047533 1.895504 -0.104381
v -0.038072 1.849125 -0.100810
v -0.058349 1.890651 -0.089814
v -0.044703 1.845522 -0.094254
v -0.042282 1.847440 -0.097868
v -0.013532 1.854755 -0.128181
v -0.065449 1.770486 -0.024309
v -0.076133 1.849329 -0.006664
v -0.073940 1.860279 0.006028
v -0.071349 1.836283 0.016404
v -0.069241 1.821767 0.014773
v -0.075460 1.842461 0.000398
v -0.072419 1.849916 0.014266
v -0.065346 1.808190 0.010875
v -0.014367 1.709586 -0.083172
v -0.028471 1.714724 -0.077262
v -0.053812 1.744462 -0.078856
v -0.067148 1.885960 -0.069695
v -0.016372 1.936099 -0.090021
v -0.029318 1.931184 -0.088924
v -0.054465 1.750300 -0.086936
v -0.008587 1.780749 -0.136178
v -0.021230 1.778182 -0.129466
v -0.007466 1.784659 -0.136117
v -0.012254 1.783899 -0.133465
v -0.014661 1.779659 -0.133372
v -0.035679 1.772514 -0.120448
v -0.034996 1.766122 -0.117930
v -0.069219 1.787063 -0.018923
v -0.070777 1.796056 -0.047741
v -0.071988 1.804886 -0.049260
v -0.070753 1.835428 -0.063682
v -0.072249 1.818205 -0.065304
v -0.050967 1.834102 -0.104264
v -0.070962 1.804510 -0.063758
v -0.069476 1.793255 -0.062011
v -0.014789 1.811888 -0.134318
v -0.018114 1.797948 -0.135295
v -0.016556 1.798949 -0.140114
v -0.033960 1.781793 -0.122181
v -0.052900 1.766519 -0.102977
v -0.043738 1.769590 -0.114430
v -0.049681 1.756791 -0.102333
v -0.063175 1.787660 -0.092312
v -0.034593 1.739772 -0.108353
v -0.043257 1.747442 -0.104271
v -0.049081 1.819711 -0.111948
v -0.046407 1.825078 -0.111745
v -0.042220 1.761908 -0.113535
v -0.038036 1.755487 -0.113453
v -0.014172 1.738328 -0.122228
v -0.032749 1.824779 -0.116799
v -0.011560 1.805326 -0.149483
v -0.068862 1.802498 -0.079141
v -0.066586 1.790411 -0.077140
v -0.007848 1.851653 -0.129620
v -0.017950 1.783992 -0.129431
v -0.021044 1.766807 -0.120418
v -0.046088 1.660857 -0.041762
v -0.056427 1.666643 -0.033298
v -0.104830 1.626963 -0.044107
v -0.083349 1.624405 -0.054558
v -0.040809 1.685636 -0.048991
v -0.050002 1.692803 -0.041393
v -0.047361 1.714326 -0.051310
v -0.038767 1.706703 -0.058697
v -0.032824 1.761721 -0.116753
v -0.053063 1.739835 -0.052019
v -0.056407 1.747332 -0.059541
v -0.063526 1.671823 -0.023707
v -0.121233 1.629668 -0.032548
v -0.058180 1.751723 -0.044823
v -0.056350 1.744474 -0.037560
v -0.060035 1.746667 -0.026328
v -0.062366 1.751003 0.000839
v -0.067944 1.707422 0.044170
v -0.127103 1.648861 0.068607
v -0.061002 1.620387 -0.063332
v -0.031538 1.655524 -0.047508
v -0.027020 1.702504 -0.064015
v -0.028838 1.681049 -0.054396
v -0.027171 1.760541 -0.119304
v -0.036802 1.611707 -0.071062
v -0.073854 1.884353 -0.046860
v -0.053333 1.746581 0.035904
v -0.060328 1.712193 0.055331
v -0.060987 1.738964 0.025055
v -0.115491 1.651361 0.083261
v -0.057081 1.769098 0.011450
v -0.015950 1.948952 -0.060972
v -0.029846 1.942258 -0.060451
v -0.016194 1.946558 0.015227
v -0.014471 1.929756 0.048064
v -0.030113 1.926745 0.044751
v -0.031865 1.941777 0.011768
v -0.015163 1.907018 0.064297
v -0.028167 1.904198 0.060873
v -0.031183 1.947171 -0.025371
v -0.016132 1.952104 -0.023494
v -0.014618 1.884165 0.072135
v -0.026938 1.881110 0.068652
v -0.013367 1.856877 0.075613
v -0.025960 1.854574 0.071459
v -0.024324 1.829659 0.068167
v -0.012583 1.831913 0.072644
v -0.011123 1.805146 0.057830
v -0.021803 1.804748 0.056979
v -0.010820 1.761198 0.057160
v -0.012004 1.721315 0.083007
v -0.024275 1.719969 0.080945
v -0.022446 1.757241 0.057870
v -0.022519 1.657136 0.117760
v -0.045041 1.656952 0.116647
v -0.010988 1.787430 0.051132
v -0.021948 1.783481 0.051925
v -0.042089 1.933677 -0.058862
v -0.052934 1.923497 -0.055939
v -0.053823 1.912649 0.030035
v -0.042975 1.920029 0.037705
v -0.041838 1.899332 0.054271
v -0.052487 1.893529 0.045941
v -0.054317 1.925074 0.002302
v -0.043374 1.934239 0.007196
v -0.055906 1.927463 -0.026588
v -0.044585 1.938052 -0.026337
v -0.050796 1.872720 0.054632
v -0.040119 1.877107 0.062332
v -0.038356 1.851892 0.065426
v -0.048863 1.849613 0.058112
v -0.044953 1.825466 0.055039
v -0.036011 1.827252 0.061661
v -0.033372 1.802534 0.050847
v -0.044099 1.801051 0.042623
v -0.033287 1.780184 0.047900
v -0.049107 1.716578 0.068703
v -0.044936 1.750650 0.047256
v -0.034158 1.753391 0.055058
v -0.037021 1.717780 0.076537
v -0.069412 1.656143 0.111699
v -0.062993 1.913168 -0.003704
v -0.062625 1.904151 0.021569
v -0.068907 1.893014 0.009819
v -0.069340 1.899278 -0.013230
v -0.070958 1.899618 -0.035920
v -0.064847 1.914861 -0.028249
v -0.059077 1.867907 0.046010
v -0.061025 1.887148 0.037194
v -0.051985 1.823272 0.043293
v -0.057063 1.845900 0.046925
v -0.050794 1.801107 0.034247
v -0.071632 1.869850 0.016195
v -0.059065 1.821637 0.032986
v -0.064202 1.821675 0.023547
v -0.068517 1.839137 0.026321
v -0.063458 1.842545 0.037665
v -0.069404 1.855250 0.025157
v -0.065213 1.862448 0.036728
v -0.067282 1.879369 0.027419
v -0.056174 1.789385 0.012297
v -0.060006 1.805312 0.017555
v -0.055038 1.802599 0.025861
v -0.089272 1.845064 -0.006894
v -0.088147 1.852410 -0.015946
v -0.087875 1.850609 -0.026220
v -0.088372 1.850236 -0.016305
v -0.093370 1.654512 0.101884
v 0.000000 1.744255 -0.126067
v -0.027314 1.766039 -0.118410
v -0.025071 1.765726 -0.120339
v -0.025120 1.766013 -0.120009
v -0.025153 1.765439 -0.120351
v -0.018661 1.763304 -0.125516
v -0.018329 1.764038 -0.124984
v -0.019592 1.760948 -0.126519
v -0.013241 1.760021 -0.131604
v -0.005295 1.758775 -0.134370
v -0.004778 1.763389 -0.133161
v -0.012085 1.763535 -0.130598
v -0.024809 1.765744 -0.119511
v -0.004410 1.765017 -0.130317
v -0.004764 1.764579 -0.132537
v -0.011730 1.764742 -0.129872
v -0.011113 1.765219 -0.127897
v -0.017779 1.764757 -0.123461
v -0.026967 1.766321 -0.118110
v -0.027298 1.766392 -0.119016
v -0.027401 1.766116 -0.118901
v -0.028330 1.764760 -0.116775
v -0.014248 1.757461 -0.131558
v -0.024623 1.764435 -0.118534
v -0.004245 1.763504 -0.126359
v -0.017682 1.763605 -0.121702
v 0.000000 1.819754 -0.149449
v 0.000000 1.789142 -0.141058
v 0.000000 1.853256 -0.132568
v 0.000000 1.769674 -0.137682
v -0.000000 1.657322 0.118873
v 0.000000 1.763201 -0.127126
v 0.000000 1.675138 -0.060376
v 0.000000 1.747391 -0.129329
v 0.000000 1.887190 -0.126596
v 0.000000 1.805215 -0.158084
v 0.000000 1.844238 -0.133434
v 0.000000 1.767695 -0.126973
v 0.000000 1.767277 -0.135792
v -0.000000 1.947667 0.015880
v 0.000000 1.603387 -0.077067
v 0.000000 1.714230 -0.113323
v 0.000000 1.787470 -0.138792
v 0.000000 1.774557 -0.137373
v 0.000000 1.752289 -0.134446
v 0.000000 1.810807 -0.155216
v -0.000000 1.857218 0.076517
v -0.000000 1.723252 0.082493
v -0.000000 1.929935 0.048769
v 0.000000 1.780376 -0.127357
v 0.000000 1.749985 -0.133115
v 0.000000 1.938778 -0.090377
v 0.000000 1.762708 -0.133583
v 0.000000 1.755099 -0.134831
v 0.000000 1.764690 -0.130789
v 0.000000 1.764046 -0.132502

vt 0.112526 -0.027380 0.000000
vt 0.165139 -0.027380 0.000000
vt 0.111979 -0.054428 0.000000
vt 0.385898 -0.206710 0.000000
vt 0.323660 -0.204197 0.000000
vt 0.342705 -0.114451 0.000000
vt 0.246532 -0.041591 0.000000
vt 0.165866 -0.127589 0.000000
vt 0.157533 -0.204416 0.000000
vt 0.135356 -0.204530 0.000000
vt 0.018092 -0.027061 0.000000
vt 0.102127 -0.421151 0.000000
vt 0.097191 -0.016399 0.000000
vt 0.080247 -0.462499 0.000000
vt 0.034606 -0.096487 0.000000
vt 0.020918 -0.345883 0.000000
vt 0.403753 -0.419621 0.000000
vt 0.480949 -0.026478 0.000000
vt 0.420736 -0.462683 0.000000
vt 0.401004 -0.013694 0.000000
vt 0.371995 -0.449418 0.000000
vt 0.376801 -0.363549 0.000000
vt 0.472259 -0.334067 0.000000
vt 0.456343 -0.092832 0.000000
vt 0.114546 -0.361996 0.000000
vt 0.379055 -0.053596 0.000000
vt 0.246724 -0.422914 0.000000
vt 0.340371 -0.394585 0.000000
vt 0.340371 -0.422914 0.000000
vt 0.153077 -0.422914 0.000000
vt 0.153077 -0.394585 0.000000
vt 0.326048 -0.027380 0.000000
vt 0.378987 -0.027380 0.000000
vt 0.329574 -0.261976 0.000000
vt 0.164070 -0.261908 0.000000
vt 0.151992 -0.284149 0.000000
vt 0.342864 -0.283756 0.000000
vt 0.246724 -0.458858 0.000000
vt 0.340371 -0.458858 0.000000
vt 0.246672 -0.027380 0.000000
vt 0.336660 -0.017867 0.000000
vt 0.736186 -0.953037 0.000000
vt 0.779282 -0.953037 0.000000
vt 0.779282 -0.518155 0.000000
vt 0.736186 -0.518155 0.000000
vt 0.833355 -0.953037 0.000000
vt 0.833355 -0.518155 0.000000
vt 0.868315 -0.953036 0.000000
vt 0.868315 -0.518155 0.000000
vt 0.946961 -0.953037 0.000000
vt 0.946961 -0.518155 0.000000
vt 0.984651 -0.953037 0.000000
vt 0.984651 -0.518155 0.000000
vt 0.505064 -0.953037 0.000000
vt 0.552348 -0.953037 0.000000
vt 0.552348 -0.518155 0.000000
vt 0.505064 -0.518155 0.000000
vt 0.608046 -0.953037 0.000000
vt 0.608046 -0.518155 0.000000
vt 0.648725 -0.953037 0.000000
vt 0.648725 -0.518155 0.000000
vt 0.691615 -0.953037 0.000000
vt 0.691615 -0.518155 0.000000
vt 0.736869 -0.454550 0.000000
vt 0.702866 -0.454550 0.000000
vt 0.704462 -0.056260 0.000000
vt 0.736163 -0.056260 0.000000
vt 0.676078 -0.454550 0.000000
vt 0.677622 -0.056260 0.000000
vt 0.642684 -0.454550 0.000000
vt 0.643441 -0.056260 0.000000
vt 0.575160 -0.454550 0.000000
vt 0.575130 -0.056260 0.000000
vt 0.502568 -0.454550 0.000000
vt 0.503200 -0.056260 0.000000
vt 0.979805 -0.454550 0.000000
vt 0.898036 -0.454550 0.000000
vt 0.899495 -0.056260 0.000000
vt 0.972804 -0.056260 0.000000
vt 0.828768 -0.454550 0.000000
vt 0.829629 -0.056260 0.000000
vt 0.797413 -0.454550 0.000000
vt 0.797250 -0.056260 0.000000
vt 0.768312 -0.454550 0.000000
vt 0.768271 -0.056260 0.000000
vt 0.064636 -0.584542 0.000000
vt 0.032878 -0.524241 0.000000
vt 0.032878 -0.953366 0.000000
vt 0.032878 -0.613933 0.000000
vt 0.032878 -0.910565 0.000000
vt 0.475756 -0.608422 0.000000
vt 0.475756 -0.910565 0.000000
vt 0.475756 -0.522913 0.000000
vt 0.475756 -0.953366 0.000000
vt 0.439033 -0.565548 0.000000
vt 0.139612 -0.699516 0.000000
vt 0.145758 -0.620837 0.000000
vt 0.085879 -0.660967 0.000000
vt 0.408612 -0.649279 0.000000
vt 0.357173 -0.616290 0.000000
vt 0.350509 -0.698569 0.000000
vt 0.104208 -0.548589 0.000000
vt 0.147797 -0.572002 0.000000
vt 0.120659 -0.523432 0.000000
vt 0.032878 -0.966309 0.000000
vt 0.403972 -0.523432 0.000000
vt 0.475756 -0.966309 0.000000
vt 0.355954 -0.572813 0.000000
vt 0.401593 -0.543292 0.000000
vt 0.033923 -0.839913 0.000000
vt 0.032878 -0.716623 0.000000
vt 0.245769 -0.910565 0.000000
vt 0.249093 -0.849977 0.000000
vt 0.250086 -0.619273 0.000000
vt 0.252508 -0.574256 0.000000
vt 0.123287 -0.736558 0.000000
vt 0.113435 -0.749901 0.000000
vt 0.250698 -0.757201 0.000000
vt 0.250698 -0.745170 0.000000
vt 0.372570 -0.749154 0.000000
vt 0.360426 -0.734691 0.000000
vt 0.444429 -0.685579 0.000000
vt 0.242106 -0.953366 0.000000
vt 0.245769 -0.966309 0.000000
vt 0.254317 -0.523432 0.000000
vt 0.053205 -0.694347 0.000000
vt 0.475756 -0.719316 0.000000
vt 0.472622 -0.839471 0.000000
vt 0.250698 -0.710707 0.000000
vt 0.133451 -0.447008 0.000000
vt 0.154853 -0.018162 0.000000
vt 0.153077 -0.458858 0.000000
vt 0.246541 -0.018158 0.000000
vt 0.503760 -0.988757 0.000000
vt 0.743222 -0.677383 0.000000
vt 0.774454 -0.529832 0.000000
vt 0.806844 -0.379418 0.000000
vt 0.973124 -0.054701 0.000000
vt 0.042393 -0.069245 0.000000
vt 0.182913 -0.378061 0.000000
vt 0.217794 -0.528131 0.000000
vt 0.252616 -0.676534 0.000000
vt 0.502503 -0.794349 0.000000
vt 0.671784 -0.649167 0.000000
vt 0.715087 -0.522923 0.000000
vt 0.712143 -0.386134 0.000000
vt 0.493217 -0.145625 0.000000
vt 0.278131 -0.384937 0.000000
vt 0.277627 -0.521374 0.000000
vt 0.324621 -0.648298 0.000000
vt 0.499555 -0.673981 0.000000
vt 0.610989 -0.609343 0.000000
vt 0.649991 -0.516594 0.000000
vt 0.629843 -0.414878 0.000000
vt 0.494750 -0.319778 0.000000
vt 0.361199 -0.413946 0.000000
vt 0.343029 -0.515351 0.000000
vt 0.384866 -0.608519 0.000000
vt 0.497799 -0.586285 0.000000
vt 0.465783 -0.577309 0.000000
vt 0.553975 -0.562034 0.000000
vt 0.529371 -0.577587 0.000000
vt 0.577179 -0.511399 0.000000
vt 0.573059 -0.536330 0.000000
vt 0.558448 -0.457383 0.000000
vt 0.574567 -0.485888 0.000000
vt 0.495733 -0.427042 0.000000
vt 0.531706 -0.436920 0.000000
vt 0.433556 -0.456849 0.000000
vt 0.459844 -0.436576 0.000000
vt 0.415992 -0.510689 0.000000
vt 0.417953 -0.485157 0.000000
vt 0.440675 -0.561551 0.000000
vt 0.420709 -0.535654 0.000000
vt 0.496640 -0.508845 0.000000
vt 0.479891 -0.988757 0.000000
vt 0.251616 -0.677383 0.000000
vt 0.220381 -0.529832 0.000000
vt 0.187991 -0.379418 0.000000
vt 0.050802 -0.069245 0.000000
vt 0.981528 -0.054701 0.000000
vt 0.811922 -0.378061 0.000000
vt 0.777041 -0.528131 0.000000
vt 0.742223 -0.676534 0.000000
vt 0.492331 -0.794349 0.000000
vt 0.323050 -0.649167 0.000000
vt 0.279748 -0.522923 0.000000
vt 0.282692 -0.386134 0.000000
vt 0.501617 -0.145625 0.000000
vt 0.716708 -0.384937 0.000000
vt 0.717207 -0.521374 0.000000
vt 0.670214 -0.648298 0.000000
vt 0.495284 -0.673981 0.000000
vt 0.383849 -0.609343 0.000000
vt 0.344844 -0.516594 0.000000
vt 0.364991 -0.414878 0.000000
vt 0.500089 -0.319778 0.000000
vt 0.633636 -0.413946 0.000000
vt 0.651809 -0.515351 0.000000
vt 0.609969 -0.608519 0.000000
vt 0.497035 -0.586285 0.000000
vt 0.529056 -0.577309 0.000000
vt 0.440860 -0.562034 0.000000
vt 0.465468 -0.577587 0.000000
vt 0.417659 -0.511399 0.000000
vt 0.421775 -0.536330 0.000000
vt 0.436387 -0.457383 0.000000
vt 0.420272 -0.485888 0.000000
vt 0.499102 -0.427042 0.000000
vt 0.463129 -0.436920 0.000000
vt 0.561278 -0.456849 0.000000
vt 0.534995 -0.436576 0.000000
vt 0.578843 -0.510689 0.000000
vt 0.576881 -0.485157 0.000000
vt 0.554163 -0.561551 0.000000
vt 0.574126 -0.535654 0.000000
vt 0.498194 -0.508845 0.000000
vt 0.557964 -0.673427 0.000000
vt 0.451904 -0.673427 0.000000
vt 0.451904 -0.673427 0.000000
vt 0.493131 -0.674641 0.000000
vt 0.516737 -0.674641 0.000000
vt 0.460109 -0.674155 0.000000
vt 0.478936 -0.671509 0.000000
vt 0.463695 -0.672126 0.000000
vt 0.557964 -0.673427 0.000000
vt 0.530933 -0.671509 0.000000
vt 0.546173 -0.672126 0.000000
vt 0.459788 -0.829438 0.000000
vt 0.434301 -0.826058 0.000000
vt 0.439938 -0.845008 0.000000
vt 0.217424 -0.500223 0.000000
vt 0.205256 -0.530346 0.000000
vt 0.235371 -0.530221 0.000000
vt 0.243894 -0.485208 0.000000
vt 0.464278 -0.406844 0.000000
vt 0.463978 -0.392722 0.000000
vt 0.458052 -0.400227 0.000000
vt 0.427622 -0.430308 0.000000
vt 0.428883 -0.440251 0.000000
vt 0.447877 -0.425157 0.000000
vt 0.410848 -0.676289 0.000000
vt 0.420591 -0.668098 0.000000
vt 0.372929 -0.659809 0.000000
vt 0.354361 -0.679699 0.000000
vt 0.369812 -0.673450 0.000000
vt 0.122700 -0.646857 0.000000
vt 0.105388 -0.680522 0.000000
vt 0.116195 -0.691243 0.000000
vt 0.089686 -0.628282 0.000000
vt 0.092968 -0.658749 0.000000
vt 0.105967 -0.626699 0.000000
vt 0.097893 -0.531132 0.000000
vt 0.100845 -0.504947 0.000000
vt 0.092457 -0.517135 0.000000
vt 0.098352 -0.486588 0.000000
vt 0.083131 -0.466212 0.000000
vt 0.078576 -0.477840 0.000000
vt 0.021900 -0.661633 0.000000
vt 0.011141 -0.662639 0.000000
vt 0.009586 -0.376740 0.000000
vt 0.038613 -0.727239 0.000000
vt 0.043094 -0.529280 0.000000
vt 0.040717 -0.569339 0.000000
vt 0.045770 -0.568509 0.000000
vt 0.049416 -0.566782 0.000000
vt 0.066315 -0.553661 0.000000
vt 0.051242 -0.536687 0.000000
vt 0.053512 -0.585260 0.000000
vt 0.111010 -0.610000 0.000000
vt 0.122700 -0.600225 0.000000
vt 0.122700 -0.553594 0.000000
vt 0.113836 -0.559913 0.000000
vt 0.113668 -0.591317 0.000000
vt 0.091658 -0.576988 0.000000
vt 0.095129 -0.585962 0.000000
vt 0.095169 -0.572114 0.000000
vt 0.047841 -0.486585 0.000000
vt 0.050072 -0.493011 0.000000
vt 0.060017 -0.484218 0.000000
vt 0.084835 -0.485500 0.000000
vt 0.402374 -0.841562 0.000000
vt 0.123904 -0.749570 0.000000
vt 0.152164 -0.723616 0.000000
vt 0.117365 -0.706956 0.000000
vt 0.473372 -0.379761 0.000000
vt 0.459527 -0.661682 0.000000
vt 0.456481 -0.657611 0.000000
vt 0.447420 -0.664252 0.000000
vt 0.174881 -0.815913 0.000000
vt 0.143371 -0.834311 0.000000
vt 0.178047 -0.838478 0.000000
vt 0.158060 -0.852525 0.000000
vt 0.117744 -0.829727 0.000000
vt 0.429292 -0.690724 0.000000
vt 0.437833 -0.697423 0.000000
vt 0.445054 -0.693062 0.000000
vt 0.395297 -0.821830 0.000000
vt 0.010363 -0.848384 0.000000
vt 0.021261 -0.013334 0.000000
vt 0.028912 -0.846812 0.000000
vt 0.010474 -0.826802 0.000000
vt 0.009586 -0.051081 0.000000
vt 0.305911 -0.220598 0.000000
vt 0.333422 -0.214481 0.000000
vt 0.330469 -0.195791 0.000000
vt 0.120593 -0.462084 0.000000
vt 0.134136 -0.474953 0.000000
vt 0.099951 -0.418239 0.000000
vt 0.076022 -0.629792 0.000000
vt 0.075327 -0.618380 0.000000
vt 0.069756 -0.626844 0.000000
vt 0.069671 -0.725619 0.000000
vt 0.108250 -0.472366 0.000000
vt 0.106594 -0.510179 0.000000
vt 0.113817 -0.492556 0.000000
vt 0.109445 -0.465931 0.000000
vt 0.046476 -0.479048 0.000000
vt 0.038485 -0.498195 0.000000
vt 0.103837 -0.480109 0.000000
vt 0.101664 -0.496477 0.000000
vt 0.093910 -0.491200 0.000000
vt 0.094228 -0.506943 0.000000
vt 0.010585 -0.802737 0.000000
vt 0.009586 -0.105358 0.000000
vt 0.377413 -0.579414 0.000000
vt 0.383066 -0.545475 0.000000
vt 0.344000 -0.581973 0.000000
vt 0.407064 -0.571198 0.000000
vt 0.398762 -0.543463 0.000000
vt 0.474055 -0.557329 0.000000
vt 0.454507 -0.561784 0.000000
vt 0.469604 -0.566512 0.000000
vt 0.462671 -0.546704 0.000000
vt 0.425560 -0.521277 0.000000
vt 0.424579 -0.516298 0.000000
vt 0.415411 -0.528846 0.000000
vt 0.294558 -0.199392 0.000000
vt 0.278882 -0.228369 0.000000
vt 0.445941 -0.672701 0.000000
vt 0.433627 -0.554519 0.000000
vt 0.454299 -0.573102 0.000000
vt 0.049257 -0.589742 0.000000
vt 0.086815 -0.390203 0.000000
vt 0.097019 -0.373953 0.000000
vt 0.088445 -0.551089 0.000000
vt 0.097278 -0.539789 0.000000
vt 0.060439 -0.523594 0.000000
vt 0.054580 -0.528534 0.000000
vt 0.010925 -0.379714 0.000000
vt 0.047031 -0.376591 0.000000
vt 0.009763 -0.508374 0.000000
vt 0.022653 -0.461197 0.000000
vt 0.068364 -0.689267 0.000000
vt 0.069155 -0.704915 0.000000
vt 0.068008 -0.518112 0.000000
vt 0.276123 -0.407877 0.000000
vt 0.294109 -0.399170 0.000000
vt 0.287960 -0.392649 0.000000
vt 0.148989 -0.671956 0.000000
vt 0.149315 -0.636173 0.000000
vt 0.122700 -0.506962 0.000000
vt 0.101835 -0.447018 0.000000
vt 0.080913 -0.610971 0.000000
vt 0.088133 -0.618892 0.000000
vt 0.291803 -0.414072 0.000000
vt 0.272329 -0.422459 0.000000
vt 0.301802 -0.405588 0.000000
vt 0.303702 -0.409699 0.000000
vt 0.102344 -0.609746 0.000000
vt 0.403695 -0.693034 0.000000
vt 0.088089 -0.603942 0.000000
vt 0.430468 -0.322209 0.000000
vt 0.447999 -0.343365 0.000000
vt 0.467789 -0.331217 0.000000
vt 0.450156 -0.298439 0.000000
vt 0.364112 -0.415743 0.000000
vt 0.376401 -0.415716 0.000000
vt 0.384551 -0.412414 0.000000
vt 0.369951 -0.410927 0.000000
vt 0.436488 -0.406298 0.000000
vt 0.442653 -0.416935 0.000000
vt 0.449709 -0.386579 0.000000
vt 0.300547 -0.423422 0.000000
vt 0.322250 -0.427529 0.000000
vt 0.323138 -0.420758 0.000000
vt 0.303074 -0.418808 0.000000
vt 0.384529 -0.415690 0.000000
vt 0.386389 -0.415674 0.000000
vt 0.395864 -0.416440 0.000000
vt 0.393819 -0.414346 0.000000
vt 0.374630 -0.420213 0.000000
vt 0.372042 -0.415660 0.000000
vt 0.351200 -0.415653 0.000000
vt 0.350473 -0.421092 0.000000
vt 0.434387 -0.658695 0.000000
vt 0.421227 -0.704158 0.000000
vt 0.432435 -0.630336 0.000000
vt 0.404267 -0.641835 0.000000
vt 0.420359 -0.651318 0.000000
vt 0.440755 -0.642194 0.000000
vt 0.061093 -0.596441 0.000000
vt 0.059082 -0.603933 0.000000
vt 0.093347 -0.606305 0.000000
vt 0.085935 -0.530048 0.000000
vt 0.062944 -0.503635 0.000000
vt 0.031959 -0.519381 0.000000
vt 0.027896 -0.516319 0.000000
vt 0.047201 -0.516348 0.000000
vt 0.054155 -0.509317 0.000000
vt 0.041052 -0.502950 0.000000
vt 0.056435 -0.476621 0.000000
vt 0.317615 -0.399518 0.000000
vt 0.336531 -0.395975 0.000000
vt 0.335928 -0.384959 0.000000
vt 0.313771 -0.390575 0.000000
vt 0.274114 -0.384994 0.000000
vt 0.251146 -0.411139 0.000000
vt 0.397088 -0.417258 0.000000
vt 0.394813 -0.412791 0.000000
vt 0.404215 -0.398636 0.000000
vt 0.392118 -0.404150 0.000000
vt 0.402471 -0.410858 0.000000
vt 0.416620 -0.408586 0.000000
vt 0.143080 -0.536607 0.000000
vt 0.162011 -0.528088 0.000000
vt 0.153182 -0.457163 0.000000
vt 0.180971 -0.957893 0.000000
vt 0.215772 -0.961713 0.000000
vt 0.194716 -0.921324 0.000000
vt 0.155352 -0.912464 0.000000
vt 0.381280 -0.683548 0.000000
vt 0.034474 -0.571737 0.000000
vt 0.021042 -0.570164 0.000000
vt 0.025607 -0.594714 0.000000
vt 0.043634 -0.591838 0.000000
vt 0.113224 -0.521051 0.000000
vt 0.100541 -0.587707 0.000000
vt 0.098765 -0.608187 0.000000
vt 0.024106 -0.515102 0.000000
vt 0.018144 -0.511592 0.000000
vt 0.007637 -0.563405 0.000000
vt 0.010388 -0.556326 0.000000
vt 0.031527 -0.375832 0.000000
vt 0.011541 -0.602057 0.000000
vt 0.015908 -0.376249 0.000000
vt 0.009999 -0.592818 0.000000
vt 0.055326 -0.610290 0.000000
vt 0.040309 -0.627121 0.000000
vt 0.058324 -0.654829 0.000000
vt 0.069591 -0.659334 0.000000
vt 0.106431 -0.532467 0.000000
vt 0.102421 -0.567257 0.000000
vt 0.258469 -0.360090 0.000000
vt 0.308455 -0.334957 0.000000
vt 0.309382 -0.309931 0.000000
vt 0.251384 -0.349907 0.000000
vt 0.296254 -0.415390 0.000000
vt 0.382286 -0.415666 0.000000
vt 0.389663 -0.418509 0.000000
vt 0.499934 -0.879044 0.000000
vt 0.499934 -0.804188 0.000000
vt 0.499934 -0.102751 0.000000
vt 0.009919 -0.934712 0.000000
vt 0.204363 -0.008726 0.000000
vt 0.999950 -0.934712 0.000000
vt 0.805506 -0.008726 0.000000
vt 0.204041 -0.686415 0.000000
vt 0.173708 -0.683183 0.000000
vt 0.197911 -0.718429 0.000000
vt 0.267387 -0.930775 0.000000
vt 0.232323 -0.927393 0.000000
vt 0.248752 -0.964508 0.000000
vt 0.281408 -0.966280 0.000000
vt 0.296355 -0.989267 0.000000
vt 0.266943 -0.989263 0.000000
vt 0.252257 -0.897131 0.000000
vt 0.302256 -0.932658 0.000000
vt 0.289328 -0.899309 0.000000
vt 0.214296 -0.892627 0.000000
vt 0.175152 -0.883529 0.000000
vt 0.206027 -0.763509 0.000000
vt 0.211858 -0.806581 0.000000
vt 0.250271 -0.797709 0.000000
vt 0.248092 -0.757453 0.000000
vt 0.187391 -0.317048 0.000000
vt 0.159942 -0.403215 0.000000
vt 0.185356 -0.408227 0.000000
vt 0.215724 -0.324727 0.000000
vt 0.143573 -0.292942 0.000000
vt 0.160162 -0.299363 0.000000
vt 0.187766 -0.246251 0.000000
vt 0.171275 -0.244038 0.000000
vt 0.468755 -0.906592 0.000000
vt 0.436114 -0.905189 0.000000
vt 0.437472 -0.936505 0.000000
vt 0.469127 -0.937196 0.000000
vt 0.439302 -0.969173 0.000000
vt 0.469829 -0.969465 0.000000
vt 0.472825 -0.989290 0.000000
vt 0.049866 -0.759588 0.000000
vt 0.058370 -0.797925 0.000000
vt 0.095460 -0.784494 0.000000
vt 0.010919 -0.718678 0.000000
vt 0.009586 -0.268187 0.000000
vt 0.010807 -0.746698 0.000000
vt 0.009586 -0.213911 0.000000
vt 0.237531 -0.989259 0.000000
vt 0.208119 -0.989255 0.000000
vt 0.240370 -0.714834 0.000000
vt 0.231124 -0.675912 0.000000
vt 0.166249 -0.774601 0.000000
vt 0.478752 -0.785427 0.000000
vt 0.450122 -0.784676 0.000000
vt 0.456042 -0.806094 0.000000
vt 0.479541 -0.804669 0.000000
vt 0.415111 -0.782338 0.000000
vt 0.426360 -0.801344 0.000000
vt 0.475747 -0.760135 0.000000
vt 0.482080 -0.830585 0.000000
vt 0.472177 -0.852049 0.000000
vt 0.445712 -0.458110 0.000000
vt 0.447314 -0.436985 0.000000
vt 0.427959 -0.453302 0.000000
vt 0.394698 -0.491436 0.000000
vt 0.269340 -0.612842 0.000000
vt 0.302655 -0.595835 0.000000
vt 0.304907 -0.558674 0.000000
vt 0.268546 -0.573981 0.000000
vt 0.239668 -0.577589 0.000000
vt 0.263570 -0.531830 0.000000
vt 0.205803 -0.457066 0.000000
vt 0.195113 -0.488892 0.000000
vt 0.304393 -0.633610 0.000000
vt 0.271899 -0.650338 0.000000
vt 0.485282 -0.418541 0.000000
vt 0.479110 -0.459241 0.000000
vt 0.405814 -0.227919 0.000000
vt 0.355759 -0.234888 0.000000
vt 0.357751 -0.261244 0.000000
vt 0.399338 -0.250822 0.000000
vt 0.469369 -0.878017 0.000000
vt 0.251741 -0.661047 0.000000
vt 0.262465 -0.707542 0.000000
vt 0.383147 -0.796095 0.000000
vt 0.338438 -0.784368 0.000000
vt 0.349376 -0.815350 0.000000
vt 0.357780 -0.871188 0.000000
vt 0.350610 -0.841361 0.000000
vt 0.303328 -0.836532 0.000000
vt 0.315834 -0.868822 0.000000
vt 0.477939 -0.479903 0.000000
vt 0.453702 -0.474003 0.000000
vt 0.452788 -0.492694 0.000000
vt 0.390967 -0.522880 0.000000
vt 0.355479 -0.540584 0.000000
vt 0.362946 -0.691475 0.000000
vt 0.426447 -0.562886 0.000000
vt 0.429619 -0.572605 0.000000
vt 0.451425 -0.584339 0.000000
vt 0.430778 -0.580852 0.000000
vt 0.427842 -0.587214 0.000000
vt 0.483578 -0.554620 0.000000
vt 0.484202 -0.564026 0.000000
vt 0.402569 -0.582655 0.000000
vt 0.476122 -0.507022 0.000000
vt 0.450835 -0.511831 0.000000
vt 0.452739 -0.528314 0.000000
vt 0.476058 -0.525612 0.000000
vt 0.368142 -0.744328 0.000000
vt 0.407748 -0.754822 0.000000
vt 0.403573 -0.725768 0.000000
vt 0.370735 -0.715047 0.000000
vt 0.354999 -0.650023 0.000000
vt 0.377414 -0.641456 0.000000
vt 0.482578 -0.574401 0.000000
vt 0.479112 -0.590178 0.000000
vt 0.466316 -0.436311 0.000000
vt 0.410569 -0.525963 0.000000
vt 0.408496 -0.535243 0.000000
vt 0.411392 -0.526807 0.000000
vt 0.472334 -0.577530 0.000000
vt 0.411986 -0.554500 0.000000
vt 0.475119 -0.605223 0.000000
vt 0.476984 -0.620457 0.000000
vt 0.363406 -0.613300 0.000000
vt 0.387141 -0.606926 0.000000
vt 0.442819 -0.720821 0.000000
vt 0.440043 -0.729032 0.000000
vt 0.473062 -0.730111 0.000000
vt 0.474588 -0.722271 0.000000
vt 0.402004 -0.662517 0.000000
vt 0.425974 -0.512479 0.000000
vt 0.411515 -0.716363 0.000000
vt 0.204072 -0.406697 0.000000
vt 0.223996 -0.407341 0.000000
vt 0.306320 -0.277762 0.000000
vt 0.306405 -0.298109 0.000000
vt 0.360063 -0.278350 0.000000
vt 0.259535 -0.300852 0.000000
vt 0.245670 -0.339234 0.000000
vt 0.359023 -0.293301 0.000000
vt 0.356473 -0.316625 0.000000
vt 0.406849 -0.360630 0.000000
vt 0.413731 -0.344895 0.000000
vt 0.381285 -0.339509 0.000000
vt 0.375212 -0.356221 0.000000
vt 0.465288 -0.417743 0.000000
vt 0.485923 -0.398986 0.000000
vt 0.485816 -0.386490 0.000000
vt 0.356643 -0.505122 0.000000
vt 0.409532 -0.464704 0.000000
vt 0.360745 -0.477260 0.000000
vt 0.305691 -0.520358 0.000000
vt 0.257931 -0.464298 0.000000
vt 0.245128 -0.443005 0.000000
vt 0.231427 -0.448155 0.000000
vt 0.303743 -0.353182 0.000000
vt 0.344407 -0.341647 0.000000
vt 0.262241 -0.373805 0.000000
vt 0.239787 -0.408822 0.000000
vt 0.250071 -0.434556 0.000000
vt 0.316377 -0.411294 0.000000
vt 0.318326 -0.406122 0.000000
vt 0.302876 -0.413017 0.000000
vt 0.333686 -0.410290 0.000000
vt 0.335674 -0.404019 0.000000
vt 0.354038 -0.403785 0.000000
vt 0.352215 -0.410167 0.000000
vt 0.356728 -0.395627 0.000000
vt 0.371373 -0.405477 0.000000
vt 0.385674 -0.408686 0.000000
vt 0.376124 -0.398529 0.000000
vt 0.384408 -0.389114 0.000000
vt 0.360012 -0.384293 0.000000
vt 0.285092 -0.433288 0.000000
vt 0.307237 -0.415669 0.000000
vt 0.303465 -0.415684 0.000000
vt 0.342496 -0.357274 0.000000
vt 0.310217 -0.378610 0.000000
vt 0.308333 -0.362319 0.000000
vt 0.377729 -0.451072 0.000000
vt 0.354089 -0.437370 0.000000
vt 0.314620 -0.438106 0.000000
vt 0.307782 -0.454224 0.000000
vt 0.385823 -0.432476 0.000000
vt 0.410847 -0.441379 0.000000
vt 0.406454 -0.418044 0.000000
vt 0.402788 -0.425626 0.000000
vt 0.423321 -0.418459 0.000000
vt 0.350572 -0.427847 0.000000
vt 0.391288 -0.421722 0.000000
vt 0.375583 -0.425531 0.000000
vt 0.432264 -0.366474 0.000000
vt 0.423841 -0.392661 0.000000
vt 0.324713 -0.415655 0.000000
vt 0.479148 -0.354669 0.000000
vt 0.411746 -0.451474 0.000000
vt 0.455287 -0.374196 0.000000
vt 0.462110 -0.665743 0.000000
vt 0.451643 -0.668318 0.000000
vt 0.482427 -0.643001 0.000000
vt 0.479995 -0.632892 0.000000
vt 0.465573 -0.645907 0.000000
vt 0.469645 -0.653441 0.000000
vt 0.484364 -0.651056 0.000000
vt 0.449336 -0.651100 0.000000
vt 0.460887 -0.636087 0.000000
vt 0.457089 -0.623345 0.000000
vt 0.472195 -0.659130 0.000000
vt 0.485735 -0.657480 0.000000
vt 0.394206 -0.670769 0.000000
vt 0.480488 -0.697367 0.000000
vt 0.477382 -0.704046 0.000000
vt 0.473431 -0.712296 0.000000
vt 0.446025 -0.709757 0.000000
vt 0.455831 -0.701727 0.000000
vt 0.473904 -0.663876 0.000000
vt 0.474287 -0.676817 0.000000
vt 0.463353 -0.669028 0.000000
vt 0.474831 -0.667926 0.000000
vt 0.486551 -0.662750 0.000000
vt 0.486816 -0.667285 0.000000
vt 0.039097 -0.341500 0.000000
vt 0.056503 -0.343683 0.000000
vt 0.067807 -0.305963 0.000000
vt 0.048220 -0.297669 0.000000
vt 0.130340 -0.405560 0.000000
vt 0.119118 -0.345345 0.000000
vt 0.011030 -0.690659 0.000000
vt 0.009586 -0.322464 0.000000
vt 0.042559 -0.733533 0.000000
vt 0.023001 -0.341015 0.000000
vt 0.029276 -0.294044 0.000000
vt 0.045863 -0.684294 0.000000
vt 0.041311 -0.706183 0.000000
vt 0.053000 -0.467376 0.000000
vt 0.052103 -0.461014 0.000000
vt 0.147313 -0.589793 0.000000
vt 0.086904 -0.438079 0.000000
vt 0.089569 -0.445354 0.000000
vt 0.111283 -0.460331 0.000000
vt 0.085402 -0.429874 0.000000
vt 0.045544 -0.431255 0.000000
vt 0.048435 -0.439237 0.000000
vt 0.030235 -0.465772 0.000000
vt 0.039932 -0.474878 0.000000
vt 0.087250 -0.460252 0.000000
vt 0.061894 -0.379334 0.000000
vt 0.036724 -0.380103 0.000000
vt 0.072500 -0.350543 0.000000
vt 0.076422 -0.382915 0.000000
vt 0.087794 -0.358234 0.000000
vt 0.450498 -0.190823 0.000000
vt 0.449063 -0.222661 0.000000
vt 0.450230 -0.248186 0.000000
vt 0.397806 -0.270181 0.000000
vt 0.481405 -0.545475 0.000000
vt 0.476543 -0.493187 0.000000
vt 0.449417 -0.275083 0.000000
vt 0.484260 -0.372930 0.000000
vt 0.404648 -0.194418 0.000000
vt 0.403086 -0.289377 0.000000
vt 0.396420 -0.315271 0.000000
vt 0.365033 -0.367472 0.000000
vt 0.398761 -0.374929 0.000000
vt 0.349470 -0.415757 0.000000
vt 0.366452 -0.205754 0.000000
vt 0.364370 -0.180501 0.000000
vt 0.335721 -0.368907 0.000000
vt 0.319870 -0.250075 0.000000
vt 0.334511 -0.415754 0.000000
vt 0.280150 -0.264102 0.000000
vt 0.309195 -0.415709 0.000000
vt 0.320313 -0.415736 0.000000
vt 0.436129 -0.357232 0.000000
vt 0.131922 -0.795612 0.000000
vt 0.103994 -0.326185 0.000000
vt 0.126609 -0.280915 0.000000
vt 0.083430 -0.258720 0.000000
vt 0.059594 -0.249441 0.000000
vt 0.087813 -0.312839 0.000000
vt 0.105567 -0.270608 0.000000
vt 0.036684 -0.239944 0.000000
vt 0.436314 -0.875069 0.000000
vt 0.399570 -0.872728 0.000000
vt 0.302473 -0.800196 0.000000
vt 0.246477 -0.272720 0.000000
vt 0.447342 -0.161164 0.000000
vt 0.404377 -0.169477 0.000000
vt 0.289163 -0.759700 0.000000
vt 0.463802 -0.606483 0.000000
vt 0.406441 -0.625837 0.000000
vt 0.467902 -0.592070 0.000000
vt 0.445251 -0.597689 0.000000
vt 0.437699 -0.613929 0.000000
vt 0.333444 -0.657576 0.000000
vt 0.341349 -0.685246 0.000000
vt 0.083678 -0.749103 0.000000
vt 0.172285 -0.636086 0.000000
vt 0.168105 -0.586167 0.000000
vt 0.167484 -0.465860 0.000000
vt 0.184570 -0.532413 0.000000
vt 0.265827 -0.449305 0.000000
vt 0.191757 -0.590702 0.000000
vt 0.199049 -0.638820 0.000000
vt 0.425444 -0.497353 0.000000
vt 0.415493 -0.546762 0.000000
vt 0.425824 -0.537463 0.000000
vt 0.335965 -0.619698 0.000000
vt 0.283381 -0.693280 0.000000
vt 0.310676 -0.674083 0.000000
vt 0.300576 -0.728591 0.000000
vt 0.243485 -0.618850 0.000000
vt 0.371420 -0.773557 0.000000
vt 0.332198 -0.755980 0.000000
vt 0.298517 -0.485915 0.000000
vt 0.304421 -0.468226 0.000000
vt 0.321208 -0.703644 0.000000
vt 0.341096 -0.725614 0.000000
vt 0.444884 -0.758883 0.000000
vt 0.366383 -0.462279 0.000000
vt 0.451181 -0.501781 0.000000
vt 0.211114 -0.590752 0.000000
vt 0.224318 -0.627419 0.000000
vt 0.464770 -0.362801 0.000000
vt 0.416835 -0.602225 0.000000
vt 0.453073 -0.670619 0.000000
vt 0.376934 -0.968381 0.000000
vt 0.345262 -0.967906 0.000000
vt 0.355178 -0.989274 0.000000
vt 0.384590 -0.989278 0.000000
vt 0.371038 -0.934813 0.000000
vt 0.336702 -0.933841 0.000000
vt 0.326964 -0.900897 0.000000
vt 0.364534 -0.902408 0.000000
vt 0.352235 -0.701774 0.000000
vt 0.274694 -0.867157 0.000000
vt 0.257302 -0.834879 0.000000
vt 0.313359 -0.967273 0.000000
vt 0.325766 -0.989270 0.000000
vt 0.216252 -0.836964 0.000000
vt 0.235155 -0.865886 0.000000
vt 0.196994 -0.862454 0.000000
vt 0.128248 -0.866785 0.000000
vt 0.146764 -0.954534 0.000000
vt 0.178708 -0.989251 0.000000
vt 0.414002 -0.989282 0.000000
vt 0.408342 -0.968796 0.000000
vt 0.401435 -0.903729 0.000000
vt 0.404777 -0.935671 0.000000
vt 0.382508 -0.702637 0.000000
vt 0.443413 -0.989286 0.000000
vt 0.213281 -0.259776 0.000000
vt 0.077270 -0.902931 0.000000
vt 0.114467 -0.954147 0.000000
vt 0.111264 -0.902840 0.000000
vt 0.149296 -0.989247 0.000000
vt 0.066950 -0.841305 0.000000
vt 0.445378 -0.137051 0.000000
vt 0.400319 -0.143054 0.000000
vt 0.431581 -0.074373 0.000000
vt 0.422750 -0.056226 0.000000
vt 0.366170 -0.078227 0.000000
vt 0.378717 -0.092673 0.000000
vt 0.391162 -0.041154 0.000000
vt 0.341964 -0.066966 0.000000
vt 0.401033 -0.115208 0.000000
vt 0.441765 -0.104095 0.000000
vt 0.354929 -0.033203 0.000000
vt 0.310429 -0.052984 0.000000
vt 0.314998 -0.024174 0.000000
vt 0.273417 -0.044217 0.000000
vt 0.234713 -0.030318 0.000000
vt 0.273955 -0.018042 0.000000
vt 0.236968 -0.009967 0.000000
vt 0.198206 -0.020056 0.000000
vt 0.010831 -0.945327 0.000000
vt 0.020438 -0.974090 0.000000
vt 0.041157 -0.967333 0.000000
vt 0.021769 -0.931411 0.000000
vt 0.031649 -0.989232 0.000000
vt 0.061061 -0.989236 0.000000
vt 0.154363 -0.008726 0.000000
vt 0.010030 -0.913130 0.000000
vt 0.104363 -0.008726 0.000000
vt 0.010141 -0.891548 0.000000
vt 0.362868 -0.157303 0.000000
vt 0.323720 -0.176710 0.000000
vt 0.274638 -0.130760 0.000000
vt 0.317902 -0.104365 0.000000
vt 0.295085 -0.090605 0.000000
vt 0.251583 -0.123108 0.000000
vt 0.292250 -0.137990 0.000000
vt 0.334358 -0.113091 0.000000
vt 0.311853 -0.150997 0.000000
vt 0.356626 -0.130165 0.000000
vt 0.223421 -0.106752 0.000000
vt 0.265294 -0.081101 0.000000
vt 0.230424 -0.063471 0.000000
vt 0.189286 -0.093920 0.000000
vt 0.153615 -0.072523 0.000000
vt 0.192430 -0.050440 0.000000
vt 0.156126 -0.031684 0.000000
vt 0.116303 -0.052619 0.000000
vt 0.054363 -0.008726 0.000000
vt 0.010252 -0.869966 0.000000
vt 0.086697 -0.956371 0.000000
vt 0.049770 -0.907295 0.000000
vt 0.034111 -0.918279 0.000000
vt 0.062676 -0.961157 0.000000
vt 0.090472 -0.989240 0.000000
vt 0.253864 -0.168311 0.000000
vt 0.235835 -0.164710 0.000000
vt 0.201699 -0.200679 0.000000
vt 0.219731 -0.203755 0.000000
vt 0.245041 -0.213167 0.000000
vt 0.272901 -0.179700 0.000000
vt 0.186113 -0.143783 0.000000
vt 0.213654 -0.153844 0.000000
vt 0.120094 -0.107734 0.000000
vt 0.154941 -0.124479 0.000000
vt 0.088132 -0.087947 0.000000
vt 0.151144 -0.235494 0.000000
vt 0.094396 -0.147397 0.000000
vt 0.074064 -0.196511 0.000000
vt 0.102242 -0.211009 0.000000
vt 0.125258 -0.166197 0.000000
vt 0.128497 -0.224518 0.000000
vt 0.155023 -0.180098 0.000000
vt 0.180308 -0.193933 0.000000
vt 0.009586 -0.159634 0.000000
vt 0.010696 -0.774717 0.000000
vt 0.047107 -0.182067 0.000000
vt 0.061547 -0.127409 0.000000
vt 0.036639 -0.470946 0.000000
vt 0.051707 -0.448192 0.000000
vt 0.089803 -0.454331 0.000000
vt 0.052450 -0.455706 0.000000
vt 0.119884 -0.989244 0.000000
vt 0.444048 -0.674453 0.000000
vt 0.443813 -0.680732 0.000000
vt 0.447274 -0.678175 0.000000
vt 0.436816 -0.685996 0.000000
vt 0.455996 -0.683932 0.000000
vt 0.459240 -0.680658 0.000000
vt 0.451089 -0.688379 0.000000
vt 0.466433 -0.690460 0.000000
vt 0.482822 -0.691822 0.000000
vt 0.484554 -0.687140 0.000000
vt 0.469814 -0.685971 0.000000
vt 0.450991 -0.676477 0.000000
vt 0.486736 -0.680013 0.000000
vt 0.485821 -0.683267 0.000000
vt 0.472137 -0.682314 0.000000
vt 0.473653 -0.679346 0.000000
vt 0.461386 -0.678159 0.000000
vt 0.444200 -0.672589 0.000000
vt 0.435167 -0.674838 0.000000
vt 0.423160 -0.684171 0.000000
vt 0.445814 -0.673931 0.000000
vt 0.461982 -0.695662 0.000000
vt 0.451362 -0.675108 0.000000
vt 0.487701 -0.677206 0.000000
vt 0.461594 -0.676125 0.000000
vt 0.499934 -0.524649 0.000000
vt 0.499934 -0.269620 0.000000
vt 0.499934 -0.656917 0.000000
vt 0.499934 -0.131663 0.000000
vt 0.304363 -0.008726 0.000000
vt 0.705505 -0.008726 0.000000
vt 0.499934 -0.785217 0.000000
vt 0.499934 -0.413653 0.000000
vt 0.499934 -0.853700 0.000000
vt 0.499934 -0.907130 0.000000
vt 0.499934 -0.557151 0.000000
vt 0.499934 -0.328395 0.000000
vt 0.499934 -0.632063 0.000000
vt 0.009808 -0.956294 0.000000
vt 1.000061 -0.956294 0.000000
vt 0.499934 -0.692278 0.000000
vt 0.499934 -0.760683 0.000000
vt 0.499934 -0.591018 0.000000
vt 0.499934 -0.608294 0.000000
vt 0.499934 -0.219761 0.000000
vt 0.499934 -0.299417 0.000000
vt 0.499934 -0.369180 0.000000
vt 0.499934 -0.662365 0.000000
vt 0.454363 -0.008726 0.000000
vt 0.555506 -0.008726 0.000000
vt 0.404363 -0.008726 0.000000
vt 0.605505 -0.008726 0.000000
vt 0.499934 -0.187710 0.000000
vt 0.499934 -0.543740 0.000000
vt 0.499934 -0.394382 0.000000
vt 0.549760 -0.674155 0.000000
vt 0.550081 -0.829438 0.000000
vt 0.575567 -0.826058 0.000000
vt 0.569930 -0.845008 0.000000
vt 0.792444 -0.500223 0.000000
vt 0.804613 -0.530346 0.000000
vt 0.774498 -0.530221 0.000000
vt 0.765975 -0.485208 0.000000
vt 0.545591 -0.406844 0.000000
vt 0.545890 -0.392722 0.000000
vt 0.551816 -0.400227 0.000000
vt 0.582247 -0.430308 0.000000
vt 0.580986 -0.440251 0.000000
vt 0.561992 -0.425157 0.000000
vt 0.599020 -0.676289 0.000000
vt 0.589278 -0.668098 0.000000
vt 0.636940 -0.659809 0.000000
vt 0.655507 -0.679699 0.000000
vt 0.640056 -0.673450 0.000000
vt 0.887169 -0.646857 0.000000
vt 0.904481 -0.680522 0.000000
vt 0.893674 -0.691243 0.000000
vt 0.920182 -0.628282 0.000000
vt 0.916901 -0.658749 0.000000
vt 0.903901 -0.626699 0.000000
vt 0.911976 -0.531132 0.000000
vt 0.909024 -0.504947 0.000000
vt 0.917411 -0.517135 0.000000
vt 0.911517 -0.486588 0.000000
vt 0.926737 -0.466212 0.000000
vt 0.931293 -0.477840 0.000000
vt 0.987969 -0.661633 0.000000
vt 0.998728 -0.662639 0.000000
vt 1.000283 -0.376740 0.000000
vt 0.971255 -0.727239 0.000000
vt 0.966775 -0.529280 0.000000
vt 0.969151 -0.569339 0.000000
vt 0.964099 -0.568509 0.000000
vt 0.960452 -0.566782 0.000000
vt 0.943554 -0.553661 0.000000
vt 0.958627 -0.536687 0.000000
vt 0.956357 -0.585260 0.000000
vt 0.898858 -0.610000 0.000000
vt 0.887169 -0.600225 0.000000
vt 0.887169 -0.553594 0.000000
vt 0.896032 -0.559913 0.000000
vt 0.896201 -0.591317 0.000000
vt 0.918211 -0.576988 0.000000
vt 0.914739 -0.585962 0.000000
vt 0.914699 -0.572114 0.000000
vt 0.962027 -0.486585 0.000000
vt 0.959797 -0.493011 0.000000
vt 0.949852 -0.484218 0.000000
vt 0.925033 -0.485500 0.000000
vt 0.607494 -0.841562 0.000000
vt 0.885965 -0.749570 0.000000
vt 0.857705 -0.723616 0.000000
vt 0.892503 -0.706956 0.000000
vt 0.536497 -0.379761 0.000000
vt 0.550341 -0.661682 0.000000
vt 0.553388 -0.657611 0.000000
vt 0.562449 -0.664252 0.000000
vt 0.834988 -0.815913 0.000000
vt 0.866498 -0.834311 0.000000
vt 0.831822 -0.838478 0.000000
vt 0.851808 -0.852525 0.000000
vt 0.892125 -0.829727 0.000000
vt 0.580577 -0.690724 0.000000
vt 0.572035 -0.697423 0.000000
vt 0.564814 -0.693062 0.000000
vt 0.614571 -0.821830 0.000000
vt 0.999506 -0.848384 0.000000
vt 0.988608 -0.013334 0.000000
vt 0.980956 -0.846812 0.000000
vt 0.999395 -0.826802 0.000000
vt 1.000283 -0.051081 0.000000
vt 0.703957 -0.220598 0.000000
vt 0.676447 -0.214481 0.000000
vt 0.679399 -0.195791 0.000000
vt 0.889275 -0.462084 0.000000
vt 0.875733 -0.474953 0.000000
vt 0.909917 -0.418239 0.000000
vt 0.933846 -0.629792 0.000000
vt 0.934542 -0.618380 0.000000
vt 0.940112 -0.626844 0.000000
vt 0.940198 -0.725619 0.000000
vt 0.901618 -0.472366 0.000000
vt 0.903275 -0.510179 0.000000
vt 0.896052 -0.492556 0.000000
vt 0.900424 -0.465931 0.000000
vt 0.963392 -0.479048 0.000000
vt 0.971383 -0.498195 0.000000
vt 0.906031 -0.480109 0.000000
vt 0.908204 -0.496477 0.000000
vt 0.915959 -0.491200 0.000000
vt 0.915640 -0.506943 0.000000
vt 0.999284 -0.802737 0.000000
vt 1.000283 -0.105358 0.000000
vt 0.632455 -0.579414 0.000000
vt 0.626803 -0.545475 0.000000
vt 0.665869 -0.581973 0.000000
vt 0.602805 -0.571198 0.000000
vt 0.611107 -0.543463 0.000000
vt 0.535813 -0.557329 0.000000
vt 0.555362 -0.561784 0.000000
vt 0.540264 -0.566512 0.000000
vt 0.547197 -0.546704 0.000000
vt 0.584309 -0.521277 0.000000
vt 0.585289 -0.516298 0.000000
vt 0.594458 -0.528846 0.000000
vt 0.715310 -0.199392 0.000000
vt 0.730986 -0.228369 0.000000
vt 0.563928 -0.672701 0.000000
vt 0.576241 -0.554519 0.000000
vt 0.555570 -0.573102 0.000000
vt 0.960611 -0.589742 0.000000
vt 0.923054 -0.390203 0.000000
vt 0.912850 -0.373953 0.000000
vt 0.921424 -0.551089 0.000000
vt 0.912591 -0.539789 0.000000
vt 0.949430 -0.523594 0.000000
vt 0.955289 -0.528534 0.000000
vt 0.998944 -0.379714 0.000000
vt 0.962838 -0.376591 0.000000
vt 1.000106 -0.508374 0.000000
vt 0.987216 -0.461197 0.000000
vt 0.941504 -0.689267 0.000000
vt 0.940714 -0.704915 0.000000
vt 0.941861 -0.518112 0.000000
vt 0.733745 -0.407877 0.000000
vt 0.715760 -0.399170 0.000000
vt 0.721908 -0.392649 0.000000
vt 0.860880 -0.671956 0.000000
vt 0.860554 -0.636173 0.000000
vt 0.887169 -0.506962 0.000000
vt 0.908033 -0.447018 0.000000
vt 0.928955 -0.610971 0.000000
vt 0.921736 -0.618892 0.000000
vt 0.718066 -0.414072 0.000000
vt 0.737540 -0.422459 0.000000
vt 0.708066 -0.405588 0.000000
vt 0.706167 -0.409699 0.000000
vt 0.907524 -0.609746 0.000000
vt 0.606174 -0.693034 0.000000
vt 0.921780 -0.603942 0.000000
vt 0.579401 -0.322209 0.000000
vt 0.561870 -0.343365 0.000000
vt 0.542080 -0.331217 0.000000
vt 0.559713 -0.298439 0.000000
vt 0.645756 -0.415743 0.000000
vt 0.633468 -0.415716 0.000000
vt 0.625317 -0.412414 0.000000
vt 0.639917 -0.410927 0.000000
vt 0.573380 -0.406298 0.000000
vt 0.567216 -0.416935 0.000000
vt 0.560160 -0.386579 0.000000
vt 0.709321 -0.423422 0.000000
vt 0.687618 -0.427529 0.000000
vt 0.686731 -0.420758 0.000000
vt 0.706795 -0.418808 0.000000
vt 0.625340 -0.415690 0.000000
vt 0.623479 -0.415674 0.000000
vt 0.614004 -0.416440 0.000000
vt 0.616050 -0.414346 0.000000
vt 0.635239 -0.420213 0.000000
vt 0.637827 -0.415660 0.000000
vt 0.658669 -0.415653 0.000000
vt 0.659396 -0.421092 0.000000
vt 0.575482 -0.658695 0.000000
vt 0.588642 -0.704158 0.000000
vt 0.577433 -0.630336 0.000000
vt 0.605601 -0.641835 0.000000
vt 0.589509 -0.651318 0.000000
vt 0.569113 -0.642194 0.000000
vt 0.948776 -0.596441 0.000000
vt 0.950786 -0.603933 0.000000
vt 0.916521 -0.606305 0.000000
vt 0.923934 -0.530048 0.000000
vt 0.946925 -0.503635 0.000000
vt 0.977909 -0.519381 0.000000
vt 0.981973 -0.516319 0.000000
vt 0.962668 -0.516348 0.000000
vt 0.955714 -0.509317 0.000000
vt 0.968817 -0.502950 0.000000
vt 0.953434 -0.476621 0.000000
vt 0.692253 -0.399518 0.000000
vt 0.673337 -0.395975 0.000000
vt 0.673941 -0.384959 0.000000
vt 0.696097 -0.390575 0.000000
vt 0.735754 -0.384994 0.000000
vt 0.758723 -0.411139 0.000000
vt 0.612780 -0.417258 0.000000
vt 0.615055 -0.412791 0.000000
vt 0.605654 -0.398636 0.000000
vt 0.617751 -0.404150 0.000000
vt 0.607397 -0.410858 0.000000
vt 0.593248 -0.408586 0.000000
vt 0.866789 -0.536607 0.000000
vt 0.847857 -0.528088 0.000000
vt 0.856686 -0.457163 0.000000
vt 0.828897 -0.957893 0.000000
vt 0.794096 -0.961713 0.000000
vt 0.815153 -0.921324 0.000000
vt 0.854517 -0.912464 0.000000
vt 0.628589 -0.683548 0.000000
vt 0.975394 -0.571737 0.000000
vt 0.988827 -0.570164 0.000000
vt 0.984262 -0.594714 0.000000
vt 0.966235 -0.591838 0.000000
vt 0.896644 -0.521051 0.000000
vt 0.909328 -0.587707 0.000000
vt 0.911103 -0.608187 0.000000
vt 0.985762 -0.515102 0.000000
vt 0.991725 -0.511592 0.000000
vt 1.002231 -0.563405 0.000000
vt 0.999481 -0.556326 0.000000
vt 0.978341 -0.375832 0.000000
vt 0.998328 -0.602057 0.000000
vt 0.993960 -0.376249 0.000000
vt 0.999869 -0.592818 0.000000
vt 0.954543 -0.610290 0.000000
vt 0.969560 -0.627121 0.000000
vt 0.951545 -0.654829 0.000000
vt 0.940277 -0.659334 0.000000
vt 0.903437 -0.532467 0.000000
vt 0.907447 -0.567257 0.000000
vt 0.751400 -0.360090 0.000000
vt 0.701414 -0.334957 0.000000
vt 0.700487 -0.309931 0.000000
vt 0.758484 -0.349907 0.000000
vt 0.713614 -0.415390 0.000000
vt 0.627582 -0.415666 0.000000
vt 0.620206 -0.418509 0.000000
vt 0.499934 -0.969577 0.000000
vt 0.499934 -0.505635 0.000000
vt 0.254363 -0.008726 0.000000
vt 0.755505 -0.008726 0.000000
vt 0.805827 -0.686415 0.000000
vt 0.836161 -0.683183 0.000000
vt 0.811957 -0.718429 0.000000
vt 0.742481 -0.930775 0.000000
vt 0.777546 -0.927393 0.000000
vt 0.761117 -0.964508 0.000000
vt 0.728460 -0.966280 0.000000
vt 0.713513 -0.989267 0.000000
vt 0.742925 -0.989263 0.000000
vt 0.757612 -0.897131 0.000000
vt 0.707613 -0.932658 0.000000
vt 0.720541 -0.899309 0.000000
vt 0.795573 -0.892627 0.000000
vt 0.834716 -0.883529 0.000000
vt 0.803841 -0.763509 0.000000
vt 0.798010 -0.806581 0.000000
vt 0.759598 -0.797709 0.000000
vt 0.761777 -0.757453 0.000000
vt 0.822477 -0.317048 0.000000
vt 0.849926 -0.403215 0.000000
vt 0.824512 -0.408227 0.000000
vt 0.794145 -0.324727 0.000000
vt 0.866295 -0.292942 0.000000
vt 0.849707 -0.299363 0.000000
vt 0.822102 -0.246251 0.000000
vt 0.838593 -0.244038 0.000000
vt 0.541113 -0.906592 0.000000
vt 0.573754 -0.905189 0.000000
vt 0.572397 -0.936505 0.000000
vt 0.540742 -0.937196 0.000000
vt 0.570567 -0.969173 0.000000
vt 0.540040 -0.969465 0.000000
vt 0.537043 -0.989290 0.000000
vt 0.960003 -0.759588 0.000000
vt 0.951499 -0.797925 0.000000
vt 0.914409 -0.784494 0.000000
vt 0.998950 -0.718678 0.000000
vt 1.000283 -0.268187 0.000000
vt 0.999062 -0.746698 0.000000
vt 1.000283 -0.213911 0.000000
vt 0.772337 -0.989259 0.000000
vt 0.801749 -0.989255 0.000000
vt 0.769498 -0.714834 0.000000
vt 0.778745 -0.675912 0.000000
vt 0.843619 -0.774601 0.000000
vt 0.531116 -0.785427 0.000000
vt 0.559747 -0.784676 0.000000
vt 0.553826 -0.806094 0.000000
vt 0.530327 -0.804669 0.000000
vt 0.594757 -0.782338 0.000000
vt 0.583508 -0.801344 0.000000
vt 0.534122 -0.760135 0.000000
vt 0.527789 -0.830585 0.000000
vt 0.537691 -0.852049 0.000000
vt 0.564157 -0.458110 0.000000
vt 0.562554 -0.436985 0.000000
vt 0.581910 -0.453302 0.000000
vt 0.615170 -0.491436 0.000000
vt 0.740528 -0.612842 0.000000
vt 0.707214 -0.595835 0.000000
vt 0.704962 -0.558674 0.000000
vt 0.741323 -0.573981 0.000000
vt 0.770200 -0.577589 0.000000
vt 0.746298 -0.531830 0.000000
vt 0.804065 -0.457066 0.000000
vt 0.814756 -0.488892 0.000000
vt 0.705475 -0.633610 0.000000
vt 0.737970 -0.650338 0.000000
vt 0.524587 -0.418541 0.000000
vt 0.530759 -0.459241 0.000000
vt 0.604055 -0.227919 0.000000
vt 0.654109 -0.234888 0.000000
vt 0.652117 -0.261244 0.000000
vt 0.610530 -0.250822 0.000000
vt 0.540500 -0.878017 0.000000
vt 0.758128 -0.661047 0.000000
vt 0.747404 -0.707542 0.000000
vt 0.626722 -0.796095 0.000000
vt 0.671430 -0.784368 0.000000
vt 0.660493 -0.815350 0.000000
vt 0.652089 -0.871188 0.000000
vt 0.659258 -0.841361 0.000000
vt 0.706540 -0.836532 0.000000
vt 0.694034 -0.868822 0.000000
vt 0.531929 -0.479903 0.000000
vt 0.556167 -0.474003 0.000000
vt 0.557081 -0.492694 0.000000
vt 0.618901 -0.522880 0.000000
vt 0.654390 -0.540584 0.000000
vt 0.646922 -0.691475 0.000000
vt 0.583421 -0.562886 0.000000
vt 0.580249 -0.572605 0.000000
vt 0.558444 -0.584339 0.000000
vt 0.579090 -0.580852 0.000000
vt 0.582026 -0.587214 0.000000
vt 0.526291 -0.554620 0.000000
vt 0.525666 -0.564026 0.000000
vt 0.607299 -0.582655 0.000000
vt 0.533746 -0.507022 0.000000
vt 0.559034 -0.511831 0.000000
vt 0.557130 -0.528314 0.000000
vt 0.533810 -0.525612 0.000000
vt 0.641726 -0.744328 0.000000
vt 0.602121 -0.754822 0.000000
vt 0.606295 -0.725768 0.000000
vt 0.639134 -0.715047 0.000000
vt 0.654869 -0.650023 0.000000
vt 0.632455 -0.641456 0.000000
vt 0.527290 -0.574401 0.000000
vt 0.530756 -0.590178 0.000000
vt 0.543553 -0.436311 0.000000
vt 0.599300 -0.525963 0.000000
vt 0.601372 -0.535243 0.000000
vt 0.598477 -0.526807 0.000000
vt 0.537534 -0.577530 0.000000
vt 0.597883 -0.554500 0.000000
vt 0.534750 -0.605223 0.000000
vt 0.532884 -0.620457 0.000000
vt 0.646463 -0.613300 0.000000
vt 0.622728 -0.606926 0.000000
vt 0.567050 -0.720821 0.000000
vt 0.569826 -0.729032 0.000000
vt 0.536806 -0.730111 0.000000
vt 0.535280 -0.722271 0.000000
vt 0.607864 -0.662517 0.000000
vt 0.583894 -0.512479 0.000000
vt 0.598354 -0.716363 0.000000
vt 0.805797 -0.406697 0.000000
vt 0.785873 -0.407341 0.000000
vt 0.703549 -0.277762 0.000000
vt 0.703463 -0.298109 0.000000
vt 0.649806 -0.278350 0.000000
vt 0.750333 -0.300852 0.000000
vt 0.764198 -0.339234 0.000000
vt 0.650846 -0.293301 0.000000
vt 0.653396 -0.316625 0.000000
vt 0.603019 -0.360630 0.000000
vt 0.596138 -0.344895 0.000000
vt 0.628584 -0.339509 0.000000
vt 0.634657 -0.356221 0.000000
vt 0.544580 -0.417743 0.000000
vt 0.523945 -0.398986 0.000000
vt 0.524053 -0.386490 0.000000
vt 0.653226 -0.505122 0.000000
vt 0.600336 -0.464704 0.000000
vt 0.649124 -0.477260 0.000000
vt 0.704177 -0.520358 0.000000
vt 0.751938 -0.464298 0.000000
vt 0.764740 -0.443005 0.000000
vt 0.778442 -0.448155 0.000000
vt 0.706125 -0.353182 0.000000
vt 0.665462 -0.341647 0.000000
vt 0.747627 -0.373805 0.000000
vt 0.770082 -0.408822 0.000000
vt 0.759797 -0.434556 0.000000
vt 0.693491 -0.411294 0.000000
vt 0.691543 -0.406122 0.000000
vt 0.706993 -0.413017 0.000000
vt 0.676183 -0.410290 0.000000
vt 0.674194 -0.404019 0.000000
vt 0.655831 -0.403785 0.000000
vt 0.657653 -0.410167 0.000000
vt 0.653141 -0.395627 0.000000
vt 0.638496 -0.405477 0.000000
vt 0.624195 -0.408686 0.000000
vt 0.633744 -0.398529 0.000000
vt 0.625461 -0.389114 0.000000
vt 0.649856 -0.384293 0.000000
vt 0.724777 -0.433288 0.000000
vt 0.702631 -0.415669 0.000000
vt 0.706403 -0.415684 0.000000
vt 0.667372 -0.357274 0.000000
vt 0.699651 -0.378610 0.000000
vt 0.701535 -0.362319 0.000000
vt 0.632140 -0.451072 0.000000
vt 0.655779 -0.437370 0.000000
vt 0.695248 -0.438106 0.000000
vt 0.702087 -0.454224 0.000000
vt 0.624045 -0.432476 0.000000
vt 0.599022 -0.441379 0.000000
vt 0.603415 -0.418044 0.000000
vt 0.607080 -0.425626 0.000000
vt 0.586547 -0.418459 0.000000
vt 0.659297 -0.427847 0.000000
vt 0.618580 -0.421722 0.000000
vt 0.634286 -0.425531 0.000000
vt 0.577605 -0.366474 0.000000
vt 0.586028 -0.392661 0.000000
vt 0.685156 -0.415655 0.000000
vt 0.530720 -0.354669 0.000000
vt 0.598122 -0.451474 0.000000
vt 0.554582 -0.374196 0.000000
vt 0.547758 -0.665743 0.000000
vt 0.558226 -0.668318 0.000000
vt 0.527442 -0.643001 0.000000
vt 0.529873 -0.632892 0.000000
vt 0.544295 -0.645907 0.000000
vt 0.540223 -0.653441 0.000000
vt 0.525504 -0.651056 0.000000
vt 0.560532 -0.651100 0.000000
vt 0.548982 -0.636087 0.000000
vt 0.552780 -0.623345 0.000000
vt 0.537673 -0.659130 0.000000
vt 0.524133 -0.657480 0.000000
vt 0.615662 -0.670769 0.000000
vt 0.529380 -0.697367 0.000000
vt 0.532487 -0.704046 0.000000
vt 0.536438 -0.712296 0.000000
vt 0.563843 -0.709757 0.000000
vt 0.554037 -0.701727 0.000000
vt 0.535964 -0.663876 0.000000
vt 0.535581 -0.676817 0.000000
vt 0.546515 -0.669028 0.000000
vt 0.535038 -0.667926 0.000000
vt 0.523317 -0.662750 0.000000
vt 0.523052 -0.667285 0.000000
vt 0.970771 -0.341500 0.000000
vt 0.953365 -0.343683 0.000000
vt 0.942062 -0.305963 0.000000
vt 0.961649 -0.297669 0.000000
vt 0.879529 -0.405560 0.000000
vt 0.890751 -0.345345 0.000000
vt 0.998839 -0.690659 0.000000
vt 1.000283 -0.322464 0.000000
vt 0.967309 -0.733533 0.000000
vt 0.986868 -0.341015 0.000000
vt 0.980592 -0.294044 0.000000
vt 0.964006 -0.684294 0.000000
vt 0.968557 -0.706183 0.000000
vt 0.956869 -0.467376 0.000000
vt 0.957765 -0.461014 0.000000
vt 0.862556 -0.589793 0.000000
vt 0.922964 -0.438079 0.000000
vt 0.920300 -0.445354 0.000000
vt 0.898585 -0.460331 0.000000
vt 0.924466 -0.429874 0.000000
vt 0.964324 -0.431255 0.000000
vt 0.961434 -0.439237 0.000000
vt 0.979633 -0.465772 0.000000
vt 0.969936 -0.474878 0.000000
vt 0.922619 -0.460252 0.000000
vt 0.947975 -0.379334 0.000000
vt 0.973145 -0.380103 0.000000
vt 0.937369 -0.350543 0.000000
vt 0.933447 -0.382915 0.000000
vt 0.922074 -0.358234 0.000000
vt 0.559371 -0.190823 0.000000
vt 0.560805 -0.222661 0.000000
vt 0.559639 -0.248186 0.000000
vt 0.612063 -0.270181 0.000000
vt 0.528463 -0.545475 0.000000
vt 0.533326 -0.493187 0.000000
vt 0.560452 -0.275083 0.000000
vt 0.525609 -0.372930 0.000000
vt 0.605220 -0.194418 0.000000
vt 0.606783 -0.289377 0.000000
vt 0.613449 -0.315271 0.000000
vt 0.644835 -0.367472 0.000000
vt 0.611107 -0.374929 0.000000
vt 0.660398 -0.415757 0.000000
vt 0.643417 -0.205754 0.000000
vt 0.645499 -0.180501 0.000000
vt 0.674147 -0.368907 0.000000
vt 0.689999 -0.250075 0.000000
vt 0.675357 -0.415754 0.000000
vt 0.729719 -0.264102 0.000000
vt 0.700673 -0.415709 0.000000
vt 0.689556 -0.415736 0.000000
vt 0.573740 -0.357232 0.000000
vt 0.877946 -0.795612 0.000000
vt 0.905874 -0.326185 0.000000
vt 0.883260 -0.280915 0.000000
vt 0.926438 -0.258720 0.000000
vt 0.950275 -0.249441 0.000000
vt 0.922055 -0.312839 0.000000
vt 0.904302 -0.270608 0.000000
vt 0.973184 -0.239944 0.000000
vt 0.573555 -0.875069 0.000000
vt 0.610299 -0.872728 0.000000
vt 0.707395 -0.800196 0.000000
vt 0.763391 -0.272720 0.000000
vt 0.562526 -0.161164 0.000000
vt 0.605492 -0.169477 0.000000
vt 0.720706 -0.759700 0.000000
vt 0.546067 -0.606483 0.000000
vt 0.603428 -0.625837 0.000000
vt 0.541967 -0.592070 0.000000
vt 0.564618 -0.597689 0.000000
vt 0.572170 -0.613929 0.000000
vt 0.676425 -0.657576 0.000000
vt 0.668519 -0.685246 0.000000
vt 0.926190 -0.749103 0.000000
vt 0.837583 -0.636086 0.000000
vt 0.841763 -0.586167 0.000000
vt 0.842384 -0.465860 0.000000
vt 0.825298 -0.532413 0.000000
vt 0.744042 -0.449305 0.000000
vt 0.818112 -0.590702 0.000000
vt 0.810820 -0.638820 0.000000
vt 0.584424 -0.497353 0.000000
vt 0.594375 -0.546762 0.000000
vt 0.584045 -0.537463 0.000000
vt 0.673903 -0.619698 0.000000
vt 0.726488 -0.693280 0.000000
vt 0.699193 -0.674083 0.000000
vt 0.709293 -0.728591 0.000000
vt 0.766384 -0.618850 0.000000
vt 0.638448 -0.773557 0.000000
vt 0.677670 -0.755980 0.000000
vt 0.711352 -0.485915 0.000000
vt 0.705448 -0.468226 0.000000
vt 0.688661 -0.703644 0.000000
vt 0.668772 -0.725614 0.000000
vt 0.564984 -0.758883 0.000000
vt 0.643486 -0.462279 0.000000
vt 0.558688 -0.501781 0.000000
vt 0.798755 -0.590752 0.000000
vt 0.785550 -0.627419 0.000000
vt 0.545099 -0.362801 0.000000
vt 0.593033 -0.602225 0.000000
vt 0.556795 -0.670619 0.000000
vt 0.632934 -0.968381 0.000000
vt 0.664606 -0.967906 0.000000
vt 0.654690 -0.989274 0.000000
vt 0.625278 -0.989278 0.000000
vt 0.638831 -0.934813 0.000000
vt 0.673167 -0.933841 0.000000
vt 0.682904 -0.900897 0.000000
vt 0.645334 -0.902408 0.000000
vt 0.657634 -0.701774 0.000000
vt 0.735175 -0.867157 0.000000
vt 0.752566 -0.834879 0.000000
vt 0.696509 -0.967273 0.000000
vt 0.684102 -0.989270 0.000000
vt 0.793617 -0.836964 0.000000
vt 0.774714 -0.865886 0.000000
vt 0.812874 -0.862454 0.000000
vt 0.881621 -0.866785 0.000000
vt 0.863104 -0.954534 0.000000
vt 0.831160 -0.989251 0.000000
vt 0.595866 -0.989282 0.000000
vt 0.601526 -0.968796 0.000000
vt 0.608433 -0.903729 0.000000
vt 0.605091 -0.935671 0.000000
vt 0.627360 -0.702637 0.000000
vt 0.566455 -0.989286 0.000000
vt 0.796587 -0.259776 0.000000
vt 0.932598 -0.902931 0.000000
vt 0.895401 -0.954147 0.000000
vt 0.898605 -0.902840 0.000000
vt 0.860572 -0.989247 0.000000
vt 0.942918 -0.841305 0.000000
vt 0.564490 -0.137051 0.000000
vt 0.609550 -0.143054 0.000000
vt 0.578287 -0.074373 0.000000
vt 0.587119 -0.056226 0.000000
vt 0.643699 -0.078227 0.000000
vt 0.631152 -0.092673 0.000000
vt 0.618706 -0.041154 0.000000
vt 0.667904 -0.066966 0.000000
vt 0.608835 -0.115208 0.000000
vt 0.568103 -0.104095 0.000000
vt 0.654940 -0.033203 0.000000
vt 0.699440 -0.052984 0.000000
vt 0.694870 -0.024174 0.000000
vt 0.736452 -0.044217 0.000000
vt 0.775155 -0.030318 0.000000
vt 0.735914 -0.018042 0.000000
vt 0.772900 -0.009967 0.000000
vt 0.811663 -0.020056 0.000000
vt 0.999038 -0.945327 0.000000
vt 0.989431 -0.974090 0.000000
vt 0.968711 -0.967333 0.000000
vt 0.988099 -0.931411 0.000000
vt 0.978219 -0.989232 0.000000
vt 0.948807 -0.989236 0.000000
vt 0.855505 -0.008726 0.000000
vt 0.999839 -0.913130 0.000000
vt 0.905506 -0.008726 0.000000
vt 0.999728 -0.891548 0.000000
vt 0.647000 -0.157303 0.000000
vt 0.686149 -0.176710 0.000000
vt 0.735231 -0.130760 0.000000
vt 0.691967 -0.104365 0.000000
vt 0.714784 -0.090605 0.000000
vt 0.758286 -0.123108 0.000000
vt 0.717618 -0.137990 0.000000
vt 0.675511 -0.113091 0.000000
vt 0.698016 -0.150997 0.000000
vt 0.653242 -0.130165 0.000000
vt 0.786448 -0.106752 0.000000
vt 0.744575 -0.081101 0.000000
vt 0.779445 -0.063471 0.000000
vt 0.820583 -0.093920 0.000000
vt 0.856254 -0.072523 0.000000
vt 0.817438 -0.050440 0.000000
vt 0.853742 -0.031684 0.000000
vt 0.893566 -0.052619 0.000000
vt 0.955505 -0.008726 0.000000
vt 0.999617 -0.869966 0.000000
vt 0.923172 -0.956371 0.000000
vt 0.960099 -0.907295 0.000000
vt 0.975757 -0.918279 0.000000
vt 0.947193 -0.961157 0.000000
vt 0.919396 -0.989240 0.000000
vt 0.756004 -0.168311 0.000000
vt 0.774033 -0.164710 0.000000
vt 0.808169 -0.200679 0.000000
vt 0.790138 -0.203755 0.000000
vt 0.764827 -0.213167 0.000000
vt 0.736967 -0.179700 0.000000
vt 0.823756 -0.143783 0.000000
vt 0.796214 -0.153844 0.000000
vt 0.889774 -0.107734 0.000000
vt 0.854928 -0.124479 0.000000
vt 0.921736 -0.087947 0.000000
vt 0.858724 -0.235494 0.000000
vt 0.915473 -0.147397 0.000000
vt 0.935804 -0.196511 0.000000
vt 0.907627 -0.211009 0.000000
vt 0.884611 -0.166197 0.000000
vt 0.881371 -0.224518 0.000000
vt 0.854846 -0.180098 0.000000
vt 0.829561 -0.193933 0.000000
vt 1.000283 -0.159634 0.000000
vt 0.999173 -0.774717 0.000000
vt 0.962762 -0.182067 0.000000
vt 0.948321 -0.127409 0.000000
vt 0.973230 -0.470946 0.000000
vt 0.958161 -0.448192 0.000000
vt 0.920066 -0.454331 0.000000
vt 0.957419 -0.455706 0.000000
vt 0.889984 -0.989244 0.000000
vt 0.499934 -0.730311 0.000000
vt 0.565821 -0.674453 0.000000
vt 0.566056 -0.680732 0.000000
vt 0.562595 -0.678175 0.000000
vt 0.573053 -0.685996 0.000000
vt 0.553872 -0.683932 0.000000
vt 0.550629 -0.680658 0.000000
vt 0.558779 -0.688379 0.000000
vt 0.543435 -0.690460 0.000000
vt 0.527047 -0.691822 0.000000
vt 0.525314 -0.687140 0.000000
vt 0.540054 -0.685971 0.000000
vt 0.558877 -0.676477 0.000000
vt 0.523132 -0.680013 0.000000
vt 0.524047 -0.683267 0.000000
vt 0.537732 -0.682314 0.000000
vt 0.536216 -0.679346 0.000000
vt 0.548483 -0.678159 0.000000
vt 0.565668 -0.672589 0.000000
vt 0.574701 -0.674838 0.000000
vt 0.586709 -0.684171 0.000000
vt 0.564054 -0.673931 0.000000
vt 0.547886 -0.695662 0.000000
vt 0.558506 -0.675108 0.000000
vt 0.522167 -0.677206 0.000000
vt 0.548275 -0.676125 0.000000
vt 0.499934 -0.454801 0.000000
vt 0.499934 -0.567140 0.000000
vt 0.499934 -0.351728 0.000000
vt 0.499934 -0.642106 0.000000
vt 0.002237 -0.989228 0.000000
vt 1.007631 -0.989228 0.000000
vt 0.499934 -0.677327 0.000000
vt 0.499934 -0.937464 0.000000
vt 0.499934 -0.722940 0.000000
vt 0.499934 -0.246920 0.000000
vt 0.499934 -0.490570 0.000000
vt 0.499934 -0.381940 0.000000
vt 0.499934 -0.667072 0.000000
vt 0.499934 -0.650314 0.000000
vt 0.499934 -0.063618 0.000000
vt 0.499934 -0.989293 0.000000
vt 0.499934 -0.830764 0.000000
vt 0.499934 -0.575842 0.000000
vt 0.499934 -0.620323 0.000000
vt 0.499934 -0.704773 0.000000
vt 0.499934 -0.476978 0.000000
vt 0.354363 -0.008726 0.000000
vt 0.655506 -0.008726 0.000000
vt 0.009697 -0.977876 0.000000
vt 1.000172 -0.977876 0.000000
vt 0.499934 -0.008726 0.000000
vt 0.499074 -0.671310 0.000000
vt 0.510794 -0.671310 0.000000
vt 0.499934 -0.713089 0.000000
vt 0.499934 -0.163518 0.000000
vt 0.499934 -0.687532 0.000000
vt 0.499934 -0.697952 0.000000
vt 0.499934 -0.680244 0.000000
vt 0.499934 -0.683567 0.000000

vn 0.658347 -0.330097 0.676473
vn 0.405030 -0.480045 0.778143
vn 0.646700 -0.748490 0.146769
vn -0.918589 -0.143193 -0.368362
vn -0.486518 -0.171600 -0.856652
vn -0.434139 -0.689924 -0.579248
vn -0.006950 -0.970937 0.239235
vn 0.421270 -0.690114 -0.588451
vn 0.470391 -0.200508 -0.859377
vn 0.916138 -0.176029 -0.360145
vn 0.989430 0.107939 0.096839
vn 0.989430 0.107939 0.096839
vn 0.888013 -0.177920 0.424002
vn 0.888013 -0.177920 0.424002
vn 0.996885 -0.061698 -0.049132
vn 0.996885 -0.061698 -0.049132
vn -0.989949 0.109445 0.089575
vn -0.989949 0.109445 0.089575
vn -0.891386 -0.156592 0.425335
vn -0.891386 -0.156592 0.425335
vn -0.933353 0.231814 0.274068
vn -0.630899 0.750313 -0.197474
vn -0.996520 -0.068046 -0.048152
vn -0.996520 -0.068046 -0.048152
vn 0.627393 0.753034 -0.198285
vn -0.637459 -0.754212 0.157513
vn 0.002230 0.812682 0.582703
vn -0.549089 0.813198 0.192898
vn -0.352401 0.616375 0.704199
vn 0.354381 0.604972 0.713038
vn 0.546483 0.813385 0.199405
vn -0.344422 -0.537468 0.769741
vn -0.664821 -0.370288 0.648768
vn -0.471513 0.761547 -0.444658
vn 0.462715 0.766288 -0.445755
vn 0.810800 0.544778 -0.214058
vn -0.807765 0.532975 -0.251899
vn 0.000529 0.411978 0.911193
vn -0.541037 0.380714 0.749890
vn -0.012207 -0.284235 0.958677
vn -0.433588 -0.176961 0.883564
vn -0.001489 -0.190842 -0.981620
vn -0.486677 -0.177973 -0.855261
vn -0.511336 -0.177110 -0.840933
vn 0.004451 -0.190357 -0.981705
vn -0.793761 -0.150970 -0.589195
vn -0.801445 -0.146220 -0.579919
vn -0.937416 -0.108929 -0.330735
vn -0.940346 -0.121829 -0.317660
vn -0.983671 -0.009937 -0.179703
vn -0.988832 -0.037043 -0.144359
vn -0.995746 0.029017 -0.087455
vn -0.998257 0.012745 -0.057625
vn 0.997278 0.011188 -0.072884
vn 0.985220 -0.039395 -0.166704
vn 0.990355 -0.003083 -0.138520
vn 0.998162 0.034720 -0.049672
vn 0.927133 -0.127908 -0.352228
vn 0.932944 -0.110923 -0.342507
vn 0.796486 -0.150370 -0.585661
vn 0.804100 -0.151880 -0.574766
vn 0.480162 -0.182164 -0.858056
vn 0.508641 -0.179850 -0.841985
vn 0.003193 -0.046907 -0.998894
vn -0.442035 -0.052060 -0.895486
vn -0.441935 -0.048914 -0.895713
vn 0.009210 -0.045354 -0.998929
vn -0.680292 -0.039106 -0.731897
vn -0.676410 -0.040036 -0.735436
vn -0.888869 -0.019588 -0.457742
vn -0.881240 -0.023574 -0.472081
vn -0.981549 0.023718 -0.189733
vn -0.983322 0.013897 -0.181342
vn -0.993133 0.042140 -0.109134
vn -0.993977 0.034876 -0.103895
vn 0.994413 0.045974 -0.095020
vn 0.983273 0.018762 -0.181168
vn 0.984734 0.033041 -0.170903
vn 0.994428 0.054164 -0.090438
vn 0.904200 -0.024738 -0.426392
vn 0.899880 -0.019657 -0.435694
vn 0.696784 -0.038280 -0.716259
vn 0.690712 -0.037469 -0.722158
vn 0.405241 -0.051659 -0.912749
vn 0.410570 -0.052196 -0.910334
vn 0.990661 -0.133008 -0.029982
vn 0.609720 -0.649922 0.453699
vn 0.609720 -0.649922 0.453699
vn 0.611127 -0.791415 -0.013622
vn 0.611127 -0.791415 -0.013622
vn -0.601977 -0.798338 0.016713
vn -0.601977 -0.798338 0.016713
vn -0.599563 -0.651295 0.465122
vn -0.599563 -0.651295 0.465122
vn -0.993111 -0.117112 -0.003955
vn 0.395426 0.641553 -0.657303
vn 0.176205 0.951925 -0.250581
vn 0.835396 0.423820 -0.349985
vn -0.839248 0.433512 -0.328224
vn -0.174389 0.950966 -0.255446
vn -0.353634 0.668238 -0.654523
vn 0.883595 0.462884 -0.070702
vn 0.207749 0.974864 -0.080503
vn 0.529003 0.470735 0.706091
vn 0.529003 0.470735 0.706091
vn -0.527997 0.454558 0.717354
vn -0.527997 0.454558 0.717354
vn -0.229291 0.968122 -0.100824
vn -0.883283 0.464487 -0.063741
vn 0.515263 -0.834797 -0.193953
vn 0.515263 -0.834797 -0.193953
vn 0.003263 -0.997411 0.071841
vn 0.002081 -0.998484 -0.054999
vn -0.016859 0.975288 -0.220292
vn 0.006342 0.998058 -0.061959
vn 0.505206 -0.001656 -0.862997
vn 0.417990 -0.692217 -0.588319
vn 0.000645 -0.766920 -0.641742
vn -0.002147 -0.006048 -0.999979
vn -0.412412 -0.697239 -0.586323
vn -0.493553 -0.012773 -0.869622
vn -0.916059 -0.251166 -0.312651
vn -0.000604 -0.821109 0.570771
vn 0.007109 0.545440 0.838120
vn 0.007109 0.545440 0.838120
vn 0.915894 -0.262007 -0.304122
vn -0.498293 -0.840132 -0.214201
vn -0.498293 -0.840132 -0.214201
vn -0.012175 0.723488 -0.690229
vn 0.931346 0.232844 0.279963
vn 0.481503 -0.201702 0.852919
vn 0.540116 0.381229 0.750293
vn 0.001441 0.065687 0.997839
vn -0.000564 -0.986025 -0.166599
vn -0.657243 -0.706922 -0.261329
vn -0.945396 0.006683 -0.325856
vn -0.628501 0.714257 -0.307934
vn 0.041070 0.970840 -0.236184
vn 0.041070 0.970840 -0.236184
vn 0.713165 0.685096 -0.148454
vn 0.995933 -0.046328 -0.077271
vn 0.667650 -0.739367 -0.087065
vn 0.025776 -0.939217 -0.342356
vn -0.594480 -0.675190 -0.436706
vn -0.864479 -0.001018 -0.502667
vn -0.568507 0.666475 -0.482297
vn 0.059955 0.909422 -0.411529
vn 0.692184 0.638313 -0.336805
vn 0.960433 -0.048635 -0.274233
vn 0.656692 -0.702545 -0.274200
vn 0.062135 -0.749008 -0.659641
vn -0.410527 -0.543784 -0.731961
vn -0.615591 -0.017649 -0.787868
vn -0.392113 0.501286 -0.771336
vn 0.086845 0.694233 -0.714491
vn 0.571229 0.481688 -0.664586
vn 0.782311 -0.053075 -0.620623
vn 0.547891 -0.568631 -0.613574
vn 0.088632 -0.433577 -0.896747
vn 0.230451 -0.416584 -0.879403
vn -0.146135 -0.328627 -0.933086
vn -0.052317 -0.408006 -0.911479
vn -0.255452 -0.023377 -0.966539
vn -0.257280 -0.185619 -0.948342
vn -0.147794 0.245408 -0.958088
vn -0.247610 0.119602 -0.961449
vn 0.102038 0.350610 -0.930946
vn -0.037403 0.336438 -0.940962
vn 0.354493 0.235617 -0.904886
vn 0.242072 0.331924 -0.911717
vn 0.458491 -0.040966 -0.887754
vn 0.453665 0.103190 -0.885178
vn 0.331502 -0.342081 -0.879254
vn 0.451216 -0.204359 -0.868701
vn 0.103962 -0.045431 -0.993543
vn 0.011116 -0.982919 -0.183704
vn 0.666898 -0.706454 -0.237002
vn 0.961085 0.010169 -0.276067
vn 0.642494 0.719960 -0.262411
vn -0.027048 0.974906 -0.220969
vn -0.027048 0.974906 -0.220969
vn -0.690338 0.703192 -0.170161
vn -0.989457 -0.023157 -0.142960
vn -0.661851 -0.734918 -0.147811
vn -0.003434 -0.932714 -0.360600
vn 0.614909 -0.671483 -0.413518
vn 0.889939 0.006063 -0.456039
vn 0.590983 0.675504 -0.440946
vn -0.040184 0.916644 -0.397679
vn -0.664284 0.655177 -0.359819
vn -0.939790 -0.026115 -0.340754
vn -0.635449 -0.694926 -0.336575
vn -0.022494 -0.736053 -0.676551
vn 0.447311 -0.533814 -0.717604
vn 0.655861 -0.004775 -0.754866
vn 0.430122 0.515594 -0.741052
vn -0.048956 0.706508 -0.706010
vn -0.526933 0.499243 -0.687821
vn -0.736207 -0.030476 -0.676070
vn -0.503177 -0.552827 -0.664225
vn -0.038007 -0.416314 -0.908426
vn -0.177317 -0.398378 -0.899919
vn 0.194006 -0.313531 -0.929548
vn 0.100280 -0.392749 -0.914162
vn 0.305045 -0.007012 -0.952312
vn 0.306091 -0.170245 -0.936656
vn 0.196471 0.262481 -0.944724
vn 0.296633 0.136468 -0.945191
vn -0.052715 0.366780 -0.928813
vn 0.085584 0.353056 -0.931680
vn -0.299922 0.254054 -0.919513
vn -0.190710 0.348450 -0.917721
vn -0.400893 -0.019901 -0.915909
vn -0.396609 0.123990 -0.909576
vn -0.275763 -0.322851 -0.905385
vn -0.394456 -0.183535 -0.900399
vn -0.049335 -0.027146 -0.998413
vn 0.888013 -0.177920 0.424002
vn -0.891386 -0.156592 0.425335
vn -0.933353 0.231814 0.274068
vn 0.000529 0.411978 0.911193
vn 0.000529 0.411978 0.911193
vn -0.541037 0.380714 0.749890
vn -0.433588 -0.176961 0.883564
vn -0.433588 -0.176961 0.883564
vn 0.931346 0.232844 0.279963
vn 0.481503 -0.201702 0.852919
vn 0.481503 -0.201702 0.852919
vn 0.332932 -0.874221 -0.353402
vn 0.571256 -0.753615 -0.325163
vn 0.370468 -0.910174 -0.185298
vn 0.871030 0.186314 -0.454526
vn 0.964950 0.008374 -0.262299
vn 0.867018 0.048218 -0.495938
vn 0.726041 0.274111 -0.630656
vn 0.843821 0.263863 -0.467271
vn 0.860874 -0.014152 -0.508622
vn 0.864990 0.049294 -0.499363
vn 0.506625 0.292208 -0.811138
vn 0.602620 0.272454 -0.750079
vn 0.779210 0.290530 -0.555359
vn 0.223791 -0.239883 -0.944655
vn 0.283518 -0.718733 -0.634855
vn 0.383142 -0.550336 -0.741844
vn 0.155313 -0.478367 -0.864316
vn 0.061371 -0.638649 -0.767047
vn 0.797252 -0.199818 -0.569616
vn 0.455263 -0.703330 -0.545950
vn 0.845969 -0.493793 -0.201259
vn 0.783730 -0.015772 -0.620902
vn 0.786676 -0.317300 -0.529586
vn 0.754450 -0.007594 -0.656313
vn 0.933524 -0.343739 -0.101869
vn 0.976746 -0.200843 -0.075030
vn 0.949120 -0.259202 -0.178843
vn 0.956882 -0.279454 0.079268
vn 0.943280 -0.223487 -0.245513
vn 0.877926 -0.392522 -0.274177
vn 0.009308 -0.415469 0.909560
vn -0.058530 -0.449936 0.891141
vn -0.058530 -0.449936 0.891141
vn 0.117671 -0.503874 0.855724
vn 0.986381 -0.111279 -0.121116
vn 0.963092 -0.156696 -0.218862
vn 0.854971 -0.134141 -0.501030
vn 0.718007 -0.140842 -0.681638
vn 0.818443 -0.256433 -0.514192
vn 0.821555 -0.309733 -0.478657
vn 0.690265 0.238086 -0.683264
vn 0.791867 -0.147961 -0.592498
vn 0.884012 -0.137507 -0.446783
vn 0.828458 -0.110955 -0.548950
vn 0.810058 -0.174622 -0.559744
vn 0.830350 -0.124368 -0.543186
vn 0.876252 -0.265872 0.401864
vn 0.704964 -0.125725 0.698011
vn 0.765633 -0.229620 0.600900
vn 0.977454 -0.135666 -0.161797
vn 0.991739 0.034483 -0.123551
vn 0.922346 -0.248475 -0.295867
vn 0.921610 -0.265548 -0.283054
vn 0.602263 -0.767950 -0.218018
vn 0.952122 -0.293828 -0.084427
vn 0.965596 -0.240404 -0.099143
vn 0.944554 -0.277851 -0.174978
vn 0.710874 -0.042633 -0.702026
vn 0.231562 -0.957492 -0.172014
vn 0.521828 -0.548733 -0.653136
vn 0.242297 -0.889788 -0.386742
vn 0.939302 -0.328958 -0.097455
vn 0.974368 -0.205966 -0.090473
vn 0.943876 -0.276275 -0.181026
vn 0.986061 -0.128849 -0.105269
vn 0.969070 -0.114547 0.218593
vn 0.634724 0.104470 -0.765644
vn 0.672911 0.094188 -0.733702
vn 0.617262 0.220521 -0.755221
vn 0.705624 -0.630867 -0.322647
vn 0.781707 0.002263 0.623642
vn 0.781707 0.002263 0.623642
vn 0.895872 0.085567 0.435995
vn 0.895779 -0.150603 0.418210
vn 0.895779 -0.150603 0.418210
vn 0.832322 0.395115 -0.388746
vn 0.745944 0.422283 -0.515019
vn 0.727446 0.569046 -0.383418
vn -0.180280 0.473839 -0.861961
vn 0.841237 0.079858 -0.534737
vn 0.445158 0.622421 -0.643760
vn 0.773574 -0.256417 -0.579511
vn 0.883224 0.129675 -0.450666
vn 0.944606 -0.295653 -0.142510
vn 0.552701 -0.729869 0.402260
vn 0.813709 -0.088203 -0.574541
vn 0.882790 -0.232493 -0.408202
vn 0.296566 0.086289 -0.951106
vn 0.051116 0.427848 -0.902404
vn 0.685063 -0.477279 -0.550357
vn 0.484113 -0.293470 -0.824324
vn 0.937474 -0.340625 0.071536
vn 0.972534 -0.218913 0.079089
vn 0.938312 -0.127531 -0.321414
vn 0.992695 -0.117005 -0.029441
vn 0.905756 -0.144385 0.398446
vn 0.905756 -0.144385 0.398446
vn 0.315839 0.053541 -0.947301
vn 0.605567 -0.035178 -0.795016
vn 0.230537 0.012804 -0.972979
vn 0.696111 -0.251427 -0.672468
vn 0.911772 -0.224915 -0.343635
vn 0.442904 -0.851320 -0.281231
vn 0.381759 -0.853381 -0.354966
vn 0.533365 -0.611761 -0.584183
vn 0.510233 -0.813710 -0.278457
vn 0.872800 0.152144 -0.463759
vn 0.831343 0.455348 -0.318632
vn 0.943830 0.067677 -0.323428
vn 0.815071 0.534716 -0.223020
vn 0.897015 0.355555 -0.262574
vn -0.663036 -0.322513 0.675551
vn 0.562339 -0.727809 -0.392515
vn 0.640842 -0.411653 -0.647969
vn 0.859017 0.159590 -0.486436
vn -0.381063 0.854584 -0.352814
vn 0.884283 0.375904 -0.277020
vn 0.930166 -0.365863 0.030582
vn 0.949405 -0.308796 0.057237
vn 0.828411 -0.181164 -0.530013
vn 0.791318 -0.112212 -0.601019
vn -0.244737 0.192019 0.950385
vn -0.244737 0.192019 0.950385
vn -0.107359 0.078537 0.991114
vn -0.267861 0.530857 0.804016
vn -0.379442 -0.924028 -0.046868
vn -0.366048 -0.846597 0.386371
vn 0.874822 -0.255129 -0.411819
vn 0.579321 -0.551853 -0.599871
vn 0.193220 -0.727424 -0.658422
vn 0.528103 -0.548429 -0.648331
vn 0.942451 -0.225050 -0.247262
vn 0.935878 -0.160360 -0.313714
vn 0.586997 0.104465 -0.802821
vn -0.862742 0.497300 -0.091483
vn 0.613747 0.702418 -0.360450
vn 0.832776 0.313904 -0.456014
vn 0.448240 -0.544187 -0.709184
vn 0.727638 -0.341249 -0.595056
vn 0.528598 -0.490379 -0.692902
vn 0.770079 -0.247414 -0.588018
vn 0.839172 -0.077651 -0.538294
vn 0.577243 0.068651 -0.813681
vn 0.856192 0.467449 0.220060
vn 0.196328 -0.206694 -0.958505
vn 0.309714 -0.431590 -0.847235
vn 0.125146 -0.168554 -0.977716
vn 0.069749 0.137742 -0.988009
vn 0.465947 -0.879424 0.097505
vn 0.769966 -0.635853 0.053322
vn 0.238309 -0.697683 -0.675609
vn 0.135345 -0.619351 -0.773360
vn 0.644821 -0.130125 -0.753175
vn 0.710814 0.227887 -0.665440
vn 0.703998 -0.350143 -0.617889
vn 0.567552 -0.263260 -0.780114
vn 0.628355 -0.079219 -0.773883
vn 0.326892 0.602646 -0.727983
vn -0.341917 0.303467 -0.889382
vn 0.966000 -0.258534 -0.002121
vn 0.960498 0.276633 -0.030297
vn 0.784910 0.247662 -0.567961
vn 0.566529 -0.630263 -0.530862
vn 0.145484 0.836179 -0.528808
vn 0.392868 0.919595 0.000858
vn 0.134096 0.990897 0.011914
vn 0.089269 0.672318 -0.734861
vn 0.244807 -0.819760 -0.517748
vn 0.706242 -0.172072 -0.686741
vn 0.625719 0.059649 -0.777765
vn 0.413474 -0.479922 -0.773766
vn 0.504768 -0.548187 -0.666858
vn 0.639192 -0.130564 -0.757883
vn 0.561057 0.527788 -0.637695
vn 0.885057 0.262111 -0.384670
vn 0.713888 0.452396 0.534510
vn 0.878146 -0.416667 -0.235048
vn 0.928433 -0.059711 -0.366669
vn 0.892686 0.430117 -0.134577
vn 0.902867 -0.052945 -0.426648
vn 0.994141 -0.021398 -0.105951
vn 0.952722 -0.008777 -0.303718
vn 0.991711 -0.039048 -0.122413
vn 0.933992 -0.270545 -0.233377
vn 0.305362 -0.605135 -0.735232
vn 0.090844 -0.585920 -0.805261
vn 0.060801 -0.774344 -0.629837
vn 0.182514 -0.737514 -0.650201
vn 0.710594 -0.373761 -0.596119
vn 0.741107 -0.431548 -0.514322
vn 0.394254 0.247363 -0.885085
vn 0.035330 -0.185024 -0.982099
vn 0.336037 -0.483546 -0.808247
vn 0.003274 -0.327129 -0.944974
vn 0.410423 -0.048727 -0.910593
vn 0.540851 -0.040863 -0.840125
vn 0.928661 -0.056733 -0.366566
vn 0.978256 -0.077390 -0.192423
vn 0.969904 -0.115088 -0.214572
vn 0.821438 0.566448 -0.066156
vn 0.769062 0.535348 -0.349206
vn 0.970182 0.195907 -0.142711
vn 0.965080 0.251096 0.074639
vn 0.194237 -0.351028 -0.915998
vn 0.975043 -0.220985 0.021384
vn 0.705071 -0.378667 0.599572
vn 0.796500 -0.375407 0.473981
vn 0.982293 -0.151890 -0.109678
vn 0.709195 -0.088113 -0.699485
vn 0.986716 -0.123209 -0.105879
vn 0.962345 0.101054 -0.252348
vn 0.985879 -0.129980 0.105580
vn 0.669099 0.006492 0.743145
vn 0.111784 -0.329511 0.937511
vn -0.124176 -0.191290 0.973647
vn -0.124176 -0.191290 0.973647
vn 0.076039 -0.347224 0.934694
vn 0.076039 -0.347224 0.934694
vn 0.222247 -0.407733 0.885641
vn 0.986959 -0.160787 0.007753
vn 0.679256 -0.463123 0.569323
vn 0.627334 -0.731355 0.267528
vn 0.656343 -0.709810 -0.255701
vn 0.900333 -0.230826 -0.368943
vn 0.970500 -0.202138 -0.131412
vn 0.890988 0.010643 -0.453903
vn 0.666463 0.197819 -0.718814
vn 0.613607 0.400818 -0.680317
vn 0.884622 0.255958 -0.389781
vn -0.380102 -0.813470 -0.440214
vn 0.591755 0.805960 -0.015964
vn 0.141671 0.847603 -0.511369
vn 0.000004 -0.908030 -0.418905
vn 0.000013 -0.672929 -0.739707
vn -0.002181 0.999616 0.027632
vn 0.001041 -0.101631 0.994822
vn 0.001041 -0.101631 0.994822
vn 0.001041 -0.101631 0.994822
vn 0.001041 -0.101631 0.994822
vn 0.981930 -0.125899 -0.141288
vn 0.972610 -0.178873 -0.148440
vn 0.973249 -0.209974 -0.093262
vn 0.887628 0.050618 -0.457771
vn 0.935553 0.123864 -0.330753
vn 0.753274 0.476419 -0.453435
vn 0.687313 0.427352 -0.587343
vn 0.477196 0.732550 -0.485443
vn 0.528004 0.779552 -0.336915
vn 0.935396 -0.045912 -0.350608
vn 0.849084 -0.025153 -0.527659
vn 0.918816 -0.125630 -0.374158
vn 0.950762 0.025436 -0.308876
vn 0.990213 0.066669 -0.122607
vn 0.950921 -0.303704 -0.059277
vn 0.919501 -0.391500 -0.035302
vn 0.918952 -0.387321 -0.074231
vn 0.937437 -0.325530 -0.123457
vn 0.966420 -0.024779 -0.255770
vn 0.951930 -0.063421 -0.299680
vn 0.939152 -0.008226 -0.343403
vn 0.922738 0.006382 -0.385375
vn 0.995291 0.077085 0.058766
vn 0.996033 0.050028 -0.073590
vn 0.983525 0.175483 0.043400
vn 0.973129 0.180294 0.143229
vn 0.146094 -0.621007 -0.770069
vn 0.392802 -0.566052 -0.724770
vn 0.326749 -0.309101 -0.893136
vn 0.198464 -0.318042 -0.927072
vn 0.178928 0.165042 -0.969921
vn 0.101477 0.152884 -0.983020
vn 0.036411 0.473416 -0.880086
vn 0.893126 -0.273543 0.357072
vn 0.886019 -0.135429 0.443430
vn 0.969999 -0.188077 0.154041
vn 0.844229 -0.360368 0.396752
vn 0.844229 -0.360368 0.396752
vn 0.845207 -0.309293 0.435848
vn 0.845207 -0.309293 0.435848
vn 0.586340 0.789515 -0.181305
vn 0.637270 0.766976 0.075064
vn 0.959452 -0.222690 -0.172805
vn 0.973956 -0.122343 -0.190898
vn 0.957844 -0.282036 -0.054685
vn 0.232962 -0.218924 -0.947524
vn 0.479092 -0.185973 -0.857838
vn 0.426090 -0.602483 -0.674879
vn 0.164773 -0.659433 -0.733483
vn 0.604148 -0.223767 -0.764810
vn 0.646409 -0.454780 -0.612642
vn 0.257242 -0.048873 -0.965110
vn 0.114700 -0.923568 -0.365877
vn 0.145566 -0.967620 -0.206208
vn 0.834010 0.305824 -0.459238
vn 0.816088 0.327367 -0.476268
vn 0.664021 0.344286 -0.663734
vn 0.665997 0.275950 -0.693037
vn 0.787631 -0.164543 -0.593770
vn 0.485852 -0.119700 -0.865806
vn 0.391924 0.032697 -0.919416
vn 0.721442 -0.103447 -0.684705
vn 0.931009 -0.115350 -0.346290
vn 0.634295 0.138884 -0.760514
vn 0.843446 0.043988 -0.535410
vn 0.928601 0.065419 -0.365269
vn 0.586149 -0.161079 -0.794030
vn 0.818338 -0.211409 -0.534442
vn 0.569273 0.467614 -0.676215
vn 0.539978 0.477962 -0.692803
vn 0.336730 0.390517 -0.856802
vn 0.533960 0.345772 -0.771575
vn 0.467576 0.315121 -0.825876
vn 0.277531 0.332380 -0.901388
vn 0.186481 -0.883214 -0.430299
vn 0.939894 -0.178421 -0.291146
vn 0.922189 -0.249389 -0.295590
vn 0.727715 -0.463442 -0.505622
vn 0.790991 -0.450836 -0.413618
vn 0.778095 -0.561676 -0.281228
vn 0.741800 -0.579198 -0.338028
vn 0.749788 -0.635441 -0.184480
vn 0.857541 -0.502072 -0.112018
vn 0.871160 -0.432426 -0.232568
vn 0.498326 0.464623 -0.731981
vn 0.811239 0.373861 -0.449578
vn 0.783478 0.411369 -0.465765
vn 0.732171 0.228238 -0.641742
vn 0.285150 0.098657 -0.953392
vn 0.303376 -0.201913 -0.931233
vn 0.650929 -0.675671 -0.346064
vn 0.568039 -0.665613 -0.484037
vn 0.618855 0.166377 -0.767683
vn 0.644044 -0.247941 -0.723694
vn 0.578472 0.212993 -0.787403
vn 0.450023 -0.872852 -0.188702
vn 0.526628 -0.701823 -0.479696
vn 0.496230 0.058810 -0.866197
vn 0.548135 -0.133816 -0.825616
vn 0.835403 -0.067876 -0.545431
vn 0.730053 -0.534833 -0.425413
vn 0.546601 -0.642395 -0.537173
vn 0.580855 -0.275252 -0.766057
vn 0.509786 -0.279245 -0.813720
vn 0.590222 -0.306325 -0.746863
vn 0.531994 -0.068649 -0.843960
vn 0.403920 -0.241227 -0.882416
vn 0.535818 -0.117183 -0.836162
vn 0.422136 -0.378456 -0.823755
vn 0.152609 -0.137548 -0.978668
vn 0.829849 0.335668 -0.445732
vn 0.916491 0.297241 -0.267753
vn 0.976036 -0.031351 -0.215339
vn 0.925240 0.315395 -0.210847
vn 0.542501 -0.105432 -0.833413
vn 0.862888 -0.425286 -0.273049
vn 0.081848 0.037363 -0.995944
vn 0.186866 0.125599 -0.974323
vn 0.350191 0.073388 -0.933799
vn 0.440992 0.183039 -0.878648
vn 0.423502 -0.571165 -0.703148
vn 0.334257 -0.473818 -0.814720
vn 0.161409 -0.426860 -0.889796
vn 0.146904 -0.725055 -0.672841
vn 0.473253 -0.590993 -0.653268
vn 0.830619 0.465208 -0.306029
vn 0.689136 -0.285489 -0.666024
vn 0.932022 -0.109142 -0.345575
vn 0.886711 -0.232310 -0.399720
vn 0.646839 0.308831 -0.697296
vn 0.638348 0.378171 -0.670446
vn 0.424415 0.401466 -0.811601
vn 0.851522 0.169476 -0.496173
vn 0.878116 0.263087 -0.399621
vn 0.430210 0.349467 -0.832341
vn 0.438058 0.016956 -0.898787
vn 0.268709 -0.597993 -0.755115
vn 0.278239 -0.536358 -0.796808
vn 0.309942 -0.467246 -0.828020
vn 0.218047 -0.522433 -0.824330
vn 0.830949 0.335037 -0.444155
vn 0.573918 0.465341 -0.673851
vn 0.543559 0.304153 -0.782327
vn 0.383558 0.260608 -0.885984
vn 0.434178 0.325769 -0.839860
vn 0.296586 0.244921 -0.923066
vn 0.322335 0.267100 -0.908162
vn 0.646727 0.261835 -0.716370
vn 0.741678 -0.085700 -0.665258
vn 0.784651 0.028241 -0.619294
vn 0.591573 -0.172468 -0.787589
vn 0.381255 -0.287940 -0.878485
vn 0.782209 -0.291910 -0.550397
vn 0.783460 -0.356330 -0.509136
vn 0.779040 -0.186216 -0.598682
vn 0.154250 -0.797648 -0.583065
vn 0.580932 -0.173257 -0.795299
vn 0.037619 -0.881462 -0.470755
vn 0.122323 -0.681403 -0.721614
vn 0.273679 0.001558 -0.961820
vn -0.018154 0.211731 -0.977159
vn 0.110807 -0.631155 -0.767701
vn 0.001603 -0.428382 -0.903597
vn -0.245629 0.138184 -0.959464
vn -0.356007 0.028191 -0.934058
vn -0.012019 -0.503370 -0.863987
vn 0.179759 -0.706191 -0.684822
vn 0.069327 -0.770010 -0.634255
vn 0.791169 -0.098913 -0.603546
vn -0.952822 0.303527 0.001307
vn -0.986052 -0.166003 0.012030
vn 0.297873 -0.313466 -0.901671
vn 0.447991 -0.415432 -0.791656
vn 0.548067 -0.243795 -0.800117
vn 0.145594 -0.199535 -0.969014
vn 0.089236 -0.260493 -0.961343
vn 0.635252 -0.132183 -0.760909
vn 0.616683 -0.023794 -0.786852
vn -0.135091 0.166795 -0.976693
vn 0.177722 0.137022 -0.974495
vn 0.444325 0.340305 -0.828715
vn 0.225777 0.400676 -0.887966
vn 0.567307 0.296490 -0.768282
vn 0.106929 0.027879 -0.993876
vn 0.017981 0.463279 -0.886030
vn -0.137194 0.403815 -0.904495
vn 0.403672 -0.605572 -0.685807
vn 0.449148 -0.516610 -0.728959
vn -0.565837 0.824517 0.000287
vn 0.277600 -0.188222 -0.942078
vn 0.329570 0.223049 -0.917405
vn 0.656867 -0.402154 -0.637807
vn -0.271454 -0.775863 0.569516
vn -0.014451 -0.997217 0.073147
vn 0.277491 -0.386750 -0.879445
vn 0.251640 -0.042448 -0.966890
vn 0.417104 -0.378739 -0.826185
vn 0.375418 -0.569384 -0.731343
vn 0.261757 -0.577335 -0.773413
vn 0.539420 -0.429627 -0.724187
vn 0.458388 -0.058252 -0.886841
vn 0.344596 -0.004453 -0.938741
vn 0.164774 -0.936044 -0.310921
vn 0.152026 -0.921088 -0.358447
vn 0.198125 -0.603802 -0.772120
vn 0.172989 0.046513 -0.983825
vn 0.219275 -0.270888 -0.937304
vn 0.207832 -0.614031 -0.761428
vn 0.507002 -0.424779 -0.750008
vn 0.496994 -0.141677 -0.856110
vn -0.193641 -0.911716 0.362321
vn -0.250891 0.682496 0.686479
vn -0.450687 -0.425994 0.784481
vn -0.310277 -0.554611 0.772098
vn -0.013010 -0.930749 0.365427
vn -0.197851 -0.513903 0.834721
vn 0.632559 -0.243168 0.735349
vn 0.734894 -0.022206 0.677818
vn 0.947406 -0.062848 0.313803
vn 0.917327 -0.207840 0.339580
vn 0.988561 -0.076418 -0.130028
vn 0.997021 -0.011642 -0.076247
vn 0.616332 -0.463440 0.636678
vn 0.616332 -0.463440 0.636678
vn 0.742114 -0.451018 0.495831
vn 0.535531 -0.405015 0.741059
vn 0.863629 -0.353146 0.359767
vn -0.283389 -0.712990 0.641355
vn -0.416589 -0.413403 0.809662
vn 0.990442 0.041606 -0.131504
vn 0.736528 -0.586232 -0.337428
vn 0.939657 -0.108575 -0.324433
vn -0.102367 0.937800 -0.331740
vn 0.496289 0.686291 -0.531697
vn -0.597772 0.589896 -0.542854
vn -0.688942 0.724771 -0.008104
vn -0.424331 0.810220 0.404334
vn 0.450472 0.855029 0.256906
vn 0.517190 0.517003 0.682073
vn 0.855748 -0.346243 -0.384463
vn 0.792692 -0.608786 0.031922
vn -0.453507 0.613560 0.646433
vn -0.453507 0.613560 0.646433
vn 0.840576 0.281756 0.462651
vn -0.639129 0.718829 0.273494
vn 0.630781 0.769457 0.100256
vn 0.187179 0.651519 -0.735179
vn 0.162529 0.412605 -0.896293
vn 0.113542 0.328679 -0.937592
vn 0.227105 0.380729 -0.896364
vn 0.468462 -0.845441 -0.256462
vn 0.517005 0.279415 -0.809094
vn 0.073429 0.302172 -0.950421
vn 0.439620 0.057777 -0.896324
vn 0.384938 0.595939 -0.704754
vn 0.221058 0.294816 -0.929633
vn 0.324285 -0.106787 -0.939913
vn 0.118886 -0.561521 -0.818877
vn 0.140239 -0.629226 -0.764465
vn 0.127897 -0.986751 0.099823
vn 0.575582 0.528643 -0.623892
vn 0.605919 0.673461 -0.423453
vn 0.192606 -0.424258 -0.884821
vn 0.703033 0.311195 -0.639455
vn -0.274203 -0.957600 0.088405
vn 0.836309 0.272856 -0.475539
vn -0.772107 -0.634969 0.025786
vn -0.600505 -0.797640 0.056252
vn 0.391085 -0.559680 -0.730623
vn 0.968287 -0.237628 -0.077159
vn 0.997561 0.066316 0.021754
vn 0.981626 0.087831 0.169398
vn 0.946507 -0.095397 0.308259
vn 0.871393 -0.285911 0.398659
vn 0.980499 0.022741 0.195202
vn 0.964123 0.016415 0.264946
vn 0.820401 -0.396216 0.412256
vn 0.363145 -0.830493 -0.422382
vn 0.577083 -0.721979 -0.381734
vn 0.886583 -0.426502 -0.179071
vn 0.920806 0.176546 -0.347777
vn 0.225350 0.831897 -0.507114
vn 0.430911 0.770079 -0.470418
vn 0.876100 -0.373840 -0.304453
vn 0.290501 0.084221 -0.953161
vn 0.594493 0.129628 -0.793583
vn 0.416625 0.074166 -0.906048
vn 0.525490 0.264266 -0.808717
vn 0.517113 0.149970 -0.842676
vn 0.419575 -0.238227 -0.875902
vn 0.238358 -0.383769 -0.892136
vn 0.898649 -0.384945 0.210352
vn 0.973317 -0.120344 -0.195373
vn 0.971553 -0.105652 -0.211947
vn 0.974627 -0.032779 -0.221421
vn 0.985422 -0.087021 -0.146189
vn 0.720708 0.092721 -0.687010
vn 0.981830 -0.109513 -0.154974
vn 0.982040 -0.086781 -0.167532
vn 0.855462 0.356217 -0.375890
vn 0.870032 -0.409996 -0.273765
vn 0.797377 -0.425255 -0.428192
vn 0.406370 -0.009415 -0.913660
vn 0.822482 -0.246687 -0.512513
vn 0.655007 -0.196898 -0.729518
vn 0.787278 -0.346266 -0.510190
vn 0.944969 -0.169276 -0.279962
vn 0.655550 -0.342265 -0.673134
vn 0.712325 -0.392226 -0.582024
vn 0.509168 0.275032 -0.815540
vn 0.531211 0.189017 -0.825886
vn 0.570472 -0.294810 -0.766582
vn 0.488632 -0.311786 -0.814879
vn 0.412528 -0.163253 -0.896197
vn 0.244789 0.030536 -0.969095
vn 0.815245 0.248077 -0.523291
vn 0.982064 -0.117991 -0.147065
vn 0.979180 -0.113452 -0.168332
vn 0.510660 -0.350750 -0.784985
vn 0.533927 0.303030 -0.789364
vn -0.419511 -0.582709 0.696032
vn 0.409722 0.235788 -0.881211
vn 0.577270 0.322332 -0.750241
vn 0.347896 0.622919 -0.700672
vn 0.276072 0.557129 -0.783193
vn 0.589571 -0.192002 -0.784564
vn 0.756285 -0.111939 -0.644595
vn 0.838406 -0.230827 -0.493755
vn 0.638387 -0.376067 -0.671592
vn 0.336601 -0.186497 -0.922994
vn 0.935043 -0.320741 -0.151059
vn 0.910272 -0.412116 -0.039564
vn 0.662755 0.373154 -0.649240
vn 0.410700 0.687758 -0.598594
vn 0.918668 -0.388143 -0.073449
vn 0.940031 -0.253128 -0.228622
vn 0.949038 -0.168016 -0.266640
vn 0.987790 0.084745 0.130724
vn 0.793771 0.571117 0.209172
vn 0.613626 0.737541 0.281951
vn 0.163407 0.506940 -0.846351
vn 0.260255 0.146239 -0.954401
vn 0.516971 -0.489717 -0.702081
vn 0.392172 -0.268747 -0.879759
vn 0.549258 0.022595 -0.835347
vn 0.065877 0.483920 -0.872629
vn 0.979384 0.126690 -0.157343
vn 0.834977 0.300452 0.461023
vn 0.741088 0.568549 0.357128
vn 0.919886 0.277513 0.277120
vn 0.581748 0.711720 0.393731
vn 0.936205 0.057999 0.346636
vn 0.221977 0.945664 -0.237582
vn 0.454021 0.859530 -0.234679
vn 0.153008 0.941050 0.301684
vn 0.122667 0.747746 0.652556
vn 0.392654 0.694002 0.603476
vn 0.401118 0.879800 0.255063
vn 0.162938 0.449382 0.878355
vn 0.384964 0.394947 0.834158
vn 0.400093 0.916410 -0.010866
vn 0.193763 0.980751 0.024154
vn 0.196180 0.217601 0.956119
vn 0.377685 0.186598 0.906938
vn 0.196119 0.004720 0.980569
vn 0.361382 -0.029073 0.931964
vn 0.324226 -0.297706 0.897914
vn 0.221298 -0.299632 0.928034
vn -0.005338 -0.418767 0.908078
vn 0.221766 -0.330553 0.917363
vn 0.007721 0.387300 0.921921
vn 0.118673 0.513926 0.849586
vn 0.253723 0.528005 0.810454
vn 0.206988 0.381297 0.900982
vn 0.055130 0.493377 0.868067
vn 0.126994 0.520292 0.844493
vn -0.160648 -0.082386 0.983567
vn -0.160648 -0.082386 0.983567
vn 0.165871 0.011095 0.986085
vn 0.165871 0.011095 0.986085
vn 0.589392 0.773548 -0.232898
vn 0.710523 0.666124 -0.226794
vn 0.721403 0.540847 0.432507
vn 0.604818 0.612755 0.508651
vn 0.571492 0.360714 0.737077
vn 0.705477 0.323021 0.630841
vn 0.735017 0.652598 0.184027
vn 0.594056 0.775021 0.215499
vn 0.715603 0.698142 -0.022569
vn 0.573385 0.818638 -0.032583
vn 0.666592 0.132993 0.733463
vn 0.522493 0.160608 0.837381
vn 0.486449 -0.045254 0.872536
vn 0.655627 -0.063843 0.752381
vn 0.629928 -0.287644 0.721423
vn 0.457297 -0.288026 0.841380
vn 0.461185 -0.293410 0.837388
vn 0.642309 -0.274008 0.715793
vn 0.529899 0.063110 0.845709
vn 0.529899 0.063110 0.845709
vn 0.590687 0.563291 0.577748
vn 0.720868 0.337552 0.605317
vn 0.481466 0.378968 0.790300
vn 0.418585 0.551919 0.721229
vn 0.292985 0.589550 0.752722
vn 0.853012 0.500751 0.147032
vn 0.842111 0.436313 0.316987
vn 0.931077 0.300239 0.207251
vn 0.927666 0.356079 0.112442
vn 0.930817 0.360755 -0.058605
vn 0.847665 0.530519 -0.003843
vn 0.766357 0.085111 0.636752
vn 0.816317 0.267374 0.511994
vn 0.762147 -0.270628 0.588126
vn 0.761065 -0.124399 0.636635
vn 0.807054 -0.275380 0.522331
vn 0.959570 0.125660 0.251863
vn 0.783729 -0.306840 0.540017
vn 0.801332 -0.337089 0.494205
vn 0.893343 -0.136804 0.428046
vn 0.806981 -0.159216 0.568711
vn 0.935934 0.028435 0.351025
vn 0.869374 0.050787 0.491538
vn 0.904543 0.210599 0.370743
vn 0.876995 -0.213993 0.430218
vn 0.876995 -0.213993 0.430218
vn 0.807614 -0.374181 0.455793
vn 0.838296 -0.326674 0.436513
vn 0.924141 0.235387 0.300925
vn 0.902811 0.428625 0.034824
vn 0.920872 -0.121919 -0.370310
vn 0.866647 -0.420367 -0.268727
vn 0.460284 0.650972 0.603635
vn -0.937731 0.017858 0.346903
vn 0.398349 0.477771 -0.782977
vn -0.107626 0.972606 -0.206045
vn 0.553896 0.169295 -0.815192
vn 0.460253 0.565190 -0.684637
vn 0.311134 0.801913 -0.510031
vn 0.580070 0.323877 -0.747411
vn 0.426320 0.264507 -0.865036
vn 0.171184 0.196667 -0.965411
vn 0.161936 0.367624 -0.915767
vn 0.407285 0.458967 -0.789600
vn -0.379131 0.784820 0.490221
vn -0.075794 0.995844 0.050498
vn 0.073757 0.789090 -0.609834
vn 0.293587 0.812365 -0.503855
vn 0.010948 0.997681 0.067183
vn -0.093785 0.991155 0.093898
vn -0.510638 -0.791450 0.335940
vn 0.184500 -0.573894 -0.797876
vn 0.123970 0.147598 -0.981247
vn -0.785134 0.100752 0.611076
vn 0.472535 0.106718 -0.874827
vn -0.421997 0.372112 0.826711
vn -0.219066 0.655097 0.723089
vn -0.363390 0.536134 0.761910
vn 0.000002 -0.676376 -0.736557
vn 0.000001 0.302078 -0.953283
vn -0.000007 -0.983493 -0.180946
vn -0.000108 0.974422 -0.224728
vn -0.000480 -0.294248 0.955729
vn -0.000480 -0.294248 0.955729
vn 0.000000 -0.239076 -0.971001
vn -0.000007 0.562863 -0.826550
vn 0.000011 -0.974907 -0.222613
vn 0.000015 -0.643470 -0.765472
vn 0.000000 -0.972561 -0.232647
vn 0.000002 -0.090425 -0.995903
vn 0.000006 0.057624 -0.998338
vn 0.000003 0.409434 0.912340
vn 0.000003 0.409434 0.912340
vn 0.000002 0.129793 -0.991541
vn 0.000002 -0.025422 -0.999677
vn 0.000002 -0.276301 -0.961071
vn 0.000000 0.024593 -0.999698
vn -0.002148 0.419611 -0.907701
vn 0.000003 0.126465 -0.991971
vn -0.000004 0.086145 -0.996283
vn -0.000016 -0.898592 0.438784
vn -0.004496 0.470887 0.882182
vn -0.004496 0.470887 0.882182
vn -0.001572 0.232775 0.972529
vn -0.001572 0.232775 0.972529
vn -0.005285 0.666111 -0.745834
vn 0.000001 -0.901597 -0.432576
vn -0.000010 0.552572 -0.833465
vn 0.540116 0.381229 0.750293
vn -0.332933 -0.874213 -0.353423
vn -0.571256 -0.753614 -0.325165
vn -0.370478 -0.910169 -0.185307
vn -0.851412 0.223292 -0.474594
vn -0.962703 0.054542 -0.265007
vn -0.848983 0.042504 -0.526707
vn -0.705919 0.287355 -0.647384
vn -0.843818 0.263863 -0.467277
vn -0.860876 -0.014144 -0.508619
vn -0.864989 0.049303 -0.499362
vn -0.506621 0.292231 -0.811133
vn -0.602591 0.272462 -0.750099
vn -0.779208 0.290534 -0.555360
vn -0.223707 -0.239910 -0.944668
vn -0.283475 -0.718578 -0.635049
vn -0.383056 -0.550435 -0.741815
vn -0.155352 -0.478372 -0.864307
vn -0.061439 -0.638328 -0.767309
vn -0.849202 -0.215554 -0.482072
vn -0.481568 -0.712053 -0.510953
vn -0.861245 -0.492758 -0.124285
vn -0.836395 -0.015056 -0.547921
vn -0.808235 -0.331033 -0.487004
vn -0.815658 -0.013335 -0.578381
vn -0.954677 -0.297124 -0.017573
vn -0.987177 -0.158287 -0.020651
vn -0.968274 -0.225230 -0.108248
vn -0.962398 -0.245265 0.116769
vn -0.958375 -0.203004 -0.200765
vn -0.897734 -0.377418 -0.227222
vn -0.003799 -0.416938 0.908927
vn 0.064389 -0.452434 0.889470
vn 0.064389 -0.452434 0.889470
vn -0.113334 -0.499631 0.858792
vn -0.992212 -0.098985 -0.075618
vn -0.975175 -0.138846 -0.172500
vn -0.880058 -0.112568 -0.461332
vn -0.750567 -0.128130 -0.648252
vn -0.854600 -0.243469 -0.458674
vn -0.846062 -0.298788 -0.441479
vn -0.724450 0.255413 -0.640263
vn -0.848984 -0.156593 -0.504683
vn -0.936568 -0.124116 -0.327774
vn -0.889023 -0.073484 -0.451926
vn -0.873159 -0.141124 -0.466559
vn -0.891954 -0.104002 -0.440001
vn -0.860576 -0.237521 0.450548
vn -0.668209 -0.102608 0.736864
vn -0.737400 -0.187411 0.648936
vn -0.983858 -0.136180 -0.116095
vn -0.996732 0.036721 -0.071957
vn -0.938591 -0.244259 -0.243689
vn -0.938801 -0.251627 -0.235239
vn -0.602264 -0.767950 -0.218017
vn -0.959919 -0.279483 -0.021080
vn -0.967038 -0.252292 -0.034446
vn -0.954146 -0.283634 -0.095694
vn -0.710871 -0.042629 -0.702029
vn -0.231619 -0.957460 -0.172114
vn -0.521831 -0.548734 -0.653134
vn -0.242376 -0.889645 -0.387022
vn -0.948545 -0.310299 -0.063065
vn -0.984222 -0.160357 -0.074779
vn -0.957345 -0.240976 -0.159443
vn -0.992051 -0.075920 -0.100358
vn -0.974445 -0.062294 0.215815
vn -0.634711 0.104474 -0.765654
vn -0.672911 0.094174 -0.733704
vn -0.617249 0.220533 -0.755227
vn -0.705619 -0.630873 -0.322647
vn -0.801260 0.025472 0.597773
vn -0.801260 0.025472 0.597773
vn -0.905279 0.120740 0.407299
vn -0.915642 -0.115917 0.384919
vn -0.915642 -0.115917 0.384919
vn -0.858891 0.383615 -0.339333
vn -0.775688 0.420516 -0.470611
vn -0.760313 0.547952 -0.348817
vn 0.178745 0.470440 -0.864139
vn -0.867520 0.151268 -0.473842
vn -0.453291 0.647556 -0.612535
vn -0.812161 -0.249752 -0.527274
vn -0.915589 0.144627 -0.375207
vn -0.958942 -0.273872 -0.073648
vn -0.553281 -0.708110 0.438703
vn -0.830401 -0.058542 -0.554082
vn -0.917069 -0.187055 -0.352130
vn -0.311719 0.096567 -0.945255
vn -0.048013 0.428647 -0.902196
vn -0.696995 -0.483585 -0.529475
vn -0.503912 -0.298335 -0.810598
vn -0.945529 -0.307376 0.107211
vn -0.974701 -0.173675 0.140695
vn -0.956291 -0.099620 -0.274924
vn -0.996080 -0.085218 0.023729
vn -0.924440 -0.104553 0.366713
vn -0.924440 -0.104553 0.366713
vn -0.315836 0.053540 -0.947302
vn -0.605524 -0.035210 -0.795048
vn -0.229314 0.012447 -0.973273
vn -0.696112 -0.251430 -0.672467
vn -0.911769 -0.224919 -0.343639
vn -0.442902 -0.851314 -0.281252
vn -0.381751 -0.853384 -0.354968
vn -0.533354 -0.611763 -0.584191
vn -0.510235 -0.813705 -0.278466
vn -0.872794 0.152168 -0.463762
vn -0.831335 0.455373 -0.318618
vn -0.943829 0.067685 -0.323428
vn -0.843776 0.493304 -0.211406
vn -0.908157 0.344681 -0.237583
vn 0.663030 -0.322513 0.675557
vn -0.562333 -0.727821 -0.392503
vn -0.640837 -0.411668 -0.647964
vn -0.883037 0.185396 -0.431131
vn 0.388292 0.843326 -0.371525
vn -0.890503 0.393489 -0.228408
vn -0.939634 -0.328034 0.097374
vn -0.955040 -0.260200 0.142105
vn -0.857254 -0.177645 -0.483278
vn -0.819502 -0.105967 -0.563194
vn 0.249295 0.191486 0.949308
vn 0.249295 0.191486 0.949308
vn 0.121476 0.081257 0.989263
vn 0.276537 0.534898 0.798380
vn 0.370072 -0.926768 -0.064395
vn 0.372027 -0.858971 0.351802
vn -0.901691 -0.245694 -0.355792
vn -0.575169 -0.541816 -0.612876
vn -0.190666 -0.724455 -0.662429
vn -0.524553 -0.538883 -0.659128
vn -0.956764 -0.255444 -0.139109
vn -0.964450 -0.186931 -0.186797
vn -0.626452 0.154876 -0.763919
vn 0.872443 0.471428 -0.128840
vn -0.631741 0.713972 -0.301904
vn -0.873421 0.308055 -0.377143
vn -0.440966 -0.535448 -0.720309
vn -0.721152 -0.325721 -0.611429
vn -0.523376 -0.481160 -0.703252
vn -0.760671 -0.235027 -0.605096
vn -0.898952 -0.073864 -0.431774
vn -0.577259 0.068620 -0.813673
vn -0.843206 0.471843 0.257619
vn -0.196322 -0.206689 -0.958508
vn -0.309712 -0.431596 -0.847233
vn -0.125152 -0.168569 -0.977712
vn -0.069745 0.137746 -0.988009
vn -0.462800 -0.881264 0.095865
vn -0.769093 -0.637094 0.051068
vn -0.237389 -0.697323 -0.676304
vn -0.134913 -0.618562 -0.774067
vn -0.644818 -0.130119 -0.753179
vn -0.710817 0.227892 -0.665436
vn -0.703992 -0.350139 -0.617898
vn -0.558118 -0.252800 -0.790314
vn -0.615908 -0.069930 -0.784708
vn -0.313673 0.606804 -0.730342
vn 0.348201 0.286691 -0.892505
vn -0.966872 -0.255199 -0.005642
vn -0.957556 0.286215 -0.034175
vn -0.784175 0.246615 -0.569430
vn -0.565761 -0.630027 -0.531959
vn -0.143396 0.835492 -0.530463
vn -0.384923 0.922948 -0.001158
vn -0.129074 0.991569 0.011442
vn -0.087553 0.673187 -0.734271
vn -0.244696 -0.819839 -0.517676
vn -0.706233 -0.172069 -0.686751
vn -0.625721 0.059659 -0.777762
vn -0.413399 -0.479996 -0.773760
vn -0.504761 -0.548191 -0.666860
vn -0.639198 -0.130549 -0.757880
vn -0.587928 0.545892 -0.596944
vn -0.902207 0.289188 -0.319988
vn -0.685292 0.433731 0.585022
vn -0.904052 -0.394762 -0.163868
vn -0.949453 -0.052256 -0.309528
vn -0.891267 0.441890 -0.101862
vn -0.915442 -0.046641 -0.399739
vn -0.998150 -0.014898 -0.058941
vn -0.968480 -0.004547 -0.249052
vn -0.995528 -0.035583 -0.087507
vn -0.945492 -0.266910 -0.186559
vn -0.302491 -0.600211 -0.740436
vn -0.089538 -0.584111 -0.806720
vn -0.059916 -0.774501 -0.629729
vn -0.179625 -0.735685 -0.653072
vn -0.712099 -0.356735 -0.604694
vn -0.743985 -0.412269 -0.525853
vn -0.394257 0.247311 -0.885098
vn -0.035319 -0.185028 -0.982098
vn -0.336046 -0.483550 -0.808241
vn -0.003284 -0.327152 -0.944966
vn -0.410418 -0.048740 -0.910594
vn -0.540850 -0.040859 -0.840126
vn -0.968550 -0.002405 -0.248809
vn -0.996746 -0.006810 -0.080320
vn -0.990655 -0.032692 -0.132412
vn -0.819932 0.568550 -0.066803
vn -0.768781 0.535775 -0.349172
vn -0.966944 0.210133 -0.144439
vn -0.959867 0.271345 0.070909
vn -0.194286 -0.350722 -0.916104
vn -0.978293 -0.198055 0.060967
vn -0.700373 -0.359336 0.616729
vn -0.789450 -0.346743 0.506496
vn -0.990908 -0.125839 -0.047605
vn -0.762675 -0.047525 -0.645033
vn -0.995130 -0.097483 0.014598
vn -0.986252 0.109106 -0.124111
vn -0.984734 -0.124271 0.121884
vn -0.664177 0.007623 0.747537
vn -0.102589 -0.327046 0.939423
vn 0.126498 -0.195101 0.972591
vn 0.126498 -0.195101 0.972591
vn -0.077224 -0.346559 0.934844
vn -0.077224 -0.346559 0.934844
vn -0.219428 -0.400290 0.889730
vn -0.988421 -0.132177 0.074515
vn -0.670212 -0.437683 0.599374
vn -0.627663 -0.717650 0.301692
vn -0.671764 -0.707745 -0.218703
vn -0.941050 -0.183094 -0.284432
vn -0.987109 -0.158795 -0.020008
vn -0.896723 0.043211 -0.440479
vn -0.666267 0.201663 -0.717928
vn -0.615261 0.406032 -0.675716
vn -0.886532 0.289758 -0.360695
vn 0.367279 -0.820750 -0.437579
vn -0.584717 0.811027 -0.018457
vn -0.141034 0.847256 -0.512120
vn 0.000002 0.161602 -0.986856
vn 0.000003 -0.109818 -0.993952
vn 0.000748 -0.497031 0.867733
vn 0.000748 -0.497031 0.867733
vn -0.977746 -0.191883 -0.084817
vn -0.973086 -0.223512 -0.056090
vn -0.969206 -0.242361 -0.043592
vn -0.886681 0.054626 -0.459143
vn -0.934534 0.132976 -0.330095
vn -0.753264 0.476438 -0.453432
vn -0.687311 0.427351 -0.587345
vn -0.477195 0.732550 -0.485443
vn -0.528003 0.779550 -0.336920
vn -0.939271 -0.023573 -0.342366
vn -0.849316 -0.023258 -0.527372
vn -0.921363 -0.116447 -0.370850
vn -0.952275 0.055404 -0.300172
vn -0.987373 0.103789 -0.119679
vn -0.950107 -0.311241 -0.020632
vn -0.921920 -0.387349 -0.004891
vn -0.920360 -0.387278 -0.054343
vn -0.934971 -0.340273 -0.100216
vn -0.976909 0.004352 -0.213613
vn -0.970151 0.014717 -0.242053
vn -0.956126 0.056341 -0.287488
vn -0.943668 0.051340 -0.326887
vn -0.996661 0.064904 0.049534
vn -0.996697 0.058534 -0.056289
vn -0.987350 0.155690 0.029999
vn -0.983257 0.144073 0.111572
vn -0.146076 -0.621006 -0.770074
vn -0.392795 -0.566051 -0.724774
vn -0.326745 -0.309104 -0.893136
vn -0.198458 -0.318043 -0.927072
vn -0.178924 0.165041 -0.969921
vn -0.101474 0.152884 -0.983021
vn -0.036407 0.473416 -0.880086
vn -0.895455 -0.235626 0.377678
vn -0.894680 -0.090322 0.437481
vn -0.973668 -0.147761 0.173604
vn -0.850217 -0.327764 0.411949
vn -0.850217 -0.327764 0.411949
vn -0.861550 -0.272422 0.428391
vn -0.861550 -0.272422 0.428391
vn -0.586340 0.789513 -0.181314
vn -0.637271 0.766976 0.075059
vn -0.956172 -0.250615 -0.151415
vn -0.968402 -0.181297 -0.171255
vn -0.960553 -0.277990 -0.007764
vn -0.232961 -0.218922 -0.947524
vn -0.479089 -0.185973 -0.857839
vn -0.426096 -0.602474 -0.674883
vn -0.164765 -0.659448 -0.733472
vn -0.604143 -0.223766 -0.764814
vn -0.646399 -0.454795 -0.612642
vn -0.257239 -0.048871 -0.965111
vn -0.114709 -0.923563 -0.365887
vn -0.145558 -0.967620 -0.206215
vn -0.834010 0.305824 -0.459238
vn -0.816087 0.327365 -0.476272
vn -0.663955 0.344321 -0.663782
vn -0.665799 0.275952 -0.693226
vn -0.770744 -0.182995 -0.610300
vn -0.475529 -0.124505 -0.870845
vn -0.382442 0.029520 -0.923508
vn -0.702077 -0.114680 -0.702806
vn -0.914053 -0.145900 -0.378445
vn -0.616306 0.132952 -0.776202
vn -0.847622 0.110191 -0.519032
vn -0.934470 0.150536 -0.322652
vn -0.577435 -0.167302 -0.799112
vn -0.805229 -0.231523 -0.545897
vn -0.569272 0.467616 -0.676213
vn -0.539957 0.477968 -0.692815
vn -0.345359 0.394770 -0.851401
vn -0.550121 0.351645 -0.757438
vn -0.475398 0.320533 -0.819302
vn -0.279404 0.334651 -0.899968
vn -0.186470 -0.883215 -0.430301
vn -0.930360 -0.216521 -0.295888
vn -0.917224 -0.270700 -0.292270
vn -0.727711 -0.463439 -0.505629
vn -0.791156 -0.450667 -0.413488
vn -0.778552 -0.561311 -0.280688
vn -0.742122 -0.578819 -0.337970
vn -0.750375 -0.634886 -0.184004
vn -0.861583 -0.496255 -0.106793
vn -0.875100 -0.427311 -0.227169
vn -0.498321 0.464620 -0.731987
vn -0.811236 0.373857 -0.449585
vn -0.783480 0.411355 -0.465774
vn -0.732087 0.228189 -0.641856
vn -0.283925 0.098256 -0.953799
vn -0.303389 -0.201931 -0.931225
vn -0.650933 -0.675671 -0.346056
vn -0.568038 -0.665619 -0.484029
vn -0.618851 0.166372 -0.767687
vn -0.644042 -0.247959 -0.723690
vn -0.578466 0.213015 -0.787402
vn -0.450022 -0.872852 -0.188703
vn -0.526619 -0.701825 -0.479702
vn -0.496226 0.058814 -0.866199
vn -0.548131 -0.133815 -0.825619
vn -0.835401 -0.067876 -0.545434
vn -0.730051 -0.534837 -0.425411
vn -0.546598 -0.642396 -0.537175
vn -0.580850 -0.275254 -0.766060
vn -0.509779 -0.279238 -0.813727
vn -0.590218 -0.306324 -0.746866
vn -0.531985 -0.068647 -0.843967
vn -0.403929 -0.241227 -0.882412
vn -0.535819 -0.117201 -0.836159
vn -0.422131 -0.378460 -0.823755
vn -0.152603 -0.137551 -0.978668
vn -0.829847 0.335676 -0.445731
vn -0.916488 0.297249 -0.267755
vn -0.976037 -0.031329 -0.215339
vn -0.925238 0.315398 -0.210851
vn -0.542493 -0.105465 -0.833414
vn -0.862887 -0.425289 -0.273048
vn -0.081836 0.037373 -0.995945
vn -0.186865 0.125606 -0.974323
vn -0.350185 0.073389 -0.933801
vn -0.440990 0.183037 -0.878650
vn -0.423504 -0.571158 -0.703152
vn -0.334264 -0.473822 -0.814715
vn -0.161411 -0.426848 -0.889802
vn -0.146908 -0.725057 -0.672838
vn -0.473111 -0.591102 -0.653272
vn -0.830617 0.465217 -0.306019
vn -0.689124 -0.285499 -0.666031
vn -0.952749 -0.042024 -0.300837
vn -0.908937 -0.182293 -0.374971
vn -0.663619 0.321390 -0.675513
vn -0.645562 0.388941 -0.657248
vn -0.425626 0.403283 -0.810065
vn -0.870000 0.200239 -0.450559
vn -0.882477 0.299231 -0.362899
vn -0.431164 0.349991 -0.831627
vn -0.438349 0.017262 -0.898639
vn -0.268713 -0.597996 -0.755112
vn -0.278238 -0.536354 -0.796811
vn -0.309933 -0.467243 -0.828025
vn -0.218033 -0.522437 -0.824330
vn -0.830945 0.335036 -0.444164
vn -0.573923 0.465338 -0.673849
vn -0.543562 0.304158 -0.782323
vn -0.381407 0.259957 -0.887102
vn -0.432253 0.325706 -0.840876
vn -0.289569 0.243946 -0.925549
vn -0.314303 0.264315 -0.911785
vn -0.630996 0.275441 -0.725242
vn -0.740761 -0.066347 -0.668484
vn -0.784924 0.067826 -0.615869
vn -0.591808 -0.164450 -0.789126
vn -0.381015 -0.287997 -0.878570
vn -0.789155 -0.266233 -0.553493
vn -0.796515 -0.327373 -0.508321
vn -0.775740 -0.167287 -0.608476
vn -0.151649 -0.795320 -0.586914
vn -0.571876 -0.165416 -0.803490
vn -0.043021 -0.878583 -0.475648
vn -0.120488 -0.682379 -0.721000
vn -0.269438 0.003515 -0.963011
vn 0.018542 0.211691 -0.977161
vn -0.110831 -0.631156 -0.767697
vn -0.001495 -0.428306 -0.903632
vn 0.245608 0.138162 -0.959473
vn 0.356011 0.028193 -0.934056
vn 0.012006 -0.503418 -0.863960
vn -0.179763 -0.706193 -0.684819
vn -0.069365 -0.769963 -0.634307
vn -0.777970 -0.084573 -0.622583
vn 0.963720 0.266913 -0.000807
vn 0.980539 -0.196091 0.009537
vn -0.297145 -0.313210 -0.902000
vn -0.441865 -0.410129 -0.797841
vn -0.543672 -0.236173 -0.805384
vn -0.141140 -0.199307 -0.969720
vn -0.084539 -0.259682 -0.961987
vn -0.622244 -0.122977 -0.773104
vn -0.602590 -0.015678 -0.797897
vn 0.134723 0.166839 -0.976737
vn -0.177551 0.137091 -0.974516
vn -0.444304 0.340288 -0.828733
vn -0.225744 0.400662 -0.887981
vn -0.567306 0.296521 -0.768270
vn -0.102434 0.028644 -0.994327
vn -0.017992 0.463265 -0.886037
vn 0.136970 0.403704 -0.904579
vn -0.403669 -0.605574 -0.685807
vn -0.449142 -0.516604 -0.728966
vn 0.579853 0.814719 0.001764
vn -0.277594 -0.188225 -0.942079
vn -0.328815 0.223468 -0.917574
vn -0.656861 -0.402161 -0.637809
vn 0.271420 -0.775902 0.569481
vn 0.014407 -0.997232 0.072939
vn -0.277488 -0.386768 -0.879438
vn -0.251637 -0.042444 -0.966891
vn -0.417112 -0.378749 -0.826176
vn -0.375422 -0.569407 -0.731323
vn -0.261753 -0.577375 -0.773385
vn -0.539421 -0.429629 -0.724185
vn -0.458383 -0.058265 -0.886843
vn -0.344605 -0.004425 -0.938737
vn -0.164782 -0.936038 -0.310934
vn -0.152023 -0.921104 -0.358407
vn -0.197979 -0.603756 -0.772193
vn -0.172984 0.046514 -0.983826
vn -0.219277 -0.270882 -0.937305
vn -0.207836 -0.614025 -0.761431
vn -0.506999 -0.424743 -0.750030
vn -0.496998 -0.141642 -0.856114
vn 0.193632 -0.911732 0.362288
vn 0.250927 0.682505 0.686457
vn 0.450703 -0.425927 0.784508
vn 0.310270 -0.554615 0.772097
vn 0.013000 -0.930741 0.365448
vn 0.197853 -0.513894 0.834726
vn -0.633828 -0.227809 0.739165
vn -0.735118 -0.016308 0.677743
vn -0.950160 -0.063531 0.305222
vn -0.922177 -0.191048 0.336290
vn -0.995469 -0.027561 -0.091007
vn -0.998969 0.003719 -0.045234
vn -0.617231 -0.439412 0.652643
vn -0.617231 -0.439412 0.652643
vn -0.742391 -0.419447 0.522417
vn -0.537251 -0.385690 0.750070
vn -0.871997 -0.325825 0.365320
vn 0.295521 -0.718146 0.630026
vn 0.430932 -0.430414 0.793122
vn -0.995211 0.049289 -0.084414
vn -0.751091 -0.582793 -0.310185
vn -0.975937 -0.098427 -0.194572
vn 0.114348 0.936747 -0.330802
vn -0.492367 0.703031 -0.513149
vn 0.603881 0.567634 -0.559571
vn 0.695313 0.718054 -0.030649
vn 0.436747 0.808757 0.393907
vn -0.435487 0.858742 0.270025
vn -0.513364 0.512994 0.687964
vn -0.859938 -0.356270 -0.365484
vn -0.802432 -0.593363 0.063433
vn 0.461836 0.619764 0.634508
vn 0.461836 0.619764 0.634508
vn -0.837337 0.271262 0.474640
vn 0.658038 0.713907 0.239420
vn -0.638834 0.757523 0.134353
vn -0.199804 0.652012 -0.731408
vn -0.166733 0.414516 -0.894638
vn -0.114452 0.329686 -0.937128
vn -0.227490 0.381298 -0.896025
vn -0.468464 -0.845440 -0.256461
vn -0.517002 0.279417 -0.809095
vn -0.073424 0.302181 -0.950419
vn -0.439630 0.057795 -0.896318
vn -0.402943 0.596549 -0.694094
vn -0.221051 0.294817 -0.929634
vn -0.324278 -0.106779 -0.939916
vn -0.118872 -0.561497 -0.818896
vn -0.140231 -0.629206 -0.764483
vn -0.126169 -0.987036 0.099205
vn -0.600081 0.528628 -0.600380
vn -0.641845 0.655448 -0.398024
vn -0.190677 -0.424156 -0.885287
vn -0.727276 0.320863 -0.606726
vn 0.270430 -0.958434 0.090954
vn -0.861964 0.285736 -0.418777
vn 0.767016 -0.641101 0.025988
vn 0.593515 -0.802454 0.061711
vn -0.391085 -0.559681 -0.730622
vn -0.977107 -0.209919 -0.034580
vn -0.997674 0.057632 0.036405
vn -0.987463 0.060765 0.145683
vn -0.956247 -0.102693 0.273946
vn -0.886452 -0.273974 0.373017
vn -0.981513 0.006301 0.191291
vn -0.971842 -0.008706 0.235473
vn -0.839519 -0.370798 0.397135
vn -0.363140 -0.830492 -0.422390
vn -0.577091 -0.721967 -0.381744
vn -0.889915 -0.421842 -0.173494
vn -0.935361 0.191912 -0.297101
vn -0.247616 0.825654 -0.506934
vn -0.465281 0.757135 -0.458542
vn -0.875097 -0.379389 -0.300449
vn -0.290494 0.084223 -0.953163
vn -0.594502 0.129641 -0.793575
vn -0.416620 0.074164 -0.906051
vn -0.525484 0.264264 -0.808722
vn -0.517105 0.149967 -0.842682
vn -0.418791 -0.238808 -0.876119
vn -0.238357 -0.383767 -0.892137
vn -0.899186 -0.355419 0.255229
vn -0.981776 -0.171252 -0.082396
vn -0.989792 -0.109657 -0.091037
vn -0.984649 0.078840 -0.155725
vn -0.996170 -0.003491 -0.087370
vn -0.705137 0.106876 -0.700970
vn -0.987827 -0.122197 -0.096255
vn -0.980687 -0.164125 -0.106376
vn -0.855467 0.356209 -0.375886
vn -0.870034 -0.409998 -0.273758
vn -0.797376 -0.425241 -0.428207
vn -0.405034 -0.009827 -0.914249
vn -0.814233 -0.261086 -0.518516
vn -0.650947 -0.199350 -0.732481
vn -0.784036 -0.352023 -0.511241
vn -0.930200 -0.209511 -0.301386
vn -0.655543 -0.342266 -0.673139
vn -0.712347 -0.392290 -0.581954
vn -0.494872 0.274002 -0.824636
vn -0.516430 0.192630 -0.834382
vn -0.568547 -0.295883 -0.767598
vn -0.488634 -0.311786 -0.814878
vn -0.412523 -0.163251 -0.896200
vn -0.238868 0.030973 -0.970558
vn -0.815242 0.248078 -0.523295
vn -0.975643 -0.148183 -0.161748
vn -0.968600 -0.186446 -0.164477
vn -0.510656 -0.350746 -0.784989
vn -0.533917 0.303035 -0.789369
vn 0.419542 -0.582627 0.696083
vn -0.409718 0.235790 -0.881212
vn -0.577267 0.322330 -0.750244
vn -0.347892 0.622919 -0.700673
vn -0.276068 0.557131 -0.783193
vn -0.589569 -0.192003 -0.784566
vn -0.756283 -0.111939 -0.644597
vn -0.839345 -0.228509 -0.493238
vn -0.638385 -0.376062 -0.671596
vn -0.336609 -0.186475 -0.922996
vn -0.942951 -0.301922 -0.140312
vn -0.916483 -0.399452 -0.022301
vn -0.662752 0.373154 -0.649242
vn -0.410699 0.687759 -0.598593
vn -0.929050 -0.366325 -0.051695
vn -0.950841 -0.223108 -0.214767
vn -0.958851 -0.125825 -0.254505
vn -0.983737 0.130461 0.123454
vn -0.791880 0.574530 0.206983
vn -0.613625 0.737542 0.281950
vn -0.163404 0.506941 -0.846351
vn -0.260252 0.146238 -0.954402
vn -0.516970 -0.489713 -0.702084
vn -0.392169 -0.268750 -0.879759
vn -0.549255 0.022596 -0.835349
vn -0.065874 0.483920 -0.872630
vn -0.981604 0.129043 -0.140715
vn -0.836390 0.318967 0.445772
vn -0.739716 0.571899 0.354616
vn -0.916258 0.300310 0.265116
vn -0.581747 0.711720 0.393732
vn -0.939988 0.102457 0.325460
vn -0.244627 0.939862 -0.238364
vn -0.502336 0.832716 -0.232899
vn -0.201832 0.931484 0.302658
vn -0.153123 0.747411 0.646475
vn -0.437893 0.681970 0.585804
vn -0.468045 0.845711 0.256332
vn -0.178666 0.451006 0.874456
vn -0.409011 0.393622 0.823269
vn -0.448540 0.893762 -0.001011
vn -0.210848 0.977031 0.030868
vn -0.202740 0.218763 0.954484
vn -0.390935 0.186247 0.901378
vn -0.198951 0.004517 0.979999
vn -0.369752 -0.030701 0.928623
vn -0.333512 -0.299366 0.893952
vn -0.224896 -0.299984 0.927055
vn 0.006057 -0.418974 0.907978
vn -0.228363 -0.330460 0.915776
vn -0.007688 0.386971 0.922060
vn -0.118680 0.513936 0.849579
vn -0.253820 0.528120 0.810349
vn -0.208613 0.382105 0.900265
vn -0.055134 0.493377 0.868066
vn -0.126997 0.520293 0.844492
vn 0.163744 -0.083607 0.982954
vn 0.163744 -0.083607 0.982954
vn -0.169361 0.014052 0.985454
vn -0.169361 0.014052 0.985454
vn -0.635007 0.738564 -0.226471
vn -0.750714 0.623900 -0.217206
vn -0.750836 0.515641 0.412747
vn -0.646350 0.590598 0.483142
vn -0.599396 0.354356 0.717744
vn -0.732884 0.311746 0.604728
vn -0.756072 0.627745 0.185179
vn -0.633669 0.741652 0.220036
vn -0.753187 0.657315 -0.025422
vn -0.622577 0.782241 -0.022292
vn -0.691306 0.123197 0.711982
vn -0.541461 0.157655 0.825812
vn -0.502815 -0.049287 0.862988
vn -0.680068 -0.072014 0.729603
vn -0.655388 -0.288513 0.698016
vn -0.474502 -0.290125 0.831069
vn -0.479048 -0.289246 0.828764
vn -0.669415 -0.262031 0.695142
vn -0.546012 0.073448 0.834551
vn -0.546012 0.073448 0.834551
vn -0.590970 0.564797 0.575985
vn -0.726792 0.349618 0.591220
vn -0.487054 0.384747 0.784059
vn -0.418566 0.552232 0.721001
vn -0.292987 0.589550 0.752721
vn -0.877885 0.459798 0.133805
vn -0.866887 0.398467 0.299551
vn -0.948607 0.259305 0.181398
vn -0.945393 0.314772 0.084561
vn -0.942879 0.326061 -0.068282
vn -0.875846 0.482090 -0.021966
vn -0.791768 0.067174 0.607117
vn -0.840335 0.247061 0.482492
vn -0.791102 -0.265906 0.550864
vn -0.787405 -0.135903 0.601268
vn -0.834895 -0.252751 0.488944
vn -0.971557 0.090502 0.218830
vn -0.810933 -0.299047 0.502950
vn -0.825871 -0.327658 0.458887
vn -0.911369 -0.147511 0.384248
vn -0.831308 -0.171898 0.528562
vn -0.951125 0.000617 0.308806
vn -0.890926 0.026400 0.453380
vn -0.923752 0.180626 0.337724
vn -0.897034 -0.173359 0.406543
vn -0.897034 -0.173359 0.406543
vn -0.834248 -0.347623 0.428005
vn -0.865446 -0.299497 0.401627
vn -0.919953 0.227750 0.319086
vn -0.897035 0.436538 0.069016
vn -0.935237 -0.100618 -0.339421
vn -0.876599 -0.423198 -0.229079
vn -0.460286 0.650972 0.603633
vn 0.000006 -0.391347 -0.920243
vn 0.937726 0.017859 0.346917
vn -0.398356 0.477767 -0.782976
vn 0.107631 0.972627 -0.205944
vn -0.553888 0.169305 -0.815196
vn -0.460191 0.565352 -0.684544
vn -0.311001 0.802071 -0.509864
vn -0.580075 0.323839 -0.747423
vn -0.426325 0.264497 -0.865036
vn -0.171179 0.196666 -0.965412
vn -0.161926 0.367623 -0.915769
vn -0.407281 0.458979 -0.789595
vn 0.379126 0.784799 0.490258
vn 0.075800 0.995843 0.050501
vn -0.073744 0.789090 -0.609836
vn -0.293570 0.812408 -0.503796
vn -0.010959 0.997680 0.067190
vn 0.093607 0.991196 0.093643
vn 0.510645 -0.791407 0.336029
vn -0.184646 -0.573683 -0.797994
vn -0.124125 0.147176 -0.981291
vn 0.785139 0.100744 0.611071
vn -0.472529 0.106726 -0.874829
vn 0.421978 0.372127 0.826714
vn 0.219066 0.655098 0.723088
vn 0.363344 0.536289 0.761823
vn 0.000008 0.544945 -0.838472
vn 0.000001 -0.870884 -0.491489
vn 0.000001 -0.081739 -0.996654
vn 0.000015 -0.378493 -0.925604
vn -0.000001 0.482255 0.876031
vn -0.000001 0.482255 0.876031
vn -0.000002 0.657586 0.753380
vn 0.000005 -0.330389 -0.943845
vn 0.000006 -0.754092 -0.656769
vn -0.000002 0.308274 -0.951298
vn 0.000002 0.306073 -0.952008
vn -0.000006 0.371716 -0.928346
vn -0.000008 -0.455910 0.890026
vn 0.000012 -0.661073 -0.750322
vn -0.016172 0.946631 0.321914
vn 0.000002 0.475473 -0.879730
vn -0.000008 -0.930462 -0.366388
vn 0.000001 -0.656663 -0.754184
vn 0.000009 0.291834 -0.956469
vn 0.000002 -0.340949 -0.940082
vn 0.000001 0.499575 -0.866271
vn -0.000061 0.029467 0.999566
vn -0.000061 0.029467 0.999566
vn -0.000003 0.518677 0.854970
vn -0.000003 0.518677 0.854970
vn -0.009059 0.750007 0.661368
vn 0.001441 0.065687 0.997839
vn 0.001441 0.065687 0.997839
vn 0.000008 -0.693288 -0.720661
vn -0.005130 0.857866 -0.513848
vn 0.000002 0.417024 -0.908896
vn 0.000002 -0.039597 -0.999216
vn 0.000000 0.999932 -0.011704
vn 0.000001 0.817669 -0.575688

usemtl G3_Animation_Head_Eyes_01
f 186/207/207 187/208/208 196/217/217
f 175/196/196 187/208/208 186/207/207
f 175/196/196 174/195/195 187/208/208
f 174/195/195 173/194/194 185/206/206
f 173/194/194 182/203/203 185/206/206
f 175/196/196 186/207/207 189/210/210
f 196/217/217 189/210/210 186/207/207
f 188/209/209 189/210/210 196/217/217
f 176/197/197 189/210/210 188/209/209
f 176/197/197 175/196/196 189/210/210
f 196/217/217 191/212/212 188/209/209
f 176/197/197 188/209/209 191/212/212
f 190/211/211 191/212/212 196/217/217
f 177/198/198 191/212/212 190/211/211
f 177/198/198 176/197/197 191/212/212
f 196/217/217 193/214/214 190/211/211
f 177/198/198 190/211/211 193/214/214
f 192/213/213 193/214/214 196/217/217
f 178/199/199 193/214/214 192/213/213
f 178/199/199 177/198/198 193/214/214
f 178/199/199 192/213/213 195/216/216
f 196/217/217 195/216/216 192/213/213
f 194/215/215 195/216/216 196/217/217
f 179/200/200 195/216/216 194/215/215
f 179/200/200 178/199/199 195/216/216
f 179/200/200 194/215/215 181/202/202
f 173/194/194 172/193/193 183/204/204
f 172/193/193 180/201/201 183/204/204
f 130/150/150 122/142/142 123/143/143
f 115/134/134 123/143/143 122/142/142
f 123/143/143 115/134/134 124/144/144
f 116/135/135 124/144/144 115/134/134
f 124/144/144 116/135/135 125/145/145
f 117/136/136 125/145/145 116/135/135
f 125/145/145 117/136/136 126/146/146
f 118/137/137 126/146/146 117/136/136
f 126/146/146 118/137/137 127/147/147
f 119/138/138 127/147/147 118/137/137
f 125/145/145 133/153/153 124/144/144
f 133/153/153 125/145/145 134/154/154
f 126/146/146 134/154/154 125/145/145
f 134/154/154 126/146/146 135/155/155
f 127/147/147 135/155/155 126/146/146
f 135/155/155 127/147/147 136/156/156
f 128/148/148 136/156/156 127/147/147
f 127/147/147 119/139/139 128/148/148
f 120/140/140 128/148/148 119/139/139
f 128/148/148 120/140/140 129/149/149
f 121/141/141 129/149/149 120/140/140
f 129/149/149 121/141/141 130/150/150
f 122/142/142 130/150/150 121/141/141
f 136/156/156 128/148/148 137/157/157
f 129/149/149 137/157/157 128/148/148
f 137/157/157 129/149/149 138/158/158
f 130/150/150 138/158/158 129/149/149
f 138/158/158 130/150/150 131/151/151
f 123/143/143 131/151/151 130/150/150
f 131/151/151 123/143/143 132/152/152
f 124/144/144 132/152/152 123/143/143
f 132/152/152 124/144/144 133/153/153
f 140/160/160 138/158/158 131/151/151
f 140/160/160 131/151/151 139/159/159
f 140/160/160 139/159/159 155/175/175
f 140/160/160 155/175/175 153/173/173
f 142/162/162 155/175/175 139/159/159
f 142/162/162 132/152/152 141/161/161
f 142/162/162 141/161/161 155/175/175
f 144/164/164 155/175/175 141/161/161
f 144/164/164 141/161/161 132/152/152
f 144/164/164 143/163/163 155/175/175
f 144/164/164 133/153/153 143/163/163
f 144/164/164 132/152/152 133/153/153
f 146/166/166 155/175/175 143/163/163
f 146/166/166 143/163/163 133/153/153
f 142/162/162 131/151/151 132/152/152
f 142/162/162 139/159/159 131/151/151
f 146/166/166 133/153/153 134/154/154
f 146/166/166 134/154/154 145/165/165
f 146/166/166 145/165/165 155/175/175
f 148/168/168 155/175/175 145/165/165
f 148/168/168 145/165/165 134/154/154
f 148/168/168 147/167/167 155/175/175
f 148/168/168 135/155/155 147/167/167
f 148/168/168 134/154/154 135/155/155
f 150/170/170 155/175/175 147/167/167
f 150/170/170 147/167/167 135/155/155
f 150/170/170 149/169/169 155/175/175
f 150/170/170 136/156/156 149/169/169
f 150/170/170 135/155/155 136/156/156
f 152/172/172 155/175/175 149/169/169
f 152/172/172 149/169/169 136/156/156
f 152/172/172 151/171/171 155/175/175
f 152/172/172 137/157/157 151/171/171
f 152/172/172 136/156/156 137/157/157
f 154/174/174 151/171/171 137/157/157
f 154/174/174 155/175/175 151/171/171
f 154/174/174 153/173/173 155/175/175
f 154/174/174 138/158/158 153/173/173
f 154/174/174 137/157/157 138/158/158
f 140/160/160 153/173/173 138/158/158
f 164/185/185 156/176/176 171/192/192
f 163/184/184 171/192/192 156/176/176
f 156/176/176 164/185/185 157/177/177
f 165/186/186 157/177/177 164/185/185
f 157/177/177 165/186/186 158/178/178
f 166/187/187 158/178/178 165/186/186
f 158/178/178 166/187/187 159/179/179
f 167/188/188 159/179/179 166/187/187
f 159/179/179 167/188/188 160/180/180
f 168/189/189 160/180/180 167/188/188
f 166/187/187 165/186/186 174/195/195
f 173/194/194 174/195/195 165/186/186
f 167/188/188 166/187/187 175/196/196
f 174/195/195 175/196/196 166/187/187
f 168/189/189 167/188/188 176/197/197
f 175/196/196 176/197/197 167/188/188
f 176/197/197 177/198/198 168/189/189
f 169/190/190 168/189/189 177/198/198
f 169/190/190 161/182/182 168/189/189
f 160/181/181 168/189/189 161/182/182
f 161/182/182 169/190/190 162/183/183
f 170/191/191 162/183/183 169/190/190
f 162/183/183 170/191/191 163/184/184
f 171/192/192 163/184/184 170/191/191
f 170/191/191 169/190/190 178/199/199
f 177/198/198 178/199/199 169/190/190
f 171/192/192 170/191/191 179/200/200
f 178/199/199 179/200/200 170/191/191
f 179/200/200 172/193/193 171/192/192
f 164/185/185 171/192/192 172/193/193
f 172/193/193 173/194/194 164/185/185
f 165/186/186 164/185/185 173/194/194
f 172/193/193 179/200/200 181/202/202
f 172/193/193 181/202/202 180/201/201
f 180/201/201 181/202/202 196/217/217
f 196/217/217 181/202/202 194/215/215
f 196/217/217 183/204/204 180/201/201
f 173/194/194 183/204/204 182/203/203
f 182/203/203 183/204/204 196/217/217
f 196/217/217 185/206/206 182/203/203
f 184/205/205 185/206/206 196/217/217
f 174/195/195 185/206/206 184/205/205
f 196/217/217 187/208/208 184/205/205
f 174/195/195 184/205/205 187/208/208
usemtl G3_Animation_Head_Main_01
f 639/681/681 636/678/678 638/680/680
f 1342/1404/1404 1582/1650/1650 1574/1642/1642
f 1342/1404/1404 1574/1642/1642 1583/1651/1651
f 1575/1643/1643 1583/1651/1651 1574/1642/1642
f 1575/1643/1643 1570/1638/1638 1583/1651/1651
f 1575/1643/1643 1564/1632/1632 1570/1638/1638
f 1575/1643/1643 1574/1642/1642 1564/1632/1632
f 1561/1629/1629 1570/1638/1638 1564/1632/1632
f 1581/1649/1649 1583/1651/1651 1570/1638/1638
f 1570/1638/1638 1559/1627/1627 1581/1649/1649
f 1579/1647/1647 1581/1649/1649 1559/1627/1627
f 1559/1627/1627 1576/1644/1644 1579/1647/1647
f 1559/1627/1627 1577/1645/1645 1576/1644/1644
f 1561/1629/1629 1577/1645/1645 1570/1638/1638
f 1559/1627/1627 1570/1638/1638 1577/1645/1645
f 1333/1395/1395 1328/1390/1390 1334/1396/1396
f 1329/1391/1391 1334/1396/1396 1328/1390/1390
f 1328/1390/1390 1333/1395/1395 963/1016/1016
f 962/1015/1015 963/1016/1016 1333/1395/1395
f 1333/1395/1395 1341/1403/1403 962/1015/1015
f 1323/1385/1385 962/1015/1015 1341/1403/1403
f 1323/1385/1385 1341/1403/1403 1343/1405/1405
f 1344/1406/1406 1343/1405/1405 1341/1403/1403
f 1341/1403/1403 1345/1407/1407 1344/1406/1406
f 1346/1408/1408 1344/1406/1406 1345/1407/1407
f 1343/1405/1405 1344/1406/1406 198/227/227
f 1344/1406/1406 1346/1408/1408 198/227/227
f 1607/1679/1679 198/227/227 1346/1408/1408
f 1345/1407/1407 898/948/948 1346/1408/1408
f 898/948/948 1345/1407/1407 880/928/928
f 1334/1396/1396 880/928/928 1345/1407/1407
f 880/928/928 1334/1396/1396 1596/1665/1665
f 1329/1391/1391 1596/1665/1665 1334/1396/1396
f 1329/1391/1391 1325/1387/1387 1596/1665/1665
f 1607/1679/1679 1346/1408/1408 1595/1664/1664
f 1334/1396/1396 1345/1407/1407 1333/1395/1395
f 1341/1403/1403 1333/1395/1395 1345/1407/1407
f 1385/1449/1449 1269/1331/1331 1266/1328/1328
f 1282/1344/1344 1266/1328/1328 1269/1331/1331
f 1266/1328/1328 1265/1327/1327 1385/1449/1449
f 1039/1096/1096 1084/1141/1141 1040/1097/1097
f 1039/1096/1096 1029/1086/1086 1084/1141/1141
f 1087/1144/1144 1084/1141/1141 1029/1086/1086
f 1087/1144/1144 1029/1086/1086 1303/1365/1365
f 896/946/946 888/937/937 1047/1104/1104
f 1046/1103/1103 1047/1104/1104 888/937/937
f 1381/1445/1445 1377/1441/1441 879/927/927
f 1381/1445/1445 1378/1442/1442 1377/1441/1441
f 1204/1266/1266 1377/1441/1441 1378/1442/1442
f 1204/1266/1266 1201/1263/1263 1377/1441/1441
f 1410/1474/1474 1375/1439/1439 1411/1475/1475
f 1383/1447/1447 1411/1475/1475 1375/1439/1439
f 1410/1474/1474 1411/1475/1475 1481/1545/1545
f 1482/1546/1546 1481/1545/1545 1411/1475/1475
f 1383/1447/1447 1389/1453/1453 1411/1475/1475
f 1390/1454/1454 1411/1475/1475 1389/1453/1453
f 1410/1474/1474 1609/1681/1681 1375/1439/1439
f 1410/1474/1474 1481/1545/1545 1609/1681/1681
f 901/953/953 1375/1439/1439 1609/1681/1681
f 881/929/929 1609/1681/1681 1481/1545/1545
f 881/929/929 1481/1545/1545 426/463/463
f 1490/1554/1554 426/463/463 1481/1545/1545
f 1482/1546/1546 1411/1475/1475 1507/1573/1573
f 1390/1454/1454 1507/1573/1573 1411/1475/1475
f 1482/1546/1546 1507/1573/1573 1489/1553/1553
f 1482/1546/1546 1489/1553/1553 1481/1545/1545
f 1490/1554/1554 1481/1545/1545 1489/1553/1553
f 1516/1582/1582 1489/1553/1553 1507/1573/1573
f 1516/1582/1582 1514/1580/1580 1489/1553/1553
f 1486/1550/1550 1489/1553/1553 1514/1580/1580
f 1486/1550/1550 1514/1580/1580 1485/1549/1549
f 1510/1576/1576 1485/1549/1549 1514/1580/1580
f 1510/1576/1576 1511/1577/1577 1485/1549/1549
f 1488/1552/1552 1485/1549/1549 1511/1577/1577
f 1488/1552/1552 1511/1577/1577 1492/1556/1556
f 1518/1584/1584 1492/1556/1556 1511/1577/1577
f 1518/1584/1584 1519/1585/1585 1492/1556/1556
f 1494/1558/1558 1492/1556/1556 1519/1585/1585
f 1494/1558/1558 1519/1585/1585 1495/1559/1559
f 1494/1558/1558 1495/1559/1559 1493/1557/1557
f 1522/1588/1588 1495/1559/1559 1519/1585/1585
f 1299/1361/1361 1055/1112/1112 1307/1369/1369
f 1056/1113/1113 1307/1369/1369 1055/1112/1112
f 1066/1123/1123 1063/1120/1120 1314/1376/1376
f 1316/1378/1378 1314/1376/1376 1063/1120/1120
f 1316/1378/1378 1309/1371/1371 1314/1376/1376
f 1323/1385/1385 1343/1405/1405 1324/1386/1386
f 1449/1513/1513 1324/1386/1386 1343/1405/1405
f 1069/1126/1126 1417/1481/1481 1332/1394/1394
f 1069/1126/1126 1070/1127/1127 1417/1481/1481
f 1414/1478/1478 1417/1481/1481 1070/1127/1127
f 1217/1279/1279 1256/1318/1318 1216/1278/1278
f 1428/1492/1492 1216/1278/1278 1256/1318/1318
f 1221/1283/1283 1429/1493/1493 1013/1069/1069
f 1429/1493/1493 1221/1283/1283 1246/1308/1308
f 1222/1284/1284 1246/1308/1308 1221/1283/1283
f 1427/1491/1491 1446/1510/1510 1133/1193/1193
f 1174/1236/1236 1133/1193/1193 1446/1510/1510
f 1427/1491/1491 1133/1193/1193 1421/1485/1485
f 1134/1194/1194 1421/1485/1485 1133/1193/1193
f 1134/1194/1194 1031/1088/1088 1421/1485/1485
f 1134/1194/1194 959/1012/1012 1031/1088/1088
f 960/1013/1013 1031/1088/1088 959/1012/1012
f 1031/1088/1088 960/1013/1013 923/975/975
f 925/977/977 923/975/975 960/1013/1013
f 937/990/990 986/1041/1041 1354/1417/1417
f 1420/1484/1484 1354/1417/1417 986/1041/1041
f 937/990/990 1358/1421/1421 986/1041/1041
f 937/990/990 935/987/987 1358/1421/1421
f 1436/1500/1500 1233/1295/1295 1180/1242/1242
f 1436/1500/1500 1180/1242/1242 1208/1270/1270
f 1181/1243/1243 1208/1270/1270 1180/1242/1242
f 1470/1534/1534 1163/1223/1223 1469/1533/1533
f 1163/1223/1223 1470/1534/1534 1161/1221/1221
f 1500/1564/1564 1499/1563/1563 1501/1565/1565
f 1502/1566/1566 1501/1565/1565 1499/1563/1563
f 1500/1564/1564 1501/1565/1565 1503/1567/1567
f 1504/1568/1568 1503/1567/1567 1501/1565/1565
f 1502/1566/1566 1499/1563/1563 1506/1572/1572
f 1505/1570/1570 1506/1572/1572 1499/1563/1563
f 1505/1570/1570 1499/1563/1563 427/466/466
f 890/940/940 427/466/466 1499/1563/1563
f 1503/1567/1567 1588/1657/1657 1500/1564/1564
f 1502/1566/1566 1506/1572/1572 1528/1595/1595
f 1525/1592/1592 1528/1595/1595 1506/1572/1572
f 1502/1566/1566 1528/1595/1595 1501/1565/1565
f 1529/1596/1596 1501/1565/1565 1528/1595/1595
f 1529/1596/1596 1530/1597/1597 1501/1565/1565
f 1504/1568/1568 1501/1565/1565 1530/1597/1597
f 1529/1596/1596 1526/1593/1593 1530/1597/1597
f 1557/1625/1625 1530/1597/1597 1526/1593/1593
f 1557/1625/1625 1526/1593/1593 1479/1543/1543
f 1366/1429/1429 1367/1430/1430 1024/1081/1081
f 1368/1431/1431 1024/1081/1081 1367/1430/1430
f 927/979/979 1120/1179/1179 926/978/978
f 984/1039/1039 1036/1093/1093 983/1038/1038
f 990/1045/1045 987/1042/1042 1363/1426/1426
f 1555/1623/1623 1363/1426/1426 987/1042/1042
f 1555/1623/1623 987/1042/1042 1370/1433/1433
f 1363/1426/1426 1555/1623/1623 1554/1622/1622
f 1556/1624/1624 1554/1622/1622 1555/1623/1623
f 1556/1624/1624 1369/1432/1432 1554/1622/1622
f 1553/1621/1621 1554/1622/1622 1369/1432/1432
f 1370/1433/1433 1360/1423/1423 1555/1623/1623
f 1556/1624/1624 1555/1623/1623 1360/1423/1423
f 1556/1624/1624 1360/1423/1423 1369/1432/1432
f 1359/1422/1422 933/985/985 1083/1140/1140
f 1513/1579/1579 1515/1581/1581 1531/1598/1598
f 1513/1579/1579 1531/1598/1598 1509/1575/1575
f 1532/1599/1599 1509/1575/1575 1531/1598/1598
f 890/940/940 1499/1563/1563 1605/1676/1676
f 1500/1564/1564 1605/1676/1676 1499/1563/1563
f 1605/1676/1676 1500/1564/1564 1588/1657/1657
f 1400/1464/1464 1404/1468/1468 1542/1609/1609
f 1547/1614/1614 1542/1609/1609 1404/1468/1468
f 1547/1614/1614 1404/1468/1468 1545/1612/1612
f 1400/1464/1464 1399/1463/1463 1404/1468/1468
f 1374/1438/1438 1399/1463/1463 1017/1073/1073
f 1433/1497/1497 1418/1482/1482 1440/1504/1504
f 1237/1299/1299 1418/1482/1482 1249/1311/1311
f 1431/1495/1495 1249/1311/1311 1418/1482/1482
f 1431/1495/1495 1000/1056/1056 1249/1311/1311
f 998/1054/1054 1249/1311/1311 1000/1056/1056
f 999/1055/1055 1001/1057/1057 998/1054/1054
f 1255/1317/1317 1335/1397/1397 920/972/972
f 942/995/995 1043/1100/1100 944/997/997
f 1073/1130/1130 944/997/997 1043/1100/1100
f 1560/1628/1628 1563/1631/1631 1562/1630/1630
f 1565/1633/1633 1562/1630/1630 1563/1631/1631
f 1563/1631/1631 1569/1637/1637 1565/1633/1633
f 1566/1634/1634 1565/1633/1633 1569/1637/1637
f 1566/1634/1634 1567/1635/1635 1580/1648/1648
f 200/230/230 201/231/231 199/229/229
f 200/230/230 251/282/282 201/231/231
f 267/298/298 251/282/282 200/230/230
f 201/231/231 479/521/521 199/229/229
f 478/520/520 199/229/229 479/521/521
f 199/229/229 478/520/520 473/515/515
f 199/229/229 473/515/515 200/230/230
f 474/516/516 473/515/515 478/520/520
f 474/516/516 471/513/513 473/515/515
f 472/514/514 473/515/515 471/513/513
f 472/514/514 475/517/517 473/515/515
f 476/518/518 473/515/515 475/517/517
f 474/516/516 478/520/520 425/462/462
f 474/516/516 425/462/462 471/513/513
f 1599/1668/1668 425/462/462 478/520/520
f 883/932/932 471/513/513 425/462/462
f 883/932/932 892/942/942 471/513/513
f 477/519/519 471/513/513 892/942/942
f 472/514/514 737/781/781 475/517/517
f 477/519/519 737/781/781 471/513/513
f 472/514/514 471/513/513 737/781/781
f 477/519/519 548/590/590 737/781/781
f 477/519/519 892/942/942 548/590/590
f 547/589/589 737/781/781 548/590/590
f 547/589/589 548/590/590 546/588/588
f 549/591/591 546/588/588 548/590/590
f 547/589/589 546/588/588 530/572/572
f 547/589/589 530/572/572 737/781/781
f 552/594/594 530/572/572 546/588/588
f 549/591/591 548/590/590 1591/1660/1660
f 1558/1626/1626 1591/1660/1660 548/590/590
f 549/591/591 1591/1660/1660 633/675/675
f 549/591/591 633/675/675 546/588/588
f 1608/1680/1680 633/675/675 1591/1660/1660
f 633/675/675 1608/1680/1680 632/674/674
f 632/674/674 635/677/677 633/675/675
f 634/676/676 633/675/675 635/677/677
f 634/676/676 635/677/677 362/397/397
f 265/296/296 362/397/397 635/677/677
f 362/397/397 265/296/296 336/371/371
f 264/295/295 336/371/371 265/296/296
f 265/296/296 266/297/297 264/295/295
f 336/371/371 264/295/295 872/920/920
f 872/920/920 212/242/242 336/371/371
f 872/920/920 871/919/919 212/242/242
f 871/919/919 213/243/243 212/242/242
f 871/919/919 258/289/289 213/243/243
f 361/396/396 213/243/243 258/289/289
f 258/289/289 871/919/919 619/661/661
f 619/661/661 618/660/660 258/289/289
f 256/287/287 258/289/289 618/660/660
f 257/288/288 258/289/289 256/287/287
f 870/918/918 619/661/661 871/919/919
f 257/288/288 625/667/667 258/289/289
f 361/396/396 258/289/289 625/667/667
f 257/288/288 623/665/665 625/667/667
f 622/664/664 625/667/667 623/665/665
f 623/665/665 624/666/666 622/664/664
f 620/662/662 622/664/664 624/666/666
f 622/664/664 620/662/662 626/668/668
f 621/663/663 626/668/668 620/662/662
f 621/663/663 620/662/662 889/938/938
f 1587/1655/1655 889/938/938 620/662/662
f 624/666/666 623/665/665 629/671/671
f 628/670/670 629/671/671 623/665/665
f 623/665/665 257/288/288 628/670/670
f 256/287/287 628/670/670 257/288/288
f 628/670/670 256/287/287 636/678/678
f 618/660/660 636/678/678 256/287/287
f 618/660/660 638/680/680 636/678/678
f 562/604/604 682/726/726 612/654/654
f 636/678/678 639/681/681 640/682/682
f 636/678/678 640/682/682 628/670/670
f 641/683/683 640/682/682 639/681/681
f 639/681/681 638/680/680 35/224/224
f 639/681/681 35/224/224 641/683/683
f 1607/1678/1678 641/683/683 35/224/224
f 640/682/682 641/683/683 898/948/948
f 1595/1664/1664 898/948/948 641/683/683
f 641/683/683 1607/1678/1678 1595/1664/1664
f 898/948/948 880/928/928 640/682/682
f 629/671/671 640/682/682 880/928/928
f 880/928/928 1596/1665/1665 629/671/671
f 624/666/666 629/671/671 1596/1665/1665
f 624/666/666 1596/1665/1665 620/662/662
f 1587/1655/1655 620/662/662 1596/1665/1665
f 1595/1664/1664 1346/1408/1408 898/948/948
f 1587/1655/1655 1596/1665/1665 1325/1387/1387
f 1587/1655/1655 1325/1387/1387 889/938/938
f 1326/1388/1388 889/938/938 1325/1387/1387
f 1326/1388/1388 1325/1387/1387 1331/1393/1393
f 1327/1389/1389 1331/1393/1393 1325/1387/1387
f 1325/1387/1387 1329/1391/1391 1327/1389/1389
f 1328/1390/1390 1327/1389/1389 1329/1391/1391
f 1327/1389/1389 1328/1390/1390 1330/1392/1392
f 963/1016/1016 1330/1392/1392 1328/1390/1390
f 963/1016/1016 964/1017/1017 1330/1392/1392
f 964/1017/1017 963/1016/1016 962/1015/1015
f 962/1015/1015 1323/1385/1385 964/1017/1017
f 1324/1386/1386 964/1017/1017 1323/1385/1385
f 964/1017/1017 1324/1386/1386 1577/1645/1645
f 1577/1645/1645 919/971/971 964/1017/1017
f 919/971/971 1577/1645/1645 918/970/970
f 1577/1645/1645 1578/1646/1646 918/970/970
f 1067/1124/1124 964/1017/1017 919/971/971
f 1578/1646/1646 1042/1099/1099 918/970/970
f 970/1023/1023 1042/1099/1099 1578/1646/1646
f 970/1023/1023 971/1024/1024 1042/1099/1099
f 972/1025/1025 971/1024/1024 970/1023/1023
f 1068/1125/1125 1042/1099/1099 971/1024/1024
f 1103/1160/1160 918/970/970 1042/1099/1099
f 971/1024/1024 1340/1402/1402 1068/1125/1125
f 1339/1401/1401 1068/1125/1125 1340/1402/1402
f 1339/1401/1401 1340/1402/1402 1338/1400/1400
f 1337/1399/1399 1338/1400/1400 1340/1402/1402
f 1338/1400/1400 1337/1399/1399 1608/1680/1680
f 1608/1680/1680 1591/1660/1660 1338/1400/1400
f 1254/1316/1316 1338/1400/1400 1591/1660/1660
f 1254/1316/1316 1591/1660/1660 1253/1315/1315
f 1254/1316/1316 1253/1315/1315 1251/1313/1313
f 1339/1401/1401 1338/1400/1400 1251/1313/1313
f 1254/1316/1316 1251/1313/1313 1338/1400/1400
f 1252/1314/1314 1251/1313/1313 1253/1315/1315
f 1252/1314/1314 1235/1297/1297 1251/1313/1313
f 1257/1319/1319 1251/1313/1313 1235/1297/1297
f 1558/1626/1626 1253/1315/1315 1591/1660/1660
f 1257/1319/1319 1068/1125/1125 1251/1313/1313
f 1339/1401/1401 1251/1313/1313 1068/1125/1125
f 1252/1314/1314 1253/1315/1315 1442/1506/1506
f 1252/1314/1314 1442/1506/1506 1235/1297/1297
f 1182/1244/1244 1442/1506/1506 1253/1315/1315
f 1182/1244/1244 1176/1238/1238 1442/1506/1506
f 1182/1244/1244 892/942/942 1176/1238/1238
f 1182/1244/1244 1253/1315/1315 892/942/942
f 1558/1626/1626 892/942/942 1253/1315/1315
f 1558/1626/1626 548/590/590 892/942/942
f 883/932/932 1176/1238/1238 892/942/942
f 883/932/932 425/462/462 1176/1238/1238
f 1179/1241/1241 1176/1238/1238 425/462/462
f 1179/1241/1241 1178/1240/1240 1176/1238/1238
f 1177/1239/1239 1176/1238/1238 1178/1240/1240
f 1177/1239/1239 1178/1240/1240 1180/1242/1242
f 1181/1243/1243 1180/1242/1242 1178/1240/1240
f 1179/1241/1241 1183/1245/1245 1178/1240/1240
f 1179/1241/1241 425/462/462 1183/1245/1245
f 905/957/957 1178/1240/1240 1183/1245/1245
f 1183/1245/1245 1184/1246/1246 905/957/957
f 907/959/959 905/957/957 1184/1246/1246
f 907/959/959 906/958/958 905/957/957
f 957/1010/1010 906/958/958 907/959/959
f 957/1010/1010 973/1026/1026 906/958/958
f 1183/1245/1245 1599/1668/1668 1184/1246/1246
f 1599/1668/1668 1183/1245/1245 425/462/462
f 885/934/934 1184/1246/1246 1599/1668/1668
f 885/934/934 1599/1668/1668 479/521/521
f 885/934/934 479/521/521 424/461/461
f 500/542/542 424/461/461 479/521/521
f 478/520/520 479/521/521 1599/1668/1668
f 500/542/542 454/494/494 424/461/461
f 886/935/935 424/461/461 454/494/494
f 886/935/935 454/494/494 1590/1659/1659
f 457/497/497 1590/1659/1659 454/494/494
f 457/497/497 454/494/494 456/496/496
f 455/495/495 456/496/496 454/494/494
f 456/496/496 458/498/498 457/497/497
f 459/499/499 457/497/497 458/498/498
f 459/499/499 1130/1189/1189 457/497/497
f 1590/1659/1659 457/497/497 1130/1189/1189
f 459/499/499 460/500/500 1130/1189/1189
f 459/499/499 458/498/498 460/500/500
f 1598/1667/1667 1130/1189/1189 460/500/500
f 455/495/495 766/810/810 456/496/496
f 767/811/811 456/496/496 766/810/810
f 767/811/811 766/810/810 749/793/793
f 752/796/796 749/793/793 766/810/810
f 752/796/796 751/795/795 749/793/793
f 752/796/796 506/548/548 751/795/795
f 752/796/796 766/810/810 506/548/548
f 509/551/551 751/795/795 506/548/548
f 509/551/551 506/548/548 508/550/550
f 507/549/549 508/550/550 506/548/548
f 507/549/549 505/547/547 508/550/550
f 703/747/747 508/550/550 505/547/547
f 703/747/747 505/547/547 707/751/751
f 703/747/747 707/751/751 444/484/484
f 703/747/747 444/484/484 508/550/550
f 445/485/485 444/484/484 707/751/751
f 445/485/485 442/482/482 444/484/484
f 443/483/483 444/484/484 442/482/482
f 443/483/483 442/482/482 259/290/290
f 470/512/512 259/290/290 442/482/482
f 470/512/512 693/737/737 259/290/290
f 260/291/291 259/290/290 693/737/737
f 260/291/291 261/292/292 259/290/290
f 445/485/485 468/510/510 442/482/482
f 445/485/485 707/751/751 468/510/510
f 502/544/544 468/510/510 707/751/751
f 502/544/544 501/543/543 468/510/510
f 469/511/511 468/510/510 501/543/543
f 469/511/511 428/468/468 468/510/510
f 430/470/470 468/510/510 428/468/468
f 430/470/470 428/468/468 253/284/284
f 429/469/469 253/284/284 428/468/468
f 502/544/544 727/771/771 501/543/543
f 493/535/535 501/543/543 727/771/771
f 493/535/535 727/771/771 492/534/534
f 493/535/535 492/534/534 484/526/526
f 485/527/527 484/526/526 492/534/534
f 485/527/527 486/528/528 484/526/526
f 487/529/529 484/526/526 486/528/528
f 485/527/527 492/534/534 294/328/328
f 485/527/527 294/328/328 486/528/528
f 726/770/770 294/328/328 492/534/534
f 514/556/556 486/528/528 294/328/328
f 294/328/328 293/327/327 514/556/556
f 293/327/327 294/328/328 292/326/326
f 513/555/555 514/556/556 293/327/327
f 514/556/556 513/555/555 569/611/611
f 483/525/525 569/611/611 513/555/555
f 514/556/556 569/611/611 486/528/528
f 572/614/614 486/528/528 569/611/611
f 572/614/614 569/611/611 571/613/613
f 570/612/612 571/613/613 569/611/611
f 483/525/525 513/555/555 480/522/522
f 483/525/525 480/522/522 482/524/524
f 483/525/525 482/524/524 569/611/611
f 570/612/612 569/611/611 482/524/524
f 481/523/523 482/524/524 480/522/522
f 570/612/612 482/524/524 616/658/658
f 570/612/612 616/658/658 571/613/613
f 210/240/240 616/658/658 482/524/524
f 481/523/523 211/241/241 482/524/524
f 210/240/240 482/524/524 211/241/241
f 210/240/240 211/241/241 209/239/239
f 210/240/240 209/239/239 616/658/658
f 211/241/241 347/382/382 209/239/239
f 608/650/650 209/239/239 347/382/382
f 608/650/650 606/648/648 209/239/239
f 607/649/649 209/239/239 606/648/648
f 606/648/648 384/419/419 607/649/649
f 610/652/652 607/649/649 384/419/419
f 607/649/649 610/652/652 604/646/646
f 611/653/653 604/646/646 610/652/652
f 608/650/650 389/424/424 606/648/648
f 388/423/423 606/648/648 389/424/424
f 606/648/648 388/423/423 384/419/419
f 389/424/424 386/421/421 388/423/423
f 387/422/422 388/423/423 386/421/421
f 386/421/421 592/634/634 387/422/422
f 591/633/633 387/422/422 592/634/634
f 387/422/422 591/633/633 590/632/632
f 589/631/631 590/632/632 591/633/633
f 590/632/632 589/631/631 344/379/379
f 345/380/380 344/379/379 589/631/631
f 345/380/380 342/377/377 344/379/379
f 343/378/378 344/379/379 342/377/377
f 344/379/379 343/378/378 356/391/391
f 353/388/388 356/391/391 343/378/378
f 356/391/391 353/388/388 355/390/390
f 354/389/389 355/390/390 353/388/388
f 355/390/390 384/419/419 356/391/391
f 385/420/420 356/391/391 384/419/419
f 354/389/389 422/459/459 355/390/390
f 423/460/460 355/390/390 422/459/459
f 356/391/391 385/420/420 344/379/379
f 590/632/632 344/379/379 385/420/420
f 422/459/459 358/393/393 423/460/460
f 357/392/392 423/460/460 358/393/393
f 358/393/393 359/394/394 357/392/392
f 360/395/395 357/392/392 359/394/394
f 423/460/460 357/392/392 610/652/652
f 611/653/653 610/652/652 357/392/392
f 359/394/394 614/656/656 360/395/395
f 351/386/386 360/395/395 614/656/656
f 351/386/386 350/385/385 360/395/395
f 350/385/385 351/386/386 349/384/384
f 352/387/387 349/384/384 351/386/386
f 351/386/386 614/656/656 352/387/387
f 352/387/387 421/458/458 349/384/384
f 331/366/366 349/384/384 421/458/458
f 349/384/384 331/366/366 594/636/636
f 332/367/367 594/636/636 331/366/366
f 322/357/357 332/367/367 331/366/366
f 322/357/357 331/366/366 323/358/358
f 323/358/358 324/359/359 322/357/357
f 333/368/368 323/358/358 331/366/366
f 331/366/366 334/369/369 333/368/368
f 322/357/357 324/359/359 383/418/418
f 322/357/357 383/418/418 332/367/367
f 382/417/417 383/418/418 324/359/359
f 382/417/417 324/359/359 599/641/641
f 598/640/640 599/641/641 324/359/359
f 324/359/359 323/358/358 598/640/640
f 598/640/640 686/730/730 599/641/641
f 686/730/730 598/640/640 380/415/415
f 381/416/416 380/415/415 598/640/640
f 381/416/416 378/413/413 380/415/415
f 379/414/414 380/415/415 378/413/413
f 379/414/414 378/413/413 585/627/627
f 582/624/624 585/627/627 378/413/413
f 585/627/627 582/624/624 584/626/626
f 581/623/623 584/626/626 582/624/624
f 582/624/624 334/369/369 581/623/623
f 582/624/624 378/413/413 334/369/369
f 583/625/625 581/623/623 334/369/369
f 585/627/627 584/626/626 586/628/628
f 587/629/629 586/628/628 584/626/626
f 586/628/628 588/630/630 585/627/627
f 586/628/628 587/629/629 589/631/631
f 586/628/628 589/631/631 588/630/630
f 345/380/380 589/631/631 587/629/629
f 334/369/369 331/366/366 583/625/625
f 421/458/458 583/625/625 331/366/366
f 587/629/629 683/727/727 345/380/380
f 342/377/377 345/380/380 683/727/727
f 591/633/633 588/630/630 589/631/631
f 591/633/633 592/634/634 588/630/630
f 421/458/458 352/387/387 596/638/638
f 595/637/637 596/638/638 352/387/387
f 595/637/637 352/387/387 614/656/656
f 593/635/635 588/630/630 592/634/634
f 593/635/635 380/415/415 588/630/630
f 379/414/414 588/630/630 380/415/415
f 379/414/414 585/627/627 588/630/630
f 593/635/635 681/725/725 380/415/415
f 593/635/635 592/634/634 681/725/725
f 682/726/726 681/725/725 592/634/634
f 682/726/726 562/604/604 681/725/725
f 565/607/607 681/725/725 562/604/604
f 565/607/607 562/604/604 564/606/606
f 563/605/605 564/606/606 562/604/604
f 565/607/607 564/606/606 597/639/639
f 565/607/607 597/639/639 681/725/725
f 577/619/619 597/639/639 564/606/606
f 563/605/605 338/373/373 564/606/606
f 680/724/724 564/606/606 338/373/373
f 338/373/373 341/376/376 680/724/724
f 341/376/376 338/373/373 340/375/375
f 339/374/374 340/375/375 338/373/373
f 679/723/723 680/724/724 341/376/376
f 679/723/723 341/376/376 673/717/717
f 676/720/720 673/717/717 341/376/376
f 676/720/720 341/376/376 879/927/927
f 896/946/946 879/927/927 341/376/376
f 679/723/723 673/717/717 560/602/602
f 557/599/599 560/602/602 673/717/717
f 557/599/599 673/717/717 498/540/540
f 557/599/599 498/540/540 556/598/598
f 557/599/599 556/598/598 560/602/602
f 555/597/597 556/598/598 498/540/540
f 555/597/597 558/600/600 556/598/598
f 559/601/601 556/598/598 558/600/600
f 419/456/456 560/602/602 556/598/598
f 419/456/456 418/455/455 560/602/602
f 418/455/455 419/456/456 417/454/454
f 420/457/457 417/454/454 419/456/456
f 419/456/456 556/598/598 420/457/457
f 559/601/601 420/457/457 556/598/598
f 420/457/457 553/595/595 417/454/454
f 554/596/596 417/454/454 553/595/595
f 559/601/601 448/488/488 420/457/457
f 553/595/595 420/457/457 448/488/488
f 418/455/455 417/454/454 576/618/618
f 418/455/455 576/618/618 561/603/603
f 561/603/603 560/602/602 418/455/455
f 577/619/619 561/603/603 576/618/618
f 577/619/619 564/606/606 561/603/603
f 680/724/724 561/603/603 564/606/606
f 561/603/603 680/724/724 560/602/602
f 679/723/723 560/602/602 680/724/724
f 577/619/619 576/618/618 597/639/639
f 599/641/641 597/639/639 576/618/618
f 597/639/639 599/641/641 686/730/730
f 686/730/730 681/725/725 597/639/639
f 686/730/730 380/415/415 681/725/725
f 599/641/641 576/618/618 382/417/417
f 578/620/620 382/417/417 576/618/618
f 578/620/620 576/618/618 417/454/454
f 578/620/620 417/454/454 579/621/621
f 578/620/620 579/621/621 382/417/417
f 554/596/596 579/621/621 417/454/454
f 383/418/418 382/417/417 579/621/621
f 383/418/418 579/621/621 580/622/622
f 574/616/616 580/622/622 579/621/621
f 580/622/622 332/367/367 383/418/418
f 554/596/596 575/617/617 579/621/621
f 574/616/616 579/621/621 575/617/617
f 575/617/617 205/235/235 574/616/616
f 573/615/615 574/616/616 205/235/235
f 574/616/616 573/615/615 580/622/622
f 554/596/596 553/595/595 575/617/617
f 490/532/532 575/617/617 553/595/595
f 553/595/595 448/488/488 490/532/532
f 491/533/533 490/532/532 448/488/488
f 491/533/533 203/233/233 490/532/532
f 202/232/232 490/532/532 203/233/233
f 203/233/233 204/234/234 202/232/232
f 205/235/235 202/232/232 204/234/234
f 491/533/533 718/762/762 203/233/233
f 491/533/533 448/488/488 718/762/762
f 719/763/763 203/233/233 718/762/762
f 204/234/234 489/531/531 205/235/235
f 204/234/234 488/530/530 489/531/531
f 204/234/234 203/233/233 488/530/530
f 487/529/529 489/531/531 488/530/530
f 487/529/529 488/530/530 484/526/526
f 730/774/774 484/526/526 488/530/530
f 733/777/777 205/235/235 489/531/531
f 733/777/777 489/531/531 571/613/613
f 572/614/614 571/613/613 489/531/531
f 572/614/614 489/531/531 486/528/528
f 487/529/529 486/528/528 489/531/531
f 733/777/777 571/613/613 734/778/778
f 733/777/777 734/778/778 205/235/235
f 573/615/615 205/235/235 734/778/778
f 738/782/782 734/778/778 571/613/613
f 573/615/615 734/778/778 720/764/764
f 720/764/764 580/622/622 573/615/615
f 720/764/764 594/636/636 580/622/622
f 332/367/367 580/622/622 594/636/636
f 720/764/764 603/645/645 594/636/636
f 602/644/644 594/636/636 603/645/645
f 603/645/645 600/642/642 602/644/644
f 601/643/643 602/644/644 600/642/642
f 601/643/643 600/642/642 604/646/646
f 605/647/647 604/646/646 600/642/642
f 601/643/643 609/651/651 602/644/644
f 601/643/643 604/646/646 609/651/651
f 350/385/385 602/644/644 609/651/651
f 609/651/651 360/395/395 350/385/385
f 604/646/646 605/647/647 607/649/649
f 209/239/239 607/649/649 605/647/647
f 605/647/647 616/658/658 209/239/239
f 360/395/395 609/651/651 357/392/392
f 611/653/653 357/392/392 609/651/651
f 611/653/653 609/651/651 604/646/646
f 738/782/782 571/613/613 616/658/658
f 738/782/782 616/658/658 600/642/642
f 738/782/782 600/642/642 734/778/778
f 603/645/645 734/778/778 600/642/642
f 603/645/645 720/764/764 734/778/778
f 605/647/647 600/642/642 616/658/658
f 207/237/237 208/238/238 206/236/236
f 207/237/237 206/236/236 255/286/286
f 207/237/237 617/659/659 208/238/238
f 207/237/237 255/286/286 617/659/659
f 348/383/383 208/238/238 617/659/659
f 348/383/383 346/381/381 208/238/238
f 347/382/382 208/238/238 346/381/381
f 348/383/383 612/654/654 346/381/381
f 348/383/383 617/659/659 612/654/654
f 613/655/655 346/381/381 612/654/654
f 346/381/381 613/655/655 389/424/424
f 346/381/381 389/424/424 347/382/382
f 386/421/421 389/424/424 613/655/655
f 613/655/655 612/654/654 682/726/726
f 1336/1398/1398 1580/1648/1648 1567/1635/1635
f 612/654/654 692/736/736 562/604/604
f 563/605/605 562/604/604 692/736/736
f 563/605/605 692/736/736 338/373/373
f 339/374/374 338/373/373 692/736/736
f 339/374/374 692/736/736 742/786/786
f 742/786/786 615/657/657 339/374/374
f 742/786/786 255/286/286 615/657/657
f 677/721/721 615/657/657 255/286/286
f 742/786/786 617/659/659 255/286/286
f 677/721/721 897/947/947 615/657/657
f 677/721/721 568/610/610 897/947/947
f 677/721/721 255/286/286 568/610/610
f 1594/1663/1663 897/947/947 568/610/610
f 1594/1663/1663 568/610/610 903/955/955
f 567/609/609 903/955/955 568/610/610
f 567/609/609 568/610/610 566/608/608
f 206/236/236 566/608/608 568/610/610
f 567/609/609 566/608/608 494/536/536
f 567/609/609 494/536/536 903/955/955
f 536/578/578 494/536/536 566/608/608
f 536/578/578 511/553/553 494/536/536
f 495/537/537 494/536/536 511/553/553
f 495/537/537 1584/1652/1652 494/536/536
f 884/933/933 494/536/536 1584/1652/1652
f 495/537/537 511/553/553 510/552/552
f 495/537/537 510/552/552 1584/1652/1652
f 512/554/554 510/552/552 511/553/553
f 536/578/578 480/522/522 511/553/553
f 723/767/767 511/553/553 480/522/522
f 723/767/767 480/522/522 513/555/555
f 512/554/554 739/783/783 510/552/552
f 739/783/783 512/554/554 302/336/336
f 551/593/593 302/336/336 512/554/554
f 723/767/767 513/555/555 551/593/593
f 551/593/593 537/579/579 302/336/336
f 537/579/579 551/593/593 513/555/555
f 539/581/581 302/336/336 537/579/579
f 539/581/581 537/579/579 538/580/580
f 296/330/330 538/580/580 537/579/579
f 302/336/336 539/581/581 303/337/337
f 538/580/580 303/337/337 539/581/581
f 302/336/336 303/337/337 301/335/335
f 538/580/580 296/330/330 541/583/583
f 295/329/329 541/583/583 296/330/330
f 296/330/330 293/327/327 295/329/329
f 296/330/330 537/579/579 293/327/327
f 513/555/555 293/327/327 537/579/579
f 301/335/335 303/337/337 725/769/769
f 724/768/768 725/769/769 303/337/337
f 541/583/583 724/768/768 538/580/580
f 303/337/337 538/580/580 724/768/768
f 725/769/769 724/768/768 307/341/341
f 307/341/341 300/334/334 725/769/769
f 307/341/341 298/332/332 300/334/334
f 298/332/332 297/331/331 300/334/334
f 298/332/332 299/333/333 297/331/331
f 298/332/332 308/342/342 299/333/333
f 307/341/341 516/558/558 298/332/332
f 517/559/559 298/332/332 516/558/558
f 298/332/332 517/559/559 308/342/342
f 299/333/333 522/564/564 297/331/331
f 522/564/564 299/333/333 534/576/576
f 540/582/582 534/576/576 299/333/333
f 521/563/563 297/331/331 522/564/564
f 522/564/564 1585/1653/1653 521/563/563
f 522/564/564 534/576/576 1585/1653/1653
f 887/936/936 521/563/563 1585/1653/1653
f 521/563/563 887/936/936 674/718/718
f 902/954/954 674/718/718 887/936/936
f 1600/1669/1669 1585/1653/1653 534/576/576
f 1600/1669/1669 534/576/576 893/943/943
f 535/577/577 893/943/943 534/576/576
f 535/577/577 542/584/584 893/943/943
f 894/944/944 893/943/943 542/584/584
f 894/944/944 542/584/584 1601/1670/1670
f 543/585/585 1601/1670/1670 542/584/584
f 1601/1670/1670 543/585/585 889/938/938
f 621/663/663 889/938/938 543/585/585
f 621/663/663 543/585/585 626/668/668
f 627/669/669 626/668/668 543/585/585
f 543/585/585 542/584/584 627/669/669
f 627/669/669 363/398/398 626/668/668
f 366/401/401 626/668/668 363/398/398
f 366/401/401 363/398/398 365/400/400
f 364/399/399 365/400/400 363/398/398
f 364/399/399 214/244/244 365/400/400
f 550/592/592 365/400/400 214/244/244
f 214/244/244 364/399/399 533/575/575
f 533/575/575 532/574/574 214/244/244
f 215/245/245 214/244/244 532/574/574
f 215/245/245 216/246/246 214/244/244
f 216/246/246 215/245/245 397/432/432
f 515/557/557 397/432/432 215/245/245
f 216/246/246 397/432/432 630/672/672
f 550/592/592 630/672/672 213/243/243
f 212/242/242 213/243/243 630/672/672
f 212/242/242 630/672/672 397/432/432
f 397/432/432 336/371/371 212/242/242
f 213/243/243 361/396/396 550/592/592
f 365/400/400 550/592/592 361/396/396
f 361/396/396 625/667/667 365/400/400
f 366/401/401 365/400/400 625/667/667
f 625/667/667 622/664/664 366/401/401
f 626/668/668 366/401/401 622/664/664
f 336/371/371 397/432/432 768/812/812
f 515/557/557 768/812/812 397/432/432
f 515/557/557 753/797/797 768/812/812
f 753/797/797 515/557/557 714/758/758
f 714/758/758 735/779/779 753/797/797
f 736/780/780 753/797/797 735/779/779
f 736/780/780 735/779/779 732/776/776
f 736/780/780 732/776/776 528/570/570
f 736/780/780 528/570/570 753/797/797
f 731/775/775 528/570/570 732/776/776
f 731/775/775 732/776/776 503/545/545
f 504/546/546 503/545/545 732/776/776
f 504/546/546 505/547/547 503/545/545
f 267/298/298 503/545/545 505/547/547
f 267/298/298 200/230/230 503/545/545
f 476/518/518 503/545/545 200/230/230
f 476/518/518 200/230/230 473/515/515
f 504/546/546 707/751/751 505/547/547
f 504/546/546 732/776/776 707/751/751
f 729/773/773 707/751/751 732/776/776
f 729/773/773 727/771/771 707/751/751
f 502/544/544 707/751/751 727/771/771
f 729/773/773 735/779/779 727/771/771
f 729/773/773 732/776/776 735/779/779
f 728/772/772 727/771/771 735/779/779
f 728/772/772 492/534/534 727/771/771
f 728/772/772 713/757/757 492/534/534
f 728/772/772 735/779/779 713/757/757
f 726/770/770 492/534/534 713/757/757
f 714/758/758 713/757/757 735/779/779
f 714/758/758 215/245/245 713/757/757
f 532/574/574 713/757/757 215/245/245
f 215/245/245 714/758/758 515/557/557
f 726/770/770 713/757/757 544/586/586
f 532/574/574 544/586/586 713/757/757
f 532/574/574 533/575/575 544/586/586
f 545/587/587 544/586/586 533/575/575
f 545/587/587 523/565/565 544/586/586
f 292/326/326 544/586/586 523/565/565
f 545/587/587 743/787/787 523/565/565
f 545/587/587 533/575/575 743/787/787
f 520/562/562 523/565/565 743/787/787
f 520/562/562 519/561/561 523/565/565
f 520/562/562 518/560/560 519/561/561
f 520/562/562 743/787/787 518/560/560
f 308/342/342 519/561/561 518/560/560
f 295/329/329 523/565/565 519/561/561
f 523/565/565 295/329/329 292/326/326
f 519/561/561 517/559/559 295/329/329
f 519/561/561 308/342/342 517/559/559
f 541/583/583 295/329/329 517/559/559
f 711/755/755 518/560/560 743/787/787
f 711/755/755 710/754/754 518/560/560
f 711/755/755 712/756/756 710/754/754
f 708/752/752 710/754/754 712/756/756
f 708/752/752 542/584/584 710/754/754
f 708/752/752 627/669/669 542/584/584
f 708/752/752 712/756/756 627/669/669
f 535/577/577 710/754/754 542/584/584
f 535/577/577 534/576/576 710/754/754
f 540/582/582 710/754/754 534/576/576
f 540/582/582 518/560/560 710/754/754
f 363/398/398 627/669/669 712/756/756
f 540/582/582 299/333/333 518/560/560
f 308/342/342 518/560/560 299/333/333
f 363/398/398 712/756/756 364/399/399
f 709/753/753 364/399/399 712/756/756
f 709/753/753 533/575/575 364/399/399
f 709/753/753 743/787/787 533/575/575
f 709/753/753 712/756/756 743/787/787
f 711/755/755 743/787/787 712/756/756
f 218/248/248 219/249/249 217/247/247
f 218/248/248 217/247/247 221/251/251
f 222/252/252 221/251/251 217/247/247
f 221/251/251 222/252/252 220/250/250
f 239/270/270 222/252/252 217/247/247
f 222/252/252 239/270/270 220/250/250
f 217/247/247 240/271/271 239/270/270
f 239/270/270 240/271/271 243/274/274
f 240/271/271 241/272/272 243/274/274
f 242/273/273 243/274/274 241/272/272
f 335/370/370 239/270/270 243/274/274
f 335/370/370 220/250/250 239/270/270
f 243/274/274 403/438/438 335/370/370
f 404/439/439 335/370/370 403/438/438
f 404/439/439 403/438/438 369/404/404
f 245/276/276 369/404/404 403/438/438
f 245/276/276 244/275/275 369/404/404
f 245/276/276 246/277/277 244/275/275
f 337/372/372 369/404/404 244/275/275
f 236/267/267 337/372/372 244/275/275
f 236/267/267 244/275/275 370/405/405
f 312/346/346 370/405/405 244/275/275
f 244/275/275 246/277/277 312/346/346
f 369/404/404 337/372/372 329/364/364
f 367/402/402 329/364/364 337/372/372
f 329/364/364 367/402/402 278/311/311
f 278/311/311 330/365/365 329/364/364
f 329/364/364 330/365/365 369/404/404
f 368/403/403 278/311/311 367/402/402
f 367/402/402 238/269/269 368/403/403
f 309/343/343 368/403/403 238/269/269
f 368/403/403 309/343/343 411/448/448
f 401/436/436 411/448/448 309/343/343
f 309/343/343 233/264/264 401/436/436
f 233/264/264 309/343/343 234/265/265
f 309/343/343 238/269/269 234/265/265
f 233/264/264 234/265/265 232/263/263
f 233/264/264 232/263/263 373/408/408
f 372/407/407 373/408/408 232/263/263
f 234/265/265 235/266/266 232/263/263
f 237/268/268 232/263/263 235/266/266
f 236/267/267 237/268/268 235/266/266
f 235/266/266 238/269/269 236/267/267
f 235/266/266 234/265/265 238/269/269
f 315/349/349 237/268/268 236/267/267
f 237/268/268 315/349/349 232/263/263
f 315/349/349 236/267/267 314/348/348
f 236/267/267 321/356/356 314/348/348
f 315/349/349 314/348/348 374/409/409
f 374/409/409 232/263/263 315/349/349
f 232/263/263 374/409/409 372/407/407
f 376/411/411 372/407/407 374/409/409
f 376/411/411 374/409/409 248/279/279
f 375/410/410 248/279/279 374/409/409
f 375/410/410 374/409/409 314/348/348
f 314/348/348 321/356/356 375/410/410
f 248/279/279 247/278/278 376/411/411
f 248/279/279 249/280/280 247/278/278
f 248/279/279 375/410/410 249/280/280
f 249/280/280 377/412/412 247/278/278
f 377/412/412 249/280/280 228/258/258
f 250/281/281 228/258/258 249/280/280
f 226/256/256 228/258/258 250/281/281
f 227/257/257 228/258/258 226/256/256
f 228/258/258 227/257/257 377/412/412
f 250/281/281 289/322/322 226/256/256
f 250/281/281 249/280/280 289/322/322
f 289/322/322 290/323/323 226/256/256
f 290/323/323 289/322/322 321/356/356
f 225/255/255 290/323/323 321/356/356
f 290/323/323 225/255/255 224/254/254
f 290/323/323 224/254/254 226/256/256
f 224/254/254 225/255/255 223/253/253
f 371/406/406 321/356/356 289/322/322
f 371/406/406 289/322/322 249/280/280
f 224/254/254 223/253/253 288/321/321
f 282/315/315 288/321/321 223/253/253
f 282/315/315 281/314/314 288/321/321
f 282/315/315 283/316/316 281/314/314
f 283/316/316 284/317/317 281/314/314
f 287/320/320 288/321/321 281/314/314
f 226/256/256 288/321/321 287/320/320
f 282/315/315 415/452/452 283/316/316
f 402/437/437 283/316/316 415/452/452
f 283/316/316 402/437/437 274/307/307
f 327/362/362 274/307/307 402/437/437
f 327/362/362 275/308/308 274/307/307
f 275/308/308 276/309/309 274/307/307
f 276/309/309 275/308/308 646/688/688
f 392/427/427 646/688/688 275/308/308
f 275/308/308 390/425/425 392/427/427
f 275/308/308 327/362/362 390/425/425
f 391/426/426 392/427/427 390/425/425
f 646/688/688 647/689/689 276/309/309
f 311/345/345 276/309/309 647/689/689
f 276/309/309 311/345/345 310/344/344
f 328/363/363 276/309/309 310/344/344
f 392/427/427 391/426/426 718/762/762
f 719/763/763 718/762/762 391/426/426
f 719/763/763 391/426/426 721/765/765
f 719/763/763 721/765/765 203/233/233
f 740/784/784 203/233/233 721/765/765
f 740/784/784 488/530/530 203/233/233
f 740/784/784 741/785/785 488/530/530
f 740/784/784 721/765/765 741/785/785
f 730/774/774 488/530/530 741/785/785
f 730/774/774 741/785/785 501/543/543
f 469/511/511 501/543/543 741/785/785
f 722/766/766 741/785/785 721/765/765
f 469/511/511 741/785/785 428/468/468
f 722/766/766 428/468/468 741/785/785
f 722/766/766 716/760/760 428/468/468
f 722/766/766 721/765/765 716/760/760
f 717/761/761 716/760/760 721/765/765
f 717/761/761 656/699/699 716/760/760
f 326/361/361 716/760/760 656/699/699
f 326/361/361 656/699/699 217/247/247
f 326/361/361 217/247/247 325/360/360
f 326/361/361 325/360/360 716/760/760
f 240/271/271 217/247/247 656/699/699
f 240/271/271 656/699/699 241/272/272
f 390/425/425 241/272/272 656/699/699
f 390/425/425 656/699/699 391/426/426
f 717/761/761 391/426/426 656/699/699
f 717/761/761 721/765/765 391/426/426
f 325/360/360 217/247/247 254/285/285
f 219/249/249 254/285/285 217/247/247
f 219/249/249 280/313/313 254/285/285
f 219/249/249 218/248/248 280/313/313
f 320/355/355 280/313/313 218/248/248
f 320/355/355 218/248/248 319/354/354
f 319/354/354 218/248/248 414/451/451
f 221/251/251 414/451/451 218/248/248
f 319/354/354 652/695/695 320/355/355
f 319/354/354 414/451/451 652/695/695
f 653/696/696 320/355/355 652/695/695
f 320/355/355 653/696/696 280/313/313
f 413/450/450 652/695/695 414/451/451
f 413/450/450 412/449/449 652/695/695
f 413/450/450 279/312/312 412/449/449
f 411/448/448 412/449/449 279/312/312
f 229/259/259 652/695/695 412/449/449
f 652/695/695 229/259/259 653/696/696
f 412/449/449 400/435/435 229/259/259
f 412/449/449 411/448/448 400/435/435
f 410/447/447 229/259/259 400/435/435
f 410/447/447 409/445/445 229/259/259
f 409/445/445 410/447/447 408/443/443
f 407/442/442 408/443/443 410/447/447
f 410/447/447 400/435/435 407/442/442
f 230/260/260 229/259/259 409/445/445
f 230/260/260 231/262/262 229/259/259
f 407/442/442 317/352/352 408/443/443
f 317/352/352 407/442/442 406/441/441
f 399/434/434 406/441/441 407/442/442
f 406/441/441 399/434/434 405/440/440
f 398/433/433 405/440/440 399/434/434
f 399/434/434 400/435/435 398/433/433
f 401/436/436 398/433/433 400/435/435
f 398/433/433 401/436/436 233/264/264
f 406/441/441 663/706/706 317/352/352
f 663/706/706 406/441/441 848/896/896
f 405/440/440 848/896/896 406/441/441
f 848/896/896 849/897/897 663/706/706
f 662/705/705 663/706/706 849/897/897
f 849/897/897 658/701/701 662/705/705
f 657/700/700 662/705/705 658/701/701
f 658/701/701 284/317/317 657/700/700
f 659/702/702 657/700/700 284/317/317
f 662/705/705 657/700/700 661/704/704
f 660/703/703 661/704/704 657/700/700
f 661/704/704 660/703/703 666/710/710
f 661/704/704 666/710/710 318/353/353
f 316/350/350 318/353/353 666/710/710
f 317/352/352 318/353/353 316/350/350
f 318/353/353 317/352/352 663/706/706
f 316/350/350 408/443/443 317/352/352
f 668/712/712 666/710/710 660/703/703
f 663/706/706 662/705/705 318/353/353
f 661/704/704 318/353/353 662/705/705
f 666/709/709 668/712/712 667/711/711
f 666/709/709 667/711/711 316/351/351
f 643/685/685 316/351/351 667/711/711
f 643/685/685 642/684/684 316/351/351
f 643/685/685 644/686/686 642/684/684
f 643/685/685 667/711/711 644/686/686
f 645/687/687 642/684/684 644/686/686
f 408/444/444 316/351/351 642/684/684
f 408/444/444 642/684/684 409/446/446
f 650/693/693 409/446/446 642/684/684
f 650/693/693 648/691/691 409/446/446
f 650/693/693 651/694/694 648/691/691
f 650/693/693 642/684/684 651/694/694
f 645/687/687 651/694/694 642/684/684
f 464/505/505 648/691/691 651/694/694
f 230/261/261 409/446/446 648/691/691
f 464/505/505 651/694/694 465/507/507
f 700/744/744 465/507/507 651/694/694
f 700/744/744 651/694/694 697/741/741
f 645/687/687 697/741/741 651/694/694
f 645/687/687 644/686/686 697/741/741
f 696/740/740 697/741/741 644/686/686
f 696/740/740 644/686/686 699/743/743
f 698/742/742 699/743/743 644/686/686
f 698/742/742 644/686/686 667/711/711
f 698/742/742 667/711/711 694/738/738
f 698/742/742 694/738/738 699/743/743
f 669/713/713 694/738/738 667/711/711
f 669/713/713 667/711/711 668/712/712
f 696/740/740 699/743/743 840/887/887
f 696/740/740 840/887/887 697/741/741
f 839/886/886 697/741/741 840/887/887
f 839/886/886 840/887/887 838/885/885
f 841/888/888 838/885/885 840/887/887
f 841/888/888 840/887/887 843/890/890
f 842/889/889 843/890/890 840/887/887
f 842/889/889 837/884/884 843/890/890
f 844/891/891 843/890/890 837/884/884
f 844/891/891 837/884/884 828/875/875
f 453/493/493 828/875/875 837/884/884
f 453/493/493 837/884/884 450/490/490
f 453/493/493 450/490/490 452/492/492
f 453/493/493 452/492/492 828/875/875
f 451/491/491 452/492/492 450/490/490
f 451/491/491 450/490/490 646/688/688
f 451/491/491 646/688/688 446/486/486
f 451/491/491 446/486/486 452/492/492
f 447/487/487 446/486/486 646/688/688
f 447/487/487 448/488/488 446/486/486
f 449/489/489 446/486/486 448/488/488
f 449/489/489 448/488/488 558/600/600
f 559/601/601 558/600/600 448/488/488
f 447/487/487 718/762/762 448/488/488
f 447/487/487 646/688/688 718/762/762
f 392/427/427 718/762/762 646/688/688
f 449/489/489 704/748/748 446/486/486
f 449/489/489 558/600/600 704/748/748
f 689/733/733 704/748/748 558/600/600
f 689/733/733 558/600/600 687/731/731
f 689/733/733 687/731/731 271/304/304
f 689/733/733 271/304/304 704/748/748
f 272/305/305 271/304/304 687/731/731
f 272/305/305 273/306/306 271/304/304
f 272/305/305 684/728/728 273/306/306
f 272/305/305 687/731/731 684/728/728
f 685/729/729 273/306/306 684/728/728
f 497/539/539 684/728/728 687/731/731
f 497/539/539 496/538/538 684/728/728
f 497/539/539 498/540/540 496/538/538
f 499/541/541 496/538/538 498/540/540
f 499/541/541 498/540/540 673/717/717
f 678/722/722 684/728/728 496/538/538
f 678/722/722 496/538/538 670/714/714
f 671/715/715 670/714/714 496/538/538
f 671/715/715 895/945/945 670/714/714
f 901/953/953 670/714/714 895/945/945
f 671/715/715 672/716/716 895/945/945
f 499/541/541 673/717/717 672/716/716
f 1592/1661/1661 895/945/945 672/716/716
f 1592/1661/1661 672/716/716 879/927/927
f 676/720/720 879/927/927 672/716/716
f 676/720/720 672/716/716 673/717/717
f 671/715/715 496/538/538 672/716/716
f 499/541/541 672/716/716 496/538/538
f 1592/1661/1661 879/927/927 1377/1441/1441
f 1592/1661/1661 1377/1441/1441 895/945/945
f 1376/1440/1440 895/945/945 1377/1441/1441
f 1376/1440/1440 1375/1439/1439 895/945/945
f 901/953/953 895/945/945 1375/1439/1439
f 1376/1440/1440 1201/1263/1263 1375/1439/1439
f 1376/1440/1440 1377/1441/1441 1201/1263/1263
f 1383/1447/1447 1375/1439/1439 1201/1263/1263
f 1383/1447/1447 1201/1263/1263 1389/1453/1453
f 1202/1264/1264 1389/1453/1453 1201/1263/1263
f 1202/1264/1264 1201/1263/1263 1203/1265/1265
f 1204/1266/1266 1203/1265/1265 1201/1263/1263
f 1204/1266/1266 1378/1442/1442 1203/1265/1265
f 1262/1324/1324 1203/1265/1265 1378/1442/1442
f 1262/1324/1324 1261/1323/1323 1203/1265/1265
f 1260/1322/1322 1203/1265/1265 1261/1323/1323
f 1260/1322/1322 1261/1323/1323 1263/1325/1325
f 1264/1326/1326 1263/1325/1325 1261/1323/1323
f 1262/1324/1324 1378/1442/1442 1265/1327/1327
f 1262/1324/1324 1265/1327/1327 1261/1323/1323
f 1384/1448/1448 1265/1327/1327 1378/1442/1442
f 1384/1448/1448 1378/1442/1442 1047/1104/1104
f 1381/1445/1445 1047/1104/1104 1378/1442/1442
f 1381/1445/1445 879/927/927 1047/1104/1104
f 896/946/946 1047/1104/1104 879/927/927
f 1384/1448/1448 1047/1104/1104 1385/1449/1449
f 1384/1448/1448 1385/1449/1449 1265/1327/1327
f 1044/1101/1101 1385/1449/1449 1047/1104/1104
f 1047/1104/1104 1046/1103/1103 1044/1101/1101
f 1045/1102/1102 1044/1101/1101 1046/1103/1103
f 1385/1449/1449 1044/1101/1101 1269/1331/1331
f 1268/1330/1330 1269/1331/1331 1044/1101/1101
f 1268/1330/1330 1267/1329/1329 1269/1331/1331
f 1270/1332/1332 1269/1331/1331 1267/1329/1329
f 1270/1332/1332 1302/1364/1364 1269/1331/1331
f 1282/1344/1344 1269/1331/1331 1302/1364/1364
f 1270/1332/1332 1267/1329/1329 1386/1450/1450
f 1270/1332/1332 1386/1450/1450 1302/1364/1364
f 1387/1451/1451 1386/1450/1450 1267/1329/1329
f 1387/1451/1451 1297/1359/1359 1386/1450/1450
f 1298/1360/1360 1386/1450/1450 1297/1359/1359
f 1298/1360/1360 1297/1359/1359 1293/1355/1355
f 1298/1360/1360 1293/1355/1355 1086/1143/1143
f 1298/1360/1360 1086/1143/1143 1386/1450/1450
f 1085/1142/1142 1086/1143/1143 1293/1355/1355
f 1085/1142/1142 1084/1141/1141 1086/1143/1143
f 1087/1144/1144 1086/1143/1143 1084/1141/1141
f 1085/1142/1142 1290/1352/1352 1084/1141/1141
f 1085/1142/1142 1293/1355/1355 1290/1352/1352
f 1287/1349/1349 1084/1141/1141 1290/1352/1352
f 1290/1352/1352 1289/1351/1351 1287/1349/1349
f 1286/1348/1348 1287/1349/1349 1289/1351/1351
f 1287/1349/1349 1286/1348/1348 1040/1097/1097
f 1287/1349/1349 1040/1097/1097 1084/1141/1141
f 1288/1350/1350 1040/1097/1097 1286/1348/1348
f 1290/1352/1352 1291/1353/1353 1289/1351/1351
f 1292/1354/1354 1289/1351/1351 1291/1353/1353
f 1291/1353/1353 1290/1352/1352 1293/1355/1355
f 1291/1353/1353 1294/1356/1356 1292/1354/1354
f 1291/1353/1353 1293/1355/1355 1294/1356/1356
f 1051/1108/1108 1292/1354/1354 1294/1356/1356
f 1051/1108/1108 1294/1356/1356 1050/1107/1107
f 1051/1108/1108 1050/1107/1107 1048/1105/1105
f 1049/1106/1106 1048/1105/1105 1050/1107/1107
f 1050/1107/1107 1062/1119/1119 1049/1106/1106
f 1059/1116/1116 1049/1106/1106 1062/1119/1119
f 1062/1119/1119 1061/1118/1118 1059/1116/1116
f 1060/1117/1117 1059/1116/1116 1061/1118/1118
f 1061/1118/1118 1062/1119/1119 1090/1147/1147
f 1091/1148/1148 1090/1147/1147 1062/1119/1119
f 1060/1117/1117 1061/1118/1118 1128/1187/1187
f 1129/1188/1188 1128/1187/1187 1061/1118/1118
f 1062/1119/1119 1050/1107/1107 1091/1148/1148
f 1295/1357/1357 1091/1148/1148 1050/1107/1107
f 1295/1357/1357 1050/1107/1107 1294/1356/1356
f 1294/1356/1356 1296/1358/1358 1295/1357/1357
f 1093/1150/1150 1295/1357/1357 1296/1358/1358
f 1296/1358/1358 1297/1359/1359 1093/1150/1150
f 1092/1149/1149 1093/1150/1150 1297/1359/1359
f 1093/1150/1150 1092/1149/1149 1094/1151/1151
f 1095/1152/1152 1094/1151/1151 1092/1149/1149
f 1094/1151/1151 1095/1152/1152 1311/1373/1373
f 1313/1375/1375 1311/1373/1373 1095/1152/1152
f 1313/1375/1375 915/967/967 1311/1373/1373
f 1312/1374/1374 1311/1373/1373 915/967/967
f 1311/1373/1373 1312/1374/1374 1090/1147/1147
f 1311/1373/1373 1090/1147/1147 1094/1151/1151
f 1315/1377/1377 1090/1147/1147 1312/1374/1374
f 1312/1374/1374 1309/1371/1371 1315/1377/1377
f 1316/1378/1378 1315/1377/1377 1309/1371/1371
f 1316/1378/1378 1063/1120/1120 1315/1377/1377
f 1129/1188/1188 1315/1377/1377 1063/1120/1120
f 1063/1120/1120 1064/1121/1121 1129/1188/1188
f 1064/1121/1121 1063/1120/1120 1065/1122/1122
f 1066/1123/1123 1065/1122/1122 1063/1120/1120
f 1065/1122/1122 1066/1123/1123 1319/1381/1381
f 1057/1114/1114 1319/1381/1381 1066/1123/1123
f 1057/1114/1114 1066/1123/1123 1056/1113/1113
f 1056/1113/1113 1055/1112/1112 1057/1114/1114
f 1058/1115/1115 1057/1114/1114 1055/1112/1112
f 1057/1114/1114 1058/1115/1115 1319/1381/1381
f 1058/1115/1115 1055/1112/1112 1127/1186/1186
f 1037/1094/1094 1127/1186/1186 1055/1112/1112
f 1055/1112/1112 1299/1361/1361 1037/1094/1094
f 1038/1095/1095 1037/1094/1094 1299/1361/1361
f 1038/1095/1095 1028/1085/1085 1037/1094/1094
f 1028/1085/1085 1029/1086/1086 1037/1094/1094
f 1030/1087/1087 1029/1086/1086 1028/1085/1085
f 1039/1096/1096 1037/1094/1094 1029/1086/1086
f 1040/1097/1097 1037/1094/1094 1039/1096/1096
f 1028/1085/1085 1089/1146/1146 1030/1087/1087
f 1028/1085/1085 1038/1095/1095 1089/1146/1146
f 1088/1145/1145 1030/1087/1087 1089/1146/1146
f 1088/1145/1145 1304/1366/1366 1030/1087/1087
f 1303/1365/1365 1030/1087/1087 1304/1366/1366
f 1030/1087/1087 1303/1365/1365 1029/1086/1086
f 1303/1365/1365 1304/1366/1366 1391/1455/1455
f 1391/1455/1455 1086/1143/1143 1303/1365/1365
f 1087/1144/1144 1303/1365/1365 1086/1143/1143
f 1302/1364/1364 1391/1455/1455 1304/1366/1366
f 1391/1455/1455 1302/1364/1364 1386/1450/1450
f 1391/1455/1455 1386/1450/1450 1086/1143/1143
f 1304/1366/1366 1281/1343/1343 1302/1364/1364
f 1282/1344/1344 1302/1364/1364 1281/1343/1343
f 1282/1344/1344 1281/1343/1343 1266/1328/1328
f 1124/1183/1183 1266/1328/1328 1281/1343/1343
f 1266/1328/1328 1124/1183/1183 1265/1327/1327
f 1125/1184/1184 1265/1327/1327 1124/1183/1183
f 1124/1183/1183 1123/1182/1182 1125/1184/1184
f 1124/1183/1183 1281/1343/1343 1123/1182/1182
f 1126/1185/1185 1125/1184/1184 1123/1182/1182
f 1126/1185/1185 1123/1182/1182 1258/1320/1320
f 1259/1321/1321 1258/1320/1320 1123/1182/1182
f 1258/1320/1320 1153/1213/1213 1126/1185/1185
f 1264/1326/1326 1126/1185/1185 1153/1213/1213
f 1125/1184/1184 1261/1323/1323 1265/1327/1327
f 1264/1326/1326 1261/1323/1323 1126/1185/1185
f 1125/1184/1184 1126/1185/1185 1261/1323/1323
f 1264/1326/1326 1153/1213/1213 1263/1325/1325
f 1154/1214/1214 1263/1325/1325 1153/1213/1213
f 1154/1214/1214 1153/1213/1213 1151/1211/1211
f 1152/1212/1212 1151/1211/1211 1153/1213/1213
f 1152/1212/1212 1153/1213/1213 1423/1487/1487
f 1196/1258/1258 1423/1487/1487 1153/1213/1213
f 1196/1258/1258 909/961/961 1423/1487/1487
f 1196/1258/1258 1195/1257/1257 909/961/961
f 908/960/960 909/961/961 1195/1257/1257
f 910/962/962 909/961/961 908/960/960
f 908/960/960 911/963/963 910/962/962
f 1196/1258/1258 1153/1213/1213 1195/1257/1257
f 1258/1320/1320 1195/1257/1257 1153/1213/1213
f 1195/1257/1257 1258/1320/1320 1280/1342/1342
f 1195/1257/1257 1280/1342/1342 908/960/960
f 911/963/963 908/960/960 1280/1342/1342
f 1280/1342/1342 1279/1341/1341 911/963/963
f 1278/1340/1340 911/963/963 1279/1341/1341
f 1259/1321/1321 1280/1342/1342 1258/1320/1320
f 1279/1341/1341 1280/1342/1342 1284/1346/1346
f 1259/1321/1321 1284/1346/1346 1280/1342/1342
f 1279/1341/1341 1284/1346/1346 1285/1347/1347
f 1279/1341/1341 1285/1347/1347 1278/1340/1340
f 1089/1146/1146 1285/1347/1347 1284/1346/1346
f 1259/1321/1321 1123/1182/1182 1284/1346/1346
f 1283/1345/1345 1284/1346/1346 1123/1182/1182
f 1283/1345/1345 1123/1182/1182 1281/1343/1343
f 1283/1345/1345 1281/1343/1343 1088/1145/1145
f 1089/1146/1146 1284/1346/1346 1088/1145/1145
f 1283/1345/1345 1088/1145/1145 1284/1346/1346
f 1304/1366/1366 1088/1145/1145 1281/1343/1343
f 1285/1347/1347 1089/1146/1146 1038/1095/1095
f 1038/1095/1095 1299/1361/1361 1285/1347/1347
f 1425/1489/1489 1285/1347/1347 1299/1361/1361
f 1425/1489/1489 1278/1340/1340 1285/1347/1347
f 1425/1489/1489 1299/1361/1361 1308/1370/1370
f 1307/1369/1369 1308/1370/1370 1299/1361/1361
f 1308/1370/1370 1307/1369/1369 1305/1367/1367
f 1306/1368/1368 1305/1367/1367 1307/1369/1369
f 1306/1368/1368 1309/1371/1371 1305/1367/1367
f 1310/1372/1372 1305/1367/1367 1309/1371/1371
f 1306/1368/1368 1307/1369/1369 1314/1376/1376
f 1306/1368/1368 1314/1376/1376 1309/1371/1371
f 1056/1113/1113 1314/1376/1376 1307/1369/1369
f 1314/1376/1376 1056/1113/1113 1066/1123/1123
f 1309/1371/1371 1312/1374/1374 1310/1372/1372
f 915/967/967 1310/1372/1372 1312/1374/1374
f 1310/1372/1372 915/967/967 1321/1383/1383
f 916/968/968 1321/1383/1383 915/967/967
f 917/969/969 916/968/968 915/967/967
f 916/968/968 1187/1249/1249 1321/1383/1383
f 916/968/968 917/969/969 1187/1249/1249
f 1275/1337/1337 1321/1383/1383 1187/1249/1249
f 1186/1248/1248 1187/1249/1249 917/969/969
f 1186/1248/1248 1185/1247/1247 1187/1249/1249
f 1188/1250/1250 1187/1249/1249 1185/1247/1247
f 1188/1250/1250 1185/1247/1247 1218/1280/1280
f 1188/1250/1250 1218/1280/1280 1274/1336/1336
f 1275/1337/1337 1187/1249/1249 1274/1336/1336
f 1188/1250/1250 1274/1336/1336 1187/1249/1249
f 1275/1337/1337 1274/1336/1336 1276/1338/1338
f 1277/1339/1339 1276/1338/1338 1274/1336/1336
f 1219/1281/1281 1274/1336/1336 1218/1280/1280
f 1218/1280/1280 999/1055/1055 1219/1281/1281
f 1000/1056/1056 1219/1281/1281 999/1055/1055
f 1000/1056/1056 999/1055/1055 998/1054/1054
f 1219/1281/1281 1191/1253/1253 1274/1336/1336
f 1277/1339/1339 1274/1336/1336 1191/1253/1253
f 1219/1281/1281 1000/1056/1056 1191/1253/1253
f 1190/1252/1252 1191/1253/1253 1000/1056/1056
f 1190/1252/1252 1189/1251/1251 1191/1253/1253
f 1192/1254/1254 1191/1253/1253 1189/1251/1251
f 1190/1252/1252 1197/1259/1259 1189/1251/1251
f 1190/1252/1252 1000/1056/1056 1197/1259/1259
f 1198/1260/1260 1189/1251/1251 1197/1259/1259
f 1431/1495/1495 1197/1259/1259 1000/1056/1056
f 1431/1495/1495 1418/1482/1482 1197/1259/1259
f 1433/1497/1497 1197/1259/1259 1418/1482/1482
f 1192/1254/1254 1189/1251/1251 1193/1255/1255
f 1192/1254/1254 1193/1255/1255 1194/1256/1256
f 910/962/962 1194/1256/1256 1193/1255/1255
f 910/962/962 911/963/963 1194/1256/1256
f 1438/1502/1502 1194/1256/1256 911/963/963
f 1438/1502/1502 911/963/963 1439/1503/1503
f 1278/1340/1340 1439/1503/1503 911/963/963
f 1438/1502/1502 1276/1338/1338 1194/1256/1256
f 1438/1502/1502 1439/1503/1503 1276/1338/1338
f 1277/1339/1339 1194/1256/1256 1276/1338/1338
f 1277/1339/1339 1191/1253/1253 1194/1256/1256
f 1443/1507/1507 1276/1338/1338 1439/1503/1503
f 1278/1340/1340 1425/1489/1489 1439/1503/1503
f 1308/1370/1370 1439/1503/1503 1425/1489/1489
f 1443/1507/1507 1439/1503/1503 1305/1367/1367
f 1308/1370/1370 1305/1367/1367 1439/1503/1503
f 1443/1507/1507 1321/1383/1383 1276/1338/1338
f 1443/1507/1507 1305/1367/1367 1321/1383/1383
f 1310/1372/1372 1321/1383/1383 1305/1367/1367
f 1192/1254/1254 1194/1256/1256 1191/1253/1253
f 1275/1337/1337 1276/1338/1338 1321/1383/1383
f 253/284/284 254/285/285 252/283/283
f 252/283/283 693/737/737 253/284/284
f 252/283/283 715/759/759 693/737/737
f 463/503/503 693/737/737 715/759/759
f 470/512/512 253/284/284 693/737/737
f 470/512/512 442/482/482 253/284/284
f 430/470/470 253/284/284 442/482/482
f 430/470/470 442/482/482 468/510/510
f 693/737/737 463/503/503 260/291/291
f 263/294/294 260/291/291 463/503/503
f 260/291/291 263/294/294 262/293/293
f 463/503/503 461/501/501 263/294/294
f 462/502/502 263/294/294 461/501/501
f 462/502/502 461/501/501 465/506/506
f 464/504/504 465/506/506 461/501/501
f 464/504/504 461/501/501 648/690/690
f 649/692/692 648/690/690 461/501/501
f 649/692/692 231/262/262 648/690/690
f 230/260/260 648/690/690 231/262/262
f 231/262/262 649/692/692 280/313/313
f 715/759/759 280/313/313 649/692/692
f 715/759/759 252/283/283 280/313/313
f 254/285/285 280/313/313 252/283/283
f 649/692/692 461/501/501 715/759/759
f 463/503/503 715/759/759 461/501/501
f 231/262/262 280/313/313 653/696/696
f 231/262/262 653/696/696 229/259/259
f 254/285/285 253/284/284 325/360/360
f 429/469/469 325/360/360 253/284/284
f 429/469/469 716/760/760 325/360/360
f 429/469/469 428/468/468 716/760/760
f 269/301/301 270/302/302 268/299/299
f 291/324/324 270/302/302 269/301/301
f 268/299/299 822/869/869 269/301/301
f 822/869/869 268/299/299 823/870/870
f 822/869/869 823/870/870 821/868/868
f 824/871/871 821/868/868 823/870/870
f 820/867/867 823/870/870 268/299/299
f 771/815/815 269/301/301 822/869/869
f 822/869/869 821/868/868 771/815/815
f 771/815/815 773/817/817 269/301/301
f 773/817/817 771/815/815 762/806/806
f 772/816/816 762/806/806 771/815/815
f 772/816/816 771/815/815 821/868/868
f 772/816/816 774/818/818 762/806/806
f 772/816/816 821/868/868 774/818/818
f 763/807/807 762/806/806 774/818/818
f 763/807/807 467/509/509 762/806/806
f 393/428/428 762/806/806 467/509/509
f 467/509/509 466/508/508 393/428/428
f 394/429/429 393/428/428 466/508/508
f 394/429/429 395/430/430 393/428/428
f 396/431/431 393/428/428 395/430/430
f 395/430/430 394/429/429 432/472/472
f 395/430/430 432/472/472 441/481/481
f 395/430/430 441/481/481 396/431/431
f 440/480/480 441/481/481 432/472/472
f 440/480/480 432/472/472 437/477/477
f 440/480/480 437/477/477 760/804/804
f 440/480/480 760/804/804 441/481/481
f 759/803/803 760/804/804 437/477/477
f 431/471/471 437/477/477 432/472/472
f 432/472/472 433/473/473 431/471/471
f 434/474/474 431/471/471 433/473/473
f 434/474/474 433/473/473 435/475/475
f 436/476/476 435/475/475 433/473/473
f 431/471/471 438/478/478 437/477/477
f 759/803/803 758/802/802 760/804/804
f 438/478/478 431/471/471 756/800/800
f 434/474/474 756/800/800 431/471/471
f 434/474/474 435/475/475 756/800/800
f 438/478/478 756/800/800 750/794/794
f 746/790/790 750/794/794 756/800/800
f 750/794/794 746/790/790 749/793/793
f 745/789/789 749/793/793 746/790/790
f 746/790/790 747/791/791 745/789/789
f 746/790/790 756/800/800 747/791/791
f 748/792/792 745/789/789 747/791/791
f 750/794/794 749/793/793 751/795/795
f 757/801/801 747/791/791 756/800/800
f 750/794/794 751/795/795 438/478/478
f 439/479/479 438/478/478 751/795/795
f 439/479/479 437/477/477 438/478/478
f 439/479/479 751/795/795 754/798/798
f 439/479/479 754/798/798 437/477/477
f 509/551/551 754/798/798 751/795/795
f 509/551/551 508/550/550 754/798/798
f 755/799/799 754/798/798 508/550/550
f 755/799/799 508/550/550 444/484/484
f 755/799/799 444/484/484 758/802/802
f 755/799/799 758/802/802 754/798/798
f 443/483/483 758/802/802 444/484/484
f 759/803/803 754/798/798 758/802/802
f 443/483/483 259/290/290 758/802/802
f 261/292/292 758/802/802 259/290/290
f 261/292/292 760/804/804 758/802/802
f 261/292/292 260/291/291 760/804/804
f 262/293/293 760/804/804 260/291/291
f 262/293/293 441/481/481 760/804/804
f 441/481/481 262/293/293 761/805/805
f 761/805/805 396/431/431 441/481/481
f 263/294/294 761/805/805 262/293/293
f 396/431/431 761/805/805 773/817/817
f 775/819/819 773/817/817 761/805/805
f 761/805/805 263/294/294 775/819/819
f 775/819/819 269/301/301 773/817/817
f 269/301/301 775/819/819 291/324/324
f 845/893/893 291/324/324 775/819/819
f 773/817/817 762/806/806 396/431/431
f 393/428/428 396/431/431 762/806/806
f 462/502/502 775/819/819 263/294/294
f 775/819/819 462/502/502 845/893/893
f 465/506/506 845/893/893 462/502/502
f 278/311/311 279/312/312 277/310/310
f 279/312/312 413/450/450 277/310/310
f 414/451/451 277/310/310 413/450/450
f 278/311/311 368/403/403 279/312/312
f 411/448/448 279/312/312 368/403/403
f 277/310/310 414/451/451 220/250/250
f 221/251/251 220/250/250 414/451/451
f 330/365/365 220/250/250 404/439/439
f 335/370/370 404/439/439 220/250/250
f 220/250/250 330/365/365 277/310/310
f 278/311/311 277/310/310 330/365/365
f 404/439/439 369/404/404 330/365/365
f 285/318/318 286/319/319 247/278/278
f 285/318/318 247/278/278 377/412/412
f 377/412/412 654/697/697 285/318/318
f 655/698/698 285/318/318 654/697/697
f 285/318/318 664/707/707 286/319/319
f 285/318/318 655/698/698 664/707/707
f 373/408/408 286/319/319 664/707/707
f 654/697/697 227/257/257 655/698/698
f 654/697/697 377/412/412 227/257/257
f 665/708/708 655/698/698 227/257/257
f 664/707/707 848/896/896 373/408/408
f 405/440/440 373/408/408 848/896/896
f 405/440/440 398/433/433 373/408/408
f 233/264/264 373/408/408 398/433/433
f 848/896/896 664/707/707 849/897/897
f 851/899/899 849/897/897 664/707/707
f 851/899/899 850/898/898 849/897/897
f 658/701/701 849/897/897 850/898/898
f 850/898/898 281/314/314 658/701/701
f 284/317/317 658/701/701 281/314/314
f 850/898/898 665/708/708 281/314/314
f 287/320/320 281/314/314 665/708/708
f 851/899/899 655/698/698 850/898/898
f 665/708/708 850/898/898 655/698/698
f 851/899/899 664/707/707 655/698/698
f 287/320/320 665/708/708 226/256/256
f 227/257/257 226/256/256 665/708/708
f 284/317/317 283/316/316 659/702/702
f 274/307/307 659/702/702 283/316/316
f 659/702/702 274/307/307 328/363/363
f 659/702/702 328/363/363 657/700/700
f 660/703/703 657/700/700 328/363/363
f 276/309/309 328/363/363 274/307/307
f 660/703/703 328/363/363 668/712/712
f 310/344/344 668/712/712 328/363/363
f 310/344/344 311/345/345 668/712/712
f 669/713/713 668/712/712 311/345/345
f 669/713/713 311/345/345 694/738/738
f 647/689/689 694/738/738 311/345/345
f 647/689/689 450/490/490 694/738/738
f 695/739/739 694/738/738 450/490/490
f 647/689/689 646/688/688 450/490/490
f 695/739/739 450/490/490 837/884/884
f 695/739/739 837/884/884 699/743/743
f 695/739/739 699/743/743 694/738/738
f 842/889/889 699/743/743 837/884/884
f 842/889/889 840/887/887 699/743/743
f 305/339/339 271/304/304 304/338/338
f 305/339/339 704/748/748 271/304/304
f 305/339/339 304/338/338 830/877/877
f 305/339/339 830/877/877 704/748/748
f 831/878/878 830/877/877 304/338/338
f 831/878/878 826/873/873 830/877/877
f 829/876/876 830/877/877 826/873/873
f 829/876/876 826/873/873 828/875/875
f 827/874/874 828/875/875 826/873/873
f 770/814/814 704/748/748 830/877/877
f 770/814/814 446/486/486 704/748/748
f 770/814/814 452/492/492 446/486/486
f 829/876/876 828/875/875 452/492/492
f 770/814/814 830/877/877 452/492/492
f 829/876/876 452/492/492 830/877/877
f 827/874/874 826/873/873 804/850/850
f 827/874/874 804/850/850 833/880/880
f 807/853/853 833/880/880 804/850/850
f 807/853/853 804/850/850 806/852/852
f 805/851/851 806/852/852 804/850/850
f 805/851/851 804/850/850 809/855/855
f 808/854/854 809/855/855 804/850/850
f 808/854/854 804/850/850 826/873/873
f 808/854/854 810/856/856 809/855/855
f 808/854/854 826/873/873 810/856/856
f 811/857/857 809/855/855 810/856/856
f 811/857/857 810/856/856 802/848/848
f 803/849/849 802/848/848 810/856/856
f 803/849/849 273/306/306 802/848/848
f 685/729/729 802/848/848 273/306/306
f 803/849/849 304/338/338 273/306/306
f 803/849/849 810/856/856 304/338/338
f 271/304/304 273/306/306 304/338/338
f 685/729/729 706/750/750 802/848/848
f 685/729/729 684/728/728 706/750/750
f 678/722/722 706/750/750 684/728/728
f 678/722/722 670/714/714 706/750/750
f 705/749/749 706/750/750 670/714/714
f 705/749/749 776/820/820 706/750/750
f 777/821/821 706/750/750 776/820/820
f 705/749/749 670/714/714 1609/1681/1681
f 705/749/749 1609/1681/1681 776/820/820
f 901/953/953 1609/1681/1681 670/714/714
f 881/929/929 776/820/820 1609/1681/1681
f 881/929/929 426/463/463 776/820/820
f 785/829/829 776/820/820 426/463/463
f 785/829/829 784/828/828 776/820/820
f 777/821/821 776/820/820 784/828/828
f 785/829/829 778/822/822 784/828/828
f 785/829/829 426/463/463 778/822/822
f 781/825/825 784/828/828 778/822/822
f 781/825/825 778/822/822 780/824/824
f 779/823/823 780/824/824 778/822/822
f 779/823/823 782/826/826 780/824/824
f 783/827/827 780/824/824 782/826/826
f 783/827/827 782/826/826 787/831/831
f 786/830/830 787/831/831 782/826/826
f 786/830/830 788/832/832 787/831/831
f 789/833/833 787/831/831 788/832/832
f 779/823/823 1606/1677/1677 782/826/826
f 779/823/823 778/822/822 1606/1677/1677
f 1597/1666/1666 1606/1677/1677 778/822/822
f 1597/1666/1666 778/822/822 426/463/463
f 786/830/830 900/951/951 788/832/832
f 786/830/830 782/826/826 900/951/951
f 899/949/949 782/826/826 1606/1677/1677
f 899/949/949 900/951/951 782/826/826
f 1597/1666/1666 426/463/463 1483/1547/1547
f 1490/1554/1554 1483/1547/1547 426/463/463
f 1490/1554/1554 1489/1553/1553 1483/1547/1547
f 1486/1550/1550 1483/1547/1547 1489/1553/1553
f 1486/1550/1550 1485/1549/1549 1483/1547/1547
f 1484/1548/1548 1483/1547/1547 1485/1549/1549
f 1484/1548/1548 1485/1549/1549 1487/1551/1551
f 1488/1552/1552 1487/1551/1551 1485/1549/1549
f 1488/1552/1552 1492/1556/1556 1487/1551/1551
f 1491/1555/1555 1487/1551/1551 1492/1556/1556
f 1491/1555/1555 1492/1556/1556 1493/1557/1557
f 1494/1558/1558 1493/1557/1557 1492/1556/1556
f 1484/1548/1548 1487/1551/1551 1606/1677/1677
f 1484/1548/1548 1606/1677/1677 1483/1547/1547
f 1597/1666/1666 1483/1547/1547 1606/1677/1677
f 1491/1555/1555 1493/1557/1557 900/952/952
f 1491/1555/1555 900/952/952 1487/1551/1551
f 899/950/950 1606/1677/1677 1487/1551/1551
f 899/950/950 1487/1551/1551 900/952/952
f 1604/1674/1674 900/952/952 1493/1557/1557
f 1604/1674/1674 1493/1557/1557 882/931/931
f 1496/1560/1560 882/931/931 1493/1557/1557
f 1496/1560/1560 1493/1557/1557 1495/1559/1559
f 1496/1560/1560 1495/1559/1559 1497/1561/1561
f 1496/1560/1560 1497/1561/1561 882/931/931
f 1498/1562/1562 1497/1561/1561 1495/1559/1559
f 1498/1562/1562 1506/1571/1571 1497/1561/1561
f 1505/1569/1569 1497/1561/1561 1506/1571/1571
f 1132/1192/1192 882/931/931 1497/1561/1561
f 1132/1192/1192 1497/1561/1561 427/467/467
f 1505/1569/1569 427/467/467 1497/1561/1561
f 1498/1562/1562 1495/1559/1559 1523/1589/1589
f 1498/1562/1562 1523/1589/1589 1506/1571/1571
f 1522/1588/1588 1523/1589/1589 1495/1559/1559
f 1522/1588/1588 1521/1587/1587 1523/1589/1589
f 1522/1588/1588 1519/1585/1585 1521/1587/1587
f 1520/1586/1586 1521/1587/1587 1519/1585/1585
f 1520/1586/1586 1519/1585/1585 1517/1583/1583
f 1518/1584/1584 1517/1583/1583 1519/1585/1585
f 1518/1584/1584 1511/1577/1577 1517/1583/1583
f 1512/1578/1578 1517/1583/1583 1511/1577/1577
f 1512/1578/1578 1511/1577/1577 1509/1575/1575
f 1510/1576/1576 1509/1575/1575 1511/1577/1577
f 1510/1576/1576 1514/1580/1580 1509/1575/1575
f 1513/1579/1579 1509/1575/1575 1514/1580/1580
f 1513/1579/1579 1514/1580/1580 1515/1581/1581
f 1516/1582/1582 1515/1581/1581 1514/1580/1580
f 1516/1582/1582 1507/1573/1573 1515/1581/1581
f 1508/1574/1574 1515/1581/1581 1507/1573/1573
f 1508/1574/1574 1507/1573/1573 979/1034/1034
f 1390/1454/1454 979/1034/1034 1507/1573/1573
f 1390/1454/1454 1389/1453/1453 979/1034/1034
f 978/1033/1033 979/1034/1034 1389/1453/1453
f 979/1034/1034 978/1033/1033 977/1032/1032
f 978/1033/1033 1389/1453/1453 1392/1456/1456
f 978/1033/1033 1392/1456/1456 977/1032/1032
f 1202/1264/1264 1392/1456/1456 1389/1453/1453
f 1202/1264/1264 1203/1265/1265 1392/1456/1456
f 1260/1322/1322 1392/1456/1456 1203/1265/1265
f 1394/1458/1458 977/1032/1032 1392/1456/1456
f 1260/1322/1322 1263/1325/1325 1392/1456/1456
f 1394/1458/1458 1392/1456/1456 1263/1325/1325
f 1394/1458/1458 1409/1473/1473 977/1032/1032
f 1394/1458/1458 1263/1325/1325 1409/1473/1473
f 1011/1067/1067 977/1032/1032 1409/1473/1473
f 1154/1214/1214 1409/1473/1473 1263/1325/1325
f 1154/1214/1214 1151/1211/1211 1409/1473/1473
f 1475/1539/1539 1409/1473/1473 1151/1211/1211
f 1475/1539/1539 1151/1211/1211 1157/1217/1217
f 1156/1216/1216 1157/1217/1217 1151/1211/1211
f 1156/1216/1216 1155/1215/1215 1157/1217/1217
f 1158/1218/1218 1157/1217/1217 1155/1215/1215
f 1156/1216/1216 1151/1211/1211 1351/1413/1413
f 1156/1216/1216 1351/1413/1413 1155/1215/1215
f 1152/1212/1212 1351/1413/1413 1151/1211/1211
f 1152/1212/1212 1423/1487/1487 1351/1413/1413
f 1098/1155/1155 1351/1413/1413 1423/1487/1487
f 1098/1155/1155 981/1036/1036 1351/1413/1413
f 981/1036/1036 1098/1155/1155 1096/1153/1153
f 1097/1154/1154 1096/1153/1153 1098/1155/1155
f 1098/1155/1155 1423/1487/1487 1097/1154/1154
f 982/1037/1037 1351/1413/1413 981/1036/1036
f 982/1037/1037 981/1036/1036 980/1035/1035
f 981/1036/1036 1033/1090/1090 980/1035/1035
f 981/1036/1036 1096/1153/1153 1033/1090/1090
f 1033/1090/1090 1108/1165/1165 980/1035/1035
f 989/1044/1044 980/1035/1035 1108/1165/1165
f 1108/1165/1165 1121/1180/1180 989/1044/1044
f 1121/1180/1180 1108/1165/1165 1122/1181/1181
f 1122/1181/1181 952/1005/1005 1121/1180/1180
f 1019/1075/1075 1121/1180/1180 952/1005/1005
f 1019/1075/1075 952/1005/1005 1018/1074/1074
f 929/981/981 1019/1075/1075 1018/1074/1074
f 1019/1075/1075 929/981/981 1121/1180/1180
f 950/1003/1003 1018/1074/1074 952/1005/1005
f 952/1005/1005 951/1004/1004 950/1003/1003
f 952/1005/1005 1122/1181/1181 951/1004/1004
f 951/1004/1004 1075/1132/1132 950/1003/1003
f 1043/1100/1100 950/1003/1003 1075/1132/1132
f 1043/1100/1100 942/995/995 950/1003/1003
f 942/995/995 1076/1133/1133 950/1003/1003
f 1018/1074/1074 950/1003/1003 1076/1133/1133
f 1018/1074/1074 1076/1133/1133 929/981/981
f 1075/1132/1132 1035/1092/1092 1043/1100/1100
f 1073/1130/1130 1043/1100/1100 1035/1092/1092
f 1035/1092/1092 984/1039/1039 1073/1130/1130
f 1036/1093/1093 984/1039/1039 1035/1092/1092
f 1035/1092/1092 1075/1132/1132 1036/1093/1093
f 1074/1131/1131 1073/1130/1130 984/1039/1039
f 1073/1130/1130 1074/1131/1131 944/997/997
f 944/997/997 941/994/994 942/995/995
f 1015/1071/1071 944/997/997 1074/1131/1131
f 1074/1131/1131 1117/1176/1176 1015/1071/1071
f 1107/1164/1164 1015/1071/1071 1117/1176/1176
f 1015/1071/1071 1107/1164/1164 939/992/992
f 1015/1071/1071 939/992/992 940/993/993
f 1015/1071/1071 940/993/993 944/997/997
f 941/994/994 944/997/997 940/993/993
f 940/993/993 939/992/992 938/991/991
f 940/993/993 938/991/991 941/994/994
f 939/992/992 1079/1136/1136 938/991/991
f 1078/1135/1135 938/991/991 1079/1136/1136
f 1104/1161/1161 939/992/992 1107/1164/1164
f 939/992/992 1104/1161/1161 1079/1136/1136
f 1107/1164/1164 1106/1163/1163 1104/1161/1161
f 1105/1162/1162 1104/1161/1161 1106/1163/1163
f 1104/1161/1161 1105/1162/1162 1111/1168/1168
f 1111/1168/1168 1079/1136/1136 1104/1161/1161
f 1112/1169/1169 1111/1168/1168 1105/1162/1162
f 1105/1162/1162 1113/1170/1170 1112/1169/1169
f 1105/1162/1162 1106/1163/1163 1113/1170/1170
f 1023/1080/1080 1112/1169/1169 1113/1170/1170
f 1112/1169/1169 1023/1080/1080 1368/1431/1431
f 1024/1081/1081 1368/1431/1431 1023/1080/1080
f 1024/1081/1081 1023/1080/1080 1022/1078/1078
f 1022/1078/1078 1371/1435/1435 1024/1081/1081
f 1366/1429/1429 1024/1081/1081 1371/1435/1435
f 1022/1078/1078 1023/1080/1080 1114/1171/1171
f 1113/1170/1170 1114/1171/1171 1023/1080/1080
f 1113/1170/1170 1116/1175/1175 1114/1171/1171
f 1115/1173/1173 1114/1171/1171 1116/1175/1175
f 1116/1175/1175 935/987/987 1115/1173/1173
f 936/988/988 1115/1173/1173 935/987/987
f 937/990/990 936/988/988 935/987/987
f 1116/1175/1175 1106/1163/1163 935/987/987
f 1116/1175/1175 1113/1170/1170 1106/1163/1163
f 1118/1177/1177 935/987/987 1106/1163/1163
f 936/988/988 937/990/990 1353/1415/1415
f 1354/1417/1417 1353/1415/1415 937/990/990
f 1354/1417/1417 1166/1226/1226 1353/1415/1415
f 1169/1229/1229 1353/1415/1415 1166/1226/1226
f 1169/1229/1229 1166/1226/1226 1170/1231/1231
f 1167/1227/1227 1170/1231/1231 1166/1226/1226
f 1167/1227/1227 1166/1226/1226 969/1022/1022
f 1168/1228/1228 969/1022/1022 1166/1226/1226
f 969/1022/1022 1168/1228/1228 966/1019/1019
f 969/1022/1022 966/1019/1019 968/1021/1021
f 968/1021/1021 966/1019/1019 1465/1529/1529
f 968/1021/1021 1465/1529/1529 1146/1206/1206
f 1145/1205/1205 1146/1206/1206 1465/1529/1529
f 1145/1205/1205 1137/1197/1197 1146/1206/1206
f 1101/1158/1158 1146/1206/1206 1137/1197/1197
f 1145/1205/1205 1465/1529/1529 1142/1202/1202
f 1145/1205/1205 1142/1202/1202 1137/1197/1197
f 1464/1528/1528 1142/1202/1202 1465/1529/1529
f 1136/1196/1196 1137/1197/1197 1142/1202/1202
f 1137/1197/1197 1136/1196/1196 1138/1198/1198
f 1139/1199/1199 1138/1198/1198 1136/1196/1196
f 1139/1199/1199 1140/1200/1200 1138/1198/1198
f 1141/1201/1201 1138/1198/1198 1140/1200/1200
f 1136/1196/1196 1142/1202/1202 1143/1203/1203
f 1144/1204/1204 1143/1203/1203 1142/1202/1202
f 1144/1204/1204 1456/1520/1520 1143/1203/1203
f 1144/1204/1204 1459/1523/1523 1456/1520/1520
f 1214/1276/1276 1456/1520/1520 1459/1523/1523
f 1214/1276/1276 1211/1273/1273 1456/1520/1520
f 1214/1276/1276 1213/1275/1275 1211/1273/1273
f 1214/1276/1276 1459/1523/1523 1213/1275/1275
f 1212/1274/1274 1211/1273/1273 1213/1275/1275
f 1212/1274/1274 1213/1275/1275 1210/1272/1272
f 1408/1472/1472 1210/1272/1272 1213/1275/1275
f 1457/1521/1521 1456/1520/1520 1211/1273/1273
f 1408/1472/1472 1412/1476/1476 1210/1272/1272
f 1408/1472/1472 1149/1209/1209 1412/1476/1476
f 1408/1472/1472 1213/1275/1275 1149/1209/1209
f 1150/1210/1210 1412/1476/1476 1149/1209/1209
f 1150/1210/1210 1149/1209/1209 1147/1207/1207
f 1148/1208/1208 1147/1207/1207 1149/1209/1209
f 1148/1208/1208 965/1018/1018 1147/1207/1207
f 1175/1237/1237 1147/1207/1207 965/1018/1018
f 1175/1237/1237 965/1018/1018 1398/1462/1462
f 966/1019/1019 1398/1462/1462 965/1018/1018
f 967/1020/1020 966/1019/1019 965/1018/1018
f 1150/1210/1210 1147/1207/1207 1173/1235/1235
f 1150/1210/1210 1173/1235/1235 1412/1476/1476
f 1207/1269/1269 1412/1476/1476 1173/1235/1235
f 1207/1269/1269 1173/1235/1235 1206/1268/1268
f 1174/1236/1236 1206/1268/1268 1173/1235/1235
f 1174/1236/1236 1173/1235/1235 1133/1193/1193
f 1135/1195/1195 1133/1193/1193 1173/1235/1235
f 1135/1195/1195 959/1012/1012 1133/1193/1193
f 1134/1194/1194 1133/1193/1193 959/1012/1012
f 1207/1269/1269 1206/1268/1268 1432/1496/1496
f 1198/1260/1260 1432/1496/1496 1206/1268/1268
f 1198/1260/1260 1197/1259/1259 1432/1496/1496
f 1433/1497/1497 1432/1496/1496 1197/1259/1259
f 1433/1497/1497 1440/1504/1504 1432/1496/1496
f 1434/1498/1498 1432/1496/1496 1440/1504/1504
f 1434/1498/1498 1412/1476/1476 1432/1496/1496
f 1207/1269/1269 1432/1496/1496 1412/1476/1476
f 1434/1498/1498 1440/1504/1504 1437/1501/1501
f 1434/1498/1498 1437/1501/1501 1412/1476/1476
f 1441/1505/1505 1437/1501/1501 1440/1504/1504
f 1441/1505/1505 1233/1295/1295 1437/1501/1501
f 1436/1500/1500 1437/1501/1501 1233/1295/1295
f 1436/1500/1500 1208/1270/1270 1437/1501/1501
f 1209/1271/1271 1437/1501/1501 1208/1270/1270
f 1209/1271/1271 1412/1476/1476 1437/1501/1501
f 1209/1271/1271 1208/1270/1270 1210/1272/1272
f 973/1026/1026 1210/1272/1272 1208/1270/1270
f 973/1026/1026 1208/1270/1270 906/958/958
f 1181/1243/1243 906/958/958 1208/1270/1270
f 1181/1243/1243 1178/1240/1240 906/958/958
f 905/957/957 906/958/958 1178/1240/1240
f 1209/1271/1271 1210/1272/1272 1412/1476/1476
f 973/1026/1026 957/1010/1010 1210/1272/1272
f 1212/1274/1274 1210/1272/1272 957/1010/1010
f 1212/1274/1274 957/1010/1010 1211/1273/1273
f 1407/1471/1471 1211/1273/1273 957/1010/1010
f 1407/1471/1471 957/1010/1010 1406/1470/1470
f 907/959/959 1406/1470/1470 957/1010/1010
f 1407/1471/1471 1471/1535/1535 1211/1273/1273
f 1407/1471/1471 1406/1470/1470 1471/1535/1535
f 1457/1521/1521 1211/1273/1273 1471/1535/1535
f 1457/1521/1521 1471/1535/1535 1454/1518/1518
f 1457/1521/1521 1454/1518/1518 1456/1520/1520
f 1455/1519/1519 1456/1520/1520 1454/1518/1518
f 1455/1519/1519 1454/1518/1518 1451/1515/1515
f 1450/1514/1514 1451/1515/1515 1454/1518/1518
f 1451/1515/1515 1450/1514/1514 1452/1516/1516
f 1453/1517/1517 1452/1516/1516 1450/1514/1514
f 1451/1515/1515 1461/1525/1525 1455/1519/1519
f 1451/1515/1515 1452/1516/1516 1461/1525/1525
f 1143/1203/1203 1455/1519/1519 1461/1525/1525
f 1455/1519/1519 1143/1203/1203 1456/1520/1520
f 1462/1526/1526 1461/1525/1525 1452/1516/1516
f 1143/1203/1203 1461/1525/1525 1136/1196/1196
f 1139/1199/1199 1136/1196/1196 1461/1525/1525
f 1462/1526/1526 1140/1200/1200 1461/1525/1525
f 1139/1199/1199 1461/1525/1525 1140/1200/1200
f 1453/1517/1517 1450/1514/1514 1469/1533/1533
f 1470/1534/1534 1469/1533/1533 1450/1514/1514
f 1470/1534/1534 1450/1514/1514 1472/1536/1536
f 1454/1518/1518 1472/1536/1536 1450/1514/1514
f 1472/1536/1536 1454/1518/1518 1471/1535/1535
f 1472/1536/1536 1471/1535/1535 1161/1221/1221
f 1472/1536/1536 1161/1221/1221 1470/1534/1534
f 1160/1220/1220 1161/1221/1221 1471/1535/1535
f 1160/1220/1220 1159/1219/1219 1161/1221/1221
f 1162/1222/1222 1161/1221/1221 1159/1219/1219
f 1161/1221/1221 1162/1222/1222 1163/1223/1223
f 1164/1224/1224 1163/1223/1223 1162/1222/1222
f 1164/1224/1224 1162/1222/1222 1130/1189/1189
f 1164/1224/1224 1130/1189/1189 1165/1225/1225
f 1164/1224/1224 1165/1225/1225 1163/1223/1223
f 1598/1667/1667 1165/1225/1225 1130/1189/1189
f 1590/1659/1659 1130/1189/1189 1162/1222/1222
f 1162/1222/1222 1159/1219/1219 1590/1659/1659
f 886/935/935 1590/1659/1659 1159/1219/1219
f 1474/1538/1538 1163/1223/1223 1165/1225/1225
f 1474/1538/1538 1469/1533/1533 1163/1223/1223
f 886/935/935 1159/1219/1219 424/461/461
f 1205/1267/1267 424/461/461 1159/1219/1219
f 1205/1267/1267 1184/1246/1246 424/461/461
f 885/934/934 424/461/461 1184/1246/1246
f 1205/1267/1267 1159/1219/1219 1406/1470/1470
f 1205/1267/1267 1406/1470/1470 1184/1246/1246
f 1160/1220/1220 1406/1470/1470 1159/1219/1219
f 907/959/959 1184/1246/1246 1406/1470/1470
f 1160/1220/1220 1471/1535/1535 1406/1470/1470
f 313/347/347 223/253/253 312/346/346
f 313/347/347 312/346/346 246/277/277
f 313/347/347 246/277/277 415/452/452
f 313/347/347 415/452/452 223/253/253
f 416/453/453 415/452/452 246/277/277
f 415/452/452 416/453/453 402/437/437
f 242/273/273 402/437/437 416/453/453
f 242/273/273 241/272/272 402/437/437
f 327/362/362 402/437/437 241/272/272
f 242/273/273 416/453/453 243/274/274
f 403/438/438 243/274/274 416/453/453
f 241/272/272 390/425/425 327/362/362
f 403/438/438 416/453/453 245/276/276
f 246/277/277 245/276/276 416/453/453
f 527/569/569 524/566/566 526/568/568
f 525/567/567 526/568/568 524/566/566
f 527/569/569 878/926/926 524/566/566
f 1131/1190/1190 524/566/566 878/926/926
f 1131/1190/1190 1593/1662/1662 524/566/566
f 675/719/719 524/566/566 1593/1662/1662
f 527/569/569 674/718/718 878/926/926
f 902/954/954 878/926/926 674/718/718
f 675/719/719 1593/1662/1662 510/552/552
f 1603/1672/1672 510/552/552 1593/1662/1662
f 675/719/719 510/552/552 739/783/783
f 675/719/719 739/783/783 524/566/566
f 525/567/567 524/566/566 739/783/783
f 1603/1672/1672 1584/1652/1652 510/552/552
f 739/783/783 302/336/336 525/567/567
f 301/335/335 525/567/567 302/336/336
f 525/567/567 301/335/335 526/568/568
f 725/769/769 526/568/568 301/335/335
f 526/568/568 725/769/769 300/334/334
f 300/334/334 674/718/718 526/568/568
f 300/334/334 297/331/331 674/718/718
f 521/563/563 674/718/718 297/331/331
f 527/569/569 526/568/568 674/718/718
f 531/573/573 528/570/570 530/572/572
f 529/571/571 530/572/572 528/570/570
f 529/571/571 737/781/781 530/572/572
f 529/571/571 475/517/517 737/781/781
f 529/571/571 528/570/570 475/517/517
f 531/573/573 753/797/797 528/570/570
f 531/573/573 768/812/812 753/797/797
f 531/573/573 530/572/572 768/812/812
f 731/775/775 475/517/517 528/570/570
f 731/775/775 503/545/545 475/517/517
f 476/518/518 475/517/517 503/545/545
f 552/594/594 768/812/812 530/572/572
f 552/594/594 362/397/397 768/812/812
f 552/594/594 546/588/588 362/397/397
f 634/676/676 362/397/397 546/588/588
f 634/676/676 546/588/588 633/675/675
f 336/371/371 768/812/812 362/397/397
f 384/419/419 355/390/390 610/652/652
f 423/460/460 610/652/652 355/390/390
f 385/420/420 384/419/419 388/423/423
f 388/423/423 387/422/422 385/420/420
f 590/632/632 385/420/420 387/422/422
f 1586/1654/1654 888/937/937 615/657/657
f 340/375/375 615/657/657 888/937/937
f 340/375/375 888/937/937 341/376/376
f 896/946/946 341/376/376 888/937/937
f 1586/1654/1654 615/657/657 897/947/947
f 340/375/375 339/374/374 615/657/657
f 1586/1654/1654 1320/1382/1382 888/937/937
f 1586/1654/1654 897/947/947 1320/1382/1382
f 1046/1103/1103 888/937/937 1320/1382/1382
f 1382/1446/1446 1320/1382/1382 897/947/947
f 1382/1446/1446 897/947/947 1273/1335/1335
f 1594/1663/1663 1273/1335/1335 897/947/947
f 1594/1663/1663 903/955/955 1273/1335/1335
f 1272/1334/1334 1273/1335/1335 903/955/955
f 1272/1334/1334 1271/1333/1333 1273/1335/1335
f 912/964/964 1273/1335/1335 1271/1333/1333
f 1272/1334/1334 1199/1261/1261 1271/1333/1333
f 1272/1334/1334 903/955/955 1199/1261/1261
f 1241/1303/1303 1271/1333/1333 1199/1261/1261
f 1241/1303/1303 1199/1261/1261 1216/1278/1278
f 1200/1262/1262 1216/1278/1278 1199/1261/1261
f 1200/1262/1262 1199/1261/1261 1584/1652/1652
f 884/933/933 1584/1652/1652 1199/1261/1261
f 1200/1262/1262 1215/1277/1277 1216/1278/1278
f 1200/1262/1262 1584/1652/1652 1215/1277/1277
f 1217/1279/1279 1216/1278/1278 1215/1277/1277
f 1241/1303/1303 1216/1278/1278 1185/1247/1247
f 1428/1492/1492 1185/1247/1247 1216/1278/1278
f 1428/1492/1492 1218/1280/1280 1185/1247/1247
f 1217/1279/1279 1215/1277/1277 1444/1508/1508
f 1444/1508/1508 1008/1064/1064 1217/1279/1279
f 1256/1318/1318 1217/1279/1279 1008/1064/1064
f 1428/1492/1492 1256/1318/1318 1218/1280/1280
f 1256/1318/1318 1008/1064/1064 1242/1304/1304
f 1242/1304/1304 1218/1280/1280 1256/1318/1318
f 1244/1306/1306 1242/1304/1304 1008/1064/1064
f 1244/1306/1306 1243/1305/1305 1242/1304/1304
f 1002/1058/1058 1242/1304/1304 1243/1305/1305
f 1243/1305/1305 1244/1306/1306 1009/1065/1065
f 1008/1064/1064 1009/1065/1065 1244/1306/1306
f 1009/1065/1065 1008/1064/1064 1007/1063/1063
f 1243/1305/1305 1246/1308/1308 1002/1058/1058
f 1001/1057/1057 1002/1058/1058 1246/1308/1308
f 999/1055/1055 1002/1058/1058 1001/1057/1057
f 1002/1058/1058 999/1055/1055 1242/1304/1304
f 1218/1280/1280 1242/1304/1304 999/1055/1055
f 1007/1063/1063 1430/1494/1494 1009/1065/1065
f 1429/1493/1493 1009/1065/1065 1430/1494/1494
f 1246/1308/1308 1243/1305/1305 1429/1493/1493
f 1009/1065/1065 1429/1493/1493 1243/1305/1305
f 1430/1494/1494 1013/1069/1069 1429/1493/1493
f 1013/1069/1069 1430/1494/1494 1006/1062/1062
f 1004/1060/1060 1013/1069/1069 1006/1062/1062
f 1003/1059/1059 1004/1060/1060 1006/1062/1062
f 1005/1061/1061 1004/1060/1060 1003/1059/1059
f 1014/1070/1070 1004/1060/1060 1005/1061/1061
f 1013/1069/1069 1004/1060/1060 1221/1283/1283
f 1222/1284/1284 1221/1283/1283 1004/1060/1060
f 1004/1060/1060 1014/1070/1070 1222/1284/1284
f 1005/1061/1061 1003/1059/1059 1227/1289/1289
f 1227/1289/1289 1239/1301/1301 1005/1061/1061
f 1245/1307/1307 1005/1061/1061 1239/1301/1301
f 1226/1288/1288 1227/1289/1289 1003/1059/1059
f 1227/1289/1289 1226/1288/1288 1585/1653/1653
f 1227/1289/1289 1585/1653/1653 1239/1301/1301
f 887/936/936 1585/1653/1653 1226/1288/1288
f 1226/1288/1288 1379/1443/1443 887/936/936
f 902/954/954 887/936/936 1379/1443/1443
f 1600/1669/1669 1239/1301/1301 1585/1653/1653
f 1600/1669/1669 893/943/943 1239/1301/1301
f 902/954/954 1379/1443/1443 878/926/926
f 1232/1294/1294 878/926/926 1379/1443/1443
f 1232/1294/1294 1229/1291/1291 878/926/926
f 1232/1294/1294 1231/1293/1293 1229/1291/1291
f 1232/1294/1294 1379/1443/1443 1231/1293/1293
f 1230/1292/1292 1229/1291/1291 1231/1293/1293
f 1131/1190/1190 878/926/926 1229/1291/1291
f 1131/1190/1190 1229/1291/1291 1593/1662/1662
f 1380/1444/1444 1593/1662/1662 1229/1291/1291
f 1380/1444/1444 1215/1277/1277 1593/1662/1662
f 1603/1672/1672 1593/1662/1662 1215/1277/1277
f 1230/1292/1292 1444/1508/1508 1229/1291/1291
f 1380/1444/1444 1444/1508/1508 1215/1277/1277
f 1380/1444/1444 1229/1291/1291 1444/1508/1508
f 1603/1672/1672 1215/1277/1277 1584/1652/1652
f 1444/1508/1508 1230/1292/1292 1008/1064/1064
f 1007/1063/1063 1008/1064/1064 1230/1292/1292
f 1230/1292/1292 1231/1293/1293 1007/1063/1063
f 1430/1494/1494 1007/1063/1063 1231/1293/1293
f 1231/1293/1293 1006/1062/1062 1430/1494/1494
f 1006/1062/1062 1231/1293/1293 1379/1443/1443
f 1006/1062/1062 1379/1443/1443 1003/1059/1059
f 1226/1288/1288 1003/1059/1059 1379/1443/1443
f 1602/1671/1671 1611/1683/1683 632/674/674
f 631/673/673 632/674/674 1611/1683/1683
f 1602/1671/1671 632/674/674 1608/1680/1680
f 631/673/673 874/922/922 632/674/674
f 635/677/677 632/674/674 874/922/922
f 635/677/677 874/922/922 265/296/296
f 266/297/297 265/296/296 874/922/922
f 266/297/297 874/922/922 859/907/907
f 859/907/907 856/904/904 266/297/297
f 264/295/295 266/297/297 856/904/904
f 856/904/904 872/920/920 264/295/295
f 860/908/908 859/907/907 874/922/922
f 872/920/920 856/904/904 871/919/919
f 854/902/902 871/919/919 856/904/904
f 855/903/903 871/919/919 854/902/902
f 855/903/903 854/902/902 858/906/906
f 857/905/905 858/906/906 854/902/902
f 858/906/906 857/905/905 867/915/915
f 863/911/911 867/915/915 857/905/905
f 860/908/908 861/909/909 863/911/911
f 862/910/910 863/911/911 861/909/909
f 862/910/910 861/909/909 1610/1682/1682
f 891/941/941 1610/1682/1682 861/909/909
f 891/941/941 861/909/909 1611/1683/1683
f 631/673/673 1611/1683/1683 861/909/909
f 862/910/910 1610/1682/1682 866/914/914
f 1613/1685/1685 866/914/914 1610/1682/1682
f 862/910/910 866/914/914 863/911/911
f 867/915/915 863/911/911 866/914/914
f 866/914/914 1613/1685/1685 865/913/913
f 866/914/914 865/913/913 867/915/915
f 1612/1684/1684 865/913/913 1613/1685/1685
f 1612/1684/1684 1589/1658/1658 865/913/913
f 876/924/924 865/913/913 1589/1658/1658
f 876/924/924 1589/1658/1658 32/221/221
f 876/924/924 32/221/221 637/679/679
f 637/679/679 32/221/221 877/925/925
f 33/223/223 877/925/925 32/221/221
f 33/223/223 875/923/923 877/925/925
f 875/923/923 33/223/223 873/921/921
f 16/220/220 873/921/921 33/223/223
f 16/220/220 15/219/219 873/921/921
f 306/340/340 873/921/921 15/219/219
f 306/340/340 15/219/219 744/788/788
f 306/340/340 744/788/788 870/918/918
f 306/340/340 870/918/918 873/921/921
f 619/661/661 870/918/918 744/788/788
f 35/225/225 744/788/788 15/219/219
f 744/788/788 638/680/680 619/661/661
f 35/225/225 638/680/680 744/788/788
f 618/660/660 619/661/661 638/680/680
f 871/919/919 853/901/901 870/918/918
f 853/901/901 873/921/921 870/918/918
f 873/921/921 853/901/901 875/923/923
f 864/912/912 875/923/923 853/901/901
f 853/901/901 871/919/919 864/912/912
f 875/923/923 864/912/912 877/925/925
f 869/917/917 877/925/925 864/912/912
f 869/917/917 864/912/912 858/906/906
f 855/903/903 858/906/906 864/912/912
f 855/903/903 864/912/912 871/919/919
f 869/917/917 858/906/906 868/916/916
f 869/917/917 868/916/916 877/925/925
f 867/915/915 868/916/916 858/906/906
f 868/916/916 867/915/915 865/913/913
f 865/913/913 876/924/924 868/916/916
f 637/679/679 868/916/916 876/924/924
f 637/679/679 877/925/925 868/916/916
f 347/382/382 211/241/241 208/238/238
f 206/236/236 208/238/238 211/241/241
f 206/236/236 211/241/241 566/608/608
f 481/523/523 566/608/608 211/241/241
f 481/523/523 480/522/522 566/608/608
f 536/578/578 566/608/608 480/522/522
f 608/650/650 347/382/382 389/424/424
f 206/236/236 568/610/610 255/286/286
f 286/319/319 376/411/411 247/278/278
f 376/411/411 286/319/319 372/407/407
f 373/408/408 372/407/407 286/319/319
f 371/406/406 249/280/280 375/410/410
f 371/406/406 375/410/410 321/356/356
f 225/255/255 321/356/356 370/405/405
f 225/255/255 370/405/405 223/253/253
f 312/346/346 223/253/253 370/405/405
f 236/267/267 370/405/405 321/356/356
f 282/315/315 223/253/253 415/452/452
f 236/267/267 238/269/269 337/372/372
f 367/402/402 337/372/372 238/269/269
f 688/732/732 683/727/727 584/626/626
f 587/629/629 584/626/626 683/727/727
f 688/732/732 584/626/626 691/735/735
f 581/623/623 691/735/735 584/626/626
f 691/735/735 581/623/623 690/734/734
f 583/625/625 690/734/734 581/623/623
f 583/625/625 421/458/458 690/734/734
f 596/638/638 690/734/734 421/458/458
f 555/597/597 498/540/540 687/731/731
f 497/539/539 687/731/731 498/540/540
f 555/597/597 687/731/731 558/600/600
f 333/368/368 334/369/369 378/413/413
f 333/368/368 378/413/413 323/358/358
f 381/416/416 323/358/358 378/413/413
f 381/416/416 598/640/640 323/358/358
f 702/746/746 701/745/745 251/282/282
f 201/231/231 251/282/282 701/745/745
f 702/746/746 251/282/282 506/548/548
f 507/549/549 506/548/548 251/282/282
f 702/746/746 506/548/548 766/810/810
f 702/746/746 766/810/810 701/745/745
f 507/549/549 251/282/282 505/547/547
f 267/298/298 505/547/547 251/282/282
f 201/231/231 701/745/745 479/521/521
f 500/542/542 479/521/521 701/745/745
f 500/542/542 701/745/745 454/494/494
f 455/495/495 454/494/494 701/745/745
f 455/495/495 701/745/745 766/810/810
f 350/385/385 349/384/384 602/644/644
f 594/636/636 602/644/644 349/384/384
f 884/933/933 903/955/955 494/536/536
f 884/933/933 1199/1261/1261 903/955/955
f 205/235/235 575/617/617 202/232/232
f 490/532/532 202/232/232 575/617/617
f 617/659/659 742/786/786 692/736/736
f 692/736/736 612/654/654 617/659/659
f 723/767/767 551/593/593 511/553/553
f 512/554/554 511/553/553 551/593/593
f 516/558/558 307/341/341 724/768/768
f 724/768/768 541/583/583 516/558/558
f 517/559/559 516/558/558 541/583/583
f 757/801/801 756/800/800 435/475/475
f 433/473/473 432/472/472 394/429/429
f 394/429/429 466/508/508 433/473/473
f 436/476/476 433/473/473 466/508/508
f 765/809/809 745/789/789 764/808/808
f 748/792/792 764/808/808 745/789/789
f 765/809/809 767/811/811 745/789/789
f 749/793/793 745/789/789 767/811/811
f 765/809/809 764/808/808 458/498/498
f 769/813/813 458/498/498 764/808/808
f 767/811/811 765/809/809 456/496/496
f 458/498/498 456/496/496 765/809/809
f 769/813/813 460/500/500 458/498/498
f 793/837/837 790/834/834 792/836/836
f 791/835/835 792/836/836 790/834/834
f 793/837/837 792/836/836 801/846/846
f 800/844/844 801/846/846 792/836/836
f 791/835/835 790/834/834 788/832/832
f 791/835/835 788/832/832 882/930/930
f 791/835/835 882/930/930 792/836/836
f 1604/1673/1673 882/930/930 788/832/832
f 1604/1673/1673 788/832/832 900/951/951
f 793/837/837 801/846/846 818/864/864
f 793/837/837 818/864/864 790/834/834
f 789/833/833 788/832/832 790/834/834
f 789/833/833 790/834/834 814/860/860
f 789/833/833 814/860/860 787/831/831
f 813/859/859 787/831/831 814/860/860
f 813/859/859 814/860/860 812/858/858
f 813/859/859 812/858/858 806/852/852
f 813/859/859 806/852/852 787/831/831
f 807/853/853 806/852/852 812/858/858
f 815/861/861 812/858/858 814/860/860
f 815/861/861 814/860/860 816/862/862
f 817/863/863 816/862/862 814/860/860
f 817/863/863 818/864/864 816/862/862
f 819/865/865 816/862/862 818/864/864
f 819/865/865 818/864/864 268/300/300
f 820/866/866 268/300/300 818/864/864
f 815/861/861 816/862/862 835/882/882
f 834/881/881 835/882/882 816/862/862
f 834/881/881 816/862/862 836/883/883
f 819/865/865 836/883/883 816/862/862
f 819/865/865 268/300/300 836/883/883
f 270/303/303 836/883/883 268/300/300
f 834/881/881 838/885/885 835/882/882
f 834/881/881 836/883/883 838/885/885
f 841/888/888 835/882/882 838/885/885
f 841/888/888 843/890/890 835/882/882
f 832/879/879 835/882/882 843/890/890
f 832/879/879 843/890/890 833/880/880
f 832/879/879 833/880/880 812/858/858
f 807/853/853 812/858/858 833/880/880
f 832/879/879 812/858/858 835/882/882
f 815/861/861 835/882/882 812/858/858
f 844/891/891 833/880/880 843/890/890
f 844/891/891 828/875/875 833/880/880
f 827/874/874 833/880/880 828/875/875
f 797/841/841 794/838/838 796/840/840
f 795/839/839 796/840/840 794/838/838
f 795/839/839 798/842/842 796/840/840
f 799/843/843 796/840/840 798/842/842
f 797/841/841 801/847/847 794/838/838
f 800/845/845 794/838/838 801/847/847
f 800/845/845 427/464/464 794/838/838
f 890/939/939 794/838/838 427/464/464
f 798/842/842 795/839/839 1588/1656/1656
f 1605/1675/1675 1588/1656/1656 795/839/839
f 890/939/939 1605/1675/1675 794/838/838
f 795/839/839 794/838/838 1605/1675/1675
f 820/867/867 801/847/847 823/870/870
f 797/841/841 823/870/870 801/847/847
f 797/841/841 796/840/840 823/870/870
f 824/871/871 823/870/870 796/840/840
f 824/871/871 796/840/840 825/872/872
f 799/843/843 825/872/872 796/840/840
f 824/871/871 825/872/872 821/868/868
f 852/900/900 821/868/868 825/872/872
f 852/900/900 774/818/818 821/868/868
f 847/895/895 291/325/325 846/894/894
f 845/892/892 846/894/894 291/325/325
f 847/895/895 836/883/883 291/325/325
f 847/895/895 838/885/885 836/883/883
f 847/895/895 846/894/894 838/885/885
f 270/303/303 291/325/325 836/883/883
f 839/886/886 838/885/885 846/894/894
f 839/886/886 846/894/894 697/741/741
f 700/744/744 697/741/741 846/894/894
f 845/892/892 465/507/507 846/894/894
f 700/744/744 846/894/894 465/507/507
f 399/434/434 407/442/442 400/435/435
f 401/436/436 400/435/435 411/448/448
f 288/321/321 226/256/256 224/254/254
f 777/821/821 802/848/848 706/750/750
f 777/821/821 784/828/828 802/848/848
f 811/857/857 802/848/848 784/828/828
f 811/857/857 784/828/828 809/855/855
f 781/825/825 809/855/855 784/828/828
f 781/825/825 780/824/824 809/855/855
f 805/851/851 809/855/855 780/824/824
f 805/851/851 780/824/824 806/852/852
f 783/827/827 806/852/852 780/824/824
f 783/827/827 787/831/831 806/852/852
f 831/878/878 304/338/338 810/856/856
f 831/878/878 810/856/856 826/873/873
f 1132/1191/1191 792/836/836 882/930/930
f 1132/1191/1191 427/465/465 792/836/836
f 800/844/844 792/836/836 427/465/465
f 817/863/863 814/860/860 790/834/834
f 817/863/863 790/834/834 818/864/864
f 820/866/866 818/864/864 801/846/846
f 759/803/803 437/477/477 754/798/798
f 726/770/770 544/586/586 294/328/328
f 292/326/326 294/328/328 544/586/586
f 293/327/327 292/326/326 295/329/329
f 484/526/526 730/774/774 493/535/535
f 501/543/543 493/535/535 730/774/774
f 682/726/726 592/634/634 613/655/655
f 386/421/421 613/655/655 592/634/634
f 216/246/246 630/672/672 214/244/244
f 550/592/592 214/244/244 630/672/672
f 629/671/671 628/670/670 640/682/682
f 859/907/907 857/905/905 856/904/904
f 854/902/902 856/904/904 857/905/905
f 857/905/905 859/907/907 863/911/911
f 860/908/908 863/911/911 859/907/907
f 860/908/908 874/922/922 861/909/909
f 631/673/673 861/909/909 874/922/922
f 914/966/966 913/965/965 912/964/964
f 912/964/964 913/965/965 961/1014/1014
f 913/965/965 914/966/966 1322/1384/1384
f 913/965/965 1322/1384/1384 961/1014/1014
f 1054/1111/1111 1322/1384/1384 914/966/966
f 1054/1111/1111 914/966/966 1052/1109/1109
f 1053/1110/1110 1052/1109/1109 914/966/966
f 1054/1111/1111 1052/1109/1109 1317/1379/1379
f 1054/1111/1111 1317/1379/1379 1322/1384/1384
f 1318/1380/1380 1317/1379/1379 1052/1109/1109
f 1052/1109/1109 1095/1152/1152 1318/1380/1380
f 1052/1109/1109 1053/1110/1110 1095/1152/1152
f 1092/1149/1149 1318/1380/1380 1095/1152/1152
f 1318/1380/1380 1387/1451/1451 1317/1379/1379
f 1267/1329/1329 1317/1379/1379 1387/1451/1451
f 1317/1379/1379 1267/1329/1329 1397/1461/1461
f 1268/1330/1330 1397/1461/1461 1267/1329/1329
f 1268/1330/1330 1044/1101/1101 1397/1461/1461
f 1045/1102/1102 1397/1461/1461 1044/1101/1101
f 1045/1102/1102 1447/1511/1511 1397/1461/1461
f 1447/1511/1511 1045/1102/1102 1320/1382/1382
f 1447/1511/1511 1320/1382/1382 961/1014/1014
f 1382/1446/1446 961/1014/1014 1320/1382/1382
f 1447/1511/1511 961/1014/1014 1322/1384/1384
f 1382/1446/1446 1273/1335/1335 961/1014/1014
f 912/964/964 961/1014/1014 1273/1335/1335
f 1046/1103/1103 1320/1382/1382 1045/1102/1102
f 1322/1384/1384 1397/1461/1461 1447/1511/1511
f 1397/1461/1461 1322/1384/1384 1317/1379/1379
f 912/964/964 917/969/969 914/966/966
f 1053/1110/1110 914/966/966 917/969/969
f 917/969/969 915/967/967 1053/1110/1110
f 1313/1375/1375 1053/1110/1110 915/967/967
f 1313/1375/1375 1095/1152/1152 1053/1110/1110
f 912/964/964 1271/1333/1333 917/969/969
f 1186/1248/1248 917/969/969 1271/1333/1333
f 1186/1248/1248 1271/1333/1333 1185/1247/1247
f 1241/1303/1303 1185/1247/1247 1271/1333/1333
f 922/974/974 921/973/973 920/972/972
f 922/974/974 1103/1160/1160 921/973/973
f 1220/1282/1282 921/973/973 1103/1160/1160
f 921/973/973 1237/1299/1299 920/972/972
f 1238/1300/1300 920/972/972 1237/1299/1299
f 922/974/974 1335/1397/1397 1103/1160/1160
f 922/974/974 920/972/972 1335/1397/1397
f 918/970/970 1103/1160/1160 1335/1397/1397
f 918/970/970 1335/1397/1397 919/971/971
f 1255/1317/1317 919/971/971 1335/1397/1397
f 1237/1299/1299 1249/1311/1311 1238/1300/1300
f 1250/1312/1312 1238/1300/1300 1249/1311/1311
f 1250/1312/1312 1249/1311/1311 1228/1290/1290
f 998/1054/1054 1228/1290/1290 1249/1311/1311
f 1250/1312/1312 1228/1290/1290 1448/1512/1512
f 1225/1287/1287 1448/1512/1512 1228/1290/1290
f 1225/1287/1287 1228/1290/1290 1224/1286/1286
f 1225/1287/1287 1224/1286/1286 1223/1285/1285
f 1225/1287/1287 1223/1285/1285 1448/1512/1512
f 1014/1070/1070 1223/1285/1285 1224/1286/1286
f 1001/1057/1057 1224/1286/1286 1228/1290/1290
f 1228/1290/1290 998/1054/1054 1001/1057/1057
f 1224/1286/1286 1001/1057/1057 1222/1284/1284
f 1224/1286/1286 1222/1284/1284 1014/1070/1070
f 1246/1308/1308 1222/1284/1284 1001/1057/1057
f 1416/1480/1480 1448/1512/1512 1223/1285/1285
f 1416/1480/1480 1223/1285/1285 1415/1479/1479
f 1416/1480/1480 1415/1479/1479 1417/1481/1481
f 1413/1477/1477 1417/1481/1481 1415/1479/1479
f 1413/1477/1477 1415/1479/1479 1247/1309/1309
f 1413/1477/1477 1247/1309/1309 1332/1394/1394
f 1413/1477/1477 1332/1394/1394 1417/1481/1481
f 1248/1310/1310 1332/1394/1394 1247/1309/1309
f 1248/1310/1310 1247/1309/1309 1601/1670/1670
f 894/944/944 1601/1670/1670 1247/1309/1309
f 1332/1394/1394 1248/1310/1310 1331/1393/1393
f 1332/1394/1394 1331/1393/1393 1069/1126/1126
f 1072/1129/1129 1069/1126/1126 1331/1393/1393
f 1072/1129/1129 1071/1128/1128 1069/1126/1126
f 1070/1127/1127 1069/1126/1126 1071/1128/1128
f 1070/1127/1127 1071/1128/1128 920/972/972
f 1255/1317/1317 920/972/972 1071/1128/1128
f 920/972/972 1238/1300/1300 1070/1127/1127
f 1414/1478/1478 1070/1127/1127 1238/1300/1300
f 1414/1478/1478 1238/1300/1300 1448/1512/1512
f 1250/1312/1312 1448/1512/1512 1238/1300/1300
f 1071/1128/1128 1067/1124/1124 1255/1317/1317
f 919/971/971 1255/1317/1317 1067/1124/1124
f 1414/1478/1478 1448/1512/1512 1417/1481/1481
f 1416/1480/1480 1417/1481/1481 1448/1512/1512
f 1067/1124/1124 1071/1128/1128 1330/1392/1392
f 1067/1124/1124 1330/1392/1392 964/1017/1017
f 1072/1129/1129 1330/1392/1392 1071/1128/1128
f 1330/1392/1392 1072/1129/1129 1327/1389/1389
f 1331/1393/1393 1327/1389/1389 1072/1129/1129
f 1326/1388/1388 1331/1393/1393 1248/1310/1310
f 1326/1388/1388 1248/1310/1310 889/938/938
f 1601/1670/1670 889/938/938 1248/1310/1310
f 925/977/977 924/976/976 923/975/975
f 923/975/975 924/976/976 927/979/979
f 927/979/979 928/980/980 923/975/975
f 928/980/980 927/979/979 926/978/978
f 928/980/980 945/998/998 923/975/975
f 928/980/980 926/978/978 945/998/998
f 946/999/999 923/975/975 945/998/998
f 946/999/999 945/998/998 949/1002/1002
f 947/1000/1000 946/999/999 949/1002/1002
f 949/1002/1002 948/1001/1001 947/1000/1000
f 945/998/998 1041/1098/1098 949/1002/1002
f 1041/1098/1098 945/998/998 926/978/978
f 949/1002/1002 1041/1098/1098 1109/1166/1166
f 1110/1167/1167 1109/1166/1166 1041/1098/1098
f 1110/1167/1167 1075/1132/1132 1109/1166/1166
f 951/1004/1004 1109/1166/1166 1075/1132/1132
f 948/1001/1001 1108/1165/1165 947/1000/1000
f 948/1001/1001 1122/1181/1181 1108/1165/1165
f 1109/1166/1166 951/1004/1004 1122/1181/1181
f 1041/1098/1098 926/978/978 1110/1167/1167
f 1036/1093/1093 1110/1167/1167 926/978/978
f 1110/1167/1167 1036/1093/1093 1075/1132/1132
f 1109/1166/1166 1122/1181/1181 949/1002/1002
f 948/1001/1001 949/1002/1002 1122/1181/1181
f 926/978/978 983/1038/1038 1036/1093/1093
f 983/1038/1038 926/978/978 1120/1179/1179
f 1120/1179/1179 1119/1178/1178 983/1038/1038
f 985/1040/1040 983/1038/1038 1119/1178/1178
f 985/1040/1040 984/1039/1039 983/1038/1038
f 1119/1178/1178 1118/1177/1177 985/1040/1040
f 1117/1176/1176 985/1040/1040 1118/1177/1177
f 1119/1178/1178 1357/1420/1420 1118/1177/1177
f 1119/1178/1178 1120/1179/1179 1357/1420/1420
f 935/987/987 1118/1177/1177 1357/1420/1420
f 1118/1177/1177 1106/1163/1163 1117/1176/1176
f 1107/1164/1164 1117/1176/1176 1106/1163/1163
f 1117/1176/1176 1074/1131/1131 985/1040/1040
f 984/1039/1039 985/1040/1040 1074/1131/1131
f 1357/1420/1420 1358/1421/1421 935/987/987
f 1358/1421/1421 1357/1420/1420 1026/1083/1083
f 1025/1082/1082 1026/1083/1083 1357/1420/1420
f 924/976/976 1026/1083/1083 1025/1082/1082
f 1025/1082/1082 1120/1179/1179 924/976/976
f 1025/1082/1082 1357/1420/1420 1120/1179/1179
f 927/979/979 924/976/976 1120/1179/1179
f 1026/1083/1083 924/976/976 986/1041/1041
f 1026/1083/1083 986/1041/1041 1358/1421/1421
f 925/977/977 986/1041/1041 924/976/976
f 986/1041/1041 925/977/977 960/1013/1013
f 960/1013/1013 958/1011/1011 986/1041/1041
f 960/1013/1013 959/1012/1012 958/1011/1011
f 958/1011/1011 959/1012/1012 1398/1462/1462
f 958/1011/1011 1398/1462/1462 1420/1484/1484
f 1420/1484/1484 986/1041/1041 958/1011/1011
f 1168/1228/1228 1420/1484/1484 1398/1462/1462
f 1175/1237/1237 1398/1462/1462 959/1012/1012
f 1175/1237/1237 959/1012/1012 1147/1207/1207
f 1135/1195/1195 1147/1207/1207 959/1012/1012
f 1135/1195/1195 1173/1235/1235 1147/1207/1207
f 1398/1462/1462 966/1019/1019 1168/1228/1228
f 1168/1228/1228 1166/1226/1226 1420/1484/1484
f 1354/1417/1417 1420/1484/1484 1166/1226/1226
f 967/1020/1020 1465/1529/1529 966/1019/1019
f 967/1020/1020 1463/1527/1527 1465/1529/1529
f 1464/1528/1528 1465/1529/1529 1463/1527/1527
f 1464/1528/1528 1463/1527/1527 1459/1523/1523
f 1460/1524/1524 1459/1523/1523 1463/1527/1527
f 1460/1524/1524 1213/1275/1275 1459/1523/1523
f 1460/1524/1524 1149/1209/1209 1213/1275/1275
f 1460/1524/1524 1463/1527/1527 1149/1209/1209
f 1148/1208/1208 1149/1209/1209 1463/1527/1527
f 1148/1208/1208 1463/1527/1527 965/1018/1018
f 967/1020/1020 965/1018/1018 1463/1527/1527
f 1464/1528/1528 1459/1523/1523 1142/1202/1202
f 1144/1204/1204 1142/1202/1202 1459/1523/1523
f 931/983/983 930/982/982 929/981/981
f 931/983/983 996/1051/1051 930/982/982
f 996/1051/1051 931/983/983 1027/1084/1084
f 996/1051/1051 1027/1084/1084 995/1050/1050
f 996/1051/1051 995/1050/1050 932/984/984
f 996/1051/1051 932/984/984 930/982/982
f 995/1050/1050 956/1009/1009 932/984/984
f 934/986/986 932/984/984 956/1009/1009
f 934/986/986 933/985/985 932/984/984
f 1077/1134/1134 995/1050/1050 1027/1084/1084
f 956/1009/1009 955/1008/1008 934/986/986
f 1077/1134/1134 955/1008/1008 995/1050/1050
f 956/1009/1009 995/1050/1050 955/1008/1008
f 1083/1140/1140 934/986/986 955/1008/1008
f 934/986/986 1083/1140/1140 933/985/985
f 955/1008/1008 953/1006/1006 1083/1140/1140
f 955/1008/1008 954/1007/1007 953/1006/1006
f 991/1046/1046 1083/1140/1140 953/1006/1006
f 992/1047/1047 991/1046/1046 953/1006/1006
f 1083/1140/1140 991/1046/1046 1359/1422/1422
f 1360/1423/1423 1359/1422/1422 991/1046/1046
f 991/1046/1046 992/1047/1047 1369/1432/1432
f 991/1046/1046 1369/1432/1432 1360/1423/1423
f 1079/1136/1136 1369/1432/1432 992/1047/1047
f 1359/1422/1422 1360/1423/1423 933/985/985
f 1370/1433/1433 933/985/985 1360/1423/1423
f 1369/1432/1432 1079/1136/1136 1553/1621/1621
f 1111/1168/1168 1553/1621/1621 1079/1136/1136
f 1111/1168/1168 1112/1169/1169 1553/1621/1621
f 1368/1431/1431 1553/1621/1621 1112/1169/1169
f 1553/1621/1621 1368/1431/1431 1554/1622/1622
f 1367/1430/1430 1554/1622/1622 1368/1431/1431
f 1554/1622/1622 1367/1430/1430 1363/1426/1426
f 1362/1425/1425 1363/1426/1426 1367/1430/1430
f 1363/1426/1426 1362/1425/1425 990/1045/1045
f 1364/1427/1427 990/1045/1045 1362/1425/1425
f 1367/1430/1430 1366/1429/1429 1362/1425/1425
f 1365/1428/1428 1362/1425/1425 1366/1429/1429
f 1366/1429/1429 1371/1435/1435 1365/1428/1428
f 1373/1437/1437 1365/1428/1428 1371/1435/1435
f 990/1045/1045 1364/1427/1427 989/1044/1044
f 990/1045/1045 989/1044/1044 987/1042/1042
f 989/1044/1044 988/1043/1043 987/1042/1042
f 988/1043/1043 994/1049/1049 987/1042/1042
f 993/1048/1048 987/1042/1042 994/1049/1049
f 994/1049/1049 932/984/984 993/1048/1048
f 988/1043/1043 989/1044/1044 1121/1180/1180
f 988/1043/1043 929/981/981 994/1049/1049
f 988/1043/1043 1121/1180/1180 929/981/981
f 930/982/982 994/1049/1049 929/981/981
f 994/1049/1049 930/982/982 932/984/984
f 993/1048/1048 1370/1433/1433 987/1042/1042
f 993/1048/1048 932/984/984 1370/1433/1433
f 933/985/985 1370/1433/1433 932/984/984
f 931/983/983 929/981/981 1076/1133/1133
f 931/983/983 1076/1133/1133 1027/1084/1084
f 942/995/995 1027/1084/1084 1076/1133/1133
f 1027/1084/1084 942/995/995 1020/1076/1076
f 942/995/995 1021/1077/1077 1020/1076/1076
f 943/996/996 1021/1077/1077 942/995/995
f 943/996/996 942/995/995 941/994/994
f 943/996/996 941/994/994 938/991/991
f 943/996/996 938/991/991 1021/1077/1077
f 1080/1137/1137 1021/1077/1077 938/991/991
f 1021/1077/1077 1080/1137/1137 1020/1076/1076
f 938/991/991 1078/1135/1135 1080/1137/1137
f 1082/1139/1139 1080/1137/1137 1078/1135/1135
f 1082/1139/1139 954/1007/1007 1080/1137/1137
f 1081/1138/1138 1080/1137/1137 954/1007/1007
f 954/1007/1007 1082/1139/1139 953/1006/1006
f 992/1047/1047 953/1006/1006 1082/1139/1139
f 1082/1139/1139 1078/1135/1135 992/1047/1047
f 954/1007/1007 955/1008/1008 1081/1138/1138
f 1077/1134/1134 1081/1138/1138 955/1008/1008
f 1079/1136/1136 992/1047/1047 1078/1135/1135
f 1077/1134/1134 1027/1084/1084 1081/1138/1138
f 1020/1076/1076 1081/1138/1138 1027/1084/1084
f 1081/1138/1138 1020/1076/1076 1080/1137/1137
f 976/1030/1030 975/1029/1029 974/1027/1027
f 976/1030/1030 997/1052/1052 975/1029/1029
f 974/1027/1027 975/1029/1029 1527/1594/1594
f 1527/1594/1594 1528/1595/1595 974/1027/1027
f 1527/1594/1594 1526/1593/1593 1528/1595/1595
f 1529/1596/1596 1528/1595/1595 1526/1593/1593
f 1525/1592/1592 974/1027/1027 1528/1595/1595
f 1476/1540/1540 1527/1594/1594 975/1029/1029
f 1527/1594/1594 1476/1540/1540 1526/1593/1593
f 1477/1541/1541 1526/1593/1593 1476/1540/1540
f 1477/1541/1541 1476/1540/1540 1467/1531/1531
f 1478/1542/1542 1467/1531/1531 1476/1540/1540
f 1477/1541/1541 1467/1531/1531 1479/1543/1543
f 1477/1541/1541 1479/1543/1543 1526/1593/1593
f 1468/1532/1532 1479/1543/1543 1467/1531/1531
f 1468/1532/1532 1467/1531/1531 1172/1234/1234
f 1099/1156/1156 1172/1234/1234 1467/1531/1531
f 1172/1234/1234 1099/1156/1156 1171/1233/1233
f 1100/1157/1157 1171/1233/1233 1099/1156/1156
f 1100/1157/1157 1099/1156/1156 1101/1158/1158
f 1102/1159/1159 1101/1158/1158 1099/1156/1156
f 1101/1158/1158 1137/1197/1197 1100/1157/1157
f 1138/1198/1198 1100/1157/1157 1137/1197/1197
f 1100/1157/1157 1138/1198/1198 1171/1233/1233
f 1141/1201/1201 1171/1233/1233 1138/1198/1198
f 1101/1158/1158 1102/1159/1159 1146/1206/1206
f 1466/1530/1530 1146/1206/1206 1102/1159/1159
f 1146/1206/1206 1466/1530/1530 968/1021/1021
f 969/1022/1022 968/1021/1021 1466/1530/1530
f 1102/1159/1159 1478/1542/1542 1466/1530/1530
f 1480/1544/1544 1466/1530/1530 1478/1542/1542
f 1466/1530/1530 1480/1544/1544 969/1022/1022
f 1480/1544/1544 1478/1542/1542 975/1029/1029
f 1476/1540/1540 975/1029/1029 1478/1542/1542
f 975/1029/1029 997/1052/1052 1480/1544/1544
f 1550/1618/1618 1480/1544/1544 997/1052/1052
f 1478/1542/1542 1102/1159/1159 1467/1531/1531
f 1099/1156/1156 1467/1531/1531 1102/1159/1159
f 1480/1544/1544 1550/1618/1618 1167/1227/1227
f 1167/1227/1227 969/1022/1022 1480/1544/1544
f 1170/1231/1231 1167/1227/1227 1550/1618/1618
f 977/1032/1032 1011/1067/1067 1010/1066/1066
f 1011/1067/1067 1535/1602/1602 1010/1066/1066
f 1536/1603/1603 1010/1066/1066 1535/1602/1602
f 1536/1603/1603 1535/1602/1602 1531/1598/1598
f 1534/1601/1601 1531/1598/1598 1535/1602/1602
f 1534/1601/1601 1533/1600/1600 1531/1598/1598
f 1532/1599/1599 1531/1598/1598 1533/1600/1600
f 1011/1067/1067 1409/1473/1473 1535/1602/1602
f 1475/1539/1539 1535/1602/1602 1409/1473/1473
f 1536/1603/1603 1531/1598/1598 1515/1581/1581
f 1536/1603/1603 1515/1581/1581 1010/1066/1066
f 1508/1574/1574 1010/1066/1066 1515/1581/1581
f 1508/1574/1574 979/1034/1034 1010/1066/1066
f 977/1032/1032 1010/1066/1066 979/1034/1034
f 1475/1539/1539 1157/1217/1217 1535/1602/1602
f 1534/1601/1601 1535/1602/1602 1157/1217/1217
f 1534/1601/1601 1157/1217/1217 1533/1600/1600
f 1158/1218/1218 1533/1600/1600 1157/1217/1217
f 1158/1218/1218 1542/1609/1609 1533/1600/1600
f 1158/1218/1218 1155/1215/1215 1542/1609/1609
f 1400/1464/1464 1542/1609/1609 1155/1215/1215
f 1400/1464/1464 1155/1215/1215 1399/1463/1463
f 1352/1414/1414 1399/1463/1463 1155/1215/1215
f 1352/1414/1414 1155/1215/1215 1351/1413/1413
f 1351/1413/1413 982/1037/1037 1352/1414/1414
f 1017/1073/1073 1352/1414/1414 982/1037/1037
f 1352/1414/1414 1017/1073/1073 1399/1463/1463
f 1017/1073/1073 982/1037/1037 1016/1072/1072
f 982/1037/1037 1034/1091/1091 1016/1072/1072
f 982/1037/1037 980/1035/1035 1034/1091/1091
f 1364/1427/1427 1034/1091/1091 980/1035/1035
f 980/1035/1035 989/1044/1044 1364/1427/1427
f 1364/1427/1427 1362/1425/1425 1034/1091/1091
f 1365/1428/1428 1034/1091/1091 1362/1425/1425
f 1365/1428/1428 1373/1437/1437 1034/1091/1091
f 1016/1072/1072 1034/1091/1091 1373/1437/1437
f 1016/1072/1072 1373/1437/1437 1017/1073/1073
f 1374/1438/1438 1017/1073/1073 1373/1437/1437
f 1374/1438/1438 1373/1437/1437 1372/1436/1436
f 1371/1434/1434 1372/1436/1436 1373/1437/1437
f 1371/1434/1434 1022/1079/1079 1372/1436/1436
f 1348/1410/1410 1372/1436/1436 1022/1079/1079
f 1348/1410/1410 1022/1079/1079 1347/1409/1409
f 1348/1410/1410 1347/1409/1409 1349/1411/1411
f 1348/1410/1410 1349/1411/1411 1372/1436/1436
f 1350/1412/1412 1349/1411/1411 1347/1409/1409
f 1114/1172/1172 1347/1409/1409 1022/1079/1079
f 1114/1172/1172 1115/1174/1174 1347/1409/1409
f 1355/1418/1418 1347/1409/1409 1115/1174/1174
f 1355/1418/1418 1115/1174/1174 1353/1416/1416
f 1355/1418/1418 1353/1416/1416 1356/1419/1419
f 1350/1412/1412 1347/1409/1409 1356/1419/1419
f 1355/1418/1418 1356/1419/1419 1347/1409/1409
f 1169/1230/1230 1356/1419/1419 1353/1416/1416
f 936/989/989 1353/1416/1416 1115/1174/1174
f 1169/1230/1230 1170/1232/1232 1356/1419/1419
f 1405/1469/1469 1356/1419/1419 1170/1232/1232
f 1405/1469/1469 1402/1466/1466 1356/1419/1419
f 1350/1412/1412 1356/1419/1419 1402/1466/1466
f 1350/1412/1412 1402/1466/1466 1349/1411/1411
f 1401/1465/1465 1349/1411/1411 1402/1466/1466
f 1401/1465/1465 1404/1468/1468 1349/1411/1411
f 1403/1467/1467 1349/1411/1411 1404/1468/1468
f 1403/1467/1467 1372/1436/1436 1349/1411/1411
f 1403/1467/1467 1399/1463/1463 1372/1436/1436
f 1403/1467/1467 1404/1468/1468 1399/1463/1463
f 1374/1438/1438 1372/1436/1436 1399/1463/1463
f 1401/1465/1465 1545/1612/1612 1404/1468/1468
f 1401/1465/1465 1402/1466/1466 1545/1612/1612
f 1544/1611/1611 1545/1612/1612 1402/1466/1466
f 1544/1611/1611 1543/1610/1610 1545/1612/1612
f 1546/1613/1613 1545/1612/1612 1543/1610/1610
f 1546/1613/1613 1548/1615/1615 1545/1612/1612
f 1547/1614/1614 1545/1612/1612 1548/1615/1615
f 1547/1614/1614 1548/1615/1615 1542/1609/1609
f 1549/1616/1616 1542/1609/1609 1548/1615/1615
f 1544/1611/1611 1402/1466/1466 1551/1619/1619
f 1405/1469/1469 1551/1619/1619 1402/1466/1466
f 1549/1616/1616 1533/1600/1600 1542/1609/1609
f 1549/1616/1616 1538/1605/1605 1533/1600/1600
f 1532/1599/1599 1533/1600/1600 1538/1605/1605
f 1532/1599/1599 1538/1605/1605 1509/1575/1575
f 1512/1578/1578 1509/1575/1575 1538/1605/1605
f 1512/1578/1578 1538/1605/1605 1517/1583/1583
f 1537/1604/1604 1517/1583/1583 1538/1605/1605
f 1537/1604/1604 1540/1607/1607 1517/1583/1583
f 1520/1586/1586 1517/1583/1583 1540/1607/1607
f 1520/1586/1586 1540/1607/1607 1521/1587/1587
f 1539/1606/1606 1521/1587/1587 1540/1607/1607
f 1539/1606/1606 1541/1608/1608 1521/1587/1587
f 1524/1590/1590 1521/1587/1587 1541/1608/1608
f 1524/1590/1590 1523/1589/1589 1521/1587/1587
f 1524/1590/1590 974/1028/1028 1523/1589/1589
f 1524/1590/1590 1541/1608/1608 974/1028/1028
f 1525/1591/1591 1523/1589/1589 974/1028/1028
f 976/1031/1031 974/1028/1028 1541/1608/1608
f 1525/1591/1591 1506/1571/1571 1523/1589/1589
f 1539/1606/1606 1543/1610/1610 1541/1608/1608
f 1539/1606/1606 1540/1607/1607 1543/1610/1610
f 1546/1613/1613 1543/1610/1610 1540/1607/1607
f 1546/1613/1613 1540/1607/1607 1548/1615/1615
f 1537/1604/1604 1548/1615/1615 1540/1607/1607
f 1537/1604/1604 1538/1605/1605 1548/1615/1615
f 1549/1616/1616 1548/1615/1615 1538/1605/1605
f 1552/1620/1620 1541/1608/1608 1543/1610/1610
f 1552/1620/1620 997/1053/1053 1541/1608/1608
f 1552/1620/1620 1551/1619/1619 997/1053/1053
f 1550/1617/1617 997/1053/1053 1551/1619/1619
f 976/1031/1031 1541/1608/1608 997/1053/1053
f 1552/1620/1620 1543/1610/1610 1551/1619/1619
f 1544/1611/1611 1551/1619/1619 1543/1610/1610
f 1550/1617/1617 1551/1619/1619 1170/1232/1232
f 1405/1469/1469 1170/1232/1232 1551/1619/1619
f 923/975/975 1032/1089/1089 1031/1088/1088
f 1032/1089/1089 923/975/975 1361/1424/1424
f 946/999/999 1361/1424/1424 923/975/975
f 946/999/999 947/1000/1000 1361/1424/1424
f 1096/1153/1153 1361/1424/1424 947/1000/1000
f 1032/1089/1089 1361/1424/1424 1421/1485/1485
f 1032/1089/1089 1421/1485/1485 1031/1088/1088
f 1422/1486/1486 1421/1485/1485 1361/1424/1424
f 1422/1486/1486 1426/1490/1490 1421/1485/1485
f 1427/1491/1491 1421/1485/1485 1426/1490/1490
f 1427/1491/1491 1426/1490/1490 1446/1510/1510
f 1445/1509/1509 1446/1510/1510 1426/1490/1490
f 1445/1509/1509 1193/1255/1255 1446/1510/1510
f 1445/1509/1509 909/961/961 1193/1255/1255
f 1445/1509/1509 1426/1490/1490 909/961/961
f 910/962/962 1193/1255/1255 909/961/961
f 1435/1499/1499 1446/1510/1510 1193/1255/1255
f 1435/1499/1499 1193/1255/1255 1189/1251/1251
f 1435/1499/1499 1206/1268/1268 1446/1510/1510
f 1174/1236/1236 1446/1510/1510 1206/1268/1268
f 1206/1268/1268 1435/1499/1499 1198/1260/1260
f 1189/1251/1251 1198/1260/1260 1435/1499/1499
f 1424/1488/1488 1423/1487/1487 909/961/961
f 1424/1488/1488 1097/1154/1154 1423/1487/1487
f 1424/1488/1488 1426/1490/1490 1097/1154/1154
f 1424/1488/1488 909/961/961 1426/1490/1490
f 1422/1486/1486 1097/1154/1154 1426/1490/1490
f 1422/1486/1486 1361/1424/1424 1097/1154/1154
f 1096/1153/1153 1097/1154/1154 1361/1424/1424
f 947/1000/1000 1033/1090/1090 1096/1153/1153
f 1033/1090/1090 947/1000/1000 1108/1165/1165
f 1234/1296/1296 1233/1295/1295 1235/1297/1297
f 1236/1298/1298 1235/1297/1297 1233/1295/1295
f 1234/1296/1296 1235/1297/1297 1442/1506/1506
f 1234/1296/1296 1442/1506/1506 1180/1242/1242
f 1234/1296/1296 1180/1242/1242 1233/1295/1295
f 1177/1239/1239 1180/1242/1242 1442/1506/1506
f 1177/1239/1239 1442/1506/1506 1176/1238/1238
f 1236/1298/1298 1233/1295/1295 1458/1522/1522
f 1441/1505/1505 1458/1522/1522 1233/1295/1295
f 1441/1505/1505 1440/1504/1504 1458/1522/1522
f 1419/1483/1483 1458/1522/1522 1440/1504/1504
f 1458/1522/1522 1419/1483/1483 1220/1282/1282
f 921/973/973 1220/1282/1282 1419/1483/1483
f 1419/1483/1483 1418/1482/1482 921/973/973
f 1419/1483/1483 1440/1504/1504 1418/1482/1482
f 1237/1299/1299 921/973/973 1418/1482/1482
f 1220/1282/1282 1473/1537/1537 1458/1522/1522
f 1220/1282/1282 1103/1160/1160 1473/1537/1537
f 1042/1099/1099 1473/1537/1537 1103/1160/1160
f 1042/1099/1099 1068/1125/1125 1473/1537/1537
f 1257/1319/1319 1473/1537/1537 1068/1125/1125
f 1257/1319/1319 1235/1297/1297 1473/1537/1537
f 1236/1298/1298 1473/1537/1537 1235/1297/1297
f 1236/1298/1298 1458/1522/1522 1473/1537/1537
f 1240/1302/1302 1239/1301/1301 893/943/943
f 1240/1302/1302 893/943/943 1247/1309/1309
f 894/944/944 1247/1309/1309 893/943/943
f 1240/1302/1302 1415/1479/1479 1239/1301/1301
f 1240/1302/1302 1247/1309/1309 1415/1479/1479
f 1245/1307/1307 1239/1301/1301 1415/1479/1479
f 1245/1307/1307 1415/1479/1479 1223/1285/1285
f 1245/1307/1307 1223/1285/1285 1005/1061/1061
f 1014/1070/1070 1005/1061/1061 1223/1285/1285
f 1300/1362/1362 1058/1115/1115 1301/1363/1363
f 1127/1186/1186 1301/1363/1363 1058/1115/1115
f 1300/1362/1362 1319/1381/1381 1058/1115/1115
f 1301/1363/1363 1127/1186/1186 1395/1459/1459
f 1288/1350/1350 1395/1459/1459 1127/1186/1186
f 1127/1186/1186 1037/1094/1094 1288/1350/1350
f 1040/1097/1097 1288/1350/1350 1037/1094/1094
f 1288/1350/1350 1286/1348/1348 1395/1459/1459
f 1396/1460/1460 1395/1459/1459 1286/1348/1348
f 1286/1348/1348 1289/1351/1351 1396/1460/1460
f 1393/1457/1457 1396/1460/1460 1289/1351/1351
f 1393/1457/1457 1289/1351/1351 1388/1452/1452
f 1292/1354/1354 1388/1452/1452 1289/1351/1351
f 1292/1354/1354 1051/1108/1108 1388/1452/1452
f 1048/1105/1105 1388/1452/1452 1051/1108/1108
f 1296/1358/1358 1293/1355/1355 1297/1359/1359
f 1296/1358/1358 1294/1356/1356 1293/1355/1355
f 1092/1149/1149 1297/1359/1359 1318/1380/1380
f 1387/1451/1451 1318/1380/1380 1297/1359/1359
f 1128/1187/1187 1129/1188/1188 1064/1121/1121
f 1129/1188/1188 1061/1118/1118 1315/1377/1377
f 1090/1147/1147 1315/1377/1377 1061/1118/1118
f 1091/1148/1148 1094/1151/1151 1090/1147/1147
f 1094/1151/1151 1091/1148/1148 1093/1150/1150
f 1295/1357/1357 1093/1150/1150 1091/1148/1148
f 1576/1644/1644 1577/1645/1645 1324/1386/1386
f 1324/1386/1386 1449/1513/1513 1576/1644/1644
f 1012/1068/1068 1576/1644/1644 1449/1513/1513
f 1012/1068/1068 1449/1513/1513 12/218/218
f 1012/1068/1068 12/218/218 1579/1647/1647
f 1012/1068/1068 1579/1647/1647 1576/1644/1644
f 197/226/226 1579/1647/1647 12/218/218
f 197/226/226 904/956/956 1579/1647/1647
f 1581/1649/1649 1579/1647/1647 904/956/956
f 198/228/228 12/218/218 1449/1513/1513
f 1343/1405/1405 198/228/228 1449/1513/1513
f 1581/1649/1649 904/956/956 1583/1651/1651
f 904/956/956 32/222/222 1583/1651/1651
f 1342/1404/1404 1583/1651/1651 32/222/222
f 32/222/222 1582/1650/1650 1342/1404/1404
f 1589/1658/1658 1582/1650/1650 32/222/222
f 1582/1650/1650 1589/1658/1658 1571/1639/1639
f 1612/1684/1684 1571/1639/1639 1589/1658/1658
f 1612/1684/1684 1613/1685/1685 1571/1639/1639
f 1572/1640/1640 1571/1639/1639 1613/1685/1685
f 1613/1685/1685 1610/1682/1682 1572/1640/1640
f 1568/1636/1636 1572/1640/1640 1610/1682/1682
f 1568/1636/1636 1610/1682/1682 1567/1635/1635
f 1568/1636/1636 1567/1635/1635 1569/1637/1637
f 1568/1636/1636 1569/1637/1637 1572/1640/1640
f 1566/1634/1634 1569/1637/1637 1567/1635/1635
f 891/941/941 1567/1635/1635 1610/1682/1682
f 891/941/941 1611/1683/1683 1567/1635/1635
f 1336/1398/1398 1567/1635/1635 1611/1683/1683
f 1336/1398/1398 1611/1683/1683 1337/1399/1399
f 1602/1671/1671 1337/1399/1399 1611/1683/1683
f 1602/1671/1671 1608/1680/1680 1337/1399/1399
f 1336/1398/1398 1337/1399/1399 1580/1648/1648
f 1340/1402/1402 1580/1648/1648 1337/1399/1399
f 1340/1402/1402 971/1024/1024 1580/1648/1648
f 972/1025/1025 1580/1648/1648 971/1024/1024
f 972/1025/1025 1565/1633/1633 1580/1648/1648
f 1565/1633/1633 972/1025/1025 1562/1630/1630
f 970/1023/1023 1562/1630/1630 972/1025/1025
f 1578/1646/1646 1562/1630/1630 970/1023/1023
f 1566/1634/1634 1580/1648/1648 1565/1633/1633
f 1578/1646/1646 1577/1645/1645 1562/1630/1630
f 1560/1628/1628 1562/1630/1630 1577/1645/1645
f 1577/1645/1645 1561/1629/1629 1560/1628/1628
f 1561/1629/1629 1564/1632/1632 1560/1628/1628
f 1563/1631/1631 1560/1628/1628 1564/1632/1632
f 1564/1632/1632 1573/1641/1641 1563/1631/1631
f 1569/1637/1637 1563/1631/1631 1573/1641/1641
f 1573/1641/1641 1572/1640/1640 1569/1637/1637
f 1572/1640/1640 1573/1641/1641 1571/1639/1639
f 1574/1642/1642 1571/1639/1639 1573/1641/1641
f 1573/1641/1641 1564/1632/1632 1574/1642/1642
f 1571/1639/1639 1574/1642/1642 1582/1650/1650
usemtl G3_Animation_Head_Mouth_01
f 1/1/1 12/13/13 2/2/2
f 198/131/131 2/2/2 12/13/13
f 198/131/131 1607/133/133 2/2/2
f 34/40/40 2/2/2 1607/133/133
f 2/2/2 34/40/40 3/3/3
f 34/40/40 1607/133/133 26/32/32
f 34/40/40 26/32/32 7/7/7
f 7/7/7 3/3/3 34/40/40
f 8/8/8 3/3/3 7/7/7
f 8/8/8 7/7/7 6/6/6
f 7/7/7 20/26/26 6/6/6
f 20/26/26 7/7/7 26/32/32
f 26/32/32 27/33/33 20/26/26
f 27/33/33 15/20/20 20/26/26
f 18/24/24 20/26/26 15/20/20
f 20/26/26 18/24/24 6/6/6
f 18/24/24 15/20/20 14/18/18
f 8/8/8 6/6/6 9/9/9
f 9/9/9 10/10/10 8/8/8
f 5/5/5 9/9/9 6/6/6
f 9/9/9 5/5/5 29/35/35
f 9/9/9 29/35/35 10/10/10
f 28/34/34 29/35/35 5/5/5
f 30/36/36 10/10/10 29/35/35
f 29/35/35 28/34/34 30/36/36
f 10/10/10 30/36/36 13/16/16
f 19/25/25 13/16/16 30/36/36
f 13/16/16 19/25/25 11/12/12
f 19/25/25 25/31/31 11/12/12
f 197/130/130 11/12/12 25/31/31
f 197/130/130 12/14/14 11/12/12
f 31/37/37 30/36/36 28/34/34
f 30/36/36 31/37/37 19/25/25
f 25/31/31 19/25/25 22/28/28
f 25/31/31 22/28/28 21/27/27
f 22/28/28 23/29/29 21/27/27
f 24/30/30 25/31/31 21/27/27
f 197/130/130 25/31/31 904/132/132
f 24/30/30 904/132/132 25/31/31
f 21/27/27 23/29/29 32/38/38
f 904/132/132 24/30/30 32/38/38
f 21/27/27 32/38/38 24/30/30
f 33/39/39 32/38/38 23/29/29
f 23/29/29 22/28/28 33/39/39
f 16/21/21 33/39/39 22/28/28
f 16/21/21 22/28/28 14/17/17
f 15/19/19 16/21/21 14/17/17
f 17/22/22 14/17/17 22/28/28
f 17/22/22 18/23/23 14/17/17
f 17/22/22 22/28/28 19/25/25
f 17/22/22 19/25/25 31/37/37
f 17/22/22 31/37/37 18/23/23
f 4/4/4 18/23/23 31/37/37
f 4/4/4 31/37/37 5/5/5
f 5/5/5 6/6/6 4/4/4
f 4/4/4 6/6/6 18/24/24
f 28/34/34 5/5/5 31/37/37
f 12/13/13 13/15/15 11/11/11
f 12/13/13 1/1/1 13/15/15
f 3/3/3 13/15/15 1/1/1
f 13/15/15 3/3/3 10/10/10
f 8/8/8 10/10/10 3/3/3
f 35/41/41 26/32/32 1607/133/133
f 26/32/32 35/41/41 27/33/33
f 15/20/20 27/33/33 35/41/41
f 39/45/45 36/42/42 38/44/44
f 37/43/43 38/44/44 36/42/42
f 38/44/44 37/43/43 41/47/47
f 40/46/46 41/47/47 37/43/43
f 41/47/47 40/46/46 43/49/49
f 42/48/48 43/49/49 40/46/46
f 43/49/49 42/48/48 45/51/51
f 44/50/50 45/51/51 42/48/48
f 45/51/51 44/50/50 47/53/53
f 46/52/52 47/53/53 44/50/50
f 51/57/57 48/54/54 50/56/56
f 49/55/55 50/56/56 48/54/54
f 50/56/56 49/55/55 53/59/59
f 52/58/58 53/59/59 49/55/55
f 53/59/59 52/58/58 55/61/61
f 54/60/60 55/61/61 52/58/58
f 55/61/61 54/60/60 57/63/63
f 56/62/62 57/63/63 54/60/60
f 57/63/63 56/62/62 39/45/45
f 36/42/42 39/45/45 56/62/62
f 61/67/67 58/64/64 60/66/66
f 59/65/65 60/66/66 58/64/64
f 60/66/66 59/65/65 63/69/69
f 62/68/68 63/69/69 59/65/65
f 63/69/69 62/68/68 65/71/71
f 64/70/70 65/71/71 62/68/68
f 65/71/71 64/70/70 67/73/73
f 66/72/72 67/73/73 64/70/70
f 67/73/73 66/72/72 69/75/75
f 68/74/74 69/75/75 66/72/72
f 73/79/79 70/76/76 72/78/78
f 71/77/77 72/78/78 70/76/76
f 72/78/78 71/77/77 75/81/81
f 74/80/80 75/81/81 71/77/77
f 75/81/81 74/80/80 77/83/83
f 76/82/82 77/83/83 74/80/80
f 77/83/83 76/82/82 79/85/85
f 78/84/84 79/85/85 76/82/82
f 79/85/85 78/84/84 61/67/67
f 58/64/64 61/67/67 78/84/84
f 81/87/87 82/89/89 80/86/86
f 82/89/89 98/111/111 80/86/86
f 112/126/126 80/86/86 98/111/111
f 112/126/126 88/98/98 80/86/86
f 92/102/102 80/86/86 88/98/98
f 80/86/86 92/102/102 81/87/87
f 98/111/111 104/117/117 112/126/126
f 103/116/116 112/126/126 104/117/117
f 104/117/117 105/118/118 103/116/116
f 106/119/119 103/116/116 105/118/118
f 106/119/119 105/118/118 108/121/121
f 107/120/120 108/121/121 105/118/118
f 105/118/118 104/117/117 100/113/113
f 105/118/118 100/113/113 107/120/120
f 98/110/110 100/113/113 104/117/117
f 100/113/113 98/110/110 99/112/112
f 82/90/90 99/112/112 98/110/110
f 108/121/121 107/120/120 109/122/122
f 113/127/127 109/122/122 107/120/120
f 99/112/112 82/90/90 110/123/123
f 110/123/123 84/94/94 99/112/112
f 83/92/92 99/112/112 84/94/94
f 81/88/88 110/123/123 82/90/90
f 81/88/88 94/105/105 110/123/123
f 111/124/124 110/123/123 94/105/105
f 110/123/123 111/124/124 84/94/94
f 113/127/127 83/91/91 109/122/122
f 95/107/107 84/94/94 111/124/124
f 84/93/93 85/95/95 83/91/91
f 84/93/93 95/106/106 85/95/95
f 97/109/109 85/95/95 95/106/106
f 96/108/108 97/109/109 95/106/106
f 85/95/95 97/109/109 109/122/122
f 85/95/95 109/122/122 83/91/91
f 89/99/99 109/122/122 97/109/109
f 96/108/108 90/100/100 97/109/109
f 89/99/99 97/109/109 90/100/100
f 90/100/100 91/101/101 89/99/99
f 90/100/100 96/108/108 101/114/114
f 90/100/100 101/114/114 91/101/101
f 102/115/115 101/114/114 96/108/108
f 101/114/114 102/115/115 87/97/97
f 93/103/103 87/97/97 102/115/115
f 101/114/114 87/97/97 114/129/129
f 114/129/129 91/101/101 101/114/114
f 86/96/96 114/129/129 87/97/97
f 87/97/97 88/98/98 86/96/96
f 87/97/97 93/103/103 88/98/98
f 93/103/103 102/115/115 94/104/104
f 93/103/103 94/104/104 92/102/102
f 92/102/102 88/98/98 93/103/103
f 111/125/125 94/104/104 102/115/115
f 94/104/104 81/87/87 92/102/102
f 114/129/129 86/96/96 106/119/119
f 114/129/129 106/119/119 91/101/101
f 108/121/121 91/101/101 106/119/119
f 91/101/101 108/121/121 89/99/99
f 109/122/122 89/99/99 108/121/121
f 102/115/115 96/108/108 111/125/125
f 95/106/106 111/125/125 96/108/108
f 113/128/128 107/120/120 100/113/113
f 100/113/113 99/112/112 113/128/128
f 83/92/92 113/128/128 99/112/112
f 103/116/116 106/119/119 86/96/96
f 103/116/116 86/96/96 112/126/126
f 88/98/98 112/126/126 86/96/96
f 2/2/2 3/3/3 1/1/1

