mtllib G3_Hero_Body_SlaveWeak_S00.mtl

o HeroSlaveWeak

v -0.171864 1.669966 0.002208
v -0.157088 1.679957 0.021198
v -0.120420 1.654744 -0.018271
v -0.124340 1.665067 -0.020454
v -0.154461 1.559430 -0.064036
v -0.135792 1.544507 -0.086044
v -0.142786 1.530370 -0.071181
v -0.153155 1.551911 -0.043120
v -0.187164 1.566637 -0.051334
v -0.189968 1.578324 -0.052200
v -0.153025 1.573527 -0.065876
v -0.139068 1.608289 -0.048123
v -0.148847 1.587384 -0.063701
v -0.185172 1.594224 -0.048933
v -0.180271 1.612944 -0.042275
v -0.075354 1.684935 0.004561
v -0.117127 1.666292 0.005674
v -0.115003 1.686009 0.030794
v -0.079831 1.703735 0.030921
v -0.038798 1.670101 -0.016470
v -0.036297 1.736119 -0.019600
v -0.044526 1.728804 -0.034272
v -0.038402 1.656246 -0.047215
v -0.051058 1.395645 -0.149987
v -0.049387 1.352787 -0.158080
v -0.066096 1.340026 -0.146297
v -0.075782 1.346475 -0.135259
v -0.050174 1.408876 -0.164738
v -0.018838 1.421601 -0.164520
v -0.015222 1.405606 -0.160151
v -0.041942 1.788389 -0.025421
v -0.038921 1.796354 -0.002000
v -0.044463 1.775448 -0.042066
v -0.046577 1.641671 -0.073715
v -0.089640 1.646296 -0.046980
v -0.079303 1.650245 -0.011859
v -0.053578 1.698523 -0.000055
v -0.046969 1.742970 0.022872
v -0.043440 1.770473 0.012947
v -0.043786 1.753935 -0.008646
v -0.116563 1.315883 -0.075428
v -0.134568 1.340042 -0.044730
v -0.140793 1.357807 -0.042708
v -0.129636 1.327920 -0.078875
v -0.116858 1.325973 -0.110335
v -0.107388 1.316049 -0.109030
v -0.010994 1.494377 -0.159815
v 0.001028 1.493112 -0.156077
v 0.001028 1.471642 -0.160563
v -0.014234 1.468140 -0.163236
v -0.043220 1.455248 -0.162213
v -0.047933 1.486429 -0.161237
v -0.107297 1.533479 -0.125688
v -0.109224 1.501750 -0.135098
v -0.125557 1.509933 -0.108427
v -0.120933 1.545570 -0.102741
v -0.108663 1.461341 -0.140137
v -0.120097 1.473189 -0.118485
v -0.151430 1.459232 -0.012729
v -0.145245 1.483161 -0.004176
v -0.142335 1.494503 -0.031973
v -0.144459 1.467008 -0.044788
v -0.037273 1.722325 -0.046799
v -0.028199 1.655086 -0.061734
v -0.032171 1.772867 -0.045765
v -0.081407 1.365279 -0.153490
v -0.086719 1.335270 -0.126533
v -0.098839 1.343541 -0.134136
v -0.019522 1.357092 -0.163995
v 0.001028 1.379850 -0.158402
v 0.001028 1.413233 -0.154211
v -0.144042 1.512726 -0.029734
v -0.141267 1.522746 -0.053484
v -0.138073 1.506890 -0.064353
v -0.134630 1.498128 -0.073991
v -0.081473 1.581604 -0.104423
v -0.086003 1.604210 -0.087979
v -0.056880 1.605484 -0.100459
v -0.053114 1.591949 -0.116827
v -0.106924 1.555205 -0.108566
v -0.083201 1.564518 -0.119398
v -0.108962 1.298062 -0.105704
v -0.115202 1.298574 -0.072683
v -0.087733 1.314489 -0.116410
v -0.089796 1.286808 -0.112725
v -0.113936 1.269711 -0.102487
v -0.125840 1.457717 -0.105235
v -0.115179 1.455036 -0.130167
v -0.122690 1.421631 -0.121825
v -0.131056 1.419140 -0.101078
v -0.017945 1.602543 -0.110144
v -0.016943 1.593237 -0.121236
v -0.064882 1.568948 -0.127957
v -0.049292 1.577275 -0.128661
v -0.067140 1.287709 -0.135698
v -0.060319 1.270948 -0.137777
v -0.068375 1.243454 -0.131184
v -0.075061 1.244753 -0.125438
v -0.061513 1.307568 -0.143970
v -0.044935 1.303069 -0.149632
v -0.043566 1.286726 -0.144615
v -0.024599 1.284022 -0.145376
v -0.024847 1.277567 -0.149069
v -0.042832 1.274125 -0.144321
v -0.007745 1.280266 -0.144054
v 0.001028 1.298294 -0.141637
v -0.120931 1.267956 -0.067945
v -0.118918 1.281170 -0.040143
v -0.130026 1.317693 -0.043137
v -0.024840 1.301244 -0.154593
v -0.112573 1.233500 -0.098901
v -0.124138 1.236897 -0.067181
v -0.090340 1.239018 -0.107031
v -0.077741 1.197345 -0.115250
v -0.065857 1.214221 -0.122220
v -0.051435 1.214917 -0.132904
v -0.054385 1.199871 -0.122790
v -0.070415 1.171311 -0.118138
v -0.067828 1.137733 -0.119065
v -0.077460 1.145579 -0.112254
v -0.026142 1.203935 -0.135409
v -0.025205 1.214324 -0.139240
v -0.004689 1.217355 -0.143625
v -0.002655 1.207865 -0.141769
v -0.028142 1.189776 -0.138863
v -0.054852 1.183133 -0.128995
v -0.118745 1.210560 -0.097347
v -0.121568 1.180949 -0.094469
v -0.145701 1.206230 -0.070189
v -0.138822 1.223050 -0.068868
v -0.090602 1.216058 -0.104285
v -0.094887 1.163253 -0.096449
v -0.141902 1.216572 -0.036028
v -0.134528 1.235607 -0.036025
v -0.131572 1.259007 -0.040481
v -0.024968 1.245802 -0.147637
v -0.003569 1.249583 -0.143327
v -0.050571 1.244220 -0.138059
v -0.127154 1.632575 -0.050658
v -0.128854 1.654694 -0.046369
v -0.096672 1.642890 -0.072386
v -0.095476 1.628090 -0.070484
v -0.057962 1.633766 -0.088859
v -0.059720 1.621157 -0.087217
v -0.003319 1.186341 -0.139381
v -0.006571 1.174908 -0.139276
v -0.008351 1.189605 -0.142356
v 0.001028 1.206497 -0.141192
v 0.001028 1.186775 -0.137261
v -0.104857 1.570011 -0.097141
v -0.114967 1.596019 -0.074967
v -0.117531 1.562337 -0.093800
v -0.128950 1.576819 -0.078056
v -0.074941 1.334378 -0.136501
v -0.009958 1.301777 -0.148737
v -0.021974 1.442376 -0.169043
v -0.019464 1.429771 -0.166044
v -0.051253 1.419412 -0.165879
v -0.053899 1.432134 -0.165864
v 0.001028 1.449850 -0.163660
v 0.001028 1.435471 -0.162492
v -0.048712 1.444711 -0.158502
v -0.017220 1.454229 -0.160795
v -0.082956 1.376849 -0.158548
v -0.083893 1.409674 -0.157194
v -0.103375 1.358932 -0.139789
v -0.107306 1.394245 -0.141382
v -0.129870 1.368888 -0.113731
v -0.123172 1.340515 -0.112783
v -0.132690 1.348981 -0.077386
v -0.134471 1.368169 -0.077442
v -0.140506 1.373322 -0.039893
v -0.141169 1.382445 -0.042268
v -0.140517 1.402153 -0.073741
v -0.126587 1.330714 -0.020174
v -0.139809 1.358371 -0.022135
v -0.150418 1.430473 -0.025075
v -0.145496 1.436888 0.009156
v -0.142548 1.464354 0.016999
v -0.145438 1.416728 0.003962
v -0.145609 1.398053 -0.041146
v -0.139677 1.509606 -0.000003
v -0.138498 1.484842 0.021875
v -0.153683 1.549156 0.007898
v -0.140912 1.665007 0.060689
v -0.116926 1.677834 0.062836
v -0.130906 1.673014 0.026267
v -0.178942 1.671312 0.033681
v -0.166916 1.661153 0.059399
v -0.097474 1.686140 0.060037
v -0.037421 1.744974 0.048738
v -0.035945 1.778111 0.035087
v -0.074244 1.691914 0.057197
v -0.046593 1.718818 0.054847
v -0.035377 1.796831 0.022287
v -0.091806 1.652654 -0.059402
v -0.028361 1.633929 -0.077910
v -0.025153 1.641985 -0.083486
v -0.048488 1.644015 -0.078737
v -0.129315 1.270653 -0.008851
v -0.123073 1.293251 -0.016075
v -0.126536 1.234804 -0.004022
v -0.131570 1.216809 -0.003684
v -0.012606 1.630073 -0.078271
v -0.014572 1.629137 -0.081432
v -0.025213 1.635793 -0.090324
v -0.026951 1.717026 -0.046998
v -0.018748 1.713566 -0.049115
v -0.017442 1.679071 -0.048447
v -0.020808 1.656910 -0.056535
v -0.025113 1.741409 -0.049795
v -0.029738 1.742236 -0.045368
v -0.026960 1.771729 -0.051344
v -0.044195 1.749196 -0.030736
v -0.039135 1.743966 -0.045276
v -0.024018 1.757351 -0.064021
v -0.019608 1.738132 -0.054759
v -0.012993 1.573992 -0.133713
v 0.001028 1.584330 -0.119707
v 0.001028 1.560490 -0.135889
v -0.009674 1.653322 -0.050629
v -0.010399 1.637868 -0.065238
v -0.020166 1.640736 -0.068137
v -0.009584 1.673323 -0.050133
v -0.018924 1.747680 -0.073949
v -0.019161 1.731709 -0.066075
v -0.011734 1.742196 -0.079300
v 0.001028 1.742508 -0.081309
v -0.012130 1.726506 -0.074491
v 0.001028 1.727538 -0.077902
v -0.015514 1.623401 -0.088708
v -0.025623 1.618599 -0.092549
v -0.012687 1.614540 -0.097124
v 0.001028 1.592574 -0.103769
v 0.001028 1.646121 -0.053242
v 0.001028 1.636559 -0.064203
v -0.012822 1.713066 -0.063358
v 0.001028 1.715549 -0.068015
v 0.001028 1.672627 -0.049491
v 0.001028 1.628005 -0.077320
v -0.071821 1.451254 -0.159334
v -0.077746 1.485824 -0.159151
v -0.048207 1.519903 -0.153916
v -0.013133 1.522375 -0.152693
v -0.092469 1.455405 -0.154186
v -0.095868 1.494569 -0.150002
v -0.076589 1.522840 -0.151114
v -0.001438 1.222428 -0.142427
v 0.001028 1.241608 -0.141318
v 0.001028 1.216548 -0.142218
v -0.142426 1.513556 0.034988
v -0.153343 1.542362 0.043826
v -0.122337 1.636439 0.089233
v -0.097758 1.642749 0.092668
v -0.145786 1.620735 0.075392
v -0.153855 1.574640 0.077582
v -0.159187 1.522610 0.068003
v -0.140294 1.529185 0.094601
v -0.133320 1.580328 0.095885
v -0.187118 1.596084 0.082580
v -0.197391 1.580139 0.083536
v -0.177471 1.564164 0.081187
v -0.070830 1.647095 0.099020
v -0.109240 1.587963 0.100543
v -0.082993 1.588069 0.109616
v -0.110020 1.440914 0.061003
v -0.113094 1.407074 0.059156
v -0.078958 1.401463 0.067616
v -0.079259 1.434050 0.077368
v -0.077866 1.464845 0.079927
v -0.107589 1.477255 0.071333
v -0.143995 1.453653 0.031134
v -0.132855 1.455109 0.048443
v -0.131500 1.476898 0.058690
v -0.144724 1.473630 0.036934
v -0.141072 1.429965 0.029955
v -0.099925 1.218347 0.039957
v -0.104708 1.269195 0.036090
v -0.119390 1.272158 0.018743
v -0.115451 1.225166 0.019506
v -0.097309 1.193873 0.048994
v -0.074160 1.189069 0.057999
v -0.079432 1.209846 0.053245
v -0.140887 1.395469 0.021110
v -0.136100 1.365164 0.012522
v -0.124167 1.376065 0.035819
v -0.128629 1.402336 0.042876
v -0.121058 1.332061 0.007923
v -0.111553 1.376784 0.045581
v -0.105882 1.335889 0.017728
v -0.073148 1.327605 0.042582
v -0.078549 1.371312 0.056455
v -0.038794 1.585623 0.113361
v -0.135702 1.494568 0.075440
v -0.159769 1.493914 0.050064
v -0.021736 1.780022 0.044512
v -0.020353 1.795955 0.032210
v -0.021304 1.743859 0.063394
v -0.025247 1.714042 0.077832
v -0.065688 1.650414 0.093357
v -0.038973 1.656467 0.097734
v -0.050882 1.462097 0.082009
v -0.047721 1.469297 0.101641
v -0.075514 1.471921 0.097531
v -0.055669 1.399142 0.070476
v -0.056292 1.436420 0.076948
v -0.052552 1.325435 0.050877
v -0.056514 1.369800 0.062190
v -0.080811 1.252957 0.050587
v -0.056361 1.181399 0.064780
v -0.060043 1.196696 0.061766
v -0.061515 1.237113 0.057009
v -0.105633 1.484111 0.086827
v -0.106653 1.527937 0.101565
v -0.140305 1.414933 0.024871
v -0.131275 1.427915 0.046474
v -0.144589 1.386288 -0.008125
v -0.099366 1.299495 0.018917
v -0.073823 1.281921 0.038264
v -0.114599 1.299576 0.007267
v -0.059390 1.272734 0.044986
v -0.118766 1.200254 0.029140
v -0.077013 1.526360 0.109545
v -0.036163 1.524222 0.119102
v -0.146478 1.406088 0.001081
v -0.021571 1.467794 0.079290
v -0.007548 1.463439 0.085863
v -0.007206 1.480168 0.080295
v -0.019312 1.483082 0.099189
v -0.042197 1.466125 0.081977
v -0.035797 1.436613 0.078094
v -0.019874 1.434805 0.069211
v -0.041618 1.480278 0.095935
v -0.013519 1.668081 0.096703
v -0.036504 1.585190 0.106960
v -0.026742 1.581868 0.110176
v -0.022833 1.181451 0.065184
v 0.001028 1.181532 0.063216
v 0.001028 1.218817 0.062954
v -0.018319 1.219276 0.058115
v -0.036971 1.182723 0.056727
v -0.036963 1.168720 0.062454
v -0.020715 1.156952 0.068976
v -0.010414 1.367197 0.071172
v -0.018885 1.367739 0.058863
v -0.018120 1.317914 0.056013
v -0.010288 1.316955 0.066573
v -0.036590 1.322142 0.063661
v -0.037250 1.367816 0.066119
v 0.001028 1.566040 0.102970
v 0.001028 1.558545 0.102541
v -0.034472 1.527204 0.110544
v -0.019783 1.530478 0.116398
v -0.037349 1.221799 0.052299
v -0.008866 1.433511 0.081537
v -0.036414 1.398878 0.063026
v -0.018356 1.399360 0.063741
v -0.008334 1.399482 0.073177
v -0.182901 1.645678 0.061084
v -0.166258 1.618759 0.077828
v 0.001028 1.669309 0.091018
v 0.001028 1.698865 0.079071
v 0.001028 1.756093 0.062480
v 0.001028 1.779695 0.041541
v 0.001028 1.796272 0.032078
v 0.001028 1.528206 0.101303
v -0.146191 1.374457 -0.020182
v -0.169775 1.530840 0.042945
v -0.163633 1.552111 0.002130
v -0.509589 1.269507 -0.021187
v -0.530055 1.287327 -0.028884
v -0.499385 1.303516 -0.027627
v -0.494255 1.298988 -0.025785
v -0.477044 1.314916 -0.025017
v -0.470094 1.301300 -0.022520
v -0.518266 1.261634 0.036543
v -0.509290 1.253675 0.023088
v -0.458886 1.292068 0.036481
v -0.480125 1.301507 0.051515
v -0.549083 1.217633 0.028593
v -0.540033 1.211329 0.014158
v -0.542452 1.271719 0.027767
v -0.570482 1.237444 0.019834
v -0.510347 1.253384 -0.000202
v -0.539294 1.211117 -0.004437
v -0.542771 1.222713 -0.026245
v -0.198850 1.631663 0.064080
v -0.184846 1.616888 0.080952
v -0.306007 1.476952 0.080783
v -0.310916 1.451858 0.073117
v -0.304400 1.435197 0.053737
v -0.278392 1.440738 0.055686
v -0.308189 1.437113 -0.016336
v -0.259875 1.472930 -0.020820
v -0.244342 1.468858 0.001064
v -0.296164 1.433371 0.007683
v -0.347758 1.412491 -0.012682
v -0.355151 1.429551 -0.022687
v -0.325138 1.455510 -0.029910
v -0.284002 1.490181 -0.033118
v -0.334200 1.469541 -0.024773
v -0.299253 1.501986 -0.030522
v -0.235473 1.475313 0.058612
v -0.263894 1.508683 0.087702
v -0.302070 1.422371 0.017652
v -0.283136 1.437100 0.018548
v -0.408483 1.362842 0.071884
v -0.436221 1.333904 0.065731
v -0.414910 1.326240 0.049432
v -0.375179 1.349615 0.050384
v -0.425605 1.373506 0.069721
v -0.491877 1.335961 0.037673
v -0.475455 1.327036 0.051615
v -0.396896 1.351035 -0.018296
v -0.432323 1.329778 -0.020376
v -0.448178 1.338788 -0.020866
v -0.410893 1.361623 -0.013374
v -0.373453 1.370120 -0.012659
v -0.354402 1.366487 0.017650
v -0.381820 1.345473 0.013645
v -0.418900 1.321790 0.010430
v -0.348300 1.378821 0.048288
v -0.363262 1.395074 0.072828
v -0.467429 1.288349 0.000495
v -0.241270 1.525848 -0.035328
v -0.259253 1.538874 -0.030562
v -0.232702 1.551375 -0.029057
v -0.210316 1.547169 -0.037483
v -0.194730 1.537192 -0.034458
v -0.219592 1.513165 -0.030056
v -0.230071 1.529654 0.086187
v -0.203865 1.499702 0.052188
v -0.180877 1.520340 0.044107
v -0.206372 1.558995 0.079266
v -0.236915 1.468294 0.017899
v -0.203541 1.496839 0.010711
v -0.193936 1.516168 -0.005859
v -0.210210 1.500954 -0.006235
v -0.336744 1.408101 0.011522
v -0.331682 1.404441 0.020056
v -0.232732 1.559658 -0.028476
v -0.216874 1.567895 -0.040332
v -0.208297 1.554147 -0.040712
v -0.228759 1.554915 -0.029712
v -0.205491 1.567810 -0.047014
v -0.176144 1.551054 -0.038944
v -0.185894 1.546089 -0.034363
v -0.178817 1.529932 -0.000936
v -0.279108 1.555348 0.070960
v -0.254303 1.571044 0.063648
v -0.211857 1.615373 0.065949
v -0.226219 1.601368 0.067391
v -0.361185 1.403201 -0.008794
v -0.376883 1.411617 -0.014939
v -0.338605 1.394248 0.046698
v -0.322659 1.413256 0.049297
v -0.338006 1.435293 0.074922
v -0.345553 1.405314 0.068312
v -0.345627 1.382878 0.020457
v -0.348130 1.398215 0.011571
v -0.394052 1.398568 0.072485
v -0.355598 1.442976 0.075542
v -0.369160 1.430397 0.077727
v -0.361040 1.416049 0.084450
v -0.332239 1.462828 0.076267
v -0.351016 1.465993 0.062892
v -0.366414 1.465817 0.052597
v -0.361171 1.447883 -0.016866
v -0.390058 1.393130 -0.010028
v -0.390750 1.377757 -0.008021
v -0.555885 1.235426 -0.037464
v -0.572152 1.253549 -0.017787
v -0.548771 1.295499 0.002411
v -0.545098 1.292727 -0.018196
v -0.505377 1.343066 0.012569
v -0.509967 1.343072 -0.008833
v -0.380715 1.423712 -0.015671
v -0.218362 1.578255 -0.043673
v -0.204879 1.618756 -0.039332
v -0.211787 1.596884 -0.040744
v -0.229062 1.602267 -0.036372
v -0.219094 1.623453 -0.034841
v -0.341932 1.477937 -0.013504
v -0.310575 1.510055 -0.017769
v -0.340972 1.481300 0.067797
v -0.305862 1.527039 0.070661
v -0.431888 1.421329 -0.012307
v -0.452869 1.365098 -0.031155
v -0.466771 1.389267 -0.019454
v -0.439637 1.429604 -0.000116
v -0.428966 1.427988 0.036295
v -0.391644 1.442261 0.056499
v -0.416739 1.448648 0.011714
v -0.469743 1.395481 0.003294
v -0.461742 1.388848 0.026382
v -0.408502 1.416188 0.059743
v -0.544306 1.289285 0.015152
v -0.201150 1.652091 -0.021922
v -0.199431 1.660043 -0.000697
v -0.176551 1.656704 -0.027628
v -0.194236 1.656930 0.038062
v -0.210077 1.641790 0.040437
v -0.216994 1.647423 -0.002411
v -0.215122 1.646345 0.018092
v -0.198336 1.660114 0.017980
v -0.180538 1.672473 0.017761
v -0.445320 1.382162 0.051291
v -0.258646 1.595797 0.036342
v -0.267501 1.567880 0.021815
v -0.242863 1.588283 0.067340
v -0.227226 1.626803 0.041506
v -0.244345 1.612296 0.041035
v -0.228390 1.628677 -0.022246
v -0.238971 1.608385 -0.024201
v -0.246172 1.611283 -0.003283
v -0.232939 1.631476 -0.003238
v -0.232467 1.630975 0.018032
v -0.385749 1.468358 0.017581
v -0.403061 1.457840 0.014689
v -0.374605 1.456042 0.056264
v -0.408109 1.436139 -0.010970
v -0.394965 1.438178 -0.007872
v -0.582270 1.242207 -0.002003
v -0.179494 1.638488 -0.038625
v -0.205156 1.636865 -0.033057
v -0.378615 1.416890 0.077102
v -0.312581 1.522849 0.041233
v -0.346987 1.490200 0.043414
v -0.271005 1.541881 -0.018681
v -0.357380 1.467637 0.009220
v -0.347870 1.490100 0.018708
v -0.311296 1.511947 0.017519
v -0.313629 1.511024 0.008448
v -0.505147 1.340274 -0.021633
v -0.369021 1.451709 -0.013427
v -0.367160 1.478594 0.020942
v -0.356562 1.474406 0.049514
v -0.403357 1.396187 -0.018231
v -0.412388 1.372247 -0.018363
v -0.452749 1.344846 -0.024359
v -0.489209 1.333847 -0.031106
v -0.481839 1.320198 -0.026870
v -0.311559 1.512312 -0.002586
v -0.347038 1.480255 -0.000933
v -0.374639 1.454390 -0.000821
v -0.271101 1.542595 -0.009845
v -0.262989 1.556206 -0.003266
v -0.243864 1.561688 -0.024103
v -0.214988 1.643670 -0.021471
v -0.174318 0.536419 -0.057854
v -0.175092 0.537920 -0.083576
v -0.168236 0.555570 -0.090272
v -0.156687 0.560153 -0.064632
v -0.186592 0.494987 -0.047923
v -0.200923 0.488725 -0.050221
v -0.193664 0.519055 -0.065101
v -0.129657 0.555255 -0.035228
v -0.149224 0.557350 -0.044956
v -0.133427 0.593354 -0.065364
v -0.116119 0.587418 -0.055727
v -0.164415 0.508833 -0.028075
v -0.166298 0.518417 -0.030936
v -0.150449 0.520755 -0.022000
v -0.217789 0.529429 -0.047266
v -0.210129 0.531257 -0.078064
v -0.200560 0.527525 -0.082208
v -0.205128 0.519318 -0.053832
v -0.228824 0.494791 -0.021900
v -0.230784 0.516578 -0.016134
v -0.222048 0.495019 -0.034675
v -0.249135 0.407305 0.005113
v -0.251865 0.333685 0.018670
v -0.272753 0.372267 0.045982
v -0.267870 0.437812 0.036250
v -0.233312 0.492312 -0.013171
v -0.242756 0.400731 -0.008234
v -0.189730 0.175035 -0.006646
v -0.184505 0.159542 -0.003353
v -0.198878 0.141051 -0.037419
v -0.198738 0.174285 -0.028315
v -0.194478 0.119963 -0.049067
v -0.220539 0.131488 -0.057533
v -0.218293 0.147434 -0.046285
v -0.233380 0.143798 -0.027744
v -0.229235 0.176319 -0.017848
v -0.223236 0.177659 -0.028562
v -0.226749 0.147423 -0.039138
v -0.245801 0.125740 -0.036250
v -0.253050 0.114298 -0.008668
v -0.238537 0.135212 -0.003021
v -0.129492 0.417160 0.036177
v -0.135585 0.422949 0.084235
v -0.153753 0.349507 0.084578
v -0.151032 0.331663 0.045405
v -0.133508 0.483562 0.032206
v -0.132697 0.491263 0.061372
v -0.172712 0.222064 0.042836
v -0.175823 0.221523 0.024240
v -0.173350 0.275948 0.023771
v -0.168892 0.280128 0.049696
v -0.172398 0.163150 0.039742
v -0.175689 0.163992 0.020406
v -0.175554 0.222523 0.064127
v -0.174606 0.163548 0.060259
v -0.236742 0.207767 0.013982
v -0.240247 0.277149 0.027416
v -0.235785 0.262510 -0.005694
v -0.233637 0.212015 -0.010505
v -0.240460 0.313079 -0.008477
v -0.230521 0.311277 -0.018102
v -0.228008 0.261528 -0.017887
v -0.206105 0.271569 -0.021669
v -0.201669 0.217583 -0.023850
v -0.217952 0.214444 -0.029240
v -0.218752 0.262681 -0.026102
v -0.207687 0.319887 -0.024003
v -0.200444 0.324244 -0.006935
v -0.198339 0.278573 -0.004877
v -0.157035 0.307006 0.045064
v -0.167664 0.295428 0.018527
v -0.164624 0.318916 0.014872
v -0.160879 0.296973 0.046557
v -0.168048 0.285017 0.021342
v -0.232867 0.169138 0.005788
v -0.230045 0.164771 0.031453
v -0.236631 0.211544 0.040004
v -0.249696 0.104460 0.026768
v -0.234301 0.128572 0.026631
v -0.183240 0.131647 -0.008951
v -0.173822 0.109596 -0.014191
v -0.182564 0.171498 0.002073
v -0.168433 0.119943 0.043594
v -0.158024 0.090982 0.044458
v -0.159947 0.098727 0.018643
v -0.171598 0.123561 0.018325
v -0.024040 0.973225 -0.048643
v -0.042343 0.992160 -0.077850
v -0.034915 0.981036 -0.091945
v -0.027299 0.968792 -0.067925
v -0.032253 0.980146 -0.052589
v -0.057065 0.993233 -0.078756
v -0.126406 1.158929 -0.095076
v -0.124811 1.130417 -0.095760
v -0.146631 1.153471 -0.071748
v -0.149831 1.192473 -0.073642
v -0.095050 1.105102 -0.094102
v -0.093412 1.127509 -0.095195
v -0.049663 1.012462 -0.099559
v -0.076532 1.015695 -0.089967
v -0.062282 1.035341 -0.095112
v -0.037236 1.042324 -0.111260
v -0.037024 1.004307 -0.101722
v -0.016656 0.956659 -0.069412
v -0.014937 0.954709 -0.048258
v -0.024244 0.974774 -0.107802
v -0.040585 1.095078 -0.121160
v -0.068623 1.106070 -0.113297
v -0.046658 1.135200 -0.124653
v -0.040265 1.064517 -0.114481
v -0.077802 1.074283 -0.101712
v -0.155752 1.200333 -0.037495
v -0.160361 1.167880 -0.036864
v -0.019203 1.143155 -0.134621
v -0.009856 1.091295 -0.127675
v -0.087663 0.805448 -0.061538
v -0.078342 0.799375 -0.046188
v -0.091814 0.768015 -0.047446
v -0.101352 0.762120 -0.055427
v -0.226766 0.808363 -0.065323
v -0.214522 0.892184 -0.062277
v -0.198947 0.899447 -0.081650
v -0.203141 0.816322 -0.088090
v -0.233315 0.789464 -0.030068
v -0.221043 0.887505 -0.039469
v -0.189635 0.834997 -0.123737
v -0.172534 0.909246 -0.122296
v -0.153951 0.902334 -0.126532
v -0.162062 0.829275 -0.134055
v -0.172540 0.779897 -0.132875
v -0.193573 0.779982 -0.120550
v -0.199967 0.832949 -0.115843
v -0.184377 0.913989 -0.117901
v -0.135574 0.632196 -0.089165
v -0.116821 0.626986 -0.069173
v -0.106528 0.587311 -0.026546
v -0.120549 0.553744 -0.008081
v -0.222725 0.599083 -0.060970
v -0.215575 0.639694 -0.072836
v -0.206358 0.625998 -0.105857
v -0.218333 0.596082 -0.084948
v -0.229476 0.586396 -0.023477
v -0.227321 0.616910 -0.029416
v -0.222366 0.550758 -0.057968
v -0.227340 0.545953 -0.035039
v -0.210770 0.585872 -0.093232
v -0.214423 0.549089 -0.072830
v -0.012000 1.063063 -0.124544
v 0.001028 1.091311 -0.126183
v 0.001028 1.063480 -0.122846
v 0.001028 1.136656 -0.136223
v -0.001421 1.169681 -0.140255
v -0.017973 1.047406 -0.127818
v -0.024253 1.003484 -0.120400
v -0.098276 0.741144 -0.056331
v -0.087058 0.745104 -0.043437
v -0.089790 0.702087 -0.044261
v -0.095359 0.706834 -0.063534
v -0.230792 0.759596 -0.066531
v -0.232748 0.734297 -0.022729
v -0.183304 0.705094 -0.123379
v -0.193459 0.704463 -0.113757
v -0.199835 0.774104 -0.111003
v -0.097584 0.668841 -0.045651
v -0.102869 0.675631 -0.065733
v -0.105089 0.691604 -0.068696
v -0.106631 0.737650 -0.062186
v -0.228084 0.698206 -0.066057
v -0.224543 0.691884 -0.022678
v -0.196441 0.700498 -0.107219
v -0.158778 0.618531 -0.112618
v -0.145919 0.587227 -0.081710
v -0.160870 0.586524 -0.098465
v -0.184681 0.582831 -0.103864
v -0.176752 0.620196 -0.121941
v -0.107226 0.624397 -0.040185
v -0.190736 0.649899 -0.096298
v -0.191570 0.643034 -0.103898
v -0.196201 0.656893 -0.091974
v -0.211565 0.695876 -0.086241
v -0.201447 0.697129 -0.101485
v -0.221685 0.667558 -0.071114
v -0.185009 0.638641 -0.109910
v -0.192798 0.623279 -0.117145
v 0.001028 1.004839 -0.125201
v 0.001028 0.978800 -0.118245
v 0.001028 0.953555 -0.069150
v 0.001028 0.950120 -0.048902
v -0.024492 0.963243 -0.009271
v -0.215352 0.177523 -0.035187
v -0.219617 0.311501 -0.026143
v -0.188997 0.529389 -0.085548
v -0.142936 0.822870 -0.125864
v -0.136029 0.824548 -0.121577
v -0.147635 0.769008 -0.124057
v -0.153914 0.773130 -0.124950
v -0.137718 0.900748 -0.123279
v -0.162658 0.695308 -0.121070
v -0.170601 0.701369 -0.119886
v -0.188266 0.548186 -0.093811
v -0.200518 0.582518 -0.099169
v -0.167277 0.654666 -0.115377
v -0.177119 0.659678 -0.112428
v -0.152803 0.653639 -0.107926
v -0.175948 0.638053 -0.114323
v -0.085875 0.946307 -0.095076
v -0.094994 0.969581 -0.098636
v -0.050601 0.974369 -0.076568
v -0.060969 0.945656 -0.079003
v -0.062972 0.987714 -0.084450
v -0.102660 0.802204 -0.073272
v -0.090272 0.886213 -0.078997
v -0.068720 0.889986 -0.060085
v -0.108735 0.814332 -0.096102
v -0.100741 0.890701 -0.095357
v -0.109821 0.735771 -0.077663
v -0.114854 0.744391 -0.107295
v -0.121161 0.673017 -0.082884
v -0.135959 0.676981 -0.109976
v -0.139239 0.647732 -0.097166
v -0.043328 0.948841 -0.052033
v -0.031944 0.933880 -0.018372
v -0.054793 0.879794 -0.030845
v -0.187028 0.980134 -0.062934
v -0.177075 0.985517 -0.078955
v -0.148976 0.963278 -0.120124
v -0.137086 0.955074 -0.122223
v -0.126902 0.902524 -0.118186
v -0.198836 0.399082 -0.034380
v -0.210510 0.392648 -0.034249
v -0.192297 0.401868 -0.021412
v -0.223317 0.392569 -0.025699
v -0.235822 0.394860 -0.016797
v -0.190116 0.662890 -0.103059
v -0.191420 0.660314 -0.097078
v -0.184998 0.662465 -0.109105
v -0.178061 0.495139 -0.034931
v -0.232645 0.547149 -0.007891
v -0.236344 0.520380 0.002627
v -0.203636 0.547329 -0.086839
v -0.163891 1.060487 -0.060011
v -0.153224 1.105231 -0.055914
v -0.145549 1.102994 -0.070051
v -0.155771 1.057831 -0.075403
v -0.194324 0.976962 -0.043926
v -0.193500 0.985475 -0.028405
v -0.133326 0.997700 -0.116177
v -0.127814 1.036075 -0.114827
v -0.119170 1.021436 -0.109630
v -0.125586 0.989540 -0.115402
v -0.149189 1.015393 -0.113771
v -0.139567 1.040523 -0.112706
v -0.118250 0.987405 -0.114307
v -0.112220 1.006913 -0.109170
v -0.088426 0.987190 -0.098032
v -0.086645 1.004146 -0.096955
v -0.102310 1.035633 -0.102326
v -0.106682 0.990471 -0.109043
v -0.122048 0.554650 0.016967
v -0.133368 0.518748 0.025809
v -0.137759 0.520504 0.002903
v -0.110079 0.590123 0.002771
v -0.108290 0.622329 -0.010219
v -0.084772 0.742538 -0.016658
v -0.094560 0.692126 -0.016116
v -0.072915 0.791704 -0.034003
v -0.071287 0.780959 -0.001580
v -0.053828 0.869730 -0.013432
v -0.036750 0.922073 -0.002303
v -0.056027 0.913418 0.030306
v -0.069179 0.854760 0.021846
v -0.034481 0.962952 0.023854
v -0.045593 0.936441 0.025445
v -0.029247 0.941525 -0.005217
v -0.035979 0.967096 -0.049072
v -0.193275 0.220916 -0.003946
v -0.227084 0.213855 -0.021621
v -0.246650 0.500151 0.011273
v -0.256069 0.453132 0.069070
v -0.240474 0.503461 0.044481
v -0.222836 0.546079 0.012621
v -0.220630 0.577334 -0.000904
v -0.229674 0.216158 0.057371
v -0.244628 0.309181 0.063062
v -0.245915 0.299330 0.046513
v -0.260396 0.329200 0.043531
v -0.246083 0.299682 0.024098
v -0.255336 0.341233 0.068270
v -0.262793 0.391290 0.074359
v -0.216836 0.123259 0.048868
v -0.218633 0.164339 0.049289
v -0.223449 0.094238 0.052062
v -0.149921 1.182628 0.000686
v -0.229781 0.791519 -0.012830
v -0.230935 0.783094 0.011818
v -0.215977 0.886669 0.001403
v -0.219436 0.888035 -0.022738
v -0.231245 0.742111 -0.004041
v -0.219129 0.602182 -0.006737
v -0.215825 0.619823 -0.007397
v -0.222479 0.636292 -0.019857
v -0.221994 0.660360 -0.029074
v -0.228357 0.743563 0.014140
v -0.222795 0.699867 -0.003945
v -0.221542 0.693633 0.008385
v -0.221321 0.657743 -0.011776
v -0.220048 0.639174 -0.000454
v -0.162421 1.060480 -0.031879
v -0.153190 1.097505 -0.032270
v -0.162402 1.046347 -0.002760
v -0.157989 1.068120 0.001061
v -0.245603 0.318808 0.005808
v -0.240199 0.278222 0.017048
v -0.149262 0.398890 0.000043
v -0.164471 0.315995 0.074130
v -0.181267 0.222039 0.005872
v -0.183720 0.284840 0.005580
v -0.183029 0.305321 0.002269
v -0.183327 0.325377 -0.000963
v -0.182928 0.295940 0.004492
v -0.172928 0.396374 -0.013762
v -0.150936 0.476188 -0.017927
v -0.136914 0.478327 0.011221
v -0.162513 0.481680 -0.028022
v -0.171078 0.118678 0.066996
v -0.211986 0.490940 -0.043654
v -0.145481 1.131874 -0.069292
v -0.154687 1.142074 -0.035324
v 0.001028 1.046777 -0.129611
v -0.148809 1.123316 0.002871
v -0.149894 1.147064 0.005783
v -0.134806 1.088326 -0.086934
v -0.130964 1.111889 -0.086396
v -0.120769 1.097890 -0.098344
v -0.124878 1.074820 -0.102450
v -0.154265 1.124912 -0.034276
v -0.153023 1.094832 0.001716
v -0.149038 1.122417 -0.067038
v -0.125661 0.954675 -0.119928
v -0.162884 0.975931 -0.117125
v -0.202430 0.961827 -0.026402
v -0.087520 1.050034 -0.093034
v -0.113590 1.051831 -0.103575
v -0.104519 1.074495 -0.095752
v -0.151829 1.037700 -0.102602
v -0.227403 0.522535 0.026653
v -0.217276 0.528100 0.042663
v -0.214085 0.549508 0.026762
v -0.208716 0.579992 0.010501
v -0.148811 0.550314 0.053168
v -0.151290 0.525688 0.065461
v -0.144596 0.521937 0.062156
v -0.141875 0.549304 0.046170
v -0.138196 0.580019 0.034240
v -0.147050 0.579684 0.039018
v -0.158217 0.437580 0.098403
v -0.171047 0.370819 0.105091
v -0.150890 0.491680 0.077037
v -0.171500 0.490698 0.078378
v -0.178656 0.442917 0.092637
v -0.230180 0.387625 0.098727
v -0.224904 0.449308 0.093796
v -0.187078 0.221579 0.075261
v -0.176913 0.289591 0.070421
v -0.191742 0.301701 0.076301
v -0.183631 0.164832 0.075123
v -0.213006 0.219743 0.068812
v -0.230015 0.311297 0.074932
v -0.204166 0.166091 0.066099
v -0.231329 0.342141 0.089033
v -0.179259 0.331481 0.091993
v -0.190534 0.379861 0.101007
v -0.196277 0.343926 0.093181
v -0.183936 0.317090 0.078439
v -0.169883 0.304513 0.068483
v -0.198604 0.090543 0.082068
v -0.199792 0.120641 0.071184
v -0.210633 0.752405 0.033969
v -0.212402 0.789664 0.037044
v -0.094742 0.773558 0.029060
v -0.087071 0.859628 0.056964
v -0.113810 0.863356 0.064797
v -0.122081 0.776478 0.029207
v -0.133776 0.737449 0.034678
v -0.110209 0.731170 0.028519
v -0.136214 0.871621 0.061315
v -0.140267 0.782937 0.031951
v -0.199527 0.887962 0.026912
v -0.180771 0.794735 0.049444
v -0.174613 0.883313 0.047166
v -0.127025 0.584566 0.021432
v -0.124276 0.603072 0.014280
v -0.135288 0.598320 0.025326
v -0.132027 0.552056 0.034161
v -0.205216 0.584424 0.024070
v -0.206100 0.553895 0.040828
v -0.194806 0.553228 0.042293
v -0.191287 0.586791 0.016292
v -0.160631 0.557814 0.042835
v -0.160738 0.545604 0.055855
v -0.155960 0.580548 0.028826
v -0.144450 0.602501 0.028544
v -0.166736 1.029748 0.033369
v -0.165822 1.045281 0.038550
v -0.159961 0.962480 0.033194
v -0.158988 1.000836 0.039673
v -0.176905 0.976327 0.016611
v -0.125335 0.964541 0.063118
v -0.145098 0.975516 0.055375
v -0.143244 0.957637 0.050512
v -0.121880 0.946966 0.060767
v -0.092238 0.938645 0.055566
v -0.094491 0.955011 0.061969
v -0.131154 1.174110 0.036593
v -0.144724 1.125448 0.046869
v -0.117114 1.123058 0.076264
v -0.099289 1.168092 0.057468
v -0.068988 1.110698 0.092035
v -0.067130 1.161144 0.075999
v -0.088594 0.988099 0.087696
v -0.125201 0.993384 0.080076
v -0.060256 0.935380 0.039314
v -0.053179 0.949956 0.048543
v -0.032352 1.094675 0.094570
v -0.048092 1.151515 0.079308
v -0.209302 0.697487 0.021031
v -0.132684 0.663824 0.027277
v -0.113395 0.657193 0.020799
v -0.185470 0.760123 0.043673
v -0.210447 0.643701 0.011179
v -0.131510 0.611868 0.019496
v -0.119882 0.622393 0.011693
v -0.135459 0.626674 0.021066
v -0.191957 0.703283 0.027085
v -0.140087 0.618107 0.021598
v -0.146973 0.650383 0.014711
v -0.152532 0.619294 0.017048
v -0.201295 0.608994 0.012706
v -0.208428 0.603578 0.001984
v -0.196547 0.964657 -0.003858
v -0.086304 0.910589 0.055647
v -0.116382 0.916099 0.063919
v -0.135765 0.923766 0.058174
v -0.183158 0.952254 0.019360
v -0.164408 0.939050 0.036485
v -0.103303 0.659068 -0.018511
v -0.018593 0.975842 0.038345
v -0.038202 0.963808 0.050978
v -0.045624 0.955176 0.049695
v -0.186621 0.987974 -0.002675
v -0.179829 0.120086 0.082564
v -0.194590 0.169813 0.070755
v -0.189990 0.124222 0.077564
v -0.172345 0.088366 0.093310
v -0.159486 0.089061 0.073613
v -0.216437 0.498083 0.074433
v -0.204552 0.450795 0.095574
v -0.198150 0.496613 0.076417
v -0.210735 0.532377 0.055378
v -0.206498 0.308376 0.078213
v -0.214780 0.328620 0.085426
v -0.199679 0.222268 0.072058
v -0.224600 0.326986 0.084963
v -0.219180 0.343823 0.093838
v -0.212683 0.387202 0.101540
v -0.133800 0.518790 0.047977
v -0.016176 1.129410 0.074589
v 0.001028 1.126814 0.075877
v 0.001028 1.154021 0.068156
v -0.031649 1.135929 0.070035
v -0.152337 0.512778 0.068607
v -0.212757 0.520431 0.060392
v -0.167527 0.514586 0.071040
v -0.150840 1.092168 0.052449
v -0.130191 1.071283 0.089527
v -0.076827 1.053864 0.105472
v -0.034699 1.033460 0.103448
v -0.009531 1.080095 0.097752
v 0.001028 1.080622 0.073616
v -0.043928 0.978092 0.084668
v -0.144178 1.014289 0.075104
v -0.162371 1.067056 0.040072
v -0.161678 1.028251 0.049722
v -0.017182 0.994032 0.053228
v 0.001028 1.015050 0.077914
v -0.006133 1.029646 0.098383
v -0.019144 0.991179 0.071083
v -0.141125 0.944847 0.052999
v -0.253755 0.095172 -0.014129
v -0.250738 0.113690 -0.043298
v -0.175084 0.080753 -0.018772
v -0.184136 0.057880 -0.030258
v -0.198297 0.078229 -0.069155
v -0.192783 0.093246 -0.058886
v -0.164132 0.071708 0.020441
v -0.173565 0.040023 0.003272
v -0.173022 0.059212 0.094519
v -0.171408 0.030890 0.097510
v -0.152971 0.026001 0.073212
v -0.158996 0.057810 0.074217
v -0.185254 0.090009 0.090710
v -0.187031 0.060690 0.092647
v -0.219692 0.067104 0.058645
v -0.226730 0.037929 0.060332
v -0.208363 0.033662 0.089803
v -0.201094 0.062347 0.084571
v -0.241879 0.078050 0.028523
v -0.246005 0.047757 0.024022
v -0.196948 0.048155 -0.053215
v -0.194920 0.029018 -0.026792
v -0.200032 0.024177 -0.066934
v -0.198727 0.036784 -0.092149
v -0.209689 0.054251 -0.110659
v -0.205837 0.065831 -0.084772
v -0.202490 0.016184 -0.159352
v -0.213573 0.036431 -0.157224
v -0.195733 0.013709 -0.107188
v -0.193665 -0.002958 -0.112315
v -0.201062 -0.003013 -0.167942
v -0.223087 0.004039 -0.200551
v -0.222078 0.026326 -0.193057
v -0.207061 -0.006113 -0.151659
v -0.223670 -0.002879 -0.187967
v -0.198141 -0.006808 -0.103608
v -0.198103 0.008193 -0.052155
v -0.197664 0.001132 -0.044032
v -0.185766 0.010534 0.009920
v -0.201124 0.008742 0.024844
v -0.220964 0.002540 -0.032772
v -0.159162 0.029031 0.042938
v -0.164057 0.007228 0.064011
v -0.219947 0.114898 -0.070771
v -0.224094 0.100564 -0.084394
v -0.242448 0.107488 -0.073025
v -0.237353 0.120671 -0.059771
v -0.232723 0.070838 -0.114209
v -0.229067 0.086281 -0.095926
v -0.231290 0.062317 -0.147965
v -0.255167 0.056357 -0.134781
v -0.250041 0.082645 -0.104724
v -0.241964 0.043837 -0.191291
v -0.253362 0.006910 -0.200347
v -0.178257 0.010094 0.082605
v -0.190360 0.032384 0.097368
v -0.194245 0.010729 0.082248
v -0.295328 0.008820 -0.068742
v -0.287165 0.001684 -0.073012
v -0.256725 0.005694 -0.022874
v -0.267607 0.011742 -0.022135
v -0.295410 0.023862 -0.062334
v -0.294796 0.030056 -0.111359
v -0.303991 0.006430 -0.123835
v -0.296654 0.001136 -0.127667
v -0.280601 0.027388 -0.029538
v -0.287278 0.030536 -0.151087
v -0.294401 0.007765 -0.161409
v -0.281001 0.051307 -0.062215
v -0.271507 0.068584 -0.089517
v -0.280502 0.042720 -0.123090
v -0.258755 0.033547 0.000114
v -0.265888 0.060230 -0.035844
v -0.262928 0.085898 -0.067205
v -0.256203 0.074950 -0.019980
v -0.255496 0.101151 -0.053511
v -0.160458 0.062637 0.049770
v -0.253587 -0.001899 -0.185241
v -0.273468 0.000248 -0.171521
v -0.275183 0.007500 -0.183182
v -0.264725 0.036494 -0.173087
v -0.248799 0.097400 -0.091745
v -0.289534 0.002062 -0.157968
v -0.208683 0.011771 0.076897
v -0.235654 0.014276 0.025514
v -0.236354 -0.002434 -0.087048
v -0.216402 0.009375 0.027276
v -0.239859 0.004007 -0.027132
v -0.274916 -0.001228 -0.134726
v -0.264467 -0.000284 -0.078553
v -0.247115 -0.003319 -0.141687
v -0.234173 0.132383 -0.048955
v -0.128776 1.554670 -0.089238
v -0.075959 1.543515 -0.143290
v -0.047607 1.560056 -0.138412
v -0.046960 1.538793 -0.147032
v -0.136586 1.563900 -0.078893
v -0.012229 1.559226 -0.134832
v -0.013232 1.557492 -0.141743
v -0.044073 1.563214 -0.130238
v 0.001028 1.558378 -0.137627
v 0.001028 1.557361 -0.140631
v -0.244453 1.583517 -0.024449
v -0.257911 1.586627 -0.000600
v -0.245183 1.567784 -0.020314
v -0.263400 1.566841 -0.005560
v -0.234346 1.577967 -0.031024
v -0.233981 1.566844 -0.031640
v -0.046361 1.527966 -0.146676
v -0.071536 1.529647 -0.142593
v -0.011974 1.528273 -0.148700
v -0.011707 1.535463 -0.148570
v 0.001028 1.532889 -0.149319
v 0.001028 1.527524 -0.145823
v -0.153286 1.633707 -0.039007
v -0.145792 1.658660 -0.030218
v -0.077895 1.442287 -0.153267
v -0.097798 1.448012 -0.144145
v 0.001028 1.463011 -0.158219
v -0.134705 1.509556 -0.088799
v -0.128412 1.475051 -0.091672
v -0.126432 1.490778 -0.104830
v -0.124862 1.478139 -0.101901
v -0.137880 1.461410 -0.074728
v -0.121306 1.463920 -0.116750
v -0.277204 1.552125 0.021309
v 0.001028 1.427208 -0.160328
v -0.169538 0.492392 -0.030391
v -0.181661 0.414511 -0.018418
v -0.184053 0.384508 -0.012722
v -0.187974 0.305156 0.000957
v -0.190578 0.327493 -0.002159
v -0.191452 0.299613 0.000684
v -0.129579 0.820654 -0.115327
v -0.140336 0.759919 -0.123757
v -0.115837 0.897267 -0.110291
v -0.151957 0.689524 -0.119796
v -0.102141 0.950561 -0.105094
v -0.113621 0.957476 -0.113744
v -0.195574 0.530672 0.057453
v -0.164149 0.527365 0.066236
v -0.204849 0.821442 -0.106679
v -0.193376 0.905744 -0.103015
v -0.205959 0.769473 -0.104318
v -0.207704 0.766277 -0.089402
v -0.173758 0.977626 -0.101322
v -0.193656 0.324954 0.078930
v -0.203242 0.330564 0.082886
v -0.188926 0.385585 -0.014526
v -0.195259 0.327101 -0.002604
v 0.001028 1.524139 -0.151476
v -0.146151 1.433497 -0.063494
v -0.088966 1.428396 -0.153408
v -0.104757 1.422662 -0.142093
v 0.001028 1.432569 0.081702
v 0.001028 1.462847 0.085974
v 0.001028 1.365267 0.072732
v 0.001028 1.314186 0.063939
v 0.001028 1.481424 0.088157
v 0.001028 1.400605 0.076325
v 0.001028 1.169507 -0.139573
v -0.006574 0.973235 0.015998
v 0.001028 0.973998 0.016290
v 0.001028 0.979310 0.038450
v 0.001028 0.988355 0.054980
v -0.093296 1.534753 -0.138100
v -0.098636 1.087535 -0.094725
v -0.041579 1.252853 0.055838
v -0.052510 0.955927 0.058486
v -0.154811 0.788533 0.041197
v -0.155079 0.878491 0.055466
v -0.164373 0.759192 0.035027
v -0.169277 0.721634 0.025834
v -0.152458 0.926250 0.046652
v -0.143601 0.929509 0.051944
v -0.185134 0.584762 0.020541
v -0.186958 0.548655 0.039705
v -0.178706 0.541664 0.044945
v -0.174833 0.583739 0.033584
v -0.166125 0.555553 0.039163
v -0.169500 0.541429 0.051728
v -0.187296 0.494930 0.075572
v -0.192913 0.449862 0.089965
v -0.202806 0.386039 0.098045
v -0.209235 0.345826 0.092816
v -0.172578 0.524611 0.061186
v -0.182879 0.521525 0.061749
v -0.142581 0.662742 0.016308
v -0.204746 0.629761 0.006053
v -0.185969 0.681814 0.011438
v -0.170673 0.692403 0.011872
v -0.147657 0.787453 0.036908
v -0.155686 0.753870 0.031161
v -0.145852 0.745388 0.031570
v -0.145974 0.877694 0.057274
v -0.162818 0.584058 0.023349
v -0.155333 0.714265 0.023847
v -0.142829 0.691771 0.024947
v -0.148369 0.668517 0.011352
v -0.156372 0.686526 0.017845
v -0.184275 0.644400 0.006531
v -0.166061 0.637891 0.019726
v -0.156464 0.633758 0.011442
v -0.188177 0.621607 0.004700
v -0.195765 0.518900 0.061190
v -0.189615 0.526485 0.056193
v -0.200103 0.619650 0.006960
v -0.180838 0.628362 0.009300
v -0.247549 1.613356 0.017779
v -0.258389 1.592507 0.017818
v -0.163016 1.548426 0.059557
v -0.020558 1.254638 0.054164
v 0.001028 1.256079 0.062256
v -0.011674 1.255761 0.058978
v 0.001028 1.622085 -0.089610
v 0.001028 1.614451 -0.096685
v 0.001028 1.628606 -0.083547
v -0.035301 1.750764 -0.020392
v -0.585644 1.213262 0.015129
v -0.564077 1.200196 0.028508
v -0.557806 1.201459 -0.041362
v -0.552754 1.193603 -0.028173
v -0.554513 1.187642 -0.049057
v -0.576228 1.194965 -0.051609
v -0.571834 1.213154 -0.040985
v -0.568088 1.190930 0.027952
v -0.549922 1.176174 0.030324
v -0.552002 1.188907 0.027213
v -0.551908 1.187083 -0.009559
v -0.550506 1.174781 -0.013548
v -0.550244 1.180342 -0.036175
v -0.548454 1.183831 0.009489
v -0.545330 1.162209 0.007774
v -0.589806 1.218104 -0.027068
v -0.595440 1.201449 -0.037540
v -0.596670 1.220704 -0.007575
v -0.590995 1.202573 0.012728
v -0.601995 1.208677 -0.010329
v -0.632528 1.086776 0.013742
v -0.631662 1.091114 0.015159
v -0.624515 1.087458 0.010883
v -0.625598 1.083581 0.008429
v -0.634044 1.075073 0.010789
v -0.635560 1.072285 0.019800
v -0.634477 1.083696 0.024233
v -0.631229 1.039354 0.009608
v -0.629713 1.051815 0.015552
v -0.635777 1.055849 0.011358
v -0.636643 1.042519 0.006428
v -0.633611 1.046734 0.001468
v -0.627764 1.042908 0.005461
v -0.625382 1.080256 0.028403
v -0.624949 1.084562 0.030252
v -0.634044 1.087988 0.026292
v -0.627331 1.068155 0.023535
v -0.619967 1.066870 0.019564
v -0.617369 1.078818 0.023568
v -0.613904 1.087755 0.015586
v -0.622566 1.091938 0.009747
v -0.610005 1.112327 0.010282
v -0.603292 1.108381 0.019558
v -0.616719 1.083914 0.015913
v -0.602642 1.111447 0.032597
v -0.614986 1.087114 0.026169
v -0.589648 1.118421 0.019058
v -0.586616 1.125081 0.033053
v -0.599610 1.125223 -0.001084
v -0.630146 1.055139 0.001518
v -0.628847 1.064670 0.003969
v -0.621050 1.060458 0.008974
v -0.623216 1.050680 0.006105
v -0.621484 1.059725 0.016781
v -0.623216 1.049781 0.012839
v -0.635344 1.057401 0.005069
v -0.635560 1.065035 0.015931
v -0.634694 1.067524 0.008400
v -0.630146 1.095528 0.015300
v -0.617369 1.120706 0.016226
v -0.616502 1.082934 0.025402
v -0.619534 1.067638 0.010909
v -0.616719 1.079415 0.013841
v -0.551587 1.139577 0.011718
v -0.554843 1.156969 0.030773
v -0.577060 1.139891 -0.016819
v -0.619318 1.120553 0.011809
v -0.615419 1.110938 -0.000467
v -0.618235 1.137789 0.024923
v -0.622783 1.140617 0.018545
v -0.632745 1.092152 0.027063
v -0.618668 1.123215 0.029687
v -0.613471 1.137152 0.031386
v -0.610872 1.119504 0.034509
v -0.606324 1.133372 0.037492
v -0.627764 1.061091 0.019890
v -0.623649 1.088739 0.030812
v -0.572047 1.171334 0.027419
v -0.642274 1.093979 -0.074493
v -0.641408 1.098574 -0.074334
v -0.635343 1.093909 -0.069982
v -0.635560 1.089813 -0.071187
v -0.644223 1.074692 -0.077934
v -0.652236 1.075018 -0.072929
v -0.651803 1.094415 -0.069025
v -0.651370 1.040371 -0.067947
v -0.651586 1.054991 -0.064637
v -0.651153 1.056521 -0.075981
v -0.651153 1.041615 -0.077610
v -0.645306 1.043811 -0.077829
v -0.645306 1.043036 -0.068787
v -0.651586 1.092892 -0.057059
v -0.651803 1.097398 -0.056037
v -0.652019 1.098930 -0.068214
v -0.652236 1.073490 -0.061170
v -0.643356 1.071369 -0.058034
v -0.641624 1.090385 -0.053334
v -0.630579 1.095608 -0.057563
v -0.630363 1.097413 -0.070363
v -0.621050 1.116897 -0.067706
v -0.621484 1.113953 -0.053891
v -0.635344 1.092388 -0.058650
v -0.630146 1.123247 -0.045781
v -0.639242 1.099094 -0.050939
v -0.623432 1.114870 -0.040316
v -0.629713 1.122512 -0.043073
v -0.640974 1.052874 -0.077342
v -0.639242 1.061807 -0.076188
v -0.639458 1.060292 -0.065063
v -0.640974 1.051821 -0.066835
v -0.644223 1.062290 -0.060053
v -0.645523 1.053624 -0.062049
v -0.646172 1.056463 -0.080285
v -0.651586 1.065779 -0.074562
v -0.645089 1.065373 -0.079330
v -0.640325 1.103176 -0.073969
v -0.629930 1.127101 -0.072426
v -0.640541 1.094722 -0.051924
v -0.637943 1.069196 -0.063275
v -0.635560 1.088047 -0.059020
v -0.639675 1.145391 -0.034407
v -0.619148 1.176900 -0.016501
v -0.615747 1.176550 -0.042091
v -0.638809 1.146115 -0.040943
v -0.640108 1.086558 -0.042322
v -0.647688 1.091971 -0.045139
v -0.609356 1.130157 -0.046576
v -0.607623 1.127395 -0.017144
v -0.621700 1.111751 -0.024628
v -0.621267 1.146320 -0.068306
v -0.608706 1.134651 -0.066243
v -0.650936 1.103292 -0.067434
v -0.640758 1.134587 -0.060538
v -0.635993 1.151848 -0.056404
v -0.642491 1.133292 -0.051689
v -0.638376 1.151475 -0.049825
v -0.598392 1.171561 -0.059445
v -0.651586 1.064260 -0.063014
v -0.650720 1.101760 -0.055257
v -0.645956 1.129279 -0.030450
v -0.641317 1.147870 -0.026007
v -0.658516 1.092285 -0.037950
v -0.649637 1.087561 -0.045692
v -0.659816 1.087927 -0.038939
v -0.658300 1.017933 -0.043586
v -0.658516 1.034026 -0.039369
v -0.658949 1.036373 -0.050458
v -0.658949 1.019564 -0.053011
v -0.653102 1.022187 -0.053425
v -0.652452 1.021015 -0.044615
v -0.660032 1.077796 -0.029196
v -0.658733 1.085568 -0.026807
v -0.659383 1.083209 -0.039764
v -0.659816 1.060619 -0.033246
v -0.650503 1.058311 -0.030546
v -0.648121 1.078169 -0.024971
v -0.639242 1.083948 -0.029560
v -0.642923 1.079925 -0.030911
v -0.643790 1.082263 -0.042206
v -0.629930 1.124326 -0.016183
v -0.646389 1.086840 -0.022560
v -0.619534 1.110981 -0.012865
v -0.629280 1.123940 -0.010717
v -0.648771 1.032316 -0.052893
v -0.647255 1.048959 -0.049536
v -0.646388 1.047065 -0.038648
v -0.648121 1.030642 -0.042414
v -0.651153 1.049046 -0.033002
v -0.652236 1.032458 -0.037211
v -0.654185 1.036309 -0.055184
v -0.659816 1.053534 -0.046610
v -0.653319 1.053359 -0.052007
v -0.650287 1.083198 -0.045848
v -0.660682 1.062747 -0.044758
v -0.647471 1.082487 -0.023550
v -0.645522 1.056136 -0.036416
v -0.642274 1.075847 -0.031500
v -0.635127 1.142477 -0.002295
v -0.607646 1.173197 0.008695
v -0.636860 1.142705 -0.010915
v -0.632528 1.084824 -0.015922
v -0.641407 1.090055 -0.015350
v -0.645955 1.128304 -0.021830
v -0.641281 1.146956 -0.019294
v -0.659166 1.051405 -0.035305
v -0.657433 1.089935 -0.026030
v -0.638592 1.126679 0.002675
v -0.633034 1.144418 0.007904
v -0.565393 1.114433 -0.058481
v -0.560412 1.126565 -0.054787
v -0.578910 1.129509 -0.040767
v -0.579903 1.117351 -0.059389
v -0.565393 1.101525 -0.059132
v -0.559545 1.097623 -0.070933
v -0.559112 1.113836 -0.069970
v -0.581419 1.053764 -0.090415
v -0.582718 1.074710 -0.085032
v -0.567125 1.073557 -0.084883
v -0.570807 1.051286 -0.089807
v -0.584667 1.056182 -0.077457
v -0.588349 1.076894 -0.074141
v -0.594846 1.134960 -0.068393
v -0.580102 1.168520 -0.070375
v -0.580769 1.135132 -0.083576
v -0.586400 1.117028 -0.069601
v -0.595496 1.126493 -0.053724
v -0.568858 1.052995 -0.076114
v -0.568425 1.070271 -0.064159
v -0.583585 1.073027 -0.065512
v -0.561278 1.128964 -0.082864
v -0.562578 1.114207 -0.082715
v -0.580769 1.117564 -0.082297
v -0.555473 1.156623 -0.072696
v -0.550787 1.147647 -0.059031
v -0.556947 1.127075 -0.069560
v -0.551046 1.140093 -0.040504
v -0.582068 1.100719 -0.083916
v -0.587916 1.101067 -0.071399
v -0.562361 1.072825 -0.072999
v -0.560195 1.088416 -0.071657
v -0.566043 1.091926 -0.060924
v -0.580769 1.094884 -0.062263
v -0.588349 1.091686 -0.072354
v -0.582285 1.091545 -0.084445
v -0.564743 1.088533 -0.084401
v -0.579686 1.104259 -0.060270
v -0.629713 1.143060 0.013266
v -0.632095 1.124979 0.010519
v -0.563877 1.097535 -0.083895
v -0.627980 1.081347 -0.004723
v -0.631879 1.082576 0.004481
v -0.649204 1.088467 -0.005551
v -0.643573 1.085628 -0.015690
v -0.650720 1.084077 -0.006114
v -0.646389 1.022099 -0.015323
v -0.644006 1.038262 -0.009674
v -0.649854 1.041435 -0.019593
v -0.649854 1.024661 -0.023616
v -0.644440 1.027984 -0.025687
v -0.640974 1.026086 -0.017790
v -0.643140 1.076295 0.002113
v -0.643790 1.080752 0.004196
v -0.649637 1.079415 -0.007791
v -0.644439 1.059905 -0.002504
v -0.636643 1.058296 -0.002907
v -0.634478 1.074304 0.001677
v -0.631662 1.077519 -0.005647
v -0.635344 1.080516 -0.014555
v -0.640758 1.038763 -0.025546
v -0.638809 1.052841 -0.022299
v -0.634477 1.050045 -0.012550
v -0.636643 1.036187 -0.016207
v -0.637509 1.050739 -0.005291
v -0.639025 1.036932 -0.009593
v -0.646822 1.042429 -0.025518
v -0.650070 1.055580 -0.015034
v -0.645522 1.056680 -0.022039
v -0.643140 1.080899 -0.016511
v -0.650720 1.063264 -0.012405
v -0.634477 1.078348 0.003943
v -0.633395 1.057192 -0.010609
v -0.630796 1.073246 -0.006668
v -0.644006 1.052422 -0.005121
v -0.642274 1.084928 0.004751
v -0.582068 1.096166 -0.084917
v -0.588132 1.096261 -0.071775
v -0.564093 1.092970 -0.085098
v -0.579469 1.098954 -0.064249
v -0.566259 1.096383 -0.063083
v -0.559762 1.093021 -0.071297
v -0.637943 1.070720 -0.074818
v -0.643140 1.078214 -0.043427
v -0.652885 1.062644 -0.050390
v -0.646172 1.058269 -0.047721
v -0.635344 1.076469 -0.016820
v -0.644873 1.064451 -0.020064
v -0.637726 1.060418 -0.020341
v -0.627764 1.072043 0.005919
v -0.652452 1.070267 -0.073741
v -0.645089 1.070119 -0.078515
v -0.652452 1.068747 -0.062193
v -0.644440 1.067018 -0.059025
v -0.639892 1.065045 -0.064875
v -0.639892 1.066288 -0.074742
v -0.660682 1.058226 -0.045567
v -0.653752 1.058082 -0.051184
v -0.660032 1.055880 -0.034271
v -0.651586 1.053757 -0.031757
v -0.647471 1.051774 -0.038027
v -0.648338 1.053636 -0.048072
v -0.650720 1.059397 -0.013398
v -0.645955 1.060517 -0.020617
v -0.644656 1.056243 -0.003485
v -0.637509 1.054598 -0.003878
v -0.635127 1.053910 -0.011971
v -0.638592 1.056469 -0.020265
v -0.635993 1.068621 0.018399
v -0.634694 1.071151 0.010228
v -0.627764 1.064709 0.022142
v -0.621267 1.063142 0.018810
v -0.621917 1.064290 0.010399
v -0.628197 1.067658 0.006396
v 0.008630 0.973236 0.015998
v -0.322600 1.457121 0.071518
v -0.351755 1.410456 0.080621
v -0.157697 1.414741 -0.051806
v -0.151247 1.388461 -0.052297
v -0.006574 0.973235 0.015998
v -0.157827 1.447631 -0.034421
v 0.008630 0.973236 0.015998
v 0.173920 1.669967 0.002208
v 0.159144 1.679957 0.021198
v 0.122476 1.654743 -0.018271
v 0.126396 1.665067 -0.020454
v 0.156517 1.559429 -0.064035
v 0.137848 1.544507 -0.086043
v 0.144842 1.530371 -0.071181
v 0.155211 1.551911 -0.043120
v 0.189220 1.566637 -0.051334
v 0.192024 1.578324 -0.052200
v 0.155081 1.573527 -0.065876
v 0.141124 1.608289 -0.048123
v 0.150903 1.587384 -0.063701
v 0.187228 1.594224 -0.048933
v 0.182327 1.612945 -0.042275
v 0.077409 1.684934 0.004561
v 0.119182 1.666293 0.005674
v 0.117059 1.686009 0.030794
v 0.081887 1.703735 0.030921
v 0.040854 1.670101 -0.016470
v 0.038353 1.736119 -0.019599
v 0.046582 1.728804 -0.034272
v 0.040458 1.656246 -0.047215
v 0.053114 1.395645 -0.149987
v 0.051443 1.352787 -0.158080
v 0.068152 1.340026 -0.146297
v 0.077838 1.346475 -0.135259
v 0.052230 1.408875 -0.164738
v 0.020894 1.421602 -0.164520
v 0.017278 1.405606 -0.160151
v 0.043998 1.788389 -0.025421
v 0.040977 1.796354 -0.002000
v 0.046519 1.775447 -0.042066
v 0.048633 1.641671 -0.073715
v 0.091696 1.646297 -0.046980
v 0.081359 1.650245 -0.011859
v 0.055634 1.698523 -0.000055
v 0.049025 1.742970 0.022872
v 0.045496 1.770473 0.012947
v 0.045842 1.753935 -0.008645
v 0.118619 1.315883 -0.075428
v 0.136624 1.340042 -0.044730
v 0.142849 1.357807 -0.042708
v 0.131692 1.327920 -0.078875
v 0.118914 1.325973 -0.110335
v 0.109444 1.316049 -0.109030
v 0.013050 1.494378 -0.159815
v 0.016290 1.468140 -0.163236
v 0.045276 1.455248 -0.162213
v 0.049989 1.486429 -0.161237
v 0.109353 1.533479 -0.125688
v 0.111280 1.501750 -0.135098
v 0.127613 1.509933 -0.108427
v 0.122989 1.545569 -0.102741
v 0.110719 1.461341 -0.140137
v 0.122153 1.473189 -0.118485
v 0.153486 1.459231 -0.012729
v 0.147301 1.483161 -0.004176
v 0.144391 1.494504 -0.031973
v 0.146515 1.467008 -0.044788
v 0.039329 1.722325 -0.046799
v 0.030255 1.655086 -0.061734
v 0.034227 1.772867 -0.045765
v 0.083463 1.365279 -0.153490
v 0.088775 1.335270 -0.126533
v 0.100895 1.343541 -0.134136
v 0.021578 1.357092 -0.163995
v 0.146098 1.512725 -0.029734
v 0.143323 1.522745 -0.053484
v 0.140129 1.506890 -0.064353
v 0.136686 1.498128 -0.073991
v 0.083529 1.581604 -0.104423
v 0.088059 1.604210 -0.087979
v 0.058936 1.605484 -0.100459
v 0.055170 1.591949 -0.116827
v 0.085257 1.564518 -0.119398
v 0.108980 1.555206 -0.108566
v 0.111018 1.298062 -0.105704
v 0.117258 1.298574 -0.072683
v 0.089789 1.314489 -0.116410
v 0.091852 1.286807 -0.112725
v 0.115992 1.269710 -0.102487
v 0.127896 1.457717 -0.105235
v 0.117235 1.455036 -0.130167
v 0.124746 1.421631 -0.121825
v 0.133112 1.419140 -0.101078
v 0.020001 1.602543 -0.110144
v 0.018999 1.593237 -0.121236
v 0.066938 1.568948 -0.127957
v 0.051347 1.577275 -0.128661
v 0.069196 1.287708 -0.135698
v 0.062375 1.270947 -0.137777
v 0.070431 1.243454 -0.131184
v 0.077117 1.244752 -0.125438
v 0.063569 1.307568 -0.143970
v 0.046991 1.303069 -0.149632
v 0.045621 1.286727 -0.144615
v 0.026655 1.284022 -0.145376
v 0.026903 1.277567 -0.149069
v 0.044888 1.274125 -0.144321
v 0.009800 1.280266 -0.144054
v 0.122987 1.267956 -0.067945
v 0.120974 1.281170 -0.040143
v 0.132082 1.317693 -0.043137
v 0.026896 1.301244 -0.154593
v 0.114628 1.233500 -0.098901
v 0.126194 1.236897 -0.067181
v 0.092396 1.239018 -0.107031
v 0.079797 1.197345 -0.115250
v 0.067913 1.214222 -0.122220
v 0.053490 1.214917 -0.132904
v 0.056441 1.199871 -0.122790
v 0.072471 1.171311 -0.118138
v 0.069884 1.137733 -0.119065
v 0.079516 1.145579 -0.112254
v 0.028198 1.203936 -0.135409
v 0.027261 1.214324 -0.139240
v 0.006745 1.217355 -0.143625
v 0.004711 1.207866 -0.141769
v 0.030198 1.189776 -0.138863
v 0.056908 1.183133 -0.128995
v 0.120801 1.210560 -0.097347
v 0.123624 1.180949 -0.094469
v 0.147757 1.206230 -0.070189
v 0.140877 1.223050 -0.068868
v 0.092658 1.216058 -0.104285
v 0.096943 1.163253 -0.096449
v 0.143958 1.216572 -0.036028
v 0.136584 1.235607 -0.036025
v 0.133628 1.259007 -0.040481
v 0.027025 1.245802 -0.147637
v 0.005625 1.249583 -0.143327
v 0.052627 1.244220 -0.138059
v 0.129209 1.632575 -0.050658
v 0.130910 1.654694 -0.046369
v 0.098728 1.642890 -0.072386
v 0.097531 1.628089 -0.070484
v 0.060018 1.633766 -0.088859
v 0.061775 1.621157 -0.087217
v 0.005375 1.186341 -0.139381
v 0.008627 1.174908 -0.139276
v 0.010407 1.189605 -0.142356
v 0.106912 1.570011 -0.097141
v 0.117022 1.596019 -0.074967
v 0.119586 1.562337 -0.093800
v 0.131006 1.576819 -0.078056
v 0.076997 1.334378 -0.136501
v 0.012014 1.301777 -0.148737
v 0.024030 1.442376 -0.169043
v 0.021519 1.429771 -0.166044
v 0.053309 1.419412 -0.165879
v 0.055956 1.432135 -0.165864
v 0.050768 1.444711 -0.158502
v 0.019276 1.454229 -0.160795
v 0.085012 1.376849 -0.158548
v 0.085949 1.409674 -0.157194
v 0.105431 1.358932 -0.139789
v 0.109362 1.394246 -0.141382
v 0.131926 1.368888 -0.113731
v 0.125228 1.340515 -0.112783
v 0.134746 1.348981 -0.077386
v 0.136527 1.368168 -0.077442
v 0.142562 1.373322 -0.039893
v 0.143225 1.382446 -0.042268
v 0.142573 1.402153 -0.073741
v 0.128643 1.330715 -0.020174
v 0.141865 1.358371 -0.022135
v 0.152474 1.430472 -0.025075
v 0.147552 1.436888 0.009156
v 0.144604 1.464354 0.016999
v 0.147493 1.416728 0.003962
v 0.147665 1.398054 -0.041146
v 0.141733 1.509606 -0.000003
v 0.140554 1.484842 0.021876
v 0.155739 1.549156 0.007898
v 0.142968 1.665007 0.060689
v 0.118982 1.677833 0.062836
v 0.132962 1.673014 0.026267
v 0.180997 1.671312 0.033681
v 0.168971 1.661153 0.059400
v 0.099530 1.686141 0.060037
v 0.039476 1.744974 0.048738
v 0.038001 1.778110 0.035087
v 0.076300 1.691914 0.057197
v 0.048648 1.718819 0.054847
v 0.037432 1.796831 0.022287
v 0.093862 1.652654 -0.059402
v 0.030417 1.633929 -0.077910
v 0.027209 1.641985 -0.083486
v 0.050544 1.644015 -0.078737
v 0.131371 1.270653 -0.008851
v 0.125129 1.293251 -0.016075
v 0.128592 1.234804 -0.004022
v 0.133626 1.216809 -0.003684
v 0.014662 1.630073 -0.078271
v 0.016628 1.629137 -0.081432
v 0.027268 1.635793 -0.090324
v 0.029007 1.717027 -0.046998
v 0.020804 1.713566 -0.049115
v 0.019498 1.679071 -0.048447
v 0.022864 1.656910 -0.056535
v 0.027169 1.741408 -0.049795
v 0.031794 1.742236 -0.045368
v 0.029016 1.771730 -0.051344
v 0.046251 1.749196 -0.030736
v 0.041191 1.743966 -0.045276
v 0.026074 1.757351 -0.064021
v 0.021664 1.738132 -0.054759
v 0.015049 1.573992 -0.133713
v 0.011730 1.653322 -0.050629
v 0.012455 1.637869 -0.065238
v 0.022222 1.640736 -0.068137
v 0.011639 1.673323 -0.050133
v 0.020980 1.747680 -0.073949
v 0.021217 1.731710 -0.066075
v 0.013790 1.742195 -0.079300
v 0.014186 1.726506 -0.074491
v 0.017569 1.623401 -0.088708
v 0.027679 1.618599 -0.092549
v 0.014743 1.614539 -0.097124
v 0.014878 1.713067 -0.063358
v 0.073876 1.451254 -0.159334
v 0.079802 1.485824 -0.159151
v 0.050263 1.519903 -0.153916
v 0.015189 1.522374 -0.152693
v 0.094524 1.455405 -0.154186
v 0.097924 1.494569 -0.150002
v 0.078644 1.522840 -0.151114
v 0.003493 1.222428 -0.142427
v 0.144482 1.513556 0.034989
v 0.155399 1.542361 0.043826
v 0.124393 1.636439 0.089233
v 0.099814 1.642749 0.092668
v 0.147842 1.620734 0.075392
v 0.155911 1.574639 0.077582
v 0.161243 1.522610 0.068003
v 0.142350 1.529185 0.094601
v 0.135376 1.580328 0.095885
v 0.189174 1.596084 0.082580
v 0.199446 1.580139 0.083536
v 0.179527 1.564165 0.081187
v 0.072885 1.647095 0.099020
v 0.111296 1.587963 0.100543
v 0.085049 1.588069 0.109616
v 0.112076 1.440914 0.061003
v 0.115150 1.407074 0.059156
v 0.081014 1.401463 0.067616
v 0.081314 1.434050 0.077368
v 0.079922 1.464845 0.079927
v 0.109645 1.477254 0.071333
v 0.146051 1.453653 0.031134
v 0.134911 1.455109 0.048443
v 0.133555 1.476898 0.058690
v 0.146780 1.473630 0.036934
v 0.143128 1.429965 0.029955
v 0.101980 1.218347 0.039957
v 0.106764 1.269194 0.036090
v 0.121446 1.272157 0.018743
v 0.117507 1.225165 0.019506
v 0.099365 1.193874 0.048995
v 0.076216 1.189069 0.057999
v 0.081488 1.209846 0.053245
v 0.142943 1.395468 0.021110
v 0.138156 1.365163 0.012522
v 0.126222 1.376065 0.035819
v 0.130685 1.402336 0.042876
v 0.123114 1.332061 0.007923
v 0.113609 1.376784 0.045581
v 0.107938 1.335889 0.017728
v 0.075204 1.327605 0.042582
v 0.080605 1.371311 0.056455
v 0.040849 1.585623 0.113361
v 0.137758 1.494568 0.075440
v 0.161825 1.493914 0.050064
v 0.023792 1.780021 0.044512
v 0.022408 1.795955 0.032210
v 0.023360 1.743859 0.063394
v 0.027303 1.714043 0.077832
v 0.067744 1.650414 0.093357
v 0.041029 1.656467 0.097734
v 0.052937 1.462097 0.082009
v 0.049777 1.469296 0.101641
v 0.077569 1.471920 0.097531
v 0.057725 1.399142 0.070476
v 0.058348 1.436420 0.076948
v 0.054607 1.325434 0.050877
v 0.058570 1.369801 0.062190
v 0.082866 1.252957 0.050587
v 0.058417 1.181399 0.064780
v 0.062099 1.196696 0.061766
v 0.063571 1.237113 0.057009
v 0.107689 1.484111 0.086827
v 0.108709 1.527938 0.101565
v 0.142361 1.414933 0.024871
v 0.133330 1.427915 0.046474
v 0.146645 1.386287 -0.008125
v 0.101422 1.299495 0.018917
v 0.075879 1.281922 0.038264
v 0.116655 1.299576 0.007267
v 0.061446 1.272734 0.044986
v 0.120822 1.200253 0.029140
v 0.079069 1.526360 0.109545
v 0.038219 1.524222 0.119102
v 0.148534 1.406088 0.001081
v 0.023627 1.467793 0.079290
v 0.009604 1.463439 0.085863
v 0.009262 1.480168 0.080295
v 0.021368 1.483082 0.099189
v 0.044253 1.466125 0.081977
v 0.037853 1.436613 0.078094
v 0.021929 1.434805 0.069211
v 0.043674 1.480278 0.095935
v 0.015575 1.668081 0.096703
v 0.038559 1.585190 0.106960
v 0.028797 1.581868 0.110176
v 0.024888 1.181451 0.065184
v 0.020374 1.219276 0.058115
v 0.039027 1.182723 0.056727
v 0.039019 1.168721 0.062454
v 0.022771 1.156952 0.068976
v 0.012470 1.367197 0.071172
v 0.020941 1.367739 0.058863
v 0.020176 1.317914 0.056013
v 0.012344 1.316955 0.066573
v 0.038646 1.322142 0.063661
v 0.039306 1.367816 0.066119
v 0.036528 1.527204 0.110544
v 0.021839 1.530479 0.116398
v 0.039405 1.221799 0.052299
v 0.010922 1.433511 0.081537
v 0.038470 1.398878 0.063026
v 0.020412 1.399360 0.063741
v 0.010390 1.399482 0.073177
v 0.184957 1.645678 0.061085
v 0.168314 1.618759 0.077828
v 0.148247 1.374457 -0.020182
v 0.171830 1.530840 0.042945
v 0.165689 1.552111 0.002130
v 0.511645 1.269507 -0.021187
v 0.532111 1.287327 -0.028884
v 0.501441 1.303516 -0.027626
v 0.496311 1.298988 -0.025785
v 0.479100 1.314916 -0.025017
v 0.472150 1.301300 -0.022520
v 0.520322 1.261634 0.036543
v 0.511346 1.253675 0.023088
v 0.460942 1.292068 0.036481
v 0.482181 1.301507 0.051515
v 0.551139 1.217633 0.028593
v 0.542089 1.211330 0.014158
v 0.544508 1.271719 0.027767
v 0.572538 1.237444 0.019834
v 0.512403 1.253384 -0.000202
v 0.541350 1.211118 -0.004437
v 0.544826 1.222713 -0.026245
v 0.200905 1.631663 0.064080
v 0.186902 1.616888 0.080952
v 0.308063 1.476952 0.080783
v 0.312972 1.451857 0.073117
v 0.306456 1.435196 0.053737
v 0.280448 1.440738 0.055686
v 0.310245 1.437113 -0.016336
v 0.261931 1.472930 -0.020820
v 0.246398 1.468858 0.001064
v 0.298219 1.433370 0.007683
v 0.349814 1.412491 -0.012682
v 0.357206 1.429551 -0.022687
v 0.327194 1.455510 -0.029910
v 0.286058 1.490181 -0.033118
v 0.336256 1.469541 -0.024773
v 0.301309 1.501986 -0.030522
v 0.237529 1.475313 0.058612
v 0.265950 1.508683 0.087702
v 0.304126 1.422371 0.017652
v 0.285192 1.437100 0.018548
v 0.410539 1.362842 0.071884
v 0.438277 1.333904 0.065732
v 0.416966 1.326240 0.049432
v 0.377235 1.349616 0.050384
v 0.427661 1.373506 0.069721
v 0.493933 1.335961 0.037673
v 0.477511 1.327037 0.051615
v 0.398952 1.351035 -0.018295
v 0.434378 1.329779 -0.020376
v 0.450234 1.338788 -0.020866
v 0.412948 1.361623 -0.013374
v 0.375509 1.370120 -0.012659
v 0.356458 1.366487 0.017650
v 0.383876 1.345473 0.013645
v 0.420956 1.321790 0.010430
v 0.350356 1.378821 0.048288
v 0.365318 1.395074 0.072828
v 0.469485 1.288349 0.000495
v 0.243326 1.525849 -0.035328
v 0.261309 1.538874 -0.030562
v 0.234758 1.551375 -0.029057
v 0.212371 1.547169 -0.037483
v 0.196786 1.537192 -0.034458
v 0.221647 1.513165 -0.030056
v 0.232127 1.529653 0.086187
v 0.205921 1.499702 0.052188
v 0.182932 1.520340 0.044107
v 0.208428 1.558995 0.079266
v 0.238971 1.468294 0.017899
v 0.205597 1.496839 0.010712
v 0.195992 1.516169 -0.005859
v 0.212266 1.500954 -0.006235
v 0.338800 1.408100 0.011523
v 0.333738 1.404441 0.020057
v 0.234788 1.559658 -0.028476
v 0.218930 1.567895 -0.040332
v 0.210353 1.554147 -0.040712
v 0.230815 1.554915 -0.029712
v 0.207546 1.567810 -0.047013
v 0.178200 1.551053 -0.038944
v 0.187950 1.546089 -0.034363
v 0.180873 1.529932 -0.000936
v 0.281164 1.555348 0.070960
v 0.256359 1.571044 0.063648
v 0.213913 1.615373 0.065949
v 0.228275 1.601368 0.067391
v 0.363241 1.403201 -0.008794
v 0.378939 1.411617 -0.014939
v 0.340661 1.394248 0.046698
v 0.324715 1.413256 0.049297
v 0.340062 1.435293 0.074923
v 0.347609 1.405314 0.068312
v 0.347683 1.382878 0.020457
v 0.350186 1.398215 0.011571
v 0.396108 1.398568 0.072485
v 0.357654 1.442976 0.075542
v 0.371216 1.430396 0.077727
v 0.363096 1.416049 0.084451
v 0.334294 1.462828 0.076268
v 0.353072 1.465993 0.062892
v 0.368470 1.465817 0.052597
v 0.363226 1.447883 -0.016866
v 0.392114 1.393130 -0.010028
v 0.392806 1.377757 -0.008021
v 0.557940 1.235426 -0.037464
v 0.574208 1.253548 -0.017787
v 0.550827 1.295499 0.002411
v 0.547154 1.292727 -0.018196
v 0.507433 1.343066 0.012569
v 0.512023 1.343072 -0.008833
v 0.382771 1.423712 -0.015671
v 0.220418 1.578256 -0.043673
v 0.206935 1.618756 -0.039332
v 0.213843 1.596884 -0.040744
v 0.231118 1.602267 -0.036372
v 0.221149 1.623453 -0.034841
v 0.343988 1.477937 -0.013504
v 0.312630 1.510055 -0.017769
v 0.343028 1.481300 0.067797
v 0.307918 1.527039 0.070661
v 0.433943 1.421329 -0.012307
v 0.454925 1.365098 -0.031155
v 0.468826 1.389267 -0.019453
v 0.441692 1.429605 -0.000116
v 0.431022 1.427989 0.036296
v 0.393700 1.442261 0.056499
v 0.418795 1.448648 0.011714
v 0.471799 1.395481 0.003294
v 0.463798 1.388848 0.026382
v 0.410558 1.416188 0.059743
v 0.546362 1.289285 0.015152
v 0.203206 1.652091 -0.021922
v 0.201487 1.660043 -0.000697
v 0.178607 1.656703 -0.027628
v 0.196292 1.656930 0.038062
v 0.212133 1.641790 0.040437
v 0.219049 1.647423 -0.002411
v 0.217178 1.646345 0.018092
v 0.200392 1.660114 0.017980
v 0.182594 1.672474 0.017761
v 0.447375 1.382162 0.051291
v 0.260701 1.595797 0.036342
v 0.269557 1.567881 0.021815
v 0.244919 1.588283 0.067340
v 0.229282 1.626803 0.041506
v 0.246401 1.612296 0.041035
v 0.230445 1.628677 -0.022246
v 0.241027 1.608385 -0.024201
v 0.248227 1.611283 -0.003283
v 0.234995 1.631476 -0.003238
v 0.234523 1.630975 0.018032
v 0.387804 1.468358 0.017581
v 0.405116 1.457840 0.014689
v 0.376661 1.456043 0.056264
v 0.410165 1.436139 -0.010970
v 0.397021 1.438178 -0.007872
v 0.584326 1.242207 -0.002003
v 0.181550 1.638488 -0.038625
v 0.207211 1.636865 -0.033057
v 0.380671 1.416890 0.077102
v 0.314636 1.522849 0.041233
v 0.349042 1.490200 0.043414
v 0.273061 1.541881 -0.018681
v 0.359436 1.467637 0.009221
v 0.349926 1.490100 0.018708
v 0.313352 1.511947 0.017519
v 0.315685 1.511024 0.008448
v 0.507203 1.340274 -0.021633
v 0.371077 1.451708 -0.013427
v 0.369216 1.478594 0.020942
v 0.358618 1.474406 0.049514
v 0.405413 1.396188 -0.018231
v 0.414443 1.372247 -0.018363
v 0.454805 1.344845 -0.024359
v 0.491265 1.333847 -0.031106
v 0.483895 1.320198 -0.026870
v 0.313615 1.512312 -0.002586
v 0.349094 1.480255 -0.000933
v 0.376694 1.454391 -0.000820
v 0.273157 1.542595 -0.009845
v 0.265045 1.556206 -0.003266
v 0.245919 1.561688 -0.024103
v 0.217044 1.643670 -0.021471
v 0.176374 0.536419 -0.057854
v 0.177148 0.537920 -0.083576
v 0.170291 0.555570 -0.090272
v 0.158743 0.560153 -0.064632
v 0.188648 0.494987 -0.047923
v 0.202979 0.488725 -0.050221
v 0.195720 0.519055 -0.065101
v 0.131713 0.555255 -0.035228
v 0.151279 0.557350 -0.044956
v 0.135483 0.593354 -0.065364
v 0.118175 0.587418 -0.055727
v 0.166471 0.508832 -0.028075
v 0.168354 0.518417 -0.030936
v 0.152505 0.520755 -0.022000
v 0.219845 0.529429 -0.047266
v 0.212185 0.531257 -0.078064
v 0.202615 0.527525 -0.082208
v 0.207184 0.519318 -0.053832
v 0.230880 0.494792 -0.021900
v 0.232840 0.516578 -0.016134
v 0.224104 0.495019 -0.034675
v 0.251191 0.407305 0.005113
v 0.253921 0.333685 0.018670
v 0.274808 0.372267 0.045982
v 0.269926 0.437812 0.036251
v 0.235368 0.492312 -0.013171
v 0.244812 0.400731 -0.008234
v 0.191786 0.175035 -0.006646
v 0.186561 0.159542 -0.003353
v 0.200934 0.141051 -0.037419
v 0.200793 0.174285 -0.028315
v 0.196534 0.119963 -0.049067
v 0.222595 0.131487 -0.057533
v 0.220349 0.147433 -0.046285
v 0.235436 0.143798 -0.027744
v 0.231291 0.176319 -0.017848
v 0.225292 0.177659 -0.028562
v 0.228804 0.147423 -0.039138
v 0.247857 0.125740 -0.036250
v 0.255106 0.114298 -0.008668
v 0.240592 0.135212 -0.003021
v 0.131547 0.417160 0.036177
v 0.137641 0.422948 0.084236
v 0.155809 0.349507 0.084578
v 0.153088 0.331663 0.045405
v 0.135564 0.483562 0.032206
v 0.134753 0.491263 0.061372
v 0.174768 0.222064 0.042837
v 0.177879 0.221523 0.024240
v 0.175406 0.275948 0.023771
v 0.170948 0.280128 0.049696
v 0.174453 0.163150 0.039742
v 0.177745 0.163992 0.020406
v 0.177610 0.222523 0.064127
v 0.176662 0.163548 0.060259
v 0.238798 0.207767 0.013982
v 0.242303 0.277149 0.027416
v 0.237841 0.262510 -0.005694
v 0.235693 0.212015 -0.010505
v 0.242517 0.313079 -0.008477
v 0.232577 0.311277 -0.018102
v 0.230065 0.261528 -0.017887
v 0.208161 0.271569 -0.021669
v 0.203725 0.217582 -0.023850
v 0.220008 0.214444 -0.029240
v 0.220808 0.262681 -0.026102
v 0.209743 0.319887 -0.024003
v 0.202500 0.324244 -0.006935
v 0.200394 0.278573 -0.004877
v 0.159091 0.307006 0.045064
v 0.169720 0.295428 0.018527
v 0.166680 0.318916 0.014872
v 0.162935 0.296973 0.046557
v 0.170104 0.285017 0.021342
v 0.234923 0.169138 0.005788
v 0.232101 0.164771 0.031453
v 0.238687 0.211544 0.040004
v 0.251752 0.104460 0.026768
v 0.236357 0.128572 0.026631
v 0.185295 0.131647 -0.008951
v 0.175877 0.109596 -0.014191
v 0.184620 0.171498 0.002073
v 0.170489 0.119943 0.043594
v 0.160080 0.090982 0.044458
v 0.162003 0.098727 0.018643
v 0.173654 0.123561 0.018325
v 0.026096 0.973225 -0.048643
v 0.044398 0.992160 -0.077850
v 0.036971 0.981036 -0.091945
v 0.029354 0.968792 -0.067925
v 0.034309 0.980146 -0.052589
v 0.059121 0.993233 -0.078756
v 0.128462 1.158929 -0.095076
v 0.126867 1.130417 -0.095760
v 0.148686 1.153471 -0.071748
v 0.151886 1.192473 -0.073642
v 0.097106 1.105102 -0.094102
v 0.095468 1.127509 -0.095195
v 0.051719 1.012462 -0.099559
v 0.078588 1.015695 -0.089967
v 0.064337 1.035340 -0.095112
v 0.039292 1.042324 -0.111260
v 0.039080 1.004306 -0.101722
v 0.018712 0.956659 -0.069412
v 0.016993 0.954709 -0.048258
v 0.026300 0.974774 -0.107802
v 0.042641 1.095078 -0.121160
v 0.070678 1.106070 -0.113297
v 0.048714 1.135200 -0.124653
v 0.042321 1.064517 -0.114481
v 0.079858 1.074283 -0.101712
v 0.157808 1.200333 -0.037495
v 0.162417 1.167881 -0.036864
v 0.021258 1.143155 -0.134621
v 0.011912 1.091295 -0.127675
v 0.089719 0.805448 -0.061538
v 0.080398 0.799375 -0.046188
v 0.093870 0.768015 -0.047446
v 0.103409 0.762120 -0.055427
v 0.228822 0.808363 -0.065322
v 0.216578 0.892184 -0.062277
v 0.201003 0.899447 -0.081650
v 0.205197 0.816322 -0.088090
v 0.235372 0.789465 -0.030068
v 0.223099 0.887505 -0.039469
v 0.191691 0.834997 -0.123737
v 0.174589 0.909246 -0.122295
v 0.156007 0.902334 -0.126532
v 0.164118 0.829275 -0.134055
v 0.174596 0.779897 -0.132875
v 0.195628 0.779982 -0.120550
v 0.202023 0.832949 -0.115843
v 0.186432 0.913989 -0.117900
v 0.137630 0.632197 -0.089165
v 0.118876 0.626986 -0.069173
v 0.108584 0.587311 -0.026546
v 0.122605 0.553744 -0.008081
v 0.224780 0.599083 -0.060970
v 0.217631 0.639694 -0.072836
v 0.208414 0.625998 -0.105857
v 0.220389 0.596082 -0.084948
v 0.231532 0.586396 -0.023477
v 0.229377 0.616910 -0.029416
v 0.224422 0.550758 -0.057968
v 0.229396 0.545953 -0.035039
v 0.212826 0.585872 -0.093232
v 0.216479 0.549089 -0.072830
v 0.014056 1.063063 -0.124544
v 0.003477 1.169681 -0.140255
v 0.020029 1.047406 -0.127818
v 0.026309 1.003484 -0.120400
v 0.100332 0.741144 -0.056331
v 0.089114 0.745103 -0.043437
v 0.091846 0.702087 -0.044261
v 0.097414 0.706834 -0.063534
v 0.232847 0.759596 -0.066531
v 0.234804 0.734297 -0.022729
v 0.185359 0.705094 -0.123379
v 0.195515 0.704463 -0.113757
v 0.201891 0.774104 -0.111003
v 0.099639 0.668841 -0.045651
v 0.104926 0.675631 -0.065733
v 0.107145 0.691604 -0.068696
v 0.108687 0.737650 -0.062186
v 0.230140 0.698206 -0.066057
v 0.226599 0.691884 -0.022678
v 0.198497 0.700498 -0.107219
v 0.160833 0.618531 -0.112618
v 0.147975 0.587227 -0.081710
v 0.162926 0.586524 -0.098465
v 0.186737 0.582831 -0.103864
v 0.178808 0.620196 -0.121941
v 0.109282 0.624398 -0.040185
v 0.192792 0.649899 -0.096298
v 0.193626 0.643034 -0.103898
v 0.198256 0.656893 -0.091974
v 0.213622 0.695876 -0.086241
v 0.203503 0.697129 -0.101484
v 0.223741 0.667558 -0.071114
v 0.187065 0.638641 -0.109910
v 0.194854 0.623279 -0.117145
v 0.026548 0.963243 -0.009271
v 0.217408 0.177523 -0.035187
v 0.221672 0.311501 -0.026143
v 0.191053 0.529389 -0.085548
v 0.144992 0.822870 -0.125864
v 0.138085 0.824548 -0.121577
v 0.149691 0.769008 -0.124057
v 0.155970 0.773130 -0.124950
v 0.139773 0.900748 -0.123279
v 0.164714 0.695308 -0.121070
v 0.172657 0.701369 -0.119886
v 0.190322 0.548186 -0.093810
v 0.202574 0.582518 -0.099169
v 0.169333 0.654666 -0.115377
v 0.179175 0.659678 -0.112428
v 0.154859 0.653639 -0.107926
v 0.178004 0.638053 -0.114323
v 0.087931 0.946307 -0.095076
v 0.097049 0.969581 -0.098636
v 0.052657 0.974369 -0.076568
v 0.063025 0.945656 -0.079003
v 0.065027 0.987713 -0.084450
v 0.104716 0.802204 -0.073272
v 0.092328 0.886213 -0.078996
v 0.070776 0.889986 -0.060085
v 0.110791 0.814332 -0.096102
v 0.102797 0.890701 -0.095357
v 0.111877 0.735771 -0.077663
v 0.116910 0.744391 -0.107294
v 0.123217 0.673017 -0.082884
v 0.138015 0.676981 -0.109975
v 0.141295 0.647732 -0.097166
v 0.045384 0.948841 -0.052033
v 0.033999 0.933880 -0.018372
v 0.056848 0.879794 -0.030845
v 0.189083 0.980133 -0.062934
v 0.179131 0.985517 -0.078955
v 0.151032 0.963278 -0.120124
v 0.139141 0.955074 -0.122223
v 0.128958 0.902524 -0.118186
v 0.200892 0.399082 -0.034380
v 0.212566 0.392648 -0.034249
v 0.194353 0.401868 -0.021412
v 0.225373 0.392569 -0.025699
v 0.237878 0.394860 -0.016797
v 0.192172 0.662890 -0.103059
v 0.193476 0.660314 -0.097078
v 0.187054 0.662464 -0.109105
v 0.180117 0.495139 -0.034931
v 0.234701 0.547149 -0.007890
v 0.238399 0.520380 0.002627
v 0.205691 0.547329 -0.086838
v 0.165947 1.060487 -0.060011
v 0.155280 1.105231 -0.055914
v 0.147604 1.102994 -0.070050
v 0.157827 1.057830 -0.075403
v 0.196380 0.976962 -0.043926
v 0.195555 0.985474 -0.028405
v 0.135382 0.997700 -0.116177
v 0.129869 1.036075 -0.114827
v 0.121226 1.021436 -0.109630
v 0.127642 0.989540 -0.115402
v 0.151245 1.015393 -0.113771
v 0.141623 1.040523 -0.112706
v 0.120306 0.987405 -0.114307
v 0.114276 1.006913 -0.109170
v 0.090482 0.987190 -0.098032
v 0.088701 1.004145 -0.096955
v 0.104366 1.035633 -0.102326
v 0.108738 0.990471 -0.109043
v 0.124104 0.554650 0.016968
v 0.135424 0.518748 0.025810
v 0.139815 0.520504 0.002904
v 0.112135 0.590123 0.002771
v 0.110346 0.622329 -0.010219
v 0.086828 0.742538 -0.016658
v 0.096616 0.692127 -0.016116
v 0.074971 0.791704 -0.034003
v 0.073342 0.780959 -0.001580
v 0.055884 0.869730 -0.013432
v 0.038806 0.922073 -0.002303
v 0.058083 0.913418 0.030306
v 0.071235 0.854760 0.021846
v 0.036537 0.962952 0.023854
v 0.047649 0.936441 0.025445
v 0.031302 0.941525 -0.005217
v 0.038035 0.967097 -0.049072
v 0.195331 0.220916 -0.003946
v 0.229140 0.213855 -0.021621
v 0.248705 0.500151 0.011273
v 0.258124 0.453132 0.069070
v 0.242530 0.503461 0.044481
v 0.224892 0.546079 0.012621
v 0.222685 0.577334 -0.000904
v 0.231729 0.216158 0.057371
v 0.246684 0.309181 0.063062
v 0.247971 0.299330 0.046513
v 0.262452 0.329200 0.043531
v 0.248139 0.299682 0.024098
v 0.257392 0.341233 0.068271
v 0.264848 0.391290 0.074359
v 0.218892 0.123259 0.048868
v 0.220689 0.164339 0.049289
v 0.225505 0.094238 0.052062
v 0.151977 1.182629 0.000686
v 0.231837 0.791519 -0.012830
v 0.232991 0.783094 0.011818
v 0.218033 0.886669 0.001403
v 0.221492 0.888035 -0.022738
v 0.233301 0.742111 -0.004041
v 0.221185 0.602181 -0.006737
v 0.217881 0.619823 -0.007397
v 0.224535 0.636292 -0.019857
v 0.224050 0.660360 -0.029074
v 0.230413 0.743563 0.014140
v 0.224851 0.699867 -0.003945
v 0.223598 0.693633 0.008385
v 0.223377 0.657743 -0.011776
v 0.222104 0.639174 -0.000454
v 0.164477 1.060480 -0.031879
v 0.155245 1.097505 -0.032270
v 0.164457 1.046347 -0.002760
v 0.160045 1.068120 0.001061
v 0.247659 0.318808 0.005808
v 0.242255 0.278222 0.017048
v 0.151318 0.398890 0.000043
v 0.166527 0.315995 0.074130
v 0.183323 0.222039 0.005872
v 0.185776 0.284840 0.005580
v 0.185085 0.305321 0.002269
v 0.185383 0.325377 -0.000963
v 0.184983 0.295940 0.004492
v 0.174984 0.396374 -0.013762
v 0.152992 0.476188 -0.017927
v 0.138971 0.478327 0.011221
v 0.164569 0.481680 -0.028022
v 0.173134 0.118678 0.066996
v 0.214042 0.490940 -0.043654
v 0.147537 1.131874 -0.069292
v 0.156743 1.142074 -0.035324
v 0.150865 1.123316 0.002871
v 0.151950 1.147064 0.005783
v 0.136862 1.088325 -0.086934
v 0.133020 1.111889 -0.086396
v 0.122825 1.097890 -0.098344
v 0.126934 1.074819 -0.102450
v 0.156321 1.124912 -0.034276
v 0.155079 1.094832 0.001717
v 0.151094 1.122417 -0.067038
v 0.127717 0.954675 -0.119928
v 0.164940 0.975931 -0.117125
v 0.204486 0.961827 -0.026402
v 0.089575 1.050034 -0.093034
v 0.115646 1.051831 -0.103575
v 0.106574 1.074495 -0.095752
v 0.153885 1.037700 -0.102602
v 0.229459 0.522535 0.026654
v 0.219332 0.528099 0.042663
v 0.216141 0.549508 0.026762
v 0.210772 0.579992 0.010501
v 0.150867 0.550314 0.053168
v 0.153346 0.525688 0.065461
v 0.146652 0.521937 0.062156
v 0.143931 0.549304 0.046170
v 0.140252 0.580019 0.034240
v 0.149106 0.579684 0.039018
v 0.160272 0.437580 0.098403
v 0.173103 0.370819 0.105091
v 0.152947 0.491680 0.077037
v 0.173556 0.490698 0.078378
v 0.180712 0.442917 0.092637
v 0.232236 0.387625 0.098727
v 0.226959 0.449308 0.093796
v 0.189133 0.221579 0.075261
v 0.178969 0.289591 0.070421
v 0.193798 0.301701 0.076301
v 0.185687 0.164832 0.075123
v 0.215062 0.219743 0.068812
v 0.232070 0.311297 0.074932
v 0.206222 0.166091 0.066099
v 0.233385 0.342141 0.089033
v 0.181315 0.331481 0.091993
v 0.192589 0.379861 0.101007
v 0.198333 0.343926 0.093181
v 0.185992 0.317090 0.078439
v 0.171939 0.304513 0.068483
v 0.200660 0.090543 0.082068
v 0.201848 0.120641 0.071184
v 0.212689 0.752405 0.033969
v 0.214458 0.789664 0.037044
v 0.096798 0.773558 0.029060
v 0.089127 0.859628 0.056964
v 0.115866 0.863356 0.064797
v 0.124137 0.776478 0.029207
v 0.135831 0.737449 0.034678
v 0.112265 0.731170 0.028519
v 0.138270 0.871622 0.061315
v 0.142323 0.782937 0.031951
v 0.201583 0.887962 0.026912
v 0.182826 0.794735 0.049444
v 0.176669 0.883313 0.047166
v 0.129081 0.584566 0.021432
v 0.126332 0.603072 0.014280
v 0.137344 0.598320 0.025326
v 0.134083 0.552056 0.034161
v 0.207272 0.584424 0.024070
v 0.208156 0.553895 0.040828
v 0.196862 0.553228 0.042293
v 0.193343 0.586791 0.016292
v 0.162687 0.557814 0.042835
v 0.162794 0.545604 0.055855
v 0.158016 0.580548 0.028826
v 0.146506 0.602501 0.028544
v 0.168792 1.029748 0.033369
v 0.167878 1.045281 0.038551
v 0.162017 0.962480 0.033194
v 0.161044 1.000836 0.039673
v 0.178961 0.976327 0.016611
v 0.127391 0.964541 0.063118
v 0.147154 0.975516 0.055375
v 0.145299 0.957637 0.050513
v 0.123936 0.946966 0.060768
v 0.094294 0.938645 0.055566
v 0.096547 0.955011 0.061969
v 0.133210 1.174110 0.036593
v 0.146780 1.125448 0.046869
v 0.119170 1.123058 0.076264
v 0.101345 1.168092 0.057468
v 0.071044 1.110698 0.092035
v 0.069186 1.161144 0.075999
v 0.090649 0.988099 0.087696
v 0.127256 0.993384 0.080076
v 0.062312 0.935380 0.039314
v 0.055235 0.949956 0.048543
v 0.034407 1.094675 0.094570
v 0.050148 1.151515 0.079308
v 0.211358 0.697487 0.021031
v 0.134740 0.663824 0.027277
v 0.115451 0.657193 0.020799
v 0.187526 0.760123 0.043673
v 0.212502 0.643701 0.011179
v 0.133566 0.611868 0.019496
v 0.121938 0.622393 0.011693
v 0.137515 0.626674 0.021067
v 0.194013 0.703283 0.027086
v 0.142143 0.618107 0.021598
v 0.149029 0.650382 0.014711
v 0.154588 0.619294 0.017048
v 0.203351 0.608994 0.012706
v 0.210484 0.603578 0.001984
v 0.198603 0.964657 -0.003858
v 0.088360 0.910589 0.055647
v 0.118438 0.916099 0.063920
v 0.137821 0.923766 0.058174
v 0.185213 0.952254 0.019361
v 0.166464 0.939050 0.036485
v 0.105358 0.659068 -0.018511
v 0.020648 0.975842 0.038345
v 0.040257 0.963808 0.050978
v 0.047680 0.955176 0.049695
v 0.188676 0.987975 -0.002675
v 0.181885 0.120086 0.082564
v 0.196646 0.169813 0.070755
v 0.192046 0.124222 0.077564
v 0.174401 0.088366 0.093310
v 0.161542 0.089061 0.073613
v 0.218493 0.498083 0.074433
v 0.206608 0.450795 0.095574
v 0.200206 0.496613 0.076417
v 0.212791 0.532377 0.055378
v 0.208554 0.308376 0.078213
v 0.216836 0.328620 0.085426
v 0.201735 0.222268 0.072058
v 0.226656 0.326986 0.084963
v 0.221236 0.343823 0.093838
v 0.214739 0.387202 0.101540
v 0.135856 0.518790 0.047977
v 0.018232 1.129409 0.074589
v 0.033705 1.135929 0.070035
v 0.154392 0.512779 0.068607
v 0.214812 0.520431 0.060392
v 0.169583 0.514586 0.071040
v 0.152896 1.092168 0.052449
v 0.132246 1.071282 0.089527
v 0.078883 1.053863 0.105472
v 0.036755 1.033459 0.103448
v 0.011586 1.080095 0.097752
v 0.045984 0.978092 0.084668
v 0.146234 1.014290 0.075104
v 0.164427 1.067056 0.040072
v 0.163734 1.028251 0.049722
v 0.019238 0.994031 0.053228
v 0.008189 1.029646 0.098383
v 0.021200 0.991179 0.071083
v 0.143180 0.944847 0.052999
v 0.255811 0.095172 -0.014129
v 0.252794 0.113690 -0.043298
v 0.177140 0.080753 -0.018772
v 0.186191 0.057880 -0.030258
v 0.200353 0.078229 -0.069155
v 0.194839 0.093246 -0.058885
v 0.166188 0.071708 0.020441
v 0.175620 0.040023 0.003272
v 0.175078 0.059212 0.094519
v 0.173464 0.030890 0.097510
v 0.155027 0.026001 0.073212
v 0.161052 0.057810 0.074217
v 0.187310 0.090009 0.090710
v 0.189087 0.060690 0.092647
v 0.221748 0.067104 0.058645
v 0.228786 0.037929 0.060332
v 0.210418 0.033662 0.089803
v 0.203150 0.062347 0.084571
v 0.243935 0.078050 0.028523
v 0.248060 0.047757 0.024022
v 0.199004 0.048155 -0.053215
v 0.196976 0.029018 -0.026792
v 0.202088 0.024177 -0.066934
v 0.200783 0.036784 -0.092149
v 0.211746 0.054251 -0.110659
v 0.207893 0.065831 -0.084772
v 0.204546 0.016184 -0.159352
v 0.215629 0.036431 -0.157223
v 0.197789 0.013709 -0.107188
v 0.195721 -0.002958 -0.112315
v 0.203119 -0.003013 -0.167942
v 0.225143 0.004039 -0.200551
v 0.224134 0.026326 -0.193057
v 0.209117 -0.006113 -0.151659
v 0.225725 -0.002879 -0.187967
v 0.200197 -0.006808 -0.103608
v 0.200159 0.008193 -0.052155
v 0.199720 0.001132 -0.044032
v 0.187822 0.010534 0.009920
v 0.203179 0.008742 0.024844
v 0.223020 0.002540 -0.032772
v 0.161218 0.029031 0.042938
v 0.166113 0.007228 0.064011
v 0.222002 0.114898 -0.070771
v 0.226150 0.100564 -0.084394
v 0.244504 0.107488 -0.073025
v 0.239408 0.120671 -0.059771
v 0.234779 0.070838 -0.114208
v 0.231122 0.086281 -0.095926
v 0.233347 0.062317 -0.147965
v 0.257223 0.056357 -0.134781
v 0.252097 0.082645 -0.104724
v 0.244020 0.043837 -0.191291
v 0.255418 0.006910 -0.200347
v 0.180313 0.010094 0.082605
v 0.192416 0.032384 0.097368
v 0.196301 0.010729 0.082248
v 0.297384 0.008820 -0.068742
v 0.289222 0.001684 -0.073012
v 0.258780 0.005694 -0.022874
v 0.269663 0.011742 -0.022135
v 0.297465 0.023862 -0.062334
v 0.296852 0.030056 -0.111359
v 0.306047 0.006430 -0.123835
v 0.298710 0.001136 -0.127667
v 0.282657 0.027388 -0.029538
v 0.289334 0.030536 -0.151086
v 0.296457 0.007765 -0.161409
v 0.283057 0.051307 -0.062215
v 0.273563 0.068584 -0.089517
v 0.282558 0.042720 -0.123090
v 0.260811 0.033547 0.000114
v 0.267943 0.060230 -0.035843
v 0.264984 0.085898 -0.067205
v 0.258259 0.074950 -0.019980
v 0.257552 0.101151 -0.053510
v 0.162514 0.062637 0.049770
v 0.255643 -0.001899 -0.185241
v 0.275524 0.000248 -0.171521
v 0.277238 0.007500 -0.183182
v 0.266781 0.036494 -0.173087
v 0.245097 0.106394 -0.085624
v 0.291590 0.002062 -0.157968
v 0.210739 0.011771 0.076897
v 0.237710 0.014276 0.025514
v 0.238410 -0.002434 -0.087048
v 0.218459 0.009375 0.027276
v 0.241915 0.004007 -0.027132
v 0.276972 -0.001228 -0.134726
v 0.266523 -0.000284 -0.078553
v 0.249171 -0.003319 -0.141687
v 0.236229 0.132383 -0.048955
v 0.130832 1.554670 -0.089238
v 0.078015 1.543515 -0.143290
v 0.049663 1.560055 -0.138412
v 0.049016 1.538793 -0.147032
v 0.138642 1.563901 -0.078893
v 0.014285 1.559225 -0.134832
v 0.015287 1.557492 -0.141743
v 0.046129 1.563214 -0.130238
v 0.246509 1.583516 -0.024449
v 0.259966 1.586627 -0.000600
v 0.247239 1.567784 -0.020314
v 0.265455 1.566841 -0.005560
v 0.236402 1.577967 -0.031024
v 0.236036 1.566844 -0.031640
v 0.048417 1.527966 -0.146676
v 0.073592 1.529646 -0.142593
v 0.014030 1.528272 -0.148700
v 0.013763 1.535463 -0.148570
v 0.155341 1.633707 -0.039007
v 0.147848 1.658660 -0.030218
v 0.079951 1.442287 -0.153267
v 0.099854 1.448012 -0.144145
v 0.136761 1.509555 -0.088798
v 0.130468 1.475051 -0.091672
v 0.128487 1.490779 -0.104830
v 0.126918 1.478139 -0.101901
v 0.139935 1.461410 -0.074728
v 0.123362 1.463919 -0.116750
v 0.279260 1.552125 0.021309
v 0.171594 0.492391 -0.030391
v 0.183717 0.414511 -0.018418
v 0.186109 0.384508 -0.012721
v 0.190029 0.305156 0.000957
v 0.192634 0.327493 -0.002159
v 0.193508 0.299613 0.000684
v 0.131635 0.820654 -0.115327
v 0.142392 0.759919 -0.123757
v 0.117893 0.897267 -0.110291
v 0.154013 0.689524 -0.119796
v 0.104197 0.950560 -0.105094
v 0.115677 0.957476 -0.113744
v 0.197630 0.530672 0.057453
v 0.166205 0.527364 0.066236
v 0.206905 0.821442 -0.106679
v 0.195432 0.905744 -0.103015
v 0.208014 0.769473 -0.104317
v 0.209759 0.766277 -0.089402
v 0.175814 0.977626 -0.101322
v 0.195711 0.324954 0.078930
v 0.205298 0.330564 0.082886
v 0.190982 0.385585 -0.014526
v 0.197314 0.327100 -0.002604
v 0.148207 1.433497 -0.063494
v 0.091021 1.428396 -0.153408
v 0.106812 1.422662 -0.142093
v 0.095352 1.534753 -0.138100
v 0.100691 1.087535 -0.094725
v 0.043635 1.252853 0.055838
v 0.054566 0.955927 0.058486
v 0.156867 0.788533 0.041197
v 0.157135 0.878491 0.055466
v 0.166429 0.759192 0.035027
v 0.171333 0.721634 0.025834
v 0.154514 0.926250 0.046652
v 0.145657 0.929509 0.051944
v 0.187190 0.584762 0.020541
v 0.189014 0.548655 0.039705
v 0.180762 0.541664 0.044945
v 0.176888 0.583739 0.033584
v 0.168181 0.555553 0.039163
v 0.171556 0.541429 0.051728
v 0.189352 0.494930 0.075572
v 0.194968 0.449862 0.089965
v 0.204862 0.386039 0.098045
v 0.211291 0.345826 0.092816
v 0.174634 0.524611 0.061186
v 0.184935 0.521525 0.061749
v 0.144637 0.662742 0.016308
v 0.206802 0.629762 0.006053
v 0.188025 0.681814 0.011438
v 0.172729 0.692403 0.011872
v 0.149713 0.787454 0.036908
v 0.157741 0.753870 0.031161
v 0.147908 0.745388 0.031570
v 0.148030 0.877694 0.057274
v 0.164874 0.584058 0.023350
v 0.157388 0.714265 0.023847
v 0.144885 0.691771 0.024947
v 0.150425 0.668517 0.011352
v 0.158427 0.686526 0.017845
v 0.186331 0.644400 0.006531
v 0.168117 0.637891 0.019726
v 0.158520 0.633758 0.011442
v 0.190232 0.621607 0.004700
v 0.197821 0.518900 0.061191
v 0.191671 0.526485 0.056193
v 0.202159 0.619650 0.006961
v 0.182894 0.628362 0.009300
v 0.249605 1.613356 0.017779
v 0.260445 1.592507 0.017818
v 0.165072 1.548426 0.059557
v 0.022614 1.254638 0.054164
v 0.013730 1.255762 0.058978
v 0.037356 1.750764 -0.020392
v 0.587699 1.213262 0.015129
v 0.566132 1.200195 0.028508
v 0.559862 1.201459 -0.041362
v 0.554810 1.193603 -0.028173
v 0.556568 1.187642 -0.049057
v 0.578283 1.194965 -0.051609
v 0.573890 1.213154 -0.040984
v 0.570144 1.190930 0.027952
v 0.551977 1.176174 0.030324
v 0.554058 1.188907 0.027214
v 0.553964 1.187083 -0.009559
v 0.552562 1.174782 -0.013548
v 0.552300 1.180342 -0.036175
v 0.550510 1.183830 0.009489
v 0.547386 1.162209 0.007775
v 0.591862 1.218104 -0.027068
v 0.597496 1.201449 -0.037539
v 0.598726 1.220703 -0.007575
v 0.593051 1.202573 0.012728
v 0.604050 1.208677 -0.010329
v 0.634584 1.086775 0.013742
v 0.633718 1.091114 0.015160
v 0.626571 1.087458 0.010883
v 0.627654 1.083581 0.008429
v 0.636100 1.075073 0.010789
v 0.637616 1.072285 0.019800
v 0.636533 1.083696 0.024233
v 0.633285 1.039354 0.009608
v 0.631769 1.051815 0.015552
v 0.637833 1.055849 0.011358
v 0.638699 1.042519 0.006428
v 0.635667 1.046734 0.001468
v 0.629820 1.042908 0.005461
v 0.627437 1.080256 0.028404
v 0.627004 1.084562 0.030252
v 0.636100 1.087987 0.026292
v 0.629387 1.068155 0.023535
v 0.622023 1.066871 0.019565
v 0.619424 1.078818 0.023569
v 0.615959 1.087755 0.015586
v 0.624622 1.091937 0.009747
v 0.612061 1.112327 0.010282
v 0.605348 1.108380 0.019558
v 0.618775 1.083914 0.015913
v 0.604698 1.111447 0.032597
v 0.617042 1.087115 0.026169
v 0.591704 1.118421 0.019058
v 0.588672 1.125081 0.033053
v 0.601666 1.125222 -0.001084
v 0.632202 1.055139 0.001518
v 0.630903 1.064670 0.003969
v 0.623106 1.060458 0.008974
v 0.625272 1.050680 0.006105
v 0.623539 1.059725 0.016782
v 0.625272 1.049781 0.012840
v 0.637400 1.057401 0.005069
v 0.637616 1.065036 0.015931
v 0.636750 1.067524 0.008400
v 0.632202 1.095528 0.015300
v 0.619425 1.120706 0.016226
v 0.618558 1.082934 0.025402
v 0.621590 1.067638 0.010910
v 0.618775 1.079415 0.013841
v 0.553642 1.139577 0.011718
v 0.556899 1.156969 0.030773
v 0.579116 1.139891 -0.016819
v 0.621374 1.120553 0.011810
v 0.617475 1.110938 -0.000466
v 0.620291 1.137789 0.024923
v 0.624839 1.140617 0.018545
v 0.634801 1.092152 0.027063
v 0.620724 1.123214 0.029687
v 0.615526 1.137151 0.031386
v 0.612928 1.119504 0.034509
v 0.608380 1.133372 0.037493
v 0.629820 1.061092 0.019890
v 0.625705 1.088738 0.030812
v 0.574103 1.171334 0.027419
v 0.644330 1.093979 -0.074492
v 0.643464 1.098574 -0.074334
v 0.637400 1.093909 -0.069982
v 0.637616 1.089813 -0.071187
v 0.646279 1.074692 -0.077934
v 0.654292 1.075018 -0.072929
v 0.653859 1.094415 -0.069025
v 0.653425 1.040371 -0.067947
v 0.653642 1.054992 -0.064637
v 0.653209 1.056520 -0.075981
v 0.653209 1.041615 -0.077610
v 0.647362 1.043811 -0.077829
v 0.647362 1.043036 -0.068787
v 0.653642 1.092892 -0.057059
v 0.653859 1.097398 -0.056037
v 0.654075 1.098930 -0.068214
v 0.654292 1.073490 -0.061170
v 0.645413 1.071369 -0.058034
v 0.643680 1.090384 -0.053334
v 0.632635 1.095608 -0.057563
v 0.632419 1.097413 -0.070363
v 0.623106 1.116897 -0.067706
v 0.623539 1.113953 -0.053891
v 0.637400 1.092388 -0.058650
v 0.632202 1.123247 -0.045780
v 0.641298 1.099094 -0.050939
v 0.625488 1.114870 -0.040316
v 0.631769 1.122512 -0.043073
v 0.643030 1.052874 -0.077342
v 0.641298 1.061807 -0.076188
v 0.641514 1.060292 -0.065063
v 0.643030 1.051821 -0.066835
v 0.646279 1.062290 -0.060053
v 0.647578 1.053624 -0.062049
v 0.648228 1.056463 -0.080285
v 0.653642 1.065779 -0.074562
v 0.647145 1.065374 -0.079329
v 0.642381 1.103175 -0.073969
v 0.631985 1.127101 -0.072426
v 0.642597 1.094722 -0.051924
v 0.639998 1.069195 -0.063275
v 0.637616 1.088047 -0.059020
v 0.641731 1.145391 -0.034407
v 0.621203 1.176900 -0.016501
v 0.617803 1.176550 -0.042091
v 0.640865 1.146115 -0.040943
v 0.642164 1.086558 -0.042322
v 0.649744 1.091971 -0.045139
v 0.611412 1.130156 -0.046576
v 0.609679 1.127395 -0.017144
v 0.623756 1.111751 -0.024628
v 0.623323 1.146320 -0.068306
v 0.610762 1.134651 -0.066243
v 0.652992 1.103291 -0.067434
v 0.642814 1.134586 -0.060538
v 0.638049 1.151848 -0.056404
v 0.644546 1.133292 -0.051689
v 0.640431 1.151475 -0.049825
v 0.600448 1.171561 -0.059445
v 0.653642 1.064260 -0.063014
v 0.652776 1.101760 -0.055257
v 0.648011 1.129279 -0.030450
v 0.643373 1.147870 -0.026007
v 0.660572 1.092284 -0.037950
v 0.651693 1.087561 -0.045692
v 0.661871 1.087927 -0.038939
v 0.660356 1.017933 -0.043586
v 0.660572 1.034026 -0.039368
v 0.661005 1.036373 -0.050458
v 0.661005 1.019564 -0.053011
v 0.655158 1.022187 -0.053424
v 0.654508 1.021015 -0.044615
v 0.662088 1.077796 -0.029196
v 0.660789 1.085568 -0.026807
v 0.661438 1.083209 -0.039764
v 0.661871 1.060619 -0.033246
v 0.652559 1.058311 -0.030545
v 0.650177 1.078169 -0.024970
v 0.641298 1.083948 -0.029560
v 0.644979 1.079925 -0.030911
v 0.645846 1.082263 -0.042205
v 0.631985 1.124326 -0.016183
v 0.648444 1.086840 -0.022559
v 0.621590 1.110980 -0.012865
v 0.631336 1.123940 -0.010717
v 0.650826 1.032315 -0.052893
v 0.649311 1.048959 -0.049536
v 0.648444 1.047065 -0.038648
v 0.650177 1.030642 -0.042414
v 0.653209 1.049046 -0.033002
v 0.654292 1.032458 -0.037211
v 0.656241 1.036309 -0.055183
v 0.661871 1.053535 -0.046609
v 0.655374 1.053359 -0.052007
v 0.652343 1.083198 -0.045847
v 0.662738 1.062746 -0.044758
v 0.649527 1.082487 -0.023550
v 0.647578 1.056136 -0.036416
v 0.644330 1.075847 -0.031500
v 0.637183 1.142477 -0.002295
v 0.609701 1.173197 0.008695
v 0.638915 1.142706 -0.010915
v 0.634584 1.084823 -0.015922
v 0.643463 1.090054 -0.015350
v 0.648011 1.128304 -0.021830
v 0.643337 1.146956 -0.019294
v 0.661222 1.051405 -0.035304
v 0.659489 1.089935 -0.026030
v 0.640648 1.126679 0.002675
v 0.635089 1.144418 0.007904
v 0.567449 1.114433 -0.058481
v 0.562468 1.126566 -0.054787
v 0.580966 1.129509 -0.040766
v 0.581959 1.117351 -0.059389
v 0.567449 1.101525 -0.059132
v 0.561601 1.097623 -0.070933
v 0.561168 1.113836 -0.069970
v 0.583475 1.053765 -0.090415
v 0.584774 1.074710 -0.085032
v 0.569181 1.073557 -0.084883
v 0.572863 1.051286 -0.089807
v 0.586723 1.056182 -0.077456
v 0.590405 1.076894 -0.074141
v 0.596902 1.134960 -0.068393
v 0.582158 1.168520 -0.070375
v 0.582825 1.135132 -0.083576
v 0.588456 1.117028 -0.069601
v 0.597551 1.126493 -0.053724
v 0.570914 1.052995 -0.076114
v 0.570481 1.070271 -0.064159
v 0.585640 1.073027 -0.065512
v 0.563334 1.128964 -0.082864
v 0.564633 1.114207 -0.082715
v 0.582825 1.117565 -0.082297
v 0.557528 1.156622 -0.072696
v 0.552843 1.147647 -0.059031
v 0.559003 1.127075 -0.069560
v 0.553101 1.140093 -0.040504
v 0.584124 1.100719 -0.083916
v 0.589971 1.101067 -0.071399
v 0.564417 1.072825 -0.072999
v 0.562251 1.088416 -0.071657
v 0.568098 1.091926 -0.060924
v 0.582825 1.094884 -0.062263
v 0.590405 1.091687 -0.072354
v 0.584341 1.091545 -0.084445
v 0.566799 1.088532 -0.084401
v 0.581742 1.104259 -0.060270
v 0.631769 1.143060 0.013267
v 0.634151 1.124979 0.010519
v 0.565933 1.097535 -0.083895
v 0.630036 1.081346 -0.004723
v 0.633935 1.082576 0.004481
v 0.651260 1.088467 -0.005551
v 0.645629 1.085627 -0.015690
v 0.652776 1.084077 -0.006114
v 0.648444 1.022099 -0.015323
v 0.646062 1.038262 -0.009674
v 0.651909 1.041435 -0.019593
v 0.651909 1.024661 -0.023616
v 0.646495 1.027984 -0.025686
v 0.643030 1.026086 -0.017790
v 0.645196 1.076295 0.002113
v 0.645846 1.080751 0.004196
v 0.651693 1.079414 -0.007791
v 0.646495 1.059905 -0.002504
v 0.638699 1.058296 -0.002907
v 0.636533 1.074304 0.001677
v 0.633718 1.077519 -0.005647
v 0.637400 1.080515 -0.014555
v 0.642814 1.038763 -0.025546
v 0.640865 1.052841 -0.022299
v 0.636533 1.050044 -0.012550
v 0.638699 1.036186 -0.016207
v 0.639565 1.050738 -0.005291
v 0.641081 1.036932 -0.009593
v 0.648878 1.042429 -0.025518
v 0.652126 1.055580 -0.015034
v 0.647578 1.056680 -0.022038
v 0.645196 1.080899 -0.016511
v 0.652776 1.063264 -0.012404
v 0.636533 1.078348 0.003944
v 0.635450 1.057191 -0.010609
v 0.632852 1.073246 -0.006668
v 0.646062 1.052422 -0.005120
v 0.644330 1.084928 0.004751
v 0.584124 1.096166 -0.084916
v 0.590188 1.096261 -0.071775
v 0.566149 1.092970 -0.085098
v 0.581525 1.098955 -0.064249
v 0.568315 1.096383 -0.063083
v 0.561818 1.093021 -0.071297
v 0.639998 1.070720 -0.074818
v 0.645196 1.078214 -0.043427
v 0.654941 1.062644 -0.050390
v 0.648228 1.058269 -0.047721
v 0.637399 1.076469 -0.016820
v 0.646928 1.064451 -0.020064
v 0.639782 1.060418 -0.020341
v 0.629820 1.072043 0.005919
v 0.654508 1.070266 -0.073741
v 0.647145 1.070119 -0.078515
v 0.654508 1.068747 -0.062193
v 0.646495 1.067019 -0.059025
v 0.641947 1.065045 -0.064875
v 0.641947 1.066288 -0.074742
v 0.662738 1.058225 -0.045567
v 0.655808 1.058082 -0.051184
v 0.662088 1.055880 -0.034271
v 0.653642 1.053757 -0.031757
v 0.649527 1.051774 -0.038027
v 0.650393 1.053636 -0.048072
v 0.652776 1.059397 -0.013398
v 0.648011 1.060517 -0.020617
v 0.646712 1.056243 -0.003485
v 0.639565 1.054598 -0.003877
v 0.637183 1.053910 -0.011971
v 0.640648 1.056469 -0.020265
v 0.638049 1.068621 0.018400
v 0.636750 1.071151 0.010229
v 0.629820 1.064709 0.022142
v 0.623323 1.063142 0.018811
v 0.623972 1.064290 0.010399
v 0.630253 1.067658 0.006396
v -0.006574 0.973235 0.015998
v 0.324656 1.457121 0.071519
v 0.353811 1.410456 0.080621
v 0.159753 1.414741 -0.051806
v 0.153303 1.388461 -0.052297
v 0.008630 0.973236 0.015998
v 0.159882 1.447631 -0.034421
v -0.006574 0.973235 0.015998
v 0.001028 0.973998 0.016290
v 0.001028 0.973998 0.016290
v 0.001028 0.981543 -0.007547
v 0.001028 0.973998 0.016290
v 0.008630 0.973236 0.015998
v -0.195938 0.763649 -0.147479
v -0.208265 0.722469 -0.148736
v -0.228865 0.772633 -0.139815
v -0.100183 0.763042 0.062364
v -0.119144 0.717444 0.043443
v -0.080638 0.709471 0.005143
v -0.068710 0.743117 0.009837
v -0.090906 0.739533 -0.100878
v -0.102516 0.715515 -0.099239
v -0.149958 0.726997 -0.136977
v -0.136990 0.768457 -0.144590
v -0.072228 0.706357 -0.048714
v -0.057846 0.746300 -0.048636
v -0.243011 0.786492 0.013183
v -0.232081 0.714388 0.024664
v -0.230058 0.784970 0.042092
v -0.170495 0.723728 0.061642
v -0.127029 0.771538 0.080255
v -0.158594 0.776957 0.087679
v -0.205154 0.773987 0.058882
v -0.255766 0.702459 -0.023615
v -0.260707 0.780004 -0.014486
v -0.266245 0.775581 -0.046759
v -0.256696 0.700638 -0.079787
v -0.256140 0.777306 -0.077883
v -0.238478 0.773745 -0.105904
v -0.071802 1.704559 -0.004950
v 0.069840 1.718747 0.018378
v 0.066610 1.709213 -0.006795
v -0.076045 1.711488 0.025676
v -0.069840 1.718710 0.018388
v -0.066611 1.709178 -0.006783
v 0.076045 1.711529 0.025665
v 0.071802 1.704596 -0.004962
v 0.528401 1.191952 -0.011869
v 0.533234 1.213308 -0.019457
v 0.519001 1.196273 -0.014289
v 0.527279 1.215016 -0.016241
v 0.523677 1.196340 -0.009097
v 0.530722 1.212376 -0.010591
v 0.536678 1.210666 -0.013811
v 0.533660 1.222881 -0.004538
v 0.537098 1.217851 -0.003026
v 0.527698 1.222210 -0.005459
v 0.531136 1.217179 -0.003946
v 0.523724 1.191887 -0.017058
v 0.518375 1.188277 -0.000929
v 0.524329 1.188979 -0.000019
v 0.514929 1.193295 -0.002437
v 0.520891 1.193996 -0.001527
v 0.533026 1.214907 0.008842
v 0.518737 1.197677 0.013898
v 0.515349 1.200516 0.008378
v 0.521360 1.199030 0.005283
v 0.528192 1.219168 0.011821
v 0.523627 1.219262 0.006412
v 0.528461 1.215004 0.003437
v 0.524749 1.196189 0.010798
v 0.537685 1.151201 -0.002335
v 0.536315 1.195726 -0.002496
v 0.533419 1.154392 -0.007122
v 0.531895 1.193294 -0.007308
v 0.527476 1.190898 -0.002617
v 0.520289 1.210374 -0.002871
v 0.520289 1.204465 0.001929
v 0.531895 1.193337 0.002198
v 0.520289 1.204418 -0.007584
v 0.520289 1.198507 -0.002789
v 0.522871 1.138415 -0.003221
v 0.533318 1.154434 0.002396
v 0.522565 1.144371 0.001887
v 0.522669 1.144327 -0.007675
v 0.522312 1.150284 -0.002676
v 0.529034 1.157625 -0.002412
v 0.504263 1.197284 -0.003046
v 0.506535 1.152560 -0.002853
v 0.513101 1.191588 -0.002860
v 0.514537 1.158268 -0.002647
v 0.508682 1.194461 0.001808
v 0.508682 1.194412 -0.007709
v 0.510480 1.155441 0.002028
v 0.510595 1.155393 -0.007503
v 0.557151 1.224022 0.043762
v 0.528661 1.213739 0.028752
v 0.541773 1.194006 0.024198
v 0.567037 1.205094 0.037214
v 0.583869 1.240187 0.030557
v 0.593115 1.219312 0.024532
v 0.591740 1.249424 -0.001855
v 0.601191 1.227259 -0.004560
v 0.579976 1.249804 -0.033836
v 0.588194 1.228332 -0.034849
v 0.550646 1.244927 -0.048177
v 0.560297 1.225705 -0.048249
v 0.526936 1.224739 -0.036797
v 0.539107 1.206719 -0.037222
v 0.517545 1.215430 -0.005055
v 0.530460 1.196481 -0.008014
v 0.544287 1.194531 0.020278
v 0.563516 1.211851 0.032092
v 0.589234 1.219860 0.020963
v 0.596261 1.226594 -0.004588
v 0.584657 1.227649 -0.031192
v 0.559780 1.226238 -0.042915
v 0.541467 1.209022 -0.033193
v 0.533869 1.200039 -0.007522
v 0.547385 1.243666 0.037551
v 0.523203 1.237095 0.024609
v 0.519666 1.236420 0.028343
v 0.546867 1.244251 0.042979
v 0.567634 1.257544 0.027283
v 0.569994 1.259836 0.031360
v 0.573003 1.265414 0.000232
v 0.576412 1.268910 0.000746
v 0.565728 1.264995 -0.024689
v 0.567744 1.268507 -0.027873
v 0.542631 1.259816 -0.036024
v 0.541627 1.262120 -0.040889
v 0.523035 1.243413 -0.027389
v 0.519154 1.243948 -0.030948
v 0.515437 1.237786 -0.001676
v 0.510507 1.237071 -0.001685
v 0.538996 1.204394 0.021993
v 0.558008 1.223593 0.033050
v 0.581357 1.231626 0.023648
v 0.590970 1.236433 -0.002897
v 0.578869 1.240479 -0.028831
v 0.557008 1.231595 -0.041019
v 0.536176 1.218876 -0.031523
v 0.528578 1.209899 -0.005834
v 0.552675 1.233762 0.035826
v 0.528493 1.227188 0.022898
v 0.573506 1.246278 0.026187
v 0.581104 1.255080 0.000436
v 0.571018 1.255115 -0.026354
v 0.549157 1.246238 -0.038552
v 0.528325 1.233525 -0.029050
v 0.520727 1.224558 -0.003334
v -0.541773 1.193901 0.024230
v -0.528661 1.213630 0.028784
v -0.557151 1.223902 0.043794
v -0.567038 1.204978 0.037247
v -0.583869 1.240058 0.030595
v -0.593115 1.219188 0.024570
v -0.591740 1.249292 -0.001809
v -0.601191 1.227133 -0.004515
v -0.579976 1.249678 -0.033789
v -0.588194 1.228210 -0.034804
v -0.550646 1.244810 -0.048133
v -0.560297 1.225590 -0.048206
v -0.526936 1.224631 -0.036757
v -0.539107 1.206613 -0.037183
v -0.517545 1.215325 -0.005018
v -0.530460 1.196379 -0.007978
v -0.563516 1.211735 0.032127
v -0.544287 1.194425 0.020312
v -0.589234 1.219736 0.021001
v -0.596261 1.226470 -0.004544
v -0.584657 1.227528 -0.031147
v -0.559780 1.226123 -0.042872
v -0.541467 1.208916 -0.033153
v -0.533869 1.199936 -0.007485
v -0.519666 1.236307 0.028376
v -0.523203 1.236982 0.024643
v -0.547385 1.243543 0.037585
v -0.546867 1.244127 0.043012
v -0.567634 1.257413 0.027322
v -0.569994 1.259704 0.031399
v -0.573003 1.265283 0.000278
v -0.576412 1.268777 0.000792
v -0.565728 1.264867 -0.024642
v -0.567744 1.268378 -0.027825
v -0.542631 1.259696 -0.035979
v -0.541627 1.262000 -0.040844
v -0.523035 1.243302 -0.027348
v -0.519154 1.243837 -0.030906
v -0.515437 1.237676 -0.001638
v -0.510507 1.236962 -0.001647
v -0.558008 1.223474 0.033085
v -0.538996 1.204285 0.022027
v -0.581357 1.231501 0.023687
v -0.590970 1.236306 -0.002852
v -0.578870 1.240356 -0.028785
v -0.557008 1.231480 -0.040975
v -0.536176 1.218769 -0.031482
v -0.528578 1.209794 -0.005797
v -0.528493 1.227076 0.022933
v -0.552675 1.233641 0.035860
v -0.573506 1.246150 0.026226
v -0.581104 1.254950 0.000482
v -0.571018 1.254989 -0.026307
v -0.549157 1.246120 -0.038508
v -0.528325 1.233415 -0.029009
v -0.520727 1.224451 -0.003296
v -0.527541 1.191019 -0.011843
v -0.536381 1.210273 -0.013776
v -0.532978 1.212954 -0.019421
v -0.522839 1.190929 -0.017032
v -0.527038 1.214677 -0.016205
v -0.518251 1.195446 -0.014261
v -0.530441 1.211998 -0.010556
v -0.522948 1.195533 -0.009069
v -0.533575 1.222689 -0.004501
v -0.536955 1.217604 -0.002989
v -0.527592 1.221999 -0.005422
v -0.530962 1.216903 -0.003910
v -0.517416 1.187255 -0.000904
v -0.523417 1.187995 0.000006
v -0.514131 1.192421 -0.002411
v -0.520121 1.193148 -0.001500
v -0.524155 1.195511 0.010826
v -0.518207 1.197060 0.013926
v -0.528092 1.218962 0.011856
v -0.532863 1.214641 0.008876
v -0.514842 1.199922 0.008407
v -0.523502 1.219034 0.006447
v -0.520789 1.198375 0.005312
v -0.528265 1.214707 0.003472
v -0.529956 1.152520 0.002444
v -0.531172 1.192534 0.002225
v -0.535660 1.194989 -0.002468
v -0.534100 1.149198 -0.002230
v -0.531114 1.192436 -0.007281
v -0.529848 1.152377 -0.007056
v -0.526619 1.189967 -0.002591
v -0.525707 1.155703 -0.002392
v -0.519960 1.209952 -0.002838
v -0.519839 1.203926 0.001960
v -0.519795 1.203838 -0.007553
v -0.519648 1.197784 -0.002760
v -0.517869 1.136074 -0.002602
v -0.518048 1.142197 0.002240
v -0.517929 1.142041 -0.007250
v -0.518118 1.148167 -0.002474
v -0.506757 1.153550 0.002093
v -0.502421 1.150589 -0.002707
v -0.503618 1.196559 -0.003017
v -0.507966 1.193667 0.001835
v -0.506649 1.153402 -0.007417
v -0.507908 1.193562 -0.007681
v -0.510989 1.156359 -0.002620
v -0.512250 1.190662 -0.002834
v -0.069007 1.723350 -0.032990
v -0.022499 1.696926 -0.079385
v -0.024620 1.677600 -0.065044
v -0.065817 1.699007 -0.021134
v -0.071262 1.745501 0.014425
v -0.078084 1.721784 0.022770
v -0.030389 1.773785 0.071675
v -0.031921 1.739627 0.082070
v 0.023843 1.775378 0.080903
v 0.020797 1.740300 0.086920
v 0.067518 1.752903 0.029970
v 0.065066 1.732522 0.051356
v 0.072126 1.720021 -0.022914
v 0.076263 1.701372 -0.006123
v 0.040220 1.700157 -0.070052
v 0.041214 1.681737 -0.055161
v -0.020843 1.679916 -0.055308
v -0.056036 1.706863 -0.021883
v -0.059957 1.725701 0.038465
v -0.028078 1.738023 0.073665
v 0.018350 1.738865 0.077668
v 0.051584 1.732776 0.045819
v 0.062057 1.704536 -0.004278
v 0.037143 1.687480 -0.046857
v -0.053692 1.747911 -0.040950
v -0.013815 1.724175 -0.078518
v -0.016498 1.721474 -0.087200
v -0.061254 1.747270 -0.046328
v -0.055138 1.770787 0.000324
v -0.064834 1.774462 -0.003145
v -0.020364 1.790763 0.036113
v -0.035823 1.797910 0.047574
v 0.020448 1.791595 0.048814
v 0.023130 1.798941 0.058696
v 0.052090 1.775860 0.014713
v 0.059232 1.778994 0.013480
v 0.054756 1.749938 -0.025206
v 0.062295 1.749536 -0.028517
v 0.034186 1.735019 -0.061784
v 0.038095 1.723701 -0.077435
v -0.019943 1.689960 -0.062147
v -0.053967 1.725461 -0.022031
v -0.058631 1.733923 0.015522
v -0.027178 1.752377 0.066197
v 0.018409 1.758340 0.069987
v 0.050617 1.738819 0.040124
v 0.059562 1.714886 -0.012864
v 0.035105 1.697495 -0.053650
v -0.054592 1.738099 -0.032727
v -0.014715 1.714301 -0.070612
v -0.057295 1.752268 -0.000382
v -0.026166 1.777570 0.050267
v 0.019627 1.778277 0.058152
v 0.051835 1.752927 0.017376
v 0.053691 1.739604 -0.016608
v 0.033556 1.712408 -0.062465
v -0.008818 1.683034 -0.091723
v -0.017303 1.700957 -0.086018
v -0.014029 1.698318 -0.080763
v -0.006153 1.683085 -0.086248
v -0.008598 1.699173 -0.084432
v -0.011872 1.701834 -0.089657
v -0.003357 1.709048 -0.081884
v -0.001813 1.707928 -0.086652
v -0.003970 1.704439 -0.077716
v -0.002426 1.703302 -0.082517
v -0.013639 1.679438 -0.088362
v 0.002287 1.674285 -0.085738
v 0.002900 1.678903 -0.089844
v 0.000743 1.675402 -0.080953
v -0.010974 1.679510 -0.082858
v 0.001356 1.680008 -0.085096
v 0.009904 1.703776 -0.084746
v 0.016099 1.682082 -0.081621
v 0.010802 1.681473 -0.077888
v 0.007663 1.684317 -0.083115
v 0.012765 1.703676 -0.079190
v 0.007747 1.700311 -0.075785
v 0.004887 1.700391 -0.081370
v 0.012959 1.684947 -0.086819
v 0.010826 1.649821 -0.093193
v -0.001847 1.684535 -0.098733
v 0.002968 1.683576 -0.094465
v 0.001923 1.647337 -0.093436
v -0.005918 1.681076 -0.094605
v 0.005643 1.651307 -0.089529
v -0.005227 1.696907 -0.084962
v 0.000414 1.693013 -0.084488
v -0.008472 1.690506 -0.084626
v -0.002831 1.686619 -0.084155
v -0.001103 1.680138 -0.090309
v 0.008582 1.634401 -0.082529
v 0.007091 1.645864 -0.097066
v 0.012186 1.640867 -0.082556
v 0.003246 1.638375 -0.082807
v 0.006752 1.644823 -0.082790
v -0.003012 1.685450 -0.068956
v 0.005922 1.646778 -0.068041
v -0.001626 1.680553 -0.076945
v 0.005108 1.651734 -0.076024
v 0.002124 1.684244 -0.072890
v -0.006761 1.681740 -0.073033
v 0.009978 1.650495 -0.071913
v 0.001073 1.648005 -0.072176
v 0.000681 1.608764 -0.132577
v -0.004932 1.605785 -0.134266
v -0.006302 1.617140 -0.104407
v -0.000221 1.617655 -0.106365
v 0.004895 1.622475 -0.092087
v 0.007584 1.623883 -0.097433
v -0.001187 1.625262 -0.107286
v -0.007262 1.624720 -0.105324
v 0.002449 1.615848 -0.094531
v 0.005159 1.617189 -0.099827
v 0.008458 1.592141 -0.139352
v 0.010530 1.598457 -0.136730
v 0.005566 1.590044 -0.133910
v -0.004331 1.600396 -0.129761
v 0.007611 1.596422 -0.131316
v 0.001277 1.603400 -0.128073
v 0.017192 1.613239 -0.101252
v 0.018103 1.608184 -0.096963
v 0.020429 1.588879 -0.126250
v 0.012092 1.605147 -0.098342
v 0.011174 1.610199 -0.102624
v 0.019234 1.596386 -0.126711
v 0.014264 1.588034 -0.123843
v 0.013060 1.595561 -0.124321
v 0.017857 1.614827 -0.101378
v 0.015109 1.640969 -0.079023
v 0.010873 1.642078 -0.084180
v 0.003761 1.654503 -0.074901
v 0.004083 1.647456 -0.074121
v 0.019127 1.646076 -0.081332
v 0.003892 1.653686 -0.081652
v 0.014930 1.647209 -0.086480
v 0.004112 1.646603 -0.080852
v 0.001875 1.603837 -0.107024
v 0.013971 1.613622 -0.096589
v 0.002260 1.605073 -0.101026
v 0.002155 1.611453 -0.108273
v 0.013848 1.619948 -0.103847
v 0.002510 1.612655 -0.102316
v 0.009961 1.618727 -0.099074
v -0.006573 1.639658 -0.079610
v -0.010772 1.644265 -0.082135
v -0.006748 1.645892 -0.087050
v -0.002568 1.641262 -0.084536
v -0.003999 1.617772 -0.099309
v -0.008054 1.612087 -0.096931
v -0.012243 1.612706 -0.101816
v -0.008171 1.618425 -0.104197
v 0.553929 1.232249 -0.004910
v 0.550334 1.241307 -0.002101
v -0.553929 1.232133 -0.004869
v -0.550334 1.241188 -0.002059
v 0.004012 1.733479 -0.001320
v 0.002197 1.744639 -0.009288
v 0.112581 0.858436 -0.137467
v 0.230922 0.822927 0.052710
v 0.192978 0.863392 0.082019
v 0.190573 0.806025 0.084003
v 0.248311 0.788605 -0.087961
v 0.196993 0.884442 -0.137477
v 0.180220 0.921263 -0.135171
v 0.218937 0.916632 -0.101906
v 0.240028 0.859981 -0.097760
v 0.099894 0.870099 -0.133444
v 0.089192 0.891125 -0.132612
v 0.129961 0.914396 -0.134119
v 0.141653 0.884179 -0.140344
v 0.079686 0.940368 -0.130220
v 0.118796 0.968150 -0.130345
v 0.167774 0.976131 -0.122512
v 0.200804 0.986797 -0.092045
v 0.217048 0.873536 0.053026
v 0.198650 0.926533 0.053711
v 0.162726 0.940767 0.082066
v 0.179024 0.891714 0.077924
v 0.265082 0.826109 -0.035974
v 0.243661 0.887493 -0.036192
v 0.235018 0.909328 0.005758
v 0.247162 0.849670 0.007384
v 0.215680 0.999328 -0.041081
v 0.205494 0.990703 0.010778
v 0.230935 0.907237 -0.071243
v 0.209692 0.994646 -0.065546
v 0.256475 0.846922 -0.065424
v 0.174243 0.984635 0.058699
v 0.139273 0.974742 0.085372
v 0.212590 0.917344 0.030752
v 0.186860 0.991268 0.035704
v 0.233123 0.855630 0.030738
v 0.270501 0.779647 -0.039321
v 0.263434 0.805029 -0.003459
v 0.062471 0.839945 0.026986
v 0.067768 0.887274 0.069257
v 0.060017 0.915992 0.067036
v 0.040998 0.900912 0.025776
v 0.049978 0.870368 0.026284
v 0.147549 0.909742 0.082716
v 0.132500 0.942606 0.084455
v 0.103918 0.943796 0.092496
v 0.117189 0.913828 0.091996
v 0.115696 0.970464 0.088566
v 0.088441 0.958293 0.089797
v 0.051458 0.941475 0.067394
v 0.032067 0.931582 0.026872
v 0.057213 0.851222 -0.109971
v 0.050032 0.866499 -0.109017
v 0.046478 0.856551 -0.023382
v 0.036997 0.888946 -0.022841
v 0.027904 0.860830 -0.070141
v 0.033089 0.833339 -0.070103
v 0.022551 0.930988 -0.021237
v 0.017795 0.908521 -0.072029
v 0.041864 0.913730 -0.109572
v 0.040980 0.929734 -0.112606
v 0.002578 0.915048 -0.099983
v 0.000664 0.943374 -0.123542
v 0.039333 0.960360 -0.126662
v 0.179103 1.022166 0.037506
v 0.197389 1.028740 0.003345
v 0.191865 1.045434 0.003786
v 0.176448 1.033572 0.040315
v 0.076579 0.963398 0.087747
v 0.109727 0.980109 0.091011
v 0.107531 0.991304 0.097036
v 0.075203 0.979544 0.096630
v 0.096223 1.123718 0.088791
v 0.095549 1.141539 0.090573
v 0.063864 1.140021 0.097562
v 0.064802 1.123267 0.097770
v 0.032379 1.117906 0.100700
v 0.032058 1.133661 0.101399
v -0.000000 1.126618 0.098962
v 0.000000 1.110855 0.098342
v 0.016271 0.991461 0.065734
v 0.020125 0.964018 0.034546
v 0.044598 0.955761 0.071395
v 0.043412 0.968564 0.087259
v 0.036702 1.041580 0.113733
v -0.000212 1.047790 0.105162
v -0.000720 1.004566 0.085623
v 0.039015 0.993820 0.103724
v 0.073251 1.004383 0.108511
v 0.105458 1.010768 0.103870
v 0.105933 1.052079 0.108007
v 0.072304 1.049016 0.120826
v 0.140319 0.997050 0.082643
v 0.164258 1.010061 0.063659
v 0.161259 1.019467 0.067751
v 0.137774 1.008092 0.088012
v 0.158933 1.118039 0.059305
v 0.157746 1.133644 0.060100
v 0.128210 1.138087 0.081775
v 0.129483 1.122952 0.080663
v 0.135132 1.019054 0.093390
v 0.158847 1.029803 0.071498
v 0.158563 1.070091 0.069717
v 0.140002 1.055595 0.099751
v 0.175838 1.114726 -0.000310
v 0.165929 1.131967 -0.005198
v 0.164818 1.128216 0.031285
v 0.169200 1.114424 0.033490
v 0.173300 1.047060 0.042083
v 0.184771 1.062186 0.004242
v 0.181885 1.094590 0.002331
v 0.171602 1.085004 0.039336
v 0.184229 1.028812 -0.100186
v 0.155644 1.016121 -0.121909
v 0.149901 1.034179 -0.117552
v 0.177124 1.051262 -0.099209
v 0.207691 1.041776 -0.036070
v 0.198213 1.045308 -0.069633
v 0.193128 1.068518 -0.071455
v 0.200188 1.063482 -0.036430
v 0.173614 1.115056 -0.064569
v 0.167298 1.128994 -0.062263
v 0.172567 1.131286 -0.032405
v 0.176285 1.113956 -0.033858
v 0.192779 1.083138 -0.036953
v 0.189219 1.088221 -0.072661
v 0.181813 1.099690 -0.072448
v 0.185451 1.100635 -0.036882
v 0.129785 1.099593 -0.110525
v 0.119163 1.118612 -0.112226
v 0.148305 1.125823 -0.088441
v 0.157835 1.108552 -0.091118
v 0.169436 1.075329 -0.097235
v 0.139521 1.065436 -0.112668
v 0.133258 1.078775 -0.118970
v 0.165956 1.088641 -0.103091
v 0.115215 1.009134 -0.121598
v 0.077179 0.970905 -0.117406
v 0.074895 0.997315 -0.120870
v 0.111426 1.022894 -0.118541
v 0.065326 1.088004 -0.134526
v 0.058875 1.105227 -0.124376
v 0.093011 1.111490 -0.118096
v 0.098420 1.094679 -0.118549
v 0.108405 1.047117 -0.118679
v 0.073802 1.037784 -0.128843
v 0.071236 1.075148 -0.144253
v 0.103011 1.080372 -0.126032
v -0.001658 1.074164 -0.140718
v -0.002205 1.095381 -0.138987
v 0.032501 1.098398 -0.140451
v 0.034352 1.083140 -0.138469
v 0.039957 1.013104 -0.138382
v 0.000257 0.991898 -0.137366
v 0.000056 1.047911 -0.141505
v 0.040244 1.061607 -0.148614
v -0.038770 0.930019 -0.107008
v -0.038021 0.953385 -0.117590
v -0.179125 1.017526 0.025938
v -0.173435 1.031807 0.031127
v -0.175591 1.035085 -0.003644
v -0.178418 1.016310 -0.008537
v -0.079199 0.960705 0.086197
v -0.075834 0.977939 0.095216
v -0.107490 0.984884 0.091497
v -0.111483 0.968440 0.085987
v -0.096179 1.126056 0.096322
v -0.064568 1.117573 0.102089
v -0.063870 1.135270 0.101628
v -0.095553 1.146877 0.097068
v -0.032386 1.112144 0.098852
v -0.032059 1.128825 0.099455
v -0.014709 0.984981 0.068050
v -0.043742 0.970134 0.085827
v -0.047336 0.949034 0.069921
v -0.015974 0.952910 0.039671
v -0.035497 1.042209 0.117647
v -0.038904 0.994156 0.102170
v -0.073398 1.004026 0.107342
v -0.072454 1.050423 0.119620
v -0.107344 1.054334 0.106056
v -0.106013 1.008607 0.099874
v -0.141237 0.982693 0.073120
v -0.137234 0.997093 0.078732
v -0.163780 1.018239 0.061528
v -0.165955 1.005057 0.054136
v -0.143961 1.128322 0.053198
v -0.126784 1.131104 0.076633
v -0.125809 1.147204 0.076040
v -0.143851 1.144295 0.053410
v -0.136381 1.020472 0.085411
v -0.139793 1.060345 0.092160
v -0.161915 1.072991 0.069985
v -0.161270 1.036892 0.066127
v -0.172321 1.120223 0.002342
v -0.155903 1.122024 0.034102
v -0.154279 1.136147 0.032761
v -0.166838 1.135628 0.002933
v -0.170114 1.049297 0.035368
v -0.171598 1.089814 0.041709
v -0.174006 1.092436 0.001990
v -0.172879 1.053181 -0.000300
v -0.165092 1.011156 -0.105495
v -0.159450 1.033064 -0.103200
v -0.134403 1.031455 -0.119150
v -0.143833 1.009215 -0.127729
v -0.187669 1.020518 -0.040437
v -0.185355 1.042094 -0.038129
v -0.175648 1.038142 -0.073424
v -0.178758 1.016534 -0.073126
v -0.165277 1.106626 -0.064163
v -0.170043 1.114461 -0.032589
v -0.168108 1.128389 -0.031002
v -0.165719 1.124734 -0.061292
v -0.180794 1.062745 -0.036934
v -0.174092 1.092910 -0.035816
v -0.170101 1.091961 -0.070695
v -0.173142 1.062100 -0.072069
v -0.126042 1.103587 -0.106525
v -0.152152 1.106313 -0.089465
v -0.142917 1.125237 -0.086230
v -0.123730 1.124977 -0.105139
v -0.154898 1.062485 -0.098547
v -0.154145 1.095557 -0.097451
v -0.125943 1.091313 -0.112365
v -0.127490 1.068391 -0.112936
v -0.111284 0.994292 -0.121268
v -0.103672 1.019791 -0.118150
v -0.071769 0.989150 -0.114617
v -0.076102 0.969705 -0.110678
v -0.067851 1.089934 -0.127886
v -0.096176 1.097332 -0.122175
v -0.090456 1.119787 -0.116630
v -0.061866 1.107349 -0.120782
v -0.098957 1.055002 -0.124174
v -0.098493 1.083210 -0.128734
v -0.068015 1.070206 -0.137327
v -0.069209 1.024122 -0.122517
v -0.039929 1.077584 -0.123118
v -0.036739 1.098401 -0.129681
v -0.038213 0.999241 -0.126874
v -0.038939 1.057491 -0.137934
v -0.228045 0.713998 -0.128681
v -0.195938 0.763649 -0.147479
v -0.136990 0.768457 -0.144590
v -0.090906 0.739533 -0.100878
v -0.126981 0.807020 -0.131803
v -0.110705 0.869712 -0.121437
v -0.065197 0.801810 -0.094424
v -0.080104 0.756931 -0.097176
v -0.085803 0.928667 -0.114454
v -0.045505 0.869135 -0.093990
v -0.152902 0.880341 -0.144881
v -0.128218 0.940147 -0.131913
v -0.174533 0.799170 -0.137791
v -0.054865 0.788199 0.012905
v -0.030545 0.829292 0.017284
v -0.060249 0.875708 0.072467
v -0.090401 0.805541 0.063174
v -0.025492 0.810777 -0.047673
v -0.047299 0.766931 -0.047520
v -0.017209 0.877185 -0.037942
v -0.025627 0.885612 0.014627
v -0.057395 0.916602 0.060391
v -0.230058 0.784970 0.042092
v -0.243011 0.786492 0.013183
v -0.209387 0.876110 0.044067
v -0.190054 0.939091 0.044400
v -0.197927 0.950814 0.013594
v -0.213057 0.878789 0.011462
v -0.116972 0.820003 0.076576
v -0.095495 0.884159 0.091761
v -0.131461 0.894329 0.093874
v -0.144703 0.822693 0.089436
v -0.086085 0.935226 0.084677
v -0.119340 0.947162 0.088082
v -0.174402 0.984252 0.046884
v -0.185472 0.991880 0.017473
v -0.169647 0.922559 0.073292
v -0.150941 0.964804 0.071113
v -0.190165 0.852066 0.071363
v -0.205749 0.832121 -0.126594
v -0.187913 0.899897 -0.134941
v -0.226479 0.883435 -0.015882
v -0.211075 0.951000 -0.014761
v -0.222094 0.949930 -0.044689
v -0.234136 0.884121 -0.044976
v -0.204747 0.993446 -0.043664
v -0.191087 0.988654 -0.013231
v -0.202470 0.918959 -0.103827
v -0.178206 0.968609 -0.102968
v -0.163341 0.955623 -0.132691
v -0.209409 0.932903 -0.073149
v -0.194008 0.983430 -0.074818
v -0.211694 0.843343 -0.097724
v -0.223462 0.860906 -0.071556
v -0.248743 0.704760 -0.108555
v -0.044233 0.903776 -0.098147
v -0.011792 0.908087 -0.060623
v -0.007354 0.923772 -0.014928
v -0.170013 1.107641 -0.034449
v -0.171601 1.110859 0.001740
v -0.160661 1.112274 0.039514
v -0.152593 1.110854 0.065583
v -0.132922 1.106256 0.087612
v -0.105346 1.103832 0.103778
v -0.070186 1.096974 0.113956
v -0.031701 1.093199 0.117053
v -0.000309 1.089788 0.102087
v 0.033002 1.092702 0.113858
v 0.069435 1.098575 0.114126
v 0.103023 1.099437 0.098332
v 0.135794 1.099083 0.090699
v 0.154544 1.107592 0.056943
v -0.039032 1.074384 -0.132680
v -0.001889 1.069974 -0.143849
v 0.035948 1.079852 -0.148550
v 0.065933 1.086811 -0.142860
v 0.098027 1.091452 -0.124422
v 0.130842 1.092960 -0.116154
v 0.159052 1.104298 -0.099035
v 0.177361 1.111643 -0.069495
v 0.178899 1.109582 -0.035480
v 0.179689 1.104320 0.001429
v 0.169004 1.107828 0.034804
v -0.165581 1.104014 -0.067778
v -0.151431 1.103484 -0.093961
v -0.123536 1.101010 -0.110179
v -0.095976 1.092253 -0.126165
v -0.066168 1.085516 -0.134610
v 0.145517 1.125111 0.054544
v 0.152035 1.120174 0.028188
v 0.088202 1.132234 0.082370
v 0.118300 1.129118 0.074344
v 0.153058 1.123630 -0.005224
v 0.159159 1.122957 -0.030174
v 0.154280 1.120761 -0.057582
v 0.136782 1.117811 -0.081637
v 0.109962 1.111241 -0.103517
v 0.085863 1.104685 -0.108916
v 0.054406 1.098918 -0.114695
v 0.030103 1.092611 -0.129503
v -0.001880 1.089851 -0.128151
v -0.033703 1.092650 -0.119579
v -0.056859 1.100879 -0.111387
v -0.083206 1.112299 -0.107572
v -0.113869 1.117106 -0.096999
v -0.131550 1.117398 -0.079606
v -0.152562 1.116995 -0.056694
v -0.154764 1.120369 -0.028889
v -0.153594 1.127004 0.002223
v -0.142021 1.127448 0.029537
v -0.132411 1.134879 0.048422
v -0.115784 1.137490 0.069098
v -0.087903 1.137120 0.088290
v -0.058706 1.126461 0.092460
v -0.029392 1.120551 0.090484
v 0.000152 1.118524 0.090035
v 0.029694 1.124969 0.092251
v 0.059003 1.130811 0.088746
v 0.112581 0.858436 -0.137467
v 0.192978 0.863392 0.082019
v 0.252705 0.742473 -0.085050
v 0.123771 0.832676 -0.147771
v 0.172196 0.825676 -0.145540
v 0.153218 0.867900 -0.143013
v 0.244525 0.777054 0.031386
v 0.247357 0.809510 0.031220
v 0.165477 0.813353 0.089130
v 0.138911 0.820733 0.094212
v 0.054269 0.796643 -0.020958
v 0.070918 0.807265 0.027301
v 0.051747 0.780236 -0.071758
v 0.039831 0.812495 -0.070916
v 0.078218 0.810583 -0.116781
v 0.248311 0.788605 -0.087961
v 0.259565 0.766254 -0.013219
v 0.133218 0.870776 0.092855
v 0.161613 0.865578 0.082977
v 0.083038 0.857836 0.069542
v 0.062471 0.839945 0.026986
v 0.054146 0.824510 -0.022824
v 0.066142 0.839331 -0.112351
v 0.215342 0.840614 -0.131513
v -0.195938 0.763649 -0.147479
v -0.208264 0.722469 -0.148736
v -0.245702 0.713568 0.002548
v -0.232081 0.714388 0.024664
v -0.243011 0.786492 0.013183
v -0.127029 0.771538 0.080255
v -0.144820 0.720592 0.052536
v -0.170495 0.723728 0.061642
v -0.158594 0.776957 0.087679
v -0.255766 0.702459 -0.023615
v -0.119144 0.717444 0.043443
v -0.217773 0.720142 0.045610
v -0.245702 0.713568 0.002548
v -0.262684 0.698406 -0.050944
v -0.100183 0.763042 0.062364
v -0.260707 0.780004 -0.014486
v -0.238478 0.773745 -0.105904
v -0.266245 0.775581 -0.046759
v -0.256140 0.777306 -0.077883
v -0.228865 0.772633 -0.139815
v -0.057846 0.746300 -0.048636
v -0.068710 0.743117 0.009837
v -0.090907 0.739533 -0.100878
v 0.231840 0.765922 -0.118423
v 0.153218 0.867900 -0.143013
v 0.270501 0.779647 -0.039321
v 0.271600 0.733059 -0.039024
v 0.263388 0.733972 -0.062044
v 0.247357 0.809510 0.031220
v 0.094293 0.817274 0.068500
v 0.161613 0.865578 0.082977
v 0.133218 0.870776 0.092855
v 0.054146 0.824510 -0.022824
v 0.039830 0.812495 -0.070916
v -0.228865 0.772633 -0.139815
v -0.149958 0.726997 -0.136977
v -0.057846 0.746300 -0.048636
v -0.072228 0.706357 -0.048714
v -0.230058 0.784970 0.042092
v -0.127029 0.771538 0.080255
v -0.205154 0.773986 0.058882
v -0.260707 0.780004 -0.014486
v -0.266245 0.775581 -0.046759
v -0.256140 0.777306 -0.077883
v -0.256696 0.700638 -0.079787
v 0.066142 0.839331 -0.112351
v 0.229485 0.787835 0.052382
v 0.230922 0.822927 0.052710
v 0.215342 0.840614 -0.131513
v 0.263434 0.805029 -0.003459
v 0.083038 0.857836 0.069542
v -0.068710 0.743117 0.009837
v -0.136990 0.768457 -0.144590
v -0.158594 0.776957 0.087679
v -0.205154 0.773986 0.058882
v -0.238478 0.773745 -0.105904
v -0.248743 0.704760 -0.108555
v 0.259715 0.784099 -0.062682
v -0.100183 0.763042 0.062364
v 0.259715 0.784098 -0.062682
v 0.140277 0.017715 0.003199
v 0.145813 0.014462 -0.002347
v 0.140246 0.017771 -0.008944
v 0.134697 0.021042 -0.003418
v 0.144936 0.036046 0.004350
v 0.151411 0.039437 -0.000915
v 0.144933 0.036052 -0.007753
v 0.138420 0.032730 -0.002556
v 0.096437 -0.004257 -0.000880
v 0.095500 -0.010485 -0.006936
v 0.096281 -0.003994 -0.013149
v 0.097224 0.002211 -0.007075
v 0.077266 0.002090 -0.001750
v 0.070381 -0.001320 -0.008012
v 0.077072 0.002437 -0.014045
v 0.083961 0.005765 -0.007737
v 0.126264 0.042814 -0.009217
v 0.126032 0.036559 -0.003593
v 0.126309 0.042733 0.002935
v 0.126540 0.048981 -0.002697
v 0.082297 0.021056 -0.001258
v 0.076173 0.024125 -0.007458
v 0.082113 0.021386 -0.013538
v 0.088244 0.018292 -0.007317
v 0.128820 0.097119 0.018865
v 0.135283 0.100265 0.024815
v 0.135475 0.093211 0.012887
v 0.141952 0.096356 0.018892
v 0.129019 0.111210 0.004165
v 0.135484 0.118759 0.004267
v 0.142185 0.110445 0.004177
v 0.135667 0.102900 0.003930
v 0.126300 0.045296 0.014482
v 0.132448 0.040898 0.019841
v 0.139420 0.044534 0.014587
v 0.133269 0.048932 0.009225
v 0.124758 0.031276 -0.002699
v 0.130450 0.022958 -0.003538
v 0.137942 0.030512 -0.002567
v 0.132259 0.038773 -0.001772
v 0.142278 0.096337 -0.011466
v 0.135678 0.093199 -0.005937
v 0.129164 0.097099 -0.011499
v 0.135751 0.100237 -0.017057
v 0.132287 0.040908 -0.022323
v 0.126218 0.045301 -0.016371
v 0.139359 0.044537 -0.016257
v 0.133251 0.048933 -0.010329
v 0.152695 0.143875 0.010627
v 0.152694 0.143874 -0.001165
v 0.158566 0.146418 0.004730
v 0.146824 0.141332 0.004731
v 0.139856 0.158479 0.010623
v 0.140732 0.165702 0.004724
v 0.139857 0.158479 -0.001170
v 0.138980 0.151256 0.004729
v 0.148838 0.096280 -0.001253
v 0.143846 0.100623 0.004705
v 0.148712 0.096295 0.010565
v 0.153683 0.091955 0.004588
v 0.133815 0.085067 0.010062
v 0.133320 0.077803 0.003674
v 0.133945 0.085051 -0.001808
v 0.134377 0.092323 0.004451
v 0.118808 0.151249 0.004728
v 0.128993 0.143498 0.004731
v 0.123901 0.147374 0.010626
v 0.123900 0.147373 -0.001167
v 0.125863 0.102807 0.004694
v 0.120384 0.099735 0.010541
v 0.115044 0.096647 0.004539
v 0.120528 0.099718 -0.001281
v 0.167583 0.158247 -0.022076
v 0.143460 0.132769 -0.009993
v 0.160449 0.165034 -0.016726
v 0.163223 0.158825 -0.007802
v 0.170357 0.152038 -0.013152
v 0.175860 0.170892 0.001903
v 0.176714 0.161456 0.004172
v 0.166806 0.174454 0.000598
v 0.167660 0.165016 0.002867
v 0.136758 0.136236 -0.018181
v 0.133552 0.145763 -0.013567
v 0.140254 0.142295 -0.005379
v 0.135222 0.131729 0.009045
v 0.126179 0.135282 0.007740
v 0.125314 0.144723 0.005472
v 0.134368 0.141163 0.006777
v 0.134189 0.147675 0.033945
v 0.168476 0.160416 0.025319
v 0.131671 0.154140 0.022941
v 0.139060 0.147609 0.017693
v 0.164986 0.169816 0.032180
v 0.158568 0.173414 0.020103
v 0.162058 0.164014 0.014767
v 0.141579 0.141145 0.027672
v 0.165349 0.125985 0.086125
v 0.204418 0.121878 0.088878
v 0.242568 0.122125 0.060590
v 0.256692 0.127517 0.014167
v 0.242867 0.139341 -0.033647
v 0.210067 0.157525 -0.054135
v 0.174518 0.146848 -0.036026
v 0.158429 0.138849 0.010613
v 0.171315 0.204817 0.072662
v 0.206502 0.194459 0.098055
v 0.242244 0.199072 0.072307
v 0.255258 0.207477 0.023708
v 0.245343 0.213769 -0.021498
v 0.212130 0.225034 -0.041408
v 0.175663 0.216549 -0.025014
v 0.161660 0.213354 0.021629
v 0.172488 0.124777 0.063920
v 0.204769 0.134514 0.080842
v 0.238585 0.125989 0.055048
v 0.250756 0.130410 0.014286
v 0.238482 0.141123 -0.027691
v 0.209826 0.158708 -0.045586
v 0.178589 0.148295 -0.029644
v 0.164452 0.141267 0.011335
v 0.175700 0.203031 0.066905
v 0.206743 0.193273 0.090259
v 0.238173 0.197623 0.065924
v 0.249235 0.205059 0.022986
v 0.240870 0.210239 -0.016382
v 0.211802 0.220904 -0.033697
v 0.179647 0.212681 -0.019471
v 0.167596 0.210458 0.021511
v 0.172792 0.143250 0.080802
v 0.206011 0.155881 0.090916
v 0.207036 0.171946 0.015185
v 0.237203 0.149268 0.059629
v 0.251060 0.148881 0.017210
v 0.240116 0.164332 -0.023636
v 0.210107 0.168672 -0.042418
v 0.178892 0.166770 -0.026723
v 0.164756 0.159741 0.014289
v 0.175397 0.184547 0.081279
v 0.206439 0.174790 0.094567
v 0.208714 0.187893 0.019833
v 0.237654 0.176688 0.064131
v 0.251790 0.183716 0.022960
v 0.240567 0.191755 -0.019301
v 0.210558 0.196097 -0.038084
v 0.179343 0.194195 -0.022389
v 0.165207 0.187166 0.018593
v 0.211397 0.193025 -0.053530
v 0.247244 0.177032 -0.031594
v 0.260135 0.167194 0.018916
v 0.245398 0.159703 0.070513
v 0.204140 0.157498 0.105443
v 0.167122 0.164918 0.089108
v 0.155952 0.176539 0.015857
v 0.172292 0.182619 -0.034795
v -0.152694 0.143875 0.010627
v -0.158565 0.146418 0.004730
v -0.146823 0.141331 0.004731
v -0.152695 0.143874 -0.001165
v -0.139856 0.158479 0.010622
v -0.140732 0.165702 0.004724
v -0.139856 0.158479 -0.001170
v -0.138980 0.151256 0.004729
v -0.148712 0.096295 0.010565
v -0.143846 0.100623 0.004704
v -0.153683 0.091955 0.004588
v -0.148839 0.096280 -0.001253
v -0.133815 0.085067 0.010062
v -0.133320 0.077803 0.003674
v -0.133945 0.085051 -0.001808
v -0.134377 0.092323 0.004451
v -0.123900 0.147373 -0.001167
v -0.123900 0.147374 0.010626
v -0.118808 0.151249 0.004728
v -0.128993 0.143498 0.004731
v -0.115044 0.096647 0.004539
v -0.120528 0.099718 -0.001282
v -0.120384 0.099735 0.010541
v -0.125863 0.102807 0.004694
v -0.170357 0.152038 -0.013152
v -0.136758 0.136236 -0.018181
v -0.133552 0.145763 -0.013567
v -0.140253 0.142295 -0.005379
v -0.167583 0.158247 -0.022076
v -0.160449 0.165034 -0.016726
v -0.163223 0.158825 -0.007802
v -0.175860 0.170892 0.001903
v -0.176714 0.161456 0.004172
v -0.166806 0.174453 0.000598
v -0.167660 0.165016 0.002867
v -0.143460 0.132769 -0.009993
v -0.135222 0.131729 0.009045
v -0.126179 0.135282 0.007740
v -0.125314 0.144723 0.005472
v -0.134368 0.141163 0.006777
v -0.164261 0.169816 0.030426
v -0.141090 0.141145 0.027847
v -0.158543 0.173414 0.019713
v -0.162030 0.164014 0.014800
v -0.167777 0.160416 0.025345
v -0.133750 0.147675 0.032803
v -0.131670 0.154140 0.022800
v -0.139053 0.147609 0.017714
v -0.164062 0.125985 0.082130
v -0.203705 0.121878 0.084360
v -0.242568 0.122125 0.060589
v -0.256692 0.127517 0.014167
v -0.242867 0.139340 -0.033647
v -0.210067 0.157525 -0.054135
v -0.174518 0.146848 -0.036026
v -0.158425 0.138849 0.010625
v -0.171314 0.204816 0.069154
v -0.206502 0.194458 0.091777
v -0.242244 0.199071 0.072307
v -0.255258 0.207477 0.023708
v -0.245343 0.213769 -0.021498
v -0.212130 0.225034 -0.041407
v -0.175663 0.216549 -0.025014
v -0.161660 0.213354 0.021629
v -0.167868 0.124777 0.073442
v -0.203156 0.134514 0.080533
v -0.238585 0.125989 0.055049
v -0.250756 0.130409 0.014285
v -0.238482 0.141123 -0.027691
v -0.209826 0.158708 -0.045586
v -0.178589 0.148295 -0.029644
v -0.164421 0.141267 0.011430
v -0.175700 0.203030 0.063288
v -0.206743 0.193272 0.083522
v -0.238173 0.197623 0.065924
v -0.249235 0.205059 0.022986
v -0.240870 0.210239 -0.016382
v -0.211802 0.220904 -0.033697
v -0.179647 0.212681 -0.019471
v -0.167596 0.210458 0.021511
v -0.166049 0.143250 0.081852
v -0.204739 0.155880 0.082726
v -0.207036 0.171946 0.015185
v -0.237203 0.149268 0.059604
v -0.251060 0.148881 0.017210
v -0.240116 0.164332 -0.023636
v -0.210108 0.168672 -0.042418
v -0.178892 0.166770 -0.026723
v -0.164696 0.159741 0.014440
v -0.173968 0.184545 0.066756
v -0.206229 0.174789 0.083257
v -0.208714 0.187893 0.019833
v -0.237654 0.176688 0.063944
v -0.251790 0.183715 0.022960
v -0.240567 0.191755 -0.019301
v -0.210558 0.196097 -0.038084
v -0.179343 0.194195 -0.022389
v -0.165207 0.187165 0.018593
v -0.211397 0.193025 -0.053530
v -0.247244 0.177032 -0.031594
v -0.260135 0.167194 0.018916
v -0.245398 0.159703 0.070513
v -0.204852 0.157064 0.096528
v -0.162202 0.164918 0.088604
v -0.155952 0.176539 0.015857
v -0.172292 0.182619 -0.034795
v -0.087665 1.701148 0.036602
v -0.133408 1.414245 0.067416
v -0.018663 1.453621 0.121579
v -0.069840 1.718710 0.018388
v -0.086554 1.609067 0.107471
v -0.052160 1.640386 0.107482
v -0.082213 1.673030 0.088125
v -0.060506 1.697572 0.074496
v -0.086567 1.694978 0.057357
v -0.083208 1.685746 0.074349
v -0.066912 1.718609 0.039093
v -0.063898 1.711561 0.058306
v -0.082312 1.657961 0.098514
v -0.084148 1.640888 0.104578
v -0.055814 1.677999 0.088154
v -0.052401 1.658531 0.099562
v -0.095717 1.511480 0.111597
v -0.044490 1.571079 0.119196
v -0.089498 1.575104 0.108504
v -0.092980 1.543956 0.109234
v -0.051974 1.618281 0.112640
v -0.045608 1.594747 0.116325
v -0.059619 1.407409 0.115455
v -0.106821 1.458062 0.108799
v -0.098999 1.482773 0.108347
v -0.098240 1.388968 0.100864
v -0.113905 1.432819 0.097156
v -0.092341 1.418708 0.116883
v -0.043096 1.515526 0.122893
v -0.039323 1.543795 0.120505
v -0.063256 1.440878 0.123679
v -0.033297 1.488525 0.122894
v -0.003065 1.303175 -0.176976
v -0.168107 1.166672 -0.073445
v -0.155761 1.412043 -0.084149
v -0.142968 1.266349 -0.081380
v -0.012991 1.192315 -0.181201
v -0.101134 1.233773 -0.177785
v -0.098040 1.186018 -0.167786
v -0.013226 1.145989 -0.184295
v -0.050529 1.142931 -0.178045
v -0.056080 1.166499 -0.170489
v -0.101587 1.211192 -0.180026
v -0.018205 1.161923 -0.186758
v -0.064734 1.188613 -0.178970
v -0.063813 1.214458 -0.184330
v -0.169379 1.193276 -0.080767
v -0.140183 1.169561 -0.133349
v -0.134604 1.202496 -0.143535
v -0.157147 1.228219 -0.087269
v -0.139561 1.219351 -0.143250
v -0.131367 1.250601 -0.147815
v -0.097561 1.373052 -0.169370
v -0.011383 1.216906 -0.179396
v -0.102241 1.262930 -0.176673
v -0.061713 1.239850 -0.189981
v -0.008912 1.260039 -0.175524
v -0.100200 1.318118 -0.170887
v -0.051832 1.288469 -0.186407
v -0.047259 1.345869 -0.184164
v -0.146661 1.318207 -0.083230
v -0.125785 1.305889 -0.134211
v -0.143952 1.357288 -0.080137
v -0.125539 1.351700 -0.126977
v -0.122879 1.400228 -0.133561
v 0.004313 1.302224 0.087222
v -0.130376 1.274412 0.030385
v -0.139712 1.208808 0.039469
v -0.163026 1.173106 -0.020460
v -0.160641 1.208890 -0.020660
v -0.140157 1.233123 0.043502
v -0.163674 1.231744 -0.014157
v -0.141216 1.274858 -0.022736
v 0.000028 1.208513 0.090931
v -0.102105 1.210568 0.082686
v -0.053750 1.210626 0.095384
v -0.098946 1.274268 0.068470
v -0.100802 1.235537 0.080894
v 0.002370 1.231189 0.098300
v -0.054088 1.232840 0.091515
v -0.054818 1.284130 0.083257
v -0.137867 1.310075 0.037833
v -0.147652 1.316415 -0.021586
v -0.133228 1.355462 0.044875
v -0.144527 1.348807 -0.017515
v -0.156036 1.387084 -0.011792
v 0.001536 1.354786 0.104400
v -0.103031 1.311816 0.081178
v -0.055038 1.330721 0.103992
v -0.100775 1.353621 0.087572
v -0.001957 1.443593 0.122056
v -0.054904 1.373653 0.105028
v -0.098399 1.582879 -0.111468
v -0.037719 1.580189 -0.129946
v -0.120855 1.526473 -0.124768
v -0.022202 1.476545 -0.173891
v -0.088602 1.475628 -0.162877
v -0.100334 1.415609 -0.167804
v 0.000764 1.355365 -0.192167
v -0.048828 1.392176 -0.187307
v -0.097907 1.449124 -0.168486
v -0.002227 1.440013 -0.176131
v -0.054408 1.433013 -0.182276
v -0.056460 1.467557 -0.171543
v -0.143036 1.457906 -0.104242
v -0.124144 1.436651 -0.135452
v -0.129154 1.498872 -0.118778
v -0.121258 1.472348 -0.139886
v -0.109376 1.506715 -0.140846
v -0.020921 1.509852 -0.160927
v -0.080031 1.503697 -0.158606
v -0.050547 1.501892 -0.162199
v -0.026608 1.548033 -0.148111
v -0.111231 1.548241 -0.129928
v -0.099506 1.532377 -0.143806
v -0.103949 1.566284 -0.126195
v -0.094311 1.658074 -0.061718
v -0.051231 1.653715 -0.071248
v -0.041561 1.611555 -0.107293
v -0.046002 1.634936 -0.090261
v -0.094355 1.614232 -0.096355
v -0.096246 1.638523 -0.080841
v -0.091118 1.687146 -0.014727
v -0.061876 1.690009 -0.028564
v -0.057137 1.671930 -0.048878
v -0.093802 1.674052 -0.039293
v -0.087658 1.698038 0.007172
v -0.076045 1.711488 0.025676
v -0.059835 1.614127 0.053458
v -0.059987 1.624946 0.048728
v -0.063227 1.649635 0.032740
v -0.061904 1.658506 0.023778
v -0.080889 1.649832 0.015688
v -0.077635 1.647381 0.026030
v -0.073108 1.643131 0.035760
v -0.071672 1.635466 0.044351
v -0.060802 1.663751 0.014589
v -0.061745 1.664507 0.002517
v -0.071674 1.625578 0.050897
v -0.073205 1.614984 0.054562
v -0.075623 1.593679 0.056027
v -0.062103 1.637252 0.041476
v -0.048826 1.566217 0.059599
v -0.050876 1.583058 0.058210
v -0.079111 1.569670 0.056109
v -0.083476 1.547161 0.055866
v -0.087051 1.522839 0.057179
v -0.058256 1.599586 0.056181
v -0.090810 1.502479 0.060512
v -0.095297 1.487757 0.061214
v -0.095105 1.467721 0.059659
v -0.046165 1.526492 0.063234
v -0.043689 1.546562 0.061280
v -0.028585 1.495080 0.069500
v -0.082360 1.647553 -0.000585
v -0.094042 1.557125 -0.091992
v -0.088708 1.569039 -0.081536
v -0.035521 1.544398 -0.106104
v -0.017341 1.512444 -0.122512
v -0.041744 1.566610 -0.093237
v -0.092335 1.543978 -0.094495
v -0.088079 1.609030 -0.058387
v -0.087502 1.621283 -0.045528
v -0.045860 1.588773 -0.076863
v -0.049939 1.605009 -0.064940
v -0.054712 1.617704 -0.051935
v -0.084831 1.592816 -0.069785
v -0.087592 1.631748 -0.030512
v -0.085510 1.640453 -0.013962
v -0.059935 1.630665 -0.035904
v -0.061113 1.644210 -0.021223
v -0.062522 1.658424 -0.005725
v -0.067322 1.634475 0.119921
v -0.066104 1.653424 0.111215
v -0.069342 1.688893 0.085226
v -0.072937 1.702349 0.067634
v -0.077561 1.679052 0.090586
v -0.079495 1.691926 0.074237
v -0.081284 1.700772 0.054758
v -0.075550 1.710698 0.047160
v -0.081992 1.703653 0.033941
v -0.078037 1.617801 0.117144
v -0.076677 1.646259 0.113106
v -0.076377 1.663609 0.103792
v -0.065890 1.672468 0.099956
v -0.062191 1.536212 0.124653
v -0.065230 1.568659 0.122966
v -0.083360 1.514286 0.118255
v -0.081652 1.546773 0.117548
v -0.079781 1.581830 0.117783
v -0.066979 1.603477 0.123159
v -0.088319 1.453649 0.123930
v -0.063793 1.480535 0.127646
v -0.063164 1.506476 0.125891
v -0.085758 1.483600 0.123394
v -0.082072 1.698609 0.004907
v -0.089973 1.578829 -0.124293
v -0.093537 1.556035 -0.138324
v -0.076387 1.574181 -0.134109
v -0.055293 1.574823 -0.134143
v -0.048422 1.538833 -0.150377
v -0.075017 1.537616 -0.147186
v -0.081824 1.657230 -0.069909
v -0.082086 1.638011 -0.089684
v -0.075756 1.655635 -0.074304
v -0.064296 1.654457 -0.072348
v -0.061394 1.634936 -0.092220
v -0.073634 1.636645 -0.094655
v -0.074415 1.606430 -0.113918
v -0.060253 1.608571 -0.112097
v -0.083341 1.609993 -0.106808
v -0.080942 1.687607 -0.021701
v -0.083428 1.673483 -0.046683
v -0.075561 1.688379 -0.027623
v -0.068705 1.689235 -0.029089
v -0.067680 1.672149 -0.051426
v -0.077394 1.672626 -0.051761
v -0.077014 1.701854 -0.001590
v -0.099899 1.438640 0.038899
v -0.111241 1.401949 -0.019976
v -0.111122 1.425182 -0.071257
v -0.097847 1.501058 -0.089306
v -0.092839 1.523485 -0.091275
v -0.108003 1.467132 -0.078481
v -0.022376 1.469973 0.075086
v 0.087665 1.701195 0.036590
v 0.133407 1.414295 0.067409
v 0.018663 1.453628 0.121579
v 0.086554 1.609110 0.107468
v 0.052160 1.640413 0.107480
v 0.082213 1.673074 0.088120
v 0.060506 1.697605 0.074490
v 0.086567 1.695024 0.057348
v 0.083208 1.685791 0.074342
v 0.066912 1.718646 0.039084
v 0.063898 1.711596 0.058299
v 0.082313 1.658005 0.098510
v 0.084147 1.640932 0.104575
v 0.058029 1.677996 0.088154
v 0.052401 1.658558 0.099560
v 0.095717 1.511520 0.111595
v 0.044490 1.571030 0.118322
v 0.089498 1.575145 0.108502
v 0.092980 1.543997 0.109232
v 0.051974 1.618307 0.112639
v 0.045608 1.594769 0.116324
v 0.059330 1.402857 0.114466
v 0.106821 1.458102 0.108797
v 0.098999 1.482812 0.108345
v 0.097052 1.388674 0.098080
v 0.113905 1.432859 0.097152
v 0.092302 1.418964 0.116732
v 0.043096 1.515545 0.122893
v 0.039323 1.543812 0.120505
v 0.063256 1.440902 0.123679
v 0.033297 1.488539 0.122893
v 0.160247 1.211737 -0.069814
v 0.164075 1.392232 -0.083614
v 0.149164 1.271609 -0.079342
v 0.097146 1.139873 -0.156123
v 0.090779 1.212065 -0.168850
v 0.092897 1.163636 -0.159850
v 0.040692 1.145884 -0.173231
v 0.093149 1.189246 -0.167244
v 0.044720 1.165498 -0.180738
v 0.046225 1.193027 -0.181876
v 0.161016 1.240463 -0.074116
v 0.137709 1.220590 -0.135590
v 0.151485 1.251256 -0.077767
v 0.141939 1.233300 -0.131946
v 0.133153 1.240213 -0.130882
v 0.096750 1.265695 -0.173262
v 0.092224 1.224492 -0.164514
v 0.054167 1.209101 -0.184091
v 0.096376 1.240013 -0.168985
v 0.053985 1.238095 -0.183403
v 0.051148 1.273033 -0.183529
v 0.149875 1.290297 -0.080584
v 0.132413 1.247891 -0.132666
v 0.154124 1.325856 -0.079557
v 0.134689 1.273583 -0.132266
v 0.133644 1.314556 -0.139699
v 0.130384 1.274441 0.030377
v 0.145509 1.208962 0.042016
v 0.155891 1.230387 -0.021174
v 0.140854 1.223174 0.036815
v 0.155359 1.246835 -0.021131
v 0.146101 1.288852 -0.023807
v 0.106669 1.179322 0.098144
v 0.105597 1.208393 0.088216
v 0.055248 1.213160 0.099633
v 0.099231 1.262800 0.069469
v 0.106121 1.236031 0.082437
v 0.056385 1.228116 0.092015
v 0.054698 1.275160 0.083276
v 0.132567 1.309916 0.034504
v 0.152435 1.310756 -0.020474
v 0.136793 1.353557 0.046764
v 0.156922 1.341326 -0.014680
v 0.154066 1.382763 -0.012012
v 0.097874 1.298470 0.072641
v 0.054275 1.318751 0.095764
v 0.099364 1.347226 0.086482
v 0.054273 1.367837 0.109139
v 0.098399 1.582924 -0.111562
v 0.030452 1.580273 -0.130256
v 0.120855 1.526671 -0.127918
v 0.017329 1.472620 -0.174909
v 0.085738 1.448209 -0.168246
v 0.095270 1.314118 -0.178339
v 0.051436 1.322666 -0.192154
v 0.088290 1.370402 -0.170943
v 0.052994 1.388766 -0.185727
v 0.056192 1.459650 -0.180352
v 0.149171 1.446141 -0.106155
v 0.125747 1.364709 -0.143475
v 0.129659 1.498321 -0.123295
v 0.119476 1.429797 -0.144954
v 0.110078 1.504242 -0.150448
v 0.027699 1.510147 -0.164013
v 0.080116 1.499247 -0.167278
v 0.050986 1.503282 -0.170811
v 0.031453 1.548400 -0.149574
v 0.112404 1.548772 -0.131783
v 0.101988 1.533993 -0.153210
v 0.103949 1.566359 -0.126817
v 0.094311 1.658118 -0.061735
v 0.051231 1.653739 -0.071257
v 0.041561 1.611573 -0.107299
v 0.043579 1.634980 -0.090277
v 0.094354 1.614274 -0.096369
v 0.096246 1.638567 -0.080857
v 0.091118 1.687191 -0.014743
v 0.061876 1.690040 -0.028575
v 0.059353 1.671928 -0.048877
v 0.093801 1.674098 -0.039310
v 0.087658 1.698084 0.007158
v 0.076045 1.711529 0.025665
v 0.071802 1.704596 -0.004962
v 0.059835 1.614155 0.053452
v 0.059987 1.624974 0.048721
v 0.063227 1.649666 0.032732
v 0.061904 1.658537 0.023770
v 0.080889 1.649870 0.015676
v 0.077635 1.647418 0.026019
v 0.073108 1.643166 0.035750
v 0.071672 1.635501 0.044343
v 0.060802 1.663781 0.014580
v 0.061745 1.664536 0.002507
v 0.071674 1.625612 0.050889
v 0.073205 1.615018 0.054555
v 0.075623 1.593713 0.056020
v 0.062103 1.637282 0.041469
v 0.048826 1.566238 0.059595
v 0.050876 1.583081 0.058205
v 0.079111 1.569704 0.056102
v 0.083476 1.547195 0.055859
v 0.087051 1.522874 0.057172
v 0.058256 1.599612 0.056176
v 0.090810 1.502513 0.060505
v 0.095297 1.487793 0.061207
v 0.095102 1.467771 0.059655
v 0.046165 1.526511 0.063231
v 0.043689 1.546579 0.061276
v 0.028585 1.495091 0.069498
v 0.082360 1.647592 -0.000598
v 0.094042 1.557167 -0.092157
v 0.088708 1.569074 -0.081549
v 0.035520 1.544435 -0.106645
v 0.027838 1.513002 -0.124116
v 0.041744 1.566628 -0.093285
v 0.092335 1.544024 -0.094916
v 0.088080 1.609068 -0.058401
v 0.087502 1.621321 -0.045543
v 0.045860 1.588792 -0.076870
v 0.049939 1.605031 -0.064948
v 0.054712 1.617729 -0.051944
v 0.084831 1.592852 -0.069798
v 0.087592 1.631788 -0.030526
v 0.085510 1.640492 -0.013975
v 0.059935 1.630691 -0.035914
v 0.061113 1.644238 -0.021233
v 0.062522 1.658454 -0.005735
v 0.067322 1.634511 0.119920
v 0.066104 1.653460 0.111213
v 0.069342 1.688931 0.085221
v 0.072936 1.702389 0.067627
v 0.077561 1.679094 0.090582
v 0.079495 1.691969 0.074231
v 0.081284 1.700816 0.054749
v 0.075550 1.710739 0.047151
v 0.081992 1.703696 0.033930
v 0.078037 1.617841 0.117142
v 0.076677 1.646299 0.113104
v 0.076377 1.663650 0.103789
v 0.065890 1.672504 0.099954
v 0.062191 1.536239 0.124652
v 0.065230 1.568690 0.122965
v 0.083360 1.514321 0.118254
v 0.081652 1.546810 0.117546
v 0.079780 1.581869 0.117782
v 0.066979 1.603511 0.123159
v 0.088319 1.453683 0.123929
v 0.063793 1.480561 0.127646
v 0.063164 1.506503 0.125891
v 0.085757 1.483635 0.123394
v 0.082072 1.698651 0.004894
v 0.089973 1.578886 -0.124676
v 0.095041 1.558699 -0.143348
v 0.076387 1.574259 -0.134873
v 0.055293 1.574887 -0.134819
v 0.048422 1.539477 -0.153574
v 0.075872 1.542061 -0.155957
v 0.081824 1.657269 -0.069923
v 0.082086 1.638048 -0.089698
v 0.075756 1.655670 -0.074317
v 0.064296 1.654487 -0.072359
v 0.061394 1.634964 -0.092229
v 0.073634 1.636678 -0.094667
v 0.074415 1.606463 -0.113928
v 0.060253 1.608598 -0.112106
v 0.083341 1.610029 -0.106820
v 0.080942 1.687647 -0.021716
v 0.083428 1.673523 -0.046698
v 0.075561 1.688417 -0.027637
v 0.068706 1.689269 -0.029101
v 0.067680 1.672182 -0.051438
v 0.077393 1.672663 -0.051775
v 0.077014 1.701893 -0.001603
v 0.099854 1.438900 0.038928
v 0.114272 1.397890 -0.019730
v 0.119109 1.413152 -0.070826
v 0.097950 1.501001 -0.090368
v 0.092839 1.523534 -0.091930
v 0.111118 1.462595 -0.078732
v 0.026724 1.466308 0.075133
v 0.000545 1.396169 0.113281
v -0.098040 1.186018 -0.167786
v -0.056080 1.166499 -0.170489
v -0.013226 1.145989 -0.184295
v -0.169379 1.193276 -0.080767
v -0.134604 1.202496 -0.143535
v 0.000029 1.208513 0.090931
v -0.053750 1.210626 0.095384
v -0.102105 1.210568 0.082686
v 0.040691 1.145884 -0.173231
v 0.092897 1.163636 -0.159850
v 0.137709 1.220590 -0.135590
v 0.161016 1.240463 -0.074116
v -0.066611 1.709178 -0.006783
v -0.071802 1.704559 -0.004950
v 0.069840 1.718747 0.018378
v 0.066610 1.709213 -0.006795
v -0.098498 1.160717 -0.159236
v -0.008221 1.121354 -0.179530
v -0.152013 1.171452 0.033450
v -0.139712 1.208808 0.039469
v -0.160641 1.208890 -0.020660
v -0.053588 1.186199 0.105540
v -0.000034 1.180079 0.106700
v -0.105658 1.181803 0.092168
v 0.037647 1.125539 -0.179532
v 0.140266 1.190894 -0.125909
v 0.155969 1.196303 -0.020577
v 0.155891 1.230387 -0.021174
v 0.145509 1.208962 0.042016
v 0.151781 1.172202 0.033410
v 0.053511 1.184744 0.108396
v 0.055248 1.213160 0.099633
v 0.105597 1.208393 0.088216

vt 0.325154 -0.100543 0.000000
vt 0.317684 -0.095732 0.000000
vt 0.813283 -0.105397 0.000000
vt 0.300351 -0.105824 0.000000
vt 0.303186 -0.108628 0.000000
vt 0.316028 -0.164543 0.000000
vt 0.307775 -0.173599 0.000000
vt 0.310881 -0.181531 0.000000
vt 0.315484 -0.168925 0.000000
vt 0.330418 -0.159813 0.000000
vt 0.332147 -0.152981 0.000000
vt 0.315236 -0.156397 0.000000
vt 0.309093 -0.136860 0.000000
vt 0.313435 -0.148612 0.000000
vt 0.329866 -0.143947 0.000000
vt 0.326422 -0.136575 0.000000
vt 0.280750 -0.094719 0.000000
vt 0.298793 -0.097311 0.000000
vt 0.297506 -0.085467 0.000000
vt 0.793100 -0.096828 0.000000
vt 0.282889 -0.078202 0.000000
vt 0.780954 -0.091155 0.000000
vt 0.264422 -0.102969 0.000000
vt 0.268626 -0.064847 0.000000
vt 0.266238 -0.069453 0.000000
vt 0.264533 -0.110484 0.000000
vt 0.270156 -0.261923 0.000000
vt 0.269415 -0.287091 0.000000
vt 0.276834 -0.294102 0.000000
vt 0.281134 -0.290005 0.000000
vt 0.269764 -0.254779 0.000000
vt 0.255851 -0.247517 0.000000
vt 0.254246 -0.256606 0.000000
vt 0.270380 -0.036282 0.000000
vt 0.273316 -0.033346 0.000000
vt 0.765616 -0.039792 0.000000
vt 0.267193 -0.043093 0.000000
vt 0.266770 -0.113974 0.000000
vt 0.286089 -0.109421 0.000000
vt 0.282493 -0.105604 0.000000
vt 0.270321 -0.087126 0.000000
vt 0.274534 -0.063767 0.000000
vt 0.766955 -0.071757 0.000000
vt 0.274303 -0.048816 0.000000
vt 0.766115 -0.053750 0.000000
vt 0.270293 -0.055008 0.000000
vt 0.299242 -0.306788 0.000000
vt 0.312953 -0.304014 0.000000
vt 0.807409 -0.301074 0.000000
vt 0.312944 -0.293208 0.000000
vt 0.811048 -0.294312 0.000000
vt 0.305045 -0.299627 0.000000
vt 0.299372 -0.301222 0.000000
vt 0.295168 -0.307099 0.000000
vt 0.252367 -0.205418 0.000000
vt 0.247029 -0.205995 0.000000
vt 0.247029 -0.218527 0.000000
vt 0.253805 -0.220642 0.000000
vt 0.266675 -0.227935 0.000000
vt 0.268767 -0.209927 0.000000
vt 0.295124 -0.181097 0.000000
vt 0.295979 -0.199631 0.000000
vt 0.303231 -0.194037 0.000000
vt 0.301178 -0.173436 0.000000
vt 0.295731 -0.223128 0.000000
vt 0.300807 -0.215566 0.000000
vt 0.319571 -0.219827 0.000000
vt 0.815365 -0.232394 0.000000
vt 0.316997 -0.206817 0.000000
vt 0.819184 -0.218014 0.000000
vt 0.310681 -0.202324 0.000000
vt 0.311624 -0.218172 0.000000
vt 0.263375 -0.073031 0.000000
vt 0.260003 -0.111154 0.000000
vt 0.263428 -0.044963 0.000000
vt 0.283631 -0.279504 0.000000
vt 0.285990 -0.296293 0.000000
vt 0.291372 -0.291536 0.000000
vt 0.256155 -0.284872 0.000000
vt 0.247030 -0.271483 0.000000
vt 0.247030 -0.251991 0.000000
vt 0.311439 -0.191775 0.000000
vt 0.310207 -0.185919 0.000000
vt 0.308788 -0.195145 0.000000
vt 0.307260 -0.200307 0.000000
vt 0.283657 -0.153216 0.000000
vt 0.285668 -0.139951 0.000000
vt 0.272738 -0.139669 0.000000
vt 0.271066 -0.147805 0.000000
vt 0.294958 -0.168182 0.000000
vt 0.284424 -0.163346 0.000000
vt 0.295867 -0.317600 0.000000
vt 0.301409 -0.316956 0.000000
vt 0.286441 -0.308266 0.000000
vt 0.287357 -0.324440 0.000000
vt 0.298076 -0.334201 0.000000
vt 0.303358 -0.224207 0.000000
vt 0.298625 -0.226421 0.000000
vt 0.301960 -0.245524 0.000000
vt 0.305675 -0.246506 0.000000
vt 0.255451 -0.141734 0.000000
vt 0.255007 -0.147345 0.000000
vt 0.276291 -0.161211 0.000000
vt 0.269369 -0.156572 0.000000
vt 0.277299 -0.324445 0.000000
vt 0.274270 -0.334352 0.000000
vt 0.277847 -0.350353 0.000000
vt 0.280816 -0.349459 0.000000
vt 0.274800 -0.313026 0.000000
vt 0.267439 -0.315866 0.000000
vt 0.266832 -0.325312 0.000000
vt 0.258411 -0.326961 0.000000
vt 0.258521 -0.330832 0.000000
vt 0.266506 -0.332693 0.000000
vt 0.250927 -0.329151 0.000000
vt 0.247031 -0.318539 0.000000
vt 0.301182 -0.334921 0.000000
vt 0.306178 -0.331780 0.000000
vt 0.803686 -0.330800 0.000000
vt 0.306085 -0.315849 0.000000
vt 0.804310 -0.312907 0.000000
vt 0.258517 -0.317119 0.000000
vt 0.297471 -0.355529 0.000000
vt 0.303991 -0.351234 0.000000
vt 0.287600 -0.352498 0.000000
vt 0.282006 -0.377276 0.000000
vt 0.276730 -0.367450 0.000000
vt 0.270326 -0.367262 0.000000
vt 0.271637 -0.375975 0.000000
vt 0.278754 -0.392754 0.000000
vt 0.277606 -0.412691 0.000000
vt 0.281882 -0.407920 0.000000
vt 0.259097 -0.373843 0.000000
vt 0.258681 -0.367788 0.000000
vt 0.249572 -0.366109 0.000000
vt 0.248669 -0.371664 0.000000
vt 0.259985 -0.382261 0.000000
vt 0.271845 -0.385960 0.000000
vt 0.300212 -0.369035 0.000000
vt 0.301466 -0.386535 0.000000
vt 0.312180 -0.371225 0.000000
vt 0.309126 -0.361312 0.000000
vt 0.287717 -0.366022 0.000000
vt 0.289620 -0.397200 0.000000
vt 0.315518 -0.363772 0.000000
vt 0.806440 -0.375295 0.000000
vt 0.312070 -0.353566 0.000000
vt 0.803332 -0.364068 0.000000
vt 0.308331 -0.345076 0.000000
vt 0.805299 -0.342773 0.000000
vt 0.258576 -0.349438 0.000000
vt 0.249074 -0.347143 0.000000
vt 0.269943 -0.350100 0.000000
vt 0.303938 -0.123016 0.000000
vt 0.305190 -0.114191 0.000000
vt 0.290404 -0.117579 0.000000
vt 0.289873 -0.126037 0.000000
vt 0.273218 -0.123322 0.000000
vt 0.273998 -0.130486 0.000000
vt 0.248964 -0.384322 0.000000
vt 0.250408 -0.391077 0.000000
vt 0.251198 -0.382447 0.000000
vt 0.247031 -0.372461 0.000000
vt 0.247032 -0.384029 0.000000
vt 0.294039 -0.159485 0.000000
vt 0.298528 -0.144172 0.000000
vt 0.299666 -0.163685 0.000000
vt 0.304736 -0.155021 0.000000
vt 0.280761 -0.297104 0.000000
vt 0.251910 -0.316671 0.000000
vt 0.257243 -0.235713 0.000000
vt 0.256128 -0.242861 0.000000
vt 0.270242 -0.248727 0.000000
vt 0.271417 -0.241363 0.000000
vt 0.247029 -0.231203 0.000000
vt 0.247030 -0.239448 0.000000
vt 0.269114 -0.233839 0.000000
vt 0.255132 -0.228546 0.000000
vt 0.284319 -0.272929 0.000000
vt 0.284734 -0.253830 0.000000
vt 0.293385 -0.282650 0.000000
vt 0.295130 -0.262091 0.000000
vt 0.305149 -0.276036 0.000000
vt 0.302175 -0.292684 0.000000
vt 0.308307 -0.287900 0.000000
vt 0.308924 -0.276645 0.000000
vt 0.314375 -0.279483 0.000000
vt 0.813971 -0.282509 0.000000
vt 0.319174 -0.269148 0.000000
vt 0.814251 -0.277149 0.000000
vt 0.310914 -0.255695 0.000000
vt 0.799986 -0.308093 0.000000
vt 0.805561 -0.291710 0.000000
vt 0.814261 -0.244297 0.000000
vt 0.319641 -0.239769 0.000000
vt 0.810496 -0.242722 0.000000
vt 0.811113 -0.231684 0.000000
vt 0.809794 -0.255068 0.000000
vt 0.813586 -0.261519 0.000000
vt 0.320105 -0.254993 0.000000
vt 0.316257 -0.195662 0.000000
vt 0.817175 -0.201485 0.000000
vt 0.815832 -0.218606 0.000000
vt 0.316931 -0.177109 0.000000
vt 0.815861 -0.188213 0.000000
vt 0.806030 -0.116409 0.000000
vt 0.795922 -0.109514 0.000000
vt 0.803598 -0.100257 0.000000
vt 0.305493 -0.085403 0.000000
vt 0.824746 -0.108305 0.000000
vt 0.329658 -0.091571 0.000000
vt 0.818235 -0.114228 0.000000
vt 0.787720 -0.105232 0.000000
vt 0.762388 -0.072311 0.000000
vt 0.761785 -0.053217 0.000000
vt 0.777928 -0.102160 0.000000
vt 0.766264 -0.087178 0.000000
vt 0.761546 -0.042271 0.000000
vt 0.288243 -0.112036 0.000000
vt 0.258484 -0.119841 0.000000
vt 0.259645 -0.122565 0.000000
vt 0.269011 -0.117432 0.000000
vt 0.801136 -0.343526 0.000000
vt 0.798504 -0.330196 0.000000
vt 0.799963 -0.364774 0.000000
vt 0.802085 -0.375397 0.000000
vt 0.252781 -0.124186 0.000000
vt 0.253953 -0.126080 0.000000
vt 0.259672 -0.126178 0.000000
vt 0.260187 -0.076837 0.000000
vt 0.256434 -0.079380 0.000000
vt 0.255169 -0.097592 0.000000
vt 0.256721 -0.110144 0.000000
vt 0.259311 -0.062485 0.000000
vt 0.261226 -0.062033 0.000000
vt 0.261137 -0.045584 0.000000
vt 0.266414 -0.058008 0.000000
vt 0.264674 -0.061198 0.000000
vt 0.258142 -0.053267 0.000000
vt 0.257791 -0.063945 0.000000
vt 0.253253 -0.158756 0.000000
vt 0.247028 -0.152415 0.000000
vt 0.247028 -0.166571 0.000000
vt 0.251778 -0.112226 0.000000
vt 0.252100 -0.121011 0.000000
vt 0.256834 -0.116503 0.000000
vt 0.251737 -0.100861 0.000000
vt 0.255884 -0.058765 0.000000
vt 0.255949 -0.067750 0.000000
vt 0.252691 -0.061914 0.000000
vt 0.247027 -0.061769 0.000000
vt 0.252867 -0.070740 0.000000
vt 0.247027 -0.070192 0.000000
vt 0.254371 -0.129435 0.000000
vt 0.258859 -0.132203 0.000000
vt 0.253117 -0.134627 0.000000
vt 0.247028 -0.147317 0.000000
vt 0.247028 -0.116322 0.000000
vt 0.247028 -0.121764 0.000000
vt 0.253133 -0.078301 0.000000
vt 0.247027 -0.076919 0.000000
vt 0.247028 -0.101268 0.000000
vt 0.247028 -0.126706 0.000000
vt 0.279374 -0.229957 0.000000
vt 0.282004 -0.209987 0.000000
vt 0.268888 -0.190393 0.000000
vt 0.253316 -0.189046 0.000000
vt 0.288541 -0.227196 0.000000
vt 0.290050 -0.204424 0.000000
vt 0.281490 -0.188394 0.000000
vt 0.248128 -0.363097 0.000000
vt 0.247031 -0.351788 0.000000
vt 0.247031 -0.366557 0.000000
vt 0.814519 -0.200088 0.000000
vt 0.814833 -0.185474 0.000000
vt 0.798168 -0.133873 0.000000
vt 0.787839 -0.131113 0.000000
vt 0.807662 -0.140652 0.000000
vt 0.816626 -0.167884 0.000000
vt 0.811211 -0.194335 0.000000
vt 0.803263 -0.193799 0.000000
vt 0.802574 -0.165997 0.000000
vt 0.827215 -0.157854 0.000000
vt 0.829148 -0.164872 0.000000
vt 0.821756 -0.173216 0.000000
vt 0.776488 -0.129275 0.000000
vt 0.792646 -0.162242 0.000000
vt 0.781615 -0.163004 0.000000
vt 0.793005 -0.245318 0.000000
vt 0.794300 -0.264859 0.000000
vt 0.779910 -0.268632 0.000000
vt 0.780037 -0.250035 0.000000
vt 0.779451 -0.232360 0.000000
vt 0.791981 -0.224654 0.000000
vt 0.807327 -0.236797 0.000000
vt 0.802631 -0.236502 0.000000
vt 0.802059 -0.224191 0.000000
vt 0.807634 -0.225335 0.000000
vt 0.806094 -0.250572 0.000000
vt 0.788745 -0.375184 0.000000
vt 0.790762 -0.345103 0.000000
vt 0.796952 -0.343005 0.000000
vt 0.795290 -0.370787 0.000000
vt 0.787642 -0.389804 0.000000
vt 0.777884 -0.392898 0.000000
vt 0.780107 -0.380518 0.000000
vt 0.806016 -0.270506 0.000000
vt 0.803997 -0.288139 0.000000
vt 0.798967 -0.282286 0.000000
vt 0.800849 -0.267068 0.000000
vt 0.797656 -0.307626 0.000000
vt 0.793650 -0.282188 0.000000
vt 0.791258 -0.305644 0.000000
vt 0.777460 -0.311133 0.000000
vt 0.779737 -0.285881 0.000000
vt 0.765336 -0.164447 0.000000
vt 0.803831 -0.214442 0.000000
vt 0.813977 -0.213693 0.000000
vt 0.755796 -0.052603 0.000000
vt 0.755213 -0.043210 0.000000
vt 0.755613 -0.073643 0.000000
vt 0.757274 -0.090985 0.000000
vt 0.774321 -0.127196 0.000000
vt 0.763059 -0.124192 0.000000
vt 0.768076 -0.234189 0.000000
vt 0.766744 -0.230737 0.000000
vt 0.778459 -0.228899 0.000000
vt 0.770094 -0.270195 0.000000
vt 0.770356 -0.248806 0.000000
vt 0.768777 -0.312665 0.000000
vt 0.770448 -0.287023 0.000000
vt 0.780689 -0.355046 0.000000
vt 0.770381 -0.397609 0.000000
vt 0.771933 -0.388505 0.000000
vt 0.772555 -0.364576 0.000000
vt 0.791156 -0.221228 0.000000
vt 0.791587 -0.196624 0.000000
vt 0.805771 -0.259232 0.000000
vt 0.801964 -0.252246 0.000000
vt 0.807576 -0.275425 0.000000
vt 0.788511 -0.327067 0.000000
vt 0.777744 -0.337840 0.000000
vt 0.794933 -0.326758 0.000000
vt 0.771660 -0.343417 0.000000
vt 0.796688 -0.385627 0.000000
vt 0.779092 -0.198168 0.000000
vt 0.761873 -0.200061 0.000000
vt 0.809387 -0.265972 0.000000
vt 0.755721 -0.230935 0.000000
vt 0.749810 -0.233677 0.000000
vt 0.749666 -0.223877 0.000000
vt 0.754769 -0.222844 0.000000
vt 0.764416 -0.231912 0.000000
vt 0.761717 -0.248822 0.000000
vt 0.755005 -0.249649 0.000000
vt 0.762995 -0.223315 0.000000
vt 0.752331 -0.117710 0.000000
vt 0.762017 -0.164891 0.000000
vt 0.757902 -0.166958 0.000000
vt 0.756247 -0.397659 0.000000
vt 0.746193 -0.397593 0.000000
vt 0.746193 -0.375579 0.000000
vt 0.754345 -0.375212 0.000000
vt 0.762208 -0.396746 0.000000
vt 0.762204 -0.405123 0.000000
vt 0.755355 -0.412221 0.000000
vt 0.751016 -0.288891 0.000000
vt 0.754587 -0.288262 0.000000
vt 0.754263 -0.317260 0.000000
vt 0.750962 -0.318059 0.000000
vt 0.762050 -0.314916 0.000000
vt 0.762328 -0.288350 0.000000
vt 0.746196 -0.175674 0.000000
vt 0.746196 -0.179915 0.000000
vt 0.759513 -0.198013 0.000000
vt 0.754968 -0.196440 0.000000
vt 0.762368 -0.373595 0.000000
vt 0.750365 -0.250778 0.000000
vt 0.761976 -0.270232 0.000000
vt 0.754365 -0.270016 0.000000
vt 0.750140 -0.270210 0.000000
vt 0.826379 -0.118979 0.000000
vt 0.816454 -0.139005 0.000000
vt 0.746197 -0.116769 0.000000
vt 0.746197 -0.099609 0.000000
vt 0.746198 -0.066799 0.000000
vt 0.746198 -0.052704 0.000000
vt 0.746198 -0.043065 0.000000
vt 0.746196 -0.197143 0.000000
vt 0.809265 -0.285953 0.000000
vt 0.821894 -0.186511 0.000000
vt 0.816852 -0.189660 0.000000
vt 0.322215 -0.175122 0.000000
vt 0.473743 -0.326021 0.000000
vt 0.482829 -0.314445 0.000000
vt 0.977031 -0.293494 0.000000
vt 0.469212 -0.305743 0.000000
vt 0.466934 -0.308671 0.000000
vt 0.459293 -0.299653 0.000000
vt 0.456207 -0.308117 0.000000
vt 0.965092 -0.340912 0.000000
vt 0.961815 -0.347345 0.000000
vt 0.940061 -0.324531 0.000000
vt 0.949015 -0.318231 0.000000
vt 0.978081 -0.366651 0.000000
vt 0.511818 -0.508159 0.000000
vt 0.862249 -0.400580 0.000000
vt 0.974267 -0.370753 0.000000
vt 0.859487 -0.417490 0.000000
vt 0.975295 -0.334723 0.000000
vt 0.987103 -0.353713 0.000000
vt 0.506935 -0.480334 0.000000
vt 0.470788 -0.338841 0.000000
vt 0.960739 -0.355178 0.000000
vt 0.484681 -0.365281 0.000000
vt 0.973955 -0.370849 0.000000
vt 0.858817 -0.440092 0.000000
vt 0.488476 -0.353394 0.000000
vt 0.513895 -0.399092 0.000000
vt 0.855121 -0.467404 0.000000
vt 0.831577 -0.129605 0.000000
vt 0.825554 -0.143094 0.000000
vt 0.875621 -0.220713 0.000000
vt 0.877689 -0.235031 0.000000
vt 0.874942 -0.244559 0.000000
vt 0.863980 -0.242095 0.000000
vt 0.384320 -0.232340 0.000000
vt 0.362868 -0.212615 0.000000
vt 0.356492 -0.217609 0.000000
vt 0.378981 -0.235127 0.000000
vt 0.401889 -0.245715 0.000000
vt 0.405170 -0.235327 0.000000
vt 0.391844 -0.220927 0.000000
vt 0.373580 -0.201797 0.000000
vt 0.395868 -0.212410 0.000000
vt 0.380351 -0.194453 0.000000
vt 0.845888 -0.223117 0.000000
vt 0.857870 -0.203800 0.000000
vt 0.872946 -0.256272 0.000000
vt 0.379352 -0.246877 0.000000
vt 0.861752 -0.254924 0.000000
vt 0.370945 -0.238764 0.000000
vt 0.918816 -0.284283 0.000000
vt 0.930509 -0.300494 0.000000
vt 0.921525 -0.305598 0.000000
vt 0.904778 -0.292928 0.000000
vt 0.926034 -0.277251 0.000000
vt 0.956711 -0.300043 0.000000
vt 0.947047 -0.302993 0.000000
vt 0.423706 -0.280664 0.000000
vt 0.439436 -0.292242 0.000000
vt 0.446476 -0.286297 0.000000
vt 0.429921 -0.273918 0.000000
vt 0.413298 -0.270051 0.000000
vt 0.406918 -0.275044 0.000000
vt 0.892468 -0.290881 0.000000
vt 0.415454 -0.289995 0.000000
vt 0.902673 -0.304229 0.000000
vt 0.919994 -0.317564 0.000000
vt 0.432611 -0.304291 0.000000
vt 0.893447 -0.276380 0.000000
vt 0.899754 -0.266732 0.000000
vt 0.453985 -0.321761 0.000000
vt 0.939266 -0.337768 0.000000
vt 0.354607 -0.182160 0.000000
vt 0.362591 -0.174133 0.000000
vt 0.350752 -0.167627 0.000000
vt 0.340863 -0.170544 0.000000
vt 0.333943 -0.176680 0.000000
vt 0.344982 -0.190087 0.000000
vt 0.843467 -0.192664 0.000000
vt 0.834763 -0.210559 0.000000
vt 0.827163 -0.201340 0.000000
vt 0.833604 -0.175445 0.000000
vt 0.843959 -0.238498 0.000000
vt 0.351115 -0.221034 0.000000
vt 0.832089 -0.221826 0.000000
vt 0.335431 -0.206071 0.000000
vt 0.330819 -0.192488 0.000000
vt 0.822123 -0.215631 0.000000
vt 0.339951 -0.199625 0.000000
vt 0.396998 -0.248881 0.000000
vt 0.393192 -0.256620 0.000000
vt 0.880524 -0.267052 0.000000
vt 0.350566 -0.162865 0.000000
vt 0.343614 -0.158448 0.000000
vt 0.339967 -0.166537 0.000000
vt 0.348976 -0.165681 0.000000
vt 0.339171 -0.158371 0.000000
vt 0.325691 -0.169021 0.000000
vt 0.330020 -0.171722 0.000000
vt 0.325839 -0.183910 0.000000
vt 0.819747 -0.208287 0.000000
vt 0.864283 -0.175757 0.000000
vt 0.853076 -0.166861 0.000000
vt 0.837256 -0.137396 0.000000
vt 0.842391 -0.145572 0.000000
vt 0.407850 -0.250825 0.000000
vt 0.414819 -0.245280 0.000000
vt 0.889361 -0.267519 0.000000
vt 0.882640 -0.256830 0.000000
vt 0.889109 -0.243904 0.000000
vt 0.892290 -0.261175 0.000000
vt 0.887078 -0.281785 0.000000
vt 0.401636 -0.266293 0.000000
vt 0.884075 -0.277260 0.000000
vt 0.399109 -0.258368 0.000000
vt 0.913255 -0.262201 0.000000
vt 0.896525 -0.238778 0.000000
vt 0.902241 -0.245747 0.000000
vt 0.898819 -0.254661 0.000000
vt 0.886678 -0.227962 0.000000
vt 0.894594 -0.225113 0.000000
vt 0.901085 -0.224422 0.000000
vt 0.412656 -0.187335 0.000000
vt 0.407843 -0.224328 0.000000
vt 0.420670 -0.255855 0.000000
vt 0.420977 -0.264993 0.000000
vt 0.994403 -0.315909 0.000000
vt 0.511299 -0.417500 0.000000
vt 0.494299 -0.345170 0.000000
vt 0.989965 -0.336785 0.000000
vt 0.503187 -0.441509 0.000000
vt 0.978978 -0.315134 0.000000
vt 0.977149 -0.307874 0.000000
vt 0.960092 -0.293313 0.000000
vt 0.959933 -0.285577 0.000000
vt 0.416521 -0.237971 0.000000
vt 0.344216 -0.152697 0.000000
vt 0.331883 -0.131035 0.000000
vt 0.339555 -0.144352 0.000000
vt 0.346348 -0.140586 0.000000
vt 0.339743 -0.128578 0.000000
vt 0.399301 -0.207295 0.000000
vt 0.384284 -0.190993 0.000000
vt 0.888239 -0.212929 0.000000
vt 0.875561 -0.191237 0.000000
vt 0.439241 -0.237510 0.000000
vt 0.448558 -0.270297 0.000000
vt 0.454730 -0.255280 0.000000
vt 0.442682 -0.232340 0.000000
vt 0.447585 -0.224160 0.000000
vt 0.927328 -0.242498 0.000000
vt 0.435759 -0.205238 0.000000
vt 0.911720 -0.237441 0.000000
vt 0.432515 -0.222046 0.000000
vt 0.940750 -0.259180 0.000000
vt 0.459213 -0.248079 0.000000
vt 0.940802 -0.270706 0.000000
vt 0.920134 -0.251546 0.000000
vt 0.977074 -0.323526 0.000000
vt 0.332234 -0.111431 0.000000
vt 0.334973 -0.106018 0.000000
vt 0.324206 -0.109537 0.000000
vt 0.831725 -0.115171 0.000000
vt 0.339100 -0.098231 0.000000
vt 0.835181 -0.125148 0.000000
vt 0.343038 -0.107424 0.000000
vt 0.338885 -0.114023 0.000000
vt 0.341146 -0.111102 0.000000
vt 0.336603 -0.102911 0.000000
vt 0.327350 -0.096665 0.000000
vt 0.934992 -0.275273 0.000000
vt 0.852344 -0.149168 0.000000
vt 0.365891 -0.133110 0.000000
vt 0.859713 -0.160938 0.000000
vt 0.369080 -0.154109 0.000000
vt 0.848615 -0.155820 0.000000
vt 0.839947 -0.131395 0.000000
vt 0.347859 -0.114612 0.000000
vt 0.845607 -0.138310 0.000000
vt 0.355512 -0.119603 0.000000
vt 0.340325 -0.124861 0.000000
vt 0.348526 -0.137098 0.000000
vt 0.350228 -0.130350 0.000000
vt 0.342945 -0.120941 0.000000
vt 0.345700 -0.117338 0.000000
vt 0.418755 -0.211678 0.000000
vt 0.426441 -0.217179 0.000000
vt 0.426386 -0.197328 0.000000
vt 0.904537 -0.229948 0.000000
vt 0.428683 -0.229623 0.000000
vt 0.422848 -0.228933 0.000000
vt 0.990649 -0.348677 0.000000
vt 0.509149 -0.457414 0.000000
vt 0.324677 -0.118743 0.000000
vt 0.331074 -0.123471 0.000000
vt 0.906227 -0.253366 0.000000
vt 0.879839 -0.185354 0.000000
vt 0.384821 -0.169143 0.000000
vt 0.892896 -0.210620 0.000000
vt 0.393246 -0.173625 0.000000
vt 0.367809 -0.172144 0.000000
vt 0.401866 -0.200055 0.000000
vt 0.401612 -0.190642 0.000000
vt 0.386680 -0.178658 0.000000
vt 0.386418 -0.184810 0.000000
vt 0.959999 -0.277437 0.000000
vt 0.471769 -0.283281 0.000000
vt 0.411328 -0.221819 0.000000
vt 0.411556 -0.203224 0.000000
vt 0.401578 -0.181585 0.000000
vt 0.896932 -0.219674 0.000000
vt 0.426574 -0.253529 0.000000
vt 0.430584 -0.267497 0.000000
vt 0.448505 -0.282486 0.000000
vt 0.464694 -0.287764 0.000000
vt 0.461422 -0.296288 0.000000
vt 0.385815 -0.188277 0.000000
vt 0.400513 -0.203856 0.000000
vt 0.414124 -0.218408 0.000000
vt 0.367851 -0.171825 0.000000
vt 0.364187 -0.164486 0.000000
vt 0.355342 -0.161469 0.000000
vt 0.336290 -0.117444 0.000000
vt 0.331839 -0.776488 0.000000
vt 0.332183 -0.775576 0.000000
vt 0.329138 -0.764735 0.000000
vt 0.324011 -0.761913 0.000000
vt 0.337289 -0.801985 0.000000
vt 0.343652 -0.805832 0.000000
vt 0.340429 -0.787158 0.000000
vt 0.312010 -0.764944 0.000000
vt 0.320697 -0.763639 0.000000
vt 0.313682 -0.741546 0.000000
vt 0.305998 -0.745201 0.000000
vt 0.327443 -0.793476 0.000000
vt 0.328279 -0.787573 0.000000
vt 0.321242 -0.786149 0.000000
vt 0.351140 -0.780741 0.000000
vt 0.347739 -0.779634 0.000000
vt 0.343490 -0.781944 0.000000
vt 0.345519 -0.786981 0.000000
vt 0.356041 -0.802069 0.000000
vt 0.356910 -0.788645 0.000000
vt 0.353032 -0.801933 0.000000
vt 0.362268 -0.856056 0.000000
vt 0.360024 -0.901591 0.000000
vt 0.370467 -0.877717 0.000000
vt 0.866209 -0.890258 0.000000
vt 0.371479 -0.837211 0.000000
vt 0.866952 -0.847909 0.000000
vt 0.358033 -0.803595 0.000000
vt 0.359217 -0.860119 0.000000
vt 0.433620 -0.675709 0.000000
vt 0.429487 -0.679215 0.000000
vt 0.443656 -0.705439 0.000000
vt 0.445945 -0.676306 0.000000
vt 0.449089 -0.720208 0.000000
vt 0.462889 -0.712128 0.000000
vt 0.455530 -0.688297 0.000000
vt 0.456068 -0.697442 0.000000
vt 0.450188 -0.676418 0.000000
vt 0.459547 -0.674023 0.000000
vt 0.460959 -0.672963 0.000000
vt 0.460662 -0.688694 0.000000
vt 0.462889 -0.712128 0.000000
vt 0.449089 -0.720208 0.000000
vt 0.443656 -0.705439 0.000000
vt 0.802126 -0.862519 0.000000
vt 0.310146 -0.850047 0.000000
vt 0.808434 -0.857655 0.000000
vt 0.812773 -0.903097 0.000000
vt 0.806259 -0.910610 0.000000
vt 0.315659 -0.902882 0.000000
vt 0.804862 -0.820607 0.000000
vt 0.809137 -0.815446 0.000000
vt 0.322191 -0.972301 0.000000
vt 0.403655 -0.628864 0.000000
vt 0.815014 -0.983040 0.000000
vt 0.325572 -0.971100 0.000000
vt 0.413598 -0.629292 0.000000
vt 0.324473 -0.937367 0.000000
vt 0.320761 -0.938107 0.000000
vt 0.813844 -0.949629 0.000000
vt 0.405208 -0.675779 0.000000
vt 0.415555 -0.675107 0.000000
vt 0.393151 -0.628502 0.000000
vt 0.820608 -0.981875 0.000000
vt 0.395010 -0.675463 0.000000
vt 0.353952 -0.979879 0.000000
vt 0.430414 -0.629771 0.000000
vt 0.355640 -0.936609 0.000000
vt 0.352194 -0.945678 0.000000
vt 0.351241 -0.976988 0.000000
vt 0.446016 -0.633203 0.000000
vt 0.354492 -0.914348 0.000000
vt 0.350127 -0.915466 0.000000
vt 0.348741 -0.946288 0.000000
vt 0.339016 -0.940069 0.000000
vt 0.337047 -0.973538 0.000000
vt 0.441752 -0.632424 0.000000
vt 0.344277 -0.975483 0.000000
vt 0.446016 -0.633203 0.000000
vt 0.344631 -0.945575 0.000000
vt 0.340397 -0.910141 0.000000
vt 0.337375 -0.907448 0.000000
vt 0.335567 -0.935732 0.000000
vt 0.317024 -0.918397 0.000000
vt 0.810697 -0.932071 0.000000
vt 0.322095 -0.925301 0.000000
vt 0.321349 -0.910759 0.000000
vt 0.318796 -0.929977 0.000000
vt 0.812126 -0.938295 0.000000
vt 0.322142 -0.931749 0.000000
vt 0.437943 -0.681487 0.000000
vt 0.423544 -0.684571 0.000000
vt 0.423743 -0.628880 0.000000
vt 0.846354 -0.988694 0.000000
vt 0.356035 -0.980350 0.000000
vt 0.429296 -0.727157 0.000000
vt 0.426861 -0.710128 0.000000
vt 0.426861 -0.710128 0.000000
vt 0.429296 -0.727157 0.000000
vt 0.428176 -0.678527 0.000000
vt 0.397042 -0.715731 0.000000
vt 0.400482 -0.736257 0.000000
vt 0.411283 -0.734378 0.000000
vt 0.411939 -0.713881 0.000000
vt 0.259868 -0.513126 0.000000
vt 0.265947 -0.500525 0.000000
vt 0.262118 -0.504133 0.000000
vt 0.258674 -0.512108 0.000000
vt 0.264490 -0.511815 0.000000
vt 0.271501 -0.498384 0.000000
vt 0.303614 -0.399581 0.000000
vt 0.302906 -0.416553 0.000000
vt 0.312594 -0.402556 0.000000
vt 0.314014 -0.379363 0.000000
vt 0.289693 -0.431771 0.000000
vt 0.288966 -0.418440 0.000000
vt 0.269543 -0.487310 0.000000
vt 0.281473 -0.485258 0.000000
vt 0.275145 -0.473552 0.000000
vt 0.264025 -0.469537 0.000000
vt 0.263932 -0.492232 0.000000
vt 0.254538 -0.517010 0.000000
vt 0.254127 -0.521885 0.000000
vt 0.255923 -0.506590 0.000000
vt 0.265512 -0.438150 0.000000
vt 0.277960 -0.431453 0.000000
vt 0.268207 -0.414324 0.000000
vt 0.265370 -0.456302 0.000000
vt 0.282035 -0.450273 0.000000
vt 0.318722 -0.373279 0.000000
vt 0.812278 -0.384821 0.000000
vt 0.318690 -0.393845 0.000000
vt 0.814220 -0.404096 0.000000
vt 0.256017 -0.409791 0.000000
vt 0.251868 -0.440514 0.000000
vt 0.289108 -0.612072 0.000000
vt 0.285124 -0.615767 0.000000
vt 0.292743 -0.634819 0.000000
vt 0.297432 -0.638397 0.000000
vt 0.351199 -0.609913 0.000000
vt 0.342772 -0.559057 0.000000
vt 0.335827 -0.554774 0.000000
vt 0.340224 -0.605205 0.000000
vt 0.356315 -0.612184 0.000000
vt 0.345710 -0.561849 0.000000
vt 0.333288 -0.594045 0.000000
vt 0.324099 -0.549156 0.000000
vt 0.315848 -0.553436 0.000000
vt 0.321298 -0.597671 0.000000
vt 0.328408 -0.627620 0.000000
vt 0.337712 -0.627451 0.000000
vt 0.338027 -0.595210 0.000000
vt 0.329357 -0.546207 0.000000
vt 0.314635 -0.717747 0.000000
vt 0.306309 -0.720941 0.000000
vt 0.301740 -0.745277 0.000000
vt 0.795250 -0.757100 0.000000
vt 0.307966 -0.765891 0.000000
vt 0.800061 -0.777756 0.000000
vt 0.353330 -0.737906 0.000000
vt 0.350155 -0.713005 0.000000
vt 0.346063 -0.721462 0.000000
vt 0.351380 -0.739772 0.000000
vt 0.357794 -0.737507 0.000000
vt 0.849935 -0.756643 0.000000
vt 0.357103 -0.723370 0.000000
vt 0.849027 -0.737867 0.000000
vt 0.353172 -0.767610 0.000000
vt 0.355380 -0.770559 0.000000
vt 0.348023 -0.746064 0.000000
vt 0.349645 -0.768654 0.000000
vt 0.252820 -0.457303 0.000000
vt 0.247032 -0.440490 0.000000
vt 0.247033 -0.457041 0.000000
vt 0.247032 -0.413679 0.000000
vt 0.248122 -0.394185 0.000000
vt 0.255472 -0.466681 0.000000
vt 0.258262 -0.492880 0.000000
vt 0.296943 -0.651181 0.000000
vt 0.291609 -0.648779 0.000000
vt 0.781461 -0.663053 0.000000
vt 0.293870 -0.675016 0.000000
vt 0.787123 -0.688462 0.000000
vt 0.296606 -0.672119 0.000000
vt 0.355393 -0.639620 0.000000
vt 0.359735 -0.640227 0.000000
vt 0.335584 -0.673146 0.000000
vt 0.340201 -0.673480 0.000000
vt 0.340899 -0.630974 0.000000
vt 0.297767 -0.695326 0.000000
vt 0.790822 -0.709694 0.000000
vt 0.300114 -0.691177 0.000000
vt 0.301099 -0.681413 0.000000
vt 0.300859 -0.653303 0.000000
vt 0.355708 -0.677135 0.000000
vt 0.361599 -0.676919 0.000000
vt 0.341624 -0.675879 0.000000
vt 0.324938 -0.726128 0.000000
vt 0.319229 -0.745305 0.000000
vt 0.325868 -0.745737 0.000000
vt 0.336439 -0.747982 0.000000
vt 0.332918 -0.725100 0.000000
vt 0.302049 -0.722527 0.000000
vt 0.794666 -0.733864 0.000000
vt 0.339127 -0.706828 0.000000
vt 0.339497 -0.711044 0.000000
vt 0.341553 -0.702527 0.000000
vt 0.348374 -0.678627 0.000000
vt 0.343881 -0.677913 0.000000
vt 0.352867 -0.695916 0.000000
vt 0.336584 -0.713759 0.000000
vt 0.340042 -0.723173 0.000000
vt 0.247033 -0.492123 0.000000
vt 0.247033 -0.507678 0.000000
vt 0.247034 -0.522610 0.000000
vt 0.247034 -0.524652 0.000000
vt 0.258947 -0.520011 0.000000
vt 0.754305 -0.533458 0.000000
vt 0.454334 -0.673805 0.000000
vt 0.345369 -0.915330 0.000000
vt 0.338357 -0.780812 0.000000
vt 0.312976 -0.601569 0.000000
vt 0.309747 -0.600550 0.000000
vt 0.317791 -0.634272 0.000000
vt 0.320449 -0.631753 0.000000
vt 0.308641 -0.554433 0.000000
vt 0.326660 -0.679161 0.000000
vt 0.330137 -0.675438 0.000000
vt 0.338032 -0.769256 0.000000
vt 0.343471 -0.748146 0.000000
vt 0.328711 -0.703987 0.000000
vt 0.333081 -0.700896 0.000000
vt 0.322284 -0.704624 0.000000
vt 0.332561 -0.714143 0.000000
vt 0.285622 -0.526955 0.000000
vt 0.289671 -0.512941 0.000000
vt 0.276716 -0.511186 0.000000
vt 0.274564 -0.527336 0.000000
vt 0.275959 -0.500963 0.000000
vt 0.296075 -0.614033 0.000000
vt 0.287601 -0.563150 0.000000
vt 0.278007 -0.560874 0.000000
vt 0.298050 -0.606711 0.000000
vt 0.292228 -0.560467 0.000000
vt 0.302327 -0.654462 0.000000
vt 0.303721 -0.649266 0.000000
vt 0.308236 -0.692772 0.000000
vt 0.314805 -0.690376 0.000000
vt 0.316262 -0.708239 0.000000
vt 0.266732 -0.525394 0.000000
vt 0.261677 -0.534450 0.000000
vt 0.271854 -0.567055 0.000000
vt 0.330533 -0.506066 0.000000
vt 0.326114 -0.502921 0.000000
vt 0.313638 -0.516670 0.000000
vt 0.308360 -0.521675 0.000000
vt 0.303839 -0.553365 0.000000
vt 0.339901 -0.861158 0.000000
vt 0.344608 -0.865128 0.000000
vt 0.337279 -0.859442 0.000000
vt 0.350158 -0.865172 0.000000
vt 0.355833 -0.863750 0.000000
vt 0.338851 -0.698886 0.000000
vt 0.339430 -0.700450 0.000000
vt 0.336579 -0.699169 0.000000
vt 0.333502 -0.801899 0.000000
vt 0.359202 -0.769059 0.000000
vt 0.851270 -0.780828 0.000000
vt 0.360578 -0.785538 0.000000
vt 0.855027 -0.792491 0.000000
vt 0.344856 -0.769759 0.000000
vt 0.320259 -0.457925 0.000000
vt 0.315522 -0.431227 0.000000
vt 0.312114 -0.432643 0.000000
vt 0.316654 -0.459606 0.000000
vt 0.333773 -0.507921 0.000000
vt 0.333926 -0.492507 0.000000
vt 0.831737 -0.510567 0.000000
vt 0.306690 -0.496018 0.000000
vt 0.304241 -0.473023 0.000000
vt 0.300404 -0.481791 0.000000
vt 0.303253 -0.500947 0.000000
vt 0.313732 -0.485305 0.000000
vt 0.309460 -0.470284 0.000000
vt 0.299996 -0.502250 0.000000
vt 0.297318 -0.490525 0.000000
vt 0.286754 -0.502373 0.000000
vt 0.285963 -0.492194 0.000000
vt 0.292918 -0.473302 0.000000
vt 0.294860 -0.500414 0.000000
vt 0.804650 -0.776337 0.000000
vt 0.805903 -0.799779 0.000000
vt 0.802479 -0.799114 0.000000
vt 0.315607 -0.786325 0.000000
vt 0.799605 -0.754505 0.000000
vt 0.799291 -0.734706 0.000000
vt 0.787869 -0.661112 0.000000
vt 0.793065 -0.691921 0.000000
vt 0.280757 -0.622740 0.000000
vt 0.773877 -0.637300 0.000000
vt 0.780284 -0.637720 0.000000
vt 0.266879 -0.573427 0.000000
vt 0.769449 -0.583767 0.000000
vt 0.762110 -0.552139 0.000000
vt 0.259281 -0.545188 0.000000
vt 0.770236 -0.557497 0.000000
vt 0.776217 -0.592938 0.000000
vt 0.759319 -0.530012 0.000000
vt 0.765838 -0.543587 0.000000
vt 0.758947 -0.540392 0.000000
vt 0.257548 -0.531164 0.000000
vt 0.263877 -0.516124 0.000000
vt 0.430414 -0.629771 0.000000
vt 0.333320 -0.971473 0.000000
vt 0.452810 -0.634589 0.000000
vt 0.348331 -0.975847 0.000000
vt 0.363955 -0.798761 0.000000
vt 0.860690 -0.805413 0.000000
vt 0.859841 -0.838911 0.000000
vt 0.854569 -0.807813 0.000000
vt 0.847135 -0.781514 0.000000
vt 0.846206 -0.762250 0.000000
vt 0.843421 -0.985828 0.000000
vt 0.413598 -0.629292 0.000000
vt 0.849789 -0.928066 0.000000
vt 0.854225 -0.937702 0.000000
vt 0.359756 -0.929262 0.000000
vt 0.365218 -0.906159 0.000000
vt 0.859799 -0.919166 0.000000
vt 0.358776 -0.916767 0.000000
vt 0.854993 -0.908187 0.000000
vt 0.860076 -0.877172 0.000000
vt 0.411939 -0.713881 0.000000
vt 0.411998 -0.684877 0.000000
vt 0.411283 -0.734378 0.000000
vt 0.809820 -0.395578 0.000000
vt 0.851637 -0.626806 0.000000
vt 0.362678 -0.615311 0.000000
vt 0.848072 -0.636063 0.000000
vt 0.837772 -0.573041 0.000000
vt 0.843434 -0.570445 0.000000
vt 0.353680 -0.565386 0.000000
vt 0.364446 -0.639060 0.000000
vt 0.852973 -0.659719 0.000000
vt 0.845574 -0.746953 0.000000
vt 0.844181 -0.736110 0.000000
vt 0.849015 -0.725627 0.000000
vt 0.357218 -0.708424 0.000000
vt 0.358069 -0.696480 0.000000
vt 0.848553 -0.660231 0.000000
vt 0.364155 -0.676404 0.000000
vt 0.852024 -0.686288 0.000000
vt 0.846592 -0.690808 0.000000
vt 0.850726 -0.712800 0.000000
vt 0.361235 -0.698607 0.000000
vt 0.845961 -0.724216 0.000000
vt 0.327229 -0.455613 0.000000
vt 0.821513 -0.464251 0.000000
vt 0.322090 -0.428206 0.000000
vt 0.816946 -0.445168 0.000000
vt 0.818461 -0.475206 0.000000
vt 0.816770 -0.460155 0.000000
vt 0.356883 -0.910800 0.000000
vt 0.355619 -0.935943 0.000000
vt 0.318316 -0.861305 0.000000
vt 0.816278 -0.923860 0.000000
vt 0.327989 -0.970779 0.000000
vt 0.423743 -0.628880 0.000000
vt 0.329105 -0.931854 0.000000
vt 0.329140 -0.919169 0.000000
vt 0.329907 -0.906752 0.000000
vt 0.328893 -0.924979 0.000000
vt 0.328729 -0.862846 0.000000
vt 0.321459 -0.813599 0.000000
vt 0.315233 -0.812304 0.000000
vt 0.798605 -0.821615 0.000000
vt 0.326598 -0.810205 0.000000
vt 0.391981 -0.713203 0.000000
vt 0.348564 -0.804457 0.000000
vt 0.312084 -0.415415 0.000000
vt 0.318596 -0.403931 0.000000
vt 0.814365 -0.420887 0.000000
vt 0.247033 -0.467084 0.000000
vt 0.810872 -0.430258 0.000000
vt 0.809808 -0.416785 0.000000
vt 0.307345 -0.441540 0.000000
vt 0.305638 -0.427496 0.000000
vt 0.301112 -0.435981 0.000000
vt 0.302937 -0.449763 0.000000
vt 0.815878 -0.432158 0.000000
vt 0.320142 -0.415494 0.000000
vt 0.812479 -0.444872 0.000000
vt 0.313663 -0.421021 0.000000
vt 0.303287 -0.521943 0.000000
vt 0.319814 -0.508966 0.000000
vt 0.340316 -0.510035 0.000000
vt 0.834994 -0.525480 0.000000
vt 0.286351 -0.464675 0.000000
vt 0.297926 -0.463569 0.000000
vt 0.293897 -0.450005 0.000000
vt 0.314904 -0.471832 0.000000
vt 0.849060 -0.796039 0.000000
vt 0.844791 -0.792637 0.000000
vt 0.843446 -0.779426 0.000000
vt 0.841184 -0.760640 0.000000
vt 0.815931 -0.779034 0.000000
vt 0.816976 -0.794218 0.000000
vt 0.814154 -0.796529 0.000000
vt 0.813008 -0.779651 0.000000
vt 0.811457 -0.760737 0.000000
vt 0.815189 -0.760941 0.000000
vt 0.818557 -0.848619 0.000000
vt 0.820914 -0.889908 0.000000
vt 0.816807 -0.815200 0.000000
vt 0.825494 -0.815794 0.000000
vt 0.827491 -0.845305 0.000000
vt 0.846323 -0.879476 0.000000
vt 0.846884 -0.841327 0.000000
vt 0.825465 -0.982463 0.000000
vt 0.389034 -0.629254 0.000000
vt 0.821184 -0.940234 0.000000
vt 0.827502 -0.932722 0.000000
vt 0.388640 -0.674441 0.000000
vt 0.836395 -0.983602 0.000000
vt 0.403655 -0.628864 0.000000
vt 0.843694 -0.926761 0.000000
vt 0.400512 -0.683642 0.000000
vt 0.844973 -0.907642 0.000000
vt 0.822892 -0.914265 0.000000
vt 0.829594 -0.884301 0.000000
vt 0.830488 -0.906549 0.000000
vt 0.824482 -0.923180 0.000000
vt 0.818356 -0.930979 0.000000
vt 0.390939 -0.736988 0.000000
vt 0.397042 -0.715731 0.000000
vt 0.840753 -0.654936 0.000000
vt 0.839841 -0.632201 0.000000
vt 0.790242 -0.642284 0.000000
vt 0.783493 -0.590143 0.000000
vt 0.794817 -0.587876 0.000000
vt 0.801989 -0.640460 0.000000
vt 0.808668 -0.664261 0.000000
vt 0.798541 -0.668114 0.000000
vt 0.804206 -0.582783 0.000000
vt 0.809522 -0.636495 0.000000
vt 0.830790 -0.572435 0.000000
vt 0.825813 -0.629269 0.000000
vt 0.820275 -0.575472 0.000000
vt 0.806748 -0.757930 0.000000
vt 0.805590 -0.746548 0.000000
vt 0.810231 -0.749474 0.000000
vt 0.808856 -0.777947 0.000000
vt 0.839708 -0.757933 0.000000
vt 0.840081 -0.776750 0.000000
vt 0.835320 -0.777177 0.000000
vt 0.833837 -0.756487 0.000000
vt 0.820914 -0.774390 0.000000
vt 0.820959 -0.781929 0.000000
vt 0.818945 -0.760385 0.000000
vt 0.814094 -0.746900 0.000000
vt 0.816905 -0.487075 0.000000
vt 0.816521 -0.477803 0.000000
vt 0.814048 -0.527593 0.000000
vt 0.813639 -0.504545 0.000000
vt 0.821191 -0.519054 0.000000
vt 0.799452 -0.526738 0.000000
vt 0.807783 -0.519979 0.000000
vt 0.807001 -0.530714 0.000000
vt 0.797996 -0.537313 0.000000
vt 0.785501 -0.542377 0.000000
vt 0.786450 -0.532567 0.000000
vt 0.801909 -0.401137 0.000000
vt 0.807628 -0.430107 0.000000
vt 0.795990 -0.432107 0.000000
vt 0.788477 -0.405189 0.000000
vt 0.775702 -0.439922 0.000000
vt 0.774920 -0.409746 0.000000
vt 0.783965 -0.512968 0.000000
vt 0.799396 -0.509574 0.000000
vt 0.772019 -0.544293 0.000000
vt 0.769036 -0.535589 0.000000
vt 0.760259 -0.449571 0.000000
vt 0.766895 -0.415563 0.000000
vt 0.841433 -0.688501 0.000000
vt 0.809135 -0.709280 0.000000
vt 0.801004 -0.713354 0.000000
vt 0.829472 -0.650331 0.000000
vt 0.841914 -0.721469 0.000000
vt 0.808639 -0.741144 0.000000
vt 0.803738 -0.734681 0.000000
vt 0.810304 -0.732050 0.000000
vt 0.833944 -0.685006 0.000000
vt 0.812255 -0.737307 0.000000
vt 0.815158 -0.717479 0.000000
vt 0.817501 -0.736556 0.000000
vt 0.838056 -0.742812 0.000000
vt 0.841062 -0.746119 0.000000
vt 0.829471 -0.525897 0.000000
vt 0.782998 -0.559317 0.000000
vt 0.795677 -0.555973 0.000000
vt 0.803848 -0.551234 0.000000
vt 0.823826 -0.533566 0.000000
vt 0.815923 -0.541733 0.000000
vt 0.796750 -0.712162 0.000000
vt 0.754457 -0.519971 0.000000
vt 0.762723 -0.527292 0.000000
vt 0.765851 -0.532467 0.000000
vt 0.825287 -0.511884 0.000000
vt 0.384314 -0.710094 0.000000
vt 0.396424 -0.681016 0.000000
vt 0.391981 -0.713203 0.000000
vt 0.380556 -0.738527 0.000000
vt 0.384070 -0.737366 0.000000
vt 0.844436 -0.811193 0.000000
vt 0.838416 -0.840425 0.000000
vt 0.836728 -0.812120 0.000000
vt 0.842034 -0.790024 0.000000
vt 0.833799 -0.928578 0.000000
vt 0.837716 -0.916026 0.000000
vt 0.830778 -0.982035 0.000000
vt 0.393151 -0.628502 0.000000
vt 0.841755 -0.917037 0.000000
vt 0.840005 -0.906606 0.000000
vt 0.839060 -0.879749 0.000000
vt 0.809602 -0.799778 0.000000
vt 0.753441 -0.428642 0.000000
vt 0.746192 -0.430209 0.000000
vt 0.746193 -0.413956 0.000000
vt 0.759963 -0.424684 0.000000
vt 0.817416 -0.802178 0.000000
vt 0.842886 -0.797394 0.000000
vt 0.823820 -0.801056 0.000000
vt 0.810206 -0.449982 0.000000
vt 0.801501 -0.463061 0.000000
vt 0.779006 -0.473927 0.000000
vt 0.761247 -0.486163 0.000000
vt 0.750639 -0.458313 0.000000
vt 0.746192 -0.457638 0.000000
vt 0.765137 -0.519037 0.000000
vt 0.807397 -0.496886 0.000000
vt 0.815066 -0.464790 0.000000
vt 0.814773 -0.488148 0.000000
vt 0.752347 -0.513011 0.000000
vt 0.746192 -0.496845 0.000000
vt 0.749205 -0.488388 0.000000
vt 0.754690 -0.511061 0.000000
vt 0.806108 -0.538453 0.000000
vt 0.452172 -0.733717 0.000000
vt 0.467523 -0.720638 0.000000
vt 0.435532 -0.741445 0.000000
vt 0.442652 -0.759682 0.000000
vt 0.463074 -0.742030 0.000000
vt 0.458489 -0.731486 0.000000
vt 0.413962 -0.748657 0.000000
vt 0.424043 -0.773920 0.000000
vt 0.380010 -0.759121 0.000000
vt 0.378123 -0.779131 0.000000
vt 0.385423 -0.785102 0.000000
vt 0.385734 -0.759738 0.000000
vt 0.384070 -0.737366 0.000000
vt 0.383308 -0.758077 0.000000
vt 0.407096 -0.753546 0.000000
vt 0.407326 -0.774158 0.000000
vt 0.388327 -0.777173 0.000000
vt 0.389985 -0.756907 0.000000
vt 0.427071 -0.745813 0.000000
vt 0.430188 -0.767214 0.000000
vt 0.456159 -0.767436 0.000000
vt 0.442357 -0.782696 0.000000
vt 0.463604 -0.786556 0.000000
vt 0.476331 -0.776502 0.000000
vt 0.487307 -0.762575 0.000000
vt 0.473529 -0.753342 0.000000
vt 0.511244 -0.792930 0.000000
vt 0.511673 -0.776784 0.000000
vt 0.483619 -0.794904 0.000000
vt 0.485959 -0.808195 0.000000
vt 0.531493 -0.642460 0.000000
vt 0.515445 -0.808239 0.000000
vt 0.522594 -0.603871 0.000000
vt 0.535153 -0.802615 0.000000
vt 0.529752 -0.582198 0.000000
vt 0.531179 -0.784843 0.000000
vt 0.533337 -0.613544 0.000000
vt 0.536320 -0.588521 0.000000
vt 0.539151 -0.646829 0.000000
vt 0.455775 -0.799302 0.000000
vt 0.547495 -0.686833 0.000000
vt 0.552028 -0.690139 0.000000
vt 0.422312 -0.797435 0.000000
vt 0.553083 -0.730940 0.000000
vt 0.570928 -0.739399 0.000000
vt 0.574420 -0.696527 0.000000
vt 0.401767 -0.782686 0.000000
vt 0.391651 -0.800071 0.000000
vt 0.550648 -0.768477 0.000000
vt 0.469500 -0.719492 0.000000
vt 0.473847 -0.729494 0.000000
vt 0.481924 -0.721834 0.000000
vt 0.474003 -0.714935 0.000000
vt 0.474104 -0.716081 0.000000
vt 0.492280 -0.749350 0.000000
vt 0.482420 -0.737039 0.000000
vt 0.509362 -0.756144 0.000000
vt 0.511130 -0.749300 0.000000
vt 0.496963 -0.736752 0.000000
vt 0.498599 -0.743974 0.000000
vt 0.532820 -0.779735 0.000000
vt 0.539198 -0.800325 0.000000
vt 0.554504 -0.580976 0.000000
vt 0.384080 -0.797786 0.000000
vt 0.566741 -0.781034 0.000000
vt 0.381287 -0.778076 0.000000
vt 0.391651 -0.800071 0.000000
vt 0.580021 -0.779787 0.000000
vt 0.617880 -0.661724 0.000000
vt 0.485959 -0.808195 0.000000
vt 0.611729 -0.663008 0.000000
vt 0.606524 -0.700973 0.000000
vt 0.613141 -0.699705 0.000000
vt 0.455775 -0.799302 0.000000
vt 0.485142 -0.784098 0.000000
vt 0.511673 -0.779721 0.000000
vt 0.515445 -0.808239 0.000000
vt 0.617874 -0.621658 0.000000
vt 0.613042 -0.623404 0.000000
vt 0.464916 -0.781606 0.000000
vt 0.532028 -0.779382 0.000000
vt 0.539198 -0.800325 0.000000
vt 0.611385 -0.597642 0.000000
vt 0.482730 -0.764706 0.000000
vt 0.492280 -0.749350 0.000000
vt 0.511018 -0.768062 0.000000
vt 0.445251 -0.777254 0.000000
vt 0.465944 -0.758402 0.000000
vt 0.482675 -0.737947 0.000000
vt 0.455749 -0.748003 0.000000
vt 0.473847 -0.729494 0.000000
vt 0.398447 -0.755889 0.000000
vt 0.562177 -0.588439 0.000000
vt 0.594787 -0.596540 0.000000
vt 0.595308 -0.588948 0.000000
vt 0.546038 -0.799245 0.000000
vt 0.540306 -0.775172 0.000000
vt 0.496963 -0.736752 0.000000
vt 0.485904 -0.725814 0.000000
vt 0.604481 -0.603562 0.000000
vt 0.398492 -0.799716 0.000000
vt 0.590458 -0.775375 0.000000
vt 0.422312 -0.797435 0.000000
vt 0.598286 -0.739666 0.000000
vt 0.574568 -0.656669 0.000000
vt 0.584367 -0.740111 0.000000
vt 0.591500 -0.699427 0.000000
vt 0.593911 -0.621564 0.000000
vt 0.600021 -0.661044 0.000000
vt 0.569120 -0.618233 0.000000
vt 0.467897 -0.707437 0.000000
vt 0.304660 -0.167882 0.000000
vt 0.281210 -0.176231 0.000000
vt 0.268622 -0.166774 0.000000
vt 0.268335 -0.179286 0.000000
vt 0.308127 -0.162344 0.000000
vt 0.252914 -0.167246 0.000000
vt 0.253359 -0.168489 0.000000
vt 0.267052 -0.164701 0.000000
vt 0.247028 -0.167842 0.000000
vt 0.247028 -0.168535 0.000000
vt 0.354439 -0.150029 0.000000
vt 0.361205 -0.145936 0.000000
vt 0.355637 -0.158039 0.000000
vt 0.364342 -0.158513 0.000000
vt 0.350551 -0.152985 0.000000
vt 0.351022 -0.158729 0.000000
vt 0.268068 -0.185484 0.000000
vt 0.279246 -0.184199 0.000000
vt 0.252801 -0.185503 0.000000
vt 0.252683 -0.181376 0.000000
vt 0.247029 -0.182891 0.000000
vt 0.247029 -0.185828 0.000000
vt 0.315512 -0.121625 0.000000
vt 0.312175 -0.107911 0.000000
vt 0.282071 -0.234863 0.000000
vt 0.290907 -0.231074 0.000000
vt 0.247029 -0.223399 0.000000
vt 0.307293 -0.193827 0.000000
vt 0.304500 -0.213923 0.000000
vt 0.303620 -0.205034 0.000000
vt 0.302924 -0.212322 0.000000
vt 0.308703 -0.221562 0.000000
vt 0.301344 -0.220883 0.000000
vt 0.865312 -0.171786 0.000000
vt 0.371853 -0.162604 0.000000
vt 0.247030 -0.244134 0.000000
vt 0.329718 -0.803599 0.000000
vt 0.333296 -0.851638 0.000000
vt 0.332963 -0.870175 0.000000
vt 0.331321 -0.919270 0.000000
vt 0.333168 -0.905440 0.000000
vt 0.332735 -0.922702 0.000000
vt 0.306952 -0.602899 0.000000
vt 0.314851 -0.639820 0.000000
vt 0.298926 -0.556529 0.000000
vt 0.321909 -0.682711 0.000000
vt 0.292844 -0.524402 0.000000
vt 0.297941 -0.520257 0.000000
vt 0.835643 -0.791095 0.000000
vt 0.822396 -0.793176 0.000000
vt 0.340780 -0.602142 0.000000
vt 0.333353 -0.551070 0.000000
vt 0.343874 -0.633754 0.000000
vt 0.344740 -0.635658 0.000000
vt 0.324641 -0.507789 0.000000
vt 0.828779 -0.918301 0.000000
vt 0.832962 -0.914824 0.000000
vt 0.335109 -0.869506 0.000000
vt 0.335200 -0.905681 0.000000
vt 0.247029 -0.187996 0.000000
vt 0.312376 -0.237638 0.000000
vt 0.286987 -0.242814 0.000000
vt 0.293997 -0.245631 0.000000
vt 0.746195 -0.251331 0.000000
vt 0.746195 -0.234024 0.000000
vt 0.746195 -0.290059 0.000000
vt 0.746194 -0.319622 0.000000
vt 0.746195 -0.223424 0.000000
vt 0.746195 -0.269651 0.000000
vt 0.247032 -0.394277 0.000000
vt 0.750985 -0.524912 0.000000
vt 0.746191 -0.520936 0.000000
vt 0.746191 -0.517891 0.000000
vt 0.746191 -0.512600 0.000000
vt 0.288907 -0.180907 0.000000
vt 0.291285 -0.442237 0.000000
vt 0.764151 -0.355357 0.000000
vt 0.768754 -0.532078 0.000000
vt 0.815346 -0.633086 0.000000
vt 0.812092 -0.578520 0.000000
vt 0.820674 -0.650925 0.000000
vt 0.824108 -0.673826 0.000000
vt 0.810885 -0.549584 0.000000
vt 0.807151 -0.547690 0.000000
vt 0.831243 -0.757747 0.000000
vt 0.832011 -0.779999 0.000000
vt 0.828533 -0.784322 0.000000
vt 0.826901 -0.758409 0.000000
vt 0.823230 -0.775771 0.000000
vt 0.824652 -0.784484 0.000000
vt 0.832153 -0.813167 0.000000
vt 0.833624 -0.841002 0.000000
vt 0.834995 -0.880470 0.000000
vt 0.835961 -0.905367 0.000000
vt 0.825949 -0.794857 0.000000
vt 0.830292 -0.796751 0.000000
vt 0.813307 -0.709908 0.000000
vt 0.839511 -0.730034 0.000000
vt 0.831597 -0.698136 0.000000
vt 0.825149 -0.691680 0.000000
vt 0.812417 -0.633745 0.000000
vt 0.817324 -0.654181 0.000000
vt 0.813541 -0.659380 0.000000
vt 0.808256 -0.579046 0.000000
vt 0.821836 -0.758211 0.000000
vt 0.818397 -0.678356 0.000000
vt 0.813412 -0.692143 0.000000
vt 0.815747 -0.706352 0.000000
vt 0.819121 -0.695316 0.000000
vt 0.830882 -0.721080 0.000000
vt 0.823204 -0.725124 0.000000
vt 0.819159 -0.727661 0.000000
vt 0.832526 -0.735070 0.000000
vt 0.835723 -0.798355 0.000000
vt 0.833131 -0.793680 0.000000
vt 0.837554 -0.736256 0.000000
vt 0.829433 -0.730937 0.000000
vt 0.353120 -0.124249 0.000000
vt 0.362296 -0.139789 0.000000
vt 0.817418 -0.182636 0.000000
vt 0.755291 -0.354320 0.000000
vt 0.746194 -0.353639 0.000000
vt 0.751545 -0.353758 0.000000
vt 0.247028 -0.130215 0.000000
vt 0.247028 -0.134681 0.000000
vt 0.247028 -0.126421 0.000000
vt 0.268566 -0.056593 0.000000
vt 0.522569 -0.477583 0.000000
vt 0.523528 -0.501938 0.000000
vt 0.529201 -0.407798 0.000000
vt 0.530713 -0.394771 0.000000
vt 0.870254 -0.468567 0.000000
vt 0.536355 -0.402427 0.000000
vt 0.537233 -0.418933 0.000000
vt 0.526023 -0.422594 0.000000
vt 0.529041 -0.501840 0.000000
vt 0.532642 -0.516228 0.000000
vt 0.882243 -0.396531 0.000000
vt 0.526977 -0.513595 0.000000
vt 0.872066 -0.402261 0.000000
vt 0.873106 -0.445456 0.000000
vt 0.882499 -0.449938 0.000000
vt 0.879369 -0.477902 0.000000
vt 0.537766 -0.392220 0.000000
vt 0.872866 -0.421945 0.000000
vt 0.885624 -0.423142 0.000000
vt 0.525506 -0.441133 0.000000
vt 0.536174 -0.436367 0.000000
vt 0.523399 -0.456587 0.000000
vt 0.529267 -0.476984 0.000000
vt 0.530816 -0.456324 0.000000
vt 0.415732 -0.566792 0.000000
vt 0.594595 -0.495597 0.000000
vt 0.412858 -0.566590 0.000000
vt 0.592059 -0.495250 0.000000
vt 0.411484 -0.561474 0.000000
vt 0.413814 -0.562493 0.000000
vt 0.604519 -0.496283 0.000000
vt 0.423444 -0.566208 0.000000
vt 0.604598 -0.500992 0.000000
vt 0.595740 -0.500718 0.000000
vt 0.624294 -0.508128 0.000000
vt 0.617993 -0.507735 0.000000
vt 0.617623 -0.503408 0.000000
vt 0.624328 -0.504779 0.000000
vt 0.626880 -0.502035 0.000000
vt 0.439977 -0.562311 0.000000
vt 0.626411 -0.511617 0.000000
vt 0.441609 -0.554285 0.000000
vt 0.595612 -0.506495 0.000000
vt 0.593136 -0.505987 0.000000
vt 0.593245 -0.500343 0.000000
vt 0.604638 -0.506706 0.000000
vt 0.604442 -0.511355 0.000000
vt 0.426460 -0.547564 0.000000
vt 0.595599 -0.512747 0.000000
vt 0.418504 -0.546774 0.000000
vt 0.408766 -0.550168 0.000000
vt 0.407367 -0.561611 0.000000
vt 0.388980 -0.556298 0.000000
vt 0.948866 -0.420497 0.000000
vt 0.391949 -0.544941 0.000000
vt 0.946360 -0.408028 0.000000
vt 0.412524 -0.551346 0.000000
vt 0.393458 -0.538964 0.000000
vt 0.944727 -0.392233 0.000000
vt 0.576133 -0.513204 0.000000
vt 0.412717 -0.545816 0.000000
vt 0.590627 -0.512232 0.000000
vt 0.933324 -0.408706 0.000000
vt 0.928572 -0.391869 0.000000
vt 0.565793 -0.514065 0.000000
vt 0.935823 -0.434007 0.000000
vt 0.432947 -0.561693 0.000000
vt 0.426656 -0.562090 0.000000
vt 0.428133 -0.551790 0.000000
vt 0.434786 -0.552270 0.000000
vt 0.431092 -0.548189 0.000000
vt 0.608681 -0.512127 0.000000
vt 0.437384 -0.548766 0.000000
vt 0.618407 -0.512808 0.000000
vt 0.617695 -0.499172 0.000000
vt 0.434362 -0.565081 0.000000
vt 0.608710 -0.502072 0.000000
vt 0.608752 -0.497477 0.000000
vt 0.428158 -0.565782 0.000000
vt 0.409319 -0.566468 0.000000
vt 0.589497 -0.494907 0.000000
vt 0.387690 -0.562132 0.000000
vt 0.956226 -0.421202 0.000000
vt 0.575742 -0.494787 0.000000
vt 0.593136 -0.512354 0.000000
vt 0.415908 -0.546308 0.000000
vt 0.423227 -0.551583 0.000000
vt 0.414993 -0.551075 0.000000
vt 0.900123 -0.417467 0.000000
vt 0.894253 -0.395220 0.000000
vt 0.546256 -0.517013 0.000000
vt 0.914968 -0.453210 0.000000
vt 0.957407 -0.426667 0.000000
vt 0.576488 -0.487469 0.000000
vt 0.388832 -0.507243 0.000000
vt 0.952185 -0.433068 0.000000
vt 0.394480 -0.512059 0.000000
vt 0.566036 -0.494041 0.000000
vt 0.566053 -0.484648 0.000000
vt 0.590784 -0.500145 0.000000
vt 0.573797 -0.499907 0.000000
vt 0.565316 -0.499161 0.000000
vt 0.574148 -0.506825 0.000000
vt 0.565560 -0.505917 0.000000
vt 0.608715 -0.507778 0.000000
vt 0.590694 -0.505766 0.000000
vt 0.543113 -0.501629 0.000000
vt 0.413837 -0.458013 0.000000
vt 0.602168 -0.419053 0.000000
vt 0.410765 -0.458658 0.000000
vt 0.599638 -0.419261 0.000000
vt 0.410856 -0.453911 0.000000
vt 0.413500 -0.454059 0.000000
vt 0.613015 -0.418454 0.000000
vt 0.426406 -0.457161 0.000000
vt 0.614254 -0.425667 0.000000
vt 0.602381 -0.424598 0.000000
vt 0.635607 -0.429947 0.000000
vt 0.629288 -0.430723 0.000000
vt 0.628938 -0.422482 0.000000
vt 0.635306 -0.422722 0.000000
vt 0.638778 -0.420548 0.000000
vt 0.445199 -0.451428 0.000000
vt 0.639334 -0.430981 0.000000
vt 0.444716 -0.444620 0.000000
vt 0.603170 -0.432083 0.000000
vt 0.600803 -0.432808 0.000000
vt 0.600033 -0.425282 0.000000
vt 0.614568 -0.430950 0.000000
vt 0.614226 -0.437453 0.000000
vt 0.425984 -0.441779 0.000000
vt 0.603223 -0.438210 0.000000
vt 0.413525 -0.441676 0.000000
vt 0.406790 -0.444546 0.000000
vt 0.406978 -0.454295 0.000000
vt 0.391691 -0.454924 0.000000
vt 0.951747 -0.516096 0.000000
vt 0.392151 -0.444239 0.000000
vt 0.953612 -0.498979 0.000000
vt 0.410575 -0.445274 0.000000
vt 0.388958 -0.440955 0.000000
vt 0.961712 -0.494667 0.000000
vt 0.580208 -0.440403 0.000000
vt 0.407210 -0.441274 0.000000
vt 0.598048 -0.439202 0.000000
vt 0.954563 -0.482424 0.000000
vt 0.386962 -0.491461 0.000000
vt 0.961816 -0.489131 0.000000
vt 0.385015 -0.496590 0.000000
vt 0.580179 -0.447787 0.000000
vt 0.438142 -0.452296 0.000000
vt 0.432059 -0.452926 0.000000
vt 0.431877 -0.444466 0.000000
vt 0.437669 -0.444356 0.000000
vt 0.431926 -0.441665 0.000000
vt 0.619701 -0.436439 0.000000
vt 0.437780 -0.441658 0.000000
vt 0.629608 -0.435576 0.000000
vt 0.628909 -0.418320 0.000000
vt 0.438236 -0.455697 0.000000
vt 0.619565 -0.423277 0.000000
vt 0.618661 -0.418078 0.000000
vt 0.432425 -0.456542 0.000000
vt 0.407588 -0.459128 0.000000
vt 0.597039 -0.419439 0.000000
vt 0.389377 -0.461290 0.000000
vt 0.951331 -0.531043 0.000000
vt 0.581732 -0.419255 0.000000
vt 0.600643 -0.438894 0.000000
vt 0.410395 -0.441327 0.000000
vt 0.425826 -0.444645 0.000000
vt 0.413277 -0.444762 0.000000
vt 0.572949 -0.450428 0.000000
vt 0.550941 -0.456591 0.000000
vt 0.552665 -0.436406 0.000000
vt 0.572758 -0.440255 0.000000
vt 0.403936 -0.490207 0.000000
vt 0.403691 -0.495105 0.000000
vt 0.602727 -0.446229 0.000000
vt 0.938689 -0.490388 0.000000
vt 0.939399 -0.454071 0.000000
vt 0.955232 -0.462948 0.000000
vt 0.386755 -0.476786 0.000000
vt 0.936839 -0.529220 0.000000
vt 0.572067 -0.420393 0.000000
vt 0.935874 -0.514768 0.000000
vt 0.572246 -0.417492 0.000000
vt 0.597508 -0.425492 0.000000
vt 0.581187 -0.426177 0.000000
vt 0.570890 -0.426416 0.000000
vt 0.581195 -0.433691 0.000000
vt 0.571276 -0.434878 0.000000
vt 0.554097 -0.423812 0.000000
vt 0.620153 -0.431139 0.000000
vt 0.598279 -0.432985 0.000000
vt 0.580764 -0.453577 0.000000
vt 0.571086 -0.454966 0.000000
vt 0.603800 -0.451911 0.000000
vt 0.605425 -0.446487 0.000000
vt 0.406892 -0.494922 0.000000
vt 0.606391 -0.451797 0.000000
vt 0.642251 -0.458754 0.000000
vt 0.634017 -0.460782 0.000000
vt 0.633531 -0.452300 0.000000
vt 0.641794 -0.452573 0.000000
vt 0.645471 -0.447443 0.000000
vt 0.445722 -0.487642 0.000000
vt 0.645166 -0.462036 0.000000
vt 0.445387 -0.479581 0.000000
vt 0.608942 -0.460791 0.000000
vt 0.606043 -0.460929 0.000000
vt 0.608802 -0.451633 0.000000
vt 0.620035 -0.461496 0.000000
vt 0.619040 -0.466110 0.000000
vt 0.422391 -0.475304 0.000000
vt 0.607826 -0.465890 0.000000
vt 0.409864 -0.474480 0.000000
vt 0.403994 -0.478337 0.000000
vt 0.407633 -0.479219 0.000000
vt 0.407599 -0.489746 0.000000
vt 0.381703 -0.473542 0.000000
vt 0.961536 -0.455716 0.000000
vt 0.579738 -0.465167 0.000000
vt 0.404165 -0.474026 0.000000
vt 0.602796 -0.466019 0.000000
vt 0.954466 -0.448406 0.000000
vt 0.396160 -0.522132 0.000000
vt 0.961516 -0.450921 0.000000
vt 0.390470 -0.527223 0.000000
vt 0.579205 -0.469659 0.000000
vt 0.438466 -0.488752 0.000000
vt 0.428244 -0.489288 0.000000
vt 0.428060 -0.479215 0.000000
vt 0.438266 -0.479120 0.000000
vt 0.428067 -0.475487 0.000000
vt 0.624166 -0.466137 0.000000
vt 0.438188 -0.475634 0.000000
vt 0.633505 -0.466201 0.000000
vt 0.633915 -0.445601 0.000000
vt 0.438258 -0.492506 0.000000
vt 0.625320 -0.452114 0.000000
vt 0.624831 -0.446220 0.000000
vt 0.428039 -0.493400 0.000000
vt 0.607597 -0.445923 0.000000
vt 0.409593 -0.494190 0.000000
vt 0.620391 -0.452226 0.000000
vt 0.605340 -0.466089 0.000000
vt 0.407079 -0.474096 0.000000
vt 0.422441 -0.479148 0.000000
vt 0.409767 -0.478721 0.000000
vt 0.570012 -0.469271 0.000000
vt 0.547821 -0.476187 0.000000
vt 0.571181 -0.464181 0.000000
vt 0.412031 -0.523208 0.000000
vt 0.410448 -0.527313 0.000000
vt 0.599370 -0.472005 0.000000
vt 0.580511 -0.460392 0.000000
vt 0.570806 -0.458673 0.000000
vt 0.625032 -0.460952 0.000000
vt 0.603470 -0.460824 0.000000
vt 0.578189 -0.474128 0.000000
vt 0.567497 -0.474347 0.000000
vt 0.919247 -0.502714 0.000000
vt 0.394351 -0.420065 0.000000
vt 0.910555 -0.498586 0.000000
vt 0.920617 -0.482134 0.000000
vt 0.924105 -0.503905 0.000000
vt 0.392131 -0.406774 0.000000
vt 0.405080 -0.420794 0.000000
vt 0.407629 -0.426125 0.000000
vt 0.585635 -0.384967 0.000000
vt 0.394158 -0.425604 0.000000
vt 0.576662 -0.387604 0.000000
vt 0.915539 -0.516628 0.000000
vt 0.609470 -0.390654 0.000000
vt 0.601926 -0.394374 0.000000
vt 0.600090 -0.388706 0.000000
vt 0.608339 -0.385702 0.000000
vt 0.613118 -0.392297 0.000000
vt 0.442448 -0.405716 0.000000
vt 0.604936 -0.399919 0.000000
vt 0.425370 -0.401249 0.000000
vt 0.572978 -0.414206 0.000000
vt 0.927300 -0.516935 0.000000
vt 0.553436 -0.413798 0.000000
vt 0.571578 -0.404847 0.000000
vt 0.921109 -0.517019 0.000000
vt 0.582578 -0.409999 0.000000
vt 0.392003 -0.400772 0.000000
vt 0.931914 -0.498489 0.000000
vt 0.444811 -0.420196 0.000000
vt 0.611201 -0.382440 0.000000
vt 0.430970 -0.419773 0.000000
vt 0.428933 -0.405903 0.000000
vt 0.570710 -0.396108 0.000000
vt 0.578400 -0.393862 0.000000
vt 0.580305 -0.401724 0.000000
vt 0.554800 -0.400344 0.000000
vt 0.556190 -0.390078 0.000000
vt 0.894722 -0.504484 0.000000
vt 0.567899 -0.388454 0.000000
vt 0.905254 -0.515518 0.000000
vt 0.898708 -0.481356 0.000000
vt 0.589276 -0.398576 0.000000
vt 0.591725 -0.406015 0.000000
vt 0.405282 -0.400292 0.000000
vt 0.599156 -0.381211 0.000000
vt 0.428264 -0.424973 0.000000
vt 0.415281 -0.426055 0.000000
vt 0.590495 -0.383736 0.000000
vt 0.413010 -0.420732 0.000000
vt 0.410771 -0.407239 0.000000
vt 0.413086 -0.400426 0.000000
vt 0.597737 -0.402619 0.000000
vt 0.595242 -0.396301 0.000000
vt 0.592905 -0.389846 0.000000
vt 0.403017 -0.407708 0.000000
vt 0.566949 -0.479401 0.000000
vt 0.576712 -0.481824 0.000000
vt 0.587210 -0.391598 0.000000
vt 0.412203 -0.513024 0.000000
vt 0.411253 -0.508425 0.000000
vt 0.599095 -0.489545 0.000000
vt 0.600661 -0.475600 0.000000
vt 0.602095 -0.472303 0.000000
vt 0.413118 -0.527357 0.000000
vt 0.603262 -0.475881 0.000000
vt 0.635586 -0.486585 0.000000
vt 0.628233 -0.486619 0.000000
vt 0.629088 -0.478093 0.000000
vt 0.635699 -0.480392 0.000000
vt 0.640284 -0.476148 0.000000
vt 0.444620 -0.521521 0.000000
vt 0.639082 -0.490747 0.000000
vt 0.444404 -0.514373 0.000000
vt 0.604808 -0.484653 0.000000
vt 0.602439 -0.483907 0.000000
vt 0.605607 -0.476601 0.000000
vt 0.614184 -0.484424 0.000000
vt 0.613476 -0.489652 0.000000
vt 0.425412 -0.509802 0.000000
vt 0.604131 -0.489755 0.000000
vt 0.416237 -0.509456 0.000000
vt 0.414820 -0.514170 0.000000
vt 0.414569 -0.522346 0.000000
vt 0.438390 -0.522496 0.000000
vt 0.430380 -0.522718 0.000000
vt 0.430350 -0.513769 0.000000
vt 0.438308 -0.513960 0.000000
vt 0.429742 -0.510058 0.000000
vt 0.617760 -0.490332 0.000000
vt 0.437643 -0.510462 0.000000
vt 0.627891 -0.490999 0.000000
vt 0.628421 -0.473910 0.000000
vt 0.437307 -0.525559 0.000000
vt 0.618503 -0.478436 0.000000
vt 0.618192 -0.473383 0.000000
vt 0.429271 -0.525905 0.000000
vt 0.605103 -0.472066 0.000000
vt 0.415632 -0.526691 0.000000
vt 0.614427 -0.477870 0.000000
vt 0.601825 -0.489179 0.000000
vt 0.413894 -0.508811 0.000000
vt 0.426245 -0.513643 0.000000
vt 0.417047 -0.513586 0.000000
vt 0.618196 -0.485420 0.000000
vt 0.599949 -0.483688 0.000000
vt 0.592149 -0.397632 0.000000
vt 0.595313 -0.404548 0.000000
vt 0.409286 -0.400367 0.000000
vt 0.589693 -0.391166 0.000000
vt 0.407245 -0.408149 0.000000
vt 0.409189 -0.420249 0.000000
vt 0.411450 -0.426188 0.000000
vt 0.588042 -0.384315 0.000000
vt 0.426127 -0.453437 0.000000
vt 0.409774 -0.489807 0.000000
vt 0.619495 -0.445717 0.000000
vt 0.422497 -0.493991 0.000000
vt 0.422452 -0.489605 0.000000
vt 0.416914 -0.522992 0.000000
vt 0.613884 -0.472937 0.000000
vt 0.424891 -0.526062 0.000000
vt 0.426045 -0.522680 0.000000
vt 0.421778 -0.562303 0.000000
vt 0.617324 -0.423805 0.000000
vt 0.616153 -0.419045 0.000000
vt 0.429512 -0.456830 0.000000
vt 0.617280 -0.431754 0.000000
vt 0.617223 -0.436573 0.000000
vt 0.429080 -0.441815 0.000000
vt 0.429186 -0.445262 0.000000
vt 0.429479 -0.452766 0.000000
vt 0.622787 -0.451981 0.000000
vt 0.622084 -0.445416 0.000000
vt 0.425443 -0.493805 0.000000
vt 0.622610 -0.461586 0.000000
vt 0.621714 -0.465780 0.000000
vt 0.425440 -0.475520 0.000000
vt 0.425712 -0.479895 0.000000
vt 0.425840 -0.489226 0.000000
vt 0.616507 -0.478534 0.000000
vt 0.616168 -0.473460 0.000000
vt 0.427173 -0.525957 0.000000
vt 0.616201 -0.485106 0.000000
vt 0.615640 -0.490082 0.000000
vt 0.427574 -0.509957 0.000000
vt 0.428347 -0.514484 0.000000
vt 0.428246 -0.522058 0.000000
vt 0.606703 -0.501402 0.000000
vt 0.606706 -0.496859 0.000000
vt 0.426208 -0.565926 0.000000
vt 0.606629 -0.507135 0.000000
vt 0.606680 -0.511495 0.000000
vt 0.429270 -0.547990 0.000000
vt 0.426248 -0.552928 0.000000
vt 0.425082 -0.561206 0.000000
vt 0.750985 -0.524912 0.000000
vt 0.741397 -0.524911 0.000000
vt 0.882615 -0.231524 0.000000
vt 0.894904 -0.258197 0.000000
vt 0.317503 -0.248405 0.000000
vt 0.314640 -0.265166 0.000000
vt 0.316347 -0.229288 0.000000
vt 0.168901 -0.100552 0.000000
vt 0.176371 -0.095740 0.000000
vt 0.679112 -0.105389 0.000000
vt 0.193704 -0.105829 0.000000
vt 0.190869 -0.108633 0.000000
vt 0.178028 -0.164551 0.000000
vt 0.186282 -0.173606 0.000000
vt 0.183177 -0.181538 0.000000
vt 0.178573 -0.168932 0.000000
vt 0.163639 -0.159821 0.000000
vt 0.161909 -0.152990 0.000000
vt 0.178821 -0.156404 0.000000
vt 0.184963 -0.136866 0.000000
vt 0.180621 -0.148619 0.000000
vt 0.164190 -0.143956 0.000000
vt 0.167634 -0.136584 0.000000
vt 0.213305 -0.094723 0.000000
vt 0.195262 -0.097316 0.000000
vt 0.196548 -0.085472 0.000000
vt 0.699295 -0.096822 0.000000
vt 0.211166 -0.078207 0.000000
vt 0.711441 -0.091151 0.000000
vt 0.229633 -0.102971 0.000000
vt 0.225428 -0.064849 0.000000
vt 0.227816 -0.069455 0.000000
vt 0.229523 -0.110486 0.000000
vt 0.223904 -0.261925 0.000000
vt 0.224646 -0.287094 0.000000
vt 0.217226 -0.294105 0.000000
vt 0.212926 -0.290008 0.000000
vt 0.224296 -0.254782 0.000000
vt 0.238208 -0.247518 0.000000
vt 0.239814 -0.256607 0.000000
vt 0.223674 -0.036285 0.000000
vt 0.220737 -0.033349 0.000000
vt 0.726780 -0.039790 0.000000
vt 0.226860 -0.043095 0.000000
vt 0.227285 -0.113976 0.000000
vt 0.207967 -0.109426 0.000000
vt 0.211562 -0.105608 0.000000
vt 0.223733 -0.087129 0.000000
vt 0.219521 -0.063770 0.000000
vt 0.725441 -0.071754 0.000000
vt 0.219751 -0.048819 0.000000
vt 0.726281 -0.053748 0.000000
vt 0.223761 -0.055011 0.000000
vt 0.194819 -0.306793 0.000000
vt 0.181108 -0.304021 0.000000
vt 0.684980 -0.301066 0.000000
vt 0.181116 -0.293215 0.000000
vt 0.681341 -0.294304 0.000000
vt 0.189015 -0.299633 0.000000
vt 0.194689 -0.301227 0.000000
vt 0.198893 -0.307104 0.000000
vt 0.241691 -0.205419 0.000000
vt 0.240253 -0.220643 0.000000
vt 0.227383 -0.227937 0.000000
vt 0.225291 -0.209930 0.000000
vt 0.198933 -0.181102 0.000000
vt 0.198078 -0.199636 0.000000
vt 0.190827 -0.194043 0.000000
vt 0.192879 -0.173442 0.000000
vt 0.198327 -0.223133 0.000000
vt 0.193251 -0.215572 0.000000
vt 0.174488 -0.219835 0.000000
vt 0.677026 -0.232386 0.000000
vt 0.177061 -0.206825 0.000000
vt 0.673208 -0.218005 0.000000
vt 0.183377 -0.202331 0.000000
vt 0.182434 -0.218179 0.000000
vt 0.230679 -0.073032 0.000000
vt 0.234053 -0.111155 0.000000
vt 0.230625 -0.044965 0.000000
vt 0.210429 -0.279508 0.000000
vt 0.208070 -0.296297 0.000000
vt 0.202689 -0.291540 0.000000
vt 0.237905 -0.284873 0.000000
vt 0.182619 -0.191781 0.000000
vt 0.183851 -0.185926 0.000000
vt 0.185270 -0.195151 0.000000
vt 0.186798 -0.200314 0.000000
vt 0.210399 -0.153220 0.000000
vt 0.208388 -0.139956 0.000000
vt 0.221318 -0.139672 0.000000
vt 0.222991 -0.147808 0.000000
vt 0.209632 -0.163350 0.000000
vt 0.199099 -0.168187 0.000000
vt 0.198194 -0.317605 0.000000
vt 0.192652 -0.316961 0.000000
vt 0.207620 -0.308270 0.000000
vt 0.206704 -0.324445 0.000000
vt 0.195986 -0.334207 0.000000
vt 0.190701 -0.224213 0.000000
vt 0.195434 -0.226427 0.000000
vt 0.192100 -0.245530 0.000000
vt 0.188385 -0.246512 0.000000
vt 0.238605 -0.141735 0.000000
vt 0.239050 -0.147346 0.000000
vt 0.217766 -0.161214 0.000000
vt 0.224688 -0.156574 0.000000
vt 0.216763 -0.324448 0.000000
vt 0.219792 -0.334355 0.000000
vt 0.216215 -0.350357 0.000000
vt 0.213246 -0.349462 0.000000
vt 0.219261 -0.313029 0.000000
vt 0.226622 -0.315868 0.000000
vt 0.227230 -0.325314 0.000000
vt 0.235651 -0.326962 0.000000
vt 0.235541 -0.330833 0.000000
vt 0.227556 -0.332695 0.000000
vt 0.243134 -0.329151 0.000000
vt 0.192880 -0.334927 0.000000
vt 0.187884 -0.331786 0.000000
vt 0.688702 -0.330793 0.000000
vt 0.187976 -0.315855 0.000000
vt 0.688078 -0.312900 0.000000
vt 0.235544 -0.317120 0.000000
vt 0.196592 -0.355534 0.000000
vt 0.190071 -0.351240 0.000000
vt 0.206462 -0.352502 0.000000
vt 0.212056 -0.377280 0.000000
vt 0.217333 -0.367453 0.000000
vt 0.223736 -0.367264 0.000000
vt 0.222426 -0.375977 0.000000
vt 0.215309 -0.392757 0.000000
vt 0.216458 -0.412694 0.000000
vt 0.212181 -0.407924 0.000000
vt 0.234966 -0.373844 0.000000
vt 0.235382 -0.367790 0.000000
vt 0.244491 -0.366109 0.000000
vt 0.245394 -0.371665 0.000000
vt 0.234078 -0.382262 0.000000
vt 0.222219 -0.385963 0.000000
vt 0.193851 -0.369041 0.000000
vt 0.192598 -0.386541 0.000000
vt 0.181882 -0.371231 0.000000
vt 0.184937 -0.361318 0.000000
vt 0.206346 -0.366026 0.000000
vt 0.204444 -0.397205 0.000000
vt 0.178545 -0.363779 0.000000
vt 0.685946 -0.375288 0.000000
vt 0.181993 -0.353573 0.000000
vt 0.689055 -0.364061 0.000000
vt 0.185731 -0.345082 0.000000
vt 0.687088 -0.342766 0.000000
vt 0.235487 -0.349439 0.000000
vt 0.244988 -0.347143 0.000000
vt 0.224119 -0.350103 0.000000
vt 0.190117 -0.123022 0.000000
vt 0.188865 -0.114197 0.000000
vt 0.203651 -0.117584 0.000000
vt 0.204182 -0.126041 0.000000
vt 0.220838 -0.123325 0.000000
vt 0.220058 -0.130489 0.000000
vt 0.245099 -0.384322 0.000000
vt 0.243655 -0.391077 0.000000
vt 0.242865 -0.382448 0.000000
vt 0.200017 -0.159490 0.000000
vt 0.195528 -0.144178 0.000000
vt 0.194390 -0.163691 0.000000
vt 0.189320 -0.155027 0.000000
vt 0.213300 -0.297107 0.000000
vt 0.242151 -0.316672 0.000000
vt 0.236816 -0.235714 0.000000
vt 0.237931 -0.242862 0.000000
vt 0.223817 -0.248729 0.000000
vt 0.222642 -0.241366 0.000000
vt 0.224945 -0.233841 0.000000
vt 0.238927 -0.228546 0.000000
vt 0.209741 -0.272933 0.000000
vt 0.209325 -0.253834 0.000000
vt 0.200675 -0.282655 0.000000
vt 0.198930 -0.262096 0.000000
vt 0.188911 -0.276042 0.000000
vt 0.191885 -0.292690 0.000000
vt 0.185754 -0.287906 0.000000
vt 0.185136 -0.276651 0.000000
vt 0.179685 -0.279490 0.000000
vt 0.678419 -0.282501 0.000000
vt 0.174886 -0.269155 0.000000
vt 0.678139 -0.277141 0.000000
vt 0.183145 -0.255702 0.000000
vt 0.692402 -0.308087 0.000000
vt 0.686828 -0.291703 0.000000
vt 0.678129 -0.244289 0.000000
vt 0.174418 -0.239777 0.000000
vt 0.681895 -0.242715 0.000000
vt 0.681278 -0.231676 0.000000
vt 0.682596 -0.255061 0.000000
vt 0.678804 -0.261511 0.000000
vt 0.173954 -0.255001 0.000000
vt 0.177800 -0.195669 0.000000
vt 0.675217 -0.201476 0.000000
vt 0.676559 -0.218598 0.000000
vt 0.177126 -0.177116 0.000000
vt 0.676531 -0.188205 0.000000
vt 0.686364 -0.116402 0.000000
vt 0.696473 -0.109508 0.000000
vt 0.688797 -0.100251 0.000000
vt 0.188561 -0.085409 0.000000
vt 0.667649 -0.108295 0.000000
vt 0.164397 -0.091580 0.000000
vt 0.674160 -0.114219 0.000000
vt 0.704674 -0.105227 0.000000
vt 0.730007 -0.072308 0.000000
vt 0.730611 -0.053215 0.000000
vt 0.714466 -0.102156 0.000000
vt 0.726131 -0.087176 0.000000
vt 0.730851 -0.042269 0.000000
vt 0.205812 -0.112040 0.000000
vt 0.235572 -0.119842 0.000000
vt 0.234411 -0.122566 0.000000
vt 0.225044 -0.117435 0.000000
vt 0.691252 -0.343519 0.000000
vt 0.693884 -0.330190 0.000000
vt 0.692424 -0.364768 0.000000
vt 0.690302 -0.375390 0.000000
vt 0.241275 -0.124186 0.000000
vt 0.240103 -0.126081 0.000000
vt 0.234384 -0.126180 0.000000
vt 0.233867 -0.076838 0.000000
vt 0.237620 -0.079381 0.000000
vt 0.238886 -0.097593 0.000000
vt 0.237334 -0.110145 0.000000
vt 0.234743 -0.062487 0.000000
vt 0.232828 -0.062034 0.000000
vt 0.232917 -0.045585 0.000000
vt 0.227640 -0.058010 0.000000
vt 0.229380 -0.061200 0.000000
vt 0.235911 -0.053269 0.000000
vt 0.236263 -0.063946 0.000000
vt 0.240804 -0.158756 0.000000
vt 0.242277 -0.112226 0.000000
vt 0.241956 -0.121012 0.000000
vt 0.237221 -0.116504 0.000000
vt 0.242318 -0.100861 0.000000
vt 0.238170 -0.058766 0.000000
vt 0.238105 -0.067751 0.000000
vt 0.241363 -0.061915 0.000000
vt 0.241187 -0.070740 0.000000
vt 0.239685 -0.129436 0.000000
vt 0.235197 -0.132205 0.000000
vt 0.240939 -0.134627 0.000000
vt 0.240922 -0.078302 0.000000
vt 0.214685 -0.229961 0.000000
vt 0.212054 -0.209991 0.000000
vt 0.225169 -0.190395 0.000000
vt 0.240742 -0.189047 0.000000
vt 0.205517 -0.227201 0.000000
vt 0.204008 -0.204429 0.000000
vt 0.212568 -0.188398 0.000000
vt 0.245935 -0.363097 0.000000
vt 0.677873 -0.200080 0.000000
vt 0.677559 -0.185466 0.000000
vt 0.694226 -0.133867 0.000000
vt 0.704555 -0.131109 0.000000
vt 0.684732 -0.140645 0.000000
vt 0.675767 -0.167876 0.000000
vt 0.681181 -0.194327 0.000000
vt 0.689129 -0.193793 0.000000
vt 0.689819 -0.165991 0.000000
vt 0.665179 -0.157845 0.000000
vt 0.663246 -0.164862 0.000000
vt 0.670637 -0.173207 0.000000
vt 0.715906 -0.129272 0.000000
vt 0.699747 -0.162237 0.000000
vt 0.710778 -0.163000 0.000000
vt 0.699385 -0.245312 0.000000
vt 0.698090 -0.264853 0.000000
vt 0.712479 -0.268628 0.000000
vt 0.712353 -0.250031 0.000000
vt 0.712939 -0.232356 0.000000
vt 0.700410 -0.224649 0.000000
vt 0.685064 -0.236789 0.000000
vt 0.689760 -0.236496 0.000000
vt 0.690332 -0.224184 0.000000
vt 0.684757 -0.225328 0.000000
vt 0.686296 -0.250565 0.000000
vt 0.703641 -0.375179 0.000000
vt 0.701625 -0.345098 0.000000
vt 0.695436 -0.342999 0.000000
vt 0.697097 -0.370781 0.000000
vt 0.704744 -0.389799 0.000000
vt 0.714502 -0.392895 0.000000
vt 0.712279 -0.380514 0.000000
vt 0.686374 -0.270499 0.000000
vt 0.688392 -0.288133 0.000000
vt 0.693422 -0.282280 0.000000
vt 0.691541 -0.267061 0.000000
vt 0.694733 -0.307621 0.000000
vt 0.698739 -0.282183 0.000000
vt 0.701130 -0.305638 0.000000
vt 0.714928 -0.311130 0.000000
vt 0.712652 -0.285877 0.000000
vt 0.727057 -0.164445 0.000000
vt 0.688560 -0.214436 0.000000
vt 0.678415 -0.213686 0.000000
vt 0.736600 -0.052602 0.000000
vt 0.737184 -0.043209 0.000000
vt 0.736782 -0.073642 0.000000
vt 0.735120 -0.090984 0.000000
vt 0.718073 -0.127193 0.000000
vt 0.729334 -0.124191 0.000000
vt 0.724315 -0.234186 0.000000
vt 0.725647 -0.230734 0.000000
vt 0.713932 -0.228895 0.000000
vt 0.722296 -0.270193 0.000000
vt 0.722034 -0.248803 0.000000
vt 0.723611 -0.312662 0.000000
vt 0.721941 -0.287020 0.000000
vt 0.711698 -0.355042 0.000000
vt 0.722005 -0.397607 0.000000
vt 0.720453 -0.388502 0.000000
vt 0.719832 -0.364573 0.000000
vt 0.701235 -0.221223 0.000000
vt 0.700805 -0.196618 0.000000
vt 0.686619 -0.259225 0.000000
vt 0.690426 -0.252239 0.000000
vt 0.684814 -0.275417 0.000000
vt 0.703877 -0.327062 0.000000
vt 0.714644 -0.337836 0.000000
vt 0.697456 -0.326753 0.000000
vt 0.720728 -0.343414 0.000000
vt 0.695699 -0.385621 0.000000
vt 0.713299 -0.198164 0.000000
vt 0.730519 -0.200059 0.000000
vt 0.683003 -0.265965 0.000000
vt 0.736670 -0.230933 0.000000
vt 0.742581 -0.233676 0.000000
vt 0.742725 -0.223876 0.000000
vt 0.737622 -0.222843 0.000000
vt 0.727975 -0.231910 0.000000
vt 0.730673 -0.248820 0.000000
vt 0.737385 -0.249648 0.000000
vt 0.729396 -0.223313 0.000000
vt 0.740064 -0.117709 0.000000
vt 0.730375 -0.164889 0.000000
vt 0.734491 -0.166956 0.000000
vt 0.736138 -0.397658 0.000000
vt 0.738041 -0.375212 0.000000
vt 0.730178 -0.396745 0.000000
vt 0.730181 -0.405121 0.000000
vt 0.737031 -0.412220 0.000000
vt 0.741373 -0.288891 0.000000
vt 0.737802 -0.288261 0.000000
vt 0.738125 -0.317259 0.000000
vt 0.741426 -0.318059 0.000000
vt 0.730339 -0.314915 0.000000
vt 0.730061 -0.288348 0.000000
vt 0.732879 -0.198011 0.000000
vt 0.737424 -0.196439 0.000000
vt 0.730019 -0.373593 0.000000
vt 0.742025 -0.250778 0.000000
vt 0.730413 -0.270231 0.000000
vt 0.738025 -0.270015 0.000000
vt 0.742250 -0.270210 0.000000
vt 0.666015 -0.118970 0.000000
vt 0.675940 -0.138997 0.000000
vt 0.683124 -0.285946 0.000000
vt 0.670499 -0.186502 0.000000
vt 0.675541 -0.189651 0.000000
vt 0.171842 -0.175130 0.000000
vt 0.020319 -0.326045 0.000000
vt 0.011232 -0.314470 0.000000
vt 0.515358 -0.293467 0.000000
vt 0.024849 -0.305766 0.000000
vt 0.027127 -0.308694 0.000000
vt 0.034768 -0.299675 0.000000
vt 0.037854 -0.308139 0.000000
vt 0.527296 -0.340886 0.000000
vt 0.530572 -0.347319 0.000000
vt 0.552327 -0.324508 0.000000
vt 0.543374 -0.318208 0.000000
vt 0.514306 -0.366623 0.000000
vt 0.511818 -0.508159 0.000000
vt 0.862249 -0.400580 0.000000
vt 0.518120 -0.370726 0.000000
vt 0.859487 -0.417490 0.000000
vt 0.517093 -0.334695 0.000000
vt 0.505285 -0.353684 0.000000
vt 0.506935 -0.480334 0.000000
vt 0.023274 -0.338865 0.000000
vt 0.531649 -0.355152 0.000000
vt 0.009382 -0.365306 0.000000
vt 0.518432 -0.370822 0.000000
vt 0.858817 -0.440092 0.000000
vt 0.005586 -0.353419 0.000000
vt 0.513895 -0.399092 0.000000
vt 0.855121 -0.467404 0.000000
vt 0.660816 -0.129595 0.000000
vt 0.666839 -0.143085 0.000000
vt 0.616770 -0.220697 0.000000
vt 0.614702 -0.235016 0.000000
vt 0.617448 -0.244544 0.000000
vt 0.628411 -0.242081 0.000000
vt 0.109739 -0.232355 0.000000
vt 0.131190 -0.212627 0.000000
vt 0.137567 -0.217620 0.000000
vt 0.115078 -0.235141 0.000000
vt 0.092171 -0.245731 0.000000
vt 0.088889 -0.235344 0.000000
vt 0.102214 -0.220941 0.000000
vt 0.120478 -0.201810 0.000000
vt 0.098190 -0.212426 0.000000
vt 0.113707 -0.194467 0.000000
vt 0.646503 -0.223106 0.000000
vt 0.634522 -0.203787 0.000000
vt 0.619445 -0.256257 0.000000
vt 0.114708 -0.246891 0.000000
vt 0.630638 -0.254910 0.000000
vt 0.123114 -0.238777 0.000000
vt 0.573574 -0.284263 0.000000
vt 0.561880 -0.300472 0.000000
vt 0.570864 -0.305577 0.000000
vt 0.587612 -0.292909 0.000000
vt 0.566356 -0.277230 0.000000
vt 0.535679 -0.300019 0.000000
vt 0.545342 -0.302970 0.000000
vt 0.070354 -0.280683 0.000000
vt 0.054624 -0.292263 0.000000
vt 0.047585 -0.286319 0.000000
vt 0.064140 -0.273937 0.000000
vt 0.080762 -0.270069 0.000000
vt 0.087142 -0.275060 0.000000
vt 0.599922 -0.290863 0.000000
vt 0.078607 -0.290013 0.000000
vt 0.589716 -0.304211 0.000000
vt 0.572395 -0.317544 0.000000
vt 0.061450 -0.304310 0.000000
vt 0.598943 -0.276364 0.000000
vt 0.592636 -0.266714 0.000000
vt 0.040077 -0.321783 0.000000
vt 0.553121 -0.337745 0.000000
vt 0.139450 -0.182171 0.000000
vt 0.131466 -0.174145 0.000000
vt 0.143305 -0.167638 0.000000
vt 0.153194 -0.170554 0.000000
vt 0.160114 -0.176689 0.000000
vt 0.149076 -0.190097 0.000000
vt 0.648925 -0.192652 0.000000
vt 0.657629 -0.210549 0.000000
vt 0.665229 -0.201331 0.000000
vt 0.658789 -0.175435 0.000000
vt 0.648432 -0.238486 0.000000
vt 0.142943 -0.221045 0.000000
vt 0.660302 -0.221816 0.000000
vt 0.158627 -0.206081 0.000000
vt 0.163239 -0.192496 0.000000
vt 0.670269 -0.215623 0.000000
vt 0.154107 -0.199635 0.000000
vt 0.097061 -0.248897 0.000000
vt 0.100867 -0.256635 0.000000
vt 0.611866 -0.267037 0.000000
vt 0.143491 -0.162876 0.000000
vt 0.150443 -0.158458 0.000000
vt 0.154090 -0.166547 0.000000
vt 0.145081 -0.165691 0.000000
vt 0.154885 -0.158381 0.000000
vt 0.168366 -0.169030 0.000000
vt 0.164037 -0.171731 0.000000
vt 0.168219 -0.183919 0.000000
vt 0.672645 -0.208278 0.000000
vt 0.628110 -0.175743 0.000000
vt 0.639317 -0.166849 0.000000
vt 0.655138 -0.137386 0.000000
vt 0.650003 -0.145561 0.000000
vt 0.086209 -0.250842 0.000000
vt 0.079240 -0.245298 0.000000
vt 0.603029 -0.267503 0.000000
vt 0.609751 -0.256814 0.000000
vt 0.603282 -0.243888 0.000000
vt 0.600100 -0.261158 0.000000
vt 0.605311 -0.281769 0.000000
vt 0.092424 -0.266309 0.000000
vt 0.608314 -0.277243 0.000000
vt 0.094951 -0.258384 0.000000
vt 0.579135 -0.262181 0.000000
vt 0.595866 -0.238760 0.000000
vt 0.590149 -0.245729 0.000000
vt 0.593572 -0.254643 0.000000
vt 0.605713 -0.227946 0.000000
vt 0.597797 -0.225096 0.000000
vt 0.591307 -0.224404 0.000000
vt 0.081402 -0.187352 0.000000
vt 0.086216 -0.224345 0.000000
vt 0.073390 -0.255873 0.000000
vt 0.073083 -0.265011 0.000000
vt 0.497986 -0.315880 0.000000
vt 0.511299 -0.417500 0.000000
vt -0.000236 -0.345196 0.000000
vt 0.502423 -0.336756 0.000000
vt 0.503187 -0.441509 0.000000
vt 0.513411 -0.315107 0.000000
vt 0.515240 -0.307847 0.000000
vt 0.532298 -0.293288 0.000000
vt 0.532456 -0.285552 0.000000
vt 0.077538 -0.237989 0.000000
vt 0.149841 -0.152707 0.000000
vt 0.162173 -0.131044 0.000000
vt 0.154502 -0.144361 0.000000
vt 0.147708 -0.140596 0.000000
vt 0.154313 -0.128588 0.000000
vt 0.094757 -0.207311 0.000000
vt 0.109774 -0.191008 0.000000
vt 0.604153 -0.212913 0.000000
vt 0.616832 -0.191222 0.000000
vt 0.054818 -0.237530 0.000000
vt 0.045502 -0.270318 0.000000
vt 0.039330 -0.255302 0.000000
vt 0.051377 -0.232361 0.000000
vt 0.046473 -0.224181 0.000000
vt 0.565063 -0.242477 0.000000
vt 0.058299 -0.205257 0.000000
vt 0.580672 -0.237421 0.000000
vt 0.061543 -0.222066 0.000000
vt 0.551640 -0.259157 0.000000
vt 0.034846 -0.248102 0.000000
vt 0.551588 -0.270683 0.000000
vt 0.572256 -0.251526 0.000000
vt 0.515314 -0.323499 0.000000
vt 0.161821 -0.111440 0.000000
vt 0.159082 -0.106027 0.000000
vt 0.169849 -0.109545 0.000000
vt 0.660669 -0.115161 0.000000
vt 0.154956 -0.098241 0.000000
vt 0.657213 -0.125138 0.000000
vt 0.151017 -0.107434 0.000000
vt 0.155170 -0.114033 0.000000
vt 0.152909 -0.111111 0.000000
vt 0.157453 -0.102920 0.000000
vt 0.166705 -0.096674 0.000000
vt 0.557398 -0.275251 0.000000
vt 0.640050 -0.149155 0.000000
vt 0.128165 -0.133123 0.000000
vt 0.632680 -0.160925 0.000000
vt 0.124976 -0.154122 0.000000
vt 0.643778 -0.155808 0.000000
vt 0.652447 -0.131384 0.000000
vt 0.146197 -0.114623 0.000000
vt 0.646787 -0.138298 0.000000
vt 0.138544 -0.119615 0.000000
vt 0.153731 -0.124871 0.000000
vt 0.145530 -0.137108 0.000000
vt 0.143828 -0.130361 0.000000
vt 0.151111 -0.120951 0.000000
vt 0.148356 -0.117349 0.000000
vt 0.075303 -0.211696 0.000000
vt 0.067617 -0.217198 0.000000
vt 0.067672 -0.197347 0.000000
vt 0.587855 -0.229929 0.000000
vt 0.065375 -0.229643 0.000000
vt 0.071211 -0.228952 0.000000
vt 0.501738 -0.348648 0.000000
vt 0.509149 -0.457414 0.000000
vt 0.169378 -0.118751 0.000000
vt 0.162982 -0.123480 0.000000
vt 0.586164 -0.253347 0.000000
vt 0.612553 -0.185338 0.000000
vt 0.109236 -0.169158 0.000000
vt 0.599496 -0.210603 0.000000
vt 0.100811 -0.173640 0.000000
vt 0.126248 -0.172156 0.000000
vt 0.092192 -0.200071 0.000000
vt 0.092446 -0.190658 0.000000
vt 0.107378 -0.178672 0.000000
vt 0.107640 -0.184825 0.000000
vt 0.532391 -0.277411 0.000000
vt 0.022291 -0.283305 0.000000
vt 0.082730 -0.221836 0.000000
vt 0.082502 -0.203241 0.000000
vt 0.092480 -0.181602 0.000000
vt 0.595460 -0.219656 0.000000
vt 0.067485 -0.253548 0.000000
vt 0.063476 -0.267516 0.000000
vt 0.045555 -0.282507 0.000000
vt 0.029367 -0.287787 0.000000
vt 0.032639 -0.296311 0.000000
vt 0.108243 -0.188291 0.000000
vt 0.093545 -0.203872 0.000000
vt 0.079934 -0.218426 0.000000
vt 0.126206 -0.171838 0.000000
vt 0.129870 -0.164498 0.000000
vt 0.138715 -0.161480 0.000000
vt 0.157766 -0.117453 0.000000
vt 0.162235 -0.776497 0.000000
vt 0.161892 -0.775585 0.000000
vt 0.164936 -0.764744 0.000000
vt 0.170063 -0.761921 0.000000
vt 0.156786 -0.801995 0.000000
vt 0.150423 -0.805843 0.000000
vt 0.153646 -0.787168 0.000000
vt 0.182064 -0.764950 0.000000
vt 0.173377 -0.763646 0.000000
vt 0.180391 -0.741552 0.000000
vt 0.188075 -0.745207 0.000000
vt 0.166632 -0.793485 0.000000
vt 0.165796 -0.787582 0.000000
vt 0.172833 -0.786156 0.000000
vt 0.142934 -0.780752 0.000000
vt 0.146336 -0.779645 0.000000
vt 0.150585 -0.781955 0.000000
vt 0.148556 -0.786992 0.000000
vt 0.138034 -0.802081 0.000000
vt 0.137164 -0.788656 0.000000
vt 0.141044 -0.801944 0.000000
vt 0.131809 -0.856068 0.000000
vt 0.134055 -0.901602 0.000000
vt 0.123610 -0.877730 0.000000
vt 0.626162 -0.890244 0.000000
vt 0.122598 -0.837224 0.000000
vt 0.625421 -0.847895 0.000000
vt 0.136042 -0.803607 0.000000
vt 0.134860 -0.860131 0.000000
vt 0.562800 -0.844359 0.000000
vt 0.566933 -0.847864 0.000000
vt 0.552764 -0.874089 0.000000
vt 0.550475 -0.844955 0.000000
vt 0.547331 -0.888858 0.000000
vt 0.533531 -0.880777 0.000000
vt 0.540891 -0.856947 0.000000
vt 0.540352 -0.866092 0.000000
vt 0.546232 -0.845068 0.000000
vt 0.536873 -0.842672 0.000000
vt 0.535461 -0.841613 0.000000
vt 0.535759 -0.857344 0.000000
vt 0.533531 -0.880777 0.000000
vt 0.547331 -0.888858 0.000000
vt 0.552764 -0.874089 0.000000
vt 0.690246 -0.862513 0.000000
vt 0.183931 -0.850054 0.000000
vt 0.683938 -0.857648 0.000000
vt 0.679599 -0.903090 0.000000
vt 0.686112 -0.910603 0.000000
vt 0.178419 -0.902889 0.000000
vt 0.687511 -0.820600 0.000000
vt 0.683236 -0.815439 0.000000
vt 0.171889 -0.972309 0.000000
vt 0.589867 -0.832961 0.000000
vt 0.677355 -0.983032 0.000000
vt 0.168508 -0.971109 0.000000
vt 0.579924 -0.832929 0.000000
vt 0.169606 -0.937375 0.000000
vt 0.173319 -0.938115 0.000000
vt 0.678526 -0.949622 0.000000
vt 0.591212 -0.844429 0.000000
vt 0.580865 -0.843757 0.000000
vt 0.600371 -0.832988 0.000000
vt 0.671761 -0.981867 0.000000
vt 0.601410 -0.844113 0.000000
vt 0.140128 -0.979890 0.000000
vt 0.563108 -0.832892 0.000000
vt 0.138439 -0.936621 0.000000
vt 0.141886 -0.945689 0.000000
vt 0.142840 -0.976999 0.000000
vt 0.547506 -0.832634 0.000000
vt 0.139586 -0.914359 0.000000
vt 0.143952 -0.915477 0.000000
vt 0.145338 -0.946299 0.000000
vt 0.155064 -0.940079 0.000000
vt 0.157033 -0.973548 0.000000
vt 0.551770 -0.832693 0.000000
vt 0.149804 -0.975493 0.000000
vt 0.547506 -0.832634 0.000000
vt 0.149448 -0.945585 0.000000
vt 0.153681 -0.910151 0.000000
vt 0.156703 -0.907457 0.000000
vt 0.158512 -0.935742 0.000000
vt 0.177055 -0.918404 0.000000
vt 0.681673 -0.932064 0.000000
vt 0.171984 -0.925309 0.000000
vt 0.172730 -0.910767 0.000000
vt 0.175283 -0.929984 0.000000
vt 0.680244 -0.938288 0.000000
vt 0.171937 -0.931757 0.000000
vt 0.558477 -0.850137 0.000000
vt 0.572876 -0.853220 0.000000
vt 0.569779 -0.832960 0.000000
vt 0.646014 -0.988682 0.000000
vt 0.138045 -0.980361 0.000000
vt 0.567124 -0.895807 0.000000
vt 0.569559 -0.878778 0.000000
vt 0.569559 -0.878778 0.000000
vt 0.567124 -0.895807 0.000000
vt 0.568244 -0.847177 0.000000
vt 0.599378 -0.884380 0.000000
vt 0.595938 -0.904907 0.000000
vt 0.585137 -0.903028 0.000000
vt 0.584481 -0.882531 0.000000
vt 0.234199 -0.513128 0.000000
vt 0.228119 -0.500527 0.000000
vt 0.231949 -0.504135 0.000000
vt 0.235393 -0.512110 0.000000
vt 0.229577 -0.511817 0.000000
vt 0.222565 -0.498387 0.000000
vt 0.190450 -0.399587 0.000000
vt 0.191158 -0.416559 0.000000
vt 0.181470 -0.402563 0.000000
vt 0.180049 -0.379370 0.000000
vt 0.204371 -0.431775 0.000000
vt 0.205098 -0.418444 0.000000
vt 0.224523 -0.487312 0.000000
vt 0.212593 -0.485261 0.000000
vt 0.218920 -0.473555 0.000000
vt 0.230041 -0.469539 0.000000
vt 0.230134 -0.492234 0.000000
vt 0.239529 -0.517010 0.000000
vt 0.239941 -0.521886 0.000000
vt 0.238144 -0.506591 0.000000
vt 0.228553 -0.438152 0.000000
vt 0.216105 -0.431456 0.000000
vt 0.225857 -0.414326 0.000000
vt 0.228695 -0.456304 0.000000
vt 0.212030 -0.450276 0.000000
vt 0.175341 -0.373287 0.000000
vt 0.680108 -0.384814 0.000000
vt 0.175374 -0.393852 0.000000
vt 0.678165 -0.404088 0.000000
vt 0.238047 -0.409792 0.000000
vt 0.242197 -0.440514 0.000000
vt 0.204962 -0.612077 0.000000
vt 0.208946 -0.615771 0.000000
vt 0.201327 -0.634824 0.000000
vt 0.196639 -0.638403 0.000000
vt 0.142871 -0.609924 0.000000
vt 0.151297 -0.559067 0.000000
vt 0.158241 -0.554784 0.000000
vt 0.153845 -0.605215 0.000000
vt 0.137755 -0.612196 0.000000
vt 0.148358 -0.561860 0.000000
vt 0.160781 -0.594054 0.000000
vt 0.169969 -0.549164 0.000000
vt 0.178220 -0.553443 0.000000
vt 0.172772 -0.597679 0.000000
vt 0.165662 -0.627629 0.000000
vt 0.156358 -0.627460 0.000000
vt 0.156042 -0.595219 0.000000
vt 0.164711 -0.546216 0.000000
vt 0.179437 -0.717754 0.000000
vt 0.187764 -0.720947 0.000000
vt 0.192334 -0.745282 0.000000
vt 0.697125 -0.757094 0.000000
vt 0.186108 -0.765897 0.000000
vt 0.692314 -0.777749 0.000000
vt 0.140743 -0.737917 0.000000
vt 0.143918 -0.713016 0.000000
vt 0.148010 -0.721473 0.000000
vt 0.142693 -0.739783 0.000000
vt 0.136280 -0.737519 0.000000
vt 0.642441 -0.756631 0.000000
vt 0.136969 -0.723382 0.000000
vt 0.643349 -0.737855 0.000000
vt 0.140902 -0.767621 0.000000
vt 0.138694 -0.770571 0.000000
vt 0.146051 -0.746074 0.000000
vt 0.144429 -0.768665 0.000000
vt 0.241245 -0.457304 0.000000
vt 0.245942 -0.394185 0.000000
vt 0.238593 -0.466682 0.000000
vt 0.235804 -0.492881 0.000000
vt 0.197128 -0.651186 0.000000
vt 0.202462 -0.648784 0.000000
vt 0.710917 -0.663049 0.000000
vt 0.200201 -0.675021 0.000000
vt 0.705254 -0.688457 0.000000
vt 0.197465 -0.672124 0.000000
vt 0.138678 -0.639631 0.000000
vt 0.134335 -0.640238 0.000000
vt 0.158488 -0.673155 0.000000
vt 0.153870 -0.673489 0.000000
vt 0.153171 -0.630984 0.000000
vt 0.196305 -0.695331 0.000000
vt 0.701555 -0.709689 0.000000
vt 0.193958 -0.691182 0.000000
vt 0.192972 -0.681419 0.000000
vt 0.193212 -0.653309 0.000000
vt 0.138364 -0.677146 0.000000
vt 0.132473 -0.676931 0.000000
vt 0.152448 -0.675889 0.000000
vt 0.169135 -0.726137 0.000000
vt 0.174845 -0.745312 0.000000
vt 0.168206 -0.745745 0.000000
vt 0.157635 -0.747991 0.000000
vt 0.161155 -0.725109 0.000000
vt 0.192024 -0.722533 0.000000
vt 0.697710 -0.733859 0.000000
vt 0.154945 -0.706837 0.000000
vt 0.154575 -0.711054 0.000000
vt 0.152520 -0.702537 0.000000
vt 0.145698 -0.678637 0.000000
vt 0.150190 -0.677923 0.000000
vt 0.141205 -0.695928 0.000000
vt 0.157488 -0.713768 0.000000
vt 0.154031 -0.723183 0.000000
vt 0.235121 -0.520012 0.000000
vt 0.738077 -0.533458 0.000000
vt 0.542086 -0.842455 0.000000
vt 0.148709 -0.915341 0.000000
vt 0.155718 -0.780822 0.000000
vt 0.181093 -0.601576 0.000000
vt 0.184322 -0.600556 0.000000
vt 0.176279 -0.634279 0.000000
vt 0.173622 -0.631761 0.000000
vt 0.185427 -0.554440 0.000000
vt 0.167412 -0.679169 0.000000
vt 0.163935 -0.675447 0.000000
vt 0.156042 -0.769266 0.000000
vt 0.150602 -0.748156 0.000000
vt 0.165361 -0.703996 0.000000
vt 0.160992 -0.700905 0.000000
vt 0.171788 -0.704632 0.000000
vt 0.161512 -0.714152 0.000000
vt 0.208445 -0.526959 0.000000
vt 0.204396 -0.512946 0.000000
vt 0.217351 -0.511189 0.000000
vt 0.219503 -0.527339 0.000000
vt 0.218107 -0.500966 0.000000
vt 0.197995 -0.614038 0.000000
vt 0.206467 -0.563155 0.000000
vt 0.216062 -0.560877 0.000000
vt 0.196020 -0.606716 0.000000
vt 0.201840 -0.560472 0.000000
vt 0.191744 -0.654467 0.000000
vt 0.190350 -0.649273 0.000000
vt 0.185837 -0.692778 0.000000
vt 0.179267 -0.690383 0.000000
vt 0.177810 -0.708247 0.000000
vt 0.227335 -0.525396 0.000000
vt 0.232390 -0.534452 0.000000
vt 0.222215 -0.567058 0.000000
vt 0.163534 -0.506075 0.000000
vt 0.167953 -0.502929 0.000000
vt 0.180428 -0.516677 0.000000
vt 0.185708 -0.521681 0.000000
vt 0.190229 -0.553371 0.000000
vt 0.154176 -0.861168 0.000000
vt 0.149469 -0.865139 0.000000
vt 0.156798 -0.859452 0.000000
vt 0.143919 -0.865183 0.000000
vt 0.138244 -0.863762 0.000000
vt 0.155221 -0.698895 0.000000
vt 0.154642 -0.700459 0.000000
vt 0.157493 -0.699178 0.000000
vt 0.160574 -0.801907 0.000000
vt 0.134873 -0.769070 0.000000
vt 0.641105 -0.780815 0.000000
vt 0.133497 -0.785550 0.000000
vt 0.637347 -0.792478 0.000000
vt 0.149219 -0.769769 0.000000
vt 0.173806 -0.457933 0.000000
vt 0.178543 -0.431234 0.000000
vt 0.181950 -0.432650 0.000000
vt 0.177412 -0.459614 0.000000
vt 0.160294 -0.507930 0.000000
vt 0.160141 -0.492516 0.000000
vt 0.660645 -0.510557 0.000000
vt 0.187377 -0.496025 0.000000
vt 0.189824 -0.473029 0.000000
vt 0.193662 -0.481797 0.000000
vt 0.190814 -0.500953 0.000000
vt 0.180334 -0.485312 0.000000
vt 0.184606 -0.470291 0.000000
vt 0.194070 -0.502256 0.000000
vt 0.196748 -0.490530 0.000000
vt 0.207312 -0.502377 0.000000
vt 0.208103 -0.492198 0.000000
vt 0.201148 -0.473307 0.000000
vt 0.199207 -0.500419 0.000000
vt 0.687725 -0.776330 0.000000
vt 0.686471 -0.799772 0.000000
vt 0.689896 -0.799107 0.000000
vt 0.178467 -0.786333 0.000000
vt 0.692770 -0.754499 0.000000
vt 0.693085 -0.734700 0.000000
vt 0.704509 -0.661108 0.000000
vt 0.699313 -0.691916 0.000000
vt 0.213312 -0.622744 0.000000
vt 0.718502 -0.637297 0.000000
vt 0.712095 -0.637717 0.000000
vt 0.227190 -0.573429 0.000000
vt 0.722932 -0.583764 0.000000
vt 0.730272 -0.552138 0.000000
vt 0.234787 -0.545189 0.000000
vt 0.722145 -0.557494 0.000000
vt 0.716163 -0.592935 0.000000
vt 0.733063 -0.530011 0.000000
vt 0.726544 -0.543585 0.000000
vt 0.733435 -0.540391 0.000000
vt 0.236519 -0.531165 0.000000
vt 0.230190 -0.516126 0.000000
vt 0.563108 -0.832892 0.000000
vt 0.160760 -0.971482 0.000000
vt 0.540713 -0.832530 0.000000
vt 0.145749 -0.975857 0.000000
vt 0.130121 -0.798773 0.000000
vt 0.631684 -0.805400 0.000000
vt 0.632532 -0.838898 0.000000
vt 0.637805 -0.807801 0.000000
vt 0.645240 -0.781502 0.000000
vt 0.646170 -0.762237 0.000000
vt 0.648948 -0.985818 0.000000
vt 0.579924 -0.832929 0.000000
vt 0.642582 -0.928054 0.000000
vt 0.638145 -0.937690 0.000000
vt 0.134323 -0.929274 0.000000
vt 0.128860 -0.906172 0.000000
vt 0.632572 -0.919153 0.000000
vt 0.135303 -0.916779 0.000000
vt 0.637379 -0.908175 0.000000
vt 0.632296 -0.877159 0.000000
vt 0.584481 -0.882531 0.000000
vt 0.584422 -0.853527 0.000000
vt 0.585137 -0.903028 0.000000
vt 0.682566 -0.395570 0.000000
vt 0.640742 -0.626793 0.000000
vt 0.131392 -0.615323 0.000000
vt 0.644307 -0.636050 0.000000
vt 0.654608 -0.573030 0.000000
vt 0.648947 -0.570433 0.000000
vt 0.140388 -0.565397 0.000000
vt 0.129625 -0.639072 0.000000
vt 0.639405 -0.659707 0.000000
vt 0.646802 -0.746942 0.000000
vt 0.648195 -0.736098 0.000000
vt 0.643361 -0.725614 0.000000
vt 0.136854 -0.708436 0.000000
vt 0.136004 -0.696492 0.000000
vt 0.643826 -0.660219 0.000000
vt 0.129917 -0.676416 0.000000
vt 0.640353 -0.686276 0.000000
vt 0.645785 -0.690796 0.000000
vt 0.641651 -0.712787 0.000000
vt 0.132837 -0.698619 0.000000
vt 0.646415 -0.724204 0.000000
vt 0.166837 -0.455622 0.000000
vt 0.670871 -0.464243 0.000000
vt 0.171974 -0.428214 0.000000
vt 0.675439 -0.445160 0.000000
vt 0.673923 -0.475197 0.000000
vt 0.675614 -0.460147 0.000000
vt 0.137195 -0.910812 0.000000
vt 0.138460 -0.935954 0.000000
vt 0.175761 -0.861312 0.000000
vt 0.676092 -0.923852 0.000000
vt 0.166091 -0.970787 0.000000
vt 0.569779 -0.832960 0.000000
vt 0.164974 -0.931862 0.000000
vt 0.164938 -0.919178 0.000000
vt 0.164171 -0.906761 0.000000
vt 0.165186 -0.924988 0.000000
vt 0.165348 -0.862855 0.000000
vt 0.172616 -0.813607 0.000000
vt 0.178842 -0.812311 0.000000
vt 0.693768 -0.821609 0.000000
vt 0.167477 -0.810213 0.000000
vt 0.604439 -0.881853 0.000000
vt 0.145511 -0.804468 0.000000
vt 0.181980 -0.415422 0.000000
vt 0.175468 -0.403939 0.000000
vt 0.678020 -0.420880 0.000000
vt 0.681513 -0.430250 0.000000
vt 0.682578 -0.416777 0.000000
vt 0.186720 -0.441546 0.000000
vt 0.188426 -0.427502 0.000000
vt 0.192952 -0.435986 0.000000
vt 0.191128 -0.449769 0.000000
vt 0.676507 -0.432150 0.000000
vt 0.173922 -0.415501 0.000000
vt 0.679905 -0.444864 0.000000
vt 0.180401 -0.421028 0.000000
vt 0.190780 -0.521949 0.000000
vt 0.174253 -0.508974 0.000000
vt 0.153750 -0.510045 0.000000
vt 0.657389 -0.525470 0.000000
vt 0.207715 -0.464680 0.000000
vt 0.196139 -0.463575 0.000000
vt 0.200168 -0.450010 0.000000
vt 0.179162 -0.471839 0.000000
vt 0.643314 -0.796027 0.000000
vt 0.647583 -0.792626 0.000000
vt 0.648928 -0.779414 0.000000
vt 0.651192 -0.760629 0.000000
vt 0.676444 -0.779026 0.000000
vt 0.675398 -0.794210 0.000000
vt 0.678221 -0.796521 0.000000
vt 0.679367 -0.779644 0.000000
vt 0.680919 -0.760729 0.000000
vt 0.677186 -0.760933 0.000000
vt 0.673815 -0.848611 0.000000
vt 0.671457 -0.889900 0.000000
vt 0.675567 -0.815191 0.000000
vt 0.666879 -0.815784 0.000000
vt 0.664881 -0.845295 0.000000
vt 0.646049 -0.879465 0.000000
vt 0.645489 -0.841315 0.000000
vt 0.666904 -0.982455 0.000000
vt 0.604488 -0.832931 0.000000
vt 0.671186 -0.940226 0.000000
vt 0.664868 -0.932713 0.000000
vt 0.607780 -0.843090 0.000000
vt 0.655974 -0.983592 0.000000
vt 0.589867 -0.832961 0.000000
vt 0.648676 -0.926750 0.000000
vt 0.595908 -0.852292 0.000000
vt 0.647398 -0.907631 0.000000
vt 0.669479 -0.914257 0.000000
vt 0.662778 -0.884291 0.000000
vt 0.661883 -0.906540 0.000000
vt 0.667889 -0.923171 0.000000
vt 0.674014 -0.930970 0.000000
vt 0.605482 -0.905638 0.000000
vt 0.599378 -0.884380 0.000000
vt 0.651625 -0.654924 0.000000
vt 0.652538 -0.632190 0.000000
vt 0.702137 -0.642279 0.000000
vt 0.708887 -0.590139 0.000000
vt 0.697563 -0.587871 0.000000
vt 0.690390 -0.640453 0.000000
vt 0.683711 -0.664253 0.000000
vt 0.693837 -0.668108 0.000000
vt 0.688174 -0.582776 0.000000
vt 0.682857 -0.636488 0.000000
vt 0.661591 -0.572425 0.000000
vt 0.666567 -0.629259 0.000000
vt 0.672105 -0.575463 0.000000
vt 0.685627 -0.757923 0.000000
vt 0.686786 -0.746541 0.000000
vt 0.682144 -0.749466 0.000000
vt 0.683518 -0.777940 0.000000
vt 0.652667 -0.757922 0.000000
vt 0.652294 -0.776739 0.000000
vt 0.657055 -0.777166 0.000000
vt 0.658539 -0.756476 0.000000
vt 0.671461 -0.774381 0.000000
vt 0.671416 -0.781919 0.000000
vt 0.673430 -0.760377 0.000000
vt 0.678282 -0.746892 0.000000
vt 0.675478 -0.487067 0.000000
vt 0.675863 -0.477795 0.000000
vt 0.678334 -0.527585 0.000000
vt 0.678744 -0.504537 0.000000
vt 0.671191 -0.519045 0.000000
vt 0.692930 -0.526732 0.000000
vt 0.684599 -0.519972 0.000000
vt 0.685381 -0.530707 0.000000
vt 0.694386 -0.537306 0.000000
vt 0.706881 -0.542373 0.000000
vt 0.705932 -0.532562 0.000000
vt 0.690477 -0.401131 0.000000
vt 0.684757 -0.430100 0.000000
vt 0.696395 -0.432101 0.000000
vt 0.703909 -0.405185 0.000000
vt 0.716682 -0.439919 0.000000
vt 0.717465 -0.409743 0.000000
vt 0.708418 -0.512964 0.000000
vt 0.692986 -0.509568 0.000000
vt 0.720363 -0.544290 0.000000
vt 0.723346 -0.535586 0.000000
vt 0.732126 -0.449570 0.000000
vt 0.725490 -0.415560 0.000000
vt 0.650944 -0.688489 0.000000
vt 0.683241 -0.709273 0.000000
vt 0.691373 -0.713348 0.000000
vt 0.662907 -0.650321 0.000000
vt 0.650463 -0.721457 0.000000
vt 0.683737 -0.741137 0.000000
vt 0.688638 -0.734674 0.000000
vt 0.682072 -0.732043 0.000000
vt 0.658434 -0.684996 0.000000
vt 0.680121 -0.737299 0.000000
vt 0.677218 -0.717470 0.000000
vt 0.674875 -0.736548 0.000000
vt 0.654320 -0.742801 0.000000
vt 0.651314 -0.746107 0.000000
vt 0.662912 -0.525887 0.000000
vt 0.709382 -0.559313 0.000000
vt 0.696704 -0.555968 0.000000
vt 0.688533 -0.551227 0.000000
vt 0.668556 -0.533557 0.000000
vt 0.676459 -0.541725 0.000000
vt 0.695627 -0.712156 0.000000
vt 0.737926 -0.519969 0.000000
vt 0.729660 -0.527290 0.000000
vt 0.726531 -0.532464 0.000000
vt 0.667096 -0.511875 0.000000
vt 0.612106 -0.878744 0.000000
vt 0.599996 -0.849665 0.000000
vt 0.604439 -0.881853 0.000000
vt 0.615864 -0.907176 0.000000
vt 0.612350 -0.906016 0.000000
vt 0.647937 -0.811182 0.000000
vt 0.653957 -0.840414 0.000000
vt 0.655646 -0.812109 0.000000
vt 0.650341 -0.790013 0.000000
vt 0.658571 -0.928568 0.000000
vt 0.654655 -0.916016 0.000000
vt 0.661591 -0.982025 0.000000
vt 0.600371 -0.832988 0.000000
vt 0.650615 -0.917026 0.000000
vt 0.652366 -0.906595 0.000000
vt 0.653312 -0.879738 0.000000
vt 0.682772 -0.799771 0.000000
vt 0.738944 -0.428642 0.000000
vt 0.732422 -0.424683 0.000000
vt 0.674958 -0.802170 0.000000
vt 0.649489 -0.797382 0.000000
vt 0.668554 -0.801047 0.000000
vt 0.682179 -0.449974 0.000000
vt 0.690883 -0.463054 0.000000
vt 0.713378 -0.473923 0.000000
vt 0.731136 -0.486162 0.000000
vt 0.741746 -0.458313 0.000000
vt 0.727245 -0.519035 0.000000
vt 0.684986 -0.496879 0.000000
vt 0.677318 -0.464782 0.000000
vt 0.677611 -0.488140 0.000000
vt 0.740035 -0.513010 0.000000
vt 0.743178 -0.488388 0.000000
vt 0.737693 -0.511060 0.000000
vt 0.686274 -0.538446 0.000000
vt 0.544248 -0.902367 0.000000
vt 0.531010 -0.890227 0.000000
vt 0.560888 -0.910095 0.000000
vt 0.553768 -0.928332 0.000000
vt 0.533347 -0.910679 0.000000
vt 0.537931 -0.900135 0.000000
vt 0.582458 -0.917307 0.000000
vt 0.572377 -0.942570 0.000000
vt 0.616410 -0.927771 0.000000
vt 0.618297 -0.947781 0.000000
vt 0.610997 -0.953752 0.000000
vt 0.610686 -0.928387 0.000000
vt 0.612350 -0.906016 0.000000
vt 0.613112 -0.926727 0.000000
vt 0.589324 -0.922196 0.000000
vt 0.589094 -0.942808 0.000000
vt 0.608093 -0.945823 0.000000
vt 0.606435 -0.925556 0.000000
vt 0.569349 -0.914462 0.000000
vt 0.566232 -0.935864 0.000000
vt 0.540261 -0.936086 0.000000
vt 0.554063 -0.951346 0.000000
vt 0.532816 -0.955206 0.000000
vt 0.520089 -0.945152 0.000000
vt 0.509113 -0.931225 0.000000
vt 0.522891 -0.921992 0.000000
vt 0.485176 -0.961580 0.000000
vt 0.484747 -0.945434 0.000000
vt 0.512801 -0.963554 0.000000
vt 0.510461 -0.976845 0.000000
vt 0.531493 -0.642460 0.000000
vt 0.480975 -0.976888 0.000000
vt 0.522594 -0.603871 0.000000
vt 0.461267 -0.971265 0.000000
vt 0.529752 -0.582198 0.000000
vt 0.465241 -0.953492 0.000000
vt 0.533337 -0.613544 0.000000
vt 0.536320 -0.588521 0.000000
vt 0.539151 -0.646829 0.000000
vt 0.540645 -0.967952 0.000000
vt 0.547495 -0.686833 0.000000
vt 0.552028 -0.690139 0.000000
vt 0.574108 -0.966085 0.000000
vt 0.553083 -0.730940 0.000000
vt 0.570928 -0.739399 0.000000
vt 0.574420 -0.696527 0.000000
vt 0.594653 -0.951336 0.000000
vt 0.604769 -0.968721 0.000000
vt 0.550648 -0.768477 0.000000
vt 0.529033 -0.889081 0.000000
vt 0.527743 -0.901586 0.000000
vt 0.518034 -0.895323 0.000000
vt 0.522417 -0.883585 0.000000
vt 0.524429 -0.885670 0.000000
vt 0.506503 -0.919503 0.000000
vt 0.521518 -0.906547 0.000000
vt 0.488347 -0.932526 0.000000
vt 0.485504 -0.926542 0.000000
vt 0.512989 -0.910127 0.000000
vt 0.503190 -0.918853 0.000000
vt 0.463600 -0.948385 0.000000
vt 0.457222 -0.968975 0.000000
vt 0.554504 -0.580976 0.000000
vt 0.612340 -0.966436 0.000000
vt 0.566741 -0.781034 0.000000
vt 0.615134 -0.946726 0.000000
vt 0.604769 -0.968721 0.000000
vt 0.580021 -0.779787 0.000000
vt 0.617880 -0.661724 0.000000
vt 0.510461 -0.976845 0.000000
vt 0.611729 -0.663008 0.000000
vt 0.606524 -0.700973 0.000000
vt 0.613141 -0.699705 0.000000
vt 0.540645 -0.967952 0.000000
vt 0.511279 -0.952747 0.000000
vt 0.484747 -0.948371 0.000000
vt 0.480975 -0.976888 0.000000
vt 0.617874 -0.621658 0.000000
vt 0.613042 -0.623404 0.000000
vt 0.531504 -0.950256 0.000000
vt 0.464391 -0.948031 0.000000
vt 0.457222 -0.968975 0.000000
vt 0.611385 -0.597642 0.000000
vt 0.513690 -0.933355 0.000000
vt 0.506503 -0.919503 0.000000
vt 0.485402 -0.936711 0.000000
vt 0.551169 -0.945904 0.000000
vt 0.530476 -0.927051 0.000000
vt 0.521263 -0.907456 0.000000
vt 0.540671 -0.916652 0.000000
vt 0.527743 -0.901586 0.000000
vt 0.597973 -0.924539 0.000000
vt 0.562177 -0.588439 0.000000
vt 0.594787 -0.596540 0.000000
vt 0.595308 -0.588948 0.000000
vt 0.450382 -0.967895 0.000000
vt 0.456114 -0.943822 0.000000
vt 0.512989 -0.910127 0.000000
vt 0.518034 -0.895323 0.000000
vt 0.604481 -0.603562 0.000000
vt 0.597928 -0.968366 0.000000
vt 0.590458 -0.775375 0.000000
vt 0.574108 -0.966085 0.000000
vt 0.598286 -0.739666 0.000000
vt 0.574568 -0.656669 0.000000
vt 0.584367 -0.740111 0.000000
vt 0.591500 -0.699427 0.000000
vt 0.593911 -0.621564 0.000000
vt 0.600021 -0.661044 0.000000
vt 0.569120 -0.618233 0.000000
vt 0.528523 -0.876087 0.000000
vt 0.189397 -0.167888 0.000000
vt 0.212847 -0.176235 0.000000
vt 0.225435 -0.166776 0.000000
vt 0.225723 -0.179288 0.000000
vt 0.185930 -0.162350 0.000000
vt 0.241143 -0.167247 0.000000
vt 0.240698 -0.168490 0.000000
vt 0.227005 -0.164703 0.000000
vt 0.139617 -0.150040 0.000000
vt 0.132851 -0.145948 0.000000
vt 0.138419 -0.158050 0.000000
vt 0.129715 -0.158525 0.000000
vt 0.143505 -0.152996 0.000000
vt 0.143035 -0.158740 0.000000
vt 0.225989 -0.185486 0.000000
vt 0.214812 -0.184203 0.000000
vt 0.241257 -0.185503 0.000000
vt 0.241375 -0.181377 0.000000
vt 0.178543 -0.121632 0.000000
vt 0.181880 -0.107918 0.000000
vt 0.211988 -0.234867 0.000000
vt 0.203151 -0.231079 0.000000
vt 0.186765 -0.193834 0.000000
vt 0.189559 -0.213930 0.000000
vt 0.190438 -0.205040 0.000000
vt 0.191135 -0.212328 0.000000
vt 0.185355 -0.221568 0.000000
vt 0.192714 -0.220889 0.000000
vt 0.627080 -0.171772 0.000000
vt 0.122204 -0.162617 0.000000
vt 0.164357 -0.803608 0.000000
vt 0.160780 -0.851647 0.000000
vt 0.161114 -0.870184 0.000000
vt 0.162757 -0.919279 0.000000
vt 0.160910 -0.905450 0.000000
vt 0.161344 -0.922711 0.000000
vt 0.187118 -0.602906 0.000000
vt 0.179219 -0.639827 0.000000
vt 0.195142 -0.556535 0.000000
vt 0.172163 -0.682718 0.000000
vt 0.201223 -0.524407 0.000000
vt 0.196126 -0.520262 0.000000
vt 0.656732 -0.791085 0.000000
vt 0.669978 -0.793167 0.000000
vt 0.153289 -0.602152 0.000000
vt 0.160715 -0.551079 0.000000
vt 0.150196 -0.633764 0.000000
vt 0.149330 -0.635668 0.000000
vt 0.169425 -0.507797 0.000000
vt 0.663592 -0.918292 0.000000
vt 0.659409 -0.914814 0.000000
vt 0.158968 -0.869515 0.000000
vt 0.158878 -0.905690 0.000000
vt 0.181683 -0.237645 0.000000
vt 0.207072 -0.242819 0.000000
vt 0.200062 -0.245636 0.000000
vt 0.205150 -0.180911 0.000000
vt 0.202779 -0.442242 0.000000
vt 0.728236 -0.355356 0.000000
vt 0.723628 -0.532076 0.000000
vt 0.677033 -0.633077 0.000000
vt 0.680289 -0.578513 0.000000
vt 0.671705 -0.650916 0.000000
vt 0.668270 -0.673817 0.000000
vt 0.681497 -0.549576 0.000000
vt 0.685230 -0.547682 0.000000
vt 0.661132 -0.757737 0.000000
vt 0.660364 -0.779989 0.000000
vt 0.663842 -0.784312 0.000000
vt 0.665475 -0.758399 0.000000
vt 0.669145 -0.775762 0.000000
vt 0.667722 -0.784475 0.000000
vt 0.660221 -0.813157 0.000000
vt 0.658750 -0.840992 0.000000
vt 0.657377 -0.880459 0.000000
vt 0.656410 -0.905357 0.000000
vt 0.666425 -0.794848 0.000000
vt 0.662083 -0.796741 0.000000
vt 0.679069 -0.709900 0.000000
vt 0.652865 -0.730023 0.000000
vt 0.660781 -0.698126 0.000000
vt 0.667228 -0.691670 0.000000
vt 0.679962 -0.633737 0.000000
vt 0.675054 -0.654172 0.000000
vt 0.678837 -0.659372 0.000000
vt 0.684125 -0.579039 0.000000
vt 0.670539 -0.758202 0.000000
vt 0.673981 -0.678348 0.000000
vt 0.678965 -0.692135 0.000000
vt 0.676630 -0.706343 0.000000
vt 0.673256 -0.695308 0.000000
vt 0.661495 -0.721070 0.000000
vt 0.669172 -0.725115 0.000000
vt 0.673218 -0.727652 0.000000
vt 0.659850 -0.735059 0.000000
vt 0.656651 -0.798345 0.000000
vt 0.659244 -0.793669 0.000000
vt 0.654822 -0.736245 0.000000
vt 0.662943 -0.730927 0.000000
vt 0.140936 -0.124260 0.000000
vt 0.131760 -0.139801 0.000000
vt 0.674975 -0.182628 0.000000
vt 0.737097 -0.354319 0.000000
vt 0.740842 -0.353757 0.000000
vt 0.225488 -0.056595 0.000000
vt 0.522569 -0.477583 0.000000
vt 0.523528 -0.501938 0.000000
vt 0.529201 -0.407798 0.000000
vt 0.530713 -0.394771 0.000000
vt 0.870254 -0.468567 0.000000
vt 0.536355 -0.402427 0.000000
vt 0.537233 -0.418933 0.000000
vt 0.526023 -0.422594 0.000000
vt 0.529041 -0.501840 0.000000
vt 0.532642 -0.516228 0.000000
vt 0.882243 -0.396531 0.000000
vt 0.526977 -0.513595 0.000000
vt 0.872066 -0.402261 0.000000
vt 0.873106 -0.445456 0.000000
vt 0.882499 -0.449938 0.000000
vt 0.879369 -0.477902 0.000000
vt 0.537766 -0.392220 0.000000
vt 0.872866 -0.421945 0.000000
vt 0.885624 -0.423142 0.000000
vt 0.525506 -0.441133 0.000000
vt 0.536174 -0.436367 0.000000
vt 0.523399 -0.456587 0.000000
vt 0.529267 -0.476984 0.000000
vt 0.530816 -0.456324 0.000000
vt 0.415732 -0.566792 0.000000
vt 0.594595 -0.495597 0.000000
vt 0.412858 -0.566590 0.000000
vt 0.592059 -0.495250 0.000000
vt 0.411484 -0.561474 0.000000
vt 0.413814 -0.562493 0.000000
vt 0.604519 -0.496283 0.000000
vt 0.423444 -0.566208 0.000000
vt 0.604598 -0.500992 0.000000
vt 0.595740 -0.500718 0.000000
vt 0.624294 -0.508128 0.000000
vt 0.617993 -0.507735 0.000000
vt 0.617623 -0.503408 0.000000
vt 0.624328 -0.504779 0.000000
vt 0.626880 -0.502035 0.000000
vt 0.439977 -0.562311 0.000000
vt 0.626411 -0.511617 0.000000
vt 0.441609 -0.554285 0.000000
vt 0.595612 -0.506495 0.000000
vt 0.593136 -0.505987 0.000000
vt 0.593245 -0.500343 0.000000
vt 0.604638 -0.506706 0.000000
vt 0.604442 -0.511355 0.000000
vt 0.426460 -0.547564 0.000000
vt 0.595599 -0.512747 0.000000
vt 0.418504 -0.546774 0.000000
vt 0.408766 -0.550168 0.000000
vt 0.407367 -0.561611 0.000000
vt 0.388980 -0.556298 0.000000
vt 0.948866 -0.420497 0.000000
vt 0.391949 -0.544941 0.000000
vt 0.946360 -0.408028 0.000000
vt 0.412524 -0.551346 0.000000
vt 0.393458 -0.538964 0.000000
vt 0.944727 -0.392233 0.000000
vt 0.576133 -0.513204 0.000000
vt 0.412717 -0.545816 0.000000
vt 0.590627 -0.512232 0.000000
vt 0.933324 -0.408706 0.000000
vt 0.928572 -0.391869 0.000000
vt 0.565793 -0.514065 0.000000
vt 0.935823 -0.434007 0.000000
vt 0.432947 -0.561693 0.000000
vt 0.426656 -0.562090 0.000000
vt 0.428133 -0.551790 0.000000
vt 0.434786 -0.552270 0.000000
vt 0.431092 -0.548189 0.000000
vt 0.608681 -0.512127 0.000000
vt 0.437384 -0.548766 0.000000
vt 0.618407 -0.512808 0.000000
vt 0.617695 -0.499172 0.000000
vt 0.434362 -0.565081 0.000000
vt 0.608710 -0.502072 0.000000
vt 0.608752 -0.497477 0.000000
vt 0.428158 -0.565782 0.000000
vt 0.409319 -0.566468 0.000000
vt 0.589497 -0.494907 0.000000
vt 0.387690 -0.562132 0.000000
vt 0.956226 -0.421202 0.000000
vt 0.575742 -0.494787 0.000000
vt 0.593136 -0.512354 0.000000
vt 0.415908 -0.546308 0.000000
vt 0.423227 -0.551583 0.000000
vt 0.414993 -0.551075 0.000000
vt 0.900123 -0.417467 0.000000
vt 0.894253 -0.395220 0.000000
vt 0.546256 -0.517013 0.000000
vt 0.914968 -0.453210 0.000000
vt 0.957407 -0.426667 0.000000
vt 0.576488 -0.487469 0.000000
vt 0.388832 -0.507243 0.000000
vt 0.952185 -0.433068 0.000000
vt 0.394480 -0.512059 0.000000
vt 0.566036 -0.494041 0.000000
vt 0.566053 -0.484648 0.000000
vt 0.590784 -0.500145 0.000000
vt 0.573797 -0.499907 0.000000
vt 0.565316 -0.499161 0.000000
vt 0.574148 -0.506825 0.000000
vt 0.565560 -0.505917 0.000000
vt 0.608715 -0.507778 0.000000
vt 0.590694 -0.505766 0.000000
vt 0.543113 -0.501629 0.000000
vt 0.413837 -0.458013 0.000000
vt 0.602168 -0.419053 0.000000
vt 0.410765 -0.458658 0.000000
vt 0.599638 -0.419261 0.000000
vt 0.410856 -0.453911 0.000000
vt 0.413500 -0.454059 0.000000
vt 0.613015 -0.418454 0.000000
vt 0.426406 -0.457161 0.000000
vt 0.614254 -0.425667 0.000000
vt 0.602381 -0.424598 0.000000
vt 0.635607 -0.429947 0.000000
vt 0.629288 -0.430723 0.000000
vt 0.628938 -0.422482 0.000000
vt 0.635306 -0.422722 0.000000
vt 0.638778 -0.420548 0.000000
vt 0.445199 -0.451428 0.000000
vt 0.639334 -0.430981 0.000000
vt 0.444716 -0.444620 0.000000
vt 0.603170 -0.432083 0.000000
vt 0.600803 -0.432808 0.000000
vt 0.600033 -0.425282 0.000000
vt 0.614568 -0.430950 0.000000
vt 0.614226 -0.437453 0.000000
vt 0.425984 -0.441779 0.000000
vt 0.603223 -0.438210 0.000000
vt 0.413525 -0.441676 0.000000
vt 0.406790 -0.444546 0.000000
vt 0.406978 -0.454295 0.000000
vt 0.391691 -0.454924 0.000000
vt 0.951747 -0.516096 0.000000
vt 0.392151 -0.444239 0.000000
vt 0.953612 -0.498979 0.000000
vt 0.410575 -0.445274 0.000000
vt 0.388958 -0.440955 0.000000
vt 0.961712 -0.494667 0.000000
vt 0.580208 -0.440403 0.000000
vt 0.407210 -0.441274 0.000000
vt 0.598048 -0.439202 0.000000
vt 0.954563 -0.482424 0.000000
vt 0.386962 -0.491461 0.000000
vt 0.961816 -0.489131 0.000000
vt 0.385015 -0.496590 0.000000
vt 0.580179 -0.447787 0.000000
vt 0.438142 -0.452296 0.000000
vt 0.432059 -0.452926 0.000000
vt 0.431877 -0.444466 0.000000
vt 0.437669 -0.444356 0.000000
vt 0.431926 -0.441665 0.000000
vt 0.619701 -0.436439 0.000000
vt 0.437780 -0.441658 0.000000
vt 0.629608 -0.435576 0.000000
vt 0.628909 -0.418320 0.000000
vt 0.438236 -0.455697 0.000000
vt 0.619565 -0.423277 0.000000
vt 0.618661 -0.418078 0.000000
vt 0.432425 -0.456542 0.000000
vt 0.407588 -0.459128 0.000000
vt 0.597039 -0.419439 0.000000
vt 0.389377 -0.461290 0.000000
vt 0.951331 -0.531043 0.000000
vt 0.581732 -0.419255 0.000000
vt 0.600643 -0.438894 0.000000
vt 0.410395 -0.441327 0.000000
vt 0.425826 -0.444645 0.000000
vt 0.413277 -0.444762 0.000000
vt 0.572949 -0.450428 0.000000
vt 0.550941 -0.456591 0.000000
vt 0.552665 -0.436406 0.000000
vt 0.572758 -0.440255 0.000000
vt 0.403936 -0.490207 0.000000
vt 0.403691 -0.495105 0.000000
vt 0.602727 -0.446229 0.000000
vt 0.938689 -0.490388 0.000000
vt 0.939399 -0.454071 0.000000
vt 0.955232 -0.462948 0.000000
vt 0.386755 -0.476786 0.000000
vt 0.936839 -0.529220 0.000000
vt 0.572067 -0.420393 0.000000
vt 0.935874 -0.514768 0.000000
vt 0.572246 -0.417492 0.000000
vt 0.597508 -0.425492 0.000000
vt 0.581187 -0.426177 0.000000
vt 0.570890 -0.426416 0.000000
vt 0.581195 -0.433691 0.000000
vt 0.571276 -0.434878 0.000000
vt 0.554097 -0.423812 0.000000
vt 0.620153 -0.431139 0.000000
vt 0.598279 -0.432985 0.000000
vt 0.580764 -0.453577 0.000000
vt 0.571086 -0.454966 0.000000
vt 0.603800 -0.451911 0.000000
vt 0.605425 -0.446487 0.000000
vt 0.406892 -0.494922 0.000000
vt 0.606391 -0.451797 0.000000
vt 0.642251 -0.458754 0.000000
vt 0.634017 -0.460782 0.000000
vt 0.633531 -0.452300 0.000000
vt 0.641794 -0.452573 0.000000
vt 0.645471 -0.447443 0.000000
vt 0.445722 -0.487642 0.000000
vt 0.645166 -0.462036 0.000000
vt 0.445387 -0.479581 0.000000
vt 0.608942 -0.460791 0.000000
vt 0.606043 -0.460929 0.000000
vt 0.608802 -0.451633 0.000000
vt 0.620035 -0.461496 0.000000
vt 0.619040 -0.466110 0.000000
vt 0.422391 -0.475304 0.000000
vt 0.607826 -0.465890 0.000000
vt 0.409864 -0.474480 0.000000
vt 0.403994 -0.478337 0.000000
vt 0.407633 -0.479219 0.000000
vt 0.407599 -0.489746 0.000000
vt 0.381703 -0.473542 0.000000
vt 0.961536 -0.455716 0.000000
vt 0.579738 -0.465167 0.000000
vt 0.404165 -0.474026 0.000000
vt 0.602796 -0.466019 0.000000
vt 0.954466 -0.448406 0.000000
vt 0.396160 -0.522132 0.000000
vt 0.961516 -0.450921 0.000000
vt 0.390470 -0.527223 0.000000
vt 0.579205 -0.469659 0.000000
vt 0.438466 -0.488752 0.000000
vt 0.428244 -0.489288 0.000000
vt 0.428060 -0.479215 0.000000
vt 0.438266 -0.479120 0.000000
vt 0.428067 -0.475487 0.000000
vt 0.624166 -0.466137 0.000000
vt 0.438188 -0.475634 0.000000
vt 0.633505 -0.466201 0.000000
vt 0.633915 -0.445601 0.000000
vt 0.438258 -0.492506 0.000000
vt 0.625320 -0.452114 0.000000
vt 0.624831 -0.446220 0.000000
vt 0.428039 -0.493400 0.000000
vt 0.607597 -0.445923 0.000000
vt 0.409593 -0.494190 0.000000
vt 0.620391 -0.452226 0.000000
vt 0.605340 -0.466089 0.000000
vt 0.407079 -0.474096 0.000000
vt 0.422441 -0.479148 0.000000
vt 0.409767 -0.478721 0.000000
vt 0.570012 -0.469271 0.000000
vt 0.547821 -0.476187 0.000000
vt 0.571181 -0.464181 0.000000
vt 0.412031 -0.523208 0.000000
vt 0.410448 -0.527313 0.000000
vt 0.599370 -0.472005 0.000000
vt 0.580511 -0.460392 0.000000
vt 0.570806 -0.458673 0.000000
vt 0.625032 -0.460952 0.000000
vt 0.603470 -0.460824 0.000000
vt 0.578189 -0.474128 0.000000
vt 0.567497 -0.474347 0.000000
vt 0.919247 -0.502714 0.000000
vt 0.394351 -0.420065 0.000000
vt 0.910555 -0.498586 0.000000
vt 0.920617 -0.482134 0.000000
vt 0.924105 -0.503905 0.000000
vt 0.392131 -0.406774 0.000000
vt 0.405080 -0.420794 0.000000
vt 0.407629 -0.426125 0.000000
vt 0.585635 -0.384967 0.000000
vt 0.394158 -0.425604 0.000000
vt 0.576662 -0.387604 0.000000
vt 0.915539 -0.516628 0.000000
vt 0.609470 -0.390654 0.000000
vt 0.601926 -0.394374 0.000000
vt 0.600090 -0.388706 0.000000
vt 0.608339 -0.385702 0.000000
vt 0.613118 -0.392297 0.000000
vt 0.442448 -0.405716 0.000000
vt 0.604936 -0.399919 0.000000
vt 0.425370 -0.401249 0.000000
vt 0.572978 -0.414206 0.000000
vt 0.927300 -0.516935 0.000000
vt 0.553436 -0.413798 0.000000
vt 0.571578 -0.404847 0.000000
vt 0.921109 -0.517019 0.000000
vt 0.582578 -0.409999 0.000000
vt 0.392003 -0.400772 0.000000
vt 0.931914 -0.498489 0.000000
vt 0.444811 -0.420196 0.000000
vt 0.611201 -0.382440 0.000000
vt 0.430970 -0.419773 0.000000
vt 0.428933 -0.405903 0.000000
vt 0.570710 -0.396108 0.000000
vt 0.578400 -0.393862 0.000000
vt 0.580305 -0.401724 0.000000
vt 0.554800 -0.400344 0.000000
vt 0.556190 -0.390078 0.000000
vt 0.894722 -0.504484 0.000000
vt 0.567899 -0.388454 0.000000
vt 0.905254 -0.515518 0.000000
vt 0.898708 -0.481356 0.000000
vt 0.589276 -0.398576 0.000000
vt 0.591725 -0.406015 0.000000
vt 0.405282 -0.400292 0.000000
vt 0.599156 -0.381211 0.000000
vt 0.428264 -0.424973 0.000000
vt 0.415281 -0.426055 0.000000
vt 0.590495 -0.383736 0.000000
vt 0.413010 -0.420732 0.000000
vt 0.410771 -0.407239 0.000000
vt 0.413086 -0.400426 0.000000
vt 0.597737 -0.402619 0.000000
vt 0.595242 -0.396301 0.000000
vt 0.592905 -0.389846 0.000000
vt 0.403017 -0.407708 0.000000
vt 0.566949 -0.479401 0.000000
vt 0.576712 -0.481824 0.000000
vt 0.587210 -0.391598 0.000000
vt 0.412203 -0.513024 0.000000
vt 0.411253 -0.508425 0.000000
vt 0.599095 -0.489545 0.000000
vt 0.600661 -0.475600 0.000000
vt 0.602095 -0.472303 0.000000
vt 0.413118 -0.527357 0.000000
vt 0.603262 -0.475881 0.000000
vt 0.635586 -0.486585 0.000000
vt 0.628233 -0.486619 0.000000
vt 0.629088 -0.478093 0.000000
vt 0.635699 -0.480392 0.000000
vt 0.640284 -0.476148 0.000000
vt 0.444620 -0.521521 0.000000
vt 0.639082 -0.490747 0.000000
vt 0.444404 -0.514373 0.000000
vt 0.604808 -0.484653 0.000000
vt 0.602439 -0.483907 0.000000
vt 0.605607 -0.476601 0.000000
vt 0.614184 -0.484424 0.000000
vt 0.613476 -0.489652 0.000000
vt 0.425412 -0.509802 0.000000
vt 0.604131 -0.489755 0.000000
vt 0.416237 -0.509456 0.000000
vt 0.414820 -0.514170 0.000000
vt 0.414569 -0.522346 0.000000
vt 0.438390 -0.522496 0.000000
vt 0.430380 -0.522718 0.000000
vt 0.430350 -0.513769 0.000000
vt 0.438308 -0.513960 0.000000
vt 0.429742 -0.510058 0.000000
vt 0.617760 -0.490332 0.000000
vt 0.437643 -0.510462 0.000000
vt 0.627891 -0.490999 0.000000
vt 0.628421 -0.473910 0.000000
vt 0.437307 -0.525559 0.000000
vt 0.618503 -0.478436 0.000000
vt 0.618192 -0.473383 0.000000
vt 0.429271 -0.525905 0.000000
vt 0.605103 -0.472066 0.000000
vt 0.415632 -0.526691 0.000000
vt 0.614427 -0.477870 0.000000
vt 0.601825 -0.489179 0.000000
vt 0.413894 -0.508811 0.000000
vt 0.426245 -0.513643 0.000000
vt 0.417047 -0.513586 0.000000
vt 0.618196 -0.485420 0.000000
vt 0.599949 -0.483688 0.000000
vt 0.592149 -0.397632 0.000000
vt 0.595313 -0.404548 0.000000
vt 0.409286 -0.400367 0.000000
vt 0.589693 -0.391166 0.000000
vt 0.407245 -0.408149 0.000000
vt 0.409189 -0.420249 0.000000
vt 0.411450 -0.426188 0.000000
vt 0.588042 -0.384315 0.000000
vt 0.426127 -0.453437 0.000000
vt 0.409774 -0.489807 0.000000
vt 0.619495 -0.445717 0.000000
vt 0.422497 -0.493991 0.000000
vt 0.422452 -0.489605 0.000000
vt 0.416914 -0.522992 0.000000
vt 0.613884 -0.472937 0.000000
vt 0.424891 -0.526062 0.000000
vt 0.426045 -0.522680 0.000000
vt 0.421778 -0.562303 0.000000
vt 0.617324 -0.423805 0.000000
vt 0.616153 -0.419045 0.000000
vt 0.429512 -0.456830 0.000000
vt 0.617280 -0.431754 0.000000
vt 0.617223 -0.436573 0.000000
vt 0.429080 -0.441815 0.000000
vt 0.429186 -0.445262 0.000000
vt 0.429479 -0.452766 0.000000
vt 0.622787 -0.451981 0.000000
vt 0.622084 -0.445416 0.000000
vt 0.425443 -0.493805 0.000000
vt 0.622610 -0.461586 0.000000
vt 0.621714 -0.465780 0.000000
vt 0.425440 -0.475520 0.000000
vt 0.425712 -0.479895 0.000000
vt 0.425840 -0.489226 0.000000
vt 0.616507 -0.478534 0.000000
vt 0.616168 -0.473460 0.000000
vt 0.427173 -0.525957 0.000000
vt 0.616201 -0.485106 0.000000
vt 0.615640 -0.490082 0.000000
vt 0.427574 -0.509957 0.000000
vt 0.428347 -0.514484 0.000000
vt 0.428246 -0.522058 0.000000
vt 0.606703 -0.501402 0.000000
vt 0.606706 -0.496859 0.000000
vt 0.426208 -0.565926 0.000000
vt 0.606629 -0.507135 0.000000
vt 0.606680 -0.511495 0.000000
vt 0.429270 -0.547990 0.000000
vt 0.426248 -0.552928 0.000000
vt 0.425082 -0.561206 0.000000
vt 0.609776 -0.231508 0.000000
vt 0.597486 -0.258180 0.000000
vt 0.176556 -0.248412 0.000000
vt 0.179420 -0.265174 0.000000
vt 0.177711 -0.229295 0.000000
vt 0.247034 -0.538294 0.000000
vt 0.746191 -0.528920 0.000000
vt 0.750985 -0.524912 0.000000
vt 0.750985 -0.524912 0.000000
vt 0.741397 -0.524911 0.000000
vt 0.741397 -0.524911 0.000000
vt 0.741397 -0.524911 0.000000
vt 0.746191 -0.520936 0.000000
vt 0.746191 -0.520936 0.000000
vt 0.746191 -0.528920 0.000000
vt 0.746191 -0.520936 0.000000
vt 0.741397 -0.524911 0.000000
vt 0.729240 -0.544655 0.000000
vt 0.596516 -0.544655 0.000000
vt 0.729240 -0.510795 0.000000
vt 0.596516 -0.510795 0.000000
vt 0.723907 -0.544655 0.000000
vt 0.647660 -0.544655 0.000000
vt 0.647660 -0.510795 0.000000
vt 0.633788 -0.510795 0.000000
vt 0.092498 -0.564576 0.000000
vt 0.092498 -0.564576 0.000000
vt 0.092498 -0.564576 0.000000
vt 0.092498 -0.564576 0.000000
vt 0.092498 -0.564576 0.000000
vt 0.092498 -0.564576 0.000000
vt 0.092498 -0.564576 0.000000
vt 0.092498 -0.564576 0.000000
vt 0.633788 -0.544655 0.000000
vt 0.607351 -0.544655 0.000000
vt 0.607351 -0.510795 0.000000
vt 0.167230 -0.558431 0.000000
vt 0.167230 -0.558431 0.000000
vt 0.167230 -0.558431 0.000000
vt 0.167230 -0.558431 0.000000
vt 0.599707 -0.510795 0.000000
vt 0.202741 -0.546854 0.000000
vt 0.202741 -0.546854 0.000000
vt 0.202741 -0.546854 0.000000
vt 0.202741 -0.546854 0.000000
vt 0.202741 -0.546854 0.000000
vt 0.202741 -0.546854 0.000000
vt 0.202741 -0.546854 0.000000
vt 0.599707 -0.544655 0.000000
vt 0.619118 -0.510795 0.000000
vt 0.619118 -0.544655 0.000000
vt 0.692481 -0.544655 0.000000
vt 0.685417 -0.510795 0.000000
vt 0.685417 -0.544655 0.000000
vt 0.662041 -0.510795 0.000000
vt 0.654850 -0.544655 0.000000
vt 0.662041 -0.544655 0.000000
vt 0.678353 -0.544655 0.000000
vt 0.699053 -0.510795 0.000000
vt 0.306279 -0.571055 0.000000
vt 0.306279 -0.571055 0.000000
vt 0.306279 -0.571055 0.000000
vt 0.306279 -0.571055 0.000000
vt 0.306279 -0.571055 0.000000
vt 0.699053 -0.544655 0.000000
vt 0.705625 -0.544655 0.000000
vt 0.712100 -0.510795 0.000000
vt 0.712100 -0.544655 0.000000
vt 0.718574 -0.544655 0.000000
vt 0.845881 -0.551282 0.000000
vt 0.820927 -0.543038 0.000000
vt 0.820927 -0.551282 0.000000
vt 0.862898 -0.543038 0.000000
vt 0.820927 -0.543038 0.000000
vt 0.820927 -0.551282 0.000000
vt 0.862898 -0.543038 0.000000
vt 0.845881 -0.551282 0.000000
vt 0.955975 -0.964936 0.000000
vt 0.954196 -0.911220 0.000000
vt 0.902398 -0.926827 0.000000
vt 0.919833 -0.957472 0.000000
vt 0.947294 -0.926810 0.000000
vt 0.911884 -0.980031 0.000000
vt 0.949844 -0.928380 0.000000
vt 0.972855 -0.958108 0.000000
vt 0.971077 -0.918048 0.000000
vt 0.919279 -0.922847 0.000000
vt 0.936714 -0.961452 0.000000
vt 0.957990 -0.924357 0.000000
vt 0.956211 -0.951798 0.000000
vt 0.960540 -0.922414 0.000000
vt 0.904335 -0.920521 0.000000
vt 0.962679 -0.918530 0.000000
vt 0.928316 -0.952325 0.000000
vt 0.950026 -0.947423 0.000000
vt 0.899960 -0.930467 0.000000
vt 0.892955 -0.926488 0.000000
vt 0.941109 -0.931185 0.000000
vt 0.939330 -0.944971 0.000000
vt 0.907509 -0.970084 0.000000
vt 0.882259 -0.920521 0.000000
vt 0.928705 -0.953293 0.000000
vt 0.949080 -0.901642 0.000000
vt 0.920147 -0.950767 0.000000
vt 0.881506 -0.939838 0.000000
vt 0.959786 -0.903096 0.000000
vt 0.916972 -0.939838 0.000000
vt 0.908413 -0.942364 0.000000
vt 0.892212 -0.938384 0.000000
vt 0.964372 -0.965419 0.000000
vt 0.910795 -0.917700 0.000000
vt 0.920403 -0.946598 0.000000
vt 0.927908 -0.925167 0.000000
vt 0.909710 -0.948052 0.000000
vt 0.927145 -0.936247 0.000000
vt 0.925797 -0.877407 0.000000
vt 0.926591 -0.944072 0.000000
vt 0.944026 -0.940227 0.000000
vt 0.927941 -0.916243 0.000000
vt 0.933320 -0.938773 0.000000
vt 0.922043 -0.885502 0.000000
vt 0.902630 -0.943223 0.000000
vt 0.936699 -0.915204 0.000000
vt 0.914469 -0.929542 0.000000
vt 0.888818 -0.961064 0.000000
vt 0.928291 -0.911533 0.000000
vt 0.919751 -0.973063 0.000000
vt 0.957972 -0.917011 0.000000
vt 0.934377 -0.916300 0.000000
vt 0.968446 -0.942127 0.000000
vt 0.950070 -0.909672 0.000000
vt 0.943272 -0.920910 0.000000
vt 0.957651 -0.944189 0.000000
vt 0.932477 -0.926604 0.000000
vt 0.932783 -0.896036 0.000000
vt 0.911312 -0.950248 0.000000
vt 0.921495 -0.924052 0.000000
vt 0.958900 -0.872401 0.000000
vt 0.919511 -0.950050 0.000000
vt 0.953579 -0.908376 0.000000
vt 0.967099 -0.881871 0.000000
vt 0.911295 -0.961064 0.000000
vt 0.944898 -0.915402 0.000000
vt 0.904270 -0.955573 0.000000
vt 0.897017 -0.951593 0.000000
vt 0.917496 -0.909472 0.000000
vt 0.951565 -0.948955 0.000000
vt 0.908957 -0.967369 0.000000
vt 0.943051 -0.892740 0.000000
vt 0.915900 -0.964087 0.000000
vt 0.921719 -0.872352 0.000000
vt 0.932741 -0.915882 0.000000
vt 0.915681 -0.885578 0.000000
vt 0.943999 -0.909111 0.000000
vt 0.924294 -0.958758 0.000000
vt 0.905551 -0.969758 0.000000
vt 0.938071 -0.923543 0.000000
vt 0.924154 -0.890221 0.000000
vt 0.908287 -0.901221 0.000000
vt 0.935525 -0.917048 0.000000
vt 0.948326 -0.902530 0.000000
vt 0.916224 -0.905864 0.000000
vt 0.915681 -0.894864 0.000000
vt 0.943683 -0.910467 0.000000
vt 0.932580 -0.943018 0.000000
vt 0.943999 -0.937892 0.000000
vt 0.952473 -0.937892 0.000000
vt 0.921055 -0.932742 0.000000
vt 0.907206 -0.890221 0.000000
vt 0.952473 -0.917048 0.000000
vt 0.941674 -0.935800 0.000000
vt 0.935525 -0.937892 0.000000
vt 0.966921 -0.923375 0.000000
vt 0.956474 -0.923375 0.000000
vt 0.919812 -0.941125 0.000000
vt 0.943999 -0.937892 0.000000
vt 0.923035 -0.898956 0.000000
vt 0.909028 -0.942486 0.000000
vt 0.907308 -0.958758 0.000000
vt 0.913127 -0.880195 0.000000
vt 0.927520 -0.952670 0.000000
vt 0.913854 -0.899507 0.000000
vt 0.945127 -0.958695 0.000000
vt 0.919476 -0.942848 0.000000
vt 0.929923 -0.943491 0.000000
vt 0.932807 -0.963426 0.000000
vt 0.921917 -0.899961 0.000000
vt 0.913426 -0.964429 0.000000
vt 0.915731 -0.953428 0.000000
vt 0.943400 -0.931418 0.000000
vt 0.920000 -0.959212 0.000000
vt 0.935734 -0.885578 0.000000
vt 0.943999 -0.966673 0.000000
vt 0.935445 -0.964087 0.000000
vt 0.921789 -0.928294 0.000000
vt 0.932741 -0.971824 0.000000
vt 0.921615 -0.905864 0.000000
vt 0.935734 -0.894864 0.000000
vt 0.943683 -0.936283 0.000000
vt 0.943999 -0.950800 0.000000
vt 0.919037 -0.964429 0.000000
vt 0.935668 -0.953428 0.000000
vt 0.943400 -0.957453 0.000000
vt 0.921565 -0.913924 0.000000
vt 0.944208 -0.890221 0.000000
vt 0.952473 -0.958737 0.000000
vt 0.927260 -0.890221 0.000000
vt 0.929551 -0.901221 0.000000
vt 0.935525 -0.958737 0.000000
vt 0.948326 -0.944219 0.000000
vt 0.944072 -0.958758 0.000000
vt 0.913162 -0.921210 0.000000
vt 0.927080 -0.958758 0.000000
vt 0.926115 -0.969758 0.000000
vt 0.938071 -0.964532 0.000000
vt 0.702213 -0.814928 0.000000
vt 0.682648 -0.811685 0.000000
vt 0.681701 -0.835859 0.000000
vt 0.702219 -0.836901 0.000000
vt 0.722631 -0.811543 0.000000
vt 0.560572 -0.811543 0.000000
vt 0.724877 -0.835094 0.000000
vt 0.562818 -0.835094 0.000000
vt 0.582036 -0.806232 0.000000
vt 0.583985 -0.831119 0.000000
vt 0.602818 -0.800658 0.000000
vt 0.604370 -0.824345 0.000000
vt 0.621776 -0.792245 0.000000
vt 0.621784 -0.814429 0.000000
vt 0.641101 -0.800425 0.000000
vt 0.639532 -0.822625 0.000000
vt 0.661907 -0.804923 0.000000
vt 0.659666 -0.828309 0.000000
vt 0.681864 -0.839380 0.000000
vt 0.708959 -0.832201 0.000000
vt 0.703413 -0.840537 0.000000
vt 0.695952 -0.833798 0.000000
vt 0.725124 -0.839059 0.000000
vt 0.563064 -0.839059 0.000000
vt 0.684850 -0.827878 0.000000
vt 0.584199 -0.835774 0.000000
vt 0.682936 -0.816865 0.000000
vt 0.604561 -0.829625 0.000000
vt 0.689954 -0.806624 0.000000
vt 0.621827 -0.819903 0.000000
vt 0.701367 -0.802727 0.000000
vt 0.639476 -0.827748 0.000000
vt 0.711846 -0.809418 0.000000
vt 0.659538 -0.832743 0.000000
vt 0.714486 -0.820816 0.000000
vt 0.702072 -0.786761 0.000000
vt 0.597111 -0.786801 0.000000
vt 0.683394 -0.782026 0.000000
vt 0.606196 -0.800678 0.000000
vt 0.683464 -0.786642 0.000000
vt 0.702121 -0.791572 0.000000
vt 0.720435 -0.782685 0.000000
vt 0.558376 -0.782685 0.000000
vt 0.580971 -0.785167 0.000000
vt 0.720501 -0.787145 0.000000
vt 0.558442 -0.787145 0.000000
vt 0.579920 -0.777569 0.000000
vt 0.568518 -0.796698 0.000000
vt 0.579874 -0.781340 0.000000
vt 0.601061 -0.774703 0.000000
vt 0.564831 -0.811400 0.000000
vt 0.601094 -0.777849 0.000000
vt 0.621877 -0.769320 0.000000
vt 0.573513 -0.824086 0.000000
vt 0.621869 -0.772272 0.000000
vt 0.643056 -0.775837 0.000000
vt 0.589634 -0.826450 0.000000
vt 0.642940 -0.779139 0.000000
vt 0.664315 -0.777746 0.000000
vt 0.602001 -0.816038 0.000000
vt 0.664210 -0.781738 0.000000
vt 0.708496 -0.831427 0.000000
vt 0.695196 -0.832445 0.000000
vt 0.684856 -0.827225 0.000000
vt 0.682474 -0.816090 0.000000
vt 0.688892 -0.805664 0.000000
vt 0.700974 -0.802688 0.000000
vt 0.711384 -0.808644 0.000000
vt 0.714024 -0.820041 0.000000
vt 0.597245 -0.786832 0.000000
vt 0.606330 -0.800709 0.000000
vt 0.581433 -0.784819 0.000000
vt 0.568062 -0.795008 0.000000
vt 0.564965 -0.811431 0.000000
vt 0.573956 -0.824468 0.000000
vt 0.589768 -0.826482 0.000000
vt 0.603139 -0.816292 0.000000
vt 0.598621 -0.889733 0.000000
vt 0.597939 -0.874975 0.000000
vt 0.574562 -0.873878 0.000000
vt 0.574841 -0.889647 0.000000
vt 0.549877 -0.868366 0.000000
vt 0.742815 -0.858562 0.000000
vt 0.550492 -0.886474 0.000000
vt 0.743995 -0.875103 0.000000
vt 0.716232 -0.860697 0.000000
vt 0.720359 -0.877199 0.000000
vt 0.694084 -0.869954 0.000000
vt 0.697702 -0.886454 0.000000
vt 0.671474 -0.867770 0.000000
vt 0.674089 -0.884267 0.000000
vt 0.648910 -0.879011 0.000000
vt 0.654799 -0.891687 0.000000
vt 0.624008 -0.879407 0.000000
vt 0.628150 -0.889926 0.000000
vt 0.578250 -0.893247 0.000000
vt 0.696102 -0.879749 0.000000
vt 0.601045 -0.893117 0.000000
vt 0.684258 -0.879853 0.000000
vt 0.553531 -0.891110 0.000000
vt 0.742496 -0.878943 0.000000
vt 0.706909 -0.873947 0.000000
vt 0.721140 -0.880927 0.000000
vt 0.708327 -0.863883 0.000000
vt 0.698218 -0.889801 0.000000
vt 0.701015 -0.854992 0.000000
vt 0.674155 -0.888502 0.000000
vt 0.689319 -0.851778 0.000000
vt 0.655007 -0.894461 0.000000
vt 0.680028 -0.859007 0.000000
vt 0.628907 -0.892717 0.000000
vt 0.678055 -0.869582 0.000000
vt 0.599693 -0.856752 0.000000
vt 0.600623 -0.853305 0.000000
vt 0.619335 -0.931314 0.000000
vt 0.576167 -0.852601 0.000000
vt 0.642542 -0.923391 0.000000
vt 0.576251 -0.856649 0.000000
vt 0.557126 -0.847605 0.000000
vt 0.733724 -0.842305 0.000000
vt 0.665347 -0.930198 0.000000
vt 0.555438 -0.850939 0.000000
vt 0.737479 -0.844572 0.000000
vt 0.711010 -0.844305 0.000000
vt 0.673198 -0.946948 0.000000
vt 0.712316 -0.846621 0.000000
vt 0.689444 -0.850942 0.000000
vt 0.666960 -0.962046 0.000000
vt 0.689755 -0.853967 0.000000
vt 0.665507 -0.851016 0.000000
vt 0.645130 -0.969121 0.000000
vt 0.666346 -0.853919 0.000000
vt 0.646191 -0.858227 0.000000
vt 0.622044 -0.962926 0.000000
vt 0.647184 -0.862178 0.000000
vt 0.623264 -0.858597 0.000000
vt 0.613160 -0.947290 0.000000
vt 0.622923 -0.862540 0.000000
vt 0.695760 -0.877590 0.000000
vt 0.683789 -0.878351 0.000000
vt 0.705766 -0.872389 0.000000
vt 0.707857 -0.862381 0.000000
vt 0.700879 -0.853075 0.000000
vt 0.689206 -0.851290 0.000000
vt 0.679558 -0.857505 0.000000
vt 0.677585 -0.868080 0.000000
vt 0.620266 -0.931028 0.000000
vt 0.643472 -0.923105 0.000000
vt 0.666267 -0.929373 0.000000
vt 0.676381 -0.945384 0.000000
vt 0.667890 -0.961760 0.000000
vt 0.645769 -0.968908 0.000000
vt 0.622975 -0.962640 0.000000
vt 0.612860 -0.946628 0.000000
vt 0.945040 -0.972491 0.000000
vt 0.919444 -0.900093 0.000000
vt 0.942063 -0.899081 0.000000
vt 0.970887 -0.957465 0.000000
vt 0.960916 -0.937730 0.000000
vt 0.935320 -0.934853 0.000000
vt 0.925270 -0.882262 0.000000
vt 0.954804 -0.933282 0.000000
vt 0.929718 -0.872315 0.000000
vt 0.936595 -0.973021 0.000000
vt 0.933618 -0.889955 0.000000
vt 0.944136 -0.930802 0.000000
vt 0.918540 -0.941782 0.000000
vt 0.887941 -0.950966 0.000000
vt 0.928355 -0.965466 0.000000
vt 0.902760 -0.907117 0.000000
vt 0.925379 -0.895102 0.000000
vt 0.954203 -0.961445 0.000000
vt 0.924653 -0.937335 0.000000
vt 0.883494 -0.941019 0.000000
vt 0.911196 -0.907638 0.000000
vt 0.962639 -0.952318 0.000000
vt 0.946846 -0.899053 0.000000
vt 0.955875 -0.916155 0.000000
vt 0.926173 -0.954123 0.000000
vt 0.938184 -0.901579 0.000000
vt 0.936351 -0.947767 0.000000
vt 0.921841 -0.962477 0.000000
vt 0.945130 -0.917924 0.000000
vt 0.900819 -0.931648 0.000000
vt 0.915428 -0.955577 0.000000
vt 0.892140 -0.929122 0.000000
vt 0.925588 -0.945980 0.000000
vt 0.917363 -0.972371 0.000000
vt 0.923880 -0.918853 0.000000
vt 0.943900 -0.955238 0.000000
vt 0.934657 -0.920307 0.000000
vt 0.963481 -0.936240 0.000000
vt 0.945369 -0.900471 0.000000
vt 0.917980 -0.916327 0.000000
vt 0.946804 -0.940220 0.000000
vt 0.948852 -0.947499 0.000000
vt 0.957561 -0.938766 0.000000
vt 0.946575 -0.909559 0.000000
vt 0.915079 -0.901579 0.000000
vt 0.922984 -0.965419 0.000000
vt 0.935982 -0.939624 0.000000
vt 0.924323 -0.910703 0.000000
vt 0.904397 -0.903755 0.000000
vt 0.925300 -0.945318 0.000000
vt 0.923470 -0.931190 0.000000
vt 0.922149 -0.943242 0.000000
vt 0.939608 -0.928294 0.000000
vt 0.916326 -0.924882 0.000000
vt 0.930717 -0.936103 0.000000
vt 0.938623 -0.930896 0.000000
vt 0.932469 -0.922804 0.000000
vt 0.940069 -0.975602 0.000000
vt 0.898354 -0.908562 0.000000
vt 0.906259 -0.958436 0.000000
vt 0.934116 -0.929356 0.000000
vt 0.948081 -0.920902 0.000000
vt 0.913907 -0.943001 0.000000
vt 0.921813 -0.923997 0.000000
vt 0.908084 -0.934352 0.000000
vt 0.895110 -0.910423 0.000000
vt 0.916940 -0.960612 0.000000
vt 0.958761 -0.926596 0.000000
vt 0.933187 -0.916877 0.000000
vt 0.930366 -0.931151 0.000000
vt 0.887956 -0.915913 0.000000
vt 0.928630 -0.980798 0.000000
vt 0.931244 -0.959280 0.000000
vt 0.931244 -0.959280 0.000000
vt 0.941449 -0.944219 0.000000
vt 0.931244 -0.888559 0.000000
vt 0.931244 -0.888559 0.000000
vt 0.939134 -0.946315 0.000000
vt 0.922771 -0.883792 0.000000
vt 0.959647 -0.887879 0.000000
vt 0.922771 -0.883792 0.000000
vt 0.959647 -0.887879 0.000000
vt 0.922760 -0.964787 0.000000
vt 0.956845 -0.968874 0.000000
vt 0.922760 -0.964787 0.000000
vt 0.956845 -0.968874 0.000000
vt 0.951482 -0.892751 0.000000
vt 0.951482 -0.892751 0.000000
vt 0.949209 -0.963560 0.000000
vt 0.949209 -0.963560 0.000000
vt 0.943411 -0.897528 0.000000
vt 0.922771 -0.893441 0.000000
vt 0.943411 -0.897528 0.000000
vt 0.947608 -0.938139 0.000000
vt 0.941773 -0.958047 0.000000
vt 0.922771 -0.953960 0.000000
vt 0.941773 -0.958047 0.000000
vt 0.932975 -0.936589 0.000000
vt 0.922771 -0.858807 0.000000
vt 0.931452 -0.862894 0.000000
vt 0.933376 -0.846559 0.000000
vt 0.931244 -0.869471 0.000000
vt 0.939134 -0.925963 0.000000
vt 0.924902 -0.857224 0.000000
vt 0.931156 -0.873638 0.000000
vt 0.930890 -0.884350 0.000000
vt 0.947608 -0.925619 0.000000
vt 0.922390 -0.989194 0.000000
vt 0.927697 -0.993281 0.000000
vt 0.933756 -0.976946 0.000000
vt 0.931086 -0.978416 0.000000
vt 0.941290 -0.922833 0.000000
vt 0.925060 -0.966168 0.000000
vt 0.927804 -0.982716 0.000000
vt 0.928143 -0.971930 0.000000
vt 0.932951 -0.922959 0.000000
vt 0.924902 -0.947006 0.000000
vt 0.939134 -0.902469 0.000000
vt 0.924902 -0.947006 0.000000
vt 0.941449 -0.902556 0.000000
vt 0.933376 -0.952503 0.000000
vt 0.899953 -0.968838 0.000000
vt 0.933376 -0.952503 0.000000
vt 0.899953 -0.968838 0.000000
vt 0.933376 -0.871527 0.000000
vt 0.902103 -0.887862 0.000000
vt 0.933376 -0.871527 0.000000
vt 0.902103 -0.887862 0.000000
vt 0.924902 -0.876297 0.000000
vt 0.939134 -0.904640 0.000000
vt 0.924902 -0.876297 0.000000
vt 0.939134 -0.904640 0.000000
vt 0.907547 -0.963534 0.000000
vt 0.907547 -0.963534 0.000000
vt 0.909807 -0.892736 0.000000
vt 0.909807 -0.892736 0.000000
vt 0.915341 -0.958030 0.000000
vt 0.947608 -0.910070 0.000000
vt 0.915341 -0.958030 0.000000
vt 0.932975 -0.910157 0.000000
vt 0.917605 -0.897518 0.000000
vt 0.947608 -0.912333 0.000000
vt 0.917605 -0.897518 0.000000
vt 0.947608 -0.912333 0.000000
vt 0.580846 -0.933909 0.000000
vt 0.555736 -0.935971 0.000000
vt 0.728488 -0.935971 0.000000
vt 0.556878 -0.963224 0.000000
vt 0.729630 -0.963224 0.000000
vt 0.580105 -0.964991 0.000000
vt 0.602756 -0.938782 0.000000
vt 0.600419 -0.966711 0.000000
vt 0.628619 -0.945251 0.000000
vt 0.627043 -0.984864 0.000000
vt 0.644730 -0.950719 0.000000
vt 0.644540 -0.988721 0.000000
vt 0.665253 -0.944776 0.000000
vt 0.661574 -0.977041 0.000000
vt 0.688956 -0.947360 0.000000
vt 0.686657 -0.975459 0.000000
vt 0.709581 -0.939893 0.000000
vt 0.708631 -0.966667 0.000000
vt 0.554868 -0.968244 0.000000
vt 0.729293 -0.966545 0.000000
vt 0.591152 -0.955565 0.000000
vt 0.579987 -0.969087 0.000000
vt 0.603032 -0.943638 0.000000
vt 0.601538 -0.974516 0.000000
vt 0.604355 -0.928097 0.000000
vt 0.626886 -0.988507 0.000000
vt 0.593594 -0.919496 0.000000
vt 0.646930 -0.993169 0.000000
vt 0.577922 -0.918631 0.000000
vt 0.664779 -0.983533 0.000000
vt 0.566702 -0.925588 0.000000
vt 0.687926 -0.980123 0.000000
vt 0.563167 -0.940164 0.000000
vt 0.707012 -0.973687 0.000000
vt 0.571577 -0.952373 0.000000
vt 0.579397 -0.899181 0.000000
vt 0.588312 -0.880790 0.000000
vt 0.553534 -0.903098 0.000000
vt 0.725645 -0.904787 0.000000
vt 0.575779 -0.892892 0.000000
vt 0.553962 -0.907395 0.000000
vt 0.726714 -0.907395 0.000000
vt 0.578891 -0.903008 0.000000
vt 0.605454 -0.899947 0.000000
vt 0.588698 -0.868627 0.000000
vt 0.604995 -0.902900 0.000000
vt 0.630377 -0.902089 0.000000
vt 0.577657 -0.858755 0.000000
vt 0.629937 -0.906344 0.000000
vt 0.645728 -0.909812 0.000000
vt 0.564735 -0.855854 0.000000
vt 0.645386 -0.914870 0.000000
vt 0.663729 -0.906623 0.000000
vt 0.554802 -0.864942 0.000000
vt 0.665067 -0.909549 0.000000
vt 0.685215 -0.909578 0.000000
vt 0.554020 -0.876715 0.000000
vt 0.685971 -0.914819 0.000000
vt 0.706279 -0.909787 0.000000
vt 0.560591 -0.887480 0.000000
vt 0.709300 -0.912286 0.000000
vt 0.590848 -0.955601 0.000000
vt 0.602333 -0.940761 0.000000
vt 0.603907 -0.931471 0.000000
vt 0.593290 -0.918765 0.000000
vt 0.577901 -0.917176 0.000000
vt 0.567029 -0.925792 0.000000
vt 0.564009 -0.940407 0.000000
vt 0.572265 -0.952379 0.000000
vt 0.588555 -0.879380 0.000000
vt 0.576022 -0.891439 0.000000
vt 0.589346 -0.870146 0.000000
vt 0.579427 -0.856414 0.000000
vt 0.564944 -0.854650 0.000000
vt 0.554831 -0.865943 0.000000
vt 0.554312 -0.875293 0.000000
vt 0.560749 -0.889407 0.000000
vt 0.896420 -0.948665 0.000000
vt 0.923628 -0.951085 0.000000
vt 0.924102 -0.954808 0.000000
vt 0.904669 -0.941152 0.000000
vt 0.908251 -0.919011 0.000000
vt 0.925678 -0.973234 0.000000
vt 0.917946 -0.923190 0.000000
vt 0.902102 -0.925610 0.000000
vt 0.935372 -0.967354 0.000000
vt 0.920402 -0.946315 0.000000
vt 0.913273 -0.950791 0.000000
vt 0.915023 -0.936367 0.000000
vt 0.908905 -0.924345 0.000000
vt 0.927205 -0.936562 0.000000
vt 0.901448 -0.917746 0.000000
vt 0.918600 -0.920166 0.000000
vt 0.918874 -0.963481 0.000000
vt 0.936900 -0.942442 0.000000
vt 0.933945 -0.948188 0.000000
vt 0.924930 -0.945415 0.000000
vt 0.930844 -0.924376 0.000000
vt 0.941428 -0.949288 0.000000
vt 0.914346 -0.928250 0.000000
vt 0.923362 -0.925476 0.000000
vt 0.902563 -0.954403 0.000000
vt 0.917959 -0.963466 0.000000
vt 0.913303 -0.934866 0.000000
vt 0.920774 -0.933765 0.000000
vt 0.907996 -0.920109 0.000000
vt 0.904277 -0.937638 0.000000
vt 0.924493 -0.923982 0.000000
vt 0.912918 -0.954109 0.000000
vt 0.907130 -0.956529 0.000000
vt 0.907604 -0.958681 0.000000
vt 0.921167 -0.945025 0.000000
vt 0.917011 -0.922882 0.000000
vt 0.942360 -0.920166 0.000000
vt 0.951081 -0.915329 0.000000
vt 0.928257 -0.924372 0.000000
vt 0.927517 -0.903334 0.000000
vt 0.937814 -0.955599 0.000000
vt 0.905146 -0.910061 0.000000
vt 0.930890 -0.956529 0.000000
vt 0.962551 -0.951692 0.000000
vt 0.898221 -0.919573 0.000000
vt 0.930549 -0.905917 0.000000
vt 0.952978 -0.947177 0.000000
vt 0.920976 -0.911555 0.000000
vt 0.931984 -0.920156 0.000000
vt 0.938633 -0.919235 0.000000
vt 0.925862 -0.925609 0.000000
vt 0.967579 -0.920773 0.000000
vt 0.944755 -0.928246 0.000000
vt 0.911019 -0.907207 0.000000
vt 0.957203 -0.920782 0.000000
vt 0.921395 -0.912344 0.000000
vt 0.947387 -0.951084 0.000000
vt 0.946053 -0.946248 0.000000
vt 0.914719 -0.915699 0.000000
vt 0.914052 -0.902043 0.000000
vt 0.910604 -0.958826 0.000000
vt 0.939196 -0.961772 0.000000
vt 0.933363 -0.902089 0.000000
vt 0.919421 -0.969411 0.000000
vt 0.948558 -0.917744 0.000000
vt 0.924716 -0.903442 0.000000
vt 0.910774 -0.961297 0.000000
vt 0.908820 -0.954413 0.000000
vt 0.926592 -0.962943 0.000000
vt 0.930790 -0.950104 0.000000
vt 0.940208 -0.900181 0.000000
vt 0.940674 -0.907542 0.000000
vt 0.930489 -0.894703 0.000000
vt 0.943105 -0.925441 0.000000
vt 0.938415 -0.943400 0.000000
vt 0.919912 -0.956238 0.000000
vt 0.946912 -0.907807 0.000000
vt 0.941785 -0.954741 0.000000
vt 0.925492 -0.942524 0.000000
vt 0.969458 -0.944631 0.000000
vt 0.915361 -0.941864 0.000000
vt 0.924702 -0.934980 0.000000
vt 0.958987 -0.944874 0.000000
vt 0.942250 -0.933247 0.000000
vt 0.952614 -0.945533 0.000000
vt 0.914230 -0.934737 0.000000
vt 0.943083 -0.923129 0.000000
vt 0.938603 -0.896057 0.000000
vt 0.932027 -0.908895 0.000000
vt 0.941751 -0.933555 0.000000
vt 0.903367 -0.946716 0.000000
vt 0.914190 -0.942547 0.000000
vt 0.919318 -0.920001 0.000000
vt 0.917311 -0.965536 0.000000
vt 0.932486 -0.969367 0.000000
vt 0.937614 -0.893180 0.000000
vt 0.924856 -0.942238 0.000000
vt 0.925850 -0.919708 0.000000
vt 0.936475 -0.920101 0.000000
vt 0.931348 -0.942446 0.000000
vt 0.931813 -0.906225 0.000000
vt 0.964565 -0.906225 0.000000
vt 0.921513 -0.913528 0.000000
vt 0.951020 -0.973627 0.000000
vt 0.932388 -0.969758 0.000000
vt 0.963990 -0.969758 0.000000
vt 0.934862 -0.915058 0.000000
vt 0.939990 -0.947490 0.000000
vt 0.949556 -0.914389 0.000000
vt 0.946821 -0.914389 0.000000
vt 0.930459 -0.919069 0.000000
vt 0.904471 -0.921653 0.000000
vt 0.949583 -0.961726 0.000000
vt 0.946795 -0.961726 0.000000
vt 0.948022 -0.933083 0.000000
vt 0.942894 -0.929465 0.000000
vt 0.939108 -0.908258 0.000000
vt 0.912289 -0.920824 0.000000
vt 0.910603 -0.913940 0.000000
vt 0.956852 -0.912356 0.000000
vt 0.944888 -0.965914 0.000000
vt 0.921888 -0.927122 0.000000
vt 0.939284 -0.963678 0.000000
vt 0.940942 -0.921954 0.000000
vt 0.956474 -0.967797 0.000000
vt 0.941951 -0.939974 0.000000
vt 0.940658 -0.952183 0.000000
vt 0.935005 -0.963466 0.000000
vt 0.928822 -0.958066 0.000000
vt 0.900757 -0.951311 0.000000
vt 0.950740 -0.955717 0.000000
vt 0.915216 -0.904125 0.000000
vt 0.923739 -0.968148 0.000000
vt 0.969847 -0.961310 0.000000
vt 0.936438 -0.963543 0.000000
vt 0.952196 -0.949665 0.000000
vt 0.901351 -0.970563 0.000000
vt 0.918188 -0.947652 0.000000
vt 0.941276 -0.945913 0.000000
vt 0.951862 -0.911335 0.000000
vt 0.921940 -0.936732 0.000000
vt 0.957179 -0.952748 0.000000
vt 0.960021 -0.946315 0.000000
vt 0.891920 -0.950455 0.000000
vt 0.949931 -0.941486 0.000000
vt 0.967968 -0.938731 0.000000
vt 0.944013 -0.901435 0.000000
vt 0.964348 -0.912719 0.000000
vt 0.931056 -0.957237 0.000000
vt 0.969666 -0.954482 0.000000
vt 0.954924 -0.897671 0.000000
vt 0.948886 -0.962172 0.000000
vt 0.934821 -0.968148 0.000000
vt 0.888902 -0.972288 0.000000
vt 0.902967 -0.954847 0.000000
vt 0.899353 -0.931936 0.000000
vt 0.909384 -0.927069 0.000000
vt 0.956795 -0.943084 0.000000
vt 0.900683 -0.944100 0.000000
vt 0.980708 -0.937262 0.000000
vt 0.911398 -0.940379 0.000000
vt 0.891931 -0.933624 0.000000
vt 0.969814 -0.942456 0.000000
vt 0.941490 -0.933537 0.000000
vt 0.906791 -0.912931 0.000000
vt 0.948656 -0.899054 0.000000
vt 0.961041 -0.960230 0.000000
vt 0.923982 -0.951311 0.000000
vt 0.930693 -0.929864 0.000000
vt 0.902738 -0.938865 0.000000
vt 0.938585 -0.902565 0.000000
vt 0.926612 -0.954683 0.000000
vt 0.918867 -0.941240 0.000000
vt 0.909540 -0.950241 0.000000
vt 0.937993 -0.905142 0.000000
vt 0.932074 -0.923603 0.000000
vt 0.942042 -0.924230 0.000000
vt 0.950241 -0.921475 0.000000
vt 0.929874 -0.897211 0.000000
vt 0.921957 -0.966673 0.000000
vt 0.949973 -0.922594 0.000000
vt 0.915690 -0.926734 0.000000
vt 0.895943 -0.955146 0.000000
vt 0.917781 -0.908738 0.000000
vt 0.896691 -0.922602 0.000000
vt 0.954585 -0.915764 0.000000
vt 0.932753 -0.963893 0.000000
vt 0.946974 -0.914701 0.000000
vt 0.920804 -0.937530 0.000000
vt 0.907188 -0.914618 0.000000
vt 0.955084 -0.906766 0.000000
vt 0.942882 -0.928727 0.000000
vt 0.915123 -0.916268 0.000000
vt 0.945117 -0.932283 0.000000
vt 0.908292 -0.955717 0.000000
vt 0.928407 -0.953304 0.000000
vt 0.909041 -0.924748 0.000000
vt 0.911915 -0.917992 0.000000
vt 0.928853 -0.913480 0.000000
vt 0.916944 -0.864288 0.000000
vt 0.949843 -0.926837 0.000000
vt 0.943819 -0.917918 0.000000
vt 0.929329 -0.863692 0.000000
vt 0.939494 -0.954482 0.000000
vt 0.931433 -0.920079 0.000000
vt 0.916632 -0.929080 0.000000
vt 0.950126 -0.968852 0.000000
vt 0.935184 -0.922780 0.000000
vt 0.915515 -0.922780 0.000000
vt 0.906457 -0.924855 0.000000
vt 0.917205 -0.909912 0.000000
vt 0.952416 -0.915201 0.000000
vt 0.930324 -0.934429 0.000000
vt 0.916011 -0.923192 0.000000
vt 0.921552 -0.922493 0.000000
vt 0.961969 -0.922808 0.000000
vt 0.894870 -0.930292 0.000000
vt 0.944989 -0.930292 0.000000
vt 0.906452 -0.929714 0.000000
vt 0.942954 -0.935002 0.000000
vt 0.910476 -0.916483 0.000000
vt 0.908833 -0.902696 0.000000
vt 0.932545 -0.902696 0.000000
vt 0.932405 -0.930056 0.000000
vt 0.940719 -0.935030 0.000000
vt 0.920042 -0.914805 0.000000
vt 0.923039 -0.926042 0.000000
vt 0.922979 -0.910234 0.000000
vt 0.929940 -0.915208 0.000000
vt 0.929085 -0.934637 0.000000
vt 0.955487 -0.934951 0.000000
vt 0.946612 -0.951482 0.000000
vt 0.896983 -0.951482 0.000000
vt 0.941025 -0.970611 0.000000
vt 0.926083 -0.929758 0.000000
vt 0.935786 -0.914705 0.000000
vt 0.935004 -0.950791 0.000000
vt 0.950163 -0.935737 0.000000
vt 0.909479 -0.950980 0.000000
vt 0.953051 -0.934676 0.000000
vt 0.954596 -0.960563 0.000000
vt 0.924981 -0.971800 0.000000
vt 0.923803 -0.929979 0.000000
vt 0.962036 -0.913676 0.000000
vt 0.964608 -0.934039 0.000000
vt 0.937712 -0.935288 0.000000
vt 0.931963 -0.973562 0.000000
vt 0.945492 -0.962325 0.000000
vt 0.971140 -0.920658 0.000000
vt 0.927499 -0.921907 0.000000
vt 0.952729 -0.895026 0.000000
vt 0.899636 -0.912896 0.000000
vt 0.919406 -0.948850 0.000000
vt 0.953571 -0.954139 0.000000
vt 0.948278 -0.887491 0.000000
vt 0.911871 -0.956393 0.000000
vt 0.930957 -0.956393 0.000000
vt 0.939161 -0.884988 0.000000
vt 0.913204 -0.902858 0.000000
vt 0.921841 -0.949164 0.000000
vt 0.927727 -0.954139 0.000000
vt 0.908740 -0.910405 0.000000
vt 0.920181 -0.946633 0.000000
vt 0.962675 -0.946947 0.000000
vt 0.938012 -0.949765 0.000000
vt 0.970643 -0.945727 0.000000
vt 0.929099 -0.946977 0.000000
vt 0.918589 -0.941147 0.000000
vt 0.933776 -0.959018 0.000000
vt 0.926811 -0.969312 0.000000
vt 0.938351 -0.954259 0.000000
vt 0.909271 -0.940366 0.000000
vt 0.936129 -0.976835 0.000000
vt 0.911971 -0.976835 0.000000
vt 0.904996 -0.931082 0.000000
vt 0.947369 -0.948952 0.000000
vt 0.921255 -0.969523 0.000000
vt 0.961286 -0.953220 0.000000
vt 0.698442 -0.816591 0.000000
vt 0.585273 -0.806030 0.000000
vt 0.691663 -0.863202 0.000000
vt 0.644631 -0.946545 0.000000
vt 0.582761 -0.935069 0.000000
vt 0.570565 -0.872993 0.000000
vt 0.265102 -0.442920 0.000000
vt 0.265102 -0.442920 0.000000
vt 0.265102 -0.442920 0.000000
vt 0.265102 -0.442920 0.000000
vt 0.623332 -0.747684 0.000000
vt 0.108507 -0.461727 0.000000
vt 0.108507 -0.461727 0.000000
vt 0.034389 -0.649806 0.000000
vt 0.084367 -0.440165 0.000000
vt 0.084367 -0.440165 0.000000
vt 0.421105 -0.716999 0.000000
vt 0.084367 -0.440165 0.000000
vt 0.084367 -0.440165 0.000000
vt 0.462786 -0.824111 0.000000
vt 0.082980 -0.471177 0.000000
vt 0.082980 -0.471177 0.000000
vt 0.082980 -0.471177 0.000000
vt 0.082980 -0.471177 0.000000
vt 0.187652 -0.480127 0.000000
vt 0.187652 -0.480127 0.000000
vt 0.527410 -0.798142 0.000000
vt 0.187652 -0.480127 0.000000
vt 0.187652 -0.480127 0.000000
vt 0.562850 -0.732899 0.000000
vt 0.573228 -0.707079 0.000000
vt 0.550592 -0.712072 0.000000
vt 0.538211 -0.750370 0.000000
vt 0.631811 -0.739183 0.000000
vt 0.638530 -0.724377 0.000000
vt 0.608904 -0.709982 0.000000
vt 0.601849 -0.731137 0.000000
vt 0.643306 -0.690354 0.000000
vt 0.614677 -0.672857 0.000000
vt 0.579856 -0.669065 0.000000
vt 0.557877 -0.663544 0.000000
vt 0.442318 -0.714854 0.000000
vt 0.450562 -0.679537 0.000000
vt 0.433869 -0.665725 0.000000
vt 0.423104 -0.762232 0.000000
vt 0.428535 -0.698874 0.000000
vt 0.445671 -0.801873 0.000000
vt 0.495014 -0.761445 0.000000
vt 0.505205 -0.720466 0.000000
vt 0.480199 -0.698741 0.000000
vt 0.469316 -0.738290 0.000000
vt 0.526612 -0.646914 0.000000
vt 0.489942 -0.643901 0.000000
vt 0.532417 -0.713491 0.000000
vt 0.542611 -0.654366 0.000000
vt 0.518594 -0.752683 0.000000
vt 0.456686 -0.640319 0.000000
vt 0.437236 -0.642842 0.000000
vt 0.396633 -0.737022 0.000000
vt 0.464535 -0.689345 0.000000
vt 0.473189 -0.639550 0.000000
vt 0.454435 -0.730437 0.000000
vt 0.160633 -0.484874 0.000000
vt 0.160633 -0.484874 0.000000
vt 0.160633 -0.484874 0.000000
vt 0.022657 -0.677440 0.000000
vt 0.142299 -0.471135 0.000000
vt 0.142299 -0.471135 0.000000
vt 0.142299 -0.471135 0.000000
vt 0.024731 -0.666010 0.000000
vt 0.363206 -0.452855 0.000000
vt 0.363206 -0.452855 0.000000
vt 0.341933 -0.881468 0.000000
vt 0.363206 -0.452855 0.000000
vt 0.363206 -0.452855 0.000000
vt 0.347510 -0.824254 0.000000
vt 0.337343 -0.803912 0.000000
vt 0.308767 -0.837331 0.000000
vt 0.324584 -0.859319 0.000000
vt 0.414623 -0.791781 0.000000
vt 0.395819 -0.765963 0.000000
vt 0.370117 -0.770019 0.000000
vt 0.386860 -0.793641 0.000000
vt 0.376283 -0.744883 0.000000
vt 0.353920 -0.760131 0.000000
vt 0.324134 -0.787927 0.000000
vt 0.292541 -0.809635 0.000000
vt 0.662603 -0.750345 0.000000
vt 0.667063 -0.739582 0.000000
vt 0.298294 -0.895638 0.000000
vt 0.284906 -0.871617 0.000000
vt 0.262296 -0.918673 0.000000
vt 0.682862 -0.742458 0.000000
vt 0.277045 -0.938097 0.000000
vt 0.680286 -0.761540 0.000000
vt 0.272571 -0.834303 0.000000
vt 0.265756 -0.870739 0.000000
vt 0.688086 -0.711822 0.000000
vt 0.670974 -0.706935 0.000000
vt 0.670975 -0.695987 0.000000
vt 0.699725 -0.697599 0.000000
vt 0.698843 -0.685173 0.000000
vt 0.670951 -0.675152 0.000000
vt 0.476964 -0.618847 0.000000
vt 0.501062 -0.619961 0.000000
vt 0.503419 -0.608871 0.000000
vt 0.476922 -0.610872 0.000000
vt 0.342485 -0.757738 0.000000
vt 0.369390 -0.737643 0.000000
vt 0.365629 -0.728484 0.000000
vt 0.338659 -0.744202 0.000000
vt 0.334099 -0.616808 0.000000
vt 0.330592 -0.601779 0.000000
vt 0.302643 -0.608735 0.000000
vt 0.306151 -0.622895 0.000000
vt 0.278056 -0.633117 0.000000
vt 0.276558 -0.618490 0.000000
vt 0.258331 -0.636653 0.000000
vt 0.259398 -0.648269 0.000000
vt 0.271328 -0.759673 0.000000
vt 0.277717 -0.794726 0.000000
vt 0.312348 -0.770829 0.000000
vt 0.309337 -0.750792 0.000000
vt 0.294270 -0.697875 0.000000
vt 0.258954 -0.702253 0.000000
vt 0.256137 -0.738630 0.000000
vt 0.301310 -0.728990 0.000000
vt 0.333544 -0.718818 0.000000
vt 0.360645 -0.712227 0.000000
vt 0.354401 -0.676783 0.000000
vt 0.324914 -0.685557 0.000000
vt 0.442719 -0.628531 0.000000
vt 0.393930 -0.717550 0.000000
vt 0.457506 -0.622777 0.000000
vt 0.456314 -0.615941 0.000000
vt 0.440978 -0.620432 0.000000
vt 0.389880 -0.708576 0.000000
vt 0.477860 -0.552406 0.000000
vt 0.481844 -0.542882 0.000000
vt 0.463535 -0.534381 0.000000
vt 0.360524 -0.598713 0.000000
vt 0.464531 -0.546187 0.000000
vt 0.363877 -0.611399 0.000000
vt 0.439230 -0.612401 0.000000
vt 0.385761 -0.699705 0.000000
vt 0.455511 -0.608554 0.000000
vt 0.463245 -0.582303 0.000000
vt 0.441076 -0.587396 0.000000
vt 0.384214 -0.667589 0.000000
vt 0.517137 -0.563910 0.000000
vt 0.524398 -0.552794 0.000000
vt 0.498794 -0.549800 0.000000
vt 0.494426 -0.558711 0.000000
vt 0.477909 -0.601702 0.000000
vt 0.505759 -0.597767 0.000000
vt 0.512196 -0.576704 0.000000
vt 0.485839 -0.577130 0.000000
vt 0.569082 -0.635842 0.000000
vt 0.586850 -0.641415 0.000000
vt 0.590195 -0.628904 0.000000
vt 0.570342 -0.618050 0.000000
vt 0.529964 -0.617925 0.000000
vt 0.554605 -0.622091 0.000000
vt 0.558415 -0.606621 0.000000
vt 0.533634 -0.603665 0.000000
vt 0.564675 -0.573268 0.000000
vt 0.565892 -0.564832 0.000000
vt 0.543582 -0.558846 0.000000
vt 0.539749 -0.570054 0.000000
vt 0.537076 -0.590809 0.000000
vt 0.561383 -0.593485 0.000000
vt 0.564587 -0.585703 0.000000
vt 0.539759 -0.579294 0.000000
vt 0.601839 -0.583825 0.000000
vt 0.609322 -0.571331 0.000000
vt 0.586925 -0.566103 0.000000
vt 0.582424 -0.578727 0.000000
vt 0.574828 -0.601450 0.000000
vt 0.596298 -0.607298 0.000000
vt 0.600200 -0.598118 0.000000
vt 0.576770 -0.592362 0.000000
vt 0.615605 -0.644752 0.000000
vt 0.643879 -0.669331 0.000000
vt 0.644466 -0.651305 0.000000
vt 0.617740 -0.635237 0.000000
vt 0.647785 -0.590626 0.000000
vt 0.650773 -0.576980 0.000000
vt 0.626616 -0.574784 0.000000
vt 0.624274 -0.583107 0.000000
vt 0.618931 -0.618696 0.000000
vt 0.643676 -0.623881 0.000000
vt 0.644054 -0.598723 0.000000
vt 0.621454 -0.596075 0.000000
vt 0.695286 -0.596168 0.000000
vt 0.694526 -0.582497 0.000000
vt 0.670988 -0.581761 0.000000
vt 0.669725 -0.593080 0.000000
vt 0.668476 -0.639452 0.000000
vt 0.697255 -0.652272 0.000000
vt 0.695236 -0.614347 0.000000
vt 0.666411 -0.606777 0.000000
vt 0.728719 -0.694214 0.000000
vt 0.725694 -0.676719 0.000000
vt 0.895893 -0.591357 0.000000
vt 0.895193 -0.581056 0.000000
vt 0.872306 -0.588908 0.000000
vt 0.874421 -0.601985 0.000000
vt 0.170951 -0.768716 0.000000
vt 0.178632 -0.750098 0.000000
vt 0.151344 -0.740236 0.000000
vt 0.144995 -0.753575 0.000000
vt 0.185361 -0.621633 0.000000
vt 0.212079 -0.634778 0.000000
vt 0.212434 -0.619472 0.000000
vt 0.189790 -0.605010 0.000000
vt 0.239881 -0.645124 0.000000
vt 0.236443 -0.630760 0.000000
vt 0.244918 -0.760365 0.000000
vt 0.206445 -0.758295 0.000000
vt 0.197609 -0.780223 0.000000
vt 0.233675 -0.803995 0.000000
vt 0.225190 -0.704644 0.000000
vt 0.220970 -0.733537 0.000000
vt 0.185739 -0.726773 0.000000
vt 0.193611 -0.691007 0.000000
vt 0.163233 -0.680980 0.000000
vt 0.156675 -0.720272 0.000000
vt 0.120948 -0.735651 0.000000
vt 0.126957 -0.724071 0.000000
vt 0.106966 -0.700701 0.000000
vt 0.918097 -0.581043 0.000000
vt 0.102797 -0.711548 0.000000
vt 0.917167 -0.591255 0.000000
vt 0.143365 -0.609888 0.000000
vt 0.882272 -0.515486 0.000000
vt 0.159038 -0.611200 0.000000
vt 0.162952 -0.597098 0.000000
vt 0.142671 -0.595953 0.000000
vt 0.878140 -0.505450 0.000000
vt 0.131682 -0.704240 0.000000
vt 0.135398 -0.669547 0.000000
vt 0.117926 -0.654163 0.000000
vt 0.908018 -0.544893 0.000000
vt 0.112370 -0.685197 0.000000
vt 0.915738 -0.568245 0.000000
vt 0.852507 -0.534419 0.000000
vt 0.872059 -0.524516 0.000000
vt 0.867497 -0.516170 0.000000
vt 0.848255 -0.524958 0.000000
vt 0.892989 -0.569039 0.000000
vt 0.885662 -0.542192 0.000000
vt 0.859955 -0.551709 0.000000
vt 0.869404 -0.576718 0.000000
vt 0.813249 -0.632989 0.000000
vt 0.808537 -0.618511 0.000000
vt 0.790526 -0.619439 0.000000
vt 0.798032 -0.634208 0.000000
vt 0.852849 -0.608648 0.000000
vt 0.848330 -0.594547 0.000000
vt 0.823038 -0.610139 0.000000
vt 0.832993 -0.620953 0.000000
vt 0.811595 -0.564504 0.000000
vt 0.831931 -0.548084 0.000000
vt 0.829026 -0.539165 0.000000
vt 0.811503 -0.551382 0.000000
vt 0.843385 -0.581380 0.000000
vt 0.835790 -0.562364 0.000000
vt 0.813478 -0.574884 0.000000
vt 0.818808 -0.594411 0.000000
vt 0.781849 -0.570828 0.000000
vt 0.798875 -0.568979 0.000000
vt 0.791731 -0.554862 0.000000
vt 0.777177 -0.557594 0.000000
vt 0.803742 -0.597245 0.000000
vt 0.798666 -0.577161 0.000000
vt 0.782256 -0.579191 0.000000
vt 0.784229 -0.594641 0.000000
vt 0.775692 -0.645760 0.000000
vt 0.769344 -0.628733 0.000000
vt 0.748067 -0.650918 0.000000
vt 0.751871 -0.663940 0.000000
vt 0.741589 -0.584424 0.000000
vt 0.761076 -0.576594 0.000000
vt 0.754919 -0.561827 0.000000
vt 0.736422 -0.570897 0.000000
vt 0.764667 -0.605124 0.000000
vt 0.763256 -0.586116 0.000000
vt 0.742306 -0.596370 0.000000
vt 0.744914 -0.627342 0.000000
vt 0.722133 -0.587538 0.000000
vt 0.719083 -0.578782 0.000000
vt 0.724055 -0.645591 0.000000
vt 0.722324 -0.606215 0.000000
vt 0.723907 -0.510795 0.000000
vt 0.244208 -0.559667 0.000000
vt 0.244208 -0.559667 0.000000
vt 0.244208 -0.559667 0.000000
vt 0.244208 -0.559667 0.000000
vt 0.244208 -0.559667 0.000000
vt 0.244208 -0.559667 0.000000
vt 0.225984 -0.509603 0.000000
vt 0.225984 -0.509603 0.000000
vt 0.844310 -0.800291 0.000000
vt 0.225984 -0.509603 0.000000
vt 0.225984 -0.509603 0.000000
vt 0.196665 -0.504979 0.000000
vt 0.196665 -0.504979 0.000000
vt 0.050644 -0.633874 0.000000
vt 0.162650 -0.534108 0.000000
vt 0.162650 -0.534108 0.000000
vt 0.771050 -0.821687 0.000000
vt 0.162650 -0.534108 0.000000
vt 0.162650 -0.534108 0.000000
vt 0.794052 -0.773301 0.000000
vt 0.780134 -0.730876 0.000000
vt 0.750742 -0.779312 0.000000
vt 0.765166 -0.809724 0.000000
vt 0.760298 -0.691550 0.000000
vt 0.736566 -0.733277 0.000000
vt 0.809438 -0.721929 0.000000
vt 0.789722 -0.682008 0.000000
vt 0.827842 -0.776682 0.000000
vt 0.165142 -0.918990 0.000000
vt 0.195048 -0.883076 0.000000
vt 0.163600 -0.857115 0.000000
vt 0.135852 -0.898280 0.000000
vt 0.722425 -0.774686 0.000000
vt 0.232213 -0.931748 0.000000
vt 0.735769 -0.803515 0.000000
vt 0.194190 -0.968546 0.000000
vt 0.706333 -0.731307 0.000000
vt 0.244725 -0.871137 0.000000
vt 0.212975 -0.837443 0.000000
vt 0.185869 -0.813365 0.000000
vt 0.349944 -0.487644 0.000000
vt 0.349944 -0.487644 0.000000
vt 0.349944 -0.487644 0.000000
vt 0.075621 -0.684065 0.000000
vt 0.331208 -0.485865 0.000000
vt 0.331208 -0.485865 0.000000
vt 0.953013 -0.739310 0.000000
vt 0.331208 -0.485865 0.000000
vt 0.331208 -0.485865 0.000000
vt 0.947135 -0.674248 0.000000
vt 0.041971 -0.815088 0.000000
vt 0.929549 -0.634897 0.000000
vt 0.070043 -0.763977 0.000000
vt 0.906737 -0.636334 0.000000
vt 0.925694 -0.681938 0.000000
vt 0.114625 -0.881020 0.000000
vt 0.144795 -0.829361 0.000000
vt 0.114464 -0.814061 0.000000
vt 0.090335 -0.873787 0.000000
vt 0.158761 -0.793984 0.000000
vt 0.134345 -0.770521 0.000000
vt 0.918434 -0.606159 0.000000
vt 0.091730 -0.727840 0.000000
vt 0.897706 -0.609682 0.000000
vt 0.085325 -0.782374 0.000000
vt 0.109244 -0.749266 0.000000
vt 0.054908 -0.839771 0.000000
vt 0.849454 -0.752486 0.000000
vt 0.829513 -0.709759 0.000000
vt 0.906909 -0.686934 0.000000
vt 0.888602 -0.644366 0.000000
vt 0.869719 -0.653786 0.000000
vt 0.888076 -0.695049 0.000000
vt 0.858252 -0.626387 0.000000
vt 0.879104 -0.620512 0.000000
vt 0.841628 -0.692006 0.000000
vt 0.825448 -0.660006 0.000000
vt 0.813846 -0.669873 0.000000
vt 0.856293 -0.673011 0.000000
vt 0.841083 -0.642021 0.000000
vt 0.865830 -0.736563 0.000000
vt 0.877648 -0.717600 0.000000
vt 0.718574 -0.510795 0.000000
vt 0.258712 -0.568862 0.000000
vt 0.258712 -0.568862 0.000000
vt 0.258712 -0.568862 0.000000
vt 0.258712 -0.568862 0.000000
vt 0.258712 -0.568862 0.000000
vt 0.258712 -0.568862 0.000000
vt 0.258712 -0.568862 0.000000
vt 0.734064 -0.706046 0.000000
vt 0.708579 -0.720512 0.000000
vt 0.259088 -0.864247 0.000000
vt 0.251931 -0.839704 0.000000
vt 0.832623 -0.552855 0.000000
vt 0.854718 -0.540389 0.000000
vt 0.878114 -0.529006 0.000000
vt 0.894762 -0.522823 0.000000
vt 0.132671 -0.623426 0.000000
vt 0.149321 -0.631487 0.000000
vt 0.173403 -0.639049 0.000000
vt 0.203532 -0.651590 0.000000
vt 0.237203 -0.661834 0.000000
vt 0.259037 -0.666312 0.000000
vt 0.282727 -0.654829 0.000000
vt 0.314337 -0.643559 0.000000
vt 0.344121 -0.636564 0.000000
vt 0.373399 -0.630899 0.000000
vt 0.454112 -0.560272 0.000000
vt 0.477723 -0.559658 0.000000
vt 0.721595 -0.592211 0.000000
vt 0.695541 -0.598767 0.000000
vt 0.668698 -0.598031 0.000000
vt 0.647410 -0.594174 0.000000
vt 0.624633 -0.586382 0.000000
vt 0.601353 -0.588407 0.000000
vt 0.583488 -0.582762 0.000000
vt 0.564821 -0.576595 0.000000
vt 0.540180 -0.573197 0.000000
vt 0.514337 -0.570452 0.000000
vt 0.492498 -0.562844 0.000000
vt 0.812244 -0.565063 0.000000
vt 0.797606 -0.571543 0.000000
vt 0.780186 -0.572723 0.000000
vt 0.761134 -0.580085 0.000000
vt 0.740511 -0.588485 0.000000
vt 0.077725 -0.626998 0.000000
vt 0.483933 -0.534186 0.000000
vt 0.071276 -0.625351 0.000000
vt 0.502330 -0.541006 0.000000
vt 0.084470 -0.641483 0.000000
vt 0.240692 -0.619176 0.000000
vt 0.764769 -0.751698 0.000000
vt 0.324305 -0.594355 0.000000
vt 0.082529 -0.633876 0.000000
vt 0.352775 -0.590963 0.000000
vt 0.461792 -0.524076 0.000000
vt 0.063033 -0.625092 0.000000
vt 0.526057 -0.543470 0.000000
vt 0.056785 -0.623550 0.000000
vt 0.545690 -0.549561 0.000000
vt 0.049851 -0.624783 0.000000
vt 0.567397 -0.555315 0.000000
vt 0.043704 -0.629205 0.000000
vt 0.589433 -0.557178 0.000000
vt 0.038046 -0.635983 0.000000
vt 0.613891 -0.563940 0.000000
vt 0.036634 -0.642073 0.000000
vt 0.630862 -0.567931 0.000000
vt 0.035121 -0.650023 0.000000
vt 0.651958 -0.569240 0.000000
vt 0.031231 -0.656166 0.000000
vt 0.671584 -0.573797 0.000000
vt 0.031580 -0.664248 0.000000
vt 0.694835 -0.574747 0.000000
vt 0.033831 -0.672291 0.000000
vt 0.717052 -0.571555 0.000000
vt 0.035989 -0.678143 0.000000
vt 0.731733 -0.564696 0.000000
vt 0.037009 -0.684801 0.000000
vt 0.748731 -0.556037 0.000000
vt 0.039753 -0.692550 0.000000
vt 0.771268 -0.550596 0.000000
vt 0.044227 -0.697019 0.000000
vt 0.786765 -0.546552 0.000000
vt 0.050062 -0.702329 0.000000
vt 0.807496 -0.542331 0.000000
vt 0.057101 -0.702885 0.000000
vt 0.824671 -0.530703 0.000000
vt 0.064891 -0.702590 0.000000
vt 0.844826 -0.516673 0.000000
vt 0.071635 -0.699665 0.000000
vt 0.864000 -0.508068 0.000000
vt 0.076270 -0.697236 0.000000
vt 0.872633 -0.498603 0.000000
vt 0.143225 -0.585064 0.000000
vt 0.081284 -0.693035 0.000000
vt 0.166826 -0.587139 0.000000
vt 0.085892 -0.685988 0.000000
vt 0.196553 -0.598427 0.000000
vt 0.086877 -0.678610 0.000000
vt 0.215981 -0.613002 0.000000
vt 0.237860 -0.624293 0.000000
vt 0.259221 -0.632207 0.000000
vt 0.769140 -0.805103 0.000000
vt 0.770428 -0.787185 0.000000
vt 0.271019 -0.612879 0.000000
vt 0.768434 -0.769408 0.000000
vt 0.297108 -0.601931 0.000000
vt 0.265102 -0.442920 0.000000
vt 0.265102 -0.442920 0.000000
vt 0.265102 -0.442920 0.000000
vt 0.265102 -0.442920 0.000000
vt 0.069734 -0.698250 0.000000
vt 0.084367 -0.440165 0.000000
vt 0.084367 -0.440165 0.000000
vt 0.084367 -0.440165 0.000000
vt 0.084367 -0.440165 0.000000
vt 0.045662 -0.639209 0.000000
vt 0.185334 -0.505202 0.000000
vt 0.185334 -0.505202 0.000000
vt 0.185334 -0.505202 0.000000
vt 0.185334 -0.505202 0.000000
vt 0.258586 -0.456859 0.000000
vt 0.258586 -0.456859 0.000000
vt 0.258586 -0.456859 0.000000
vt 0.258586 -0.456859 0.000000
vt 0.236072 -0.460500 0.000000
vt 0.236072 -0.460500 0.000000
vt 0.236072 -0.460500 0.000000
vt 0.236072 -0.460500 0.000000
vt 0.236072 -0.460500 0.000000
vt 0.236072 -0.460500 0.000000
vt 0.245135 -0.437743 0.000000
vt 0.245135 -0.437743 0.000000
vt 0.245135 -0.437743 0.000000
vt 0.057615 -0.699118 0.000000
vt 0.121714 -0.486486 0.000000
vt 0.121714 -0.486486 0.000000
vt 0.121714 -0.486486 0.000000
vt 0.121714 -0.486486 0.000000
vt 0.121714 -0.486486 0.000000
vt 0.121714 -0.486486 0.000000
vt 0.122519 -0.468853 0.000000
vt 0.122519 -0.468853 0.000000
vt 0.122519 -0.468853 0.000000
vt 0.029506 -0.656459 0.000000
vt 0.426931 -0.467321 0.000000
vt 0.070440 -0.467321 0.000000
vt 0.070440 -0.467321 0.000000
vt 0.426931 -0.467321 0.000000
vt 0.070440 -0.467321 0.000000
vt 0.070440 -0.467321 0.000000
vt 0.414309 -0.463439 0.000000
vt 0.414309 -0.463439 0.000000
vt 0.414309 -0.463439 0.000000
vt 0.414309 -0.463439 0.000000
vt 0.414309 -0.463439 0.000000
vt 0.414309 -0.463439 0.000000
vt 0.336908 -0.476165 0.000000
vt 0.336908 -0.476165 0.000000
vt 0.336908 -0.476165 0.000000
vt 0.336908 -0.476165 0.000000
vt 0.336908 -0.476165 0.000000
vt 0.336908 -0.476165 0.000000
vt 0.365646 -0.470510 0.000000
vt 0.365646 -0.470510 0.000000
vt 0.365646 -0.470510 0.000000
vt 0.365646 -0.470510 0.000000
vt 0.310294 -0.485065 0.000000
vt 0.310294 -0.485065 0.000000
vt 0.310294 -0.485065 0.000000
vt 0.310294 -0.485065 0.000000
vt 0.310294 -0.485065 0.000000
vt 0.310294 -0.485065 0.000000
vt 0.312897 -0.467598 0.000000
vt 0.312897 -0.467598 0.000000
vt 0.312897 -0.467598 0.000000
vt 0.091423 -0.683406 0.000000
vt 0.284465 -0.468722 0.000000
vt 0.284465 -0.468722 0.000000
vt 0.284465 -0.468722 0.000000
vt 0.284465 -0.468722 0.000000
vt 0.284465 -0.468722 0.000000
vt 0.284465 -0.468722 0.000000
vt 0.284465 -0.468722 0.000000
vt 0.284465 -0.468722 0.000000
vt 0.187652 -0.480127 0.000000
vt 0.187652 -0.480127 0.000000
vt 0.187652 -0.480127 0.000000
vt 0.187652 -0.480127 0.000000
vt 0.029289 -0.689873 0.000000
vt 0.147113 -0.492218 0.000000
vt 0.147113 -0.492218 0.000000
vt 0.147113 -0.492218 0.000000
vt 0.147113 -0.492218 0.000000
vt 0.147113 -0.492218 0.000000
vt 0.147113 -0.492218 0.000000
vt 0.411604 -0.436470 0.000000
vt 0.411604 -0.436470 0.000000
vt 0.411604 -0.436470 0.000000
vt 0.063470 -0.635841 0.000000
vt 0.425199 -0.439110 0.000000
vt 0.425199 -0.439110 0.000000
vt 0.068707 -0.439110 0.000000
vt 0.055011 -0.638793 0.000000
vt 0.385614 -0.443390 0.000000
vt 0.385614 -0.443390 0.000000
vt 0.078450 -0.642818 0.000000
vt 0.363206 -0.452855 0.000000
vt 0.363206 -0.452855 0.000000
vt 0.363206 -0.452855 0.000000
vt 0.363206 -0.452855 0.000000
vt 0.084612 -0.655278 0.000000
vt 0.335998 -0.461080 0.000000
vt 0.335998 -0.461080 0.000000
vt 0.335998 -0.461080 0.000000
vt 0.087126 -0.669627 0.000000
vt 0.290092 -0.453180 0.000000
vt 0.290092 -0.453180 0.000000
vt 0.083580 -0.692723 0.000000
vt 0.214429 -0.452194 0.000000
vt 0.214429 -0.452194 0.000000
vt 0.039105 -0.697947 0.000000
vt 0.225984 -0.509603 0.000000
vt 0.225984 -0.509603 0.000000
vt 0.225984 -0.509603 0.000000
vt 0.225984 -0.509603 0.000000
vt 0.066464 -0.633068 0.000000
vt 0.231284 -0.551289 0.000000
vt 0.231284 -0.551289 0.000000
vt 0.231284 -0.551289 0.000000
vt 0.231284 -0.551289 0.000000
vt 0.692481 -0.510795 0.000000
vt 0.324062 -0.559850 0.000000
vt 0.324062 -0.559850 0.000000
vt 0.324062 -0.559850 0.000000
vt 0.341051 -0.559157 0.000000
vt 0.341051 -0.559157 0.000000
vt 0.341051 -0.559157 0.000000
vt 0.341051 -0.559157 0.000000
vt 0.341051 -0.559157 0.000000
vt 0.341051 -0.559157 0.000000
vt 0.331208 -0.485865 0.000000
vt 0.331208 -0.485865 0.000000
vt 0.331208 -0.485865 0.000000
vt 0.331208 -0.485865 0.000000
vt 0.079097 -0.676374 0.000000
vt 0.411854 -0.502047 0.000000
vt 0.411854 -0.502047 0.000000
vt 0.042854 -0.502047 0.000000
vt 0.047970 -0.694176 0.000000
vt 0.654850 -0.510795 0.000000
vt 0.405862 -0.553351 0.000000
vt 0.036862 -0.553351 0.000000
vt 0.036862 -0.553351 0.000000
vt 0.405862 -0.553351 0.000000
vt 0.036862 -0.553351 0.000000
vt 0.036862 -0.553351 0.000000
vt 0.388536 -0.550135 0.000000
vt 0.388536 -0.550135 0.000000
vt 0.388536 -0.550135 0.000000
vt 0.388536 -0.550135 0.000000
vt 0.388536 -0.550135 0.000000
vt 0.388536 -0.550135 0.000000
vt 0.395609 -0.496512 0.000000
vt 0.395609 -0.496512 0.000000
vt 0.395609 -0.496512 0.000000
vt 0.056441 -0.696133 0.000000
vt 0.306279 -0.571055 0.000000
vt 0.055627 -0.556568 0.000000
vt 0.055627 -0.556568 0.000000
vt 0.055627 -0.556568 0.000000
vt 0.055627 -0.556568 0.000000
vt 0.678353 -0.510795 0.000000
vt 0.356895 -0.553474 0.000000
vt 0.356895 -0.553474 0.000000
vt 0.356895 -0.553474 0.000000
vt 0.356895 -0.553474 0.000000
vt 0.356895 -0.553474 0.000000
vt 0.356895 -0.553474 0.000000
vt 0.356895 -0.553474 0.000000
vt 0.356895 -0.553474 0.000000
vt 0.324062 -0.559850 0.000000
vt 0.705625 -0.510795 0.000000
vt 0.290151 -0.575138 0.000000
vt 0.290151 -0.575138 0.000000
vt 0.290151 -0.575138 0.000000
vt 0.290151 -0.575138 0.000000
vt 0.290151 -0.575138 0.000000
vt 0.290151 -0.575138 0.000000
vt 0.059284 -0.510567 0.000000
vt 0.059284 -0.510567 0.000000
vt 0.059284 -0.510567 0.000000
vt 0.059284 -0.510567 0.000000
vt 0.040765 -0.689444 0.000000
vt 0.311653 -0.492235 0.000000
vt 0.311653 -0.492235 0.000000
vt 0.311653 -0.492235 0.000000
vt 0.083846 -0.668964 0.000000
vt 0.256192 -0.498850 0.000000
vt 0.256192 -0.498850 0.000000
vt 0.077880 -0.644359 0.000000
vt 0.293080 -0.496655 0.000000
vt 0.293080 -0.496655 0.000000
vt 0.293080 -0.496655 0.000000
vt 0.085333 -0.660300 0.000000
vt 0.274693 -0.495017 0.000000
vt 0.274693 -0.495017 0.000000
vt 0.274693 -0.495017 0.000000
vt 0.082621 -0.651930 0.000000
vt 0.241691 -0.500252 0.000000
vt 0.241691 -0.500252 0.000000
vt 0.241691 -0.500252 0.000000
vt 0.075301 -0.635154 0.000000
vt 0.126690 -0.527182 0.000000
vt 0.126690 -0.527182 0.000000
vt 0.126690 -0.527182 0.000000
vt 0.029403 -0.659822 0.000000
vt 0.092727 -0.530494 0.000000
vt 0.092727 -0.530494 0.000000
vt 0.032318 -0.675467 0.000000
vt 0.162650 -0.534108 0.000000
vt 0.162650 -0.534108 0.000000
vt 0.162650 -0.534108 0.000000
vt 0.162650 -0.534108 0.000000
vt 0.038275 -0.645714 0.000000
vt 0.204509 -0.492587 0.000000
vt 0.204509 -0.492587 0.000000
vt 0.204509 -0.492587 0.000000
vt 0.204509 -0.492587 0.000000
vt 0.204509 -0.492587 0.000000
vt 0.204509 -0.492587 0.000000
vt 0.204509 -0.492587 0.000000
vt 0.204509 -0.492587 0.000000
vt 0.245135 -0.437743 0.000000
vt 0.594339 -0.742733 0.000000
vt 0.245135 -0.437743 0.000000
vt 0.245135 -0.437743 0.000000
vt 0.160633 -0.484874 0.000000
vt 0.160633 -0.484874 0.000000
vt 0.489601 -0.793218 0.000000
vt 0.160633 -0.484874 0.000000
vt 0.160577 -0.510241 0.000000
vt 0.160577 -0.510241 0.000000
vt 0.160577 -0.510241 0.000000
vt 0.160577 -0.510241 0.000000
vt 0.160577 -0.510241 0.000000
vt 0.160577 -0.510241 0.000000
vt 0.172570 -0.509775 0.000000
vt 0.172570 -0.509775 0.000000
vt 0.172570 -0.509775 0.000000
vt 0.172570 -0.509775 0.000000
vt 0.172570 -0.509775 0.000000
vt 0.172570 -0.509775 0.000000
vt 0.446490 -0.761172 0.000000
vt 0.122519 -0.468853 0.000000
vt 0.122519 -0.468853 0.000000
vt 0.122519 -0.468853 0.000000
vt 0.389743 -0.465248 0.000000
vt 0.389743 -0.465248 0.000000
vt 0.389743 -0.465248 0.000000
vt 0.389743 -0.465248 0.000000
vt 0.389743 -0.465248 0.000000
vt 0.389743 -0.465248 0.000000
vt 0.389743 -0.465248 0.000000
vt 0.389743 -0.465248 0.000000
vt 0.425199 -0.439110 0.000000
vt 0.425199 -0.439110 0.000000
vt 0.434418 -0.827694 0.000000
vt 0.068707 -0.439110 0.000000
vt 0.411604 -0.436470 0.000000
vt 0.408224 -0.828221 0.000000
vt 0.411604 -0.436470 0.000000
vt 0.411604 -0.436470 0.000000
vt 0.335998 -0.461080 0.000000
vt 0.335998 -0.461080 0.000000
vt 0.315857 -0.918001 0.000000
vt 0.335998 -0.461080 0.000000
vt 0.312897 -0.467598 0.000000
vt 0.287639 -0.953310 0.000000
vt 0.676355 -0.776142 0.000000
vt 0.312897 -0.467598 0.000000
vt 0.312897 -0.467598 0.000000
vt 0.241691 -0.500252 0.000000
vt 0.862980 -0.793167 0.000000
vt 0.241691 -0.500252 0.000000
vt 0.241691 -0.500252 0.000000
vt 0.202741 -0.546854 0.000000
vt 0.126690 -0.527182 0.000000
vt 0.744467 -0.820966 0.000000
vt 0.188891 -0.985294 0.000000
vt 0.126690 -0.527182 0.000000
vt 0.126690 -0.527182 0.000000
vt 0.128412 -0.567676 0.000000
vt 0.128412 -0.567676 0.000000
vt 0.128412 -0.567676 0.000000
vt 0.128412 -0.567676 0.000000
vt 0.128412 -0.567676 0.000000
vt 0.128412 -0.567676 0.000000
vt 0.349944 -0.487644 0.000000
vt 0.971868 -0.731918 0.000000
vt 0.349944 -0.487644 0.000000
vt 0.349944 -0.487644 0.000000
vt 0.007778 -0.890798 0.000000
vt 0.411854 -0.502047 0.000000
vt 0.411854 -0.502047 0.000000
vt 0.097271 -0.921479 0.000000
vt 0.042854 -0.502047 0.000000
vt 0.367614 -0.499032 0.000000
vt 0.367614 -0.499032 0.000000
vt 0.068937 -0.688511 0.000000
vt 0.311653 -0.492235 0.000000
vt 0.311653 -0.492235 0.000000
vt 0.937167 -0.751438 0.000000
vt 0.311653 -0.492235 0.000000
vt 0.293080 -0.496655 0.000000
vt 0.917769 -0.763743 0.000000
vt 0.293080 -0.496655 0.000000
vt 0.293080 -0.496655 0.000000
vt 0.897336 -0.771972 0.000000
vt 0.274693 -0.495017 0.000000
vt 0.274693 -0.495017 0.000000
vt 0.274693 -0.495017 0.000000
vt 0.273663 -0.572931 0.000000
vt 0.273663 -0.572931 0.000000
vt 0.273663 -0.572931 0.000000
vt 0.273663 -0.572931 0.000000
vt 0.273663 -0.572931 0.000000
vt 0.273663 -0.572931 0.000000
vt 0.290092 -0.453180 0.000000
vt 0.656780 -0.758865 0.000000
vt 0.290092 -0.453180 0.000000
vt 0.108140 -0.480754 0.000000
vt 0.108140 -0.480754 0.000000
vt 0.108140 -0.480754 0.000000
vt 0.108140 -0.480754 0.000000
vt 0.108140 -0.480754 0.000000
vt 0.108140 -0.480754 0.000000
vt 0.108140 -0.480754 0.000000
vt 0.108140 -0.480754 0.000000
vt 0.108507 -0.461727 0.000000
vt 0.434152 -0.748662 0.000000
vt 0.108507 -0.461727 0.000000
vt 0.214429 -0.452194 0.000000
vt 0.551636 -0.763600 0.000000
vt 0.214429 -0.452194 0.000000
vt 0.142299 -0.471135 0.000000
vt 0.469338 -0.769997 0.000000
vt 0.142299 -0.471135 0.000000
vt 0.142299 -0.471135 0.000000
vt 0.385614 -0.443390 0.000000
vt 0.364727 -0.845994 0.000000
vt 0.385614 -0.443390 0.000000
vt 0.092727 -0.530494 0.000000
vt 0.144461 -0.956336 0.000000
vt 0.092727 -0.530494 0.000000
vt 0.196665 -0.504979 0.000000
vt 0.802617 -0.799505 0.000000
vt 0.196665 -0.504979 0.000000
vt 0.395609 -0.496512 0.000000
vt 0.070046 -0.911109 0.000000
vt 0.395609 -0.496512 0.000000
vt 0.395609 -0.496512 0.000000
vt 0.028057 -0.905044 0.000000
vt 0.367614 -0.499032 0.000000
vt 0.367614 -0.499032 0.000000
vt 0.880377 -0.782706 0.000000
vt 0.256192 -0.498850 0.000000
vt 0.256192 -0.498850 0.000000
vt 0.258712 -0.568862 0.000000
vt 0.173310 -0.482500 0.000000
vt 0.173310 -0.482500 0.000000
vt 0.173310 -0.482500 0.000000
vt 0.025881 -0.683387 0.000000
vt 0.059284 -0.510567 0.000000
vt 0.059284 -0.510567 0.000000
vt 0.119775 -0.933591 0.000000
vt 0.059284 -0.510567 0.000000
vt 0.059284 -0.510567 0.000000
vt 0.506304 -0.794357 0.000000
vt 0.173310 -0.482500 0.000000
vt 0.173310 -0.482500 0.000000
vt 0.173310 -0.482500 0.000000
vt 0.951583 -0.856233 0.000000
vt 0.894835 -0.894706 0.000000
vt 0.955003 -0.954165 0.000000
vt 0.924432 -0.985750 0.000000
vt 0.960689 -0.864741 0.000000
vt 0.963981 -0.959029 0.000000
vt 0.941755 -0.990323 0.000000
vt 0.952207 -0.875535 0.000000
vt 0.895558 -0.914005 0.000000
vt 0.952056 -0.984696 0.000000
vt 0.914674 -0.943427 0.000000
vt 0.904071 -0.904913 0.000000
vt 0.923312 -0.937921 0.000000
vt 0.913730 -0.980830 0.000000
vt 0.961391 -0.924773 0.000000
vt 0.925245 -0.956552 0.000000
vt 0.958924 -0.854144 0.000000
vt 0.971494 -0.919024 0.000000
vt 0.938092 -0.950708 0.000000
vt 0.877366 -0.901862 0.000000
vt 0.949147 -0.955707 0.000000
vt 0.906210 -0.914632 0.000000
vt 0.888043 -0.912371 0.000000
vt 0.916747 -0.919551 0.000000
vt 0.914452 -0.962206 0.000000
vt 0.948950 -0.865483 0.000000
vt 0.882129 -0.865149 0.000000
vt 0.964741 -0.898756 0.000000
vt 0.936972 -0.981043 0.000000
vt 0.930685 -0.860115 0.000000
vt 0.880976 -0.874827 0.000000
vt 0.935828 -0.990994 0.000000
vt 0.936933 -0.996334 0.000000
vt 0.882561 -0.884660 0.000000
vt 0.965671 -0.918248 0.000000
vt 0.935332 -0.986061 0.000000
vt 0.931614 -0.879607 0.000000
vt 0.963835 -0.908645 0.000000
vt 0.929779 -0.870004 0.000000
vt 0.906148 -0.972018 0.000000
vt 0.961205 -0.860434 0.000000
vt 0.895394 -0.977821 0.000000
vt 0.976349 -0.980373 0.000000
vt 0.965507 -0.974772 0.000000
vt 0.962196 -0.879964 0.000000
vt 0.950896 -0.870320 0.000000
vt 0.954372 -0.969865 0.000000
vt 0.916585 -0.965805 0.000000
vt 0.883740 -0.875020 0.000000
vt 0.885078 -0.913329 0.000000
vt 0.917797 -0.913661 0.000000
vt 0.935508 -0.902850 0.000000
vt 0.885795 -0.923257 0.000000
vt 0.963374 -0.906460 0.000000
vt 0.936225 -0.912778 0.000000
vt 0.929317 -0.867819 0.000000
vt 0.981843 -0.904700 0.000000
vt 0.963453 -0.896068 0.000000
vt 0.931413 -0.915179 0.000000
vt 0.929396 -0.857427 0.000000
vt 0.981863 -0.894757 0.000000
vt 0.882940 -0.864673 0.000000
vt 0.931433 -0.905236 0.000000
vt 0.916997 -0.903314 0.000000
vt 0.913092 -0.941595 0.000000
vt 0.893731 -0.905176 0.000000
vt 0.903188 -0.937057 0.000000
vt 0.963259 -0.869446 0.000000
vt 0.965732 -0.940251 0.000000
vt 0.954155 -0.879438 0.000000
vt 0.956442 -0.944934 0.000000
vt 0.946869 -0.950193 0.000000
vt 0.903520 -0.914477 0.000000
vt 0.922698 -0.945658 0.000000
vt 0.892435 -0.901315 0.000000
vt 0.900924 -0.904459 0.000000
vt 0.940613 -0.981016 0.000000
vt 0.902532 -0.895958 0.000000
vt 0.949897 -0.975688 0.000000
vt 0.889493 -0.977798 0.000000
vt 0.890563 -0.911037 0.000000
vt 0.908844 -0.988342 0.000000
vt 0.931328 -0.987557 0.000000
vt 0.913349 -0.901798 0.000000
vt 0.880095 -0.906400 0.000000
vt 0.899125 -0.983678 0.000000
vt 0.916471 -0.959445 0.000000
vt 0.916217 -0.947447 0.000000
vt 0.921121 -0.947276 0.000000
vt 0.921728 -0.960478 0.000000
vt 0.922541 -0.972451 0.000000
vt 0.916556 -0.972660 0.000000
vt 0.891305 -0.983804 0.000000
vt 0.907805 -0.986669 0.000000
vt 0.940836 -0.941290 0.000000
vt 0.916424 -0.875996 0.000000
vt 0.901321 -0.990452 0.000000
vt 0.949598 -0.947981 0.000000
vt 0.898264 -0.902912 0.000000
vt 0.912200 -0.984287 0.000000
vt 0.886995 -0.988608 0.000000
vt 0.909637 -0.910877 0.000000
vt 0.913169 -0.943468 0.000000
vt 0.896528 -0.981277 0.000000
vt 0.921448 -0.936181 0.000000
vt 0.905640 -0.884738 0.000000
vt 0.914305 -0.964525 0.000000
vt 0.919828 -0.903219 0.000000
vt 0.913433 -0.977792 0.000000
vt 0.896387 -0.940185 0.000000
vt 0.943176 -0.976753 0.000000
vt 0.908241 -0.938225 0.000000
vt 0.941213 -0.964800 0.000000
vt 0.939490 -0.951716 0.000000
vt 0.907855 -0.902161 0.000000
vt 0.915363 -0.952559 0.000000
vt 0.879577 -0.906448 0.000000
vt 0.913869 -0.901810 0.000000
vt 0.947377 -0.982024 0.000000
vt 0.903553 -0.907161 0.000000
vt 0.938764 -0.987316 0.000000
vt 0.901410 -0.988620 0.000000
vt 0.900380 -0.904510 0.000000
vt 0.892982 -0.901327 0.000000
vt 0.892354 -0.982733 0.000000
vt 0.889735 -0.899889 0.000000
vt 0.883346 -0.978055 0.000000
vt 0.956046 -0.975517 0.000000
vt 0.898533 -0.993975 0.000000
vt 0.882581 -0.950306 0.000000
vt 0.972036 -0.947183 0.000000
vt 0.907936 -0.986657 0.000000
vt 0.891174 -0.983801 0.000000
vt 0.891797 -0.942994 0.000000
vt 0.887091 -0.988599 0.000000
vt 0.912104 -0.984284 0.000000
vt 0.962193 -0.941750 0.000000
vt 0.902152 -0.977638 0.000000
vt 0.952527 -0.935094 0.000000
vt 0.901199 -0.936887 0.000000
vt 0.909610 -0.907736 0.000000
vt 0.924941 -0.907201 0.000000
vt 0.937554 -0.891854 0.000000
vt 0.928353 -0.907082 0.000000
vt 0.906199 -0.907855 0.000000
vt 0.923551 -0.894574 0.000000
vt 0.918840 -0.903370 0.000000
vt 0.946744 -0.887489 0.000000
vt 0.914078 -0.890860 0.000000
vt 0.915711 -0.911567 0.000000
vt 0.933023 -0.898287 0.000000
vt 0.928363 -0.896219 0.000000
vt 0.916339 -0.869375 0.000000
vt 0.917331 -0.857857 0.000000
vt 0.941353 -0.859249 0.000000
vt 0.943146 -0.870669 0.000000
vt 0.944939 -0.882090 0.000000
vt 0.915347 -0.880893 0.000000
vt 0.931148 -0.982681 0.000000
vt 0.908684 -0.983466 0.000000
vt 0.941851 -0.918037 0.000000
vt 0.917913 -0.976235 0.000000
vt 0.949545 -0.910860 0.000000
vt 0.978997 -0.899498 0.000000
vt 0.912363 -0.983313 0.000000
vt 0.927467 -0.982785 0.000000
vt 0.986972 -0.906104 0.000000
vt 0.922104 -0.989877 0.000000
vt 0.995113 -0.912724 0.000000
vt 0.934391 -0.925178 0.000000
vt 0.963917 -0.924771 0.000000
vt 0.963533 -0.936341 0.000000
vt 0.967542 -0.946534 0.000000
vt 0.966146 -0.935052 0.000000
vt 0.965055 -0.923521 0.000000
vt 0.964408 -0.913210 0.000000
vt 0.915161 -0.895818 0.000000
vt 0.883285 -0.882025 0.000000
vt 0.977002 -0.880983 0.000000
vt 0.919002 -0.908008 0.000000
vt 0.961244 -0.893857 0.000000
vt 0.899903 -0.893769 0.000000
vt 0.924747 -0.901645 0.000000
vt 0.909416 -0.902181 0.000000
vt 0.891594 -0.887897 0.000000
vt 0.906005 -0.902300 0.000000
vt 0.928159 -0.901526 0.000000
vt 0.969123 -0.887420 0.000000
vt 0.921332 -0.972642 0.000000
vt 0.978006 -0.906392 0.000000
vt 0.950294 -0.897027 0.000000
vt 0.927239 -0.977321 0.000000
vt 0.912210 -0.977846 0.000000
vt 0.941755 -0.902210 0.000000
vt 0.917870 -0.982561 0.000000
vt 0.933439 -0.907413 0.000000
vt 0.995544 -0.915578 0.000000
vt 0.908449 -0.978005 0.000000
vt 0.931001 -0.977217 0.000000
vt 0.986658 -0.911003 0.000000
vt 0.942681 -0.957077 0.000000
vt 0.899089 -0.872575 0.000000
vt 0.994839 -0.921737 0.000000
vt 0.914399 -0.986137 0.000000
vt 0.903669 -0.939224 0.000000
vt 0.923493 -0.910006 0.000000
vt 0.917423 -0.949703 0.000000
vt 0.943004 -0.924230 0.000000
vt 0.910052 -0.861401 0.000000
vt 0.931336 -0.920911 0.000000
vt 0.925442 -0.977235 0.000000
vt 0.880304 -0.875116 0.000000
vt 0.926432 -0.906885 0.000000
vt 0.953459 -0.867527 0.000000
vt 0.894828 -0.884480 0.000000
vt 0.934958 -0.934633 0.000000
vt 0.946595 -0.942743 0.000000
vt 0.965175 -0.877908 0.000000
vt 0.981004 -0.932092 0.000000
vt 0.946595 -0.942743 0.000000
vt 0.956020 -0.902990 0.000000
vt 0.899913 -0.948479 0.000000
vt 0.952942 -0.918099 0.000000
vt 0.955737 -0.914851 0.000000
vt 0.914376 -0.950049 0.000000
vt 0.907321 -0.859200 0.000000
vt 0.911445 -0.874058 0.000000
vt 0.941418 -0.917427 0.000000
vt 0.893471 -0.952608 0.000000
vt 0.949304 -0.905821 0.000000
vt 0.907225 -0.963087 0.000000
vt 0.879575 -0.920931 0.000000
vt 0.953872 -0.890513 0.000000
vt 0.973912 -0.914406 0.000000
vt 0.886385 -0.905545 0.000000
vt 0.895320 -0.959596 0.000000
vt 0.962806 -0.901766 0.000000
vt 0.917868 -0.895054 0.000000
vt 0.884214 -0.946957 0.000000
vt 0.935138 -0.909357 0.000000
vt 0.903272 -0.919901 0.000000
vt 0.912803 -0.926940 0.000000
vt 0.888971 -0.922476 0.000000
vt 0.920826 -0.921009 0.000000
vt 0.916701 -0.906141 0.000000
vt 0.907357 -0.928880 0.000000
vt 0.892894 -0.927310 0.000000
vt 0.915881 -0.911830 0.000000
vt 0.907931 -0.886849 0.000000
vt 0.964367 -0.895252 0.000000
vt 0.900249 -0.880378 0.000000
vt 0.961792 -0.899874 0.000000
vt 0.961720 -0.864711 0.000000
vt 0.955223 -0.892179 0.000000
vt 0.919391 -0.920925 0.000000
vt 0.941470 -0.881700 0.000000
vt 0.968981 -0.912599 0.000000
vt 0.956397 -0.877107 0.000000
vt 0.943947 -0.890217 0.000000
vt 0.896284 -0.901465 0.000000
vt 0.945014 -0.887887 0.000000
vt 0.908892 -0.905938 0.000000
vt 0.884830 -0.910219 0.000000
vt 0.898171 -0.902199 0.000000
vt 0.955651 -0.849981 0.000000
vt 0.915516 -0.899758 0.000000
vt 0.907963 -0.906382 0.000000
vt 0.915516 -0.899758 0.000000
vt 0.926388 -0.918591 0.000000
vt 0.912578 -0.847995 0.000000
vt 0.926388 -0.918591 0.000000
vt 0.938379 -0.859770 0.000000
vt 0.907551 -0.863113 0.000000
vt 0.945608 -0.909304 0.000000
vt 0.930414 -0.874990 0.000000
vt 0.931854 -0.898825 0.000000
vt 0.920038 -0.896808 0.000000
vt 0.912342 -0.889941 0.000000
vt 0.912342 -0.889941 0.000000
vt 0.882673 -0.913019 0.000000
vt 0.351127 -0.927226 0.000000
vt 0.542812 -0.941598 0.000000
vt 0.371430 -0.930319 0.000000
vt 0.395039 -0.931978 0.000000
vt 0.418931 -0.934196 0.000000
vt 0.443851 -0.934695 0.000000
vt 0.464540 -0.934899 0.000000
vt 0.484654 -0.935864 0.000000
vt 0.507431 -0.938185 0.000000
vt 0.350532 -0.886945 0.000000
vt 0.542088 -0.905033 0.000000
vt 0.372895 -0.893672 0.000000
vt 0.396316 -0.893762 0.000000
vt 0.423184 -0.894924 0.000000
vt 0.447525 -0.897829 0.000000
vt 0.469186 -0.901263 0.000000
vt 0.491276 -0.902323 0.000000
vt 0.516468 -0.903065 0.000000
vt 0.352084 -0.937841 0.000000
vt 0.533234 -0.945555 0.000000
vt 0.509906 -0.970096 0.000000
vt 0.371731 -0.936580 0.000000
vt 0.507138 -0.979229 0.000000
vt 0.395850 -0.935396 0.000000
vt 0.495546 -0.981350 0.000000
vt 0.418916 -0.937263 0.000000
vt 0.485134 -0.975866 0.000000
vt 0.443138 -0.938091 0.000000
vt 0.479153 -0.965095 0.000000
vt 0.464566 -0.938777 0.000000
vt 0.481098 -0.955373 0.000000
vt 0.485169 -0.939356 0.000000
vt 0.490198 -0.952674 0.000000
vt 0.507044 -0.940993 0.000000
vt 0.501022 -0.957919 0.000000
vt 0.352588 -0.883772 0.000000
vt 0.540148 -0.901964 0.000000
vt 0.513476 -0.977255 0.000000
vt 0.373816 -0.890223 0.000000
vt 0.520109 -0.986729 0.000000
vt 0.397969 -0.890473 0.000000
vt 0.530891 -0.982466 0.000000
vt 0.423772 -0.891888 0.000000
vt 0.537588 -0.971277 0.000000
vt 0.447373 -0.894422 0.000000
vt 0.538584 -0.959574 0.000000
vt 0.469393 -0.897403 0.000000
vt 0.531995 -0.951857 0.000000
vt 0.492003 -0.898837 0.000000
vt 0.521848 -0.953522 0.000000
vt 0.516251 -0.899935 0.000000
vt 0.515056 -0.963808 0.000000
vt 0.506431 -0.970687 0.000000
vt 0.503712 -0.975696 0.000000
vt 0.494085 -0.966362 0.000000
vt 0.496005 -0.976006 0.000000
vt 0.488996 -0.972672 0.000000
vt 0.485200 -0.966033 0.000000
vt 0.486463 -0.959948 0.000000
vt 0.492201 -0.957993 0.000000
vt 0.499056 -0.961317 0.000000
vt 0.518055 -0.976728 0.000000
vt 0.522352 -0.980599 0.000000
vt 0.526341 -0.968591 0.000000
vt 0.528805 -0.977261 0.000000
vt 0.533058 -0.971266 0.000000
vt 0.533319 -0.963860 0.000000
vt 0.529443 -0.959351 0.000000
vt 0.523701 -0.960382 0.000000
vt 0.519456 -0.966348 0.000000
vt 0.468898 -0.918108 0.000000
vt 0.447014 -0.916372 0.000000
vt 0.421213 -0.914717 0.000000
vt 0.394763 -0.912948 0.000000
vt 0.368360 -0.911701 0.000000
vt 0.345632 -0.908105 0.000000
vt 0.550305 -0.924070 0.000000
vt 0.515531 -0.921446 0.000000
vt 0.490769 -0.919419 0.000000
vt 0.924941 -0.907201 0.000000
vt 0.909611 -0.907736 0.000000
vt 0.923551 -0.894574 0.000000
vt 0.915429 -0.903489 0.000000
vt 0.914078 -0.890860 0.000000
vt 0.946744 -0.887489 0.000000
vt 0.919123 -0.911448 0.000000
vt 0.928363 -0.896219 0.000000
vt 0.933023 -0.898287 0.000000
vt 0.906199 -0.907855 0.000000
vt 0.928353 -0.907082 0.000000
vt 0.937554 -0.891854 0.000000
vt 0.943146 -0.870669 0.000000
vt 0.941353 -0.859249 0.000000
vt 0.917331 -0.857857 0.000000
vt 0.916339 -0.869375 0.000000
vt 0.915347 -0.880893 0.000000
vt 0.944939 -0.882090 0.000000
vt 0.927467 -0.982785 0.000000
vt 0.912363 -0.983313 0.000000
vt 0.942050 -0.918006 0.000000
vt 0.921437 -0.976112 0.000000
vt 0.978997 -0.899498 0.000000
vt 0.949545 -0.910860 0.000000
vt 0.918207 -0.990013 0.000000
vt 0.934391 -0.925178 0.000000
vt 0.995113 -0.912724 0.000000
vt 0.908684 -0.983466 0.000000
vt 0.931148 -0.982681 0.000000
vt 0.987173 -0.906121 0.000000
vt 0.966351 -0.935019 0.000000
vt 0.967542 -0.946534 0.000000
vt 0.963533 -0.936341 0.000000
vt 0.964124 -0.924789 0.000000
vt 0.964408 -0.913210 0.000000
vt 0.965055 -0.923521 0.000000
vt 0.928159 -0.901526 0.000000
vt 0.906005 -0.902300 0.000000
vt 0.891594 -0.887897 0.000000
vt 0.909416 -0.902181 0.000000
vt 0.924747 -0.901645 0.000000
vt 0.969123 -0.887420 0.000000
vt 0.918573 -0.895699 0.000000
vt 0.977002 -0.880983 0.000000
vt 0.883285 -0.882025 0.000000
vt 0.915591 -0.908127 0.000000
vt 0.899903 -0.893769 0.000000
vt 0.961244 -0.893857 0.000000
vt 0.921921 -0.982419 0.000000
vt 0.995544 -0.915578 0.000000
vt 0.933439 -0.907413 0.000000
vt 0.931001 -0.977217 0.000000
vt 0.908449 -0.978005 0.000000
vt 0.941984 -0.902230 0.000000
vt 0.912210 -0.977846 0.000000
vt 0.927239 -0.977321 0.000000
vt 0.986885 -0.910968 0.000000
vt 0.917775 -0.972766 0.000000
vt 0.950294 -0.897027 0.000000
vt 0.978006 -0.906392 0.000000
vt 0.909495 -0.972112 0.000000
vt 0.895024 -0.882588 0.000000
vt 0.886698 -0.895555 0.000000
vt 0.909495 -0.972112 0.000000
vt 0.963177 -0.978247 0.000000
vt 0.912648 -0.904870 0.000000
vt 0.890480 -0.967113 0.000000
vt 0.955824 -0.918269 0.000000
vt 0.907023 -0.889918 0.000000
vt 0.941823 -0.883229 0.000000
vt 0.947957 -0.903395 0.000000
vt 0.901872 -0.955927 0.000000
vt 0.952021 -0.869845 0.000000
vt 0.943412 -0.896392 0.000000
vt 0.912070 -0.942543 0.000000
vt 0.899589 -0.910598 0.000000
vt 0.914399 -0.986137 0.000000
vt 0.960421 -0.868203 0.000000
vt 0.872174 -0.886190 0.000000
vt 0.956435 -0.967556 0.000000
vt 0.948705 -0.857821 0.000000
vt 0.984749 -0.886748 0.000000
vt 0.944798 -0.959446 0.000000
vt 0.951901 -0.872616 0.000000
vt 0.988663 -0.872415 0.000000
vt 0.905988 -0.871414 0.000000
vt 0.938065 -0.882970 0.000000
vt 0.920538 -0.963210 0.000000
vt 0.909591 -0.864781 0.000000
vt 0.968259 -0.928978 0.000000
vt 0.913715 -0.879638 0.000000
vt 0.898430 -0.944925 0.000000
vt 0.953940 -0.931554 0.000000
vt 0.923839 -0.858623 0.000000
vt 0.920761 -0.873732 0.000000
vt 0.912893 -0.946495 0.000000
vt 0.952071 -0.965607 0.000000
vt 0.938844 -0.911700 0.000000
vt 0.879373 -0.954473 0.000000
vt 0.892779 -0.925984 0.000000
vt 0.891410 -0.923757 0.000000
vt 0.923096 -0.926580 0.000000
vt 0.905857 -0.925328 0.000000
vt 0.914679 -0.921224 0.000000
vt 0.917756 -0.906104 0.000000
vt 0.887722 -0.926125 0.000000
vt 0.902040 -0.923550 0.000000
vt 0.918972 -0.911722 0.000000
vt 0.903728 -0.854024 0.000000
vt 0.948240 -0.884292 0.000000
vt 0.954982 -0.864910 0.000000
vt 0.948240 -0.884291 0.000000
vt 0.942146 -0.898267 0.000000
vt 0.953737 -0.905331 0.000000
vt 0.881040 -0.894197 0.000000
vt 0.952459 -0.910582 0.000000
vt 0.939746 -0.901634 0.000000
vt 0.945211 -0.844625 0.000000
vt 0.939746 -0.901633 0.000000
vt 0.893518 -0.861336 0.000000
vt 0.951275 -0.859356 0.000000
vt 0.921179 -0.927218 0.000000
vt 0.901852 -0.875988 0.000000
vt 0.921179 -0.927218 0.000000
vt 0.898660 -0.869143 0.000000
vt 0.911459 -0.910781 0.000000
vt 0.947422 -0.880116 0.000000
vt 0.911459 -0.910780 0.000000
vt 0.953451 -0.887489 0.000000
vt 0.899614 -0.882218 0.000000
vt 0.892431 -0.885910 0.000000
vt 0.874153 -0.902934 0.000000
vt 0.896862 -0.898228 0.000000
vt 0.903567 -0.876721 0.000000
vt 0.889689 -0.892112 0.000000
vt 0.896862 -0.898228 0.000000
vt 0.915664 -0.886682 0.000000
vt 0.957538 -0.921319 0.000000
vt 0.908879 -0.905905 0.000000
vt 0.935999 -0.900878 0.000000
vt 0.349812 -0.946553 0.000000
vt 0.552171 -0.950597 0.000000
vt 0.369901 -0.947266 0.000000
vt 0.394108 -0.946939 0.000000
vt 0.418641 -0.946176 0.000000
vt 0.442163 -0.946833 0.000000
vt 0.463832 -0.949525 0.000000
vt 0.488689 -0.949112 0.000000
vt 0.516228 -0.949544 0.000000
vt 0.344919 -0.987322 0.000000
vt 0.537399 -0.988524 0.000000
vt 0.365726 -0.983421 0.000000
vt 0.386988 -0.984304 0.000000
vt 0.414226 -0.984123 0.000000
vt 0.440296 -0.983273 0.000000
vt 0.463144 -0.982819 0.000000
vt 0.483613 -0.983051 0.000000
vt 0.509623 -0.984957 0.000000
vt 0.351066 -0.943631 0.000000
vt 0.548358 -0.948253 0.000000
vt 0.476763 -0.921797 0.000000
vt 0.370051 -0.941449 0.000000
vt 0.480649 -0.930278 0.000000
vt 0.395090 -0.943659 0.000000
vt 0.491900 -0.934743 0.000000
vt 0.418778 -0.943102 0.000000
vt 0.503048 -0.931046 0.000000
vt 0.441757 -0.943453 0.000000
vt 0.510698 -0.921389 0.000000
vt 0.464111 -0.945580 0.000000
vt 0.510362 -0.911394 0.000000
vt 0.489499 -0.945722 0.000000
vt 0.501876 -0.907353 0.000000
vt 0.516085 -0.946572 0.000000
vt 0.490342 -0.910781 0.000000
vt 0.345990 -0.990840 0.000000
vt 0.532899 -0.990932 0.000000
vt 0.538915 -0.931582 0.000000
vt 0.366090 -0.987157 0.000000
vt 0.531371 -0.938382 0.000000
vt 0.387792 -0.987631 0.000000
vt 0.522432 -0.934654 0.000000
vt 0.414036 -0.987224 0.000000
vt 0.518013 -0.923476 0.000000
vt 0.438886 -0.986711 0.000000
vt 0.518863 -0.912675 0.000000
vt 0.462305 -0.986573 0.000000
vt 0.525989 -0.906661 0.000000
vt 0.484340 -0.986616 0.000000
vt 0.534991 -0.909668 0.000000
vt 0.509231 -0.988096 0.000000
vt 0.539618 -0.920055 0.000000
vt 0.480348 -0.921438 0.000000
vt 0.484542 -0.927303 0.000000
vt 0.495853 -0.919712 0.000000
vt 0.491924 -0.930228 0.000000
vt 0.500389 -0.927832 0.000000
vt 0.505865 -0.921054 0.000000
vt 0.505593 -0.914021 0.000000
vt 0.499547 -0.910787 0.000000
vt 0.491231 -0.913258 0.000000
vt 0.536351 -0.930207 0.000000
vt 0.530678 -0.934369 0.000000
vt 0.528657 -0.922252 0.000000
vt 0.524293 -0.931491 0.000000
vt 0.520629 -0.924012 0.000000
vt 0.521702 -0.915650 0.000000
vt 0.526885 -0.911303 0.000000
vt 0.533141 -0.913518 0.000000
vt 0.536805 -0.920996 0.000000
vt 0.466778 -0.966343 0.000000
vt 0.444700 -0.965206 0.000000
vt 0.420271 -0.965740 0.000000
vt 0.393016 -0.965949 0.000000
vt 0.368029 -0.965307 0.000000
vt 0.346296 -0.965491 0.000000
vt 0.551031 -0.969882 0.000000
vt 0.515439 -0.968169 0.000000
vt 0.489148 -0.966600 0.000000
vt 0.852101 -0.104952 0.000000
vt 0.576807 -0.015977 0.000000
vt 0.754436 -0.277575 0.000000
vt 0.847541 -0.286461 0.000000
vt 0.556288 -0.018339 0.000000
vt 0.871185 -0.099361 0.000000
vt 0.841736 -0.176845 0.000000
vt 0.876682 -0.174321 0.000000
vt 0.860156 -0.139464 0.000000
vt 0.883855 -0.134258 0.000000
vt 0.857356 -0.116680 0.000000
vt 0.859441 -0.128118 0.000000
vt 0.879245 -0.110093 0.000000
vt 0.881177 -0.121671 0.000000
vt 0.857566 -0.150455 0.000000
vt 0.852948 -0.160733 0.000000
vt 0.883777 -0.149796 0.000000
vt 0.880840 -0.163266 0.000000
vt 0.817003 -0.233506 0.000000
vt 0.864600 -0.216037 0.000000
vt 0.834047 -0.197347 0.000000
vt 0.826934 -0.216192 0.000000
vt 0.870030 -0.186538 0.000000
vt 0.868733 -0.201942 0.000000
vt 0.809858 -0.300317 0.000000
vt 0.793953 -0.266869 0.000000
vt 0.805632 -0.250345 0.000000
vt 0.780628 -0.301253 0.000000
vt 0.778518 -0.274922 0.000000
vt 0.795130 -0.287621 0.000000
vt 0.856121 -0.246781 0.000000
vt 0.862391 -0.232168 0.000000
vt 0.819516 -0.281318 0.000000
vt 0.852506 -0.263477 0.000000
vt 0.514529 -0.347342 0.000000
vt 0.827482 -0.490821 0.000000
vt 0.653151 -0.266794 0.000000
vt 0.658203 -0.355201 0.000000
vt 0.523899 -0.423310 0.000000
vt 0.587684 -0.392500 0.000000
vt 0.765173 -0.472317 0.000000
vt 0.585558 -0.425844 0.000000
vt 0.716103 -0.472632 0.000000
vt 0.525007 -0.455330 0.000000
vt 0.737712 -0.490862 0.000000
vt 0.740767 -0.472470 0.000000
vt 0.555433 -0.440202 0.000000
vt 0.588028 -0.407855 0.000000
vt 0.528417 -0.444230 0.000000
vt 0.561587 -0.424762 0.000000
vt 0.560609 -0.407009 0.000000
vt 0.830460 -0.472222 0.000000
vt 0.666875 -0.415401 0.000000
vt 0.793159 -0.490784 0.000000
vt 0.792792 -0.472096 0.000000
vt 0.619541 -0.405478 0.000000
vt 0.661291 -0.384026 0.000000
vt 0.621271 -0.393960 0.000000
vt 0.613823 -0.374789 0.000000
vt 0.581937 -0.297374 0.000000
vt 0.522226 -0.406382 0.000000
vt 0.587418 -0.372483 0.000000
vt 0.558793 -0.389671 0.000000
vt 0.519525 -0.376749 0.000000
vt 0.584816 -0.334906 0.000000
vt 0.550609 -0.356537 0.000000
vt 0.546176 -0.317453 0.000000
vt 0.651198 -0.324135 0.000000
vt 0.615217 -0.337468 0.000000
vt 0.653305 -0.301233 0.000000
vt 0.617933 -0.307172 0.000000
vt 0.612315 -0.276626 0.000000
vt 0.841709 -0.381533 0.000000
vt 0.185836 -0.375535 0.000000
vt 0.735677 -0.367724 0.000000
vt 0.898589 -0.472163 0.000000
vt 0.751821 -0.407944 0.000000
vt 0.857747 -0.490804 0.000000
vt 0.864172 -0.472172 0.000000
vt 0.708861 -0.409879 0.000000
vt 0.751513 -0.392022 0.000000
vt 0.710209 -0.390969 0.000000
vt 0.697335 -0.357590 0.000000
vt 0.986850 -0.472496 0.000000
vt 0.862817 -0.434433 0.000000
vt 0.442113 -0.472258 0.000000
vt 0.181967 -0.431271 0.000000
vt 0.927396 -0.472190 0.000000
vt 0.787859 -0.409322 0.000000
vt 0.955731 -0.472321 0.000000
vt 0.823549 -0.420000 0.000000
vt 0.768335 -0.373142 0.000000
vt 0.785515 -0.393191 0.000000
vt 0.864942 -0.418137 0.000000
vt 0.185922 -0.418223 0.000000
vt 0.821705 -0.405043 0.000000
vt 0.800799 -0.380617 0.000000
vt 0.733472 -0.342236 0.000000
vt 0.692490 -0.329352 0.000000
vt 0.736041 -0.312064 0.000000
vt 0.695219 -0.309269 0.000000
vt 0.700114 -0.285295 0.000000
vt 0.846569 -0.348344 0.000000
vt 0.167380 -0.348150 0.000000
vt 0.768083 -0.347690 0.000000
vt 0.805272 -0.349028 0.000000
vt 0.769025 -0.321167 0.000000
vt 0.849141 -0.298473 0.000000
vt 0.145657 -0.300265 0.000000
vt 0.803531 -0.321603 0.000000
vt 0.582087 -0.148532 0.000000
vt 0.537212 -0.154416 0.000000
vt 0.606018 -0.193466 0.000000
vt 0.525729 -0.229368 0.000000
vt 0.970799 -0.307674 0.000000
vt 0.572752 -0.228740 0.000000
vt 0.582962 -0.268450 0.000000
vt 0.511282 -0.312189 0.000000
vt 0.546589 -0.286070 0.000000
vt 0.580614 -0.245997 0.000000
vt 0.511429 -0.254405 0.000000
vt 0.969041 -0.334147 0.000000
vt 0.032959 -0.318004 0.000000
vt 0.549760 -0.258181 0.000000
vt 0.550082 -0.234348 0.000000
vt 0.638939 -0.234532 0.000000
vt 0.614322 -0.251997 0.000000
vt 0.617378 -0.209235 0.000000
vt 0.606757 -0.229881 0.000000
vt 0.595102 -0.210254 0.000000
vt 0.528176 -0.205714 0.000000
vt 0.568875 -0.210557 0.000000
vt 0.548067 -0.211153 0.000000
vt 0.533838 -0.179911 0.000000
vt 0.597515 -0.179457 0.000000
vt 0.588484 -0.193560 0.000000
vt 0.586897 -0.166246 0.000000
vt 0.577335 -0.085811 0.000000
vt 0.546693 -0.090692 0.000000
vt 0.540441 -0.128166 0.000000
vt 0.543791 -0.108812 0.000000
vt 0.579383 -0.124428 0.000000
vt 0.578736 -0.104320 0.000000
vt 0.577470 -0.051000 0.000000
vt 0.552659 -0.053853 0.000000
vt 0.549966 -0.071416 0.000000
vt 0.577218 -0.068334 0.000000
vt 0.574814 -0.034454 0.000000
vt 0.563614 -0.017168 0.000000
vt 0.863662 -0.099622 0.000000
vt 0.910288 -0.183487 0.000000
vt 0.914099 -0.174155 0.000000
vt 0.919192 -0.144634 0.000000
vt 0.916872 -0.135811 0.000000
vt 0.820539 -0.118053 0.000000
vt 0.597324 -0.043364 0.000000
vt 0.823497 -0.124158 0.000000
vt 0.825272 -0.131065 0.000000
vt 0.825322 -0.138228 0.000000
vt 0.915373 -0.128420 0.000000
vt 0.910953 -0.122148 0.000000
vt 0.530703 -0.044334 0.000000
vt 0.823694 -0.145440 0.000000
vt 0.820993 -0.151938 0.000000
vt 0.813324 -0.162719 0.000000
vt 0.918125 -0.159080 0.000000
vt 0.899341 -0.218839 0.000000
vt 0.902388 -0.207040 0.000000
vt 0.809110 -0.178285 0.000000
vt 0.804820 -0.192909 0.000000
vt 0.797125 -0.205842 0.000000
vt 0.904651 -0.193507 0.000000
vt 0.791900 -0.221442 0.000000
vt 0.784673 -0.232572 0.000000
vt 0.775840 -0.241068 0.000000
vt 0.892231 -0.249139 0.000000
vt 0.896927 -0.235522 0.000000
vt 0.884832 -0.267743 0.000000
vt 0.601497 -0.057684 0.000000
vt 0.607033 -0.151611 0.000000
vt 0.604464 -0.140367 0.000000
vt 0.509594 -0.160101 0.000000
vt 0.928211 -0.250687 0.000000
vt 0.505591 -0.187665 0.000000
vt 0.934994 -0.277106 0.000000
vt 0.513290 -0.140757 0.000000
vt 0.618813 -0.162466 0.000000
vt 0.602541 -0.106396 0.000000
vt 0.602127 -0.091243 0.000000
vt 0.516313 -0.120824 0.000000
vt 0.519091 -0.105225 0.000000
vt 0.521269 -0.090094 0.000000
vt 0.602628 -0.123343 0.000000
vt 0.600880 -0.079430 0.000000
vt 0.600667 -0.068407 0.000000
vt 0.523728 -0.076072 0.000000
vt 0.526469 -0.065023 0.000000
vt 0.528537 -0.051392 0.000000
vt 0.863179 -0.172522 0.000000
vt 0.868611 -0.161514 0.000000
vt 0.873739 -0.135289 0.000000
vt 0.871112 -0.122226 0.000000
vt 0.865535 -0.138695 0.000000
vt 0.863451 -0.126465 0.000000
vt 0.862570 -0.114879 0.000000
vt 0.870336 -0.111109 0.000000
vt 0.856867 -0.103665 0.000000
vt 0.571718 -0.015738 0.000000
vt 0.851040 -0.177472 0.000000
vt 0.860328 -0.162399 0.000000
vt 0.863859 -0.151104 0.000000
vt 0.873138 -0.149703 0.000000
vt 0.844326 -0.230013 0.000000
vt 0.849533 -0.210442 0.000000
vt 0.826012 -0.236625 0.000000
vt 0.834944 -0.218850 0.000000
vt 0.842904 -0.198492 0.000000
vt 0.855738 -0.189992 0.000000
vt 0.809360 -0.271708 0.000000
vt 0.833014 -0.260962 0.000000
vt 0.837467 -0.246707 0.000000
vt 0.817841 -0.254004 0.000000
vt 0.569041 -0.032906 0.000000
vt 0.574000 -0.157153 0.000000
vt 0.580319 -0.176906 0.000000
vt 0.562429 -0.161514 0.000000
vt 0.548822 -0.159676 0.000000
vt 0.548624 -0.185842 0.000000
vt 0.567168 -0.186390 0.000000
vt 0.568922 -0.090298 0.000000
vt 0.568637 -0.109257 0.000000
vt 0.563356 -0.091089 0.000000
vt 0.555522 -0.090688 0.000000
vt 0.553842 -0.109539 0.000000
vt 0.561970 -0.110085 0.000000
vt 0.564366 -0.135814 0.000000
vt 0.553811 -0.132546 0.000000
vt 0.571362 -0.132197 0.000000
vt 0.567449 -0.052220 0.000000
vt 0.569685 -0.070844 0.000000
vt 0.561739 -0.053540 0.000000
vt 0.557133 -0.054216 0.000000
vt 0.557181 -0.072432 0.000000
vt 0.563692 -0.072182 0.000000
vt 0.563064 -0.034984 0.000000
vt 0.755173 -0.245799 0.000000
vt 0.710642 -0.255539 0.000000
vt 0.672279 -0.240640 0.000000
vt 0.640079 -0.189670 0.000000
vt 0.632294 -0.177004 0.000000
vt 0.658260 -0.212116 0.000000
vt 0.878145 -0.281694 0.000000
vt 0.214355 -0.094243 0.000000
vt 0.440307 -0.017566 0.000000
vt 0.257536 -0.291380 0.000000
vt 0.153883 -0.288091 0.000000
vt 0.205403 -0.172190 0.000000
vt 0.174241 -0.166912 0.000000
vt 0.201979 -0.130709 0.000000
vt 0.184838 -0.119591 0.000000
vt 0.209402 -0.106763 0.000000
vt 0.204803 -0.118473 0.000000
vt 0.193422 -0.095762 0.000000
vt 0.188556 -0.107540 0.000000
vt 0.200373 -0.141908 0.000000
vt 0.200566 -0.153151 0.000000
vt 0.179585 -0.135364 0.000000
vt 0.177248 -0.152784 0.000000
vt 0.208679 -0.230537 0.000000
vt 0.160036 -0.212064 0.000000
vt 0.206887 -0.192627 0.000000
vt 0.208750 -0.210573 0.000000
vt 0.167797 -0.181682 0.000000
vt 0.162160 -0.197266 0.000000
vt 0.191445 -0.305483 0.000000
vt 0.220864 -0.264252 0.000000
vt 0.213658 -0.248142 0.000000
vt 0.219813 -0.303003 0.000000
vt 0.233378 -0.282905 0.000000
vt 0.208935 -0.284771 0.000000
vt 0.157518 -0.246405 0.000000
vt 0.154684 -0.229033 0.000000
vt 0.183527 -0.282927 0.000000
vt 0.152680 -0.264998 0.000000
vt 0.585419 -0.490704 0.000000
vt 0.359561 -0.287067 0.000000
vt 0.371867 -0.363601 0.000000
vt 0.651122 -0.490866 0.000000
vt 0.447522 -0.411537 0.000000
vt 0.653565 -0.472490 0.000000
vt 0.446576 -0.444811 0.000000
vt 0.684392 -0.472631 0.000000
vt 0.485402 -0.456302 0.000000
vt 0.446255 -0.426895 0.000000
vt 0.482334 -0.442817 0.000000
vt 0.480770 -0.423838 0.000000
vt 0.588681 -0.471802 0.000000
vt 0.363955 -0.386198 0.000000
vt 0.623634 -0.471985 0.000000
vt 0.408028 -0.401168 0.000000
vt 0.369707 -0.375937 0.000000
vt 0.406781 -0.391875 0.000000
vt 0.408996 -0.384626 0.000000
vt 0.442405 -0.374054 0.000000
vt 0.446093 -0.402440 0.000000
vt 0.474760 -0.412896 0.000000
vt 0.443053 -0.391790 0.000000
vt 0.474346 -0.392944 0.000000
vt 0.475785 -0.368942 0.000000
vt 0.369913 -0.354005 0.000000
vt 0.410669 -0.377898 0.000000
vt 0.361928 -0.332892 0.000000
vt 0.407490 -0.360956 0.000000
vt 0.407568 -0.334422 0.000000
vt 0.295528 -0.370995 0.000000
vt 0.525996 -0.472081 0.000000
vt 0.286315 -0.412858 0.000000
vt 0.559021 -0.471898 0.000000
vt 0.327134 -0.395608 0.000000
vt 0.289697 -0.403687 0.000000
vt 0.329130 -0.386220 0.000000
vt 0.332537 -0.359525 0.000000
vt 0.490529 -0.490771 0.000000
vt 0.494164 -0.472083 0.000000
vt 0.246565 -0.414089 0.000000
vt 0.469370 -0.472086 0.000000
vt 0.215608 -0.415136 0.000000
vt 0.259560 -0.380501 0.000000
vt 0.254101 -0.397267 0.000000
vt 0.220709 -0.405827 0.000000
vt 0.224851 -0.378333 0.000000
vt 0.283379 -0.352163 0.000000
vt 0.324579 -0.346510 0.000000
vt 0.275124 -0.325199 0.000000
vt 0.317190 -0.327684 0.000000
vt 0.312123 -0.301283 0.000000
vt 0.245466 -0.359961 0.000000
vt 0.208781 -0.355947 0.000000
vt 0.232138 -0.327244 0.000000
vt 0.196986 -0.326916 0.000000
vt 0.427522 -0.148968 0.000000
vt 0.478282 -0.155456 0.000000
vt 0.408350 -0.199160 0.000000
vt 0.495972 -0.232671 0.000000
vt 0.035858 -0.294253 0.000000
vt 0.447249 -0.250949 0.000000
vt 0.442808 -0.341275 0.000000
vt 0.474953 -0.335214 0.000000
vt 0.446494 -0.302565 0.000000
vt 0.472429 -0.290179 0.000000
vt 0.468935 -0.242096 0.000000
vt 0.382332 -0.250901 0.000000
vt 0.412860 -0.302686 0.000000
vt 0.401562 -0.218111 0.000000
vt 0.418537 -0.262069 0.000000
vt 0.425764 -0.215595 0.000000
vt 0.484833 -0.208260 0.000000
vt 0.450422 -0.218795 0.000000
vt 0.469533 -0.213830 0.000000
vt 0.476819 -0.181051 0.000000
vt 0.416249 -0.182610 0.000000
vt 0.430973 -0.196806 0.000000
vt 0.423494 -0.167211 0.000000
vt 0.436369 -0.086094 0.000000
vt 0.466426 -0.091138 0.000000
vt 0.470941 -0.128943 0.000000
vt 0.470120 -0.109473 0.000000
vt 0.430392 -0.124382 0.000000
vt 0.433125 -0.104340 0.000000
vt 0.438457 -0.050057 0.000000
vt 0.462811 -0.053993 0.000000
vt 0.462898 -0.071556 0.000000
vt 0.437022 -0.067960 0.000000
vt 0.442314 -0.035145 0.000000
vt 0.452281 -0.016881 0.000000
vt 0.205310 -0.084872 0.000000
vt 0.457314 -0.035700 0.000000
vt 0.140327 -0.160097 0.000000
vt 0.142185 -0.150188 0.000000
vt 0.146882 -0.127264 0.000000
vt 0.149422 -0.117067 0.000000
vt 0.244400 -0.108076 0.000000
vt 0.411610 -0.034042 0.000000
vt 0.241188 -0.119077 0.000000
vt 0.238109 -0.129029 0.000000
vt 0.235248 -0.142097 0.000000
vt 0.152278 -0.108820 0.000000
vt 0.156217 -0.101468 0.000000
vt 0.490386 -0.035298 0.000000
vt 0.233393 -0.149152 0.000000
vt 0.233465 -0.156155 0.000000
vt 0.236708 -0.168949 0.000000
vt 0.143702 -0.138108 0.000000
vt 0.125744 -0.207569 0.000000
vt 0.129269 -0.189238 0.000000
vt 0.237060 -0.183211 0.000000
vt 0.238041 -0.196735 0.000000
vt 0.237269 -0.212606 0.000000
vt 0.135364 -0.170978 0.000000
vt 0.237329 -0.226559 0.000000
vt 0.241596 -0.235646 0.000000
vt 0.247515 -0.251548 0.000000
vt 0.122361 -0.239941 0.000000
vt 0.120441 -0.225538 0.000000
vt 0.120295 -0.261634 0.000000
vt 0.412955 -0.046869 0.000000
vt 0.398424 -0.153500 0.000000
vt 0.403043 -0.137362 0.000000
vt 0.500474 -0.160683 0.000000
vt 0.089883 -0.251587 0.000000
vt 0.504592 -0.185285 0.000000
vt 0.076268 -0.269909 0.000000
vt 0.500180 -0.139435 0.000000
vt 0.390424 -0.165866 0.000000
vt 0.407632 -0.103420 0.000000
vt 0.410375 -0.090326 0.000000
vt 0.494467 -0.114547 0.000000
vt 0.494906 -0.097572 0.000000
vt 0.492652 -0.085131 0.000000
vt 0.406053 -0.116778 0.000000
vt 0.410950 -0.074503 0.000000
vt 0.410957 -0.058640 0.000000
vt 0.490743 -0.071001 0.000000
vt 0.491388 -0.057179 0.000000
vt 0.492018 -0.041978 0.000000
vt 0.186401 -0.166907 0.000000
vt 0.187757 -0.152869 0.000000
vt 0.190996 -0.122521 0.000000
vt 0.194430 -0.110169 0.000000
vt 0.198437 -0.127326 0.000000
vt 0.201477 -0.115435 0.000000
vt 0.205724 -0.102991 0.000000
vt 0.199583 -0.097149 0.000000
vt 0.211274 -0.091196 0.000000
vt 0.444516 -0.018963 0.000000
vt 0.197401 -0.169168 0.000000
vt 0.194131 -0.152045 0.000000
vt 0.194973 -0.139623 0.000000
vt 0.186760 -0.136747 0.000000
vt 0.181394 -0.224393 0.000000
vt 0.182020 -0.205273 0.000000
vt 0.200752 -0.226199 0.000000
vt 0.199878 -0.208024 0.000000
vt 0.198604 -0.188977 0.000000
vt 0.182813 -0.184995 0.000000
vt 0.204832 -0.262595 0.000000
vt 0.180856 -0.257567 0.000000
vt 0.180511 -0.241481 0.000000
vt 0.201515 -0.244093 0.000000
vt 0.446290 -0.036015 0.000000
vt 0.435786 -0.157649 0.000000
vt 0.433246 -0.178274 0.000000
vt 0.447169 -0.164310 0.000000
vt 0.461392 -0.160315 0.000000
vt 0.465555 -0.186595 0.000000
vt 0.447969 -0.190317 0.000000
vt 0.444923 -0.091397 0.000000
vt 0.442615 -0.110364 0.000000
vt 0.450087 -0.092093 0.000000
vt 0.457723 -0.090561 0.000000
vt 0.458076 -0.109723 0.000000
vt 0.449487 -0.111651 0.000000
vt 0.448470 -0.136276 0.000000
vt 0.457858 -0.132232 0.000000
vt 0.439012 -0.132330 0.000000
vt 0.445915 -0.053720 0.000000
vt 0.444321 -0.072390 0.000000
vt 0.452023 -0.053858 0.000000
vt 0.457834 -0.053920 0.000000
vt 0.456875 -0.072141 0.000000
vt 0.449922 -0.072826 0.000000
vt 0.452255 -0.035176 0.000000
vt 0.265740 -0.262438 0.000000
vt 0.310603 -0.272071 0.000000
vt 0.343271 -0.257087 0.000000
vt 0.372162 -0.204192 0.000000
vt 0.379048 -0.185322 0.000000
vt 0.358356 -0.228050 0.000000
vt 0.122941 -0.278572 0.000000
vt 0.843207 -0.323536 0.000000
vt 0.156932 -0.324238 0.000000
vt 0.038316 -0.694840 0.000000
vt 0.765173 -0.472317 0.000000
vt 0.047890 -0.696761 0.000000
vt 0.740767 -0.472470 0.000000
vt 0.057508 -0.701512 0.000000
vt 0.716103 -0.472632 0.000000
vt 0.022817 -0.672337 0.000000
vt 0.830460 -0.472222 0.000000
vt 0.030270 -0.687724 0.000000
vt 0.792792 -0.472096 0.000000
vt 0.064892 -0.635256 0.000000
vt 0.986850 -0.472496 0.000000
vt 0.442113 -0.472258 0.000000
vt 0.052329 -0.633456 0.000000
vt 0.955731 -0.472321 0.000000
vt 0.040824 -0.635511 0.000000
vt 0.927396 -0.472190 0.000000
vt 0.070336 -0.699507 0.000000
vt 0.684392 -0.472631 0.000000
vt 0.083021 -0.696329 0.000000
vt 0.653565 -0.472490 0.000000
vt 0.094619 -0.689041 0.000000
vt 0.623634 -0.471985 0.000000
vt 0.101170 -0.673809 0.000000
vt 0.588681 -0.471802 0.000000
vt 0.554704 -0.035305 0.000000
vt 0.558884 -0.036270 0.000000
vt 0.459558 -0.019048 0.000000
vt 0.199974 -0.084506 0.000000
vt 0.462157 -0.035526 0.000000
vt 0.765242 -0.490825 0.000000
vt 0.713073 -0.490907 0.000000
vt 0.887696 -0.490797 0.000000
vt 0.031468 -0.644537 0.000000
vt 0.898589 -0.472163 0.000000
vt 0.025829 -0.657843 0.000000
vt 0.864172 -0.472172 0.000000
vt 0.957127 -0.490831 0.000000
vt 0.988243 -0.490884 0.000000
vt 0.443170 -0.490813 0.000000
vt 0.926657 -0.490799 0.000000
vt 0.686319 -0.490898 0.000000
vt 0.618504 -0.490746 0.000000
vt 0.558945 -0.490729 0.000000
vt 0.100501 -0.661727 0.000000
vt 0.559021 -0.471898 0.000000
vt 0.098543 -0.648049 0.000000
vt 0.525996 -0.472081 0.000000
vt 0.531523 -0.490782 0.000000
vt 0.467013 -0.490766 0.000000
vt 0.078030 -0.634019 0.000000
vt 0.469370 -0.472086 0.000000
vt 0.089681 -0.637355 0.000000
vt 0.494164 -0.472083 0.000000

vn -0.184490 0.923640 -0.335936
vn -0.056873 0.995450 -0.076448
vn -0.056873 0.995450 -0.076448
vn 0.455806 0.877361 0.149929
vn 0.340378 0.888181 0.308671
vn -0.702036 -0.335229 -0.628305
vn -0.783164 0.098539 -0.613958
vn -0.943239 -0.202960 -0.262881
vn -0.628266 -0.760742 -0.162949
vn -0.326230 -0.441082 -0.836074
vn -0.315352 0.076433 -0.945892
vn -0.454226 0.147314 -0.878622
vn -0.379102 0.399310 -0.834765
vn -0.342483 0.460198 -0.819099
vn -0.237910 0.352470 -0.905077
vn -0.113162 0.263451 -0.958012
vn -0.399922 0.525102 -0.751220
vn -0.057480 0.839334 -0.540569
vn -0.536339 0.840800 -0.073458
vn -0.536339 0.840800 -0.073458
vn -0.641727 0.766167 -0.034286
vn -0.641727 0.766167 -0.034286
vn -0.801350 0.367249 -0.472193
vn -0.999564 0.013954 -0.026014
vn -0.999809 -0.002219 -0.019413
vn -0.715308 0.561380 -0.416156
vn 0.240819 -0.356955 -0.902546
vn -0.397631 -0.003843 -0.917538
vn -0.640601 -0.024028 -0.767498
vn -0.356608 -0.316278 -0.879090
vn 0.174028 -0.381584 -0.907804
vn 0.153959 -0.255637 -0.954435
vn 0.080169 -0.056288 -0.995191
vn -0.997675 0.043180 0.052719
vn -0.971570 0.220064 0.087312
vn -0.971570 0.220064 0.087312
vn -0.926522 0.022707 -0.375556
vn 0.075456 0.997104 -0.009532
vn 0.323905 0.937889 0.124295
vn -0.150876 0.823055 -0.547556
vn -0.617116 0.259069 -0.743002
vn -0.938921 0.321259 0.123372
vn -0.938921 0.321259 0.123372
vn -0.978784 0.173778 0.108550
vn -0.978784 0.173778 0.108550
vn -0.948180 0.018412 -0.317199
vn -0.893035 -0.379328 -0.242071
vn -0.949527 -0.250519 -0.188784
vn -0.949527 -0.250519 -0.188784
vn -0.976953 -0.139324 -0.161712
vn -0.976953 -0.139324 -0.161712
vn -0.868212 -0.490000 -0.078153
vn -0.666074 -0.543195 -0.511160
vn -0.629262 -0.372562 -0.682076
vn 0.147924 0.206284 -0.967246
vn -0.000002 0.218474 -0.975843
vn 0.000000 -0.036537 -0.999332
vn 0.106600 -0.051071 -0.992989
vn -0.028356 -0.164306 -0.986002
vn -0.045937 0.122362 -0.991422
vn -0.681665 0.360278 -0.636814
vn -0.758191 0.146860 -0.635278
vn -0.861542 0.075925 -0.501977
vn -0.686664 0.347863 -0.638345
vn -0.746458 -0.079056 -0.660720
vn -0.889986 0.019719 -0.455562
vn -0.983268 0.077342 0.164929
vn -0.983268 0.077342 0.164929
vn -0.975249 0.171837 0.139142
vn -0.975249 0.171837 0.139142
vn -0.989600 0.034211 -0.139717
vn -0.945137 0.231902 -0.230082
vn -0.498813 0.047575 -0.865403
vn -0.012460 0.593074 -0.805051
vn -0.466849 -0.010597 -0.884274
vn 0.053505 -0.528301 -0.847370
vn -0.348472 -0.490483 -0.798745
vn -0.278511 -0.591078 -0.757006
vn 0.092167 -0.073555 -0.993023
vn 0.000002 0.012510 -0.999922
vn 0.000004 -0.144567 -0.989495
vn -0.987230 -0.145919 -0.063915
vn -0.965700 -0.228790 -0.122796
vn -0.973363 -0.174725 -0.148446
vn -0.972018 -0.087196 -0.218123
vn -0.464022 0.545685 -0.697790
vn -0.395628 0.474390 -0.786405
vn -0.257217 0.640742 -0.723387
vn -0.288100 0.651513 -0.701804
vn -0.544629 0.533030 -0.647501
vn -0.489794 0.589393 -0.642431
vn -0.771914 0.006843 -0.635690
vn -0.942429 0.024189 -0.333531
vn -0.603802 -0.177077 -0.777217
vn -0.559168 -0.077049 -0.825467
vn -0.760372 0.002302 -0.649484
vn -0.927045 0.092143 -0.363452
vn -0.821116 -0.013375 -0.570604
vn -0.848671 0.064138 -0.525018
vn -0.937000 0.037060 -0.347359
vn 0.176047 0.727684 -0.662935
vn 0.141867 0.675586 -0.723503
vn -0.322296 0.566774 -0.758216
vn -0.172885 0.375672 -0.910484
vn -0.565716 -0.118857 -0.815989
vn -0.389159 -0.076609 -0.917979
vn -0.515326 -0.194110 -0.834722
vn -0.687506 -0.115037 -0.717009
vn -0.510233 -0.181559 -0.840654
vn -0.300119 -0.233629 -0.924849
vn -0.241764 -0.200881 -0.949314
vn 0.040346 0.015030 -0.999073
vn -0.033703 0.217103 -0.975567
vn -0.252268 -0.054300 -0.966133
vn 0.217631 0.049670 -0.974766
vn -0.000001 -0.198260 -0.980150
vn -0.990562 0.070419 -0.117596
vn -0.997252 0.058695 -0.045215
vn -0.997252 0.058695 -0.045215
vn -0.971910 -0.234679 -0.017807
vn -0.971910 -0.234679 -0.017807
vn 0.067211 -0.304303 -0.950201
vn -0.617323 0.033603 -0.785992
vn -0.783221 0.457625 -0.420885
vn -0.557695 -0.091491 -0.824988
vn -0.546718 -0.081865 -0.833305
vn -0.476174 -0.091979 -0.874527
vn -0.375605 -0.296965 -0.877914
vn -0.370162 -0.140567 -0.918271
vn -0.459530 0.017158 -0.887997
vn -0.467560 -0.112686 -0.876749
vn -0.678164 -0.096870 -0.728499
vn -0.327210 -0.008685 -0.944912
vn -0.211453 -0.303944 -0.928927
vn 0.058277 -0.130671 -0.989711
vn 0.006198 -0.110531 -0.993853
vn -0.293819 0.066096 -0.953573
vn -0.494654 0.112268 -0.861808
vn -0.511978 0.031496 -0.858421
vn -0.356078 0.031313 -0.933931
vn -0.873051 0.316961 -0.370563
vn -0.827909 0.437295 -0.351198
vn -0.514070 -0.087449 -0.853279
vn -0.416194 -0.066271 -0.906857
vn -0.868512 0.486970 0.092457
vn -0.868512 0.486970 0.092457
vn -0.970780 0.203076 0.127852
vn -0.970780 0.203076 0.127852
vn -0.904024 0.351040 -0.243948
vn -0.904024 0.351040 -0.243948
vn -0.091642 -0.087784 -0.991915
vn 0.332089 0.019556 -0.943045
vn -0.355477 -0.148327 -0.922841
vn -0.535973 0.192864 -0.821910
vn -0.436908 0.602454 -0.667952
vn -0.372416 0.383986 -0.844903
vn -0.462985 0.141471 -0.875003
vn -0.216008 0.331714 -0.918317
vn -0.282528 0.283129 -0.916524
vn 0.405167 -0.056948 -0.912467
vn 0.033807 -0.085071 -0.995801
vn 0.115881 -0.065830 -0.991079
vn 0.000010 -0.159812 -0.987148
vn 0.000002 -0.007800 -0.999970
vn -0.484554 0.514801 -0.707239
vn -0.467593 0.441029 -0.766062
vn -0.537098 0.465287 -0.703587
vn -0.462898 0.393582 -0.794241
vn -0.697511 -0.085833 -0.711415
vn 0.395064 -0.353007 -0.848122
vn -0.026546 0.240797 -0.970212
vn 0.149737 -0.191948 -0.969915
vn -0.073186 -0.075030 -0.994492
vn -0.213969 0.251043 -0.944031
vn -0.000001 0.250250 -0.968181
vn -0.000001 -0.174126 -0.984723
vn -0.147815 0.151087 -0.977406
vn 0.003019 0.203381 -0.979095
vn -0.284869 -0.214361 -0.934290
vn -0.439895 0.025627 -0.897684
vn -0.577364 -0.271158 -0.770146
vn -0.657063 -0.036236 -0.752964
vn -0.902805 -0.096908 -0.418990
vn -0.820486 -0.341942 -0.458124
vn -0.974306 -0.145933 -0.171557
vn -0.974183 -0.124873 -0.188083
vn -0.988374 -0.033885 -0.148216
vn -0.988374 -0.033885 -0.148216
vn -0.952600 -0.287862 0.098429
vn -0.952600 -0.287862 0.098429
vn -0.908839 -0.092846 -0.406682
vn -0.929562 -0.288993 0.228905
vn -0.923895 -0.352065 0.149892
vn -0.978540 -0.147759 0.143620
vn -0.978540 -0.147759 0.143620
vn -0.995100 0.011251 0.098230
vn -0.991442 0.127845 0.026430
vn -0.989540 -0.043500 0.137542
vn -0.954552 -0.241104 0.175211
vn -0.954552 -0.241104 0.175211
vn -0.990378 -0.110965 0.082694
vn -0.990378 -0.110965 0.082694
vn -0.987967 0.081396 -0.131510
vn -0.658166 -0.747395 -0.090652
vn -0.658166 -0.747395 -0.090652
vn -0.330863 0.635542 0.697578
vn -0.323046 0.798822 0.507469
vn -0.009883 0.975456 -0.219975
vn -0.009883 0.975456 -0.219975
vn -0.400573 0.857752 0.322183
vn -0.400573 0.857752 0.322183
vn -0.260793 0.639432 0.723266
vn -0.233968 0.853487 0.465639
vn -0.764785 0.341356 0.546425
vn -0.764172 0.349309 0.542241
vn -0.391172 0.699339 0.598255
vn -0.620782 0.505303 0.599415
vn -0.835158 0.358017 0.417534
vn 0.155160 0.972086 -0.175993
vn 0.398497 0.906391 0.140202
vn 0.399042 0.916915 0.005801
vn 0.075286 0.972036 -0.222438
vn -0.973100 0.178660 0.145452
vn -0.997279 0.064179 0.036276
vn -0.935130 0.094735 0.341403
vn -0.843352 0.375187 0.384697
vn 0.239142 0.902389 -0.358477
vn 0.429679 0.714232 -0.552494
vn 0.290615 0.488035 -0.823022
vn -0.110916 0.040743 -0.992994
vn -0.683414 -0.109360 -0.721794
vn 0.085282 0.040431 -0.995536
vn 0.456511 0.350525 -0.817759
vn -0.747715 -0.162501 -0.643828
vn -0.369888 -0.007209 -0.929048
vn -0.844505 -0.078493 -0.529764
vn -0.977319 -0.026878 0.210061
vn -0.568363 0.001612 -0.822776
vn -0.956633 -0.199783 -0.211991
vn -0.905342 -0.202455 -0.373319
vn 0.107066 0.388528 -0.915196
vn 0.000003 0.696787 -0.717278
vn 0.000006 0.620306 -0.784360
vn 0.217143 0.310323 -0.925499
vn 0.252352 0.713977 -0.653112
vn 0.390904 0.559272 -0.731033
vn 0.005366 -0.018488 -0.999815
vn -0.897334 -0.255682 -0.359746
vn -0.938109 -0.168524 -0.302574
vn -0.510682 -0.264098 -0.818203
vn -0.000004 -0.221881 -0.975074
vn -0.515698 -0.407258 -0.753788
vn -0.000001 -0.436865 -0.899527
vn 0.197865 0.601855 -0.773706
vn -0.009238 0.483975 -0.875033
vn 0.083819 0.635949 -0.767166
vn 0.000001 0.725022 -0.688725
vn -0.000005 0.568704 -0.822542
vn -0.000007 0.775907 -0.630847
vn -0.612761 -0.393898 -0.685105
vn 0.000006 -0.544543 -0.838733
vn 0.000001 -0.087560 -0.996159
vn 0.000010 0.970648 -0.240505
vn -0.166046 -0.254244 -0.952779
vn -0.231425 0.100750 -0.967622
vn -0.026208 0.438348 -0.898423
vn 0.058080 0.405316 -0.912330
vn -0.499387 -0.236500 -0.833475
vn -0.573022 0.134813 -0.808376
vn -0.180539 0.482742 -0.856952
vn 0.261439 0.024424 -0.964911
vn -0.000000 0.006981 -0.999976
vn -0.000003 -0.046341 -0.998926
vn -0.955880 -0.131282 -0.262791
vn -0.556044 -0.830295 -0.037747
vn -0.394365 0.358734 0.846042
vn -0.240508 0.387912 0.889764
vn -0.339723 0.261036 0.903576
vn -0.355635 -0.079019 0.931278
vn -0.968227 -0.147930 0.201628
vn -0.531787 -0.184057 0.826635
vn -0.451823 0.099712 0.886518
vn -0.083314 0.138836 0.986805
vn -0.143096 0.037476 0.988999
vn 0.168541 -0.406044 0.898177
vn 0.095423 0.451765 0.887019
vn -0.271798 0.075933 0.959354
vn -0.197779 0.122226 0.972597
vn -0.479515 -0.122223 0.868980
vn -0.466661 -0.193133 0.863092
vn -0.248539 -0.270400 0.930114
vn -0.266286 -0.173331 0.948182
vn -0.334901 -0.542167 0.770647
vn -0.391282 -0.639565 0.661706
vn -0.935793 -0.117906 0.332249
vn -0.706228 -0.183810 0.683708
vn -0.579840 -0.519134 0.627922
vn -0.965969 -0.241901 0.091583
vn -0.913492 -0.145063 0.380117
vn -0.655906 0.079961 0.750596
vn -0.523403 0.278324 0.805347
vn -0.842060 0.166217 0.513134
vn -0.819932 0.124958 0.558656
vn -0.467733 0.317737 0.824784
vn -0.264365 0.316607 0.910972
vn -0.435424 0.069133 0.897567
vn -0.928427 -0.141723 0.343422
vn -0.849641 -0.362378 0.383134
vn -0.650487 -0.400228 0.645511
vn -0.752502 -0.226822 0.618298
vn -0.771084 -0.262434 0.580136
vn -0.485379 -0.411455 0.771435
vn -0.576187 -0.296810 0.761520
vn -0.486776 -0.223044 0.844571
vn -0.304124 -0.327327 0.894632
vn 0.557723 0.273443 0.783693
vn -0.548917 -0.541708 0.636587
vn -0.974858 -0.216231 -0.053825
vn -0.246162 0.501581 0.829350
vn -0.264524 0.585521 0.766285
vn -0.402949 0.451195 0.796276
vn -0.292420 0.398515 0.869296
vn 0.051364 0.539086 0.840683
vn -0.185719 0.292825 0.937956
vn 0.129992 -0.542677 0.829822
vn 0.400221 -0.657035 0.638849
vn -0.293254 -0.624269 0.724079
vn 0.089278 -0.276736 0.956790
vn 0.000849 -0.176620 0.984279
vn -0.478779 -0.125352 0.868940
vn -0.172463 -0.217434 0.960718
vn -0.294028 0.228617 0.928053
vn 0.062570 0.312336 0.947909
vn -0.044253 0.142223 0.988845
vn 0.040301 0.188504 0.981245
vn -0.418502 -0.594277 0.686798
vn -0.249856 -0.138926 0.958265
vn -0.929068 -0.114390 0.351778
vn -0.742469 -0.105842 0.661466
vn -0.988539 -0.133645 0.070207
vn -0.566335 0.158215 0.808847
vn -0.411970 0.186512 0.891905
vn -0.816605 0.098166 0.568788
vn -0.336902 0.126534 0.932999
vn -0.643496 0.400133 0.652539
vn -0.246807 -0.121929 0.961363
vn 0.556516 -0.161891 0.814912
vn -0.996391 -0.036196 0.076779
vn 0.035789 -0.413800 0.909664
vn -0.312677 -0.040814 0.948982
vn -0.097137 -0.229834 0.968370
vn 0.341834 -0.535321 0.772387
vn 0.160223 -0.487144 0.858498
vn 0.212376 -0.229657 0.949818
vn -0.199327 -0.246692 0.948373
vn 0.510434 -0.540784 0.668588
vn 0.136116 0.261827 0.955468
vn 0.367772 0.241017 0.898139
vn -0.002262 0.097813 0.995202
vn -0.217562 0.177322 0.959804
vn -0.000000 0.087044 0.996204
vn -0.000001 0.082167 0.996619
vn -0.283143 0.114916 0.952168
vn -0.047846 0.284592 0.957454
vn -0.001148 0.258366 0.966046
vn -0.099212 0.175119 0.979536
vn -0.540511 -0.055910 0.839477
vn -0.268954 -0.079587 0.959859
vn -0.300584 -0.065793 0.951483
vn -0.368629 -0.079704 0.926153
vn -0.139284 -0.075275 0.987387
vn 0.014014 -0.063676 0.997872
vn 0.000001 -0.001267 0.999999
vn 0.000001 0.061830 0.998087
vn 0.493205 -0.144345 0.857854
vn 0.119132 -0.097932 0.988037
vn -0.023160 0.091772 0.995511
vn -0.421194 -0.156976 0.893283
vn 0.136103 -0.148509 0.979500
vn -0.361237 -0.112431 0.925671
vn -0.508583 -0.119401 0.852694
vn -0.357154 0.534675 0.765874
vn 0.071881 0.323916 0.943351
vn -0.000005 0.261438 0.965220
vn -0.000002 0.368598 0.929589
vn 0.000001 0.564420 0.825488
vn 0.000003 0.513494 0.858093
vn 0.000004 0.550304 0.834965
vn -0.000000 -0.232696 0.972549
vn -0.973003 0.183844 -0.139524
vn 0.600328 -0.751206 0.274402
vn 0.306251 -0.931583 -0.195863
vn 0.306251 -0.931583 -0.195863
vn 0.459867 -0.419278 -0.782770
vn -0.164950 0.216485 -0.962250
vn -0.164950 0.216485 -0.962250
vn 0.156906 -0.181718 -0.970752
vn 0.240382 -0.247678 -0.938548
vn 0.172198 -0.127929 -0.976720
vn 0.366932 -0.455823 -0.810917
vn 0.039980 -0.334717 0.941470
vn 0.625534 -0.698784 0.346997
vn 0.500747 -0.783386 0.368184
vn -0.075261 -0.289877 0.954100
vn 0.184651 -0.129638 0.974217
vn 0.184651 -0.129638 0.974217
vn 0.184651 -0.129638 0.974217
vn 0.852591 -0.418708 0.312685
vn 0.852591 -0.418708 0.312685
vn -0.539003 0.238042 0.807968
vn -0.587613 0.267877 0.763513
vn -0.587613 0.267877 0.763513
vn 0.738496 -0.634771 -0.227353
vn 0.738496 -0.634771 -0.227353
vn 0.881591 -0.440998 -0.168279
vn 0.881591 -0.440998 -0.168279
vn 0.881591 -0.440998 -0.168279
vn 0.761460 -0.249363 -0.598329
vn 0.761460 -0.249363 -0.598329
vn 0.761460 -0.249363 -0.598329
vn -0.444039 0.544834 0.711327
vn -0.228491 0.369247 0.900804
vn -0.078207 -0.138535 0.987265
vn 0.400201 -0.341303 0.850500
vn 0.387453 -0.702780 0.596641
vn 0.392731 -0.767972 0.505946
vn 0.369887 -0.655714 -0.658197
vn 0.379994 -0.576285 -0.723533
vn 0.548341 -0.743705 -0.382394
vn 0.498074 -0.766918 -0.404671
vn 0.307774 -0.671847 -0.673719
vn -0.141576 -0.174152 -0.974488
vn -0.048271 -0.162206 -0.985575
vn 0.041414 -0.133190 -0.990225
vn -0.442805 0.293356 -0.847270
vn -0.318929 0.298489 -0.899549
vn 0.527501 -0.672037 0.519720
vn 0.020925 -0.063642 0.997753
vn 0.525318 -0.824906 -0.208737
vn 0.525318 -0.824906 -0.208737
vn 0.576489 -0.800309 -0.164820
vn 0.576489 -0.800309 -0.164820
vn 0.060743 -0.255555 0.964884
vn -0.001777 -0.288253 0.957553
vn 0.464325 -0.763632 0.448630
vn 0.572838 -0.708155 0.412763
vn -0.375887 0.131138 0.917340
vn -0.629541 0.400357 0.665878
vn -0.444345 0.226410 0.866773
vn 0.338668 -0.291265 -0.894689
vn 0.347548 -0.408241 -0.844127
vn 0.202471 -0.092470 -0.974913
vn 0.187356 0.033518 -0.981720
vn 0.433498 -0.236076 -0.869683
vn 0.755834 -0.627005 -0.188629
vn 0.755834 -0.627005 -0.188629
vn 0.591154 -0.782531 -0.195401
vn 0.591154 -0.782531 -0.195401
vn 0.554924 -0.808400 -0.196338
vn 0.554924 -0.808400 -0.196338
vn 0.736410 -0.579683 0.348810
vn 0.273658 -0.494329 0.825076
vn 0.597489 -0.755254 -0.269441
vn 0.597489 -0.755254 -0.269441
vn -0.029786 0.009470 -0.999511
vn -0.289930 0.493021 -0.820287
vn -0.291051 0.248562 -0.923854
vn -0.096823 -0.214341 -0.971948
vn 0.393813 -0.435890 -0.809265
vn 0.349417 -0.487329 -0.800261
vn 0.225033 -0.075732 0.971404
vn 0.649207 -0.608288 0.456635
vn 0.695335 -0.610028 0.379967
vn 0.048639 -0.189287 0.980716
vn 0.599631 -0.795389 -0.088319
vn 0.599631 -0.795389 -0.088319
vn 0.667700 -0.720370 -0.187731
vn 0.667700 -0.720370 -0.187731
vn 0.644632 -0.631267 -0.431222
vn 0.644632 -0.631267 -0.431222
vn 0.576277 -0.669799 -0.468267
vn 0.487101 -0.723989 -0.488439
vn 0.633258 -0.690238 -0.350079
vn 0.633258 -0.690238 -0.350079
vn -0.438526 -0.264466 -0.858926
vn -0.495802 -0.284303 -0.820580
vn -0.205936 -0.368992 -0.906331
vn -0.451034 0.084135 -0.888532
vn -0.271951 -0.241665 -0.931472
vn 0.003215 -0.912056 -0.410053
vn 0.352785 -0.691623 -0.630238
vn 0.760846 -0.580584 -0.289890
vn 0.760846 -0.580584 -0.289890
vn -0.502565 0.692110 0.518086
vn -0.579176 0.512920 0.633616
vn -0.432003 0.490164 0.757042
vn -0.427627 0.479851 0.766080
vn 0.387826 -0.433506 -0.813427
vn -0.043467 -0.236170 -0.970739
vn 0.787597 -0.540211 0.296417
vn 0.618338 -0.646750 0.446511
vn 0.289000 -0.088224 0.953255
vn 0.716539 -0.449157 0.533694
vn 0.840970 -0.426485 -0.332988
vn 0.840970 -0.426485 -0.332988
vn 0.661532 -0.420781 -0.620740
vn 0.661532 -0.420781 -0.620740
vn -0.275692 0.056582 0.959579
vn 0.032669 0.519593 0.853789
vn -0.309124 0.383497 0.870271
vn -0.012054 -0.026520 0.999576
vn -0.236300 0.132523 0.962601
vn -0.589097 0.244010 0.770340
vn -0.493495 0.665372 0.560128
vn -0.493495 0.665372 0.560128
vn -0.346880 0.209324 -0.914252
vn 0.180064 -0.042159 -0.982751
vn 0.056581 0.032282 -0.997876
vn 0.056856 0.236384 -0.969995
vn 0.056856 0.236384 -0.969995
vn 0.056856 0.236384 -0.969995
vn -0.696596 0.532302 -0.481049
vn -0.696596 0.532302 -0.481049
vn -0.783842 0.612588 0.101624
vn -0.678886 0.545487 -0.491485
vn -0.796350 0.496301 0.345706
vn -0.808857 0.577166 -0.112379
vn -0.256909 0.066257 -0.964162
vn -0.496877 0.014150 -0.867705
vn -0.129953 0.223302 -0.966048
vn -0.271466 0.162778 -0.948583
vn -0.483231 0.120461 -0.867166
vn -0.438677 0.369945 -0.818965
vn -0.607170 0.568520 -0.555094
vn -0.614293 0.635644 -0.467548
vn -0.592492 0.284024 0.753845
vn -0.584233 0.527873 0.616460
vn -0.289384 0.540896 -0.789739
vn 0.093822 0.028314 -0.995186
vn -0.589254 0.483831 -0.647061
vn -0.593591 0.758167 -0.269875
vn -0.642312 0.578682 0.502557
vn -0.642312 0.578682 0.502557
vn -0.522734 0.577358 0.627222
vn -0.522734 0.577358 0.627222
vn -0.556953 0.824896 -0.096699
vn -0.836107 0.543069 0.077462
vn -0.836107 0.543069 0.077462
vn -0.725916 0.494086 0.478460
vn -0.520500 0.356645 0.775812
vn -0.698848 0.467960 0.540948
vn -0.375964 0.776664 -0.505415
vn -0.450190 0.884381 -0.123283
vn -0.152648 0.741223 -0.653672
vn -0.580295 0.701712 0.413350
vn -0.580295 0.701712 0.413350
vn -0.589327 0.681077 0.434543
vn -0.589327 0.681077 0.434543
vn -0.635928 0.768695 -0.068576
vn -0.636027 0.749874 0.182098
vn -0.573749 0.814545 0.085608
vn -0.450723 0.881454 -0.141024
vn -0.610983 0.388843 0.689565
vn -0.856721 0.478734 0.191944
vn -0.856721 0.478734 0.191944
vn -0.911909 0.408967 0.034187
vn -0.911909 0.408967 0.034187
vn -0.527473 0.378130 0.760782
vn -0.597085 0.674299 0.434524
vn -0.597085 0.674299 0.434524
vn -0.700751 0.604228 0.379284
vn -0.700751 0.604228 0.379284
vn -0.706199 0.528201 -0.471473
vn -0.768752 0.336607 -0.543798
vn -0.856497 0.463092 -0.227945
vn -0.761950 0.634483 -0.129861
vn -0.708843 0.686153 0.163514
vn -0.459777 0.867675 -0.189062
vn -0.530244 0.844207 -0.078455
vn -0.485022 0.633403 0.602955
vn -0.485022 0.633403 0.602955
vn -0.079430 0.510276 -0.856335
vn -0.017149 0.415232 -0.909554
vn -0.851491 0.515253 0.097351
vn -0.851491 0.515253 0.097351
vn -0.089396 0.350285 -0.932367
vn -0.288026 0.469345 -0.834719
vn -0.443101 0.223305 0.868214
vn -0.670108 0.732883 -0.117638
vn -0.670108 0.732883 -0.117638
vn -0.767710 0.619258 0.164745
vn -0.767710 0.619258 0.164745
vn -0.486343 0.799739 -0.351977
vn -0.513547 0.772670 -0.373162
vn -0.547404 0.708800 -0.444917
vn -0.626913 0.750388 -0.209517
vn -0.645903 0.762359 0.040224
vn -0.564081 0.533030 -0.630628
vn -0.564081 0.533030 -0.630628
vn -0.569969 0.426162 -0.702511
vn -0.472232 0.854361 -0.216943
vn -0.635779 0.660953 0.398657
vn -0.635779 0.660953 0.398657
vn 0.378215 0.060209 -0.923757
vn 0.344582 -0.200902 -0.917007
vn 0.337365 -0.280921 -0.898481
vn -0.123829 0.135499 -0.983009
vn 0.217999 -0.178547 -0.959478
vn -0.646301 0.757254 -0.094131
vn -0.688061 0.716369 -0.115704
vn -0.474718 0.656453 -0.586269
vn -0.606758 0.745214 -0.276588
vn -0.763534 0.250889 -0.595038
vn -0.616503 -0.293059 -0.730781
vn -0.559716 0.687477 -0.462703
vn 0.722599 -0.533865 -0.439135
vn 0.689001 -0.569921 -0.447736
vn 0.643046 -0.424722 -0.637262
vn 0.756796 -0.553529 -0.347657
vn 0.546665 -0.303126 -0.780558
vn -0.161097 -0.210708 -0.964184
vn 0.161350 -0.802865 -0.573911
vn 0.614509 -0.567029 -0.548504
vn 0.553923 -0.541465 -0.632443
vn 0.528283 -0.497533 -0.688024
vn 0.685005 -0.421077 -0.594527
vn 0.446958 -0.116808 -0.886896
vn 0.642698 -0.393017 -0.657630
vn 0.765953 -0.390286 -0.510874
vn -0.841800 -0.317499 -0.436539
vn -0.642403 -0.409202 -0.647975
vn -0.362973 -0.639040 -0.678144
vn -0.661141 -0.432515 -0.613044
vn -0.893031 0.026480 -0.449215
vn -0.928394 0.009169 -0.371483
vn -0.789447 -0.058043 -0.611069
vn -0.874241 0.005430 -0.485461
vn -0.913628 -0.133983 -0.383839
vn -0.991894 -0.125439 -0.020274
vn -0.991894 -0.125439 -0.020274
vn -0.980903 0.144743 -0.129915
vn -0.980903 0.144743 -0.129915
vn -0.880014 0.056907 -0.471526
vn -0.850410 0.004329 -0.526103
vn 0.849609 0.104299 -0.516997
vn 0.816317 0.162503 -0.554273
vn 0.712008 0.330575 -0.619487
vn 0.728605 0.157735 -0.666524
vn 0.708531 0.387343 -0.589873
vn 0.040409 0.631871 -0.774019
vn -0.060623 0.472293 -0.879354
vn -0.883818 0.421030 -0.203958
vn -0.945502 0.079313 -0.315809
vn -0.763941 0.164151 -0.624058
vn -0.763941 0.164151 -0.624058
vn -0.701846 0.455703 -0.547492
vn -0.849750 0.499762 -0.167820
vn -0.963526 0.262971 0.049645
vn -0.925329 0.370630 0.080003
vn 0.982150 -0.126951 -0.138800
vn 0.982150 -0.126951 -0.138800
vn 0.829702 -0.052583 0.555725
vn 0.780295 -0.306389 0.545220
vn 0.964556 -0.261196 -0.037536
vn 0.964556 -0.261196 -0.037536
vn 0.995404 0.022286 -0.093134
vn 0.901465 0.160814 0.401870
vn 0.999434 -0.026725 -0.020441
vn 0.999434 -0.026725 -0.020441
vn 0.999434 -0.026725 -0.020441
vn 0.971858 0.002226 -0.235558
vn 0.971858 0.002226 -0.235558
vn 0.895869 -0.242027 -0.372615
vn 0.960837 -0.214540 0.175401
vn 0.960837 -0.214540 0.175401
vn 0.998096 0.053762 -0.030231
vn 0.965739 0.058787 -0.252770
vn 0.887294 -0.040414 0.459430
vn 0.887294 -0.040414 0.459430
vn 0.946354 0.070169 0.315421
vn -0.995806 -0.076610 -0.050017
vn -0.995806 -0.076610 -0.050017
vn -0.982009 -0.161487 -0.097881
vn -0.940549 -0.043708 -0.336835
vn -0.946052 -0.021640 -0.323291
vn -0.946052 -0.021640 -0.323291
vn -0.859151 -0.091636 -0.503450
vn -0.657535 -0.041529 -0.752279
vn -0.762537 -0.004999 -0.646925
vn 0.666807 0.033860 -0.744461
vn 0.672857 0.106146 -0.732118
vn 0.672857 0.106146 -0.732118
vn -0.212315 0.105412 -0.971499
vn -0.212315 0.105412 -0.971499
vn -0.208935 0.022075 -0.977680
vn 0.654949 -0.095614 -0.749600
vn 0.811762 -0.084074 -0.577904
vn 0.761784 0.040373 -0.646572
vn 0.964233 -0.264417 0.018372
vn 0.964233 -0.264417 0.018372
vn 0.815257 -0.174196 -0.552279
vn 0.788388 -0.220273 -0.574391
vn 0.909076 -0.379851 0.171155
vn 0.909076 -0.379851 0.171155
vn 0.797366 -0.400222 -0.451697
vn -0.999545 0.030046 -0.002846
vn -0.945258 -0.058862 0.320971
vn -0.967376 -0.144077 0.208387
vn -0.967376 -0.144077 0.208387
vn -0.967376 -0.144077 0.208387
vn -0.902619 0.104565 0.417546
vn -0.855121 0.255131 0.451306
vn 0.891641 0.274935 -0.359705
vn 0.901587 0.249464 -0.353424
vn 0.878039 0.061870 -0.474572
vn 0.970951 0.236725 0.034848
vn 0.994376 0.105745 -0.005935
vn 0.974209 0.136382 -0.179771
vn 0.940922 0.274534 -0.198232
vn -0.785546 -0.618382 -0.022815
vn -0.469767 -0.770417 -0.431018
vn -0.842745 -0.483177 -0.237319
vn -0.883086 -0.464299 0.067716
vn 0.024082 -0.981031 -0.192352
vn 0.346811 -0.332451 -0.877040
vn -0.396928 0.008782 -0.917808
vn -0.400981 -0.006306 -0.916065
vn -0.871745 -0.101141 -0.479408
vn -0.812004 0.212954 -0.543416
vn -0.156588 0.018038 -0.987499
vn -0.349093 -0.049380 -0.935786
vn -0.389023 -0.398286 -0.830680
vn 0.173486 -0.099493 -0.979798
vn -0.312166 -0.163416 -0.935867
vn -0.517948 -0.143809 -0.843237
vn -0.708625 -0.338610 -0.619026
vn -0.474993 -0.858992 -0.191085
vn -0.506699 -0.842251 0.184039
vn -0.519307 -0.635569 -0.571290
vn -0.277086 -0.174429 -0.944880
vn -0.485172 -0.152240 -0.861064
vn -0.275956 -0.139163 -0.951043
vn -0.357111 -0.199976 -0.912404
vn -0.388095 -0.170259 -0.905756
vn -0.904562 0.426225 0.010023
vn -0.904562 0.426225 0.010023
vn -0.998547 -0.032713 -0.042821
vn -0.998547 -0.032713 -0.042821
vn -0.206032 -0.155110 -0.966174
vn -0.051790 -0.130286 -0.990123
vn 0.711861 -0.213928 -0.668946
vn 0.812396 -0.199597 -0.547881
vn 0.572273 -0.143474 -0.807415
vn 0.805436 -0.069445 -0.588601
vn -0.893655 0.100606 -0.437331
vn -0.893328 0.205502 -0.399668
vn -0.897903 0.187877 -0.398087
vn -0.940291 0.068164 -0.333476
vn -0.997084 0.065813 0.038622
vn -0.977827 0.194114 -0.078578
vn -0.481409 0.067750 -0.873874
vn -0.244360 0.112133 -0.963179
vn -0.005252 0.066873 -0.997748
vn 0.040341 0.036747 -0.998510
vn -0.081179 -0.071854 -0.994106
vn -0.676902 -0.037891 -0.735098
vn -0.813691 0.090378 -0.574229
vn -0.658603 0.208868 -0.722922
vn 0.716566 -0.234150 -0.657044
vn 0.811985 -0.190223 -0.551811
vn 0.970204 -0.221811 -0.097488
vn 0.970204 -0.221811 -0.097488
vn 0.881865 -0.452531 -0.132405
vn 0.881865 -0.452531 -0.132405
vn -0.977763 0.062749 -0.200104
vn -0.897220 0.025307 -0.440858
vn -0.750634 0.249483 -0.611806
vn -0.924403 0.009477 -0.381301
vn -0.989181 0.094678 0.112054
vn -0.989181 0.094678 0.112054
vn -0.990759 0.076834 0.111772
vn -0.990759 0.076834 0.111772
vn -0.937394 -0.174246 -0.301548
vn -0.959336 -0.097070 -0.265050
vn -0.711390 -0.203249 -0.672767
vn -0.833423 -0.155593 -0.530281
vn -0.175131 0.077840 -0.981463
vn -0.000001 -0.126636 -0.991949
vn -0.000000 0.124492 -0.992221
vn -0.000002 -0.180523 -0.983571
vn 0.087692 0.119159 -0.988995
vn -0.429411 0.125553 -0.894339
vn -0.559326 -0.182878 -0.808524
vn 0.668056 0.093516 -0.738211
vn 0.897902 -0.114666 -0.424999
vn 0.897902 -0.114666 -0.424999
vn 0.987894 -0.106536 -0.112765
vn 0.987894 -0.106536 -0.112765
vn 0.740666 0.051555 -0.669892
vn -0.907464 0.008523 -0.420043
vn -0.994505 -0.089325 0.054597
vn -0.278508 -0.173606 -0.944613
vn -0.783232 -0.133214 -0.607290
vn -0.770595 -0.057698 -0.634708
vn 0.966733 -0.223706 -0.124026
vn 0.966733 -0.223706 -0.124026
vn 0.810756 -0.153013 -0.565032
vn 0.635742 -0.048734 -0.770362
vn 0.830204 0.049417 -0.555264
vn -0.943888 -0.104379 -0.313338
vn -0.984568 -0.148224 0.093039
vn -0.794925 -0.146486 -0.588758
vn 0.567406 -0.221623 -0.793054
vn 0.746662 -0.417425 -0.517931
vn 0.538836 -0.395361 -0.743872
vn -0.005453 -0.343376 -0.939182
vn 0.033272 -0.087756 -0.995586
vn 0.976463 -0.145689 -0.159045
vn 0.976463 -0.145689 -0.159045
vn -0.919242 0.156100 -0.361422
vn -0.708856 0.353835 -0.610184
vn -0.628390 -0.174293 -0.758121
vn -0.802639 -0.030084 -0.595705
vn -0.754697 -0.124432 -0.644166
vn -0.907258 -0.106315 -0.406915
vn -0.450239 0.288034 -0.845175
vn -0.430984 0.134284 -0.892312
vn 0.000001 -0.191868 -0.981421
vn -0.000000 -0.595976 -0.803002
vn 0.000001 -0.956453 -0.291888
vn -0.000005 -0.970583 0.240768
vn 0.733336 -0.677759 0.053487
vn 0.733336 -0.677759 0.053487
vn -0.113056 0.245330 -0.962825
vn -0.235568 -0.028920 -0.971428
vn 0.170161 -0.676262 -0.716739
vn 0.449397 -0.041077 -0.892387
vn 0.598157 -0.059079 -0.799198
vn 0.138308 -0.000792 -0.990389
vn 0.226673 -0.087089 -0.970070
vn 0.313106 -0.000111 -0.949718
vn -0.073432 -0.090241 -0.993209
vn 0.016490 -0.123918 -0.992155
vn -0.034546 -0.358994 -0.932700
vn -0.423372 -0.268999 -0.865099
vn 0.065915 -0.048357 -0.996653
vn -0.337664 -0.064549 -0.939051
vn 0.483872 -0.180461 -0.856330
vn -0.515338 0.253958 -0.818494
vn 0.521800 -0.051021 -0.851541
vn 0.530421 -0.032298 -0.847119
vn 0.706261 -0.056966 -0.705656
vn 0.700703 -0.251017 -0.667836
vn 0.540455 0.063548 -0.838970
vn 0.840332 -0.154011 -0.519734
vn 0.740743 -0.227687 -0.632027
vn 0.762395 -0.197118 -0.616359
vn 0.843688 -0.058919 -0.533590
vn 0.722007 -0.176205 -0.669073
vn 0.966429 -0.074303 -0.245957
vn 0.806245 -0.084115 -0.585572
vn 0.806836 -0.185109 -0.561026
vn 0.603532 -0.259187 -0.754037
vn 0.445409 -0.297053 -0.844613
vn 0.849235 -0.277842 -0.449004
vn 0.938138 -0.266513 -0.221062
vn 0.901721 -0.240395 -0.359317
vn -0.887498 0.269091 -0.374083
vn -0.892494 0.279482 -0.354040
vn -0.091091 0.116960 -0.988950
vn 0.055655 0.102373 -0.993188
vn 0.496302 -0.036069 -0.867400
vn 0.559908 -0.177794 -0.809254
vn -0.261797 -0.093512 -0.960582
vn 0.736108 -0.208974 -0.643797
vn -0.571403 -0.048380 -0.819242
vn -0.697087 -0.022594 -0.716631
vn -0.885798 -0.077623 -0.457532
vn -0.859881 -0.129043 -0.493915
vn -0.617840 -0.097250 -0.780267
vn 0.681026 -0.251957 -0.687547
vn -0.979125 0.159055 0.126551
vn -0.979125 0.159055 0.126551
vn -0.944644 0.327830 -0.013215
vn -0.944644 0.327830 -0.013215
vn -0.592498 -0.282393 -0.754454
vn -0.925297 0.285286 -0.249874
vn -0.964945 0.215064 -0.150428
vn -0.803136 0.115076 -0.584577
vn -0.835266 0.299886 -0.460868
vn -0.929696 0.292078 -0.224401
vn -0.933016 0.357278 0.042832
vn -0.933016 0.357278 0.042832
vn 0.109786 0.091561 -0.989729
vn 0.217644 0.124020 -0.968117
vn 0.400714 0.068168 -0.913664
vn 0.169357 0.114105 -0.978927
vn -0.420084 0.189346 -0.887512
vn -0.380690 0.303194 -0.873584
vn 0.296370 0.109766 -0.948745
vn 0.398842 0.113797 -0.909931
vn 0.469793 -0.051954 -0.881247
vn 0.447406 0.045302 -0.893183
vn 0.386283 0.114093 -0.915297
vn 0.490924 0.072285 -0.868198
vn 0.930226 -0.157526 0.331460
vn 0.992363 -0.121067 -0.023635
vn 0.898768 -0.297154 -0.322359
vn 0.898768 -0.297154 -0.322359
vn 0.905489 0.008941 0.424276
vn 0.958794 -0.046000 0.280353
vn 0.955369 -0.271445 0.116570
vn 0.962740 -0.197267 0.184981
vn 0.931519 -0.204691 -0.300623
vn 0.931519 -0.204691 -0.300623
vn 0.933941 -0.273845 0.229703
vn 0.966220 -0.249709 0.063746
vn 0.966220 -0.249709 0.063746
vn 0.911335 -0.326187 0.251137
vn 0.911335 -0.326187 0.251137
vn 0.746969 -0.240212 0.619949
vn 0.880028 -0.180379 0.439334
vn 0.714596 -0.661816 0.226611
vn 0.816199 -0.346907 0.462033
vn 0.950460 -0.229488 0.209671
vn 0.950460 -0.229488 0.209671
vn 0.864739 -0.317705 -0.388961
vn 0.788276 0.073032 -0.610972
vn 0.788276 0.073032 -0.610972
vn -0.768275 0.037596 -0.639015
vn -0.768275 0.037596 -0.639015
vn -0.937753 0.296382 -0.181046
vn -0.937753 0.296382 -0.181046
vn -0.784709 0.315535 0.533545
vn -0.727271 0.570109 0.382168
vn -0.842899 0.336795 0.419632
vn -0.800456 0.242128 0.548310
vn -0.750210 -0.179138 0.636470
vn -0.750210 -0.179138 0.636470
vn -0.785873 -0.277474 0.552641
vn -0.945203 -0.279028 0.169514
vn -0.945203 -0.279028 0.169514
vn -0.955264 -0.295324 0.015963
vn -0.955264 -0.295324 0.015963
vn -0.944184 -0.234355 -0.231504
vn -0.803721 -0.256371 0.536941
vn -0.815623 0.002781 0.578577
vn -0.774436 0.098420 0.624950
vn -0.791051 -0.129389 0.597910
vn -0.748394 0.130017 0.650386
vn -0.888359 0.285697 0.359437
vn -0.992062 0.086140 0.091612
vn -0.992062 0.086140 0.091612
vn -0.947206 0.054338 0.315987
vn -0.921212 0.191771 0.338516
vn -0.976390 0.178928 0.121027
vn -0.976390 0.178928 0.121027
vn -0.989487 -0.082647 0.118682
vn -0.989487 -0.082647 0.118682
vn -0.795110 0.181545 0.578656
vn -0.835506 -0.047669 0.547409
vn -0.971797 0.002005 0.235810
vn -0.971797 0.002005 0.235810
vn -0.999270 0.013538 0.035722
vn -0.884054 -0.117699 0.452323
vn -0.986106 -0.130371 0.102952
vn -0.986106 -0.130371 0.102952
vn -0.899784 -0.118878 0.419830
vn -0.998486 -0.017807 0.052050
vn -0.998486 -0.017807 0.052050
vn -0.878806 -0.211441 0.427776
vn -0.951517 0.295335 0.085979
vn -0.951517 0.295335 0.085979
vn -0.994001 0.095164 -0.053907
vn -0.994001 0.095164 -0.053907
vn -0.959553 0.263897 0.098062
vn -0.983500 0.180825 -0.005503
vn -0.947209 -0.124306 -0.295537
vn -0.976206 -0.199467 -0.085054
vn 0.751612 -0.211553 -0.624760
vn 0.673934 -0.457964 0.579726
vn 0.838819 0.039778 -0.542956
vn 0.838819 0.039778 -0.542956
vn 0.723192 -0.039332 -0.689526
vn 0.476289 -0.151535 -0.866133
vn 0.361609 -0.191405 -0.912471
vn 0.559311 -0.170397 -0.811256
vn 0.326756 -0.212934 -0.920809
vn 0.770612 -0.106804 -0.628291
vn 0.949330 -0.034826 -0.312346
vn 0.949330 -0.034826 -0.312346
vn 0.373011 -0.124271 -0.919467
vn 0.919055 0.270857 0.286311
vn -0.610625 -0.101431 -0.785397
vn -0.882761 0.004989 -0.469797
vn -0.987149 -0.124921 -0.099660
vn -0.987149 -0.124921 -0.099660
vn -0.000001 0.092798 -0.995685
vn -0.995779 0.047482 0.078544
vn -0.987775 -0.000421 0.155884
vn -0.712252 0.251992 -0.655131
vn -0.766315 0.022661 -0.642066
vn -0.265396 0.114624 -0.957302
vn -0.204138 0.297789 -0.932550
vn -0.995012 -0.010618 -0.099184
vn -0.995012 -0.010618 -0.099184
vn -0.987060 0.157684 0.029139
vn -0.862526 0.109049 -0.494122
vn 0.328921 0.031483 -0.943832
vn -0.493093 0.206367 -0.845146
vn -0.954595 0.297355 0.018125
vn -0.954595 0.297355 0.018125
vn 0.029232 -0.033906 -0.998997
vn 0.383768 0.177993 -0.906113
vn 0.273871 0.086278 -0.957889
vn -0.770290 0.338106 -0.540683
vn -0.780379 0.527188 0.336276
vn -0.846549 0.383645 0.369014
vn -0.849067 0.360446 0.386218
vn -0.853018 0.270750 0.446156
vn 0.378723 0.377733 0.844918
vn 0.330995 0.323116 0.886588
vn 0.645479 0.242247 0.724343
vn 0.712082 0.246958 0.657230
vn 0.592763 0.261851 0.761620
vn -0.116488 0.481626 0.868600
vn 0.221985 0.167951 0.960476
vn 0.227509 -0.134243 0.964478
vn 0.383315 0.314543 0.868408
vn -0.051496 0.347332 0.936327
vn -0.142591 0.223750 0.964160
vn -0.386587 -0.034251 0.921617
vn -0.360926 0.259608 0.895732
vn 0.255612 -0.031089 0.966279
vn 0.255612 -0.031089 0.966279
vn 0.639245 -0.101652 0.762255
vn 0.188335 -0.102931 0.976696
vn 0.344585 0.105845 0.932769
vn -0.382065 -0.120563 0.916237
vn -0.382065 -0.120563 0.916237
vn -0.637268 -0.229825 0.735575
vn -0.588710 -0.056873 0.806341
vn -0.462774 -0.277322 0.841981
vn 0.074612 -0.481092 0.873489
vn -0.214295 -0.019792 0.976568
vn -0.135086 -0.355912 0.924704
vn -0.048828 -0.457074 0.888087
vn 0.580680 -0.432262 0.689899
vn -0.643298 0.178121 0.744608
vn -0.687111 0.135038 0.713893
vn -0.536889 -0.140617 0.831852
vn -0.626319 0.022357 0.779247
vn 0.504439 -0.264001 0.822098
vn 0.604596 -0.142864 0.783616
vn 0.013495 -0.167042 0.985857
vn 0.058254 -0.141931 0.988161
vn -0.012425 -0.034844 0.999316
vn 0.554020 -0.130398 0.822227
vn -0.314703 -0.118569 0.941756
vn 0.258472 -0.147328 0.954718
vn -0.719222 0.209180 0.662543
vn -0.068641 -0.090046 0.993569
vn -0.477232 0.164263 0.863289
vn 0.727464 0.138839 0.671953
vn 0.765699 0.033786 0.642311
vn 0.548998 0.235104 0.802077
vn 0.841147 0.069469 0.536327
vn -0.473781 0.510222 0.717778
vn -0.523476 0.487724 0.698640
vn 0.248632 0.531401 0.809812
vn -0.013370 0.423527 0.905785
vn -0.643223 0.539728 0.543101
vn -0.303930 0.536363 0.787363
vn -0.545279 0.414890 0.728380
vn -0.064189 0.338595 0.938740
vn -0.966963 0.030041 0.253139
vn -0.980137 0.083695 0.179795
vn -0.697277 0.071099 0.713267
vn -0.842880 -0.137766 0.520166
vn -0.774604 0.175316 0.607662
vn -0.313997 -0.361015 0.878108
vn -0.692979 -0.260623 0.672203
vn -0.586605 -0.085817 0.805313
vn -0.147123 -0.046407 0.988029
vn 0.308360 -0.127527 0.942683
vn 0.018170 -0.506033 0.862323
vn -0.643273 0.417142 0.642022
vn -0.840972 0.269742 0.469048
vn -0.426896 0.374020 0.823328
vn -0.414084 0.383693 0.825417
vn -0.093452 0.282519 0.954699
vn -0.134770 0.418499 0.898162
vn -0.133644 -0.419671 0.897784
vn -0.365795 -0.332783 0.869166
vn 0.463120 -0.429659 0.775186
vn 0.265161 -0.701363 0.661650
vn 0.018072 0.198931 0.979847
vn 0.359431 0.429821 0.828289
vn -0.492340 -0.179597 0.851673
vn -0.095723 -0.141128 0.985353
vn 0.665357 -0.234142 0.708856
vn 0.006744 -0.226417 0.974007
vn -0.356485 -0.287611 0.888931
vn 0.379426 0.171913 0.909111
vn 0.777028 -0.124907 0.616948
vn -0.136737 -0.037238 0.989907
vn 0.108303 -0.331816 0.937107
vn 0.296528 0.172121 0.939386
vn -0.454504 0.116799 0.883054
vn -0.457906 0.245675 0.854381
vn -0.376801 0.381537 0.844068
vn -0.741581 0.182121 0.645670
vn -0.868505 0.303857 0.391624
vn 0.507252 0.017193 0.861626
vn 0.006212 0.071418 0.997427
vn -0.401818 0.093467 0.910937
vn -0.671639 0.255992 0.695247
vn -0.570418 0.203214 0.795818
vn 0.962861 -0.187633 0.194146
vn 0.389921 -0.819312 0.420344
vn 0.667695 -0.683837 0.294193
vn 0.647564 -0.636051 0.419643
vn -0.849113 0.344479 0.400426
vn 0.290749 0.300942 0.908240
vn -0.409753 -0.005397 0.912181
vn -0.478062 0.152985 0.864900
vn 0.392688 0.200028 0.897655
vn 0.937321 0.185318 0.295103
vn -0.393539 0.485752 0.780495
vn 0.165180 0.221584 0.961049
vn 0.050919 0.442258 0.895441
vn -0.531340 0.476124 0.700702
vn 0.268792 -0.131303 0.954207
vn 0.152040 -0.331640 0.931074
vn -0.235098 -0.056473 0.970330
vn -0.235098 -0.056473 0.970330
vn -0.679572 -0.052939 0.731696
vn -0.092056 -0.295500 0.950897
vn 0.071783 -0.047570 0.996285
vn 0.948886 0.118851 0.292388
vn -0.064262 0.329689 0.941900
vn 0.000005 0.328192 0.944611
vn 0.000001 0.206782 0.978387
vn 0.309203 0.421272 0.852598
vn 0.365804 0.265330 0.892069
vn -0.522398 0.467186 0.713328
vn -0.292098 0.355748 0.887762
vn -0.885701 0.218224 0.409771
vn -0.544930 0.122446 0.829493
vn -0.108059 0.012758 0.994063
vn 0.104632 -0.162881 0.981082
vn 0.470918 0.107531 0.875599
vn 0.000000 0.007318 0.999973
vn 0.277034 -0.594420 0.754929
vn -0.681586 -0.146360 0.716951
vn -0.958410 0.180040 0.221441
vn -0.911288 -0.065626 0.406506
vn 0.395144 -0.725193 0.563876
vn -0.000002 -0.706905 0.707308
vn 0.587359 -0.238156 0.773493
vn 0.771930 -0.526795 0.355824
vn -0.431844 0.099584 0.896434
vn -0.991942 0.071269 0.104748
vn -0.898796 0.422228 -0.117852
vn 0.924862 -0.079636 -0.371870
vn 0.887823 -0.239079 -0.393206
vn 0.829537 0.099846 -0.549454
vn 0.804125 0.162373 -0.571854
vn 0.965351 -0.107506 -0.237783
vn 0.878509 -0.276570 -0.389527
vn 0.394390 0.085718 0.914937
vn 0.404200 -0.229542 0.885400
vn 0.942981 -0.245263 0.225018
vn 0.962350 0.079994 0.259777
vn -0.330627 0.196904 0.922992
vn -0.281749 0.135825 0.949826
vn -0.809925 0.119742 0.574181
vn -0.863275 -0.038427 0.503270
vn -0.632911 -0.081796 0.769892
vn -0.632667 0.197446 0.748830
vn -0.887679 -0.039346 0.458778
vn -0.893749 0.084332 0.440570
vn 0.958158 -0.148466 -0.244727
vn 0.943824 -0.161713 -0.288176
vn 0.999753 0.017760 -0.013372
vn 0.978168 0.189556 -0.085184
vn 0.785096 0.555897 -0.273135
vn 0.842318 0.330711 -0.425594
vn 0.915498 0.304351 -0.263124
vn 0.763027 0.558786 -0.324883
vn 0.989327 0.143256 -0.026639
vn 0.913006 -0.403956 -0.056917
vn 0.913006 -0.403956 -0.056917
vn 0.780681 -0.523320 -0.341575
vn 0.780681 -0.523320 -0.341575
vn 0.378607 -0.343911 -0.859292
vn 0.378607 -0.343911 -0.859292
vn 0.594287 0.436544 -0.675465
vn 0.136394 -0.989687 -0.043778
vn 0.113329 -0.937980 -0.327644
vn 0.404389 -0.910750 0.083691
vn 0.997247 0.021650 -0.070914
vn 0.997247 0.021650 -0.070914
vn 0.645747 -0.763456 0.012046
vn 0.566262 -0.799171 -0.201674
vn 0.566262 -0.799171 -0.201674
vn 0.017980 -0.999376 0.030402
vn -0.013518 -0.992460 0.121817
vn 0.920442 -0.307475 -0.241340
vn 0.560941 -0.827424 0.026730
vn 0.560941 -0.827424 0.026730
vn 0.230127 0.605545 -0.761811
vn 0.265302 0.570925 -0.776956
vn -0.449845 0.746292 -0.490600
vn -0.517402 0.657615 -0.547575
vn -0.517402 0.657615 -0.547575
vn 0.340733 0.799948 -0.493948
vn 0.424338 0.597259 -0.680602
vn 0.211472 0.908532 -0.360346
vn -0.448645 0.815414 -0.365810
vn -0.324924 0.728990 -0.602493
vn -0.324924 0.728990 -0.602493
vn -0.058691 0.717675 -0.693901
vn -0.357276 -0.274435 -0.892770
vn -0.357276 -0.274435 -0.892770
vn 0.177947 -0.839453 0.513472
vn 0.177947 -0.839453 0.513472
vn -0.198775 -0.181132 0.963161
vn -0.159225 -0.842791 0.514150
vn -0.159225 -0.842791 0.514150
vn -0.858088 -0.442584 0.260391
vn -0.858088 -0.442584 0.260391
vn -0.354556 -0.919633 0.169013
vn -0.262416 -0.935679 0.235887
vn -0.638989 -0.635047 0.434061
vn -0.638989 -0.635047 0.434061
vn -0.956298 0.124213 0.264700
vn -0.865713 0.498459 -0.045595
vn -0.965198 -0.255767 -0.054554
vn -0.965198 -0.255767 -0.054554
vn -0.404274 -0.913377 -0.048009
vn -0.873727 0.052252 0.483603
vn -0.725979 0.608029 -0.321333
vn -0.862595 -0.155940 -0.481262
vn -0.862595 -0.155940 -0.481262
vn -0.823121 0.539304 0.177831
vn -0.806526 0.568568 -0.162008
vn -0.662906 0.716395 -0.217561
vn -0.867648 0.046730 0.494977
vn -0.894454 0.330693 0.300989
vn -0.883890 0.465900 -0.040926
vn -0.949510 0.190468 0.249304
vn -0.889824 0.451063 -0.068961
vn 0.997452 -0.000747 -0.071341
vn -0.196123 -0.932357 -0.303720
vn -0.308758 -0.916009 -0.256116
vn -0.669014 -0.216951 -0.710882
vn -0.669014 -0.216951 -0.710882
vn -0.586828 0.649611 -0.483361
vn -0.359916 0.762020 -0.538318
vn -0.359916 0.762020 -0.538318
vn -0.435643 -0.869546 -0.232605
vn -0.486615 -0.763954 0.423769
vn -0.486615 -0.763954 0.423769
vn -0.594598 -0.703929 0.388506
vn -0.594598 -0.703929 0.388506
vn -0.066194 -0.995561 0.066906
vn -0.136417 -0.982601 0.126042
vn -0.055216 -0.991690 0.116198
vn -0.100027 -0.994949 -0.008480
vn -0.062801 -0.995576 0.069895
vn -0.071328 -0.997445 0.003987
vn -0.581219 0.628614 -0.516749
vn -0.635873 0.340340 -0.692701
vn -0.300709 0.293250 -0.907512
vn 0.001176 0.674936 -0.737876
vn -0.066520 0.168695 -0.983421
vn -0.520921 0.316747 -0.792662
vn -0.082214 0.634678 -0.768391
vn 0.014020 0.709871 -0.704192
vn 0.003912 0.585574 -0.810610
vn 0.000003 0.760810 -0.648974
vn -0.000003 0.730479 -0.682935
vn -0.716556 0.034757 -0.696663
vn -0.894584 0.338916 -0.291299
vn -0.682838 0.022580 -0.730220
vn -0.841407 0.090450 -0.532779
vn -0.566316 -0.040282 -0.823204
vn -0.525633 -0.162106 -0.835124
vn -0.070342 0.360611 -0.930060
vn -0.105523 0.408972 -0.906425
vn 0.048118 0.256982 -0.965217
vn -0.032546 0.170639 -0.984796
vn -0.000001 -0.085281 -0.996357
vn 0.000002 0.167967 -0.985793
vn -0.176841 0.308464 -0.934654
vn -0.205962 0.741184 -0.638925
vn -0.331073 -0.037825 -0.942847
vn -0.626378 -0.176387 -0.759301
vn 0.000000 -0.017051 -0.999855
vn -0.944696 -0.125939 -0.302803
vn -0.935559 0.043671 -0.350460
vn -0.942403 -0.085100 -0.323471
vn -0.961433 -0.087362 -0.260797
vn -0.936153 0.120345 -0.330355
vn -0.925372 0.008260 -0.378969
vn -0.768778 0.624706 -0.136833
vn -0.768778 0.624706 -0.136833
vn -0.000000 -0.308117 -0.951349
vn 0.371969 -0.072029 -0.925446
vn 0.324730 -0.198213 -0.924804
vn 0.203528 -0.203046 -0.957783
vn 0.267436 -0.130805 -0.954656
vn 0.115957 -0.161801 -0.979987
vn 0.481553 -0.058392 -0.874470
vn 0.658947 -0.060583 -0.749746
vn 0.307166 -0.009237 -0.951611
vn 0.612914 -0.079585 -0.786132
vn 0.256845 -0.154955 -0.953949
vn 0.562172 -0.005781 -0.827000
vn 0.531164 -0.011660 -0.847189
vn 0.206911 0.442221 0.872713
vn -0.230379 0.454349 0.860519
vn -0.979702 0.041415 -0.196133
vn -0.926879 0.204336 -0.314867
vn -0.912548 -0.024346 -0.408244
vn -0.897278 0.024765 -0.440771
vn -0.870073 0.276994 -0.407733
vn -0.105147 -0.408860 0.906520
vn 0.136471 -0.434644 0.890202
vn 0.453501 -0.214590 -0.865036
vn 0.430599 -0.145182 -0.890790
vn 0.000007 0.589241 -0.807958
vn -0.921764 0.127532 -0.366178
vn -0.462644 0.138654 -0.875635
vn -0.679155 0.083688 -0.729209
vn 0.000000 -0.186240 0.982504
vn -0.000004 -0.129710 0.991552
vn -0.000001 -0.101627 0.994823
vn -0.000001 -0.088256 0.996098
vn 0.000004 -0.068858 0.997626
vn -0.000002 -0.115939 0.993256
vn -0.000008 0.044301 -0.999018
vn 0.295000 -0.953716 0.058321
vn 0.000025 -0.999563 -0.029568
vn -0.000006 -0.934725 0.355372
vn -0.000002 -0.708001 0.706212
vn -0.505630 0.410287 -0.758949
vn -0.038163 0.009401 -0.999227
vn -0.301350 -0.115814 0.946454
vn 0.282644 -0.774601 0.565779
vn 0.382171 -0.196232 0.903016
vn -0.242654 0.043810 0.969123
vn 0.293839 -0.272358 0.916231
vn 0.126661 -0.291775 0.948064
vn -0.496008 0.171827 0.851147
vn -0.572268 0.069965 0.817077
vn -0.588107 0.331235 0.737844
vn 0.180438 0.525524 0.831424
vn -0.211585 0.593503 0.776522
vn -0.126145 0.313808 0.941070
vn -0.252322 0.504250 0.825873
vn -0.488619 0.585571 0.646806
vn 0.025627 0.404017 0.914393
vn 0.181993 0.222219 0.957861
vn 0.071879 -0.017376 0.997262
vn 0.078024 -0.320418 0.944058
vn -0.337581 0.475090 0.812606
vn -0.200195 0.508893 0.837227
vn -0.765738 -0.066705 0.639684
vn -0.354781 -0.209166 0.911252
vn 0.355318 -0.258693 0.898235
vn -0.144956 -0.262848 0.953886
vn 0.445942 -0.184261 0.875890
vn 0.086834 -0.178551 0.980092
vn -0.186570 -0.076966 0.979422
vn -0.299332 -0.021183 0.953914
vn 0.096753 0.315983 0.943819
vn -0.180646 -0.208510 0.961192
vn -0.538932 -0.181629 0.822534
vn -0.221244 -0.164856 0.961183
vn 0.007122 -0.150081 0.988648
vn -0.127702 -0.083706 0.988274
vn 0.029688 0.082138 0.996179
vn 0.064087 0.102045 0.992713
vn -0.214571 0.154183 0.964462
vn 0.025496 0.482515 0.875517
vn 0.087944 0.515642 0.852279
vn -0.211428 0.131041 0.968569
vn -0.624341 0.138816 0.768718
vn -0.828047 0.558423 0.050021
vn -0.905195 0.416689 -0.083622
vn 0.399653 -0.664897 0.631023
vn -0.237725 -0.020185 0.971123
vn 0.000000 -0.045823 0.998950
vn -0.359073 -0.035736 0.932625
vn 0.000000 0.680286 -0.732946
vn 0.000003 0.510328 -0.859980
vn 0.000009 0.919518 -0.393047
vn -0.998509 -0.041627 0.035315
vn -0.646729 0.244169 0.722581
vn -0.216705 0.127790 0.967837
vn 0.638491 0.235178 -0.732817
vn 0.977535 -0.032750 -0.208215
vn 0.977535 -0.032750 -0.208215
vn 0.721689 0.422240 -0.548524
vn -0.046724 0.559589 -0.827452
vn -0.194510 0.446524 -0.873374
vn -0.321450 0.067688 0.944504
vn 0.651519 0.072857 0.755125
vn 0.651519 0.072857 0.755125
vn 0.713770 0.066074 0.697257
vn 0.713770 0.066074 0.697257
vn 0.982250 -0.126643 -0.138372
vn 0.992336 -0.111714 -0.052818
vn 0.987683 0.128661 -0.089039
vn 0.987683 0.128661 -0.089039
vn 0.996411 -0.079442 0.029240
vn 0.976105 -0.181605 -0.119322
vn -0.574001 0.623052 -0.531346
vn -0.562132 0.590089 -0.579485
vn -0.879180 0.470044 0.078110
vn -0.688445 0.231024 0.687511
vn -0.890167 0.446477 0.090896
vn -0.777370 0.313381 -0.545425
vn -0.777370 0.313381 -0.545425
vn -0.809863 0.287226 -0.511491
vn -0.809863 0.287226 -0.511491
vn 0.039025 0.156719 -0.986872
vn 0.069963 0.344512 -0.936171
vn -0.818937 0.228062 -0.526622
vn -0.818937 0.228062 -0.526622
vn -0.902047 -0.066905 0.426420
vn -0.911705 -0.076459 0.403669
vn 0.070503 -0.936128 0.344519
vn -0.218161 -0.463679 0.858725
vn -0.940366 -0.139954 0.310039
vn -0.816681 -0.566009 -0.112542
vn -0.344289 -0.242857 -0.906910
vn -0.344289 -0.242857 -0.906910
vn 0.598441 -0.697327 -0.394466
vn 0.598441 -0.697327 -0.394466
vn -0.027534 -0.378615 0.925145
vn -0.032070 -0.268860 0.962645
vn -0.876068 0.030161 0.481244
vn -0.075284 -0.361430 0.929355
vn 0.805868 -0.377496 0.456150
vn 0.805868 -0.377496 0.456150
vn 0.799079 -0.355743 0.484685
vn 0.799079 -0.355743 0.484685
vn 0.748885 -0.474272 -0.462857
vn -0.059969 -0.071936 -0.995605
vn 0.165157 -0.721515 -0.672413
vn 0.165157 -0.721515 -0.672413
vn 0.745748 -0.618059 -0.248723
vn 0.745748 -0.618059 -0.248723
vn 0.869891 -0.164385 -0.465045
vn 0.437904 -0.502033 0.745790
vn 0.437904 -0.502033 0.745790
vn 0.437904 -0.502033 0.745790
vn 0.735190 -0.424394 0.528569
vn 0.735190 -0.424394 0.528569
vn 0.557161 -0.827768 -0.066119
vn 0.505875 -0.465637 0.726135
vn 0.505875 -0.465637 0.726135
vn 0.434916 -0.808525 -0.396403
vn 0.075643 0.120329 -0.989848
vn 0.114075 0.405627 -0.906893
vn 0.911158 0.088000 -0.402550
vn 0.832020 -0.230755 -0.504475
vn 0.801572 -0.334333 0.495685
vn 0.801572 -0.334333 0.495685
vn 0.675190 -0.567487 0.471251
vn 0.675190 -0.567487 0.471251
vn -0.850263 0.128448 -0.510445
vn -0.850263 0.128448 -0.510445
vn -0.923529 -0.213343 0.318715
vn -0.770789 0.298022 -0.563087
vn -0.770789 0.298022 -0.563087
vn -0.786950 0.358438 -0.502226
vn -0.786950 0.358438 -0.502226
vn -0.996271 -0.084443 -0.017702
vn -0.996271 -0.084443 -0.017702
vn -0.996271 -0.084443 -0.017702
vn 0.772214 -0.370974 0.515814
vn 0.772214 -0.370974 0.515814
vn 0.829715 -0.278441 -0.483781
vn 0.894172 0.021197 -0.447222
vn 0.780775 -0.624802 -0.003464
vn 0.496590 -0.214585 0.841042
vn 0.496590 -0.214585 0.841042
vn 0.521492 -0.852589 0.033721
vn -0.448024 -0.470631 0.760119
vn -0.448024 -0.470631 0.760119
vn -0.448024 -0.470631 0.760119
vn 0.739078 -0.673225 0.023053
vn 0.739078 -0.673225 0.023053
vn -0.790436 0.303958 0.531809
vn -0.658159 0.117959 0.743581
vn -0.819014 0.247718 0.517545
vn -0.845851 0.177735 0.502938
vn -0.599022 0.421284 0.680950
vn -0.219326 -0.075086 0.972758
vn -0.222544 0.123651 0.967049
vn -0.117592 -0.460969 0.879591
vn 0.012516 -0.123371 0.992282
vn -0.260826 0.142630 0.954791
vn 0.005438 0.116468 -0.993180
vn 0.005438 0.116468 -0.993180
vn -0.050937 0.028192 -0.998304
vn -0.050937 0.028192 -0.998304
vn 0.732236 -0.358760 -0.578897
vn 0.863954 0.036351 -0.502258
vn -0.009454 0.154121 -0.988007
vn -0.009454 0.154121 -0.988007
vn -0.865130 0.124847 -0.485760
vn -0.864938 0.083937 -0.494810
vn -0.432325 -0.762561 0.481244
vn -0.824866 -0.185274 0.534106
vn -0.874965 -0.002418 -0.484179
vn -0.476518 -0.625761 -0.617538
vn 0.472457 -0.563769 -0.677458
vn 0.472457 -0.563769 -0.677458
vn 0.577106 -0.694560 0.429575
vn 0.577106 -0.694560 0.429575
vn -0.823648 -0.131567 0.551628
vn -0.833122 -0.022575 0.552628
vn -0.875855 0.160087 -0.455247
vn -0.827162 -0.083199 0.555770
vn 0.174767 -0.268747 0.947223
vn 0.174767 -0.268747 0.947223
vn 0.090422 -0.297653 0.950382
vn 0.090422 -0.297653 0.950382
vn 0.663639 -0.651874 0.366939
vn 0.653646 -0.489209 -0.577426
vn 0.720798 -0.353393 -0.596292
vn 0.720798 -0.353393 -0.596292
vn 0.705939 -0.656688 0.265352
vn 0.705939 -0.656688 0.265352
vn 0.803357 -0.456170 0.382787
vn -0.694358 -0.461356 0.552284
vn -0.694358 -0.461356 0.552284
vn -0.694358 -0.461356 0.552284
vn 0.056113 -0.264146 0.962849
vn 0.056113 -0.264146 0.962849
vn 0.563811 -0.714377 -0.414466
vn 0.563811 -0.714377 -0.414466
vn -0.764773 -0.284284 -0.578191
vn -0.764773 -0.284284 -0.578191
vn -0.764773 -0.284284 -0.578191
vn 0.820425 -0.227059 -0.524734
vn 0.879778 0.056942 -0.471962
vn 0.914723 -0.117352 0.386665
vn 0.860220 -0.359385 0.361751
vn 0.195256 -0.213889 0.957145
vn 0.195256 -0.213889 0.957145
vn 0.083660 -0.380020 0.921187
vn 0.083660 -0.380020 0.921187
vn -0.136348 -0.024159 -0.990366
vn -0.136348 -0.024159 -0.990366
vn -0.873464 -0.007259 -0.486834
vn 0.012032 0.162580 -0.986622
vn 0.012032 0.162580 -0.986622
vn -0.122729 0.119569 -0.985211
vn -0.122729 0.119569 -0.985211
vn -0.128190 0.174761 -0.976231
vn -0.128190 0.174761 -0.976231
vn -0.128190 0.174761 -0.976231
vn 0.160244 -0.276564 0.947541
vn 0.160244 -0.276564 0.947541
vn 0.846196 -0.363593 0.389554
vn 0.899757 -0.171540 0.401262
vn -0.985389 0.085673 -0.147205
vn -0.840468 0.518927 0.155977
vn -0.675251 0.631429 -0.381227
vn -0.974864 0.193789 0.109936
vn 0.641216 -0.419313 -0.642665
vn -0.130557 0.157835 -0.978797
vn -0.130557 0.157835 -0.978797
vn 0.376868 -0.924352 -0.059526
vn 0.529509 -0.830509 -0.172844
vn 0.649399 -0.739690 0.176464
vn 0.649399 -0.739690 0.176464
vn -0.190821 0.334487 -0.922879
vn -0.190821 0.334487 -0.922879
vn 0.172716 -0.551020 -0.816423
vn 0.172716 -0.551020 -0.816423
vn -0.844896 0.314037 -0.433050
vn -0.805514 0.349338 -0.478655
vn -0.685031 0.510544 -0.519689
vn -0.944650 0.061515 0.322260
vn -0.877310 0.478848 -0.032121
vn -0.369602 0.487621 -0.790962
vn -0.826864 -0.179139 0.533109
vn -0.796487 0.127781 0.591000
vn -0.828483 0.337255 -0.447075
vn -0.887362 0.422562 -0.184471
vn -0.857449 0.353683 -0.373751
vn -0.123712 0.095444 -0.987717
vn -0.123712 0.095444 -0.987717
vn -0.886116 0.200085 -0.418047
vn -0.368437 -0.799033 0.475185
vn -0.790040 -0.225224 0.570185
vn -0.908962 0.010800 -0.416740
vn -0.500773 -0.615040 -0.609058
vn 0.458449 -0.498176 -0.735966
vn 0.458449 -0.498176 -0.735966
vn 0.640389 -0.673149 0.369828
vn 0.640389 -0.673149 0.369828
vn -0.832243 -0.109932 0.543403
vn -0.768197 0.022082 0.639833
vn -0.864947 0.070465 -0.496891
vn -0.795121 -0.106134 0.597092
vn 0.229880 -0.306589 0.923666
vn 0.229880 -0.306589 0.923666
vn 0.187624 -0.312556 0.931185
vn 0.187624 -0.312556 0.931185
vn 0.721228 -0.622286 0.304286
vn 0.925239 -0.253698 0.282083
vn 0.770117 -0.123049 -0.625922
vn -0.640136 -0.453892 0.619845
vn -0.640136 -0.453892 0.619845
vn -0.640136 -0.453892 0.619845
vn 0.112872 -0.277184 0.954164
vn 0.112872 -0.277184 0.954164
vn 0.508197 -0.624614 -0.592952
vn 0.508197 -0.624614 -0.592952
vn -0.923967 -0.137795 -0.356788
vn -0.923967 -0.137795 -0.356788
vn -0.923967 -0.137795 -0.356788
vn 0.795694 -0.141472 -0.588946
vn 0.848783 0.160481 -0.503798
vn 0.948487 -0.030836 0.315312
vn 0.903049 -0.314066 0.293028
vn 0.263717 -0.228978 0.937029
vn 0.263717 -0.228978 0.937029
vn 0.176807 -0.389887 0.903730
vn 0.176807 -0.389887 0.903730
vn -0.180029 0.046433 -0.982565
vn -0.180029 0.046433 -0.982565
vn -0.907128 -0.011083 -0.420710
vn -0.030920 0.204957 -0.978282
vn -0.030920 0.204957 -0.978282
vn -0.057448 0.149702 -0.987061
vn -0.057448 0.149702 -0.987061
vn -0.897923 0.125621 -0.421845
vn 0.231098 -0.280207 0.931707
vn 0.231098 -0.280207 0.931707
vn 0.875653 -0.367186 0.313699
vn 0.940779 -0.103555 0.322816
vn -0.969679 0.066319 0.235211
vn -0.643007 0.419693 0.640625
vn -0.885036 0.092036 0.456334
vn 0.441695 -0.275822 -0.853714
vn -0.417055 0.254636 -0.872483
vn -0.417055 0.254636 -0.872483
vn -0.839388 0.081887 0.537329
vn -0.869180 0.378747 0.317925
vn -0.786341 -0.224706 0.575478
vn -0.745577 0.129428 0.653731
vn -0.956417 0.290850 0.025921
vn -0.881254 0.368752 0.295657
vn 0.488973 -0.375851 0.787173
vn 0.488973 -0.375851 0.787173
vn 0.666512 -0.612149 0.425483
vn 0.087311 -0.912616 0.399384
vn -0.535032 -0.549751 0.641494
vn -0.535032 -0.549751 0.641494
vn 0.405264 -0.300098 0.863540
vn 0.995572 -0.038210 0.085884
vn 0.995572 -0.038210 0.085884
vn 0.986522 -0.144555 0.076672
vn 0.986522 -0.144555 0.076672
vn 0.986522 -0.144555 0.076672
vn -0.494708 -0.513324 -0.701258
vn -0.533655 0.109452 -0.838589
vn 0.591658 0.018234 -0.805983
vn 0.390148 -0.681115 -0.619570
vn -0.707430 -0.634652 0.311062
vn -0.707430 -0.634652 0.311062
vn -0.998357 -0.056498 0.009551
vn -0.998357 -0.056498 0.009551
vn -0.526006 -0.322204 -0.787085
vn -0.526006 -0.322204 -0.787085
vn -0.168028 0.453164 -0.875448
vn -0.377836 0.117915 -0.918333
vn -0.988501 -0.144352 0.045045
vn -0.988501 -0.144352 0.045045
vn -0.988501 -0.144352 0.045045
vn -0.308147 -0.951319 -0.006182
vn 0.458056 -0.793354 0.400967
vn 0.458056 -0.793354 0.400967
vn 0.365768 -0.369773 0.854097
vn -0.551197 -0.271087 0.789110
vn 0.562748 0.031170 -0.826041
vn 0.601892 -0.029728 -0.798024
vn -0.548369 0.037364 -0.835401
vn 0.644843 0.296695 -0.704379
vn 0.983004 -0.052375 -0.175952
vn 0.983004 -0.052375 -0.175952
vn 0.971910 -0.202029 -0.120731
vn 0.971910 -0.202029 -0.120731
vn 0.835527 -0.465403 0.292052
vn -0.543803 0.142966 -0.826945
vn -0.987839 0.009185 0.155211
vn -0.987839 0.009185 0.155211
vn 0.974934 -0.200429 0.096603
vn 0.974934 -0.200429 0.096603
vn 0.987943 -0.106746 0.112130
vn 0.987943 -0.106746 0.112130
vn 0.466804 0.109342 0.877575
vn -0.430997 0.214250 0.876549
vn -0.996158 0.028155 0.082923
vn -0.996158 0.028155 0.082923
vn -0.541032 -0.011668 -0.840921
vn 0.590552 -0.129759 -0.796499
vn -0.469931 -0.267738 0.841119
vn -0.662277 0.201638 0.721617
vn -0.478381 -0.037597 0.877347
vn 0.612859 0.104455 -0.783258
vn 0.837518 -0.545475 -0.031952
vn 0.484394 -0.381617 0.787230
vn 0.484394 -0.381617 0.787230
vn -0.954583 0.297912 0.004448
vn -0.485014 0.183675 -0.855000
vn -0.485014 0.183675 -0.855000
vn -0.997671 0.067003 0.012741
vn -0.180007 -0.866965 0.464725
vn -0.504191 -0.306620 0.807326
vn -0.998510 -0.023544 -0.049222
vn -0.634730 -0.599347 -0.487751
vn 0.223100 -0.390493 -0.893164
vn 0.223100 -0.390493 -0.893164
vn 0.764973 -0.640856 0.064196
vn 0.764973 -0.640856 0.064196
vn -0.484085 -0.328631 0.810964
vn -0.522413 -0.181965 0.833051
vn -0.995363 -0.061473 -0.073983
vn -0.494512 -0.200261 0.845786
vn 0.529251 -0.327527 0.782700
vn 0.529251 -0.327527 0.782700
vn 0.525023 -0.349541 0.775998
vn 0.525023 -0.349541 0.775998
vn 0.973192 -0.222171 -0.059472
vn 0.574769 -0.066171 -0.815636
vn 0.553209 -0.040105 -0.832077
vn 0.602816 0.217795 -0.767579
vn 0.999621 -0.027505 0.000959
vn 0.962680 -0.265470 -0.052666
vn 0.531922 -0.299310 0.792132
vn 0.531922 -0.299310 0.792132
vn 0.450313 -0.453028 0.769405
vn 0.450313 -0.453028 0.769405
vn -0.504119 0.105630 -0.857150
vn -0.504119 0.105630 -0.857150
vn -0.995743 -0.065717 -0.064627
vn -0.363045 0.292176 -0.884778
vn -0.363045 0.292176 -0.884778
vn -0.337415 0.217857 -0.915800
vn -0.337415 0.217857 -0.915800
vn -0.997660 0.048248 -0.048433
vn 0.392536 -0.403420 0.826540
vn 0.392536 -0.403420 0.826540
vn 0.946627 -0.322329 -0.001163
vn 0.999810 -0.019365 0.002049
vn -0.516358 -0.340727 0.785672
vn -0.438862 0.006181 0.898533
vn -0.499996 0.077473 -0.862555
vn -0.984414 0.069153 0.161699
vn -0.984414 0.069153 0.161699
vn 0.567425 -0.021858 -0.823135
vn -0.463569 -0.080438 0.882402
vn 0.397650 -0.204809 0.894387
vn 0.979518 -0.119577 0.162004
vn 0.979518 -0.119577 0.162004
vn 0.831805 -0.170417 -0.528260
vn 0.838381 0.122932 -0.531041
vn -0.082176 0.196999 -0.976954
vn -0.082176 0.196999 -0.976954
vn 0.801471 -0.149380 -0.579077
vn 0.602907 0.221403 -0.766475
vn -0.400162 0.228698 -0.887450
vn -0.400162 0.228698 -0.887450
vn 0.541564 -0.012795 -0.840562
vn -0.018109 0.070188 -0.997369
vn -0.882716 0.023322 -0.469328
vn -0.041544 0.106690 -0.993424
vn -0.041544 0.106690 -0.993424
vn -0.848111 -0.155548 0.506471
vn 0.152199 -0.238208 0.959215
vn 0.152199 -0.238208 0.959215
vn 0.923939 -0.176968 0.339144
vn 0.882577 -0.037780 -0.468647
vn -0.912462 0.010086 -0.409037
vn -0.133261 0.139532 -0.981210
vn -0.133261 0.139532 -0.981210
vn -0.807529 -0.182897 0.560755
vn 0.211369 -0.272368 0.938690
vn 0.211369 -0.272368 0.938690
vn 0.960688 -0.093595 0.261380
vn 0.840596 0.043145 -0.539941
vn -0.997833 -0.056529 -0.033680
vn -0.488150 0.225661 -0.843081
vn -0.488150 0.225661 -0.843081
vn -0.521033 -0.295133 0.800888
vn 0.516508 -0.310625 0.797954
vn 0.516508 -0.310625 0.797954
vn 0.993064 -0.091739 -0.073545
vn 0.640741 0.117873 -0.758655
vn -0.902832 -0.174557 0.392969
vn -0.845338 0.186026 -0.500797
vn -0.845338 0.186026 -0.500797
vn -0.123089 -0.440997 0.889028
vn 0.756594 -0.381516 0.531046
vn 0.756594 -0.381516 0.531046
vn 0.863909 0.013748 -0.503461
vn 0.136096 0.269601 -0.953306
vn -0.294985 -0.953721 0.058316
vn -0.294985 -0.953721 0.058316
vn 0.062492 -0.167853 0.983829
vn 0.467159 -0.380912 0.797915
vn -0.985921 -0.112165 -0.124010
vn -0.987683 -0.140690 0.068466
vn -0.995848 0.051142 -0.075314
vn 0.184486 0.923640 -0.335938
vn 0.056864 0.995451 -0.076441
vn 0.056864 0.995451 -0.076441
vn -0.455807 0.877360 0.149929
vn -0.340383 0.888178 0.308674
vn 0.702040 -0.335230 -0.628300
vn 0.783161 0.098544 -0.613961
vn 0.943239 -0.202961 -0.262883
vn 0.628268 -0.760741 -0.162948
vn 0.326236 -0.441081 -0.836073
vn 0.315353 0.076430 -0.945891
vn 0.454229 0.147308 -0.878622
vn 0.379103 0.399313 -0.834763
vn 0.342483 0.460195 -0.819101
vn 0.237911 0.352468 -0.905077
vn 0.113162 0.263455 -0.958011
vn 0.399919 0.525100 -0.751222
vn 0.057490 0.839330 -0.540574
vn 0.536346 0.840796 -0.073456
vn 0.536346 0.840796 -0.073456
vn 0.641728 0.766166 -0.034288
vn 0.641728 0.766166 -0.034288
vn 0.801349 0.367253 -0.472192
vn 0.999564 0.013953 -0.026022
vn 0.999809 -0.002220 -0.019409
vn 0.715309 0.561375 -0.416162
vn -0.240829 -0.356956 -0.902543
vn 0.397628 -0.003844 -0.917539
vn 0.640607 -0.024026 -0.767493
vn 0.356614 -0.316285 -0.879085
vn -0.174033 -0.381587 -0.907802
vn -0.153960 -0.255641 -0.954434
vn -0.080163 -0.056289 -0.995191
vn 0.997675 0.043179 0.052721
vn 0.971569 0.220067 0.087316
vn 0.971569 0.220067 0.087316
vn 0.926521 0.022704 -0.375557
vn -0.075457 0.997104 -0.009534
vn -0.323900 0.937892 0.124290
vn 0.150876 0.823056 -0.547553
vn 0.617121 0.259069 -0.742997
vn 0.938920 0.321261 0.123371
vn 0.938920 0.321261 0.123371
vn 0.978784 0.173778 0.108553
vn 0.978784 0.173778 0.108553
vn 0.948180 0.018410 -0.317198
vn 0.893036 -0.379328 -0.242070
vn 0.949527 -0.250517 -0.188782
vn 0.949527 -0.250517 -0.188782
vn 0.976954 -0.139309 -0.161724
vn 0.976954 -0.139309 -0.161724
vn 0.868213 -0.489998 -0.078151
vn 0.666077 -0.543191 -0.511160
vn 0.629262 -0.372563 -0.682075
vn -0.147924 0.206287 -0.967246
vn -0.106598 -0.051074 -0.992990
vn 0.028355 -0.164314 -0.986000
vn 0.045936 0.122361 -0.991422
vn 0.681668 0.360280 -0.636810
vn 0.758194 0.146857 -0.635275
vn 0.861541 0.075924 -0.501979
vn 0.686669 0.347857 -0.638343
vn 0.746457 -0.079055 -0.660721
vn 0.889982 0.019729 -0.455569
vn 0.983268 0.077343 0.164933
vn 0.983268 0.077343 0.164933
vn 0.975250 0.171837 0.139140
vn 0.975250 0.171837 0.139140
vn 0.989601 0.034211 -0.139715
vn 0.945135 0.231905 -0.230085
vn 0.498819 0.047574 -0.865399
vn 0.012447 0.593076 -0.805050
vn 0.466852 -0.010597 -0.884272
vn -0.053506 -0.528302 -0.847369
vn 0.348472 -0.490484 -0.798744
vn 0.278516 -0.591079 -0.757004
vn -0.092165 -0.073555 -0.993023
vn 0.987230 -0.145920 -0.063915
vn 0.965699 -0.228792 -0.122797
vn 0.973361 -0.174735 -0.148446
vn 0.972018 -0.087210 -0.218118
vn 0.464028 0.545682 -0.697789
vn 0.395632 0.474395 -0.786400
vn 0.257217 0.640748 -0.723381
vn 0.288087 0.651511 -0.701811
vn 0.489796 0.589386 -0.642436
vn 0.544633 0.533028 -0.647500
vn 0.771915 0.006844 -0.635689
vn 0.942429 0.024190 -0.333529
vn 0.603796 -0.177077 -0.777222
vn 0.559166 -0.077049 -0.825468
vn 0.760371 0.002301 -0.649485
vn 0.927047 0.092143 -0.363448
vn 0.821115 -0.013373 -0.570606
vn 0.848671 0.064137 -0.525019
vn 0.936999 0.037060 -0.347361
vn -0.176052 0.727679 -0.662940
vn -0.141867 0.675574 -0.723514
vn 0.322297 0.566768 -0.758221
vn 0.172873 0.375664 -0.910490
vn 0.565714 -0.118855 -0.815991
vn 0.389166 -0.076608 -0.917976
vn 0.515323 -0.194107 -0.834724
vn 0.687500 -0.115039 -0.717014
vn 0.510234 -0.181559 -0.840653
vn 0.300120 -0.233629 -0.924849
vn 0.241767 -0.200882 -0.949313
vn -0.040341 0.015045 -0.999073
vn 0.033712 0.217120 -0.975563
vn 0.252269 -0.054299 -0.966133
vn -0.217632 0.049669 -0.974766
vn 0.990562 0.070415 -0.117596
vn 0.997251 0.058695 -0.045216
vn 0.997251 0.058695 -0.045216
vn 0.971909 -0.234682 -0.017800
vn 0.971909 -0.234682 -0.017800
vn -0.067206 -0.304304 -0.950201
vn 0.617324 0.033603 -0.785991
vn 0.783222 0.457626 -0.420882
vn 0.557696 -0.091490 -0.824988
vn 0.546719 -0.081865 -0.833304
vn 0.476163 -0.091987 -0.874533
vn 0.375601 -0.296968 -0.877915
vn 0.370161 -0.140566 -0.918271
vn 0.459524 0.017159 -0.887999
vn 0.467560 -0.112686 -0.876749
vn 0.678168 -0.096872 -0.728494
vn 0.327210 -0.008694 -0.944912
vn 0.211452 -0.303948 -0.928926
vn -0.058279 -0.130676 -0.989711
vn -0.006190 -0.110532 -0.993853
vn 0.293820 0.066093 -0.953573
vn 0.494652 0.112266 -0.861809
vn 0.511980 0.031495 -0.858420
vn 0.356078 0.031313 -0.933931
vn 0.873045 0.316971 -0.370569
vn 0.827908 0.437295 -0.351201
vn 0.514071 -0.087448 -0.853278
vn 0.416197 -0.066271 -0.906856
vn 0.868512 0.486969 0.092457
vn 0.868512 0.486969 0.092457
vn 0.970780 0.203078 0.127849
vn 0.970780 0.203078 0.127849
vn 0.904025 0.351037 -0.243949
vn 0.904025 0.351037 -0.243949
vn 0.091644 -0.087784 -0.991915
vn -0.332084 0.019554 -0.943047
vn 0.355481 -0.148329 -0.922839
vn 0.535973 0.192865 -0.821910
vn 0.436901 0.602457 -0.667955
vn 0.372416 0.383991 -0.844901
vn 0.462983 0.141476 -0.875004
vn 0.216010 0.331709 -0.918318
vn 0.282529 0.283131 -0.916523
vn -0.405156 -0.056943 -0.912472
vn -0.033804 -0.085069 -0.995801
vn -0.115867 -0.065828 -0.991081
vn 0.484556 0.514804 -0.707236
vn 0.467592 0.441029 -0.766062
vn 0.537098 0.465281 -0.703590
vn 0.462900 0.393580 -0.794241
vn 0.697516 -0.085839 -0.711410
vn -0.395066 -0.353000 -0.848124
vn 0.026537 0.240778 -0.970217
vn -0.149738 -0.191953 -0.969914
vn 0.073186 -0.075030 -0.994492
vn 0.213970 0.251042 -0.944031
vn 0.147812 0.151072 -0.977409
vn -0.003024 0.203367 -0.979098
vn 0.284868 -0.214364 -0.934290
vn 0.439894 0.025626 -0.897684
vn 0.577367 -0.271156 -0.770144
vn 0.657064 -0.036236 -0.752963
vn 0.902804 -0.096913 -0.418990
vn 0.820489 -0.341933 -0.458126
vn 0.974305 -0.145937 -0.171556
vn 0.974182 -0.124880 -0.188079
vn 0.988374 -0.033891 -0.148214
vn 0.988374 -0.033891 -0.148214
vn 0.952594 -0.287876 0.098449
vn 0.952594 -0.287876 0.098449
vn 0.908841 -0.092845 -0.406679
vn 0.929561 -0.288998 0.228904
vn 0.923894 -0.352070 0.149890
vn 0.978540 -0.147758 0.143619
vn 0.978540 -0.147758 0.143619
vn 0.995100 0.011249 0.098231
vn 0.991442 0.127845 0.026429
vn 0.989540 -0.043498 0.137542
vn 0.954552 -0.241110 0.175206
vn 0.954552 -0.241110 0.175206
vn 0.990378 -0.110969 0.082693
vn 0.990378 -0.110969 0.082693
vn 0.987967 0.081396 -0.131511
vn 0.658153 -0.747407 -0.090654
vn 0.658153 -0.747407 -0.090654
vn 0.330859 0.635542 0.697581
vn 0.323060 0.798811 0.507477
vn 0.009887 0.975459 -0.219958
vn 0.009887 0.975459 -0.219958
vn 0.400574 0.857748 0.322194
vn 0.400574 0.857748 0.322194
vn 0.260789 0.639432 0.723268
vn 0.233978 0.853483 0.465640
vn 0.764783 0.341360 0.546425
vn 0.764174 0.349307 0.542239
vn 0.391169 0.699339 0.598257
vn 0.620783 0.505305 0.599413
vn 0.835157 0.358015 0.417538
vn -0.155152 0.972087 -0.175997
vn -0.398509 0.906384 0.140207
vn -0.399051 0.916910 0.005800
vn -0.075280 0.972035 -0.222443
vn 0.973100 0.178660 0.145454
vn 0.997279 0.064180 0.036274
vn 0.935130 0.094734 0.341406
vn 0.843349 0.375189 0.384702
vn -0.239138 0.902387 -0.358485
vn -0.429689 0.714236 -0.552480
vn -0.290625 0.488031 -0.823021
vn 0.110924 0.040740 -0.992994
vn 0.683413 -0.109356 -0.721795
vn -0.085282 0.040430 -0.995536
vn -0.456504 0.350528 -0.817762
vn 0.747713 -0.162500 -0.643831
vn 0.369892 -0.007209 -0.929047
vn 0.844501 -0.078487 -0.529772
vn 0.977318 -0.026882 0.210062
vn 0.568364 0.001609 -0.822776
vn 0.956636 -0.199772 -0.211987
vn 0.905339 -0.202458 -0.373326
vn -0.107064 0.388534 -0.915193
vn -0.217136 0.310326 -0.925500
vn -0.252348 0.713973 -0.653118
vn -0.390886 0.559291 -0.731028
vn -0.005368 -0.018484 -0.999815
vn 0.897339 -0.255689 -0.359731
vn 0.938111 -0.168525 -0.302568
vn 0.510693 -0.264106 -0.818193
vn 0.515705 -0.407264 -0.753780
vn -0.197868 0.601856 -0.773704
vn 0.009232 0.483974 -0.875033
vn -0.083821 0.635943 -0.767170
vn 0.612771 -0.393895 -0.685097
vn 0.166043 -0.254244 -0.952780
vn 0.231425 0.100751 -0.967622
vn 0.026206 0.438346 -0.898424
vn -0.058079 0.405307 -0.912334
vn 0.499385 -0.236488 -0.833479
vn 0.573027 0.134810 -0.808373
vn 0.180532 0.482746 -0.856950
vn -0.261445 0.024422 -0.964909
vn 0.955880 -0.131278 -0.262793
vn 0.556052 -0.830290 -0.037748
vn 0.394368 0.358732 0.846041
vn 0.240507 0.387917 0.889762
vn 0.339718 0.261036 0.903577
vn 0.355638 -0.079022 0.931277
vn 0.968227 -0.147928 0.201626
vn 0.531787 -0.184058 0.826635
vn 0.451823 0.099713 0.886517
vn 0.083316 0.138834 0.986805
vn 0.143096 0.037479 0.988999
vn -0.168539 -0.406040 0.898179
vn -0.095416 0.451757 0.887024
vn 0.271798 0.075934 0.959354
vn 0.197780 0.122226 0.972596
vn 0.479515 -0.122222 0.868981
vn 0.466662 -0.193134 0.863091
vn 0.248537 -0.270399 0.930115
vn 0.266284 -0.173329 0.948182
vn 0.334901 -0.542172 0.770643
vn 0.391291 -0.639540 0.661725
vn 0.935794 -0.117904 0.332247
vn 0.706228 -0.183809 0.683708
vn 0.579842 -0.519132 0.627921
vn 0.965969 -0.241902 0.091582
vn 0.913493 -0.145063 0.380115
vn 0.655905 0.079960 0.750596
vn 0.523409 0.278319 0.805346
vn 0.842061 0.166213 0.513134
vn 0.819932 0.124960 0.558657
vn 0.467735 0.317734 0.824784
vn 0.264364 0.316609 0.910972
vn 0.435422 0.069136 0.897568
vn 0.928428 -0.141719 0.343420
vn 0.849640 -0.362380 0.383136
vn 0.650480 -0.400233 0.645515
vn 0.752501 -0.226823 0.618299
vn 0.771086 -0.262426 0.580137
vn 0.485380 -0.411458 0.771433
vn 0.576182 -0.296814 0.761522
vn 0.486778 -0.223046 0.844570
vn 0.304123 -0.327327 0.894632
vn -0.557722 0.273435 0.783696
vn 0.548914 -0.541710 0.636587
vn 0.974858 -0.216228 -0.053830
vn 0.246171 0.501581 0.829347
vn 0.264528 0.585517 0.766286
vn 0.402950 0.451197 0.796274
vn 0.292416 0.398516 0.869297
vn -0.051349 0.539081 0.840687
vn 0.185720 0.292824 0.937956
vn -0.129997 -0.542678 0.829820
vn -0.400223 -0.657036 0.638847
vn 0.293258 -0.624277 0.724070
vn -0.089280 -0.276738 0.956789
vn -0.000847 -0.176620 0.984279
vn 0.478780 -0.125351 0.868940
vn 0.172457 -0.217435 0.960719
vn 0.294029 0.228616 0.928052
vn -0.062563 0.312332 0.947911
vn 0.044252 0.142223 0.988845
vn -0.040301 0.188505 0.981245
vn 0.418500 -0.594266 0.686808
vn 0.249855 -0.138925 0.958265
vn 0.929068 -0.114390 0.351777
vn 0.742468 -0.105842 0.661467
vn 0.988540 -0.133644 0.070206
vn 0.566333 0.158215 0.808848
vn 0.411975 0.186504 0.891904
vn 0.816604 0.098164 0.568789
vn 0.336897 0.126536 0.933000
vn 0.643494 0.400134 0.652539
vn 0.246807 -0.121929 0.961364
vn -0.556528 -0.161890 0.814904
vn 0.996392 -0.036186 0.076774
vn -0.035787 -0.413803 0.909663
vn 0.312672 -0.040809 0.948984
vn 0.097147 -0.229823 0.968372
vn -0.341827 -0.535320 0.772390
vn -0.160221 -0.487142 0.858500
vn -0.212378 -0.229657 0.949817
vn 0.199321 -0.246693 0.948374
vn -0.510432 -0.540779 0.668594
vn -0.136118 0.261827 0.955468
vn -0.367773 0.241022 0.898138
vn 0.002258 0.097813 0.995202
vn 0.217560 0.177322 0.959804
vn 0.283142 0.114915 0.952169
vn 0.047838 0.284599 0.957452
vn 0.001148 0.258368 0.966046
vn 0.099209 0.175118 0.979536
vn 0.540511 -0.055909 0.839477
vn 0.268955 -0.079585 0.959859
vn 0.300577 -0.065794 0.951485
vn 0.368624 -0.079705 0.926155
vn 0.139285 -0.075275 0.987387
vn -0.014015 -0.063674 0.997872
vn -0.493219 -0.144345 0.857846
vn -0.119129 -0.097930 0.988037
vn 0.023159 0.091771 0.995511
vn 0.421195 -0.156975 0.893283
vn -0.136102 -0.148506 0.979501
vn 0.361236 -0.112431 0.925671
vn 0.508585 -0.119399 0.852693
vn 0.357154 0.534680 0.765871
vn -0.071889 0.323917 0.943350
vn 0.972987 0.183905 -0.139557
vn -0.600326 -0.751207 0.274404
vn -0.306259 -0.931581 -0.195862
vn -0.306259 -0.931581 -0.195862
vn -0.459863 -0.419275 -0.782773
vn 0.164951 0.216486 -0.962250
vn 0.164951 0.216486 -0.962250
vn -0.156901 -0.181713 -0.970754
vn -0.240380 -0.247678 -0.938549
vn -0.172197 -0.127927 -0.976720
vn -0.366933 -0.455821 -0.810918
vn -0.039973 -0.334714 0.941472
vn -0.625528 -0.698786 0.347006
vn -0.500745 -0.783385 0.368189
vn 0.075267 -0.289871 0.954102
vn -0.184658 -0.129637 0.974215
vn -0.184658 -0.129637 0.974215
vn -0.184658 -0.129637 0.974215
vn -0.852592 -0.418708 0.312683
vn -0.852592 -0.418708 0.312683
vn 0.539006 0.238044 0.807965
vn 0.587613 0.267875 0.763515
vn 0.587613 0.267875 0.763515
vn -0.738493 -0.634774 -0.227356
vn -0.738493 -0.634774 -0.227356
vn -0.881591 -0.441000 -0.168277
vn -0.881591 -0.441000 -0.168277
vn -0.881591 -0.441000 -0.168277
vn -0.761459 -0.249365 -0.598328
vn -0.761459 -0.249365 -0.598328
vn -0.761459 -0.249365 -0.598328
vn 0.444037 0.544830 0.711331
vn 0.228492 0.369252 0.900802
vn 0.078208 -0.138532 0.987265
vn -0.400209 -0.341304 0.850497
vn -0.387456 -0.702781 0.596638
vn -0.392732 -0.767972 0.505946
vn -0.369886 -0.655709 -0.658202
vn -0.379993 -0.576287 -0.723532
vn -0.548344 -0.743706 -0.382388
vn -0.498077 -0.766920 -0.404665
vn -0.307770 -0.671850 -0.673718
vn 0.141574 -0.174153 -0.974488
vn 0.048269 -0.162208 -0.985575
vn -0.041414 -0.133191 -0.990225
vn 0.442805 0.293356 -0.847270
vn 0.318930 0.298492 -0.899548
vn -0.527503 -0.672039 0.519716
vn -0.020922 -0.063636 0.997754
vn -0.525324 -0.824906 -0.208720
vn -0.525324 -0.824906 -0.208720
vn -0.576490 -0.800311 -0.164810
vn -0.576490 -0.800311 -0.164810
vn -0.060743 -0.255552 0.964885
vn 0.001778 -0.288251 0.957553
vn -0.464330 -0.763631 0.448627
vn -0.572837 -0.708155 0.412764
vn 0.375886 0.131135 0.917340
vn 0.629541 0.400356 0.665878
vn 0.444346 0.226414 0.866772
vn -0.338665 -0.291268 -0.894689
vn -0.347548 -0.408241 -0.844127
vn -0.202470 -0.092470 -0.974913
vn -0.187349 0.033533 -0.981721
vn -0.433497 -0.236073 -0.869684
vn -0.755832 -0.627008 -0.188625
vn -0.755832 -0.627008 -0.188625
vn -0.591150 -0.782536 -0.195396
vn -0.591150 -0.782536 -0.195396
vn -0.554926 -0.808397 -0.196343
vn -0.554926 -0.808397 -0.196343
vn -0.736409 -0.579683 0.348811
vn -0.273654 -0.494329 0.825077
vn -0.597491 -0.755250 -0.269447
vn -0.597491 -0.755250 -0.269447
vn 0.029789 0.009473 -0.999511
vn 0.289930 0.493022 -0.820286
vn 0.291051 0.248551 -0.923857
vn 0.096824 -0.214339 -0.971949
vn -0.393815 -0.435889 -0.809265
vn -0.349418 -0.487329 -0.800261
vn -0.225035 -0.075735 0.971403
vn -0.649206 -0.608290 0.456634
vn -0.695334 -0.610030 0.379966
vn -0.048640 -0.189286 0.980717
vn -0.599633 -0.795387 -0.088315
vn -0.599633 -0.795387 -0.088315
vn -0.667697 -0.720373 -0.187732
vn -0.667697 -0.720373 -0.187732
vn -0.644629 -0.631268 -0.431224
vn -0.644629 -0.631268 -0.431224
vn -0.576279 -0.669799 -0.468264
vn -0.487098 -0.723992 -0.488437
vn -0.633261 -0.690237 -0.350076
vn -0.633261 -0.690237 -0.350076
vn 0.438529 -0.264458 -0.858926
vn 0.495797 -0.284298 -0.820585
vn 0.205936 -0.368986 -0.906333
vn 0.451033 0.084129 -0.888533
vn 0.271950 -0.241663 -0.931473
vn -0.003204 -0.912058 -0.410048
vn -0.352777 -0.691630 -0.630235
vn -0.760842 -0.580587 -0.289892
vn -0.760842 -0.580587 -0.289892
vn 0.502564 0.692108 0.518089
vn 0.579177 0.512919 0.633616
vn 0.432005 0.490161 0.757043
vn 0.427628 0.479850 0.766080
vn -0.387820 -0.433509 -0.813428
vn 0.043466 -0.236171 -0.970739
vn -0.787594 -0.540213 0.296422
vn -0.618337 -0.646751 0.446512
vn -0.288994 -0.088217 0.953258
vn -0.716539 -0.449158 0.533694
vn -0.840970 -0.426487 -0.332984
vn -0.840970 -0.426487 -0.332984
vn -0.661534 -0.420773 -0.620744
vn -0.661534 -0.420773 -0.620744
vn 0.275689 0.056578 0.959580
vn -0.032664 0.519594 0.853789
vn 0.309124 0.383498 0.870271
vn 0.012058 -0.026511 0.999576
vn 0.236300 0.132519 0.962601
vn 0.589094 0.244008 0.770343
vn 0.493484 0.665377 0.560132
vn 0.493484 0.665377 0.560132
vn 0.346886 0.209329 -0.914249
vn -0.180065 -0.042161 -0.982751
vn -0.056578 0.032278 -0.997876
vn -0.056862 0.236383 -0.969995
vn -0.056862 0.236383 -0.969995
vn -0.056862 0.236383 -0.969995
vn 0.696596 0.532303 -0.481048
vn 0.696596 0.532303 -0.481048
vn 0.783844 0.612585 0.101626
vn 0.678886 0.545487 -0.491485
vn 0.796349 0.496299 0.345709
vn 0.808856 0.577168 -0.112378
vn 0.256910 0.066260 -0.964161
vn 0.496875 0.014147 -0.867707
vn 0.129957 0.223304 -0.966047
vn 0.271466 0.162778 -0.948583
vn 0.483232 0.120462 -0.867165
vn 0.438671 0.369945 -0.818968
vn 0.607176 0.568519 -0.555089
vn 0.614293 0.635644 -0.467548
vn 0.592494 0.284018 0.753847
vn 0.584231 0.527877 0.616457
vn 0.289384 0.540892 -0.789742
vn -0.093821 0.028316 -0.995186
vn 0.589253 0.483832 -0.647061
vn 0.593589 0.758166 -0.269882
vn 0.642312 0.578684 0.502554
vn 0.642312 0.578684 0.502554
vn 0.522732 0.577357 0.627224
vn 0.522732 0.577357 0.627224
vn 0.556951 0.824897 -0.096699
vn 0.836108 0.543068 0.077462
vn 0.836108 0.543068 0.077462
vn 0.725917 0.494087 0.478459
vn 0.520499 0.356646 0.775812
vn 0.698848 0.467961 0.540948
vn 0.375964 0.776663 -0.505417
vn 0.450198 0.884378 -0.123275
vn 0.152644 0.741213 -0.653684
vn 0.580293 0.701714 0.413350
vn 0.580293 0.701714 0.413350
vn 0.589325 0.681085 0.434533
vn 0.589325 0.681085 0.434533
vn 0.635928 0.768696 -0.068569
vn 0.636030 0.749872 0.182095
vn 0.573758 0.814537 0.085619
vn 0.450725 0.881454 -0.141018
vn 0.610984 0.388840 0.689567
vn 0.856723 0.478727 0.191955
vn 0.856723 0.478727 0.191955
vn 0.911910 0.408964 0.034188
vn 0.911910 0.408964 0.034188
vn 0.527475 0.378133 0.760780
vn 0.597090 0.674297 0.434520
vn 0.597090 0.674297 0.434520
vn 0.700754 0.604221 0.379290
vn 0.700754 0.604221 0.379290
vn 0.706195 0.528203 -0.471477
vn 0.768755 0.336602 -0.543798
vn 0.856497 0.463089 -0.227949
vn 0.761948 0.634488 -0.129850
vn 0.708837 0.686158 0.163515
vn 0.459781 0.867674 -0.189058
vn 0.530246 0.844207 -0.078450
vn 0.485012 0.633409 0.602956
vn 0.485012 0.633409 0.602956
vn 0.079436 0.510279 -0.856332
vn 0.017148 0.415231 -0.909554
vn 0.851492 0.515251 0.097349
vn 0.851492 0.515251 0.097349
vn 0.089395 0.350288 -0.932366
vn 0.288029 0.469344 -0.834719
vn 0.443097 0.223306 0.868216
vn 0.670107 0.732883 -0.117637
vn 0.670107 0.732883 -0.117637
vn 0.767713 0.619256 0.164739
vn 0.767713 0.619256 0.164739
vn 0.486344 0.799731 -0.351994
vn 0.513545 0.772671 -0.373164
vn 0.547403 0.708804 -0.444912
vn 0.626916 0.750390 -0.209502
vn 0.645903 0.762359 0.040225
vn 0.564085 0.533029 -0.630625
vn 0.564085 0.533029 -0.630625
vn 0.569957 0.426158 -0.702522
vn 0.472226 0.854366 -0.216936
vn 0.635781 0.660945 0.398664
vn 0.635781 0.660945 0.398664
vn -0.378216 0.060214 -0.923757
vn -0.344580 -0.200894 -0.917009
vn -0.337361 -0.280918 -0.898484
vn 0.123835 0.135505 -0.983007
vn -0.217994 -0.178542 -0.959480
vn 0.646303 0.757251 -0.094148
vn 0.688063 0.716365 -0.115714
vn 0.474703 0.656451 -0.586285
vn 0.606759 0.745207 -0.276603
vn 0.763534 0.250884 -0.595040
vn 0.616509 -0.293041 -0.730783
vn 0.559719 0.687475 -0.462702
vn -0.722598 -0.533865 -0.439136
vn -0.688999 -0.569923 -0.447737
vn -0.643048 -0.424722 -0.637260
vn -0.756796 -0.553529 -0.347658
vn -0.546666 -0.303127 -0.780558
vn 0.161091 -0.210709 -0.964184
vn -0.161340 -0.802862 -0.573917
vn -0.614513 -0.567027 -0.548501
vn -0.553920 -0.541463 -0.632448
vn -0.528285 -0.497533 -0.688023
vn -0.685004 -0.421079 -0.594527
vn -0.446963 -0.116814 -0.886892
vn -0.642694 -0.393020 -0.657632
vn -0.765951 -0.390287 -0.510877
vn 0.841802 -0.317500 -0.436536
vn 0.642395 -0.409206 -0.647980
vn 0.362972 -0.639039 -0.678144
vn 0.661145 -0.432509 -0.613044
vn 0.893029 0.026478 -0.449219
vn 0.928393 0.009172 -0.371486
vn 0.789446 -0.058043 -0.611070
vn 0.874240 0.005428 -0.485463
vn 0.913629 -0.133980 -0.383837
vn 0.991894 -0.125439 -0.020274
vn 0.991894 -0.125439 -0.020274
vn 0.980904 0.144742 -0.129914
vn 0.980904 0.144742 -0.129914
vn 0.880014 0.056906 -0.471527
vn 0.850408 0.004328 -0.526107
vn -0.849610 0.104298 -0.516996
vn -0.816302 0.162512 -0.554293
vn -0.712007 0.330576 -0.619488
vn -0.728609 0.157732 -0.666520
vn -0.708527 0.387348 -0.589874
vn -0.040406 0.631872 -0.774019
vn 0.060627 0.472294 -0.879353
vn 0.883815 0.421035 -0.203965
vn 0.945499 0.079316 -0.315817
vn 0.763940 0.164150 -0.624060
vn 0.763940 0.164150 -0.624060
vn 0.701842 0.455703 -0.547497
vn 0.849748 0.499764 -0.167820
vn 0.963525 0.262973 0.049650
vn 0.925330 0.370626 0.080001
vn -0.982149 -0.126951 -0.138803
vn -0.982149 -0.126951 -0.138803
vn -0.829702 -0.052583 0.555725
vn -0.780297 -0.306388 0.545219
vn -0.964555 -0.261198 -0.037537
vn -0.964555 -0.261198 -0.037537
vn -0.995404 0.022285 -0.093137
vn -0.901465 0.160813 0.401871
vn -0.999434 -0.026722 -0.020443
vn -0.999434 -0.026722 -0.020443
vn -0.999434 -0.026722 -0.020443
vn -0.971857 0.002229 -0.235561
vn -0.971857 0.002229 -0.235561
vn -0.895869 -0.242026 -0.372616
vn -0.960838 -0.214540 0.175395
vn -0.960838 -0.214540 0.175395
vn -0.998096 0.053759 -0.030230
vn -0.965738 0.058788 -0.252771
vn -0.887293 -0.040413 0.459431
vn -0.887293 -0.040413 0.459431
vn -0.946354 0.070165 0.315422
vn 0.995806 -0.076609 -0.050018
vn 0.995806 -0.076609 -0.050018
vn 0.982009 -0.161487 -0.097885
vn 0.940551 -0.043709 -0.336829
vn 0.946054 -0.021642 -0.323286
vn 0.946054 -0.021642 -0.323286
vn 0.859154 -0.091636 -0.503446
vn 0.657530 -0.041530 -0.752283
vn 0.762539 -0.004999 -0.646922
vn -0.666804 0.033862 -0.744463
vn -0.672855 0.106145 -0.732120
vn -0.672855 0.106145 -0.732120
vn 0.212322 0.105410 -0.971498
vn 0.212322 0.105410 -0.971498
vn 0.208929 0.022075 -0.977682
vn -0.654949 -0.095615 -0.749600
vn -0.811755 -0.084074 -0.577915
vn -0.761784 0.040374 -0.646572
vn -0.964234 -0.264417 0.018369
vn -0.964234 -0.264417 0.018369
vn -0.815260 -0.174200 -0.552273
vn -0.788389 -0.220273 -0.574389
vn -0.909079 -0.379846 0.171150
vn -0.909079 -0.379846 0.171150
vn -0.797368 -0.400223 -0.451692
vn 0.999544 0.030047 -0.002846
vn 0.945257 -0.058860 0.320974
vn 0.967375 -0.144080 0.208391
vn 0.967375 -0.144080 0.208391
vn 0.967375 -0.144080 0.208391
vn 0.902619 0.104568 0.417545
vn 0.855121 0.255130 0.451305
vn -0.891638 0.274940 -0.359708
vn -0.901587 0.249465 -0.353423
vn -0.878033 0.061873 -0.474583
vn -0.970952 0.236724 0.034850
vn -0.994376 0.105745 -0.005935
vn -0.974209 0.136382 -0.179768
vn -0.940924 0.274533 -0.198225
vn 0.785547 -0.618381 -0.022815
vn 0.469772 -0.770414 -0.431018
vn 0.842749 -0.483174 -0.237314
vn 0.883081 -0.464308 0.067718
vn -0.024076 -0.981030 -0.192356
vn -0.346812 -0.332457 -0.877037
vn 0.396926 0.008784 -0.917808
vn 0.400984 -0.006307 -0.916064
vn 0.871745 -0.101138 -0.479408
vn 0.812000 0.212962 -0.543418
vn 0.156595 0.018035 -0.987498
vn 0.349088 -0.049377 -0.935788
vn 0.389025 -0.398285 -0.830680
vn -0.173492 -0.099492 -0.979797
vn 0.312168 -0.163414 -0.935867
vn 0.517949 -0.143809 -0.843237
vn 0.708629 -0.338610 -0.619023
vn 0.474995 -0.858992 -0.191085
vn 0.506693 -0.842255 0.184035
vn 0.519306 -0.635569 -0.571291
vn 0.277084 -0.174428 -0.944881
vn 0.485171 -0.152238 -0.861065
vn 0.275955 -0.139163 -0.951043
vn 0.357109 -0.199976 -0.912405
vn 0.388098 -0.170259 -0.905755
vn 0.904562 0.426225 0.010023
vn 0.904562 0.426225 0.010023
vn 0.998547 -0.032713 -0.042821
vn 0.998547 -0.032713 -0.042821
vn 0.206034 -0.155110 -0.966173
vn 0.051790 -0.130285 -0.990123
vn -0.711860 -0.213929 -0.668947
vn -0.812396 -0.199597 -0.547882
vn -0.572263 -0.143475 -0.807422
vn -0.805436 -0.069452 -0.588599
vn 0.893654 0.100605 -0.437334
vn 0.893328 0.205502 -0.399667
vn 0.897902 0.187875 -0.398088
vn 0.940292 0.068163 -0.333473
vn 0.997084 0.065811 0.038623
vn 0.977827 0.194115 -0.078568
vn 0.481412 0.067751 -0.873872
vn 0.244362 0.112135 -0.963179
vn 0.005255 0.066873 -0.997748
vn -0.040338 0.036747 -0.998510
vn 0.081177 -0.071854 -0.994106
vn 0.676904 -0.037891 -0.735095
vn 0.813693 0.090381 -0.574226
vn 0.658593 0.208863 -0.722932
vn -0.716567 -0.234150 -0.657043
vn -0.811984 -0.190224 -0.551812
vn -0.970204 -0.221811 -0.097487
vn -0.970204 -0.221811 -0.097487
vn -0.881866 -0.452529 -0.132403
vn -0.881866 -0.452529 -0.132403
vn 0.977763 0.062747 -0.200104
vn 0.897220 0.025306 -0.440858
vn 0.750636 0.249478 -0.611806
vn 0.924403 0.009478 -0.381299
vn 0.989182 0.094677 0.112050
vn 0.989182 0.094677 0.112050
vn 0.990759 0.076834 0.111770
vn 0.990759 0.076834 0.111770
vn 0.937397 -0.174241 -0.301540
vn 0.959336 -0.097068 -0.265051
vn 0.711392 -0.203248 -0.672764
vn 0.833419 -0.155586 -0.530289
vn 0.175127 0.077840 -0.981464
vn -0.087695 0.119149 -0.988996
vn 0.429413 0.125560 -0.894337
vn 0.559324 -0.182875 -0.808526
vn -0.668055 0.093518 -0.738212
vn -0.897897 -0.114670 -0.425008
vn -0.897897 -0.114670 -0.425008
vn -0.987895 -0.106530 -0.112759
vn -0.987895 -0.106530 -0.112759
vn -0.740668 0.051562 -0.669890
vn 0.907463 0.008521 -0.420046
vn 0.994505 -0.089324 0.054601
vn 0.278499 -0.173605 -0.944616
vn 0.783239 -0.133215 -0.607282
vn 0.770596 -0.057698 -0.634707
vn -0.966734 -0.223702 -0.124031
vn -0.966734 -0.223702 -0.124031
vn -0.810749 -0.153012 -0.565042
vn -0.635740 -0.048736 -0.770363
vn -0.830210 0.049420 -0.555256
vn 0.943888 -0.104378 -0.313337
vn 0.984567 -0.148226 0.093044
vn 0.794942 -0.146484 -0.588735
vn -0.567406 -0.221621 -0.793054
vn -0.746664 -0.417427 -0.517927
vn -0.538833 -0.395364 -0.743873
vn 0.005452 -0.343377 -0.939182
vn -0.033272 -0.087756 -0.995586
vn -0.976462 -0.145694 -0.159042
vn -0.976462 -0.145694 -0.159042
vn 0.919243 0.156096 -0.361424
vn 0.708857 0.353834 -0.610183
vn 0.628394 -0.174290 -0.758119
vn 0.802636 -0.030084 -0.595710
vn 0.754696 -0.124433 -0.644167
vn 0.907260 -0.106316 -0.406910
vn 0.450244 0.288034 -0.845172
vn 0.430985 0.134280 -0.892312
vn -0.733337 -0.677758 0.053491
vn -0.733337 -0.677758 0.053491
vn 0.113057 0.245329 -0.962825
vn 0.235563 -0.028920 -0.971429
vn -0.170158 -0.676263 -0.716739
vn -0.449400 -0.041078 -0.892385
vn -0.598165 -0.059080 -0.799192
vn -0.138306 -0.000792 -0.990389
vn -0.226672 -0.087089 -0.970070
vn -0.313109 -0.000112 -0.949717
vn 0.073435 -0.090241 -0.993209
vn -0.016492 -0.123917 -0.992156
vn 0.034546 -0.358994 -0.932700
vn 0.423380 -0.268998 -0.865095
vn -0.065907 -0.048355 -0.996653
vn 0.337673 -0.064545 -0.939048
vn -0.483870 -0.180457 -0.856333
vn 0.515338 0.253957 -0.818494
vn -0.521802 -0.051024 -0.851539
vn -0.530419 -0.032301 -0.847120
vn -0.706260 -0.056974 -0.705656
vn -0.700703 -0.251017 -0.667837
vn -0.540454 0.063538 -0.838971
vn -0.840330 -0.154013 -0.519735
vn -0.740744 -0.227686 -0.632027
vn -0.762393 -0.197117 -0.616362
vn -0.843686 -0.058919 -0.533593
vn -0.722007 -0.176205 -0.669072
vn -0.966430 -0.074304 -0.245950
vn -0.806245 -0.084115 -0.585572
vn -0.806835 -0.185108 -0.561028
vn -0.603533 -0.259186 -0.754036
vn -0.445426 -0.297048 -0.844605
vn -0.849234 -0.277838 -0.449007
vn -0.938138 -0.266514 -0.221061
vn -0.901719 -0.240394 -0.359323
vn 0.887499 0.269093 -0.374078
vn 0.892496 0.279485 -0.354033
vn 0.091091 0.116959 -0.988950
vn -0.055656 0.102372 -0.993188
vn -0.496305 -0.036069 -0.867399
vn -0.559908 -0.177794 -0.809254
vn 0.261798 -0.093512 -0.960582
vn -0.736113 -0.208975 -0.643791
vn 0.571406 -0.048379 -0.819240
vn 0.697088 -0.022592 -0.716630
vn 0.885797 -0.077630 -0.457534
vn 0.859890 -0.129044 -0.493899
vn 0.617833 -0.097253 -0.780272
vn -0.681022 -0.251956 -0.687552
vn 0.979127 0.159053 0.126544
vn 0.979127 0.159053 0.126544
vn 0.944645 0.327829 -0.013215
vn 0.944645 0.327829 -0.013215
vn 0.592497 -0.282394 -0.754454
vn 0.925297 0.285286 -0.249877
vn 0.964944 0.215065 -0.150431
vn 0.803141 0.115077 -0.584570
vn 0.835266 0.299885 -0.460869
vn 0.929695 0.292079 -0.224404
vn 0.933015 0.357279 0.042827
vn 0.933015 0.357279 0.042827
vn -0.109783 0.091562 -0.989729
vn -0.217646 0.124017 -0.968117
vn -0.400717 0.068167 -0.913662
vn -0.169356 0.114106 -0.978927
vn 0.420085 0.189347 -0.887511
vn 0.380688 0.303200 -0.873582
vn -0.296373 0.109766 -0.948744
vn -0.398847 0.113799 -0.909929
vn -0.469791 -0.051956 -0.881248
vn -0.447406 0.045303 -0.893183
vn -0.386284 0.114091 -0.915297
vn -0.490926 0.072292 -0.868197
vn -0.930226 -0.157526 0.331458
vn -0.992363 -0.121069 -0.023636
vn -0.898767 -0.297156 -0.322359
vn -0.898767 -0.297156 -0.322359
vn -0.905492 0.008936 0.424269
vn -0.958795 -0.046004 0.280351
vn -0.955368 -0.271449 0.116565
vn -0.962740 -0.197265 0.184980
vn -0.931518 -0.204692 -0.300626
vn -0.931518 -0.204692 -0.300626
vn -0.933940 -0.273846 0.229703
vn -0.966221 -0.249708 0.063745
vn -0.966221 -0.249708 0.063745
vn -0.911333 -0.326189 0.251143
vn -0.911333 -0.326189 0.251143
vn -0.746970 -0.240211 0.619948
vn -0.880027 -0.180379 0.439336
vn -0.714594 -0.661820 0.226604
vn -0.816199 -0.346908 0.462032
vn -0.950459 -0.229488 0.209673
vn -0.950459 -0.229488 0.209673
vn -0.864736 -0.317709 -0.388963
vn -0.788280 0.073029 -0.610968
vn -0.788280 0.073029 -0.610968
vn 0.768281 0.037590 -0.639008
vn 0.768281 0.037590 -0.639008
vn 0.937753 0.296381 -0.181044
vn 0.937753 0.296381 -0.181044
vn 0.784708 0.315534 0.533546
vn 0.727269 0.570111 0.382169
vn 0.842897 0.336795 0.419636
vn 0.800457 0.242129 0.548309
vn 0.750206 -0.179139 0.636474
vn 0.750206 -0.179139 0.636474
vn 0.785872 -0.277473 0.552642
vn 0.945204 -0.279028 0.169508
vn 0.945204 -0.279028 0.169508
vn 0.955265 -0.295321 0.015961
vn 0.955265 -0.295321 0.015961
vn 0.944181 -0.234355 -0.231516
vn 0.803721 -0.256369 0.536943
vn 0.815623 0.002781 0.578577
vn 0.774435 0.098420 0.624951
vn 0.791052 -0.129388 0.597910
vn 0.748393 0.130020 0.650387
vn 0.888357 0.285701 0.359440
vn 0.992062 0.086138 0.091616
vn 0.992062 0.086138 0.091616
vn 0.947207 0.054336 0.315984
vn 0.921212 0.191772 0.338514
vn 0.976390 0.178929 0.121028
vn 0.976390 0.178929 0.121028
vn 0.989487 -0.082646 0.118680
vn 0.989487 -0.082646 0.118680
vn 0.795107 0.181549 0.578658
vn 0.835505 -0.047667 0.547411
vn 0.971797 0.002003 0.235811
vn 0.971797 0.002003 0.235811
vn 0.999270 0.013535 0.035719
vn 0.884057 -0.117699 0.452316
vn 0.986106 -0.130369 0.102954
vn 0.986106 -0.130369 0.102954
vn 0.899785 -0.118879 0.419827
vn 0.998486 -0.017809 0.052052
vn 0.998486 -0.017809 0.052052
vn 0.878805 -0.211444 0.427776
vn 0.951517 0.295336 0.085978
vn 0.951517 0.295336 0.085978
vn 0.994001 0.095162 -0.053915
vn 0.994001 0.095162 -0.053915
vn 0.959553 0.263897 0.098062
vn 0.983500 0.180826 -0.005503
vn 0.947214 -0.124304 -0.295523
vn 0.976207 -0.199463 -0.085056
vn -0.751612 -0.211552 -0.624760
vn -0.673933 -0.457968 0.579724
vn -0.838820 0.039777 -0.542954
vn -0.838820 0.039777 -0.542954
vn -0.723194 -0.039333 -0.689524
vn -0.476288 -0.151535 -0.866134
vn -0.361612 -0.191404 -0.912470
vn -0.559310 -0.170398 -0.811257
vn -0.326753 -0.212933 -0.920810
vn -0.770612 -0.106806 -0.628291
vn -0.949329 -0.034826 -0.312349
vn -0.949329 -0.034826 -0.312349
vn -0.373015 -0.124271 -0.919466
vn -0.919056 0.270859 0.286307
vn 0.610627 -0.101431 -0.785395
vn 0.882764 0.004979 -0.469790
vn 0.987149 -0.124920 -0.099656
vn 0.987149 -0.124920 -0.099656
vn 0.995779 0.047479 0.078543
vn 0.987775 -0.000425 0.155883
vn 0.712252 0.251989 -0.655132
vn 0.766316 0.022656 -0.642065
vn 0.265396 0.114621 -0.957302
vn 0.204138 0.297788 -0.932550
vn 0.995012 -0.010626 -0.099190
vn 0.995012 -0.010626 -0.099190
vn 0.987060 0.157683 0.029137
vn 0.862541 0.109031 -0.494100
vn -0.328922 0.031483 -0.943832
vn 0.493089 0.206365 -0.845149
vn 0.954595 0.297355 0.018120
vn 0.954595 0.297355 0.018120
vn -0.029227 -0.033906 -0.998998
vn -0.383768 0.177993 -0.906113
vn -0.273872 0.086278 -0.957888
vn 0.770291 0.338109 -0.540680
vn 0.780376 0.527190 0.336280
vn 0.846549 0.383644 0.369015
vn 0.849064 0.360446 0.386225
vn 0.853014 0.270752 0.446161
vn -0.378728 0.377733 0.844916
vn -0.330993 0.323115 0.886589
vn -0.645480 0.242245 0.724343
vn -0.712085 0.246960 0.657226
vn -0.592764 0.261845 0.761622
vn 0.116487 0.481627 0.868600
vn -0.221988 0.167952 0.960476
vn -0.227511 -0.134243 0.964478
vn -0.383312 0.314541 0.868410
vn 0.051493 0.347331 0.936328
vn 0.142585 0.223749 0.964161
vn 0.386588 -0.034251 0.921616
vn 0.360924 0.259608 0.895733
vn -0.255611 -0.031089 0.966280
vn -0.255611 -0.031089 0.966280
vn -0.639246 -0.101649 0.762254
vn -0.188335 -0.102933 0.976696
vn -0.344579 0.105843 0.932772
vn 0.382066 -0.120563 0.916237
vn 0.382066 -0.120563 0.916237
vn 0.637268 -0.229824 0.735574
vn 0.588708 -0.056872 0.806343
vn 0.462775 -0.277322 0.841981
vn -0.074609 -0.481094 0.873488
vn 0.214292 -0.019792 0.976569
vn 0.135084 -0.355913 0.924704
vn 0.048830 -0.457081 0.888084
vn -0.580676 -0.432264 0.689901
vn 0.643299 0.178120 0.744607
vn 0.687110 0.135039 0.713894
vn 0.536889 -0.140618 0.831851
vn 0.626319 0.022356 0.779246
vn -0.504438 -0.264000 0.822098
vn -0.604596 -0.142865 0.783615
vn -0.013498 -0.167040 0.985858
vn -0.058257 -0.141931 0.988161
vn 0.012419 -0.034843 0.999316
vn -0.554019 -0.130397 0.822228
vn 0.314691 -0.118567 0.941760
vn -0.258467 -0.147327 0.954720
vn 0.719221 0.209181 0.662544
vn 0.068638 -0.090047 0.993570
vn 0.477233 0.164265 0.863288
vn -0.727462 0.138836 0.671955
vn -0.765698 0.033792 0.642312
vn -0.548993 0.235105 0.802080
vn -0.841146 0.069471 0.536328
vn 0.473777 0.510218 0.717783
vn 0.523484 0.487722 0.698635
vn -0.248627 0.531400 0.809814
vn 0.013386 0.423527 0.905785
vn 0.643220 0.539728 0.543105
vn 0.303933 0.536363 0.787362
vn 0.545280 0.414891 0.728378
vn 0.064201 0.338598 0.938738
vn 0.966964 0.030042 0.253138
vn 0.980137 0.083692 0.179795
vn 0.697279 0.071096 0.713266
vn 0.842882 -0.137766 0.520163
vn 0.774600 0.175317 0.607666
vn 0.313998 -0.361014 0.878108
vn 0.692978 -0.260625 0.672203
vn 0.586607 -0.085822 0.805312
vn 0.147124 -0.046407 0.988029
vn -0.308360 -0.127527 0.942683
vn -0.018171 -0.506034 0.862322
vn 0.643270 0.417143 0.642024
vn 0.840971 0.269741 0.469050
vn 0.426897 0.374020 0.823327
vn 0.414084 0.383694 0.825417
vn 0.093453 0.282518 0.954699
vn 0.134769 0.418499 0.898162
vn 0.133644 -0.419673 0.897783
vn 0.365796 -0.332781 0.869166
vn -0.463120 -0.429659 0.775186
vn -0.265166 -0.701354 0.661657
vn -0.018077 0.198934 0.979846
vn -0.359436 0.429823 0.828286
vn 0.492341 -0.179598 0.851672
vn 0.095727 -0.141128 0.985352
vn -0.665356 -0.234143 0.708857
vn -0.006745 -0.226418 0.974007
vn 0.356483 -0.287612 0.888931
vn -0.379428 0.171915 0.909109
vn -0.777026 -0.124904 0.616952
vn 0.136717 -0.037237 0.989910
vn -0.108303 -0.331816 0.937106
vn -0.296530 0.172122 0.939385
vn 0.454514 0.116798 0.883049
vn 0.457894 0.245678 0.854386
vn 0.376816 0.381539 0.844060
vn 0.741586 0.182124 0.645663
vn 0.868506 0.303858 0.391622
vn -0.507251 0.017194 0.861627
vn -0.006213 0.071417 0.997427
vn 0.401817 0.093466 0.910937
vn 0.671636 0.255992 0.695251
vn 0.570419 0.203212 0.795819
vn -0.962860 -0.187627 0.194155
vn -0.389925 -0.819316 0.420333
vn -0.667688 -0.683845 0.294192
vn -0.647559 -0.636054 0.419646
vn 0.849112 0.344481 0.400426
vn -0.290749 0.300942 0.908239
vn 0.409753 -0.005398 0.912181
vn 0.478062 0.152985 0.864900
vn -0.392690 0.200028 0.897654
vn -0.937322 0.185318 0.295101
vn 0.393540 0.485752 0.780494
vn -0.165174 0.221584 0.961051
vn -0.050915 0.442258 0.895441
vn 0.531345 0.476120 0.700701
vn -0.268788 -0.131304 0.954208
vn -0.152036 -0.331641 0.931074
vn 0.235096 -0.056473 0.970330
vn 0.235096 -0.056473 0.970330
vn 0.679617 -0.052897 0.731657
vn 0.092057 -0.295500 0.950897
vn -0.071775 -0.047569 0.996286
vn -0.948885 0.118851 0.292390
vn 0.064259 0.329689 0.941900
vn -0.309212 0.421271 0.852596
vn -0.365801 0.265325 0.892072
vn 0.522402 0.467185 0.713326
vn 0.292097 0.355746 0.887764
vn 0.885698 0.218226 0.409776
vn 0.544929 0.122445 0.829494
vn 0.108060 0.012755 0.994063
vn -0.104633 -0.162882 0.981082
vn -0.470921 0.107532 0.875597
vn -0.277032 -0.594421 0.754928
vn 0.681586 -0.146357 0.716952
vn 0.958409 0.180038 0.221445
vn 0.911288 -0.065626 0.406506
vn -0.395148 -0.725191 0.563876
vn -0.587362 -0.238153 0.773491
vn -0.771932 -0.526793 0.355822
vn 0.431840 0.099587 0.896436
vn 0.991941 0.071276 0.104753
vn 0.898796 0.422227 -0.117854
vn -0.924862 -0.079638 -0.371870
vn -0.887820 -0.239084 -0.393210
vn -0.829535 0.099837 -0.549458
vn -0.804125 0.162372 -0.571855
vn -0.965352 -0.107505 -0.237779
vn -0.878508 -0.276572 -0.389526
vn -0.394387 0.085717 0.914938
vn -0.404198 -0.229542 0.885401
vn -0.942980 -0.245267 0.225018
vn -0.962350 0.079994 0.259775
vn 0.330627 0.196903 0.922992
vn 0.281749 0.135824 0.949826
vn 0.809923 0.119743 0.574184
vn 0.863274 -0.038429 0.503270
vn 0.632910 -0.081794 0.769892
vn 0.632663 0.197445 0.748834
vn 0.887680 -0.039343 0.458777
vn 0.893749 0.084325 0.440569
vn -0.958158 -0.148465 -0.244728
vn -0.943823 -0.161714 -0.288177
vn -0.999753 0.017760 -0.013372
vn -0.978167 0.189559 -0.085189
vn -0.785094 0.555899 -0.273139
vn -0.842318 0.330706 -0.425599
vn -0.915499 0.304345 -0.263126
vn -0.763026 0.558788 -0.324881
vn -0.989327 0.143254 -0.026643
vn -0.913007 -0.403955 -0.056918
vn -0.913007 -0.403955 -0.056918
vn -0.780678 -0.523324 -0.341576
vn -0.780678 -0.523324 -0.341576
vn -0.378612 -0.343909 -0.859290
vn -0.378612 -0.343909 -0.859290
vn -0.594287 0.436545 -0.675464
vn -0.136398 -0.989686 -0.043779
vn -0.113332 -0.937979 -0.327644
vn -0.404389 -0.910750 0.083690
vn -0.997248 0.021640 -0.070912
vn -0.997248 0.021640 -0.070912
vn -0.645742 -0.763461 0.012046
vn -0.566260 -0.799173 -0.201674
vn -0.566260 -0.799173 -0.201674
vn -0.017981 -0.999376 0.030402
vn 0.013517 -0.992461 0.121817
vn -0.920443 -0.307474 -0.241340
vn -0.560935 -0.827428 0.026731
vn -0.560935 -0.827428 0.026731
vn -0.230124 0.605547 -0.761811
vn -0.265302 0.570925 -0.776955
vn 0.443055 0.790324 -0.423191
vn 0.517401 0.657614 -0.547577
vn 0.517401 0.657614 -0.547577
vn -0.340738 0.799945 -0.493949
vn -0.450740 0.569966 -0.687002
vn -0.211472 0.908532 -0.360345
vn 0.448646 0.815414 -0.365810
vn 0.332884 0.730469 -0.596324
vn 0.332884 0.730469 -0.596324
vn 0.058691 0.717674 -0.693901
vn 0.357278 -0.274435 -0.892770
vn 0.357278 -0.274435 -0.892770
vn -0.177951 -0.839452 0.513472
vn -0.177951 -0.839452 0.513472
vn 0.198777 -0.181130 0.963161
vn 0.159223 -0.842793 0.514148
vn 0.159223 -0.842793 0.514148
vn 0.858093 -0.442572 0.260396
vn 0.858093 -0.442572 0.260396
vn 0.354561 -0.919631 0.169015
vn 0.262412 -0.935681 0.235885
vn 0.638987 -0.635049 0.434061
vn 0.638987 -0.635049 0.434061
vn 0.956296 0.124217 0.264702
vn 0.865714 0.498457 -0.045594
vn 0.965200 -0.255760 -0.054555
vn 0.965200 -0.255760 -0.054555
vn 0.404281 -0.913374 -0.048011
vn 0.873727 0.052252 0.483602
vn 0.725981 0.608026 -0.321333
vn 0.862594 -0.155943 -0.481263
vn 0.862594 -0.155943 -0.481263
vn 0.823120 0.539305 0.177833
vn 0.806522 0.568574 -0.162007
vn 0.662907 0.716395 -0.217560
vn 0.867648 0.046733 0.494978
vn 0.894453 0.330695 0.300990
vn 0.882764 0.467454 -0.047050
vn 0.949511 0.190465 0.249302
vn 0.889824 0.451062 -0.068968
vn -0.997452 -0.000748 -0.071341
vn 0.196125 -0.932356 -0.303721
vn 0.308762 -0.916008 -0.256118
vn 0.669015 -0.216949 -0.710882
vn 0.669015 -0.216949 -0.710882
vn 0.586828 0.649611 -0.483362
vn 0.019789 0.924160 -0.381494
vn 0.019789 0.924160 -0.381494
vn 0.435639 -0.869548 -0.232604
vn 0.486616 -0.763953 0.423770
vn 0.486616 -0.763953 0.423770
vn 0.594601 -0.703926 0.388508
vn 0.594601 -0.703926 0.388508
vn 0.066194 -0.995561 0.066906
vn 0.136419 -0.982600 0.126043
vn 0.055216 -0.991690 0.116198
vn 0.100027 -0.994949 -0.008480
vn 0.062800 -0.995576 0.069895
vn 0.071328 -0.997445 0.003987
vn 0.581212 0.628618 -0.516751
vn 0.635873 0.340333 -0.692704
vn 0.300702 0.293249 -0.907515
vn -0.001181 0.674936 -0.737876
vn 0.066520 0.168692 -0.983422
vn 0.520924 0.316746 -0.792660
vn 0.082212 0.634700 -0.768373
vn -0.014022 0.709892 -0.704171
vn -0.003916 0.585580 -0.810605
vn 0.716554 0.034755 -0.696666
vn 0.894583 0.338917 -0.291301
vn 0.682838 0.022583 -0.730221
vn 0.841405 0.090440 -0.532784
vn 0.566315 -0.040285 -0.823204
vn 0.525629 -0.162113 -0.835125
vn 0.070341 0.360610 -0.930061
vn 0.105517 0.408984 -0.906421
vn -0.048119 0.256977 -0.965219
vn 0.032552 0.170634 -0.984797
vn 0.176845 0.308464 -0.934653
vn 0.205965 0.741181 -0.638928
vn 0.331074 -0.037818 -0.942847
vn 0.626377 -0.176376 -0.759305
vn 0.944695 -0.125951 -0.302799
vn 0.935560 0.043676 -0.350457
vn 0.942405 -0.085099 -0.323468
vn 0.961436 -0.087344 -0.260790
vn 0.936153 0.120346 -0.330354
vn 0.925371 0.008259 -0.378972
vn 0.768779 0.624705 -0.136829
vn 0.768779 0.624705 -0.136829
vn -0.371974 -0.072029 -0.925444
vn -0.324730 -0.198213 -0.924804
vn -0.203510 -0.203045 -0.957787
vn -0.267434 -0.130804 -0.954657
vn -0.115961 -0.161800 -0.979987
vn -0.481559 -0.058392 -0.874467
vn -0.658949 -0.060584 -0.749744
vn -0.307166 -0.009236 -0.951611
vn -0.612913 -0.079586 -0.786132
vn -0.256848 -0.154956 -0.953949
vn -0.562169 -0.005785 -0.827002
vn -0.531163 -0.011660 -0.847190
vn -0.206911 0.442219 0.872714
vn 0.230379 0.454347 0.860520
vn 0.979702 0.041414 -0.196135
vn 0.926878 0.204336 -0.314872
vn 0.912551 -0.024349 -0.408238
vn 0.897281 0.024761 -0.440764
vn 0.870073 0.276994 -0.407735
vn 0.105147 -0.408860 0.906520
vn -0.136469 -0.434644 0.890203
vn -0.453502 -0.214591 -0.865036
vn -0.430589 -0.145180 -0.890795
vn 0.921764 0.127534 -0.366177
vn 0.462645 0.138653 -0.875634
vn 0.679156 0.083689 -0.729208
vn 0.505629 0.410289 -0.758948
vn 0.038166 0.009399 -0.999227
vn 0.301350 -0.115815 0.946454
vn -0.282644 -0.774595 0.565787
vn -0.382179 -0.196231 0.903013
vn 0.242657 0.043812 0.969122
vn -0.293842 -0.272357 0.916231
vn -0.126663 -0.291774 0.948063
vn 0.496012 0.171822 0.851146
vn 0.572271 0.069963 0.817074
vn 0.588114 0.331233 0.737839
vn -0.180439 0.525522 0.831425
vn 0.211579 0.593502 0.776524
vn 0.126146 0.313806 0.941070
vn 0.252308 0.504246 0.825879
vn 0.488617 0.585570 0.646808
vn -0.025630 0.404017 0.914392
vn -0.181993 0.222219 0.957861
vn -0.071873 -0.017376 0.997262
vn -0.078022 -0.320418 0.944058
vn 0.337585 0.475093 0.812603
vn 0.200190 0.508894 0.837228
vn 0.765746 -0.066705 0.639675
vn 0.354784 -0.209168 0.911250
vn -0.355313 -0.258694 0.898237
vn 0.144957 -0.262845 0.953887
vn -0.445939 -0.184261 0.875891
vn -0.086829 -0.178551 0.980092
vn 0.186576 -0.076968 0.979421
vn 0.299327 -0.021185 0.953915
vn -0.096754 0.315982 0.943819
vn 0.180643 -0.208509 0.961193
vn 0.538940 -0.181630 0.822529
vn 0.221250 -0.164855 0.961182
vn -0.007120 -0.150080 0.988648
vn 0.127703 -0.083705 0.988274
vn -0.029684 0.082140 0.996179
vn -0.064090 0.102043 0.992713
vn 0.214580 0.154185 0.964460
vn -0.025486 0.482518 0.875515
vn -0.087956 0.515642 0.852277
vn 0.211441 0.131041 0.968566
vn 0.624344 0.138820 0.768716
vn 0.828046 0.558424 0.050022
vn 0.905194 0.416692 -0.083613
vn -0.399644 -0.664899 0.631026
vn 0.237725 -0.020184 0.971123
vn 0.359072 -0.035738 0.932625
vn 0.998509 -0.041634 0.035311
vn 0.646735 0.244168 0.722576
vn 0.216701 0.127787 0.967838
vn -0.638493 0.235185 -0.732813
vn -0.977535 -0.032752 -0.208212
vn -0.977535 -0.032752 -0.208212
vn -0.721689 0.422242 -0.548522
vn 0.046720 0.559586 -0.827454
vn 0.194512 0.446522 -0.873375
vn 0.321454 0.067689 0.944503
vn -0.651520 0.072859 0.755125
vn -0.651520 0.072859 0.755125
vn -0.713776 0.066082 0.697250
vn -0.713776 0.066082 0.697250
vn -0.982250 -0.126639 -0.138372
vn -0.992337 -0.111707 -0.052817
vn -0.987683 0.128661 -0.089038
vn -0.987683 0.128661 -0.089038
vn -0.996411 -0.079434 0.029238
vn -0.976106 -0.181603 -0.119323
vn 0.574007 0.623054 -0.531338
vn 0.562134 0.590089 -0.579482
vn 0.879181 0.470042 0.078114
vn 0.688448 0.231020 0.687510
vn 0.890165 0.446480 0.090898
vn 0.777380 0.313361 -0.545422
vn 0.777380 0.313361 -0.545422
vn 0.809864 0.287219 -0.511494
vn 0.809864 0.287219 -0.511494
vn -0.039002 0.156730 -0.986871
vn -0.069959 0.344523 -0.936167
vn 0.818937 0.228068 -0.526619
vn 0.818937 0.228068 -0.526619
vn 0.902050 -0.066895 0.426416
vn 0.911711 -0.076458 0.403655
vn -0.070529 -0.936114 0.344552
vn 0.218172 -0.463673 0.858725
vn 0.940362 -0.139962 0.310047
vn 0.816664 -0.566037 -0.112529
vn 0.344295 -0.242855 -0.906908
vn 0.344295 -0.242855 -0.906908
vn -0.598445 -0.697326 -0.394462
vn -0.598445 -0.697326 -0.394462
vn 0.027544 -0.378622 0.925142
vn 0.032066 -0.268864 0.962644
vn 0.876065 0.030136 0.481250
vn 0.075284 -0.361435 0.929353
vn -0.805874 -0.377493 0.456142
vn -0.805874 -0.377493 0.456142
vn -0.799076 -0.355751 0.484685
vn -0.799076 -0.355751 0.484685
vn -0.748904 -0.474246 -0.462854
vn 0.059948 -0.071961 -0.995604
vn -0.165143 -0.721520 -0.672411
vn -0.165143 -0.721520 -0.672411
vn -0.745745 -0.618063 -0.248723
vn -0.745745 -0.618063 -0.248723
vn -0.869909 -0.164313 -0.465037
vn -0.437893 -0.502032 0.745797
vn -0.437893 -0.502032 0.745797
vn -0.437893 -0.502032 0.745797
vn -0.735207 -0.424365 0.528569
vn -0.735207 -0.424365 0.528569
vn -0.557168 -0.827763 -0.066123
vn -0.505880 -0.465638 0.726131
vn -0.505880 -0.465638 0.726131
vn -0.434914 -0.808523 -0.396410
vn -0.075656 0.120326 -0.989847
vn -0.114069 0.405607 -0.906902
vn -0.911159 0.087984 -0.402552
vn -0.832020 -0.230746 -0.504479
vn -0.801579 -0.334323 0.495680
vn -0.801579 -0.334323 0.495680
vn -0.675180 -0.567494 0.471256
vn -0.675180 -0.567494 0.471256
vn 0.850264 0.128448 -0.510443
vn 0.850264 0.128448 -0.510443
vn 0.923529 -0.213338 0.318717
vn 0.770787 0.298029 -0.563086
vn 0.770787 0.298029 -0.563086
vn 0.786949 0.358435 -0.502230
vn 0.786949 0.358435 -0.502230
vn 0.996271 -0.084451 -0.017676
vn 0.996271 -0.084451 -0.017676
vn 0.996271 -0.084451 -0.017676
vn -0.772227 -0.370940 0.515819
vn -0.772227 -0.370940 0.515819
vn -0.829724 -0.278407 -0.483785
vn -0.894172 0.021200 -0.447221
vn -0.780775 -0.624803 -0.003463
vn -0.496579 -0.214587 0.841048
vn -0.496579 -0.214587 0.841048
vn -0.521491 -0.852590 0.033721
vn 0.447981 -0.470643 0.760137
vn 0.447981 -0.470643 0.760137
vn 0.447981 -0.470643 0.760137
vn -0.739080 -0.673223 0.023059
vn -0.739080 -0.673223 0.023059
vn 0.790430 0.303960 0.531817
vn 0.658161 0.117967 0.743578
vn 0.819024 0.247702 0.517536
vn 0.845849 0.177740 0.502939
vn 0.599014 0.421276 0.680961
vn 0.219327 -0.075086 0.972758
vn 0.222544 0.123651 0.967049
vn 0.117596 -0.460986 0.879581
vn -0.012528 -0.123371 0.992282
vn 0.260826 0.142633 0.954791
vn -0.005462 0.116469 -0.993179
vn -0.005462 0.116469 -0.993179
vn 0.050955 0.028209 -0.998302
vn 0.050955 0.028209 -0.998302
vn -0.732234 -0.358733 -0.578916
vn -0.863952 0.036370 -0.502259
vn 0.009449 0.154121 -0.988007
vn 0.009449 0.154121 -0.988007
vn 0.865129 0.124832 -0.485767
vn 0.864937 0.083937 -0.494811
vn 0.432292 -0.762594 0.481221
vn 0.824880 -0.185265 0.534088
vn 0.874960 -0.002419 -0.484190
vn 0.476541 -0.625740 -0.617542
vn -0.472457 -0.563788 -0.677442
vn -0.472457 -0.563788 -0.677442
vn -0.577119 -0.694549 0.429576
vn -0.577119 -0.694549 0.429576
vn 0.823652 -0.131549 0.551628
vn 0.833117 -0.022566 0.552636
vn 0.875852 0.160101 -0.455248
vn 0.827161 -0.083205 0.555771
vn -0.174740 -0.268755 0.947226
vn -0.174740 -0.268755 0.947226
vn -0.090405 -0.297657 0.950383
vn -0.090405 -0.297657 0.950383
vn -0.663650 -0.651864 0.366935
vn -0.653639 -0.489218 -0.577427
vn -0.720790 -0.353395 -0.596300
vn -0.720790 -0.353395 -0.596300
vn -0.705935 -0.656692 0.265351
vn -0.705935 -0.656692 0.265351
vn -0.803385 -0.456129 0.382778
vn 0.694309 -0.461357 0.552345
vn 0.694309 -0.461357 0.552345
vn 0.694309 -0.461357 0.552345
vn -0.056110 -0.264131 0.962853
vn -0.056110 -0.264131 0.962853
vn -0.563800 -0.714381 -0.414476
vn -0.563800 -0.714381 -0.414476
vn 0.764798 -0.284311 -0.578145
vn 0.764798 -0.284311 -0.578145
vn 0.764798 -0.284311 -0.578145
vn -0.820430 -0.227059 -0.524727
vn -0.879781 0.056927 -0.471958
vn -0.914721 -0.117369 0.386664
vn -0.860238 -0.359373 0.361721
vn -0.195269 -0.213880 0.957144
vn -0.195269 -0.213880 0.957144
vn -0.083692 -0.380038 0.921177
vn -0.083692 -0.380038 0.921177
vn 0.136336 -0.024171 -0.990368
vn 0.136336 -0.024171 -0.990368
vn 0.873461 -0.007266 -0.486839
vn -0.012021 0.162585 -0.986621
vn -0.012021 0.162585 -0.986621
vn 0.122710 0.119566 -0.985214
vn 0.122710 0.119566 -0.985214
vn 0.128197 0.174767 -0.976229
vn 0.128197 0.174767 -0.976229
vn 0.128197 0.174767 -0.976229
vn -0.160240 -0.276550 0.947546
vn -0.160240 -0.276550 0.947546
vn -0.846189 -0.363601 0.389563
vn -0.899756 -0.171534 0.401266
vn 0.985388 0.085671 -0.147213
vn 0.840466 0.518928 0.155982
vn 0.675252 0.631429 -0.381224
vn 0.974867 0.193776 0.109929
vn -0.641224 -0.419312 -0.642658
vn 0.130560 0.157831 -0.978797
vn 0.130560 0.157831 -0.978797
vn -0.376872 -0.924351 -0.059521
vn -0.529501 -0.830514 -0.172842
vn -0.649404 -0.739689 0.176451
vn -0.649404 -0.739689 0.176451
vn 0.190821 0.334482 -0.922881
vn 0.190821 0.334482 -0.922881
vn -0.172724 -0.551020 -0.816421
vn -0.172724 -0.551020 -0.816421
vn 0.844893 0.314039 -0.433054
vn 0.805514 0.349336 -0.478655
vn 0.685038 0.510535 -0.519688
vn 0.944648 0.061513 0.322267
vn 0.877315 0.478841 -0.032101
vn 0.369600 0.487620 -0.790963
vn 0.826868 -0.179147 0.533101
vn 0.796496 0.127780 0.590988
vn 0.828477 0.337255 -0.447085
vn 0.887361 0.422564 -0.184472
vn 0.857451 0.353676 -0.373752
vn 0.123726 0.095451 -0.987715
vn 0.123726 0.095451 -0.987715
vn 0.886116 0.200089 -0.418047
vn 0.368439 -0.799031 0.475187
vn 0.790041 -0.225220 0.570185
vn 0.908963 0.010810 -0.416737
vn 0.500785 -0.615032 -0.609056
vn -0.458436 -0.498180 -0.735971
vn -0.458436 -0.498180 -0.735971
vn -0.640377 -0.673164 0.369822
vn -0.640377 -0.673164 0.369822
vn 0.832245 -0.109936 0.543398
vn 0.768204 0.022081 0.639824
vn 0.864950 0.070476 -0.496884
vn 0.795116 -0.106129 0.597099
vn -0.229898 -0.306585 0.923662
vn -0.229898 -0.306585 0.923662
vn -0.187611 -0.312565 0.931185
vn -0.187611 -0.312565 0.931185
vn -0.721232 -0.622280 0.304291
vn -0.925242 -0.253686 0.282084
vn -0.770125 -0.123034 -0.625915
vn 0.640157 -0.453885 0.619828
vn 0.640157 -0.453885 0.619828
vn 0.640157 -0.453885 0.619828
vn -0.112885 -0.277187 0.954162
vn -0.112885 -0.277187 0.954162
vn -0.508195 -0.624610 -0.592959
vn -0.508195 -0.624610 -0.592959
vn 0.923963 -0.137784 -0.356802
vn 0.923963 -0.137784 -0.356802
vn 0.923963 -0.137784 -0.356802
vn -0.795692 -0.141477 -0.588947
vn -0.848784 0.160469 -0.503802
vn -0.948494 -0.030825 0.315293
vn -0.903051 -0.314068 0.293018
vn -0.263737 -0.228970 0.937025
vn -0.263737 -0.228970 0.937025
vn -0.176804 -0.389890 0.903729
vn -0.176804 -0.389890 0.903729
vn 0.180021 0.046433 -0.982566
vn 0.180021 0.046433 -0.982566
vn 0.907118 -0.011105 -0.420730
vn 0.030912 0.204953 -0.978283
vn 0.030912 0.204953 -0.978283
vn 0.057444 0.149702 -0.987061
vn 0.057444 0.149702 -0.987061
vn 0.897928 0.125627 -0.421832
vn -0.231094 -0.280213 0.931706
vn -0.231094 -0.280213 0.931706
vn -0.875659 -0.367173 0.313695
vn -0.940776 -0.103555 0.322825
vn 0.969679 0.066331 0.235208
vn 0.643004 0.419696 0.640625
vn 0.885041 0.092039 0.456324
vn -0.441702 -0.275812 -0.853714
vn 0.417053 0.254630 -0.872485
vn 0.417053 0.254630 -0.872485
vn 0.839394 0.081889 0.537320
vn 0.869181 0.378746 0.317926
vn 0.786348 -0.224705 0.575469
vn 0.745582 0.129428 0.653725
vn 0.956417 0.290852 0.025913
vn 0.881248 0.368751 0.295675
vn -0.488990 -0.375832 0.787172
vn -0.488990 -0.375832 0.787172
vn -0.666494 -0.612160 0.425495
vn -0.087329 -0.912611 0.399393
vn 0.535045 -0.549755 0.641480
vn 0.535045 -0.549755 0.641480
vn -0.405265 -0.300109 0.863536
vn -0.995573 -0.038198 0.085876
vn -0.995573 -0.038198 0.085876
vn -0.986520 -0.144565 0.076675
vn -0.986520 -0.144565 0.076675
vn -0.986520 -0.144565 0.076675
vn 0.494711 -0.513315 -0.701262
vn 0.533657 0.109456 -0.838588
vn -0.591653 0.018241 -0.805986
vn -0.390146 -0.681107 -0.619580
vn 0.707434 -0.634649 0.311058
vn 0.707434 -0.634649 0.311058
vn 0.998357 -0.056500 0.009558
vn 0.998357 -0.056500 0.009558
vn 0.526004 -0.322195 -0.787090
vn 0.526004 -0.322195 -0.787090
vn 0.168027 0.453164 -0.875448
vn 0.377833 0.117919 -0.918334
vn 0.988501 -0.144349 0.045042
vn 0.988501 -0.144349 0.045042
vn 0.988501 -0.144349 0.045042
vn 0.308134 -0.951323 -0.006204
vn -0.458048 -0.793363 0.400959
vn -0.458048 -0.793363 0.400959
vn -0.365768 -0.369770 0.854098
vn 0.551190 -0.271087 0.789114
vn -0.562744 0.031171 -0.826043
vn -0.601896 -0.029733 -0.798021
vn 0.548366 0.037362 -0.835403
vn -0.644849 0.296690 -0.704375
vn -0.983005 -0.052375 -0.175951
vn -0.983005 -0.052375 -0.175951
vn -0.971910 -0.202030 -0.120722
vn -0.971910 -0.202030 -0.120722
vn -0.835524 -0.465410 0.292052
vn 0.543816 0.142957 -0.826939
vn 0.987838 0.009187 0.155217
vn 0.987838 0.009187 0.155217
vn -0.974936 -0.200425 0.096595
vn -0.974936 -0.200425 0.096595
vn -0.987943 -0.106754 0.112126
vn -0.987943 -0.106754 0.112126
vn -0.466819 0.109346 0.877567
vn 0.430990 0.214234 0.876556
vn 0.996158 0.028167 0.082923
vn 0.996158 0.028167 0.082923
vn 0.541027 -0.011666 -0.840924
vn -0.590543 -0.129760 -0.796506
vn 0.469923 -0.267737 0.841124
vn 0.662277 0.201639 0.721617
vn 0.478389 -0.037595 0.877343
vn -0.612853 0.104462 -0.783261
vn -0.837510 -0.545488 -0.031944
vn -0.484391 -0.381618 0.787232
vn -0.484391 -0.381618 0.787232
vn 0.954588 0.297897 0.004447
vn 0.485010 0.183667 -0.855004
vn 0.485010 0.183667 -0.855004
vn 0.997672 0.066999 0.012733
vn 0.179997 -0.866959 0.464740
vn 0.504193 -0.306622 0.807324
vn 0.998510 -0.023548 -0.049222
vn 0.634721 -0.599364 -0.487742
vn -0.223110 -0.390488 -0.893164
vn -0.223110 -0.390488 -0.893164
vn -0.764970 -0.640858 0.064204
vn -0.764970 -0.640858 0.064204
vn 0.484107 -0.328653 0.810943
vn 0.522410 -0.181992 0.833047
vn 0.995364 -0.061457 -0.073977
vn 0.494517 -0.200268 0.845781
vn -0.529227 -0.327547 0.782708
vn -0.529227 -0.327547 0.782708
vn -0.525050 -0.349515 0.775991
vn -0.525050 -0.349515 0.775991
vn -0.973189 -0.222189 -0.059464
vn -0.574777 -0.066145 -0.815633
vn -0.553202 -0.040091 -0.832082
vn -0.602815 0.217797 -0.767579
vn -0.999621 -0.027500 0.000955
vn -0.962676 -0.265482 -0.052661
vn -0.531921 -0.299297 0.792137
vn -0.531921 -0.299297 0.792137
vn -0.450306 -0.453030 0.769408
vn -0.450306 -0.453030 0.769408
vn 0.504119 0.105622 -0.857151
vn 0.504119 0.105622 -0.857151
vn 0.995743 -0.065732 -0.064618
vn 0.363051 0.292185 -0.884772
vn 0.363051 0.292185 -0.884772
vn 0.337429 0.217857 -0.915795
vn 0.337429 0.217857 -0.915795
vn 0.997660 0.048265 -0.048427
vn -0.392552 -0.403402 0.826541
vn -0.392552 -0.403402 0.826541
vn -0.946606 -0.322392 -0.001152
vn -0.999811 -0.019349 0.002038
vn 0.516349 -0.340712 0.785684
vn 0.438863 0.006179 0.898533
vn 0.499990 0.077468 -0.862559
vn 0.984413 0.069160 0.161702
vn 0.984413 0.069160 0.161702
vn -0.567432 -0.021854 -0.823130
vn 0.463585 -0.080450 0.882393
vn -0.397625 -0.204822 0.894395
vn -0.979517 -0.119587 0.162005
vn -0.979517 -0.119587 0.162005
vn -0.831800 -0.170410 -0.528270
vn -0.838388 0.122929 -0.531032
vn 0.082184 0.197005 -0.976952
vn 0.082184 0.197005 -0.976952
vn -0.801475 -0.149386 -0.579070
vn -0.602904 0.221411 -0.766475
vn 0.400158 0.228706 -0.887450
vn 0.400158 0.228706 -0.887450
vn -0.541554 -0.012801 -0.840569
vn 0.018110 0.070174 -0.997370
vn 0.882712 0.023301 -0.469336
vn 0.041568 0.106705 -0.993421
vn 0.041568 0.106705 -0.993421
vn 0.848106 -0.155556 0.506476
vn -0.152208 -0.238206 0.959214
vn -0.152208 -0.238206 0.959214
vn -0.923932 -0.176984 0.339154
vn -0.882577 -0.037756 -0.468649
vn 0.912464 0.010073 -0.409034
vn 0.133250 0.139528 -0.981212
vn 0.133250 0.139528 -0.981212
vn 0.807519 -0.182881 0.560774
vn -0.211362 -0.272369 0.938691
vn -0.211362 -0.272369 0.938691
vn -0.960687 -0.093609 0.261376
vn -0.840599 0.043125 -0.539939
vn 0.997833 -0.056524 -0.033682
vn 0.488148 0.225671 -0.843080
vn 0.488148 0.225671 -0.843080
vn 0.521027 -0.295121 0.800896
vn -0.516515 -0.310618 0.797952
vn -0.516515 -0.310618 0.797952
vn -0.993059 -0.091776 -0.073557
vn -0.640741 0.117862 -0.758657
vn 0.902826 -0.174549 0.392985
vn 0.845337 0.186043 -0.500793
vn 0.845337 0.186043 -0.500793
vn 0.123089 -0.441019 0.889017
vn -0.756597 -0.381512 0.531047
vn -0.756597 -0.381512 0.531047
vn -0.863908 0.013770 -0.503461
vn -0.136087 0.269560 -0.953319
vn -0.062498 -0.167841 0.983831
vn -0.467154 -0.380911 0.797918
vn 0.985921 -0.112163 -0.124010
vn 0.987679 -0.140722 0.068471
vn 0.995847 0.051156 -0.075317
vn 0.000008 -1.000000 0.000967
vn 0.000008 -1.000000 0.000967
vn 0.106643 -0.947943 -0.300053
vn -0.106598 -0.947947 -0.300054
vn 0.106643 -0.947943 -0.300053
vn -0.106598 -0.947947 -0.300054
vn 0.106643 -0.947943 -0.300053
vn 0.000023 -0.953380 -0.301774
vn 0.000023 -0.953380 -0.301774
vn 0.000008 -1.000000 0.000967
vn 0.000023 -0.953380 -0.301774
vn -0.106598 -0.947947 -0.300054
vn 0.007785 -0.581170 0.813745
vn 0.007785 -0.581170 0.813745
vn 0.451789 -0.162002 0.877292
vn 0.451789 -0.162002 0.877292
vn 0.427677 -0.625190 0.652863
vn -0.634203 -0.427645 -0.644132
vn -0.407336 0.489359 -0.771107
vn -0.830384 0.394064 -0.393923
vn 0.742450 -0.343473 0.575148
vn 0.553869 -0.505006 0.661965
vn 0.924550 -0.349102 0.152759
vn 0.927991 -0.334443 0.164256
vn -0.553869 0.505006 -0.661965
vn -0.742450 0.343473 -0.575148
vn -0.927991 0.334443 -0.164256
vn -0.924550 0.349102 -0.152759
vn -0.930450 -0.125411 -0.344290
vn -0.794830 -0.245352 0.555020
vn -0.651985 0.360644 0.666972
vn 0.542798 -0.315465 -0.778365
vn 0.752551 -0.399473 -0.523535
vn -0.542802 0.315456 0.778366
vn -0.752556 0.399461 0.523536
vn -0.323392 0.224459 0.919258
vn 0.542860 -0.312900 -0.779356
vn 0.542798 -0.315465 -0.778365
vn 0.064206 -0.199622 -0.977767
vn 0.199833 -0.029935 -0.979373
vn -0.542863 0.312901 0.779354
vn -0.199833 0.029935 0.979373
vn -0.064206 0.199622 0.977767
vn -0.352845 -0.589625 0.726528
vn -0.919743 0.349311 0.179039
vn -0.850169 -0.482554 0.210606
vn 0.543160 -0.829632 -0.129183
vn 0.843832 0.078581 -0.530822
vn 0.515885 -0.678655 -0.522771
vn 0.061932 0.446475 -0.892650
vn -0.447172 -0.554974 -0.701457
vn 0.008375 -0.607216 -0.794492
vn 0.336668 -0.499238 -0.798384
vn 0.943062 0.076429 -0.323718
vn -0.962041 -0.091560 0.257088
vn -0.823811 -0.117765 0.554497
vn -0.930415 -0.019046 0.366013
vn 0.930414 0.019048 -0.366014
vn 0.823810 0.117767 -0.554498
vn 0.676871 -0.706972 -0.205027
vn 0.760395 -0.648325 0.038391
vn 0.968917 0.005089 0.247332
vn 0.603904 -0.744867 0.283678
vn 0.513411 -0.808735 0.286980
vn -0.691437 0.678083 -0.249235
vn 0.849194 0.448469 -0.278828
vn 0.731090 0.631793 -0.257576
vn -0.822294 0.498485 -0.274490
vn -0.849247 0.448410 -0.278761
vn -0.731235 0.631656 -0.257499
vn 0.822227 0.498556 -0.274563
vn 0.691275 0.678219 -0.249315
vn 0.807712 -0.587600 0.048236
vn 0.807712 -0.587600 0.048236
vn 0.807712 -0.587600 0.048236
vn 0.807712 -0.587600 0.048236
vn 0.350704 0.295415 -0.888671
vn 0.350704 0.295415 -0.888671
vn 0.350704 0.295415 -0.888671
vn -0.916535 0.162059 -0.365652
vn -0.916535 0.162059 -0.365652
vn -0.916535 0.162059 -0.365652
vn -0.916535 0.162059 -0.365652
vn -0.745344 0.527192 -0.408082
vn -0.745344 0.527192 -0.408082
vn -0.745344 0.527192 -0.408082
vn -0.745344 0.527192 -0.408082
vn 0.095702 0.658436 0.746528
vn 0.095702 0.658436 0.746528
vn -0.398318 -0.381486 0.834153
vn -0.398318 -0.381486 0.834153
vn -0.398318 -0.381486 0.834153
vn 0.977471 -0.209178 0.028195
vn 0.977471 -0.209178 0.028195
vn 0.977471 -0.209178 0.028195
vn 0.977471 -0.209178 0.028195
vn 0.431095 0.897172 -0.096117
vn 0.431095 0.897172 -0.096117
vn 0.967492 -0.170293 0.186972
vn 0.967492 -0.170293 0.186972
vn -0.767620 0.594814 -0.238656
vn -0.767620 0.594814 -0.238656
vn -0.449015 -0.888554 0.094118
vn -0.449015 -0.888554 0.094118
vn -0.072783 -0.615804 -0.784531
vn -0.072783 -0.615804 -0.784531
vn -0.418378 -0.902971 0.097995
vn -0.418378 -0.902971 0.097995
vn 0.759230 -0.605670 0.238190
vn 0.759230 -0.605670 0.238190
vn 0.759230 -0.605670 0.238190
vn -0.965120 0.181076 -0.189092
vn -0.965120 0.181076 -0.189092
vn -0.965120 0.181076 -0.189092
vn 0.414094 0.904591 -0.101203
vn 0.414094 0.904591 -0.101203
vn 0.922623 -0.146064 0.356976
vn 0.922623 -0.146064 0.356976
vn 0.922623 -0.146064 0.356976
vn 0.922623 -0.146064 0.356976
vn -0.352326 -0.309181 0.883331
vn -0.352326 -0.309181 0.883331
vn -0.352326 -0.309181 0.883331
vn -0.973756 0.226141 -0.025659
vn -0.973756 0.226141 -0.025659
vn -0.973756 0.226141 -0.025659
vn -0.973756 0.226141 -0.025659
vn 0.369248 0.365982 -0.854233
vn 0.369248 0.365982 -0.854233
vn 0.369248 0.365982 -0.854233
vn 0.068546 0.605105 0.793189
vn 0.068546 0.605105 0.793189
vn 0.068546 0.605105 0.793189
vn -0.805972 0.589470 -0.054166
vn -0.805972 0.589470 -0.054166
vn -0.805972 0.589470 -0.054166
vn -0.805972 0.589470 -0.054166
vn -0.132249 -0.669716 -0.730747
vn -0.132249 -0.669716 -0.730747
vn -0.132249 -0.669716 -0.730747
vn 0.745497 -0.524682 0.411028
vn 0.745497 -0.524682 0.411028
vn 0.745497 -0.524682 0.411028
vn 0.745497 -0.524682 0.411028
vn 0.999397 0.033989 0.007110
vn 0.660538 -0.750226 0.029161
vn 0.660538 -0.750226 0.029161
vn 0.999416 0.033888 0.004416
vn 0.680756 0.732413 0.011914
vn 0.341781 0.006181 -0.939759
vn 0.341781 0.006181 -0.939759
vn 0.057741 -0.040063 -0.997527
vn 0.226623 -0.000023 -0.973983
vn 0.226623 -0.000023 -0.973983
vn 0.095127 0.094322 -0.990987
vn 0.095127 0.094322 -0.990987
vn -0.999061 -0.042770 -0.006866
vn -0.999061 -0.042770 -0.006866
vn -0.713603 -0.700466 -0.010829
vn -0.713603 -0.700466 -0.010829
vn 0.021438 0.999768 -0.002153
vn 0.006330 0.285195 0.958449
vn 0.006330 0.285195 0.958449
vn 0.208436 0.009351 0.977991
vn 0.080345 0.124135 0.989007
vn 0.080345 0.124135 0.989007
vn 0.030763 0.261680 -0.964664
vn 0.030763 0.261680 -0.964664
vn -0.041344 -0.998860 -0.023873
vn -0.041344 -0.998860 -0.023873
vn -0.041344 -0.998860 -0.023873
vn 0.010482 -0.999544 -0.028302
vn 0.010482 -0.999544 -0.028302
vn 0.320899 0.012020 0.947037
vn 0.019256 -0.100793 0.994721
vn 0.019256 -0.100793 0.994721
vn -0.029638 -0.311576 0.949759
vn -0.029638 -0.311576 0.949759
vn -0.001760 -0.243250 -0.969962
vn 0.019159 0.999590 -0.021269
vn 0.019159 0.999590 -0.021269
vn 0.019159 0.999590 -0.021269
vn -0.999085 -0.042521 -0.004645
vn -0.999085 -0.042521 -0.004645
vn -0.719615 0.694252 -0.013014
vn -0.719615 0.694252 -0.013014
vn -0.998821 -0.048186 -0.005937
vn -0.639887 0.768390 -0.011000
vn -0.998560 -0.050429 -0.018301
vn -0.660365 -0.750937 0.003476
vn -0.660365 -0.750937 0.003476
vn 0.998869 0.046294 0.010832
vn 0.998869 0.046294 0.010832
vn 0.678496 -0.734570 -0.007096
vn 0.678496 -0.734570 -0.007096
vn 0.998821 0.044196 0.020103
vn 0.998821 0.044196 0.020103
vn 0.702606 0.711550 0.006520
vn 0.702606 0.711550 0.006520
vn -0.307607 -0.009539 0.951466
vn -0.091448 0.111629 0.989533
vn -0.293301 -0.019972 -0.955812
vn -0.293301 -0.019972 -0.955812
vn -0.055463 0.097529 -0.993686
vn -0.055463 0.097529 -0.993686
vn -0.297407 -0.012118 0.954674
vn -0.062200 -0.104980 0.992527
vn -0.260741 -0.020323 -0.965195
vn -0.260741 -0.020323 -0.965195
vn -0.040144 -0.056960 -0.997569
vn 0.033412 -0.128850 0.991101
vn -0.662652 -0.410759 0.626234
vn -0.254991 -0.878655 0.403663
vn 0.452468 -0.805826 0.381990
vn 0.681540 0.273493 0.678753
vn 0.681540 0.273493 0.678753
vn 0.765925 -0.545792 0.339808
vn 0.765925 -0.545792 0.339808
vn 0.866722 0.498079 0.026653
vn 0.914457 -0.390785 -0.105146
vn 0.635529 0.433979 -0.638565
vn 0.675335 -0.448985 -0.585094
vn -0.031022 0.200671 -0.979167
vn 0.278695 -0.509978 -0.813788
vn -0.672533 -0.246177 -0.697923
vn -0.022758 -0.813496 -0.581125
vn -0.898399 -0.434952 -0.060785
vn -0.211946 -0.959488 -0.185641
vn 0.551601 -0.671244 -0.495144
vn 0.551601 -0.671244 -0.495144
vn 0.157539 -0.195108 -0.968047
vn 0.157539 -0.195108 -0.968047
vn -0.238649 -0.829694 -0.504633
vn -0.238649 -0.829694 -0.504633
vn -0.238649 -0.829694 -0.504633
vn -0.357110 -0.926527 -0.118408
vn -0.357110 -0.926527 -0.118408
vn -0.265665 -0.928444 0.259642
vn -0.265665 -0.928444 0.259642
vn 0.295669 -0.731333 0.614599
vn 0.295669 -0.731333 0.614599
vn 0.857510 -0.387735 0.338139
vn 0.857510 -0.387735 0.338139
vn 0.979258 -0.191246 -0.066922
vn 0.979258 -0.191246 -0.066922
vn -0.297562 0.717806 -0.629454
vn -0.297562 0.717806 -0.629454
vn 0.208806 0.934801 -0.287311
vn 0.208806 0.934801 -0.287311
vn -0.750571 0.422624 0.507968
vn -0.305515 0.564768 0.766615
vn -0.847523 0.367947 -0.382518
vn -0.847523 0.367947 -0.382518
vn -0.847523 0.367947 -0.382518
vn 0.085587 0.833223 0.546273
vn 0.085587 0.833223 0.546273
vn -0.987203 0.127890 0.095257
vn -0.987203 0.127890 0.095257
vn 0.154440 0.980014 0.125382
vn -0.767000 0.223419 0.601494
vn -0.767000 0.223419 0.601494
vn 0.113291 0.958992 -0.259805
vn -0.314084 0.495465 0.809855
vn -0.314084 0.495465 0.809855
vn -0.369426 0.807957 -0.459053
vn 0.225818 0.732423 0.642311
vn 0.225818 0.732423 0.642311
vn -0.812910 0.483451 -0.324734
vn 0.416663 0.903011 0.104699
vn 0.416663 0.903011 0.104699
vn -0.897709 0.435982 0.063542
vn 0.786190 0.015171 -0.617798
vn 0.295605 -0.487663 -0.821464
vn -0.331226 -0.694889 -0.638293
vn -0.559206 -0.822889 -0.100713
vn -0.296202 -0.870077 0.393993
vn 0.309870 -0.658548 0.685781
vn 0.814436 -0.294484 0.499973
vn 0.988704 -0.132660 -0.069753
vn -0.285187 0.705043 -0.649294
vn 0.265075 0.878812 -0.396769
vn -0.811802 0.374911 -0.447682
vn -0.986912 0.145464 0.069610
vn -0.785514 0.212240 0.581311
vn -0.260093 0.424140 0.867443
vn 0.218896 0.729783 0.647690
vn 0.398998 0.911994 0.095227
vn 0.255121 -0.878651 0.403590
vn 0.662661 -0.410826 0.626181
vn -0.033317 -0.128939 0.991093
vn -0.452268 -0.805972 0.381919
vn -0.681474 0.273467 0.678829
vn -0.681474 0.273467 0.678829
vn -0.765839 -0.545895 0.339839
vn -0.765839 -0.545895 0.339839
vn -0.866692 0.498128 0.026717
vn -0.914438 -0.390825 -0.105159
vn -0.635563 0.434083 -0.638460
vn -0.675303 -0.449014 -0.585109
vn 0.030925 0.200804 -0.979143
vn -0.278695 -0.509937 -0.813814
vn 0.672514 -0.246152 -0.697950
vn 0.022849 -0.813500 -0.581115
vn 0.898382 -0.434984 -0.060808
vn 0.212013 -0.959469 -0.185660
vn -0.157537 -0.195038 -0.968061
vn -0.157537 -0.195038 -0.968061
vn -0.551450 -0.671268 -0.495280
vn -0.551450 -0.671268 -0.495280
vn 0.238734 -0.829663 -0.504644
vn 0.238734 -0.829663 -0.504644
vn 0.238734 -0.829663 -0.504644
vn 0.357164 -0.926499 -0.118465
vn 0.357164 -0.926499 -0.118465
vn 0.265828 -0.928427 0.259535
vn 0.265828 -0.928427 0.259535
vn -0.295417 -0.731501 0.614520
vn -0.295417 -0.731501 0.614520
vn -0.857418 -0.387864 0.338226
vn -0.857418 -0.387864 0.338226
vn -0.979248 -0.191289 -0.066945
vn -0.979248 -0.191289 -0.066945
vn 0.750494 0.422688 0.508029
vn -0.208993 0.934805 -0.287161
vn -0.208993 0.934805 -0.287161
vn 0.297266 0.717972 -0.629403
vn 0.297266 0.717972 -0.629403
vn 0.305454 0.564745 0.766656
vn 0.847420 0.368124 -0.382574
vn 0.847420 0.368124 -0.382574
vn 0.847420 0.368124 -0.382574
vn -0.085679 0.833166 0.546346
vn -0.085679 0.833166 0.546346
vn 0.987186 0.128010 0.095278
vn 0.987186 0.128010 0.095278
vn -0.154549 0.979989 0.125441
vn 0.766966 0.223416 0.601539
vn 0.766966 0.223416 0.601539
vn -0.113427 0.959016 -0.259659
vn 0.313985 0.495547 0.809844
vn 0.313985 0.495547 0.809844
vn 0.369235 0.808058 -0.459030
vn -0.225866 0.732450 0.642262
vn -0.225866 0.732450 0.642262
vn 0.812848 0.483534 -0.324767
vn -0.416767 0.902961 0.104720
vn -0.416767 0.902961 0.104720
vn 0.897655 0.436089 0.063578
vn -0.295570 -0.487642 -0.821489
vn -0.786207 0.015180 -0.617776
vn 0.331280 -0.694789 -0.638374
vn 0.559265 -0.822842 -0.100769
vn 0.296334 -0.870081 0.393885
vn -0.309711 -0.658664 0.685741
vn -0.814384 -0.294606 0.499987
vn -0.988688 -0.132761 -0.069786
vn -0.265205 0.878808 -0.396690
vn 0.285025 0.705156 -0.649242
vn 0.811722 0.375049 -0.447712
vn 0.986894 0.145584 0.069617
vn 0.785510 0.212279 0.581301
vn 0.260093 0.424093 0.867466
vn -0.219006 0.729721 0.647722
vn -0.399096 0.911946 0.095272
vn -0.805484 -0.590966 0.044198
vn -0.805484 -0.590966 0.044198
vn -0.805484 -0.590966 0.044198
vn -0.805484 -0.590966 0.044198
vn -0.973830 -0.225505 0.028345
vn -0.973830 -0.225505 0.028345
vn -0.973830 -0.225505 0.028345
vn -0.353711 0.290465 -0.889111
vn -0.353711 0.290465 -0.889111
vn 0.081489 -0.613365 -0.785585
vn 0.081489 -0.613365 -0.785585
vn 0.743407 0.531229 -0.406377
vn 0.743407 0.531229 -0.406377
vn 0.743407 0.531229 -0.406377
vn 0.911872 0.182814 -0.367516
vn 0.911872 0.182814 -0.367516
vn 0.911872 0.182814 -0.367516
vn 0.911872 0.182814 -0.367516
vn 0.398170 -0.370855 0.839004
vn 0.398170 -0.370855 0.839004
vn -0.098670 0.648918 0.754433
vn -0.098670 0.648918 0.754433
vn -0.436700 0.894089 -0.099490
vn -0.436700 0.894089 -0.099490
vn -0.436700 0.894089 -0.099490
vn -0.967962 -0.172979 0.182010
vn -0.967962 -0.172979 0.182010
vn -0.967962 -0.172979 0.182010
vn 0.762562 0.601007 -0.239355
vn 0.762562 0.601007 -0.239355
vn 0.762562 0.601007 -0.239355
vn 0.455184 -0.884845 0.099283
vn 0.455184 -0.884845 0.099283
vn 0.455184 -0.884845 0.099283
vn 0.433175 -0.895220 0.104600
vn 0.433175 -0.895220 0.104600
vn -0.747474 -0.619199 0.240571
vn -0.747474 -0.619199 0.240571
vn -0.747474 -0.619199 0.240571
vn 0.964480 0.193023 -0.180335
vn 0.964480 0.193023 -0.180335
vn 0.964480 0.193023 -0.180335
vn -0.427569 0.897198 -0.110544
vn -0.427569 0.897198 -0.110544
vn -0.745776 -0.527248 0.407221
vn -0.745776 -0.527248 0.407221
vn -0.745776 -0.527248 0.407221
vn -0.745776 -0.527248 0.407221
vn 0.351134 -0.298321 0.887530
vn 0.351134 -0.298321 0.887530
vn 0.351134 -0.298321 0.887530
vn -0.073719 0.603889 0.793652
vn -0.073719 0.603889 0.793652
vn -0.073719 0.603889 0.793652
vn -0.919847 -0.157936 0.359080
vn -0.919847 -0.157936 0.359080
vn -0.919847 -0.157936 0.359080
vn -0.919847 -0.157936 0.359080
vn 0.968974 0.245860 -0.025331
vn 0.968974 0.245860 -0.025331
vn 0.968974 0.245860 -0.025331
vn 0.968974 0.245860 -0.025331
vn 0.804393 0.591800 -0.052195
vn 0.804393 0.591800 -0.052195
vn 0.804393 0.591800 -0.052195
vn 0.804393 0.591800 -0.052195
vn -0.369475 0.349405 -0.861049
vn -0.369475 0.349405 -0.861049
vn -0.369475 0.349405 -0.861049
vn 0.132736 -0.664639 -0.735280
vn 0.132736 -0.664639 -0.735280
vn 0.132736 -0.664639 -0.735280
vn -0.299828 -0.006353 0.953972
vn -0.035610 -0.085346 0.995715
vn -0.035610 -0.085346 0.995715
vn -0.249892 -0.003445 0.968268
vn -0.074280 0.114167 0.990681
vn -0.074280 0.114167 0.990681
vn -0.999471 -0.032314 0.003585
vn -0.999471 -0.032314 0.003585
vn -0.696955 0.717066 0.008419
vn -0.696955 0.717066 0.008419
vn -0.999410 -0.033182 -0.008900
vn -0.999410 -0.033182 -0.008900
vn -0.635991 -0.771088 0.030652
vn -0.635991 -0.771088 0.030652
vn -0.261202 -0.014922 -0.965169
vn -0.082148 0.078077 -0.993557
vn -0.306076 -0.016646 -0.951862
vn -0.048800 -0.066930 -0.996564
vn 0.999574 0.028929 -0.003959
vn 0.999574 0.028929 -0.003959
vn 0.732296 -0.680935 -0.008395
vn 0.732296 -0.680935 -0.008395
vn 0.999592 0.028156 -0.004720
vn 0.999592 0.028156 -0.004720
vn 0.687334 0.726226 -0.012982
vn 0.687334 0.726226 -0.012982
vn -0.034454 0.999401 -0.003148
vn -0.034454 0.999401 -0.003148
vn -0.034454 0.999401 -0.003148
vn -0.005407 0.287585 0.957740
vn -0.005407 0.287585 0.957740
vn -0.005407 0.287585 0.957740
vn -0.026645 0.261240 -0.964906
vn 0.044612 -0.998752 -0.022451
vn 0.044612 -0.998752 -0.022451
vn 0.033157 -0.999450 0.001127
vn 0.033157 -0.999450 0.001127
vn 0.033157 -0.999450 0.001127
vn 0.025534 -0.282717 0.958863
vn 0.025534 -0.282717 0.958863
vn 0.025534 -0.282717 0.958863
vn 0.007937 -0.267414 -0.963549
vn -0.050220 0.997809 -0.043068
vn -0.050220 0.997809 -0.043068
vn 0.302957 0.012819 0.952918
vn 0.302957 0.012819 0.952918
vn 0.057780 -0.067182 0.996066
vn 0.057780 -0.067182 0.996066
vn 0.999595 0.028394 -0.001974
vn 0.999595 0.028394 -0.001974
vn 0.692555 -0.721291 0.010317
vn 0.692555 -0.721291 0.010317
vn 0.999616 0.027707 0.000131
vn 0.999616 0.027707 0.000131
vn 0.641110 0.767289 -0.015650
vn 0.641110 0.767289 -0.015650
vn 0.276224 0.012288 0.961015
vn 0.276224 0.012288 0.961015
vn 0.083223 0.101343 0.991364
vn 0.083223 0.101343 0.991364
vn 0.305660 0.001643 -0.952139
vn 0.035069 -0.076242 -0.996472
vn 0.267944 -0.001248 -0.963434
vn 0.047194 0.087923 -0.995009
vn -0.999432 -0.033618 0.002268
vn -0.999432 -0.033618 0.002268
vn -0.738561 0.673798 -0.022904
vn -0.738561 0.673798 -0.022904
vn -0.999366 -0.034336 0.009426
vn -0.999366 -0.034336 0.009426
vn -0.678823 -0.734233 -0.010084
vn -0.678823 -0.734233 -0.010084
vn -0.931054 -0.105229 -0.349379
vn -0.333739 -0.392204 -0.857201
vn -0.333739 -0.392204 -0.857201
vn -0.296210 -0.870506 -0.393037
vn -0.296210 -0.870506 -0.393037
vn -0.516653 -0.821250 0.242113
vn -0.957047 0.258914 0.130477
vn -0.855377 -0.442227 0.269750
vn -0.493007 0.436308 0.752715
vn -0.395879 -0.432440 0.810109
vn 0.363831 0.415352 0.833732
vn 0.263126 -0.493169 0.829186
vn 0.926757 0.279651 0.250834
vn 0.661697 -0.355848 0.659946
vn 0.950159 0.057863 -0.306348
vn 0.758772 -0.621397 0.195274
vn 0.533608 -0.370837 -0.760094
vn 0.386244 -0.899979 -0.202124
vn 0.204236 -0.622453 0.755539
vn 0.204236 -0.622453 0.755539
vn 0.204236 -0.622453 0.755539
vn 0.699936 -0.372820 0.609176
vn 0.699936 -0.372820 0.609176
vn 0.268131 -0.949853 0.160886
vn 0.268131 -0.949853 0.160886
vn 0.290756 -0.933507 -0.209823
vn 0.290756 -0.933507 -0.209823
vn -0.169112 -0.927571 -0.333187
vn -0.169112 -0.927571 -0.333187
vn -0.557457 -0.830176 -0.006982
vn -0.557457 -0.830176 -0.006982
vn -0.607455 -0.676298 0.416677
vn -0.607455 -0.676298 0.416677
vn -0.460235 -0.450621 0.764934
vn -0.460235 -0.450621 0.764934
vn 0.659814 0.744383 -0.102663
vn 0.659814 0.744383 -0.102663
vn 0.169333 0.982987 0.071158
vn 0.169333 0.982987 0.071158
vn 0.169333 0.982987 0.071158
vn -0.151719 0.354398 -0.922704
vn -0.151719 0.354398 -0.922704
vn -0.543714 0.567496 -0.618323
vn 0.771652 0.315052 -0.552536
vn 0.771652 0.315052 -0.552536
vn -0.520173 0.791219 -0.321548
vn 0.456276 0.282049 -0.843955
vn 0.456276 0.282049 -0.843955
vn -0.425462 0.884325 0.192228
vn -0.231623 0.396575 -0.888301
vn -0.231623 0.396575 -0.888301
vn 0.292289 0.933076 0.209611
vn -0.678807 0.442184 -0.586254
vn -0.678807 0.442184 -0.586254
vn 0.469966 0.845724 -0.252749
vn -0.698539 0.674286 -0.239544
vn -0.698539 0.674286 -0.239544
vn 0.588714 0.667967 -0.455232
vn -0.415559 0.908330 0.047405
vn -0.415559 0.908330 0.047405
vn 0.440307 0.301350 -0.845765
vn 0.241564 -0.060398 0.968503
vn 0.598547 -0.631611 0.492756
vn 0.766570 -0.624916 0.147815
vn 0.436812 -0.813975 -0.382936
vn -0.255183 -0.859724 -0.442443
vn -0.701155 -0.712553 0.025496
vn -0.764988 -0.493823 0.413439
vn -0.437848 -0.222082 0.871188
vn 0.746714 0.664507 -0.029130
vn 0.251191 0.903167 0.348127
vn 0.776785 0.512500 -0.365991
vn 0.486221 0.051053 -0.872343
vn -0.254004 0.133820 -0.957901
vn -0.657634 0.563113 -0.500422
vn -0.716473 0.659201 -0.228298
vn -0.447964 0.785130 0.427667
vn 0.113602 -0.014140 -0.993426
vn 0.113602 -0.014140 -0.993426
vn 0.113602 -0.014140 -0.993426
vn 0.113602 -0.014140 -0.993426
vn -0.914269 0.388736 -0.114006
vn -0.914269 0.388736 -0.114006
vn -0.387065 -0.003377 0.922046
vn -0.387065 -0.003377 0.922046
vn -0.387065 -0.003377 0.922046
vn -0.387065 -0.003377 0.922046
vn 0.662478 0.638197 0.392209
vn 0.662478 0.638197 0.392209
vn 0.873370 -0.485689 0.036493
vn 0.873370 -0.485689 0.036493
vn -0.033575 0.390068 -0.920174
vn -0.033575 0.390068 -0.920174
vn -0.033575 0.390068 -0.920174
vn -0.033575 0.390068 -0.920174
vn -0.157093 0.956205 0.246967
vn 0.162684 0.504060 -0.848208
vn 0.162684 0.504060 -0.848208
vn -0.209607 -0.063779 0.975703
vn -0.209607 -0.063779 0.975703
vn 0.153280 -0.945370 -0.287716
vn -0.746299 -0.583719 -0.319860
vn -0.746299 -0.583719 -0.319860
vn 0.157699 -0.952080 -0.262058
vn 0.208668 0.051271 -0.976642
vn 0.208668 0.051271 -0.976642
vn -0.165762 -0.492182 0.854564
vn -0.165762 -0.492182 0.854564
vn -0.371110 -0.432020 0.821971
vn -0.371110 -0.432020 0.821971
vn -0.371110 -0.432020 0.821971
vn -0.371110 -0.432020 0.821971
vn -0.157053 0.934320 0.319971
vn 0.363059 0.450130 -0.815825
vn 0.363059 0.450130 -0.815825
vn 0.363059 0.450130 -0.815825
vn 0.363059 0.450130 -0.815825
vn 0.908311 -0.404969 0.104749
vn 0.908311 -0.404969 0.104749
vn 0.030600 -0.367254 0.929617
vn 0.030600 -0.367254 0.929617
vn 0.030600 -0.367254 0.929617
vn 0.030600 -0.367254 0.929617
vn -0.886539 0.461578 -0.031529
vn -0.886539 0.461578 -0.031529
vn 0.757541 0.572800 0.313099
vn 0.757541 0.572800 0.313099
vn -0.115862 0.022009 0.993021
vn -0.115862 0.022009 0.993021
vn -0.115862 0.022009 0.993021
vn -0.115862 0.022009 0.993021
vn -0.651354 -0.660088 -0.374196
vn -0.651354 -0.660088 -0.374196
vn 0.392513 0.004769 -0.919734
vn 0.392513 0.004769 -0.919734
vn 0.392513 0.004769 -0.919734
vn 0.392513 0.004769 -0.919734
vn 0.940538 0.204287 -0.271396
vn 0.993623 0.112599 -0.005890
vn 0.051048 -0.028226 -0.998297
vn -0.172791 0.705142 -0.687690
vn -0.172791 0.705142 -0.687690
vn 0.949766 0.208910 -0.233024
vn 0.931965 0.353907 -0.078679
vn 0.931965 0.353907 -0.078679
vn -0.914254 -0.227126 -0.335488
vn -0.914254 -0.227126 -0.335488
vn -0.950387 -0.294258 -0.100879
vn -0.933486 -0.231095 -0.274223
vn -0.933486 -0.231095 -0.274223
vn -0.985336 -0.135503 -0.103696
vn -0.039416 0.022210 0.998976
vn -0.039416 0.022210 0.998976
vn -0.188964 0.708704 0.679729
vn -0.188964 0.708704 0.679729
vn -0.237511 0.969310 -0.063452
vn -0.237511 0.969310 -0.063452
vn 0.859859 0.510309 0.015116
vn 0.859859 0.510309 0.015116
vn -0.998948 0.027493 -0.036716
vn -0.998948 0.027493 -0.036716
vn 0.229685 -0.972035 0.048921
vn 0.229685 -0.972035 0.048921
vn 0.229685 -0.972035 0.048921
vn -0.015493 0.027349 0.999506
vn -0.015493 0.027349 0.999506
vn 0.133000 -0.677774 0.723141
vn 0.133000 -0.677774 0.723141
vn 0.207927 -0.977822 0.025098
vn 0.207927 -0.977822 0.025098
vn 0.013513 -0.036590 -0.999239
vn 0.242507 -0.743447 -0.623279
vn 0.242507 -0.743447 -0.623279
vn 0.996043 -0.081907 0.034481
vn -0.881119 -0.472203 -0.025577
vn -0.271810 0.962115 -0.021317
vn -0.271810 0.962115 -0.021317
vn -0.005201 0.025445 0.999663
vn -0.005201 0.025445 0.999663
vn -0.229635 0.770289 0.594914
vn -0.229635 0.770289 0.594914
vn -0.058486 0.010381 0.998234
vn -0.058486 0.010381 0.998234
vn 0.193852 -0.722468 0.663673
vn 0.193852 -0.722468 0.663673
vn 0.044235 -0.018094 -0.998857
vn 0.044235 -0.018094 -0.998857
vn 0.178263 -0.750744 -0.636087
vn 0.178263 -0.750744 -0.636087
vn 0.030487 -0.023857 -0.999250
vn 0.030487 -0.023857 -0.999250
vn -0.142391 0.690764 -0.708921
vn -0.142391 0.690764 -0.708921
vn 0.931382 0.224298 0.286737
vn 0.919819 0.370909 0.127901
vn 0.919819 0.370909 0.127901
vn -0.947768 -0.214516 0.236048
vn -0.993100 -0.107310 0.047287
vn -0.993100 -0.107310 0.047287
vn 0.922885 0.219534 0.316366
vn 0.990704 0.106488 0.084650
vn -0.941391 -0.214718 0.260153
vn -0.951358 -0.303410 0.053481
vn 0.412047 0.775646 -0.478111
vn 0.412047 0.775646 -0.478111
vn 0.490764 0.672359 -0.554152
vn 0.490764 0.672359 -0.554152
vn -0.872164 0.375412 -0.313682
vn -0.872164 0.375412 -0.313682
vn -0.367646 -0.001093 -0.929965
vn -0.367646 -0.001093 -0.929965
vn -0.756751 -0.572155 0.316175
vn -0.756751 -0.572155 0.316175
vn -0.637518 -0.577024 0.510504
vn -0.637518 -0.577024 0.510504
vn 0.845134 -0.416704 0.334823
vn 0.845134 -0.416704 0.334823
vn 0.519697 -0.693191 -0.499401
vn 0.519697 -0.693191 -0.499401
vn -0.033791 0.475298 0.879175
vn -0.033791 0.475298 0.879175
vn 0.555909 0.825095 -0.100913
vn 0.555909 0.825095 -0.100913
vn 0.321378 0.802789 -0.502241
vn 0.321378 0.802789 -0.502241
vn 0.406911 0.887563 -0.215999
vn 0.406911 0.887563 -0.215999
vn -0.780056 0.493993 -0.384036
vn -0.780056 0.493993 -0.384036
vn -0.531865 0.615228 0.581905
vn -0.531865 0.615228 0.581905
vn -0.548247 -0.588880 0.593840
vn -0.548247 -0.588880 0.593840
vn 0.034000 -0.441914 -0.896413
vn 0.034000 -0.441914 -0.896413
vn 0.066839 -0.404719 -0.911995
vn 0.066839 -0.404719 -0.911995
vn 0.548373 0.625576 -0.554926
vn 0.548373 0.625576 -0.554926
vn -0.550948 -0.833639 0.038770
vn -0.550948 -0.833639 0.038770
vn -0.733105 -0.593430 0.332262
vn -0.733105 -0.593430 0.332262
vn -0.677556 -0.723577 0.131738
vn -0.677556 -0.723577 0.131738
vn -0.095411 0.339700 0.935682
vn -0.095411 0.339700 0.935682
vn 0.778604 -0.497130 0.382933
vn 0.778604 -0.497130 0.382933
vn 0.475723 0.057642 0.877705
vn 0.475723 0.057642 0.877705
vn 0.683725 0.629988 -0.368287
vn 0.683725 0.629988 -0.368287
vn 0.696557 0.701446 -0.150936
vn 0.696557 0.701446 -0.150936
vn 0.879570 -0.362030 0.308694
vn 0.879570 -0.362030 0.308694
vn 0.389860 0.039659 0.920020
vn 0.389860 0.039659 0.920020
vn 0.802212 -0.463720 0.376058
vn 0.802212 -0.463720 0.376058
vn 0.532433 -0.587468 -0.609423
vn 0.532433 -0.587468 -0.609423
vn -0.403290 -0.779073 0.480002
vn -0.403290 -0.779073 0.480002
vn -0.466632 -0.625582 0.625222
vn -0.466632 -0.625582 0.625222
vn -0.801249 0.461723 -0.380543
vn -0.801249 0.461723 -0.380543
vn -0.522482 -0.128987 -0.842838
vn -0.522482 -0.128987 -0.842838
vn 0.740946 0.585701 -0.328562
vn 0.740946 0.585701 -0.328562
vn 0.636810 0.630466 -0.443830
vn 0.636810 0.630466 -0.443830
vn -0.218203 -0.819077 0.530566
vn -0.218203 -0.819077 0.530566
vn -0.423564 -0.890191 0.167791
vn -0.423564 -0.890191 0.167791
vn -0.872013 0.370838 -0.319487
vn -0.872013 0.370838 -0.319487
vn -0.574432 0.594016 0.563180
vn -0.574432 0.594016 0.563180
vn 0.997449 -0.062985 0.033593
vn 0.608145 -0.592481 -0.528324
vn 0.608145 -0.592481 -0.528324
vn 0.273638 -0.527644 0.804186
vn 0.106231 -0.455605 0.883821
vn 0.106231 -0.455605 0.883821
vn -0.998682 0.048944 -0.015453
vn -0.998682 0.048944 -0.015453
vn -0.619639 -0.624297 -0.475711
vn -0.619639 -0.624297 -0.475711
vn -0.050346 0.784624 0.617924
vn -0.050346 0.784624 0.617924
vn -0.001195 -0.360144 0.932896
vn -0.001195 -0.360144 0.932896
vn 0.997241 0.006318 -0.073968
vn 0.576873 0.626969 0.523572
vn 0.576873 0.626969 0.523572
vn -0.035369 0.808584 -0.587316
vn -0.035369 0.808584 -0.587316
vn 0.300535 0.504990 -0.809113
vn 0.300535 0.504990 -0.809113
vn 0.104914 0.720906 -0.685046
vn 0.104914 0.720906 -0.685046
vn 0.049908 -0.752403 -0.656810
vn 0.049908 -0.752403 -0.656810
vn -0.004366 -0.838297 -0.545197
vn -0.004366 -0.838297 -0.545197
vn 0.253102 -0.529597 0.809609
vn 0.174885 -0.652652 0.737197
vn 0.174885 -0.652652 0.737197
vn 0.049944 -0.769665 0.636492
vn 0.049944 -0.769665 0.636492
vn 0.009931 0.313873 -0.949413
vn 0.009931 0.313873 -0.949413
vn 0.221521 0.517669 -0.826406
vn 0.221521 0.517669 -0.826406
vn 0.029908 0.403590 -0.914451
vn 0.029908 0.403590 -0.914451
vn -0.040801 0.813090 0.580706
vn -0.040801 0.813090 0.580706
vn -0.998454 0.003285 0.055481
vn -0.998454 0.003285 0.055481
vn -0.662952 0.644011 0.381765
vn -0.662952 0.644011 0.381765
vn -0.139837 -0.523616 0.840400
vn -0.139837 -0.523616 0.840400
vn -0.096167 -0.469807 0.877515
vn -0.096167 -0.469807 0.877515
vn -0.998685 0.051007 -0.005138
vn -0.656663 0.565765 0.498702
vn -0.656663 0.565765 0.498702
vn -0.238350 0.520662 -0.819817
vn -0.238350 0.520662 -0.819817
vn -0.156710 0.710176 -0.686361
vn -0.156710 0.710176 -0.686361
vn 0.995446 0.001736 -0.095313
vn 0.682330 -0.569836 -0.457944
vn 0.682330 -0.569836 -0.457944
vn 0.998828 -0.040170 -0.027007
vn 0.656223 0.666114 0.354490
vn 0.656223 0.666114 0.354490
vn -0.293160 -0.498828 0.815615
vn -0.293160 -0.498828 0.815615
vn -0.106970 -0.638048 0.762530
vn -0.106970 -0.638048 0.762530
vn -0.993429 -0.021586 0.112399
vn -0.593554 -0.624850 -0.507205
vn -0.593554 -0.624850 -0.507205
vn -0.338853 0.509517 -0.790931
vn -0.338853 0.509517 -0.790931
vn -0.043176 0.426631 -0.903394
vn -0.043176 0.426631 -0.903394
vn 0.449363 -0.880969 -0.148209
vn -0.440031 0.884879 0.152843
vn -0.449154 -0.881065 -0.148277
vn 0.439784 0.884992 0.152903
vn -0.071347 -0.905022 0.419338
vn 0.064348 0.888215 -0.454900
vn -0.457274 -0.055324 -0.887603
vn -0.584033 0.069802 -0.808723
vn -0.134917 -0.001328 -0.990856
vn 0.100641 0.406887 -0.907917
vn -0.269555 0.019867 -0.962780
vn -0.589620 0.031681 -0.807059
vn -0.782213 0.037830 -0.621861
vn -0.677181 -0.731751 0.077250
vn 0.589621 -0.031681 0.807059
vn 0.630761 0.000389 0.775977
vn 0.658909 0.385001 0.646230
vn 0.038657 0.119734 0.992053
vn 0.207131 0.025142 0.977990
vn 0.658909 0.385001 0.646230
vn 0.630761 0.000389 0.775977
vn 0.207131 0.025142 0.977990
vn -0.630761 -0.000390 -0.775977
vn -0.207131 -0.025142 -0.977990
vn 0.844692 0.094238 -0.526892
vn 0.862368 0.050353 -0.503771
vn 0.886123 0.028266 -0.462588
vn 0.913877 0.061860 -0.401252
vn 0.913767 0.061700 -0.401525
vn 0.391926 0.125280 -0.911427
vn 0.319345 0.213661 -0.923238
vn 0.807606 0.293551 -0.511469
vn 0.848351 0.190608 -0.493931
vn -0.302837 -0.055940 -0.951399
vn -0.270043 -0.050941 -0.961500
vn -0.054587 0.083420 -0.995018
vn -0.052153 0.137847 -0.989079
vn -0.296831 0.143864 -0.944031
vn -0.061090 0.185851 -0.980677
vn 0.385187 0.226389 -0.894639
vn 0.789361 0.222491 -0.572195
vn 0.759167 0.226473 0.610225
vn 0.773236 0.255360 0.580429
vn 0.385109 0.102238 0.917190
vn 0.385109 0.102238 0.917190
vn 0.452527 0.201246 0.868746
vn 0.452527 0.201246 0.868746
vn 0.981363 0.191054 -0.020619
vn 0.951145 0.301269 -0.067527
vn 0.895199 0.242360 0.374007
vn 0.895370 0.221685 0.386222
vn 0.974018 0.222019 -0.044678
vn 0.869072 0.251650 0.425894
vn 0.927416 0.291941 -0.233816
vn 0.926526 0.208904 -0.312905
vn 0.946385 0.226757 -0.230081
vn 0.716479 0.211562 0.664755
vn 0.326149 0.073969 0.942420
vn 0.326149 0.073969 0.942420
vn 0.824053 0.257480 0.504618
vn 0.810227 0.213863 0.545705
vn 0.862110 0.261001 0.434334
vn -0.917574 -0.024179 -0.396830
vn -0.936951 0.170290 -0.305162
vn -0.909099 -0.018788 0.416157
vn -0.780523 -0.572390 0.251305
vn -0.936951 0.170290 -0.305162
vn -0.917963 0.180492 -0.353222
vn -0.900798 0.076423 -0.427461
vn 0.258264 -0.915843 0.307459
vn -0.829394 -0.243057 0.503019
vn -0.827903 -0.208989 0.520480
vn -0.883075 -0.322992 0.340374
vn -0.986625 0.006539 0.162874
vn -0.903265 -0.229991 0.362237
vn -0.646905 -0.231932 0.726445
vn -0.679711 -0.187315 0.709159
vn -0.913235 -0.267318 0.307477
vn -0.893072 -0.315079 0.321165
vn 0.225900 0.071997 0.971486
vn 0.183892 0.004269 0.982937
vn -0.069768 -0.028417 0.997158
vn -0.017128 -0.015749 0.999729
vn 0.145210 -0.075442 0.986520
vn -0.213740 -0.083252 0.973337
vn -0.624152 -0.351889 0.697573
vn -0.885278 -0.341702 0.315472
vn -0.620594 -0.261053 -0.739402
vn -0.671672 -0.206197 -0.711576
vn -0.929277 -0.259367 0.263008
vn -0.919994 -0.297700 0.254922
vn -0.966457 -0.229832 -0.114625
vn -0.966457 -0.229832 -0.114625
vn -0.957601 -0.263937 -0.115487
vn -0.957601 -0.263937 -0.115487
vn -0.468893 -0.780540 0.413397
vn -0.586618 -0.804995 -0.088669
vn -0.586618 -0.804995 -0.088669
vn -0.485445 -0.263578 -0.833588
vn -0.139946 -0.270599 -0.952466
vn -0.013787 -0.839188 -0.543666
vn -0.070691 -0.446267 -0.892104
vn 0.266113 -0.314838 -0.911077
vn 0.849559 0.157342 0.503481
vn 0.873435 0.269565 0.405519
vn 0.863270 0.304593 0.402477
vn 0.876628 0.130896 0.463023
vn -0.151605 -0.421971 0.893843
vn 0.200088 -0.256100 0.945715
vn 0.266695 -0.355790 0.895705
vn 0.030564 -0.446360 0.894332
vn 0.263599 0.195793 0.944553
vn 0.126729 0.906807 0.402046
vn -0.007350 0.910425 0.413608
vn 0.145828 0.282516 0.948113
vn -0.056267 0.189700 0.980229
vn -0.183412 0.860447 0.475386
vn -0.083277 0.897244 0.433610
vn 0.035673 0.137573 0.989849
vn -0.294716 -0.766195 0.571041
vn -0.336086 -0.742866 0.578961
vn -0.587005 -0.557681 0.586871
vn -0.431143 -0.614897 0.660316
vn -0.213066 -0.143439 0.966451
vn 0.039095 -0.173894 0.983988
vn 0.086192 -0.636349 0.766571
vn -0.307596 -0.462215 0.831710
vn 0.078272 -0.322899 0.943191
vn 0.261846 -0.209470 0.942103
vn 0.290576 0.020737 0.956627
vn 0.098796 -0.044920 0.994093
vn 0.529414 -0.092033 0.843357
vn 0.529414 -0.092033 0.843357
vn 0.746520 0.058434 0.662792
vn 0.778935 -0.033108 0.626231
vn 0.571137 -0.243387 0.783942
vn 0.571137 -0.243387 0.783942
vn 0.837378 -0.118882 0.533541
vn 0.488159 0.822183 0.292773
vn 0.256221 0.859935 0.441432
vn 0.256221 0.859935 0.441432
vn 0.429500 0.206227 0.879204
vn 0.429500 0.206227 0.879204
vn 0.542594 -0.181993 0.820043
vn 0.542594 -0.181993 0.820043
vn 0.781436 -0.004704 0.623968
vn 0.830282 0.134428 0.540889
vn 0.594846 -0.006549 0.803813
vn 0.594846 -0.006549 0.803813
vn 0.906370 0.413205 0.088058
vn 0.204670 0.978748 0.012747
vn 0.392213 0.918579 0.048808
vn 0.950089 0.126603 0.285138
vn 0.908281 0.100205 0.406182
vn 0.911184 0.224422 0.345512
vn 0.952535 0.201694 0.228026
vn 0.918808 0.130058 0.372662
vn 0.679988 0.193596 -0.707204
vn 0.269566 0.177927 -0.946402
vn 0.236471 0.232841 -0.943327
vn 0.603244 0.249065 -0.757670
vn 0.965022 0.257109 0.051266
vn 0.913318 0.186714 -0.361922
vn 0.893243 0.199811 -0.402730
vn 0.937942 0.328943 0.109821
vn 0.735038 0.629093 -0.252906
vn 0.318117 0.924341 -0.210701
vn 0.455490 0.889917 0.024014
vn 0.921466 0.388165 0.015107
vn 0.932788 0.348938 0.090267
vn 0.845177 0.366565 -0.388980
vn 0.829479 0.419158 -0.369149
vn 0.878307 0.476394 0.040323
vn 0.281421 0.474128 -0.834269
vn 0.028632 0.816883 -0.576092
vn 0.138222 0.920640 -0.365125
vn 0.417010 0.699528 -0.580314
vn 0.658151 0.094452 -0.746938
vn 0.359838 -0.016324 -0.932872
vn 0.341548 -0.011923 -0.939789
vn 0.646281 0.134352 -0.751179
vn -0.051948 0.155147 -0.986525
vn -0.158343 0.082443 -0.983936
vn 0.200782 -0.158302 -0.966761
vn 0.060694 0.067061 -0.995901
vn -0.001379 0.835443 -0.549575
vn -0.170688 0.948735 -0.266020
vn -0.028674 0.883001 -0.468495
vn 0.215820 0.525573 -0.822919
vn 0.244445 -0.072069 -0.966981
vn 0.357530 -0.240213 -0.902480
vn 0.348604 0.010081 -0.937216
vn 0.357306 0.082959 -0.930296
vn -0.201472 0.397297 -0.895301
vn -0.094322 0.833973 -0.543683
vn 0.090271 0.747899 -0.657646
vn 0.033184 0.592287 -0.805044
vn 0.190816 -0.189689 -0.963124
vn -0.108135 -0.172322 -0.979087
vn -0.121652 -0.133709 -0.983526
vn 0.045661 -0.112071 -0.992651
vn -0.163906 -0.367176 -0.915596
vn -0.325633 -0.312479 -0.892367
vn -0.948007 0.207842 0.241009
vn -0.954445 0.193580 0.227071
vn -0.978525 0.129108 0.160686
vn -0.950150 0.270573 0.154936
vn 0.127526 -0.329713 0.935428
vn -0.057875 -0.446088 0.893116
vn -0.304303 -0.284540 0.909085
vn -0.226239 -0.043836 0.973085
vn -0.303243 0.196563 0.932420
vn -0.001666 0.258091 0.966119
vn 0.220698 0.825590 0.519321
vn -0.040548 0.857526 0.512841
vn 0.055956 0.341579 0.938186
vn 0.165765 0.892295 0.419919
vn 0.440950 -0.684740 0.580253
vn 0.362891 -0.597065 0.715419
vn 0.483316 -0.478987 0.732787
vn 0.547954 -0.586483 0.596476
vn 0.214650 -0.169543 0.961863
vn 0.264156 -0.447537 0.854361
vn -0.125476 -0.319888 0.939110
vn -0.184160 -0.070991 0.980329
vn -0.369835 -0.051800 0.927652
vn -0.348995 -0.223505 0.910082
vn -0.492362 -0.015295 0.870256
vn -0.546056 -0.188784 0.816201
vn -0.805969 -0.072432 0.587510
vn -0.805969 -0.072432 0.587510
vn -0.820974 -0.032200 0.570057
vn -0.820974 -0.032200 0.570057
vn -0.819382 0.304608 0.485620
vn -0.819382 0.304608 0.485620
vn -0.645237 0.275525 0.712570
vn -0.341700 0.890848 0.299383
vn -0.463163 0.879159 0.112066
vn -0.463163 0.879159 0.112066
vn -0.573589 -0.174989 0.800234
vn -0.582270 -0.037031 0.812152
vn -0.835663 0.058909 0.546074
vn -0.835663 0.058909 0.546074
vn -0.823790 -0.053210 0.564392
vn -0.823790 -0.053210 0.564392
vn -0.976651 0.119501 0.178526
vn -0.869314 0.329740 0.368190
vn -0.448140 0.891506 0.066236
vn -0.397626 0.917384 -0.017332
vn -0.981216 0.034189 0.189856
vn -0.955307 0.195980 0.221314
vn -0.989445 0.113253 0.090398
vn -0.986180 0.053010 0.156965
vn -0.769400 0.279309 -0.574465
vn -0.681715 0.228921 -0.694881
vn -0.198611 0.252773 -0.946921
vn -0.227524 0.325738 -0.917675
vn -0.946038 0.323958 0.007941
vn -0.989289 0.145219 0.014777
vn -0.916799 0.136025 -0.375468
vn -0.884533 0.260300 -0.387099
vn -0.934502 0.232875 -0.269211
vn -0.988716 0.100240 -0.111319
vn -0.462455 0.870338 -0.169253
vn -0.579646 0.795243 -0.177760
vn -0.985616 0.168921 -0.005094
vn -0.965601 0.251790 -0.064936
vn -0.910817 0.248725 -0.329465
vn -0.909471 0.135267 -0.393149
vn -0.437964 0.431005 -0.788938
vn -0.667918 0.470279 -0.576821
vn -0.196604 0.941548 -0.273558
vn -0.231005 0.868922 -0.437735
vn -0.671804 0.145295 -0.726339
vn -0.666545 0.263453 -0.697360
vn -0.440194 0.160749 -0.883396
vn -0.384449 0.080155 -0.919660
vn 0.226107 0.073245 -0.971345
vn -0.017471 -0.016860 -0.999705
vn -0.100900 -0.187151 -0.977136
vn 0.118557 -0.114404 -0.986335
vn 0.157651 0.619107 -0.769319
vn -0.202736 0.439775 -0.874927
vn 0.118316 0.900822 -0.417758
vn 0.342893 0.832433 -0.435293
vn -0.332541 -0.148782 -0.931279
vn -0.374300 0.098925 -0.922016
vn -0.150038 -0.021668 -0.988443
vn -0.236632 -0.234830 -0.942794
vn -0.036536 0.538047 -0.842122
vn -0.106098 0.762757 -0.637922
vn -0.264843 -0.178732 -0.947583
vn -0.098233 -0.002249 -0.995161
vn 0.622289 0.077975 0.778894
vn -0.270023 -0.183263 -0.945252
vn -0.739920 0.240644 -0.628179
vn -0.654043 -0.149931 -0.741450
vn 0.739920 -0.240644 0.628179
vn 0.270023 0.183263 0.945252
vn 0.654043 0.149931 0.741450
vn -0.270023 -0.183263 -0.945252
vn -0.739920 0.240644 -0.628179
vn -0.073576 0.303443 -0.950005
vn 0.064206 -0.199622 -0.977767
vn 0.199833 -0.029935 -0.979373
vn -0.542863 0.312901 0.779354
vn -0.064206 0.199622 0.977767
vn -0.117007 -0.993118 -0.005173
vn 0.542860 -0.312900 -0.779356
vn 0.542798 -0.315465 -0.778365
vn 0.691147 -0.286259 -0.663605
vn 0.824057 -0.295755 -0.483176
vn 0.752551 -0.399473 -0.523535
vn 0.395220 0.035098 -0.917916
vn 0.459572 -0.025803 -0.887766
vn 0.636333 -0.150298 -0.756631
vn 0.714494 -0.257563 -0.650507
vn 0.363970 -0.022171 -0.931147
vn 0.631721 -0.149301 -0.760683
vn 0.086029 0.043889 -0.995325
vn 0.235289 0.055126 -0.970361
vn -0.043233 0.158854 -0.986355
vn 0.808620 -0.381689 0.447714
vn 0.855957 -0.306817 0.416175
vn 0.656255 -0.079785 0.750309
vn 0.565123 -0.259634 0.783088
vn 0.935925 -0.295063 -0.192310
vn 0.935925 -0.295063 -0.192310
vn 0.895680 -0.427389 -0.122868
vn 0.895680 -0.427389 -0.122868
vn 0.975575 -0.202045 -0.086210
vn 0.975575 -0.202045 -0.086210
vn 0.920712 -0.137713 0.365136
vn 0.658332 -0.136617 0.740226
vn 0.911544 0.073757 -0.404534
vn 0.803917 0.120748 -0.582355
vn 0.577452 0.065269 -0.813812
vn -0.156551 -0.985645 -0.063210
vn -0.911545 -0.073756 0.404530
vn -0.849862 -0.045215 0.525062
vn -0.851388 0.285886 0.439781
vn -0.823811 -0.117765 0.554497
vn -0.930415 -0.019046 0.366013
vn -0.877532 0.199264 0.436156
vn -0.877532 0.199264 0.436156
vn -0.812735 0.266372 0.518177
vn -0.812735 0.266372 0.518177
vn -0.899514 0.233159 0.369474
vn -0.922936 0.228913 0.309495
vn 0.359525 -0.156993 0.919834
vn 0.275668 -0.079882 0.957928
vn -0.144482 0.032844 0.988962
vn -0.009646 -0.045913 0.998899
vn 0.358909 -0.055486 0.931722
vn -0.152929 0.134805 0.979000
vn -0.809902 0.180327 0.558158
vn -0.809902 0.180327 0.558158
vn -0.927431 0.227632 0.296741
vn -0.566311 0.211117 0.796694
vn -0.503482 0.185323 0.843897
vn -0.598639 0.056393 0.799031
vn -0.670018 0.231636 -0.705281
vn -0.570720 0.164734 -0.804451
vn -0.899500 0.240778 0.364590
vn -0.892489 0.273934 0.358362
vn -0.950182 0.290626 -0.112655
vn -0.962889 0.230167 -0.140953
vn -0.905760 0.423302 -0.020342
vn -0.881759 0.389231 0.266458
vn -0.872208 0.221064 -0.436330
vn -0.778279 0.312812 -0.544454
vn -0.402332 0.205421 -0.892149
vn -0.889197 0.210170 -0.406395
vn -0.809604 0.336987 -0.480606
vn -0.861994 0.267631 -0.430510
vn -0.830620 0.230515 -0.506886
vn 0.894299 -0.012245 0.447302
vn -0.828776 0.144109 -0.540707
vn -0.964253 0.013572 -0.264635
vn -0.949618 0.151845 -0.274169
vn -0.654043 -0.149931 -0.741450
vn 0.964253 -0.013571 0.264636
vn 0.828775 -0.144108 0.540708
vn 0.949618 -0.151845 0.274169
vn 0.358821 -0.307025 -0.881466
vn 0.604625 -0.791170 -0.092075
vn 0.604625 -0.791170 -0.092075
vn 0.662900 -0.659853 0.353776
vn -0.984950 0.141112 -0.099801
vn -0.987127 0.051003 0.151586
vn -0.844822 0.478251 0.239899
vn -0.758071 0.432604 0.488038
vn -0.758071 0.432604 0.488038
vn -0.560783 0.314330 0.765976
vn -0.327351 0.269434 0.905675
vn -0.115612 0.326281 0.938176
vn 0.167870 0.322635 0.931518
vn 0.074078 0.139609 0.987432
vn -0.171658 0.236778 0.956279
vn 0.141159 0.325755 0.934857
vn 0.300616 0.312910 0.900953
vn 0.532713 0.285775 0.796586
vn 0.532713 0.285775 0.796586
vn 0.869872 -0.097849 0.483475
vn 0.082703 0.691160 -0.717954
vn -0.181851 0.245919 -0.952079
vn -0.102291 0.546433 -0.831233
vn 0.112579 0.718151 -0.686720
vn 0.213370 0.660058 -0.720275
vn 0.231860 0.451643 -0.861545
vn 0.384614 0.670226 -0.634719
vn 0.682194 0.665090 -0.303755
vn 0.839496 0.542386 0.032618
vn 0.946001 0.288471 0.147871
vn 0.907662 0.141752 0.395040
vn -0.826765 0.472360 -0.305507
vn -0.530699 0.611735 -0.586633
vn -0.291830 0.567237 -0.770115
vn -0.200490 0.488582 -0.849171
vn 0.101866 0.574953 -0.811821
vn -0.219948 0.916684 -0.333636
vn -0.219948 0.916684 -0.333636
vn -0.174719 0.984244 -0.027129
vn -0.174719 0.984244 -0.027129
vn -0.077470 0.904646 -0.419064
vn -0.077470 0.904646 -0.419064
vn -0.077470 0.904646 -0.419064
vn -0.077470 0.904646 -0.419064
vn -0.072100 0.904164 -0.421056
vn -0.072100 0.904164 -0.421056
vn -0.072100 0.904164 -0.421056
vn -0.181304 0.983426 -0.001357
vn -0.181304 0.983426 -0.001357
vn -0.304749 0.949581 -0.073648
vn -0.304749 0.949581 -0.073648
vn -0.302019 0.952585 0.036971
vn -0.302019 0.952585 0.036971
vn -0.299370 0.950114 0.087526
vn -0.299370 0.950114 0.087526
vn -0.303332 0.941829 0.144737
vn -0.303332 0.941829 0.144737
vn -0.238323 0.958789 0.154682
vn -0.238323 0.958789 0.154682
vn -0.256908 0.960683 0.105292
vn -0.256908 0.960683 0.105292
vn -0.197528 0.963125 0.182682
vn -0.197528 0.963125 0.182682
vn 0.033314 0.986864 0.158084
vn 0.033314 0.986864 0.158084
vn 0.236287 0.968841 0.074271
vn 0.236287 0.968841 0.074271
vn 0.370581 0.928543 -0.021869
vn 0.370581 0.928543 -0.021869
vn 0.298062 0.949620 0.096852
vn 0.298062 0.949620 0.096852
vn 0.203011 0.956980 0.207306
vn 0.203011 0.956980 0.207306
vn 0.179283 0.968032 0.175421
vn 0.179283 0.968032 0.175421
vn 0.270174 0.960166 0.071319
vn 0.270174 0.960166 0.071319
vn 0.290581 0.945550 -0.146619
vn 0.290581 0.945550 -0.146619
vn 0.318407 0.928005 -0.193453
vn 0.318407 0.928005 -0.193453
vn 0.244444 0.934149 -0.260026
vn 0.244444 0.934149 -0.260026
vn 0.265521 0.866031 -0.423660
vn 0.265521 0.866031 -0.423660
vn 0.265521 0.866031 -0.423660
vn 0.246792 0.906771 -0.341847
vn 0.246792 0.906771 -0.341847
vn 0.240442 0.927119 -0.287467
vn 0.240442 0.927119 -0.287467
vn 0.194960 0.965722 0.171382
vn 0.194960 0.965722 0.171382
vn 0.157102 0.906665 0.391506
vn -0.005649 0.971475 0.237075
vn -0.005649 0.971475 0.237075
vn -0.168030 0.831488 -0.529522
vn -0.168030 0.831488 -0.529522
vn -0.207358 0.644807 -0.735681
vn -0.207358 0.644807 -0.735681
vn 0.584033 -0.069802 0.808723
vn 0.457274 0.055324 0.887603
vn -0.100641 -0.406887 0.907917
vn 0.134917 0.001328 0.990856
vn -0.015843 -0.724546 -0.689044
vn -0.630761 -0.000390 -0.775977
vn -0.589620 0.031681 -0.807059
vn -0.207131 -0.025142 -0.977990
vn -0.038656 -0.119734 -0.992053
vn -0.179653 -0.895257 0.407726
vn 0.862368 0.050353 -0.503771
vn 0.913767 0.061700 -0.401525
vn -0.862368 -0.050353 0.503771
vn -0.913767 -0.061700 0.401525
vn -0.584033 0.069802 -0.808723
vn 0.100641 0.406887 -0.907917
vn 0.584033 -0.069802 0.808723
vn -0.100641 -0.406887 0.907917
vn -0.134917 -0.001328 -0.990856
vn 0.100641 0.406887 -0.907917
vn 0.644877 0.331083 -0.688853
vn -0.100641 -0.406887 0.907917
vn 0.134917 0.001328 0.990856
vn -0.644877 -0.331083 0.688853
vn 0.134917 0.001328 0.990856
vn -0.644877 -0.331083 0.688853
vn -0.117614 0.146167 0.982243
vn -0.005471 -0.695602 -0.718406
vn 0.794744 -0.066269 0.603316
vn 0.900798 -0.076422 0.427461
vn 0.917963 -0.180492 0.353222
vn -0.794744 0.066269 -0.603316
vn -0.917963 0.180492 -0.353222
vn -0.900798 0.076423 -0.427461
vn -0.794744 0.066269 -0.603316
vn -0.782213 0.037830 -0.621861
vn -0.900798 0.076423 -0.427461
vn -0.399623 -0.896755 0.190083
vn 0.221057 0.130221 0.966528
vn 0.038657 0.119734 0.992053
vn 0.207131 0.025142 0.977990
vn -0.221057 -0.130221 -0.966528
vn -0.207131 -0.025142 -0.977990
vn -0.038656 -0.119734 -0.992053
vn 0.338309 0.063933 0.938861
vn 0.221057 0.130221 0.966528
vn -0.497092 -0.033046 0.867068
vn -0.221057 -0.130221 -0.966528
vn -0.338309 -0.063933 -0.938861
vn 0.497092 0.033046 -0.867068
vn -0.998752 -0.001076 0.049939
vn -0.986625 0.006539 0.162874
vn -0.903265 -0.229991 0.362237
vn 0.998752 0.001076 -0.049939
vn 0.903265 0.229991 -0.362237
vn 0.986625 -0.006539 -0.162874
vn -0.827903 -0.208989 0.520480
vn -0.903265 -0.229991 0.362237
vn 0.827903 0.208989 -0.520480
vn 0.903265 0.229991 -0.362237
vn -0.877670 -0.333192 0.344496
vn -0.998752 -0.001076 0.049939
vn -0.745867 -0.259528 -0.613455
vn 0.998752 0.001076 -0.049939
vn 0.877672 0.333190 -0.344495
vn 0.745868 0.259527 0.613455
vn 0.877672 0.333190 -0.344495
vn 0.745868 0.259527 0.613455
vn 0.752481 0.220466 0.620618
vn -0.121260 -0.981646 -0.147195
vn -0.457274 -0.055324 -0.887603
vn -0.584033 0.069802 -0.808723
vn -0.752481 -0.220465 -0.620619
vn -0.745867 -0.259528 -0.613455
vn 0.584033 -0.069802 0.808723
vn 0.457274 0.055324 0.887603
vn 0.745868 0.259527 0.613455
vn 0.752481 0.220466 0.620618
vn -0.862368 -0.050353 0.503771
vn -0.844692 -0.094238 0.526892
vn -0.913767 -0.061700 0.401525
vn -0.913877 -0.061860 0.401251
vn -0.894921 -0.269435 0.355698
vn 0.936951 -0.170290 0.305162
vn 0.917574 0.024179 0.396830
vn 0.917963 -0.180492 0.353222
vn -0.917574 -0.024179 -0.396830
vn -0.936951 0.170290 -0.305162
vn -0.917963 0.180492 -0.353222
vn -0.338309 -0.063933 -0.938861
vn 0.497092 0.033046 -0.867068
vn 0.389582 0.131515 -0.911554
vn 0.002832 -0.872534 0.488546
vn -0.221057 -0.130221 -0.966528
vn -0.338309 -0.063933 -0.938861
vn -0.038656 -0.119734 -0.992053
vn -0.004094 -0.873901 0.486087
vn 0.829394 0.243057 -0.503019
vn 0.389582 0.131515 -0.911554
vn -0.035808 -0.892401 0.449820
vn 0.827903 0.208989 -0.520480
vn 0.829394 0.243057 -0.503019
vn 0.903265 0.229991 -0.362237
vn 0.986625 -0.006539 -0.162874
vn -0.092920 -0.923954 0.371047
vn 0.998752 0.001076 -0.049939
vn 0.877672 0.333190 -0.344495
vn 0.986625 -0.006539 -0.162874
vn -0.128869 -0.946702 0.295210
vn 0.457274 0.055324 0.887603
vn 0.752481 0.220466 0.620618
vn -0.069859 -0.791198 -0.607558
vn -0.844692 -0.094238 0.526892
vn -0.117614 0.146167 0.982243
vn -0.323248 -0.822899 -0.467276
vn 0.739920 -0.240644 0.628179
vn 0.270023 0.183263 0.945252
vn -0.199833 0.029935 0.979373
vn -0.064206 0.199622 0.977767
vn -0.117118 -0.991829 0.050575
vn -0.739920 0.240644 -0.628179
vn 0.199833 -0.029935 -0.979373
vn 0.739920 -0.240644 0.628179
vn -0.199833 0.029935 0.979373
vn 0.901723 0.029626 -0.431299
vn -0.849862 -0.045215 0.525062
vn -0.930415 -0.019046 0.366013
vn 0.849862 0.045217 -0.525062
vn -0.911545 -0.073756 0.404530
vn -0.849862 -0.045215 0.525062
vn -0.803917 -0.120748 0.582355
vn 0.849862 0.045217 -0.525062
vn 0.911544 0.073757 -0.404534
vn 0.803917 0.120748 -0.582355
vn 0.849862 0.045217 -0.525062
vn 0.911544 0.073757 -0.404534
vn 0.930414 0.019048 -0.366014
vn 0.823810 0.117767 -0.554498
vn -0.253164 -0.921000 0.296086
vn -0.226686 0.525379 -0.820116
vn -0.128045 0.458740 -0.879296
vn -0.342616 0.538501 -0.769825
vn -0.087568 -0.944359 0.317046
vn -0.253688 0.506902 -0.823828
vn 0.226686 -0.525379 0.820116
vn 0.342615 -0.538501 0.769826
vn 0.246579 -0.457129 0.854536
vn -0.226686 0.525379 -0.820116
vn -0.246579 0.457129 -0.854536
vn -0.342616 0.538501 -0.769825
vn 0.128045 -0.458740 0.879296
vn 0.226686 -0.525379 0.820116
vn -0.272483 -0.372931 0.886947
vn -0.226686 0.525379 -0.820116
vn -0.128045 0.458740 -0.879296
vn 0.272483 0.372931 -0.886947
vn -0.128045 0.458740 -0.879296
vn 0.272483 0.372931 -0.886947
vn 0.519944 0.087592 -0.849697
vn -0.107078 -0.954681 0.277703
vn 0.962041 0.091562 -0.257088
vn 0.553869 -0.505006 0.661965
vn 0.246579 -0.457129 0.854536
vn -0.553869 0.505006 -0.661965
vn -0.246579 0.457129 -0.854536
vn 0.642476 0.160988 -0.749205
vn -0.519944 -0.087592 0.849697
vn -0.272483 -0.372931 0.886947
vn -0.577452 -0.065269 0.813812
vn -0.803917 -0.120748 0.582355
vn 0.272483 0.372931 -0.886947
vn 0.519944 0.087592 -0.849697
vn 0.803917 0.120748 -0.582355
vn 0.577452 0.065269 -0.813812
vn 0.930414 0.019048 -0.366014
vn 0.998317 0.057945 -0.002257
vn -0.982826 -0.054904 0.176176
vn -0.962041 -0.091560 0.257088
vn -0.978032 -0.033975 -0.205668
vn 0.962041 0.091562 -0.257088
vn 0.982827 0.054904 -0.176171
vn 0.978032 0.033975 0.205668
vn -0.553869 0.505006 -0.661965
vn -0.742450 0.343473 -0.575148
vn -0.246579 0.457129 -0.854536
vn -0.342616 0.538501 -0.769825
vn -0.206826 -0.974969 0.081603
vn 0.962041 0.091562 -0.257088
vn 0.982827 0.054904 -0.176171
vn 0.823810 0.117767 -0.554498
vn -0.203569 -0.955305 0.214364
vn 0.828775 -0.144108 0.540708
vn 0.949618 -0.151845 0.274169
vn -0.102745 -0.994482 0.021187
vn 0.982827 0.054904 -0.176171
vn 0.978032 0.033975 0.205668
vn 0.951260 -0.014556 0.308047
vn -0.079453 -0.996818 0.006370
vn 0.964253 -0.013571 0.264636
vn 0.828775 -0.144108 0.540708
vn 0.951260 -0.014556 0.308047
vn -0.091224 -0.995830 0.000160
vn 0.270023 0.183263 0.945252
vn 0.654043 0.149931 0.741450
vn 0.949618 -0.151845 0.274169
vn -0.177664 -0.981842 0.066501
vn -0.824054 0.295755 0.483181
vn -0.927991 0.334443 -0.164256
vn -0.924550 0.349102 -0.152759
vn -0.097659 -0.988909 0.111904
vn -0.742450 0.343473 -0.575148
vn -0.924550 0.349102 -0.152759
vn -0.713419 -0.679915 -0.169554
vn -0.542802 0.315456 0.778366
vn -0.542863 0.312901 0.779354
vn -0.752556 0.399461 0.523536
vn -0.824054 0.295755 0.483181
vn -0.472795 -0.875568 0.099226
vn 0.844692 0.094238 -0.526892
vn 0.862368 0.050353 -0.503771
vn 0.117614 -0.146167 -0.982243
vn 0.644877 0.331083 -0.688853
vn -0.862368 -0.050353 0.503771
vn -0.844692 -0.094238 0.526892
vn -0.644877 -0.331083 0.688853
vn -0.117614 0.146167 0.982243
vn -0.134917 -0.001328 -0.990856
vn 0.181871 0.283555 -0.941552
vn 0.117614 -0.146167 -0.982243
vn 0.644877 0.331083 -0.688853
vn 0.936951 -0.170290 0.305162
vn 0.917574 0.024179 0.396830
vn 0.970391 0.127931 -0.204877
vn 0.909099 0.018788 -0.416156
vn 0.917574 0.024179 0.396830
vn 0.909099 0.018788 -0.416156
vn 0.940706 0.064695 -0.332997
vn -0.917574 -0.024179 -0.396830
vn -0.940706 -0.064695 0.332997
vn -0.909099 -0.018788 0.416157
vn 0.940706 0.064695 -0.332997
vn 0.913877 0.061860 -0.401252
vn 0.913767 0.061700 -0.401525
vn -0.940706 -0.064695 0.332997
vn -0.913767 -0.061700 0.401525
vn -0.913877 -0.061860 0.401251
vn 0.870098 0.272839 0.410472
vn 0.782213 -0.037830 0.621861
vn 0.794744 -0.066269 0.603316
vn 0.900798 -0.076422 0.427461
vn -0.829394 -0.243057 0.503019
vn -0.827903 -0.208989 0.520480
vn -0.389582 -0.131515 0.911554
vn -0.497092 -0.033046 0.867068
vn 0.827903 0.208989 -0.520480
vn 0.829394 0.243057 -0.503019
vn 0.497092 0.033046 -0.867068
vn 0.389582 0.131515 -0.911554
vn 0.338309 0.063933 0.938861
vn 0.221057 0.130221 0.966528
vn 0.141983 0.057957 0.988171
vn 0.038657 0.119734 0.992053
vn 0.338309 0.063933 0.938861
vn 0.045618 0.036904 0.998277
vn -0.389582 -0.131515 0.911554
vn -0.497092 -0.033046 0.867068
vn -0.877670 -0.333192 0.344496
vn -0.998752 -0.001076 0.049939
vn -0.933571 -0.218474 0.284103
vn -0.986625 0.006539 0.162874
vn -0.877670 -0.333192 0.344496
vn -0.952114 -0.281678 -0.118899
vn -0.952114 -0.281678 -0.118899
vn -0.752481 -0.220465 -0.620619
vn -0.745867 -0.259528 -0.613455
vn -0.270023 -0.183263 -0.945252
vn -0.565287 0.402086 -0.720263
vn -0.949618 0.151845 -0.274169
vn -0.654043 -0.149931 -0.741450
vn -0.542802 0.315456 0.778366
vn 0.824057 -0.295755 -0.483176
vn 0.877736 -0.438262 -0.193665
vn 0.877736 -0.438262 -0.193665
vn 0.924550 -0.349102 0.152759
vn 0.927991 -0.334443 0.164256
vn 0.824057 -0.295755 -0.483176
vn 0.752551 -0.399473 -0.523535
vn 0.927991 -0.334443 0.164256
vn -0.752556 0.399461 0.523536
vn -0.824054 0.295755 0.483181
vn -0.927991 0.334443 -0.164256
vn -0.911545 -0.073756 0.404530
vn -0.744631 0.196813 0.637800
vn -0.577452 -0.065269 0.813812
vn -0.803917 -0.120748 0.582355
vn -0.744631 0.196813 0.637800
vn 0.128045 -0.458740 0.879296
vn 0.226686 -0.525379 0.820116
vn 0.419343 -0.061142 0.905767
vn 0.342615 -0.538501 0.769826
vn 0.519944 0.087592 -0.849697
vn 0.577452 0.065269 -0.813812
vn -0.085788 -0.933552 -0.348025
vn -0.982826 -0.054904 0.176176
vn -0.962041 -0.091560 0.257088
vn -0.915011 0.287938 0.282570
vn -0.823811 -0.117765 0.554497
vn -0.982826 -0.054904 0.176176
vn -0.940248 0.321640 -0.111719
vn -0.951259 0.014557 -0.308049
vn -0.978032 -0.033975 -0.205668
vn -0.843371 0.359855 -0.399035
vn -0.828776 0.144109 -0.540707
vn -0.964253 0.013572 -0.264635
vn -0.951259 0.014557 -0.308049
vn -0.964253 0.013572 -0.264635
vn -0.951259 0.014557 -0.308049
vn -0.978032 -0.033975 -0.205668
vn 0.964253 -0.013571 0.264636
vn 0.978032 0.033975 0.205668
vn 0.951260 -0.014556 0.308047
vn -0.457274 -0.055324 -0.887603
vn -0.570801 -0.246397 -0.783246
vn -0.752481 -0.220465 -0.620619
vn 0.589621 -0.031681 0.807059
vn 0.630761 0.000389 0.775977
vn 0.782213 -0.037830 0.621861
vn 0.794744 -0.066269 0.603316
vn -0.630761 -0.000390 -0.775977
vn -0.589620 0.031681 -0.807059
vn -0.794744 0.066269 -0.603316
vn -0.782213 0.037830 -0.621861
vn 0.589621 -0.031681 0.807059
vn 0.814050 0.258195 0.520248
vn 0.782213 -0.037830 0.621861
vn 0.844692 0.094238 -0.526892
vn 0.653290 0.096093 -0.750985
vn 0.117614 -0.146167 -0.982243
vn 0.936951 -0.170290 0.305162
vn 0.943519 0.217368 0.250047
vn 0.900798 -0.076422 0.427461
vn 0.917963 -0.180492 0.353222
vn -0.829394 -0.243057 0.503019
vn -0.599220 -0.271401 0.753178
vn -0.389582 -0.131515 0.911554
vn 0.742450 -0.343473 0.575148
vn 0.867718 -0.299406 0.396764
vn 0.924550 -0.349102 0.152759
vn 0.542860 -0.312900 -0.779356
vn 0.342599 0.175242 -0.922993
vn 0.064206 -0.199622 -0.977767
vn 0.128045 -0.458740 0.879296
vn -0.223935 0.030597 0.974124
vn -0.519944 -0.087592 0.849697
vn -0.272483 -0.372931 0.886947
vn -0.539193 0.057825 0.840195
vn -0.519944 -0.087592 0.849697
vn -0.577452 -0.065269 0.813812
vn -0.831393 0.372894 -0.411990
vn -0.828776 0.144109 -0.540707
vn -0.949618 0.151845 -0.274169
vn 0.654043 0.149931 0.741450
vn -0.940706 -0.064695 0.332997
vn -0.909099 -0.018788 0.416157
vn -0.913877 -0.061860 0.401251
vn -0.405106 -0.910419 0.083824
vn 0.742450 -0.343473 0.575148
vn 0.553869 -0.505006 0.661965
vn 0.680963 -0.143092 0.718202
vn 0.342615 -0.538501 0.769826
vn 0.246579 -0.457129 0.854536
vn 0.925134 0.070746 -0.372990
vn 0.909099 0.018788 -0.416156
vn 0.940706 0.064695 -0.332997
vn 0.913877 0.061860 -0.401252
vn 0.059112 -0.167323 0.984128
vn 0.059112 -0.167323 0.984128
vn 0.059112 -0.167323 0.984128
vn 0.059112 -0.167323 0.984128
vn 0.795353 -0.605006 0.037171
vn 0.795353 -0.605006 0.037171
vn 0.795353 -0.605006 0.037171
vn 0.196004 -0.098901 -0.975603
vn 0.196004 -0.098901 -0.975603
vn 0.196004 -0.098901 -0.975603
vn 0.196004 -0.098901 -0.975603
vn -0.735396 0.676205 -0.044043
vn -0.735396 0.676205 -0.044043
vn -0.735396 0.676205 -0.044043
vn 0.185738 0.108938 0.976542
vn 0.185738 0.108938 0.976542
vn 0.185738 0.108938 0.976542
vn 0.880190 0.468636 0.075144
vn 0.880190 0.468636 0.075144
vn 0.880190 0.468636 0.075144
vn 0.299489 0.160158 -0.940561
vn 0.299489 0.160158 -0.940561
vn 0.299489 0.160158 -0.940561
vn -0.878913 -0.471125 -0.074521
vn -0.878913 -0.471125 -0.074521
vn -0.878913 -0.471125 -0.074521
vn -0.017769 -0.176826 0.984082
vn -0.017769 -0.176826 0.984082
vn -0.017769 -0.176826 0.984082
vn -0.017769 -0.176826 0.984082
vn 0.033871 -0.999423 -0.002657
vn 0.033871 -0.999423 -0.002657
vn 0.033871 -0.999423 -0.002657
vn 0.104456 -0.157559 -0.981969
vn 0.104456 -0.157559 -0.981969
vn 0.104456 -0.157559 -0.981969
vn 0.104456 -0.157559 -0.981969
vn -0.135182 0.990644 -0.018713
vn -0.135182 0.990644 -0.018713
vn -0.262927 -0.146711 0.953596
vn -0.262927 -0.146711 0.953596
vn -0.879535 -0.475674 -0.012386
vn -0.879535 -0.475674 -0.012386
vn -0.221781 -0.129399 -0.966472
vn -0.221781 -0.129399 -0.966472
vn 0.876147 0.478828 -0.055592
vn 0.876147 0.478828 -0.055592
vn 0.876147 0.478828 -0.055592
vn 0.050874 0.208140 -0.976775
vn 0.050874 0.208140 -0.976775
vn 0.050874 0.208140 -0.976775
vn 0.050874 0.208140 -0.976775
vn 0.097647 -0.994159 -0.045970
vn 0.097647 -0.994159 -0.045970
vn 0.097647 -0.994159 -0.045970
vn 0.097647 -0.994159 -0.045970
vn -0.098373 0.135121 0.985934
vn -0.098373 0.135121 0.985934
vn -0.098373 0.135121 0.985934
vn -0.098373 0.135121 0.985934
vn -0.037584 0.998664 0.035475
vn -0.037584 0.998664 0.035475
vn -0.037584 0.998664 0.035475
vn -0.037584 0.998664 0.035475
vn -0.147836 0.100192 0.983924
vn -0.147836 0.100192 0.983924
vn -0.800930 0.598743 0.004174
vn -0.800930 0.598743 0.004174
vn -0.800930 0.598743 0.004174
vn -0.083415 0.199127 -0.976417
vn -0.083415 0.199127 -0.976417
vn 0.718549 -0.694055 -0.044441
vn 0.718549 -0.694055 -0.044441
vn 0.718549 -0.694055 -0.044441
vn -0.980342 0.073490 0.183109
vn -0.980342 0.073490 0.183109
vn -0.980342 0.073490 0.183109
vn 0.003845 0.386861 0.922130
vn 0.003845 0.386861 0.922130
vn 0.003845 0.386861 0.922130
vn 0.023870 -0.290839 -0.956474
vn 0.023870 -0.290839 -0.956474
vn 0.023870 -0.290839 -0.956474
vn 0.979940 0.003973 0.199254
vn 0.979940 0.003973 0.199254
vn 0.979940 0.003973 0.199254
vn -0.953274 0.302081 -0.003875
vn 0.007387 0.999911 0.011146
vn 0.007387 0.999911 0.011146
vn 0.965138 0.261621 0.007898
vn 0.002519 -0.999916 -0.012748
vn 0.002519 -0.999916 -0.012748
vn -0.986453 0.010867 0.163683
vn -0.986453 0.010867 0.163683
vn -0.986453 0.010867 0.163683
vn -0.986453 0.010867 0.163683
vn -0.038151 -0.491275 0.870169
vn -0.038151 -0.491275 0.870169
vn -0.038151 -0.491275 0.870169
vn 0.976998 -0.127568 0.170882
vn 0.976998 -0.127568 0.170882
vn 0.976998 -0.127568 0.170882
vn 0.976998 -0.127568 0.170882
vn 0.061977 0.408179 -0.910796
vn 0.061977 0.408179 -0.910796
vn 0.061977 0.408179 -0.910796
vn -0.980143 -0.198190 0.006345
vn -0.980143 -0.198190 0.006345
vn -0.098973 -0.992799 -0.067487
vn -0.098973 -0.992799 -0.067487
vn -0.098973 -0.992799 -0.067487
vn 0.932875 -0.360134 0.006957
vn 0.932875 -0.360134 0.006957
vn 0.122937 0.992099 0.025036
vn 0.122937 0.992099 0.025036
vn 0.122937 0.992099 0.025036
vn 0.988825 0.023848 -0.147161
vn 0.988825 0.023848 -0.147161
vn 0.988825 0.023848 -0.147161
vn 0.004007 -0.418582 0.908170
vn 0.004007 -0.418582 0.908170
vn 0.004007 -0.418582 0.908170
vn -0.983202 0.094087 -0.156401
vn -0.983202 0.094087 -0.156401
vn -0.983202 0.094087 -0.156401
vn 0.024110 0.462857 -0.886105
vn 0.024110 0.462857 -0.886105
vn 0.024110 0.462857 -0.886105
vn -0.031987 -0.377969 -0.925265
vn -0.031987 -0.377969 -0.925265
vn -0.031987 -0.377969 -0.925265
vn -0.980611 0.052489 -0.188802
vn -0.980611 0.052489 -0.188802
vn -0.980611 0.052489 -0.188802
vn 0.977452 -0.090522 -0.190771
vn 0.977452 -0.090522 -0.190771
vn 0.977452 -0.090522 -0.190771
vn 0.044374 0.239063 0.969989
vn 0.044374 0.239063 0.969989
vn 0.044374 0.239063 0.969989
vn 0.166009 0.042072 0.985226
vn 0.166009 0.042072 0.985226
vn 0.166009 0.042072 0.985226
vn 0.161033 0.038854 -0.986184
vn 0.161033 0.038854 -0.986184
vn 0.161033 0.038854 -0.986184
vn 0.943451 0.331505 0.002136
vn 0.943451 0.331505 0.002136
vn 0.943451 0.331505 0.002136
vn -0.960479 -0.278310 -0.004769
vn -0.960479 -0.278310 -0.004769
vn -0.960479 -0.278310 -0.004769
vn 0.033558 0.276212 0.960511
vn 0.120490 0.992707 0.003888
vn 0.120490 0.992707 0.003888
vn 0.032223 0.264617 -0.963815
vn -0.120532 -0.992305 -0.028325
vn -0.120532 -0.992305 -0.028325
vn 0.180139 -0.039958 -0.982829
vn 0.180139 -0.039958 -0.982829
vn 0.180139 -0.039958 -0.982829
vn -0.914500 0.404584 -0.001289
vn -0.914500 0.404584 -0.001289
vn -0.914500 0.404584 -0.001289
vn 0.166172 -0.074082 0.983310
vn 0.166172 -0.074082 0.983310
vn 0.166172 -0.074082 0.983310
vn 0.851839 -0.523715 0.009604
vn 0.851839 -0.523715 0.009604
vn 0.851839 -0.523715 0.009604
vn -0.039607 -0.313090 0.948897
vn -0.091095 -0.995266 -0.033869
vn -0.091095 -0.995266 -0.033869
vn -0.026872 -0.235002 -0.971623
vn 0.100810 0.994790 -0.015140
vn 0.100810 0.994790 -0.015140
vn -0.855006 0.518613 0.002353
vn -0.855006 0.518613 0.002353
vn -0.855006 0.518613 0.002353
vn 0.895187 -0.445667 -0.004630
vn 0.895187 -0.445667 -0.004630
vn 0.895187 -0.445667 -0.004630
vn -0.175857 0.074309 0.981607
vn -0.175857 0.074309 0.981607
vn -0.175857 0.074309 0.981607
vn -0.171208 0.070301 -0.982724
vn -0.171208 0.070301 -0.982724
vn -0.171208 0.070301 -0.982724
vn 0.964797 0.262716 0.012140
vn 0.964797 0.262716 0.012140
vn 0.964797 0.262716 0.012140
vn -0.182180 -0.050280 0.981979
vn -0.182180 -0.050280 0.981979
vn -0.182180 -0.050280 0.981979
vn -0.931656 -0.363337 -0.001907
vn -0.931656 -0.363337 -0.001907
vn -0.931656 -0.363337 -0.001907
vn -0.166082 -0.013876 -0.986014
vn -0.166082 -0.013876 -0.986014
vn -0.166082 -0.013876 -0.986014
vn 0.445248 0.092804 -0.890585
vn 0.445248 0.092804 -0.890585
vn 0.445248 0.092804 -0.890585
vn 0.445248 0.092804 -0.890585
vn 0.412743 -0.909505 0.049436
vn 0.412743 -0.909505 0.049436
vn 0.412743 -0.909505 0.049436
vn 0.412743 -0.909505 0.049436
vn -0.392966 0.831256 -0.393181
vn -0.392966 0.831256 -0.393181
vn -0.392966 0.831256 -0.393181
vn -0.392966 0.831256 -0.393181
vn -0.519647 -0.152284 0.840700
vn -0.519647 -0.152284 0.840700
vn -0.519647 -0.152284 0.840700
vn -0.519647 -0.152284 0.840700
vn 0.743440 -0.668692 0.012185
vn 0.743440 -0.668692 0.012185
vn 0.743440 -0.668692 0.012185
vn 0.743440 -0.668692 0.012185
vn 0.807908 0.579161 -0.108894
vn 0.807908 0.579161 -0.108894
vn 0.766843 -0.620678 0.163433
vn 0.766843 -0.620678 0.163433
vn -0.392571 0.889435 -0.234081
vn -0.392571 0.889435 -0.234081
vn -0.815032 -0.571938 0.092786
vn -0.815032 -0.571938 0.092786
vn -0.368408 -0.493858 -0.787642
vn -0.368408 -0.493858 -0.787642
vn -0.368408 -0.493858 -0.787642
vn -0.368408 -0.493858 -0.787642
vn -0.713163 0.600072 -0.362370
vn -0.713163 0.600072 -0.362370
vn -0.713163 0.600072 -0.362370
vn -0.713163 0.600072 -0.362370
vn 0.404838 0.527358 0.746993
vn 0.404838 0.527358 0.746993
vn 0.404838 0.527358 0.746993
vn 0.404838 0.527358 0.746993
vn 0.377731 -0.901762 0.210106
vn 0.377731 -0.901762 0.210106
vn -0.801545 -0.592616 0.079571
vn -0.801545 -0.592616 0.079571
vn -0.756317 0.624073 -0.196258
vn -0.756317 0.624073 -0.196258
vn 0.791859 0.602951 -0.097003
vn 0.791859 0.602951 -0.097003
vn -0.469419 -0.107128 0.876453
vn -0.469419 -0.107128 0.876453
vn -0.469419 -0.107128 0.876453
vn -0.469419 -0.107128 0.876453
vn 0.750631 -0.582751 0.311375
vn 0.750631 -0.582751 0.311375
vn 0.750631 -0.582751 0.311375
vn 0.750631 -0.582751 0.311375
vn -0.725930 0.685259 -0.058701
vn -0.725930 0.685259 -0.058701
vn -0.725930 0.685259 -0.058701
vn -0.725930 0.685259 -0.058701
vn 0.516794 0.145631 -0.843632
vn 0.516794 0.145631 -0.843632
vn 0.516794 0.145631 -0.843632
vn 0.516794 0.145631 -0.843632
vn 0.341469 0.473779 0.811746
vn 0.341469 0.473779 0.811746
vn 0.341469 0.473779 0.811746
vn 0.341469 0.473779 0.811746
vn -0.410541 0.905834 -0.104500
vn -0.410541 0.905834 -0.104500
vn -0.410541 0.905834 -0.104500
vn -0.410541 0.905834 -0.104500
vn -0.446683 -0.545937 -0.708821
vn -0.446683 -0.545937 -0.708821
vn -0.446683 -0.545937 -0.708821
vn -0.446683 -0.545937 -0.708821
vn 0.374396 -0.854464 0.360165
vn 0.374396 -0.854464 0.360165
vn 0.374396 -0.854464 0.360165
vn 0.374396 -0.854464 0.360165
vn -0.657022 -0.590883 0.468166
vn -0.657022 -0.590883 0.468166
vn 0.269674 -0.910923 0.312242
vn 0.416684 -0.874613 0.247843
vn 0.572877 -0.810682 -0.120859
vn 0.374070 -0.737930 -0.561722
vn -0.008648 -0.542170 -0.840224
vn -0.433768 -0.716728 -0.546027
vn -0.599783 -0.778490 -0.184970
vn -0.454867 0.814457 0.360217
vn -0.454867 0.814457 0.360217
vn 0.107791 0.679550 0.725667
vn 0.530868 0.725257 0.438385
vn 0.579612 0.803820 0.133878
vn 0.605245 0.771826 -0.194843
vn 0.065506 0.883121 -0.464549
vn -0.527074 0.810664 -0.254983
vn -0.538068 0.839868 0.071447
vn 0.221361 -0.826539 -0.517526
vn 0.221361 -0.826539 -0.517526
vn 0.221361 -0.826539 -0.517526
vn -0.140015 0.039806 -0.989349
vn -0.140015 0.039806 -0.989349
vn -0.731857 -0.535290 -0.421722
vn -0.731857 -0.535290 -0.421722
vn -0.805072 -0.582106 -0.114070
vn -0.805072 -0.582106 -0.114070
vn -0.741065 -0.636240 0.214527
vn -0.741065 -0.636240 0.214527
vn -0.101235 -0.783991 0.612462
vn -0.101235 -0.783991 0.612462
vn 0.630994 -0.718465 0.292668
vn 0.630994 -0.718465 0.292668
vn 0.791537 -0.610521 -0.027083
vn 0.791537 -0.610521 -0.027083
vn 0.817076 0.522660 -0.243339
vn 0.817076 0.522660 -0.243339
vn 0.817076 0.522660 -0.243339
vn 0.007484 0.707981 -0.706192
vn 0.007484 0.707981 -0.706192
vn -0.679024 0.664847 -0.311295
vn -0.679024 0.664847 -0.311295
vn -0.828908 0.552179 0.089497
vn -0.828908 0.552179 0.089497
vn -0.628377 0.534922 0.564802
vn -0.628377 0.534922 0.564802
vn -0.028551 0.602960 0.797261
vn -0.028551 0.602960 0.797261
vn 0.630829 0.491861 0.600106
vn 0.630829 0.491861 0.600106
vn 0.843191 0.525054 0.115526
vn 0.843191 0.525054 0.115526
vn 0.691256 -0.136996 -0.709504
vn -0.121731 -0.463297 -0.877803
vn -0.059236 -0.988770 -0.137203
vn -0.767670 -0.447575 -0.458649
vn -0.901674 -0.421239 -0.097681
vn -0.714220 -0.602515 0.356183
vn -0.041795 -0.717403 0.695403
vn 0.617531 -0.642426 0.453811
vn 0.815517 -0.577342 -0.040115
vn 0.670817 0.335616 -0.661337
vn -0.026661 0.598183 -0.800916
vn 0.052958 0.987999 0.145101
vn -0.586819 0.740690 -0.327144
vn -0.770207 0.631908 0.086447
vn -0.611075 0.574211 0.544857
vn -0.016788 0.474819 0.879923
vn 0.589963 0.535140 0.604623
vn 0.763502 0.634096 0.122418
vn 0.063743 0.200944 -0.977527
vn 0.806088 0.066152 -0.588086
vn 0.999738 0.006486 0.021956
vn 0.830828 -0.092460 0.548794
vn 0.151459 -0.090989 0.984267
vn -0.771730 0.126279 0.623287
vn -0.771730 0.126279 0.623287
vn -0.995882 0.056966 -0.070531
vn -0.759697 0.109563 -0.640981
vn -0.166009 0.042067 0.985227
vn -0.166009 0.042067 0.985227
vn -0.166009 0.042067 0.985227
vn -0.943450 0.331507 0.002148
vn -0.943450 0.331507 0.002148
vn -0.943450 0.331507 0.002148
vn 0.960481 -0.278305 -0.004786
vn 0.960481 -0.278305 -0.004786
vn 0.960481 -0.278305 -0.004786
vn -0.161064 0.038867 -0.986178
vn -0.161064 0.038867 -0.986178
vn -0.161064 0.038867 -0.986178
vn -0.033558 0.276204 0.960513
vn -0.120502 0.992705 0.003889
vn -0.120502 0.992705 0.003889
vn -0.032222 0.264613 -0.963816
vn 0.120551 -0.992303 -0.028333
vn 0.120551 -0.992303 -0.028333
vn -0.166175 -0.074083 0.983309
vn -0.166175 -0.074083 0.983309
vn -0.166175 -0.074083 0.983309
vn 0.914501 0.404581 -0.001300
vn 0.914501 0.404581 -0.001300
vn 0.914501 0.404581 -0.001300
vn -0.851838 -0.523717 0.009606
vn -0.851838 -0.523717 0.009606
vn -0.851838 -0.523717 0.009606
vn -0.180148 -0.039964 -0.982827
vn -0.180148 -0.039964 -0.982827
vn -0.180148 -0.039964 -0.982827
vn 0.039595 -0.313092 0.948897
vn 0.091102 -0.995266 -0.033867
vn 0.091102 -0.995266 -0.033867
vn 0.026868 -0.235003 -0.971623
vn -0.100809 0.994791 -0.015124
vn -0.100809 0.994791 -0.015124
vn 0.171209 0.070300 -0.982723
vn 0.171209 0.070300 -0.982723
vn 0.171209 0.070300 -0.982723
vn 0.175863 0.074311 0.981606
vn 0.175863 0.074311 0.981606
vn 0.175863 0.074311 0.981606
vn 0.855006 0.518613 0.002346
vn 0.855006 0.518613 0.002346
vn 0.855006 0.518613 0.002346
vn -0.895185 -0.445671 -0.004633
vn -0.895185 -0.445671 -0.004633
vn -0.895185 -0.445671 -0.004633
vn 0.931656 -0.363336 -0.001913
vn 0.931656 -0.363336 -0.001913
vn 0.931656 -0.363336 -0.001913
vn 0.166084 -0.013875 -0.986014
vn 0.166084 -0.013875 -0.986014
vn 0.166084 -0.013875 -0.986014
vn 0.182186 -0.050280 0.981978
vn 0.182186 -0.050280 0.981978
vn 0.182186 -0.050280 0.981978
vn -0.964796 0.262718 0.012141
vn -0.964796 0.262718 0.012141
vn -0.964796 0.262718 0.012141
vn -0.743443 -0.668689 0.012179
vn -0.743443 -0.668689 0.012179
vn -0.743443 -0.668689 0.012179
vn -0.743443 -0.668689 0.012179
vn 0.368413 -0.493857 -0.787641
vn 0.368413 -0.493857 -0.787641
vn 0.368413 -0.493857 -0.787641
vn 0.368413 -0.493857 -0.787641
vn 0.713166 0.600071 -0.362367
vn 0.713166 0.600071 -0.362367
vn 0.713166 0.600071 -0.362367
vn 0.713166 0.600071 -0.362367
vn -0.404833 0.527374 0.746985
vn -0.404833 0.527374 0.746985
vn -0.404833 0.527374 0.746985
vn -0.404833 0.527374 0.746985
vn -0.445243 0.092802 -0.890588
vn -0.445243 0.092802 -0.890588
vn -0.445243 0.092802 -0.890588
vn -0.445243 0.092802 -0.890588
vn 0.392958 0.831258 -0.393184
vn 0.392958 0.831258 -0.393184
vn 0.392958 0.831258 -0.393184
vn 0.392958 0.831258 -0.393184
vn 0.519648 -0.152277 0.840701
vn 0.519648 -0.152277 0.840701
vn 0.519648 -0.152277 0.840701
vn 0.519648 -0.152277 0.840701
vn -0.808365 0.580718 -0.096501
vn -0.808365 0.580718 -0.096501
vn -0.767618 -0.615704 0.177963
vn -0.767618 -0.615704 0.177963
vn 0.389835 0.892082 -0.228513
vn 0.389835 0.892082 -0.228513
vn 0.813900 -0.573860 0.090837
vn 0.813900 -0.573860 0.090837
vn -0.412749 -0.909502 0.049444
vn -0.412749 -0.909502 0.049444
vn -0.412749 -0.909502 0.049444
vn -0.412749 -0.909502 0.049444
vn -0.380580 -0.901373 0.206603
vn -0.380580 -0.901373 0.206603
vn 0.802106 -0.592108 0.077678
vn 0.802106 -0.592108 0.077678
vn 0.756505 0.623134 -0.198504
vn 0.756505 0.623134 -0.198504
vn -0.792503 0.602055 -0.097310
vn -0.792503 0.602055 -0.097310
vn -0.319657 0.504421 0.802109
vn -0.319657 0.504421 0.802109
vn -0.319657 0.504421 0.802109
vn -0.319657 0.504421 0.802109
vn -0.357586 -0.832286 0.423594
vn -0.357586 -0.832286 0.423594
vn -0.357586 -0.832286 0.423594
vn -0.357586 -0.832286 0.423594
vn 0.404130 0.908894 -0.102907
vn 0.404130 0.908894 -0.102907
vn 0.404130 0.908894 -0.102907
vn 0.404130 0.908894 -0.102907
vn 0.440147 -0.559671 -0.702167
vn 0.440147 -0.559671 -0.702167
vn 0.440147 -0.559671 -0.702167
vn 0.440147 -0.559671 -0.702167
vn -0.737456 -0.563819 0.371843
vn -0.737456 -0.563819 0.371843
vn -0.737456 -0.563819 0.371843
vn -0.737456 -0.563819 0.371843
vn 0.488821 -0.082909 0.868436
vn 0.488821 -0.082909 0.868436
vn 0.488821 -0.082909 0.868436
vn 0.488821 -0.082909 0.868436
vn 0.715176 0.696969 -0.052504
vn 0.715176 0.696969 -0.052504
vn 0.715176 0.696969 -0.052504
vn 0.715176 0.696969 -0.052504
vn -0.534048 0.126465 -0.835942
vn -0.534048 0.126465 -0.835942
vn -0.534048 0.126465 -0.835942
vn -0.534048 0.126465 -0.835942
vn 0.625261 -0.608514 0.488631
vn 0.625261 -0.608514 0.488631
vn -0.178292 -0.966476 0.184761
vn -0.408497 -0.870123 0.275709
vn -0.572890 -0.810673 -0.120856
vn -0.374068 -0.737930 -0.561723
vn 0.008650 -0.542171 -0.840224
vn 0.433774 -0.716730 -0.546020
vn 0.590224 -0.779875 -0.208403
vn 0.416526 0.841638 0.343731
vn 0.416526 0.841638 0.343731
vn -0.117959 0.678355 0.725204
vn -0.512062 0.708422 0.485727
vn -0.579615 0.803818 0.133878
vn -0.605243 0.771827 -0.194844
vn -0.065503 0.883123 -0.464547
vn 0.527072 0.810667 -0.254980
vn 0.539114 0.838452 0.079717
vn -0.039557 -0.854595 -0.517787
vn -0.039557 -0.854595 -0.517787
vn -0.039557 -0.854595 -0.517787
vn 0.227487 -0.051818 -0.972402
vn 0.227487 -0.051818 -0.972402
vn 0.708571 -0.550970 -0.440862
vn 0.708571 -0.550970 -0.440862
vn 0.805047 -0.582134 -0.114104
vn 0.805047 -0.582134 -0.114104
vn 0.741066 -0.636238 0.214528
vn 0.741066 -0.636238 0.214528
vn 0.101223 -0.783993 0.612461
vn 0.101223 -0.783993 0.612461
vn -0.630972 -0.718480 0.292679
vn -0.630972 -0.718480 0.292679
vn -0.800550 -0.599253 0.004074
vn -0.800550 -0.599253 0.004074
vn -0.754016 0.594598 -0.279128
vn -0.754016 0.594598 -0.279128
vn -0.754016 0.594598 -0.279128
vn -0.069404 0.749597 -0.658246
vn -0.069404 0.749597 -0.658246
vn 0.640835 0.691585 -0.333228
vn 0.640835 0.691585 -0.333228
vn 0.828908 0.552179 0.089501
vn 0.828908 0.552179 0.089501
vn 0.628377 0.534922 0.564801
vn 0.628377 0.534922 0.564801
vn 0.028552 0.602956 0.797263
vn 0.028552 0.602956 0.797263
vn -0.630835 0.491855 0.600104
vn -0.630835 0.491855 0.600104
vn -0.840909 0.529378 0.112384
vn -0.840909 0.529378 0.112384
vn -0.666268 -0.248463 -0.703103
vn 0.174032 -0.584046 -0.792845
vn 0.064153 -0.988619 -0.136075
vn 0.727555 -0.433117 -0.532047
vn 0.901678 -0.421213 -0.097761
vn 0.714219 -0.602514 0.356185
vn 0.041800 -0.717404 0.695402
vn -0.617474 -0.642387 0.453943
vn -0.807540 -0.589787 -0.005539
vn -0.708124 0.512808 -0.485375
vn -0.055654 0.700470 -0.711508
vn -0.049826 0.986520 0.155870
vn 0.572674 0.726848 -0.379126
vn 0.770295 0.631793 0.086510
vn 0.611076 0.574210 0.544857
vn 0.016789 0.474818 0.879924
vn -0.589964 0.535138 0.604623
vn -0.766597 0.631006 0.118998
vn -0.063743 0.200947 -0.977526
vn -0.806089 0.066154 -0.588086
vn -0.999738 0.006488 0.021957
vn -0.796981 -0.092650 0.596856
vn -0.186784 -0.107366 0.976516
vn 0.727921 0.104431 0.677661
vn 0.727921 0.104431 0.677661
vn 0.993492 0.070660 -0.089338
vn 0.759698 0.109565 -0.640979
vn -0.855293 0.514876 0.058109
vn -0.855293 0.514876 0.058109
vn -0.928074 0.239224 0.285396
vn 0.361045 0.351644 0.863709
vn 0.127392 0.948541 -0.289900
vn 0.127392 0.948541 -0.289900
vn -0.967969 0.080969 0.237657
vn 0.893287 0.164106 0.418458
vn -0.961024 0.161619 0.224304
vn 0.715452 0.576191 0.395135
vn -0.931040 0.285195 0.227658
vn -0.954337 0.163417 0.250073
vn 0.340196 0.939001 0.050440
vn 0.496766 0.808097 0.316547
vn -0.961243 0.169449 0.217485
vn -0.966486 0.128559 0.222208
vn 0.853636 0.415839 0.313661
vn 0.893972 0.263849 0.362212
vn -0.890032 0.131929 0.436392
vn 0.733372 0.162154 0.660205
vn -0.949093 0.090663 0.301667
vn -0.922827 0.099347 0.372184
vn 0.876258 0.165816 0.452413
vn 0.842551 0.171515 0.510579
vn -0.075164 -0.257225 0.963424
vn -0.893428 0.167304 0.416888
vn -0.926916 0.172274 0.333389
vn -0.498673 -0.291217 0.816406
vn -0.889835 0.115103 0.441526
vn -0.313004 -0.331810 0.889905
vn 0.688993 0.131772 0.712689
vn 0.811293 0.054416 0.582102
vn 0.109288 -0.195198 0.974656
vn 0.676521 0.220400 0.702669
vn -0.063876 -0.117410 -0.991027
vn -0.992647 -0.077402 -0.093059
vn -0.959382 0.282110 -0.000263
vn -0.976020 0.173851 -0.130997
vn 0.048130 0.126954 -0.990740
vn -0.447211 0.082412 -0.890624
vn -0.468233 -0.323100 -0.822414
vn -0.468233 -0.323100 -0.822414
vn -0.114779 -0.223843 -0.967843
vn -0.114779 -0.223843 -0.967843
vn -0.516465 -0.780737 -0.351730
vn -0.199761 -0.102639 -0.974454
vn -0.199761 -0.102639 -0.974454
vn -0.443946 -0.162877 -0.881126
vn -0.082462 -0.079189 -0.993443
vn -0.258026 -0.320410 -0.911460
vn -0.088268 -0.116518 -0.989258
vn -0.980549 0.047575 -0.190420
vn -0.980549 0.047575 -0.190420
vn 0.235855 -0.922472 -0.305644
vn -0.711827 -0.162269 -0.683352
vn -0.711827 -0.162269 -0.683352
vn -0.925627 0.321490 -0.199646
vn -0.829138 -0.012467 -0.558904
vn -0.807490 0.201843 -0.554274
vn -0.560670 0.028136 -0.827561
vn 0.053498 0.047537 -0.997436
vn -0.611751 0.037139 -0.790178
vn -0.084162 -0.063692 -0.994414
vn 0.064134 0.024697 -0.997636
vn -0.593955 0.070436 -0.801409
vn 0.014409 0.056204 -0.998315
vn -0.074045 -0.014507 -0.997149
vn -0.980727 -0.000876 -0.195383
vn -0.886848 0.084051 -0.454352
vn -0.971600 -0.060524 -0.228758
vn -0.898747 0.029159 -0.437497
vn -0.855110 -0.052650 -0.515765
vn 0.011765 -0.147370 0.989011
vn 0.011765 -0.147370 0.989011
vn -0.911228 0.032462 0.410622
vn -0.862205 0.028016 0.505785
vn -0.862205 0.028016 0.505785
vn -0.996471 -0.045662 0.070427
vn -0.968079 -0.080955 0.237211
vn -0.968079 -0.080955 0.237211
vn -0.840650 0.137975 0.523709
vn -0.964124 0.187729 0.187678
vn -0.987514 0.129006 0.090408
vn -0.025201 0.146095 0.988949
vn -0.025201 0.146095 0.988949
vn -0.025201 0.146095 0.988949
vn -0.025201 0.146095 0.988949
vn -0.519847 0.189486 0.832979
vn -0.519847 0.189486 0.832979
vn -0.083585 0.275803 0.957573
vn -0.083585 0.275803 0.957573
vn -0.576318 0.008091 0.817186
vn -0.475172 0.166913 0.863917
vn 0.002101 -0.071679 0.997426
vn 0.002101 -0.071679 0.997426
vn -0.135826 0.125901 0.982700
vn -0.151906 -0.109534 0.982307
vn -0.907078 -0.114499 0.405091
vn -0.996908 -0.033998 0.070837
vn -0.914846 -0.062395 0.398953
vn -0.991618 -0.076147 0.104378
vn -0.951979 0.279830 0.124226
vn -0.006418 -0.230546 0.973040
vn -0.006418 -0.230546 0.973040
vn -0.571332 -0.201689 0.795551
vn -0.154229 -0.198716 0.967846
vn -0.571559 -0.161364 0.804538
vn 0.027465 0.401899 0.915272
vn 0.027465 0.401899 0.915272
vn -0.140025 -0.189068 0.971929
vn -0.943088 0.303006 -0.137009
vn 0.695007 0.502494 -0.514261
vn -0.939260 0.341179 -0.037256
vn 0.504143 0.315715 -0.803844
vn 0.504143 0.315715 -0.803844
vn -0.315584 0.265635 -0.910958
vn -0.598165 -0.002767 -0.801368
vn -0.105726 -0.059693 -0.992602
vn -0.195060 0.009221 -0.980748
vn -0.492546 0.143288 -0.858410
vn -0.003232 0.419324 -0.907831
vn -0.003232 0.419324 -0.907831
vn -0.003232 0.419324 -0.907831
vn -0.110007 0.183253 -0.976891
vn -0.110084 0.253733 -0.960990
vn -0.953804 0.266209 0.139253
vn -0.841837 -0.028095 -0.539000
vn -0.936833 0.347903 0.036155
vn -0.784352 0.127505 -0.607070
vn -0.674146 0.177969 -0.716836
vn 0.667404 0.256691 -0.699057
vn -0.209682 0.273257 -0.938810
vn -0.067515 0.291737 -0.954113
vn 0.663751 0.463966 -0.586660
vn -0.900826 0.345432 -0.263040
vn -0.490007 0.235057 -0.839429
vn -0.820244 0.467912 -0.329027
vn -0.848102 0.427885 -0.312470
vn 0.756949 0.575036 -0.310422
vn 0.773833 0.444685 -0.451041
vn 0.754741 0.520041 -0.399905
vn -0.909791 0.219858 -0.352056
vn -0.883064 0.307674 -0.354309
vn -0.857011 0.500002 -0.124620
vn 0.716773 0.589402 -0.372615
vn 0.786992 0.556608 -0.266142
vn -0.847904 0.479228 -0.226714
vn -0.780419 0.610770 -0.133813
vn -0.786565 0.614773 -0.058049
vn -0.786565 0.614773 -0.058049
vn 0.991480 0.014657 -0.129428
vn 0.988362 0.006927 -0.151959
vn 0.997843 -0.033942 -0.056189
vn 0.997271 -0.044909 0.058595
vn -0.974729 -0.166285 0.149170
vn -0.974729 -0.166285 0.149170
vn -0.934286 -0.274445 0.227572
vn -0.954314 -0.277686 0.110345
vn -0.983940 -0.151633 -0.094173
vn 0.996886 0.078543 -0.007003
vn 0.989232 0.109268 -0.097371
vn 0.989232 0.109268 -0.097371
vn -0.978374 -0.018060 -0.206054
vn -0.964747 0.072419 -0.253020
vn -0.962814 0.112599 -0.245582
vn 0.986476 0.031267 -0.160893
vn 0.982428 0.171146 -0.074462
vn 0.963655 0.237450 -0.122418
vn -0.963391 0.154201 -0.219317
vn -0.971945 0.148823 -0.182137
vn -0.980549 0.132948 -0.144387
vn 0.961205 0.228862 -0.153970
vn -0.975338 0.199159 -0.095134
vn -0.973890 0.199877 -0.107646
vn -0.935085 0.276571 -0.221639
vn 0.994194 0.107401 -0.006578
vn 0.994761 0.075997 -0.068376
vn 0.927851 0.356211 0.110484
vn -0.970949 -0.117642 0.208371
vn -0.929703 0.053534 0.364399
vn -0.948940 0.045095 0.312218
vn 0.928139 0.332995 0.166349
vn 0.928139 0.332995 0.166349
vn 0.988822 0.145441 0.032822
vn 0.988822 0.145441 0.032822
vn 0.982359 0.098501 0.158962
vn -0.883671 -0.041085 0.466301
vn -0.970437 -0.190418 0.148303
vn -0.980854 -0.130232 0.144790
vn 0.979077 0.058105 0.195016
vn 0.966806 0.065685 0.246922
vn 0.958923 0.047613 0.279642
vn -0.964363 -0.135148 0.227463
vn -0.983672 -0.123731 0.130693
vn -0.970550 -0.109465 0.214594
vn 0.973363 0.023179 0.228093
vn 0.997253 0.038616 0.063201
vn 0.996294 0.079578 -0.032647
vn -0.070696 0.310263 0.948018
vn 0.192381 0.411336 0.890950
vn -0.060477 0.700160 0.711420
vn -0.428667 0.747911 0.506827
vn -0.551929 0.551441 0.625530
vn -0.640400 0.595693 0.484807
vn -0.666650 0.690121 0.281621
vn -0.665532 0.715885 0.211131
vn -0.602459 0.797992 0.015881
vn -0.602459 0.797992 0.015881
vn -0.571913 0.090401 0.815318
vn -0.416215 0.257215 0.872127
vn -0.489446 0.470555 0.734181
vn 0.157823 0.595417 0.787763
vn -0.067852 0.043165 0.996761
vn -0.048534 0.033383 0.998264
vn -0.416150 0.114342 0.902078
vn -0.490934 0.048930 0.869822
vn -0.552491 0.032182 0.832898
vn -0.050967 0.099769 0.993704
vn -0.381881 -0.040113 0.923341
vn -0.013861 -0.000449 0.999904
vn -0.080313 0.081148 0.993461
vn -0.462757 0.070153 0.883705
vn -0.472608 0.842798 -0.257553
vn -0.449407 0.526390 -0.721766
vn -0.231631 0.440912 -0.867147
vn -0.259485 0.416956 -0.871100
vn 0.007516 0.493092 -0.869945
vn -0.076303 0.338143 -0.937996
vn -0.124031 0.339408 -0.932426
vn -0.293702 0.735704 -0.610311
vn -0.379379 0.585917 -0.716082
vn -0.050425 0.755464 -0.653246
vn 0.138332 0.752257 -0.644185
vn 0.161275 0.660508 -0.733293
vn -0.061858 0.640821 -0.765194
vn -0.196827 0.533033 -0.822882
vn 0.081457 0.562542 -0.822746
vn -0.476517 0.471911 -0.741776
vn -0.412534 0.821792 -0.393032
vn -0.302364 0.809163 -0.503817
vn -0.377235 0.795521 -0.474174
vn -0.151347 0.782183 -0.604387
vn 0.099658 0.788696 -0.606652
vn -0.155923 0.801853 -0.576819
vn -0.670886 0.673361 -0.310641
vn -0.671884 0.652239 -0.350937
vn -0.348004 0.936532 -0.042447
vn -0.456265 0.614751 0.643353
vn -0.680342 0.330496 0.654146
vn -0.777107 0.222660 0.588665
vn -0.624296 0.317690 0.713672
vn 0.895803 0.440458 0.059440
vn 0.855156 0.515105 0.058089
vn 0.855156 0.515105 0.058089
vn 0.916432 0.265158 0.299738
vn -0.354490 0.385123 0.852066
vn 0.967974 0.080967 0.237635
vn -0.893321 0.164083 0.418395
vn 0.961014 0.161653 0.224321
vn -0.728411 0.550006 0.408547
vn 0.931008 0.285289 0.227670
vn 0.954320 0.163485 0.250092
vn -0.340342 0.938948 0.050433
vn -0.496924 0.808016 0.316507
vn 0.961235 0.169473 0.217501
vn 0.966486 0.128571 0.222203
vn -0.853989 0.419971 0.307128
vn -0.895115 0.288719 0.339721
vn 0.890035 0.131927 0.436387
vn -0.771928 0.142080 0.619629
vn 0.949102 0.090662 0.301639
vn 0.922836 0.099349 0.372160
vn -0.876279 0.165804 0.452377
vn -0.842363 0.170094 0.511364
vn 0.158730 -0.193776 0.968120
vn 0.893409 0.166234 0.417356
vn 0.926925 0.172277 0.333363
vn 0.520754 -0.259009 0.813468
vn 0.890766 0.094727 0.444479
vn 0.306940 -0.371799 0.876102
vn -0.689016 0.131749 0.712670
vn -0.806614 0.064821 0.587514
vn -0.104634 -0.200576 0.974074
vn -0.697369 0.203448 0.687230
vn 0.159996 -0.666603 -0.728039
vn 0.961410 0.274535 0.017901
vn 0.990540 0.024332 -0.135053
vn -0.460025 0.854682 -0.240616
vn 0.405383 0.134891 -0.904140
vn 0.463993 -0.128491 -0.876471
vn 0.463993 -0.128491 -0.876471
vn 0.185578 -0.055566 -0.981057
vn 0.185578 -0.055566 -0.981057
vn 0.509421 -0.122010 -0.851824
vn 0.239263 -0.221753 -0.945293
vn 0.149673 -0.061755 -0.986805
vn 0.944257 0.300077 -0.135398
vn 0.944257 0.300077 -0.135398
vn 0.670724 0.015630 -0.741542
vn 0.670724 0.015630 -0.741542
vn 0.906599 0.375216 -0.193111
vn 0.738412 0.290927 -0.608365
vn 0.705343 0.285122 -0.648997
vn 0.518972 -0.093411 -0.849672
vn 0.558470 -0.059760 -0.827369
vn 0.249152 -0.166119 -0.954111
vn 0.615252 -0.240349 -0.750798
vn 0.090731 -0.000224 -0.995875
vn 0.032300 -0.068308 -0.997141
vn 0.988729 -0.094555 -0.116076
vn 0.824216 -0.037396 -0.565039
vn 0.985205 -0.113443 -0.128458
vn 0.872213 -0.089760 -0.480820
vn 0.816912 -0.021829 -0.576349
vn 0.873826 0.075579 0.480329
vn 0.858552 0.199777 0.472205
vn 0.858552 0.199777 0.472205
vn 0.991108 0.017139 0.131952
vn 0.991108 0.017139 0.131952
vn 0.809659 0.343395 0.475953
vn 0.972870 0.172404 0.154277
vn 0.984442 -0.056770 0.166288
vn 0.335823 0.655464 -0.676455
vn 0.538044 0.237283 0.808830
vn 0.538044 0.237283 0.808830
vn 0.026457 0.378548 0.925203
vn 0.026457 0.378548 0.925203
vn 0.615672 0.219421 0.756837
vn 0.551416 0.292545 0.781254
vn 0.101909 0.263787 0.959183
vn 0.154233 -0.011788 0.987964
vn 0.864654 -0.179480 0.469211
vn 0.959626 -0.223342 0.170986
vn 0.856359 -0.153514 0.493034
vn 0.987493 -0.065104 0.143595
vn 0.882140 0.467755 0.055096
vn 0.604274 -0.138712 0.784610
vn 0.149022 -0.259755 0.954107
vn 0.552079 -0.218156 0.804747
vn 0.167227 -0.218766 0.961341
vn 0.944492 0.301128 -0.131364
vn -0.785743 0.439700 -0.435055
vn 0.946998 0.318876 0.038899
vn -0.615338 0.378669 -0.691353
vn -0.615338 0.378669 -0.691353
vn 0.455391 0.050262 -0.888872
vn 0.532449 -0.017854 -0.846273
vn 0.091492 -0.071663 -0.993224
vn 0.445776 0.135807 -0.884783
vn 0.200565 0.107778 -0.973734
vn 0.138520 0.121321 -0.982901
vn 0.952129 0.299391 0.061765
vn 0.738709 0.055422 -0.671742
vn 0.953334 0.301887 0.004346
vn 0.706178 0.053339 -0.706023
vn 0.687643 0.091542 -0.720255
vn -0.698180 0.331925 -0.634326
vn 0.307399 0.168776 -0.936494
vn -0.046512 0.271957 -0.961185
vn -0.686865 0.376073 -0.621921
vn 0.917383 0.377142 -0.127170
vn 0.468369 0.302197 -0.830245
vn 0.833433 0.512261 -0.207312
vn 0.848005 0.427996 -0.312581
vn -0.752195 0.603414 -0.264752
vn -0.760529 0.459523 -0.458731
vn -0.778011 0.512072 -0.363980
vn 0.909801 0.219992 -0.351945
vn 0.882970 0.307773 -0.354457
vn 0.856890 0.500186 -0.124715
vn -0.720506 0.579388 -0.381025
vn -0.772801 0.558053 -0.302251
vn 0.847770 0.479410 -0.226831
vn 0.780220 0.611004 -0.133905
vn 0.786464 0.614900 -0.058075
vn 0.786464 0.614900 -0.058075
vn 0.653803 0.658532 -0.372662
vn -0.991482 0.014651 -0.129416
vn -0.988364 0.006932 -0.151948
vn -0.998852 -0.032194 -0.035483
vn -0.997272 -0.044901 0.058590
vn 0.974736 -0.166256 0.149162
vn 0.974736 -0.166256 0.149162
vn 0.934311 -0.274387 0.227540
vn 0.954337 -0.277619 0.110312
vn 0.983945 -0.151608 -0.094162
vn -0.996887 0.078529 -0.007001
vn -0.989235 0.109250 -0.097357
vn -0.989235 0.109250 -0.097357
vn 0.978377 -0.018059 -0.206038
vn 0.964749 0.072416 -0.253013
vn 0.962813 0.112602 -0.245583
vn -0.987136 0.051288 -0.151432
vn -0.982447 0.170747 -0.075123
vn -0.963535 0.237676 -0.122925
vn 0.963389 0.154207 -0.219319
vn 0.971945 0.148825 -0.182139
vn 0.980550 0.132947 -0.144386
vn -0.961221 0.228811 -0.153950
vn 0.975336 0.199169 -0.095137
vn 0.973895 0.199827 -0.107690
vn 0.935079 0.276753 -0.221440
vn -0.994198 0.107361 -0.006591
vn -0.994763 0.075973 -0.068376
vn -0.968288 0.236983 0.079103
vn 0.970959 -0.117617 0.208340
vn 0.929445 0.053883 0.365005
vn 0.949609 0.044011 0.310331
vn -0.984199 0.125526 0.124886
vn -0.984199 0.125526 0.124886
vn -0.981206 0.189388 0.036978
vn -0.981206 0.189388 0.036978
vn -0.957652 0.074509 0.278121
vn 0.879872 -0.048268 0.472753
vn 0.970446 -0.190387 0.148284
vn 0.980859 -0.130210 0.144781
vn -0.979313 0.033553 0.199551
vn -0.955844 0.048182 0.289899
vn -0.957196 0.064509 0.282162
vn 0.964431 -0.135164 0.227164
vn 0.983676 -0.123708 0.130684
vn 0.970558 -0.109441 0.214569
vn -0.980038 0.051596 0.191997
vn -0.997254 0.038612 0.063196
vn -0.996295 0.079566 -0.032644
vn 0.070613 0.310293 0.948015
vn -0.192552 0.411341 0.890911
vn 0.041644 0.695957 0.716875
vn 0.428427 0.748039 0.506841
vn 0.551820 0.551517 0.625558
vn 0.640263 0.595807 0.484847
vn 0.666507 0.690249 0.281648
vn 0.665349 0.716051 0.211143
vn 0.602197 0.798190 0.015843
vn 0.602197 0.798190 0.015843
vn 0.571941 0.090410 0.815297
vn 0.416184 0.257252 0.872131
vn 0.489335 0.470625 0.734209
vn -0.180602 0.605265 0.775266
vn 0.065724 0.045932 0.996780
vn 0.048537 0.033387 0.998263
vn 0.416162 0.114347 0.902072
vn 0.490968 0.048932 0.869803
vn 0.552536 0.032180 0.832868
vn 0.050930 0.099785 0.993705
vn 0.382461 -0.042283 0.923004
vn 0.013863 -0.000443 0.999904
vn 0.080292 0.081157 0.993462
vn 0.462775 0.070167 0.883694
vn 0.472243 0.842974 -0.257648
vn 0.455712 0.584314 -0.671494
vn 0.312738 0.573379 -0.757253
vn 0.203250 0.524320 -0.826909
vn -0.012091 0.523470 -0.851958
vn -0.034974 0.455073 -0.889767
vn 0.108699 0.420785 -0.900624
vn 0.293271 0.735782 -0.610424
vn 0.379068 0.585944 -0.716224
vn 0.049952 0.755453 -0.653296
vn -0.138776 0.754480 -0.641484
vn -0.154607 0.661016 -0.734271
vn 0.061491 0.640795 -0.765246
vn 0.193542 0.541434 -0.818163
vn -0.079307 0.567365 -0.819639
vn 0.476310 0.474883 -0.740011
vn 0.412170 0.821930 -0.393124
vn 0.301914 0.809266 -0.503921
vn 0.376864 0.795637 -0.474273
vn 0.150930 0.781854 -0.604917
vn -0.122014 0.787734 -0.603811
vn 0.155447 0.801893 -0.576892
vn 0.670692 0.673510 -0.310737
vn 0.686665 0.629901 -0.362927
vn 0.410787 0.901758 -0.134482
vn 0.532869 0.606567 0.590023
vn 0.710569 0.330145 0.621366
vn 0.793925 0.204463 0.572607
vn 0.650843 0.354672 0.671275
vn -0.880958 0.472402 0.027368
vn -0.045911 -0.193592 0.980007
vn -0.045911 -0.193592 0.980007
vn 0.108848 -0.604771 0.788926
vn 0.108848 -0.604771 0.788926
vn -0.488571 -0.822520 0.291135
vn -0.488571 -0.822520 0.291135
vn 0.050648 -0.235182 0.970631
vn 0.050648 -0.235182 0.970631
vn 0.906898 -0.370950 0.199829
vn 0.906898 -0.370950 0.199829
vn 0.508426 -0.609660 0.608127
vn 0.508426 -0.609660 0.608127
vn 0.043000 -0.860448 -0.507720
vn 0.043000 -0.860448 -0.507720
vn 0.043000 -0.860448 -0.507720
vn 0.042934 -0.816069 -0.576357
vn 0.042934 -0.816069 -0.576357
vn 0.370962 -0.767471 -0.522853
vn 0.370962 -0.767471 -0.522853
vn -0.084509 -0.393234 0.915547
vn -0.084509 -0.393234 0.915547
vn -0.279351 -0.167885 0.945398
vn -0.279351 -0.167885 0.945398
vn -0.512278 -0.525872 0.678992
vn -0.512278 -0.525872 0.678992
vn -0.668423 -0.737081 0.099616
vn -0.668423 -0.737081 0.099616
vn 0.331421 0.870150 -0.364691
vn -0.654008 0.658391 -0.372552
vn -0.127459 0.948522 -0.289931
vn -0.127459 0.948522 -0.289931
vn -0.331533 0.870092 -0.364727
vn -0.549652 0.835083 0.022785
vn -0.379828 -0.923722 -0.049687
vn -0.983172 0.035456 -0.179211
vn 0.595868 -0.732451 -0.329327
vn 0.595868 -0.732451 -0.329327
vn 0.660913 -0.740134 -0.124079
vn 0.660913 -0.740134 -0.124079
vn 0.805360 0.589192 -0.065168
vn -0.134872 0.922194 -0.362448
vn -0.134872 0.922194 -0.362448
vn -0.590356 0.114016 0.799050
vn 0.200602 -0.937468 -0.284452
vn 0.385378 -0.820908 0.421419
vn 0.031826 -0.994075 0.103933
vn -0.611674 -0.741834 -0.274840
vn -0.611674 -0.741834 -0.274840
vn -0.650656 -0.632083 -0.420855
vn -0.650656 -0.632083 -0.420855
vn -0.268759 0.936337 0.225924
vn -0.467153 0.171618 0.867361
vn -0.037864 -0.803105 -0.594633
vn -0.037864 -0.803105 -0.594633
vn -0.417128 -0.733201 -0.537048
vn -0.417128 -0.733201 -0.537048

usemtl G3_Animation_Body_HeroSlaveWeak_01_A|
f 4010/5583/5583 4026/5601/5601 4011/5585/5585
f 1563/3584/3584 3068/3591/3591 3066/3589/3589
f 3068/3591/3591 1565/3585/3585 3066/3589/3589
f 3068/3591/3591 3070/3593/3593 3069/3592/3592
f 3065/3588/3588 3068/3591/3591 3069/3592/3592
f 3068/3591/3591 3063/3587/3587 3067/3590/3590
f 3058/3586/3586 3068/3591/3591 3067/3590/3590
f 3073/3598/3598 3712/4738/4738 3071/3594/3594
f 3072/3596/3596 3071/3594/3594 3712/4738/4738
f 3712/4738/4738 3073/3598/3598 3766/4821/4821
f 3096/3645/3645 3766/4821/4821 3073/3598/3598
f 3096/3645/3645 3095/3644/3644 3766/4821/4821
f 3094/3643/3643 3766/4821/4821 3095/3644/3644
f 3095/3644/3644 3093/3642/3642 3094/3643/3643
f 3867/5103/5103 3094/3643/3643 3093/3642/3642
f 3093/3642/3642 3092/3641/3641 3867/5103/5103
f 3091/3635/3635 3867/5103/5103 3092/3641/3641
f 3092/3641/3641 3084/3628/3628 3091/3635/3635
f 3856/5052/5052 3091/3635/3635 3084/3628/3628
f 3856/5052/5052 3084/3628/3628 3085/3629/3629
f 3086/3630/3630 3085/3629/3629 3084/3628/3628
f 3085/3629/3629 3086/3630/3630 3865/5093/5093
f 3090/3634/3634 3865/5093/5093 3086/3630/3630
f 3090/3634/3634 3089/3633/3633 3865/5093/5093
f 3087/3631/3631 3865/5093/5093 3089/3633/3633
f 3089/3633/3633 3088/3632/3632 3087/3631/3631
f 3860/5071/5071 3087/3631/3631 3088/3632/3632
f 3088/3632/3632 3074/3599/3599 3860/5071/5071
f 3088/3632/3632 3089/3633/3633 3074/3599/3599
f 3089/3633/3633 3090/3634/3634 3074/3599/3599
f 3090/3634/3634 3086/3630/3630 3074/3599/3599
f 3075/3600/3600 3860/5071/5071 3074/3599/3599
f 3075/3600/3600 3074/3599/3599 3076/3601/3601
f 3077/3610/3610 3076/3601/3601 3074/3599/3599
f 3077/3610/3610 3083/3627/3627 3076/3601/3601
f 3083/3627/3627 3077/3610/3610 3074/3599/3599
f 3082/3626/3626 3076/3601/3601 3083/3627/3627
f 3083/3627/3627 3078/3611/3611 3082/3626/3626
f 3078/3611/3611 3083/3627/3627 3074/3599/3599
f 3079/3612/3612 3082/3626/3626 3078/3611/3611
f 3079/3612/3612 3078/3611/3611 3080/3617/3617
f 3081/3625/3625 3080/3617/3617 3078/3611/3611
f 3081/3625/3625 3071/3595/3595 3080/3617/3617
f 3072/3597/3597 3080/3617/3617 3071/3595/3595
f 3071/3595/3595 3081/3625/3625 3074/3599/3599
f 3081/3625/3625 3078/3611/3611 3074/3599/3599
f 3073/3598/3598 3071/3595/3595 3074/3599/3599
f 3096/3645/3645 3073/3598/3598 3074/3599/3599
f 3095/3644/3644 3096/3645/3645 3074/3599/3599
f 3093/3642/3642 3095/3644/3644 3074/3599/3599
f 3092/3641/3641 3093/3642/3642 3074/3599/3599
f 3084/3628/3628 3092/3641/3641 3074/3599/3599
f 3086/3630/3630 3084/3628/3628 3074/3599/3599
f 3101/3650/3650 3102/3651/3651 3100/3649/3649
f 3102/3651/3651 3097/3646/3646 3100/3649/3649
f 3104/3653/3653 3099/3648/3648 3103/3652/3652
f 3099/3648/3648 3098/3647/3647 3103/3652/3652
f 3116/3686/3686 3106/3658/3658 3105/3654/3654
f 3111/3674/3674 3105/3654/3654 3106/3658/3658
f 3106/3658/3658 3116/3686/3686 3108/3665/3665
f 3107/3661/3661 3108/3665/3665 3116/3686/3686
f 3109/3669/3669 3110/3671/3671 3107/3662/3662
f 3108/3666/3666 3107/3662/3662 3110/3671/3671
f 3110/3671/3671 3109/3669/3669 3111/3675/3675
f 3105/3655/3655 3111/3675/3675 3109/3669/3669
f 3113/3680/3680 3111/3676/3676 3112/3678/3678
f 3106/3659/3659 3112/3678/3678 3111/3676/3676
f 3113/3680/3680 3112/3678/3678 3121/3700/3700
f 3125/3713/3713 3121/3700/3700 3112/3678/3678
f 3112/3679/3679 3106/3660/3660 3114/3682/3682
f 3108/3667/3667 3114/3682/3682 3106/3660/3660
f 3112/3679/3679 3114/3682/3682 3125/3714/3714
f 3126/3717/3717 3125/3714/3714 3114/3682/3682
f 3114/3683/3683 3108/3668/3668 3115/3684/3684
f 3110/3672/3672 3115/3684/3684 3108/3668/3668
f 3114/3683/3683 3115/3684/3684 3126/3718/3718
f 3127/3720/3720 3126/3718/3718 3115/3684/3684
f 3115/3685/3685 3110/3673/3673 3113/3681/3681
f 3111/3677/3677 3113/3681/3681 3110/3673/3673
f 3115/3685/3685 3113/3681/3681 3127/3721/3721
f 3121/3701/3701 3127/3721/3721 3113/3681/3681
f 3116/3687/3687 3105/3656/3656 3117/3688/3688
f 3118/3690/3690 3117/3688/3688 3105/3656/3656
f 3117/3688/3688 3119/3693/3693 3116/3687/3687
f 3107/3663/3663 3116/3687/3687 3119/3693/3693
f 3118/3690/3690 3128/3724/3724 3117/3688/3688
f 3122/3703/3703 3117/3688/3688 3128/3724/3724
f 3109/3670/3670 3107/3664/3664 3120/3696/3696
f 3119/3694/3694 3120/3696/3696 3107/3664/3664
f 3120/3696/3696 3118/3691/3691 3109/3670/3670
f 3105/3657/3657 3109/3670/3670 3118/3691/3691
f 3119/3694/3694 3123/3708/3708 3120/3696/3696
f 3124/3710/3710 3120/3696/3696 3123/3708/3708
f 3121/3698/3698 3125/3712/3712 3128/3722/3722
f 3122/3702/3702 3128/3722/3722 3125/3712/3712
f 3125/3712/3712 3126/3715/3715 3122/3702/3702
f 3123/3705/3705 3122/3702/3702 3126/3715/3715
f 3126/3716/3716 3127/3719/3719 3123/3706/3706
f 3124/3709/3709 3123/3706/3706 3127/3719/3719
f 3127/3719/3719 3121/3699/3699 3124/3709/3709
f 3128/3723/3723 3124/3709/3709 3121/3699/3699
f 3117/3689/3689 3122/3704/3704 3119/3695/3695
f 3123/3707/3707 3119/3695/3695 3122/3704/3704
f 3120/3697/3697 3124/3711/3711 3118/3692/3692
f 3128/3725/3725 3118/3692/3692 3124/3711/3711
f 3129/3726/3726 3130/3729/3729 3140/3755/3755
f 3136/3745/3745 3140/3755/3755 3130/3729/3729
f 3130/3729/3729 3129/3726/3726 3132/3734/3734
f 3131/3731/3731 3132/3734/3734 3129/3726/3726
f 3140/3755/3755 3136/3745/3745 3144/3765/3765
f 3133/3739/3739 3144/3765/3765 3136/3745/3745
f 3144/3764/3764 3133/3738/3738 3131/3732/3732
f 3132/3735/3735 3131/3732/3732 3133/3738/3738
f 3135/3743/3743 3136/3746/3746 3134/3742/3742
f 3130/3730/3730 3134/3742/3742 3136/3746/3746
f 3134/3742/3742 3130/3730/3730 3137/3748/3748
f 3132/3736/3736 3137/3748/3748 3130/3730/3730
f 3135/3743/3743 3134/3742/3742 3149/3782/3782
f 3145/3769/3769 3149/3782/3782 3134/3742/3742
f 3134/3742/3742 3137/3748/3748 3145/3769/3769
f 3150/3785/3785 3145/3769/3769 3137/3748/3748
f 3149/3782/3782 3147/3776/3776 3135/3743/3743
f 3138/3752/3752 3135/3743/3743 3147/3776/3776
f 3137/3749/3749 3132/3737/3737 3138/3750/3750
f 3133/3740/3740 3138/3750/3750 3132/3737/3737
f 3137/3749/3749 3138/3750/3750 3150/3786/3786
f 3147/3775/3775 3150/3786/3786 3138/3750/3750
f 3138/3751/3751 3133/3741/3741 3135/3744/3744
f 3136/3747/3747 3135/3744/3744 3133/3741/3741
f 3129/3727/3727 3140/3756/3756 3139/3753/3753
f 3141/3758/3758 3139/3753/3753 3140/3756/3756
f 3141/3758/3758 3151/3788/3788 3139/3753/3753
f 3146/3771/3771 3139/3753/3753 3151/3788/3788
f 3151/3788/3788 3141/3758/3758 3148/3780/3780
f 3143/3763/3763 3148/3780/3780 3141/3758/3758
f 3131/3733/3733 3129/3728/3728 3142/3760/3760
f 3139/3754/3754 3142/3760/3760 3129/3728/3728
f 3142/3760/3760 3143/3761/3761 3131/3733/3733
f 3144/3766/3766 3131/3733/3733 3143/3761/3761
f 3139/3754/3754 3146/3772/3772 3142/3760/3760
f 3152/3791/3791 3142/3760/3760 3146/3772/3772
f 3142/3760/3760 3152/3791/3791 3143/3761/3761
f 3148/3779/3779 3143/3761/3761 3152/3791/3791
f 3140/3757/3757 3144/3767/3767 3141/3759/3759
f 3143/3762/3762 3141/3759/3759 3144/3767/3767
f 3149/3781/3781 3145/3768/3768 3151/3787/3787
f 3146/3770/3770 3151/3787/3787 3145/3768/3768
f 3145/3768/3768 3150/3783/3783 3146/3770/3770
f 3152/3789/3789 3146/3770/3770 3150/3783/3783
f 3151/3787/3787 3148/3778/3778 3149/3781/3781
f 3147/3774/3774 3149/3781/3781 3148/3778/3778
f 3150/3784/3784 3147/3773/3773 3152/3790/3790
f 3148/3777/3777 3152/3790/3790 3147/3773/3773
f 3154/3793/3793 3155/3794/3794 3153/3792/3792
f 3156/3795/3795 3153/3792/3792 3155/3794/3794
f 3153/3792/3792 3156/3795/3795 3157/3796/3796
f 3158/3798/3798 3157/3796/3796 3156/3795/3795
f 3155/3794/3794 3154/3793/3793 3168/3809/3809
f 3167/3808/3808 3168/3809/3809 3154/3793/3793
f 3168/3809/3809 3167/3808/3808 3166/3807/3807
f 3165/3806/3806 3166/3807/3807 3167/3808/3808
f 3166/3807/3807 3165/3806/3806 3164/3805/3805
f 3163/3804/3804 3164/3805/3805 3165/3806/3806
f 3164/3805/3805 3163/3804/3804 3162/3803/3803
f 3161/3802/3802 3162/3803/3803 3163/3804/3804
f 3162/3803/3803 3161/3802/3802 3160/3801/3801
f 3159/3800/3800 3160/3801/3801 3161/3802/3802
f 3160/3801/3801 3159/3800/3800 3158/3799/3799
f 3157/3797/3797 3158/3799/3799 3159/3800/3800
f 3158/3799/3799 3171/3815/3815 3160/3801/3801
f 3172/3817/3817 3160/3801/3801 3171/3815/3815
f 3160/3801/3801 3172/3817/3817 3162/3803/3803
f 3173/3819/3819 3162/3803/3803 3172/3817/3817
f 3161/3802/3802 3186/3843/3843 3159/3800/3800
f 3186/3843/3843 3161/3802/3802 3188/3846/3846
f 3188/3846/3846 3187/3844/3844 3186/3843/3843
f 3185/3841/3841 3186/3843/3843 3187/3844/3844
f 3186/3843/3843 3185/3841/3841 3184/3840/3840
f 3183/3838/3838 3184/3840/3840 3185/3841/3841
f 3184/3840/3840 3183/3838/3838 3182/3837/3837
f 3181/3834/3834 3182/3837/3837 3183/3838/3838
f 3187/3844/3844 3188/3846/3846 3189/3847/3847
f 3190/3849/3849 3189/3847/3847 3188/3846/3846
f 3189/3847/3847 3190/3849/3849 3191/3850/3850
f 3192/3852/3852 3191/3850/3850 3190/3849/3849
f 3191/3850/3850 3192/3852/3852 3178/3829/3829
f 3179/3831/3831 3178/3829/3829 3192/3852/3852
f 3178/3829/3829 3179/3831/3831 3177/3827/3827
f 3180/3832/3832 3177/3827/3827 3179/3831/3831
f 3177/3827/3827 3180/3832/3832 3181/3833/3833
f 3182/3836/3836 3181/3833/3833 3180/3832/3832
f 3180/3832/3832 3153/3792/3792 3182/3836/3836
f 3157/3796/3796 3182/3836/3836 3153/3792/3792
f 3179/3831/3831 3154/3793/3793 3180/3832/3832
f 3153/3792/3792 3180/3832/3832 3154/3793/3793
f 3154/3793/3793 3179/3831/3831 3167/3808/3808
f 3192/3852/3852 3167/3808/3808 3179/3831/3831
f 3167/3808/3808 3192/3852/3852 3165/3806/3806
f 3190/3849/3849 3165/3806/3806 3192/3852/3852
f 3165/3806/3806 3190/3849/3849 3163/3804/3804
f 3188/3846/3846 3163/3804/3804 3190/3849/3849
f 3163/3804/3804 3188/3846/3846 3161/3802/3802
f 3170/3812/3812 3156/3795/3795 3169/3810/3810
f 3155/3794/3794 3169/3810/3810 3156/3795/3795
f 3156/3795/3795 3170/3812/3812 3158/3798/3798
f 3171/3814/3814 3158/3798/3798 3170/3812/3812
f 3169/3810/3810 3155/3794/3794 3176/3825/3825
f 3168/3809/3809 3176/3825/3825 3155/3794/3794
f 3176/3825/3825 3168/3809/3809 3175/3823/3823
f 3166/3807/3807 3175/3823/3823 3168/3809/3809
f 3175/3823/3823 3166/3807/3807 3174/3821/3821
f 3164/3805/3805 3174/3821/3821 3166/3807/3807
f 3174/3821/3821 3164/3805/3805 3173/3819/3819
f 3162/3803/3803 3173/3819/3819 3164/3805/3805
f 3194/3854/3854 3170/3813/3813 3193/3853/3853
f 3169/3811/3811 3193/3853/3853 3170/3813/3813
f 3170/3813/3813 3194/3854/3854 3171/3816/3816
f 3195/3855/3855 3171/3816/3816 3194/3854/3854
f 3171/3816/3816 3195/3855/3855 3172/3818/3818
f 3196/3856/3856 3172/3818/3818 3195/3855/3855
f 3172/3818/3818 3196/3856/3856 3173/3820/3820
f 3197/3857/3857 3173/3820/3820 3196/3856/3856
f 3173/3820/3820 3197/3857/3857 3174/3822/3822
f 3198/3858/3858 3174/3822/3822 3197/3857/3857
f 3174/3822/3822 3198/3858/3858 3175/3824/3824
f 3199/3859/3859 3175/3824/3824 3198/3858/3858
f 3175/3824/3824 3199/3859/3859 3176/3826/3826
f 3200/3860/3860 3176/3826/3826 3199/3859/3859
f 3176/3826/3826 3200/3860/3860 3169/3811/3811
f 3193/3853/3853 3169/3811/3811 3200/3860/3860
f 3198/3858/3858 3465/4445/4445 3199/3859/3859
f 3199/3859/3859 3465/4445/4445 3200/3860/3860
f 3200/3860/3860 3465/4445/4445 3193/3853/3853
f 3193/3853/3853 3465/4445/4445 3194/3854/3854
f 3194/3854/3854 3465/4445/4445 3195/3855/3855
f 3195/3855/3855 3465/4445/4445 3196/3856/3856
f 3196/3856/3856 3465/4445/4445 3197/3857/3857
f 3197/3857/3857 3465/4445/4445 3198/3858/3858
f 3202/3862/3862 3178/3830/3830 3201/3861/3861
f 3177/3828/3828 3201/3861/3861 3178/3830/3830
f 3201/3861/3861 3177/3828/3828 3203/3863/3863
f 3181/3835/3835 3203/3863/3863 3177/3828/3828
f 3203/3863/3863 3181/3835/3835 3204/3864/3864
f 3183/3839/3839 3204/3864/3864 3181/3835/3835
f 3204/3864/3864 3183/3839/3839 3205/3865/3865
f 3185/3842/3842 3205/3865/3865 3183/3839/3839
f 3205/3865/3865 3185/3842/3842 3206/3866/3866
f 3187/3845/3845 3206/3866/3866 3185/3842/3842
f 3206/3866/3866 3187/3845/3845 3207/3867/3867
f 3189/3848/3848 3207/3867/3867 3187/3845/3845
f 3207/3867/3867 3189/3848/3848 3208/3868/3868
f 3191/3851/3851 3208/3868/3868 3189/3848/3848
f 3208/3868/3868 3191/3851/3851 3202/3862/3862
f 3178/3830/3830 3202/3862/3862 3191/3851/3851
f 3207/3867/3867 3466/4446/4446 3206/3866/3866
f 3208/3868/3868 3466/4446/4446 3207/3867/3867
f 3202/3862/3862 3466/4446/4446 3208/3868/3868
f 3201/3861/3861 3466/4446/4446 3202/3862/3862
f 3203/3863/3863 3466/4446/4446 3201/3861/3861
f 3204/3864/3864 3466/4446/4446 3203/3863/3863
f 3205/3865/3865 3466/4446/4446 3204/3864/3864
f 3206/3866/3866 3466/4446/4446 3205/3865/3865
f 3184/3840/3840 3159/3800/3800 3186/3843/3843
f 3159/3800/3800 3184/3840/3840 3157/3797/3797
f 3182/3837/3837 3157/3797/3797 3184/3840/3840
f 3210/3870/3870 3211/3871/3871 3209/3869/3869
f 3212/3872/3872 3209/3869/3869 3211/3871/3871
f 3211/3871/3871 3213/3873/3873 3212/3872/3872
f 3214/3875/3875 3212/3872/3872 3213/3873/3873
f 3209/3869/3869 3224/3886/3886 3210/3870/3870
f 3223/3885/3885 3210/3870/3870 3224/3886/3886
f 3224/3886/3886 3222/3884/3884 3223/3885/3885
f 3221/3883/3883 3223/3885/3885 3222/3884/3884
f 3222/3884/3884 3220/3882/3882 3221/3883/3883
f 3219/3881/3881 3221/3883/3883 3220/3882/3882
f 3220/3882/3882 3218/3880/3880 3219/3881/3881
f 3217/3879/3879 3219/3881/3881 3218/3880/3880
f 3218/3880/3880 3216/3878/3878 3217/3879/3879
f 3215/3877/3877 3217/3879/3879 3216/3878/3878
f 3216/3878/3878 3214/3876/3876 3215/3877/3877
f 3213/3874/3874 3215/3877/3877 3214/3876/3876
f 3214/3876/3876 3216/3878/3878 3227/3892/3892
f 3228/3894/3894 3227/3892/3892 3216/3878/3878
f 3216/3878/3878 3218/3880/3880 3228/3894/3894
f 3229/3896/3896 3228/3894/3894 3218/3880/3880
f 3217/3879/3879 3215/3877/3877 3242/3920/3920
f 3242/3920/3920 3244/3923/3923 3217/3879/3879
f 3244/3923/3923 3242/3920/3920 3243/3921/3921
f 3241/3918/3918 3243/3921/3921 3242/3920/3920
f 3242/3920/3920 3240/3917/3917 3241/3918/3918
f 3239/3915/3915 3241/3918/3918 3240/3917/3917
f 3240/3917/3917 3238/3914/3914 3239/3915/3915
f 3237/3911/3911 3239/3915/3915 3238/3914/3914
f 3243/3921/3921 3245/3924/3924 3244/3923/3923
f 3246/3926/3926 3244/3923/3923 3245/3924/3924
f 3245/3924/3924 3247/3927/3927 3246/3926/3926
f 3248/3929/3929 3246/3926/3926 3247/3927/3927
f 3247/3927/3927 3234/3905/3905 3248/3929/3929
f 3233/3904/3904 3248/3929/3929 3234/3905/3905
f 3234/3905/3905 3235/3907/3907 3233/3904/3904
f 3236/3909/3909 3233/3904/3904 3235/3907/3907
f 3235/3907/3907 3237/3910/3910 3236/3909/3909
f 3238/3913/3913 3236/3909/3909 3237/3910/3910
f 3236/3909/3909 3238/3913/3913 3211/3871/3871
f 3213/3873/3873 3211/3871/3871 3238/3913/3913
f 3233/3904/3904 3236/3909/3909 3210/3870/3870
f 3211/3871/3871 3210/3870/3870 3236/3909/3909
f 3210/3870/3870 3223/3885/3885 3233/3904/3904
f 3248/3929/3929 3233/3904/3904 3223/3885/3885
f 3223/3885/3885 3221/3883/3883 3248/3929/3929
f 3246/3926/3926 3248/3929/3929 3221/3883/3883
f 3221/3883/3883 3219/3881/3881 3246/3926/3926
f 3244/3923/3923 3246/3926/3926 3219/3881/3881
f 3219/3881/3881 3217/3879/3879 3244/3923/3923
f 3225/3887/3887 3226/3889/3889 3212/3872/3872
f 3209/3869/3869 3212/3872/3872 3226/3889/3889
f 3212/3872/3872 3214/3875/3875 3225/3887/3887
f 3227/3891/3891 3225/3887/3887 3214/3875/3875
f 3226/3889/3889 3232/3902/3902 3209/3869/3869
f 3224/3886/3886 3209/3869/3869 3232/3902/3902
f 3232/3902/3902 3231/3900/3900 3224/3886/3886
f 3222/3884/3884 3224/3886/3886 3231/3900/3900
f 3231/3900/3900 3230/3898/3898 3222/3884/3884
f 3220/3882/3882 3222/3884/3884 3230/3898/3898
f 3230/3898/3898 3229/3896/3896 3220/3882/3882
f 3218/3880/3880 3220/3882/3882 3229/3896/3896
f 3249/3930/3930 3250/3931/3931 3225/3888/3888
f 3226/3890/3890 3225/3888/3888 3250/3931/3931
f 3225/3888/3888 3227/3893/3893 3249/3930/3930
f 3251/3932/3932 3249/3930/3930 3227/3893/3893
f 3227/3893/3893 3228/3895/3895 3251/3932/3932
f 3252/3933/3933 3251/3932/3932 3228/3895/3895
f 3228/3895/3895 3229/3897/3897 3252/3933/3933
f 3253/3934/3934 3252/3933/3933 3229/3897/3897
f 3229/3897/3897 3230/3899/3899 3253/3934/3934
f 3254/3935/3935 3253/3934/3934 3230/3899/3899
f 3230/3899/3899 3231/3901/3901 3254/3935/3935
f 3255/3936/3936 3254/3935/3935 3231/3901/3901
f 3231/3901/3901 3232/3903/3903 3255/3936/3936
f 3256/3937/3937 3255/3936/3936 3232/3903/3903
f 3232/3903/3903 3226/3890/3890 3256/3937/3937
f 3250/3931/3931 3256/3937/3937 3226/3890/3890
f 3255/3936/3936 3467/4447/4447 3254/3935/3935
f 3256/3937/3937 3467/4447/4447 3255/3936/3936
f 3250/3931/3931 3467/4447/4447 3256/3937/3937
f 3249/3930/3930 3467/4447/4447 3250/3931/3931
f 3251/3932/3932 3467/4447/4447 3249/3930/3930
f 3252/3933/3933 3467/4447/4447 3251/3932/3932
f 3253/3934/3934 3467/4447/4447 3252/3933/3933
f 3254/3935/3935 3467/4447/4447 3253/3934/3934
f 3257/3938/3938 3258/3939/3939 3234/3906/3906
f 3235/3908/3908 3234/3906/3906 3258/3939/3939
f 3258/3939/3939 3259/3940/3940 3235/3908/3908
f 3237/3912/3912 3235/3908/3908 3259/3940/3940
f 3259/3940/3940 3260/3941/3941 3237/3912/3912
f 3239/3916/3916 3237/3912/3912 3260/3941/3941
f 3260/3941/3941 3261/3942/3942 3239/3916/3916
f 3241/3919/3919 3239/3916/3916 3261/3942/3942
f 3261/3942/3942 3262/3943/3943 3241/3919/3919
f 3243/3922/3922 3241/3919/3919 3262/3943/3943
f 3262/3943/3943 3263/3944/3944 3243/3922/3922
f 3245/3925/3925 3243/3922/3922 3263/3944/3944
f 3263/3944/3944 3264/3945/3945 3245/3925/3925
f 3247/3928/3928 3245/3925/3925 3264/3945/3945
f 3264/3945/3945 3257/3938/3938 3247/3928/3928
f 3234/3906/3906 3247/3928/3928 3257/3938/3938
f 3262/3943/3943 3468/4448/4448 3263/3944/3944
f 3263/3944/3944 3468/4448/4448 3264/3945/3945
f 3264/3945/3945 3468/4448/4448 3257/3938/3938
f 3257/3938/3938 3468/4448/4448 3258/3939/3939
f 3258/3939/3939 3468/4448/4448 3259/3940/3940
f 3259/3940/3940 3468/4448/4448 3260/3941/3941
f 3260/3941/3941 3468/4448/4448 3261/3942/3942
f 3261/3942/3942 3468/4448/4448 3262/3943/3943
f 3240/3917/3917 3242/3920/3920 3215/3877/3877
f 3215/3877/3877 3213/3874/3874 3240/3917/3917
f 3238/3914/3914 3240/3917/3917 3213/3874/3874
f 3266/3950/3950 3267/3953/3953 3265/3946/3946
f 3268/3955/3955 3265/3946/3946 3267/3953/3953
f 3267/3953/3953 3269/3957/3957 3268/3955/3955
f 3270/3960/3960 3268/3955/3955 3269/3957/3957
f 3269/3957/3957 3267/3953/3953 3275/3974/3974
f 3273/3969/3969 3275/3974/3974 3267/3953/3953
f 3269/3958/3958 3271/3964/3964 3270/3961/3961
f 3272/3966/3966 3270/3961/3961 3271/3964/3964
f 3271/3964/3964 3266/3951/3951 3272/3966/3966
f 3265/3947/3947 3272/3966/3966 3266/3951/3951
f 3266/3951/3951 3271/3964/3964 3274/3972/3972
f 3276/3978/3978 3274/3972/3972 3271/3964/3964
f 3267/3954/3954 3266/3952/3952 3273/3968/3968
f 3274/3971/3971 3273/3968/3968 3266/3952/3952
f 3274/3971/3971 3284/4002/4002 3273/3968/3968
f 3283/3998/3998 3273/3968/3968 3284/4002/4002
f 3271/3965/3965 3269/3959/3959 3276/3977/3977
f 3275/3975/3975 3276/3977/3977 3269/3959/3959
f 3275/3975/3975 3286/4011/4011 3276/3977/3977
f 3288/4016/4016 3276/3977/3977 3286/4011/4011
f 3278/3982/3982 3265/3948/3948 3277/3980/3980
f 3268/3956/3956 3277/3980/3980 3265/3948/3948
f 3277/3980/3980 3268/3956/3956 3279/3985/3985
f 3270/3962/3962 3279/3985/3985 3268/3956/3956
f 3278/3982/3982 3277/3980/3980 3281/3992/3992
f 3282/3995/3995 3281/3992/3992 3277/3980/3980
f 3279/3986/3986 3270/3963/3963 3280/3988/3988
f 3272/3967/3967 3280/3988/3988 3270/3963/3963
f 3280/3988/3988 3272/3967/3967 3278/3983/3983
f 3265/3949/3949 3278/3983/3983 3272/3967/3967
f 3279/3986/3986 3280/3988/3988 3285/4007/4007
f 3287/4013/4013 3285/4007/4007 3280/3988/3988
f 3282/3994/3994 3283/3997/3997 3281/3990/3990
f 3284/4000/4000 3281/3990/3990 3283/3997/3997
f 3283/3997/3997 3282/3994/3994 3286/4008/4008
f 3285/4004/4004 3286/4008/4008 3282/3994/3994
f 3287/4012/4012 3288/4015/4015 3285/4005/4005
f 3286/4009/4009 3285/4005/4005 3288/4015/4015
f 3288/4015/4015 3287/4012/4012 3284/4001/4001
f 3281/3991/3991 3284/4001/4001 3287/4012/4012
f 3273/3970/3970 3283/3999/3999 3275/3976/3976
f 3286/4010/4010 3275/3976/3976 3283/3999/3999
f 3276/3979/3979 3288/4017/4017 3274/3973/3973
f 3284/4003/4003 3274/3973/3973 3288/4017/4017
f 3285/4006/4006 3282/3996/3996 3279/3987/3987
f 3277/3981/3981 3279/3987/3987 3282/3996/3996
f 3281/3993/3993 3287/4014/4014 3278/3984/3984
f 3280/3989/3989 3278/3984/3984 3287/4014/4014
f 3290/4021/4021 3291/4024/4024 3289/4018/4018
f 3292/4028/4028 3289/4018/4018 3291/4024/4024
f 3289/4018/4018 3296/4041/4041 3290/4021/4021
f 3295/4037/4037 3290/4021/4021 3296/4041/4041
f 3291/4025/4025 3293/4032/4032 3292/4029/4029
f 3294/4034/4034 3292/4029/4029 3293/4032/4032
f 3293/4032/4032 3295/4036/4036 3294/4034/4034
f 3296/4040/4040 3294/4034/4034 3295/4036/4036
f 3291/4026/4026 3290/4022/4022 3297/4044/4044
f 3298/4047/4047 3297/4044/4044 3290/4022/4022
f 3293/4033/4033 3291/4027/4027 3299/4050/4050
f 3297/4045/4045 3299/4050/4050 3291/4027/4027
f 3299/4050/4050 3300/4051/4051 3293/4033/4033
f 3295/4038/4038 3293/4033/4033 3300/4051/4051
f 3297/4045/4045 3307/4073/4073 3299/4050/4050
f 3310/4081/4081 3299/4050/4050 3307/4073/4073
f 3299/4050/4050 3310/4081/4081 3300/4051/4051
f 3312/4088/4088 3300/4051/4051 3310/4081/4081
f 3290/4023/4023 3295/4039/4039 3298/4048/4048
f 3300/4052/4052 3298/4048/4048 3295/4039/4039
f 3300/4052/4052 3312/4089/4089 3298/4048/4048
f 3308/4077/4077 3298/4048/4048 3312/4089/4089
f 3302/4056/4056 3289/4019/4019 3301/4053/4053
f 3292/4030/4030 3301/4053/4053 3289/4019/4019
f 3301/4054/4054 3292/4031/4031 3303/4059/4059
f 3294/4035/4035 3303/4059/4059 3292/4031/4031
f 3303/4059/4059 3294/4035/4035 3304/4060/4060
f 3296/4042/4042 3304/4060/4060 3294/4035/4035
f 3301/4054/4054 3303/4059/4059 3306/4069/4069
f 3309/4079/4079 3306/4069/4069 3303/4059/4059
f 3303/4059/4059 3304/4060/4060 3309/4079/4079
f 3311/4084/4084 3309/4079/4079 3304/4060/4060
f 3304/4061/4061 3296/4043/4043 3302/4057/4057
f 3289/4020/4020 3302/4057/4057 3296/4043/4043
f 3304/4061/4061 3302/4057/4057 3311/4085/4085
f 3305/4065/4065 3311/4085/4085 3302/4057/4057
f 3306/4066/4066 3307/4070/4070 3305/4062/4062
f 3308/4074/4074 3305/4062/4062 3307/4070/4070
f 3309/4078/4078 3310/4080/4080 3306/4067/4067
f 3307/4071/4071 3306/4067/4067 3310/4080/4080
f 3310/4080/4080 3309/4078/4078 3312/4086/4086
f 3311/4082/4082 3312/4086/4086 3309/4078/4078
f 3305/4063/4063 3308/4075/4075 3311/4083/4083
f 3312/4087/4087 3311/4083/4083 3308/4075/4075
f 3298/4049/4049 3308/4076/4076 3297/4046/4046
f 3307/4072/4072 3297/4046/4046 3308/4076/4076
f 3306/4068/4068 3305/4064/4064 3301/4055/4055
f 3302/4058/4058 3301/4055/4055 3305/4064/4064
f 3314/4091/4091 3315/4093/4093 3313/4090/4090
f 3316/4095/4095 3313/4090/4090 3315/4093/4093
f 3313/4090/4090 3316/4095/4095 3317/4096/4096
f 3318/4097/4097 3317/4096/4096 3316/4095/4095
f 3317/4096/4096 3318/4097/4097 3319/4098/4098
f 3320/4099/4099 3319/4098/4098 3318/4097/4097
f 3319/4098/4098 3320/4099/4099 3321/4100/4100
f 3322/4101/4101 3321/4100/4100 3320/4099/4099
f 3321/4100/4100 3322/4101/4101 3323/4102/4102
f 3324/4103/4103 3323/4102/4102 3322/4101/4101
f 3323/4102/4102 3324/4103/4103 3325/4104/4104
f 3326/4105/4105 3325/4104/4104 3324/4103/4103
f 3325/4104/4104 3326/4105/4105 3327/4106/4106
f 3328/4107/4107 3327/4106/4106 3326/4105/4105
f 3327/4106/4106 3328/4107/4107 3314/4092/4092
f 3315/4094/4094 3314/4092/4092 3328/4107/4107
f 3324/4103/4103 3334/4119/4119 3326/4105/4105
f 3334/4119/4119 3324/4103/4103 3333/4117/4117
f 3322/4101/4101 3333/4117/4117 3324/4103/4103
f 3333/4117/4117 3322/4101/4101 3332/4115/4115
f 3320/4099/4099 3332/4115/4115 3322/4101/4101
f 3332/4115/4115 3320/4099/4099 3331/4113/4113
f 3318/4097/4097 3331/4113/4113 3320/4099/4099
f 3331/4113/4113 3318/4097/4097 3330/4111/4111
f 3316/4095/4095 3330/4111/4111 3318/4097/4097
f 3330/4111/4111 3316/4095/4095 3329/4108/4108
f 3315/4093/4093 3329/4108/4108 3316/4095/4095
f 3335/4121/4121 3326/4105/4105 3334/4119/4119
f 3326/4105/4105 3335/4121/4121 3328/4107/4107
f 3336/4123/4123 3328/4107/4107 3335/4121/4121
f 3328/4107/4107 3336/4123/4123 3315/4094/4094
f 3329/4109/4109 3315/4094/4094 3336/4123/4123
f 3338/4127/4127 3339/4130/4130 3337/4125/4125
f 3340/4132/4132 3337/4125/4125 3339/4130/4130
f 3337/4125/4125 3340/4132/4132 3341/4133/4133
f 3342/4135/4135 3341/4133/4133 3340/4132/4132
f 3341/4133/4133 3342/4135/4135 3343/4136/4136
f 3344/4138/4138 3343/4136/4136 3342/4135/4135
f 3343/4136/4136 3344/4138/4138 3345/4139/4139
f 3346/4141/4141 3345/4139/4139 3344/4138/4138
f 3345/4139/4139 3346/4141/4141 3347/4142/4142
f 3348/4144/4144 3347/4142/4142 3346/4141/4141
f 3347/4142/4142 3348/4144/4144 3349/4145/4145
f 3350/4147/4147 3349/4145/4145 3348/4144/4144
f 3349/4145/4145 3350/4147/4147 3351/4148/4148
f 3352/4150/4150 3351/4148/4148 3350/4147/4147
f 3351/4148/4148 3352/4150/4150 3338/4128/4128
f 3339/4131/4131 3338/4128/4128 3352/4150/4150
f 3352/4150/4150 3327/4106/4106 3339/4131/4131
f 3314/4092/4092 3339/4131/4131 3327/4106/4106
f 3350/4147/4147 3325/4104/4104 3352/4150/4150
f 3327/4106/4106 3352/4150/4150 3325/4104/4104
f 3325/4104/4104 3350/4147/4147 3323/4102/4102
f 3348/4144/4144 3323/4102/4102 3350/4147/4147
f 3323/4102/4102 3348/4144/4144 3321/4100/4100
f 3346/4141/4141 3321/4100/4100 3348/4144/4144
f 3321/4100/4100 3346/4141/4141 3319/4098/4098
f 3344/4138/4138 3319/4098/4098 3346/4141/4141
f 3319/4098/4098 3344/4138/4138 3317/4096/4096
f 3342/4135/4135 3317/4096/4096 3344/4138/4138
f 3317/4096/4096 3342/4135/4135 3313/4090/4090
f 3340/4132/4132 3313/4090/4090 3342/4135/4135
f 3313/4090/4090 3340/4132/4132 3314/4091/4091
f 3339/4130/4130 3314/4091/4091 3340/4132/4132
f 3354/4152/4152 3330/4112/4112 3353/4151/4151
f 3329/4110/4110 3353/4151/4151 3330/4112/4112
f 3330/4112/4112 3354/4152/4152 3331/4114/4114
f 3355/4153/4153 3331/4114/4114 3354/4152/4152
f 3331/4114/4114 3355/4153/4153 3332/4116/4116
f 3356/4154/4154 3332/4116/4116 3355/4153/4153
f 3332/4116/4116 3356/4154/4154 3333/4118/4118
f 3357/4155/4155 3333/4118/4118 3356/4154/4154
f 3333/4118/4118 3357/4155/4155 3334/4120/4120
f 3358/4156/4156 3334/4120/4120 3357/4155/4155
f 3334/4120/4120 3358/4156/4156 3335/4122/4122
f 3359/4157/4157 3335/4122/4122 3358/4156/4156
f 3335/4122/4122 3359/4157/4157 3336/4124/4124
f 3360/4158/4158 3336/4124/4124 3359/4157/4157
f 3336/4124/4124 3360/4158/4158 3329/4110/4110
f 3353/4151/4151 3329/4110/4110 3360/4158/4158
f 3358/4156/4156 3469/4449/4449 3359/4157/4157
f 3359/4157/4157 3469/4449/4449 3360/4158/4158
f 3360/4158/4158 3469/4449/4449 3353/4151/4151
f 3353/4151/4151 3469/4449/4449 3354/4152/4152
f 3354/4152/4152 3469/4449/4449 3355/4153/4153
f 3355/4153/4153 3469/4449/4449 3356/4154/4154
f 3356/4154/4154 3469/4449/4449 3357/4155/4155
f 3357/4155/4155 3469/4449/4449 3358/4156/4156
f 3362/4160/4160 3338/4129/4129 3361/4159/4159
f 3337/4126/4126 3361/4159/4159 3338/4129/4129
f 3361/4159/4159 3337/4126/4126 3363/4161/4161
f 3341/4134/4134 3363/4161/4161 3337/4126/4126
f 3363/4161/4161 3341/4134/4134 3364/4162/4162
f 3343/4137/4137 3364/4162/4162 3341/4134/4134
f 3364/4162/4162 3343/4137/4137 3365/4163/4163
f 3345/4140/4140 3365/4163/4163 3343/4137/4137
f 3365/4163/4163 3345/4140/4140 3366/4164/4164
f 3347/4143/4143 3366/4164/4164 3345/4140/4140
f 3366/4164/4164 3347/4143/4143 3367/4165/4165
f 3349/4146/4146 3367/4165/4165 3347/4143/4143
f 3367/4165/4165 3349/4146/4146 3368/4166/4166
f 3351/4149/4149 3368/4166/4166 3349/4146/4146
f 3368/4166/4166 3351/4149/4149 3362/4160/4160
f 3338/4129/4129 3362/4160/4160 3351/4149/4149
f 3367/4165/4165 3470/4450/4450 3366/4164/4164
f 3368/4166/4166 3470/4450/4450 3367/4165/4165
f 3362/4160/4160 3470/4450/4450 3368/4166/4166
f 3361/4159/4159 3470/4450/4450 3362/4160/4160
f 3363/4161/4161 3470/4450/4450 3361/4159/4159
f 3364/4162/4162 3470/4450/4450 3363/4161/4161
f 3365/4163/4163 3470/4450/4450 3364/4162/4162
f 3366/4164/4164 3470/4450/4450 3365/4163/4163
f 3379/4191/4191 3370/4171/4171 3369/4167/4167
f 3374/4181/4181 3369/4167/4167 3370/4171/4171
f 3370/4171/4171 3379/4191/4191 3371/4173/4173
f 3383/4198/4198 3371/4173/4173 3379/4191/4191
f 3372/4177/4177 3373/4179/4179 3383/4199/4199
f 3371/4174/4174 3383/4199/4199 3373/4179/4179
f 3373/4179/4179 3372/4177/4177 3374/4182/4182
f 3369/4168/4168 3374/4182/4182 3372/4177/4177
f 3376/4186/4186 3374/4183/4183 3375/4185/4185
f 3370/4172/4172 3375/4185/4185 3374/4183/4183
f 3375/4185/4185 3370/4172/4172 3377/4188/4188
f 3371/4175/4175 3377/4188/4188 3370/4172/4172
f 3376/4186/4186 3375/4185/4185 3385/4205/4205
f 3389/4216/4216 3385/4205/4205 3375/4185/4185
f 3375/4185/4185 3377/4188/4188 3389/4216/4216
f 3390/4219/4219 3389/4216/4216 3377/4188/4188
f 3377/4189/4189 3371/4176/4176 3378/4190/4190
f 3373/4180/4180 3378/4190/4190 3371/4176/4176
f 3378/4190/4190 3373/4180/4180 3376/4187/4187
f 3374/4184/4184 3376/4187/4187 3373/4180/4180
f 3377/4189/4189 3378/4190/4190 3390/4220/4220
f 3391/4222/4222 3390/4220/4220 3378/4190/4190
f 3378/4190/4190 3376/4187/4187 3391/4222/4222
f 3385/4206/4206 3391/4222/4222 3376/4187/4187
f 3379/4192/4192 3369/4169/4169 3380/4193/4193
f 3381/4194/4194 3380/4193/4193 3369/4169/4169
f 3380/4193/4193 3382/4196/4196 3379/4192/4192
f 3383/4200/4200 3379/4192/4192 3382/4196/4196
f 3381/4194/4194 3392/4225/4225 3380/4193/4193
f 3386/4208/4208 3380/4193/4193 3392/4225/4225
f 3380/4193/4193 3386/4208/4208 3382/4196/4196
f 3387/4211/4211 3382/4196/4196 3386/4208/4208
f 3372/4178/4178 3383/4201/4201 3384/4202/4202
f 3382/4197/4197 3384/4202/4202 3383/4201/4201
f 3384/4202/4202 3381/4195/4195 3372/4178/4178
f 3369/4170/4170 3372/4178/4178 3381/4195/4195
f 3382/4197/4197 3387/4212/4212 3384/4202/4202
f 3388/4214/4214 3384/4202/4202 3387/4212/4212
f 3384/4202/4202 3388/4214/4214 3381/4195/4195
f 3392/4226/4226 3381/4195/4195 3388/4214/4214
f 3385/4203/4203 3389/4215/4215 3392/4223/4223
f 3386/4207/4207 3392/4223/4223 3389/4215/4215
f 3389/4215/4215 3390/4217/4217 3386/4207/4207
f 3387/4209/4209 3386/4207/4207 3390/4217/4217
f 3390/4218/4218 3391/4221/4221 3387/4210/4210
f 3388/4213/4213 3387/4210/4210 3391/4221/4221
f 3391/4221/4221 3385/4204/4204 3388/4213/4213
f 3392/4224/4224 3388/4213/4213 3385/4204/4204
f 3405/4260/4260 3394/4229/4229 3393/4227/4227
f 3395/4232/4232 3393/4227/4227 3394/4229/4229
f 3394/4229/4229 3405/4260/4260 3397/4238/4238
f 3396/4235/4235 3397/4238/4238 3405/4260/4260
f 3393/4227/4227 3395/4232/4232 3398/4242/4242
f 3403/4255/4255 3398/4242/4242 3395/4232/4232
f 3398/4241/4241 3403/4254/4254 3396/4236/4236
f 3397/4239/4239 3396/4236/4236 3403/4254/4254
f 3400/4247/4247 3395/4233/4233 3399/4245/4245
f 3394/4230/4230 3399/4245/4245 3395/4233/4233
f 3400/4247/4247 3399/4245/4245 3413/4284/4284
f 3409/4269/4269 3413/4284/4284 3399/4245/4245
f 3399/4246/4246 3394/4231/4231 3401/4249/4249
f 3397/4240/4240 3401/4249/4249 3394/4231/4231
f 3401/4249/4249 3397/4240/4240 3402/4251/4251
f 3403/4256/4256 3402/4251/4251 3397/4240/4240
f 3399/4246/4246 3401/4249/4249 3409/4270/4270
f 3414/4287/4287 3409/4270/4270 3401/4249/4249
f 3402/4252/4252 3403/4257/4257 3400/4248/4248
f 3395/4234/4234 3400/4248/4248 3403/4257/4257
f 3402/4252/4252 3400/4248/4248 3411/4278/4278
f 3413/4285/4285 3411/4278/4278 3400/4248/4248
f 3405/4261/4261 3393/4228/4228 3404/4258/4258
f 3406/4263/4263 3404/4258/4258 3393/4228/4228
f 3393/4228/4228 3398/4244/4244 3406/4263/4263
f 3408/4266/4266 3406/4263/4263 3398/4244/4244
f 3406/4263/4263 3415/4290/4290 3404/4258/4258
f 3410/4273/4273 3404/4258/4258 3415/4290/4290
f 3408/4266/4266 3412/4282/4282 3406/4263/4263
f 3415/4290/4290 3406/4263/4263 3412/4282/4282
f 3396/4237/4237 3405/4262/4262 3407/4264/4264
f 3404/4259/4259 3407/4264/4264 3405/4262/4262
f 3407/4264/4264 3408/4265/4265 3396/4237/4237
f 3398/4243/4243 3396/4237/4237 3408/4265/4265
f 3404/4259/4259 3410/4274/4274 3407/4264/4264
f 3416/4292/4292 3407/4264/4264 3410/4274/4274
f 3407/4264/4264 3416/4292/4292 3408/4265/4265
f 3412/4281/4281 3408/4265/4265 3416/4292/4292
f 3413/4283/4283 3409/4267/4267 3415/4289/4289
f 3410/4271/4271 3415/4289/4289 3409/4267/4267
f 3415/4289/4289 3412/4280/4280 3413/4283/4283
f 3411/4276/4276 3413/4283/4283 3412/4280/4280
f 3409/4268/4268 3414/4286/4286 3410/4272/4272
f 3416/4291/4291 3410/4272/4272 3414/4286/4286
f 3414/4286/4286 3411/4275/4275 3416/4291/4291
f 3412/4279/4279 3416/4291/4291 3411/4275/4275
f 3411/4277/4277 3414/4288/4288 3402/4253/4253
f 3401/4250/4250 3402/4253/4253 3414/4288/4288
f 3418/4297/4297 3424/4317/4317 3417/4293/4293
f 3423/4313/4313 3417/4293/4293 3424/4317/4317
f 3430/4331/4331 3419/4301/4301 3418/4298/4298
f 3424/4318/4318 3418/4298/4298 3419/4301/4301
f 3432/4337/4337 3420/4305/4305 3430/4332/4332
f 3419/4302/4302 3430/4332/4332 3420/4305/4305
f 3417/4294/4294 3423/4314/4314 3432/4338/4338
f 3420/4306/4306 3432/4338/4338 3423/4314/4314
f 3422/4311/4311 3423/4315/4315 3421/4309/4309
f 3424/4319/4319 3421/4309/4309 3423/4315/4315
f 3422/4311/4311 3421/4309/4309 3433/4343/4343
f 3434/4347/4347 3433/4343/4343 3421/4309/4309
f 3421/4310/4310 3424/4320/4320 3425/4321/4321
f 3419/4303/4303 3425/4321/4321 3424/4320/4320
f 3421/4310/4310 3425/4321/4321 3434/4348/4348
f 3436/4355/4355 3434/4348/4348 3425/4321/4321
f 3425/4322/4322 3419/4304/4304 3426/4323/4323
f 3420/4307/4307 3426/4323/4323 3419/4304/4304
f 3425/4322/4322 3426/4323/4323 3436/4356/4356
f 3437/4359/4359 3436/4356/4356 3426/4323/4323
f 3426/4324/4324 3420/4308/4308 3422/4312/4312
f 3423/4316/4316 3422/4312/4312 3420/4308/4308
f 3426/4324/4324 3422/4312/4312 3437/4360/4360
f 3433/4344/4344 3437/4360/4360 3422/4312/4312
f 3418/4299/4299 3417/4295/4295 3427/4325/4325
f 3428/4327/4327 3427/4325/4325 3417/4295/4295
f 3428/4327/4327 3438/4363/4363 3427/4325/4325
f 3435/4351/4351 3427/4325/4325 3438/4363/4363
f 3430/4333/4333 3418/4300/4300 3429/4329/4329
f 3427/4326/4326 3429/4329/4329 3418/4300/4300
f 3427/4326/4326 3435/4352/4352 3429/4329/4329
f 3439/4367/4367 3429/4329/4329 3435/4352/4352
f 3432/4339/4339 3430/4334/4334 3431/4335/4335
f 3429/4330/4330 3431/4335/4335 3430/4334/4334
f 3429/4330/4330 3439/4368/4368 3431/4335/4335
f 3440/4371/4371 3431/4335/4335 3439/4368/4368
f 3417/4296/4296 3432/4340/4340 3428/4328/4328
f 3431/4336/4336 3428/4328/4328 3432/4340/4340
f 3431/4336/4336 3440/4372/4372 3428/4328/4328
f 3438/4364/4364 3428/4328/4328 3440/4372/4372
f 3433/4341/4341 3434/4345/4345 3438/4361/4361
f 3435/4349/4349 3438/4361/4361 3434/4345/4345
f 3434/4346/4346 3436/4353/4353 3435/4350/4350
f 3439/4365/4365 3435/4350/4350 3436/4353/4353
f 3436/4354/4354 3437/4357/4357 3439/4366/4366
f 3440/4369/4369 3439/4366/4366 3437/4357/4357
f 3437/4358/4358 3433/4342/4342 3440/4370/4370
f 3438/4362/4362 3440/4370/4370 3433/4342/4342
f 3441/4373/4373 3446/4387/4387 3451/4400/4400
f 3442/4376/4376 3451/4400/4400 3446/4387/4387
f 3446/4387/4387 3441/4373/4373 3448/4392/4392
f 3454/4407/4407 3448/4392/4392 3441/4373/4373
f 3451/4400/4400 3442/4376/4376 3456/4414/4414
f 3443/4380/4380 3456/4414/4414 3442/4376/4376
f 3456/4413/4413 3443/4379/4379 3454/4408/4408
f 3448/4393/4393 3454/4408/4408 3443/4379/4379
f 3445/4385/4385 3442/4377/4377 3444/4383/4383
f 3446/4388/4388 3444/4383/4383 3442/4377/4377
f 3445/4385/4385 3444/4383/4383 3457/4419/4419
f 3458/4422/4422 3457/4419/4419 3444/4383/4383
f 3444/4384/4384 3446/4389/4389 3447/4390/4390
f 3448/4394/4394 3447/4390/4390 3446/4389/4389
f 3444/4384/4384 3447/4390/4390 3458/4423/4423
f 3459/4426/4426 3458/4423/4423 3447/4390/4390
f 3447/4391/4391 3448/4395/4395 3449/4396/4396
f 3443/4381/4381 3449/4396/4396 3448/4395/4395
f 3447/4391/4391 3449/4396/4396 3459/4427/4427
f 3460/4429/4429 3459/4427/4427 3449/4396/4396
f 3449/4397/4397 3443/4382/4382 3445/4386/4386
f 3442/4378/4378 3445/4386/4386 3443/4382/4382
f 3449/4397/4397 3445/4386/4386 3460/4430/4430
f 3457/4420/4420 3460/4430/4430 3445/4386/4386
f 3441/4374/4374 3451/4401/4401 3450/4398/4398
f 3452/4403/4403 3450/4398/4398 3451/4401/4401
f 3452/4403/4403 3462/4436/4436 3450/4398/4398
f 3463/4439/4439 3450/4398/4398 3462/4436/4436
f 3454/4409/4409 3441/4375/4375 3453/4405/4405
f 3450/4399/4399 3453/4405/4405 3441/4375/4375
f 3450/4399/4399 3463/4440/4440 3453/4405/4405
f 3464/4443/4443 3453/4405/4405 3463/4440/4440
f 3456/4415/4415 3454/4410/4410 3455/4411/4411
f 3453/4406/4406 3455/4411/4411 3454/4410/4410
f 3453/4406/4406 3464/4444/4444 3455/4411/4411
f 3461/4432/4432 3455/4411/4411 3464/4444/4444
f 3451/4402/4402 3456/4416/4416 3452/4404/4404
f 3455/4412/4412 3452/4404/4404 3456/4416/4416
f 3455/4412/4412 3461/4433/4433 3452/4404/4404
f 3462/4437/4437 3452/4404/4404 3461/4433/4433
f 3457/4417/4417 3458/4421/4421 3462/4434/4434
f 3463/4438/4438 3462/4434/4434 3458/4421/4421
f 3458/4421/4421 3459/4424/4424 3463/4438/4438
f 3464/4441/4441 3463/4438/4438 3459/4424/4424
f 3459/4425/4425 3460/4428/4428 3464/4442/4442
f 3461/4431/4431 3464/4442/4442 3460/4428/4428
f 3460/4428/4428 3457/4418/4418 3461/4431/4431
f 3462/4435/4435 3461/4431/4431 3457/4418/4418
f 3899/5249/5249 3471/4451/4451 3844/4998/4998
f 3833/4942/4942 3844/4999/4999 3471/4452/4452
f 3901/5260/5260 3473/4459/4459 3900/5252/5252
f 3474/4465/4465 3900/5253/5253 3473/4460/4460
f 3902/5263/5263 3475/4469/4469 3877/5146/5146
f 3832/4938/4938 3877/5147/5147 3475/4470/4470
f 3477/4475/4475 3478/4476/4476 3476/4474/4474
f 3479/4477/4477 3476/4474/4474 3478/4476/4476
f 3477/4475/4475 3486/4484/4484 3478/4476/4476
f 3487/4485/4485 3478/4476/4476 3486/4484/4484
f 3486/4484/4484 3477/4475/4475 3485/4483/4483
f 3482/4480/4480 3485/4483/4483 3477/4475/4475
f 3477/4475/4475 3476/4474/4474 3482/4480/4480
f 3485/4483/4483 3482/4480/4480 3484/4482/4482
f 3481/4479/4479 3484/4482/4482 3482/4480/4480
f 3481/4479/4479 3482/4480/4480 3480/4478/4478
f 3483/4481/4481 3480/4478/4478 3482/4480/4480
f 3483/4481/4481 3482/4480/4480 3476/4474/4474
f 3480/4478/4478 3483/4481/4481 3471/4455/4455
f 3878/5155/5155 3471/4455/4455 3483/4481/4481
f 3476/4474/4474 3902/5264/5264 3483/4481/4481
f 3878/5155/5155 3483/4481/4481 3902/5264/5264
f 3476/4474/4474 3479/4477/4477 3902/5264/5264
f 3475/4471/4471 3902/5264/5264 3479/4477/4477
f 3471/4455/4455 3899/5250/5250 3480/4478/4478
f 3479/4477/4477 3500/4500/4500 3475/4471/4471
f 3913/5299/5299 3475/4471/4471 3500/4500/4500
f 3500/4500/4500 3492/4492/4492 3913/5299/5299
f 3500/4500/4500 3498/4498/4498 3492/4492/4492
f 3500/4500/4500 3479/4477/4477 3498/4498/4498
f 3493/4493/4493 3492/4492/4492 3498/4498/4498
f 3493/4493/4493 3494/4494/4494 3492/4492/4492
f 3495/4495/4495 3492/4492/4492 3494/4494/4494
f 3493/4493/4493 3496/4496/4496 3494/4494/4494
f 3497/4497/4497 3494/4494/4494 3496/4496/4496
f 3498/4498/4498 3499/4499/4499 3493/4493/4493
f 3496/4496/4496 3493/4493/4493 3499/4499/4499
f 3495/4495/4495 3903/5267/5267 3492/4492/4492
f 3499/4499/4499 3587/4607/4607 3496/4496/4496
f 3586/4606/4606 3496/4496/4496 3587/4607/4607
f 3496/4496/4496 3586/4606/4606 3497/4497/4497
f 3587/4607/4607 3588/4608/4608 3586/4606/4606
f 3589/4609/4609 3586/4606/4606 3588/4608/4608
f 3589/4609/4609 3536/4550/4550 3586/4606/4606
f 3535/4549/4549 3586/4606/4606 3536/4550/4550
f 3535/4549/4549 3536/4550/4550 3534/4548/4548
f 3537/4551/4551 3534/4548/4548 3536/4550/4550
f 3537/4551/4551 3564/4579/4579 3534/4548/4548
f 3563/4578/4578 3534/4548/4548 3564/4579/4579
f 3563/4578/4578 3564/4579/4579 3562/4576/4576
f 3565/4580/4580 3562/4576/4576 3564/4579/4579
f 3535/4549/4549 3534/4548/4548 3497/4497/4497
f 3535/4549/4549 3497/4497/4497 3586/4606/4606
f 3562/4576/4576 3502/4502/4502 3563/4578/4578
f 3501/4501/4501 3563/4578/4578 3502/4502/4502
f 3502/4502/4502 3490/4488/4488 3501/4501/4501
f 3489/4487/4487 3501/4501/4501 3490/4488/4488
f 3489/4487/4487 3490/4488/4488 3488/4486/4486
f 3491/4490/4490 3488/4486/4486 3490/4488/4488
f 3501/4501/4501 3489/4487/4487 3504/4505/4505
f 3503/4504/4504 3504/4505/4505 3489/4487/4487
f 3489/4487/4487 3488/4486/4486 3503/4504/4504
f 3505/4506/4506 3503/4504/4504 3488/4486/4486
f 3488/4486/4486 3491/4490/4490 3901/5261/5261
f 3488/4486/4486 3901/5261/5261 3505/4506/4506
f 3473/4461/4461 3901/5261/5261 3491/4490/4490
f 3882/5174/5174 3505/4506/4506 3901/5261/5261
f 3882/5174/5174 3903/5267/5267 3505/4506/4506
f 3495/4495/4495 3505/4506/4506 3903/5267/5267
f 3505/4506/4506 3495/4495/4495 3503/4504/4504
f 3494/4494/4494 3503/4504/4504 3495/4495/4495
f 3494/4494/4494 3497/4497/4497 3503/4504/4504
f 3879/5160/5160 3492/4492/4492 3903/5267/5267
f 3879/5160/5160 3913/5299/5299 3492/4492/4492
f 3504/4505/4505 3497/4497/4497 3534/4548/4548
f 3504/4505/4505 3503/4504/4504 3497/4497/4497
f 3504/4505/4505 3534/4548/4548 3501/4501/4501
f 3563/4578/4578 3501/4501/4501 3534/4548/4548
f 3878/5154/5154 3834/4946/4946 3471/4453/4453
f 3833/4943/4943 3471/4454/4454 3834/4947/4947
f 3902/5265/5265 3877/5148/5148 3878/5156/5156
f 3834/4948/4948 3878/5157/5157 3877/5149/5149
f 3903/5266/5266 3846/5011/5011 3879/5158/5158
f 3880/5162/5162 3879/5159/5159 3846/5012/5012
f 3879/5161/5161 3880/5163/5163 3913/5300/5300
f 3881/5168/5168 3913/5301/5301 3880/5164/5164
f 3901/5262/5262 3900/5254/5254 3882/5175/5175
f 3836/4956/4956 3882/5176/5176 3900/5255/5255
f 3904/5270/5270 3508/4515/4515 3883/5178/5178
f 3841/4984/4984 3883/5179/5179 3508/4516/4516
f 3510/4521/4521 3511/4522/4522 3509/4520/4520
f 3512/4523/4523 3509/4520/4520 3511/4522/4522
f 3510/4521/4521 3519/4530/4530 3511/4522/4522
f 3520/4531/4531 3511/4522/4522 3519/4530/4530
f 3519/4530/4530 3510/4521/4521 3518/4529/4529
f 3515/4526/4526 3518/4529/4529 3510/4521/4521
f 3510/4521/4521 3509/4520/4520 3515/4526/4526
f 3518/4529/4529 3515/4526/4526 3517/4528/4528
f 3514/4525/4525 3517/4528/4528 3515/4526/4526
f 3514/4525/4525 3515/4526/4526 3513/4524/4524
f 3516/4527/4527 3513/4524/4524 3515/4526/4526
f 3516/4527/4527 3515/4526/4526 3509/4520/4520
f 3513/4524/4524 3516/4527/4527 3884/5188/5188
f 3885/5191/5191 3884/5188/5188 3516/4527/4527
f 3509/4520/4520 3904/5271/5271 3516/4527/4527
f 3885/5191/5191 3516/4527/4527 3904/5271/5271
f 3509/4520/4520 3512/4523/4523 3904/5271/5271
f 3508/4517/4517 3904/5271/5271 3512/4523/4523
f 3512/4523/4523 3523/4534/4534 3508/4517/4517
f 3512/4523/4523 3511/4522/4522 3523/4534/4534
f 3524/4535/4535 3523/4534/4534 3511/4522/4522
f 3524/4535/4535 3525/4536/4536 3523/4534/4534
f 3526/4538/4538 3523/4534/4534 3525/4536/4536
f 3524/4535/4535 3527/4540/4540 3525/4536/4536
f 3528/4541/4541 3525/4536/4536 3527/4540/4540
f 3511/4522/4522 3520/4531/4531 3524/4535/4535
f 3527/4540/4540 3524/4535/4535 3520/4531/4531
f 3526/4538/4538 3887/5199/5199 3523/4534/4534
f 3528/4541/4541 3527/4540/4540 3768/4831/4831
f 3769/4832/4832 3768/4831/4831 3527/4540/4540
f 3769/4832/4832 3527/4540/4540 3645/4665/4665
f 3769/4832/4832 3645/4665/4665 3731/4776/4776
f 3768/4831/4831 3769/4832/4832 3731/4776/4776
f 3732/4777/4777 3731/4776/4776 3645/4665/4665
f 3732/4777/4777 3726/4768/4768 3731/4776/4776
f 3726/4768/4768 3732/4777/4777 3727/4769/4769
f 3726/4768/4768 3727/4769/4769 3725/4767/4767
f 3728/4770/4770 3725/4767/4767 3727/4769/4769
f 3733/4778/4778 3727/4769/4769 3732/4777/4777
f 3732/4777/4777 3645/4665/4665 3733/4778/4778
f 3729/4772/4772 3731/4776/4776 3726/4768/4768
f 3726/4768/4768 3725/4767/4767 3729/4772/4772
f 3730/4774/4774 3729/4772/4772 3725/4767/4767
f 3725/4767/4767 3728/4770/4770 3905/5274/5274
f 3725/4767/4767 3905/5274/5274 3730/4774/4774
f 3912/5296/5296 3905/5274/5274 3728/4770/4770
f 3890/5210/5210 3730/4774/4774 3905/5274/5274
f 3728/4770/4770 3740/4794/4794 3912/5296/5296
f 3893/5226/5226 3912/5296/5296 3740/4794/4794
f 3740/4794/4794 3743/4797/4797 3893/5226/5226
f 3743/4797/4797 3740/4794/4794 3742/4796/4796
f 3741/4795/4795 3742/4796/4796 3740/4794/4794
f 3741/4795/4795 3744/4798/4798 3742/4796/4796
f 3745/4799/4799 3742/4796/4796 3744/4798/4798
f 3742/4796/4796 3745/4799/4799 3748/4803/4803
f 3749/4804/4804 3748/4803/4803 3745/4799/4799
f 3748/4803/4803 3750/4805/4805 3742/4796/4796
f 3743/4797/4797 3742/4796/4796 3750/4805/4805
f 3750/4805/4805 3908/5283/5283 3743/4797/4797
f 3744/4798/4798 3632/4652/4652 3745/4799/4799
f 3635/4655/4655 3745/4799/4799 3632/4652/4652
f 3745/4799/4799 3635/4655/4655 3749/4804/4804
f 3635/4655/4655 3632/4652/4652 3634/4654/4654
f 3633/4653/4653 3634/4654/4654 3632/4652/4652
f 3633/4653/4653 3632/4652/4652 3643/4663/4663
f 3644/4664/4664 3643/4663/4663 3632/4652/4652
f 3643/4663/4663 3644/4664/4664 3642/4662/4662
f 3645/4665/4665 3642/4662/4662 3644/4664/4664
f 3635/4655/4655 3634/4654/4654 3652/4672/4672
f 3653/4673/4673 3652/4672/4672 3634/4654/4654
f 3653/4673/4673 3654/4674/4674 3652/4672/4672
f 3655/4676/4676 3652/4672/4672 3654/4674/4674
f 3644/4664/4664 3733/4778/4778 3645/4665/4665
f 3644/4664/4664 3632/4652/4652 3733/4778/4778
f 3744/4798/4798 3733/4778/4778 3632/4652/4652
f 3744/4798/4798 3741/4795/4795 3733/4778/4778
f 3727/4769/4769 3733/4778/4778 3741/4795/4795
f 3727/4769/4769 3741/4795/4795 3728/4770/4770
f 3740/4794/4794 3728/4770/4770 3741/4795/4795
f 3885/5190/5190 3839/4972/4972 3884/5186/5186
f 3838/4966/4966 3884/5187/5187 3839/4973/4973
f 3904/5272/5272 3883/5180/5180 3885/5192/5192
f 3839/4974/4974 3885/5193/5193 3883/5181/5181
f 3522/4533/4533 3481/4479/4479 3521/4532/4532
f 3480/4478/4478 3521/4532/4532 3481/4479/4479
f 3522/4533/4533 3529/4543/4543 3481/4479/4479
f 3484/4482/4482 3481/4479/4479 3529/4543/4543
f 3529/4543/4543 3522/4533/4533 3528/4542/4542
f 3525/4537/4537 3528/4542/4542 3522/4533/4533
f 3522/4533/4533 3521/4532/4532 3525/4537/4537
f 3526/4539/4539 3525/4537/4537 3521/4532/4532
f 3528/4542/4542 3531/4545/4545 3529/4543/4543
f 3530/4544/4544 3529/4543/4543 3531/4545/4545
f 3529/4543/4543 3530/4544/4544 3484/4482/4482
f 3531/4545/4545 3532/4546/4546 3530/4544/4544
f 3533/4547/4547 3530/4544/4544 3532/4546/4546
f 3533/4547/4547 3608/4628/4628 3530/4544/4544
f 3607/4627/4627 3530/4544/4544 3608/4628/4628
f 3607/4627/4627 3608/4628/4628 3606/4626/4626
f 3609/4629/4629 3606/4626/4626 3608/4628/4628
f 3609/4629/4629 3584/4604/4604 3606/4626/4626
f 3583/4603/4603 3606/4626/4626 3584/4604/4604
f 3583/4603/4603 3584/4604/4604 3582/4602/4602
f 3585/4605/4605 3582/4602/4602 3584/4604/4604
f 3585/4605/4605 3588/4608/4608 3582/4602/4602
f 3587/4607/4607 3582/4602/4602 3588/4608/4608
f 3583/4603/4603 3486/4484/4484 3606/4626/4626
f 3582/4602/4602 3487/4485/4485 3583/4603/4603
f 3486/4484/4484 3583/4603/4603 3487/4485/4485
f 3582/4602/4602 3587/4607/4607 3487/4485/4485
f 3499/4499/4499 3487/4485/4485 3587/4607/4607
f 3499/4499/4499 3498/4498/4498 3487/4485/4485
f 3478/4476/4476 3487/4485/4485 3498/4498/4498
f 3478/4476/4476 3498/4498/4498 3479/4477/4477
f 3485/4483/4483 3606/4626/4626 3486/4484/4484
f 3606/4626/4626 3485/4483/4483 3607/4627/4627
f 3484/4482/4482 3607/4627/4627 3485/4483/4483
f 3607/4627/4627 3484/4482/4482 3530/4544/4544
f 3887/5198/5198 3842/4988/4988 3886/5194/5194
f 3840/4978/4978 3886/5195/5195 3842/4989/4989
f 3886/5196/5196 3523/4534/4534 3887/5199/5199
f 3886/5196/5196 3508/4517/4517 3523/4534/4534
f 3886/5197/5197 3840/4979/4979 3508/4518/4518
f 3841/4985/4985 3508/4519/4519 3840/4980/4980
f 3521/4532/4532 3480/4478/4478 3899/5250/5250
f 3521/4532/4532 3899/5250/5250 3526/4539/4539
f 3887/5200/5200 3526/4539/4539 3899/5250/5250
f 3899/5251/5251 3844/5000/5000 3887/5201/5201
f 3842/4990/4990 3887/5202/5202 3844/5001/5001
f 3539/4553/4553 3540/4554/4554 3538/4552/4552
f 3541/4555/4555 3538/4552/4552 3540/4554/4554
f 3541/4555/4555 3553/4567/4567 3538/4552/4552
f 3552/4566/4566 3538/4552/4552 3553/4567/4567
f 3553/4567/4567 3550/4564/4564 3552/4566/4566
f 3551/4565/4565 3552/4566/4566 3550/4564/4564
f 3539/4553/4553 3562/4577/4577 3540/4554/4554
f 3565/4581/4581 3540/4554/4554 3562/4577/4577
f 3562/4577/4577 3539/4553/4553 3502/4503/4503
f 3517/4528/4528 3502/4503/4503 3539/4553/4553
f 3517/4528/4528 3539/4553/4553 3518/4529/4529
f 3538/4552/4552 3518/4529/4529 3539/4553/4553
f 3517/4528/4528 3514/4525/4525 3502/4503/4503
f 3490/4489/4489 3502/4503/4503 3514/4525/4525
f 3490/4489/4489 3514/4525/4525 3491/4491/4491
f 3513/4524/4524 3491/4491/4491 3514/4525/4525
f 3491/4491/4491 3513/4524/4524 3473/4464/4464
f 3884/5188/5188 3473/4464/4464 3513/4524/4524
f 3518/4529/4529 3538/4552/4552 3519/4530/4530
f 3552/4566/4566 3519/4530/4530 3538/4552/4552
f 3519/4530/4530 3552/4566/4566 3520/4531/4531
f 3551/4565/4565 3520/4531/4531 3552/4566/4566
f 3520/4531/4531 3551/4565/4565 3527/4540/4540
f 3551/4565/4565 3645/4665/4665 3527/4540/4540
f 3551/4565/4565 3550/4564/4564 3645/4665/4665
f 3642/4662/4662 3645/4665/4665 3550/4564/4564
f 3642/4662/4662 3550/4564/4564 3556/4570/4570
f 3642/4662/4662 3556/4570/4570 3643/4663/4663
f 3647/4667/4667 3643/4663/4663 3556/4570/4570
f 3647/4667/4667 3556/4570/4570 3646/4666/4666
f 3555/4569/4569 3646/4666/4666 3556/4570/4570
f 3555/4569/4569 3556/4570/4570 3554/4568/4568
f 3557/4571/4571 3554/4568/4568 3556/4570/4570
f 3557/4571/4571 3558/4572/4572 3554/4568/4568
f 3561/4575/4575 3554/4568/4568 3558/4572/4572
f 3561/4575/4575 3558/4572/4572 3560/4574/4574
f 3559/4573/4573 3560/4574/4574 3558/4572/4572
f 3559/4573/4573 3570/4589/4589 3560/4574/4574
f 3573/4593/4593 3560/4574/4574 3570/4589/4589
f 3561/4575/4575 3780/4844/4844 3554/4568/4568
f 3560/4574/4574 3781/4845/4845 3561/4575/4575
f 3780/4844/4844 3561/4575/4575 3781/4845/4845
f 3573/4593/4593 3782/4846/4846 3560/4574/4574
f 3781/4845/4845 3560/4574/4574 3782/4846/4846
f 3559/4573/4573 3540/4554/4554 3570/4589/4589
f 3565/4581/4581 3570/4589/4589 3540/4554/4554
f 3540/4554/4554 3559/4573/4573 3541/4555/4555
f 3558/4572/4572 3541/4555/4555 3559/4573/4573
f 3541/4555/4555 3558/4572/4572 3553/4567/4567
f 3557/4571/4571 3553/4567/4567 3558/4572/4572
f 3553/4567/4567 3557/4571/4571 3550/4564/4564
f 3556/4570/4570 3550/4564/4564 3557/4571/4571
f 3543/4557/4557 3544/4558/4558 3542/4556/4556
f 3545/4559/4559 3542/4556/4556 3544/4558/4558
f 3544/4558/4558 3547/4561/4561 3545/4559/4559
f 3546/4560/4560 3545/4559/4559 3547/4561/4561
f 3547/4561/4561 3548/4562/4562 3546/4560/4560
f 3549/4563/4563 3546/4560/4560 3548/4562/4562
f 3542/4556/4556 3569/4587/4587 3543/4557/4557
f 3568/4585/4585 3543/4557/4557 3569/4587/4587
f 3549/4563/4563 3548/4562/4562 3640/4660/4660
f 3641/4661/4661 3640/4660/4660 3548/4562/4562
f 3640/4660/4660 3641/4661/4661 3637/4657/4657
f 3638/4658/4658 3637/4657/4657 3641/4661/4661
f 3637/4657/4657 3638/4658/4658 3636/4656/4656
f 3639/4659/4659 3636/4656/4656 3638/4658/4658
f 3636/4656/4656 3639/4659/4659 3657/4680/4680
f 3658/4681/4681 3657/4680/4680 3639/4659/4659
f 3657/4680/4680 3658/4681/4681 3656/4678/4678
f 3659/4682/4682 3656/4678/4678 3658/4681/4681
f 3656/4678/4678 3773/4837/4837 3657/4680/4680
f 3774/4838/4838 3657/4680/4680 3773/4837/4837
f 3657/4680/4680 3774/4838/4838 3636/4656/4656
f 3773/4837/4837 3662/4686/4686 3774/4838/4838
f 3661/4685/4685 3774/4838/4838 3662/4686/4686
f 3661/4685/4685 3662/4686/4686 3660/4684/4684
f 3663/4688/4688 3660/4684/4684 3662/4686/4686
f 3661/4685/4685 3660/4684/4684 3650/4670/4670
f 3651/4671/4671 3650/4670/4670 3660/4684/4684
f 3651/4671/4671 3648/4668/4668 3650/4670/4670
f 3649/4669/4669 3650/4670/4670 3648/4668/4668
f 3649/4669/4669 3648/4668/4668 3646/4666/4666
f 3647/4667/4667 3646/4666/4666 3648/4668/4668
f 3649/4669/4669 3776/4840/4840 3650/4670/4670
f 3775/4839/4839 3650/4670/4670 3776/4840/4840
f 3650/4670/4670 3775/4839/4839 3661/4685/4685
f 3774/4838/4838 3661/4685/4685 3775/4839/4839
f 3646/4666/4666 3777/4841/4841 3649/4669/4669
f 3776/4840/4840 3649/4669/4669 3777/4841/4841
f 3777/4841/4841 3640/4660/4660 3776/4840/4840
f 3640/4660/4660 3777/4841/4841 3549/4563/4563
f 3778/4842/4842 3549/4563/4563 3777/4841/4841
f 3777/4841/4841 3646/4666/4666 3778/4842/4842
f 3555/4569/4569 3778/4842/4842 3646/4666/4666
f 3778/4842/4842 3555/4569/4569 3779/4843/4843
f 3554/4568/4568 3779/4843/4843 3555/4569/4569
f 3779/4843/4843 3554/4568/4568 3780/4844/4844
f 3780/4844/4844 3545/4559/4559 3779/4843/4843
f 3545/4559/4559 3780/4844/4844 3542/4556/4556
f 3781/4845/4845 3542/4556/4556 3780/4844/4844
f 3542/4556/4556 3781/4845/4845 3569/4587/4587
f 3782/4846/4846 3569/4587/4587 3781/4845/4845
f 3546/4560/4560 3779/4843/4843 3545/4559/4559
f 3779/4843/4843 3546/4560/4560 3778/4842/4842
f 3549/4563/4563 3778/4842/4842 3546/4560/4560
f 3567/4583/4583 3568/4584/4584 3566/4582/4582
f 3569/4586/4586 3566/4582/4582 3568/4584/4584
f 3566/4582/4582 3577/4597/4597 3567/4583/4583
f 3576/4596/4596 3567/4583/4583 3577/4597/4597
f 3577/4597/4597 3574/4594/4594 3576/4596/4596
f 3575/4595/4595 3576/4596/4596 3574/4594/4594
f 3574/4594/4594 3593/4613/4613 3575/4595/4595
f 3592/4612/4612 3575/4595/4595 3593/4613/4613
f 3593/4613/4613 3590/4610/4610 3592/4612/4612
f 3591/4611/4611 3592/4612/4612 3590/4610/4610
f 3590/4610/4610 3601/4621/4621 3591/4611/4611
f 3600/4620/4620 3591/4611/4611 3601/4621/4621
f 3601/4621/4621 3598/4618/4618 3600/4620/4620
f 3599/4619/4619 3600/4620/4620 3598/4618/4618
f 3598/4618/4618 3613/4633/4633 3599/4619/4619
f 3612/4632/4632 3599/4619/4619 3613/4633/4633
f 3613/4633/4633 3610/4630/4630 3612/4632/4632
f 3611/4631/4631 3612/4632/4632 3610/4630/4630
f 3610/4630/4630 3621/4641/4641 3611/4631/4631
f 3620/4640/4640 3611/4631/4631 3621/4641/4641
f 3621/4641/4641 3618/4638/4638 3620/4640/4640
f 3619/4639/4639 3620/4640/4640 3618/4638/4638
f 3619/4639/4639 3618/4638/4638 3709/4735/4735
f 3708/4734/4734 3709/4735/4735 3618/4638/4638
f 3709/4735/4735 3708/4734/4734 3703/4729/4729
f 3700/4726/4726 3703/4729/4729 3708/4734/4734
f 3703/4729/4729 3700/4726/4726 3702/4728/4728
f 3701/4727/4727 3702/4728/4728 3700/4726/4726
f 3702/4728/4728 3701/4727/4727 3691/4717/4717
f 3688/4714/4714 3691/4717/4717 3701/4727/4727
f 3691/4717/4717 3688/4714/4714 3690/4716/4716
f 3689/4715/4715 3690/4716/4716 3688/4714/4714
f 3690/4716/4716 3689/4715/4715 3683/4709/4709
f 3680/4706/4706 3683/4709/4709 3689/4715/4715
f 3683/4709/4709 3680/4706/4706 3682/4708/4708
f 3681/4707/4707 3682/4708/4708 3680/4706/4706
f 3682/4708/4708 3681/4707/4707 3667/4693/4693
f 3664/4690/4690 3667/4693/4693 3681/4707/4707
f 3667/4693/4693 3664/4690/4690 3666/4692/4692
f 3665/4691/4691 3666/4692/4692 3664/4690/4690
f 3666/4692/4692 3665/4691/4691 3659/4683/4683
f 3656/4679/4679 3659/4683/4683 3665/4691/4691
f 3665/4691/4691 3772/4835/4835 3656/4679/4679
f 3773/4836/4836 3656/4679/4679 3772/4835/4835
f 3772/4835/4835 3669/4695/4695 3773/4836/4836
f 3669/4695/4695 3772/4835/4835 3670/4696/4696
f 3669/4695/4695 3670/4696/4696 3668/4694/4694
f 3671/4697/4697 3668/4694/4694 3670/4696/4696
f 3669/4695/4695 3668/4694/4694 3662/4687/4687
f 3662/4687/4687 3773/4836/4836 3669/4695/4695
f 3663/4689/4689 3662/4687/4687 3668/4694/4694
f 3671/4697/4697 3670/4696/4696 3684/4710/4710
f 3685/4711/4711 3684/4710/4710 3670/4696/4696
f 3685/4711/4711 3686/4712/4712 3684/4710/4710
f 3687/4713/4713 3684/4710/4710 3686/4712/4712
f 3687/4713/4713 3686/4712/4712 3692/4718/4718
f 3693/4719/4719 3692/4718/4718 3686/4712/4712
f 3693/4719/4719 3694/4720/4720 3692/4718/4718
f 3695/4721/4721 3692/4718/4718 3694/4720/4720
f 3695/4721/4721 3694/4720/4720 3704/4730/4730
f 3705/4731/4731 3704/4730/4730 3694/4720/4720
f 3705/4731/4731 3706/4732/4732 3704/4730/4730
f 3707/4733/4733 3704/4730/4730 3706/4732/4732
f 3707/4733/4733 3706/4732/4732 3710/4736/4736
f 3711/4737/4737 3710/4736/4736 3706/4732/4732
f 3711/4737/4737 3624/4644/4644 3710/4736/4736
f 3623/4643/4643 3710/4736/4736 3624/4644/4644
f 3623/4643/4643 3624/4644/4644 3622/4642/4642
f 3625/4645/4645 3622/4642/4642 3624/4644/4644
f 3625/4645/4645 3616/4636/4636 3622/4642/4642
f 3615/4635/4635 3622/4642/4642 3616/4636/4636
f 3615/4635/4635 3616/4636/4636 3614/4634/4634
f 3617/4637/4637 3614/4634/4634 3616/4636/4636
f 3617/4637/4637 3604/4624/4624 3614/4634/4634
f 3603/4623/4623 3614/4634/4634 3604/4624/4624
f 3603/4623/4623 3604/4624/4624 3602/4622/4622
f 3605/4625/4625 3602/4622/4622 3604/4624/4624
f 3605/4625/4625 3596/4616/4616 3602/4622/4622
f 3595/4615/4615 3602/4622/4622 3596/4616/4616
f 3595/4615/4615 3596/4616/4616 3594/4614/4614
f 3597/4617/4617 3594/4614/4614 3596/4616/4616
f 3597/4617/4617 3580/4600/4600 3594/4614/4614
f 3579/4599/4599 3594/4614/4614 3580/4600/4600
f 3579/4599/4599 3580/4600/4600 3578/4598/4598
f 3581/4601/4601 3578/4598/4598 3580/4600/4600
f 3581/4601/4601 3572/4591/4591 3578/4598/4598
f 3571/4590/4590 3578/4598/4598 3572/4591/4591
f 3571/4590/4590 3572/4591/4591 3570/4588/4588
f 3573/4592/4592 3570/4588/4588 3572/4591/4591
f 3572/4591/4591 3783/4848/4848 3573/4592/4592
f 3782/4847/4847 3573/4592/4592 3783/4848/4848
f 3783/4848/4848 3572/4591/4591 3794/4859/4859
f 3581/4601/4601 3794/4859/4859 3572/4591/4591
f 3794/4859/4859 3581/4601/4601 3793/4858/4858
f 3580/4600/4600 3793/4858/4858 3581/4601/4601
f 3793/4858/4858 3580/4600/4600 3792/4857/4857
f 3597/4617/4617 3792/4857/4857 3580/4600/4600
f 3792/4857/4857 3597/4617/4617 3791/4856/4856
f 3596/4616/4616 3791/4856/4856 3597/4617/4617
f 3791/4856/4856 3596/4616/4616 3790/4855/4855
f 3605/4625/4625 3790/4855/4855 3596/4616/4616
f 3790/4855/4855 3605/4625/4625 3789/4854/4854
f 3604/4624/4624 3789/4854/4854 3605/4625/4625
f 3789/4854/4854 3604/4624/4624 3788/4853/4853
f 3617/4637/4637 3788/4853/4853 3604/4624/4624
f 3788/4853/4853 3617/4637/4637 3787/4852/4852
f 3616/4636/4636 3787/4852/4852 3617/4637/4637
f 3787/4852/4852 3616/4636/4636 3786/4851/4851
f 3625/4645/4645 3786/4851/4851 3616/4636/4636
f 3786/4851/4851 3625/4645/4645 3785/4850/4850
f 3624/4644/4644 3785/4850/4850 3625/4645/4645
f 3624/4644/4644 3711/4737/4737 3785/4850/4850
f 3784/4849/4849 3785/4850/4850 3711/4737/4737
f 3784/4849/4849 3711/4737/4737 3799/4864/4864
f 3706/4732/4732 3799/4864/4864 3711/4737/4737
f 3706/4732/4732 3705/4731/4731 3799/4864/4864
f 3798/4863/4863 3799/4864/4864 3705/4731/4731
f 3798/4863/4863 3705/4731/4731 3797/4862/4862
f 3694/4720/4720 3797/4862/4862 3705/4731/4731
f 3694/4720/4720 3693/4719/4719 3797/4862/4862
f 3796/4861/4861 3797/4862/4862 3693/4719/4719
f 3796/4861/4861 3693/4719/4719 3795/4860/4860
f 3686/4712/4712 3795/4860/4860 3693/4719/4719
f 3686/4712/4712 3685/4711/4711 3795/4860/4860
f 3770/4833/4833 3795/4860/4860 3685/4711/4711
f 3685/4711/4711 3670/4696/4696 3770/4833/4833
f 3771/4834/4834 3770/4833/4833 3670/4696/4696
f 3771/4834/4834 3670/4696/4696 3772/4835/4835
f 3772/4835/4835 3665/4691/4691 3771/4834/4834
f 3664/4690/4690 3771/4834/4834 3665/4691/4691
f 3771/4834/4834 3664/4690/4690 3770/4833/4833
f 3681/4707/4707 3770/4833/4833 3664/4690/4690
f 3681/4707/4707 3680/4706/4706 3770/4833/4833
f 3795/4860/4860 3770/4833/4833 3680/4706/4706
f 3795/4860/4860 3680/4706/4706 3796/4861/4861
f 3689/4715/4715 3796/4861/4861 3680/4706/4706
f 3689/4715/4715 3688/4714/4714 3796/4861/4861
f 3797/4862/4862 3796/4861/4861 3688/4714/4714
f 3797/4862/4862 3688/4714/4714 3798/4863/4863
f 3701/4727/4727 3798/4863/4863 3688/4714/4714
f 3701/4727/4727 3700/4726/4726 3798/4863/4863
f 3799/4864/4864 3798/4863/4863 3700/4726/4726
f 3799/4864/4864 3700/4726/4726 3784/4849/4849
f 3708/4734/4734 3784/4849/4849 3700/4726/4726
f 3708/4734/4734 3618/4638/4638 3784/4849/4849
f 3785/4850/4850 3784/4849/4849 3618/4638/4638
f 3785/4850/4850 3618/4638/4638 3786/4851/4851
f 3621/4641/4641 3786/4851/4851 3618/4638/4638
f 3786/4851/4851 3621/4641/4641 3787/4852/4852
f 3610/4630/4630 3787/4852/4852 3621/4641/4641
f 3787/4852/4852 3610/4630/4630 3788/4853/4853
f 3613/4633/4633 3788/4853/4853 3610/4630/4630
f 3788/4853/4853 3613/4633/4633 3789/4854/4854
f 3598/4618/4618 3789/4854/4854 3613/4633/4633
f 3789/4854/4854 3598/4618/4618 3790/4855/4855
f 3601/4621/4621 3790/4855/4855 3598/4618/4618
f 3790/4855/4855 3601/4621/4621 3791/4856/4856
f 3590/4610/4610 3791/4856/4856 3601/4621/4621
f 3791/4856/4856 3590/4610/4610 3792/4857/4857
f 3593/4613/4613 3792/4857/4857 3590/4610/4610
f 3792/4857/4857 3593/4613/4613 3793/4858/4858
f 3574/4594/4594 3793/4858/4858 3593/4613/4613
f 3793/4858/4858 3574/4594/4594 3794/4859/4859
f 3577/4597/4597 3794/4859/4859 3574/4594/4594
f 3794/4859/4859 3577/4597/4597 3783/4848/4848
f 3566/4582/4582 3783/4848/4848 3577/4597/4597
f 3783/4848/4848 3566/4582/4582 3782/4847/4847
f 3569/4586/4586 3782/4847/4847 3566/4582/4582
f 3627/4647/4647 3532/4546/4546 3626/4646/4646
f 3531/4545/4545 3626/4646/4646 3532/4546/4546
f 3627/4647/4647 3626/4646/4646 3698/4724/4724
f 3699/4725/4725 3698/4724/4724 3626/4646/4646
f 3699/4725/4725 3696/4722/4722 3698/4724/4724
f 3697/4723/4723 3698/4724/4724 3696/4722/4722
f 3697/4723/4723 3696/4722/4722 3674/4700/4700
f 3675/4701/4701 3674/4700/4700 3696/4722/4722
f 3675/4701/4701 3672/4698/4698 3674/4700/4700
f 3673/4699/4699 3674/4700/4700 3672/4698/4698
f 3673/4699/4699 3672/4698/4698 3678/4704/4704
f 3679/4705/4705 3678/4704/4704 3672/4698/4698
f 3679/4705/4705 3676/4702/4702 3678/4704/4704
f 3677/4703/4703 3678/4704/4704 3676/4702/4702
f 3677/4703/4703 3676/4702/4702 3630/4650/4650
f 3631/4651/4651 3630/4650/4650 3676/4702/4702
f 3631/4651/4651 3628/4648/4648 3630/4650/4650
f 3629/4649/4649 3630/4650/4650 3628/4648/4648
f 3629/4649/4649 3628/4648/4648 3654/4675/4675
f 3655/4677/4677 3654/4675/4675 3628/4648/4648
f 3628/4648/4648 3747/4802/4802 3655/4677/4677
f 3746/4800/4800 3655/4677/4677 3747/4802/4802
f 3747/4802/4802 3738/4792/4792 3746/4800/4800
f 3737/4790/4790 3746/4800/4800 3738/4792/4792
f 3737/4790/4790 3738/4792/4792 3736/4788/4788
f 3739/4793/4793 3736/4788/4788 3738/4792/4792
f 3736/4788/4788 3739/4793/4793 3892/5220/5220
f 3735/4785/4785 3892/5220/5220 3739/4793/4793
f 3739/4793/4793 3753/4808/4808 3735/4785/4785
f 3895/5233/5233 3735/4785/4785 3753/4808/4808
f 3753/4808/4808 3756/4811/4811 3895/5233/5233
f 3756/4811/4811 3753/4808/4808 3755/4810/4810
f 3754/4809/4809 3755/4810/4810 3753/4808/4808
f 3753/4808/4808 3739/4793/4793 3754/4809/4809
f 3755/4810/4810 3754/4809/4809 3757/4812/4812
f 3758/4813/4813 3757/4812/4812 3754/4809/4809
f 3896/5236/5236 3895/5233/5233 3756/4811/4811
f 3758/4813/4813 3631/4651/4651 3757/4812/4812
f 3631/4651/4651 3758/4813/4813 3628/4648/4648
f 3747/4802/4802 3628/4648/4648 3758/4813/4813
f 3758/4813/4813 3754/4809/4809 3747/4802/4802
f 3676/4702/4702 3757/4812/4812 3631/4651/4651
f 3738/4792/4792 3747/4802/4802 3754/4809/4809
f 3676/4702/4702 3679/4705/4705 3757/4812/4812
f 3738/4792/4792 3754/4809/4809 3739/4793/4793
f 3763/4818/4818 3757/4812/4812 3679/4705/4705
f 3763/4818/4818 3762/4817/4817 3757/4812/4812
f 3762/4817/4817 3763/4818/4818 3759/4814/4814
f 3760/4815/4815 3759/4814/4814 3763/4818/4818
f 3763/4818/4818 3679/4705/4705 3760/4815/4815
f 3759/4814/4814 3760/4815/4815 3752/4807/4807
f 3761/4816/4816 3752/4807/4807 3760/4815/4815
f 3759/4814/4814 3764/4819/4819 3762/4817/4817
f 3759/4814/4814 3752/4807/4807 3764/4819/4819
f 3765/4820/4820 3762/4817/4817 3764/4819/4819
f 3764/4819/4819 3909/5286/5286 3765/4820/4820
f 3897/5239/5239 3765/4820/4820 3909/5286/5286
f 3897/5239/5239 3896/5236/5236 3765/4820/4820
f 3756/4811/4811 3765/4820/4820 3896/5236/5236
f 3765/4820/4820 3756/4811/4811 3762/4817/4817
f 3755/4810/4810 3762/4817/4817 3756/4811/4811
f 3755/4810/4810 3757/4812/4812 3762/4817/4817
f 3764/4819/4819 3751/4806/4806 3909/5286/5286
f 3751/4806/4806 3764/4819/4819 3752/4807/4807
f 3752/4807/4807 3722/4764/4764 3751/4806/4806
f 3724/4766/4766 3751/4806/4806 3722/4764/4764
f 3724/4766/4766 3722/4764/4764 3716/4758/4758
f 3717/4759/4759 3716/4758/4758 3722/4764/4764
f 3717/4759/4759 3718/4760/4760 3716/4758/4758
f 3719/4761/4761 3716/4758/4758 3718/4760/4760
f 3717/4759/4759 3720/4762/4762 3718/4760/4760
f 3721/4763/4763 3718/4760/4760 3720/4762/4762
f 3722/4764/4764 3723/4765/4765 3717/4759/4759
f 3720/4762/4762 3717/4759/4759 3723/4765/4765
f 3716/4758/4758 3719/4761/4761 3906/5277/5277
f 3715/4755/4755 3906/5277/5277 3719/4761/4761
f 3716/4758/4758 3906/5277/5277 3724/4766/4766
f 3713/4747/4747 3724/4766/4766 3906/5277/5277
f 3713/4747/4747 3888/5204/5204 3724/4766/4766
f 3751/4806/4806 3724/4766/4766 3888/5204/5204
f 3888/5204/5204 3909/5286/5286 3751/4806/4806
f 3890/5209/5209 3715/4755/4755 3730/4773/4773
f 3719/4761/4761 3730/4773/4773 3715/4755/4755
f 3730/4773/4773 3719/4761/4761 3729/4771/4771
f 3718/4760/4760 3729/4771/4771 3719/4761/4761
f 3718/4760/4760 3721/4763/4763 3729/4771/4771
f 3731/4775/4775 3729/4771/4771 3721/4763/4763
f 3731/4775/4775 3721/4763/4763 3768/4830/4830
f 3767/4829/4829 3768/4830/4830 3721/4763/4763
f 3768/4830/4830 3767/4829/4829 3531/4545/4545
f 3626/4646/4646 3531/4545/4545 3767/4829/4829
f 3626/4646/4646 3767/4829/4829 3699/4725/4725
f 3720/4762/4762 3699/4725/4725 3767/4829/4829
f 3720/4762/4762 3767/4829/4829 3721/4763/4763
f 3699/4725/4725 3720/4762/4762 3696/4722/4722
f 3723/4765/4765 3696/4722/4722 3720/4762/4762
f 3696/4722/4722 3723/4765/4765 3675/4701/4701
f 3761/4816/4816 3675/4701/4701 3723/4765/4765
f 3675/4701/4701 3761/4816/4816 3672/4698/4698
f 3760/4815/4815 3672/4698/4698 3761/4816/4816
f 3672/4698/4698 3760/4815/4815 3679/4705/4705
f 3761/4816/4816 3723/4765/4765 3752/4807/4807
f 3722/4764/4764 3752/4807/4807 3723/4765/4765
f 3888/5203/5203 3713/4745/4745 3712/4739/4739
f 3855/5048/5048 3712/4740/4740 3713/4746/4746
f 3905/5273/5273 3912/5294/5294 3076/3602/3602
f 3864/5089/5089 3076/3603/3603 3912/5295/5295
f 3906/5276/5276 3715/4753/4753 3080/3618/3618
f 3079/3613/3613 3080/3619/3619 3715/4754/4754
f 3906/5278/5278 3080/3620/3620 3713/4748/4748
f 3855/5049/5049 3713/4749/4749 3080/3621/3621
f 3890/5208/5208 3891/5213/5213 3715/4756/4756
f 3079/3614/3614 3715/4757/4757 3891/5214/5214
f 3905/5275/5275 3076/3604/3604 3890/5211/5211
f 3891/5215/5215 3890/5212/5212 3076/3605/3605
f 3892/5219/5219 3735/4783/4783 3857/5056/5056
f 3856/5053/5053 3857/5057/5057 3735/4784/4784
f 3907/5279/5279 3861/5078/5078 3893/5224/5224
f 3860/5072/5072 3893/5225/5225 3861/5079/5079
f 3907/5280/5280 3893/5226/5226 3743/4797/4797
f 3907/5280/5280 3743/4797/4797 3908/5283/5283
f 3750/4805/4805 3736/4789/4789 3908/5283/5283
f 3892/5223/5223 3908/5283/5283 3736/4789/4789
f 3736/4789/4789 3750/4805/4805 3737/4791/4791
f 3748/4803/4803 3737/4791/4791 3750/4805/4805
f 3748/4803/4803 3749/4804/4804 3737/4791/4791
f 3746/4801/4801 3737/4791/4791 3749/4804/4804
f 3746/4801/4801 3749/4804/4804 3655/4676/4676
f 3652/4672/4672 3655/4676/4676 3749/4804/4804
f 3652/4672/4672 3749/4804/4804 3635/4655/4655
f 3908/5284/5284 3865/5094/5094 3907/5281/5281
f 3861/5080/5080 3907/5282/5282 3865/5095/5095
f 3896/5235/5235 3867/5104/5104 3895/5231/5231
f 3091/3636/3636 3895/5232/5232 3867/5105/5105
f 3909/5287/5287 3766/4822/4822 3897/5240/5240
f 3898/5243/5243 3897/5241/5241 3766/4823/4823
f 3893/5227/5227 3860/5073/5073 3912/5297/5297
f 3864/5090/5090 3912/5298/5298 3860/5074/5074
f 3908/5285/5285 3892/5221/5221 3865/5096/5096
f 3857/5058/5058 3865/5097/5097 3892/5222/5222
f 3895/5234/5234 3091/3637/3637 3735/4786/4786
f 3856/5054/5054 3735/4787/4787 3091/3638/3638
f 3897/5242/5242 3898/5244/5244 3896/5237/5237
f 3867/5106/5106 3896/5238/5238 3898/5245/5245
f 3909/5288/5288 3888/5205/5205 3766/4824/4824
f 3712/4741/4741 3766/4825/4825 3888/5206/5206
f 3913/5302/5302 3881/5169/5169 3475/4472/4472
f 3832/4939/4939 3475/4473/4473 3881/5170/5170
f 3882/5177/5177 3836/4957/4957 3903/5268/5268
f 3846/5013/5013 3903/5269/5269 3836/4958/4958
f 3884/5189/5189 3838/4967/4967 3473/4462/4462
f 3474/4466/4466 3473/4463/4463 3838/4968/4968
f 3648/4668/4668 3633/4653/4653 3647/4667/4667
f 3643/4663/4663 3647/4667/4667 3633/4653/4653
f 3648/4668/4668 3651/4671/4671 3633/4653/4653
f 3634/4654/4654 3633/4653/4653 3651/4671/4671
f 3634/4654/4654 3651/4671/4671 3653/4673/4673
f 3660/4684/4684 3653/4673/4673 3651/4671/4671
f 3660/4684/4684 3663/4688/4688 3653/4673/4673
f 3654/4674/4674 3653/4673/4673 3663/4688/4688
f 3668/4694/4694 3629/4649/4649 3663/4689/4689
f 3654/4675/4675 3663/4689/4689 3629/4649/4649
f 3668/4694/4694 3671/4697/4697 3629/4649/4649
f 3630/4650/4650 3629/4649/4649 3671/4697/4697
f 3630/4650/4650 3671/4697/4697 3677/4703/4703
f 3684/4710/4710 3677/4703/4703 3671/4697/4697
f 3684/4710/4710 3687/4713/4713 3677/4703/4703
f 3678/4704/4704 3677/4703/4703 3687/4713/4713
f 3678/4704/4704 3687/4713/4713 3673/4699/4699
f 3692/4718/4718 3673/4699/4699 3687/4713/4713
f 3692/4718/4718 3695/4721/4721 3673/4699/4699
f 3674/4700/4700 3673/4699/4699 3695/4721/4721
f 3674/4700/4700 3695/4721/4721 3697/4723/4723
f 3704/4730/4730 3697/4723/4723 3695/4721/4721
f 3704/4730/4730 3707/4733/4733 3697/4723/4723
f 3698/4724/4724 3697/4723/4723 3707/4733/4733
f 3698/4724/4724 3707/4733/4733 3627/4647/4647
f 3710/4736/4736 3627/4647/4647 3707/4733/4733
f 3710/4736/4736 3623/4643/4643 3627/4647/4647
f 3532/4546/4546 3627/4647/4647 3623/4643/4643
f 3532/4546/4546 3623/4643/4643 3533/4547/4547
f 3622/4642/4642 3533/4547/4547 3623/4643/4643
f 3533/4547/4547 3622/4642/4642 3608/4628/4628
f 3615/4635/4635 3608/4628/4628 3622/4642/4642
f 3608/4628/4628 3615/4635/4635 3609/4629/4629
f 3614/4634/4634 3609/4629/4629 3615/4635/4635
f 3609/4629/4629 3614/4634/4634 3584/4604/4604
f 3603/4623/4623 3584/4604/4604 3614/4634/4634
f 3584/4604/4604 3603/4623/4623 3585/4605/4605
f 3602/4622/4622 3585/4605/4605 3603/4623/4623
f 3585/4605/4605 3602/4622/4622 3588/4608/4608
f 3595/4615/4615 3588/4608/4608 3602/4622/4622
f 3588/4608/4608 3595/4615/4615 3589/4609/4609
f 3594/4614/4614 3589/4609/4609 3595/4615/4615
f 3589/4609/4609 3594/4614/4614 3536/4550/4550
f 3579/4599/4599 3536/4550/4550 3594/4614/4614
f 3536/4550/4550 3579/4599/4599 3537/4551/4551
f 3578/4598/4598 3537/4551/4551 3579/4599/4599
f 3537/4551/4551 3578/4598/4598 3564/4579/4579
f 3571/4590/4590 3564/4579/4579 3578/4598/4598
f 3564/4579/4579 3571/4590/4590 3565/4580/4580
f 3570/4588/4588 3565/4580/4580 3571/4590/4590
f 3637/4657/4657 3776/4840/4840 3640/4660/4660
f 3776/4840/4840 3637/4657/4657 3775/4839/4839
f 3636/4656/4656 3775/4839/4839 3637/4657/4657
f 3775/4839/4839 3636/4656/4656 3774/4838/4838
f 3801/4867/4867 3802/4869/4869 3800/4865/4865
f 3803/4873/4873 3800/4865/4865 3802/4869/4869
f 3801/4867/4867 3804/4876/4876 3802/4869/4869
f 3805/4878/4878 3802/4869/4869 3804/4876/4876
f 3805/4878/4878 3806/4880/4880 3802/4869/4869
f 3807/4882/4882 3802/4869/4869 3806/4880/4880
f 3807/4882/4882 3808/4884/4884 3802/4869/4869
f 3809/4886/4886 3802/4869/4869 3808/4884/4884
f 3809/4886/4886 3810/4888/4888 3802/4869/4869
f 3811/4890/4890 3802/4869/4869 3810/4888/4888
f 3811/4890/4890 3812/4892/4892 3802/4869/4869
f 3813/4894/4894 3802/4869/4869 3812/4892/4892
f 3813/4894/4894 3814/4896/4896 3802/4869/4869
f 3815/4898/4898 3802/4869/4869 3814/4896/4896
f 3815/4898/4898 3816/4900/4900 3802/4869/4869
f 3817/4902/4902 3802/4869/4869 3816/4900/4900
f 3817/4902/4902 3818/4904/4904 3802/4869/4869
f 3819/4906/4906 3802/4869/4869 3818/4904/4904
f 3819/4906/4906 3820/4908/4908 3802/4869/4869
f 3821/4910/4910 3802/4869/4869 3820/4908/4908
f 3821/4910/4910 3822/4912/4912 3802/4869/4869
f 3823/4915/4915 3802/4869/4869 3822/4912/4912
f 3823/4915/4915 3824/4917/4917 3802/4869/4869
f 3825/4919/4919 3802/4869/4869 3824/4917/4917
f 3827/4922/4922 3802/4870/4870 3826/4921/4921
f 3825/4920/4920 3826/4921/4921 3802/4870/4870
f 3825/4920/4920 3638/4658/4658 3826/4921/4921
f 3638/4658/4658 3825/4920/4920 3639/4659/4659
f 3824/4918/4918 3639/4659/4659 3825/4920/4920
f 3639/4659/4659 3824/4918/4918 3658/4681/4681
f 3823/4916/4916 3658/4681/4681 3824/4918/4918
f 3658/4681/4681 3823/4916/4916 3659/4682/4682
f 3822/4914/4914 3659/4682/4682 3823/4916/4916
f 3641/4661/4661 3826/4921/4921 3638/4658/4658
f 3826/4921/4921 3641/4661/4661 3827/4922/4922
f 3548/4562/4562 3827/4922/4922 3641/4661/4661
f 3827/4922/4922 3548/4562/4562 3828/4925/4925
f 3547/4561/4561 3828/4925/4925 3548/4562/4562
f 3828/4925/4925 3547/4561/4561 3829/4927/4927
f 3544/4558/4558 3829/4927/4927 3547/4561/4561
f 3829/4927/4927 3544/4558/4558 3802/4872/4872
f 3543/4557/4557 3802/4872/4872 3544/4558/4558
f 3802/4872/4872 3543/4557/4557 3803/4874/4874
f 3568/4585/4585 3803/4874/4874 3543/4557/4557
f 3829/4926/4926 3802/4871/4871 3828/4924/4924
f 3827/4923/4923 3828/4924/4924 3802/4871/4871
f 3803/4875/4875 3568/4584/4584 3800/4866/4866
f 3567/4583/4583 3800/4866/4866 3568/4584/4584
f 3800/4866/4866 3567/4583/4583 3801/4868/4868
f 3576/4596/4596 3801/4868/4868 3567/4583/4583
f 3801/4868/4868 3576/4596/4596 3804/4877/4877
f 3575/4595/4595 3804/4877/4877 3576/4596/4596
f 3804/4877/4877 3575/4595/4595 3805/4879/4879
f 3592/4612/4612 3805/4879/4879 3575/4595/4595
f 3805/4879/4879 3592/4612/4612 3806/4881/4881
f 3591/4611/4611 3806/4881/4881 3592/4612/4612
f 3806/4881/4881 3591/4611/4611 3807/4883/4883
f 3600/4620/4620 3807/4883/4883 3591/4611/4611
f 3807/4883/4883 3600/4620/4620 3808/4885/4885
f 3599/4619/4619 3808/4885/4885 3600/4620/4620
f 3808/4885/4885 3599/4619/4619 3809/4887/4887
f 3612/4632/4632 3809/4887/4887 3599/4619/4619
f 3809/4887/4887 3612/4632/4632 3810/4889/4889
f 3611/4631/4631 3810/4889/4889 3612/4632/4632
f 3810/4889/4889 3611/4631/4631 3811/4891/4891
f 3620/4640/4640 3811/4891/4891 3611/4631/4631
f 3811/4891/4891 3620/4640/4640 3812/4893/4893
f 3619/4639/4639 3812/4893/4893 3620/4640/4640
f 3812/4893/4893 3619/4639/4639 3813/4895/4895
f 3709/4735/4735 3813/4895/4895 3619/4639/4639
f 3813/4895/4895 3709/4735/4735 3814/4897/4897
f 3703/4729/4729 3814/4897/4897 3709/4735/4735
f 3814/4897/4897 3703/4729/4729 3815/4899/4899
f 3702/4728/4728 3815/4899/4899 3703/4729/4729
f 3815/4899/4899 3702/4728/4728 3816/4901/4901
f 3691/4717/4717 3816/4901/4901 3702/4728/4728
f 3816/4901/4901 3691/4717/4717 3817/4903/4903
f 3690/4716/4716 3817/4903/4903 3691/4717/4717
f 3817/4903/4903 3690/4716/4716 3818/4905/4905
f 3683/4709/4709 3818/4905/4905 3690/4716/4716
f 3818/4905/4905 3683/4709/4709 3819/4907/4907
f 3682/4708/4708 3819/4907/4907 3683/4709/4709
f 3819/4907/4907 3682/4708/4708 3820/4909/4909
f 3667/4693/4693 3820/4909/4909 3682/4708/4708
f 3820/4909/4909 3667/4693/4693 3821/4911/4911
f 3666/4692/4692 3821/4911/4911 3667/4693/4693
f 3821/4911/4911 3666/4692/4692 3822/4913/4913
f 3659/4683/4683 3822/4913/4913 3666/4692/4692
f 3833/4944/4944 3830/4928/4928 3844/5002/5002
f 3830/4929/4929 3852/5037/5037 3844/5003/5003
f 3474/4467/4467 3831/4933/4933 3900/5256/5256
f 3831/4934/4934 3472/4456/4456 3900/5257/5257
f 3832/4940/4940 3845/5006/5006 3877/5150/5150
f 3845/5007/5007 3853/5040/5040 3877/5151/5151
f 3833/4945/4945 3834/4949/4949 3830/4930/4930
f 3834/4950/4950 3835/4952/4952 3830/4931/4931
f 3834/4951/4951 3877/5152/5152 3835/4953/4953
f 3877/5153/5153 3853/5041/5041 3835/4954/4954
f 3880/5165/5165 3846/5014/5014 3506/4507/4507
f 3846/5015/5015 3507/4511/4511 3506/4508/4508
f 3881/5171/5171 3880/5166/5166 3911/5290/5290
f 3880/5167/5167 3506/4509/4509 3911/5291/5291
f 3836/4959/4959 3900/5258/5258 3837/4962/4962
f 3900/5259/5259 3472/4457/4457 3837/4963/4963
f 3841/4986/4986 3850/5028/5028 3883/5182/5182
f 3850/5029/5029 3849/5025/5025 3883/5183/5183
f 3838/4969/4969 3839/4975/4975 3848/5021/5021
f 3839/4976/4976 3847/5017/5017 3848/5022/5022
f 3839/4977/4977 3883/5184/5184 3847/5018/5018
f 3883/5185/5185 3849/5026/5026 3847/5019/5019
f 3840/4981/4981 3842/4991/4991 3851/5033/5033
f 3842/4992/4992 3843/4994/4994 3851/5034/5034
f 3841/4987/4987 3840/4982/4982 3850/5030/5030
f 3840/4983/4983 3851/5035/5035 3850/5031/5031
f 3842/4993/4993 3844/5004/5004 3843/4995/4995
f 3844/5005/5005 3852/5038/5038 3843/4996/4996
f 3832/4941/4941 3881/5172/5172 3845/5008/5008
f 3881/5173/5173 3911/5292/5292 3845/5009/5009
f 3846/5016/5016 3836/4960/4960 3507/4512/4512
f 3836/4961/4961 3837/4964/4964 3507/4513/4513
f 3474/4468/4468 3838/4970/4970 3831/4935/4935
f 3838/4971/4971 3848/5023/5023 3831/4936/4936
f 3837/4965/4965 3911/5293/5293 3507/4514/4514
f 3911/5293/5293 3506/4510/4510 3507/4514/4514
f 3911/5293/5293 3837/4965/4965 3472/4458/4458
f 3831/4937/4937 3911/5293/5293 3472/4458/4458
f 3911/5293/5293 3831/4937/4937 3848/5024/5024
f 3847/5020/5020 3911/5293/5293 3848/5024/5024
f 3911/5293/5293 3847/5020/5020 3849/5027/5027
f 3850/5032/5032 3911/5293/5293 3849/5027/5027
f 3911/5293/5293 3850/5032/5032 3851/5036/5036
f 3843/4997/4997 3911/5293/5293 3851/5036/5036
f 3911/5293/5293 3843/4997/4997 3852/5039/5039
f 3830/4932/4932 3911/5293/5293 3852/5039/5039
f 3911/5293/5293 3830/4932/4932 3835/4955/4955
f 3853/5042/5042 3911/5293/5293 3835/4955/4955
f 3853/5042/5042 3845/5010/5010 3911/5293/5293
f 3855/5050/5050 3854/5043/5043 3712/4742/4742
f 3854/5044/5044 3873/5130/5130 3712/4743/4743
f 3864/5091/5091 3868/5110/5110 3076/3606/3606
f 3868/5111/5111 3875/5138/5138 3076/3607/3607
f 3079/3615/3615 3876/5141/5141 3889/5207/5207
f 3876/5142/5142 3714/4750/4750 3080/3622/3622
f 3855/5051/5051 3080/3623/3623 3854/5045/5045
f 3080/3624/3624 3714/4751/4751 3854/5046/5046
f 3079/3616/3616 3891/5216/5216 3876/5143/5143
f 3891/5217/5217 3874/5134/5134 3876/5144/5144
f 3891/5218/5218 3076/3608/3608 3874/5135/5135
f 3076/3609/3609 3875/5139/5139 3874/5136/5136
f 3856/5055/5055 3858/5062/5062 3857/5059/5059
f 3858/5063/5063 3734/4779/4779 3857/5060/5060
f 3860/5075/5075 3861/5081/5081 3859/5067/5067
f 3861/5082/5082 3862/5084/5084 3859/5068/5068
f 3861/5083/5083 3865/5098/5098 3862/5085/5085
f 3865/5099/5099 3894/5228/5228 3862/5086/5086
f 3863/5088/5088 3867/5107/5107 3869/5115/5115
f 3867/5108/5108 3871/5122/5122 3869/5116/5116
f 3898/5246/5246 3766/4826/4826 3872/5126/5126
f 3766/4827/4827 3870/5119/5119 3872/5127/5127
f 3864/5092/5092 3860/5076/5076 3868/5112/5112
f 3860/5077/5077 3859/5069/5069 3868/5113/5113
f 3857/5061/5061 3734/4780/4780 3865/5100/5100
f 3734/4781/4781 3894/5229/5229 3865/5101/5101
f 3866/5102/5102 3091/3639/3639 3858/5064/5064
f 3091/3640/3640 3869/5117/5117 3858/5065/5065
f 3867/5109/5109 3898/5247/5247 3871/5123/5123
f 3898/5248/5248 3872/5128/5128 3871/5124/5124
f 3712/4744/4744 3873/5131/5131 3910/5289/5289
f 3873/5132/5132 3870/5120/5120 3766/4828/4828
f 3894/5230/5230 3868/5114/5114 3862/5087/5087
f 3868/5114/5114 3859/5070/5070 3862/5087/5087
f 3868/5114/5114 3894/5230/5230 3734/4782/4782
f 3858/5066/5066 3868/5114/5114 3734/4782/4782
f 3868/5114/5114 3858/5066/5066 3869/5118/5118
f 3871/5125/5125 3868/5114/5114 3869/5118/5118
f 3868/5114/5114 3871/5125/5125 3872/5129/5129
f 3870/5121/5121 3868/5114/5114 3872/5129/5129
f 3868/5114/5114 3870/5121/5121 3873/5133/5133
f 3854/5047/5047 3868/5114/5114 3873/5133/5133
f 3868/5114/5114 3854/5047/5047 3714/4752/4752
f 3876/5145/5145 3868/5114/5114 3714/4752/4752
f 3868/5114/5114 3876/5145/5145 3874/5137/5137
f 3875/5140/5140 3868/5114/5114 3874/5137/5137
f 3768/4830/4830 3531/4545/4545 3528/4542/4542
f 3914/5303/5303 3922/5329/5329 3915/5307/5307
f 3923/5333/5333 3915/5307/5307 3922/5329/5329
f 3915/5307/5307 3923/5333/5333 3916/5310/5310
f 3924/5336/5336 3916/5310/5310 3923/5333/5333
f 3916/5311/5311 3924/5337/5337 3917/5314/5314
f 3925/5340/5340 3917/5314/5314 3924/5337/5337
f 3917/5314/5314 3925/5340/5340 3914/5304/5304
f 3922/5330/5330 3914/5304/5304 3925/5340/5340
f 3915/5308/5308 3919/5320/5320 3914/5305/5305
f 3918/5317/5317 3914/5305/5305 3919/5320/5320
f 3918/5317/5317 3919/5320/5320 3932/5361/5361
f 3933/5365/5365 3932/5361/5361 3919/5320/5320
f 3916/5312/5312 3920/5323/5323 3915/5309/5309
f 3919/5321/5321 3915/5309/5309 3920/5323/5323
f 3917/5315/5315 3921/5326/5326 3916/5313/5313
f 3920/5324/5324 3916/5313/5313 3921/5326/5326
f 3920/5324/5324 3921/5326/5326 3930/5354/5354
f 3931/5357/5357 3930/5354/5354 3921/5326/5326
f 3914/5306/5306 3918/5318/5318 3917/5316/5316
f 3921/5327/5327 3917/5316/5316 3918/5318/5318
f 3926/5342/5342 3927/5344/5344 3922/5331/5331
f 3923/5334/5334 3922/5331/5331 3927/5344/5344
f 3926/5342/5342 3934/5367/5367 3927/5344/5344
f 3935/5369/5369 3927/5344/5344 3934/5367/5367
f 3935/5369/5369 3934/5367/5367 3933/5363/5363
f 3932/5359/5359 3933/5363/5363 3934/5367/5367
f 3934/5367/5367 3926/5342/5342 3937/5376/5376
f 3929/5350/5350 3937/5376/5376 3926/5342/5342
f 3927/5345/5345 3928/5346/5346 3923/5335/5335
f 3924/5338/5338 3923/5335/5335 3928/5346/5346
f 3927/5345/5345 3935/5371/5371 3928/5346/5346
f 3936/5373/5373 3928/5346/5346 3935/5371/5371
f 3928/5346/5346 3936/5373/5373 3929/5349/5349
f 3937/5374/5374 3929/5349/5349 3936/5373/5373
f 3937/5374/5374 3936/5373/5373 3931/5355/5355
f 3930/5352/5352 3931/5355/5355 3936/5373/5373
f 3928/5347/5347 3929/5348/5348 3924/5339/5339
f 3925/5341/5341 3924/5339/5339 3929/5348/5348
f 3929/5348/5348 3926/5343/5343 3925/5341/5341
f 3922/5332/5332 3925/5341/5341 3926/5343/5343
f 3936/5372/5372 3935/5370/5370 3930/5351/5351
f 3933/5364/5364 3930/5351/5351 3935/5370/5370
f 3934/5368/5368 3937/5375/5375 3932/5360/5360
f 3931/5356/5356 3932/5360/5360 3937/5375/5375
f 3919/5322/5322 3920/5325/5325 3933/5366/5366
f 3930/5353/5353 3933/5366/5366 3920/5325/5325
f 3921/5328/5328 3918/5319/5319 3931/5358/5358
f 3932/5362/5362 3931/5358/5358 3918/5319/5319
f 3938/5377/5377 3946/5395/5395 3939/5380/5380
f 3947/5399/5399 3939/5380/5380 3946/5395/5395
f 3939/5380/5380 3947/5399/5399 3941/5386/5386
f 3948/5402/5402 3941/5386/5386 3947/5399/5399
f 3941/5387/5387 3948/5403/5403 3940/5383/5383
f 3949/5406/5406 3940/5383/5383 3948/5403/5403
f 3940/5383/5383 3949/5406/5406 3938/5378/5378
f 3946/5396/5396 3938/5378/5378 3949/5406/5406
f 3939/5381/5381 3943/5390/5390 3938/5379/5379
f 3942/5389/5389 3938/5379/5379 3943/5390/5390
f 3938/5379/5379 3942/5389/5389 3940/5385/5385
f 3945/5394/5394 3940/5385/5385 3942/5389/5389
f 3942/5389/5389 3943/5390/5390 3956/5427/5427
f 3957/5429/5429 3956/5427/5427 3943/5390/5390
f 3945/5394/5394 3942/5389/5389 3955/5424/5424
f 3956/5427/5427 3955/5424/5424 3942/5389/5389
f 3941/5388/5388 3944/5392/5392 3939/5382/5382
f 3943/5391/5391 3939/5382/5382 3944/5392/5392
f 3944/5392/5392 3941/5388/5388 3945/5393/5393
f 3940/5384/5384 3945/5393/5393 3941/5388/5388
f 3943/5391/5391 3944/5392/5392 3957/5430/5430
f 3954/5421/5421 3957/5430/5430 3944/5392/5392
f 3944/5392/5392 3945/5393/5393 3954/5421/5421
f 3955/5423/5423 3954/5421/5421 3945/5393/5393
f 3950/5409/5409 3951/5411/5411 3946/5397/5397
f 3947/5400/5400 3946/5397/5397 3951/5411/5411
f 3950/5409/5409 3959/5436/5436 3951/5411/5411
f 3958/5432/5432 3951/5411/5411 3959/5436/5436
f 3959/5436/5436 3950/5409/5409 3961/5442/5442
f 3953/5418/5418 3961/5442/5442 3950/5409/5409
f 3951/5412/5412 3952/5414/5414 3947/5401/5401
f 3948/5404/5404 3947/5401/5401 3952/5414/5414
f 3952/5415/5415 3953/5416/5416 3948/5405/5405
f 3949/5407/5407 3948/5405/5405 3953/5416/5416
f 3952/5415/5415 3960/5439/5439 3953/5416/5416
f 3960/5439/5439 3952/5415/5415 3958/5433/5433
f 3951/5413/5413 3958/5433/5433 3952/5415/5415
f 3961/5441/5441 3953/5416/5416 3960/5439/5439
f 3953/5417/5417 3950/5410/5410 3949/5408/5408
f 3946/5398/5398 3949/5408/5408 3950/5410/5410
f 3958/5431/5431 3959/5434/5434 3957/5428/5428
f 3956/5425/5425 3957/5428/5428 3959/5434/5434
f 3957/5428/5428 3954/5419/5419 3958/5431/5431
f 3960/5437/5437 3958/5431/5431 3954/5419/5419
f 3961/5440/5440 3960/5438/5438 3955/5422/5422
f 3954/5420/5420 3955/5422/5422 3960/5438/5438
f 3955/5422/5422 3956/5426/5426 3961/5440/5440
f 3959/5435/5435 3961/5440/5440 3956/5426/5426
f 3962/5443/5443 3972/5467/5467 3964/5449/5449
f 3973/5470/5470 3964/5449/5449 3972/5467/5467
f 3964/5449/5449 3973/5470/5470 3963/5446/5446
f 3970/5461/5461 3963/5446/5446 3973/5470/5470
f 3963/5447/5447 3970/5462/5462 3965/5452/5452
f 3971/5464/5464 3965/5452/5452 3970/5462/5462
f 3965/5452/5452 3971/5464/5464 3962/5444/5444
f 3972/5468/5468 3962/5444/5444 3971/5464/5464
f 3964/5450/5450 3967/5456/5456 3962/5445/5445
f 3966/5455/5455 3962/5445/5445 3967/5456/5456
f 3962/5445/5445 3966/5455/5455 3965/5454/5454
f 3969/5460/5460 3965/5454/5454 3966/5455/5455
f 3966/5455/5455 3967/5456/5456 3980/5487/5487
f 3978/5480/5480 3980/5487/5487 3967/5456/5456
f 3969/5460/5460 3966/5455/5455 3979/5484/5484
f 3980/5487/5487 3979/5484/5484 3966/5455/5455
f 3963/5448/5448 3968/5458/5458 3964/5451/5451
f 3967/5457/5457 3964/5451/5451 3968/5458/5458
f 3968/5458/5458 3963/5448/5448 3969/5459/5459
f 3965/5453/5453 3969/5459/5459 3963/5448/5448
f 3967/5457/5457 3968/5458/5458 3978/5481/5481
f 3981/5490/5490 3978/5481/5481 3968/5458/5458
f 3968/5458/5458 3969/5459/5459 3981/5490/5490
f 3979/5483/5483 3981/5490/5490 3969/5459/5459
f 3974/5473/5473 3975/5474/5474 3972/5469/5469
f 3973/5471/5471 3972/5469/5469 3975/5474/5474
f 3972/5469/5469 3971/5466/5466 3974/5473/5473
f 3977/5478/5478 3974/5473/5473 3971/5466/5466
f 3974/5473/5473 3983/5496/5496 3975/5474/5474
f 3984/5498/5498 3975/5474/5474 3983/5496/5496
f 3983/5496/5496 3974/5473/5473 3982/5493/5493
f 3977/5478/5478 3982/5493/5493 3974/5473/5473
f 3975/5475/5475 3976/5476/5476 3973/5472/5472
f 3970/5463/5463 3973/5472/5472 3976/5476/5476
f 3976/5476/5476 3977/5477/5477 3970/5463/5463
f 3971/5465/5465 3970/5463/5463 3977/5477/5477
f 3975/5475/5475 3984/5499/5499 3976/5476/5476
f 3985/5502/5502 3976/5476/5476 3984/5499/5499
f 3976/5476/5476 3985/5502/5502 3977/5477/5477
f 3982/5492/5492 3977/5477/5477 3985/5502/5502
f 3984/5497/5497 3983/5494/5494 3978/5479/5479
f 3980/5485/5485 3978/5479/5479 3983/5494/5494
f 3978/5479/5479 3981/5488/5488 3984/5497/5497
f 3985/5500/5500 3984/5497/5497 3981/5488/5488
f 3982/5491/5491 3985/5501/5501 3979/5482/5482
f 3981/5489/5489 3979/5482/5482 3985/5501/5501
f 3979/5482/5482 3980/5486/5486 3982/5491/5491
f 3983/5495/5495 3982/5491/5491 3980/5486/5486
f 3990/5519/5519 3987/5507/5507 3986/5503/5503
f 3995/5531/5531 3986/5503/5503 3987/5507/5507
f 3986/5504/5504 3995/5532/5532 3988/5511/5511
f 3996/5535/5535 3988/5511/5511 3995/5532/5532
f 3988/5512/5512 3996/5536/5536 3989/5515/5515
f 3997/5539/5539 3989/5515/5515 3996/5536/5536
f 3989/5516/5516 3997/5540/5540 3990/5520/5520
f 3987/5508/5508 3990/5520/5520 3997/5540/5540
f 3986/5505/5505 3991/5523/5523 3990/5521/5521
f 3992/5525/5525 3990/5521/5521 3991/5523/5523
f 3992/5525/5525 3991/5523/5523 4003/5557/5557
f 4006/5569/5569 4003/5557/5557 3991/5523/5523
f 3988/5513/5513 3993/5527/5527 3986/5506/5506
f 3991/5524/5524 3986/5506/5506 3993/5527/5527
f 3991/5524/5524 3993/5527/5527 4006/5570/5570
f 4007/5573/5573 4006/5570/5570 3993/5527/5527
f 3989/5517/5517 3994/5529/5529 3988/5514/5514
f 3993/5528/5528 3988/5514/5514 3994/5529/5529
f 3993/5528/5528 3994/5529/5529 4007/5574/5574
f 4008/5577/5577 4007/5574/5574 3994/5529/5529
f 3990/5522/5522 3992/5526/5526 3989/5518/5518
f 3994/5530/5530 3989/5518/5518 3992/5526/5526
f 3994/5530/5530 3992/5526/5526 4008/5578/5578
f 4003/5558/5558 4008/5578/5578 3992/5526/5526
f 3998/5543/5543 3999/5545/5545 3987/5509/5509
f 3995/5533/5533 3987/5509/5509 3999/5545/5545
f 3998/5543/5543 4009/5581/5581 3999/5545/5545
f 4002/5553/5553 3999/5545/5545 4009/5581/5581
f 3999/5546/5546 4000/5547/5547 3995/5534/5534
f 3996/5537/5537 3995/5534/5534 4000/5547/5547
f 3999/5546/5546 4002/5554/5554 4000/5547/5547
f 4004/5561/5561 4000/5547/5547 4002/5554/5554
f 4000/5548/5548 4001/5549/5549 3996/5538/5538
f 3997/5541/5541 3996/5538/5538 4001/5549/5549
f 4000/5548/5548 4004/5562/5562 4001/5549/5549
f 4005/5565/5565 4001/5549/5549 4004/5562/5562
f 4001/5550/5550 3998/5544/5544 3997/5542/5542
f 3987/5510/5510 3997/5542/5542 3998/5544/5544
f 4001/5550/5550 4005/5566/5566 3998/5544/5544
f 4009/5582/5582 3998/5544/5544 4005/5566/5566
f 4002/5551/5551 4009/5579/5579 4006/5567/5567
f 4003/5555/5555 4006/5567/5567 4009/5579/5579
f 4004/5559/5559 4002/5552/5552 4007/5571/5571
f 4006/5568/5568 4007/5571/5571 4002/5552/5552
f 4005/5563/5563 4004/5560/5560 4008/5575/5575
f 4007/5572/5572 4008/5575/5575 4004/5560/5560
f 4009/5580/5580 4005/5564/5564 4003/5556/5556
f 4008/5576/5576 4003/5556/5556 4005/5564/5564
f 4011/5585/5585 4064/5657/5657 4010/5583/5583
f 4065/5658/5658 4010/5583/5583 4064/5657/5657
f 4064/5657/5657 4011/5585/5585 4063/5656/5656
f 4012/5586/5586 4063/5656/5656 4011/5585/5585
f 4063/5656/5656 4012/5586/5586 4062/5655/5655
f 4013/5587/5587 4062/5655/5655 4012/5586/5586
f 4062/5655/5655 4013/5587/5587 4061/5654/5654
f 4014/5588/5588 4061/5654/5654 4013/5587/5587
f 4061/5654/5654 4014/5588/5588 4060/5653/5653
f 4015/5589/5589 4060/5653/5653 4014/5588/5588
f 4060/5653/5653 4015/5589/5589 4067/5661/5661
f 4016/5590/5590 4067/5661/5661 4015/5589/5589
f 4067/5661/5661 4016/5590/5590 4066/5660/5660
f 4017/5591/5591 4066/5660/5660 4016/5590/5590
f 4066/5660/5660 4017/5591/5591 4065/5659/5659
f 4010/5584/5584 4065/5659/5659 4017/5591/5591
f 4015/5589/5589 4031/5612/5612 4016/5590/5590
f 4031/5612/5612 4015/5589/5589 4030/5610/5610
f 4014/5588/5588 4030/5610/5610 4015/5589/5589
f 4030/5610/5610 4014/5588/5588 4029/5608/5608
f 4013/5587/5587 4029/5608/5608 4014/5588/5588
f 4029/5608/5608 4013/5587/5587 4028/5606/5606
f 4012/5586/5586 4028/5606/5606 4013/5587/5587
f 4028/5606/5606 4012/5586/5586 4027/5604/5604
f 4011/5585/5585 4027/5604/5604 4012/5586/5586
f 4027/5604/5604 4011/5585/5585 4026/5601/5601
f 4042/5635/5635 4044/5637/5637 4043/5636/5636
f 4043/5636/5636 4044/5637/5637 4045/5638/5638
f 4045/5638/5638 4044/5637/5637 4046/5639/5639
f 4046/5639/5639 4044/5637/5637 4047/5640/5640
f 4047/5640/5640 4044/5637/5637 4048/5641/5641
f 4048/5641/5641 4044/5637/5637 4049/5642/5642
f 4049/5642/5642 4044/5637/5637 4050/5643/5643
f 4050/5643/5643 4044/5637/5637 4042/5635/5635
f 4046/5639/5639 4029/5609/5609 4045/5638/5638
f 4028/5607/5607 4045/5638/5638 4029/5609/5609
f 4045/5638/5638 4028/5607/5607 4043/5636/5636
f 4027/5605/5605 4043/5636/5636 4028/5607/5607
f 4043/5636/5636 4027/5605/5605 4042/5635/5635
f 4026/5603/5603 4042/5635/5635 4027/5605/5605
f 4042/5635/5635 4026/5603/5603 4050/5643/5643
f 4033/5617/5617 4050/5643/5643 4026/5603/5603
f 4029/5609/5609 4046/5639/5639 4030/5611/5611
f 4047/5640/5640 4030/5611/5611 4046/5639/5639
f 4030/5611/5611 4047/5640/5640 4031/5613/5613
f 4048/5641/5641 4031/5613/5613 4047/5640/5640
f 4031/5613/5613 4048/5641/5641 4032/5615/5615
f 4049/5642/5642 4032/5615/5615 4048/5641/5641
f 4032/5615/5615 4049/5642/5642 4033/5617/5617
f 4050/5643/5643 4033/5617/5617 4049/5642/5642
f 4052/5645/5645 4053/5646/5646 4051/5644/5644
f 4054/5647/5647 4053/5646/5646 4052/5645/5645
f 4055/5648/5648 4053/5646/5646 4054/5647/5647
f 4056/5649/5649 4053/5646/5646 4055/5648/5648
f 4057/5650/5650 4053/5646/5646 4056/5649/5649
f 4058/5651/5651 4053/5646/5646 4057/5650/5650
f 4059/5652/5652 4053/5646/5646 4058/5651/5651
f 4051/5644/5644 4053/5646/5646 4059/5652/5652
f 4051/5644/5644 4034/5620/5620 4052/5645/5645
f 4054/5647/5647 4036/5624/5624 4055/5648/5648
f 4036/5624/5624 4054/5647/5647 4035/5622/5622
f 4035/5622/5622 4052/5645/5645 4034/5620/5620
f 4052/5645/5645 4035/5622/5622 4054/5647/5647
f 4058/5651/5651 4040/5632/5632 4059/5652/5652
f 4040/5632/5632 4058/5651/5651 4039/5630/5630
f 4057/5650/5650 4039/5630/5630 4058/5651/5651
f 4039/5630/5630 4057/5650/5650 4038/5628/5628
f 4056/5649/5649 4038/5628/5628 4057/5650/5650
f 4038/5628/5628 4056/5649/5649 4037/5626/5626
f 4055/5648/5648 4037/5626/5626 4056/5649/5649
f 4037/5626/5626 4055/5648/5648 4036/5624/5624
f 4032/5614/5614 4016/5590/5590 4031/5612/5612
f 4016/5590/5590 4032/5614/5614 4017/5591/5591
f 4033/5616/5616 4017/5591/5591 4032/5614/5614
f 4017/5591/5591 4033/5616/5616 4010/5584/5584
f 4026/5602/5602 4010/5584/5584 4033/5616/5616
f 4019/5594/5594 4035/5621/5621 4018/5592/5592
f 4034/5618/5618 4018/5592/5592 4035/5621/5621
f 4035/5621/5621 4019/5594/5594 4036/5623/5623
f 4020/5595/5595 4036/5623/5623 4019/5594/5594
f 4036/5623/5623 4020/5595/5595 4037/5625/5625
f 4021/5596/5596 4037/5625/5625 4020/5595/5595
f 4037/5625/5625 4021/5596/5596 4038/5627/5627
f 4022/5597/5597 4038/5627/5627 4021/5596/5596
f 4038/5627/5627 4022/5597/5597 4039/5629/5629
f 4023/5598/5598 4039/5629/5629 4022/5597/5597
f 4039/5629/5629 4023/5598/5598 4040/5631/5631
f 4024/5599/5599 4040/5631/5631 4023/5598/5598
f 4040/5631/5631 4024/5599/5599 4041/5633/5633
f 4025/5600/5600 4041/5633/5633 4024/5599/5599
f 4041/5633/5633 4025/5600/5600 4034/5619/5619
f 4018/5593/5593 4034/5619/5619 4025/5600/5600
f 4025/5600/5600 4066/5660/5660 4018/5593/5593
f 4065/5659/5659 4018/5593/5593 4066/5660/5660
f 4066/5660/5660 4025/5600/5600 4067/5661/5661
f 4024/5599/5599 4067/5661/5661 4025/5600/5600
f 4067/5661/5661 4024/5599/5599 4060/5653/5653
f 4023/5598/5598 4060/5653/5653 4024/5599/5599
f 4060/5653/5653 4023/5598/5598 4061/5654/5654
f 4022/5597/5597 4061/5654/5654 4023/5598/5598
f 4061/5654/5654 4022/5597/5597 4062/5655/5655
f 4021/5596/5596 4062/5655/5655 4022/5597/5597
f 4062/5655/5655 4021/5596/5596 4063/5656/5656
f 4020/5595/5595 4063/5656/5656 4021/5596/5596
f 4063/5656/5656 4020/5595/5595 4064/5657/5657
f 4019/5594/5594 4064/5657/5657 4020/5595/5595
f 4064/5657/5657 4019/5594/5594 4065/5658/5658
f 4018/5592/5592 4065/5658/5658 4019/5594/5594
f 4041/5634/5634 4059/5652/5652 4040/5632/5632
f 4059/5652/5652 4041/5634/5634 4051/5644/5644
f 4034/5620/5620 4051/5644/5644 4041/5634/5634
f 4078/5686/5686 4076/5680/5680 4069/5665/5665
f 4068/5662/5662 4069/5665/5665 4076/5680/5680
f 4069/5665/5665 4071/5671/5671 4078/5686/5686
f 4079/5689/5689 4078/5686/5686 4071/5671/5671
f 4077/5683/5683 4079/5690/5690 4070/5668/5668
f 4071/5672/5672 4070/5668/5668 4079/5690/5690
f 4070/5668/5668 4068/5663/5663 4077/5683/5683
f 4076/5681/5681 4077/5683/5683 4068/5663/5663
f 4072/5674/5674 4073/5675/5675 4068/5664/5664
f 4069/5666/5666 4068/5664/5664 4073/5675/5675
f 4068/5664/5664 4070/5670/5670 4072/5674/5674
f 4075/5679/5679 4072/5674/5674 4070/5670/5670
f 4072/5674/5674 4085/5703/5703 4073/5675/5675
f 4086/5705/5705 4073/5675/5675 4085/5703/5703
f 4085/5703/5703 4072/5674/5674 4087/5709/5709
f 4075/5679/5679 4087/5709/5709 4072/5674/5674
f 4073/5676/5676 4074/5677/5677 4069/5667/5667
f 4071/5673/5673 4069/5667/5667 4074/5677/5677
f 4074/5677/5677 4075/5678/5678 4071/5673/5673
f 4070/5669/5669 4071/5673/5673 4075/5678/5678
f 4073/5676/5676 4086/5706/5706 4074/5677/5677
f 4084/5700/5700 4074/5677/5677 4086/5706/5706
f 4074/5677/5677 4084/5700/5700 4075/5678/5678
f 4087/5708/5708 4075/5678/5678 4084/5700/5700
f 4078/5687/5687 4081/5693/5693 4076/5682/5682
f 4080/5692/5692 4076/5682/5682 4081/5693/5693
f 4076/5682/5682 4080/5692/5692 4077/5685/5685
f 4083/5697/5697 4077/5685/5685 4080/5692/5692
f 4080/5692/5692 4081/5693/5693 4090/5718/5718
f 4088/5711/5711 4090/5718/5718 4081/5693/5693
f 4083/5697/5697 4080/5692/5692 4091/5721/5721
f 4090/5718/5718 4091/5721/5721 4080/5692/5692
f 4079/5691/5691 4082/5695/5695 4078/5688/5688
f 4081/5694/5694 4078/5688/5688 4082/5695/5695
f 4082/5695/5695 4079/5691/5691 4083/5696/5696
f 4077/5684/5684 4083/5696/5696 4079/5691/5691
f 4081/5694/5694 4082/5695/5695 4088/5712/5712
f 4089/5715/5715 4088/5712/5712 4082/5695/5695
f 4082/5695/5695 4083/5696/5696 4089/5715/5715
f 4091/5720/5720 4089/5715/5715 4083/5696/5696
f 4085/5701/5701 4090/5716/5716 4086/5704/5704
f 4088/5710/5710 4086/5704/5704 4090/5716/5716
f 4086/5704/5704 4088/5710/5710 4084/5698/5698
f 4089/5713/5713 4084/5698/5698 4088/5710/5710
f 4084/5699/5699 4089/5714/5714 4087/5707/5707
f 4091/5719/5719 4087/5707/5707 4089/5714/5714
f 4087/5707/5707 4091/5719/5719 4085/5702/5702
f 4090/5717/5717 4085/5702/5702 4091/5719/5719
f 4093/5726/5726 4103/5758/5758 4096/5738/5738
f 4092/5722/5722 4096/5738/5738 4103/5758/5758
f 4094/5730/5730 4093/5727/5727 4097/5742/5742
f 4096/5739/5739 4097/5742/5742 4093/5727/5727
f 4095/5734/5734 4094/5731/5731 4098/5746/5746
f 4097/5743/5743 4098/5746/5746 4094/5731/5731
f 4103/5759/5759 4095/5735/5735 4092/5723/5723
f 4098/5747/5747 4092/5723/5723 4095/5735/5735
f 4100/5752/5752 4099/5750/5750 4092/5724/5724
f 4096/5740/5740 4092/5724/5724 4099/5750/5750
f 4100/5752/5752 4112/5788/5788 4099/5750/5750
f 4108/5772/5772 4099/5750/5750 4112/5788/5788
f 4099/5751/5751 4101/5754/5754 4096/5741/5741
f 4097/5744/5744 4096/5741/5741 4101/5754/5754
f 4099/5751/5751 4108/5773/5773 4101/5754/5754
f 4110/5780/5780 4101/5754/5754 4108/5773/5773
f 4101/5755/5755 4102/5756/5756 4097/5745/5745
f 4098/5748/5748 4097/5745/5745 4102/5756/5756
f 4101/5755/5755 4110/5781/5781 4102/5756/5756
f 4111/5784/5784 4102/5756/5756 4110/5781/5781
f 4102/5757/5757 4100/5753/5753 4098/5749/5749
f 4092/5725/5725 4098/5749/5749 4100/5753/5753
f 4102/5757/5757 4111/5785/5785 4100/5753/5753
f 4112/5789/5789 4100/5753/5753 4111/5785/5785
f 4093/5728/5728 4105/5764/5764 4103/5760/5760
f 4104/5762/5762 4103/5760/5760 4105/5764/5764
f 4104/5762/5762 4105/5764/5764 4109/5776/5776
f 4113/5792/5792 4109/5776/5776 4105/5764/5764
f 4094/5732/5732 4106/5766/5766 4093/5729/5729
f 4105/5765/5765 4093/5729/5729 4106/5766/5766
f 4105/5765/5765 4106/5766/5766 4113/5793/5793
f 4114/5796/5796 4113/5793/5793 4106/5766/5766
f 4095/5736/5736 4107/5768/5768 4094/5733/5733
f 4106/5767/5767 4094/5733/5733 4107/5768/5768
f 4106/5767/5767 4107/5768/5768 4114/5797/5797
f 4115/5800/5800 4114/5797/5797 4107/5768/5768
f 4103/5761/5761 4104/5763/5763 4095/5737/5737
f 4107/5769/5769 4095/5737/5737 4104/5763/5763
f 4107/5769/5769 4104/5763/5763 4115/5801/5801
f 4109/5777/5777 4115/5801/5801 4104/5763/5763
f 4112/5786/5786 4109/5774/5774 4108/5770/5770
f 4113/5790/5790 4108/5770/5770 4109/5774/5774
f 4108/5771/5771 4113/5791/5791 4110/5778/5778
f 4114/5794/5794 4110/5778/5778 4113/5791/5791
f 4110/5779/5779 4114/5795/5795 4111/5782/5782
f 4115/5798/5798 4111/5782/5782 4114/5795/5795
f 4111/5783/5783 4115/5799/5799 4112/5787/5787
f 4109/5775/5775 4112/5787/5787 4115/5799/5799
f 4171/5877/5877 4170/5876/5876 4116/5802/5802
f 4117/5804/5804 4116/5802/5802 4170/5876/5876
f 4170/5876/5876 4169/5875/5875 4117/5804/5804
f 4118/5805/5805 4117/5804/5804 4169/5875/5875
f 4169/5875/5875 4168/5874/5874 4118/5805/5805
f 4119/5806/5806 4118/5805/5805 4168/5874/5874
f 4168/5874/5874 4167/5873/5873 4119/5806/5806
f 4120/5807/5807 4119/5806/5806 4167/5873/5873
f 4167/5873/5873 4166/5872/5872 4120/5807/5807
f 4121/5808/5808 4120/5807/5807 4166/5872/5872
f 4166/5872/5872 4173/5880/5880 4121/5808/5808
f 4122/5809/5809 4121/5808/5808 4173/5880/5880
f 4173/5880/5880 4172/5879/5879 4122/5809/5809
f 4123/5810/5810 4122/5809/5809 4172/5879/5879
f 4172/5879/5879 4171/5878/5878 4123/5810/5810
f 4116/5803/5803 4123/5810/5810 4171/5878/5878
f 4121/5808/5808 4122/5809/5809 4137/5831/5831
f 4137/5831/5831 4136/5829/5829 4121/5808/5808
f 4138/5833/5833 4137/5831/5831 4122/5809/5809
f 4122/5809/5809 4123/5810/5810 4138/5833/5833
f 4139/5835/5835 4138/5833/5833 4123/5810/5810
f 4123/5810/5810 4116/5803/5803 4139/5835/5835
f 4132/5821/5821 4139/5835/5835 4116/5803/5803
f 4136/5829/5829 4135/5827/5827 4120/5807/5807
f 4119/5806/5806 4120/5807/5807 4135/5827/5827
f 4135/5827/5827 4134/5825/5825 4119/5806/5806
f 4118/5805/5805 4119/5806/5806 4134/5825/5825
f 4134/5825/5825 4133/5823/5823 4118/5805/5805
f 4117/5804/5804 4118/5805/5805 4133/5823/5823
f 4133/5823/5823 4132/5820/5820 4117/5804/5804
f 4116/5802/5802 4117/5804/5804 4132/5820/5820
f 4149/5855/5855 4150/5856/5856 4148/5854/5854
f 4151/5857/5857 4150/5856/5856 4149/5855/5855
f 4152/5858/5858 4150/5856/5856 4151/5857/5857
f 4153/5859/5859 4150/5856/5856 4152/5858/5858
f 4154/5860/5860 4150/5856/5856 4153/5859/5859
f 4155/5861/5861 4150/5856/5856 4154/5860/5860
f 4156/5862/5862 4150/5856/5856 4155/5861/5861
f 4148/5854/5854 4150/5856/5856 4156/5862/5862
f 4149/5855/5855 4148/5854/5854 4133/5824/5824
f 4132/5822/5822 4133/5824/5824 4148/5854/5854
f 4148/5854/5854 4156/5862/5862 4132/5822/5822
f 4133/5824/5824 4134/5826/5826 4149/5855/5855
f 4151/5857/5857 4149/5855/5855 4134/5826/5826
f 4134/5826/5826 4135/5828/5828 4151/5857/5857
f 4152/5858/5858 4151/5857/5857 4135/5828/5828
f 4135/5828/5828 4136/5830/5830 4152/5858/5858
f 4153/5859/5859 4152/5858/5858 4136/5830/5830
f 4136/5830/5830 4137/5832/5832 4153/5859/5859
f 4154/5860/5860 4153/5859/5859 4137/5832/5832
f 4137/5832/5832 4138/5834/5834 4154/5860/5860
f 4155/5861/5861 4154/5860/5860 4138/5834/5834
f 4138/5834/5834 4139/5836/5836 4155/5861/5861
f 4156/5862/5862 4155/5861/5861 4139/5836/5836
f 4139/5836/5836 4132/5822/5822 4156/5862/5862
f 4157/5863/5863 4159/5865/5865 4158/5864/5864
f 4158/5864/5864 4159/5865/5865 4160/5866/5866
f 4160/5866/5866 4159/5865/5865 4161/5867/5867
f 4161/5867/5867 4159/5865/5865 4162/5868/5868
f 4162/5868/5868 4159/5865/5865 4163/5869/5869
f 4163/5869/5869 4159/5865/5865 4164/5870/5870
f 4164/5870/5870 4159/5865/5865 4165/5871/5871
f 4165/5871/5871 4159/5865/5865 4157/5863/5863
f 4160/5866/5866 4161/5867/5867 4142/5843/5843
f 4142/5843/5843 4141/5841/5841 4160/5866/5866
f 4158/5864/5864 4160/5866/5866 4141/5841/5841
f 4141/5841/5841 4140/5839/5839 4158/5864/5864
f 4157/5863/5863 4158/5864/5864 4140/5839/5839
f 4163/5869/5869 4164/5870/5870 4145/5849/5849
f 4145/5849/5849 4144/5847/5847 4163/5869/5869
f 4162/5868/5868 4163/5869/5869 4144/5847/5847
f 4144/5847/5847 4143/5845/5845 4162/5868/5868
f 4161/5867/5867 4162/5868/5868 4143/5845/5845
f 4143/5845/5845 4142/5843/5843 4161/5867/5867
f 4146/5851/5851 4145/5849/5849 4164/5870/5870
f 4164/5870/5870 4165/5871/5871 4146/5851/5851
f 4147/5853/5853 4146/5851/5851 4165/5871/5871
f 4165/5871/5871 4157/5863/5863 4147/5853/5853
f 4140/5839/5839 4147/5853/5853 4157/5863/5863
f 4120/5807/5807 4121/5808/5808 4136/5829/5829
f 4140/5837/5837 4141/5840/5840 4124/5811/5811
f 4125/5813/5813 4124/5811/5811 4141/5840/5840
f 4141/5840/5840 4142/5842/5842 4125/5813/5813
f 4126/5814/5814 4125/5813/5813 4142/5842/5842
f 4142/5842/5842 4143/5844/5844 4126/5814/5814
f 4127/5815/5815 4126/5814/5814 4143/5844/5844
f 4143/5844/5844 4144/5846/5846 4127/5815/5815
f 4128/5816/5816 4127/5815/5815 4144/5846/5846
f 4144/5846/5846 4145/5848/5848 4128/5816/5816
f 4129/5817/5817 4128/5816/5816 4145/5848/5848
f 4145/5848/5848 4146/5850/5850 4129/5817/5817
f 4130/5818/5818 4129/5817/5817 4146/5850/5850
f 4146/5850/5850 4147/5852/5852 4130/5818/5818
f 4131/5819/5819 4130/5818/5818 4147/5852/5852
f 4147/5852/5852 4140/5838/5838 4131/5819/5819
f 4124/5812/5812 4131/5819/5819 4140/5838/5838
f 4131/5819/5819 4124/5812/5812 4172/5879/5879
f 4171/5878/5878 4172/5879/5879 4124/5812/5812
f 4130/5818/5818 4131/5819/5819 4173/5880/5880
f 4172/5879/5879 4173/5880/5880 4131/5819/5819
f 4173/5880/5880 4166/5872/5872 4130/5818/5818
f 4166/5872/5872 4167/5873/5873 4129/5817/5817
f 4128/5816/5816 4129/5817/5817 4167/5873/5873
f 4167/5873/5873 4168/5874/5874 4128/5816/5816
f 4127/5815/5815 4128/5816/5816 4168/5874/5874
f 4168/5874/5874 4169/5875/5875 4127/5815/5815
f 4126/5814/5814 4127/5815/5815 4169/5875/5875
f 4169/5875/5875 4170/5876/5876 4126/5814/5814
f 4125/5813/5813 4126/5814/5814 4170/5876/5876
f 4170/5876/5876 4171/5877/5877 4125/5813/5813
f 4124/5811/5811 4125/5813/5813 4171/5877/5877
f 4129/5817/5817 4130/5818/5818 4166/5872/5872
f 4176/5884/5884 4205/5914/5914 4196/5905/5905
f 4204/5913/5913 4196/5905/5905 4205/5914/5914
f 4196/5905/5905 4204/5913/5913 4199/5908/5908
f 4201/5910/5910 4199/5908/5908 4204/5913/5913
f 4201/5910/5910 4200/5909/5909 4199/5908/5908
f 4175/5883/5883 4199/5908/5908 4200/5909/5909
f 4176/5884/5884 4196/5905/5905 4264/5988/5988
f 4265/5990/5990 4264/5988/5988 4196/5905/5905
f 4175/5883/5883 4257/5980/5980 4199/5908/5908
f 4257/5980/5980 4175/5883/5883 4258/5981/5981
f 4259/5982/5982 4258/5981/5981 4175/5883/5883
f 4258/5981/5981 4256/5979/5979 4257/5980/5980
f 4255/5978/5978 4257/5980/5980 4256/5979/5979
f 4256/5979/5979 4246/5963/5963 4255/5978/5978
f 4240/5955/5955 4255/5978/5978 4246/5963/5963
f 4240/5955/5955 4246/5963/5963 4244/5961/5961
f 4245/5962/5962 4244/5961/5961 4246/5963/5963
f 4244/5961/5961 4245/5962/5962 4241/5957/5957
f 4243/5960/5960 4241/5957/5957 4245/5962/5962
f 4243/5960/5960 4245/5962/5962 4220/5933/5933
f 4223/5937/5937 4220/5933/5933 4245/5962/5962
f 4245/5962/5962 4246/5963/5963 4223/5937/5937
f 4223/5937/5937 4224/5938/5938 4220/5933/5933
f 4224/5938/5938 4223/5937/5937 4225/5939/5939
f 4209/5918/5918 4225/5939/5939 4223/5937/5937
f 4222/5936/5936 4220/5933/5933 4224/5938/5938
f 4222/5936/5936 4224/5938/5938 4212/5922/5922
f 4216/5928/5928 4212/5922/5922 4224/5938/5938
f 4224/5938/5938 4225/5939/5939 4216/5928/5928
f 4216/5928/5928 4218/5930/5930 4212/5922/5922
f 4218/5930/5930 4216/5928/5928 4219/5931/5931
f 4211/5920/5920 4219/5931/5931 4216/5928/5928
f 4211/5920/5920 4216/5928/5928 4225/5939/5939
f 4215/5927/5927 4212/5922/5922 4218/5930/5930
f 4215/5927/5927 4218/5930/5930 4213/5924/5924
f 4217/5929/5929 4213/5924/5924 4218/5930/5930
f 4218/5930/5930 4219/5931/5931 4217/5929/5929
f 4210/5919/5919 4217/5929/5929 4219/5931/5931
f 4211/5920/5920 4228/5942/5942 4219/5931/5931
f 4229/5943/5943 4219/5931/5931 4228/5942/5942
f 4210/5919/5919 4219/5931/5931 4227/5941/5941
f 4229/5943/5943 4227/5941/5941 4219/5931/5931
f 4228/5942/5942 4231/5945/5945 4229/5943/5943
f 4232/5946/5946 4229/5943/5943 4231/5945/5945
f 4231/5945/5945 4226/5940/5940 4232/5946/5946
f 4233/5947/5947 4232/5946/5946 4226/5940/5940
f 4227/5941/5941 4229/5943/5943 4230/5944/5944
f 4232/5946/5946 4230/5944/5944 4229/5943/5943
f 4232/5946/5946 4233/5947/5947 4230/5944/5944
f 4206/5915/5915 4230/5944/5944 4233/5947/5947
f 4226/5940/5940 4231/5945/5945 4238/5952/5952
f 4237/5951/5951 4238/5952/5952 4231/5945/5945
f 4237/5951/5951 4236/5950/5950 4238/5952/5952
f 4208/5917/5917 4238/5952/5952 4236/5950/5950
f 4236/5950/5950 4237/5951/5951 4234/5948/5948
f 4235/5949/5949 4234/5948/5948 4237/5951/5951
f 4234/5948/5948 4235/5949/5949 4209/5918/5918
f 4225/5939/5939 4209/5918/5918 4235/5949/5949
f 4225/5939/5939 4235/5949/5949 4211/5920/5920
f 4228/5942/5942 4211/5920/5920 4235/5949/5949
f 4235/5949/5949 4237/5951/5951 4228/5942/5942
f 4231/5945/5945 4228/5942/5942 4237/5951/5951
f 4209/5918/5918 4246/5963/5963 4234/5948/5948
f 4209/5918/5918 4223/5937/5937 4246/5963/5963
f 4256/5979/5979 4234/5948/5948 4246/5963/5963
f 4234/5948/5948 4256/5979/5979 4236/5950/5950
f 4258/5981/5981 4236/5950/5950 4256/5979/5979
f 4258/5981/5981 4259/5982/5982 4236/5950/5950
f 4208/5917/5917 4236/5950/5950 4259/5982/5982
f 4259/5982/5982 4393/6127/6127 4208/5917/5917
f 4393/6127/6127 4259/5982/5982 4392/6126/6126
f 4175/5883/5883 4392/6126/6126 4259/5982/5982
f 4392/6126/6126 4175/5883/5883 4324/6055/6055
f 4200/5909/5909 4324/6055/6055 4175/5883/5883
f 4200/5909/5909 4197/5906/5906 4324/6055/6055
f 4323/6054/6054 4324/6055/6055 4197/5906/5906
f 4197/5906/5906 4198/5907/5907 4323/6054/6054
f 4322/6053/6053 4323/6054/6054 4198/5907/5907
f 4198/5907/5907 4190/5899/5899 4322/6053/6053
f 4320/6051/6051 4322/6053/6053 4190/5899/5899
f 4190/5899/5899 4193/5902/5902 4320/6051/6051
f 4319/6050/6050 4320/6051/6051 4193/5902/5902
f 4193/5902/5902 4192/5901/5901 4319/6050/6050
f 4318/6049/6049 4319/6050/6050 4192/5901/5901
f 4192/5901/5901 4178/5887/5887 4318/6049/6049
f 4314/6045/6045 4318/6049/6049 4178/5887/5887
f 4178/5887/5887 4187/5896/5896 4314/6045/6045
f 4313/6044/6044 4314/6045/6045 4187/5896/5896
f 4187/5896/5896 4186/5895/5895 4313/6044/6044
f 4312/6043/6043 4313/6044/6044 4186/5895/5895
f 4186/5895/5895 4180/5889/5889 4312/6043/6043
f 4309/6039/6039 4312/6043/6043 4180/5889/5889
f 4180/5889/5889 4183/5892/5892 4309/6039/6039
f 4308/6038/6038 4309/6039/6039 4183/5892/5892
f 4183/5892/5892 4182/5891/5891 4308/6038/6038
f 4307/6037/6037 4308/6038/6038 4182/5891/5891
f 4182/5891/5891 4174/5881/5881 4307/6037/6037
f 4306/6035/6035 4307/6037/6037 4174/5881/5881
f 4182/5891/5891 4352/6085/6085 4174/5881/5881
f 4354/6087/6087 4174/5881/5881 4352/6085/6085
f 4354/6087/6087 4352/6085/6085 4301/6030/6030
f 4353/6086/6086 4301/6030/6030 4352/6085/6085
f 4352/6085/6085 4182/5891/5891 4351/6084/6084
f 4183/5892/5892 4351/6084/6084 4182/5891/5891
f 4351/6084/6084 4183/5892/5892 4350/6083/6083
f 4351/6084/6084 4350/6083/6083 4349/6082/6082
f 4348/6081/6081 4349/6082/6082 4350/6083/6083
f 4349/6082/6082 4348/6081/6081 4185/5894/5894
f 4349/6082/6082 4185/5894/5894 4353/6086/6086
f 4181/5890/5890 4185/5894/5894 4348/6081/6081
f 4185/5894/5894 4181/5890/5890 4305/6034/6034
f 4304/6033/6033 4305/6034/6034 4181/5890/5890
f 4305/6034/6034 4310/6040/6040 4185/5894/5894
f 4184/5893/5893 4185/5894/5894 4310/6040/6040
f 4310/6040/6040 4311/6041/6041 4184/5893/5893
f 4177/5886/5886 4184/5893/5893 4311/6041/6041
f 4181/5890/5890 4188/5897/5897 4304/6033/6033
f 4315/6046/6046 4304/6033/6033 4188/5897/5897
f 4188/5897/5897 4189/5898/5898 4315/6046/6046
f 4303/6032/6032 4315/6046/6046 4189/5898/5898
f 4189/5898/5898 4179/5888/5888 4303/6032/6032
f 4302/6031/6031 4303/6032/6032 4179/5888/5888
f 4179/5888/5888 4194/5903/5903 4302/6031/6031
f 4321/6052/6052 4302/6031/6031 4194/5903/5903
f 4194/5903/5903 4195/5904/5904 4321/6052/6052
f 4317/6048/6048 4321/6052/6052 4195/5904/5904
f 4195/5904/5904 4191/5900/5900 4317/6048/6048
f 4316/6047/6047 4317/6048/6048 4191/5900/5900
f 4191/5900/5900 4203/5912/5912 4316/6047/6047
f 4326/6057/6057 4316/6047/6047 4203/5912/5912
f 4203/5912/5912 4202/5911/5911 4326/6057/6057
f 4325/6056/6056 4326/6057/6057 4202/5911/5911
f 4202/5911/5911 4205/5914/5914 4325/6056/6056
f 4327/6058/6058 4325/6056/6056 4205/5914/5914
f 4203/5912/5912 4367/6101/6101 4202/5911/5911
f 4366/6100/6100 4202/5911/5911 4367/6101/6101
f 4202/5911/5911 4366/6100/6100 4205/5914/5914
f 4366/6100/6100 4367/6101/6101 4365/6099/6099
f 4368/6102/6102 4365/6099/6099 4367/6101/6101
f 4368/6102/6102 4198/5907/5907 4365/6099/6099
f 4197/5906/5906 4365/6099/6099 4198/5907/5907
f 4198/5907/5907 4368/6102/6102 4190/5899/5899
f 4361/6095/6095 4190/5899/5899 4368/6102/6102
f 4368/6102/6102 4367/6101/6101 4361/6095/6095
f 4190/5899/5899 4361/6095/6095 4193/5902/5902
f 4362/6096/6096 4193/5902/5902 4361/6095/6095
f 4362/6096/6096 4361/6095/6095 4360/6094/6094
f 4359/6093/6093 4360/6094/6094 4361/6095/6095
f 4360/6094/6094 4359/6093/6093 4195/5904/5904
f 4191/5900/5900 4195/5904/5904 4359/6093/6093
f 4193/5902/5902 4362/6096/6096 4192/5901/5901
f 4363/6097/6097 4192/5901/5901 4362/6096/6096
f 4362/6096/6096 4360/6094/6094 4363/6097/6097
f 4192/5901/5901 4363/6097/6097 4178/5887/5887
f 4355/6089/6089 4178/5887/5887 4363/6097/6097
f 4178/5887/5887 4355/6089/6089 4187/5896/5896
f 4356/6090/6090 4187/5896/5896 4355/6089/6089
f 4356/6090/6090 4355/6089/6089 4347/6080/6080
f 4346/6079/6079 4347/6080/6080 4355/6089/6089
f 4355/6089/6089 4363/6097/6097 4346/6079/6079
f 4347/6080/6080 4346/6079/6079 4189/5898/5898
f 4179/5888/5888 4189/5898/5898 4346/6079/6079
f 4187/5896/5896 4356/6090/6090 4186/5895/5895
f 4357/6091/6091 4186/5895/5895 4356/6090/6090
f 4356/6090/6090 4347/6080/6080 4357/6091/6091
f 4186/5895/5895 4357/6091/6091 4180/5889/5889
f 4350/6083/6083 4180/5889/5889 4357/6091/6091
f 4180/5889/5889 4350/6083/6083 4183/5892/5892
f 4350/6083/6083 4357/6091/6091 4348/6081/6081
f 4358/6092/6092 4348/6081/6081 4357/6091/6091
f 4358/6092/6092 4357/6091/6091 4347/6080/6080
f 4358/6092/6092 4188/5897/5897 4348/6081/6081
f 4181/5890/5890 4348/6081/6081 4188/5897/5897
f 4188/5897/5897 4358/6092/6092 4189/5898/5898
f 4347/6080/6080 4189/5898/5898 4358/6092/6092
f 4627/6392/6392 4212/5921/5921 4214/5925/5925
f 4215/5926/5926 4214/5925/5925 4212/5921/5921
f 4214/5925/5925 4215/5926/5926 4628/6393/6393
f 4213/5923/5923 4628/6393/6393 4215/5926/5926
f 4212/5921/5921 4627/6392/6392 4222/5935/5935
f 4221/5934/5934 4222/5935/5935 4627/6392/6392
f 4222/5935/5935 4221/5934/5934 4220/5932/5932
f 4207/5916/5916 4220/5932/5932 4221/5934/5934
f 4220/5932/5932 4207/5916/5916 4243/5959/5959
f 4242/5958/5958 4243/5959/5959 4207/5916/5916
f 4243/5959/5959 4242/5958/5958 4241/5956/5956
f 4629/6394/6394 4241/5956/5956 4242/5958/5958
f 4241/5956/5956 4629/6394/6394 4248/5968/5968
f 4634/6402/6402 4248/5968/5968 4629/6394/6394
f 4248/5968/5968 4634/6402/6402 4249/5970/5970
f 4632/6399/6399 4249/5970/5970 4634/6402/6402
f 4249/5970/5970 4632/6399/6399 4247/5964/5964
f 4633/6400/6400 4247/5964/5964 4632/6399/6399
f 4633/6400/6400 4632/6399/6399 4616/6373/6373
f 4617/6376/6376 4616/6373/6373 4632/6399/6399
f 4632/6399/6399 4634/6402/6402 4617/6376/6376
f 4618/6378/6378 4617/6376/6376 4634/6402/6402
f 4634/6402/6402 4629/6394/6394 4618/6378/6378
f 4630/6396/6396 4618/6378/6378 4629/6394/6394
f 4629/6394/6394 4242/5958/5958 4630/6396/6396
f 4631/6398/6398 4630/6396/6396 4242/5958/5958
f 4242/5958/5958 4207/5916/5916 4631/6398/6398
f 4614/6369/6369 4631/6398/6398 4207/5916/5916
f 4207/5916/5916 4221/5934/5934 4614/6369/6369
f 4615/6371/6371 4614/6369/6369 4221/5934/5934
f 4221/5934/5934 4627/6392/6392 4615/6371/6371
f 4611/6363/6363 4615/6371/6371 4627/6392/6392
f 4627/6392/6392 4214/5925/5925 4611/6363/6363
f 4612/6365/6365 4611/6363/6363 4214/5925/5925
f 4214/5925/5925 4628/6393/6393 4612/6365/6365
f 4613/6367/6367 4612/6365/6365 4628/6393/6393
f 4613/6367/6367 4628/6393/6393 4619/6380/6380
f 4635/6403/6403 4619/6380/6380 4628/6393/6393
f 4635/6403/6403 4628/6393/6393 4436/6172/6172
f 4436/6172/6172 4435/6170/6170 4635/6403/6403
f 4433/6168/6168 4635/6403/6403 4435/6170/6170
f 4213/5923/5923 4436/6172/6172 4628/6393/6393
f 4435/6170/6170 4441/6179/6179 4433/6168/6168
f 4636/6404/6404 4433/6168/6168 4441/6179/6179
f 4441/6179/6179 4440/6177/6177 4636/6404/6404
f 4430/6165/6165 4636/6404/6404 4440/6177/6177
f 4440/6177/6177 4458/6198/6198 4430/6165/6165
f 4637/6405/6405 4430/6165/6165 4458/6198/6198
f 4458/6198/6198 4457/6196/6196 4637/6405/6405
f 4640/6410/6410 4637/6405/6405 4457/6196/6196
f 4457/6196/6196 4463/6204/6204 4640/6410/6410
f 4462/6203/6203 4640/6410/6410 4463/6204/6204
f 4463/6204/6204 4464/6206/6206 4462/6203/6203
f 4641/6411/6411 4462/6203/6203 4464/6206/6206
f 4464/6206/6206 4247/5966/5966 4641/6411/6411
f 4633/6401/6401 4641/6411/6411 4247/5966/5966
f 4633/6401/6401 4616/6374/6374 4641/6411/6411
f 4642/6413/6413 4641/6411/6411 4616/6374/6374
f 4641/6411/6411 4642/6413/6413 4462/6203/6203
f 4643/6415/6415 4462/6203/6203 4642/6413/6413
f 4462/6203/6203 4643/6415/6415 4640/6410/6410
f 4639/6409/6409 4640/6410/6410 4643/6415/6415
f 4640/6410/6410 4639/6409/6409 4637/6405/6405
f 4638/6407/6407 4637/6405/6405 4639/6409/6409
f 4637/6405/6405 4638/6407/6407 4430/6165/6165
f 4622/6386/6386 4430/6165/6165 4638/6407/6407
f 4430/6165/6165 4622/6386/6386 4636/6404/6404
f 4621/6384/6384 4636/6404/6404 4622/6386/6386
f 4636/6404/6404 4621/6384/6384 4433/6168/6168
f 4620/6382/6382 4433/6168/6168 4621/6384/6384
f 4433/6168/6168 4620/6382/6382 4635/6403/6403
f 4619/6380/6380 4635/6403/6403 4620/6382/6382
f 4239/5953/5953 4254/5977/5977 4252/5974/5974
f 4253/5976/5976 4252/5974/5974 4254/5977/5977
f 4252/5974/5974 4253/5976/5976 4247/5965/5965
f 4249/5971/5971 4247/5965/5965 4253/5976/5976
f 4249/5971/5971 4253/5976/5976 4248/5969/5969
f 4251/5973/5973 4248/5969/5969 4253/5976/5976
f 4253/5976/5976 4254/5977/5977 4251/5973/5973
f 4251/5973/5973 4244/5961/5961 4248/5969/5969
f 4251/5973/5973 4250/5972/5972 4244/5961/5961
f 4240/5955/5955 4244/5961/5961 4250/5972/5972
f 4241/5957/5957 4248/5969/5969 4244/5961/5961
f 4250/5972/5972 4251/5973/5973 4254/5977/5977
f 4250/5972/5972 4261/5985/5985 4240/5955/5955
f 4255/5978/5978 4240/5955/5955 4261/5985/5985
f 4261/5985/5985 4250/5972/5972 4262/5986/5986
f 4254/5977/5977 4262/5986/5986 4250/5972/5972
f 4254/5977/5977 4239/5953/5953 4262/5986/5986
f 4260/5983/5983 4262/5986/5986 4239/5953/5953
f 4255/5978/5978 4261/5985/5985 4257/5980/5980
f 4263/5987/5987 4257/5980/5980 4261/5985/5985
f 4263/5987/5987 4199/5908/5908 4257/5980/5980
f 4263/5987/5987 4261/5985/5985 4265/5990/5990
f 4262/5986/5986 4265/5990/5990 4261/5985/5985
f 4262/5986/5986 4260/5983/5983 4265/5990/5990
f 4199/5908/5908 4263/5987/5987 4196/5905/5905
f 4265/5990/5990 4196/5905/5905 4263/5987/5987
f 4610/6360/6360 4265/5990/5990 4260/5983/5983
f 4264/5988/5988 4265/5990/5990 4610/6360/6360
f 4264/5988/5988 4275/6002/6002 4398/6132/6132
f 4269/5995/5995 4398/6132/6132 4275/6002/6002
f 4264/5988/5988 4398/6132/6132 4176/5884/5884
f 4176/5884/5884 4398/6132/6132 4205/5914/5914
f 4327/6058/6058 4205/5914/5914 4398/6132/6132
f 4398/6132/6132 4332/6065/6065 4327/6058/6058
f 4269/5995/5995 4332/6065/6065 4398/6132/6132
f 4331/6063/6063 4327/6058/6058 4332/6065/6065
f 4204/5913/5913 4205/5914/5914 4366/6100/6100
f 4366/6100/6100 4365/6099/6099 4204/5913/5913
f 4201/5910/5910 4204/5913/5913 4365/6099/6099
f 4365/6099/6099 4197/5906/5906 4201/5910/5910
f 4200/5909/5909 4201/5910/5910 4197/5906/5906
f 4268/5993/5993 4282/6010/6010 4280/6008/6008
f 4281/6009/6009 4280/6008/6008 4282/6010/6010
f 4280/6008/6008 4281/6009/6009 4278/6006/6006
f 4279/6007/6007 4278/6006/6006 4281/6009/6009
f 4279/6007/6007 4238/5952/5952 4278/6006/6006
f 4208/5917/5917 4278/6006/6006 4238/5952/5952
f 4238/5952/5952 4279/6007/6007 4226/5940/5940
f 4271/5997/5997 4226/5940/5940 4279/6007/6007
f 4279/6007/6007 4281/6009/6009 4271/5997/5997
f 4226/5940/5940 4271/5997/5997 4233/5947/5947
f 4273/5999/5999 4233/5947/5947 4271/5997/5997
f 4233/5947/5947 4273/5999/5999 4206/5915/5915
f 4272/5998/5998 4206/5915/5915 4273/5999/5999
f 4273/5999/5999 4271/5997/5997 4276/6004/6004
f 4273/5999/5999 4276/6004/6004 4272/5998/5998
f 4274/6000/6000 4276/6004/6004 4271/5997/5997
f 4276/6004/6004 4274/6000/6000 4277/6005/6005
f 4270/5996/5996 4277/6005/6005 4274/6000/6000
f 4275/6001/6001 4272/5998/5998 4276/6004/6004
f 4276/6004/6004 4277/6005/6005 4275/6001/6001
f 4269/5994/5994 4275/6001/6001 4277/6005/6005
f 4270/5996/5996 4274/6000/6000 4282/6010/6010
f 4281/6009/6009 4282/6010/6010 4274/6000/6000
f 4274/6000/6000 4271/5997/5997 4281/6009/6009
f 4270/5996/5996 4284/6012/6012 4277/6005/6005
f 4285/6013/6013 4277/6005/6005 4284/6012/6012
f 4284/6012/6012 4270/5996/5996 4288/6016/6016
f 4282/6010/6010 4288/6016/6016 4270/5996/5996
f 4282/6010/6010 4268/5993/5993 4288/6016/6016
f 4287/6015/6015 4288/6016/6016 4268/5993/5993
f 4284/6012/6012 4375/6109/6109 4285/6013/6013
f 4374/6108/6108 4285/6013/6013 4375/6109/6109
f 4375/6109/6109 4372/6106/6106 4374/6108/6108
f 4373/6107/6107 4374/6108/6108 4372/6106/6106
f 4374/6108/6108 4373/6107/6107 4286/6014/6014
f 4374/6108/6108 4286/6014/6014 4285/6013/6013
f 4283/6011/6011 4285/6013/6013 4286/6014/6014
f 4285/6013/6013 4283/6011/6011 4277/6005/6005
f 4269/5994/5994 4277/6005/6005 4283/6011/6011
f 4283/6011/6011 4286/6014/6014 4332/6064/6064
f 4269/5994/5994 4283/6011/6011 4332/6064/6064
f 4331/6062/6062 4332/6064/6064 4286/6014/6014
f 4286/6014/6014 4267/5992/5992 4331/6062/6062
f 4333/6066/6066 4331/6062/6062 4267/5992/5992
f 4267/5992/5992 4292/6020/6020 4333/6066/6066
f 4337/6070/6070 4333/6066/6066 4292/6020/6020
f 4292/6020/6020 4293/6021/6021 4337/6070/6070
f 4338/6071/6071 4337/6070/6070 4293/6021/6021
f 4293/6021/6021 4291/6019/6019 4338/6071/6071
f 4339/6072/6072 4338/6071/6071 4291/6019/6019
f 4291/6019/6019 4298/6026/6026 4339/6072/6072
f 4343/6076/6076 4339/6072/6072 4298/6026/6026
f 4298/6026/6026 4297/6025/6025 4343/6076/6076
f 4344/6077/6077 4343/6076/6076 4297/6025/6025
f 4297/6025/6025 4623/6387/6387 4344/6077/6077
f 4345/6078/6078 4344/6077/6077 4623/6387/6387
f 4291/6019/6019 4379/6113/6113 4298/6026/6026
f 4291/6019/6019 4293/6021/6021 4379/6113/6113
f 4380/6114/6114 4379/6113/6113 4293/6021/6021
f 4379/6113/6113 4380/6114/6114 4378/6112/6112
f 4381/6115/6115 4378/6112/6112 4380/6114/6114
f 4380/6114/6114 4383/6117/6117 4381/6115/6115
f 4380/6114/6114 4293/6021/6021 4383/6117/6117
f 4382/6116/6116 4381/6115/6115 4383/6117/6117
f 4383/6117/6117 4373/6107/6107 4382/6116/6116
f 4372/6106/6106 4382/6116/6116 4373/6107/6107
f 4383/6117/6117 4292/6020/6020 4373/6107/6107
f 4267/5992/5992 4373/6107/6107 4292/6020/6020
f 4267/5992/5992 4286/6014/6014 4373/6107/6107
f 4292/6020/6020 4383/6117/6117 4293/6021/6021
f 4382/6116/6116 4372/6106/6106 4384/6118/6118
f 4370/6104/6104 4384/6118/6118 4372/6106/6106
f 4372/6106/6106 4375/6109/6109 4370/6104/6104
f 4371/6105/6105 4370/6104/6104 4375/6109/6109
f 4371/6105/6105 4289/6017/6017 4370/6104/6104
f 4266/5991/5991 4370/6104/6104 4289/6017/6017
f 4370/6104/6104 4266/5991/5991 4384/6118/6118
f 4266/5991/5991 4289/6017/6017 4330/6061/6061
f 4329/6060/6060 4330/6061/6061 4289/6017/6017
f 4289/6017/6017 4287/6015/6015 4329/6060/6060
f 4289/6017/6017 4371/6105/6105 4287/6015/6015
f 4334/6067/6067 4329/6060/6060 4287/6015/6015
f 4330/6061/6061 4340/6073/6073 4266/5991/5991
f 4294/6022/6022 4266/5991/5991 4340/6073/6073
f 4340/6073/6073 4335/6068/6068 4294/6022/6022
f 4295/6023/6023 4294/6022/6022 4335/6068/6068
f 4335/6068/6068 4336/6069/6069 4295/6023/6023
f 4290/6018/6018 4295/6023/6023 4336/6069/6069
f 4336/6069/6069 4341/6074/6074 4290/6018/6018
f 4299/6027/6027 4290/6018/6018 4341/6074/6074
f 4341/6074/6074 4342/6075/6075 4299/6027/6027
f 4296/6024/6024 4299/6027/6027 4342/6075/6075
f 4342/6075/6075 4328/6059/6059 4296/6024/6024
f 4300/6028/6028 4296/6024/6024 4328/6059/6059
f 4328/6059/6059 4306/6036/6036 4300/6028/6028
f 4174/5882/5882 4300/6028/6028 4306/6036/6036
f 4174/5882/5882 4354/6088/6088 4300/6028/6028
f 4369/6103/6103 4300/6028/6028 4354/6088/6088
f 4300/6028/6028 4369/6103/6103 4296/6024/6024
f 4385/6119/6119 4296/6024/6024 4369/6103/6103
f 4296/6024/6024 4385/6119/6119 4299/6027/6027
f 4386/6120/6120 4299/6027/6027 4385/6119/6119
f 4299/6027/6027 4386/6120/6120 4290/6018/6018
f 4376/6110/6110 4290/6018/6018 4386/6120/6120
f 4290/6018/6018 4376/6110/6110 4295/6023/6023
f 4377/6111/6111 4295/6023/6023 4376/6110/6110
f 4295/6023/6023 4377/6111/6111 4294/6022/6022
f 4384/6118/6118 4294/6022/6022 4377/6111/6111
f 4294/6022/6022 4384/6118/6118 4266/5991/5991
f 4384/6118/6118 4377/6111/6111 4382/6116/6116
f 4381/6115/6115 4382/6116/6116 4377/6111/6111
f 4377/6111/6111 4376/6110/6110 4381/6115/6115
f 4378/6112/6112 4381/6115/6115 4376/6110/6110
f 4378/6112/6112 4390/6124/6124 4379/6113/6113
f 4389/6123/6123 4379/6113/6113 4390/6124/6124
f 4390/6124/6124 4387/6121/6121 4389/6123/6123
f 4388/6122/6122 4389/6123/6123 4387/6121/6121
f 4389/6123/6123 4298/6026/6026 4379/6113/6113
f 4389/6123/6123 4388/6122/6122 4298/6026/6026
f 4297/6025/6025 4298/6026/6026 4388/6122/6122
f 4390/6124/6124 4378/6112/6112 4386/6120/6120
f 4376/6110/6110 4386/6120/6120 4378/6112/6112
f 4387/6121/6121 4391/6125/6125 4388/6122/6122
f 4624/6388/6388 4388/6122/6122 4391/6125/6125
f 4624/6388/6388 4391/6125/6125 4301/6029/6029
f 4624/6388/6388 4301/6029/6029 4623/6387/6387
f 4177/5885/5885 4623/6387/6387 4301/6029/6029
f 4624/6388/6388 4623/6387/6387 4388/6122/6122
f 4297/6025/6025 4388/6122/6122 4623/6387/6387
f 4301/6029/6029 4391/6125/6125 4354/6088/6088
f 4369/6103/6103 4354/6088/6088 4391/6125/6125
f 4177/5885/5885 4311/6042/6042 4623/6387/6387
f 4345/6078/6078 4623/6387/6387 4311/6042/6042
f 4391/6125/6125 4387/6121/6121 4369/6103/6103
f 4385/6119/6119 4369/6103/6103 4387/6121/6121
f 4387/6121/6121 4390/6124/6124 4385/6119/6119
f 4386/6120/6120 4385/6119/6119 4390/6124/6124
f 4353/6086/6086 4352/6085/6085 4349/6082/6082
f 4351/6084/6084 4349/6082/6082 4352/6085/6085
f 4353/6086/6086 4184/5893/5893 4301/6030/6030
f 4177/5886/5886 4301/6030/6030 4184/5893/5893
f 4184/5893/5893 4353/6086/6086 4185/5894/5894
f 4364/6098/6098 4346/6079/6079 4363/6097/6097
f 4364/6098/6098 4363/6097/6097 4360/6094/6094
f 4364/6098/6098 4194/5903/5903 4346/6079/6079
f 4179/5888/5888 4346/6079/6079 4194/5903/5903
f 4194/5903/5903 4364/6098/6098 4195/5904/5904
f 4360/6094/6094 4195/5904/5904 4364/6098/6098
f 4359/6093/6093 4361/6095/6095 4367/6101/6101
f 4367/6101/6101 4203/5912/5912 4359/6093/6093
f 4191/5900/5900 4359/6093/6093 4203/5912/5912
f 4288/6016/6016 4287/6015/6015 4371/6105/6105
f 4288/6016/6016 4371/6105/6105 4284/6012/6012
f 4375/6109/6109 4284/6012/6012 4371/6105/6105
f 4268/5993/5993 4396/6130/6130 4287/6015/6015
f 4396/6130/6130 4268/5993/5993 4395/6129/6129
f 4280/6008/6008 4395/6129/6129 4268/5993/5993
f 4395/6129/6129 4280/6008/6008 4397/6131/6131
f 4278/6006/6006 4397/6131/6131 4280/6008/6008
f 4397/6131/6131 4278/6006/6006 4394/6128/6128
f 4208/5917/5917 4394/6128/6128 4278/6006/6006
f 4394/6128/6128 4208/5917/5917 4393/6127/6127
f 4334/6067/6067 4287/6015/6015 4396/6130/6130
f 4428/6163/6163 4429/6164/6164 4420/6155/6155
f 4401/6136/6136 4420/6155/6155 4429/6164/6164
f 4420/6155/6155 4423/6158/6158 4428/6163/6163
f 4425/6160/6160 4428/6163/6163 4423/6158/6158
f 4425/6160/6160 4423/6158/6158 4424/6159/6159
f 4400/6135/6135 4424/6159/6159 4423/6158/6158
f 4401/6136/6136 4264/5989/5989 4420/6155/6155
f 4400/6135/6135 4423/6158/6158 4471/6214/6214
f 4471/6214/6214 4472/6215/6215 4400/6135/6135
f 4473/6216/6216 4400/6135/6135 4472/6215/6215
f 4472/6215/6215 4471/6214/6214 4470/6213/6213
f 4469/6212/6212 4470/6213/6213 4471/6214/6214
f 4470/6213/6213 4469/6212/6212 4461/6202/6202
f 4456/6195/6195 4461/6202/6202 4469/6212/6212
f 4456/6195/6195 4459/6200/6200 4461/6202/6202
f 4460/6201/6201 4461/6202/6202 4459/6200/6200
f 4459/6200/6200 4457/6197/6197 4460/6201/6201
f 4458/6199/6199 4460/6201/6201 4457/6197/6197
f 4458/6199/6199 4440/6178/6178 4460/6201/6201
f 4442/6181/6181 4460/6201/6201 4440/6178/6178
f 4460/6201/6201 4442/6181/6181 4461/6202/6202
f 4442/6181/6181 4440/6178/6178 4443/6182/6182
f 4443/6182/6182 4444/6183/6183 4442/6181/6181
f 4432/6167/6167 4442/6181/6181 4444/6183/6183
f 4441/6180/6180 4443/6182/6182 4440/6178/6178
f 4441/6180/6180 4435/6171/6171 4443/6182/6182
f 4437/6174/6174 4443/6182/6182 4435/6171/6171
f 4443/6182/6182 4437/6174/6174 4444/6183/6183
f 4437/6174/6174 4435/6171/6171 4438/6175/6175
f 4438/6175/6175 4439/6176/6176 4437/6174/6174
f 4434/6169/6169 4437/6174/6174 4439/6176/6176
f 4434/6169/6169 4444/6183/6183 4437/6174/6174
f 4436/6173/6173 4438/6175/6175 4435/6171/6171
f 4436/6173/6173 4213/5924/5924 4438/6175/6175
f 4217/5929/5929 4438/6175/6175 4213/5924/5924
f 4438/6175/6175 4217/5929/5929 4439/6176/6176
f 4210/5919/5919 4439/6176/6176 4217/5929/5929
f 4434/6169/6169 4439/6176/6176 4446/6185/6185
f 4447/6186/6186 4446/6185/6185 4439/6176/6176
f 4447/6186/6186 4439/6176/6176 4227/5941/5941
f 4210/5919/5919 4227/5941/5941 4439/6176/6176
f 4446/6185/6185 4447/6186/6186 4448/6187/6187
f 4449/6188/6188 4448/6187/6187 4447/6186/6186
f 4448/6187/6187 4449/6188/6188 4445/6184/6184
f 4450/6189/6189 4445/6184/6184 4449/6188/6188
f 4449/6188/6188 4447/6186/6186 4230/5944/5944
f 4227/5941/5941 4230/5944/5944 4447/6186/6186
f 4449/6188/6188 4230/5944/5944 4450/6189/6189
f 4206/5915/5915 4450/6189/6189 4230/5944/5944
f 4445/6184/6184 4455/6194/6194 4448/6187/6187
f 4454/6193/6193 4448/6187/6187 4455/6194/6194
f 4454/6193/6193 4455/6194/6194 4453/6192/6192
f 4431/6166/6166 4453/6192/6192 4455/6194/6194
f 4453/6192/6192 4451/6190/6190 4454/6193/6193
f 4452/6191/6191 4454/6193/6193 4451/6190/6190
f 4451/6190/6190 4432/6167/6167 4452/6191/6191
f 4444/6183/6183 4452/6191/6191 4432/6167/6167
f 4444/6183/6183 4434/6169/6169 4452/6191/6191
f 4446/6185/6185 4452/6191/6191 4434/6169/6169
f 4452/6191/6191 4446/6185/6185 4454/6193/6193
f 4448/6187/6187 4454/6193/6193 4446/6185/6185
f 4432/6167/6167 4451/6190/6190 4461/6202/6202
f 4432/6167/6167 4461/6202/6202 4442/6181/6181
f 4470/6213/6213 4461/6202/6202 4451/6190/6190
f 4451/6190/6190 4453/6192/6192 4470/6213/6213
f 4472/6215/6215 4470/6213/6213 4453/6192/6192
f 4472/6215/6215 4453/6192/6192 4473/6216/6216
f 4431/6166/6166 4473/6216/6216 4453/6192/6192
f 4473/6216/6216 4431/6166/6166 4604/6354/6354
f 4604/6354/6354 4603/6353/6353 4473/6216/6216
f 4400/6135/6135 4473/6216/6216 4603/6353/6353
f 4603/6353/6353 4535/6282/6282 4400/6135/6135
f 4424/6159/6159 4400/6135/6135 4535/6282/6282
f 4424/6159/6159 4535/6282/6282 4421/6156/6156
f 4534/6281/6281 4421/6156/6156 4535/6282/6282
f 4421/6156/6156 4534/6281/6281 4422/6157/6157
f 4533/6280/6280 4422/6157/6157 4534/6281/6281
f 4422/6157/6157 4533/6280/6280 4414/6149/6149
f 4531/6278/6278 4414/6149/6149 4533/6280/6280
f 4414/6149/6149 4531/6278/6278 4417/6152/6152
f 4530/6277/6277 4417/6152/6152 4531/6278/6278
f 4417/6152/6152 4530/6277/6277 4416/6151/6151
f 4529/6276/6276 4416/6151/6151 4530/6277/6277
f 4416/6151/6151 4529/6276/6276 4402/6137/6137
f 4525/6272/6272 4402/6137/6137 4529/6276/6276
f 4402/6137/6137 4525/6272/6272 4411/6146/6146
f 4524/6271/6271 4411/6146/6146 4525/6272/6272
f 4411/6146/6146 4524/6271/6271 4410/6145/6145
f 4523/6270/6270 4410/6145/6145 4524/6271/6271
f 4410/6145/6145 4523/6270/6270 4404/6139/6139
f 4520/6266/6266 4404/6139/6139 4523/6270/6270
f 4404/6139/6139 4520/6266/6266 4407/6142/6142
f 4519/6265/6265 4407/6142/6142 4520/6266/6266
f 4407/6142/6142 4519/6265/6265 4406/6141/6141
f 4518/6264/6264 4406/6141/6141 4519/6265/6265
f 4406/6141/6141 4518/6264/6264 4399/6133/6133
f 4517/6262/6262 4399/6133/6133 4518/6264/6264
f 4406/6141/6141 4399/6133/6133 4563/6312/6312
f 4565/6314/6314 4563/6312/6312 4399/6133/6133
f 4565/6314/6314 4511/6256/6256 4563/6312/6312
f 4564/6313/6313 4563/6312/6312 4511/6256/6256
f 4563/6312/6312 4562/6311/6311 4406/6141/6141
f 4562/6311/6311 4563/6312/6312 4560/6309/6309
f 4564/6313/6313 4560/6309/6309 4563/6312/6312
f 4562/6311/6311 4560/6309/6309 4561/6310/6310
f 4559/6308/6308 4561/6310/6310 4560/6309/6309
f 4560/6309/6309 4409/6144/6144 4559/6308/6308
f 4560/6309/6309 4564/6313/6313 4409/6144/6144
f 4405/6140/6140 4559/6308/6308 4409/6144/6144
f 4409/6144/6144 4516/6261/6261 4405/6140/6140
f 4515/6260/6260 4405/6140/6140 4516/6261/6261
f 4516/6261/6261 4409/6144/6144 4521/6267/6267
f 4408/6143/6143 4521/6267/6267 4409/6144/6144
f 4521/6267/6267 4408/6143/6143 4522/6268/6268
f 4625/6390/6390 4522/6268/6268 4408/6143/6143
f 4405/6140/6140 4515/6260/6260 4412/6147/6147
f 4526/6273/6273 4412/6147/6147 4515/6260/6260
f 4412/6147/6147 4526/6273/6273 4413/6148/6148
f 4514/6259/6259 4413/6148/6148 4526/6273/6273
f 4413/6148/6148 4514/6259/6259 4403/6138/6138
f 4513/6258/6258 4403/6138/6138 4514/6259/6259
f 4403/6138/6138 4513/6258/6258 4418/6153/6153
f 4532/6279/6279 4418/6153/6153 4513/6258/6258
f 4418/6153/6153 4532/6279/6279 4419/6154/6154
f 4528/6275/6275 4419/6154/6154 4532/6279/6279
f 4419/6154/6154 4528/6275/6275 4415/6150/6150
f 4527/6274/6274 4415/6150/6150 4528/6275/6275
f 4415/6150/6150 4527/6274/6274 4427/6162/6162
f 4537/6284/6284 4427/6162/6162 4527/6274/6274
f 4427/6162/6162 4537/6284/6284 4426/6161/6161
f 4536/6283/6283 4426/6161/6161 4537/6284/6284
f 4426/6161/6161 4536/6283/6283 4429/6164/6164
f 4538/6285/6285 4429/6164/6164 4536/6283/6283
f 4427/6162/6162 4426/6161/6161 4578/6328/6328
f 4577/6327/6327 4578/6328/6328 4426/6161/6161
f 4426/6161/6161 4429/6164/6164 4577/6327/6327
f 4577/6327/6327 4576/6326/6326 4578/6328/6328
f 4579/6329/6329 4578/6328/6328 4576/6326/6326
f 4579/6329/6329 4576/6326/6326 4422/6157/6157
f 4421/6156/6156 4422/6157/6157 4576/6326/6326
f 4422/6157/6157 4414/6149/6149 4579/6329/6329
f 4572/6322/6322 4579/6329/6329 4414/6149/6149
f 4579/6329/6329 4572/6322/6322 4578/6328/6328
f 4414/6149/6149 4417/6152/6152 4572/6322/6322
f 4573/6323/6323 4572/6322/6322 4417/6152/6152
f 4573/6323/6323 4571/6321/6321 4572/6322/6322
f 4570/6320/6320 4572/6322/6322 4571/6321/6321
f 4571/6321/6321 4419/6154/6154 4570/6320/6320
f 4415/6150/6150 4570/6320/6320 4419/6154/6154
f 4417/6152/6152 4416/6151/6151 4573/6323/6323
f 4574/6324/6324 4573/6323/6323 4416/6151/6151
f 4573/6323/6323 4574/6324/6324 4571/6321/6321
f 4416/6151/6151 4402/6137/6137 4574/6324/6324
f 4566/6316/6316 4574/6324/6324 4402/6137/6137
f 4402/6137/6137 4411/6146/6146 4566/6316/6316
f 4567/6317/6317 4566/6316/6316 4411/6146/6146
f 4567/6317/6317 4558/6307/6307 4566/6316/6316
f 4557/6306/6306 4566/6316/6316 4558/6307/6307
f 4566/6316/6316 4557/6306/6306 4574/6324/6324
f 4558/6307/6307 4413/6148/6148 4557/6306/6306
f 4403/6138/6138 4557/6306/6306 4413/6148/6148
f 4411/6146/6146 4410/6145/6145 4567/6317/6317
f 4568/6318/6318 4567/6317/6317 4410/6145/6145
f 4567/6317/6317 4568/6318/6318 4558/6307/6307
f 4410/6145/6145 4404/6139/6139 4568/6318/6318
f 4561/6310/6310 4568/6318/6318 4404/6139/6139
f 4404/6139/6139 4407/6142/6142 4561/6310/6310
f 4562/6311/6311 4561/6310/6310 4407/6142/6142
f 4407/6142/6142 4406/6141/6141 4562/6311/6311
f 4561/6310/6310 4559/6308/6308 4568/6318/6318
f 4569/6319/6319 4568/6318/6318 4559/6308/6308
f 4569/6319/6319 4558/6307/6307 4568/6318/6318
f 4569/6319/6319 4559/6308/6308 4412/6147/6147
f 4405/6140/6140 4412/6147/6147 4559/6308/6308
f 4558/6307/6307 4569/6319/6319 4413/6148/6148
f 4412/6147/6147 4413/6148/6148 4569/6319/6319
f 4477/6220/6220 4420/6155/6155 4264/5989/5989
f 4477/6220/6220 4264/5989/5989 4610/6361/6361
f 4477/6220/6220 4476/6219/6219 4420/6155/6155
f 4476/6219/6219 4477/6220/6220 4474/6217/6217
f 4476/6219/6219 4474/6217/6217 4471/6214/6214
f 4476/6219/6219 4471/6214/6214 4423/6158/6158
f 4423/6158/6158 4420/6155/6155 4476/6219/6219
f 4469/6212/6212 4471/6214/6214 4474/6217/6217
f 4469/6212/6212 4474/6217/6217 4456/6195/6195
f 4465/6208/6208 4456/6195/6195 4474/6217/6217
f 4456/6195/6195 4465/6208/6208 4459/6200/6200
f 4466/6209/6209 4459/6200/6200 4465/6208/6208
f 4466/6209/6209 4463/6205/6205 4459/6200/6200
f 4457/6197/6197 4459/6200/6200 4463/6205/6205
f 4466/6209/6209 4467/6210/6210 4463/6205/6205
f 4464/6207/6207 4463/6205/6205 4467/6210/6210
f 4464/6207/6207 4467/6210/6210 4247/5967/5967
f 4252/5975/5975 4247/5967/5967 4467/6210/6210
f 4467/6210/6210 4468/6211/6211 4252/5975/5975
f 4467/6210/6210 4466/6209/6209 4468/6211/6211
f 4239/5954/5954 4252/5975/5975 4468/6211/6211
f 4468/6211/6211 4475/6218/6218 4239/5954/5954
f 4260/5984/5984 4239/5954/5954 4475/6218/6218
f 4468/6211/6211 4465/6208/6208 4475/6218/6218
f 4465/6208/6208 4468/6211/6211 4466/6209/6209
f 4474/6217/6217 4475/6218/6218 4465/6208/6208
f 4475/6218/6218 4474/6217/6217 4477/6220/6220
f 4475/6218/6218 4477/6220/6220 4260/5984/5984
f 4610/6361/6361 4260/5984/5984 4477/6220/6220
f 4491/6235/6235 4492/6236/6236 4490/6234/6234
f 4480/6223/6223 4490/6234/6234 4492/6236/6236
f 4490/6234/6234 4488/6232/6232 4491/6235/6235
f 4489/6233/6233 4491/6235/6235 4488/6232/6232
f 4489/6233/6233 4488/6232/6232 4455/6194/6194
f 4431/6166/6166 4455/6194/6194 4488/6232/6232
f 4455/6194/6194 4445/6184/6184 4489/6233/6233
f 4483/6227/6227 4489/6233/6233 4445/6184/6184
f 4489/6233/6233 4483/6227/6227 4491/6235/6235
f 4445/6184/6184 4450/6189/6189 4483/6227/6227
f 4484/6228/6228 4483/6227/6227 4450/6189/6189
f 4450/6189/6189 4206/5915/5915 4484/6228/6228
f 4272/5998/5998 4484/6228/6228 4206/5915/5915
f 4484/6228/6228 4486/6230/6230 4483/6227/6227
f 4484/6228/6228 4272/5998/5998 4486/6230/6230
f 4485/6229/6229 4483/6227/6227 4486/6230/6230
f 4486/6230/6230 4487/6231/6231 4485/6229/6229
f 4482/6226/6226 4485/6229/6229 4487/6231/6231
f 4275/6001/6001 4486/6230/6230 4272/5998/5998
f 4486/6230/6230 4275/6001/6001 4487/6231/6231
f 4481/6224/6224 4487/6231/6231 4275/6001/6001
f 4482/6226/6226 4492/6236/6236 4485/6229/6229
f 4491/6235/6235 4485/6229/6229 4492/6236/6236
f 4485/6229/6229 4491/6235/6235 4483/6227/6227
f 4482/6226/6226 4487/6231/6231 4494/6238/6238
f 4495/6239/6239 4494/6238/6238 4487/6231/6231
f 4492/6236/6236 4482/6226/6226 4498/6242/6242
f 4494/6238/6238 4498/6242/6242 4482/6226/6226
f 4492/6236/6236 4498/6242/6242 4480/6223/6223
f 4497/6241/6241 4480/6223/6223 4498/6242/6242
f 4494/6238/6238 4495/6239/6239 4586/6336/6336
f 4585/6335/6335 4586/6336/6336 4495/6239/6239
f 4586/6336/6336 4585/6335/6335 4583/6333/6333
f 4584/6334/6334 4583/6333/6333 4585/6335/6335
f 4585/6335/6335 4496/6240/6240 4584/6334/6334
f 4585/6335/6335 4495/6239/6239 4496/6240/6240
f 4493/6237/6237 4496/6240/6240 4495/6239/6239
f 4495/6239/6239 4487/6231/6231 4493/6237/6237
f 4481/6224/6224 4493/6237/6237 4487/6231/6231
f 4493/6237/6237 4543/6291/6291 4496/6240/6240
f 4493/6237/6237 4481/6224/6224 4543/6291/6291
f 4542/6289/6289 4496/6240/6240 4543/6291/6291
f 4496/6240/6240 4542/6289/6289 4479/6222/6222
f 4544/6293/6293 4479/6222/6222 4542/6289/6289
f 4479/6222/6222 4544/6293/6293 4502/6246/6246
f 4548/6297/6297 4502/6246/6246 4544/6293/6293
f 4502/6246/6246 4548/6297/6297 4503/6247/6247
f 4549/6298/6298 4503/6247/6247 4548/6297/6297
f 4503/6247/6247 4549/6298/6298 4501/6245/6245
f 4550/6299/6299 4501/6245/6245 4549/6298/6298
f 4501/6245/6245 4550/6299/6299 4508/6252/6252
f 4554/6303/6303 4508/6252/6252 4550/6299/6299
f 4508/6252/6252 4554/6303/6303 4507/6251/6251
f 4555/6304/6304 4507/6251/6251 4554/6303/6303
f 4507/6251/6251 4555/6304/6304 4626/6391/6391
f 4556/6305/6305 4626/6391/6391 4555/6304/6304
f 4501/6245/6245 4508/6252/6252 4590/6340/6340
f 4501/6245/6245 4590/6340/6340 4503/6247/6247
f 4591/6341/6341 4503/6247/6247 4590/6340/6340
f 4590/6340/6340 4589/6339/6339 4591/6341/6341
f 4592/6342/6342 4591/6341/6341 4589/6339/6339
f 4591/6341/6341 4592/6342/6342 4594/6344/6344
f 4591/6341/6341 4594/6344/6344 4503/6247/6247
f 4593/6343/6343 4594/6344/6344 4592/6342/6342
f 4594/6344/6344 4593/6343/6343 4584/6334/6334
f 4583/6333/6333 4584/6334/6334 4593/6343/6343
f 4594/6344/6344 4584/6334/6334 4502/6246/6246
f 4479/6222/6222 4502/6246/6246 4584/6334/6334
f 4479/6222/6222 4584/6334/6334 4496/6240/6240
f 4502/6246/6246 4503/6247/6247 4594/6344/6344
f 4593/6343/6343 4595/6345/6345 4583/6333/6333
f 4581/6331/6331 4583/6333/6333 4595/6345/6345
f 4583/6333/6333 4581/6331/6331 4586/6336/6336
f 4582/6332/6332 4586/6336/6336 4581/6331/6331
f 4582/6332/6332 4581/6331/6331 4499/6243/6243
f 4478/6221/6221 4499/6243/6243 4581/6331/6331
f 4581/6331/6331 4595/6345/6345 4478/6221/6221
f 4478/6221/6221 4541/6288/6288 4499/6243/6243
f 4540/6287/6287 4499/6243/6243 4541/6288/6288
f 4499/6243/6243 4540/6287/6287 4497/6241/6241
f 4499/6243/6243 4497/6241/6241 4582/6332/6332
f 4545/6294/6294 4497/6241/6241 4540/6287/6287
f 4541/6288/6288 4478/6221/6221 4551/6300/6300
f 4504/6248/6248 4551/6300/6300 4478/6221/6221
f 4551/6300/6300 4504/6248/6248 4546/6295/6295
f 4505/6249/6249 4546/6295/6295 4504/6248/6248
f 4546/6295/6295 4505/6249/6249 4547/6296/6296
f 4500/6244/6244 4547/6296/6296 4505/6249/6249
f 4547/6296/6296 4500/6244/6244 4552/6301/6301
f 4509/6253/6253 4552/6301/6301 4500/6244/6244
f 4552/6301/6301 4509/6253/6253 4553/6302/6302
f 4506/6250/6250 4553/6302/6302 4509/6253/6253
f 4553/6302/6302 4506/6250/6250 4539/6286/6286
f 4510/6254/6254 4539/6286/6286 4506/6250/6250
f 4539/6286/6286 4510/6254/6254 4517/6263/6263
f 4399/6134/6134 4517/6263/6263 4510/6254/6254
f 4399/6134/6134 4510/6254/6254 4565/6315/6315
f 4580/6330/6330 4565/6315/6315 4510/6254/6254
f 4510/6254/6254 4506/6250/6250 4580/6330/6330
f 4596/6346/6346 4580/6330/6330 4506/6250/6250
f 4506/6250/6250 4509/6253/6253 4596/6346/6346
f 4597/6347/6347 4596/6346/6346 4509/6253/6253
f 4509/6253/6253 4500/6244/6244 4597/6347/6347
f 4587/6337/6337 4597/6347/6347 4500/6244/6244
f 4500/6244/6244 4505/6249/6249 4587/6337/6337
f 4588/6338/6338 4587/6337/6337 4505/6249/6249
f 4505/6249/6249 4504/6248/6248 4588/6338/6338
f 4595/6345/6345 4588/6338/6338 4504/6248/6248
f 4504/6248/6248 4478/6221/6221 4595/6345/6345
f 4595/6345/6345 4593/6343/6343 4588/6338/6338
f 4592/6342/6342 4588/6338/6338 4593/6343/6343
f 4588/6338/6338 4592/6342/6342 4587/6337/6337
f 4589/6339/6339 4587/6337/6337 4592/6342/6342
f 4589/6339/6339 4590/6340/6340 4601/6351/6351
f 4600/6350/6350 4601/6351/6351 4590/6340/6340
f 4601/6351/6351 4600/6350/6350 4598/6348/6348
f 4599/6349/6349 4598/6348/6348 4600/6350/6350
f 4600/6350/6350 4590/6340/6340 4508/6252/6252
f 4600/6350/6350 4508/6252/6252 4599/6349/6349
f 4507/6251/6251 4599/6349/6349 4508/6252/6252
f 4601/6351/6351 4597/6347/6347 4589/6339/6339
f 4597/6347/6347 4601/6351/6351 4596/6346/6346
f 4598/6348/6348 4596/6346/6346 4601/6351/6351
f 4598/6348/6348 4599/6349/6349 4602/6352/6352
f 4512/6257/6257 4602/6352/6352 4599/6349/6349
f 4602/6352/6352 4512/6257/6257 4511/6255/6255
f 4512/6257/6257 4626/6391/6391 4511/6255/6255
f 4625/6389/6389 4511/6255/6255 4626/6391/6391
f 4512/6257/6257 4599/6349/6349 4626/6391/6391
f 4507/6251/6251 4626/6391/6391 4599/6349/6349
f 4511/6255/6255 4565/6315/6315 4602/6352/6352
f 4580/6330/6330 4602/6352/6352 4565/6315/6315
f 4625/6389/6389 4626/6391/6391 4522/6269/6269
f 4556/6305/6305 4522/6269/6269 4626/6391/6391
f 4596/6346/6346 4598/6348/6348 4580/6330/6330
f 4602/6352/6352 4580/6330/6330 4598/6348/6348
f 4564/6313/6313 4511/6256/6256 4408/6143/6143
f 4625/6390/6390 4408/6143/6143 4511/6256/6256
f 4408/6143/6143 4409/6144/6144 4564/6313/6313
f 4575/6325/6325 4574/6324/6324 4557/6306/6306
f 4575/6325/6325 4571/6321/6321 4574/6324/6324
f 4575/6325/6325 4557/6306/6306 4418/6153/6153
f 4403/6138/6138 4418/6153/6153 4557/6306/6306
f 4571/6321/6321 4575/6325/6325 4419/6154/6154
f 4418/6153/6153 4419/6154/6154 4575/6325/6325
f 4570/6320/6320 4578/6328/6328 4572/6322/6322
f 4578/6328/6328 4570/6320/6320 4427/6162/6162
f 4415/6150/6150 4427/6162/6162 4570/6320/6320
f 4576/6326/6326 4425/6160/6160 4421/6156/6156
f 4424/6159/6159 4421/6156/6156 4425/6160/6160
f 4425/6160/6160 4576/6326/6326 4428/6163/6163
f 4577/6327/6327 4428/6163/6163 4576/6326/6326
f 4428/6163/6163 4577/6327/6327 4429/6164/6164
f 4538/6285/6285 4609/6359/6359 4429/6164/6164
f 4401/6136/6136 4429/6164/6164 4609/6359/6359
f 4609/6359/6359 4538/6285/6285 4543/6292/6292
f 4542/6290/6290 4543/6292/6292 4538/6285/6285
f 4609/6359/6359 4264/5989/5989 4401/6136/6136
f 4264/5989/5989 4609/6359/6359 4275/6003/6003
f 4481/6225/6225 4275/6003/6003 4609/6359/6359
f 4543/6292/6292 4481/6225/6225 4609/6359/6359
f 4498/6242/6242 4582/6332/6332 4497/6241/6241
f 4498/6242/6242 4494/6238/6238 4582/6332/6332
f 4586/6336/6336 4582/6332/6332 4494/6238/6238
f 4545/6294/6294 4607/6357/6357 4497/6241/6241
f 4480/6223/6223 4497/6241/6241 4607/6357/6357
f 4607/6357/6357 4606/6356/6356 4480/6223/6223
f 4490/6234/6234 4480/6223/6223 4606/6356/6356
f 4606/6356/6356 4608/6358/6358 4490/6234/6234
f 4488/6232/6232 4490/6234/6234 4608/6358/6358
f 4608/6358/6358 4605/6355/6355 4488/6232/6232
f 4431/6166/6166 4488/6232/6232 4605/6355/6355
f 4605/6355/6355 4604/6354/6354 4431/6166/6166
f 4587/6337/6337 4589/6339/6339 4597/6347/6347
f 4611/6362/6362 4612/6364/6364 4615/6370/6370
f 4612/6364/6364 4613/6366/6366 4615/6370/6370
f 4613/6366/6366 4619/6379/6379 4615/6370/6370
f 4619/6379/6379 4620/6381/6381 4615/6370/6370
f 4620/6381/6381 4621/6383/6383 4615/6370/6370
f 4621/6383/6383 4622/6385/6385 4615/6370/6370
f 4622/6385/6385 4638/6406/6406 4615/6370/6370
f 4638/6406/6406 4639/6408/6408 4615/6370/6370
f 4639/6408/6408 4643/6414/6414 4615/6370/6370
f 4643/6414/6414 4642/6412/6412 4615/6370/6370
f 4642/6412/6412 4616/6372/6372 4615/6370/6370
f 4616/6372/6372 4617/6375/6375 4615/6370/6370
f 4617/6375/6375 4618/6377/6377 4615/6370/6370
f 4618/6377/6377 4630/6395/6395 4615/6370/6370
f 4630/6395/6395 4631/6397/6397 4615/6370/6370
f 4631/6397/6397 4614/6368/6368 4615/6370/6370
usemtl G3_Animation_Body_HeroSlaveWeak_01_B|
f 1643/1912/1912 1645/1914/1914 1611/1878/1878
f 1644/1913/1913 1669/1939/1939 1667/1936/1936
f 1668/1937/1937 1667/1936/1936 1669/1939/1939
f 1667/1936/1936 1672/1943/1943 1647/1916/1916
f 1667/1936/1936 1668/1937/1937 1672/1943/1943
f 1671/1942/1942 1647/1916/1916 1672/1943/1943
f 1646/1915/1915 1647/1916/1916 1673/1944/1944
f 1671/1942/1942 1673/1944/1944 1647/1916/1916
f 1672/1943/1943 1690/1961/1961 1671/1942/1942
f 1687/1958/1958 1671/1942/1942 1690/1961/1961
f 1690/1961/1961 1689/1960/1960 1687/1958/1958
f 1688/1959/1959 1687/1958/1958 1689/1960/1960
f 1688/1959/1959 1692/1963/1963 1687/1958/1958
f 1691/1962/1962 1687/1958/1958 1692/1963/1963
f 1687/1958/1958 1691/1962/1962 1671/1942/1942
f 1673/1944/1944 1671/1942/1942 1691/1962/1962
f 1689/1960/1960 1690/1961/1961 1693/1964/1964
f 1694/1966/1966 1693/1964/1964 1690/1961/1961
f 1694/1966/1966 1690/1961/1961 1695/1968/1968
f 1672/1943/1943 1695/1968/1968 1690/1961/1961
f 1695/1968/1968 1672/1943/1943 1668/1937/1937
f 1692/1963/1963 1680/1951/1951 1691/1962/1962
f 1680/1951/1951 1692/1963/1963 2191/2534/2534
f 2181/2524/2524 2191/2534/2534 1692/1963/1963
f 1692/1963/1963 1688/1959/1959 2181/2524/2524
f 2176/2519/2519 2181/2524/2524 1688/1959/1959
f 2181/2524/2524 2176/2519/2519 2180/2523/2523
f 2177/2520/2520 2180/2523/2523 2176/2519/2519
f 2177/2520/2520 2176/2519/2519 2178/2521/2521
f 2179/2522/2522 2178/2521/2521 2176/2519/2519
f 2176/2519/2519 1688/1959/1959 2179/2522/2522
f 1689/1960/1960 2179/2522/2522 1688/1959/1959
f 1689/1960/1960 1693/1964/1964 2179/2522/2522
f 2195/2538/2538 2179/2522/2522 1693/1964/1964
f 2195/2538/2538 2196/2540/2540 2179/2522/2522
f 2178/2521/2521 2179/2522/2522 2196/2540/2540
f 2196/2540/2540 2404/2782/2782 2178/2521/2521
f 2403/2781/2781 2178/2521/2521 2404/2782/2782
f 2404/2782/2782 2411/2791/2791 2403/2781/2781
f 2413/2793/2793 2403/2781/2781 2411/2791/2791
f 2411/2791/2791 2385/2760/2760 2413/2793/2793
f 2318/2674/2674 2413/2793/2793 2385/2760/2760
f 2385/2760/2760 2384/2758/2758 2318/2674/2674
f 2317/2673/2673 2318/2674/2674 2384/2758/2758
f 2318/2674/2674 2317/2673/2673 2319/2675/2675
f 2413/2793/2793 2319/2675/2675 2403/2781/2781
f 2318/2674/2674 2319/2675/2675 2413/2793/2793
f 2320/2676/2676 2319/2675/2675 2317/2673/2673
f 2317/2673/2673 2300/2654/2654 2320/2676/2676
f 2300/2654/2654 2317/2673/2673 2321/2677/2677
f 2322/2678/2678 2321/2677/2677 2317/2673/2673
f 2384/2758/2758 2322/2678/2678 2317/2673/2673
f 2301/2655/2655 2320/2676/2676 2300/2654/2654
f 2300/2654/2654 2204/2549/2549 2301/2655/2655
f 2205/2550/2550 2301/2655/2655 2204/2549/2549
f 2204/2549/2549 2203/2548/2548 2205/2550/2550
f 2206/2551/2551 2205/2550/2550 2203/2548/2548
f 2204/2549/2549 2208/2553/2553 2203/2548/2548
f 2207/2552/2552 2203/2548/2548 2208/2553/2553
f 2203/2548/2548 2207/2552/2552 2239/2590/2590
f 2203/2548/2548 2239/2590/2590 2206/2551/2551
f 2240/2591/2591 2239/2590/2590 2207/2552/2552
f 2239/2590/2590 2240/2591/2591 2248/2600/2600
f 2249/2601/2601 2248/2600/2600 2240/2591/2591
f 2207/2552/2552 2370/2739/2739 2240/2591/2591
f 2374/2744/2744 2240/2591/2591 2370/2739/2739
f 2240/2591/2591 2374/2744/2744 2249/2601/2601
f 2370/2739/2739 2207/2552/2552 2373/2743/2743
f 2208/2553/2553 2373/2743/2743 2207/2552/2552
f 2380/2752/2752 2249/2601/2601 2374/2744/2744
f 2249/2601/2601 2380/2752/2752 2378/2750/2750
f 2382/2756/2756 2378/2750/2750 2380/2752/2752
f 2373/2743/2743 2208/2553/2553 2416/2796/2796
f 2321/2677/2677 2416/2796/2796 2208/2553/2553
f 2321/2677/2677 2208/2553/2553 2300/2654/2654
f 2204/2549/2549 2300/2654/2654 2208/2553/2553
f 2377/2749/2749 2378/2750/2750 2382/2756/2756
f 2377/2749/2749 2226/2574/2574 2378/2750/2750
f 2262/2615/2615 2378/2750/2750 2226/2574/2574
f 2222/2569/2569 2262/2615/2615 2226/2574/2574
f 2222/2569/2569 2226/2574/2574 2221/2568/2568
f 2222/2569/2569 2221/2568/2568 2223/2570/2570
f 2224/2571/2571 2223/2570/2570 2221/2568/2568
f 2225/2572/2572 2221/2568/2568 2226/2574/2574
f 2221/2568/2568 2228/2577/2577 2224/2571/2571
f 2221/2568/2568 2225/2572/2572 2228/2577/2577
f 2227/2576/2576 2224/2571/2571 2228/2577/2577
f 2227/2576/2576 2230/2579/2579 2224/2571/2571
f 2229/2578/2578 2224/2571/2571 2230/2579/2579
f 2224/2571/2571 2229/2578/2578 2223/2570/2570
f 2314/2668/2668 2228/2577/2577 2225/2572/2572
f 2314/2668/2668 2315/2670/2670 2228/2577/2577
f 2103/2428/2428 2228/2577/2577 2315/2670/2670
f 2230/2579/2579 2227/2576/2576 2099/2424/2424
f 2098/2423/2423 2099/2424/2424 2227/2576/2576
f 2099/2424/2424 2098/2423/2423 2100/2425/2425
f 2099/2424/2424 2100/2425/2425 2230/2579/2579
f 2101/2426/2426 2100/2425/2425 2098/2423/2423
f 2103/2428/2428 2102/2427/2427 2098/2423/2423
f 2104/2429/2429 2098/2423/2423 2102/2427/2427
f 2098/2423/2423 2104/2429/2429 2101/2426/2426
f 2101/2426/2426 2090/2415/2415 2100/2425/2425
f 2268/2622/2622 2100/2425/2425 2090/2415/2415
f 2268/2622/2622 2090/2415/2415 2085/2410/2410
f 2084/2409/2409 2085/2410/2410 2090/2415/2415
f 2085/2410/2410 2084/2409/2409 2086/2411/2411
f 2087/2412/2412 2086/2411/2411 2084/2409/2409
f 2090/2415/2415 2089/2414/2414 2084/2409/2409
f 2088/2413/2413 2084/2409/2409 2089/2414/2414
f 2089/2414/2414 2306/2660/2660 2088/2413/2413
f 2305/2659/2659 2088/2413/2413 2306/2660/2660
f 2306/2660/2660 2267/2621/2621 2305/2659/2659
f 2150/2489/2489 2305/2659/2659 2267/2621/2621
f 2267/2621/2621 2149/2488/2488 2150/2489/2489
f 2146/2483/2483 2150/2489/2489 2149/2488/2488
f 2149/2488/2488 2148/2486/2486 2146/2483/2483
f 2147/2484/2484 2146/2483/2483 2148/2486/2486
f 2150/2489/2489 2146/2483/2483 2151/2490/2490
f 2150/2489/2489 2151/2490/2490 2305/2659/2659
f 2152/2491/2491 2151/2490/2490 2146/2483/2483
f 2146/2483/2483 2147/2484/2484 2152/2491/2491
f 2267/2621/2621 2144/2481/2481 2149/2488/2488
f 2145/2482/2482 2149/2488/2488 2144/2481/2481
f 2145/2482/2482 2144/2481/2481 2141/2477/2477
f 2143/2480/2480 2141/2477/2477 2144/2481/2481
f 2267/2621/2621 2306/2660/2660 2144/2481/2481
f 2308/2662/2662 2144/2481/2481 2306/2660/2660
f 2143/2480/2480 2144/2481/2481 2309/2663/2663
f 2308/2662/2662 2309/2663/2663 2144/2481/2481
f 2309/2663/2663 2110/2437/2437 2143/2480/2480
f 2110/2437/2437 2309/2663/2663 2102/2427/2427
f 2110/2437/2437 2102/2427/2427 2105/2430/2430
f 2109/2436/2436 2105/2430/2430 2102/2427/2427
f 2104/2429/2429 2102/2427/2427 2309/2663/2663
f 2309/2663/2663 2308/2662/2662 2104/2429/2429
f 2105/2430/2430 2109/2436/2436 2108/2434/2434
f 2108/2434/2434 2107/2432/2432 2105/2430/2430
f 2106/2431/2431 2105/2430/2430 2107/2432/2432
f 2105/2430/2430 2106/2431/2431 2110/2437/2437
f 2354/2718/2718 2108/2434/2434 2109/2436/2436
f 2107/2432/2432 2362/2729/2729 2106/2431/2431
f 2363/2731/2731 2106/2431/2431 2362/2729/2729
f 2363/2731/2731 2389/2765/2765 2106/2431/2431
f 2388/2764/2764 2106/2431/2431 2389/2765/2765
f 2388/2764/2764 2110/2437/2437 2106/2431/2431
f 2388/2764/2764 2143/2480/2480 2110/2437/2437
f 2388/2764/2764 2389/2765/2765 2143/2480/2480
f 2363/2731/2731 2362/2729/2729 2140/2476/2476
f 2140/2476/2476 2389/2765/2765 2363/2731/2731
f 2361/2728/2728 2140/2476/2476 2362/2729/2729
f 2361/2728/2728 2160/2503/2503 2140/2476/2476
f 2139/2474/2474 2140/2476/2476 2160/2503/2503
f 2140/2476/2476 2139/2474/2474 2141/2477/2477
f 2142/2478/2478 2141/2477/2477 2139/2474/2474
f 2141/2477/2477 2143/2480/2480 2389/2765/2765
f 2389/2765/2765 2140/2476/2476 2141/2477/2477
f 2141/2477/2477 2142/2478/2478 2145/2482/2482
f 2353/2717/2717 2145/2482/2482 2142/2478/2478
f 2353/2717/2717 2148/2486/2486 2145/2482/2482
f 2149/2488/2488 2145/2482/2482 2148/2486/2486
f 161/176/176 1164/1309/1309 157/172/172
f 29/32/32 157/172/172 1164/1309/1309
f 1164/1309/1309 71/81/81 29/32/32
f 30/33/33 29/32/32 71/81/81
f 161/176/176 1715/1989/1989 1164/1309/1309
f 1594/1856/1856 1164/1309/1309 1715/1989/1989
f 1164/1309/1309 1594/1856/1856 71/81/81
f 1715/1989/1989 1716/1990/1990 1594/1856/1856
f 1593/1855/1855 1594/1856/1856 1716/1990/1990
f 1716/1990/1990 1720/1994/1994 1593/1855/1855
f 1629/1898/1898 1593/1855/1855 1720/1994/1994
f 1720/1994/1994 1722/1996/1996 1629/1898/1898
f 1631/1900/1900 1629/1898/1898 1722/1996/1996
f 1722/1996/1996 1725/1999/1999 1631/1900/1900
f 1610/1877/1877 1631/1900/1900 1725/1999/1999
f 1725/1999/1999 1726/2000/2000 1610/1877/1877
f 1609/1876/1876 1610/1877/1877 1726/2000/2000
f 1631/1900/1900 1610/1877/1877 1630/1899/1899
f 1611/1878/1878 1630/1899/1899 1610/1877/1877
f 1630/1899/1899 1611/1878/1878 1645/1914/1914
f 1645/1914/1914 1712/1986/1986 1630/1899/1899
f 1645/1914/1914 1646/1915/1915 1712/1986/1986
f 1656/1925/1925 1712/1986/1986 1646/1915/1915
f 1656/1925/1925 1646/1915/1915 1659/1928/1928
f 1673/1944/1944 1659/1928/1928 1646/1915/1915
f 1673/1944/1944 1691/1962/1962 1659/1928/1928
f 1674/1945/1945 1659/1928/1928 1691/1962/1962
f 1674/1945/1945 1675/1946/1946 1659/1928/1928
f 1658/1927/1927 1659/1928/1928 1675/1946/1946
f 1658/1927/1927 1675/1946/1946 1698/1972/1972
f 1658/1927/1927 1698/1972/1972 1657/1926/1926
f 1665/1934/1934 1657/1926/1926 1698/1972/1972
f 1674/1945/1945 1691/1962/1962 1680/1951/1951
f 2191/2534/2534 1679/1950/1950 1680/1951/1951
f 2191/2534/2534 2181/2524/2524 2194/2537/2537
f 2180/2523/2523 2194/2537/2537 2181/2524/2524
f 2708/3112/3112 2194/2537/2537 2180/2523/2523
f 2708/3112/3112 2180/2523/2523 2409/2788/2788
f 2177/2520/2520 2409/2788/2788 2180/2523/2523
f 2194/2537/2537 2708/3112/3112 2417/2798/2798
f 2417/2798/2798 2183/2526/2526 2194/2537/2537
f 2417/2798/2798 2333/2690/2690 2183/2526/2526
f 2332/2689/2689 2183/2526/2526 2333/2690/2690
f 2183/2526/2526 2332/2689/2689 2175/2518/2518
f 2286/2640/2640 2175/2518/2518 2332/2689/2689
f 2286/2640/2640 2284/2638/2638 2175/2518/2518
f 2174/2517/2517 2175/2518/2518 2284/2638/2638
f 2284/2638/2638 2286/2640/2640 2331/2688/2688
f 2332/2689/2689 2331/2688/2688 2286/2640/2640
f 2332/2689/2689 2333/2690/2690 2331/2688/2688
f 2333/2690/2690 2330/2687/2687 2331/2688/2688
f 2334/2691/2691 2331/2688/2688 2330/2687/2687
f 2351/2713/2713 2174/2517/2517 2284/2638/2638
f 2284/2638/2638 2285/2639/2639 2351/2713/2713
f 2285/2639/2639 2284/2638/2638 2282/2636/2636
f 2283/2637/2637 2282/2636/2636 2284/2638/2638
f 2331/2688/2688 2334/2691/2691 2283/2637/2637
f 2297/2651/2651 2351/2713/2713 2285/2639/2639
f 2285/2639/2639 2288/2642/2642 2297/2651/2651
f 2289/2643/2643 2297/2651/2651 2288/2642/2642
f 2288/2642/2642 2287/2641/2641 2289/2643/2643
f 2199/2544/2544 2289/2643/2643 2287/2641/2641
f 2288/2642/2642 2291/2645/2645 2287/2641/2641
f 2290/2644/2644 2287/2641/2641 2291/2645/2645
f 2287/2641/2641 2290/2644/2644 2292/2646/2646
f 2293/2647/2647 2292/2646/2646 2290/2644/2644
f 2292/2646/2646 2293/2647/2647 2294/2648/2648
f 2294/2648/2648 2246/2598/2598 2292/2646/2646
f 2247/2599/2599 2292/2646/2646 2246/2598/2598
f 2246/2598/2598 2238/2589/2589 2247/2599/2599
f 2235/2584/2584 2247/2599/2599 2238/2589/2589
f 2238/2589/2589 2237/2587/2587 2235/2584/2584
f 2236/2585/2585 2235/2584/2584 2237/2587/2587
f 2236/2585/2585 2201/2546/2546 2235/2584/2584
f 2202/2547/2547 2235/2584/2584 2201/2546/2546
f 2235/2584/2584 2202/2547/2547 2247/2599/2599
f 2202/2547/2547 2201/2546/2546 2199/2544/2544
f 2200/2545/2545 2199/2544/2544 2201/2546/2546
f 2201/2546/2546 2236/2585/2585 2200/2545/2545
f 2237/2587/2587 2238/2589/2589 2244/2595/2595
f 2245/2597/2597 2244/2595/2595 2238/2589/2589
f 2245/2597/2597 2218/2563/2563 2244/2595/2595
f 2256/2608/2608 2244/2595/2595 2218/2563/2563
f 2256/2608/2608 2218/2563/2563 2219/2564/2564
f 2094/2419/2419 2219/2564/2564 2218/2563/2563
f 2218/2563/2563 2217/2562/2562 2094/2419/2419
f 2218/2563/2563 2245/2597/2597 2217/2562/2562
f 2093/2418/2418 2094/2419/2419 2217/2562/2562
f 2094/2419/2419 2093/2418/2418 2091/2416/2416
f 2092/2417/2417 2091/2416/2416 2093/2418/2418
f 2091/2416/2416 2220/2566/2566 2094/2419/2419
f 2219/2564/2564 2094/2419/2419 2220/2566/2566
f 2217/2562/2562 2251/2603/2603 2093/2418/2418
f 2252/2604/2604 2093/2418/2418 2251/2603/2603
f 2252/2604/2604 2087/2412/2412 2093/2418/2418
f 2092/2417/2417 2093/2418/2418 2087/2412/2412
f 2252/2604/2604 2253/2605/2605 2087/2412/2412
f 2251/2603/2603 2253/2605/2605 2252/2604/2604
f 2253/2605/2605 2251/2603/2603 2254/2606/2606
f 2255/2607/2607 2254/2606/2606 2251/2603/2603
f 2253/2605/2605 2254/2606/2606 2086/2411/2411
f 2086/2411/2411 2087/2412/2412 2253/2605/2605
f 2276/2630/2630 2086/2411/2411 2254/2606/2606
f 2255/2607/2607 2264/2617/2617 2254/2606/2606
f 2277/2631/2631 2254/2606/2606 2264/2617/2617
f 2254/2606/2606 2277/2631/2631 2276/2630/2630
f 2264/2617/2617 2255/2607/2607 2263/2616/2616
f 2264/2617/2617 2263/2616/2616 2223/2570/2570
f 2258/2611/2611 2223/2570/2570 2263/2616/2616
f 2281/2635/2635 2263/2616/2616 2255/2607/2607
f 2086/2411/2411 2276/2630/2630 2085/2410/2410
f 2263/2616/2616 2281/2635/2635 2312/2666/2666
f 2263/2616/2616 2312/2666/2666 2258/2611/2611
f 2279/2633/2633 2312/2666/2666 2281/2635/2635
f 2312/2666/2666 2279/2633/2633 2241/2592/2592
f 2275/2629/2629 2241/2592/2592 2279/2633/2633
f 2279/2633/2633 2278/2632/2632 2275/2629/2629
f 2279/2633/2633 2281/2635/2635 2278/2632/2632
f 2274/2628/2628 2275/2629/2629 2278/2632/2632
f 2275/2629/2629 2274/2628/2628 2272/2626/2626
f 2271/2625/2625 2272/2626/2626 2274/2628/2628
f 2272/2626/2626 2271/2625/2625 2269/2623/2623
f 2270/2624/2624 2269/2623/2623 2271/2625/2625
f 2269/2623/2623 2212/2557/2557 2272/2626/2626
f 2212/2557/2557 2269/2623/2623 2211/2556/2556
f 2212/2557/2557 2211/2556/2556 2209/2554/2554
f 2210/2555/2555 2209/2554/2554 2211/2556/2556
f 2212/2557/2557 2209/2554/2554 2213/2558/2558
f 2214/2559/2559 2213/2558/2558 2209/2554/2554
f 2210/2555/2555 2216/2561/2561 2209/2554/2554
f 2215/2560/2560 2209/2554/2554 2216/2561/2561
f 2209/2554/2554 2215/2560/2560 2214/2559/2559
f 2213/2558/2558 2214/2559/2559 2241/2592/2592
f 2242/2593/2593 2241/2592/2592 2214/2559/2559
f 2243/2594/2594 2214/2559/2559 2215/2560/2560
f 2214/2559/2559 2243/2594/2594 2242/2593/2593
f 2250/2602/2602 2242/2593/2593 2243/2594/2594
f 2241/2592/2592 2275/2629/2629 2213/2558/2558
f 2242/2593/2593 2250/2602/2602 2310/2664/2664
f 2242/2593/2593 2310/2664/2664 2241/2592/2592
f 2311/2665/2665 2310/2664/2664 2250/2602/2602
f 2310/2664/2664 2311/2665/2665 2258/2611/2611
f 2257/2610/2610 2258/2611/2611 2311/2665/2665
f 2258/2611/2611 2257/2610/2610 2222/2569/2569
f 2259/2612/2612 2222/2569/2569 2257/2610/2610
f 2311/2665/2665 2250/2602/2602 2259/2612/2612
f 2257/2610/2610 2311/2665/2665 2259/2612/2612
f 2310/2664/2664 2258/2611/2611 2312/2666/2666
f 2312/2666/2666 2241/2592/2592 2310/2664/2664
f 2223/2570/2570 2258/2611/2611 2222/2569/2569
f 2259/2612/2612 2261/2614/2614 2222/2569/2569
f 2261/2614/2614 2260/2613/2613 2222/2569/2569
f 2262/2615/2615 2222/2569/2569 2260/2613/2613
f 2260/2613/2613 2261/2614/2614 2698/3102/3102
f 2697/3101/3101 2698/3102/3102 2261/2614/2614
f 2698/3102/3102 2697/3101/3101 2206/2551/2551
f 2695/3099/3099 2206/2551/2551 2697/3101/3101
f 2206/2551/2551 2695/3099/3099 2205/2550/2550
f 2696/3100/3100 2205/2550/2550 2695/3099/3099
f 2696/3100/3100 2695/3099/3099 2216/2561/2561
f 2215/2560/2560 2216/2561/2561 2695/3099/3099
f 2695/3099/3099 2697/3101/3101 2215/2560/2560
f 2243/2594/2594 2215/2560/2560 2697/3101/3101
f 2697/3101/3101 2261/2614/2614 2243/2594/2594
f 2250/2602/2602 2243/2594/2594 2261/2614/2614
f 2261/2614/2614 2259/2612/2612 2250/2602/2602
f 2216/2561/2561 2415/2795/2795 2696/3100/3100
f 2415/2795/2795 2216/2561/2561 2302/2656/2656
f 2210/2555/2555 2302/2656/2656 2216/2561/2561
f 2302/2656/2656 2210/2555/2555 2303/2657/2657
f 2211/2556/2556 2303/2657/2657 2210/2555/2555
f 2303/2657/2657 2211/2556/2556 2414/2794/2794
f 2273/2627/2627 2414/2794/2794 2211/2556/2556
f 2273/2627/2627 2211/2556/2556 2269/2623/2623
f 2269/2623/2623 2270/2624/2624 2273/2627/2627
f 2304/2658/2658 2273/2627/2627 2270/2624/2624
f 2303/2657/2657 2414/2794/2794 2326/2683/2683
f 2329/2686/2686 2326/2683/2683 2414/2794/2794
f 2326/2683/2683 2329/2686/2686 2325/2682/2682
f 2326/2683/2683 2325/2682/2682 2323/2680/2680
f 2324/2681/2681 2323/2680/2680 2325/2682/2682
f 2324/2681/2681 2328/2685/2685 2323/2680/2680
f 2327/2684/2684 2323/2680/2680 2328/2685/2685
f 2330/2687/2687 2325/2682/2682 2329/2686/2686
f 2323/2680/2680 2327/2684/2684 2302/2656/2656
f 2415/2795/2795 2302/2656/2656 2327/2684/2684
f 2325/2682/2682 2330/2687/2687 2418/2799/2799
f 2325/2682/2682 2418/2799/2799 2324/2681/2681
f 2333/2690/2690 2418/2799/2799 2330/2687/2687
f 2415/2795/2795 2327/2684/2684 2699/3103/3103
f 2699/3103/3103 2696/3100/3100 2415/2795/2795
f 2696/3100/3100 2699/3103/3103 2205/2550/2550
f 2301/2655/2655 2205/2550/2550 2699/3103/3103
f 2699/3103/3103 2420/2801/2801 2301/2655/2655
f 2420/2801/2801 2699/3103/3103 2327/2684/2684
f 2320/2676/2676 2301/2655/2655 2420/2801/2801
f 2420/2801/2801 2407/2786/2786 2320/2676/2676
f 2407/2786/2786 2420/2801/2801 2410/2789/2789
f 2410/2789/2789 2409/2788/2788 2407/2786/2786
f 2408/2787/2787 2407/2786/2786 2409/2788/2788
f 2410/2789/2789 2418/2799/2799 2409/2788/2788
f 2419/2800/2800 2409/2788/2788 2418/2799/2799
f 2410/2789/2789 2324/2681/2681 2418/2799/2799
f 2319/2675/2675 2320/2676/2676 2407/2786/2786
f 2408/2787/2787 2319/2675/2675 2407/2786/2786
f 2408/2787/2787 2403/2781/2781 2319/2675/2675
f 2408/2787/2787 2177/2520/2520 2403/2781/2781
f 2408/2787/2787 2409/2788/2788 2177/2520/2520
f 2178/2521/2521 2403/2781/2781 2177/2520/2520
f 2418/2799/2799 2333/2690/2690 2419/2800/2800
f 2417/2798/2798 2419/2800/2800 2333/2690/2690
f 2419/2800/2800 2417/2798/2798 2708/3112/3112
f 2419/2800/2800 2708/3112/3112 2409/2788/2788
f 169/184/184 45/53/53 170/185/185
f 44/52/52 170/185/185 45/53/53
f 45/53/53 169/184/184 68/78/78
f 166/181/181 68/78/78 169/184/184
f 914/1037/1037 1184/1329/1329 1009/1133/1133
f 1185/1330/1330 1009/1133/1133 1184/1329/1329
f 1185/1330/1330 1184/1329/1329 922/1046/1046
f 923/1047/1047 922/1046/1046 1184/1329/1329
f 914/1037/1037 923/1047/1047 1184/1329/1329
f 923/1047/1047 914/1037/1037 924/1048/1048
f 913/1036/1036 924/1048/1048 914/1037/1037
f 922/1046/1046 1222/1367/1367 1185/1330/1330
f 1010/1134/1134 1185/1330/1330 1222/1367/1367
f 1222/1367/1367 1013/1138/1138 1010/1134/1134
f 1012/1137/1137 1010/1134/1134 1013/1138/1138
f 1185/1330/1330 1010/1134/1134 1009/1133/1133
f 316/339/339 273/296/296 276/299/299
f 273/296/296 316/339/339 266/289/289
f 266/289/289 316/339/339 267/290/290
f 287/310/310 267/290/290 316/339/339
f 276/299/299 315/338/338 316/339/339
f 190/213/213 193/216/216 18/20/20
f 19/22/22 18/20/20 193/216/216
f 193/216/216 190/213/213 300/323/323
f 263/286/286 300/323/323 190/213/213
f 855/969/969 850/962/962 856/971/971
f 954/1078/1078 956/1080/1080 994/1118/1118
f 993/1117/1117 994/1118/1118 956/1080/1080
f 760/855/855 668/754/754 765/860/860
f 760/855/855 665/751/751 668/754/754
f 670/756/756 674/760/760 773/868/868
f 1229/1374/1374 936/1060/1060 1232/1377/1377
f 902/1024/1024 943/1067/1067 903/1025/1025
f 940/1064/1064 903/1025/1025 943/1067/1067
f 980/1104/1104 984/1108/1108 942/1066/1066
f 951/1075/1075 942/1066/1066 984/1108/1108
f 982/1106/1106 984/1108/1108 980/1104/1104
f 286/309/309 285/308/308 290/313/313
f 288/311/311 290/313/313 285/308/308
f 286/309/309 290/313/313 289/312/312
f 792/889/889 881/1001/1001 793/890/890
f 525/587/587 482/533/533 549/615/615
f 482/533/533 525/587/587 479/530/530
f 525/587/587 549/615/615 498/552/552
f 480/531/531 479/530/530 15/16/16
f 14/15/15 480/531/531 15/16/16
f 478/529/529 1144/1288/1288 480/531/531
f 383/412/412 1256/1401/1401 380/406/406
f 1257/1402/1402 380/406/406 1256/1401/1401
f 383/412/412 523/585/585 1256/1401/1401
f 1273/1422/1422 1256/1401/1401 523/585/585
f 1257/1402/1402 1256/1401/1401 1263/1409/1409
f 1263/1409/1409 1264/1410/1410 1257/1402/1402
f 1265/1412/1412 1257/1402/1402 1264/1410/1410
f 1274/1423/1423 1263/1409/1409 1256/1401/1401
f 1275/1424/1424 1274/1423/1423 1273/1422/1422
f 1256/1401/1401 1273/1422/1422 1274/1423/1423
f 1273/1422/1422 1271/1420/1420 1275/1424/1424
f 1272/1421/1421 1275/1424/1424 1271/1420/1420
f 1271/1420/1420 1262/1408/1408 1272/1421/1421
f 1271/1420/1420 523/585/585 1262/1408/1408
f 472/523/523 1262/1408/1408 523/585/585
f 1261/1407/1407 1272/1421/1421 1262/1408/1408
f 1262/1408/1408 1258/1403/1403 1261/1407/1407
f 1260/1406/1406 1261/1407/1407 1258/1403/1403
f 1258/1403/1403 1259/1404/1404 1260/1406/1406
f 1259/1404/1404 1258/1403/1403 386/419/419
f 471/520/520 386/419/419 1258/1403/1403
f 1268/1417/1417 1260/1406/1406 1259/1404/1404
f 1268/1417/1417 1469/1699/1699 1260/1406/1406
f 1468/1698/1698 1260/1406/1406 1469/1699/1699
f 1468/1698/1698 1469/1699/1699 1465/1695/1695
f 1470/1701/1701 1465/1695/1695 1469/1699/1699
f 1465/1695/1695 1459/1686/1686 1468/1698/1698
f 1459/1686/1686 1465/1695/1695 1467/1697/1697
f 1466/1696/1696 1467/1697/1697 1465/1695/1695
f 1465/1695/1695 1470/1701/1701 1466/1696/1696
f 1467/1697/1697 1460/1688/1688 1459/1686/1686
f 1460/1688/1688 1467/1697/1697 1473/1705/1705
f 1472/1704/1704 1473/1705/1705 1467/1697/1697
f 1467/1697/1697 1466/1696/1696 1472/1704/1704
f 1457/1683/1683 1459/1686/1686 1460/1688/1688
f 1459/1686/1686 1457/1683/1683 1458/1685/1685
f 1392/1593/1593 1458/1685/1685 1457/1683/1683
f 1392/1593/1593 1457/1683/1683 1385/1585/1585
f 1385/1585/1585 1389/1590/1590 1392/1593/1593
f 1378/1575/1575 1392/1593/1593 1389/1590/1590
f 1389/1590/1590 1385/1585/1585 1388/1589/1589
f 1388/1589/1589 1390/1591/1591 1389/1590/1590
f 1391/1592/1592 1389/1590/1590 1390/1591/1591
f 1378/1575/1575 1389/1590/1590 1391/1592/1592
f 1391/1592/1592 1390/1591/1591 1379/1576/1576
f 1378/1575/1575 1391/1592/1592 1379/1576/1576
f 1379/1576/1576 1376/1573/1573 1378/1575/1575
f 1377/1574/1574 1378/1575/1575 1376/1573/1573
f 1358/1543/1543 1379/1576/1576 1390/1591/1591
f 1358/1543/1543 1390/1591/1591 1359/1545/1545
f 1394/1595/1595 1359/1545/1545 1390/1591/1591
f 1390/1591/1591 1388/1589/1589 1394/1595/1595
f 1387/1588/1588 1394/1595/1595 1388/1589/1589
f 1388/1589/1589 1372/1568/1568 1387/1588/1588
f 1371/1565/1565 1387/1588/1588 1372/1568/1568
f 1372/1568/1568 1388/1589/1589 1385/1585/1585
f 1387/1588/1588 1371/1565/1565 1349/1528/1528
f 1335/1511/1511 1349/1528/1528 1371/1565/1565
f 1349/1528/1528 1335/1511/1511 1340/1517/1517
f 1340/1517/1517 1347/1526/1526 1349/1528/1528
f 1348/1527/1527 1349/1528/1528 1347/1526/1526
f 1334/1509/1509 1340/1517/1517 1335/1511/1511
f 1340/1517/1517 1334/1509/1509 1339/1516/1516
f 1338/1514/1514 1339/1516/1516 1334/1509/1509
f 1339/1516/1516 1350/1529/1529 1340/1517/1517
f 1347/1526/1526 1340/1517/1517 1350/1529/1529
f 1350/1529/1529 1351/1530/1530 1347/1526/1526
f 1352/1532/1532 1347/1526/1526 1351/1530/1530
f 1347/1526/1526 1352/1532/1532 1348/1527/1527
f 1373/1569/1569 1348/1527/1527 1352/1532/1532
f 1348/1527/1527 1373/1569/1569 1394/1595/1595
f 1359/1545/1545 1394/1595/1595 1373/1569/1569
f 1394/1595/1595 1387/1588/1588 1348/1527/1527
f 1349/1528/1528 1348/1527/1527 1387/1588/1588
f 1351/1530/1530 1350/1529/1529 1537/1790/1790
f 1536/1789/1789 1537/1790/1790 1350/1529/1529
f 1350/1529/1529 1339/1516/1516 1536/1789/1789
f 1534/1786/1786 1536/1789/1789 1339/1516/1516
f 1339/1516/1516 1338/1514/1514 1534/1786/1786
f 1535/1787/1787 1534/1786/1786 1338/1514/1514
f 1534/1786/1786 1535/1787/1787 1369/1561/1561
f 1370/1562/1562 1369/1561/1561 1535/1787/1787
f 1369/1561/1561 1370/1562/1562 1343/1520/1520
f 1368/1559/1559 1343/1520/1520 1370/1562/1562
f 1368/1559/1559 1345/1522/1522 1343/1520/1520
f 1344/1521/1521 1343/1520/1520 1345/1522/1522
f 1344/1521/1521 1341/1518/1518 1343/1520/1520
f 1342/1519/1519 1343/1520/1520 1341/1518/1518
f 1343/1520/1520 1342/1519/1519 1369/1561/1561
f 1345/1522/1522 1346/1524/1524 1344/1521/1521
f 1341/1518/1518 1344/1521/1521 1346/1524/1524
f 1341/1518/1518 1346/1524/1524 1342/1519/1519
f 1367/1558/1558 1342/1519/1519 1346/1524/1524
f 1342/1519/1519 1367/1558/1558 1393/1594/1594
f 1393/1594/1594 1369/1561/1561 1342/1519/1519
f 1366/1556/1556 1393/1594/1594 1367/1558/1558
f 1369/1561/1561 1393/1594/1594 1534/1786/1786
f 1536/1789/1789 1534/1786/1786 1393/1594/1594
f 1393/1594/1594 1366/1556/1556 1536/1789/1789
f 1537/1790/1790 1536/1789/1789 1366/1556/1556
f 1267/1415/1415 1268/1416/1416 1266/1414/1414
f 1259/1405/1405 1266/1414/1414 1268/1416/1416
f 1266/1414/1414 1259/1405/1405 385/417/417
f 386/420/420 385/417/417 1259/1405/1405
f 1266/1414/1414 385/417/417 1269/1418/1418
f 1266/1414/1414 1269/1418/1418 1267/1415/1415
f 381/409/409 1269/1418/1418 385/417/417
f 1269/1418/1418 381/409/409 1265/1413/1413
f 380/407/407 1265/1413/1413 381/409/409
f 1269/1418/1418 1265/1413/1413 1270/1419/1419
f 1264/1411/1411 1270/1419/1419 1265/1413/1413
f 1270/1419/1419 1267/1415/1415 1269/1418/1418
f 1270/1419/1419 1264/1411/1411 1319/1489/1489
f 1320/1490/1490 1319/1489/1489 1264/1411/1411
f 1319/1489/1489 1320/1490/1490 1302/1463/1463
f 1303/1464/1464 1302/1463/1463 1320/1490/1490
f 1302/1463/1463 1303/1464/1464 1298/1456/1456
f 1300/1459/1459 1298/1456/1456 1303/1464/1464
f 1302/1463/1463 1298/1456/1456 1304/1466/1466
f 1297/1454/1454 1304/1466/1466 1298/1456/1456
f 1304/1466/1466 1321/1492/1492 1302/1463/1463
f 1319/1489/1489 1302/1463/1463 1321/1492/1492
f 1319/1489/1489 1321/1492/1492 1270/1419/1419
f 1267/1415/1415 1270/1419/1419 1321/1492/1492
f 1471/1703/1703 1267/1415/1415 1321/1492/1492
f 1471/1703/1703 1321/1492/1492 1445/1665/1665
f 1446/1666/1666 1445/1665/1665 1321/1492/1492
f 1445/1665/1665 1446/1666/1666 1444/1663/1663
f 1447/1667/1667 1444/1663/1663 1446/1666/1666
f 1267/1415/1415 1471/1703/1703 1268/1416/1416
f 1469/1700/1700 1268/1416/1416 1471/1703/1703
f 1445/1665/1665 1470/1702/1702 1471/1703/1703
f 1469/1700/1700 1471/1703/1703 1470/1702/1702
f 1470/1702/1702 1445/1665/1665 1450/1674/1674
f 1444/1663/1663 1450/1674/1674 1445/1665/1665
f 1447/1667/1667 1446/1666/1666 1461/1690/1690
f 1461/1690/1690 1457/1684/1684 1447/1667/1667
f 1460/1687/1687 1447/1667/1667 1457/1684/1684
f 1457/1684/1684 1461/1690/1690 1386/1586/1586
f 1382/1580/1580 1386/1586/1586 1461/1690/1690
f 1386/1586/1586 1382/1580/1580 1355/1537/1537
f 1355/1537/1537 1372/1567/1567 1386/1586/1586
f 1385/1584/1584 1386/1586/1586 1372/1567/1567
f 1356/1539/1539 1355/1537/1537 1382/1580/1580
f 1382/1580/1580 1360/1546/1546 1356/1539/1539
f 1360/1546/1546 1361/1548/1548 1356/1539/1539
f 1358/1542/1542 1356/1539/1539 1361/1548/1548
f 1382/1580/1580 1383/1581/1581 1360/1546/1546
f 1384/1582/1582 1360/1546/1546 1383/1581/1581
f 1382/1580/1580 1446/1666/1666 1383/1581/1581
f 1321/1492/1492 1383/1581/1581 1446/1666/1666
f 1383/1581/1581 1417/1626/1626 1384/1582/1582
f 1417/1626/1626 1418/1628/1628 1384/1582/1582
f 1415/1622/1622 1384/1582/1582 1418/1628/1628
f 1417/1626/1626 1383/1581/1581 1323/1496/1496
f 1304/1466/1466 1323/1496/1496 1383/1581/1581
f 1304/1466/1466 1383/1581/1581 1321/1492/1492
f 1304/1466/1466 1297/1454/1454 1323/1496/1496
f 1297/1454/1454 1315/1483/1483 1323/1496/1496
f 1322/1493/1493 1323/1496/1496 1315/1483/1483
f 1277/1427/1427 1278/1429/1429 1276/1425/1425
f 1279/1430/1430 1276/1425/1425 1278/1429/1429
f 1278/1429/1429 1277/1427/1427 1296/1452/1452
f 1296/1452/1452 1295/1451/1451 1278/1429/1429
f 1296/1452/1452 1297/1453/1453 1295/1451/1451
f 1298/1455/1455 1295/1451/1451 1297/1453/1453
f 1299/1457/1457 1278/1429/1429 1295/1451/1451
f 1278/1429/1429 1299/1457/1457 1279/1430/1430
f 1295/1451/1451 1298/1455/1455 1301/1461/1461
f 1295/1451/1451 1301/1461/1461 1299/1457/1457
f 1300/1458/1458 1301/1461/1461 1298/1455/1455
f 1297/1453/1453 1296/1452/1452 1315/1482/1482
f 1314/1480/1480 1315/1482/1482 1296/1452/1452
f 1316/1486/1486 1299/1457/1457 1301/1461/1461
f 1299/1457/1457 1316/1486/1486 1318/1488/1488
f 1294/1450/1450 1318/1488/1488 1316/1486/1486
f 1318/1488/1488 1294/1450/1450 1317/1487/1487
f 1293/1448/1448 1317/1487/1487 1294/1450/1450
f 1317/1487/1487 1533/1785/1785 1318/1488/1488
f 1279/1430/1430 1318/1488/1488 1533/1785/1785
f 1318/1488/1488 1279/1430/1430 1299/1457/1457
f 1533/1785/1785 1280/1432/1432 1279/1430/1430
f 1276/1425/1425 1279/1430/1430 1280/1432/1432
f 1317/1487/1487 1293/1448/1448 1556/1816/1816
f 1555/1815/1815 1556/1816/1816 1293/1448/1448
f 1556/1816/1816 1555/1815/1815 1307/1469/1469
f 1309/1471/1471 1307/1469/1469 1555/1815/1815
f 1307/1469/1469 1309/1471/1471 1308/1470/1470
f 1308/1470/1470 1305/1467/1467 1307/1469/1469
f 1306/1468/1468 1307/1469/1469 1305/1467/1467
f 1307/1469/1469 1306/1468/1468 1556/1816/1816
f 1305/1467/1467 1308/1470/1470 1287/1440/1440
f 1288/1442/1442 1287/1440/1440 1308/1470/1470
f 1310/1473/1473 1308/1470/1470 1309/1471/1471
f 1310/1473/1473 1288/1442/1442 1308/1470/1470
f 1305/1467/1467 1311/1476/1476 1306/1468/1468
f 1287/1440/1440 1311/1476/1476 1305/1467/1467
f 1313/1479/1479 1306/1468/1468 1311/1476/1476
f 1306/1468/1468 1313/1479/1479 1557/1817/1817
f 1557/1817/1817 1556/1816/1816 1306/1468/1468
f 1553/1812/1812 1557/1817/1817 1313/1479/1479
f 1556/1816/1816 1557/1817/1817 1317/1487/1487
f 1533/1785/1785 1317/1487/1487 1557/1817/1817
f 1557/1817/1817 1553/1812/1812 1533/1785/1785
f 1280/1432/1432 1533/1785/1785 1553/1812/1812
f 1280/1431/1431 1281/1433/1433 1276/1426/1426
f 1282/1434/1434 1276/1426/1426 1281/1433/1433
f 1276/1426/1426 1282/1434/1434 1277/1428/1428
f 1291/1445/1445 1277/1428/1428 1282/1434/1434
f 1282/1434/1434 1289/1443/1443 1291/1445/1445
f 1290/1444/1444 1291/1445/1445 1289/1443/1443
f 1281/1433/1433 1292/1446/1446 1282/1434/1434
f 1289/1443/1443 1282/1434/1434 1292/1446/1446
f 1292/1446/1446 1293/1447/1447 1289/1443/1443
f 1294/1449/1449 1289/1443/1443 1293/1447/1447
f 1289/1443/1443 1294/1449/1449 1290/1444/1444
f 1316/1485/1485 1290/1444/1444 1294/1449/1449
f 1277/1428/1428 1291/1445/1445 1314/1481/1481
f 1290/1444/1444 1316/1485/1485 1332/1506/1506
f 1301/1462/1462 1332/1506/1506 1316/1485/1485
f 1332/1506/1506 1301/1462/1462 1329/1503/1503
f 1300/1460/1460 1329/1503/1503 1301/1462/1462
f 1300/1460/1460 1303/1465/1465 1329/1503/1503
f 1330/1504/1504 1329/1503/1503 1303/1465/1465
f 1330/1504/1504 1328/1502/1502 1329/1503/1503
f 1327/1501/1501 1329/1503/1503 1328/1502/1502
f 1329/1503/1503 1327/1501/1501 1332/1506/1506
f 1328/1502/1502 1324/1498/1498 1327/1501/1501
f 1315/1484/1484 1327/1501/1501 1324/1498/1498
f 1324/1498/1498 1325/1499/1499 1315/1484/1484
f 1322/1494/1494 1315/1484/1484 1325/1499/1499
f 1327/1501/1501 1315/1484/1484 1326/1500/1500
f 1314/1481/1481 1326/1500/1500 1315/1484/1484
f 1326/1500/1500 1332/1506/1506 1327/1501/1501
f 1324/1498/1498 1333/1507/1507 1325/1499/1499
f 1434/1652/1652 1325/1499/1499 1333/1507/1507
f 1333/1507/1507 1263/1409/1409 1434/1652/1652
f 1333/1507/1507 1320/1491/1491 1263/1409/1409
f 1320/1491/1491 1333/1507/1507 1303/1465/1465
f 1330/1504/1504 1303/1465/1465 1333/1507/1507
f 1264/1410/1410 1263/1409/1409 1320/1491/1491
f 1274/1423/1423 1434/1652/1652 1263/1409/1409
f 1434/1652/1652 1274/1423/1423 1377/1574/1574
f 1434/1652/1652 1377/1574/1574 1433/1651/1651
f 1435/1653/1653 1433/1651/1651 1377/1574/1574
f 1433/1651/1651 1435/1653/1653 1418/1630/1630
f 1415/1623/1623 1418/1630/1630 1435/1653/1653
f 1415/1623/1623 1435/1653/1653 1438/1657/1657
f 1439/1658/1658 1438/1657/1657 1435/1653/1653
f 1377/1574/1574 1439/1658/1658 1435/1653/1653
f 1439/1658/1658 1396/1597/1597 1438/1657/1657
f 1395/1596/1596 1438/1657/1657 1396/1597/1597
f 1395/1596/1596 1396/1597/1597 1361/1550/1550
f 1376/1573/1573 1361/1550/1550 1396/1597/1597
f 1376/1573/1573 1379/1576/1576 1361/1550/1550
f 1358/1543/1543 1361/1550/1550 1379/1576/1576
f 1361/1550/1550 1381/1579/1579 1395/1596/1596
f 1397/1598/1598 1395/1596/1596 1381/1579/1579
f 1397/1598/1598 1381/1579/1579 1399/1601/1601
f 1398/1599/1599 1399/1601/1601 1381/1579/1579
f 1399/1601/1601 1398/1599/1599 1408/1612/1612
f 1408/1612/1612 1406/1610/1610 1399/1601/1601
f 1407/1611/1611 1399/1601/1601 1406/1610/1610
f 1399/1601/1601 1407/1611/1611 1397/1598/1598
f 1428/1644/1644 1408/1612/1612 1398/1599/1599
f 1406/1610/1610 1408/1612/1612 1409/1613/1613
f 1409/1613/1613 1410/1614/1614 1406/1610/1610
f 1411/1616/1616 1406/1610/1610 1410/1614/1614
f 1406/1610/1610 1411/1616/1616 1407/1611/1611
f 1429/1646/1646 1409/1613/1613 1408/1612/1612
f 1408/1612/1612 1428/1644/1644 1429/1646/1646
f 1430/1647/1647 1407/1611/1611 1411/1616/1616
f 1528/1778/1778 1429/1646/1646 1428/1644/1644
f 1407/1611/1611 1430/1647/1647 1441/1660/1660
f 1416/1625/1625 1441/1660/1660 1430/1647/1647
f 1441/1660/1660 1416/1625/1625 1438/1657/1657
f 1415/1623/1623 1438/1657/1657 1416/1625/1625
f 1438/1657/1657 1395/1596/1596 1441/1660/1660
f 1397/1598/1598 1441/1660/1660 1395/1596/1596
f 1441/1660/1660 1397/1598/1598 1407/1611/1611
f 1541/1795/1795 1540/1794/1794 1528/1778/1778
f 1540/1794/1794 1541/1795/1795 1426/1641/1641
f 1427/1642/1642 1426/1641/1641 1541/1795/1795
f 1426/1641/1641 1427/1642/1642 1402/1604/1604
f 1425/1639/1639 1402/1604/1604 1427/1642/1642
f 1425/1639/1639 1404/1606/1606 1402/1604/1604
f 1403/1605/1605 1402/1604/1604 1404/1606/1606
f 1403/1605/1605 1400/1602/1602 1402/1604/1604
f 1401/1603/1603 1402/1604/1604 1400/1602/1602
f 1402/1604/1604 1401/1603/1603 1426/1641/1641
f 1404/1606/1606 1405/1608/1608 1403/1605/1605
f 1400/1602/1602 1403/1605/1605 1405/1608/1608
f 1400/1602/1602 1405/1608/1608 1401/1603/1603
f 1424/1638/1638 1401/1603/1603 1405/1608/1608
f 1401/1603/1603 1424/1638/1638 1440/1659/1659
f 1440/1659/1659 1426/1641/1641 1401/1603/1603
f 1423/1636/1636 1440/1659/1659 1424/1638/1638
f 1426/1641/1641 1440/1659/1659 1540/1794/1794
f 1542/1797/1797 1540/1794/1794 1440/1659/1659
f 1440/1659/1659 1423/1636/1636 1542/1797/1797
f 1540/1794/1794 1542/1797/1797 1429/1646/1646
f 1409/1613/1613 1429/1646/1646 1542/1797/1797
f 1542/1797/1797 1543/1798/1798 1409/1613/1613
f 1543/1798/1798 1542/1797/1797 1423/1636/1636
f 1410/1614/1614 1409/1613/1613 1543/1798/1798
f 1429/1646/1646 1528/1778/1778 1540/1794/1794
f 1284/1436/1436 1285/1437/1437 1283/1435/1435
f 1286/1438/1438 1283/1435/1435 1285/1437/1437
f 1283/1435/1435 1286/1438/1438 1288/1441/1441
f 1283/1435/1435 1288/1441/1441 1284/1436/1436
f 1287/1439/1439 1288/1441/1441 1286/1438/1438
f 1286/1438/1438 1285/1437/1437 1287/1439/1439
f 1311/1475/1475 1287/1439/1439 1285/1437/1437
f 1311/1475/1475 1285/1437/1437 1313/1478/1478
f 1312/1477/1477 1313/1478/1478 1285/1437/1437
f 1285/1437/1437 1284/1436/1436 1312/1477/1477
f 1310/1474/1474 1284/1436/1436 1288/1441/1441
f 1331/1505/1505 1312/1477/1477 1284/1436/1436
f 1309/1472/1472 1331/1505/1505 1310/1474/1474
f 1284/1436/1436 1310/1474/1474 1331/1505/1505
f 1313/1478/1478 1312/1477/1477 1553/1811/1811
f 1552/1810/1810 1553/1811/1811 1312/1477/1477
f 1312/1477/1477 1331/1505/1505 1552/1810/1810
f 1553/1811/1811 1552/1810/1810 1280/1431/1431
f 1281/1433/1433 1280/1431/1431 1552/1810/1810
f 1552/1810/1810 1554/1813/1813 1281/1433/1433
f 1554/1813/1813 1552/1810/1810 1331/1505/1505
f 1331/1505/1505 1309/1472/1472 1554/1813/1813
f 1292/1446/1446 1281/1433/1433 1554/1813/1813
f 1554/1813/1813 1555/1814/1814 1292/1446/1446
f 1293/1447/1447 1292/1446/1446 1555/1814/1814
f 1555/1814/1814 1554/1813/1813 1309/1472/1472
f 1314/1480/1480 1296/1452/1452 1277/1427/1427
f 1335/1510/1510 1336/1512/1512 1334/1508/1508
f 1337/1513/1513 1334/1508/1508 1336/1512/1512
f 1336/1512/1512 1335/1510/1510 1354/1535/1535
f 1354/1535/1535 1353/1534/1534 1336/1512/1512
f 1354/1535/1535 1355/1536/1536 1353/1534/1534
f 1356/1538/1538 1353/1534/1534 1355/1536/1536
f 1357/1540/1540 1336/1512/1512 1353/1534/1534
f 1336/1512/1512 1357/1540/1540 1337/1513/1513
f 1353/1534/1534 1356/1538/1538 1359/1544/1544
f 1353/1534/1534 1359/1544/1544 1357/1540/1540
f 1358/1541/1541 1359/1544/1544 1356/1538/1538
f 1355/1536/1536 1354/1535/1535 1372/1566/1566
f 1371/1564/1564 1372/1566/1566 1354/1535/1535
f 1373/1570/1570 1357/1540/1540 1359/1544/1544
f 1357/1540/1540 1373/1570/1570 1375/1572/1572
f 1352/1533/1533 1375/1572/1572 1373/1570/1570
f 1375/1572/1572 1352/1533/1533 1374/1571/1571
f 1351/1531/1531 1374/1571/1571 1352/1533/1533
f 1374/1571/1571 1526/1776/1776 1375/1572/1572
f 1337/1513/1513 1375/1572/1572 1526/1776/1776
f 1375/1572/1572 1337/1513/1513 1357/1540/1540
f 1526/1776/1776 1338/1515/1515 1337/1513/1513
f 1334/1508/1508 1337/1513/1513 1338/1515/1515
f 1374/1571/1571 1351/1531/1531 1538/1792/1792
f 1537/1791/1791 1538/1792/1792 1351/1531/1531
f 1538/1792/1792 1537/1791/1791 1364/1553/1553
f 1366/1555/1555 1364/1553/1553 1537/1791/1791
f 1364/1553/1553 1366/1555/1555 1365/1554/1554
f 1365/1554/1554 1362/1551/1551 1364/1553/1553
f 1363/1552/1552 1364/1553/1553 1362/1551/1551
f 1364/1553/1553 1363/1552/1552 1538/1792/1792
f 1362/1551/1551 1365/1554/1554 1345/1523/1523
f 1346/1525/1525 1345/1523/1523 1365/1554/1554
f 1367/1557/1557 1365/1554/1554 1366/1555/1555
f 1367/1557/1557 1346/1525/1525 1365/1554/1554
f 1362/1551/1551 1368/1560/1560 1363/1552/1552
f 1345/1523/1523 1368/1560/1560 1362/1551/1551
f 1370/1563/1563 1363/1552/1552 1368/1560/1560
f 1363/1552/1552 1370/1563/1563 1539/1793/1793
f 1539/1793/1793 1538/1792/1792 1363/1552/1552
f 1535/1788/1788 1539/1793/1793 1370/1563/1563
f 1538/1792/1792 1539/1793/1793 1374/1571/1571
f 1526/1776/1776 1374/1571/1571 1539/1793/1793
f 1539/1793/1793 1535/1788/1788 1526/1776/1776
f 1338/1515/1515 1526/1776/1776 1535/1788/1788
f 1371/1564/1564 1354/1535/1535 1335/1510/1510
f 1380/1577/1577 1381/1578/1578 1360/1547/1547
f 1361/1549/1549 1360/1547/1547 1381/1578/1578
f 1360/1547/1547 1384/1583/1583 1380/1577/1577
f 1412/1618/1618 1380/1577/1577 1384/1583/1583
f 1380/1577/1577 1412/1618/1618 1414/1620/1620
f 1413/1619/1619 1414/1620/1620 1412/1618/1618
f 1412/1618/1618 1384/1583/1583 1416/1624/1624
f 1412/1618/1618 1416/1624/1624 1413/1619/1619
f 1415/1621/1621 1416/1624/1624 1384/1583/1583
f 1414/1620/1620 1398/1600/1600 1380/1577/1577
f 1398/1600/1600 1414/1620/1620 1428/1645/1645
f 1527/1777/1777 1428/1645/1645 1414/1620/1620
f 1414/1620/1620 1413/1619/1619 1527/1777/1777
f 1432/1650/1650 1527/1777/1777 1413/1619/1619
f 1413/1619/1619 1430/1648/1648 1432/1650/1650
f 1430/1648/1648 1413/1619/1619 1416/1624/1624
f 1411/1617/1617 1432/1650/1650 1430/1648/1648
f 1432/1650/1650 1411/1617/1617 1431/1649/1649
f 1410/1615/1615 1431/1649/1649 1411/1617/1617
f 1431/1649/1649 1529/1780/1780 1432/1650/1650
f 1527/1777/1777 1432/1650/1650 1529/1780/1780
f 1529/1780/1780 1528/1779/1779 1527/1777/1777
f 1428/1645/1645 1527/1777/1777 1528/1779/1779
f 1431/1649/1649 1410/1615/1615 1544/1800/1800
f 1543/1799/1799 1544/1800/1800 1410/1615/1615
f 1544/1800/1800 1543/1799/1799 1421/1633/1633
f 1423/1635/1635 1421/1633/1633 1543/1799/1799
f 1421/1633/1633 1423/1635/1635 1422/1634/1634
f 1422/1634/1634 1419/1631/1631 1421/1633/1633
f 1420/1632/1632 1421/1633/1633 1419/1631/1631
f 1421/1633/1633 1420/1632/1632 1544/1800/1800
f 1419/1631/1631 1422/1634/1634 1404/1607/1607
f 1405/1609/1609 1404/1607/1607 1422/1634/1634
f 1424/1637/1637 1422/1634/1634 1423/1635/1635
f 1424/1637/1637 1405/1609/1609 1422/1634/1634
f 1419/1631/1631 1425/1640/1640 1420/1632/1632
f 1404/1607/1607 1425/1640/1640 1419/1631/1631
f 1427/1643/1643 1420/1632/1632 1425/1640/1640
f 1420/1632/1632 1427/1643/1643 1545/1801/1801
f 1541/1796/1796 1545/1801/1801 1427/1643/1643
f 1545/1801/1801 1544/1800/1800 1420/1632/1632
f 1544/1800/1800 1545/1801/1801 1431/1649/1649
f 1529/1780/1780 1431/1649/1649 1545/1801/1801
f 1545/1801/1801 1541/1796/1796 1529/1780/1780
f 1528/1779/1779 1529/1780/1780 1541/1796/1796
f 1381/1578/1578 1380/1577/1577 1398/1600/1600
f 1436/1654/1654 1437/1655/1655 1417/1627/1627
f 1418/1629/1629 1417/1627/1627 1437/1655/1655
f 1417/1627/1627 1323/1497/1497 1436/1654/1654
f 1485/1721/1721 1436/1654/1654 1323/1497/1497
f 1485/1721/1721 1323/1497/1497 1486/1722/1722
f 1322/1495/1495 1486/1722/1722 1323/1497/1497
f 1436/1654/1654 1485/1721/1721 1503/1745/1745
f 1502/1744/1744 1503/1745/1745 1485/1721/1721
f 1485/1721/1721 1486/1722/1722 1502/1744/1744
f 1503/1745/1745 1488/1726/1726 1436/1654/1654
f 1488/1726/1726 1503/1745/1745 1513/1760/1760
f 1530/1781/1781 1513/1760/1760 1503/1745/1745
f 1503/1745/1745 1502/1744/1744 1530/1781/1781
f 1517/1765/1765 1530/1781/1781 1502/1744/1744
f 1502/1744/1744 1515/1763/1763 1517/1765/1765
f 1501/1743/1743 1517/1765/1765 1515/1763/1763
f 1517/1765/1765 1501/1743/1743 1516/1764/1764
f 1500/1741/1741 1516/1764/1764 1501/1743/1743
f 1516/1764/1764 1532/1784/1784 1517/1765/1765
f 1530/1781/1781 1517/1765/1765 1532/1784/1784
f 1532/1784/1784 1531/1783/1783 1530/1781/1781
f 1513/1760/1760 1530/1781/1781 1531/1783/1783
f 1516/1764/1764 1500/1741/1741 1550/1808/1808
f 1549/1807/1807 1550/1808/1808 1500/1741/1741
f 1550/1808/1808 1549/1807/1807 1506/1748/1748
f 1508/1750/1750 1506/1748/1748 1549/1807/1807
f 1506/1748/1748 1508/1750/1750 1507/1749/1749
f 1507/1749/1749 1504/1746/1746 1506/1748/1748
f 1505/1747/1747 1506/1748/1748 1504/1746/1746
f 1506/1748/1748 1505/1747/1747 1550/1808/1808
f 1504/1746/1746 1507/1749/1749 1494/1733/1733
f 1495/1735/1735 1494/1733/1733 1507/1749/1749
f 1509/1752/1752 1507/1749/1749 1508/1750/1750
f 1509/1752/1752 1495/1735/1735 1507/1749/1749
f 1504/1746/1746 1510/1755/1755 1505/1747/1747
f 1494/1733/1733 1510/1755/1755 1504/1746/1746
f 1512/1758/1758 1505/1747/1747 1510/1755/1755
f 1505/1747/1747 1512/1758/1758 1551/1809/1809
f 1547/1804/1804 1551/1809/1809 1512/1758/1758
f 1551/1809/1809 1550/1808/1808 1505/1747/1747
f 1550/1808/1808 1551/1809/1809 1516/1764/1764
f 1532/1784/1784 1516/1764/1764 1551/1809/1809
f 1551/1809/1809 1547/1804/1804 1532/1784/1784
f 1531/1783/1783 1532/1784/1784 1547/1804/1804
f 1442/1661/1661 1443/1662/1662 1418/1630/1630
f 1433/1651/1651 1418/1630/1630 1443/1662/1662
f 1442/1661/1661 1483/1719/1719 1443/1662/1662
f 1482/1718/1718 1443/1662/1662 1483/1719/1719
f 1483/1719/1719 1322/1494/1494 1482/1718/1718
f 1325/1499/1499 1482/1718/1718 1322/1494/1494
f 1418/1630/1630 1437/1656/1656 1442/1661/1661
f 1487/1724/1724 1442/1661/1661 1437/1656/1656
f 1487/1724/1724 1437/1656/1656 1489/1727/1727
f 1488/1725/1725 1489/1727/1727 1437/1656/1656
f 1489/1727/1727 1488/1725/1725 1498/1738/1738
f 1498/1738/1738 1496/1736/1736 1489/1727/1727
f 1497/1737/1737 1489/1727/1727 1496/1736/1736
f 1489/1727/1727 1497/1737/1737 1487/1724/1724
f 1513/1759/1759 1498/1738/1738 1488/1725/1725
f 1496/1736/1736 1498/1738/1738 1499/1739/1739
f 1499/1739/1739 1500/1740/1740 1496/1736/1736
f 1501/1742/1742 1496/1736/1736 1500/1740/1740
f 1496/1736/1736 1501/1742/1742 1497/1737/1737
f 1514/1761/1761 1499/1739/1739 1498/1738/1738
f 1498/1738/1738 1513/1759/1759 1514/1761/1761
f 1515/1762/1762 1497/1737/1737 1501/1742/1742
f 1531/1782/1782 1514/1761/1761 1513/1759/1759
f 1497/1737/1737 1515/1762/1762 1519/1767/1767
f 1486/1723/1723 1519/1767/1767 1515/1762/1762
f 1519/1767/1767 1486/1723/1723 1483/1719/1719
f 1322/1494/1494 1483/1719/1719 1486/1723/1723
f 1483/1719/1719 1442/1661/1661 1519/1767/1767
f 1487/1724/1724 1519/1767/1767 1442/1661/1661
f 1519/1767/1767 1487/1724/1724 1497/1737/1737
f 1547/1803/1803 1546/1802/1802 1531/1782/1782
f 1546/1802/1802 1547/1803/1803 1511/1756/1756
f 1512/1757/1757 1511/1756/1756 1547/1803/1803
f 1511/1756/1756 1512/1757/1757 1492/1730/1730
f 1510/1754/1754 1492/1730/1730 1512/1757/1757
f 1510/1754/1754 1494/1732/1732 1492/1730/1730
f 1493/1731/1731 1492/1730/1730 1494/1732/1732
f 1493/1731/1731 1490/1728/1728 1492/1730/1730
f 1491/1729/1729 1492/1730/1730 1490/1728/1728
f 1492/1730/1730 1491/1729/1729 1511/1756/1756
f 1494/1732/1732 1495/1734/1734 1493/1731/1731
f 1490/1728/1728 1493/1731/1731 1495/1734/1734
f 1490/1728/1728 1495/1734/1734 1491/1729/1729
f 1509/1753/1753 1491/1729/1729 1495/1734/1734
f 1491/1729/1729 1509/1753/1753 1518/1766/1766
f 1518/1766/1766 1511/1756/1756 1491/1729/1729
f 1508/1751/1751 1518/1766/1766 1509/1753/1753
f 1511/1756/1756 1518/1766/1766 1546/1802/1802
f 1548/1805/1805 1546/1802/1802 1518/1766/1766
f 1518/1766/1766 1508/1751/1751 1548/1805/1805
f 1546/1802/1802 1548/1805/1805 1514/1761/1761
f 1499/1739/1739 1514/1761/1761 1548/1805/1805
f 1548/1805/1805 1549/1806/1806 1499/1739/1739
f 1549/1806/1806 1548/1805/1805 1508/1751/1751
f 1500/1740/1740 1499/1739/1739 1549/1806/1806
f 1514/1761/1761 1531/1782/1782 1546/1802/1802
f 1448/1669/1669 1449/1670/1670 1444/1664/1664
f 1450/1672/1672 1444/1664/1664 1449/1670/1670
f 1444/1664/1664 1447/1668/1668 1448/1669/1669
f 1481/1717/1717 1448/1669/1669 1447/1668/1668
f 1447/1668/1668 1460/1689/1689 1481/1717/1717
f 1473/1706/1706 1481/1717/1717 1460/1689/1689
f 1449/1670/1670 1448/1669/1669 1525/1774/1774
f 1524/1773/1773 1525/1774/1774 1448/1669/1669
f 1448/1669/1669 1481/1717/1717 1524/1773/1773
f 1525/1774/1774 1524/1773/1773 1475/1709/1709
f 1476/1711/1711 1475/1709/1709 1524/1773/1773
f 1475/1709/1709 1476/1711/1711 1474/1708/1708
f 1463/1693/1693 1474/1708/1708 1476/1711/1711
f 1476/1711/1711 1477/1712/1712 1463/1693/1693
f 1464/1694/1694 1463/1693/1693 1477/1712/1712
f 1463/1693/1693 1464/1694/1694 1462/1691/1691
f 1463/1693/1693 1462/1691/1691 1474/1708/1708
f 1455/1680/1680 1462/1691/1691 1464/1694/1694
f 1477/1712/1712 1478/1713/1713 1464/1694/1694
f 1456/1682/1682 1464/1694/1694 1478/1713/1713
f 1456/1682/1682 1455/1680/1680 1464/1694/1694
f 1478/1713/1713 1477/1712/1712 1521/1770/1770
f 1523/1772/1772 1521/1770/1770 1477/1712/1712
f 1521/1770/1770 1523/1772/1772 1473/1706/1706
f 1481/1717/1717 1473/1706/1706 1523/1772/1772
f 1523/1772/1772 1524/1773/1773 1481/1717/1717
f 1524/1773/1773 1523/1772/1772 1476/1711/1711
f 1477/1712/1712 1476/1711/1711 1523/1772/1772
f 1452/1676/1676 1453/1677/1677 1451/1675/1675
f 1454/1678/1678 1451/1675/1675 1453/1677/1677
f 1452/1676/1676 1451/1675/1675 1456/1681/1681
f 1455/1679/1679 1456/1681/1681 1451/1675/1675
f 1451/1675/1675 1454/1678/1678 1455/1679/1679
f 1462/1692/1692 1455/1679/1679 1454/1678/1678
f 1453/1677/1677 1474/1707/1707 1454/1678/1678
f 1462/1692/1692 1454/1678/1678 1474/1707/1707
f 1453/1677/1677 1452/1676/1676 1480/1716/1716
f 1479/1715/1715 1480/1716/1716 1452/1676/1676
f 1452/1676/1676 1456/1681/1681 1479/1715/1715
f 1478/1714/1714 1479/1715/1715 1456/1681/1681
f 1480/1716/1716 1479/1715/1715 1522/1771/1771
f 1520/1768/1768 1522/1771/1771 1479/1715/1715
f 1479/1715/1715 1478/1714/1714 1520/1768/1768
f 1522/1771/1771 1520/1768/1768 1484/1720/1720
f 1472/1704/1704 1484/1720/1720 1520/1768/1768
f 1484/1720/1720 1472/1704/1704 1466/1696/1696
f 1466/1696/1696 1450/1673/1673 1484/1720/1720
f 1450/1673/1673 1466/1696/1696 1470/1701/1701
f 1449/1671/1671 1484/1720/1720 1450/1673/1673
f 1484/1720/1720 1449/1671/1671 1522/1771/1771
f 1520/1768/1768 1521/1769/1769 1472/1704/1704
f 1473/1705/1705 1472/1704/1704 1521/1769/1769
f 1525/1775/1775 1522/1771/1771 1449/1671/1671
f 1522/1771/1771 1525/1775/1775 1480/1716/1716
f 1475/1710/1710 1480/1716/1716 1525/1775/1775
f 1480/1716/1716 1475/1710/1710 1453/1677/1677
f 1474/1707/1707 1453/1677/1677 1475/1710/1710
f 1521/1769/1769 1520/1768/1768 1478/1714/1714
f 1386/1587/1587 1385/1585/1585 1457/1683/1683
f 1261/1407/1407 1458/1685/1685 1272/1421/1421
f 1392/1593/1593 1272/1421/1421 1458/1685/1685
f 1261/1407/1407 1260/1406/1406 1458/1685/1685
f 1468/1698/1698 1458/1685/1685 1260/1406/1406
f 1458/1685/1685 1468/1698/1698 1459/1686/1686
f 1378/1575/1575 1272/1421/1421 1392/1593/1593
f 1272/1421/1421 1378/1575/1575 1275/1424/1424
f 1377/1574/1574 1275/1424/1424 1378/1575/1575
f 1275/1424/1424 1377/1574/1574 1274/1423/1423
f 1377/1574/1574 1396/1597/1597 1439/1658/1658
f 1377/1574/1574 1376/1573/1573 1396/1597/1597
f 1437/1655/1655 1436/1654/1654 1488/1726/1726
f 1515/1763/1763 1502/1744/1744 1486/1722/1722
f 1326/1500/1500 1314/1481/1481 1291/1445/1445
f 1291/1445/1445 1290/1444/1444 1326/1500/1500
f 1332/1506/1506 1326/1500/1500 1290/1444/1444
f 223/246/246 64/74/74 210/233/233
f 413/449/449 408/444/444 407/443/443
f 413/449/449 379/404/404 408/444/444
f 1145/1289/1289 442/486/486 441/485/485
f 534/598/598 371/396/396 476/527/527
f 533/597/597 532/596/596 546/612/612
f 535/600/600 468/516/516 477/528/528
f 477/528/528 545/611/611 535/600/600
f 522/583/583 545/611/611 477/528/528
f 477/528/528 469/517/517 522/583/583
f 477/528/528 454/499/499 469/517/517
f 453/498/498 469/517/517 454/499/499
f 650/734/734 648/732/732 649/733/733
f 714/807/807 684/770/770 683/769/769
f 715/808/808 707/799/799 714/807/807
f 949/1073/1073 899/1021/1021 904/1026/1026
f 1075/1204/1204 1074/1203/1203 1076/1206/1206
f 1108/1248/1248 1104/1243/1243 1100/1238/1238
f 1099/1237/1237 1106/1246/1246 1100/1238/1238
f 1066/1191/1191 1061/1186/1186 1060/1185/1185
f 181/200/200 1562/1823/1823 173/189/189
f 173/189/189 1562/1823/1823 171/186/186
f 174/191/191 1562/1823/1823 181/200/200
f 174/191/191 171/186/186 1562/1823/1823
f 983/1107/1107 975/1099/1099 979/1103/1103
f 823/926/926 818/920/920 771/866/866
f 1225/1370/1370 1235/1380/1380 1234/1379/1379
f 1262/1408/1408 471/520/520 1258/1403/1403
f 472/523/523 471/520/520 1262/1408/1408
f 1265/1412/1412 380/406/406 1257/1402/1402
f 1271/1420/1420 1273/1422/1422 523/585/585
f 1333/1507/1507 1328/1502/1502 1330/1504/1504
f 1324/1498/1498 1328/1502/1502 1333/1507/1507
f 1443/1662/1662 1434/1652/1652 1433/1651/1651
f 1443/1662/1662 1482/1718/1718 1434/1652/1652
f 1482/1718/1718 1325/1499/1499 1434/1652/1652
f 1446/1666/1666 1382/1580/1580 1461/1690/1690
f 3068/3583/3583 1558/1818/1818 1200/1345/1345
f 1200/1345/1345 1558/1819/1819 1201/1346/1346
f 2522/2905/2905 1201/1346/1346 1558/1819/1819
f 1201/1346/1346 2522/2905/2905 1202/1347/1347
f 2556/2940/2940 1202/1347/1347 2522/2905/2905
f 2522/2905/2905 2523/2906/2906 2556/2940/2940
f 2522/2905/2905 2348/2709/2709 2523/2906/2906
f 2522/2905/2905 1558/1819/1819 2348/2709/2709
f 2524/2907/2907 2523/2906/2906 2348/2709/2709
f 2558/2942/2942 2556/2940/2940 2523/2906/2906
f 2558/2942/2942 2557/2941/2941 2556/2940/2940
f 1034/1159/1159 2556/2940/2940 2557/2941/2941
f 1034/1159/1159 1202/1347/1347 2556/2940/2940
f 2523/2906/2906 2524/2907/2907 2710/3114/3114
f 2498/2881/2881 2710/3114/3114 2524/2907/2907
f 2498/2881/2881 2524/2907/2907 2497/2880/2880
f 2498/2881/2881 2497/2880/2880 2488/2871/2871
f 2710/3114/3114 2498/2881/2881 2488/2871/2871
f 2487/2870/2870 2488/2871/2871 2497/2880/2880
f 2488/2871/2871 2487/2870/2870 2483/2866/2866
f 2486/2869/2869 2483/2866/2866 2487/2870/2870
f 2486/2869/2869 2485/2868/2868 2483/2866/2866
f 2484/2867/2867 2483/2866/2866 2485/2868/2868
f 2483/2866/2866 2496/2879/2879 2488/2871/2871
f 2483/2866/2866 2484/2867/2867 2496/2879/2879
f 2495/2878/2878 2488/2871/2871 2496/2879/2879
f 2495/2878/2878 2496/2879/2879 2548/2932/2932
f 2553/2937/2937 2548/2932/2932 2496/2879/2879
f 2553/2937/2937 2496/2879/2879 2484/2867/2867
f 2548/2932/2932 2553/2937/2937 2547/2931/2931
f 2547/2931/2931 2490/2873/2873 2548/2932/2932
f 2491/2874/2874 2548/2932/2932 2490/2873/2873
f 2490/2873/2873 2489/2872/2872 2491/2874/2874
f 2492/2875/2875 2491/2874/2874 2489/2872/2872
f 2491/2874/2874 2492/2875/2875 2493/2876/2876
f 2494/2877/2877 2493/2876/2876 2492/2875/2875
f 2489/2872/2872 1866/2148/2148 2492/2875/2875
f 1866/2148/2148 2489/2872/2872 1759/2041/2041
f 1759/2041/2041 1758/2040/2040 1866/2148/2148
f 1758/2040/2040 1759/2041/2041 1694/1967/1967
f 1758/2040/2040 1694/1967/1967 1756/2038/2038
f 1695/1969/1969 1756/2038/2038 1694/1967/1967
f 1695/1969/1969 1668/1938/1938 1756/2038/2038
f 1757/2039/2039 1756/2038/2038 1668/1938/1938
f 1757/2039/2039 1668/1938/1938 1731/2007/2007
f 1669/1940/1940 1731/2007/2007 1668/1938/1938
f 1731/2007/2007 1669/1940/1940 1732/2008/2008
f 1607/1873/1873 1732/2008/2008 1669/1940/1940
f 1732/2008/2008 1829/2111/2111 1731/2007/2007
f 1832/2114/2114 1731/2007/2007 1829/2111/2111
f 1731/2007/2007 1832/2114/2114 1757/2039/2039
f 1829/2111/2111 1732/2008/2008 1828/2110/2110
f 1829/2111/2111 1828/2110/2110 1830/2112/2112
f 1831/2113/2113 1830/2112/2112 1828/2110/2110
f 1828/2110/2110 1859/2141/2141 1831/2113/2113
f 1860/2142/2142 1831/2113/2113 1859/2141/2141
f 1828/2110/2110 1861/2143/2143 1859/2141/2141
f 1861/2143/2143 1828/2110/2110 1732/2008/2008
f 1869/2151/2151 1859/2141/2141 1861/2143/2143
f 1869/2151/2151 1736/2013/2013 1859/2141/2141
f 1820/2102/2102 1859/2141/2141 1736/2013/2013
f 1859/2141/2141 1820/2102/2102 1860/2142/2142
f 1820/2102/2102 1736/2013/2013 1816/2098/2098
f 1861/2143/2143 1728/2003/2003 1869/2151/2151
f 1729/2005/2005 1869/2151/2151 1728/2003/2003
f 1869/2151/2151 1729/2005/2005 1736/2013/2013
f 1728/2003/2003 1861/2143/2143 1608/1875/1875
f 1901/2183/2183 1608/1875/1875 1861/2143/2143
f 1861/2143/2143 1732/2008/2008 1901/2183/2183
f 1608/1875/1875 1901/2183/2183 1732/2008/2008
f 1816/2098/2098 1817/2099/2099 1820/2102/2102
f 1607/1873/1873 1608/1875/1875 1732/2008/2008
f 1860/2142/2142 1820/2102/2102 1817/2099/2099
f 1860/2142/2142 1817/2099/2099 1810/2092/2092
f 1810/2092/2092 1811/2093/2093 1860/2142/2142
f 1831/2113/2113 1860/2142/2142 1811/2093/2093
f 1811/2093/2093 1833/2115/2115 1831/2113/2113
f 1830/2112/2112 1831/2113/2113 1833/2115/2115
f 1833/2115/2115 1811/2093/2093 1836/2118/2118
f 1836/2118/2118 1835/2117/2117 1833/2115/2115
f 1834/2116/2116 1833/2115/2115 1835/2117/2117
f 1834/2116/2116 1830/2112/2112 1833/2115/2115
f 1835/2117/2117 1836/2118/2118 1851/2133/2133
f 1852/2134/2134 1851/2133/2133 1836/2118/2118
f 1835/2117/2117 1863/2145/2145 1834/2116/2116
f 1862/2144/2144 1834/2116/2116 1863/2145/2145
f 1863/2145/2145 1853/2135/2135 1862/2144/2144
f 1822/2104/2104 1862/2144/2144 1853/2135/2135
f 1853/2135/2135 1827/2109/2109 1822/2104/2104
f 1821/2103/2103 1822/2104/2104 1827/2109/2109
f 1822/2104/2104 1821/2103/2103 1823/2105/2105
f 1824/2106/2106 1823/2105/2105 1821/2103/2103
f 1827/2109/2109 1826/2108/2108 1821/2103/2103
f 1825/2107/2107 1821/2103/2103 1826/2108/2108
f 1821/2103/2103 1825/2107/2107 1824/2106/2106
f 1826/2108/2108 1827/2109/2109 1854/2136/2136
f 1855/2137/2137 1854/2136/2136 1827/2109/2109
f 1855/2137/2137 1827/2109/2109 1856/2138/2138
f 1853/2135/2135 1856/2138/2138 1827/2109/2109
f 1856/2138/2138 1853/2135/2135 1865/2147/2147
f 1863/2145/2145 1865/2147/2147 1853/2135/2135
f 1854/2136/2136 1855/2137/2137 1884/2166/2166
f 1883/2165/2165 1884/2166/2166 1855/2137/2137
f 1855/2137/2137 1856/2138/2138 1883/2165/2165
f 1883/2165/2165 1881/2163/2163 1884/2166/2166
f 1885/2167/2167 1884/2166/2166 1881/2163/2163
f 1881/2163/2163 1883/2165/2165 1882/2164/2164
f 1882/2164/2164 339/362/362 1881/2163/2163
f 338/361/361 1881/2163/2163 339/362/362
f 1881/2163/2163 338/361/361 1885/2167/2167
f 1894/2176/2176 1882/2164/2164 1883/2165/2165
f 1018/1143/1143 1885/2167/2167 338/361/361
f 1885/2167/2167 1018/1143/1143 2542/2926/2926
f 1017/1142/1142 2542/2926/2926 1018/1143/1143
f 2542/2926/2926 2543/2927/2927 1885/2167/2167
f 2542/2926/2926 1017/1142/1142 2551/2935/2935
f 2551/2935/2935 2543/2927/2927 2542/2926/2926
f 1028/1153/1153 2551/2935/2935 1017/1142/1142
f 2543/2927/2927 2551/2935/2935 2500/2883/2883
f 2499/2882/2882 2500/2883/2883 2551/2935/2935
f 2500/2883/2883 2499/2882/2882 2494/2877/2877
f 2493/2876/2876 2494/2877/2877 2499/2882/2882
f 2499/2882/2882 2550/2934/2934 2493/2876/2876
f 2549/2933/2933 2493/2876/2876 2550/2934/2934
f 2493/2876/2876 2549/2933/2933 2491/2874/2874
f 2548/2932/2932 2491/2874/2874 2549/2933/2933
f 2550/2934/2934 2552/2936/2936 2549/2933/2933
f 2495/2878/2878 2549/2933/2933 2552/2936/2936
f 2549/2933/2933 2495/2878/2878 2548/2932/2932
f 2552/2936/2936 2710/3114/3114 2495/2878/2878
f 2488/2871/2871 2495/2878/2878 2710/3114/3114
f 2552/2936/2936 2550/2934/2934 2558/2942/2942
f 2557/2941/2941 2558/2942/2942 2550/2934/2934
f 2550/2934/2934 2499/2882/2882 2557/2941/2941
f 2551/2935/2935 2557/2941/2941 2499/2882/2882
f 2557/2941/2941 2551/2935/2935 1034/1159/1159
f 1028/1153/1153 1034/1159/1159 2551/2935/2935
f 2558/2942/2942 2523/2906/2906 2552/2936/2936
f 2710/3114/3114 2552/2936/2936 2523/2906/2906
f 1584/1845/1845 1583/1843/1843 1581/1841/1841
f 1582/1842/1842 1581/1841/1841 1583/1843/1843
f 1584/1845/1845 1581/1841/1841 1603/1866/1866
f 1602/1865/1865 1603/1866/1866 1581/1841/1841
f 1602/1865/1865 1581/1841/1841 1585/1847/1847
f 1601/1864/1864 1585/1847/1847 1581/1841/1841
f 1582/1842/1842 1601/1864/1864 1581/1841/1841
f 1603/1866/1866 1602/1865/1865 1604/1868/1868
f 1605/1870/1870 1604/1868/1868 1602/1865/1865
f 1602/1865/1865 1585/1847/1847 1605/1870/1870
f 1605/1870/1870 1596/1858/1858 1604/1868/1868
f 1597/1859/1859 1604/1868/1868 1596/1858/1858
f 1586/1848/1848 1605/1870/1870 1585/1847/1847
f 1588/1850/1850 1585/1847/1847 1601/1864/1864
f 2755/3159/3159 1605/1870/1870 1586/1848/1848
f 1596/1858/1858 1605/1870/1870 2755/3159/3159
f 2755/3159/3159 1586/1848/1848 1770/2052/2052
f 2755/3159/3159 1770/2052/2052 1596/1858/1858
f 1587/1849/1849 1770/2052/2052 1586/1848/1848
f 1770/2052/2052 1587/1849/1849 1771/2053/2053
f 1626/1895/1895 1771/2053/2053 1587/1849/1849
f 1599/1862/1862 1627/1896/1896 1588/1850/1850
f 1651/1920/1920 1650/1919/1919 1648/1917/1917
f 1649/1918/1918 1648/1917/1917 1650/1919/1919
f 1648/1917/1917 2678/3081/3081 1651/1920/1920
f 2704/3108/3108 1651/1920/1920 2678/3081/3081
f 1649/1918/1918 1650/1919/1919 2673/3076/3076
f 2673/3076/3076 1791/2073/2073 1649/1918/1918
f 2673/3076/3076 2672/3075/3075 1791/2073/2073
f 1787/2069/2069 1791/2073/2073 2672/3075/3075
f 2672/3075/3075 1718/1992/1992 1787/2069/2069
f 1614/1881/1881 1787/2069/2069 1718/1992/1992
f 2672/3075/3075 2673/3076/3076 2705/3109/3109
f 2706/3110/3110 2705/3109/3109 2673/3076/3076
f 2706/3110/3110 1723/1997/1997 2705/3109/3109
f 2706/3110/3110 1650/1919/1919 1723/1997/1997
f 1724/1998/1998 1723/1997/1997 1650/1919/1919
f 1721/1995/1995 2705/3109/3109 1723/1997/1997
f 2706/3110/3110 2673/3076/3076 1650/1919/1919
f 1717/1991/1991 2705/3109/3109 1721/1995/1995
f 2705/3109/3109 1717/1991/1991 2672/3075/3075
f 1718/1992/1992 2672/3075/3075 1717/1991/1991
f 1650/1919/1919 1651/1920/1920 1724/1998/1998
f 2704/3108/3108 1730/2006/2006 1651/1920/1920
f 1730/2006/2006 2704/3108/3108 3061/3579/3579
f 3061/3579/3579 1737/2015/2015 1730/2006/2006
f 1733/2010/2010 1737/2015/2015 3061/3579/3579
f 3061/3579/3579 2704/3108/3108 1733/2010/2010
f 3064/3581/3581 1733/2010/2010 2704/3108/3108
f 3064/3581/3581 1622/1889/1889 1733/2010/2010
f 3064/3581/3581 1625/1894/1894 1622/1889/1889
f 2704/3108/3108 1625/1894/1894 3064/3581/3581
f 2704/3108/3108 2678/3081/3081 1625/1894/1894
f 2675/3078/3078 2678/3081/3081 1648/1917/1917
f 1648/1917/1917 2679/3082/3082 2675/3078/3078
f 1648/1917/1917 1649/1918/1918 2679/3082/3082
f 1669/1939/1939 1644/1913/1913 1607/1872/1872
f 1584/1846/1846 1603/1867/1867 1749/2031/2031
f 1584/1846/1846 1749/2031/2031 1583/1844/1844
f 1746/2028/2028 1583/1844/1844 1749/2031/2031
f 1749/2031/2031 1844/2126/2126 1746/2028/2028
f 1807/2089/2089 1746/2028/2028 1844/2126/2126
f 1746/2028/2028 1807/2089/2089 1742/2022/2022
f 1844/2126/2126 1879/2161/2161 1807/2089/2089
f 1747/2029/2029 1750/2032/2032 1603/1867/1867
f 1693/1965/1965 1694/1967/1967 1759/2041/2041
f 1693/1965/1965 1759/2041/2041 2195/2539/2539
f 2369/2737/2737 2195/2539/2539 1759/2041/2041
f 2195/2539/2539 2369/2737/2737 2196/2541/2541
f 2406/2785/2785 2196/2541/2541 2369/2737/2737
f 2406/2785/2785 2405/2784/2784 2196/2541/2541
f 2404/2783/2783 2196/2541/2541 2405/2784/2784
f 2405/2784/2784 2412/2792/2792 2404/2783/2783
f 2411/2790/2790 2404/2783/2783 2412/2792/2792
f 2406/2785/2785 2369/2737/2737 2490/2873/2873
f 2489/2872/2872 2490/2873/2873 2369/2737/2737
f 2490/2873/2873 2547/2931/2931 2406/2785/2785
f 2405/2784/2784 2406/2785/2785 2547/2931/2931
f 2547/2931/2931 2554/2938/2938 2405/2784/2784
f 2412/2792/2792 2405/2784/2784 2554/2938/2938
f 2412/2792/2792 2387/2763/2763 2411/2790/2790
f 2385/2761/2761 2411/2790/2790 2387/2763/2763
f 2385/2761/2761 2387/2763/2763 2384/2759/2759
f 2386/2762/2762 2384/2759/2759 2387/2763/2763
f 2386/2762/2762 2387/2763/2763 2478/2861/2861
f 2479/2862/2862 2478/2861/2861 2387/2763/2763
f 2478/2861/2861 2482/2865/2865 2386/2762/2762
f 2482/2865/2865 2478/2861/2861 2480/2863/2863
f 2481/2864/2864 2480/2863/2863 2478/2861/2861
f 2478/2861/2861 2479/2862/2862 2481/2864/2864
f 2525/2908/2908 2386/2762/2762 2482/2865/2865
f 2482/2865/2865 2519/2902/2902 2525/2908/2908
f 2515/2898/2898 2525/2908/2908 2519/2902/2902
f 2519/2902/2902 2463/2846/2846 2515/2898/2898
f 2372/2741/2741 2515/2898/2898 2463/2846/2846
f 2463/2846/2846 2454/2837/2837 2372/2741/2741
f 2371/2740/2740 2372/2741/2741 2454/2837/2837
f 2371/2740/2740 2370/2738/2738 2372/2741/2741
f 2373/2742/2742 2372/2741/2741 2370/2738/2738
f 2370/2738/2738 2371/2740/2740 2374/2745/2745
f 2379/2751/2751 2374/2745/2745 2371/2740/2740
f 2374/2745/2745 2379/2751/2751 2380/2753/2753
f 2381/2754/2754 2380/2753/2753 2379/2751/2751
f 2381/2754/2754 2383/2757/2757 2380/2753/2753
f 2382/2755/2755 2380/2753/2753 2383/2757/2757
f 2381/2754/2754 2379/2751/2751 2501/2884/2884
f 2453/2836/2836 2501/2884/2884 2379/2751/2751
f 2379/2751/2751 2371/2740/2740 2453/2836/2836
f 2454/2837/2837 2453/2836/2836 2371/2740/2740
f 2454/2837/2837 2464/2847/2847 2453/2836/2836
f 2464/2847/2847 2454/2837/2837 2465/2848/2848
f 2463/2846/2846 2465/2848/2848 2454/2837/2837
f 2504/2887/2887 2453/2836/2836 2464/2847/2847
f 2453/2836/2836 2504/2887/2887 2501/2884/2884
f 2509/2892/2892 2501/2884/2884 2504/2887/2887
f 2465/2848/2848 2463/2846/2846 2520/2903/2903
f 2519/2902/2902 2520/2903/2903 2463/2846/2846
f 2465/2848/2848 2712/3116/3116 2464/2847/2847
f 2711/3115/3115 2464/2847/2847 2712/3116/3116
f 2464/2847/2847 2711/3115/3115 2504/2887/2887
f 2713/3117/3117 2504/2887/2887 2711/3115/3115
f 2504/2887/2887 2713/3117/3117 2509/2892/2892
f 2714/3118/3118 2509/2892/2892 2713/3117/3117
f 2519/2902/2902 2482/2865/2865 2520/2903/2903
f 2480/2863/2863 2520/2903/2903 2482/2865/2865
f 2711/3115/3115 2712/3116/3116 2733/3137/3137
f 2736/3140/3140 2733/3137/3137 2712/3116/3116
f 2733/3137/3137 2736/3140/3140 2462/2845/2845
f 2462/2845/2845 2735/3139/3139 2733/3137/3137
f 2734/3138/3138 2733/3137/3137 2735/3139/3139
f 2735/3139/3139 2462/2845/2845 2459/2842/2842
f 2458/2841/2841 2459/2842/2842 2462/2845/2845
f 2459/2842/2842 2458/2841/2841 2460/2843/2843
f 2455/2838/2838 2460/2843/2843 2458/2841/2841
f 2458/2841/2841 2457/2840/2840 2455/2838/2838
f 2456/2839/2839 2455/2838/2838 2457/2840/2840
f 2456/2839/2839 2347/2708/2708 2455/2838/2838
f 2343/2702/2702 2455/2838/2838 2347/2708/2708
f 2455/2838/2838 2343/2702/2702 2460/2843/2843
f 2347/2708/2708 2344/2704/2704 2343/2702/2702
f 2347/2708/2708 2346/2707/2707 2344/2704/2704
f 2345/2705/2705 2344/2704/2704 2346/2707/2707
f 2342/2701/2701 2343/2702/2702 2344/2704/2704
f 2343/2702/2702 2342/2701/2701 2340/2698/2698
f 2236/2586/2586 2340/2698/2698 2342/2701/2701
f 2340/2698/2698 2236/2586/2586 2341/2699/2699
f 2237/2588/2588 2341/2699/2699 2236/2586/2586
f 2346/2707/2707 2349/2710/2710 2345/2705/2705
f 2350/2711/2711 2345/2705/2705 2349/2710/2710
f 2350/2711/2711 2349/2710/2710 2265/2619/2619
f 2348/2709/2709 2265/2619/2619 2349/2710/2710
f 2341/2699/2699 2503/2886/2886 2340/2698/2698
f 2237/2588/2588 2244/2596/2596 2341/2699/2699
f 2521/2904/2904 2341/2699/2699 2244/2596/2596
f 2521/2904/2904 2244/2596/2596 2339/2697/2697
f 2521/2904/2904 2339/2697/2697 2507/2890/2890
f 2467/2850/2850 2507/2890/2890 2339/2697/2697
f 2467/2850/2850 2339/2697/2697 2466/2849/2849
f 2467/2850/2850 2466/2849/2849 2468/2851/2851
f 2467/2850/2850 2468/2851/2851 2507/2890/2890
f 2429/2810/2810 2468/2851/2851 2466/2849/2849
f 2338/2696/2696 2466/2849/2849 2339/2697/2697
f 2339/2697/2697 2256/2609/2609 2338/2696/2696
f 2219/2565/2565 2338/2696/2696 2256/2609/2609
f 2338/2696/2696 2219/2565/2565 2335/2692/2692
f 2338/2696/2696 2335/2692/2692 2466/2849/2849
f 2220/2567/2567 2335/2692/2692 2219/2565/2565
f 2335/2692/2692 2220/2567/2567 2336/2693/2693
f 2337/2694/2694 2336/2693/2693 2220/2567/2567
f 2337/2694/2694 2399/2777/2777 2336/2693/2693
f 2129/2459/2459 2336/2693/2693 2399/2777/2777
f 2335/2692/2692 2336/2693/2693 2469/2852/2852
f 2469/2852/2852 2466/2849/2849 2335/2692/2692
f 2541/2925/2925 2469/2852/2852 2336/2693/2693
f 2336/2693/2693 2129/2459/2459 2541/2925/2925
f 2541/2925/2925 2427/2808/2808 2469/2852/2852
f 2428/2809/2809 2469/2852/2852 2427/2808/2808
f 2428/2809/2809 2427/2808/2808 2425/2806/2806
f 2426/2807/2807 2425/2806/2806 2427/2808/2808
f 2428/2809/2809 2425/2806/2806 2429/2810/2810
f 2466/2849/2849 2469/2852/2852 2429/2810/2810
f 2428/2809/2809 2429/2810/2810 2469/2852/2852
f 2430/2811/2811 2429/2810/2810 2425/2806/2806
f 2429/2810/2810 2430/2811/2811 2468/2851/2851
f 2477/2860/2860 2468/2851/2851 2430/2811/2811
f 2430/2811/2811 2476/2859/2859 2477/2860/2860
f 2476/2859/2859 2430/2811/2811 2474/2857/2857
f 2475/2858/2858 2474/2857/2857 2430/2811/2811
f 2512/2895/2895 2477/2860/2860 2476/2859/2859
f 2512/2895/2895 2511/2894/2894 2477/2860/2860
f 2510/2893/2893 2477/2860/2860 2511/2894/2894
f 2477/2860/2860 2510/2893/2893 2468/2851/2851
f 2511/2894/2894 2729/3133/3133 2510/2893/2893
f 2508/2891/2891 2510/2893/2893 2729/3133/3133
f 2474/2857/2857 2721/3125/3125 2476/2859/2859
f 2729/3133/3133 2739/3143/3143 2508/2891/2891
f 2502/2885/2885 2508/2891/2891 2739/3143/3143
f 2508/2891/2891 2502/2885/2885 2506/2889/2889
f 2510/2893/2893 2508/2891/2891 2506/2889/2889
f 2507/2890/2890 2506/2889/2889 2502/2885/2885
f 2506/2889/2889 2507/2890/2890 2468/2851/2851
f 2739/3143/3143 2735/3139/3139 2502/2885/2885
f 2735/3139/3139 2739/3143/3143 2734/3138/3138
f 2738/3142/3142 2734/3138/3138 2739/3143/3143
f 2459/2842/2842 2502/2885/2885 2735/3139/3139
f 2502/2885/2885 2459/2842/2842 2503/2886/2886
f 2503/2886/2886 2507/2890/2890 2502/2885/2885
f 2460/2843/2843 2503/2886/2886 2459/2842/2842
f 2460/2843/2843 2340/2698/2698 2503/2886/2886
f 2340/2698/2698 2460/2843/2843 2343/2702/2702
f 2734/3138/3138 2738/3142/3142 2713/3117/3117
f 2713/3117/3117 2711/3115/3115 2734/3138/3138
f 2733/3137/3137 2734/3138/3138 2711/3115/3115
f 2714/3118/3118 2713/3117/3117 2738/3142/3142
f 2738/3142/3142 2741/3145/3145 2714/3118/3118
f 2741/3145/3145 2738/3142/3142 2740/3144/3144
f 2729/3133/3133 2740/3144/3144 2738/3142/3142
f 2740/3144/3144 2744/3148/3148 2741/3145/3145
f 2744/3148/3148 2740/3144/3144 2512/2895/2895
f 2511/2894/2894 2512/2895/2895 2740/3144/3144
f 2511/2894/2894 2740/3144/3144 2729/3133/3133
f 2743/3147/3147 2741/3145/3145 2744/3148/3148
f 2741/3145/3145 2743/3147/3147 2732/3136/3136
f 2742/3146/3146 2732/3136/3136 2743/3147/3147
f 2742/3146/3146 2748/3152/3152 2732/3136/3136
f 2742/3146/3146 2745/3149/3149 2748/3152/3152
f 2513/2896/2896 2748/3152/3152 2745/3149/3149
f 2745/3149/3149 2473/2856/2856 2513/2896/2896
f 2470/2853/2853 2513/2896/2896 2473/2856/2856
f 2473/2856/2856 2472/2855/2855 2470/2853/2853
f 2471/2854/2854 2470/2853/2853 2472/2855/2855
f 2471/2854/2854 2423/2804/2804 2470/2853/2853
f 2424/2805/2805 2470/2853/2853 2423/2804/2804
f 2470/2853/2853 2424/2805/2805 2513/2896/2896
f 2423/2804/2804 2357/2722/2722 2424/2805/2805
f 2423/2804/2804 2422/2803/2803 2357/2722/2722
f 2423/2804/2804 2471/2854/2854 2422/2803/2803
f 2421/2802/2802 2357/2722/2722 2422/2803/2803
f 2358/2723/2723 2424/2805/2805 2357/2722/2722
f 2357/2722/2722 2314/2669/2669 2358/2723/2723
f 2225/2573/2573 2358/2723/2723 2314/2669/2669
f 2358/2723/2723 2225/2573/2573 2375/2746/2746
f 2358/2723/2723 2375/2746/2746 2424/2805/2805
f 2226/2575/2575 2375/2746/2746 2225/2573/2573
f 2375/2746/2746 2226/2575/2575 2376/2747/2747
f 2377/2748/2748 2376/2747/2747 2226/2575/2575
f 2376/2747/2747 2377/2748/2748 2383/2757/2757
f 2382/2755/2755 2383/2757/2757 2377/2748/2748
f 2383/2757/2757 2505/2888/2888 2376/2747/2747
f 2383/2757/2757 2381/2754/2754 2505/2888/2888
f 2501/2884/2884 2505/2888/2888 2381/2754/2754
f 2730/3134/3134 2376/2747/2747 2505/2888/2888
f 2505/2888/2888 2509/2892/2892 2730/3134/3134
f 2501/2884/2884 2509/2892/2892 2505/2888/2888
f 2731/3135/3135 2730/3134/3134 2509/2892/2892
f 2509/2892/2892 2714/3118/3118 2731/3135/3135
f 2732/3136/3136 2731/3135/3135 2714/3118/3118
f 2732/3136/3136 2714/3118/3118 2741/3145/3145
f 2731/3135/3135 2732/3136/3136 2748/3152/3152
f 2730/3134/3134 2731/3135/3135 2748/3152/3152
f 2748/3152/3152 2514/2897/2897 2730/3134/3134
f 2376/2747/2747 2730/3134/3134 2514/2897/2897
f 2513/2896/2896 2514/2897/2897 2748/3152/3152
f 2514/2897/2897 2513/2896/2896 2424/2805/2805
f 2514/2897/2897 2424/2805/2805 2375/2746/2746
f 2375/2746/2746 2376/2747/2747 2514/2897/2897
f 1776/2058/2058 236/259/259 1775/2057/2057
f 235/258/258 1775/2057/2057 236/259/259
f 236/259/259 1776/2058/2058 240/263/263
f 1760/2042/2042 240/263/263 1776/2058/2058
f 1775/2057/2057 235/258/258 1778/2060/2060
f 239/262/262 1778/2060/2060 235/258/258
f 1778/2060/2060 239/262/262 1786/2068/2068
f 1778/2060/2060 1786/2068/2068 1765/2047/2047
f 1764/2046/2046 1765/2047/2047 1786/2068/2068
f 1764/2046/2046 1786/2068/2068 1780/2062/2062
f 1782/2064/2064 1780/2062/2062 1786/2068/2068
f 238/261/261 1786/2068/2068 239/262/262
f 1786/2068/2068 238/261/261 1782/2064/2064
f 1773/2055/2055 1764/2046/2046 1780/2062/2062
f 1764/2046/2046 1773/2055/2055 1767/2049/2049
f 1764/2046/2046 1767/2049/2049 1763/2045/2045
f 1806/2088/2088 1805/2087/2087 1800/2082/2082
f 1804/2086/2086 1800/2082/2082 1805/2087/2087
f 1804/2086/2086 1922/2215/2215 1800/2082/2082
f 1900/2182/2182 1800/2082/2082 1922/2215/2215
f 1922/2215/2215 1921/2214/2214 1900/2182/2182
f 1922/2215/2215 1804/2086/2086 1921/2214/2214
f 1899/2181/2181 1900/2182/2182 1921/2214/2214
f 1900/2182/2182 1899/2181/2181 1799/2081/2081
f 1745/2027/2027 1799/2081/2081 1899/2181/2181
f 1985/2289/2289 1921/2214/2214 1804/2086/2086
f 1985/2289/2289 1804/2086/2086 1986/2290/2290
f 1805/2087/2087 1986/2290/2290 1804/2086/2086
f 1921/2214/2214 2036/2350/2350 1899/2181/2181
f 1921/2214/2214 1985/2289/2289 2036/2350/2350
f 1986/2290/2290 2046/2364/2364 1985/2289/2289
f 2045/2362/2362 1985/2289/2289 2046/2364/2364
f 2045/2362/2362 2036/2350/2350 1985/2289/2289
f 2046/2364/2364 1986/2290/2290 2042/2357/2357
f 2044/2361/2361 2042/2357/2357 1986/2290/2290
f 2044/2361/2361 1984/2288/2288 2042/2357/2357
f 2043/2359/2359 2042/2357/2357 1984/2288/2288
f 1984/2288/2288 2044/2361/2361 1968/2267/2267
f 1984/2288/2288 1968/2267/2267 1983/2287/2287
f 1965/2264/2264 1983/2287/2287 1968/2267/2267
f 1965/2264/2264 1968/2267/2267 1966/2265/2265
f 1966/2265/2265 1937/2230/2230 1965/2264/2264
f 1938/2231/2231 1965/2264/2264 1937/2230/2230
f 1937/2230/2230 1926/2219/2219 1938/2231/2231
f 1923/2216/2216 1938/2231/2231 1926/2219/2219
f 1926/2219/2219 1925/2218/2218 1923/2216/2216
f 1924/2217/2217 1923/2216/2216 1925/2218/2218
f 1925/2218/2218 1926/2219/2219 1939/2232/2232
f 1940/2234/2234 1939/2232/2232 1926/2219/2219
f 1926/2219/2219 1937/2230/2230 1940/2234/2234
f 1925/2218/2218 1939/2232/2232 1990/2294/2294
f 1974/2277/2277 1990/2294/2294 1939/2232/2232
f 1990/2294/2294 1974/2277/2277 1993/2297/2297
f 1994/2299/2299 1993/2297/2297 1974/2277/2277
f 1989/2293/2293 1990/2294/2294 1993/2297/2297
f 1990/2294/2294 1989/2293/2293 1991/2295/2295
f 1992/2296/2296 1991/2295/2295 1989/2293/2293
f 1993/2297/2297 1953/2249/2249 1989/2293/2293
f 1956/2254/2254 1989/2293/2293 1953/2249/2249
f 1989/2293/2293 1956/2254/2254 1992/2296/2296
f 1953/2249/2249 1954/2251/2251 1956/2254/2254
f 1944/2239/2239 1956/2254/2254 1954/2251/2251
f 1954/2251/2251 1955/2252/2252 1944/2239/2239
f 1943/2238/2238 1944/2239/2239 1955/2252/2252
f 1944/2239/2239 1943/2238/2238 1941/2236/2236
f 1942/2237/2237 1941/2236/2236 1943/2238/2238
f 1941/2236/2236 1957/2255/2255 1944/2239/2239
f 1956/2254/2254 1944/2239/2239 1957/2255/2255
f 1943/2238/2238 1912/2196/2196 1942/2237/2237
f 1913/2197/2197 1942/2237/2237 1912/2196/2196
f 1913/2197/2197 1912/2196/2196 1910/2194/2194
f 1911/2195/2195 1910/2194/2194 1912/2196/2196
f 1911/2195/2195 1915/2201/2201 1910/2194/2194
f 1914/2198/2198 1910/2194/2194 1915/2201/2201
f 1914/2198/2198 1917/2204/2204 1910/2194/2194
f 1916/2203/2203 1910/2194/2194 1917/2204/2204
f 1910/2194/2194 1916/2203/2203 1913/2197/2197
f 1912/2196/2196 1958/2257/2257 1911/2195/2195
f 1918/2207/2207 1911/2195/2195 1958/2257/2257
f 837/946/946 835/944/944 833/940/940
f 1955/2252/2252 1958/2257/2257 1943/2238/2238
f 1916/2203/2203 1917/2204/2204 2057/2377/2377
f 1916/2203/2203 2057/2377/2377 2031/2344/2344
f 2031/2344/2344 1947/2242/2242 1916/2203/2203
f 2031/2344/2344 2007/2317/2317 1947/2242/2242
f 1946/2241/2241 1947/2242/2242 2007/2317/2317
f 1947/2242/2242 1946/2241/2241 1941/2236/2236
f 1945/2240/2240 1941/2236/2236 1946/2241/2241
f 1941/2236/2236 1945/2240/2240 1957/2255/2255
f 1995/2301/2301 1957/2255/2255 1945/2240/2240
f 1946/2241/2241 2009/2319/2319 1945/2240/2240
f 2041/2356/2356 1945/2240/2240 2009/2319/2319
f 2041/2356/2356 1995/2301/2301 1945/2240/2240
f 2041/2356/2356 2009/2319/2319 2029/2342/2342
f 2010/2320/2320 2029/2342/2342 2009/2319/2319
f 2010/2320/2320 2009/2319/2319 1905/2189/2189
f 2008/2318/2318 1905/2189/2189 2009/2319/2319
f 2009/2319/2319 1946/2241/2241 2008/2318/2318
f 2007/2317/2317 2008/2318/2318 1946/2241/2241
f 2008/2318/2318 2007/2317/2317 2005/2312/2312
f 1905/2189/2189 2008/2318/2318 2005/2312/2312
f 2006/2315/2315 2005/2312/2312 2007/2317/2317
f 2010/2320/2320 2068/2391/2391 2029/2342/2342
f 1905/2189/2189 2068/2391/2391 2010/2320/2320
f 2006/2315/2315 2007/2317/2317 2031/2344/2344
f 2006/2315/2315 2031/2344/2344 2057/2377/2377
f 2028/2340/2340 2029/2342/2342 2068/2391/2391
f 2028/2340/2340 2025/2336/2336 2029/2342/2342
f 2030/2343/2343 2029/2342/2342 2025/2336/2336
f 2029/2342/2342 2030/2343/2343 2041/2356/2356
f 1995/2301/2301 2041/2356/2356 2030/2343/2343
f 2026/2338/2338 2030/2343/2343 2025/2336/2336
f 2030/2343/2343 2026/2338/2338 2060/2381/2381
f 2030/2343/2343 2060/2381/2381 1995/2301/2301
f 2060/2381/2381 1998/2304/2304 1995/2301/2301
f 1957/2255/2255 1995/2301/2301 1998/2304/2304
f 1997/2303/2303 2060/2381/2381 2026/2338/2338
f 1998/2304/2304 2060/2381/2381 1997/2303/2303
f 1998/2304/2304 1997/2303/2303 1991/2295/2295
f 1996/2302/2302 1991/2295/2295 1997/2303/2303
f 1991/2295/2295 1996/2302/2302 2001/2307/2307
f 2001/2307/2307 2000/2306/2306 1991/2295/2295
f 1999/2305/2305 1991/2295/2295 2000/2306/2306
f 2054/2374/2374 2001/2307/2307 1996/2302/2302
f 1996/2302/2302 1997/2303/2303 2054/2374/2374
f 2026/2338/2338 2054/2374/2374 1997/2303/2303
f 1999/2305/2305 2000/2306/2306 1923/2216/2216
f 2019/2329/2329 1923/2216/2216 2000/2306/2306
f 1923/2216/2216 2019/2329/2329 1938/2231/2231
f 2020/2330/2330 1938/2231/2231 2019/2329/2329
f 2019/2329/2329 2062/2384/2384 2020/2330/2330
f 2061/2382/2382 2020/2330/2330 2062/2384/2384
f 1938/2231/2231 2020/2330/2330 1965/2264/2264
f 1983/2287/2287 1965/2264/2264 2020/2330/2330
f 2020/2330/2330 2061/2382/2382 1983/2287/2287
f 2062/2384/2384 2019/2329/2329 2071/2396/2396
f 2000/2306/2306 2071/2396/2396 2019/2329/2329
f 1983/2287/2287 2061/2382/2382 1984/2288/2288
f 2680/3083/3083 1984/2288/2288 2061/2382/2382
f 2043/2359/2359 1984/2288/2288 2680/3083/3083
f 2071/2396/2396 2000/2306/2306 2001/2307/2307
f 1850/2132/2132 1849/2131/2131 1813/2095/2095
f 1812/2094/2094 1813/2095/2095 1849/2131/2131
f 1850/2132/2132 1813/2095/2095 1846/2128/2128
f 1846/2128/2128 1874/2156/2156 1850/2132/2132
f 1874/2156/2156 1846/2128/2128 1877/2159/2159
f 1847/2129/2129 1877/2159/2159 1846/2128/2128
f 1875/2157/2157 1850/2132/2132 1874/2156/2156
f 1850/2132/2132 1875/2157/2157 1849/2131/2131
f 1896/2178/2178 1849/2131/2131 1875/2157/2157
f 1877/2159/2159 1847/2129/2129 1892/2174/2174
f 1868/2150/2150 1892/2174/2174 1847/2129/2129
f 1868/2150/2150 1837/2119/2119 1892/2174/2174
f 1892/2174/2174 1893/2175/2175 1877/2159/2159
f 1873/2155/2155 1877/2159/2159 1893/2175/2175
f 1891/2173/2173 1852/2134/2134 1896/2178/2178
f 1852/2134/2134 1891/2173/2173 1851/2133/2133
f 1890/2172/2172 1851/2133/2133 1891/2173/2173
f 1890/2172/2172 2709/3113/3113 1851/2133/2133
f 1865/2147/2147 1851/2133/2133 2709/3113/3113
f 2709/3113/3113 1894/2176/2176 1865/2147/2147
f 1856/2138/2138 1865/2147/2147 1894/2176/2176
f 1894/2176/2176 1883/2165/2165 1856/2138/2138
f 1851/2133/2133 1865/2147/2147 1835/2117/2117
f 1863/2145/2145 1835/2117/2117 1865/2147/2147
f 2709/3113/3113 2753/3157/3157 1894/2176/2176
f 1882/2164/2164 1894/2176/2176 2753/3157/3157
f 2754/3158/3158 1882/2164/2164 2753/3157/3157
f 1882/2164/2164 2754/3158/3158 339/362/362
f 1250/1395/1395 339/362/362 2754/3158/3158
f 2754/3158/3158 2753/3157/3157 1889/2171/2171
f 2754/3158/3158 1889/2171/2171 1250/1395/1395
f 1888/2170/2170 1889/2171/2171 2753/3157/3157
f 2753/3157/3157 2709/3113/3113 1888/2170/2170
f 1890/2172/2172 1888/2170/2170 2709/3113/3113
f 1195/1340/1340 1250/1395/1395 1889/2171/2171
f 1864/2146/2146 1832/2114/2114 1862/2144/2144
f 1834/2116/2116 1862/2144/2144 1832/2114/2114
f 1862/2144/2144 1822/2104/2104 1864/2146/2146
f 1823/2105/2105 1864/2146/2146 1822/2104/2104
f 1823/2105/2105 1756/2038/2038 1864/2146/2146
f 1757/2039/2039 1864/2146/2146 1756/2038/2038
f 1864/2146/2146 1757/2039/2039 1832/2114/2114
f 1756/2038/2038 1823/2105/2105 1758/2040/2040
f 1824/2106/2106 1758/2040/2040 1823/2105/2105
f 1824/2106/2106 1866/2148/2148 1758/2040/2040
f 1866/2148/2148 1824/2106/2106 1825/2107/2107
f 1825/2107/2107 2492/2875/2875 1866/2148/2148
f 2492/2875/2875 1825/2107/2107 2494/2877/2877
f 1826/2108/2108 2494/2877/2877 1825/2107/2107
f 2494/2877/2877 1826/2108/2108 2500/2883/2883
f 1854/2136/2136 2500/2883/2883 1826/2108/2108
f 2500/2883/2883 1854/2136/2136 2543/2927/2927
f 1884/2166/2166 2543/2927/2927 1854/2136/2136
f 1884/2166/2166 1885/2167/2167 2543/2927/2927
f 1843/2125/2125 362/385/385 1878/2160/2160
f 361/384/384 1878/2160/2160 362/385/385
f 362/385/385 1843/2125/2125 363/386/386
f 1842/2124/2124 363/386/386 1843/2125/2125
f 363/386/386 1842/2124/2124 364/387/387
f 361/384/384 350/373/373 1878/2160/2160
f 1740/2020/2020 1903/2185/2185 1796/2078/2078
f 1902/2184/2184 1796/2078/2078 1903/2185/2185
f 1903/2185/2185 1982/2286/2286 1902/2184/2184
f 1967/2266/2266 1902/2184/2184 1982/2286/2286
f 1967/2266/2266 1982/2286/2286 1970/2270/2270
f 1971/2273/2273 1970/2270/2270 1982/2286/2286
f 1968/2267/2267 1902/2184/2184 1967/2266/2266
f 1967/2266/2266 1966/2265/2265 1968/2267/2267
f 1966/2265/2265 1967/2266/2266 1970/2270/2270
f 1970/2270/2270 1969/2268/2268 1966/2265/2265
f 1937/2230/2230 1966/2265/2265 1969/2268/2268
f 1969/2268/2268 1940/2234/2234 1937/2230/2230
f 1968/2267/2267 2044/2361/2361 1805/2087/2087
f 1986/2290/2290 1805/2087/2087 2044/2361/2361
f 1806/2088/2088 1968/2267/2267 1805/2087/2087
f 2752/3156/3156 1902/2184/2184 1806/2088/2088
f 1968/2267/2267 1806/2088/2088 1902/2184/2184
f 1806/2088/2088 1800/2082/2082 2752/3156/3156
f 1796/2078/2078 2752/3156/3156 1800/2082/2082
f 1796/2078/2078 1902/2184/2184 2752/3156/3156
f 1799/2081/2081 1803/2085/2085 1800/2082/2082
f 1800/2082/2082 1900/2182/2182 1799/2081/2081
f 1904/2187/2187 1920/2211/2211 1918/2206/2206
f 1919/2208/2208 1918/2206/2206 1920/2211/2211
f 1918/2206/2206 1958/2256/2256 1904/2187/2187
f 1904/2187/2187 1905/2188/2188 1920/2211/2211
f 1920/2211/2211 1905/2188/2188 2005/2314/2314
f 2075/2400/2400 2068/2392/2392 1905/2188/2188
f 1972/2274/2274 1971/2272/2272 1964/2263/2263
f 1963/2262/2262 1964/2263/2263 1971/2272/2272
f 1964/2263/2263 1928/2221/2221 1972/2274/2274
f 1929/2222/2222 1972/2274/2274 1928/2221/2221
f 1929/2222/2222 1969/2269/2269 1972/2274/2274
f 1970/2271/2271 1972/2274/2274 1969/2269/2269
f 1972/2274/2274 1970/2271/2271 1971/2272/2272
f 1971/2272/2272 1982/2285/2285 1963/2262/2262
f 1981/2284/2284 1963/2262/2262 1982/2285/2285
f 1982/2285/2285 1903/2186/2186 1981/2284/2284
f 1980/2283/2283 1981/2284/2284 1903/2186/2186
f 1969/2269/2269 1929/2222/2222 1940/2235/2235
f 1930/2223/2223 1940/2235/2235 1929/2222/2222
f 1939/2233/2233 1940/2235/2235 1930/2223/2223
f 1981/2284/2284 1980/2283/2283 1977/2280/2280
f 1980/2283/2283 1979/2282/2282 1977/2280/2280
f 1977/2280/2280 1962/2261/2261 1981/2284/2284
f 1980/2283/2283 1903/2186/2186 1573/1833/1833
f 1573/1833/1833 1570/1830/1830 1980/2283/2283
f 1574/1834/1834 1980/2283/2283 1570/1830/1830
f 1574/1834/1834 1979/2282/2282 1980/2283/2283
f 1740/2019/2019 1573/1833/1833 1903/2186/2186
f 1963/2262/2262 1981/2284/2284 1962/2261/2261
f 1918/2207/2207 1919/2209/2209 1911/2195/2195
f 1915/2201/2201 1911/2195/2195 1919/2209/2209
f 1957/2255/2255 1992/2296/2296 1956/2254/2254
f 3060/3578/3578 1992/2296/2296 1957/2255/2255
f 1957/2255/2255 1998/2304/2304 3060/3578/3578
f 3060/3578/3578 1991/2295/2295 1992/2296/2296
f 3060/3578/3578 1998/2304/2304 1991/2295/2295
f 3059/3577/3577 1924/2217/2217 1991/2295/2295
f 1923/2216/2216 1924/2217/2217 3059/3577/3577
f 3059/3577/3577 1999/2305/2305 1923/2216/2216
f 1991/2295/2295 1999/2305/2305 3059/3577/3577
f 1924/2217/2217 1925/2218/2218 1991/2295/2295
f 1991/2295/2295 1925/2218/2218 1990/2294/2294
f 1913/2197/2197 1916/2203/2203 1947/2242/2242
f 1913/2197/2197 1947/2242/2242 1942/2237/2237
f 1942/2237/2237 1947/2242/2242 1941/2236/2236
f 2035/2348/2348 1899/2181/2181 2036/2350/2350
f 1899/2181/2181 2035/2348/2348 1745/2027/2027
f 1744/2025/2025 1745/2027/2027 2035/2348/2348
f 2069/2393/2393 2002/2309/2309 2017/2327/2327
f 2002/2309/2309 2069/2393/2393 2011/2321/2321
f 2078/2403/2403 2069/2393/2393 2017/2327/2327
f 2079/2404/2404 2011/2321/2321 2069/2393/2393
f 2079/2404/2404 2056/2376/2376 2011/2321/2321
f 2003/2310/2310 2011/2321/2321 2056/2376/2376
f 2056/2376/2376 2055/2375/2375 2003/2310/2310
f 1988/2292/2292 2011/2321/2321 2003/2310/2310
f 2003/2310/2310 1987/2291/2291 1988/2292/2292
f 1993/2298/2298 1994/2300/2300 1987/2291/2291
f 1973/2275/2275 1994/2300/2300 1974/2276/2276
f 2080/2405/2405 2067/2390/2390 2063/2386/2386
f 2080/2405/2405 2063/2386/2386 1978/2281/2281
f 1961/2260/2260 1978/2281/2281 2063/2386/2386
f 2066/2389/2389 2067/2390/2390 2080/2405/2405
f 2080/2405/2405 2081/2406/2406 2066/2389/2389
f 2080/2405/2405 1975/2278/2278 2081/2406/2406
f 1978/2281/2281 1975/2278/2278 2080/2405/2405
f 2082/2407/2407 2081/2406/2406 1975/2278/2278
f 1975/2278/2278 2665/3068/3068 2082/2407/2407
f 2662/3065/3065 2082/2407/2407 2665/3068/3068
f 2081/2406/2406 2082/2407/2407 2662/3065/3065
f 2680/3084/3084 2066/2389/2389 2081/2406/2406
f 2081/2406/2406 2663/3066/3066 2680/3084/3084
f 2662/3065/3065 2663/3066/3066 2081/2406/2406
f 2043/2360/2360 2680/3084/3084 2663/3066/3066
f 1976/2279/2279 2665/3068/3068 1975/2278/2278
f 2665/3068/3068 1976/2279/2279 2664/3067/3067
f 2662/3065/3065 2665/3068/3068 2664/3067/3067
f 2012/2322/2322 2664/3067/3067 1976/2279/2279
f 2663/3066/3066 2661/3064/3064 2043/2360/2360
f 2751/3155/3155 2043/2360/2360 2661/3064/3064
f 2661/3064/3064 2049/2368/2368 2751/3155/3155
f 2750/3154/3154 2751/3155/3155 2049/2368/2368
f 2049/2368/2368 2050/2369/2369 2750/3154/3154
f 2051/2370/2370 2750/3154/3154 2050/2369/2369
f 2051/2370/2370 2045/2363/2363 2750/3154/3154
f 2045/2363/2363 2051/2370/2370 2036/2351/2351
f 2038/2353/2353 2036/2351/2351 2051/2370/2370
f 2036/2351/2351 2038/2353/2353 2035/2349/2349
f 2046/2365/2365 2750/3154/3154 2045/2363/2363
f 2750/3154/3154 2046/2365/2365 2751/3155/3155
f 2042/2358/2358 2751/3155/3155 2046/2365/2365
f 2751/3155/3155 2042/2358/2358 2043/2360/2360
f 2097/2422/2422 2091/2416/2416 2095/2420/2420
f 2096/2421/2421 2095/2420/2420 2091/2416/2416
f 2091/2416/2416 2097/2422/2422 2220/2566/2566
f 2337/2695/2695 2220/2566/2566 2097/2422/2422
f 2097/2422/2422 2398/2775/2775 2337/2695/2695
f 2399/2776/2776 2337/2695/2695 2398/2775/2775
f 2398/2775/2775 2390/2766/2766 2399/2776/2776
f 2125/2454/2454 2399/2776/2776 2390/2766/2766
f 2125/2454/2454 2390/2766/2766 2128/2458/2458
f 2155/2495/2495 2128/2458/2458 2390/2766/2766
f 2128/2458/2458 2155/2495/2495 2153/2492/2492
f 2154/2494/2494 2153/2492/2492 2155/2495/2495
f 2154/2494/2494 2157/2498/2498 2153/2492/2492
f 2156/2496/2496 2153/2492/2492 2157/2498/2498
f 2155/2495/2495 2395/2772/2772 2154/2494/2494
f 2394/2771/2771 2154/2494/2494 2395/2772/2772
f 2394/2771/2771 2396/2773/2773 2154/2494/2494
f 2157/2498/2498 2154/2494/2494 2396/2773/2773
f 2395/2772/2772 2155/2495/2495 2397/2774/2774
f 2390/2766/2766 2397/2774/2774 2155/2495/2495
f 2397/2774/2774 2390/2766/2766 2400/2778/2778
f 2398/2775/2775 2400/2778/2778 2390/2766/2766
f 2395/2772/2772 2685/3089/3089 2394/2771/2771
f 2397/2774/2774 2683/3087/3087 2395/2772/2772
f 2685/3089/3089 2395/2772/2772 2683/3087/3087
f 2683/3087/3087 2397/2774/2774 2682/3086/3086
f 2681/3085/3085 2682/3086/3086 2397/2774/2774
f 2400/2778/2778 2681/3085/3085 2397/2774/2774
f 2682/3086/3086 2681/3085/3085 2307/2661/2661
f 2313/2667/2667 2307/2661/2661 2681/3085/3085
f 2313/2667/2667 2088/2413/2413 2307/2661/2661
f 2088/2413/2413 2313/2667/2667 2092/2417/2417
f 2096/2421/2421 2092/2417/2417 2313/2667/2667
f 2305/2659/2659 2307/2661/2661 2088/2413/2413
f 2307/2661/2661 2305/2659/2659 2151/2490/2490
f 2096/2421/2421 2313/2667/2667 2095/2420/2420
f 2681/3085/3085 2095/2420/2420 2313/2667/2667
f 2092/2417/2417 2096/2421/2421 2091/2416/2416
f 2084/2409/2409 2088/2413/2413 2092/2417/2417
f 2084/2409/2409 2092/2417/2417 2087/2412/2412
f 2095/2420/2420 2681/3085/3085 2400/2778/2778
f 2095/2420/2420 2400/2778/2778 2097/2422/2422
f 2398/2775/2775 2097/2422/2422 2400/2778/2778
f 2114/2441/2441 2113/2440/2440 2111/2438/2438
f 2112/2439/2439 2111/2438/2438 2113/2440/2440
f 2113/2440/2440 2114/2441/2441 2117/2444/2444
f 2117/2444/2444 2116/2443/2443 2113/2440/2440
f 2115/2442/2442 2113/2440/2440 2116/2443/2443
f 2113/2440/2440 2115/2442/2442 2163/2506/2506
f 2163/2506/2506 2112/2439/2439 2113/2440/2440
f 2164/2507/2507 2163/2506/2506 2115/2442/2442
f 2165/2508/2508 2112/2439/2439 2163/2506/2506
f 2136/2470/2470 2165/2508/2508 2163/2506/2506
f 2169/2512/2512 2136/2470/2470 2163/2506/2506
f 2163/2506/2506 2164/2507/2507 2169/2512/2512
f 2136/2470/2470 2169/2512/2512 2135/2469/2469
f 2135/2469/2469 2131/2462/2462 2136/2470/2470
f 2132/2465/2465 2136/2470/2470 2131/2462/2462
f 2135/2469/2469 2138/2473/2473 2131/2462/2462
f 2137/2471/2471 2131/2462/2462 2138/2473/2473
f 2166/2509/2509 2135/2469/2469 2169/2512/2512
f 2169/2512/2512 2168/2511/2511 2166/2509/2509
f 2167/2510/2510 2166/2509/2509 2168/2511/2511
f 2166/2509/2509 2401/2779/2779 2135/2469/2469
f 2166/2509/2509 2167/2510/2510 2401/2779/2779
f 2138/2473/2473 2135/2469/2469 2401/2779/2779
f 2137/2471/2471 2138/2473/2473 2438/2820/2820
f 2441/2823/2823 2438/2820/2820 2138/2473/2473
f 2526/2909/2909 2441/2823/2823 2401/2779/2779
f 2441/2823/2823 2526/2909/2909 2527/2910/2910
f 2528/2911/2911 2527/2910/2910 2526/2909/2909
f 2401/2779/2779 2530/2913/2913 2526/2909/2909
f 2529/2912/2912 2526/2909/2909 2530/2913/2913
f 2526/2909/2909 2529/2912/2912 2528/2911/2911
f 2528/2911/2911 2452/2835/2835 2527/2910/2910
f 2444/2827/2827 2527/2910/2910 2452/2835/2835
f 2444/2827/2827 2452/2835/2835 2367/2735/2735
f 2367/2735/2735 2359/2725/2725 2444/2827/2827
f 2367/2735/2735 2159/2500/2500 2359/2725/2725
f 2159/2500/2500 2367/2735/2735 2162/2505/2505
f 2159/2500/2500 2162/2505/2505 2158/2499/2499
f 2158/2499/2499 2139/2475/2475 2159/2500/2500
f 2160/2501/2501 2159/2500/2500 2139/2475/2475
f 2160/2501/2501 2359/2725/2725 2159/2500/2500
f 2139/2475/2475 2158/2499/2499 2142/2479/2479
f 2119/2446/2446 2142/2479/2479 2158/2499/2499
f 2158/2499/2499 2124/2452/2452 2119/2446/2446
f 2124/2452/2452 2158/2499/2499 2162/2505/2505
f 2118/2445/2445 2119/2446/2446 2124/2452/2452
f 2119/2446/2446 2118/2445/2445 2120/2447/2447
f 2119/2446/2446 2120/2447/2447 2142/2479/2479
f 2121/2449/2449 2120/2447/2447 2118/2445/2445
f 2124/2452/2452 2123/2451/2451 2118/2445/2445
f 2122/2450/2450 2118/2445/2445 2123/2451/2451
f 2118/2445/2445 2122/2450/2450 2121/2449/2449
f 2123/2451/2451 2124/2452/2452 2161/2504/2504
f 2162/2505/2505 2161/2504/2504 2124/2452/2452
f 2161/2504/2504 2162/2505/2505 2368/2736/2736
f 2366/2734/2734 2368/2736/2736 2162/2505/2505
f 2366/2734/2734 2162/2505/2505 2367/2735/2735
f 2368/2736/2736 2366/2734/2734 2451/2834/2834
f 2452/2835/2835 2451/2834/2834 2366/2734/2734
f 2366/2734/2734 2367/2735/2735 2452/2835/2835
f 2451/2834/2834 2577/2961/2961 2368/2736/2736
f 2574/2958/2958 2368/2736/2736 2577/2961/2961
f 2577/2961/2961 2576/2960/2960 2574/2958/2958
f 2575/2959/2959 2574/2958/2958 2576/2960/2960
f 2575/2959/2959 2579/2963/2963 2574/2958/2958
f 2578/2962/2962 2574/2958/2958 2579/2963/2963
f 2451/2834/2834 2572/2956/2956 2577/2961/2961
f 2573/2957/2957 2577/2961/2961 2572/2956/2956
f 2573/2957/2957 2572/2956/2956 2568/2952/2952
f 2529/2912/2912 2568/2952/2952 2572/2956/2956
f 2568/2952/2952 2529/2912/2912 2571/2955/2955
f 2571/2955/2955 2570/2954/2954 2568/2952/2952
f 2569/2953/2953 2568/2952/2952 2570/2954/2954
f 2568/2952/2952 2569/2953/2953 2573/2957/2957
f 2570/2954/2954 2602/2991/2991 2569/2953/2953
f 2602/2991/2991 2570/2954/2954 2598/2986/2986
f 2601/2990/2990 2598/2986/2986 2570/2954/2954
f 2570/2954/2954 2571/2955/2955 2601/2990/2990
f 2601/2990/2990 2567/2951/2951 2598/2986/2986
f 2581/2965/2965 2598/2986/2986 2567/2951/2951
f 2598/2986/2986 2581/2965/2965 2596/2983/2983
f 2582/2966/2966 2596/2983/2983 2581/2965/2965
f 2581/2965/2965 2580/2964/2964 2582/2966/2966
f 2583/2967/2967 2582/2966/2966 2580/2964/2964
f 2580/2964/2964 2585/2969/2969 2583/2967/2967
f 2584/2968/2968 2583/2967/2967 2585/2969/2969
f 2583/2967/2967 2584/2968/2968 2586/2970/2970
f 2587/2971/2971 2586/2970/2970 2584/2968/2968
f 2596/2983/2983 2582/2966/2966 2589/2973/2973
f 2590/2975/2975 2589/2973/2973 2586/2970/2970
f 2588/2972/2972 2586/2970/2970 2589/2973/2973
f 2586/2970/2970 2592/2979/2979 2590/2975/2975
f 2586/2970/2970 2587/2971/2971 2592/2979/2979
f 2591/2977/2977 2590/2975/2975 2592/2979/2979
f 2588/2972/2972 2589/2973/2973 2582/2966/2966
f 2592/2979/2979 2612/3004/3004 2591/2977/2977
f 2613/3005/3005 2591/2977/2977 2612/3004/3004
f 2592/2979/2979 2587/2971/2971 2612/3004/3004
f 2609/3000/3000 2612/3004/3004 2587/2971/2971
f 2612/3004/3004 2640/3040/3040 2613/3005/3005
f 2612/3004/3004 2609/3000/3000 2640/3040/3040
f 2639/3039/3039 2613/3005/3005 2640/3040/3040
f 2640/3040/3040 2626/3024/3024 2639/3039/3039
f 2627/3025/3025 2639/3039/3039 2626/3024/3024
f 2626/3024/3024 2622/3019/3019 2627/3025/3025
f 2623/3020/3020 2627/3025/3025 2622/3019/3019
f 2623/3020/3020 2622/3019/3019 2617/3013/3013
f 2621/3018/3018 2617/3013/3013 2622/3019/3019
f 2617/3013/3013 2621/3018/3018 2620/3017/3017
f 2625/3023/3023 2620/3017/3017 2621/3018/3018
f 2620/3017/3017 2625/3023/3023 2644/3046/3046
f 2631/3030/3030 2644/3046/3046 2625/3023/3023
f 2625/3023/3023 2628/3027/3027 2631/3030/3030
f 2625/3023/3023 2621/3018/3018 2628/3027/3027
f 2632/3031/3031 2631/3030/3030 2628/3027/3027
f 2628/3027/3027 2629/3028/3028 2632/3031/3031
f 2629/3028/3028 2628/3027/3027 2630/3029/3029
f 2622/3019/3019 2630/3029/3029 2628/3027/3027
f 2633/3032/3032 2632/3031/3031 2629/3028/3028
f 2633/3032/3032 2635/3034/3034 2632/3031/3031
f 2634/3033/3033 2632/3031/3031 2635/3034/3034
f 2634/3033/3033 2579/2963/2963 2632/3031/3031
f 2631/3030/3030 2632/3031/3031 2579/2963/2963
f 2635/3034/3034 2633/3032/3032 2605/2995/2995
f 2641/3041/3041 2605/2995/2995 2633/3032/3032
f 2641/3041/3041 2633/3032/3032 2611/3003/3003
f 2629/3028/3028 2611/3003/3003 2633/3032/3032
f 2611/3003/3003 2629/3028/3028 2610/3001/3001
f 2630/3029/3029 2610/3001/3001 2629/3028/3028
f 2610/3001/3001 2630/3029/3029 2640/3040/3040
f 2626/3024/3024 2640/3040/3040 2630/3029/3029
f 2610/3001/3001 2640/3040/3040 2609/3000/3000
f 2609/3000/3000 2607/2998/2998 2610/3001/3001
f 2611/3002/3002 2610/3001/3001 2607/2998/2998
f 2607/2998/2998 2609/3000/3000 2584/2968/2968
f 2584/2968/2968 2585/2969/2969 2607/2998/2998
f 2608/2999/2999 2607/2998/2998 2585/2969/2969
f 2607/2998/2998 2608/2999/2999 2611/3002/3002
f 2587/2971/2971 2584/2968/2968 2609/3000/3000
f 2585/2969/2969 2564/2948/2948 2608/2999/2999
f 2564/2948/2948 2585/2969/2969 2563/2947/2947
f 2563/2947/2947 2562/2946/2946 2564/2948/2948
f 2565/2949/2949 2564/2948/2948 2562/2946/2946
f 2563/2947/2947 2567/2951/2951 2562/2946/2946
f 2566/2950/2950 2562/2946/2946 2567/2951/2951
f 2566/2950/2950 2168/2511/2511 2562/2946/2946
f 2164/2507/2507 2562/2946/2946 2168/2511/2511
f 2562/2946/2946 2164/2507/2507 2565/2949/2949
f 2168/2511/2511 2169/2512/2512 2164/2507/2507
f 2115/2442/2442 2565/2949/2949 2164/2507/2507
f 2565/2949/2949 2115/2442/2442 2603/2993/2993
f 2116/2443/2443 2603/2993/2993 2115/2442/2442
f 2567/2951/2951 2601/2990/2990 2566/2950/2950
f 2603/2993/2993 2116/2443/2443 2606/2996/2996
f 2606/2996/2996 2605/2995/2995 2603/2993/2993
f 2604/2994/2994 2603/2993/2993 2605/2995/2995
f 2603/2993/2993 2604/2994/2994 2565/2949/2949
f 2564/2948/2948 2565/2949/2949 2604/2994/2994
f 2604/2994/2994 2608/2999/2999 2564/2948/2948
f 2604/2994/2994 2605/2995/2995 2608/2999/2999
f 2641/3042/3042 2608/2999/2999 2605/2995/2995
f 2641/3042/3042 2611/3002/3002 2608/2999/2999
f 2635/3034/3034 2605/2995/2995 2561/2945/2945
f 2635/3034/3034 2561/2945/2945 2634/3033/3033
f 2560/2944/2944 2634/3033/3033 2561/2945/2945
f 2561/2945/2945 2122/2450/2450 2560/2944/2944
f 2123/2451/2451 2560/2944/2944 2122/2450/2450
f 2560/2944/2944 2578/2962/2962 2634/3033/3033
f 2560/2944/2944 2123/2451/2451 2578/2962/2962
f 2579/2963/2963 2634/3033/3033 2578/2962/2962
f 2161/2504/2504 2578/2962/2962 2123/2451/2451
f 2161/2504/2504 2368/2736/2736 2578/2962/2962
f 2574/2958/2958 2578/2962/2962 2368/2736/2736
f 2579/2963/2963 2575/2959/2959 2631/3030/3030
f 2644/3046/3046 2631/3030/3030 2575/2959/2959
f 2644/3046/3046 2575/2959/2959 2643/3044/3044
f 2576/2960/2960 2643/3044/3044 2575/2959/2959
f 2576/2960/2960 2615/3009/3009 2643/3044/3044
f 2616/3010/3010 2643/3044/3044 2615/3009/3009
f 2616/3010/3010 2615/3009/3009 2614/3007/3007
f 2569/2953/2953 2614/3007/3007 2615/3009/3009
f 2614/3007/3007 2569/2953/2953 2602/2991/2991
f 2615/3009/3009 2576/2960/2960 2573/2957/2957
f 2615/3009/3009 2573/2957/2957 2569/2953/2953
f 2577/2961/2961 2573/2957/2957 2576/2960/2960
f 2128/2457/2457 2127/2456/2456 2125/2453/2453
f 2126/2455/2455 2125/2453/2453 2127/2456/2456
f 2126/2455/2455 2130/2460/2460 2125/2453/2453
f 2129/2459/2459 2125/2453/2453 2130/2460/2460
f 2127/2456/2456 2128/2457/2457 2391/2767/2767
f 2153/2493/2493 2391/2767/2767 2128/2457/2457
f 2126/2455/2455 2127/2456/2456 2431/2812/2812
f 2432/2813/2813 2431/2812/2812 2127/2456/2456
f 2431/2812/2812 2433/2814/2814 2126/2455/2455
f 2130/2460/2460 2126/2455/2455 2433/2814/2814
f 2433/2814/2814 2431/2812/2812 2434/2815/2815
f 2435/2816/2816 2434/2815/2815 2431/2812/2812
f 2431/2812/2812 2432/2813/2813 2435/2816/2816
f 2446/2829/2829 2432/2813/2813 2391/2767/2767
f 2432/2813/2813 2446/2829/2829 2447/2830/2830
f 2447/2830/2830 2435/2816/2816 2432/2813/2813
f 2448/2831/2831 2447/2830/2830 2446/2829/2829
f 2434/2815/2815 2546/2930/2930 2433/2814/2814
f 2544/2928/2928 2433/2814/2814 2546/2930/2930
f 2544/2928/2928 2546/2930/2930 2426/2807/2807
f 2694/3098/3098 2426/2807/2807 2546/2930/2930
f 2694/3098/3098 2475/2858/2858 2426/2807/2807
f 2425/2806/2806 2426/2807/2807 2475/2858/2858
f 2447/2830/2830 2448/2831/2831 2725/3129/3129
f 2725/3129/3129 2724/3128/3128 2447/2830/2830
f 2435/2816/2816 2447/2830/2830 2724/3128/3128
f 2724/3128/3128 2723/3127/3127 2435/2816/2816
f 2434/2815/2815 2435/2816/2816 2723/3127/3127
f 2723/3127/3127 2724/3128/3128 2533/2916/2916
f 2532/2915/2915 2533/2916/2916 2724/3128/3128
f 2724/3128/3128 2725/3129/3129 2532/2915/2915
f 2532/2915/2915 2437/2818/2818 2533/2916/2916
f 2531/2914/2914 2533/2916/2916 2437/2818/2818
f 2531/2914/2914 2437/2818/2818 2356/2721/2721
f 2355/2720/2720 2356/2721/2721 2437/2818/2818
f 2355/2720/2720 2108/2435/2435 2356/2721/2721
f 2354/2719/2719 2356/2721/2721 2108/2435/2435
f 2108/2435/2435 2355/2720/2720 2107/2433/2433
f 2365/2733/2733 2107/2433/2433 2355/2720/2720
f 2107/2433/2433 2365/2733/2733 2362/2730/2730
f 2364/2732/2732 2362/2730/2730 2365/2733/2733
f 2364/2732/2732 2360/2726/2726 2362/2730/2730
f 2361/2727/2727 2362/2730/2730 2360/2726/2726
f 2361/2727/2727 2360/2726/2726 2160/2502/2502
f 2359/2724/2724 2160/2502/2502 2360/2726/2726
f 2360/2726/2726 2443/2826/2826 2359/2724/2724
f 2360/2726/2726 2364/2732/2732 2443/2826/2826
f 2442/2824/2824 2359/2724/2724 2443/2826/2826
f 2445/2828/2828 2443/2826/2826 2364/2732/2732
f 2443/2826/2826 2538/2922/2922 2442/2824/2824
f 2536/2919/2919 2442/2824/2824 2538/2922/2922
f 2536/2919/2919 2535/2918/2918 2442/2824/2824
f 2537/2920/2920 2442/2824/2824 2535/2918/2918
f 2445/2828/2828 2539/2923/2923 2443/2826/2826
f 2538/2922/2922 2443/2826/2826 2539/2923/2923
f 2538/2922/2922 2539/2923/2923 2536/2919/2919
f 2539/2923/2923 2445/2828/2828 2540/2924/2924
f 2436/2817/2817 2540/2924/2924 2445/2828/2828
f 2436/2817/2817 2445/2828/2828 2365/2733/2733
f 2365/2733/2733 2355/2720/2720 2436/2817/2817
f 2437/2818/2818 2436/2817/2817 2355/2720/2720
f 2364/2732/2732 2365/2733/2733 2445/2828/2828
f 2437/2818/2818 2532/2915/2915 2436/2817/2817
f 2540/2924/2924 2436/2817/2817 2532/2915/2915
f 2540/2924/2924 2532/2915/2915 2725/3129/3129
f 2725/3129/3129 2726/3130/3130 2540/2924/2924
f 2726/3130/3130 2725/3129/3129 2448/2831/2831
f 2539/2923/2923 2540/2924/2924 2726/3130/3130
f 2448/2831/2831 2701/3105/3105 2726/3130/3130
f 2701/3105/3105 2448/2831/2831 2700/3104/3104
f 2701/3105/3105 2700/3104/3104 2535/2918/2918
f 2440/2822/2822 2535/2918/2918 2700/3104/3104
f 2535/2918/2918 2440/2822/2822 2537/2920/2920
f 2438/2819/2819 2537/2920/2920 2440/2822/2822
f 2440/2822/2822 2439/2821/2821 2438/2819/2819
f 2137/2472/2472 2438/2819/2819 2439/2821/2821
f 2439/2821/2821 2134/2468/2468 2137/2472/2472
f 2131/2463/2463 2137/2472/2472 2134/2468/2468
f 2134/2468/2468 2439/2821/2821 2156/2497/2497
f 2450/2833/2833 2156/2497/2497 2439/2821/2821
f 2450/2833/2833 2391/2767/2767 2156/2497/2497
f 2391/2767/2767 2450/2833/2833 2446/2829/2829
f 2449/2832/2832 2446/2829/2829 2450/2833/2833
f 2153/2493/2493 2156/2497/2497 2391/2767/2767
f 2449/2832/2832 2450/2833/2833 2440/2822/2822
f 2439/2821/2821 2440/2822/2822 2450/2833/2833
f 2449/2832/2832 2440/2822/2822 2700/3104/3104
f 2449/2832/2832 2700/3104/3104 2448/2831/2831
f 2446/2829/2829 2449/2832/2832 2448/2831/2831
f 2127/2456/2456 2391/2767/2767 2432/2813/2813
f 2134/2467/2467 2133/2466/2466 2131/2461/2461
f 2132/2464/2464 2131/2461/2461 2133/2466/2466
f 2133/2466/2466 2393/2770/2770 2132/2464/2464
f 2392/2768/2768 2132/2464/2464 2393/2770/2770
f 2133/2466/2466 2134/2467/2467 2157/2498/2498
f 2156/2496/2496 2157/2498/2498 2134/2467/2467
f 2157/2498/2498 2396/2773/2773 2133/2466/2466
f 2393/2770/2770 2133/2466/2466 2396/2773/2773
f 2396/2773/2773 2684/3088/3088 2393/2770/2770
f 2686/3090/3090 2393/2770/2770 2684/3088/3088
f 2393/2770/2770 2686/3090/3090 2352/2715/2715
f 2392/2768/2768 2393/2770/2770 2352/2715/2715
f 2152/2491/2491 2352/2715/2715 2686/3090/3090
f 2352/2715/2715 2152/2491/2491 2147/2484/2484
f 2684/3088/3088 2685/3089/3089 2686/3090/3090
f 2684/3088/3088 2394/2771/2771 2685/3089/3089
f 2394/2771/2771 2684/3088/3088 2396/2773/2773
f 2703/3107/3107 2686/3090/3090 2685/3089/3089
f 2686/3090/3090 2703/3107/3107 2152/2491/2491
f 2685/3089/3089 2683/3087/3087 2703/3107/3107
f 2702/3106/3106 2703/3107/3107 2683/3087/3087
f 2703/3107/3107 2702/3106/3106 2151/2490/2490
f 2151/2490/2490 2152/2491/2491 2703/3107/3107
f 2307/2661/2661 2151/2490/2490 2702/3106/3106
f 2702/3106/3106 2682/3086/3086 2307/2661/2661
f 2702/3106/3106 2683/3087/3087 2682/3086/3086
f 2265/2618/2618 3068/3582/3582 2188/2531/2531
f 2188/2531/2531 2170/2513/2513 2265/2618/2618
f 2265/2618/2618 2170/2513/2513 2174/2517/2517
f 2265/2618/2618 2174/2517/2517 2351/2713/2713
f 2351/2713/2713 2297/2651/2651 2265/2618/2618
f 2297/2651/2651 2298/2652/2652 2265/2618/2618
f 2297/2651/2651 2289/2643/2643 2298/2652/2652
f 2299/2653/2653 2298/2652/2652 2289/2643/2643
f 2299/2653/2653 2289/2643/2643 2200/2545/2545
f 2199/2544/2544 2200/2545/2545 2289/2643/2643
f 2200/2545/2545 2342/2700/2700 2299/2653/2653
f 2342/2700/2700 2200/2545/2545 2236/2585/2585
f 2344/2703/2703 2299/2653/2653 2342/2700/2700
f 2299/2653/2653 2344/2703/2703 2298/2652/2652
f 2345/2706/2706 2298/2652/2652 2344/2703/2703
f 2199/2544/2544 2287/2641/2641 2202/2547/2547
f 2287/2641/2641 2292/2646/2646 2202/2547/2547
f 2247/2599/2599 2202/2547/2547 2292/2646/2646
f 2345/2706/2706 2350/2712/2712 2298/2652/2652
f 2350/2712/2712 2265/2618/2618 2298/2652/2652
f 2266/2620/2620 2117/2444/2444 2114/2441/2441
f 2266/2620/2620 2120/2448/2448 2117/2444/2444
f 2121/2449/2449 2117/2444/2444 2120/2448/2448
f 2114/2441/2441 2147/2485/2485 2266/2620/2620
f 2148/2487/2487 2266/2620/2620 2147/2485/2485
f 2266/2620/2620 2148/2487/2487 2120/2448/2448
f 2114/2441/2441 2111/2438/2438 2147/2485/2485
f 2352/2714/2714 2147/2485/2485 2111/2438/2438
f 2353/2716/2716 2120/2448/2448 2148/2487/2487
f 2352/2714/2714 2111/2438/2438 2392/2769/2769
f 2165/2508/2508 2392/2769/2769 2111/2438/2438
f 2165/2508/2508 2136/2470/2470 2392/2769/2769
f 2132/2465/2465 2392/2769/2769 2136/2470/2470
f 2112/2439/2439 2165/2508/2508 2111/2438/2438
f 2353/2716/2716 2142/2479/2479 2120/2447/2447
f 2213/2558/2558 2272/2626/2626 2212/2557/2557
f 2272/2626/2626 2213/2558/2558 2275/2629/2629
f 2281/2635/2635 2255/2607/2607 2278/2632/2632
f 2280/2634/2634 2278/2632/2632 2255/2607/2607
f 2280/2634/2634 2690/3094/3094 2278/2632/2632
f 2690/3094/3094 2280/2634/2634 2295/2649/2649
f 2295/2649/2649 2293/2647/2647 2690/3094/3094
f 2295/2649/2649 2294/2648/2648 2293/2647/2647
f 2294/2648/2648 2295/2649/2649 2217/2562/2562
f 2294/2648/2648 2217/2562/2562 2246/2598/2598
f 2245/2597/2597 2246/2598/2598 2217/2562/2562
f 2296/2650/2650 2217/2562/2562 2295/2649/2649
f 2688/3092/3092 2690/3094/3094 2293/2647/2647
f 2293/2647/2647 2290/2644/2644 2688/3092/3092
f 2687/3091/3091 2688/3092/3092 2290/2644/2644
f 2688/3092/3092 2687/3091/3091 2271/2625/2625
f 2270/2624/2624 2271/2625/2625 2687/3091/3091
f 2290/2644/2644 2291/2645/2645 2687/3091/3091
f 2689/3093/3093 2687/3091/3091 2291/2645/2645
f 2687/3091/3091 2689/3093/3093 2270/2624/2624
f 2271/2625/2625 2274/2628/2628 2688/3092/3092
f 2690/3094/3094 2688/3092/3092 2274/2628/2628
f 2274/2628/2628 2278/2632/2632 2690/3094/3094
f 2291/2645/2645 2282/2636/2636 2689/3093/3093
f 2282/2636/2636 2291/2645/2645 2285/2639/2639
f 2288/2642/2642 2285/2639/2639 2291/2645/2645
f 2691/3095/3095 2689/3093/3093 2282/2636/2636
f 2689/3093/3093 2691/3095/3095 2304/2658/2658
f 2304/2658/2658 2270/2624/2624 2689/3093/3093
f 2692/3096/3096 2304/2658/2658 2691/3095/3095
f 2691/3095/3095 2283/2637/2637 2692/3096/3096
f 2334/2691/2691 2692/3096/3096 2283/2637/2637
f 2692/3096/3096 2334/2691/2691 2414/2794/2794
f 2329/2686/2686 2414/2794/2794 2334/2691/2691
f 2414/2794/2794 2273/2627/2627 2692/3096/3096
f 2304/2658/2658 2692/3096/3096 2273/2627/2627
f 2334/2691/2691 2330/2687/2687 2329/2686/2686
f 2331/2688/2688 2283/2637/2637 2284/2638/2638
f 2268/2622/2622 2085/2410/2410 2276/2630/2630
f 2276/2630/2630 2316/2672/2672 2268/2622/2622
f 2316/2672/2672 2276/2630/2630 2277/2631/2631
f 2100/2425/2425 2268/2622/2622 2316/2672/2672
f 2316/2672/2672 2230/2579/2579 2100/2425/2425
f 2230/2579/2579 2316/2672/2672 2229/2578/2578
f 2277/2631/2631 2229/2578/2578 2316/2672/2672
f 2277/2631/2631 2264/2617/2617 2229/2578/2578
f 2223/2570/2570 2229/2578/2578 2264/2617/2617
f 2109/2436/2436 2103/2428/2428 2354/2718/2718
f 2315/2670/2670 2354/2718/2718 2103/2428/2428
f 2102/2427/2427 2103/2428/2428 2109/2436/2436
f 2228/2577/2577 2103/2428/2428 2098/2423/2423
f 2098/2423/2423 2227/2576/2576 2228/2577/2577
f 2402/2780/2780 2104/2429/2429 2308/2662/2662
f 2402/2780/2780 2101/2426/2426 2104/2429/2429
f 2402/2780/2780 2089/2414/2414 2101/2426/2426
f 2402/2780/2780 2308/2662/2662 2089/2414/2414
f 2090/2415/2415 2101/2426/2426 2089/2414/2414
f 2306/2660/2660 2089/2414/2414 2308/2662/2662
f 2233/2582/2582 878/998/998 2231/2580/2580
f 699/789/789 2231/2580/2580 878/998/998
f 2233/2582/2582 2231/2580/2580 2185/2528/2528
f 2193/2536/2536 2185/2528/2528 2231/2580/2580
f 2185/2528/2528 2193/2536/2536 2184/2527/2527
f 2194/2537/2537 2184/2527/2527 2193/2536/2536
f 2184/2527/2527 2194/2537/2537 2183/2526/2526
f 2182/2525/2525 2184/2527/2527 2183/2526/2526
f 2328/2685/2685 2410/2789/2789 2420/2801/2801
f 2328/2685/2685 2420/2801/2801 2327/2684/2684
f 2328/2685/2685 2324/2681/2681 2410/2789/2789
f 2442/2825/2825 2444/2827/2827 2359/2725/2725
f 2442/2825/2825 2537/2921/2921 2444/2827/2827
f 2527/2910/2910 2444/2827/2827 2537/2921/2921
f 2527/2910/2910 2537/2921/2921 2441/2823/2823
f 2438/2820/2820 2441/2823/2823 2537/2921/2921
f 2138/2473/2473 2401/2779/2779 2441/2823/2823
f 2530/2913/2913 2401/2779/2779 2167/2510/2510
f 2167/2510/2510 2636/3035/3035 2530/2913/2913
f 2571/2955/2955 2530/2913/2913 2636/3035/3035
f 2636/3035/3035 2601/2990/2990 2571/2955/2955
f 2530/2913/2913 2571/2955/2955 2529/2912/2912
f 2636/3035/3035 2566/2950/2950 2601/2990/2990
f 2636/3035/3035 2167/2510/2510 2566/2950/2950
f 2168/2511/2511 2566/2950/2950 2167/2510/2510
f 2572/2956/2956 2528/2911/2911 2529/2912/2912
f 2572/2956/2956 2451/2834/2834 2528/2911/2911
f 2452/2835/2835 2528/2911/2911 2451/2834/2834
f 2462/2845/2845 2461/2844/2844 2458/2841/2841
f 2457/2840/2840 2458/2841/2841 2461/2844/2844
f 2461/2844/2844 2518/2901/2901 2457/2840/2840
f 2517/2900/2900 2457/2840/2840 2518/2901/2901
f 2457/2840/2840 2517/2900/2900 2456/2839/2839
f 2516/2899/2899 2456/2839/2839 2517/2900/2900
f 2456/2839/2839 2516/2899/2899 2347/2708/2708
f 2346/2707/2707 2347/2708/2708 2516/2899/2899
f 2517/2900/2900 2486/2869/2869 2516/2899/2899
f 2487/2870/2870 2516/2899/2899 2486/2869/2869
f 2516/2899/2899 2487/2870/2870 2346/2707/2707
f 2486/2869/2869 2517/2900/2900 2485/2868/2868
f 2559/2943/2943 2485/2868/2868 2517/2900/2900
f 2497/2880/2880 2346/2707/2707 2487/2870/2870
f 2559/2943/2943 2520/2903/2903 2485/2868/2868
f 2559/2943/2943 2716/3120/3120 2520/2903/2903
f 2715/3119/3119 2520/2903/2903 2716/3120/3120
f 2520/2903/2903 2715/3119/3119 2465/2848/2848
f 2712/3116/3116 2465/2848/2848 2715/3119/3119
f 2480/2863/2863 2485/2868/2868 2520/2903/2903
f 2712/3116/3116 2715/3119/3119 2736/3140/3140
f 2716/3120/3120 2736/3140/3140 2715/3119/3119
f 2736/3140/3140 2716/3120/3120 2461/2844/2844
f 2461/2844/2844 2462/2845/2845 2736/3140/3140
f 2518/2901/2901 2461/2844/2844 2716/3120/3120
f 2481/2864/2864 2484/2867/2867 2480/2863/2863
f 2485/2868/2868 2480/2863/2863 2484/2867/2867
f 2484/2867/2867 2481/2864/2864 2553/2937/2937
f 2555/2939/2939 2553/2937/2937 2481/2864/2864
f 2555/2939/2939 2547/2931/2931 2553/2937/2937
f 2555/2939/2939 2481/2864/2864 2479/2862/2862
f 2479/2862/2862 2554/2938/2938 2555/2939/2939
f 2547/2931/2931 2555/2939/2939 2554/2938/2938
f 2554/2938/2938 2479/2862/2862 2412/2792/2792
f 2387/2763/2763 2412/2792/2792 2479/2862/2862
f 2369/2737/2737 1759/2041/2041 2489/2872/2872
f 2373/2742/2742 2416/2797/2797 2372/2741/2741
f 2515/2898/2898 2372/2741/2741 2416/2797/2797
f 2416/2797/2797 2322/2679/2679 2515/2898/2898
f 2525/2908/2908 2515/2898/2898 2322/2679/2679
f 2525/2908/2908 2322/2679/2679 2386/2762/2762
f 2384/2759/2759 2386/2762/2762 2322/2679/2679
f 2534/2917/2917 2422/2803/2803 2471/2854/2854
f 2471/2854/2854 2472/2855/2855 2534/2917/2917
f 2693/3097/3097 2534/2917/2917 2472/2855/2855
f 2472/2855/2855 2718/3122/3122 2693/3097/3097
f 2472/2855/2855 2473/2856/2856 2718/3122/3122
f 2717/3121/3121 2718/3122/3122 2473/2856/2856
f 2718/3122/3122 2717/3121/3121 2719/3123/3123
f 2720/3124/3124 2719/3123/3123 2717/3121/3121
f 2720/3124/3124 2721/3125/3125 2719/3123/3123
f 2722/3126/3126 2719/3123/3123 2721/3125/3125
f 2719/3123/3123 2722/3126/3126 2728/3132/3132
f 2719/3123/3123 2728/3132/3132 2718/3122/3122
f 2727/3131/3131 2728/3132/3132 2722/3126/3126
f 2728/3132/3132 2727/3131/3131 2434/2815/2815
f 2546/2930/2930 2434/2815/2815 2727/3131/3131
f 2727/3131/3131 2722/3126/3126 2694/3098/3098
f 2694/3098/3098 2546/2930/2930 2727/3131/3131
f 2475/2858/2858 2694/3098/3098 2722/3126/3126
f 2475/2858/2858 2722/3126/3126 2474/2857/2857
f 2721/3125/3125 2474/2857/2857 2722/3126/3126
f 2723/3127/3127 2728/3132/3132 2434/2815/2815
f 2737/3141/3141 2476/2859/2859 2721/3125/3125
f 2737/3141/3141 2744/3148/3148 2476/2859/2859
f 2744/3148/3148 2737/3141/3141 2743/3147/3147
f 2720/3124/3124 2743/3147/3147 2737/3141/3141
f 2720/3124/3124 2737/3141/3141 2721/3125/3125
f 2512/2895/2895 2476/2859/2859 2744/3148/3148
f 2743/3147/3147 2720/3124/3124 2749/3153/3153
f 2717/3121/3121 2749/3153/3153 2720/3124/3124
f 2749/3153/3153 2717/3121/3121 2745/3149/3149
f 2473/2856/2856 2745/3149/3149 2717/3121/3121
f 2749/3153/3153 2742/3146/3146 2743/3147/3147
f 2742/3146/3146 2749/3153/3153 2745/3149/3149
f 2130/2460/2460 2541/2925/2925 2129/2459/2459
f 2541/2925/2925 2130/2460/2460 2427/2808/2808
f 2544/2928/2928 2427/2808/2808 2130/2460/2460
f 2433/2814/2814 2544/2928/2928 2130/2460/2460
f 2426/2807/2807 2427/2808/2808 2544/2928/2928
f 2125/2453/2453 2129/2459/2459 2399/2777/2777
f 2545/2929/2929 2531/2914/2914 2422/2803/2803
f 2421/2802/2802 2422/2803/2803 2531/2914/2914
f 2531/2914/2914 2545/2929/2929 2533/2916/2916
f 2746/3150/3150 2533/2916/2916 2545/2929/2929
f 2746/3150/3150 2545/2929/2929 2693/3097/3097
f 2534/2917/2917 2693/3097/3097 2545/2929/2929
f 2545/2929/2929 2422/2803/2803 2534/2917/2917
f 2746/3150/3150 2747/3151/3151 2533/2916/2916
f 2693/3097/3097 2747/3151/3151 2746/3150/3150
f 2747/3151/3151 2693/3097/3097 2718/3122/3122
f 2747/3151/3151 2718/3122/3122 2728/3132/3132
f 2723/3127/3127 2533/2916/2916 2747/3151/3151
f 2728/3132/3132 2723/3127/3127 2747/3151/3151
f 2354/2719/2719 2315/2671/2671 2356/2721/2721
f 2421/2802/2802 2356/2721/2721 2315/2671/2671
f 2421/2802/2802 2315/2671/2671 2357/2722/2722
f 2314/2669/2669 2357/2722/2722 2315/2671/2671
f 2356/2721/2721 2421/2802/2802 2531/2914/2914
f 2591/2978/2978 2594/2981/2981 2590/2976/2976
f 2593/2980/2980 2590/2976/2976 2594/2981/2981
f 2590/2976/2976 2593/2980/2980 2589/2974/2974
f 2595/2982/2982 2589/2974/2974 2593/2980/2980
f 2589/2974/2974 2595/2982/2982 2596/2984/2984
f 2597/2985/2985 2596/2984/2984 2595/2982/2982
f 2594/2981/2981 2591/2978/2978 2637/3036/3036
f 2594/2981/2981 2637/3036/3036 2593/2980/2980
f 2613/3006/3006 2637/3036/3036 2591/2978/2978
f 2637/3036/3036 2613/3006/3006 2638/3037/3037
f 2639/3038/3038 2638/3037/3037 2613/3006/3006
f 2639/3038/3038 2627/3026/3026 2638/3037/3037
f 2642/3043/3043 2638/3037/3037 2627/3026/3026
f 2642/3043/3043 2627/3026/3026 2624/3022/3022
f 2623/3021/3021 2624/3022/3022 2627/3026/3026
f 2624/3022/3022 2623/3021/3021 2618/3014/3014
f 2617/3012/3012 2618/3014/3014 2623/3021/3021
f 2618/3014/3014 2617/3012/3012 2619/3015/3015
f 2620/3016/3016 2619/3015/3015 2617/3012/3012
f 2624/3022/3022 2618/3014/3014 2648/3051/3051
f 2624/3022/3022 2648/3051/3051 2642/3043/3043
f 2649/3052/3052 2648/3051/3051 2618/3014/3014
f 2619/3015/3015 2647/3050/3050 2618/3014/3014
f 2649/3052/3052 2618/3014/3014 2647/3050/3050
f 2647/3050/3050 2619/3015/3015 2646/3049/3049
f 2647/3050/3050 2646/3049/3049 2600/2989/2989
f 2599/2988/2988 2600/2989/2989 2646/3049/3049
f 2599/2988/2988 2598/2987/2987 2600/2989/2989
f 2597/2985/2985 2600/2989/2989 2598/2987/2987
f 2598/2987/2987 2599/2988/2988 2602/2992/2992
f 2614/3008/3008 2602/2992/2992 2599/2988/2988
f 2597/2985/2985 2595/2982/2982 2600/2989/2989
f 2645/3048/3048 2600/2989/2989 2595/2982/2982
f 2595/2982/2982 2593/2980/2980 2645/3048/3048
f 2650/3053/3053 2645/3048/3048 2593/2980/2980
f 2650/3053/3053 2648/3051/3051 2645/3048/3048
f 2649/3052/3052 2645/3048/3048 2648/3051/3051
f 2650/3053/3053 2593/2980/2980 2637/3036/3036
f 2650/3053/3053 2637/3036/3036 2648/3051/3051
f 2649/3052/3052 2647/3050/3050 2645/3048/3048
f 2600/2989/2989 2645/3048/3048 2647/3050/3050
f 2638/3037/3037 2648/3051/3051 2637/3036/3036
f 2638/3037/3037 2642/3043/3043 2648/3051/3051
f 2606/2997/2997 2561/2945/2945 2605/2995/2995
f 2561/2945/2945 2606/2997/2997 2122/2450/2450
f 2651/3054/3054 2122/2450/2450 2606/2997/2997
f 2651/3054/3054 2121/2449/2449 2122/2450/2450
f 2651/3054/3054 2116/2443/2443 2121/2449/2449
f 2117/2444/2444 2121/2449/2449 2116/2443/2443
f 2651/3054/3054 2606/2996/2996 2116/2443/2443
f 2580/2964/2964 2563/2947/2947 2585/2969/2969
f 2580/2964/2964 2581/2965/2965 2563/2947/2947
f 2567/2951/2951 2563/2947/2947 2581/2965/2965
f 2644/3047/3047 2646/3049/3049 2619/3015/3015
f 2646/3049/3049 2644/3047/3047 2616/3011/3011
f 2643/3045/3045 2616/3011/3011 2644/3047/3047
f 2646/3049/3049 2616/3011/3011 2599/2988/2988
f 2614/3008/3008 2599/2988/2988 2616/3011/3011
f 2620/3016/3016 2644/3047/3047 2619/3015/3015
f 2666/3069/3069 1789/2071/2071 2668/3071/3071
f 2032/2345/2345 2033/2346/2346 2083/2408/2408
f 2037/2352/2352 2083/2408/2408 2033/2346/2346
f 2083/2408/2408 2059/2380/2380 2032/2345/2345
f 49/57/57 1613/1880/1880 1156/1300/1300
f 2296/2650/2650 2295/2649/2649 2280/2634/2634
f 2296/2650/2650 2280/2634/2634 2251/2603/2603
f 2217/2562/2562 2296/2650/2650 2251/2603/2603
f 2251/2603/2603 2280/2634/2634 2255/2607/2607
f 2323/2680/2680 2302/2656/2656 2326/2683/2683
f 2303/2657/2657 2326/2683/2683 2302/2656/2656
f 2655/3058/3058 2669/3072/3072 2654/3057/3057
f 1654/1923/1923 2654/3057/3057 2659/3062/3062
f 1655/1924/1924 1654/1923/1923 2659/3062/3062
f 1654/1923/1923 1641/1910/1910 2653/3056/3056
f 1637/1906/1906 1641/1910/1910 1654/1923/1923
f 2653/3056/3056 2707/3111/3111 2667/3070/3070
f 1612/1879/1879 48/56/56 1790/2072/2072
f 1737/2014/2014 1736/2013/2013 1729/2005/2005
f 1836/2118/2118 1812/2094/2094 1852/2134/2134
f 1849/2131/2131 1852/2134/2134 1812/2094/2094
f 1849/2131/2131 1896/2178/2178 1852/2134/2134
f 1812/2094/2094 1836/2118/2118 1811/2093/2093
f 2349/2710/2710 2497/2880/2880 2524/2907/2907
f 2348/2709/2709 2349/2710/2710 2524/2907/2907
f 2346/2707/2707 2497/2880/2880 2349/2710/2710
f 2348/2709/2709 1558/1819/1819 2265/2619/2619
f 1558/1819/1819 3068/3583/3583 2265/2619/2619
f 2698/3102/3102 2206/2551/2551 2239/2590/2590
f 2239/2590/2590 2248/2600/2600 2698/3102/3102
f 2260/2613/2613 2698/3102/3102 2248/2600/2600
f 2248/2600/2600 2262/2615/2615 2260/2613/2613
f 2248/2600/2600 2249/2601/2601 2262/2615/2615
f 2378/2750/2750 2262/2615/2615 2249/2601/2601
f 2536/2919/2919 2726/3130/3130 2701/3105/3105
f 2726/3130/3130 2536/2919/2919 2539/2923/2923
f 2536/2919/2919 2701/3105/3105 2535/2918/2918
f 2256/2609/2609 2339/2697/2697 2244/2596/2596
f 2503/2886/2886 2341/2699/2699 2507/2890/2890
f 2521/2904/2904 2507/2890/2890 2341/2699/2699
f 2506/2889/2889 2468/2851/2851 2510/2893/2893
f 1785/2067/2067 1253/1398/1398 1783/2065/2065
f 1252/1397/1397 1783/2065/2065 1253/1398/1398
f 1252/1397/1397 1254/1399/1399 1783/2065/2065
f 1761/2043/2043 1783/2065/2065 1254/1399/1399
f 1761/2043/2043 1254/1399/1399 1760/2042/2042
f 240/263/263 1760/2042/2042 1254/1399/1399
f 234/257/257 1253/1398/1398 1785/2067/2067
f 1832/2114/2114 1829/2111/2111 1834/2116/2116
f 1830/2112/2112 1834/2116/2116 1829/2111/2111
f 2757/3161/3161 2756/3160/3160 1914/2199/2199
f 1917/2205/2205 1914/2199/2199 2756/3160/3160
f 1917/2205/2205 2756/3160/3160 2057/2378/2378
f 2773/3181/3181 2057/2378/2378 2756/3160/3160
f 2757/3161/3161 2763/3168/3168 2756/3160/3160
f 2763/3168/3168 2757/3161/3161 2764/3169/3169
f 2765/3171/3171 2764/3169/3169 2757/3161/3161
f 2774/3182/3182 2756/3160/3160 2763/3168/3168
f 2756/3160/3160 2774/3182/3182 2773/3181/3181
f 2775/3183/3183 2773/3181/3181 2774/3182/3182
f 2773/3181/3181 2775/3183/3183 2771/3179/3179
f 2772/3180/3180 2771/3179/3179 2775/3183/3183
f 2771/3179/3179 2772/3180/3180 2762/3167/3167
f 2771/3179/3179 2762/3167/3167 2057/2378/2378
f 2006/2316/2316 2057/2378/2378 2762/3167/3167
f 2761/3166/3166 2762/3167/3167 2772/3180/3180
f 2762/3167/3167 2761/3166/3166 2758/3162/3162
f 2760/3165/3165 2758/3162/3162 2761/3166/3166
f 2758/3162/3162 2760/3165/3165 2759/3163/3163
f 2759/3163/3163 1920/2212/2212 2758/3162/3162
f 2005/2313/2313 2758/3162/3162 1920/2212/2212
f 2768/3176/3176 2759/3163/3163 2760/3165/3165
f 2768/3176/3176 2760/3165/3165 2969/3458/3458
f 2968/3457/3457 2969/3458/3458 2760/3165/3165
f 2968/3457/3457 2965/3454/3454 2969/3458/3458
f 2970/3460/3460 2969/3458/3458 2965/3454/3454
f 2965/3454/3454 2968/3457/3457 2959/3445/3445
f 2959/3445/3445 2967/3456/3456 2965/3454/3454
f 2966/3455/3455 2965/3454/3454 2967/3456/3456
f 2965/3454/3454 2966/3455/3455 2970/3460/3460
f 2967/3456/3456 2959/3445/3445 2960/3447/3447
f 2960/3447/3447 2973/3464/3464 2967/3456/3456
f 2972/3463/3463 2967/3456/3456 2973/3464/3464
f 2967/3456/3456 2972/3463/3463 2966/3455/3455
f 2957/3442/3442 2960/3447/3447 2959/3445/3445
f 2959/3445/3445 2958/3444/3444 2957/3442/3442
f 2892/3352/3352 2957/3442/3442 2958/3444/3444
f 2892/3352/3352 2885/3344/3344 2957/3442/3442
f 2885/3344/3344 2892/3352/3352 2889/3349/3349
f 2878/3334/3334 2889/3349/3349 2892/3352/3352
f 2889/3349/3349 2888/3348/3348 2885/3344/3344
f 2888/3348/3348 2889/3349/3349 2890/3350/3350
f 2891/3351/3351 2890/3350/3350 2889/3349/3349
f 2889/3349/3349 2878/3334/3334 2891/3351/3351
f 2891/3351/3351 2879/3335/3335 2890/3350/3350
f 2891/3351/3351 2878/3334/3334 2879/3335/3335
f 2879/3335/3335 2878/3334/3334 2876/3332/3332
f 2877/3333/3333 2876/3332/3332 2878/3334/3334
f 2858/3302/3302 2890/3350/3350 2879/3335/3335
f 2858/3302/3302 2859/3304/3304 2890/3350/3350
f 2894/3354/3354 2890/3350/3350 2859/3304/3304
f 2890/3350/3350 2894/3354/3354 2888/3348/3348
f 2887/3347/3347 2888/3348/3348 2894/3354/3354
f 2888/3348/3348 2887/3347/3347 2872/3327/3327
f 2871/3324/3324 2872/3327/3327 2887/3347/3347
f 2872/3327/3327 2885/3344/3344 2888/3348/3348
f 2887/3347/3347 2849/3287/3287 2871/3324/3324
f 2835/3270/3270 2871/3324/3324 2849/3287/3287
f 2849/3287/3287 2840/3276/3276 2835/3270/3270
f 2840/3276/3276 2849/3287/3287 2847/3285/3285
f 2848/3286/3286 2847/3285/3285 2849/3287/3287
f 2834/3268/3268 2835/3270/3270 2840/3276/3276
f 2840/3276/3276 2839/3275/3275 2834/3268/3268
f 2838/3273/3273 2834/3268/3268 2839/3275/3275
f 2847/3285/3285 2850/3288/3288 2840/3276/3276
f 2839/3275/3275 2840/3276/3276 2850/3288/3288
f 2850/3288/3288 2847/3285/3285 2851/3289/3289
f 2852/3291/3291 2851/3289/3289 2847/3285/3285
f 2847/3285/3285 2848/3286/3286 2852/3291/3291
f 2873/3328/3328 2852/3291/3291 2848/3286/3286
f 2848/3286/3286 2894/3354/3354 2873/3328/3328
f 2859/3304/3304 2873/3328/3328 2894/3354/3354
f 2894/3354/3354 2848/3286/3286 2887/3347/3347
f 2849/3287/3287 2887/3347/3347 2848/3286/3286
f 2851/3289/3289 3037/3549/3549 2850/3288/3288
f 3036/3548/3548 2850/3288/3288 3037/3549/3549
f 2850/3288/3288 3036/3548/3548 2839/3275/3275
f 3034/3545/3545 2839/3275/3275 3036/3548/3548
f 2839/3275/3275 3034/3545/3545 2838/3273/3273
f 3035/3546/3546 2838/3273/3273 3034/3545/3545
f 3034/3545/3545 2869/3320/3320 3035/3546/3546
f 2870/3321/3321 3035/3546/3546 2869/3320/3320
f 2869/3320/3320 2843/3279/3279 2870/3321/3321
f 2868/3318/3318 2870/3321/3321 2843/3279/3279
f 2868/3318/3318 2843/3279/3279 2845/3281/3281
f 2844/3280/3280 2845/3281/3281 2843/3279/3279
f 2844/3280/3280 2843/3279/3279 2841/3277/3277
f 2842/3278/3278 2841/3277/3277 2843/3279/3279
f 2843/3279/3279 2869/3320/3320 2842/3278/3278
f 2841/3277/3277 2846/3283/3283 2844/3280/3280
f 2845/3281/3281 2844/3280/3280 2846/3283/3283
f 2841/3277/3277 2842/3278/3278 2846/3283/3283
f 2867/3317/3317 2846/3283/3283 2842/3278/3278
f 2842/3278/3278 2893/3353/3353 2867/3317/3317
f 2893/3353/3353 2842/3278/3278 2869/3320/3320
f 2866/3315/3315 2867/3317/3317 2893/3353/3353
f 2869/3320/3320 3034/3545/3545 2893/3353/3353
f 3036/3548/3548 2893/3353/3353 3034/3545/3545
f 2893/3353/3353 3036/3548/3548 2866/3315/3315
f 3037/3549/3549 2866/3315/3315 3036/3548/3548
f 2759/3164/3164 2768/3175/3175 2766/3173/3173
f 2767/3174/3174 2766/3173/3173 2768/3175/3175
f 2766/3173/3173 1919/2210/2210 2759/3164/3164
f 1920/2213/2213 2759/3164/3164 1919/2210/2210
f 2766/3173/3173 2769/3177/3177 1919/2210/2210
f 2766/3173/3173 2767/3174/3174 2769/3177/3177
f 1915/2202/2202 1919/2210/2210 2769/3177/3177
f 2769/3177/3177 2765/3172/3172 1915/2202/2202
f 1914/2200/2200 1915/2202/2202 2765/3172/3172
f 2769/3177/3177 2770/3178/3178 2765/3172/3172
f 2770/3178/3178 2769/3177/3177 2767/3174/3174
f 2764/3170/3170 2765/3172/3172 2770/3178/3178
f 2770/3178/3178 2819/3248/3248 2764/3170/3170
f 2820/3249/3249 2764/3170/3170 2819/3248/3248
f 2819/3248/3248 2802/3222/3222 2820/3249/3249
f 2803/3223/3223 2820/3249/3249 2802/3222/3222
f 2802/3222/3222 2798/3215/3215 2803/3223/3223
f 2800/3218/3218 2803/3223/3223 2798/3215/3215
f 2802/3222/3222 2804/3225/3225 2798/3215/3215
f 2797/3213/3213 2798/3215/3215 2804/3225/3225
f 2819/3248/3248 2821/3251/3251 2802/3222/3222
f 2804/3225/3225 2802/3222/3222 2821/3251/3251
f 2819/3248/3248 2770/3178/3178 2821/3251/3251
f 2767/3174/3174 2821/3251/3251 2770/3178/3178
f 2767/3174/3174 2971/3462/3462 2821/3251/3251
f 2971/3462/3462 2945/3424/3424 2821/3251/3251
f 2946/3425/3425 2821/3251/3251 2945/3424/3424
f 2945/3424/3424 2944/3422/3422 2946/3425/3425
f 2947/3426/3426 2946/3425/3425 2944/3422/3422
f 2767/3174/3174 2768/3175/3175 2971/3462/3462
f 2969/3459/3459 2971/3462/3462 2768/3175/3175
f 2969/3459/3459 2970/3461/3461 2971/3462/3462
f 2945/3424/3424 2971/3462/3462 2970/3461/3461
f 2944/3422/3422 2945/3424/3424 2950/3433/3433
f 2970/3461/3461 2950/3433/3433 2945/3424/3424
f 2946/3425/3425 2947/3426/3426 2961/3449/3449
f 2961/3449/3449 2947/3426/3426 2957/3443/3443
f 2960/3446/3446 2957/3443/3443 2947/3426/3426
f 2957/3443/3443 2886/3345/3345 2961/3449/3449
f 2882/3339/3339 2961/3449/3449 2886/3345/3345
f 2886/3345/3345 2855/3296/3296 2882/3339/3339
f 2855/3296/3296 2886/3345/3345 2872/3326/3326
f 2885/3343/3343 2872/3326/3326 2886/3345/3345
f 2856/3298/3298 2882/3339/3339 2855/3296/3296
f 2860/3305/3305 2882/3339/3339 2856/3298/3298
f 2860/3305/3305 2856/3298/3298 2861/3307/3307
f 2858/3301/3301 2861/3307/3307 2856/3298/3298
f 2882/3339/3339 2860/3305/3305 2883/3340/3340
f 2884/3341/3341 2883/3340/3340 2860/3305/3305
f 2882/3339/3339 2883/3340/3340 2946/3425/3425
f 2821/3251/3251 2946/3425/3425 2883/3340/3340
f 2917/3385/3385 2883/3340/3340 2884/3341/3341
f 2917/3385/3385 2884/3341/3341 2918/3387/3387
f 2915/3381/3381 2918/3387/3387 2884/3341/3341
f 2917/3385/3385 2823/3255/3255 2883/3340/3340
f 2882/3339/3339 2946/3425/3425 2961/3449/3449
f 2797/3213/3213 2823/3255/3255 2815/3242/3242
f 2822/3252/3252 2815/3242/3242 2823/3255/3255
f 2797/3213/3213 2804/3225/3225 2823/3255/3255
f 2804/3225/3225 2883/3340/3340 2823/3255/3255
f 2883/3340/3340 2804/3225/3225 2821/3251/3251
f 2779/3189/3189 2778/3188/3188 2776/3184/3184
f 2777/3186/3186 2776/3184/3184 2778/3188/3188
f 2778/3188/3188 2796/3211/3211 2777/3186/3186
f 2796/3211/3211 2778/3188/3188 2795/3210/3210
f 2796/3211/3211 2795/3210/3210 2797/3212/3212
f 2798/3214/3214 2797/3212/3212 2795/3210/3210
f 2799/3216/3216 2795/3210/3210 2778/3188/3188
f 2778/3188/3188 2779/3189/3189 2799/3216/3216
f 2795/3210/3210 2801/3220/3220 2798/3214/3214
f 2795/3210/3210 2799/3216/3216 2801/3220/3220
f 2800/3217/3217 2798/3214/3214 2801/3220/3220
f 2797/3212/3212 2815/3241/3241 2796/3211/3211
f 2814/3239/3239 2796/3211/3211 2815/3241/3241
f 2816/3245/3245 2801/3220/3220 2799/3216/3216
f 2799/3216/3216 2818/3247/3247 2816/3245/3245
f 2794/3209/3209 2816/3245/3245 2818/3247/3247
f 2818/3247/3247 2817/3246/3246 2794/3209/3209
f 2793/3207/3207 2794/3209/3209 2817/3246/3246
f 2817/3246/3246 2818/3247/3247 3033/3544/3544
f 2779/3189/3189 3033/3544/3544 2818/3247/3247
f 2818/3247/3247 2799/3216/3216 2779/3189/3189
f 3033/3544/3544 2779/3189/3189 2780/3191/3191
f 2776/3184/3184 2780/3191/3191 2779/3189/3189
f 2817/3246/3246 3056/3575/3575 2793/3207/3207
f 3055/3574/3574 2793/3207/3207 3056/3575/3575
f 3056/3575/3575 2807/3228/3228 3055/3574/3574
f 2809/3230/3230 3055/3574/3574 2807/3228/3228
f 2807/3228/3228 2808/3229/3229 2809/3230/3230
f 2808/3229/3229 2807/3228/3228 2805/3226/3226
f 2806/3227/3227 2805/3226/3226 2807/3228/3228
f 2807/3228/3228 3056/3575/3575 2806/3227/3227
f 2805/3226/3226 2787/3199/3199 2808/3229/3229
f 2788/3201/3201 2808/3229/3229 2787/3199/3199
f 2810/3232/3232 2809/3230/3230 2808/3229/3229
f 2788/3201/3201 2810/3232/3232 2808/3229/3229
f 2805/3226/3226 2806/3227/3227 2811/3235/3235
f 2811/3235/3235 2787/3199/3199 2805/3226/3226
f 2813/3238/3238 2811/3235/3235 2806/3227/3227
f 2806/3227/3227 3057/3576/3576 2813/3238/3238
f 3057/3576/3576 2806/3227/3227 3056/3575/3575
f 3053/3571/3571 2813/3238/3238 3057/3576/3576
f 3056/3575/3575 2817/3246/3246 3057/3576/3576
f 3033/3544/3544 3057/3576/3576 2817/3246/3246
f 3057/3576/3576 3033/3544/3544 3053/3571/3571
f 2780/3191/3191 3053/3571/3571 3033/3544/3544
f 2782/3193/3193 2781/3192/3192 2776/3185/3185
f 2780/3190/3190 2776/3185/3185 2781/3192/3192
f 2776/3185/3185 2777/3187/3187 2782/3193/3193
f 2791/3204/3204 2782/3193/3193 2777/3187/3187
f 2782/3193/3193 2791/3204/3204 2789/3202/3202
f 2790/3203/3203 2789/3202/3202 2791/3204/3204
f 2789/3202/3202 2792/3205/3205 2782/3193/3193
f 2781/3192/3192 2782/3193/3193 2792/3205/3205
f 2792/3205/3205 2789/3202/3202 2793/3206/3206
f 2794/3208/3208 2793/3206/3206 2789/3202/3202
f 2789/3202/3202 2790/3203/3203 2794/3208/3208
f 2816/3244/3244 2794/3208/3208 2790/3203/3203
f 2777/3187/3187 2814/3240/3240 2791/3204/3204
f 2790/3203/3203 2832/3265/3265 2816/3244/3244
f 2801/3221/3221 2816/3244/3244 2832/3265/3265
f 2832/3265/3265 2829/3262/3262 2801/3221/3221
f 2800/3219/3219 2801/3221/3221 2829/3262/3262
f 2800/3219/3219 2829/3262/3262 2803/3224/3224
f 2830/3263/3263 2803/3224/3224 2829/3262/3262
f 2830/3263/3263 2829/3262/3262 2828/3261/3261
f 2827/3260/3260 2828/3261/3261 2829/3262/3262
f 2829/3262/3262 2832/3265/3265 2827/3260/3260
f 2828/3261/3261 2827/3260/3260 2824/3257/3257
f 2815/3243/3243 2824/3257/3257 2827/3260/3260
f 2824/3257/3257 2815/3243/3243 2825/3258/3258
f 2822/3253/3253 2825/3258/3258 2815/3243/3243
f 2827/3260/3260 2826/3259/3259 2815/3243/3243
f 2814/3240/3240 2815/3243/3243 2826/3259/3259
f 2826/3259/3259 2827/3260/3260 2832/3265/3265
f 2824/3257/3257 2825/3258/3258 2833/3266/3266
f 2934/3411/3411 2833/3266/3266 2825/3258/3258
f 2833/3266/3266 2934/3411/3411 2763/3168/3168
f 2833/3266/3266 2763/3168/3168 2820/3250/3250
f 2820/3250/3250 2803/3224/3224 2833/3266/3266
f 2830/3263/3263 2833/3266/3266 2803/3224/3224
f 2764/3169/3169 2820/3250/3250 2763/3168/3168
f 2774/3182/3182 2763/3168/3168 2934/3411/3411
f 2934/3411/3411 2877/3333/3333 2774/3182/3182
f 2934/3411/3411 2933/3410/3410 2877/3333/3333
f 2935/3412/3412 2877/3333/3333 2933/3410/3410
f 2933/3410/3410 2918/3389/3389 2935/3412/3412
f 2915/3382/3382 2935/3412/3412 2918/3389/3389
f 2915/3382/3382 2938/3416/3416 2935/3412/3412
f 2939/3417/3417 2935/3412/3412 2938/3416/3416
f 2939/3417/3417 2877/3333/3333 2935/3412/3412
f 2939/3417/3417 2938/3416/3416 2896/3356/3356
f 2895/3355/3355 2896/3356/3356 2938/3416/3416
f 2895/3355/3355 2861/3309/3309 2896/3356/3356
f 2876/3332/3332 2896/3356/3356 2861/3309/3309
f 2876/3332/3332 2861/3309/3309 2879/3335/3335
f 2858/3302/3302 2879/3335/3335 2861/3309/3309
f 2861/3309/3309 2895/3355/3355 2881/3338/3338
f 2897/3357/3357 2881/3338/3338 2895/3355/3355
f 2897/3357/3357 2899/3360/3360 2881/3338/3338
f 2898/3358/3358 2881/3338/3338 2899/3360/3360
f 2899/3360/3360 2908/3371/3371 2898/3358/3358
f 2908/3371/3371 2899/3360/3360 2906/3369/3369
f 2907/3370/3370 2906/3369/3369 2899/3360/3360
f 2899/3360/3360 2897/3357/3357 2907/3370/3370
f 2928/3403/3403 2898/3358/3358 2908/3371/3371
f 2906/3369/3369 2909/3372/3372 2908/3371/3371
f 2909/3372/3372 2906/3369/3369 2910/3373/3373
f 2911/3375/3375 2910/3373/3373 2906/3369/3369
f 2906/3369/3369 2907/3370/3370 2911/3375/3375
f 2929/3405/3405 2908/3371/3371 2909/3372/3372
f 2908/3371/3371 2929/3405/3405 2928/3403/3403
f 2930/3406/3406 2911/3375/3375 2907/3370/3370
f 3028/3537/3537 2928/3403/3403 2929/3405/3405
f 2907/3370/3370 2941/3419/3419 2930/3406/3406
f 2916/3384/3384 2930/3406/3406 2941/3419/3419
f 2941/3419/3419 2938/3416/3416 2916/3384/3384
f 2915/3382/3382 2916/3384/3384 2938/3416/3416
f 2938/3416/3416 2941/3419/3419 2895/3355/3355
f 2897/3357/3357 2895/3355/3355 2941/3419/3419
f 2941/3419/3419 2907/3370/3370 2897/3357/3357
f 2929/3405/3405 3040/3553/3553 3028/3537/3537
f 3040/3553/3553 2929/3405/3405 3042/3556/3556
f 2909/3372/3372 3042/3556/3556 2929/3405/3405
f 3042/3556/3556 2909/3372/3372 3043/3557/3557
f 2910/3373/3373 3043/3557/3557 2909/3372/3372
f 3042/3556/3556 2940/3418/3418 3040/3553/3553
f 2926/3400/3400 3040/3553/3553 2940/3418/3418
f 2940/3418/3418 2901/3362/3362 2926/3400/3400
f 2902/3363/3363 2926/3400/3400 2901/3362/3362
f 2901/3362/3362 2900/3361/3361 2902/3363/3363
f 2903/3364/3364 2902/3363/3363 2900/3361/3361
f 2900/3361/3361 2905/3367/3367 2903/3364/3364
f 2900/3361/3361 2901/3362/3362 2905/3367/3367
f 2904/3365/3365 2903/3364/3364 2905/3367/3367
f 2903/3364/3364 2904/3365/3365 2902/3363/3363
f 2925/3398/3398 2902/3363/3363 2904/3365/3365
f 2925/3398/3398 2927/3401/3401 2902/3363/3363
f 2926/3400/3400 2902/3363/3363 2927/3401/3401
f 2927/3401/3401 3041/3554/3554 2926/3400/3400
f 3040/3553/3553 2926/3400/3400 3041/3554/3554
f 3041/3554/3554 3028/3537/3537 3040/3553/3553
f 2924/3397/3397 2905/3367/3367 2901/3362/3362
f 2901/3362/3362 2940/3418/3418 2924/3397/3397
f 2923/3395/3395 2924/3397/3397 2940/3418/3418
f 2940/3418/3418 3042/3556/3556 2923/3395/3395
f 3043/3557/3557 2923/3395/3395 3042/3556/3556
f 2786/3197/3197 2785/3196/3196 2783/3194/3194
f 2784/3195/3195 2783/3194/3194 2785/3196/3196
f 2783/3194/3194 2788/3200/3200 2786/3197/3197
f 2783/3194/3194 2784/3195/3195 2788/3200/3200
f 2787/3198/3198 2786/3197/3197 2788/3200/3200
f 2786/3197/3197 2787/3198/3198 2785/3196/3196
f 2811/3234/3234 2785/3196/3196 2787/3198/3198
f 2811/3234/3234 2813/3237/3237 2785/3196/3196
f 2812/3236/3236 2785/3196/3196 2813/3237/3237
f 2785/3196/3196 2812/3236/3236 2784/3195/3195
f 2810/3233/3233 2788/3200/3200 2784/3195/3195
f 2831/3264/3264 2784/3195/3195 2812/3236/3236
f 2784/3195/3195 2831/3264/3264 2810/3233/3233
f 2809/3231/3231 2810/3233/3233 2831/3264/3264
f 2813/3237/3237 3053/3570/3570 2812/3236/3236
f 3052/3569/3569 2812/3236/3236 3053/3570/3570
f 2812/3236/3236 3052/3569/3569 2831/3264/3264
f 3053/3570/3570 2780/3190/3190 3052/3569/3569
f 2781/3192/3192 3052/3569/3569 2780/3190/3190
f 3052/3569/3569 2781/3192/3192 3054/3572/3572
f 3054/3572/3572 2831/3264/3264 3052/3569/3569
f 2831/3264/3264 3054/3572/3572 2809/3231/3231
f 2792/3205/3205 3054/3572/3572 2781/3192/3192
f 3054/3572/3572 2792/3205/3205 3055/3573/3573
f 3055/3573/3573 2809/3231/3231 3054/3572/3572
f 2793/3206/3206 3055/3573/3573 2792/3205/3205
f 2814/3239/3239 2777/3186/3186 2796/3211/3211
f 2837/3272/3272 2836/3271/3271 2834/3267/3267
f 2835/3269/3269 2834/3267/3267 2836/3271/3271
f 2836/3271/3271 2854/3294/3294 2835/3269/3269
f 2854/3294/3294 2836/3271/3271 2853/3293/3293
f 2854/3294/3294 2853/3293/3293 2855/3295/3295
f 2856/3297/3297 2855/3295/3295 2853/3293/3293
f 2857/3299/3299 2853/3293/3293 2836/3271/3271
f 2836/3271/3271 2837/3272/3272 2857/3299/3299
f 2853/3293/3293 2859/3303/3303 2856/3297/3297
f 2853/3293/3293 2857/3299/3299 2859/3303/3303
f 2858/3300/3300 2856/3297/3297 2859/3303/3303
f 2855/3295/3295 2872/3325/3325 2854/3294/3294
f 2871/3323/3323 2854/3294/3294 2872/3325/3325
f 2873/3329/3329 2859/3303/3303 2857/3299/3299
f 2857/3299/3299 2875/3331/3331 2873/3329/3329
f 2852/3292/3292 2873/3329/3329 2875/3331/3331
f 2875/3331/3331 2874/3330/3330 2852/3292/3292
f 2851/3290/3290 2852/3292/3292 2874/3330/3330
f 2874/3330/3330 2875/3331/3331 3026/3535/3535
f 2837/3272/3272 3026/3535/3535 2875/3331/3331
f 2875/3331/3331 2857/3299/3299 2837/3272/3272
f 3026/3535/3535 2837/3272/3272 2838/3274/3274
f 2834/3267/3267 2838/3274/3274 2837/3272/3272
f 2874/3330/3330 3038/3551/3551 2851/3290/3290
f 3037/3550/3550 2851/3290/3290 3038/3551/3551
f 3038/3551/3551 2864/3312/3312 3037/3550/3550
f 2866/3314/3314 3037/3550/3550 2864/3312/3312
f 2864/3312/3312 2865/3313/3313 2866/3314/3314
f 2865/3313/3313 2864/3312/3312 2862/3310/3310
f 2863/3311/3311 2862/3310/3310 2864/3312/3312
f 2864/3312/3312 3038/3551/3551 2863/3311/3311
f 2862/3310/3310 2845/3282/3282 2865/3313/3313
f 2846/3284/3284 2865/3313/3313 2845/3282/3282
f 2867/3316/3316 2866/3314/3314 2865/3313/3313
f 2846/3284/3284 2867/3316/3316 2865/3313/3313
f 2862/3310/3310 2863/3311/3311 2868/3319/3319
f 2868/3319/3319 2845/3282/3282 2862/3310/3310
f 2870/3322/3322 2868/3319/3319 2863/3311/3311
f 2863/3311/3311 3039/3552/3552 2870/3322/3322
f 3039/3552/3552 2863/3311/3311 3038/3551/3551
f 3035/3547/3547 2870/3322/3322 3039/3552/3552
f 3038/3551/3551 2874/3330/3330 3039/3552/3552
f 3026/3535/3535 3039/3552/3552 2874/3330/3330
f 3039/3552/3552 3026/3535/3535 3035/3547/3547
f 2838/3274/3274 3035/3547/3547 3026/3535/3535
f 2871/3323/3323 2835/3269/3269 2854/3294/3294
f 2861/3308/3308 2881/3337/3337 2860/3306/3306
f 2880/3336/3336 2860/3306/3306 2881/3337/3337
f 2860/3306/3306 2880/3336/3336 2884/3342/3342
f 2912/3377/3377 2884/3342/3342 2880/3336/3336
f 2880/3336/3336 2914/3379/3379 2912/3377/3377
f 2913/3378/3378 2912/3377/3377 2914/3379/3379
f 2912/3377/3377 2916/3383/3383 2884/3342/3342
f 2912/3377/3377 2913/3378/3378 2916/3383/3383
f 2915/3380/3380 2884/3342/3342 2916/3383/3383
f 2914/3379/3379 2880/3336/3336 2898/3359/3359
f 2881/3337/3337 2898/3359/3359 2880/3336/3336
f 2898/3359/3359 2928/3404/3404 2914/3379/3379
f 3027/3536/3536 2914/3379/3379 2928/3404/3404
f 2914/3379/3379 3027/3536/3536 2913/3378/3378
f 2932/3409/3409 2913/3378/3378 3027/3536/3536
f 2913/3378/3378 2932/3409/3409 2930/3407/3407
f 2911/3376/3376 2930/3407/3407 2932/3409/3409
f 2932/3409/3409 2931/3408/3408 2911/3376/3376
f 2910/3374/3374 2911/3376/3376 2931/3408/3408
f 3027/3536/3536 3029/3539/3539 2932/3409/3409
f 2931/3408/3408 2932/3409/3409 3029/3539/3539
f 3029/3539/3539 3027/3536/3536 3028/3538/3538
f 2928/3404/3404 3028/3538/3538 3027/3536/3536
f 2931/3408/3408 3044/3559/3559 2910/3374/3374
f 3043/3558/3558 2910/3374/3374 3044/3559/3559
f 3044/3559/3559 2921/3392/3392 3043/3558/3558
f 2923/3394/3394 3043/3558/3558 2921/3392/3392
f 2921/3392/3392 2922/3393/3393 2923/3394/3394
f 2922/3393/3393 2921/3392/3392 2919/3390/3390
f 2920/3391/3391 2919/3390/3390 2921/3392/3392
f 2921/3392/3392 3044/3559/3559 2920/3391/3391
f 2919/3390/3390 2904/3366/3366 2922/3393/3393
f 2905/3368/3368 2922/3393/3393 2904/3366/3366
f 2924/3396/3396 2923/3394/3394 2922/3393/3393
f 2905/3368/3368 2924/3396/3396 2922/3393/3393
f 2919/3390/3390 2920/3391/3391 2925/3399/3399
f 2925/3399/3399 2904/3366/3366 2919/3390/3390
f 2927/3402/3402 2925/3399/3399 2920/3391/3391
f 2920/3391/3391 3045/3560/3560 2927/3402/3402
f 3041/3555/3555 2927/3402/3402 3045/3560/3560
f 3045/3560/3560 2920/3391/3391 3044/3559/3559
f 3044/3559/3559 2931/3408/3408 3045/3560/3560
f 3029/3539/3539 3045/3560/3560 2931/3408/3408
f 3045/3560/3560 3029/3539/3539 3041/3555/3555
f 3028/3538/3538 3041/3555/3555 3029/3539/3539
f 2918/3388/3388 2937/3414/3414 2917/3386/3386
f 2936/3413/3413 2917/3386/3386 2937/3414/3414
f 2917/3386/3386 2936/3413/3413 2823/3256/3256
f 2985/3480/3480 2823/3256/3256 2936/3413/3413
f 2985/3480/3480 2986/3481/3481 2823/3256/3256
f 2822/3254/3254 2823/3256/3256 2986/3481/3481
f 2936/3413/3413 3003/3504/3504 2985/3480/3480
f 3002/3503/3503 2985/3480/3480 3003/3504/3504
f 2985/3480/3480 3002/3503/3503 2986/3481/3481
f 3003/3504/3504 2936/3413/3413 2988/3485/3485
f 2937/3414/3414 2988/3485/3485 2936/3413/3413
f 2988/3485/3485 3013/3519/3519 3003/3504/3504
f 3030/3540/3540 3003/3504/3504 3013/3519/3519
f 3003/3504/3504 3030/3540/3540 3002/3503/3503
f 3017/3524/3524 3002/3503/3503 3030/3540/3540
f 3002/3503/3503 3017/3524/3524 3015/3522/3522
f 3001/3502/3502 3015/3522/3522 3017/3524/3524
f 3017/3524/3524 3016/3523/3523 3001/3502/3502
f 3000/3500/3500 3001/3502/3502 3016/3523/3523
f 3030/3540/3540 3032/3543/3543 3017/3524/3524
f 3016/3523/3523 3017/3524/3524 3032/3543/3543
f 3013/3519/3519 3031/3542/3542 3030/3540/3540
f 3032/3543/3543 3030/3540/3540 3031/3542/3542
f 3016/3523/3523 3050/3567/3567 3000/3500/3500
f 3049/3566/3566 3000/3500/3500 3050/3567/3567
f 3050/3567/3567 3006/3507/3507 3049/3566/3566
f 3008/3509/3509 3049/3566/3566 3006/3507/3507
f 3006/3507/3507 3007/3508/3508 3008/3509/3509
f 3007/3508/3508 3006/3507/3507 3004/3505/3505
f 3005/3506/3506 3004/3505/3505 3006/3507/3507
f 3006/3507/3507 3050/3567/3567 3005/3506/3506
f 3004/3505/3505 2994/3492/3492 3007/3508/3508
f 2995/3494/3494 3007/3508/3508 2994/3492/3492
f 3009/3511/3511 3008/3509/3509 3007/3508/3508
f 2995/3494/3494 3009/3511/3511 3007/3508/3508
f 3004/3505/3505 3005/3506/3506 3010/3514/3514
f 3010/3514/3514 2994/3492/3492 3004/3505/3505
f 3012/3517/3517 3010/3514/3514 3005/3506/3506
f 3005/3506/3506 3051/3568/3568 3012/3517/3517
f 3047/3563/3563 3012/3517/3517 3051/3568/3568
f 3051/3568/3568 3005/3506/3506 3050/3567/3567
f 3050/3567/3567 3016/3523/3523 3051/3568/3568
f 3032/3543/3543 3051/3568/3568 3016/3523/3523
f 3051/3568/3568 3032/3543/3543 3047/3563/3563
f 3031/3542/3542 3047/3563/3563 3032/3543/3543
f 2933/3410/3410 2943/3421/3421 2918/3389/3389
f 2942/3420/3420 2918/3389/3389 2943/3421/3421
f 2942/3420/3420 2943/3421/3421 2983/3478/3478
f 2982/3477/3477 2983/3478/3478 2943/3421/3421
f 2983/3478/3478 2982/3477/3477 2822/3253/3253
f 2825/3258/3258 2822/3253/3253 2982/3477/3477
f 2918/3389/3389 2942/3420/3420 2937/3415/3415
f 2987/3483/3483 2937/3415/3415 2942/3420/3420
f 2987/3483/3483 2989/3486/3486 2937/3415/3415
f 2988/3484/3484 2937/3415/3415 2989/3486/3486
f 2989/3486/3486 2998/3497/3497 2988/3484/3484
f 2998/3497/3497 2989/3486/3486 2996/3495/3495
f 2997/3496/3496 2996/3495/3495 2989/3486/3486
f 2989/3486/3486 2987/3483/3483 2997/3496/3496
f 3013/3518/3518 2988/3484/3484 2998/3497/3497
f 2996/3495/3495 2999/3498/3498 2998/3497/3497
f 2999/3498/3498 2996/3495/3495 3000/3499/3499
f 3001/3501/3501 3000/3499/3499 2996/3495/3495
f 2996/3495/3495 2997/3496/3496 3001/3501/3501
f 3014/3520/3520 2998/3497/3497 2999/3498/3498
f 2998/3497/3497 3014/3520/3520 3013/3518/3518
f 3015/3521/3521 3001/3501/3501 2997/3496/3496
f 3031/3541/3541 3013/3518/3518 3014/3520/3520
f 2997/3496/3496 3019/3526/3526 3015/3521/3521
f 2986/3482/3482 3015/3521/3521 3019/3526/3526
f 3019/3526/3526 2983/3478/3478 2986/3482/3482
f 2822/3253/3253 2986/3482/3482 2983/3478/3478
f 2983/3478/3478 3019/3526/3526 2942/3420/3420
f 2987/3483/3483 2942/3420/3420 3019/3526/3526
f 3019/3526/3526 2997/3496/3496 2987/3483/3483
f 3014/3520/3520 3046/3561/3561 3031/3541/3541
f 3046/3561/3561 3014/3520/3520 3048/3564/3564
f 2999/3498/3498 3048/3564/3564 3014/3520/3520
f 3048/3564/3564 2999/3498/3498 3049/3565/3565
f 3000/3499/3499 3049/3565/3565 2999/3498/3498
f 3048/3564/3564 3018/3525/3525 3046/3561/3561
f 3011/3515/3515 3046/3561/3561 3018/3525/3525
f 3018/3525/3525 2991/3488/3488 3011/3515/3515
f 2992/3489/3489 3011/3515/3515 2991/3488/3488
f 2991/3488/3488 2990/3487/3487 2992/3489/3489
f 2993/3490/3490 2992/3489/3489 2990/3487/3487
f 2990/3487/3487 2995/3493/3493 2993/3490/3490
f 2990/3487/3487 2991/3488/3488 2995/3493/3493
f 2994/3491/3491 2993/3490/3490 2995/3493/3493
f 2993/3490/3490 2994/3491/3491 2992/3489/3489
f 3010/3513/3513 2992/3489/3489 2994/3491/3491
f 3010/3513/3513 3012/3516/3516 2992/3489/3489
f 3011/3515/3515 2992/3489/3489 3012/3516/3516
f 3012/3516/3516 3047/3562/3562 3011/3515/3515
f 3046/3561/3561 3011/3515/3515 3047/3562/3562
f 3047/3562/3562 3031/3541/3541 3046/3561/3561
f 3009/3512/3512 2995/3493/3493 2991/3488/3488
f 2991/3488/3488 3018/3525/3525 3009/3512/3512
f 3008/3510/3510 3009/3512/3512 3018/3525/3525
f 3018/3525/3525 3048/3564/3564 3008/3510/3510
f 3049/3565/3565 3008/3510/3510 3048/3564/3564
f 2950/3431/3431 2949/3429/3429 2944/3423/3423
f 2948/3428/3428 2944/3423/3423 2949/3429/3429
f 2944/3423/3423 2948/3428/3428 2947/3427/3427
f 2981/3476/3476 2947/3427/3427 2948/3428/3428
f 2947/3427/3427 2981/3476/3476 2960/3448/3448
f 2973/3465/3465 2960/3448/3448 2981/3476/3476
f 2949/3429/3429 3025/3533/3533 2948/3428/3428
f 3024/3532/3532 2948/3428/3428 3025/3533/3533
f 2948/3428/3428 3024/3532/3532 2981/3476/3476
f 3025/3533/3533 2975/3468/3468 3024/3532/3532
f 2976/3470/3470 3024/3532/3532 2975/3468/3468
f 2975/3468/3468 2974/3467/3467 2976/3470/3470
f 2963/3452/3452 2976/3470/3470 2974/3467/3467
f 2976/3470/3470 2963/3452/3452 2977/3471/3471
f 2964/3453/3453 2977/3471/3471 2963/3452/3452
f 2963/3452/3452 2962/3450/3450 2964/3453/3453
f 2962/3450/3450 2963/3452/3452 2974/3467/3467
f 2955/3439/3439 2964/3453/3453 2962/3450/3450
f 2977/3471/3471 2964/3453/3453 2978/3472/3472
f 2956/3441/3441 2978/3472/3472 2964/3453/3453
f 2955/3439/3439 2956/3441/3441 2964/3453/3453
f 2978/3472/3472 3021/3529/3529 2977/3471/3471
f 3023/3531/3531 2977/3471/3471 3021/3529/3529
f 3021/3529/3529 2973/3465/3465 3023/3531/3531
f 2981/3476/3476 3023/3531/3531 2973/3465/3465
f 3023/3531/3531 2981/3476/3476 3024/3532/3532
f 3024/3532/3532 2976/3470/3470 3023/3531/3531
f 2977/3471/3471 3023/3531/3531 2976/3470/3470
f 2954/3437/3437 2953/3436/3436 2951/3434/3434
f 2952/3435/3435 2951/3434/3434 2953/3436/3436
f 2952/3435/3435 2956/3440/3440 2951/3434/3434
f 2955/3438/3438 2951/3434/3434 2956/3440/3440
f 2951/3434/3434 2955/3438/3438 2954/3437/3437
f 2962/3451/3451 2954/3437/3437 2955/3438/3438
f 2962/3451/3451 2974/3466/3466 2954/3437/3437
f 2953/3436/3436 2954/3437/3437 2974/3466/3466
f 2953/3436/3436 2980/3475/3475 2952/3435/3435
f 2979/3474/3474 2952/3435/3435 2980/3475/3475
f 2952/3435/3435 2979/3474/3474 2956/3440/3440
f 2978/3473/3473 2956/3440/3440 2979/3474/3474
f 2980/3475/3475 3022/3530/3530 2979/3474/3474
f 3020/3527/3527 2979/3474/3474 3022/3530/3530
f 2979/3474/3474 3020/3527/3527 2978/3473/3473
f 3022/3530/3530 2984/3479/3479 3020/3527/3527
f 2972/3463/3463 3020/3527/3527 2984/3479/3479
f 2984/3479/3479 2966/3455/3455 2972/3463/3463
f 2966/3455/3455 2984/3479/3479 2950/3432/3432
f 2950/3432/3432 2970/3460/3460 2966/3455/3455
f 2949/3430/3430 2950/3432/3432 2984/3479/3479
f 2984/3479/3479 3022/3530/3530 2949/3430/3430
f 3020/3527/3527 2972/3463/3463 3021/3528/3528
f 2973/3464/3464 3021/3528/3528 2972/3463/3463
f 3025/3534/3534 2949/3430/3430 3022/3530/3530
f 3022/3530/3530 2980/3475/3475 3025/3534/3534
f 2975/3469/3469 3025/3534/3534 2980/3475/3475
f 2980/3475/3475 2953/3436/3436 2975/3469/3469
f 2974/3466/3466 2975/3469/3469 2953/3436/3436
f 3021/3528/3528 2978/3473/3473 3020/3527/3527
f 2886/3346/3346 2957/3442/3442 2885/3344/3344
f 2892/3352/3352 2958/3444/3444 2772/3180/3180
f 2761/3166/3166 2772/3180/3180 2958/3444/3444
f 2761/3166/3166 2958/3444/3444 2760/3165/3165
f 2968/3457/3457 2760/3165/3165 2958/3444/3444
f 2958/3444/3444 2959/3445/3445 2968/3457/3457
f 2772/3180/3180 2878/3334/3334 2892/3352/3352
f 2772/3180/3180 2775/3183/3183 2878/3334/3334
f 2877/3333/3333 2878/3334/3334 2775/3183/3183
f 2775/3183/3183 2774/3182/3182 2877/3333/3333
f 2896/3356/3356 2877/3333/3333 2939/3417/3417
f 2876/3332/3332 2877/3333/3333 2896/3356/3356
f 2930/3407/3407 2916/3383/3383 2913/3378/3378
f 3015/3522/3522 2986/3481/3481 3002/3503/3503
f 2826/3259/3259 2791/3204/3204 2814/3240/3240
f 2791/3204/3204 2826/3259/3259 2790/3203/3203
f 2832/3265/3265 2790/3203/3203 2826/3259/3259
f 2061/2383/2383 2066/2389/2389 2680/3084/3084
f 2425/2806/2806 2475/2858/2858 2430/2811/2811
f 2518/2901/2901 2559/2943/2943 2517/2900/2900
f 2559/2943/2943 2518/2901/2901 2716/3120/3120
f 2586/2970/2970 2588/2972/2972 2583/2967/2967
f 2583/2967/2967 2588/2972/2972 2582/2966/2966
f 2596/2984/2984 2597/2985/2985 2598/2987/2987
f 2626/3024/3024 2630/3029/3029 2622/3019/3019
f 2628/3027/3027 2621/3018/3018 2622/3019/3019
f 1619/1886/1886 1616/1883/1883 1642/1911/1911
f 2664/3067/3067 2014/2324/2324 2015/2325/2325
f 2664/3067/3067 2012/2322/2322 2014/2324/2324
f 1960/2259/2259 1961/2260/2260 2063/2386/2386
f 2283/2637/2637 2691/3095/3095 2282/2636/2636
f 3062/3580/3580 1737/2015/2015 1729/2004/2004
f 3062/3580/3580 1729/2004/2004 1727/2001/2001
f 3062/3580/3580 1730/2006/2006 1737/2015/2015
f 1727/2001/2001 1730/2006/2006 3062/3580/3580
f 2238/2589/2589 2246/2598/2598 2245/2597/2597
f 2416/2796/2796 2321/2677/2677 2322/2678/2678
f 2739/3143/3143 2729/3133/3133 2738/3142/3142
f 1583/1843/1843 1743/2024/2024 1582/1842/1842
f 2005/2313/2313 2762/3167/3167 2758/3162/3162
f 2005/2313/2313 2006/2316/2316 2762/3167/3167
f 1914/2199/2199 2765/3171/3171 2757/3161/3161
f 2773/3181/3181 2771/3179/3179 2057/2378/2378
f 2828/3261/3261 2833/3266/3266 2830/3263/3263
f 2828/3261/3261 2824/3257/3257 2833/3266/3266
f 2934/3411/3411 2943/3421/3421 2933/3410/3410
f 2982/3477/3477 2943/3421/3421 2934/3411/3411
f 2825/3258/3258 2982/3477/3477 2934/3411/3411
f 2/2/2 3/4/4 1/1/1
f 4/5/5 1/1/1 3/4/4
f 3/4/4 35/39/39 4/5/5
f 196/219/219 4/5/5 35/39/39
f 4/5/5 196/219/219 140/155/155
f 141/156/156 140/155/155 196/219/219
f 140/155/155 141/156/156 139/154/154
f 142/157/157 139/154/154 141/156/156
f 141/156/156 143/158/158 142/157/157
f 144/159/159 142/157/157 143/158/158
f 142/157/157 144/159/159 77/87/87
f 78/88/88 77/87/87 144/159/159
f 77/87/87 78/88/88 76/86/86
f 79/89/89 76/86/86 78/88/88
f 78/88/88 91/101/101 79/89/89
f 92/102/102 79/89/89 91/101/101
f 76/86/86 79/89/89 93/103/103
f 94/104/104 93/103/103 79/89/89
f 79/89/89 92/102/102 94/104/104
f 76/86/86 150/165/165 77/87/87
f 218/241/241 94/104/104 92/102/102
f 218/241/241 92/102/102 220/243/243
f 219/242/242 220/243/243 92/102/102
f 92/102/102 91/101/101 219/242/242
f 234/257/257 219/242/242 91/101/101
f 218/241/241 1135/1279/1279 94/104/104
f 1137/1281/1281 94/104/104 1135/1279/1279
f 1137/1281/1281 1135/1279/1279 1132/1276/1276
f 1136/1280/1280 1132/1276/1276 1135/1279/1279
f 1136/1280/1280 1135/1279/1279 1139/1283/1283
f 1138/1282/1282 1139/1283/1283 1135/1279/1279
f 1139/1283/1283 1150/1294/1294 1136/1280/1280
f 1149/1293/1293 1136/1280/1280 1150/1294/1294
f 1136/1280/1280 1149/1293/1293 1132/1276/1276
f 1149/1293/1293 1150/1294/1294 1148/1292/1292
f 1151/1295/1295 1148/1292/1292 1150/1294/1294
f 1149/1293/1293 1148/1292/1292 1133/1277/1277
f 1146/1290/1290 1133/1277/1277 1148/1292/1292
f 1133/1277/1277 1146/1290/1290 1131/1275/1275
f 1133/1277/1277 1131/1275/1275 1132/1276/1276
f 1133/1277/1277 1132/1276/1276 1149/1293/1293
f 93/103/103 1132/1276/1276 1131/1275/1275
f 1147/1291/1291 1131/1275/1275 1146/1290/1290
f 1147/1291/1291 1146/1290/1290 247/270/270
f 243/266/266 247/270/270 1146/1290/1290
f 247/270/270 243/266/266 242/265/265
f 52/60/60 242/265/265 243/266/266
f 242/265/265 52/60/60 241/264/264
f 51/59/59 241/264/264 52/60/60
f 51/59/59 52/60/60 50/58/58
f 47/55/55 50/58/58 52/60/60
f 50/58/58 47/55/55 49/57/57
f 48/56/56 49/57/57 47/55/55
f 47/55/55 52/60/60 244/267/267
f 47/55/55 244/267/267 48/56/56
f 243/266/266 244/267/267 52/60/60
f 244/267/267 243/266/266 1148/1292/1292
f 1146/1290/1290 1148/1292/1292 243/266/266
f 49/57/57 1156/1300/1300 50/58/58
f 1188/1333/1333 48/56/56 244/267/267
f 1188/1333/1333 244/267/267 1151/1295/1295
f 1148/1292/1292 1151/1295/1295 244/267/267
f 1188/1333/1333 1790/2072/2072 48/56/56
f 1188/1333/1333 1151/1295/1295 1790/2072/2072
f 2668/3071/3071 1790/2072/2072 1151/1295/1295
f 1151/1295/1295 1150/1294/1294 2668/3071/3071
f 2669/3072/3072 2668/3071/3071 1150/1294/1294
f 1790/2072/2072 2668/3071/3071 1789/2071/2071
f 1789/2071/2071 1615/1882/1882 1790/2072/2072
f 1612/1879/1879 1790/2072/2072 1615/1882/1882
f 1612/1879/1879 1615/1882/1882 1613/1880/1880
f 1613/1880/1880 49/57/57 1612/1879/1879
f 48/56/56 1612/1879/1879 49/57/57
f 1614/1881/1881 1613/1880/1880 1615/1882/1882
f 1614/1881/1881 1615/1882/1882 1787/2069/2069
f 1788/2070/2070 1787/2069/2069 1615/1882/1882
f 1787/2069/2069 1788/2070/2070 1791/2073/2073
f 1792/2074/2074 1791/2073/2073 1788/2070/2070
f 1792/2074/2074 1617/1884/1884 1791/2073/2073
f 1620/1887/1887 1791/2073/2073 1617/1884/1884
f 1617/1884/1884 1618/1885/1885 1620/1887/1887
f 1617/1884/1884 1616/1883/1883 1618/1885/1885
f 1619/1886/1886 1618/1885/1885 1616/1883/1883
f 1621/1888/1888 1620/1887/1887 1618/1885/1885
f 1620/1887/1887 1649/1918/1918 1791/2073/2073
f 1620/1887/1887 1621/1888/1888 1649/1918/1918
f 2679/3082/3082 1649/1918/1918 1621/1888/1888
f 1621/1888/1888 2676/3079/3079 2679/3082/3082
f 1618/1885/1885 2676/3079/3079 1621/1888/1888
f 2677/3080/3080 2679/3082/3082 2676/3079/3079
f 2677/3080/3080 2676/3079/3079 2675/3078/3078
f 2677/3080/3080 2675/3078/3078 2679/3082/3082
f 1636/1905/1905 2675/3078/3078 2676/3079/3079
f 2675/3078/3078 1636/1905/1905 2678/3081/3081
f 1625/1894/1894 2678/3081/3081 1636/1905/1905
f 1625/1894/1894 1636/1905/1905 1624/1893/1893
f 1625/1894/1894 1624/1893/1893 1622/1889/1889
f 1623/1891/1891 1622/1889/1889 1624/1893/1893
f 1635/1904/1904 1624/1893/1893 1636/1905/1905
f 1635/1904/1904 1634/1903/1903 1624/1893/1893
f 1633/1902/1902 1624/1893/1893 1634/1903/1903
f 1624/1893/1893 1633/1902/1902 1623/1891/1891
f 1738/2016/2016 1623/1891/1891 1633/1902/1902
f 1738/2016/2016 1633/1902/1902 1740/2019/2019
f 1573/1833/1833 1740/2019/2019 1633/1902/1902
f 1633/1902/1902 1634/1903/1903 1573/1833/1833
f 1634/1903/1903 1635/1904/1904 1572/1832/1832
f 1634/1903/1903 1572/1832/1832 1573/1833/1833
f 1573/1833/1833 1572/1832/1832 1570/1830/1830
f 1571/1831/1831 1570/1830/1830 1572/1832/1832
f 1570/1830/1830 1571/1831/1831 1576/1836/1836
f 1576/1836/1836 1575/1835/1835 1570/1830/1830
f 1574/1834/1834 1570/1830/1830 1575/1835/1835
f 1576/1836/1836 1578/1838/1838 1575/1835/1835
f 1579/1839/1839 1575/1835/1835 1578/1838/1838
f 1578/1838/1838 1577/1837/1837 1579/1839/1839
f 1580/1840/1840 1579/1839/1839 1577/1837/1837
f 1577/1837/1837 1578/1838/1838 1709/1983/1983
f 1711/1985/1985 1709/1983/1983 1578/1838/1838
f 1709/1983/1983 1711/1985/1985 1708/1982/1982
f 1709/1983/1983 1708/1982/1982 1638/1907/1907
f 1637/1906/1906 1638/1907/1907 1708/1982/1982
f 1638/1907/1907 1637/1906/1906 1639/1908/1908
f 1640/1909/1909 1639/1908/1908 1637/1906/1906
f 1639/1908/1908 1640/1909/1909 1652/1921/1921
f 1653/1922/1922 1652/1921/1921 1640/1909/1909
f 1637/1906/1906 1654/1923/1923 1640/1909/1909
f 1655/1924/1924 1640/1909/1909 1654/1923/1923
f 1640/1909/1909 1655/1924/1924 1653/1922/1922
f 1639/1908/1908 1704/1978/1978 1638/1907/1907
f 1774/2056/2056 1653/1922/1922 1655/1924/1924
f 1774/2056/2056 220/243/243 1653/1922/1922
f 219/242/242 1653/1922/1922 220/243/243
f 1653/1922/1922 219/242/242 1652/1921/1921
f 234/257/257 1652/1921/1921 219/242/242
f 1774/2056/2056 1655/1924/1924 2657/3060/3060
f 2659/3062/3062 2657/3060/3060 1655/1924/1924
f 2659/3062/3062 2654/3057/3057 2657/3060/3060
f 2658/3061/3061 2657/3060/3060 2654/3057/3057
f 2658/3061/3061 1139/1283/1283 2657/3060/3060
f 1138/1282/1282 2657/3060/3060 1139/1283/1283
f 1139/1283/1283 2658/3061/3061 1150/1294/1294
f 2669/3072/3072 1150/1294/1294 2658/3061/3061
f 2658/3061/3061 2654/3057/3057 2669/3072/3072
f 2657/3060/3060 1138/1282/1282 1774/2056/2056
f 220/243/243 1774/2056/2056 1138/1282/1282
f 220/243/243 1138/1282/1282 218/241/241
f 1135/1279/1279 218/241/241 1138/1282/1282
f 2669/3072/3072 2655/3058/3058 2668/3071/3071
f 2666/3069/3069 2668/3071/3071 2655/3058/3058
f 2655/3058/3058 2653/3056/3056 2666/3069/3069
f 2655/3058/3058 2654/3057/3057 2653/3056/3056
f 1654/1923/1923 2653/3056/3056 2654/3057/3057
f 2667/3070/3070 2666/3069/3069 2653/3056/3056
f 2667/3070/3070 1793/2075/2075 2666/3069/3069
f 1789/2071/2071 2666/3069/3069 1793/2075/2075
f 1793/2075/2075 1788/2070/2070 1789/2071/2071
f 1615/1882/1882 1789/2071/2071 1788/2070/2070
f 1788/2070/2070 1793/2075/2075 1792/2074/2074
f 2707/3111/3111 1792/2074/2074 1793/2075/2075
f 2707/3111/3111 1793/2075/2075 2667/3070/3070
f 1792/2074/2074 2707/3111/3111 1617/1884/1884
f 1616/1883/1883 1617/1884/1884 2707/3111/3111
f 2707/3111/3111 1641/1910/1910 1616/1883/1883
f 1642/1911/1911 1616/1883/1883 1641/1910/1910
f 1642/1911/1911 1641/1910/1910 1637/1906/1906
f 2653/3056/3056 1641/1910/1910 2707/3111/3111
f 1708/1982/1982 1642/1911/1911 1637/1906/1906
f 1708/1982/1982 1710/1984/1984 1642/1911/1911
f 1710/1984/1984 1708/1982/1982 1711/1985/1985
f 1710/1984/1984 2652/3055/3055 1642/1911/1911
f 1619/1886/1886 1642/1911/1911 2652/3055/3055
f 1711/1985/1985 2656/3059/3059 1710/1984/1984
f 2652/3055/3055 1710/1984/1984 2656/3059/3059
f 2656/3059/3059 1711/1985/1985 1576/1836/1836
f 1578/1838/1838 1576/1836/1836 1711/1985/1985
f 2656/3059/3059 1576/1836/1836 1571/1831/1831
f 2652/3055/3055 2656/3059/3059 1571/1831/1831
f 1571/1831/1831 1619/1886/1886 2652/3055/3055
f 1619/1886/1886 1571/1831/1831 1618/1885/1885
f 1618/1885/1885 1571/1831/1831 2674/3077/3077
f 1572/1832/1832 2674/3077/3077 1571/1831/1831
f 2674/3077/3077 1572/1832/1832 1635/1904/1904
f 1635/1904/1904 1636/1905/1905 2674/3077/3077
f 2674/3077/3077 1636/1905/1905 2676/3079/3079
f 1618/1885/1885 2674/3077/3077 2676/3079/3079
f 6/7/7 7/8/8 5/6/6
f 8/9/9 5/6/6 7/8/8
f 5/6/6 11/12/12 6/7/7
f 11/12/12 5/6/6 10/11/11
f 9/10/10 10/11/11 5/6/6
f 11/12/12 10/11/11 13/14/14
f 14/15/15 13/14/14 10/11/11
f 13/14/14 14/15/15 12/13/13
f 15/16/16 12/13/13 14/15/15
f 12/13/13 151/166/166 13/14/14
f 153/168/168 13/14/14 151/166/166
f 151/166/166 150/165/165 153/168/168
f 151/166/166 77/87/87 150/165/165
f 152/167/167 153/168/168 150/165/165
f 77/87/87 151/166/166 142/157/157
f 139/154/154 142/157/157 151/166/166
f 153/168/168 152/167/167 1134/1278/1278
f 1130/1274/1274 1134/1278/1278 152/167/167
f 152/167/167 80/90/90 1130/1274/1274
f 152/167/167 150/165/165 80/90/90
f 56/64/64 1130/1274/1274 80/90/90
f 1134/1278/1278 1130/1274/1274 6/7/7
f 56/64/64 6/7/7 1130/1274/1274
f 1134/1278/1278 6/7/7 11/12/12
f 1134/1278/1278 11/12/12 153/168/168
f 13/14/14 153/168/168 11/12/12
f 53/61/61 56/64/64 80/90/90
f 56/64/64 53/61/61 55/63/63
f 6/7/7 56/64/64 55/63/63
f 54/62/62 55/63/63 53/61/61
f 54/62/62 57/65/65 55/63/63
f 58/66/66 55/63/63 57/65/65
f 57/65/65 54/62/62 245/268/268
f 246/269/269 245/268/268 54/62/62
f 246/269/269 242/265/265 245/268/268
f 241/264/264 245/268/268 242/265/265
f 57/65/65 245/268/268 88/98/98
f 57/65/65 88/98/98 58/66/66
f 1155/1299/1299 88/98/98 245/268/268
f 1155/1299/1299 245/268/268 1154/1298/1298
f 241/264/264 1154/1298/1298 245/268/268
f 1154/1298/1298 241/264/264 162/177/177
f 51/59/59 162/177/177 241/264/264
f 162/177/177 51/59/59 163/178/178
f 162/177/177 163/178/178 159/174/174
f 162/177/177 159/174/174 1154/1298/1298
f 156/171/171 159/174/174 163/178/178
f 159/174/174 156/171/171 158/173/173
f 157/172/172 158/173/173 156/171/171
f 157/172/172 156/171/171 161/176/176
f 160/175/175 161/176/176 156/171/171
f 156/171/171 163/178/178 160/175/175
f 158/173/173 164/179/179 159/174/174
f 165/180/180 159/174/174 164/179/179
f 164/179/179 166/181/181 165/180/180
f 167/182/182 165/180/180 166/181/181
f 167/182/182 166/181/181 168/183/183
f 169/184/184 168/183/183 166/181/181
f 169/184/184 170/185/185 168/183/183
f 171/186/186 168/183/183 170/185/185
f 170/185/185 172/187/187 171/186/186
f 173/189/189 171/186/186 172/187/187
f 168/183/183 171/186/186 90/100/100
f 174/191/191 90/100/100 171/186/186
f 170/185/185 44/52/52 172/187/187
f 43/50/50 172/187/187 44/52/52
f 44/52/52 41/47/47 43/50/50
f 42/48/48 43/50/50 41/47/47
f 44/52/52 45/53/53 41/47/47
f 46/54/54 41/47/47 45/53/53
f 41/47/47 46/54/54 83/93/93
f 41/47/47 83/93/93 42/48/48
f 82/92/92 83/93/93 46/54/54
f 83/93/93 82/92/92 107/117/117
f 86/96/96 107/117/117 82/92/92
f 86/96/96 82/92/92 85/95/95
f 84/94/94 85/95/95 82/92/92
f 82/92/92 46/54/54 84/94/94
f 83/93/93 107/117/117 109/120/120
f 108/118/118 109/120/120 107/117/117
f 107/117/117 86/96/96 112/124/124
f 107/117/117 112/124/124 108/118/118
f 111/123/123 112/124/124 86/96/96
f 111/123/123 86/96/96 113/125/125
f 85/95/95 113/125/125 86/96/96
f 112/124/124 111/123/123 130/142/142
f 127/139/139 130/142/142 111/123/123
f 130/142/142 127/139/139 129/141/141
f 128/140/140 129/141/141 127/139/139
f 128/140/140 127/139/139 132/144/144
f 131/143/143 132/144/144 127/139/139
f 113/125/125 131/143/143 111/123/123
f 127/139/139 111/123/123 131/143/143
f 129/141/141 133/145/145 130/142/142
f 134/147/147 130/142/142 133/145/145
f 134/147/147 135/149/149 130/142/142
f 129/141/141 128/140/140 645/729/729
f 129/141/141 645/729/729 133/145/145
f 642/726/726 645/729/729 128/140/140
f 645/729/729 642/726/726 644/728/728
f 643/727/727 644/728/728 642/726/726
f 643/727/727 642/726/726 646/730/730
f 647/731/731 646/730/730 642/726/726
f 644/728/728 662/747/747 645/729/729
f 661/745/745 645/729/729 662/747/747
f 661/745/745 133/145/145 645/729/729
f 642/726/726 128/140/140 647/731/731
f 132/144/144 647/731/731 128/140/140
f 647/731/731 132/144/144 657/741/741
f 120/132/132 657/741/741 132/144/144
f 132/144/144 131/143/143 120/132/132
f 114/126/126 120/132/132 131/143/143
f 120/132/132 114/126/126 119/131/131
f 119/131/131 657/741/741 120/132/132
f 118/130/130 119/131/131 114/126/126
f 114/126/126 117/129/129 118/130/130
f 117/129/129 114/126/126 116/128/128
f 115/127/127 116/128/128 114/126/126
f 116/128/128 122/134/134 117/129/129
f 121/133/133 117/129/129 122/134/134
f 122/134/134 123/135/135 121/133/133
f 124/136/136 121/133/133 123/135/135
f 117/129/129 121/133/133 126/138/138
f 125/137/137 126/138/138 121/133/133
f 121/133/133 124/136/136 125/137/137
f 122/134/134 116/128/128 136/151/151
f 123/135/135 122/134/134 136/151/151
f 138/153/153 136/151/151 116/128/128
f 136/151/151 138/153/153 103/113/113
f 103/113/113 105/115/115 136/151/151
f 103/113/113 102/112/112 105/115/115
f 103/113/113 104/114/114 102/112/112
f 104/114/114 103/113/113 138/153/153
f 101/111/111 102/112/112 104/114/114
f 106/116/116 105/115/115 102/112/112
f 104/114/114 96/106/106 101/111/111
f 104/114/114 138/153/153 96/106/106
f 95/105/105 101/111/111 96/106/106
f 96/106/106 97/107/107 95/105/105
f 98/108/108 95/105/105 97/107/107
f 101/111/111 95/105/105 100/110/110
f 99/109/109 100/110/110 95/105/105
f 100/110/110 110/122/122 101/111/111
f 97/107/107 96/106/106 138/153/153
f 97/107/107 138/153/153 115/127/127
f 97/107/107 115/127/127 98/108/108
f 116/128/128 115/127/127 138/153/153
f 114/126/126 98/108/108 115/127/127
f 100/110/110 99/109/109 25/28/28
f 26/29/29 25/28/28 99/109/109
f 25/28/28 26/29/29 24/27/27
f 27/30/30 24/27/27 26/29/29
f 24/27/27 27/30/30 28/31/31
f 28/31/31 29/32/32 24/27/27
f 30/33/33 24/27/27 29/32/32
f 24/27/27 30/33/33 25/28/28
f 66/76/76 28/31/31 27/30/30
f 66/76/76 27/30/30 68/78/78
f 67/77/77 68/78/78 27/30/30
f 28/31/31 158/173/173 29/32/32
f 157/172/172 29/32/32 158/173/173
f 66/76/76 164/179/179 28/31/31
f 158/173/173 28/31/31 164/179/179
f 68/78/78 166/181/181 66/76/76
f 164/179/179 66/76/76 166/181/181
f 68/78/78 67/77/77 45/53/53
f 46/54/54 45/53/53 67/77/77
f 67/77/77 84/94/94 46/54/54
f 84/94/94 67/77/77 154/169/169
f 84/94/94 154/169/169 85/95/95
f 95/105/105 85/95/95 154/169/169
f 95/105/105 98/108/108 85/95/95
f 113/125/125 85/95/95 98/108/108
f 95/105/105 154/169/169 99/109/109
f 26/29/29 99/109/109 154/169/169
f 27/30/30 154/169/169 67/77/77
f 26/29/29 154/169/169 27/30/30
f 113/125/125 98/108/108 131/143/143
f 114/126/126 131/143/143 98/108/108
f 17/18/18 18/19/19 16/17/17
f 19/21/21 16/17/17 18/19/19
f 19/21/21 38/42/42 16/17/17
f 37/41/41 16/17/17 38/42/42
f 37/41/41 20/23/23 16/17/17
f 36/40/40 16/17/17 20/23/23
f 36/40/40 17/18/18 16/17/17
f 38/42/42 39/44/44 37/41/41
f 40/46/46 37/41/41 39/44/44
f 37/41/41 40/46/46 20/23/23
f 40/46/46 39/44/44 31/34/34
f 32/35/35 31/34/34 39/44/44
f 21/24/24 20/23/23 40/46/46
f 21/24/24 22/25/25 20/23/23
f 23/26/26 20/23/23 22/25/25
f 23/26/26 34/38/38 36/40/40
f 23/26/26 22/25/25 64/74/74
f 64/74/74 34/38/38 23/26/26
f 63/73/73 64/74/74 22/25/25
f 64/74/74 63/73/73 210/233/233
f 207/230/230 210/233/233 63/73/73
f 210/233/233 207/230/230 209/232/232
f 208/231/231 209/232/232 207/230/230
f 209/232/232 224/247/247 210/233/233
f 221/244/244 210/233/233 224/247/247
f 221/244/244 222/245/245 210/233/233
f 223/246/246 210/233/233 222/245/245
f 223/246/246 222/245/245 197/220/220
f 223/246/246 197/220/220 64/74/74
f 34/38/38 64/74/74 197/220/220
f 197/220/220 198/221/221 34/38/38
f 199/222/222 34/38/38 198/221/221
f 197/220/220 204/227/227 198/221/221
f 204/227/227 197/220/220 222/245/245
f 205/228/228 198/221/221 204/227/227
f 199/222/222 198/221/221 143/158/158
f 206/229/229 143/158/158 198/221/221
f 198/221/221 205/228/228 206/229/229
f 34/38/38 199/222/222 35/39/39
f 35/39/39 36/40/40 34/38/38
f 196/219/219 35/39/39 199/222/222
f 143/158/158 141/156/156 199/222/222
f 196/219/219 199/222/222 141/156/156
f 231/254/254 206/229/229 205/228/228
f 206/229/229 231/254/254 232/255/255
f 233/256/256 232/255/255 231/254/254
f 232/255/255 233/256/256 91/101/101
f 234/257/257 91/101/101 233/256/256
f 91/101/101 78/88/88 232/255/255
f 144/159/159 232/255/255 78/88/88
f 144/159/159 143/158/158 232/255/255
f 206/229/229 232/255/255 143/158/158
f 1253/1398/1398 234/257/257 233/256/256
f 233/256/256 231/254/254 1253/1398/1398
f 1252/1397/1397 1253/1398/1398 231/254/254
f 1252/1397/1397 231/254/254 1254/1399/1399
f 205/228/228 1254/1399/1399 231/254/254
f 205/228/228 204/227/227 1254/1399/1399
f 240/263/263 1254/1399/1399 204/227/227
f 204/227/227 222/245/245 240/263/263
f 236/259/259 240/263/263 222/245/245
f 222/245/245 221/244/244 236/259/259
f 235/258/258 236/259/259 221/244/244
f 221/244/244 224/247/247 235/258/258
f 239/262/262 235/258/258 224/247/247
f 224/247/247 237/260/260 239/262/262
f 224/247/247 209/232/232 237/260/260
f 208/231/231 237/260/260 209/232/232
f 208/231/231 226/249/249 237/260/260
f 229/252/252 237/260/260 226/249/249
f 229/252/252 226/249/249 227/250/250
f 225/248/248 227/250/250 226/249/249
f 226/249/249 217/240/240 225/248/248
f 208/231/231 217/240/240 226/249/249
f 216/239/239 225/248/248 217/240/240
f 217/240/240 211/234/234 216/239/239
f 217/240/240 208/231/231 211/234/234
f 213/236/236 216/239/239 211/234/234
f 213/236/236 211/234/234 65/75/75
f 212/235/235 65/75/75 211/234/234
f 212/235/235 215/238/238 65/75/75
f 33/37/37 65/75/75 215/238/238
f 215/238/238 214/237/237 33/37/37
f 31/34/34 33/37/37 214/237/237
f 212/235/235 211/234/234 207/230/230
f 208/231/231 207/230/230 211/234/234
f 215/238/238 212/235/235 63/73/73
f 207/230/230 63/73/73 212/235/235
f 214/237/237 215/238/238 22/25/25
f 63/73/73 22/25/25 215/238/238
f 22/25/25 21/24/24 214/237/237
f 1255/1400/1400 214/237/237 21/24/24
f 214/237/237 1255/1400/1400 31/34/34
f 40/46/46 1255/1400/1400 21/24/24
f 40/46/46 31/34/34 1255/1400/1400
f 60/69/69 61/71/71 59/67/67
f 62/72/72 59/67/67 61/71/71
f 62/72/72 61/71/71 75/85/85
f 74/84/84 75/85/85 61/71/71
f 74/84/84 61/71/71 73/83/83
f 72/82/82 73/83/83 61/71/71
f 61/71/71 60/69/69 72/82/82
f 182/201/201 72/82/82 60/69/69
f 182/201/201 184/204/204 72/82/82
f 8/9/9 72/82/82 184/204/204
f 73/83/83 72/82/82 8/9/9
f 73/83/83 7/8/8 74/84/84
f 7/8/8 73/83/83 8/9/9
f 1157/1301/1301 74/84/84 7/8/8
f 7/8/8 6/7/7 1157/1301/1301
f 55/63/63 1157/1301/1301 6/7/7
f 8/9/9 184/204/204 369/393/393
f 369/393/393 446/490/490 8/9/9
f 446/490/490 369/393/393 447/491/491
f 448/492/492 447/491/491 369/393/393
f 447/491/491 448/492/492 429/469/469
f 429/469/469 428/468/468 447/491/491
f 428/468/468 429/469/469 425/465/465
f 428/468/468 425/465/465 427/467/467
f 426/466/466 427/467/467 425/465/465
f 430/470/470 425/465/465 429/469/469
f 425/465/465 430/470/470 400/434/434
f 425/465/465 400/434/434 426/466/466
f 394/428/428 400/434/434 430/470/470
f 400/434/434 394/428/428 399/433/433
f 393/427/427 399/433/433 394/428/428
f 394/428/428 395/429/429 393/427/427
f 396/430/430 393/427/427 395/429/429
f 399/433/433 393/427/427 398/432/432
f 397/431/431 398/432/432 393/427/427
f 393/427/427 396/430/430 397/431/431
f 400/434/434 399/433/433 402/436/436
f 401/435/435 402/436/436 399/433/433
f 439/482/482 397/431/431 396/430/430
f 439/482/482 396/430/430 440/483/483
f 405/440/440 440/483/483 396/430/430
f 397/431/431 453/498/498 398/432/432
f 397/431/431 439/482/482 453/498/498
f 402/436/436 426/466/466 400/434/434
f 460/507/507 453/498/498 439/482/482
f 460/507/507 439/482/482 440/483/483
f 460/507/507 459/505/505 453/498/498
f 453/498/498 459/505/505 418/454/454
f 419/455/455 418/454/454 459/505/505
f 418/454/454 419/455/455 414/450/450
f 420/457/457 414/450/450 419/455/455
f 414/450/450 420/457/457 415/451/451
f 415/451/451 416/452/452 414/450/450
f 417/453/453 414/450/450 416/452/452
f 414/450/450 417/453/453 418/454/454
f 421/460/460 415/451/451 420/457/457
f 415/451/451 421/460/460 375/400/400
f 424/463/463 375/400/400 421/460/460
f 416/452/452 415/451/451 374/399/399
f 375/400/400 374/399/399 415/451/451
f 375/400/400 370/394/394 374/399/399
f 424/463/463 370/394/394 375/400/400
f 373/398/398 374/399/399 370/394/394
f 373/398/398 370/394/394 372/397/397
f 371/395/395 372/397/397 370/394/394
f 371/395/395 541/607/607 372/397/397
f 542/608/608 372/397/397 541/607/607
f 374/399/399 373/398/398 542/608/608
f 372/397/397 542/608/608 373/398/398
f 541/607/607 488/539/539 542/608/608
f 540/606/606 542/608/608 488/539/539
f 488/539/539 538/604/604 540/606/606
f 538/604/604 488/539/539 521/582/582
f 487/538/538 521/582/582 488/539/539
f 488/539/539 489/540/540 487/538/538
f 488/539/539 541/607/607 489/540/540
f 490/541/541 487/538/538 489/540/540
f 489/540/540 494/548/548 490/541/541
f 491/542/542 490/541/541 494/548/548
f 490/541/541 491/542/542 493/546/546
f 487/538/538 493/546/546 521/582/582
f 493/546/546 487/538/538 490/541/541
f 492/544/544 493/546/546 491/542/542
f 493/546/546 492/544/544 519/579/579
f 520/580/580 519/579/579 492/544/544
f 519/579/579 520/580/580 518/578/578
f 467/515/515 518/578/578 520/580/580
f 519/579/579 518/578/578 521/582/582
f 519/579/579 521/582/582 493/546/546
f 522/583/583 521/582/582 518/578/578
f 522/583/583 469/517/517 521/582/582
f 538/604/604 521/582/582 469/517/517
f 518/578/578 536/601/601 522/583/583
f 536/601/601 518/578/578 467/515/515
f 467/515/515 537/602/602 536/601/601
f 531/595/595 536/601/601 537/602/602
f 545/611/611 522/583/583 536/601/601
f 545/611/611 536/601/601 530/594/594
f 531/595/595 530/594/594 536/601/601
f 531/595/595 532/596/596 530/594/594
f 533/597/597 530/594/594 532/596/596
f 530/594/594 544/610/610 545/611/611
f 530/594/594 533/597/597 544/610/610
f 535/600/600 545/611/611 544/610/610
f 543/609/609 544/610/610 533/597/597
f 544/610/610 543/609/609 483/534/534
f 535/600/600 544/610/610 483/534/534
f 535/600/600 483/534/534 468/516/516
f 401/435/435 468/516/516 483/534/534
f 468/516/516 401/435/435 398/432/432
f 399/433/433 398/432/432 401/435/435
f 398/432/432 454/499/499 468/516/516
f 454/499/499 398/432/432 453/498/498
f 477/528/528 468/516/516 454/499/499
f 483/534/534 484/535/535 401/435/435
f 402/436/436 401/435/435 484/535/535
f 484/535/535 529/593/593 402/436/436
f 426/466/466 402/436/436 529/593/593
f 484/535/535 483/534/534 543/609/609
f 529/593/593 484/535/535 543/609/609
f 543/609/609 533/597/597 529/593/593
f 546/612/612 529/593/593 533/597/597
f 546/612/612 444/488/488 529/593/593
f 427/467/467 529/593/593 444/488/488
f 427/467/467 426/466/466 529/593/593
f 444/488/488 443/487/487 427/467/467
f 444/488/488 441/485/485 443/487/487
f 441/485/485 444/488/488 546/612/612
f 442/486/486 443/487/487 441/485/485
f 428/468/468 427/467/467 443/487/487
f 442/486/486 445/489/489 443/487/487
f 446/490/490 443/487/487 445/489/489
f 443/487/487 447/491/491 428/468/468
f 446/490/490 447/491/491 443/487/487
f 442/486/486 478/529/529 445/489/489
f 9/10/10 445/489/489 478/529/529
f 445/489/489 9/10/10 446/490/490
f 478/529/529 442/486/486 1144/1288/1288
f 1145/1289/1289 1144/1288/1288 442/486/486
f 9/10/10 5/6/6 446/490/490
f 8/9/9 446/490/490 5/6/6
f 478/529/529 10/11/11 9/10/10
f 10/11/11 478/529/529 14/15/15
f 480/531/531 14/15/15 478/529/529
f 480/531/531 1144/1288/1288 481/532/532
f 480/531/531 481/532/532 479/530/530
f 482/533/533 479/530/530 481/532/532
f 482/533/533 481/532/532 513/573/573
f 514/574/574 513/573/573 481/532/532
f 514/574/574 515/575/575 513/573/573
f 516/576/576 513/573/573 515/575/575
f 513/573/573 516/576/576 549/615/615
f 513/573/573 549/615/615 482/533/533
f 503/559/559 549/615/615 516/576/576
f 516/576/576 517/577/577 503/559/559
f 504/560/560 503/559/559 517/577/577
f 503/559/559 504/560/560 499/553/553
f 503/559/559 499/553/553 549/615/615
f 505/561/561 499/553/553 504/560/560
f 499/553/553 505/561/561 1/1/1
f 499/553/553 1/1/1 498/552/552
f 498/552/552 549/615/615 499/553/553
f 500/554/554 498/552/552 1/1/1
f 498/552/552 500/554/554 525/587/587
f 524/586/586 525/587/587 500/554/554
f 506/562/562 1/1/1 505/561/561
f 506/562/562 505/561/561 188/211/211
f 501/556/556 188/211/211 505/561/561
f 524/586/586 500/554/554 1152/1296/1296
f 1153/1297/1297 1152/1296/1296 500/554/554
f 524/586/586 15/16/16 525/587/587
f 524/586/586 1152/1296/1296 15/16/16
f 479/530/530 525/587/587 15/16/16
f 1152/1296/1296 1153/1297/1297 139/154/154
f 140/155/155 139/154/154 1153/1297/1297
f 1153/1297/1297 4/5/5 140/155/155
f 12/13/13 1152/1296/1296 139/154/154
f 12/13/13 15/16/16 1152/1296/1296
f 139/154/154 151/166/166 12/13/13
f 1153/1297/1297 1/1/1 4/5/5
f 500/554/554 1/1/1 1153/1297/1297
f 1/1/1 506/562/562 2/2/2
f 188/211/211 2/2/2 506/562/562
f 3/4/4 2/2/2 17/18/18
f 17/18/18 36/40/40 3/4/4
f 35/39/39 3/4/4 36/40/40
f 187/209/209 17/18/18 2/2/2
f 187/209/209 18/19/19 17/18/18
f 20/23/23 23/26/26 36/40/40
f 69/79/79 25/28/28 30/33/33
f 69/79/79 30/33/33 70/80/80
f 71/81/81 70/80/80 30/33/33
f 25/28/28 69/79/79 100/110/110
f 110/122/122 100/110/110 69/79/79
f 70/80/80 155/170/170 69/79/79
f 110/122/122 69/79/79 155/170/170
f 155/170/170 106/116/116 110/122/122
f 70/80/80 106/116/116 155/170/170
f 102/112/112 110/122/122 106/116/116
f 102/112/112 101/111/111 110/122/122
f 71/81/81 1595/1857/1857 70/80/80
f 1595/1857/1857 71/81/81 1594/1856/1856
f 1595/1857/1857 1594/1856/1856 1589/1851/1851
f 1593/1855/1855 1589/1851/1851 1594/1856/1856
f 1589/1851/1851 1593/1855/1855 1592/1854/1854
f 1592/1854/1854 1591/1853/1853 1589/1851/1851
f 1590/1852/1852 1589/1851/1851 1591/1853/1853
f 1589/1851/1851 1590/1852/1852 1595/1857/1857
f 1629/1898/1898 1592/1854/1854 1593/1855/1855
f 1629/1898/1898 1631/1900/1900 1592/1854/1854
f 1630/1899/1899 1592/1854/1854 1631/1900/1900
f 1591/1853/1853 1660/1929/1929 1590/1852/1852
f 1591/1853/1853 1712/1986/1986 1660/1929/1929
f 1592/1854/1854 1630/1899/1899 1712/1986/1986
f 1712/1986/1986 1591/1853/1853 1592/1854/1854
f 1656/1925/1925 1660/1929/1929 1712/1986/1986
f 1660/1929/1929 1656/1925/1925 1661/1930/1930
f 1661/1930/1930 1590/1852/1852 1660/1929/1929
f 1662/1931/1931 1661/1930/1930 1656/1925/1925
f 1656/1925/1925 1657/1926/1926 1662/1931/1931
f 1657/1926/1926 1656/1925/1925 1658/1927/1927
f 1659/1928/1928 1658/1927/1927 1656/1925/1925
f 1665/1934/1934 1662/1931/1931 1657/1926/1926
f 1662/1931/1931 1665/1934/1934 1663/1932/1932
f 1664/1933/1933 1663/1932/1932 1665/1934/1934
f 1664/1933/1933 1666/1935/1935 1663/1932/1932
f 106/116/116 1663/1932/1932 1666/1935/1935
f 1664/1933/1933 1696/1970/1970 1666/1935/1935
f 1697/1971/1971 1666/1935/1935 1696/1970/1970
f 1696/1970/1970 1664/1933/1933 1698/1972/1972
f 1665/1934/1934 1698/1972/1972 1664/1933/1933
f 1698/1972/1972 1676/1947/1947 1696/1970/1970
f 1682/1953/1953 1696/1970/1970 1676/1947/1947
f 1676/1947/1947 1677/1948/1948 1682/1953/1953
f 1677/1948/1948 1676/1947/1947 1674/1945/1945
f 1675/1946/1946 1674/1945/1945 1676/1947/1947
f 1676/1947/1947 1698/1972/1972 1675/1946/1946
f 1681/1952/1952 1682/1953/1953 1677/1948/1948
f 1682/1953/1953 1681/1952/1952 1683/1954/1954
f 1684/1955/1955 1683/1954/1954 1681/1952/1952
f 1677/1948/1948 1686/1957/1957 1681/1952/1952
f 1685/1956/1956 1681/1952/1952 1686/1957/1957
f 1681/1952/1952 1685/1956/1956 1684/1955/1955
f 1674/1945/1945 1678/1949/1949 1677/1948/1948
f 1678/1949/1949 1674/1945/1945 1679/1950/1950
f 1678/1949/1949 1679/1950/1950 1686/1957/1957
f 1680/1951/1951 1679/1950/1950 1674/1945/1945
f 1686/1957/1957 1677/1948/1948 1678/1949/1949
f 1707/1981/1981 1684/1955/1955 1685/1956/1956
f 1686/1957/1957 2192/2535/2535 1685/1956/1956
f 2192/2535/2535 1686/1957/1957 1679/1950/1950
f 2192/2535/2535 1679/1950/1950 2190/2533/2533
f 2191/2534/2534 2190/2533/2533 1679/1950/1950
f 2191/2534/2534 2194/2537/2537 2190/2533/2533
f 2193/2536/2536 2190/2533/2533 2194/2537/2537
f 2190/2533/2533 2198/2543/2543 2192/2535/2535
f 2190/2533/2533 2193/2536/2536 2198/2543/2543
f 2197/2542/2542 2192/2535/2535 2198/2543/2543
f 2197/2542/2542 1685/1956/1956 2192/2535/2535
f 2231/2580/2580 2198/2543/2543 2193/2536/2536
f 2231/2580/2580 699/789/789 2198/2543/2543
f 698/788/788 2198/2543/2543 699/789/789
f 2198/2543/2543 698/788/788 2197/2542/2542
f 698/788/788 699/789/789 664/750/750
f 697/787/787 664/750/750 699/789/789
f 697/787/787 659/743/743 664/750/750
f 656/740/740 664/750/750 659/743/743
f 659/743/743 660/744/744 656/740/740
f 657/741/741 656/740/740 660/744/744
f 657/741/741 119/131/131 656/740/740
f 658/742/742 656/740/740 119/131/131
f 656/740/740 658/742/742 664/750/750
f 663/749/749 664/750/750 658/742/742
f 663/749/749 658/742/742 125/137/137
f 126/138/138 125/137/137 658/742/742
f 658/742/742 119/131/131 126/138/138
f 125/137/137 147/162/162 663/749/749
f 147/162/162 125/137/137 124/136/136
f 124/136/136 145/160/160 147/162/162
f 146/161/161 147/162/162 145/160/160
f 146/161/161 663/749/749 147/162/162
f 145/160/160 124/136/136 149/164/164
f 148/163/163 149/164/164 124/136/136
f 145/160/160 1198/1343/1343 146/161/161
f 149/164/164 1198/1343/1343 145/160/160
f 701/791/791 146/161/161 1198/1343/1343
f 146/161/161 701/791/791 663/749/749
f 700/790/790 663/749/749 701/791/791
f 1198/1343/1343 700/790/790 701/791/791
f 700/790/790 698/788/788 663/749/749
f 664/750/750 663/749/749 698/788/788
f 148/163/163 1684/1955/1955 149/164/164
f 700/790/790 2197/2542/2542 698/788/788
f 700/790/790 2232/2581/2581 2197/2542/2542
f 1706/1980/1980 2197/2542/2542 2232/2581/2581
f 1706/1980/1980 1707/1981/1981 2197/2542/2542
f 1684/1955/1955 1707/1981/1981 1705/1979/1979
f 1706/1980/1980 1705/1979/1979 1707/1981/1981
f 1705/1979/1979 149/164/164 1684/1955/1955
f 1685/1956/1956 2197/2542/2542 1707/1981/1981
f 2232/2581/2581 1198/1343/1343 1706/1980/1980
f 1705/1979/1979 1706/1980/1980 1198/1343/1343
f 1198/1343/1343 149/164/164 1705/1979/1979
f 700/790/790 1198/1343/1343 2232/2581/2581
f 81/91/91 80/90/90 76/86/86
f 80/90/90 81/91/91 53/61/61
f 1203/1348/1348 53/61/61 81/91/91
f 53/61/61 1203/1348/1348 54/62/62
f 246/269/269 54/62/62 1203/1348/1348
f 1203/1348/1348 247/270/270 246/269/269
f 242/265/265 246/269/269 247/270/270
f 81/91/91 1131/1275/1275 1203/1348/1348
f 1203/1348/1348 1131/1275/1275 1147/1291/1291
f 247/270/270 1203/1348/1348 1147/1291/1291
f 81/91/91 93/103/103 1131/1275/1275
f 81/91/91 76/86/86 93/103/103
f 80/90/90 150/165/165 76/86/86
f 93/103/103 94/104/104 1137/1281/1281
f 1132/1276/1276 93/103/103 1137/1281/1281
f 88/98/98 89/99/99 87/97/97
f 90/100/100 87/97/97 89/99/99
f 87/97/97 90/100/100 1161/1305/1305
f 1189/1334/1334 1161/1305/1305 90/100/100
f 88/98/98 1155/1299/1299 89/99/99
f 1191/1336/1336 89/99/99 1155/1299/1299
f 1191/1336/1336 1155/1299/1299 1190/1335/1335
f 1154/1298/1298 1190/1335/1335 1155/1299/1299
f 1191/1336/1336 1190/1335/1335 167/182/182
f 1191/1336/1336 167/182/182 89/99/99
f 168/183/183 89/99/99 167/182/182
f 165/180/180 167/182/182 1190/1335/1335
f 1190/1335/1335 1154/1298/1298 159/174/174
f 1190/1335/1335 159/174/174 165/180/180
f 90/100/100 89/99/99 168/183/183
f 174/191/191 1189/1334/1334 90/100/100
f 1189/1334/1334 174/191/191 1561/1822/1822
f 181/200/200 1561/1822/1822 174/191/191
f 181/200/200 177/195/195 1561/1822/1822
f 1189/1334/1334 1561/1822/1822 177/195/195
f 177/195/195 1564/1824/1824 1189/1334/1334
f 59/67/67 1564/1824/1824 177/195/195
f 62/72/72 1564/1824/1824 59/67/67
f 62/72/72 1189/1334/1334 1564/1824/1824
f 1161/1305/1305 1189/1334/1334 62/72/72
f 62/72/72 75/85/85 1161/1305/1305
f 1158/1302/1302 1161/1305/1305 75/85/85
f 75/85/85 1159/1303/1303 1158/1302/1302
f 1160/1304/1304 1158/1302/1302 1159/1303/1303
f 1160/1304/1304 1159/1303/1303 1162/1306/1306
f 1160/1304/1304 1162/1306/1306 1158/1302/1302
f 58/66/66 1162/1306/1306 1159/1303/1303
f 1162/1306/1306 58/66/66 88/98/98
f 87/97/97 1158/1302/1302 1162/1306/1306
f 88/98/98 87/97/97 1162/1306/1306
f 1159/1303/1303 55/63/63 58/66/66
f 1161/1305/1305 1158/1302/1302 87/97/97
f 1157/1301/1301 55/63/63 1159/1303/1303
f 75/85/85 74/84/84 1157/1301/1301
f 75/85/85 1157/1301/1301 1159/1303/1303
f 112/124/124 130/142/142 135/149/149
f 135/149/149 108/118/118 112/124/124
f 126/138/138 118/130/130 117/129/129
f 118/130/130 126/138/138 119/131/131
f 137/152/152 136/151/151 105/115/115
f 136/151/151 137/152/152 123/135/135
f 248/271/271 123/135/135 137/152/152
f 137/152/152 249/272/272 248/271/271
f 137/152/152 105/115/115 249/272/272
f 250/273/273 248/271/271 249/272/272
f 248/271/271 250/273/273 123/135/135
f 106/116/116 249/272/272 105/115/115
f 124/136/136 123/135/135 250/273/273
f 250/273/273 148/163/163 124/136/136
f 250/273/273 249/272/272 1794/2076/2076
f 1697/1971/1971 1794/2076/2076 249/272/272
f 1794/2076/2076 1697/1971/1971 1683/1954/1954
f 1794/2076/2076 1683/1954/1954 250/273/273
f 1696/1970/1970 1683/1954/1954 1697/1971/1971
f 1684/1955/1955 250/273/273 1683/1954/1954
f 1682/1953/1953 1683/1954/1954 1696/1970/1970
f 148/163/163 250/273/273 1684/1955/1955
f 1697/1971/1971 249/272/272 1666/1935/1935
f 106/116/116 1666/1935/1935 249/272/272
f 1713/1987/1987 1670/1941/1941 106/116/116
f 1670/1941/1941 1713/1987/1987 1632/1901/1901
f 1670/1941/1941 1632/1901/1901 1661/1930/1930
f 1661/1930/1930 1662/1931/1931 1670/1941/1941
f 1663/1932/1932 1670/1941/1941 1662/1931/1931
f 1663/1932/1932 106/116/116 1670/1941/1941
f 1590/1852/1852 1661/1930/1930 1632/1901/1901
f 1632/1901/1901 1595/1857/1857 1590/1852/1852
f 1632/1901/1901 70/80/80 1595/1857/1857
f 70/80/80 1632/1901/1901 1713/1987/1987
f 106/116/116 70/80/80 1713/1987/1987
f 109/120/120 42/48/48 83/93/93
f 175/192/192 176/193/193 109/121/121
f 42/49/49 109/121/121 176/193/193
f 109/121/121 108/119/119 175/192/192
f 201/224/224 175/192/192 108/119/119
f 201/224/224 108/119/119 200/223/223
f 135/150/150 200/223/223 108/119/119
f 135/150/150 134/148/148 200/223/223
f 202/225/225 200/223/223 134/148/148
f 202/225/225 134/148/148 203/226/226
f 133/146/146 203/226/226 134/148/148
f 201/224/224 200/223/223 320/343/343
f 279/302/302 320/343/343 200/223/223
f 200/223/223 202/225/225 279/302/302
f 279/302/302 278/301/301 320/343/343
f 278/301/301 279/302/302 277/300/300
f 280/303/303 277/300/300 279/302/302
f 280/303/303 279/302/302 202/225/225
f 277/300/300 283/306/306 278/301/301
f 283/306/306 277/300/300 282/305/305
f 281/304/304 282/305/305 277/300/300
f 277/300/300 280/303/303 281/304/304
f 309/332/332 278/301/301 283/306/306
f 282/305/305 310/333/333 283/306/306
f 311/334/334 283/306/306 310/333/333
f 311/334/334 312/335/335 283/306/306
f 309/332/332 283/306/306 312/335/335
f 312/335/335 321/344/344 309/332/332
f 319/342/342 309/332/332 321/344/344
f 319/342/342 318/341/341 309/332/332
f 278/301/301 309/332/332 318/341/341
f 318/341/341 320/343/343 278/301/301
f 320/343/343 318/341/341 288/311/311
f 290/313/313 288/311/311 318/341/341
f 318/341/341 319/342/342 290/313/313
f 291/314/314 290/313/313 319/342/342
f 319/342/342 321/344/344 291/314/314
f 290/313/313 291/314/314 289/312/312
f 292/315/315 289/312/312 291/314/314
f 291/314/314 307/330/330 292/315/315
f 308/331/331 292/315/315 307/330/330
f 308/331/331 307/330/330 349/372/372
f 348/371/371 349/372/372 307/330/330
f 349/372/372 348/371/371 345/368/368
f 346/369/369 345/368/368 348/371/371
f 345/368/368 346/369/369 344/367/367
f 347/370/370 344/367/367 346/369/369
f 344/367/367 358/381/381 345/368/368
f 357/380/380 345/368/368 358/381/381
f 345/368/368 357/380/380 349/372/372
f 358/381/381 355/378/378 357/380/380
f 332/355/355 357/380/380 355/378/378
f 355/378/378 327/350/350 332/355/355
f 326/349/349 332/355/355 327/350/350
f 327/350/350 328/351/351 326/349/349
f 329/352/352 326/349/349 328/351/351
f 332/355/355 326/349/349 331/354/354
f 330/353/353 331/354/354 326/349/349
f 326/349/349 329/352/352 330/353/353
f 333/356/356 330/353/353 329/352/352
f 331/354/354 356/379/379 332/355/355
f 328/351/351 327/350/350 1196/1341/1341
f 1193/1338/1338 1196/1341/1341 327/350/350
f 327/350/350 355/378/378 1193/1338/1338
f 1192/1337/1337 1193/1338/1338 355/378/378
f 355/378/378 358/381/381 1192/1337/1337
f 1197/1342/1342 1192/1337/1337 358/381/381
f 358/381/381 344/367/367 1197/1342/1342
f 1194/1339/1339 1197/1342/1342 344/367/367
f 344/367/367 347/370/370 1194/1339/1339
f 1195/1340/1340 1194/1339/1339 347/370/370
f 1195/1340/1340 347/370/370 1250/1395/1395
f 1251/1396/1396 1250/1395/1395 347/370/370
f 1250/1395/1395 1251/1396/1396 339/362/362
f 340/363/363 339/362/362 1251/1396/1396
f 340/363/363 337/360/360 339/362/362
f 338/361/361 339/362/362 337/360/360
f 337/360/360 340/363/363 341/364/364
f 341/364/364 342/365/365 337/360/360
f 343/366/366 337/360/360 342/365/365
f 337/360/360 343/366/366 338/361/361
f 354/377/377 341/364/364 340/363/363
f 1018/1143/1143 338/361/361 343/366/366
f 343/366/366 1016/1141/1141 1018/1143/1143
f 1017/1142/1142 1018/1143/1143 1016/1141/1141
f 1016/1141/1141 343/366/366 1019/1144/1144
f 342/365/365 1019/1144/1144 343/366/366
f 1016/1141/1141 1027/1152/1152 1017/1142/1142
f 1019/1144/1144 1027/1152/1152 1016/1141/1141
f 1028/1153/1153 1017/1142/1142 1027/1152/1152
f 1019/1144/1144 974/1098/1098 1027/1152/1152
f 973/1097/1097 1027/1152/1152 974/1098/1098
f 974/1098/1098 968/1092/1092 973/1097/1097
f 967/1091/1091 973/1097/1097 968/1092/1092
f 968/1092/1092 966/1090/1090 967/1091/1091
f 965/1089/1089 967/1091/1091 966/1090/1090
f 966/1090/1090 963/1087/1087 965/1089/1089
f 964/1088/1088 965/1089/1089 963/1087/1087
f 963/1087/1087 966/1090/1090 322/345/345
f 322/345/345 203/226/226 963/1087/1087
f 203/226/226 322/345/345 202/225/225
f 280/303/303 202/225/225 322/345/345
f 322/345/345 281/304/304 280/303/303
f 842/951/951 963/1087/1087 203/226/226
f 963/1087/1087 842/951/951 964/1088/1088
f 842/951/951 203/226/226 661/746/746
f 133/146/146 661/746/746 203/226/226
f 661/746/746 662/748/748 842/951/951
f 880/1000/1000 842/951/951 662/748/748
f 880/1000/1000 662/748/748 879/999/999
f 877/997/997 879/999/999 662/748/748
f 879/999/999 877/997/997 886/1007/1007
f 885/1005/1005 886/1007/1007 877/997/997
f 879/999/999 1023/1148/1148 880/1000/1000
f 964/1088/1088 880/1000/1000 1023/1148/1148
f 880/1000/1000 964/1088/1088 842/951/951
f 1023/1148/1148 1024/1149/1149 964/1088/1088
f 965/1089/1089 964/1088/1088 1024/1149/1149
f 1024/1149/1149 1025/1150/1150 965/1089/1089
f 967/1091/1091 965/1089/1089 1025/1150/1150
f 1025/1150/1150 1026/1151/1151 967/1091/1091
f 973/1097/1097 967/1091/1091 1026/1151/1151
f 1026/1151/1151 1025/1150/1150 1029/1154/1154
f 969/1093/1093 1029/1154/1154 1025/1150/1150
f 969/1093/1093 1025/1150/1150 1024/1149/1149
f 969/1093/1093 1024/1149/1149 970/1094/1094
f 969/1093/1093 970/1094/1094 962/1086/1086
f 957/1081/1081 962/1086/1086 970/1094/1094
f 962/1086/1086 957/1081/1081 961/1085/1085
f 960/1084/1084 961/1085/1085 957/1081/1081
f 960/1084/1084 957/1081/1081 959/1083/1083
f 958/1082/1082 959/1083/1083 957/1081/1081
f 957/1081/1081 970/1094/1094 958/1082/1082
f 961/1085/1085 971/1095/1095 962/1086/1086
f 972/1096/1096 962/1086/1086 971/1095/1095
f 961/1085/1085 960/1084/1084 990/1114/1114
f 991/1115/1115 990/1114/1114 960/1084/1084
f 960/1084/1084 959/1083/1083 991/1115/1115
f 990/1114/1114 991/1115/1115 930/1054/1054
f 931/1055/1055 930/1054/1054 991/1115/1115
f 930/1054/1054 931/1055/1055 929/1053/1053
f 932/1056/1056 929/1053/1053 931/1055/1055
f 930/1054/1054 929/1053/1053 820/922/922
f 930/1054/1054 820/922/922 990/1114/1114
f 816/916/916 820/922/922 929/1053/1053
f 820/922/922 816/916/916 817/918/918
f 820/922/922 817/918/918 819/921/921
f 818/919/919 819/921/921 817/918/918
f 815/915/915 817/918/918 816/916/916
f 816/916/916 813/912/912 815/915/915
f 705/796/796 815/915/915 813/912/912
f 813/912/912 814/913/913 705/796/796
f 706/798/798 705/796/796 814/913/913
f 819/921/921 818/919/919 822/924/924
f 823/925/925 822/924/924 818/919/919
f 823/925/925 738/833/833 822/924/924
f 821/923/923 822/924/924 738/833/833
f 814/913/913 813/912/912 977/1101/1101
f 934/1058/1058 977/1101/1101 813/912/912
f 813/912/912 816/916/916 934/1058/1058
f 929/1053/1053 934/1058/1058 816/916/916
f 929/1053/1053 932/1056/1056 934/1058/1058
f 933/1057/1057 934/1058/1058 932/1056/1056
f 934/1058/1058 933/1057/1057 977/1101/1101
f 976/1100/1100 977/1101/1101 933/1057/1057
f 932/1056/1056 936/1060/1060 933/1057/1057
f 936/1060/1060 932/1056/1056 935/1059/1059
f 931/1055/1055 935/1059/1059 932/1056/1056
f 935/1059/1059 931/1055/1055 992/1116/1116
f 991/1115/1115 992/1116/1116 931/1055/1055
f 1231/1376/1376 933/1057/1057 936/1060/1060
f 933/1057/1057 1231/1376/1376 976/1100/1100
f 936/1060/1060 1229/1374/1374 1231/1376/1376
f 1230/1375/1375 1231/1376/1376 1229/1374/1374
f 935/1059/1059 1232/1377/1377 936/1060/1060
f 1232/1377/1377 1208/1353/1353 1229/1374/1374
f 1207/1352/1352 1229/1374/1374 1208/1353/1353
f 1229/1374/1374 1207/1352/1352 1230/1375/1375
f 1207/1352/1352 1208/1353/1353 938/1062/1062
f 939/1063/1063 938/1062/1062 1208/1353/1353
f 938/1062/1062 939/1063/1063 928/1052/1052
f 937/1061/1061 928/1052/1052 939/1063/1063
f 937/1061/1061 845/955/955 928/1052/1052
f 844/954/954 928/1052/1052 845/955/955
f 844/954/954 845/955/955 843/952/952
f 846/956/956 843/952/952 845/955/955
f 843/952/952 847/959/959 844/954/954
f 852/965/965 844/954/954 847/959/959
f 847/959/959 853/967/967 852/965/965
f 854/968/968 852/965/965 853/967/967
f 854/968/968 853/967/967 856/971/971
f 855/969/969 856/971/971 853/967/967
f 854/968/968 975/1099/1099 852/965/965
f 927/1051/1051 852/965/965 975/1099/1099
f 852/965/965 927/1051/1051 844/954/954
f 928/1052/1052 844/954/954 927/1051/1051
f 928/1052/1052 927/1051/1051 938/1062/1062
f 978/1102/1102 938/1062/1062 927/1051/1051
f 927/1051/1051 975/1099/1099 978/1102/1102
f 983/1107/1107 978/1102/1102 975/1099/1099
f 938/1062/1062 978/1102/1102 1207/1352/1352
f 1209/1354/1354 1207/1352/1352 978/1102/1102
f 978/1102/1102 983/1107/1107 1209/1354/1354
f 1210/1355/1355 1209/1354/1354 983/1107/1107
f 983/1107/1107 1227/1372/1372 1210/1355/1355
f 1227/1372/1372 983/1107/1107 1226/1371/1371
f 979/1103/1103 1226/1371/1371 983/1107/1107
f 1226/1371/1371 979/1103/1103 849/961/961
f 856/971/971 849/961/961 979/1103/1103
f 856/971/971 979/1103/1103 854/968/968
f 975/1099/1099 854/968/968 979/1103/1103
f 849/961/961 856/971/971 850/962/962
f 850/962/962 692/782/782 849/961/961
f 848/960/960 849/961/961 692/782/782
f 692/782/782 691/780/780 848/960/960
f 831/937/937 848/960/960 691/780/780
f 691/780/780 787/883/883 831/937/937
f 830/936/936 831/937/937 787/883/883
f 831/937/937 830/936/936 898/1020/1020
f 831/937/937 898/1020/1020 848/960/960
f 897/1019/1019 898/1020/1020 830/936/936
f 897/1019/1019 830/936/936 896/1018/1018
f 895/1017/1017 896/1018/1018 830/936/936
f 898/1020/1020 897/1019/1019 944/1068/1068
f 945/1069/1069 944/1068/1068 897/1019/1019
f 897/1019/1019 896/1018/1018 945/1069/1069
f 945/1069/1069 946/1070/1070 944/1068/1068
f 947/1071/1071 944/1068/1068 946/1070/1070
f 944/1068/1068 987/1111/1111 898/1020/1020
f 944/1068/1068 947/1071/1071 987/1111/1111
f 1008/1132/1132 945/1069/1069 896/1018/1018
f 945/1069/1069 1008/1132/1132 946/1070/1070
f 895/1017/1017 1005/1129/1129 896/1018/1018
f 1177/1322/1322 946/1070/1070 1008/1132/1132
f 946/1070/1070 1214/1359/1359 947/1071/1071
f 946/1070/1070 1177/1322/1322 1214/1359/1359
f 1213/1358/1358 947/1071/1071 1214/1359/1359
f 1214/1359/1359 1215/1360/1360 1213/1358/1358
f 1216/1361/1361 1213/1358/1358 1215/1360/1360
f 1216/1361/1361 1215/1360/1360 1217/1362/1362
f 1218/1363/1363 1217/1362/1362 1215/1360/1360
f 1215/1360/1360 1224/1369/1369 1218/1363/1363
f 1215/1360/1360 1214/1359/1359 1224/1369/1369
f 1223/1368/1368 1218/1363/1363 1224/1369/1369
f 1224/1369/1369 908/1030/1030 1223/1368/1368
f 1022/1147/1147 1223/1368/1368 908/1030/1030
f 908/1030/1030 907/1029/1029 1022/1147/1147
f 907/1029/1029 908/1030/1030 905/1027/1027
f 909/1031/1031 905/1027/1027 908/1030/1030
f 905/1027/1027 592/662/662 907/1029/1029
f 592/662/662 905/1027/1027 593/663/663
f 592/662/662 593/663/663 591/660/660
f 594/664/664 591/660/660 593/663/663
f 592/662/662 591/660/660 596/667/667
f 596/667/667 907/1029/1029 592/662/662
f 595/666/666 596/667/667 591/660/660
f 593/663/663 864/981/981 594/664/664
f 619/700/700 594/664/664 864/981/981
f 593/663/663 906/1028/1028 864/981/981
f 906/1028/1028 593/663/663 905/1027/1027
f 920/1044/1044 864/981/981 906/1028/1028
f 906/1028/1028 921/1045/1045 920/1044/1044
f 922/1046/1046 920/1044/1044 921/1045/1045
f 864/981/981 920/1044/1044 924/1048/1048
f 923/1047/1047 924/1048/1048 920/1044/1044
f 923/1047/1047 920/1044/1044 922/1046/1046
f 924/1048/1048 622/704/704 864/981/981
f 619/700/700 864/981/981 622/704/704
f 924/1048/1048 913/1036/1036 622/704/704
f 600/675/675 622/704/704 913/1036/1036
f 913/1036/1036 603/679/679 600/675/675
f 603/679/679 913/1036/1036 912/1034/1034
f 914/1037/1037 912/1034/1034 913/1036/1036
f 597/670/670 600/675/675 603/679/679
f 912/1034/1034 914/1037/1037 1011/1135/1135
f 1009/1133/1133 1011/1135/1135 914/1037/1037
f 1011/1135/1135 1009/1133/1133 916/1039/1039
f 1010/1134/1134 916/1039/1039 1009/1133/1133
f 1010/1134/1134 1012/1137/1137 916/1039/1039
f 917/1041/1041 916/1039/1039 1012/1137/1137
f 916/1039/1039 917/1041/1041 832/938/938
f 833/940/940 832/938/938 917/1041/1041
f 832/938/938 833/940/940 626/709/709
f 834/941/941 626/709/709 833/940/940
f 834/941/941 833/940/940 835/944/944
f 833/940/940 917/1041/1041 837/946/946
f 837/946/946 838/947/947 835/944/944
f 573/640/640 835/944/944 838/947/947
f 838/947/947 828/934/934 573/640/640
f 574/642/642 573/640/640 828/934/934
f 828/934/934 829/935/935 574/642/642
f 827/933/933 574/642/642 829/935/935
f 838/947/947 910/1032/1032 828/934/934
f 911/1033/1033 828/934/934 910/1032/1032
f 828/934/934 911/1033/1033 829/935/935
f 1005/1129/1129 829/935/935 911/1033/1033
f 1005/1129/1129 911/1033/1033 1007/1131/1131
f 1006/1130/1130 1007/1131/1131 911/1033/1033
f 911/1033/1033 910/1032/1032 1006/1130/1130
f 1014/1139/1139 1006/1130/1130 910/1032/1032
f 910/1032/1032 919/1043/1043 1014/1139/1139
f 910/1032/1032 838/947/947 919/1043/1043
f 837/946/946 919/1043/1043 838/947/947
f 919/1043/1043 837/946/946 917/1041/1041
f 1013/1138/1138 1014/1139/1139 919/1043/1043
f 919/1043/1043 917/1041/1041 1013/1138/1138
f 1012/1137/1137 1013/1138/1138 917/1041/1041
f 1013/1138/1138 1222/1367/1367 1014/1139/1139
f 1221/1366/1366 1014/1139/1139 1222/1367/1367
f 1222/1367/1367 922/1046/1046 1221/1366/1366
f 921/1045/1045 1221/1366/1366 922/1046/1046
f 1221/1366/1366 921/1045/1045 1220/1365/1365
f 909/1031/1031 1220/1365/1365 921/1045/1045
f 921/1045/1045 906/1028/1028 909/1031/1031
f 905/1027/1027 909/1031/1031 906/1028/1028
f 1220/1365/1365 909/1031/1031 1219/1364/1364
f 908/1030/1030 1219/1364/1364 909/1031/1031
f 1219/1364/1364 1007/1131/1131 1220/1365/1365
f 1006/1130/1130 1220/1365/1365 1007/1131/1131
f 1220/1365/1365 1006/1130/1130 1221/1366/1366
f 1014/1139/1139 1221/1366/1366 1006/1130/1130
f 1219/1364/1364 1243/1388/1388 1007/1131/1131
f 1242/1387/1387 1007/1131/1131 1243/1388/1388
f 1242/1387/1387 1021/1146/1146 1007/1131/1131
f 1005/1129/1129 1007/1131/1131 1021/1146/1146
f 1021/1146/1146 896/1018/1018 1005/1129/1129
f 1242/1387/1387 1177/1322/1322 1021/1146/1146
f 1243/1388/1388 1177/1322/1322 1242/1387/1387
f 1243/1388/1388 1214/1359/1359 1177/1322/1322
f 1008/1132/1132 1021/1146/1146 1177/1322/1322
f 896/1018/1018 1021/1146/1146 1008/1132/1132
f 1243/1388/1388 1224/1369/1369 1214/1359/1359
f 1219/1364/1364 1224/1369/1369 1243/1388/1388
f 1224/1369/1369 1219/1364/1364 908/1030/1030
f 178/196/196 179/197/197 177/194/194
f 59/68/68 177/194/194 179/197/197
f 178/196/196 177/194/194 180/198/198
f 181/199/199 180/198/198 177/194/194
f 179/197/197 183/203/203 59/68/68
f 60/70/70 59/68/68 183/203/203
f 178/196/196 180/198/198 272/295/295
f 276/299/299 272/295/295 180/198/198
f 272/295/295 275/298/298 178/196/196
f 275/298/298 272/295/295 274/297/297
f 273/296/296 274/297/297 272/295/295
f 272/295/295 276/299/299 273/296/296
f 274/297/297 294/317/317 275/298/298
f 295/318/318 275/298/298 294/317/317
f 274/297/297 273/296/296 271/294/294
f 266/289/289 271/294/294 273/296/296
f 271/294/294 266/289/289 270/293/293
f 269/292/292 270/293/293 266/289/289
f 269/292/292 266/289/289 268/291/291
f 267/290/290 268/291/291 266/289/289
f 268/291/291 305/328/328 269/292/292
f 306/329/329 269/292/292 305/328/328
f 306/329/329 302/325/325 269/292/292
f 270/293/293 269/292/292 302/325/325
f 302/325/325 303/326/326 270/293/293
f 304/327/327 270/293/293 303/326/326
f 303/326/326 302/325/325 333/356/356
f 330/353/353 333/356/356 302/325/325
f 302/325/325 306/329/329 330/353/353
f 304/327/327 303/326/326 323/346/346
f 324/347/347 323/346/346 303/326/326
f 323/346/346 324/347/347 265/288/288
f 265/288/288 264/287/287 323/346/346
f 264/287/287 265/288/288 253/276/276
f 254/277/277 253/276/276 265/288/288
f 253/276/276 254/277/277 185/206/206
f 186/207/207 185/206/206 254/277/277
f 185/206/206 186/207/207 2/3/3
f 187/208/208 2/3/3 186/207/207
f 185/206/206 2/3/3 189/212/212
f 188/210/210 189/212/212 2/3/3
f 186/207/207 190/213/213 187/208/208
f 18/20/20 187/208/208 190/213/213
f 189/212/212 255/278/278 185/206/206
f 190/213/213 186/207/207 263/286/286
f 254/277/277 263/286/286 186/207/207
f 263/286/286 254/277/277 293/316/316
f 265/288/288 293/316/316 254/277/277
f 293/316/316 265/288/288 324/347/347
f 293/316/316 335/358/358 263/286/286
f 300/323/323 263/286/286 335/358/358
f 300/323/323 335/358/358 301/324/324
f 301/324/324 194/217/217 300/323/323
f 193/216/216 300/323/323 194/217/217
f 194/217/217 38/43/43 193/216/216
f 19/22/22 193/216/216 38/43/43
f 194/217/217 301/324/324 299/322/322
f 299/322/322 298/321/321 194/217/217
f 191/214/214 194/217/217 298/321/321
f 194/217/217 191/214/214 38/43/43
f 191/214/214 192/215/215 38/43/43
f 39/45/45 38/43/43 192/215/215
f 192/215/215 195/218/218 39/45/45
f 32/36/36 39/45/45 195/218/218
f 195/218/218 192/215/215 297/320/320
f 296/319/319 297/320/320 192/215/215
f 298/321/321 296/319/319 191/214/214
f 192/215/215 191/214/214 296/319/319
f 296/319/319 298/321/321 364/387/387
f 363/386/386 364/387/387 298/321/321
f 298/321/321 299/322/322 363/386/386
f 362/385/385 363/386/386 299/322/322
f 299/322/322 334/357/357 362/385/385
f 334/357/357 299/322/322 301/324/324
f 361/384/384 362/385/385 334/357/357
f 334/357/357 301/324/324 336/359/359
f 336/359/359 301/324/324 335/358/358
f 334/357/357 336/359/359 350/373/373
f 350/373/373 361/384/384 334/357/357
f 351/374/374 350/373/373 336/359/359
f 335/358/358 352/375/375 336/359/359
f 353/376/376 336/359/359 352/375/375
f 336/359/359 353/376/376 351/374/374
f 366/389/389 351/374/374 353/376/376
f 353/376/376 329/352/352 366/389/389
f 328/351/351 366/389/389 329/352/352
f 335/358/358 293/316/316 352/375/375
f 324/347/347 352/375/375 293/316/316
f 324/347/347 303/326/326 352/375/375
f 329/352/352 353/376/376 333/356/356
f 333/356/356 352/375/375 303/326/326
f 352/375/375 333/356/356 353/376/376
f 328/351/351 1196/1341/1341 366/389/389
f 1196/1341/1341 1872/2154/2154 366/389/389
f 1872/2154/2154 1196/1341/1341 1871/2153/2153
f 1871/2153/2153 1870/2152/2152 1872/2154/2154
f 1873/2155/2155 1872/2154/2154 1870/2152/2152
f 1872/2154/2154 1873/2155/2155 366/389/389
f 1870/2152/2152 1874/2156/2156 1873/2155/2155
f 1874/2156/2156 1870/2152/2152 1875/2157/2157
f 1876/2158/2158 1875/2157/2157 1870/2152/2152
f 1870/2152/2152 1871/2153/2153 1876/2158/2158
f 1877/2159/2159 1873/2155/2155 1874/2156/2156
f 1895/2177/2177 1876/2158/2158 1871/2153/2153
f 1875/2157/2157 1876/2158/2158 1896/2178/2178
f 1897/2179/2179 1896/2178/2178 1876/2158/2158
f 1876/2158/2158 1895/2177/2177 1897/2179/2179
f 1898/2180/2180 1897/2179/2179 1895/2177/2177
f 1897/2179/2179 1898/2180/2180 1887/2169/2169
f 1886/2168/2168 1887/2169/2169 1898/2180/2180
f 1887/2169/2169 1886/2168/2168 1888/2170/2170
f 1889/2171/2171 1888/2170/2170 1886/2168/2168
f 1888/2170/2170 1890/2172/2172 1887/2169/2169
f 1891/2173/2173 1887/2169/2169 1890/2172/2172
f 1887/2169/2169 1891/2173/2173 1897/2179/2179
f 1896/2178/2178 1897/2179/2179 1891/2173/2173
f 1886/2168/2168 1194/1339/1339 1889/2171/2171
f 1195/1340/1340 1889/2171/2171 1194/1339/1339
f 1194/1339/1339 1886/2168/2168 1197/1342/1342
f 1898/2180/2180 1197/1342/1342 1886/2168/2168
f 1197/1342/1342 1898/2180/2180 1192/1337/1337
f 1895/2177/2177 1192/1337/1337 1898/2180/2180
f 1192/1337/1337 1895/2177/2177 1193/1338/1338
f 1871/2153/2153 1193/1338/1338 1895/2177/2177
f 1193/1338/1338 1871/2153/2153 1196/1341/1341
f 228/251/251 230/253/253 227/250/250
f 229/252/252 227/250/250 230/253/253
f 230/253/253 238/261/261 229/252/252
f 237/260/260 229/252/252 238/261/261
f 238/261/261 239/262/262 237/260/260
f 228/251/251 1781/2063/2063 230/253/253
f 1782/2064/2064 230/253/253 1781/2063/2063
f 230/253/253 1782/2064/2064 238/261/261
f 1782/2064/2064 1781/2063/2063 1780/2062/2062
f 1779/2061/2061 1780/2062/2062 1781/2063/2063
f 1780/2062/2062 1779/2061/2061 1773/2055/2055
f 1772/2054/2054 1773/2055/2055 1779/2061/2061
f 1773/2055/2055 1772/2054/2054 1767/2049/2049
f 1769/2051/2051 1767/2049/2049 1772/2054/2054
f 1769/2051/2051 1628/1897/1897 1767/2049/2049
f 1768/2050/2050 1767/2049/2049 1628/1897/1897
f 1768/2050/2050 1628/1897/1897 1771/2053/2053
f 1598/1861/1861 1771/2053/2053 1628/1897/1897
f 1771/2053/2053 1598/1861/1861 1770/2052/2052
f 1596/1858/1858 1770/2052/2052 1598/1861/1861
f 1768/2050/2050 1763/2045/2045 1767/2049/2049
f 1763/2045/2045 1768/2050/2050 1626/1895/1895
f 1771/2053/2053 1626/1895/1895 1768/2050/2050
f 1763/2045/2045 1626/1895/1895 1766/2048/2048
f 1766/2048/2048 1765/2047/2047 1763/2045/2045
f 1764/2046/2046 1763/2045/2045 1765/2047/2047
f 1627/1896/1896 1766/2048/2048 1626/1895/1895
f 1626/1895/1895 1587/1849/1849 1627/1896/1896
f 1588/1850/1850 1627/1896/1896 1587/1849/1849
f 1588/1850/1850 1587/1849/1849 1585/1847/1847
f 1586/1848/1848 1585/1847/1847 1587/1849/1849
f 1765/2047/2047 1766/2048/2048 1778/2060/2060
f 1775/2057/2057 1778/2060/2060 1766/2048/2048
f 1775/2057/2057 1766/2048/2048 1776/2058/2058
f 1777/2059/2059 1776/2058/2058 1766/2048/2048
f 1777/2059/2059 1753/2035/2035 1776/2058/2058
f 1777/2059/2059 1627/1896/1896 1753/2035/2035
f 1627/1896/1896 1777/2059/2059 1766/2048/2048
f 1599/1862/1862 1753/2035/2035 1627/1896/1896
f 1753/2035/2035 1599/1862/1862 1754/2036/2036
f 1755/2037/2037 1754/2036/2036 1599/1862/1862
f 1753/2035/2035 1754/2036/2036 1760/2042/2042
f 1760/2042/2042 1776/2058/2058 1753/2035/2035
f 1761/2043/2043 1760/2042/2042 1754/2036/2036
f 1755/2037/2037 1703/1977/1977 1754/2036/2036
f 1762/2044/2044 1754/2036/2036 1703/1977/1977
f 1754/2036/2036 1762/2044/2044 1761/2043/2043
f 1599/1862/1862 1600/1863/1863 1755/2037/2037
f 1600/1863/1863 1599/1862/1862 1601/1864/1864
f 1588/1850/1850 1601/1864/1864 1599/1862/1862
f 1783/2065/2065 1761/2043/2043 1762/2044/2044
f 1762/2044/2044 1784/2066/2066 1783/2065/2065
f 1762/2044/2044 1703/1977/1977 1784/2066/2066
f 1785/2067/2067 1783/2065/2065 1784/2066/2066
f 1784/2066/2066 1652/1921/1921 1785/2067/2067
f 234/257/257 1785/2067/2067 1652/1921/1921
f 1652/1921/1921 1784/2066/2066 1639/1908/1908
f 1704/1978/1978 1639/1908/1908 1784/2066/2066
f 1704/1978/1978 1784/2066/2066 1703/1977/1977
f 1704/1978/1978 1703/1977/1977 1702/1976/1976
f 1701/1975/1975 1702/1976/1976 1703/1977/1977
f 1702/1976/1976 1701/1975/1975 1699/1973/1973
f 1700/1974/1974 1699/1973/1973 1701/1975/1975
f 1702/1976/1976 1638/1907/1907 1704/1978/1978
f 1701/1975/1975 1752/2034/2034 1700/1974/1974
f 1569/1829/1829 1700/1974/1974 1752/2034/2034
f 1752/2034/2034 1600/1863/1863 1569/1829/1829
f 1568/1828/1828 1569/1829/1829 1600/1863/1863
f 1569/1829/1829 1568/1828/1828 1566/1825/1825
f 1567/1826/1826 1566/1825/1825 1568/1828/1828
f 1752/2034/2034 1755/2037/2037 1600/1863/1863
f 1752/2034/2034 1701/1975/1975 1755/2037/2037
f 1703/1977/1977 1755/2037/2037 1701/1975/1975
f 1600/1863/1863 1601/1864/1864 1568/1828/1828
f 1582/1842/1842 1568/1828/1828 1601/1864/1864
f 1567/1826/1826 1568/1828/1828 1582/1842/1842
f 1582/1842/1842 1743/2024/2024 1567/1826/1826
f 2040/2355/2355 1566/1825/1825 1567/1826/1826
f 1567/1826/1826 1744/2026/2026 2040/2355/2355
f 2040/2355/2355 1744/2026/2026 2039/2354/2354
f 2035/2349/2349 2039/2354/2354 1744/2026/2026
f 2040/2355/2355 2039/2354/2354 1566/1825/1825
f 2033/2346/2346 1566/1825/1825 2039/2354/2354
f 2033/2346/2346 2032/2345/2345 1566/1825/1825
f 2034/2347/2347 1566/1825/1825 2032/2345/2345
f 2039/2354/2354 2038/2353/2353 2033/2346/2346
f 2039/2354/2354 2035/2349/2349 2038/2353/2353
f 2037/2352/2352 2033/2346/2346 2038/2353/2353
f 2038/2353/2353 2051/2370/2370 2037/2352/2352
f 2050/2369/2369 2037/2352/2352 2051/2370/2370
f 2032/2345/2345 2059/2380/2380 2034/2347/2347
f 2058/2379/2379 2034/2347/2347 2059/2380/2380
f 2037/2352/2352 2050/2369/2369 2083/2408/2408
f 2047/2366/2366 2083/2408/2408 2050/2369/2369
f 2050/2369/2369 2049/2368/2368 2047/2366/2366
f 2048/2367/2367 2047/2366/2366 2049/2368/2368
f 2048/2367/2367 2015/2325/2325 2047/2366/2366
f 2016/2326/2326 2047/2366/2366 2015/2325/2325
f 2047/2366/2366 2016/2326/2326 2083/2408/2408
f 2059/2380/2380 2083/2408/2408 2016/2326/2326
f 2016/2326/2326 2015/2325/2325 2013/2323/2323
f 2014/2324/2324 2013/2323/2323 2015/2325/2325
f 2049/2368/2368 2661/3064/3064 2048/2367/2367
f 2660/3063/3063 2048/2367/2367 2661/3064/3064
f 2048/2367/2367 2660/3063/3063 2015/2325/2325
f 2661/3064/3064 2663/3066/3066 2660/3063/3063
f 2662/3065/3065 2660/3063/3063 2663/3066/3066
f 2664/3067/3067 2015/2325/2325 2660/3063/3063
f 2664/3067/3067 2660/3063/3063 2662/3065/3065
f 2059/2380/2380 2016/2326/2326 2013/2323/2323
f 2013/2323/2323 1580/1840/1840 2059/2380/2380
f 2058/2379/2379 2059/2380/2380 1580/1840/1840
f 2013/2323/2323 2014/2324/2324 1580/1840/1840
f 2670/3073/3073 2058/2379/2379 1580/1840/1840
f 2058/2379/2379 2670/3073/3073 2034/2347/2347
f 2671/3074/3074 2034/2347/2347 2670/3073/3073
f 2670/3073/3073 1699/1973/1973 2671/3074/3074
f 1700/1974/1974 2671/3074/3074 1699/1973/1973
f 1569/1829/1829 2671/3074/3074 1700/1974/1974
f 1566/1825/1825 2034/2347/2347 2671/3074/3074
f 1566/1825/1825 2671/3074/3074 1569/1829/1829
f 2670/3073/3073 1577/1837/1837 1699/1973/1973
f 1709/1983/1983 1699/1973/1973 1577/1837/1837
f 1699/1973/1973 1709/1983/1983 1702/1976/1976
f 1638/1907/1907 1702/1976/1976 1709/1983/1983
f 1580/1840/1840 1577/1837/1837 2670/3073/3073
f 2014/2324/2324 1579/1839/1839 1580/1840/1840
f 2014/2324/2324 2012/2322/2322 1579/1839/1839
f 1575/1835/1835 1579/1839/1839 2012/2322/2322
f 1575/1835/1835 2012/2322/2322 1574/1834/1834
f 1574/1834/1834 2012/2322/2322 1979/2282/2282
f 1976/2279/2279 1979/2282/2282 2012/2322/2322
f 1976/2279/2279 1977/2280/2280 1979/2282/2282
f 1976/2279/2279 1975/2278/2278 1977/2280/2280
f 1978/2281/2281 1977/2280/2280 1975/2278/2278
f 1978/2281/2281 1961/2260/2260 1977/2280/2280
f 1962/2261/2261 1977/2280/2280 1961/2260/2260
f 1962/2261/2261 1961/2260/2260 1959/2258/2258
f 1960/2259/2259 1959/2258/2258 1961/2260/2260
f 1962/2261/2261 1959/2258/2258 1963/2262/2262
f 1964/2263/2263 1963/2262/2262 1959/2258/2258
f 1959/2258/2258 1934/2227/2227 1964/2263/2263
f 1959/2258/2258 1960/2259/2259 1934/2227/2227
f 1928/2221/2221 1964/2263/2263 1934/2227/2227
f 1934/2227/2227 1933/2226/2226 1928/2221/2221
f 1927/2220/2220 1928/2221/2221 1933/2226/2226
f 1928/2221/2221 1927/2220/2220 1929/2222/2222
f 1930/2223/2223 1929/2222/2222 1927/2220/2220
f 1933/2226/2226 1932/2225/2225 1927/2220/2220
f 1931/2224/2224 1927/2220/2220 1932/2225/2225
f 1927/2220/2220 1931/2224/2224 1930/2223/2223
f 1934/2227/2227 1936/2229/2229 1933/2226/2226
f 1935/2228/2228 1933/2226/2226 1936/2229/2229
f 1973/2275/2275 1930/2223/2223 1931/2224/2224
f 1973/2275/2275 1974/2276/2276 1930/2223/2223
f 1939/2233/2233 1930/2223/2223 1974/2276/2276
f 1931/2224/2224 1932/2225/2225 1987/2291/2291
f 1931/2224/2224 1987/2291/2291 1973/2275/2275
f 1988/2292/2292 1987/2291/2291 1932/2225/2225
f 1933/2226/2226 1935/2228/2228 1932/2225/2225
f 1994/2300/2300 1973/2275/2275 1987/2291/2291
f 1932/2225/2225 2002/2309/2309 1988/2292/2292
f 2002/2309/2309 1932/2225/2225 1935/2228/2228
f 2011/2321/2321 1988/2292/2292 2002/2309/2309
f 1935/2228/2228 2017/2327/2327 2002/2309/2309
f 2017/2327/2327 1935/2228/2228 2018/2328/2328
f 1936/2229/2229 2018/2328/2328 1935/2228/2228
f 2018/2328/2328 1936/2229/2229 2063/2386/2386
f 1960/2259/2259 2063/2386/2386 1936/2229/2229
f 1936/2229/2229 1934/2227/2227 1960/2259/2259
f 2018/2328/2328 2077/2402/2402 2017/2327/2327
f 2018/2328/2328 2063/2386/2386 2077/2402/2402
f 2078/2403/2403 2017/2327/2327 2077/2402/2402
f 2077/2402/2402 2067/2390/2390 2078/2403/2403
f 2077/2402/2402 2063/2386/2386 2067/2390/2390
f 2064/2387/2387 2078/2403/2403 2067/2390/2390
f 2067/2390/2390 2066/2389/2389 2064/2387/2387
f 2065/2388/2388 2064/2387/2387 2066/2389/2389
f 2064/2387/2387 2079/2404/2404 2078/2403/2403
f 2069/2393/2393 2078/2403/2403 2079/2404/2404
f 2066/2389/2389 2061/2383/2383 2065/2388/2388
f 2062/2385/2385 2065/2388/2388 2061/2383/2383
f 2065/2388/2388 2070/2394/2394 2064/2387/2387
f 2079/2404/2404 2064/2387/2387 2070/2394/2394
f 2065/2388/2388 2071/2395/2395 2070/2394/2394
f 2065/2388/2388 2062/2385/2385 2071/2395/2395
f 2001/2308/2308 2070/2394/2394 2071/2395/2395
f 2079/2404/2404 2070/2394/2394 2056/2376/2376
f 2052/2371/2371 2056/2376/2376 2070/2394/2394
f 2052/2371/2371 2070/2394/2394 2001/2308/2308
f 2001/2308/2308 2054/2373/2373 2052/2371/2371
f 2053/2372/2372 2052/2371/2371 2054/2373/2373
f 2056/2376/2376 2052/2371/2371 2055/2375/2375
f 2053/2372/2372 2055/2375/2375 2052/2371/2371
f 2054/2373/2373 2026/2337/2337 2053/2372/2372
f 2027/2339/2339 2053/2372/2372 2026/2337/2337
f 2053/2372/2372 2027/2339/2339 2055/2375/2375
f 2026/2337/2337 2025/2335/2335 2027/2339/2339
f 2024/2334/2334 2027/2339/2339 2025/2335/2335
f 2025/2335/2335 2028/2341/2341 2024/2334/2334
f 2023/2333/2333 2024/2334/2334 2028/2341/2341
f 2024/2334/2334 2023/2333/2333 2021/2331/2331
f 2021/2331/2331 2055/2375/2375 2027/2339/2339
f 2021/2331/2331 2027/2339/2339 2024/2334/2334
f 2022/2332/2332 2021/2331/2331 2023/2333/2333
f 2021/2331/2331 2022/2332/2332 2055/2375/2375
f 2072/2397/2397 2055/2375/2375 2022/2332/2332
f 2022/2332/2332 2074/2399/2399 2072/2397/2397
f 2073/2398/2398 2072/2397/2397 2074/2399/2399
f 2023/2333/2333 2028/2341/2341 2075/2400/2400
f 2075/2400/2400 2022/2332/2332 2023/2333/2333
f 2068/2392/2392 2075/2400/2400 2028/2341/2341
f 2072/2397/2397 2003/2310/2310 2055/2375/2375
f 2073/2398/2398 2003/2310/2310 2072/2397/2397
f 2003/2310/2310 2073/2398/2398 2004/2311/2311
f 2004/2311/2311 1952/2247/2247 2003/2310/2310
f 1987/2291/2291 2003/2310/2310 1952/2247/2247
f 1987/2291/2291 1952/2247/2247 1993/2298/2298
f 1953/2248/2248 1993/2298/2298 1952/2247/2247
f 1952/2247/2247 1948/2243/2243 1953/2248/2248
f 1954/2250/2250 1953/2248/2248 1948/2243/2243
f 1948/2243/2243 1949/2244/2244 1954/2250/2250
f 1949/2244/2244 1948/2243/2243 1950/2245/2245
f 1951/2246/2246 1950/2245/2245 1948/2243/2243
f 1955/2253/2253 1954/2250/2250 1949/2244/2244
f 1949/2244/2244 1909/2193/2193 1955/2253/2253
f 1958/2256/2256 1955/2253/2253 1909/2193/2193
f 1948/2243/2243 1952/2247/2247 1951/2246/2246
f 2004/2311/2311 1951/2246/2246 1952/2247/2247
f 1951/2246/2246 2004/2311/2311 2073/2398/2398
f 2073/2398/2398 2074/2399/2399 1951/2246/2246
f 1904/2187/2187 1958/2256/2256 1909/2193/2193
f 1909/2193/2193 1908/2192/2192 1904/2187/2187
f 1907/2191/2191 1904/2187/2187 1908/2192/2192
f 1907/2191/2191 1906/2190/2190 1904/2187/2187
f 1905/2188/2188 1904/2187/2187 1906/2190/2190
f 1905/2188/2188 1906/2190/2190 2075/2400/2400
f 2076/2401/2401 2075/2400/2400 1906/2190/2190
f 1906/2190/2190 1907/2191/2191 2076/2401/2401
f 1908/2192/2192 2076/2401/2401 1907/2191/2191
f 2075/2400/2400 2076/2401/2401 2022/2332/2332
f 2074/2399/2399 2022/2332/2332 2076/2401/2401
f 2074/2399/2399 2076/2401/2401 1950/2245/2245
f 1950/2245/2245 1951/2246/2246 2074/2399/2399
f 1908/2192/2192 1950/2245/2245 2076/2401/2401
f 1950/2245/2245 1908/2192/2192 1949/2244/2244
f 1909/2193/2193 1949/2244/2244 1908/2192/2192
f 251/274/274 252/275/275 182/202/202
f 184/205/205 182/202/202 252/275/275
f 251/274/274 257/280/280 252/275/275
f 256/279/279 252/275/275 257/280/280
f 257/280/280 258/281/281 256/279/279
f 259/282/282 256/279/279 258/281/281
f 251/274/274 183/203/203 257/280/280
f 295/318/318 257/280/280 183/203/203
f 295/318/318 183/203/203 275/298/298
f 179/197/197 275/298/298 183/203/203
f 179/197/197 178/196/196 275/298/298
f 258/281/281 314/337/337 259/282/282
f 314/337/337 258/281/281 313/336/336
f 294/317/317 313/336/336 258/281/281
f 294/317/317 274/297/297 313/336/336
f 271/294/294 313/336/336 274/297/297
f 258/281/281 257/280/280 294/317/317
f 295/318/318 294/317/317 257/280/280
f 271/294/294 270/293/293 313/336/336
f 304/327/327 313/336/336 270/293/293
f 323/346/346 314/337/337 304/327/327
f 314/337/337 323/346/346 264/287/287
f 264/287/287 259/282/282 314/337/337
f 264/287/287 253/276/276 259/282/282
f 255/278/278 259/282/282 253/276/276
f 253/276/276 185/206/206 255/278/278
f 313/336/336 304/327/327 314/337/337
f 259/282/282 255/278/278 256/279/279
f 360/383/383 256/279/279 255/278/278
f 360/383/383 255/278/278 359/382/382
f 189/212/212 359/382/382 255/278/278
f 359/382/382 387/421/421 360/383/383
f 388/422/422 360/383/383 387/421/421
f 360/383/383 388/422/422 256/279/279
f 260/283/283 256/279/279 388/422/422
f 388/422/422 387/421/421 260/283/283
f 260/283/283 261/284/284 256/279/279
f 262/285/285 256/279/279 261/284/284
f 261/284/284 260/283/283 452/497/497
f 451/496/496 452/497/497 260/283/283
f 451/496/496 260/283/283 387/421/421
f 452/497/497 451/496/496 512/571/571
f 511/569/569 512/571/571 451/496/496
f 511/569/569 451/496/496 502/557/557
f 387/421/421 502/557/557 451/496/496
f 387/421/421 359/382/382 502/557/557
f 501/555/555 502/557/557 359/382/382
f 359/382/382 189/212/212 501/555/555
f 188/210/210 501/555/555 189/212/212
f 512/571/571 508/564/564 452/497/497
f 510/568/568 452/497/497 508/564/564
f 510/568/568 508/564/564 450/495/495
f 509/566/566 450/495/495 508/564/564
f 452/497/497 510/568/568 261/284/284
f 434/474/474 261/284/284 510/568/568
f 510/568/568 450/495/495 434/474/474
f 450/495/495 449/494/494 434/474/474
f 431/471/471 434/474/474 449/494/494
f 431/471/471 432/472/472 434/474/474
f 432/472/472 431/471/471 403/437/437
f 404/438/438 403/437/437 431/471/471
f 403/437/437 404/438/438 392/426/426
f 389/423/423 392/426/426 404/438/438
f 392/426/426 389/423/423 391/425/425
f 390/424/424 391/425/425 389/423/423
f 391/425/425 405/439/439 392/426/426
f 406/441/441 392/426/426 405/439/439
f 392/426/426 406/441/441 403/437/437
f 391/425/425 456/501/501 405/439/439
f 440/484/484 405/439/439 456/501/501
f 456/501/501 459/504/504 440/484/484
f 460/506/506 440/484/484 459/504/504
f 456/501/501 455/500/500 459/504/504
f 456/501/501 457/502/502 455/500/500
f 458/503/503 455/500/500 457/502/502
f 459/504/504 455/500/500 419/456/456
f 422/461/461 419/456/456 455/500/500
f 455/500/500 458/503/503 422/461/461
f 419/456/456 422/461/461 420/458/458
f 410/446/446 420/458/458 422/461/461
f 420/458/458 410/446/446 421/459/459
f 409/445/445 421/459/459 410/446/446
f 410/446/446 407/443/443 409/445/445
f 408/444/444 409/445/445 407/443/443
f 422/461/461 423/462/462 410/446/446
f 407/443/443 410/446/446 423/462/462
f 409/445/445 408/444/444 378/403/403
f 379/404/404 378/403/403 408/444/444
f 379/404/404 376/401/401 378/403/403
f 377/402/402 378/403/403 376/401/401
f 377/402/402 376/401/401 381/408/408
f 380/405/405 381/408/408 376/401/401
f 380/405/405 376/401/401 383/411/411
f 382/410/410 383/411/411 376/401/401
f 382/410/410 376/401/401 379/404/404
f 378/403/403 377/402/402 424/464/464
f 384/414/414 424/464/464 377/402/402
f 378/403/403 424/464/464 409/445/445
f 421/459/459 409/445/445 424/464/464
f 383/411/411 382/410/410 523/584/584
f 382/410/410 497/551/551 523/584/584
f 497/551/551 382/410/410 413/449/449
f 379/404/404 413/449/449 382/410/410
f 497/551/551 413/449/449 473/524/524
f 412/448/448 473/524/524 413/449/449
f 413/449/449 407/443/443 412/448/448
f 411/447/447 412/448/448 407/443/443
f 407/443/443 423/462/462 411/447/447
f 461/508/508 411/447/447 423/462/462
f 412/448/448 411/447/447 475/526/526
f 507/563/563 475/526/526 411/447/447
f 461/508/508 507/563/563 411/447/447
f 507/563/563 495/549/549 475/526/526
f 476/527/527 475/526/526 495/549/549
f 476/527/527 371/396/396 475/526/526
f 474/525/525 475/526/526 371/396/396
f 475/526/526 474/525/525 412/448/448
f 473/524/524 412/448/448 474/525/525
f 474/525/525 471/519/519 473/524/524
f 474/525/525 371/396/396 471/519/519
f 472/522/522 473/524/524 471/519/519
f 476/527/527 495/549/549 534/598/598
f 494/547/547 534/598/598 495/549/549
f 494/547/547 495/549/549 491/543/543
f 496/550/550 491/543/543 495/549/549
f 495/549/549 507/563/563 496/550/550
f 461/508/508 496/550/550 507/563/563
f 496/550/550 492/545/545 491/543/543
f 496/550/550 526/588/588 492/545/545
f 526/588/588 496/550/550 461/508/508
f 526/588/588 461/508/508 464/511/511
f 423/462/462 464/511/511 461/508/508
f 463/510/510 492/545/545 526/588/588
f 526/588/588 464/511/511 463/510/510
f 464/511/511 457/502/502 463/510/510
f 462/509/509 463/510/510 457/502/502
f 457/502/502 467/514/514 462/509/509
f 467/514/514 457/502/502 466/513/513
f 465/512/512 466/513/513 457/502/502
f 520/581/581 462/509/509 467/514/514
f 462/509/509 520/581/581 463/510/510
f 492/545/545 463/510/510 520/581/581
f 465/512/512 389/423/423 466/513/513
f 485/536/536 466/513/513 389/423/423
f 389/423/423 404/438/438 485/536/536
f 486/537/537 485/536/536 404/438/438
f 485/536/536 486/537/537 528/591/591
f 527/589/589 528/591/591 486/537/537
f 404/438/438 431/471/471 486/537/537
f 449/494/494 486/537/537 431/471/471
f 527/589/589 486/537/537 449/494/494
f 528/591/591 537/603/603 485/536/536
f 466/513/513 485/536/536 537/603/603
f 449/494/494 450/495/495 527/589/589
f 1163/1307/1307 527/589/589 450/495/495
f 450/495/495 509/566/566 1163/1307/1307
f 466/513/513 537/603/603 467/514/514
f 285/308/308 286/309/309 284/307/307
f 287/310/310 284/307/307 286/309/309
f 284/307/307 287/310/310 315/338/338
f 316/339/339 315/338/338 287/310/310
f 285/308/308 284/307/307 176/193/193
f 176/193/193 175/192/192 285/308/308
f 288/311/311 285/308/308 175/192/192
f 286/309/309 289/312/312 287/310/310
f 267/290/290 287/310/310 289/312/312
f 175/192/192 201/224/224 288/311/311
f 320/343/343 288/311/311 201/224/224
f 289/312/312 292/315/315 267/290/290
f 268/291/291 267/290/290 292/315/315
f 292/315/315 308/331/331 268/291/291
f 305/328/328 268/291/291 308/331/331
f 305/328/328 308/331/331 356/379/379
f 356/379/379 331/354/354 305/328/328
f 306/329/329 305/328/328 331/354/354
f 331/354/354 330/353/353 306/329/329
f 349/372/372 356/379/379 308/331/331
f 356/379/379 349/372/372 357/380/380
f 357/380/380 332/355/355 356/379/379
f 317/340/340 176/193/193 284/307/307
f 284/307/307 315/338/338 317/340/340
f 325/348/348 317/340/340 315/338/338
f 325/348/348 315/338/338 180/198/198
f 276/299/299 180/198/198 315/338/338
f 317/340/340 325/348/348 172/188/188
f 173/190/190 172/188/188 325/348/348
f 325/348/348 180/198/198 173/190/190
f 172/188/188 43/51/51 317/340/340
f 367/390/390 317/340/340 43/51/51
f 43/51/51 176/193/193 367/390/390
f 317/340/340 367/390/390 176/193/193
f 181/199/199 173/190/190 180/198/198
f 43/51/51 42/49/49 176/193/193
f 251/274/274 182/202/202 183/203/203
f 60/70/70 183/203/203 182/202/202
f 364/387/387 365/388/388 296/319/319
f 297/320/320 296/319/319 365/388/388
f 364/387/387 1840/2122/2122 365/388/388
f 1840/2122/2122 364/387/387 1842/2124/2124
f 1842/2124/2124 1747/2029/2029 1840/2122/2122
f 1748/2030/2030 1840/2122/2122 1747/2029/2029
f 1747/2029/2029 1603/1867/1867 1748/2030/2030
f 1604/1869/1869 1748/2030/2030 1603/1867/1867
f 1748/2030/2030 1604/1869/1869 1751/2033/2033
f 1597/1860/1860 1751/2033/2033 1604/1869/1869
f 1751/2033/2033 1841/2123/2123 1748/2030/2030
f 1840/2122/2122 1748/2030/2030 1841/2123/2123
f 1841/2123/2123 365/388/388 1840/2122/2122
f 1750/2032/2032 1749/2031/2031 1603/1867/1867
f 1749/2031/2031 1750/2032/2032 1844/2126/2126
f 1845/2127/2127 1844/2126/2126 1750/2032/2032
f 1750/2032/2032 1843/2125/2125 1845/2127/2127
f 1843/2125/2125 1750/2032/2032 1842/2124/2124
f 1747/2029/2029 1842/2124/2124 1750/2032/2032
f 1878/2160/2160 1845/2127/2127 1843/2125/2125
f 1844/2126/2126 1845/2127/2127 1879/2161/2161
f 1880/2162/2162 1879/2161/2161 1845/2127/2127
f 1845/2127/2127 1878/2160/2160 1880/2162/2162
f 1878/2160/2160 350/373/373 1880/2162/2162
f 351/374/374 1880/2162/2162 350/373/373
f 1879/2161/2161 1880/2162/2162 1892/2174/2174
f 1893/2175/2175 1892/2174/2174 1880/2162/2162
f 1880/2162/2162 351/374/374 1893/2175/2175
f 366/389/389 1893/2175/2175 351/374/374
f 1893/2175/2175 366/389/389 1873/2155/2155
f 1879/2161/2161 1892/2174/2174 1837/2119/2119
f 1837/2119/2119 1807/2089/2089 1879/2161/2161
f 1807/2089/2089 1837/2119/2119 1798/2080/2080
f 1798/2080/2080 1742/2022/2022 1807/2089/2089
f 1742/2022/2022 1798/2080/2080 1741/2021/2021
f 1741/2021/2021 1567/1827/1827 1742/2022/2022
f 1743/2023/2023 1742/2022/2022 1567/1827/1827
f 1741/2021/2021 1745/2027/2027 1567/1827/1827
f 1744/2025/2025 1567/1827/1827 1745/2027/2027
f 1742/2022/2022 1743/2023/2023 1746/2028/2028
f 1583/1844/1844 1746/2028/2028 1743/2023/2023
f 1745/2027/2027 1741/2021/2021 1799/2081/2081
f 1797/2079/2079 1799/2081/2081 1741/2021/2021
f 1799/2081/2081 1797/2079/2079 1803/2085/2085
f 1808/2090/2090 1803/2085/2085 1797/2079/2079
f 1808/2090/2090 1797/2079/2079 1809/2091/2091
f 1798/2080/2080 1809/2091/2091 1797/2079/2079
f 1797/2079/2079 1741/2021/2021 1798/2080/2080
f 1809/2091/2091 1798/2080/2080 1837/2119/2119
f 1809/2091/2091 1867/2149/2149 1808/2090/2090
f 1858/2140/2140 1808/2090/2090 1867/2149/2149
f 1808/2090/2090 1858/2140/2140 1803/2085/2085
f 1837/2119/2119 1868/2150/2150 1809/2091/2091
f 1867/2149/2149 1809/2091/2091 1868/2150/2150
f 1868/2150/2150 1847/2129/2129 1867/2149/2149
f 1848/2130/2130 1867/2149/2149 1847/2129/2129
f 1867/2149/2149 1848/2130/2130 1858/2140/2140
f 1848/2130/2130 1847/2129/2129 1814/2096/2096
f 1846/2128/2128 1814/2096/2096 1847/2129/2129
f 1814/2096/2096 1846/2128/2128 1813/2095/2095
f 1813/2095/2095 1810/2092/2092 1814/2096/2096
f 1813/2095/2095 1812/2094/2094 1810/2092/2092
f 1811/2093/2093 1810/2092/2092 1812/2094/2094
f 1815/2097/2097 1814/2096/2096 1810/2092/2092
f 1810/2092/2092 1817/2099/2099 1815/2097/2097
f 1818/2100/2100 1815/2097/2097 1817/2099/2099
f 1817/2099/2099 1816/2098/2098 1818/2100/2100
f 1819/2101/2101 1818/2100/2100 1816/2098/2098
f 1818/2100/2100 1819/2101/2101 1838/2120/2120
f 1839/2121/2121 1838/2120/2120 1819/2101/2101
f 1816/2098/2098 1734/2011/2011 1819/2101/2101
f 1734/2011/2011 1816/2098/2098 1736/2013/2013
f 1734/2011/2011 1736/2013/2013 1733/2009/2009
f 1734/2011/2011 1733/2009/2009 1735/2012/2012
f 1735/2012/2012 1819/2101/2101 1734/2011/2011
f 1622/1890/1890 1735/2012/2012 1733/2009/2009
f 1737/2014/2014 1733/2009/2009 1736/2013/2013
f 1735/2012/2012 1622/1890/1890 1739/2018/2018
f 1623/1892/1892 1739/2018/2018 1622/1890/1890
f 1735/2012/2012 1739/2018/2018 1819/2101/2101
f 1839/2121/2121 1819/2101/2101 1739/2018/2018
f 1839/2121/2121 1739/2018/2018 1801/2083/2083
f 1795/2077/2077 1801/2083/2083 1739/2018/2018
f 1795/2077/2077 1796/2078/2078 1801/2083/2083
f 1795/2077/2077 1738/2017/2017 1796/2078/2078
f 1623/1892/1892 1738/2017/2017 1739/2018/2018
f 1795/2077/2077 1739/2018/2018 1738/2017/2017
f 1740/2020/2020 1796/2078/2078 1738/2017/2017
f 1800/2082/2082 1801/2083/2083 1796/2078/2078
f 1801/2083/2083 1800/2082/2082 1802/2084/2084
f 1803/2085/2085 1802/2084/2084 1800/2082/2082
f 1802/2084/2084 1803/2085/2085 1858/2140/2140
f 1858/2140/2140 1857/2139/2139 1802/2084/2084
f 1838/2120/2120 1802/2084/2084 1857/2139/2139
f 1838/2120/2120 1857/2139/2139 1818/2100/2100
f 1815/2097/2097 1818/2100/2100 1857/2139/2139
f 1802/2084/2084 1838/2120/2120 1801/2083/2083
f 1839/2121/2121 1801/2083/2083 1838/2120/2120
f 1815/2097/2097 1857/2139/2139 1814/2096/2096
f 1848/2130/2130 1814/2096/2096 1857/2139/2139
f 1857/2139/2139 1858/2140/2140 1848/2130/2130
f 368/391/391 369/392/392 252/275/275
f 184/205/205 252/275/275 369/392/392
f 369/392/392 368/391/391 448/493/493
f 433/473/473 448/493/493 368/391/391
f 433/473/473 436/477/477 448/493/493
f 437/480/480 448/493/493 436/477/477
f 368/391/391 434/474/474 433/473/473
f 433/473/473 434/474/474 432/472/472
f 433/473/473 432/472/472 436/477/477
f 436/477/477 432/472/472 435/475/475
f 403/437/437 435/475/475 432/472/472
f 435/475/475 403/437/437 406/441/441
f 434/474/474 368/391/391 262/285/285
f 1248/1393/1393 262/285/285 368/391/391
f 256/279/279 262/285/285 1248/1393/1393
f 1248/1393/1393 252/275/275 256/279/279
f 368/391/391 252/275/275 1248/1393/1393
f 434/474/474 262/285/285 261/284/284
f 385/415/415 386/418/418 384/413/413
f 370/394/394 384/413/413 386/418/418
f 1912/2196/2196 1943/2238/2238 1958/2257/2257
f 424/463/463 384/413/413 370/394/394
f 371/395/395 370/394/394 386/418/418
f 371/395/395 386/418/418 471/521/521
f 534/599/599 541/607/607 371/395/395
f 534/599/599 494/548/548 541/607/607
f 489/540/540 541/607/607 494/548/548
f 429/469/469 437/479/479 430/470/470
f 438/481/481 430/470/470 437/479/479
f 430/470/470 438/481/481 394/428/428
f 395/429/429 394/428/428 438/481/481
f 395/429/429 438/481/481 435/476/476
f 436/478/478 435/476/476 438/481/481
f 436/478/478 438/481/481 437/479/479
f 437/479/479 429/469/469 448/492/492
f 435/476/476 406/442/442 395/429/429
f 396/430/430 395/429/429 406/442/442
f 406/442/442 405/440/440 396/430/430
f 381/408/408 385/416/416 377/402/402
f 384/414/414 377/402/402 385/416/416
f 423/462/462 422/461/461 458/503/503
f 458/503/503 1560/1821/1821 423/462/462
f 464/511/511 423/462/462 1560/1821/1821
f 457/502/502 1560/1821/1821 458/503/503
f 464/511/511 1560/1821/1821 457/502/502
f 390/424/424 1559/1820/1820 457/502/502
f 390/424/424 389/423/423 1559/1820/1820
f 465/512/512 1559/1820/1820 389/423/423
f 465/512/512 457/502/502 1559/1820/1820
f 391/425/425 390/424/424 457/502/502
f 391/425/425 457/502/502 456/501/501
f 453/498/498 418/454/454 469/517/517
f 470/518/518 469/517/517 418/454/454
f 469/517/517 470/518/518 539/605/605
f 417/453/453 539/605/605 470/518/518
f 470/518/518 418/454/454 417/453/453
f 539/605/605 417/453/453 540/606/606
f 539/605/605 540/606/606 538/604/604
f 469/517/517 539/605/605 538/604/604
f 416/452/452 540/606/606 417/453/453
f 540/606/606 416/452/452 542/608/608
f 374/399/399 542/608/608 416/452/452
f 472/522/522 523/584/584 497/551/551
f 473/524/524 472/522/522 497/551/551
f 528/592/592 527/590/590 531/595/595
f 532/596/596 531/595/595 527/590/590
f 528/592/592 531/595/595 537/602/602
f 532/596/596 527/590/590 1163/1308/1308
f 1163/1308/1308 547/613/613 532/596/596
f 547/613/613 1163/1308/1308 1143/1287/1287
f 509/567/567 1143/1287/1287 1163/1308/1308
f 546/612/612 532/596/596 547/613/613
f 546/612/612 547/613/613 441/485/485
f 548/614/614 441/485/485 547/613/613
f 441/485/485 548/614/614 1145/1289/1289
f 1142/1286/1286 1145/1289/1289 548/614/614
f 1143/1287/1287 1142/1286/1286 547/613/613
f 548/614/614 547/613/613 1142/1286/1286
f 1142/1286/1286 1143/1287/1287 1140/1284/1284
f 1141/1285/1285 1140/1284/1284 1143/1287/1287
f 1140/1284/1284 1141/1285/1285 514/574/574
f 515/575/575 514/574/574 1141/1285/1285
f 514/574/574 481/532/532 1140/1284/1284
f 1144/1288/1288 1140/1284/1284 481/532/532
f 1140/1284/1284 1144/1288/1288 1142/1286/1286
f 1145/1289/1289 1142/1286/1286 1144/1288/1288
f 1141/1285/1285 1247/1392/1392 515/575/575
f 1246/1391/1391 515/575/575 1247/1392/1392
f 515/575/575 1246/1391/1391 516/576/576
f 517/577/577 516/576/576 1246/1391/1391
f 517/577/577 1246/1391/1391 511/570/570
f 511/570/570 502/558/558 517/577/577
f 504/560/560 517/577/577 502/558/558
f 502/558/558 501/556/556 504/560/560
f 505/561/561 504/560/560 501/556/556
f 512/572/572 511/570/570 1246/1391/1391
f 508/565/565 512/572/572 1247/1392/1392
f 1246/1391/1391 1247/1392/1392 512/572/572
f 508/565/565 1247/1392/1392 509/567/567
f 509/567/567 1247/1392/1392 1141/1285/1285
f 1141/1285/1285 1143/1287/1287 509/567/567
f 551/617/617 552/618/618 550/616/616
f 553/619/619 550/616/616 552/618/618
f 550/616/616 556/622/622 551/617/617
f 556/622/622 550/616/616 555/621/621
f 554/620/620 555/621/621 550/616/616
f 741/836/836 551/617/617 556/622/622
f 741/836/836 556/622/622 566/632/632
f 567/633/633 566/632/632 556/622/622
f 556/622/622 555/621/621 567/633/633
f 567/633/633 564/630/630 566/632/632
f 565/631/631 566/632/632 564/630/630
f 555/621/621 554/620/620 779/874/874
f 778/873/873 779/874/874 554/620/620
f 779/874/874 778/873/873 740/835/835
f 616/696/696 740/835/835 778/873/873
f 740/835/835 616/696/696 615/695/695
f 612/690/690 615/695/695 616/696/696
f 615/695/695 612/690/690 614/693/693
f 613/691/691 614/693/693 612/690/690
f 616/696/696 617/697/697 612/690/690
f 616/696/696 778/873/873 617/697/697
f 618/698/698 612/690/690 617/697/697
f 612/690/690 618/698/698 613/691/691
f 740/835/835 615/695/695 610/688/688
f 611/689/689 610/688/688 615/695/695
f 611/689/689 607/684/684 610/688/688
f 609/687/687 610/688/688 607/684/684
f 740/835/835 610/688/688 779/874/874
f 781/876/876 779/874/874 610/688/688
f 781/876/876 610/688/688 782/877/877
f 609/687/687 782/877/877 610/688/688
f 782/877/877 609/687/687 576/644/644
f 576/644/644 568/634/634 782/877/877
f 576/644/644 571/637/637 568/634/634
f 575/643/643 568/634/634 571/637/637
f 570/636/636 782/877/877 568/634/634
f 782/877/877 570/636/636 781/876/876
f 570/636/636 568/634/634 564/630/630
f 569/635/635 564/630/630 568/634/634
f 569/635/635 568/634/634 575/643/643
f 571/637/637 574/641/641 575/643/643
f 574/641/641 571/637/637 573/639/639
f 572/638/638 573/639/639 571/637/637
f 827/932/932 575/643/643 574/641/641
f 575/643/643 827/932/932 569/635/635
f 573/639/639 572/638/638 835/943/943
f 836/945/945 835/943/943 572/638/638
f 836/945/945 572/638/638 862/979/979
f 861/978/978 862/979/979 572/638/638
f 861/978/978 572/638/638 576/644/644
f 861/978/978 576/644/644 609/687/687
f 861/978/978 609/687/687 862/979/979
f 571/637/637 576/644/644 572/638/638
f 836/945/945 606/683/683 835/943/943
f 862/979/979 606/683/683 836/945/945
f 834/942/942 835/943/943 606/683/683
f 834/942/942 606/683/683 626/710/710
f 605/681/681 626/710/710 606/683/683
f 606/683/683 607/684/684 605/681/681
f 608/685/685 605/681/681 607/684/684
f 607/684/684 862/979/979 609/687/687
f 606/683/683 862/979/979 607/684/684
f 607/684/684 611/689/689 608/685/685
f 826/931/931 608/685/685 611/689/689
f 826/931/931 611/689/689 614/693/693
f 615/695/695 614/693/693 611/689/689
f 558/624/624 559/625/625 557/623/623
f 560/626/626 557/623/623 559/625/625
f 559/625/625 683/769/769 560/626/626
f 684/770/770 560/626/626 683/769/769
f 557/623/623 560/626/626 686/773/773
f 685/771/771 686/773/773 560/626/626
f 560/626/626 684/770/770 685/771/771
f 683/769/769 559/625/625 720/813/813
f 721/814/814 720/813/813 559/625/625
f 725/818/818 685/771/771 684/770/770
f 725/818/818 684/770/770 713/805/805
f 714/807/807 713/805/805 684/770/770
f 714/807/807 707/799/799 713/805/805
f 706/797/797 713/805/805 707/799/799
f 707/799/799 704/794/794 706/797/797
f 705/795/795 706/797/797 704/794/794
f 705/795/795 704/794/794 667/753/753
f 668/754/754 667/753/753 704/794/794
f 668/754/754 665/751/751 667/753/753
f 666/752/752 667/753/753 665/751/751
f 667/753/753 666/752/752 705/795/795
f 704/794/794 707/799/799 716/809/809
f 668/754/754 704/794/794 716/809/809
f 715/808/808 716/809/809 707/799/799
f 716/809/809 715/808/808 765/860/860
f 716/809/809 765/860/860 668/754/754
f 767/862/862 765/860/860 715/808/808
f 765/860/860 767/862/862 766/861/861
f 766/861/861 763/858/858 765/860/860
f 760/855/855 765/860/860 763/858/858
f 763/858/858 764/859/859 760/855/855
f 761/856/856 760/855/855 764/859/859
f 761/856/856 762/857/857 760/855/855
f 665/751/751 760/855/855 762/857/857
f 768/863/863 766/861/861 767/862/862
f 665/751/751 762/857/857 666/752/752
f 772/867/867 666/752/752 762/857/857
f 772/867/867 762/857/857 771/866/866
f 770/865/865 771/866/866 762/857/857
f 762/857/857 761/856/856 770/865/865
f 758/853/853 770/865/865 761/856/856
f 666/752/752 772/867/867 815/914/914
f 815/914/914 705/795/795 666/752/752
f 817/917/917 815/914/914 772/867/867
f 772/867/867 771/866/866 817/917/917
f 818/920/920 817/917/917 771/866/866
f 770/865/865 738/832/832 771/866/866
f 823/926/926 771/866/866 738/832/832
f 770/865/865 758/853/853 824/927/927
f 770/865/865 824/927/927 738/832/832
f 640/724/724 738/832/832 824/927/927
f 640/724/724 824/927/927 757/852/852
f 640/724/724 757/852/852 641/725/725
f 640/724/724 641/725/725 636/720/720
f 636/720/720 738/832/832 640/724/724
f 637/721/721 636/720/720 641/725/725
f 637/721/721 638/722/722 636/720/720
f 639/723/723 636/720/720 638/722/722
f 637/721/721 641/725/725 648/732/732
f 649/733/733 648/732/732 641/725/725
f 636/720/720 639/723/723 654/738/738
f 653/737/737 654/738/738 639/723/723
f 638/722/722 655/739/739 639/723/723
f 653/737/737 639/723/723 655/739/739
f 638/722/722 637/721/721 652/736/736
f 648/732/732 652/736/736 637/721/721
f 652/736/736 648/732/732 651/735/735
f 650/734/734 651/735/735 648/732/732
f 651/735/735 702/792/792 652/736/736
f 703/793/793 652/736/736 702/792/792
f 652/736/736 703/793/793 638/722/722
f 655/739/739 638/722/722 703/793/793
f 655/739/739 703/793/793 735/829/829
f 734/828/828 735/829/829 703/793/793
f 703/793/793 702/792/792 734/828/828
f 735/829/829 736/830/830 655/739/739
f 653/737/737 655/739/739 736/830/830
f 736/830/830 737/831/831 653/737/737
f 654/738/738 653/737/737 737/831/831
f 737/831/831 3068/3582/3582 654/738/738
f 738/832/832 654/738/738 3068/3582/3582
f 636/720/720 654/738/738 738/832/832
f 736/830/830 2187/2530/2530 737/831/831
f 2188/2531/2531 737/831/831 2187/2530/2530
f 737/831/831 2188/2531/2531 3068/3582/3582
f 2187/2530/2530 2173/2516/2516 2188/2531/2531
f 2170/2513/2513 2188/2531/2531 2173/2516/2516
f 2173/2516/2516 2172/2515/2515 2170/2513/2513
f 2171/2514/2514 2170/2513/2513 2172/2515/2515
f 2171/2514/2514 2175/2518/2518 2170/2513/2513
f 2174/2517/2517 2170/2513/2513 2175/2518/2518
f 2171/2514/2514 2182/2525/2525 2175/2518/2518
f 2183/2526/2526 2175/2518/2518 2182/2525/2525
f 2172/2515/2515 2173/2516/2516 2189/2532/2532
f 2187/2530/2530 2189/2532/2532 2173/2516/2516
f 2182/2525/2525 2171/2514/2514 2186/2529/2529
f 2186/2529/2529 2185/2528/2528 2182/2525/2525
f 2184/2527/2527 2182/2525/2525 2185/2528/2528
f 2172/2515/2515 2186/2529/2529 2171/2514/2514
f 2185/2528/2528 2186/2529/2529 2233/2582/2582
f 2234/2583/2583 2233/2582/2582 2186/2529/2529
f 2186/2529/2529 2172/2515/2515 2234/2583/2583
f 2189/2532/2532 2234/2583/2583 2172/2515/2515
f 2189/2532/2532 735/829/829 2234/2583/2583
f 734/828/828 2234/2583/2583 735/829/829
f 2234/2583/2583 734/828/828 2233/2582/2582
f 735/829/829 2189/2532/2532 736/830/830
f 2187/2530/2530 736/830/830 2189/2532/2532
f 878/998/998 2233/2582/2582 734/828/828
f 878/998/998 734/828/828 702/792/792
f 702/792/792 697/787/787 878/998/998
f 699/789/789 878/998/998 697/787/787
f 702/792/792 651/735/735 697/787/787
f 659/743/743 697/787/787 651/735/735
f 651/735/735 650/734/734 659/743/743
f 660/744/744 659/743/743 650/734/734
f 650/734/734 649/733/733 660/744/744
f 891/1013/1013 660/744/744 649/733/733
f 891/1013/1013 649/733/733 806/904/904
f 805/903/903 806/904/904 649/733/733
f 649/733/733 641/725/725 805/903/903
f 759/854/854 805/903/903 641/725/725
f 759/854/854 641/725/725 757/852/852
f 805/903/903 759/854/854 804/902/902
f 757/852/852 804/902/902 759/854/854
f 806/904/904 805/903/903 804/902/902
f 806/904/904 804/902/902 803/901/901
f 807/905/905 803/901/901 804/902/902
f 806/904/904 803/901/901 892/1014/1014
f 798/896/896 892/1014/1014 803/901/901
f 803/901/901 802/900/900 798/896/896
f 803/901/901 807/905/905 802/900/900
f 799/897/897 798/896/896 802/900/900
f 799/897/897 796/894/894 798/896/896
f 797/895/895 798/896/896 796/894/894
f 798/896/896 797/895/895 892/1014/1014
f 797/895/895 796/894/894 801/899/899
f 800/898/898 801/899/899 796/894/894
f 802/900/900 888/1009/1009 799/897/897
f 776/871/871 799/897/897 888/1009/1009
f 776/871/871 888/1009/1009 677/763/763
f 677/763/763 676/762/762 776/871/871
f 676/762/762 677/763/763 675/761/761
f 678/764/764 675/761/761 677/763/763
f 678/764/764 679/765/765 675/761/761
f 680/766/766 675/761/761 679/765/765
f 676/762/762 675/761/761 682/768/768
f 681/767/767 682/768/768 675/761/761
f 675/761/761 680/766/766 681/767/767
f 679/765/765 710/802/802 680/766/766
f 711/803/803 680/766/766 710/802/802
f 712/804/804 681/767/767 680/766/766
f 680/766/766 711/803/803 712/804/804
f 719/812/812 712/804/804 711/803/803
f 710/802/802 679/765/765 748/843/843
f 745/840/840 748/843/843 679/765/765
f 748/843/843 745/840/840 747/842/842
f 744/839/839 747/842/842 745/840/840
f 745/840/840 742/837/837 744/839/839
f 743/838/838 744/839/839 742/837/837
f 679/765/765 678/764/764 745/840/840
f 742/837/837 745/840/840 678/764/764
f 678/764/764 677/763/763 742/837/837
f 746/841/841 742/837/837 677/763/763
f 742/837/837 746/841/841 743/838/838
f 777/872/872 743/838/838 746/841/841
f 746/841/841 677/763/763 888/1009/1009
f 743/838/838 1171/1316/1316 744/839/839
f 777/872/872 1173/1318/1318 743/838/838
f 1171/1316/1316 743/838/838 1173/1318/1318
f 1173/1318/1318 764/859/859 1171/1316/1316
f 763/858/858 1171/1316/1316 764/859/859
f 1171/1316/1316 763/858/858 1172/1317/1317
f 1172/1317/1317 744/839/839 1171/1316/1316
f 766/861/861 1172/1317/1317 763/858/858
f 1172/1317/1317 766/861/861 1174/1319/1319
f 768/863/863 1174/1319/1319 766/861/861
f 1174/1319/1319 747/842/842 1172/1317/1317
f 744/839/839 1172/1317/1317 747/842/842
f 1174/1319/1319 768/863/863 753/848/848
f 769/864/864 753/848/848 768/863/863
f 769/864/864 768/863/863 683/769/769
f 767/862/862 683/769/769 768/863/863
f 767/862/862 715/808/808 683/769/769
f 714/807/807 683/769/769 715/808/808
f 769/864/864 683/769/769 720/813/813
f 753/848/848 769/864/864 720/813/813
f 753/848/848 720/813/813 724/817/817
f 724/817/817 720/813/813 723/816/816
f 722/815/815 723/816/816 720/813/813
f 722/815/815 552/618/618 723/816/816
f 749/844/844 723/816/816 552/618/618
f 724/817/817 723/816/816 733/827/827
f 750/845/845 733/827/827 723/816/816
f 723/816/816 749/844/844 750/845/845
f 733/827/827 732/826/826 724/817/817
f 733/827/827 689/777/777 732/826/826
f 727/821/821 732/826/826 689/777/777
f 552/618/618 722/815/815 553/619/619
f 721/814/814 553/619/619 722/815/815
f 721/814/814 559/625/625 553/619/619
f 558/624/624 553/619/619 559/625/625
f 722/815/815 720/813/813 721/814/814
f 558/624/624 550/616/616 553/619/619
f 554/620/620 550/616/616 558/624/624
f 554/620/620 558/624/624 786/881/881
f 562/628/628 786/881/881 558/624/624
f 786/881/881 780/875/875 554/620/620
f 778/873/873 554/620/620 780/875/875
f 780/875/875 617/697/697 778/873/873
f 786/881/881 1165/1310/1310 780/875/875
f 1166/1311/1311 780/875/875 1165/1310/1310
f 1165/1310/1310 870/988/988 1166/1311/1311
f 1167/1312/1312 1166/1311/1311 870/988/988
f 870/988/988 868/986/986 1167/1312/1312
f 868/986/986 870/988/988 621/702/702
f 621/702/702 620/701/701 868/986/986
f 620/701/701 621/702/702 619/699/699
f 594/665/665 619/699/699 621/702/702
f 620/701/701 619/699/699 623/705/705
f 622/703/703 623/705/705 619/699/699
f 621/702/702 863/980/980 594/665/665
f 591/661/661 594/665/665 863/980/980
f 623/705/705 869/987/987 620/701/701
f 867/985/985 620/701/701 869/987/987
f 591/661/661 863/980/980 872/990/990
f 871/989/989 872/990/990 863/980/980
f 871/989/989 863/980/980 873/992/992
f 870/988/988 873/992/992 863/980/980
f 863/980/980 621/702/702 870/988/988
f 872/990/990 871/989/989 810/909/909
f 563/629/629 810/909/909 871/989/989
f 871/989/989 873/992/992 563/629/629
f 810/909/909 563/629/629 686/773/773
f 557/623/623 686/773/773 563/629/629
f 563/629/629 561/627/627 557/623/623
f 562/628/628 557/623/623 561/627/627
f 561/627/627 563/629/629 873/992/992
f 562/628/628 561/627/627 786/881/881
f 1165/1310/1310 786/881/881 561/627/627
f 1165/1310/1310 561/627/627 873/992/992
f 562/628/628 558/624/624 557/623/623
f 1165/1310/1310 873/992/992 870/988/988
f 578/646/646 579/647/647 577/645/645
f 580/648/648 577/645/645 579/647/647
f 579/647/647 583/651/651 580/648/648
f 583/651/651 579/647/647 582/650/650
f 581/649/649 582/650/650 579/647/647
f 579/647/647 629/713/713 581/649/649
f 578/646/646 629/713/713 579/647/647
f 630/714/714 581/649/649 629/713/713
f 578/646/646 631/715/715 629/713/713
f 631/715/715 602/677/677 629/713/713
f 602/677/677 635/719/719 629/713/713
f 629/713/713 635/719/719 630/714/714
f 602/677/677 601/676/676 635/719/719
f 601/676/676 602/677/677 597/669/669
f 598/672/672 597/669/669 602/677/677
f 601/676/676 597/669/669 604/680/680
f 603/678/678 604/680/680 597/669/669
f 632/716/716 635/719/719 601/676/676
f 635/719/719 632/716/716 634/718/718
f 633/717/717 634/718/718 632/716/716
f 604/680/680 874/993/993 601/676/676
f 632/716/716 874/993/993 633/717/717
f 632/716/716 601/676/676 874/993/993
f 603/678/678 912/1035/1035 604/680/680
f 915/1038/1038 604/680/680 912/1035/1035
f 604/680/680 915/1038/1038 874/993/993
f 1000/1124/1124 874/993/993 915/1038/1038
f 915/1038/1038 1001/1125/1125 1000/1124/1124
f 1002/1126/1126 1000/1124/1124 1001/1125/1125
f 874/993/993 1000/1124/1124 1004/1128/1128
f 1003/1127/1127 1004/1128/1128 1000/1124/1124
f 1000/1124/1124 1002/1126/1126 1003/1127/1127
f 1002/1126/1126 1001/1125/1125 926/1050/1050
f 918/1042/1042 926/1050/1050 1001/1125/1125
f 918/1042/1042 840/949/949 926/1050/1050
f 840/949/949 918/1042/1042 832/939/939
f 840/949/949 832/939/939 625/707/707
f 625/707/707 628/712/712 840/949/949
f 625/707/707 624/706/706 628/712/712
f 624/706/706 625/707/707 605/682/682
f 626/708/708 605/682/682 625/707/707
f 626/708/708 625/707/707 832/939/939
f 605/682/682 608/686/686 624/706/706
f 585/653/653 624/706/706 608/686/686
f 624/706/706 585/653/653 590/659/659
f 590/659/659 628/712/712 624/706/706
f 584/652/652 590/659/659 585/653/653
f 585/653/653 586/654/654 584/652/652
f 585/653/653 608/686/686 586/654/654
f 587/656/656 584/652/652 586/654/654
f 590/659/659 584/652/652 589/658/658
f 588/657/657 589/658/658 584/652/652
f 584/652/652 587/656/656 588/657/657
f 589/658/658 627/711/711 590/659/659
f 628/712/712 590/659/659 627/711/711
f 627/711/711 841/950/950 628/712/712
f 839/948/948 628/712/712 841/950/950
f 839/948/948 840/949/949 628/712/712
f 841/950/950 925/1049/1049 839/948/948
f 926/1050/1050 839/948/948 925/1049/1049
f 839/948/948 926/1050/1050 840/949/949
f 925/1049/1049 841/950/950 1055/1180/1180
f 1052/1177/1177 1055/1180/1180 841/950/950
f 1055/1180/1180 1052/1177/1177 1054/1179/1179
f 1053/1178/1178 1054/1179/1179 1052/1177/1177
f 1053/1178/1178 1052/1177/1177 1057/1182/1182
f 1056/1181/1181 1057/1182/1182 1052/1177/1177
f 925/1049/1049 1055/1180/1180 1050/1175/1175
f 1051/1176/1176 1050/1175/1175 1055/1180/1180
f 1051/1176/1176 1046/1171/1171 1050/1175/1175
f 1003/1127/1127 1050/1175/1175 1046/1171/1171
f 1046/1171/1171 1049/1174/1174 1003/1127/1127
f 1049/1174/1174 1046/1171/1171 1048/1173/1173
f 1047/1172/1172 1048/1173/1173 1046/1171/1171
f 1046/1171/1171 1051/1176/1176 1047/1172/1172
f 1048/1173/1173 1047/1172/1172 1080/1210/1210
f 1080/1210/1210 1076/1205/1205 1048/1173/1173
f 1079/1209/1209 1048/1173/1173 1076/1205/1205
f 1048/1173/1173 1079/1209/1209 1049/1174/1174
f 1079/1209/1209 1076/1205/1205 1045/1170/1170
f 1059/1184/1184 1045/1170/1170 1076/1205/1205
f 1076/1205/1205 1074/1202/1202 1059/1184/1184
f 1060/1185/1185 1059/1184/1184 1074/1202/1202
f 1059/1184/1184 1060/1185/1185 1058/1183/1183
f 1061/1186/1186 1058/1183/1183 1060/1185/1185
f 1058/1183/1183 1061/1186/1186 1063/1188/1188
f 1062/1187/1187 1063/1188/1188 1061/1186/1186
f 1061/1186/1186 1064/1189/1189 1062/1187/1187
f 1065/1190/1190 1062/1187/1187 1064/1189/1189
f 1074/1202/1202 1067/1192/1192 1060/1185/1185
f 1066/1191/1191 1067/1192/1192 1064/1189/1189
f 1066/1191/1191 1064/1189/1189 1061/1186/1186
f 1068/1194/1194 1064/1189/1189 1067/1192/1192
f 1064/1189/1189 1068/1194/1194 1070/1198/1198
f 1065/1190/1190 1064/1189/1189 1070/1198/1198
f 1069/1196/1196 1070/1198/1198 1068/1194/1194
f 1066/1191/1191 1060/1185/1185 1067/1192/1192
f 1070/1198/1198 1069/1196/1196 1090/1223/1223
f 1091/1224/1224 1090/1223/1223 1069/1196/1196
f 1070/1198/1198 1090/1223/1223 1065/1190/1190
f 1087/1219/1219 1065/1190/1190 1090/1223/1223
f 1090/1223/1223 1091/1224/1224 1118/1259/1259
f 1090/1223/1223 1118/1259/1259 1087/1219/1219
f 1117/1258/1258 1118/1259/1259 1091/1224/1224
f 1118/1259/1259 1117/1258/1258 1104/1243/1243
f 1105/1244/1244 1104/1243/1243 1117/1258/1258
f 1104/1243/1243 1105/1244/1244 1100/1238/1238
f 1101/1239/1239 1100/1238/1238 1105/1244/1244
f 1101/1239/1239 1095/1232/1232 1100/1238/1238
f 1099/1237/1237 1100/1238/1238 1095/1232/1232
f 1095/1232/1232 1098/1236/1236 1099/1237/1237
f 1103/1242/1242 1099/1237/1237 1098/1236/1236
f 1098/1236/1236 1122/1265/1265 1103/1242/1242
f 1109/1249/1249 1103/1242/1242 1122/1265/1265
f 1103/1242/1242 1109/1249/1249 1106/1246/1246
f 1099/1237/1237 1103/1242/1242 1106/1246/1246
f 1110/1250/1250 1106/1246/1246 1109/1249/1249
f 1106/1246/1246 1110/1250/1250 1107/1247/1247
f 1107/1247/1247 1108/1248/1248 1106/1246/1246
f 1100/1238/1238 1106/1246/1246 1108/1248/1248
f 1111/1251/1251 1107/1247/1247 1110/1250/1250
f 1111/1251/1251 1110/1250/1250 1113/1253/1253
f 1112/1252/1252 1113/1253/1253 1110/1250/1250
f 1112/1252/1252 1110/1250/1250 1057/1182/1182
f 1109/1249/1249 1057/1182/1182 1110/1250/1250
f 1113/1253/1253 1083/1214/1214 1111/1251/1251
f 1119/1260/1260 1111/1251/1251 1083/1214/1214
f 1119/1260/1260 1089/1222/1222 1111/1251/1251
f 1107/1247/1247 1111/1251/1251 1089/1222/1222
f 1089/1222/1222 1088/1220/1220 1107/1247/1247
f 1108/1248/1248 1107/1247/1247 1088/1220/1220
f 1088/1220/1220 1118/1259/1259 1108/1248/1248
f 1104/1243/1243 1108/1248/1248 1118/1259/1259
f 1088/1220/1220 1087/1219/1219 1118/1259/1259
f 1087/1219/1219 1088/1220/1220 1085/1217/1217
f 1089/1221/1221 1085/1217/1217 1088/1220/1220
f 1085/1217/1217 1062/1187/1187 1087/1219/1219
f 1062/1187/1187 1085/1217/1217 1063/1188/1188
f 1086/1218/1218 1063/1188/1188 1085/1217/1217
f 1085/1217/1217 1089/1221/1221 1086/1218/1218
f 1065/1190/1190 1087/1219/1219 1062/1187/1187
f 1063/1188/1188 1086/1218/1218 1042/1167/1167
f 1042/1167/1167 1041/1166/1166 1063/1188/1188
f 1041/1166/1166 1042/1167/1167 1040/1165/1165
f 1043/1168/1168 1040/1165/1165 1042/1167/1167
f 1041/1166/1166 1040/1165/1165 1045/1170/1170
f 1044/1169/1169 1045/1170/1170 1040/1165/1165
f 1044/1169/1169 1040/1165/1165 634/718/718
f 630/714/714 634/718/718 1040/1165/1165
f 1040/1165/1165 1043/1168/1168 630/714/714
f 634/718/718 630/714/714 635/719/719
f 581/649/649 630/714/714 1043/1168/1168
f 1043/1168/1168 1081/1212/1212 581/649/649
f 582/650/650 581/649/649 1081/1212/1212
f 1045/1170/1170 1044/1169/1169 1079/1209/1209
f 1081/1212/1212 1084/1215/1215 582/650/650
f 1084/1215/1215 1081/1212/1212 1083/1214/1214
f 1082/1213/1213 1083/1214/1214 1081/1212/1212
f 1081/1212/1212 1043/1168/1168 1082/1213/1213
f 1042/1167/1167 1082/1213/1213 1043/1168/1168
f 1082/1213/1213 1042/1167/1167 1086/1218/1218
f 1082/1213/1213 1086/1218/1218 1083/1214/1214
f 1119/1261/1261 1083/1214/1214 1086/1218/1218
f 1119/1261/1261 1086/1218/1218 1089/1221/1221
f 1084/1216/1216 1083/1214/1214 1039/1164/1164
f 1039/1164/1164 588/657/657 1084/1216/1216
f 1039/1164/1164 1038/1163/1163 588/657/657
f 589/658/658 588/657/657 1038/1163/1163
f 1038/1163/1163 1039/1164/1164 1112/1252/1252
f 1113/1253/1253 1112/1252/1252 1039/1164/1164
f 1113/1253/1253 1039/1164/1164 1083/1214/1214
f 1038/1163/1163 1112/1252/1252 1056/1181/1181
f 1038/1163/1163 1056/1181/1181 589/658/658
f 1057/1182/1182 1056/1181/1181 1112/1252/1252
f 627/711/711 589/658/658 1056/1181/1181
f 627/711/711 1056/1181/1181 841/950/950
f 1052/1177/1177 841/950/950 1056/1181/1181
f 1057/1182/1182 1109/1249/1249 1053/1178/1178
f 1122/1265/1265 1053/1178/1178 1109/1249/1249
f 1122/1265/1265 1121/1263/1263 1053/1178/1178
f 1054/1179/1179 1053/1178/1178 1121/1263/1263
f 1054/1179/1179 1121/1263/1263 1093/1228/1228
f 1094/1229/1229 1093/1228/1228 1121/1263/1263
f 1094/1229/1229 1092/1226/1226 1093/1228/1228
f 1047/1172/1172 1093/1228/1228 1092/1226/1226
f 1092/1226/1226 1080/1210/1210 1047/1172/1172
f 1093/1228/1228 1051/1176/1176 1054/1179/1179
f 1093/1228/1228 1047/1172/1172 1051/1176/1176
f 1055/1180/1180 1054/1179/1179 1051/1176/1176
f 598/671/671 599/673/673 597/668/668
f 600/674/674 597/668/668 599/673/673
f 599/673/673 598/671/671 866/984/984
f 865/982/982 866/984/984 598/671/671
f 599/673/673 623/705/705 600/674/674
f 622/703/703 600/674/674 623/705/705
f 866/984/984 869/987/987 599/673/673
f 623/705/705 599/673/673 869/987/987
f 869/987/987 866/984/984 1168/1313/1313
f 1170/1315/1315 1168/1313/1313 866/984/984
f 866/984/984 825/929/929 1170/1315/1315
f 866/984/984 865/982/982 825/929/929
f 618/698/698 1170/1315/1315 825/929/929
f 825/929/929 613/691/691 618/698/698
f 1168/1313/1313 1170/1315/1315 1169/1314/1314
f 1168/1313/1313 1169/1314/1314 867/985/985
f 1168/1313/1313 867/985/985 869/987/987
f 868/986/986 867/985/985 1169/1314/1314
f 867/985/985 868/986/986 620/701/701
f 1169/1314/1314 1167/1312/1312 868/986/986
f 1169/1314/1314 1187/1332/1332 1167/1312/1312
f 1187/1332/1332 1169/1314/1314 1170/1315/1315
f 1186/1331/1331 1167/1312/1312 1187/1332/1332
f 1187/1332/1332 617/697/697 1186/1331/1331
f 780/875/875 1186/1331/1331 617/697/697
f 1170/1315/1315 618/698/698 1187/1332/1332
f 617/697/697 1187/1332/1332 618/698/698
f 1166/1311/1311 1186/1331/1331 780/875/875
f 1167/1312/1312 1186/1331/1331 1166/1311/1311
f 670/756/756 671/757/757 669/755/755
f 672/758/758 669/755/755 671/757/757
f 670/756/756 669/755/755 674/760/760
f 673/759/759 674/760/760 669/755/755
f 669/755/755 708/800/800 673/759/759
f 669/755/755 672/758/758 708/800/800
f 709/801/801 673/759/759 708/800/800
f 708/800/800 717/810/810 709/801/801
f 718/811/811 709/801/801 717/810/810
f 673/759/759 709/801/801 843/953/953
f 847/958/958 843/953/953 709/801/801
f 709/801/801 718/811/811 847/958/958
f 674/760/760 673/759/759 846/957/957
f 843/953/953 846/957/957 673/759/759
f 853/966/966 847/958/958 718/811/811
f 718/811/811 851/964/964 853/966/966
f 855/970/970 853/966/966 851/964/964
f 846/957/957 890/1011/1011 674/760/760
f 794/891/891 674/760/760 890/1011/1011
f 794/891/891 773/868/868 674/760/760
f 773/868/868 794/891/891 790/887/887
f 795/892/892 790/887/887 794/891/891
f 794/891/891 890/1011/1011 795/892/892
f 790/887/887 793/890/890 773/868/868
f 793/890/890 790/887/887 792/889/889
f 791/888/888 792/889/889 790/887/887
f 790/887/887 857/972/972 791/888/888
f 795/892/892 857/972/972 790/887/887
f 858/974/974 791/888/888 857/972/972
f 774/869/869 773/868/868 793/890/890
f 791/888/888 858/974/974 887/1008/1008
f 792/889/889 791/888/888 887/1008/1008
f 885/1006/1006 887/1008/1008 858/974/974
f 887/1008/1008 885/1006/1006 876/995/995
f 887/1008/1008 876/995/995 792/889/889
f 877/996/996 876/995/995 885/1006/1006
f 876/995/995 877/996/996 644/728/728
f 662/747/747 644/728/728 877/996/996
f 644/728/728 643/727/727 876/995/995
f 882/1002/1002 876/995/995 643/727/727
f 882/1002/1002 792/889/889 876/995/995
f 883/1003/1003 882/1002/1002 643/727/727
f 882/1002/1002 883/1003/1003 881/1001/1001
f 792/889/889 882/1002/1002 881/1001/1001
f 884/1004/1004 881/1001/1001 883/1003/1003
f 884/1004/1004 883/1003/1003 892/1014/1014
f 893/1015/1015 892/1014/1014 883/1003/1003
f 881/1001/1001 884/1004/1004 894/1016/1016
f 801/899/899 894/1016/1016 884/1004/1004
f 884/1004/1004 892/1014/1014 797/895/895
f 797/895/895 801/899/899 884/1004/1004
f 894/1016/1016 793/890/890 881/1001/1001
f 793/890/890 894/1016/1016 774/869/869
f 1183/1328/1328 774/869/869 894/1016/1016
f 774/869/869 1183/1328/1328 671/757/757
f 671/757/757 670/756/756 774/869/869
f 773/868/868 774/869/869 670/756/756
f 1180/1325/1325 671/757/757 1183/1328/1328
f 1180/1325/1325 1179/1324/1324 671/757/757
f 1180/1325/1325 682/768/768 1179/1324/1324
f 681/767/767 1179/1324/1324 682/768/768
f 672/758/758 671/757/757 1179/1324/1324
f 1179/1324/1324 681/767/767 1181/1326/1326
f 1179/1324/1324 1181/1326/1326 672/758/758
f 712/804/804 1181/1326/1326 681/767/767
f 1182/1327/1327 672/758/758 1181/1326/1326
f 1181/1326/1326 712/804/804 730/824/824
f 1181/1326/1326 730/824/824 1182/1327/1327
f 719/812/812 730/824/824 712/804/804
f 729/823/823 1182/1327/1327 730/824/824
f 730/824/824 688/776/776 729/823/823
f 731/825/825 729/823/823 688/776/776
f 730/824/824 719/812/812 728/822/822
f 730/824/824 728/822/822 688/776/776
f 728/822/822 726/820/820 688/776/776
f 727/821/821 688/776/776 726/820/820
f 726/820/820 784/879/879 727/821/821
f 784/879/879 728/822/822 719/812/812
f 784/879/879 726/820/820 728/822/822
f 784/879/879 719/812/812 783/878/878
f 783/878/878 727/821/821 784/879/879
f 711/803/803 783/878/878 719/812/812
f 711/803/803 710/802/802 783/878/878
f 785/880/880 783/878/878 710/802/802
f 783/878/878 785/880/880 727/821/821
f 785/880/880 710/802/802 752/847/847
f 748/843/843 752/847/847 710/802/802
f 752/847/847 748/843/843 751/846/846
f 747/842/842 751/846/846 748/843/843
f 747/842/842 1174/1319/1319 751/846/846
f 753/848/848 751/846/846 1174/1319/1319
f 753/848/848 724/817/817 751/846/846
f 754/849/849 751/846/846 724/817/817
f 754/849/849 752/847/847 751/846/846
f 754/849/849 724/817/817 732/826/826
f 732/826/826 785/880/880 754/849/849
f 752/847/847 754/849/849 785/880/880
f 732/826/826 727/821/821 785/880/880
f 727/821/821 689/777/777 688/776/776
f 688/776/776 689/777/777 687/775/775
f 690/778/778 687/775/775 689/777/777
f 688/776/776 687/775/775 692/781/781
f 691/779/779 692/781/781 687/775/775
f 687/775/775 690/778/778 694/784/784
f 687/775/775 694/784/784 691/779/779
f 693/783/783 694/784/784 690/778/778
f 693/783/783 690/778/778 696/786/786
f 695/785/785 696/786/786 690/778/778
f 787/882/882 691/779/779 694/784/784
f 787/882/882 694/784/784 788/884/884
f 569/635/635 788/884/884 694/784/784
f 696/786/786 565/631/631 693/783/783
f 564/630/630 693/783/783 565/631/631
f 565/631/631 696/786/786 566/632/632
f 789/886/886 566/632/632 696/786/786
f 566/632/632 789/886/886 741/836/836
f 749/844/844 741/836/836 789/886/886
f 741/836/836 749/844/844 551/617/617
f 552/618/618 551/617/617 749/844/844
f 789/886/886 750/845/845 749/844/844
f 750/845/845 789/886/886 695/785/785
f 696/786/786 695/785/785 789/886/886
f 750/845/845 695/785/785 733/827/827
f 689/777/777 733/827/827 695/785/785
f 695/785/785 690/778/778 689/777/777
f 739/834/834 580/648/648 583/651/651
f 739/834/834 583/651/651 586/655/655
f 587/656/656 586/655/655 583/651/651
f 580/648/648 739/834/834 613/692/692
f 614/694/694 613/692/692 739/834/834
f 739/834/834 586/655/655 614/694/694
f 580/648/648 613/692/692 577/645/645
f 825/928/928 577/645/645 613/692/692
f 826/930/930 614/694/694 586/655/655
f 825/928/928 865/983/983 577/645/645
f 631/715/715 577/645/645 865/983/983
f 631/715/715 865/983/983 602/677/677
f 598/672/672 602/677/677 865/983/983
f 631/715/715 578/646/646 577/645/645
f 826/930/930 586/654/654 608/686/686
f 756/851/851 757/852/852 755/850/850
f 758/853/853 755/850/850 757/852/852
f 757/852/852 824/927/927 758/853/853
f 755/850/850 758/853/853 764/859/859
f 761/856/856 764/859/859 758/853/853
f 764/859/859 1173/1318/1318 755/850/850
f 1175/1320/1320 755/850/850 1173/1318/1318
f 1175/1320/1320 1176/1321/1321 756/851/851
f 807/905/905 756/851/851 1176/1321/1321
f 1176/1321/1321 1175/1320/1320 777/872/872
f 1173/1318/1318 777/872/872 1175/1320/1320
f 1176/1321/1321 888/1009/1009 807/905/905
f 802/900/900 807/905/905 888/1009/1009
f 777/872/872 746/841/841 1176/1321/1321
f 888/1009/1009 1176/1321/1321 746/841/841
f 807/905/905 804/902/902 756/851/851
f 756/851/851 804/902/902 757/852/852
f 1175/1320/1320 756/851/851 755/850/850
f 775/870/870 776/871/871 676/762/762
f 676/762/762 682/768/768 775/870/870
f 889/1010/1010 775/870/870 682/768/768
f 889/1010/1010 800/898/898 775/870/870
f 796/894/894 775/870/870 800/898/898
f 776/871/871 775/870/870 799/897/897
f 796/894/894 799/897/897 775/870/870
f 682/768/768 1180/1325/1325 889/1010/1010
f 1183/1328/1328 889/1010/1010 1180/1325/1325
f 889/1010/1010 1183/1328/1328 800/898/898
f 894/1016/1016 800/898/898 1183/1328/1328
f 894/1016/1016 801/899/899 800/898/898
f 808/906/906 809/907/907 686/774/774
f 810/908/908 686/774/774 809/907/907
f 686/774/774 685/772/772 808/906/906
f 811/910/910 808/906/906 685/772/772
f 685/772/772 725/819/819 811/910/910
f 812/911/911 811/910/910 725/819/819
f 810/908/908 809/907/907 872/991/991
f 595/666/666 872/991/991 809/907/907
f 811/910/910 812/911/911 940/1064/1064
f 941/1065/1065 940/1064/1064 812/911/911
f 941/1065/1065 942/1066/1066 940/1064/1064
f 903/1025/1025 940/1064/1064 942/1066/1066
f 903/1025/1025 942/1066/1066 904/1026/1026
f 904/1026/1026 899/1021/1021 903/1025/1025
f 902/1024/1024 903/1025/1025 899/1021/1021
f 902/1024/1024 899/1021/1021 901/1023/1023
f 900/1022/1022 901/1023/1023 899/1021/1021
f 951/1075/1075 904/1026/1026 942/1066/1066
f 904/1026/1026 951/1075/1075 950/1074/1074
f 950/1074/1074 948/1072/1072 904/1026/1026
f 949/1073/1073 904/1026/1026 948/1072/1072
f 899/1021/1021 949/1073/1073 900/1022/1022
f 986/1110/1110 950/1074/1074 951/1075/1075
f 986/1110/1110 951/1075/1075 985/1109/1109
f 984/1108/1108 985/1109/1109 951/1075/1075
f 1178/1323/1323 900/1022/1022 949/1073/1073
f 949/1073/1073 1218/1363/1363 1178/1323/1323
f 949/1073/1073 948/1072/1072 1218/1363/1363
f 1223/1368/1368 1178/1323/1323 1218/1363/1363
f 985/1109/1109 984/1108/1108 1225/1370/1370
f 982/1106/1106 1225/1370/1370 984/1108/1108
f 1225/1370/1370 982/1106/1106 1235/1380/1380
f 976/1100/1100 1235/1380/1380 982/1106/1106
f 982/1106/1106 980/1104/1104 976/1100/1100
f 981/1105/1105 976/1100/1100 980/1104/1104
f 980/1104/1104 942/1066/1066 981/1105/1105
f 941/1065/1065 981/1105/1105 942/1066/1066
f 941/1065/1065 812/911/911 981/1105/1105
f 995/1119/1119 981/1105/1105 812/911/911
f 995/1119/1119 812/911/911 713/806/806
f 995/1119/1119 713/806/806 814/913/913
f 995/1119/1119 814/913/913 981/1105/1105
f 706/798/798 814/913/913 713/806/806
f 725/819/819 713/806/806 812/911/911
f 977/1101/1101 981/1105/1105 814/913/913
f 981/1105/1105 977/1101/1101 976/1100/1100
f 1235/1380/1380 976/1100/1100 1231/1376/1376
f 1231/1376/1376 1230/1375/1375 1235/1380/1380
f 1234/1379/1379 1235/1380/1380 1230/1375/1375
f 1230/1375/1375 1209/1354/1354 1234/1379/1379
f 1209/1354/1354 1230/1375/1375 1207/1352/1352
f 1210/1355/1355 1234/1379/1379 1209/1354/1354
f 1234/1379/1379 1210/1355/1355 1237/1382/1382
f 1237/1382/1382 1236/1381/1381 1234/1379/1379
f 1225/1370/1370 1234/1379/1379 1236/1381/1381
f 1236/1381/1381 1237/1382/1382 1240/1385/1385
f 1240/1385/1385 986/1110/1110 1236/1381/1381
f 985/1109/1109 1236/1381/1381 986/1110/1110
f 1236/1381/1381 985/1109/1109 1225/1370/1370
f 1239/1384/1384 1240/1385/1385 1237/1382/1382
f 1237/1382/1382 1228/1373/1373 1239/1384/1384
f 1238/1383/1383 1239/1384/1384 1228/1373/1373
f 1238/1383/1383 1228/1373/1373 1244/1389/1389
f 1238/1383/1383 1244/1389/1389 1241/1386/1386
f 987/1111/1111 1241/1386/1386 1244/1389/1389
f 1241/1386/1386 987/1111/1111 947/1071/1071
f 1227/1372/1372 1244/1389/1389 1228/1373/1373
f 1228/1373/1373 1210/1355/1355 1227/1372/1372
f 1228/1373/1373 1237/1382/1382 1210/1355/1355
f 947/1071/1071 1213/1358/1358 1241/1386/1386
f 1245/1390/1390 1241/1386/1386 1213/1358/1358
f 1213/1358/1358 1216/1361/1361 1245/1390/1390
f 1239/1384/1384 1245/1390/1390 1216/1361/1361
f 1216/1361/1361 1233/1378/1378 1239/1384/1384
f 1240/1385/1385 1239/1384/1384 1233/1378/1378
f 1233/1378/1378 950/1074/1074 1240/1385/1385
f 1233/1378/1378 1217/1362/1362 950/1074/1074
f 1233/1378/1378 1216/1361/1361 1217/1362/1362
f 948/1072/1072 950/1074/1074 1217/1362/1362
f 1217/1362/1362 1218/1363/1363 948/1072/1072
f 986/1110/1110 1240/1385/1385 950/1074/1074
f 1238/1383/1383 1245/1390/1390 1239/1384/1384
f 1245/1390/1390 1238/1383/1383 1241/1386/1386
f 731/825/825 692/781/781 851/964/964
f 850/963/963 851/964/964 692/781/781
f 851/964/964 718/811/811 731/825/825
f 717/810/810 731/825/825 718/811/811
f 731/825/825 688/776/776 692/781/781
f 731/825/825 717/810/810 729/823/823
f 729/823/823 717/810/810 1182/1327/1327
f 708/800/800 1182/1327/1327 717/810/810
f 1182/1327/1327 708/800/800 672/758/758
f 851/964/964 850/963/963 855/970/970
f 859/976/976 860/977/977 857/973/973
f 858/975/975 857/973/973 860/977/977
f 859/976/976 952/1076/1076 860/977/977
f 953/1077/1077 860/977/977 952/1076/1076
f 952/1076/1076 859/976/976 956/1080/1080
f 956/1080/1080 954/1078/1078 952/1076/1076
f 955/1079/1079 952/1076/1076 954/1078/1078
f 952/1076/1076 955/1079/1079 953/1077/1077
f 999/1123/1123 956/1080/1080 859/976/976
f 956/1080/1080 999/1123/1123 993/1117/1117
f 989/1113/1113 993/1117/1117 999/1123/1123
f 993/1117/1117 989/1113/1113 937/1061/1061
f 845/955/955 937/1061/1061 989/1113/1113
f 989/1113/1113 890/1012/1012 845/955/955
f 846/956/956 845/955/955 890/1012/1012
f 993/1117/1117 937/1061/1061 994/1118/1118
f 939/1063/1063 994/1118/1118 937/1061/1061
f 890/1012/1012 989/1113/1113 795/893/893
f 999/1123/1123 795/893/893 989/1113/1113
f 999/1123/1123 859/976/976 795/893/893
f 857/973/973 795/893/893 859/976/976
f 994/1118/1118 939/1063/1063 1211/1356/1356
f 1208/1353/1353 1211/1356/1356 939/1063/1063
f 1211/1356/1356 1212/1357/1357 994/1118/1118
f 1212/1357/1357 1211/1356/1356 1232/1377/1377
f 1208/1353/1353 1232/1377/1377 1211/1356/1356
f 1232/1377/1377 935/1059/1059 1212/1357/1357
f 992/1116/1116 1212/1357/1357 935/1059/1059
f 992/1116/1116 1037/1162/1162 1212/1357/1357
f 1037/1162/1162 994/1118/1118 1212/1357/1357
f 1037/1162/1162 959/1083/1083 994/1118/1118
f 1037/1162/1162 991/1115/1115 959/1083/1083
f 1037/1162/1162 992/1116/1116 991/1115/1115
f 954/1078/1078 994/1118/1118 959/1083/1083
f 959/1083/1083 958/1082/1082 954/1078/1078
f 955/1079/1079 954/1078/1078 958/1082/1082
f 958/1082/1082 1030/1155/1155 955/1079/1079
f 1030/1155/1155 958/1082/1082 970/1094/1094
f 1030/1155/1155 970/1094/1094 1024/1149/1149
f 1024/1149/1149 1023/1148/1148 1030/1155/1155
f 1032/1157/1157 1030/1155/1155 1023/1148/1148
f 1032/1157/1157 955/1079/1079 1030/1155/1155
f 1032/1157/1157 953/1077/1077 955/1079/1079
f 1023/1148/1148 1031/1156/1156 1032/1157/1157
f 953/1077/1077 1032/1157/1157 1031/1156/1156
f 1023/1148/1148 879/999/999 1031/1156/1156
f 886/1007/1007 1031/1156/1156 879/999/999
f 1031/1156/1156 886/1007/1007 953/1077/1077
f 860/977/977 953/1077/1077 886/1007/1007
f 886/1007/1007 885/1005/1005 860/977/977
f 858/975/975 860/977/977 885/1005/1005
f 788/884/884 569/635/635 827/932/932
f 569/635/635 694/784/784 564/630/630
f 693/783/783 564/630/630 694/784/784
f 564/630/630 567/633/633 570/636/636
f 875/994/994 570/636/636 567/633/633
f 875/994/994 781/876/876 570/636/636
f 875/994/994 567/633/633 555/621/621
f 875/994/994 555/621/621 781/876/876
f 779/874/874 781/876/876 555/621/621
f 646/730/730 647/731/731 660/744/744
f 657/741/741 660/744/744 647/731/731
f 660/744/744 1204/1349/1349 646/730/730
f 1204/1349/1349 883/1003/1003 646/730/730
f 643/727/727 646/730/730 883/1003/1003
f 660/744/744 891/1013/1013 1204/1349/1349
f 893/1015/1015 1204/1349/1349 891/1013/1013
f 1204/1349/1349 893/1015/1015 883/1003/1003
f 891/1013/1013 806/904/904 893/1015/1015
f 892/1014/1014 893/1015/1015 806/904/904
f 916/1040/1040 832/939/939 918/1042/1042
f 916/1040/1040 918/1042/1042 1011/1136/1136
f 1001/1125/1125 1011/1136/1136 918/1042/1042
f 1001/1125/1125 915/1038/1038 1011/1136/1136
f 912/1035/1035 1011/1136/1136 915/1038/1038
f 943/1067/1067 808/906/906 940/1064/1064
f 811/910/910 940/1064/1064 808/906/906
f 808/906/906 943/1067/1067 809/907/907
f 1015/1140/1140 809/907/907 943/1067/1067
f 1015/1140/1140 943/1067/1067 901/1023/1023
f 902/1024/1024 901/1023/1023 943/1067/1067
f 809/907/907 1015/1140/1140 595/666/666
f 596/667/667 595/666/666 1015/1140/1140
f 1015/1140/1140 901/1023/1023 596/667/667
f 1020/1145/1145 596/667/667 901/1023/1023
f 1020/1145/1145 907/1029/1029 596/667/667
f 1020/1145/1145 1022/1147/1147 907/1029/1029
f 1020/1145/1145 900/1022/1022 1022/1147/1147
f 901/1023/1023 900/1022/1022 1020/1145/1145
f 1178/1323/1323 1022/1147/1147 900/1022/1022
f 1022/1147/1147 1178/1323/1323 1223/1368/1368
f 595/666/666 591/660/660 872/991/991
f 281/304/304 322/345/345 966/1090/1090
f 966/1090/1090 968/1092/1092 281/304/304
f 282/305/305 281/304/304 968/1092/1092
f 968/1092/1092 974/1098/1098 282/305/305
f 310/333/333 282/305/305 974/1098/1098
f 974/1098/1098 1019/1144/1144 310/333/333
f 342/365/365 310/333/333 1019/1144/1144
f 310/333/333 342/365/365 311/334/334
f 341/364/364 311/334/334 342/365/365
f 311/334/334 341/364/364 312/335/335
f 354/377/377 312/335/335 341/364/364
f 312/335/335 354/377/377 321/344/344
f 1205/1350/1350 321/344/344 354/377/377
f 1205/1350/1350 354/377/377 1249/1394/1394
f 340/363/363 1249/1394/1394 354/377/377
f 321/344/344 1205/1350/1350 307/330/330
f 307/330/330 291/314/314 321/344/344
f 348/371/371 307/330/330 1205/1350/1350
f 348/371/371 1205/1350/1350 346/369/369
f 1249/1394/1394 346/369/369 1205/1350/1350
f 346/369/369 1249/1394/1394 347/370/370
f 1251/1396/1396 347/370/370 1249/1394/1394
f 340/363/363 1251/1396/1396 1249/1394/1394
f 988/1112/1112 898/1020/1020 987/1111/1111
f 988/1112/1112 848/960/960 898/1020/1020
f 988/1112/1112 987/1111/1111 1244/1389/1389
f 1244/1389/1389 1226/1371/1371 988/1112/1112
f 849/961/961 988/1112/1112 1226/1371/1371
f 849/961/961 848/960/960 988/1112/1112
f 1227/1372/1372 1226/1371/1371 1244/1389/1389
f 819/921/921 990/1114/1114 820/922/922
f 990/1114/1114 819/921/921 961/1085/1085
f 971/1095/1095 961/1085/1085 819/921/921
f 971/1095/1095 819/921/921 822/924/924
f 822/924/924 998/1122/1122 971/1095/1095
f 972/1096/1096 971/1095/1095 998/1122/1122
f 972/1096/1096 998/1122/1122 1206/1351/1351
f 997/1121/1121 1206/1351/1351 998/1122/1122
f 998/1122/1122 821/923/923 997/1121/1121
f 822/924/924 821/923/923 998/1122/1122
f 996/1120/1120 997/1121/1121 821/923/923
f 996/1120/1120 1033/1158/1158 997/1121/1121
f 1036/1161/1161 997/1121/1121 1033/1158/1158
f 1036/1161/1161 1033/1158/1158 1035/1160/1160
f 1034/1159/1159 1035/1160/1160 1033/1158/1158
f 1033/1158/1158 996/1120/1120 1202/1347/1347
f 1202/1347/1347 1034/1159/1159 1033/1158/1158
f 1201/1346/1346 1202/1347/1347 996/1120/1120
f 996/1120/1120 1199/1344/1344 1201/1346/1346
f 1200/1345/1345 1201/1346/1346 1199/1344/1344
f 1035/1160/1160 1034/1159/1159 1027/1152/1152
f 1027/1152/1152 973/1097/1097 1035/1160/1160
f 1026/1151/1151 1035/1160/1160 973/1097/1097
f 1028/1153/1153 1027/1152/1152 1034/1159/1159
f 1199/1344/1344 3068/3583/3583 1200/1345/1345
f 3068/3583/3583 1199/1344/1344 738/833/833
f 1199/1344/1344 821/923/923 738/833/833
f 1199/1344/1344 996/1120/1120 821/923/923
f 1029/1154/1154 1036/1161/1161 1026/1151/1151
f 1036/1161/1161 1029/1154/1154 997/1121/1121
f 1206/1351/1351 997/1121/1121 1029/1154/1154
f 1029/1154/1154 969/1093/1093 1206/1351/1351
f 962/1086/1086 1206/1351/1351 969/1093/1093
f 972/1096/1096 1206/1351/1351 962/1086/1086
f 1035/1160/1160 1026/1151/1151 1036/1161/1161
f 1004/1128/1128 633/717/717 874/993/993
f 633/717/717 1004/1128/1128 1114/1254/1254
f 1049/1174/1174 1114/1254/1254 1004/1128/1128
f 1114/1254/1254 1049/1174/1174 1079/1209/1209
f 1004/1128/1128 1003/1127/1127 1049/1174/1174
f 1114/1254/1254 1079/1209/1209 1044/1169/1169
f 1114/1254/1254 1044/1169/1169 633/717/717
f 634/718/718 633/717/717 1044/1169/1169
f 1050/1175/1175 1003/1127/1127 1002/1126/1126
f 1050/1175/1175 1002/1126/1126 925/1049/1049
f 926/1050/1050 925/1049/1049 1002/1126/1126
f 895/1017/1017 788/885/885 829/935/935
f 827/933/933 829/935/935 788/885/885
f 895/1017/1017 830/936/936 788/885/885
f 787/883/883 788/885/885 830/936/936
f 895/1017/1017 829/935/935 1005/1129/1129
f 1071/1199/1199 1072/1200/1200 1068/1195/1195
f 1069/1197/1197 1068/1195/1195 1072/1200/1200
f 1068/1195/1195 1067/1193/1193 1071/1199/1199
f 1073/1201/1201 1071/1199/1199 1067/1193/1193
f 1067/1193/1193 1074/1203/1203 1073/1201/1201
f 1075/1204/1204 1073/1201/1201 1074/1203/1203
f 1072/1200/1200 1115/1255/1255 1069/1197/1197
f 1072/1200/1200 1071/1199/1199 1115/1255/1255
f 1091/1225/1225 1069/1197/1197 1115/1255/1255
f 1115/1255/1255 1116/1256/1256 1091/1225/1225
f 1117/1257/1257 1091/1225/1225 1116/1256/1256
f 1117/1257/1257 1116/1256/1256 1105/1245/1245
f 1120/1262/1262 1105/1245/1245 1116/1256/1256
f 1120/1262/1262 1102/1241/1241 1105/1245/1245
f 1101/1240/1240 1105/1245/1245 1102/1241/1241
f 1102/1241/1241 1096/1233/1233 1101/1240/1240
f 1095/1231/1231 1101/1240/1240 1096/1233/1233
f 1096/1233/1233 1097/1234/1234 1095/1231/1231
f 1098/1235/1235 1095/1231/1231 1097/1234/1234
f 1102/1241/1241 1126/1270/1270 1096/1233/1233
f 1102/1241/1241 1120/1262/1262 1126/1270/1270
f 1127/1271/1271 1096/1233/1233 1126/1270/1270
f 1127/1271/1271 1125/1269/1269 1096/1233/1233
f 1097/1234/1234 1096/1233/1233 1125/1269/1269
f 1125/1269/1269 1124/1268/1268 1097/1234/1234
f 1125/1269/1269 1078/1208/1208 1124/1268/1268
f 1077/1207/1207 1124/1268/1268 1078/1208/1208
f 1077/1207/1207 1078/1208/1208 1076/1206/1206
f 1075/1204/1204 1076/1206/1206 1078/1208/1208
f 1076/1206/1206 1080/1211/1211 1077/1207/1207
f 1092/1227/1227 1077/1207/1207 1080/1211/1211
f 1075/1204/1204 1078/1208/1208 1073/1201/1201
f 1123/1267/1267 1073/1201/1201 1078/1208/1208
f 1073/1201/1201 1123/1267/1267 1071/1199/1199
f 1128/1272/1272 1071/1199/1199 1123/1267/1267
f 1128/1272/1272 1123/1267/1267 1126/1270/1270
f 1127/1271/1271 1126/1270/1270 1123/1267/1267
f 1128/1272/1272 1115/1255/1255 1071/1199/1199
f 1128/1272/1272 1126/1270/1270 1115/1255/1255
f 1127/1271/1271 1123/1267/1267 1125/1269/1269
f 1078/1208/1208 1125/1269/1269 1123/1267/1267
f 1116/1256/1256 1115/1255/1255 1126/1270/1270
f 1116/1256/1256 1126/1270/1270 1120/1262/1262
f 1058/1183/1183 1063/1188/1188 1041/1166/1166
f 1058/1183/1183 1041/1166/1166 1059/1184/1184
f 1045/1170/1170 1059/1184/1184 1041/1166/1166
f 1122/1266/1266 1097/1234/1234 1124/1268/1268
f 1124/1268/1268 1094/1230/1230 1122/1266/1266
f 1121/1264/1264 1122/1266/1266 1094/1230/1230
f 1124/1268/1268 1077/1207/1207 1094/1230/1230
f 1092/1227/1227 1094/1230/1230 1077/1207/1207
f 1122/1266/1266 1098/1235/1235 1097/1234/1234
f 1129/1273/1273 587/656/656 582/650/650
f 583/651/651 582/650/650 587/656/656
f 1129/1273/1273 588/657/657 587/656/656
f 1129/1273/1273 1084/1216/1216 588/657/657
f 1129/1273/1273 582/650/650 1084/1215/1215
f 50/58/58 163/178/178 51/59/59
f 163/178/178 50/58/58 1156/1300/1300
f 1156/1300/1300 160/175/175 163/178/178
f 1156/1300/1300 1719/1993/1993 160/175/175
f 1719/1993/1993 1156/1300/1300 1613/1880/1880
f 1613/1880/1880 1614/1881/1881 1719/1993/1993
f 1718/1992/1992 1719/1993/1993 1614/1881/1881
f 1718/1992/1992 1717/1991/1991 1719/1993/1993
f 1714/1988/1988 1719/1993/1993 1717/1991/1991
f 1714/1988/1988 160/175/175 1719/1993/1993
f 1717/1991/1991 1716/1990/1990 1714/1988/1988
f 1715/1989/1989 1714/1988/1988 1716/1990/1990
f 1715/1989/1989 161/176/176 1714/1988/1988
f 160/175/175 1714/1988/1988 161/176/176
f 1716/1990/1990 1717/1991/1991 1720/1994/1994
f 1721/1995/1995 1720/1994/1994 1717/1991/1991
f 1720/1994/1994 1721/1995/1995 1722/1996/1996
f 1723/1997/1997 1722/1996/1996 1721/1995/1995
f 1723/1997/1997 1724/1998/1998 1722/1996/1996
f 1725/1999/1999 1722/1996/1996 1724/1998/1998
f 1725/1999/1999 1724/1998/1998 1726/2000/2000
f 1727/2001/2001 1726/2000/2000 1724/1998/1998
f 1726/2000/2000 1727/2001/2001 1728/2002/2002
f 1729/2004/2004 1728/2002/2002 1727/2001/2001
f 1724/1998/1998 1651/1920/1920 1727/2001/2001
f 1730/2006/2006 1727/2001/2001 1651/1920/1920
f 1726/2000/2000 1728/2002/2002 1609/1876/1876
f 1608/1874/1874 1609/1876/1876 1728/2002/2002
f 1609/1876/1876 1608/1874/1874 1606/1871/1871
f 1607/1872/1872 1606/1871/1871 1608/1874/1874
f 1609/1876/1876 1606/1871/1871 1610/1877/1877
f 1611/1878/1878 1610/1877/1877 1606/1871/1871
f 1606/1871/1871 1644/1913/1913 1611/1878/1878
f 1606/1871/1871 1607/1872/1872 1644/1913/1913
f 1643/1912/1912 1611/1878/1878 1644/1913/1913
f 1644/1913/1913 1667/1936/1936 1643/1912/1912
f 1647/1916/1916 1643/1912/1912 1667/1936/1936
f 1647/1916/1916 1646/1915/1915 1643/1912/1912
f 1645/1914/1914 1643/1912/1912 1646/1915/1915

