mtllib G3_Head_Slave_Myrtana_Animated_03_S19.mtl

o G3_Animation_Head_Slave_Main_03

v -0.025109 1.783905 -0.102026
v -0.016313 1.783304 -0.107757
v -0.023346 1.806521 -0.076433
v 0.024353 1.779504 -0.026007
v 0.017103 1.779709 -0.014917
v 0.013816 1.804044 -0.026047
v 0.000081 1.810356 -0.078313
v -0.013685 1.804000 -0.026089
v -0.016929 1.779594 -0.015013
v -0.024101 1.779216 -0.026172
v -0.029819 1.768001 -0.083436
v -0.029065 1.774400 -0.097821
v -0.032899 1.775796 -0.064113
v 0.029959 1.767945 -0.083444
v 0.029011 1.774399 -0.097842
v 0.022053 1.743213 -0.062491
v 0.033308 1.775832 -0.064016
v -0.021643 1.743263 -0.062556
v 0.023323 1.806380 -0.076562
v 0.000007 1.738445 -0.098241
v 0.020820 1.737120 -0.083748
v 0.014137 1.740069 -0.092378
v -0.014595 1.740105 -0.091967
v -0.020725 1.737130 -0.083970
v 0.016135 1.783396 -0.107613
v 0.025003 1.784056 -0.101760
v 0.016955 1.753220 -0.009560
v -0.016830 1.753111 -0.009666
v -0.023043 1.762665 -0.026152
v 0.023362 1.762915 -0.025947
v -0.025473 1.757959 -0.103361
v 0.024974 1.758008 -0.103392
v 0.000001 1.782942 -0.116539
v -0.000117 1.749196 -0.106398
v -0.007165 1.749724 -0.104223
v -0.008371 1.763473 -0.108275
v 0.000037 1.762793 -0.110646
v -0.013958 1.751035 -0.097507
v -0.015597 1.764972 -0.101225
v -0.018131 1.753002 -0.086651
v -0.019937 1.767235 -0.090478
v -0.021600 1.756504 -0.070530
v -0.022278 1.770643 -0.074634
v -0.022127 1.759261 -0.059273
v -0.022635 1.773167 -0.063510
v 0.022733 1.759325 -0.059180
v 0.022047 1.756460 -0.070503
v 0.022586 1.770595 -0.074607
v 0.023084 1.773195 -0.063443
v 0.018284 1.752987 -0.086726
v 0.019965 1.767219 -0.090540
v 0.013968 1.751003 -0.097548
v 0.015544 1.764963 -0.101271
v 0.007082 1.749686 -0.104219
v 0.008401 1.763423 -0.108310
v 0.000023 1.765122 -0.112886
v -0.009843 1.765646 -0.110006
v -0.010583 1.779927 -0.111322
v -0.000021 1.779679 -0.114361
v -0.016837 1.765918 -0.104572
v -0.016759 1.779968 -0.106095
v -0.021602 1.766280 -0.097672
v -0.021290 1.780455 -0.099303
v -0.025245 1.768324 -0.078237
v -0.024876 1.783118 -0.079975
v -0.027507 1.771062 -0.056186
v -0.027418 1.785454 -0.058416
v 0.028042 1.771230 -0.056046
v 0.025762 1.768044 -0.078747
v 0.025193 1.782831 -0.080442
v 0.027722 1.785490 -0.058356
v 0.021999 1.766350 -0.097577
v 0.021565 1.780638 -0.098910
v 0.018364 1.765894 -0.104004
v 0.018101 1.780011 -0.105400
v 0.009852 1.765590 -0.110027
v 0.010587 1.779959 -0.111167
v 0.021157 1.764385 -0.064541
v 0.018844 1.762250 -0.043572
v 0.018868 1.758737 -0.063355
v -0.018434 1.758734 -0.063414
v -0.018106 1.762102 -0.043719
v -0.020756 1.764361 -0.064633
v 0.010652 1.763069 -0.097025
v 0.011239 1.770378 -0.083087
v 0.020123 1.764165 -0.081934
v -0.020103 1.764198 -0.081894
v -0.011383 1.770405 -0.083102
v -0.010679 1.763097 -0.096925
v 0.021254 1.767331 -0.065330
v 0.013392 1.773448 -0.066710
v 0.019132 1.775946 -0.038518
v -0.018606 1.775782 -0.038658
v -0.013169 1.773464 -0.066715
v -0.020900 1.767312 -0.065404
v 0.016788 1.756224 -0.081231
v 0.000260 1.759496 -0.063394
v 0.000123 1.755989 -0.080723
v 0.000061 1.769071 -0.083095
v 0.000203 1.772134 -0.066332
v 0.010656 1.759592 -0.098604
v 0.010528 1.757698 -0.097359
v 0.000008 1.757756 -0.099616
v 0.000014 1.759320 -0.100724
v -0.010543 1.757740 -0.097257
v -0.010682 1.759618 -0.098517
v -0.020021 1.760908 -0.081364
v 0.000253 1.762886 -0.043381
v 0.000208 1.776333 -0.038821
v 0.020044 1.760876 -0.081425
v -0.016772 1.756257 -0.081167
v 0.000008 1.762117 -0.099179
v -0.027684 1.851271 -0.090837
v -0.015888 1.846924 -0.090981
v -0.010994 1.836432 -0.090727
v -0.015869 1.825940 -0.090225
v -0.027657 1.821594 -0.089768
v -0.039453 1.825940 -0.089623
v -0.044347 1.836432 -0.089877
v -0.039472 1.846924 -0.090379
v -0.027822 1.849914 -0.096227
v -0.016923 1.845899 -0.096360
v -0.012402 1.836205 -0.096126
v -0.016906 1.826512 -0.095661
v -0.027796 1.822497 -0.095239
v -0.038695 1.826512 -0.095106
v -0.043216 1.836205 -0.095340
v -0.038712 1.845899 -0.095804
v -0.027936 1.846505 -0.100715
v -0.019595 1.843432 -0.100817
v -0.016134 1.836012 -0.100637
v -0.019581 1.828593 -0.100282
v -0.027917 1.825520 -0.099959
v -0.036258 1.828593 -0.099857
v -0.039718 1.836012 -0.100036
v -0.036271 1.843432 -0.100392
v -0.028010 1.841562 -0.103618
v -0.030482 1.840966 -0.103525
v -0.023496 1.839899 -0.103673
v -0.025536 1.840966 -0.103651
v -0.021623 1.835884 -0.103576
v -0.021894 1.837891 -0.103641
v -0.023488 1.831868 -0.103384
v -0.022011 1.833876 -0.103494
v -0.028000 1.830205 -0.103209
v -0.025586 1.830688 -0.103300
v -0.032514 1.831868 -0.103154
v -0.030415 1.830688 -0.103177
v -0.034387 1.835884 -0.103251
v -0.033995 1.833876 -0.103188
v -0.032521 1.839899 -0.103443
v -0.034119 1.837891 -0.103330
v -0.028032 1.835838 -0.104494
v 0.028338 1.851271 -0.090837
v 0.016542 1.846924 -0.090981
v 0.011648 1.836432 -0.090727
v 0.016523 1.825940 -0.090225
v 0.028311 1.821594 -0.089768
v 0.040107 1.825940 -0.089624
v 0.045000 1.836432 -0.089877
v 0.040126 1.846924 -0.090379
v 0.028475 1.849914 -0.096227
v 0.017577 1.845899 -0.096360
v 0.013056 1.836205 -0.096126
v 0.017559 1.826512 -0.095661
v 0.028450 1.822497 -0.095239
v 0.039348 1.826512 -0.095106
v 0.043869 1.836205 -0.095340
v 0.039366 1.845899 -0.095804
v 0.028590 1.846505 -0.100715
v 0.020248 1.843432 -0.100817
v 0.016788 1.836012 -0.100638
v 0.020235 1.828593 -0.100282
v 0.028570 1.825520 -0.099959
v 0.036911 1.828593 -0.099857
v 0.040372 1.836012 -0.100036
v 0.036925 1.843432 -0.100392
v 0.028664 1.841562 -0.103618
v 0.031136 1.840966 -0.103525
v 0.024149 1.839899 -0.103673
v 0.026190 1.840966 -0.103651
v 0.022277 1.835884 -0.103576
v 0.022547 1.837891 -0.103641
v 0.024142 1.831868 -0.103384
v 0.022665 1.833876 -0.103494
v 0.028653 1.830205 -0.103209
v 0.026239 1.830688 -0.103300
v 0.033167 1.831868 -0.103154
v 0.031068 1.830688 -0.103177
v 0.035040 1.835884 -0.103251
v 0.034648 1.833876 -0.103188
v 0.033175 1.839899 -0.103443
v 0.034773 1.837891 -0.103330
v 0.028686 1.835838 -0.104494
v 0.013919 1.718861 -0.097164
v 0.021325 1.723523 -0.090244
v 0.014803 1.721922 -0.081763
v 0.054111 1.822547 -0.084164
v 0.055222 1.818048 -0.074739
v 0.051523 1.813954 -0.088317
v 0.048762 1.823315 -0.092230
v 0.007717 1.833511 -0.118804
v 0.008263 1.836495 -0.117524
v 0.008888 1.835532 -0.114517
v 0.014613 1.829664 -0.107784
v 0.014150 1.826357 -0.109410
v 0.010875 1.829497 -0.112337
v 0.022573 1.765485 -0.104387
v 0.022508 1.763353 -0.105713
v 0.022840 1.765187 -0.104388
v 0.023571 1.763711 -0.105604
v 0.023154 1.765955 -0.106238
v 0.025208 1.768681 -0.108258
v 0.028384 1.768720 -0.105712
v 0.025655 1.767138 -0.105307
v 0.020683 1.762830 -0.107779
v 0.020587 1.763121 -0.107465
v 0.056056 1.801687 -0.029359
v 0.056817 1.794217 -0.022287
v 0.054753 1.792618 -0.023369
v 0.059895 1.803081 -0.024114
v 0.059992 1.797286 -0.024039
v 0.058017 1.802887 -0.027386
v 0.061638 1.831408 -0.025704
v 0.062792 1.835399 -0.025932
v 0.062084 1.833227 -0.022515
v 0.064204 1.841251 -0.025373
v 0.067176 1.846118 -0.021032
v 0.066554 1.843944 -0.019754
v 0.060350 1.805996 -0.006052
v 0.057864 1.811204 -0.004753
v 0.056232 1.803628 -0.007840
v 0.068347 1.830543 -0.007294
v 0.067354 1.825864 -0.005658
v 0.066230 1.824284 -0.007827
v 0.064366 1.824702 -0.009652
v 0.061087 1.827222 -0.014094
v 0.066609 1.829549 -0.009375
v 0.061989 1.818108 -0.012245
v 0.057084 1.808157 -0.029826
v 0.056654 1.811323 -0.032550
v 0.057601 1.819183 -0.033027
v 0.058641 1.820261 -0.030870
v 0.057620 1.813813 -0.030712
v 0.056548 1.819206 -0.023056
v 0.057614 1.815589 -0.024881
v 0.058505 1.820148 -0.025210
v 0.068459 1.841946 -0.008800
v 0.068116 1.840256 -0.009599
v 0.067266 1.842408 -0.013332
v 0.064825 1.841924 -0.020721
v 0.024951 1.731026 -0.072008
v 0.052014 1.782035 -0.022491
v 0.050691 1.780207 -0.033107
v 0.052744 1.787437 -0.025818
v 0.007358 1.837049 -0.120239
v 0.015892 1.763847 -0.112649
v 0.016076 1.765044 -0.115146
v 0.020732 1.765391 -0.108005
v 0.049061 1.763174 -0.024594
v 0.051043 1.762711 -0.011825
v 0.048544 1.757368 -0.020203
v 0.052778 1.755650 -0.006181
v 0.052601 1.768600 -0.000408
v 0.020838 1.761492 -0.108128
v 0.020843 1.762385 -0.107865
v 0.022585 1.762903 -0.105754
v 0.017186 1.758972 -0.113684
v 0.016832 1.760321 -0.113937
v 0.029300 1.732083 -0.080323
v 0.039148 1.788294 0.039462
v 0.045673 1.780904 0.027332
v 0.043538 1.793768 0.030709
v 0.050218 1.894678 -0.075686
v 0.043964 1.895063 -0.091205
v 0.044667 1.905032 -0.078698
v 0.059550 1.837510 -0.030221
v 0.057399 1.833235 -0.033312
v 0.057179 1.840578 -0.026838
v 0.062611 1.800228 -0.019852
v 0.063392 1.805507 -0.018600
v 0.064151 1.801847 -0.015584
v 0.054331 1.793115 -0.015100
v 0.065858 1.843808 -0.028343
v 0.063134 1.835418 -0.028678
v 0.062818 1.838075 -0.030318
v 0.065133 1.846060 -0.028231
v 0.069275 1.844382 -0.008193
v 0.068673 1.839867 -0.005109
v 0.065616 1.843326 -0.026967
v 0.063914 1.838632 -0.027302
v 0.064036 1.839655 -0.022368
v 0.062934 1.836514 -0.023631
v 0.045630 1.794783 0.024057
v 0.024162 1.790614 -0.110876
v 0.022066 1.797471 -0.112447
v 0.029539 1.792706 -0.109996
v 0.018268 1.793127 -0.114294
v 0.018483 1.798287 -0.115708
v 0.004966 1.794252 -0.127444
v 0.008368 1.792431 -0.124123
v 0.005849 1.791577 -0.124910
v 0.006439 1.796721 -0.129079
v 0.013523 1.799871 -0.128007
v 0.014057 1.801761 -0.126750
v 0.015542 1.799097 -0.123528
v 0.051156 1.904060 -0.054855
v 0.054030 1.893137 -0.058006
v 0.023578 1.763709 -0.102220
v 0.029809 1.759819 -0.095896
v 0.022639 1.767643 -0.102822
v 0.011428 1.793667 -0.124239
v 0.009166 1.790045 -0.121130
v 0.064673 1.816624 -0.010009
v 0.057754 1.843788 -0.020833
v 0.056639 1.844783 -0.019550
v 0.059259 1.827132 -0.023476
v 0.060410 1.827578 -0.026021
v 0.066328 1.835084 -0.011555
v 0.066943 1.832748 -0.010075
v 0.061373 1.835349 -0.001310
v 0.065065 1.835316 0.000957
v 0.065195 1.845001 -0.003449
v 0.057916 1.792376 -0.016886
v 0.056161 1.793698 -0.014969
v 0.064816 1.836071 -0.015518
v 0.042738 1.837370 -0.101119
v 0.040880 1.838770 -0.105020
v 0.041946 1.839255 -0.105406
v 0.053341 1.794604 -0.031995
v 0.054218 1.801494 -0.035011
v 0.058795 1.829716 -0.032117
v 0.060141 1.846841 -0.023139
v 0.060607 1.808882 -0.019927
v 0.060894 1.807111 -0.022539
v 0.041670 1.836480 -0.100609
v 0.043452 1.835133 -0.098613
v 0.040240 1.838575 -0.104477
v 0.039798 1.838181 -0.104325
v 0.058428 1.809560 -0.027683
v 0.021828 1.760967 -0.106834
v 0.056525 1.814367 -0.020950
v 0.018215 1.848114 -0.122543
v 0.012398 1.843579 -0.121328
v 0.007479 1.843026 -0.123957
v 0.012834 1.850158 -0.126414
v 0.023073 1.840695 -0.078885
v 0.020888 1.838735 -0.067896
v 0.019109 1.837239 -0.100182
v 0.023224 1.839071 -0.102430
v 0.011956 1.836505 -0.108817
v 0.011167 1.833365 -0.109943
v 0.010323 1.838983 -0.113185
v 0.040936 1.834605 -0.100557
v 0.036547 1.830841 -0.104653
v 0.035425 1.832183 -0.097735
v 0.039524 1.835459 -0.094470
v 0.017044 1.836950 -0.074951
v 0.016825 1.835979 -0.074507
v 0.016677 1.834609 -0.097875
v 0.016944 1.835645 -0.098495
v 0.019788 1.833148 -0.098497
v 0.019841 1.834100 -0.074378
v 0.025627 1.832761 -0.072133
v 0.026852 1.830890 -0.099950
v 0.021048 1.765822 -0.110516
v 0.017727 1.757136 -0.112676
v 0.016427 1.770698 -0.119879
v 0.020684 1.768572 -0.114748
v 0.020767 1.766712 -0.112762
v 0.016947 1.768492 -0.118693
v 0.060719 1.812546 -0.015990
v 0.063999 1.810428 -0.013881
v 0.057846 1.811681 -0.023810
v 0.060573 1.829699 -0.020180
v 0.066424 1.839601 -0.014732
v 0.068283 1.833839 -0.005197
v 0.068847 1.835091 -0.003383
v 0.068494 1.835130 -0.008385
v 0.067904 1.838050 -0.010612
v 0.068248 1.837646 -0.006039
v 0.068280 1.844732 -0.013201
v 0.037506 1.840026 -0.108236
v 0.033123 1.841244 -0.110300
v 0.033133 1.841487 -0.111244
v 0.037987 1.840112 -0.109084
v 0.043772 1.841406 -0.105074
v 0.045622 1.838419 -0.098809
v 0.016192 1.833613 -0.105049
v 0.015832 1.835213 -0.105479
v 0.015525 1.838322 -0.107430
v 0.016800 1.837922 -0.106667
v 0.014873 1.835181 -0.105817
v 0.013556 1.835358 -0.106824
v 0.056696 1.819684 -0.037063
v 0.056477 1.819231 -0.044569
v 0.057837 1.834209 -0.041480
v 0.057038 1.733655 0.006275
v 0.055191 1.742882 0.016517
v 0.025091 1.766063 -0.104954
v 0.067683 1.824104 -0.003746
v 0.066759 1.823911 -0.001550
v 0.064739 1.813887 -0.005040
v 0.065471 1.814752 -0.008003
v 0.060602 1.829056 -0.030609
v 0.058563 1.814861 -0.026951
v 0.058915 1.810868 -0.025837
v 0.069413 1.834874 -0.001957
v 0.067982 1.835462 -0.000110
v 0.064246 1.824982 0.000046
v 0.060733 1.825661 -0.000379
v 0.059616 1.818158 -0.002169
v 0.062503 1.815647 -0.002939
v 0.064789 1.807636 -0.011417
v 0.063469 1.804830 -0.007981
v 0.062273 1.796780 -0.012847
v 0.061276 1.794367 -0.018597
v 0.061204 1.828753 -0.028609
v 0.059408 1.820189 -0.027495
v 0.048466 1.847915 -0.104074
v 0.041229 1.850583 -0.114064
v 0.041372 1.856305 -0.113713
v 0.048708 1.851803 -0.101662
v 0.039942 1.836713 -0.094591
v 0.017633 1.835546 -0.070985
v 0.017469 1.834144 -0.097873
v -0.000000 1.737481 -0.114732
v -0.000000 1.824422 -0.135022
v 0.000000 1.718715 -0.083926
v -0.000000 1.719945 -0.109466
v -0.000000 1.720513 -0.043366
v -0.000000 1.788579 -0.126711
v -0.000000 1.771694 -0.124448
v -0.000000 1.777014 -0.124445
v -0.000000 1.842493 -0.123331
v -0.000000 1.769298 -0.124504
v -0.000000 1.767136 -0.123784
v -0.000000 1.759946 -0.121129
v -0.000000 1.761786 -0.120664
v -0.000000 1.872976 -0.123252
v -0.000000 1.799544 -0.143896
v -0.000000 1.796120 -0.140273
v -0.000000 1.847712 -0.124408
v -0.000000 1.835730 -0.125066
v -0.000000 1.837556 -0.123298
v -0.000000 1.768553 -0.115130
v 0.000000 1.795922 0.054165
v 0.000000 1.936305 0.006464
v 0.000000 1.906862 0.056673
v 0.000000 1.886265 0.068130
v 0.049992 1.785359 -0.051063
v 0.051087 1.789462 -0.038962
v 0.049973 1.775573 -0.047089
v 0.054557 1.728889 -0.001867
v 0.049804 1.724758 -0.009302
v 0.047545 1.738473 -0.016391
v 0.043100 1.719849 -0.016465
v 0.041366 1.734388 -0.024653
v 0.052215 1.741690 -0.008394
v 0.055074 1.746288 -0.000290
v 0.049905 1.767066 -0.042317
v 0.048744 1.759592 -0.036908
v 0.048258 1.755190 -0.048959
v 0.049038 1.762574 -0.055184
v 0.058113 1.864728 -0.051602
v 0.058210 1.849212 -0.055961
v 0.055124 1.849224 -0.078507
v 0.055097 1.865306 -0.072513
v 0.057975 1.864904 -0.011463
v 0.058685 1.865801 -0.030668
v 0.057726 1.880163 -0.023733
v 0.057714 1.877359 -0.003661
v 0.004285 1.720583 -0.043055
v 0.009515 1.720713 -0.042271
v 0.010897 1.697825 -0.035997
v 0.005054 1.695697 -0.037742
v 0.052008 1.796001 -0.001395
v 0.050661 1.786700 0.005929
v 0.052262 1.781483 -0.006612
v 0.052573 1.807253 0.001516
v 0.050006 1.800814 0.009049
v 0.048874 1.771712 -0.059730
v 0.048804 1.782562 -0.063395
v 0.049827 1.770868 -0.029050
v 0.006583 1.728167 -0.113697
v 0.014406 1.731119 -0.110717
v 0.014487 1.722633 -0.106027
v 0.006726 1.720189 -0.108746
v 0.022852 1.735986 -0.103715
v 0.022682 1.728175 -0.099312
v 0.006372 1.738087 -0.113924
v 0.006679 1.717054 -0.099034
v 0.006249 1.719285 -0.083200
v 0.011131 1.816875 -0.119991
v 0.010424 1.824358 -0.116390
v 0.015377 1.821871 -0.111873
v 0.018245 1.814338 -0.114426
v 0.044407 1.791596 -0.092819
v 0.038682 1.791574 -0.103515
v 0.036194 1.801287 -0.105103
v 0.044382 1.801258 -0.096258
v 0.049499 1.802720 -0.083536
v 0.044124 1.810661 -0.100000
v 0.054721 1.832793 -0.082679
v 0.056882 1.833017 -0.073754
v 0.038988 1.781527 -0.100852
v 0.044443 1.781274 -0.089415
v 0.004125 1.823332 -0.133498
v 0.004745 1.815071 -0.138056
v 0.024064 1.889484 -0.113854
v 0.033342 1.887567 -0.108651
v 0.031270 1.874729 -0.113699
v 0.022435 1.875096 -0.118537
v 0.005102 1.729856 -0.060705
v 0.047857 1.781142 -0.076003
v 0.047009 1.769308 -0.072893
v 0.030963 1.735909 -0.087791
v 0.037656 1.744254 -0.078320
v 0.036667 1.739491 -0.070236
v 0.029468 1.734403 -0.049797
v 0.033781 1.737296 -0.061557
v 0.041329 1.743462 -0.052990
v 0.036713 1.738363 -0.043273
v 0.005670 1.808238 -0.141398
v 0.008277 1.812487 -0.131839
v 0.009514 1.806530 -0.134890
v 0.019484 1.805309 -0.115483
v 0.028479 1.802944 -0.111236
v 0.027500 1.765687 -0.104547
v 0.013677 1.792687 -0.120550
v 0.013433 1.791179 -0.118857
v 0.010344 1.786654 -0.120822
v 0.013895 1.789335 -0.117166
v 0.015390 1.786700 -0.116768
v 0.003051 1.792890 -0.130373
v 0.003055 1.791477 -0.127539
v 0.020309 1.788824 -0.113545
v 0.005697 1.799727 -0.142259
v 0.010122 1.800277 -0.135733
v 0.009387 1.796984 -0.133639
v 0.005017 1.796311 -0.138884
v 0.029352 1.751060 -0.100887
v 0.021711 1.744650 -0.106050
v 0.020451 1.752349 -0.108851
v 0.026316 1.757869 -0.104717
v 0.028556 1.773465 -0.109467
v 0.025139 1.773359 -0.113168
v 0.003487 1.788801 -0.125961
v 0.004483 1.783518 -0.125126
v 0.006810 1.820210 -0.127812
v 0.016679 1.801806 -0.119663
v 0.017017 1.798387 -0.119640
v 0.016324 1.800704 -0.121833
v 0.006304 1.788160 -0.124094
v 0.016322 1.794262 -0.117896
v 0.005577 1.777394 -0.124596
v 0.006418 1.772433 -0.124443
v 0.026689 1.781915 -0.110800
v 0.023332 1.781849 -0.114114
v 0.012860 1.752914 -0.114491
v 0.013174 1.748511 -0.112343
v 0.006039 1.746391 -0.113872
v 0.005647 1.750212 -0.115795
v 0.023350 1.766644 -0.107245
v 0.013750 1.804377 -0.126085
v 0.018875 1.756138 -0.110862
v 0.053300 1.844022 -0.088570
v 0.051317 1.841675 -0.093259
v 0.040967 1.872603 -0.105066
v 0.040054 1.861603 -0.110034
v 0.031195 1.863127 -0.118139
v 0.049586 1.868837 -0.091670
v 0.048573 1.857375 -0.097444
v 0.032465 1.857030 -0.120543
v 0.032814 1.850937 -0.118816
v 0.020057 1.844939 -0.115660
v 0.019806 1.846487 -0.119184
v 0.026144 1.847057 -0.118713
v 0.026351 1.845195 -0.115841
v 0.006879 1.827853 -0.122717
v 0.004134 1.831232 -0.127763
v 0.004104 1.835223 -0.123889
v 0.024803 1.811984 -0.110362
v 0.020564 1.819387 -0.109066
v 0.030990 1.817833 -0.106698
v 0.034539 1.810321 -0.106985
v 0.044690 1.827486 -0.095124
v 0.047294 1.833624 -0.092520
v 0.051110 1.832791 -0.088553
v 0.039663 1.846607 -0.112087
v 0.032564 1.846988 -0.116592
v 0.046170 1.844212 -0.104879
v 0.048478 1.839787 -0.096504
v 0.045041 1.834413 -0.095687
v 0.036209 1.838912 -0.101035
v 0.037100 1.839563 -0.107850
v 0.038596 1.837902 -0.097649
v 0.032646 1.839736 -0.103173
v 0.033070 1.840596 -0.109997
v 0.027899 1.840995 -0.110190
v 0.028004 1.839967 -0.103536
v 0.027614 1.841777 -0.110346
v 0.022421 1.839953 -0.108805
v 0.017884 1.837461 -0.106735
v 0.021594 1.840701 -0.108770
v 0.020684 1.841181 -0.109661
v 0.027260 1.842223 -0.111300
v 0.042251 1.832669 -0.099391
v 0.036537 1.836275 -0.068559
v 0.038518 1.837430 -0.071778
v 0.032738 1.844127 -0.114843
v 0.038594 1.840669 -0.110211
v 0.039106 1.843163 -0.111310
v 0.027626 1.824673 -0.106289
v 0.027660 1.826999 -0.107860
v 0.037393 1.828593 -0.104179
v 0.037508 1.826065 -0.102301
v 0.019501 1.829568 -0.107382
v 0.018885 1.826908 -0.107167
v 0.015458 1.833076 -0.105935
v 0.016683 1.831713 -0.106546
v 0.013745 1.832613 -0.107303
v 0.027384 1.829290 -0.107288
v 0.017351 1.832922 -0.105240
v 0.019821 1.831608 -0.106295
v 0.014120 1.842750 -0.114119
v 0.014499 1.839804 -0.109396
v 0.034050 1.833094 -0.073979
v 0.005410 1.839800 -0.122711
v 0.018882 1.823835 -0.107888
v 0.010120 1.839732 -0.117042
v 0.015436 1.764022 -0.111097
v 0.020396 1.765291 -0.106570
v 0.006881 1.767949 -0.122964
v 0.006922 1.770196 -0.124023
v 0.012008 1.768345 -0.120942
v 0.011431 1.766117 -0.119285
v 0.006288 1.766447 -0.121198
v 0.016726 1.766694 -0.117153
v 0.011946 1.769826 -0.122413
v 0.010748 1.772241 -0.123283
v 0.010679 1.764448 -0.117176
v 0.005035 1.765655 -0.119318
v 0.024498 1.766522 -0.105393
v 0.016162 1.762552 -0.113369
v 0.015914 1.763106 -0.112734
v 0.016554 1.761471 -0.113828
v 0.011711 1.758948 -0.118226
v 0.011189 1.760696 -0.118339
v 0.004886 1.760016 -0.120575
v 0.004765 1.761953 -0.120116
v 0.010740 1.762490 -0.117974
v 0.005100 1.757936 -0.120441
v 0.020400 1.762914 -0.106720
v 0.020639 1.762826 -0.104977
v 0.004501 1.763256 -0.117437
v 0.004268 1.761642 -0.114231
v 0.005350 1.755731 -0.119842
v 0.005483 1.753466 -0.118414
v 0.004724 1.762878 -0.119381
v 0.010511 1.763426 -0.117263
v 0.012535 1.755324 -0.116499
v 0.012196 1.757134 -0.117744
v 0.010250 1.764639 -0.115275
v 0.010162 1.763724 -0.115485
v 0.009905 1.762081 -0.112697
v 0.014508 1.767588 -0.110948
v 0.010381 1.768429 -0.113638
v 0.004773 1.766182 -0.117269
v 0.005634 1.768923 -0.115010
v 0.016464 1.779233 -0.108950
v -0.000000 1.755028 -0.112110
v 0.000009 1.779739 -0.115728
v 0.057390 1.825919 0.000845
v 0.057947 1.833761 0.000428
v 0.056586 1.835832 0.005683
v 0.055792 1.826658 0.006049
v 0.058581 1.849717 -0.034828
v 0.057259 1.852639 -0.017206
v 0.054966 1.810920 -0.003240
v 0.053779 1.802089 -0.006140
v 0.056329 1.818471 -0.000789
v 0.054162 1.817131 0.004390
v 0.058733 1.795856 -0.011290
v 0.056727 1.797273 -0.010998
v 0.068546 1.847072 -0.015320
v 0.068966 1.848601 -0.014995
v 0.055590 1.809919 -0.036933
v 0.065463 1.853014 -0.021190
v 0.068008 1.851299 -0.022985
v 0.062615 1.847141 -0.026379
v 0.062785 1.851838 -0.018289
v 0.064361 1.851473 -0.011390
v 0.067375 1.852997 -0.013286
v 0.068288 1.846471 -0.004740
v 0.070291 1.844310 -0.007169
v 0.067860 1.847895 -0.022748
v 0.060668 1.843582 -0.006903
v 0.057945 1.841507 -0.003554
v 0.059679 1.846024 -0.013742
v 0.057544 1.845190 -0.010774
v 0.014404 1.905932 -0.107506
v 0.013550 1.890683 -0.116604
v 0.012674 1.874089 -0.121724
v 0.022528 1.861966 -0.122668
v 0.003845 1.793881 -0.134310
v 0.006022 1.803571 -0.142977
v 0.012454 1.858169 -0.125788
v 0.004461 1.837588 -0.122926
v 0.025694 1.903149 -0.105225
v 0.023977 1.855641 -0.124503
v 0.025741 1.850306 -0.121480
v 0.026811 1.843266 -0.112704
v 0.020061 1.842633 -0.111417
v 0.027001 1.841363 -0.079990
v 0.035178 1.899460 -0.100169
v 0.036261 1.912357 -0.084124
v 0.033012 1.842144 -0.112529
v 0.042807 1.884347 -0.099228
v 0.030270 1.841026 -0.075983
v 0.050424 1.881462 -0.084812
v 0.035407 1.839012 -0.071310
v 0.034610 1.840079 -0.077663
v 0.014181 1.843672 -0.118102
v 0.051071 1.773482 -0.016624
v 0.057358 1.850479 -0.005351
v 0.057507 1.859910 0.003587
v 0.055176 1.839166 0.014843
v 0.053620 1.826835 0.014964
v 0.057173 1.844579 0.002135
v 0.056563 1.850698 0.011744
v 0.051766 1.814071 0.012836
v 0.011510 1.730517 -0.058790
v 0.020799 1.731905 -0.054983
v 0.044117 1.748260 -0.060924
v 0.055089 1.879715 -0.065608
v 0.014470 1.921572 -0.089614
v 0.026447 1.917935 -0.087879
v 0.044480 1.755716 -0.070349
v 0.009350 1.776952 -0.123912
v 0.020217 1.774306 -0.117227
v 0.007794 1.782760 -0.123985
v 0.012558 1.781400 -0.121268
v 0.014753 1.775733 -0.121238
v 0.031647 1.773633 -0.105271
v 0.031590 1.768022 -0.103311
v 0.052973 1.789909 -0.012563
v 0.052419 1.798391 -0.042131
v 0.054334 1.807716 -0.044145
v 0.058256 1.833645 -0.057619
v 0.056473 1.818591 -0.058246
v 0.042998 1.830149 -0.097185
v 0.053204 1.806064 -0.056486
v 0.050951 1.795455 -0.054030
v 0.012556 1.809356 -0.122994
v 0.015194 1.795486 -0.121375
v 0.013039 1.796618 -0.126302
v 0.031731 1.781871 -0.107584
v 0.043469 1.770014 -0.086689
v 0.038193 1.772005 -0.098518
v 0.041031 1.759537 -0.085904
v 0.048081 1.792185 -0.079445
v 0.031080 1.742888 -0.094779
v 0.036908 1.750594 -0.088711
v 0.041168 1.818974 -0.100785
v 0.038591 1.823313 -0.101127
v 0.036722 1.764030 -0.097508
v 0.034035 1.757270 -0.098093
v 0.013780 1.740209 -0.111142
v 0.028695 1.821940 -0.106057
v 0.010026 1.803141 -0.135899
v 0.052034 1.804459 -0.069970
v 0.049708 1.793347 -0.066576
v 0.009020 1.839777 -0.120276
v 0.018301 1.781398 -0.117511
v 0.018653 1.767307 -0.107092
v 0.027967 1.707565 -0.027514
v 0.035932 1.713916 -0.022268
v 0.034635 1.728791 -0.031471
v 0.026921 1.723845 -0.036605
v 0.030325 1.763936 -0.102861
v 0.042090 1.743890 -0.033958
v 0.045536 1.749265 -0.042063
v 0.047015 1.753755 -0.030801
v 0.046101 1.748045 -0.023810
v 0.049663 1.751111 -0.014587
v 0.053682 1.757404 0.008605
v 0.050392 1.753119 0.026599
v 0.018961 1.701808 -0.032517
v 0.017713 1.721136 -0.040354
v 0.024083 1.761140 -0.106179
v 0.015552 1.763197 -0.111363
v 0.015282 1.761330 -0.109433
v 0.057548 1.879812 -0.044908
v 0.045781 1.760233 0.035402
v 0.049733 1.774200 0.017214
v 0.013247 1.933239 -0.063204
v 0.025313 1.929026 -0.062367
v 0.012919 1.935572 0.005836
v 0.012969 1.924887 0.036689
v 0.025860 1.922646 0.033909
v 0.025326 1.932529 0.003501
v 0.013086 1.906513 0.056031
v 0.025323 1.904358 0.053186
v 0.024410 1.934357 -0.030612
v 0.012342 1.938067 -0.029730
v 0.012702 1.885536 0.067210
v 0.024476 1.883191 0.064092
v 0.011963 1.862302 0.072342
v 0.023513 1.860242 0.068577
v 0.022232 1.837582 0.066740
v 0.011277 1.839398 0.070483
v 0.010515 1.816631 0.060497
v 0.020787 1.815422 0.058508
v 0.009662 1.772384 0.057769
v 0.019614 1.770644 0.056098
v 0.010216 1.795618 0.054476
v 0.020416 1.793395 0.052823
v 0.035882 1.922618 -0.060216
v 0.044924 1.914329 -0.056999
v 0.045777 1.910959 0.022542
v 0.036984 1.917769 0.028826
v 0.037073 1.900216 0.047697
v 0.046475 1.894603 0.040319
v 0.044231 1.919152 -0.003353
v 0.035552 1.926943 0.000243
v 0.044620 1.919347 -0.030713
v 0.035321 1.927859 -0.030902
v 0.045326 1.875099 0.050384
v 0.036004 1.879566 0.058216
v 0.034283 1.857398 0.062261
v 0.042736 1.854134 0.053995
v 0.039759 1.832748 0.052076
v 0.032206 1.835155 0.060193
v 0.030540 1.813132 0.053093
v 0.038205 1.811246 0.045497
v 0.030408 1.790436 0.048324
v 0.038642 1.765507 0.045153
v 0.029660 1.768297 0.051983
v 0.050772 1.908395 -0.008216
v 0.051832 1.901806 0.014888
v 0.055703 1.890016 0.005528
v 0.055142 1.894621 -0.015629
v 0.055337 1.894375 -0.037485
v 0.051452 1.908101 -0.032118
v 0.051543 1.869810 0.041368
v 0.052747 1.887503 0.031702
v 0.044876 1.830447 0.042637
v 0.048463 1.850389 0.044440
v 0.043080 1.810624 0.036970
v 0.057509 1.869284 0.012372
v 0.048431 1.828612 0.033116
v 0.051082 1.827446 0.023778
v 0.053775 1.842662 0.024395
v 0.051902 1.846524 0.034623
v 0.056101 1.857016 0.021385
v 0.054865 1.863705 0.031638
v 0.056176 1.878759 0.022017
v 0.047680 1.796019 0.016895
v 0.048927 1.811929 0.020555
v 0.046109 1.810801 0.028605
v 0.070278 1.845259 -0.006208
v 0.069585 1.851224 -0.014487
v 0.068924 1.849323 -0.023258
v 0.069930 1.849507 -0.014945
v -0.000005 1.745718 -0.114070
v -0.000000 1.761593 -0.114815
v -0.000000 1.793540 -0.135914
v -0.000000 1.832194 -0.128980
v -0.000000 1.922984 -0.090125
v -0.013918 1.718729 -0.097087
v -0.021317 1.723632 -0.090306
v -0.014802 1.721861 -0.081721
v -0.054063 1.822547 -0.084173
v -0.055175 1.818048 -0.074750
v -0.051315 1.813955 -0.088347
v -0.048699 1.823315 -0.092237
v -0.007717 1.833511 -0.118804
v -0.008263 1.836495 -0.117524
v -0.008888 1.835532 -0.114516
v -0.014610 1.829664 -0.107783
v -0.014142 1.826357 -0.109408
v -0.010870 1.829497 -0.112336
v -0.022716 1.765485 -0.104384
v -0.022536 1.763353 -0.105713
v -0.023013 1.765188 -0.104385
v -0.023678 1.763711 -0.105601
v -0.023316 1.765956 -0.106232
v -0.025925 1.768681 -0.108219
v -0.029487 1.768720 -0.105585
v -0.026347 1.767139 -0.105266
v -0.020683 1.762829 -0.107778
v -0.020587 1.763120 -0.107464
v -0.056056 1.801687 -0.029359
v -0.056817 1.794217 -0.022287
v -0.054753 1.792618 -0.023369
v -0.059895 1.803081 -0.024114
v -0.059992 1.797286 -0.024039
v -0.058017 1.802887 -0.027386
v -0.061639 1.831408 -0.025704
v -0.062792 1.835399 -0.025932
v -0.062084 1.833227 -0.022515
v -0.064204 1.841251 -0.025373
v -0.067176 1.846118 -0.021032
v -0.066554 1.843944 -0.019754
v -0.060350 1.805996 -0.006052
v -0.057864 1.811204 -0.004753
v -0.056232 1.803628 -0.007840
v -0.068347 1.830543 -0.007294
v -0.067354 1.825864 -0.005658
v -0.066230 1.824285 -0.007826
v -0.064366 1.824702 -0.009652
v -0.061087 1.827222 -0.014094
v -0.066609 1.829549 -0.009375
v -0.061989 1.818108 -0.012244
v -0.057084 1.808156 -0.029826
v -0.056654 1.811323 -0.032550
v -0.057601 1.819183 -0.033027
v -0.058641 1.820261 -0.030869
v -0.057620 1.813813 -0.030712
v -0.056548 1.819206 -0.023056
v -0.057614 1.815589 -0.024881
v -0.058505 1.820148 -0.025210
v -0.068459 1.841946 -0.008800
v -0.068116 1.840256 -0.009598
v -0.067266 1.842408 -0.013332
v -0.064825 1.841924 -0.020721
v -0.024927 1.731012 -0.071992
v -0.052014 1.782035 -0.022491
v -0.050687 1.780207 -0.033108
v -0.052744 1.787436 -0.025818
v -0.007358 1.837049 -0.120239
v -0.015892 1.763846 -0.112649
v -0.016096 1.765044 -0.115148
v -0.020839 1.765391 -0.108007
v -0.049061 1.763174 -0.024594
v -0.051043 1.762712 -0.011825
v -0.048544 1.757368 -0.020203
v -0.052778 1.755650 -0.006181
v -0.052601 1.768600 -0.000408
v -0.020838 1.761490 -0.108127
v -0.020843 1.762383 -0.107863
v -0.022620 1.762903 -0.105754
v -0.017186 1.758965 -0.113679
v -0.016832 1.760263 -0.113895
v -0.029237 1.732093 -0.080318
v -0.039147 1.788295 0.039462
v -0.045673 1.780903 0.027332
v -0.043538 1.793768 0.030709
v -0.050218 1.894678 -0.075686
v -0.043964 1.895063 -0.091205
v -0.044667 1.905032 -0.078698
v -0.059550 1.837510 -0.030221
v -0.057399 1.833235 -0.033312
v -0.057179 1.840578 -0.026838
v -0.062611 1.800228 -0.019852
v -0.063392 1.805507 -0.018599
v -0.064151 1.801848 -0.015584
v -0.054331 1.793115 -0.015100
v -0.065858 1.843808 -0.028343
v -0.063135 1.835418 -0.028678
v -0.062818 1.838075 -0.030318
v -0.065133 1.846060 -0.028231
v -0.069275 1.844382 -0.008193
v -0.068673 1.839867 -0.005109
v -0.065616 1.843326 -0.026967
v -0.063914 1.838632 -0.027301
v -0.064036 1.839655 -0.022368
v -0.062934 1.836514 -0.023631
v -0.045630 1.794783 0.024057
v -0.023824 1.790614 -0.110822
v -0.021726 1.797471 -0.112390
v -0.029035 1.792705 -0.109938
v -0.018062 1.793127 -0.114253
v -0.018270 1.798287 -0.115667
v -0.004965 1.794252 -0.127443
v -0.008368 1.792431 -0.124123
v -0.005849 1.791577 -0.124910
v -0.006438 1.796721 -0.129078
v -0.013511 1.799871 -0.128005
v -0.014031 1.801761 -0.126745
v -0.015494 1.799097 -0.123519
v -0.051156 1.904060 -0.054854
v -0.054030 1.893137 -0.058006
v -0.023804 1.763709 -0.102213
v -0.029981 1.759818 -0.095846
v -0.022738 1.767643 -0.102819
v -0.011422 1.793667 -0.124238
v -0.009160 1.790045 -0.121128
v -0.064673 1.816623 -0.010009
v -0.057754 1.843788 -0.020833
v -0.056639 1.844783 -0.019550
v -0.059259 1.827132 -0.023476
v -0.060410 1.827578 -0.026021
v -0.066328 1.835084 -0.011555
v -0.066943 1.832748 -0.010075
v -0.061373 1.835349 -0.001310
v -0.065065 1.835316 0.000957
v -0.065195 1.845001 -0.003449
v -0.057916 1.792376 -0.016886
v -0.056161 1.793698 -0.014969
v -0.064816 1.836071 -0.015518
v -0.042738 1.837370 -0.101119
v -0.040880 1.838770 -0.105020
v -0.041946 1.839255 -0.105406
v -0.053340 1.794604 -0.031996
v -0.054216 1.801493 -0.035012
v -0.058795 1.829716 -0.032117
v -0.060141 1.846841 -0.023139
v -0.060607 1.808882 -0.019927
v -0.060894 1.807111 -0.022539
v -0.041670 1.836480 -0.100609
v -0.043451 1.835133 -0.098613
v -0.040240 1.838575 -0.104477
v -0.039798 1.838181 -0.104325
v -0.058428 1.809560 -0.027683
v -0.021857 1.760967 -0.106834
v -0.056525 1.814367 -0.020950
v -0.018215 1.848114 -0.122543
v -0.012398 1.843579 -0.121328
v -0.007479 1.843026 -0.123957
v -0.012834 1.850158 -0.126414
v -0.023073 1.840695 -0.078884
v -0.020888 1.838735 -0.067896
v -0.019109 1.837239 -0.100182
v -0.023224 1.839071 -0.102430
v -0.011956 1.836505 -0.108817
v -0.011167 1.833365 -0.109943
v -0.010323 1.838983 -0.113185
v -0.040935 1.834605 -0.100557
v -0.036547 1.830841 -0.104653
v -0.035425 1.832183 -0.097735
v -0.039524 1.835459 -0.094470
v -0.017044 1.836950 -0.074951
v -0.016825 1.835979 -0.074507
v -0.016677 1.834609 -0.097875
v -0.016944 1.835645 -0.098495
v -0.019789 1.833148 -0.098497
v -0.019841 1.834100 -0.074378
v -0.025627 1.832761 -0.072133
v -0.026851 1.830890 -0.099950
v -0.021184 1.765822 -0.110515
v -0.017727 1.757197 -0.112720
v -0.016439 1.770698 -0.119879
v -0.020747 1.768572 -0.114746
v -0.020857 1.766711 -0.112761
v -0.016963 1.768492 -0.118694
v -0.060719 1.812546 -0.015990
v -0.063999 1.810428 -0.013881
v -0.057846 1.811681 -0.023810
v -0.060573 1.829699 -0.020180
v -0.066424 1.839601 -0.014732
v -0.068283 1.833839 -0.005197
v -0.068847 1.835091 -0.003383
v -0.068494 1.835129 -0.008385
v -0.067904 1.838050 -0.010611
v -0.068248 1.837646 -0.006039
v -0.068280 1.844732 -0.013201
v -0.037506 1.840026 -0.108236
v -0.033123 1.841244 -0.110300
v -0.033133 1.841487 -0.111244
v -0.037987 1.840112 -0.109084
v -0.043772 1.841406 -0.105074
v -0.045622 1.838419 -0.098809
v -0.016192 1.833613 -0.105049
v -0.015832 1.835213 -0.105479
v -0.015525 1.838322 -0.107430
v -0.016800 1.837922 -0.106667
v -0.014872 1.835181 -0.105817
v -0.013556 1.835358 -0.106824
v -0.056696 1.819684 -0.037063
v -0.056476 1.819231 -0.044569
v -0.057837 1.834209 -0.041479
v -0.057038 1.733655 0.006275
v -0.055191 1.742882 0.016517
v -0.025676 1.766063 -0.104925
v -0.067683 1.824105 -0.003746
v -0.066759 1.823911 -0.001550
v -0.064739 1.813887 -0.005040
v -0.065471 1.814752 -0.008003
v -0.060602 1.829056 -0.030609
v -0.058563 1.814861 -0.026951
v -0.058915 1.810868 -0.025837
v -0.069413 1.834874 -0.001957
v -0.067982 1.835462 -0.000110
v -0.064246 1.824982 0.000046
v -0.060733 1.825661 -0.000379
v -0.059616 1.818158 -0.002169
v -0.062503 1.815647 -0.002939
v -0.064789 1.807636 -0.011416
v -0.063469 1.804830 -0.007981
v -0.062273 1.796780 -0.012847
v -0.061276 1.794368 -0.018597
v -0.061204 1.828753 -0.028609
v -0.059408 1.820189 -0.027495
v -0.048466 1.847915 -0.104074
v -0.041229 1.850583 -0.114064
v -0.041372 1.856305 -0.113713
v -0.048708 1.851803 -0.101662
v -0.039942 1.836713 -0.094591
v -0.017633 1.835546 -0.070985
v -0.017469 1.834144 -0.097873
v -0.000000 1.727413 -0.114420
v -0.000000 1.815903 -0.139807
v 0.000006 1.729572 -0.061428
v -0.000000 1.716858 -0.099628
v -0.000000 1.792202 -0.131705
v -0.000000 1.790998 -0.128554
v -0.000000 1.783630 -0.125361
v -0.000000 1.749894 -0.115905
v -0.000000 1.839580 -0.122817
v -0.000000 1.757821 -0.120953
v -0.000000 1.763101 -0.117955
v -0.000000 1.755533 -0.120261
v -0.000000 1.762652 -0.119808
v -0.000000 1.891035 -0.117697
v -0.000000 1.803590 -0.144946
v -0.000000 1.808629 -0.142991
v -0.000000 1.854965 -0.123913
v 0.000004 1.766159 -0.117712
v -0.000000 1.765147 -0.119690
v -0.000000 1.765768 -0.121987
v -0.000000 1.939150 -0.029426
v -0.000000 1.934485 -0.063248
v 0.000000 1.840012 0.071778
v 0.000000 1.862968 0.073630
v 0.000000 1.772818 0.057274
v 0.000000 1.925158 0.037366
v 0.000000 1.816694 0.060542
v -0.049908 1.785359 -0.051079
v -0.051080 1.789462 -0.038964
v -0.049922 1.775573 -0.047099
v -0.054557 1.728889 -0.001867
v -0.049804 1.724758 -0.009302
v -0.047545 1.738473 -0.016391
v -0.043104 1.719848 -0.016458
v -0.041366 1.734388 -0.024653
v -0.052215 1.741690 -0.008394
v -0.055074 1.746288 -0.000290
v -0.049879 1.767066 -0.042323
v -0.048738 1.759592 -0.036910
v -0.048218 1.755190 -0.048965
v -0.048939 1.762574 -0.055199
v -0.058113 1.864728 -0.051602
v -0.058210 1.849212 -0.055961
v -0.055125 1.849224 -0.078507
v -0.055097 1.865306 -0.072513
v -0.057975 1.864904 -0.011463
v -0.058685 1.865801 -0.030668
v -0.057726 1.880163 -0.023733
v -0.057714 1.877359 -0.003660
v -0.004285 1.720583 -0.043055
v -0.009515 1.720713 -0.042271
v -0.010897 1.697825 -0.035997
v -0.005054 1.695697 -0.037742
v -0.052008 1.796001 -0.001395
v -0.050661 1.786700 0.005929
v -0.052262 1.781483 -0.006612
v -0.052573 1.807253 0.001516
v -0.050006 1.800814 0.009049
v -0.048643 1.771712 -0.059760
v -0.048508 1.782562 -0.063431
v -0.049827 1.770868 -0.029050
v -0.006583 1.728269 -0.113733
v -0.014404 1.730518 -0.110510
v -0.014488 1.723717 -0.106526
v -0.006726 1.721207 -0.109213
v -0.022815 1.735885 -0.103675
v -0.022668 1.728099 -0.099275
v -0.006373 1.738317 -0.113980
v -0.006679 1.717231 -0.099136
v -0.006249 1.719315 -0.083222
v -0.011105 1.816875 -0.119984
v -0.010411 1.824358 -0.116387
v -0.015343 1.821871 -0.111865
v -0.018135 1.814338 -0.114405
v -0.043555 1.791596 -0.092828
v -0.037827 1.791574 -0.103474
v -0.035622 1.801286 -0.105074
v -0.043664 1.801258 -0.096277
v -0.049055 1.802720 -0.083584
v -0.043763 1.810661 -0.100015
v -0.054714 1.832793 -0.082680
v -0.056874 1.833017 -0.073756
v -0.038248 1.781527 -0.100794
v -0.043535 1.781274 -0.089411
v -0.004125 1.823332 -0.133498
v -0.004745 1.815071 -0.138056
v -0.024064 1.889484 -0.113854
v -0.033342 1.887567 -0.108651
v -0.031270 1.874729 -0.113699
v -0.022435 1.875096 -0.118537
v -0.005093 1.729840 -0.060691
v -0.047153 1.781142 -0.076048
v -0.046473 1.769308 -0.072924
v -0.030849 1.735900 -0.087773
v -0.037478 1.744255 -0.078309
v -0.036577 1.739491 -0.070229
v -0.029465 1.734403 -0.049796
v -0.033739 1.737296 -0.061550
v -0.041298 1.743462 -0.052989
v -0.036708 1.738363 -0.043272
v -0.005670 1.808238 -0.141398
v -0.008275 1.812487 -0.131838
v -0.009511 1.806530 -0.134890
v -0.019267 1.805309 -0.115443
v -0.028005 1.802944 -0.111181
v -0.028645 1.765687 -0.104447
v -0.013648 1.792687 -0.120544
v -0.013372 1.791179 -0.118844
v -0.010331 1.786654 -0.120819
v -0.013810 1.789336 -0.117147
v -0.015284 1.786700 -0.116744
v -0.003051 1.792890 -0.130373
v -0.003056 1.791477 -0.127539
v -0.020083 1.788824 -0.113503
v -0.005697 1.799727 -0.142259
v -0.010122 1.800277 -0.135733
v -0.009387 1.796984 -0.133639
v -0.005017 1.796311 -0.138884
v -0.029495 1.751113 -0.100833
v -0.021737 1.745155 -0.106154
v -0.020694 1.752741 -0.108919
v -0.026965 1.757886 -0.104667
v -0.028866 1.773465 -0.109384
v -0.025171 1.773359 -0.113136
v -0.003487 1.788801 -0.125961
v -0.004483 1.783518 -0.125126
v -0.006807 1.820210 -0.127811
v -0.016575 1.801806 -0.119643
v -0.016915 1.798387 -0.119621
v -0.016250 1.800704 -0.121819
v -0.006304 1.788160 -0.124094
v -0.016212 1.794262 -0.117873
v -0.005577 1.777394 -0.124596
v -0.006418 1.772433 -0.124443
v -0.026435 1.781915 -0.110751
v -0.023148 1.781849 -0.114078
v -0.012901 1.753034 -0.114518
v -0.013211 1.749095 -0.112444
v -0.006083 1.746914 -0.113973
v -0.005647 1.750212 -0.115795
v -0.023550 1.766645 -0.107237
v -0.013717 1.804377 -0.126078
v -0.019044 1.756380 -0.110906
v -0.053300 1.844022 -0.088570
v -0.051317 1.841675 -0.093259
v -0.040967 1.872603 -0.105066
v -0.040054 1.861603 -0.110034
v -0.031195 1.863127 -0.118139
v -0.049586 1.868837 -0.091670
v -0.048573 1.857375 -0.097444
v -0.032465 1.857030 -0.120543
v -0.032814 1.850937 -0.118816
v -0.020057 1.844939 -0.115660
v -0.019806 1.846487 -0.119184
v -0.026145 1.847057 -0.118713
v -0.026351 1.845195 -0.115841
v -0.006879 1.827853 -0.122717
v -0.004135 1.831232 -0.127763
v -0.004104 1.835223 -0.123889
v -0.024610 1.811984 -0.110335
v -0.020501 1.819387 -0.109055
v -0.030861 1.817833 -0.106687
v -0.034168 1.810321 -0.106965
v -0.044673 1.827486 -0.095125
v -0.047289 1.833624 -0.092520
v -0.051103 1.832791 -0.088554
v -0.039663 1.846607 -0.112087
v -0.032565 1.846988 -0.116592
v -0.046171 1.844212 -0.104879
v -0.048478 1.839787 -0.096504
v -0.045039 1.834413 -0.095687
v -0.036209 1.838912 -0.101035
v -0.037100 1.839563 -0.107850
v -0.038596 1.837902 -0.097649
v -0.032646 1.839736 -0.103173
v -0.033070 1.840596 -0.109997
v -0.027899 1.840995 -0.110189
v -0.028004 1.839967 -0.103536
v -0.027614 1.841777 -0.110346
v -0.022421 1.839953 -0.108805
v -0.017884 1.837461 -0.106735
v -0.021594 1.840701 -0.108770
v -0.020685 1.841181 -0.109660
v -0.027260 1.842223 -0.111300
v -0.042246 1.832669 -0.099391
v -0.036537 1.836275 -0.068559
v -0.038518 1.837430 -0.071778
v -0.032738 1.844127 -0.114843
v -0.038595 1.840669 -0.110211
v -0.039106 1.843163 -0.111310
v -0.027595 1.824673 -0.106286
v -0.027632 1.826999 -0.107857
v -0.037371 1.828593 -0.104178
v -0.037476 1.826065 -0.102301
v -0.019494 1.829568 -0.107381
v -0.018873 1.826908 -0.107164
v -0.015457 1.833076 -0.105935
v -0.016681 1.831713 -0.106546
v -0.013743 1.832613 -0.107303
v -0.027371 1.829290 -0.107286
v -0.017351 1.832922 -0.105240
v -0.019821 1.831608 -0.106295
v -0.014120 1.842750 -0.114119
v -0.014499 1.839804 -0.109396
v -0.034050 1.833094 -0.073979
v -0.005410 1.839800 -0.122711
v -0.018857 1.823835 -0.107883
v -0.010121 1.839732 -0.117042
v -0.015436 1.764022 -0.111097
v -0.020509 1.765291 -0.106574
v -0.006881 1.767949 -0.122964
v -0.006923 1.770196 -0.124023
v -0.012008 1.768345 -0.120942
v -0.011435 1.766117 -0.119286
v -0.006288 1.766447 -0.121198
v -0.016744 1.766694 -0.117155
v -0.011947 1.769826 -0.122413
v -0.010748 1.772241 -0.123282
v -0.010679 1.764448 -0.117176
v -0.005029 1.765655 -0.119317
v -0.024909 1.766523 -0.105375
v -0.016162 1.762463 -0.113305
v -0.015914 1.763035 -0.112683
v -0.016554 1.761388 -0.113768
v -0.011736 1.758687 -0.117991
v -0.011190 1.760422 -0.118115
v -0.004886 1.760016 -0.120575
v -0.004765 1.761953 -0.120116
v -0.010741 1.762149 -0.117707
v -0.005100 1.757936 -0.120441
v -0.020400 1.762914 -0.106720
v -0.020778 1.762826 -0.104983
v -0.004501 1.763256 -0.117437
v -0.004268 1.761647 -0.114231
v -0.005350 1.755731 -0.119842
v -0.005483 1.753466 -0.118414
v -0.004724 1.762878 -0.119381
v -0.010512 1.763033 -0.116959
v -0.012538 1.755169 -0.116447
v -0.012197 1.756897 -0.117572
v -0.010250 1.764639 -0.115275
v -0.010162 1.763264 -0.115164
v -0.009905 1.761811 -0.112501
v -0.014546 1.767588 -0.110955
v -0.010393 1.768429 -0.113642
v -0.004765 1.766182 -0.117269
v -0.005633 1.768923 -0.115013
v -0.016458 1.779233 -0.108949
v -0.057390 1.825919 0.000845
v -0.057947 1.833761 0.000428
v -0.056586 1.835832 0.005683
v -0.055792 1.826658 0.006049
v -0.058581 1.849717 -0.034827
v -0.057259 1.852639 -0.017206
v -0.054966 1.810920 -0.003240
v -0.053779 1.802089 -0.006140
v -0.056329 1.818471 -0.000789
v -0.054162 1.817131 0.004390
v -0.058733 1.795856 -0.011290
v -0.056727 1.797272 -0.010998
v -0.068546 1.847072 -0.015320
v -0.068966 1.848601 -0.014995
v -0.055589 1.809919 -0.036934
v -0.065463 1.853014 -0.021190
v -0.068008 1.851299 -0.022985
v -0.062615 1.847141 -0.026378
v -0.062785 1.851838 -0.018289
v -0.064361 1.851473 -0.011390
v -0.067375 1.852997 -0.013286
v -0.068288 1.846471 -0.004740
v -0.070291 1.844310 -0.007169
v -0.067860 1.847895 -0.022748
v -0.060668 1.843582 -0.006903
v -0.057945 1.841507 -0.003554
v -0.059679 1.846024 -0.013741
v -0.057544 1.845190 -0.010774
v -0.014404 1.905932 -0.107506
v -0.013551 1.890683 -0.116604
v -0.012675 1.874089 -0.121724
v -0.022529 1.861966 -0.122668
v -0.003845 1.793881 -0.134310
v -0.006023 1.803571 -0.142977
v -0.012454 1.858169 -0.125788
v -0.004461 1.837588 -0.122926
v -0.025694 1.903149 -0.105225
v -0.023977 1.855641 -0.124503
v -0.025741 1.850306 -0.121480
v -0.026812 1.843266 -0.112704
v -0.020061 1.842633 -0.111417
v -0.027001 1.841363 -0.079990
v -0.035178 1.899460 -0.100169
v -0.036261 1.912357 -0.084124
v -0.033012 1.842144 -0.112529
v -0.042807 1.884347 -0.099228
v -0.030270 1.841026 -0.075983
v -0.050424 1.881462 -0.084812
v -0.035407 1.839012 -0.071310
v -0.034610 1.840079 -0.077663
v -0.014181 1.843672 -0.118102
v -0.051071 1.773482 -0.016624
v -0.057358 1.850479 -0.005351
v -0.057507 1.859910 0.003587
v -0.055176 1.839166 0.014843
v -0.053620 1.826835 0.014964
v -0.057173 1.844579 0.002135
v -0.056563 1.850698 0.011744
v -0.051766 1.814071 0.012836
v -0.011510 1.730495 -0.058769
v -0.020798 1.731905 -0.054982
v -0.044019 1.748260 -0.060928
v -0.055089 1.879715 -0.065608
v -0.014470 1.921572 -0.089614
v -0.026447 1.917935 -0.087879
v -0.044197 1.755716 -0.070360
v -0.009349 1.776952 -0.123912
v -0.020199 1.774306 -0.117218
v -0.007792 1.782760 -0.123985
v -0.012541 1.781400 -0.121264
v -0.014751 1.775733 -0.121236
v -0.032050 1.773632 -0.105121
v -0.032601 1.768022 -0.103087
v -0.052973 1.789909 -0.012563
v -0.052412 1.798391 -0.042133
v -0.054329 1.807716 -0.044148
v -0.058256 1.833645 -0.057619
v -0.056457 1.818591 -0.058251
v -0.042988 1.830149 -0.097186
v -0.053165 1.806064 -0.056495
v -0.050873 1.795455 -0.054046
v -0.012499 1.809356 -0.122982
v -0.015153 1.795486 -0.121367
v -0.013028 1.796618 -0.126300
v -0.031302 1.781871 -0.107513
v -0.042691 1.770014 -0.086669
v -0.037831 1.772005 -0.098379
v -0.040507 1.759537 -0.085870
v -0.047464 1.792185 -0.079492
v -0.030928 1.742861 -0.094751
v -0.036582 1.750593 -0.088675
v -0.041016 1.818974 -0.100788
v -0.038536 1.823313 -0.101127
v -0.036673 1.764031 -0.097339
v -0.034086 1.757270 -0.097964
v -0.013789 1.740829 -0.111287
v -0.028642 1.821940 -0.106052
v -0.010024 1.803141 -0.135898
v -0.051839 1.804459 -0.070005
v -0.049428 1.793347 -0.066614
v -0.009020 1.839777 -0.120276
v -0.018199 1.781398 -0.117489
v -0.018733 1.767307 -0.107098
v -0.027967 1.707565 -0.027514
v -0.035925 1.713917 -0.022267
v -0.034635 1.728791 -0.031471
v -0.026921 1.723845 -0.036605
v -0.031625 1.763936 -0.102653
v -0.042088 1.743890 -0.033958
v -0.045527 1.749265 -0.042063
v -0.047013 1.753755 -0.030802
v -0.046101 1.748045 -0.023810
v -0.049663 1.751111 -0.014587
v -0.053682 1.757404 0.008605
v -0.050392 1.753119 0.026599
v -0.018961 1.701808 -0.032517
v -0.017713 1.721136 -0.040354
v -0.024707 1.761144 -0.106164
v -0.015552 1.763163 -0.111339
v -0.015282 1.761334 -0.109436
v -0.057548 1.879812 -0.044908
v -0.045781 1.760233 0.035403
v -0.049733 1.774200 0.017214
v -0.013247 1.933239 -0.063204
v -0.025313 1.929026 -0.062367
v -0.012919 1.935572 0.005836
v -0.012969 1.924888 0.036689
v -0.025860 1.922646 0.033909
v -0.025326 1.932529 0.003501
v -0.013086 1.906513 0.056031
v -0.025323 1.904358 0.053186
v -0.024410 1.934357 -0.030612
v -0.012342 1.938067 -0.029730
v -0.012702 1.885536 0.067210
v -0.024476 1.883191 0.064092
v -0.011963 1.862302 0.072342
v -0.023513 1.860242 0.068577
v -0.022232 1.837582 0.066740
v -0.011277 1.839398 0.070483
v -0.010515 1.816631 0.060497
v -0.020787 1.815422 0.058508
v -0.009661 1.772384 0.057769
v -0.019614 1.770643 0.056098
v -0.010216 1.795618 0.054476
v -0.020416 1.793395 0.052823
v -0.035882 1.922618 -0.060216
v -0.044924 1.914329 -0.056999
v -0.045777 1.910959 0.022542
v -0.036984 1.917769 0.028826
v -0.037073 1.900216 0.047697
v -0.046475 1.894603 0.040319
v -0.044231 1.919152 -0.003353
v -0.035552 1.926943 0.000243
v -0.044620 1.919347 -0.030713
v -0.035321 1.927859 -0.030902
v -0.045326 1.875099 0.050384
v -0.036004 1.879566 0.058216
v -0.034283 1.857398 0.062261
v -0.042736 1.854134 0.053995
v -0.039759 1.832748 0.052076
v -0.032206 1.835155 0.060194
v -0.030540 1.813132 0.053093
v -0.038205 1.811246 0.045497
v -0.030408 1.790437 0.048324
v -0.038641 1.765507 0.045153
v -0.029660 1.768297 0.051983
v -0.050773 1.908395 -0.008216
v -0.051831 1.901806 0.014888
v -0.055703 1.890015 0.005528
v -0.055142 1.894621 -0.015629
v -0.055337 1.894375 -0.037485
v -0.051452 1.908101 -0.032118
v -0.051543 1.869810 0.041368
v -0.052747 1.887503 0.031702
v -0.044876 1.830447 0.042637
v -0.048463 1.850389 0.044440
v -0.043080 1.810624 0.036970
v -0.057509 1.869284 0.012372
v -0.048431 1.828612 0.033116
v -0.051082 1.827446 0.023778
v -0.053775 1.842662 0.024395
v -0.051902 1.846524 0.034623
v -0.056101 1.857016 0.021385
v -0.054865 1.863705 0.031638
v -0.056176 1.878759 0.022017
v -0.047680 1.796019 0.016895
v -0.048927 1.811929 0.020555
v -0.046109 1.810802 0.028605
v -0.070278 1.845259 -0.006208
v -0.069585 1.851224 -0.014487
v -0.068924 1.849323 -0.023258
v -0.069930 1.849507 -0.014945
v -0.000000 1.694982 -0.038396
v -0.000000 1.753114 -0.118732
v -0.000000 1.907168 -0.108248

vt 0.105327 -0.021660 0.000000
vt 0.158209 -0.021660 0.000000
vt 0.104777 -0.048847 0.000000
vt 0.380099 -0.201908 0.000000
vt 0.317542 -0.199382 0.000000
vt 0.336684 -0.109177 0.000000
vt 0.240019 -0.035944 0.000000
vt 0.158940 -0.122382 0.000000
vt 0.150565 -0.199603 0.000000
vt 0.128274 -0.199717 0.000000
vt 0.022045 -0.027156 0.000000
vt 0.094876 -0.417446 0.000000
vt 0.089914 -0.010624 0.000000
vt 0.072883 -0.459006 0.000000
vt 0.027009 -0.091121 0.000000
vt 0.024885 -0.347611 0.000000
vt 0.398045 -0.415909 0.000000
vt 0.475635 -0.020754 0.000000
vt 0.415115 -0.459191 0.000000
vt 0.395282 -0.007904 0.000000
vt 0.370955 -0.359550 0.000000
vt 0.466902 -0.329917 0.000000
vt 0.450904 -0.087448 0.000000
vt 0.107358 -0.357989 0.000000
vt 0.373220 -0.048011 0.000000
vt 0.240212 -0.419219 0.000000
vt 0.334338 -0.390745 0.000000
vt 0.334338 -0.419219 0.000000
vt 0.146086 -0.419219 0.000000
vt 0.146086 -0.390745 0.000000
vt 0.319942 -0.021660 0.000000
vt 0.373153 -0.021660 0.000000
vt 0.323486 -0.257457 0.000000
vt 0.157135 -0.257389 0.000000
vt 0.144996 -0.279743 0.000000
vt 0.336844 -0.279349 0.000000
vt 0.146086 -0.455347 0.000000
vt 0.334338 -0.455347 0.000000
vt 0.240160 -0.021660 0.000000
vt 0.744181 -0.955809 0.000000
vt 0.787172 -0.955809 0.000000
vt 0.787172 -0.521989 0.000000
vt 0.744181 -0.521989 0.000000
vt 0.841113 -0.955809 0.000000
vt 0.841113 -0.521989 0.000000
vt 0.875987 -0.955808 0.000000
vt 0.875987 -0.521989 0.000000
vt 0.954442 -0.955809 0.000000
vt 0.954442 -0.521989 0.000000
vt 0.977497 -0.955809 0.000000
vt 0.992040 -0.521989 0.000000
vt 0.513624 -0.955809 0.000000
vt 0.560792 -0.955809 0.000000
vt 0.560792 -0.521989 0.000000
vt 0.513624 -0.521989 0.000000
vt 0.616354 -0.955809 0.000000
vt 0.616354 -0.521989 0.000000
vt 0.656934 -0.955809 0.000000
vt 0.656934 -0.521989 0.000000
vt 0.699720 -0.955809 0.000000
vt 0.699720 -0.521989 0.000000
vt 0.732615 -0.456746 0.000000
vt 0.698226 -0.456746 0.000000
vt 0.699841 -0.053936 0.000000
vt 0.731902 -0.053936 0.000000
vt 0.671135 -0.456746 0.000000
vt 0.672696 -0.053936 0.000000
vt 0.637361 -0.456746 0.000000
vt 0.638127 -0.053936 0.000000
vt 0.569071 -0.456746 0.000000
vt 0.569042 -0.053936 0.000000
vt 0.495656 -0.456746 0.000000
vt 0.496295 -0.053936 0.000000
vt 0.978308 -0.456746 0.000000
vt 0.895611 -0.456746 0.000000
vt 0.897087 -0.053936 0.000000
vt 0.971228 -0.053936 0.000000
vt 0.825557 -0.456746 0.000000
vt 0.826428 -0.053936 0.000000
vt 0.793847 -0.456746 0.000000
vt 0.793682 -0.053936 0.000000
vt 0.764415 -0.456746 0.000000
vt 0.764374 -0.053936 0.000000
vt 0.054104 -0.579400 0.000000
vt 0.021503 -0.517497 0.000000
vt 0.021503 -0.958025 0.000000
vt 0.021503 -0.609573 0.000000
vt 0.021503 -0.914087 0.000000
vt 0.476148 -0.603915 0.000000
vt 0.476148 -0.914087 0.000000
vt 0.476148 -0.516135 0.000000
vt 0.476148 -0.958025 0.000000
vt 0.438449 -0.559902 0.000000
vt 0.131073 -0.697430 0.000000
vt 0.137382 -0.616660 0.000000
vt 0.075912 -0.657857 0.000000
vt 0.407220 -0.645858 0.000000
vt 0.354414 -0.611992 0.000000
vt 0.347573 -0.696458 0.000000
vt 0.094728 -0.542493 0.000000
vt 0.139475 -0.566528 0.000000
vt 0.111615 -0.516667 0.000000
vt 0.021503 -0.971312 0.000000
vt 0.402456 -0.516667 0.000000
vt 0.476148 -0.971312 0.000000
vt 0.353163 -0.567360 0.000000
vt 0.400014 -0.537055 0.000000
vt 0.022575 -0.841557 0.000000
vt 0.021503 -0.714992 0.000000
vt 0.240050 -0.914087 0.000000
vt 0.243463 -0.851889 0.000000
vt 0.244482 -0.615055 0.000000
vt 0.246968 -0.568842 0.000000
vt 0.114314 -0.735457 0.000000
vt 0.104200 -0.749154 0.000000
vt 0.245110 -0.756648 0.000000
vt 0.245110 -0.744297 0.000000
vt 0.370219 -0.748387 0.000000
vt 0.357753 -0.733539 0.000000
vt 0.443988 -0.683122 0.000000
vt 0.236290 -0.958025 0.000000
vt 0.240050 -0.971312 0.000000
vt 0.248825 -0.516667 0.000000
vt 0.042369 -0.692124 0.000000
vt 0.476148 -0.717756 0.000000
vt 0.472930 -0.841104 0.000000
vt 0.245110 -0.708919 0.000000
vt 0.366125 -0.445859 0.000000
vt 0.330608 -0.012098 0.000000
vt 0.240212 -0.455347 0.000000
vt 0.240028 -0.012391 0.000000
vt 0.126360 -0.443436 0.000000
vt 0.147871 -0.012395 0.000000
vt 0.490139 -0.017378 0.000000
vt 0.243138 -0.316912 0.000000
vt 0.211320 -0.475084 0.000000
vt 0.178319 -0.636331 0.000000
vt 0.051058 -0.955250 0.000000
vt 0.973740 -0.952342 0.000000
vt 0.814005 -0.637781 0.000000
vt 0.778463 -0.476908 0.000000
vt 0.742988 -0.317822 0.000000
vt 0.488393 -0.191522 0.000000
vt 0.315919 -0.347157 0.000000
vt 0.271800 -0.482492 0.000000
vt 0.274802 -0.629132 0.000000
vt 0.497852 -0.886961 0.000000
vt 0.716991 -0.630415 0.000000
vt 0.717505 -0.484152 0.000000
vt 0.669625 -0.348089 0.000000
vt 0.491399 -0.320559 0.000000
vt 0.377864 -0.389848 0.000000
vt 0.338124 -0.489277 0.000000
vt 0.358651 -0.598314 0.000000
vt 0.496292 -0.700267 0.000000
vt 0.632355 -0.599315 0.000000
vt 0.650872 -0.490605 0.000000
vt 0.608244 -0.390730 0.000000
vt 0.493186 -0.414567 0.000000
vt 0.525805 -0.424185 0.000000
vt 0.435948 -0.440560 0.000000
vt 0.461018 -0.423890 0.000000
vt 0.412310 -0.494843 0.000000
vt 0.416507 -0.468118 0.000000
vt 0.431391 -0.552754 0.000000
vt 0.414971 -0.522191 0.000000
vt 0.495292 -0.585277 0.000000
vt 0.458639 -0.574691 0.000000
vt 0.558637 -0.553327 0.000000
vt 0.531857 -0.575055 0.000000
vt 0.576531 -0.495607 0.000000
vt 0.574534 -0.522978 0.000000
vt 0.551384 -0.441083 0.000000
vt 0.571729 -0.468845 0.000000
vt 0.494364 -0.497580 0.000000
vt 0.515877 -0.017378 0.000000
vt 0.745426 -0.316912 0.000000
vt 0.777244 -0.475084 0.000000
vt 0.810244 -0.636331 0.000000
vt 0.966592 -0.952342 0.000000
vt 0.043910 -0.955250 0.000000
vt 0.174559 -0.637781 0.000000
vt 0.210101 -0.476908 0.000000
vt 0.245575 -0.317822 0.000000
vt 0.500171 -0.191522 0.000000
vt 0.672645 -0.347157 0.000000
vt 0.716764 -0.482492 0.000000
vt 0.713762 -0.629132 0.000000
vt 0.490712 -0.886961 0.000000
vt 0.271573 -0.630415 0.000000
vt 0.271059 -0.484152 0.000000
vt 0.318938 -0.348089 0.000000
vt 0.497165 -0.320559 0.000000
vt 0.610700 -0.389848 0.000000
vt 0.650440 -0.489277 0.000000
vt 0.629913 -0.598314 0.000000
vt 0.492272 -0.700267 0.000000
vt 0.356209 -0.599315 0.000000
vt 0.337692 -0.490605 0.000000
vt 0.380319 -0.390730 0.000000
vt 0.495378 -0.414567 0.000000
vt 0.462759 -0.424185 0.000000
vt 0.552616 -0.440560 0.000000
vt 0.527546 -0.423890 0.000000
vt 0.576253 -0.494843 0.000000
vt 0.572056 -0.468118 0.000000
vt 0.557173 -0.552754 0.000000
vt 0.573593 -0.522191 0.000000
vt 0.493272 -0.585277 0.000000
vt 0.529924 -0.574691 0.000000
vt 0.429927 -0.553327 0.000000
vt 0.456707 -0.575055 0.000000
vt 0.412033 -0.495607 0.000000
vt 0.414029 -0.522978 0.000000
vt 0.437180 -0.441083 0.000000
vt 0.416835 -0.468845 0.000000
vt 0.494200 -0.497580 0.000000
vt 0.548704 -0.673439 0.000000
vt 0.451385 -0.673439 0.000000
vt 0.539983 -0.674148 0.000000
vt 0.460106 -0.674148 0.000000
vt 0.459793 -0.829437 0.000000
vt 0.434296 -0.826065 0.000000
vt 0.439941 -0.845001 0.000000
vt 0.217422 -0.500229 0.000000
vt 0.205261 -0.530350 0.000000
vt 0.235367 -0.530228 0.000000
vt 0.243896 -0.485214 0.000000
vt 0.464279 -0.406845 0.000000
vt 0.463974 -0.392715 0.000000
vt 0.458054 -0.400223 0.000000
vt 0.427628 -0.430313 0.000000
vt 0.428879 -0.440247 0.000000
vt 0.447876 -0.425156 0.000000
vt 0.444199 -0.672592 0.000000
vt 0.435165 -0.674835 0.000000
vt 0.444046 -0.674454 0.000000
vt 0.410843 -0.676285 0.000000
vt 0.420593 -0.668091 0.000000
vt 0.372925 -0.659805 0.000000
vt 0.354355 -0.679703 0.000000
vt 0.369812 -0.673447 0.000000
vt 0.443817 -0.680725 0.000000
vt 0.447281 -0.678177 0.000000
vt 0.122696 -0.646851 0.000000
vt 0.105392 -0.680527 0.000000
vt 0.116196 -0.691238 0.000000
vt 0.089691 -0.628281 0.000000
vt 0.092972 -0.658752 0.000000
vt 0.105972 -0.626694 0.000000
vt 0.097900 -0.531128 0.000000
vt 0.100845 -0.504944 0.000000
vt 0.092453 -0.517136 0.000000
vt 0.098358 -0.486588 0.000000
vt 0.083130 -0.466217 0.000000
vt 0.078583 -0.477844 0.000000
vt 0.021896 -0.661636 0.000000
vt 0.004471 -0.664383 0.000000
vt 0.014542 -0.384293 0.000000
vt 0.038620 -0.727234 0.000000
vt 0.043091 -0.529282 0.000000
vt 0.040710 -0.569336 0.000000
vt 0.045776 -0.568512 0.000000
vt 0.049423 -0.566788 0.000000
vt 0.066315 -0.553665 0.000000
vt 0.051239 -0.536682 0.000000
vt 0.053513 -0.585266 0.000000
vt 0.111008 -0.610001 0.000000
vt 0.122696 -0.600220 0.000000
vt 0.122696 -0.553589 0.000000
vt 0.113831 -0.559906 0.000000
vt 0.113663 -0.591324 0.000000
vt 0.091660 -0.576981 0.000000
vt 0.095123 -0.585968 0.000000
vt 0.095169 -0.572113 0.000000
vt 0.047836 -0.486588 0.000000
vt 0.050079 -0.493011 0.000000
vt 0.060013 -0.484222 0.000000
vt 0.084839 -0.485504 0.000000
vt 0.402374 -0.841568 0.000000
vt 0.123901 -0.749573 0.000000
vt 0.152161 -0.723618 0.000000
vt 0.117371 -0.706955 0.000000
vt 0.473373 -0.379761 0.000000
vt 0.459534 -0.661682 0.000000
vt 0.456482 -0.657608 0.000000
vt 0.447418 -0.664246 0.000000
vt 0.174881 -0.815918 0.000000
vt 0.143372 -0.834305 0.000000
vt 0.178040 -0.838470 0.000000
vt 0.158066 -0.852524 0.000000
vt 0.117737 -0.829727 0.000000
vt 0.429291 -0.690720 0.000000
vt 0.436813 -0.685989 0.000000
vt 0.423157 -0.684174 0.000000
vt 0.437836 -0.697418 0.000000
vt 0.445053 -0.693069 0.000000
vt 0.395294 -0.821823 0.000000
vt 0.009399 -0.009171 0.000000
vt 0.003693 -0.850128 0.000000
vt 0.028915 -0.846817 0.000000
vt 0.011642 -0.060089 0.000000
vt 0.003799 -0.828537 0.000000
vt 0.305908 -0.220596 0.000000
vt 0.333420 -0.214478 0.000000
vt 0.330475 -0.195786 0.000000
vt 0.120590 -0.462082 0.000000
vt 0.134140 -0.474960 0.000000
vt 0.099945 -0.418243 0.000000
vt 0.076019 -0.629791 0.000000
vt 0.075333 -0.618378 0.000000
vt 0.069763 -0.626846 0.000000
vt 0.069672 -0.725616 0.000000
vt 0.108246 -0.472366 0.000000
vt 0.106598 -0.510178 0.000000
vt 0.113815 -0.492554 0.000000
vt 0.109451 -0.465927 0.000000
vt 0.046478 -0.479050 0.000000
vt 0.038483 -0.498199 0.000000
vt 0.103836 -0.480103 0.000000
vt 0.101669 -0.496475 0.000000
vt 0.093903 -0.491196 0.000000
vt 0.094223 -0.506943 0.000000
vt 0.011642 -0.114365 0.000000
vt 0.003906 -0.804474 0.000000
vt 0.377411 -0.579407 0.000000
vt 0.383072 -0.545471 0.000000
vt 0.343994 -0.581970 0.000000
vt 0.407059 -0.571198 0.000000
vt 0.398758 -0.543457 0.000000
vt 0.474060 -0.557327 0.000000
vt 0.454514 -0.561783 0.000000
vt 0.469604 -0.566513 0.000000
vt 0.462677 -0.546707 0.000000
vt 0.425568 -0.521271 0.000000
vt 0.424576 -0.516296 0.000000
vt 0.415405 -0.528839 0.000000
vt 0.294556 -0.199387 0.000000
vt 0.278885 -0.228363 0.000000
vt 0.445816 -0.673935 0.000000
vt 0.451385 -0.673439 0.000000
vt 0.445938 -0.672699 0.000000
vt 0.433624 -0.554520 0.000000
vt 0.454300 -0.573105 0.000000
vt 0.049255 -0.589737 0.000000
vt 0.088425 -0.388947 0.000000
vt 0.097015 -0.373947 0.000000
vt 0.088440 -0.551086 0.000000
vt 0.097275 -0.539795 0.000000
vt 0.060440 -0.523590 0.000000
vt 0.054581 -0.528534 0.000000
vt 0.047028 -0.376587 0.000000
vt 0.015884 -0.387268 0.000000
vt 0.012665 -0.506927 0.000000
vt 0.022659 -0.461197 0.000000
vt 0.068359 -0.689270 0.000000
vt 0.069153 -0.704910 0.000000
vt 0.068008 -0.518112 0.000000
vt 0.276123 -0.407883 0.000000
vt 0.294113 -0.399170 0.000000
vt 0.287964 -0.392654 0.000000
vt 0.148987 -0.671951 0.000000
vt 0.149323 -0.636169 0.000000
vt 0.122696 -0.506958 0.000000
vt 0.101837 -0.447021 0.000000
vt 0.080917 -0.610977 0.000000
vt 0.088135 -0.618896 0.000000
vt 0.291809 -0.414078 0.000000
vt 0.272324 -0.422455 0.000000
vt 0.301804 -0.405594 0.000000
vt 0.303696 -0.409698 0.000000
vt 0.102341 -0.609741 0.000000
vt 0.403702 -0.693039 0.000000
vt 0.088089 -0.603943 0.000000
vt 0.430466 -0.322205 0.000000
vt 0.447998 -0.343369 0.000000
vt 0.467789 -0.331223 0.000000
vt 0.450150 -0.298431 0.000000
vt 0.364105 -0.415741 0.000000
vt 0.376404 -0.415710 0.000000
vt 0.384552 -0.412415 0.000000
vt 0.369949 -0.410934 0.000000
vt 0.436493 -0.406296 0.000000
vt 0.442657 -0.416931 0.000000
vt 0.449707 -0.386581 0.000000
vt 0.300552 -0.423416 0.000000
vt 0.322250 -0.427536 0.000000
vt 0.323135 -0.420761 0.000000
vt 0.303070 -0.418808 0.000000
vt 0.384521 -0.415695 0.000000
vt 0.386383 -0.415680 0.000000
vt 0.395859 -0.416443 0.000000
vt 0.393814 -0.414352 0.000000
vt 0.374634 -0.420212 0.000000
vt 0.372040 -0.415665 0.000000
vt 0.351196 -0.415649 0.000000
vt 0.350479 -0.421097 0.000000
vt 0.434387 -0.658691 0.000000
vt 0.421234 -0.704163 0.000000
vt 0.432434 -0.630341 0.000000
vt 0.404266 -0.641830 0.000000
vt 0.420364 -0.651321 0.000000
vt 0.440750 -0.642197 0.000000
vt 0.061096 -0.596436 0.000000
vt 0.059082 -0.603928 0.000000
vt 0.093353 -0.606308 0.000000
vt 0.085938 -0.530045 0.000000
vt 0.062943 -0.503632 0.000000
vt 0.031952 -0.519379 0.000000
vt 0.027893 -0.516312 0.000000
vt 0.047195 -0.516342 0.000000
vt 0.054153 -0.509323 0.000000
vt 0.041046 -0.502945 0.000000
vt 0.056442 -0.476624 0.000000
vt 0.317612 -0.399521 0.000000
vt 0.336533 -0.395981 0.000000
vt 0.335922 -0.384964 0.000000
vt 0.313766 -0.390579 0.000000
vt 0.274109 -0.384995 0.000000
vt 0.251144 -0.411133 0.000000
vt 0.397095 -0.417252 0.000000
vt 0.394806 -0.412796 0.000000
vt 0.404221 -0.398636 0.000000
vt 0.392120 -0.404144 0.000000
vt 0.402466 -0.410858 0.000000
vt 0.416626 -0.408585 0.000000
vt 0.143082 -0.536606 0.000000
vt 0.162018 -0.528091 0.000000
vt 0.153183 -0.457169 0.000000
vt 0.205246 -0.941513 0.000000
vt 0.168167 -0.935181 0.000000
vt 0.381287 -0.683548 0.000000
vt 0.034470 -0.571732 0.000000
vt 0.021042 -0.570160 0.000000
vt 0.025604 -0.594711 0.000000
vt 0.043640 -0.591843 0.000000
vt 0.113220 -0.521057 0.000000
vt 0.100540 -0.587708 0.000000
vt 0.098770 -0.608185 0.000000
vt 0.024109 -0.515106 0.000000
vt 0.018143 -0.511597 0.000000
vt 0.010544 -0.561951 0.000000
vt 0.003708 -0.558060 0.000000
vt 0.031525 -0.375839 0.000000
vt 0.004868 -0.603806 0.000000
vt 0.027542 -0.382065 0.000000
vt 0.012909 -0.591370 0.000000
vt 0.055328 -0.610291 0.000000
vt 0.040314 -0.627121 0.000000
vt 0.058319 -0.654831 0.000000
vt 0.069595 -0.659332 0.000000
vt 0.106430 -0.532471 0.000000
vt 0.102417 -0.567261 0.000000
vt 0.258469 -0.360092 0.000000
vt 0.308456 -0.334961 0.000000
vt 0.309387 -0.309937 0.000000
vt 0.251389 -0.349915 0.000000
vt 0.296249 -0.415390 0.000000
vt 0.382278 -0.415665 0.000000
vt 0.389664 -0.418503 0.000000
vt 0.500045 -0.760681 0.000000
vt 0.500045 -0.413651 0.000000
vt 0.500045 -0.853699 0.000000
vt 0.500045 -0.804184 0.000000
vt 0.500045 -0.907135 0.000000
vt 0.500045 -0.575836 0.000000
vt 0.500045 -0.620316 0.000000
vt 0.500045 -0.608292 0.000000
vt 0.500045 -0.328400 0.000000
vt 0.500045 -0.632065 0.000000
vt 0.500045 -0.642105 0.000000
vt 0.500045 -0.692276 0.000000
vt 0.500045 -0.687531 0.000000
vt 0.500045 -0.246918 0.000000
vt 0.500045 -0.505630 0.000000
vt 0.500045 -0.524643 0.000000
vt 0.500045 -0.299423 0.000000
vt 0.500045 -0.381943 0.000000
vt 0.500045 -0.369186 0.000000
vt 0.500045 -0.667068 0.000000
vt 0.003235 -0.936447 0.000000
vt 0.197769 -0.003357 0.000000
vt 0.996854 -0.936447 0.000000
vt 0.802320 -0.003357 0.000000
vt 0.500045 -0.063614 0.000000
vt 0.447769 -0.003357 0.000000
vt 0.552320 -0.003357 0.000000
vt 0.397766 -0.003357 0.000000
vt 0.602323 -0.003357 0.000000
vt 0.204041 -0.686417 0.000000
vt 0.173706 -0.683182 0.000000
vt 0.197906 -0.718430 0.000000
vt 0.240540 -0.945953 0.000000
vt 0.274399 -0.948532 0.000000
vt 0.252258 -0.897125 0.000000
vt 0.307816 -0.949966 0.000000
vt 0.289322 -0.899307 0.000000
vt 0.214294 -0.892624 0.000000
vt 0.175156 -0.883530 0.000000
vt 0.206024 -0.763504 0.000000
vt 0.211853 -0.806580 0.000000
vt 0.250275 -0.797714 0.000000
vt 0.248093 -0.757446 0.000000
vt 0.187393 -0.317047 0.000000
vt 0.159943 -0.403214 0.000000
vt 0.185349 -0.408234 0.000000
vt 0.215729 -0.324722 0.000000
vt 0.143570 -0.292938 0.000000
vt 0.160156 -0.299362 0.000000
vt 0.187759 -0.246246 0.000000
vt 0.171280 -0.244034 0.000000
vt 0.468750 -0.906586 0.000000
vt 0.436111 -0.905182 0.000000
vt 0.438385 -0.952835 0.000000
vt 0.469482 -0.953339 0.000000
vt 0.049866 -0.759583 0.000000
vt 0.058365 -0.797928 0.000000
vt 0.095459 -0.784500 0.000000
vt 0.004242 -0.720413 0.000000
vt 0.011642 -0.277206 0.000000
vt 0.004135 -0.748444 0.000000
vt 0.011642 -0.222916 0.000000
vt 0.240372 -0.714828 0.000000
vt 0.231125 -0.675919 0.000000
vt 0.166245 -0.774597 0.000000
vt 0.478745 -0.785431 0.000000
vt 0.450119 -0.784683 0.000000
vt 0.456039 -0.806091 0.000000
vt 0.479538 -0.804672 0.000000
vt 0.415115 -0.782333 0.000000
vt 0.426361 -0.801346 0.000000
vt 0.475754 -0.760132 0.000000
vt 0.482086 -0.830582 0.000000
vt 0.472183 -0.852051 0.000000
vt 0.445709 -0.458115 0.000000
vt 0.447311 -0.436981 0.000000
vt 0.427963 -0.453308 0.000000
vt 0.394699 -0.491440 0.000000
vt 0.269333 -0.612839 0.000000
vt 0.302658 -0.595840 0.000000
vt 0.304901 -0.558670 0.000000
vt 0.268539 -0.573975 0.000000
vt 0.239670 -0.577591 0.000000
vt 0.263565 -0.531830 0.000000
vt 0.205811 -0.457062 0.000000
vt 0.195114 -0.488892 0.000000
vt 0.304398 -0.633606 0.000000
vt 0.271896 -0.650345 0.000000
vt 0.485275 -0.418549 0.000000
vt 0.479111 -0.459244 0.000000
vt 0.405807 -0.227921 0.000000
vt 0.355759 -0.234894 0.000000
vt 0.357758 -0.261246 0.000000
vt 0.399338 -0.250824 0.000000
vt 0.469376 -0.878021 0.000000
vt 0.251740 -0.661041 0.000000
vt 0.262466 -0.707535 0.000000
vt 0.383148 -0.796097 0.000000
vt 0.338440 -0.784363 0.000000
vt 0.349380 -0.815353 0.000000
vt 0.357773 -0.871185 0.000000
vt 0.350616 -0.841354 0.000000
vt 0.303329 -0.836533 0.000000
vt 0.315826 -0.868820 0.000000
vt 0.477936 -0.479904 0.000000
vt 0.453705 -0.473999 0.000000
vt 0.452789 -0.492691 0.000000
vt 0.390961 -0.522873 0.000000
vt 0.355484 -0.540588 0.000000
vt 0.362946 -0.691483 0.000000
vt 0.426453 -0.562881 0.000000
vt 0.429626 -0.572601 0.000000
vt 0.451431 -0.584335 0.000000
vt 0.430771 -0.580856 0.000000
vt 0.427841 -0.587219 0.000000
vt 0.483582 -0.554626 0.000000
vt 0.484207 -0.564026 0.000000
vt 0.402573 -0.582657 0.000000
vt 0.476120 -0.507019 0.000000
vt 0.450836 -0.511826 0.000000
vt 0.452744 -0.528320 0.000000
vt 0.476059 -0.525620 0.000000
vt 0.368149 -0.744324 0.000000
vt 0.407745 -0.754822 0.000000
vt 0.403580 -0.725769 0.000000
vt 0.370728 -0.715042 0.000000
vt 0.354996 -0.650024 0.000000
vt 0.377411 -0.641449 0.000000
vt 0.482574 -0.574402 0.000000
vt 0.479111 -0.590179 0.000000
vt 0.466309 -0.436310 0.000000
vt 0.410568 -0.525970 0.000000
vt 0.408493 -0.535248 0.000000
vt 0.411392 -0.526810 0.000000
vt 0.472336 -0.577530 0.000000
vt 0.411987 -0.554504 0.000000
vt 0.475113 -0.605225 0.000000
vt 0.476990 -0.620453 0.000000
vt 0.363403 -0.613297 0.000000
vt 0.387146 -0.606934 0.000000
vt 0.442825 -0.720825 0.000000
vt 0.440048 -0.729034 0.000000
vt 0.473068 -0.730118 0.000000
vt 0.474594 -0.722275 0.000000
vt 0.402008 -0.662521 0.000000
vt 0.425980 -0.512482 0.000000
vt 0.411514 -0.716370 0.000000
vt 0.204071 -0.406693 0.000000
vt 0.223999 -0.407349 0.000000
vt 0.306320 -0.277756 0.000000
vt 0.306412 -0.298111 0.000000
vt 0.360062 -0.278351 0.000000
vt 0.259537 -0.300858 0.000000
vt 0.245667 -0.339233 0.000000
vt 0.359024 -0.293304 0.000000
vt 0.356476 -0.316620 0.000000
vt 0.406845 -0.360626 0.000000
vt 0.413727 -0.344894 0.000000
vt 0.381287 -0.339508 0.000000
vt 0.375214 -0.356216 0.000000
vt 0.465286 -0.417740 0.000000
vt 0.485916 -0.398987 0.000000
vt 0.485809 -0.386490 0.000000
vt 0.356644 -0.505127 0.000000
vt 0.409531 -0.464706 0.000000
vt 0.360748 -0.477264 0.000000
vt 0.305695 -0.520355 0.000000
vt 0.257935 -0.464294 0.000000
vt 0.245132 -0.443008 0.000000
vt 0.231430 -0.448151 0.000000
vt 0.303741 -0.353180 0.000000
vt 0.344406 -0.341644 0.000000
vt 0.262238 -0.373810 0.000000
vt 0.239792 -0.408829 0.000000
vt 0.250076 -0.434555 0.000000
vt 0.316376 -0.411301 0.000000
vt 0.318329 -0.406128 0.000000
vt 0.302872 -0.413010 0.000000
vt 0.333679 -0.410294 0.000000
vt 0.335678 -0.404022 0.000000
vt 0.354034 -0.403778 0.000000
vt 0.352219 -0.410172 0.000000
vt 0.356735 -0.395630 0.000000
vt 0.371368 -0.405472 0.000000
vt 0.385681 -0.408691 0.000000
vt 0.376129 -0.398529 0.000000
vt 0.384415 -0.389114 0.000000
vt 0.360016 -0.384293 0.000000
vt 0.285095 -0.433289 0.000000
vt 0.307236 -0.415665 0.000000
vt 0.303467 -0.415680 0.000000
vt 0.342499 -0.357269 0.000000
vt 0.310211 -0.378616 0.000000
vt 0.308334 -0.362320 0.000000
vt 0.377731 -0.451065 0.000000
vt 0.354095 -0.437363 0.000000
vt 0.314621 -0.438110 0.000000
vt 0.307785 -0.454224 0.000000
vt 0.385818 -0.432480 0.000000
vt 0.410843 -0.441376 0.000000
vt 0.406448 -0.418045 0.000000
vt 0.402786 -0.425629 0.000000
vt 0.423325 -0.418457 0.000000
vt 0.350571 -0.427841 0.000000
vt 0.391281 -0.421722 0.000000
vt 0.375580 -0.425537 0.000000
vt 0.432266 -0.366470 0.000000
vt 0.423843 -0.392654 0.000000
vt 0.324707 -0.415649 0.000000
vt 0.479141 -0.354675 0.000000
vt 0.411743 -0.451477 0.000000
vt 0.455292 -0.374191 0.000000
vt 0.462112 -0.665741 0.000000
vt 0.451645 -0.668320 0.000000
vt 0.482422 -0.643005 0.000000
vt 0.479996 -0.632889 0.000000
vt 0.465576 -0.645905 0.000000
vt 0.469650 -0.653442 0.000000
vt 0.484360 -0.651062 0.000000
vt 0.449341 -0.651093 0.000000
vt 0.460892 -0.636093 0.000000
vt 0.457092 -0.623352 0.000000
vt 0.472198 -0.659134 0.000000
vt 0.485733 -0.657486 0.000000
vt 0.394211 -0.670776 0.000000
vt 0.455994 -0.683929 0.000000
vt 0.459244 -0.680664 0.000000
vt 0.451096 -0.688385 0.000000
vt 0.461975 -0.695663 0.000000
vt 0.466431 -0.690460 0.000000
vt 0.482819 -0.691818 0.000000
vt 0.484558 -0.687134 0.000000
vt 0.469818 -0.685974 0.000000
vt 0.480484 -0.697372 0.000000
vt 0.450989 -0.676483 0.000000
vt 0.451355 -0.675110 0.000000
vt 0.486740 -0.680008 0.000000
vt 0.487701 -0.677200 0.000000
vt 0.477386 -0.704041 0.000000
vt 0.473434 -0.712296 0.000000
vt 0.485825 -0.683273 0.000000
vt 0.472137 -0.682312 0.000000
vt 0.446030 -0.709763 0.000000
vt 0.455826 -0.701721 0.000000
vt 0.473907 -0.663879 0.000000
vt 0.473648 -0.679352 0.000000
vt 0.474289 -0.676819 0.000000
vt 0.463348 -0.669022 0.000000
vt 0.474838 -0.667923 0.000000
vt 0.486557 -0.662750 0.000000
vt 0.486816 -0.667282 0.000000
vt 0.468776 -0.671921 0.000000
vt 0.489802 -0.674642 0.000000
vt 0.510287 -0.674642 0.000000
vt 0.494072 -0.671310 0.000000
vt 0.506017 -0.671310 0.000000
vt 0.039093 -0.341507 0.000000
vt 0.056503 -0.343689 0.000000
vt 0.067810 -0.305969 0.000000
vt 0.048218 -0.297668 0.000000
vt 0.130341 -0.405563 0.000000
vt 0.119125 -0.345352 0.000000
vt 0.004349 -0.692398 0.000000
vt 0.011642 -0.331482 0.000000
vt 0.042557 -0.733536 0.000000
vt 0.022995 -0.341019 0.000000
vt 0.029282 -0.294037 0.000000
vt 0.045868 -0.684296 0.000000
vt 0.041306 -0.706177 0.000000
vt 0.052994 -0.467377 0.000000
vt 0.052109 -0.461014 0.000000
vt 0.147308 -0.589798 0.000000
vt 0.086899 -0.438080 0.000000
vt 0.089569 -0.445358 0.000000
vt 0.111282 -0.460327 0.000000
vt 0.085403 -0.429871 0.000000
vt 0.045547 -0.431259 0.000000
vt 0.048431 -0.439240 0.000000
vt 0.030228 -0.465775 0.000000
vt 0.039932 -0.474884 0.000000
vt 0.087250 -0.460251 0.000000
vt 0.061890 -0.379333 0.000000
vt 0.036728 -0.380096 0.000000
vt 0.072495 -0.350540 0.000000
vt 0.076416 -0.382919 0.000000
vt 0.087799 -0.358231 0.000000
vt 0.450500 -0.190826 0.000000
vt 0.449066 -0.222656 0.000000
vt 0.450226 -0.248184 0.000000
vt 0.397812 -0.270187 0.000000
vt 0.481400 -0.545471 0.000000
vt 0.476547 -0.493195 0.000000
vt 0.449417 -0.275085 0.000000
vt 0.484253 -0.372925 0.000000
vt 0.404648 -0.194412 0.000000
vt 0.403091 -0.289383 0.000000
vt 0.396423 -0.315277 0.000000
vt 0.365036 -0.367477 0.000000
vt 0.398758 -0.374924 0.000000
vt 0.349472 -0.415756 0.000000
vt 0.366455 -0.205750 0.000000
vt 0.364365 -0.180496 0.000000
vt 0.335724 -0.368912 0.000000
vt 0.319870 -0.250076 0.000000
vt 0.334518 -0.415756 0.000000
vt 0.280151 -0.264099 0.000000
vt 0.309189 -0.415710 0.000000
vt 0.320313 -0.415741 0.000000
vt 0.436127 -0.357239 0.000000
vt 0.131927 -0.795609 0.000000
vt 0.103989 -0.326187 0.000000
vt 0.126602 -0.280914 0.000000
vt 0.083435 -0.258713 0.000000
vt 0.059601 -0.249435 0.000000
vt 0.087814 -0.312836 0.000000
vt 0.105560 -0.270615 0.000000
vt 0.036682 -0.239944 0.000000
vt 0.436310 -0.875076 0.000000
vt 0.399567 -0.872726 0.000000
vt 0.302475 -0.800201 0.000000
vt 0.246475 -0.272720 0.000000
vt 0.447342 -0.161163 0.000000
vt 0.404373 -0.169479 0.000000
vt 0.289169 -0.759705 0.000000
vt 0.463806 -0.606476 0.000000
vt 0.406448 -0.625839 0.000000
vt 0.467896 -0.592072 0.000000
vt 0.445251 -0.597687 0.000000
vt 0.437698 -0.613922 0.000000
vt 0.333450 -0.657578 0.000000
vt 0.341354 -0.685242 0.000000
vt 0.083679 -0.749100 0.000000
vt 0.172287 -0.636093 0.000000
vt 0.168106 -0.586166 0.000000
vt 0.167480 -0.465866 0.000000
vt 0.184570 -0.532410 0.000000
vt 0.265823 -0.449310 0.000000
vt 0.191757 -0.590698 0.000000
vt 0.199051 -0.638824 0.000000
vt 0.425446 -0.497360 0.000000
vt 0.415497 -0.546768 0.000000
vt 0.425827 -0.537460 0.000000
vt 0.335968 -0.619705 0.000000
vt 0.283386 -0.693283 0.000000
vt 0.310669 -0.674088 0.000000
vt 0.300583 -0.728592 0.000000
vt 0.243484 -0.618851 0.000000
vt 0.371414 -0.773560 0.000000
vt 0.332199 -0.755981 0.000000
vt 0.298523 -0.485916 0.000000
vt 0.304428 -0.468231 0.000000
vt 0.321213 -0.703644 0.000000
vt 0.341095 -0.725616 0.000000
vt 0.444885 -0.758881 0.000000
vt 0.366379 -0.462280 0.000000
vt 0.451187 -0.501785 0.000000
vt 0.211121 -0.590759 0.000000
vt 0.224319 -0.627426 0.000000
vt 0.464767 -0.362808 0.000000
vt 0.416840 -0.602219 0.000000
vt 0.453079 -0.670624 0.000000
vt 0.373993 -0.951599 0.000000
vt 0.340988 -0.950867 0.000000
vt 0.326965 -0.900894 0.000000
vt 0.364532 -0.902405 0.000000
vt 0.352234 -0.701767 0.000000
vt 0.274689 -0.867157 0.000000
vt 0.257309 -0.834885 0.000000
vt 0.216248 -0.836960 0.000000
vt 0.235153 -0.865891 0.000000
vt 0.196991 -0.862457 0.000000
vt 0.128250 -0.866791 0.000000
vt 0.129013 -0.928680 0.000000
vt 0.406555 -0.952240 0.000000
vt 0.401428 -0.903732 0.000000
vt 0.382507 -0.702637 0.000000
vt 0.461380 -0.678162 0.000000
vt 0.461594 -0.676132 0.000000
vt 0.213287 -0.259781 0.000000
vt 0.095871 -0.928543 0.000000
vt 0.066956 -0.841309 0.000000
vt 0.445374 -0.137054 0.000000
vt 0.400314 -0.143051 0.000000
vt 0.431580 -0.074371 0.000000
vt 0.422745 -0.056229 0.000000
vt 0.366165 -0.078232 0.000000
vt 0.378723 -0.092667 0.000000
vt 0.391159 -0.041153 0.000000
vt 0.341965 -0.066971 0.000000
vt 0.401031 -0.115204 0.000000
vt 0.441772 -0.104095 0.000000
vt 0.354935 -0.033203 0.000000
vt 0.310425 -0.052979 0.000000
vt 0.315002 -0.024170 0.000000
vt 0.273422 -0.044220 0.000000
vt 0.234711 -0.030319 0.000000
vt 0.273956 -0.018036 0.000000
vt 0.236969 -0.009964 0.000000
vt 0.198212 -0.020050 0.000000
vt 0.015640 -0.959702 0.000000
vt 0.031464 -0.949371 0.000000
vt 0.147766 -0.003357 0.000000
vt 0.003357 -0.914871 0.000000
vt 0.097763 -0.003357 0.000000
vt 0.003464 -0.893295 0.000000
vt 0.362869 -0.157303 0.000000
vt 0.323715 -0.176712 0.000000
vt 0.274643 -0.130753 0.000000
vt 0.317902 -0.104370 0.000000
vt 0.295090 -0.090607 0.000000
vt 0.251587 -0.123108 0.000000
vt 0.292252 -0.137985 0.000000
vt 0.334351 -0.113098 0.000000
vt 0.311859 -0.151001 0.000000
vt 0.356628 -0.130157 0.000000
vt 0.223419 -0.106750 0.000000
vt 0.265289 -0.081100 0.000000
vt 0.230423 -0.063477 0.000000
vt 0.189285 -0.093918 0.000000
vt 0.153610 -0.072525 0.000000
vt 0.192429 -0.050446 0.000000
vt 0.156128 -0.031677 0.000000
vt 0.116302 -0.052612 0.000000
vt 0.047760 -0.003357 0.000000
vt 0.003571 -0.871704 0.000000
vt 0.068237 -0.931839 0.000000
vt 0.048386 -0.939713 0.000000
vt 0.253860 -0.168304 0.000000
vt 0.235840 -0.164703 0.000000
vt 0.201706 -0.200684 0.000000
vt 0.219727 -0.203751 0.000000
vt 0.245041 -0.213165 0.000000
vt 0.272903 -0.179703 0.000000
vt 0.186111 -0.143784 0.000000
vt 0.213654 -0.153839 0.000000
vt 0.120087 -0.107727 0.000000
vt 0.154938 -0.124481 0.000000
vt 0.088135 -0.087952 0.000000
vt 0.151138 -0.235489 0.000000
vt 0.094391 -0.147400 0.000000
vt 0.074066 -0.196518 0.000000
vt 0.102249 -0.211014 0.000000
vt 0.125259 -0.166199 0.000000
vt 0.128494 -0.224518 0.000000
vt 0.155029 -0.180099 0.000000
vt 0.180313 -0.193939 0.000000
vt 0.011642 -0.168640 0.000000
vt 0.004013 -0.776459 0.000000
vt 0.047104 -0.182068 0.000000
vt 0.061554 -0.127411 0.000000
vt 0.036636 -0.470947 0.000000
vt 0.051712 -0.448196 0.000000
vt 0.089798 -0.454330 0.000000
vt 0.052444 -0.455704 0.000000
vt 0.500045 -0.730316 0.000000
vt 0.500045 -0.677322 0.000000
vt 0.500045 -0.543747 0.000000
vt 0.500045 -0.394379 0.000000
vt 0.500045 -0.163513 0.000000
vt 0.540296 -0.829437 0.000000
vt 0.565793 -0.826065 0.000000
vt 0.560148 -0.845001 0.000000
vt 0.782667 -0.500229 0.000000
vt 0.794828 -0.530350 0.000000
vt 0.764722 -0.530228 0.000000
vt 0.756193 -0.485214 0.000000
vt 0.535810 -0.406845 0.000000
vt 0.536115 -0.392715 0.000000
vt 0.542035 -0.400223 0.000000
vt 0.572461 -0.430313 0.000000
vt 0.571210 -0.440247 0.000000
vt 0.552213 -0.425156 0.000000
vt 0.555890 -0.672592 0.000000
vt 0.564924 -0.674835 0.000000
vt 0.556043 -0.674454 0.000000
vt 0.589246 -0.676285 0.000000
vt 0.579496 -0.668091 0.000000
vt 0.627164 -0.659805 0.000000
vt 0.645734 -0.679703 0.000000
vt 0.630277 -0.673447 0.000000
vt 0.556272 -0.680725 0.000000
vt 0.552808 -0.678177 0.000000
vt 0.877393 -0.646851 0.000000
vt 0.894697 -0.680527 0.000000
vt 0.883893 -0.691238 0.000000
vt 0.910398 -0.628281 0.000000
vt 0.907117 -0.658752 0.000000
vt 0.894117 -0.626694 0.000000
vt 0.902189 -0.531128 0.000000
vt 0.899244 -0.504944 0.000000
vt 0.907636 -0.517136 0.000000
vt 0.901731 -0.486588 0.000000
vt 0.916959 -0.466217 0.000000
vt 0.921506 -0.477844 0.000000
vt 0.978193 -0.661636 0.000000
vt 0.995618 -0.664383 0.000000
vt 0.985547 -0.384293 0.000000
vt 0.961469 -0.727234 0.000000
vt 0.956998 -0.529282 0.000000
vt 0.959379 -0.569336 0.000000
vt 0.954313 -0.568512 0.000000
vt 0.950666 -0.566788 0.000000
vt 0.933774 -0.553665 0.000000
vt 0.948850 -0.536682 0.000000
vt 0.946576 -0.585266 0.000000
vt 0.889081 -0.610001 0.000000
vt 0.877393 -0.600220 0.000000
vt 0.877393 -0.553589 0.000000
vt 0.886258 -0.559906 0.000000
vt 0.886426 -0.591324 0.000000
vt 0.908429 -0.576981 0.000000
vt 0.904966 -0.585968 0.000000
vt 0.904920 -0.572113 0.000000
vt 0.952253 -0.486588 0.000000
vt 0.950010 -0.493011 0.000000
vt 0.940076 -0.484222 0.000000
vt 0.915250 -0.485504 0.000000
vt 0.597715 -0.841568 0.000000
vt 0.876188 -0.749573 0.000000
vt 0.847928 -0.723618 0.000000
vt 0.882718 -0.706955 0.000000
vt 0.526716 -0.379761 0.000000
vt 0.540555 -0.661682 0.000000
vt 0.543607 -0.657608 0.000000
vt 0.552671 -0.664246 0.000000
vt 0.825208 -0.815918 0.000000
vt 0.856717 -0.834305 0.000000
vt 0.822049 -0.838470 0.000000
vt 0.842023 -0.852524 0.000000
vt 0.882352 -0.829727 0.000000
vt 0.570798 -0.690720 0.000000
vt 0.563276 -0.685989 0.000000
vt 0.576932 -0.684174 0.000000
vt 0.562253 -0.697418 0.000000
vt 0.555036 -0.693069 0.000000
vt 0.604795 -0.821823 0.000000
vt 0.990690 -0.009171 0.000000
vt 0.996396 -0.850128 0.000000
vt 0.971174 -0.846817 0.000000
vt 0.988447 -0.060089 0.000000
vt 0.996290 -0.828537 0.000000
vt 0.694181 -0.220596 0.000000
vt 0.666669 -0.214478 0.000000
vt 0.669614 -0.195786 0.000000
vt 0.879499 -0.462082 0.000000
vt 0.865949 -0.474960 0.000000
vt 0.900144 -0.418243 0.000000
vt 0.924070 -0.629791 0.000000
vt 0.924756 -0.618378 0.000000
vt 0.930326 -0.626846 0.000000
vt 0.930417 -0.725616 0.000000
vt 0.891843 -0.472366 0.000000
vt 0.893491 -0.510178 0.000000
vt 0.886274 -0.492554 0.000000
vt 0.890638 -0.465927 0.000000
vt 0.953611 -0.479050 0.000000
vt 0.961606 -0.498199 0.000000
vt 0.896253 -0.480103 0.000000
vt 0.898420 -0.496475 0.000000
vt 0.906186 -0.491196 0.000000
vt 0.905866 -0.506943 0.000000
vt 0.988447 -0.114365 0.000000
vt 0.996183 -0.804474 0.000000
vt 0.622678 -0.579407 0.000000
vt 0.617017 -0.545471 0.000000
vt 0.656095 -0.581970 0.000000
vt 0.593030 -0.571198 0.000000
vt 0.601331 -0.543457 0.000000
vt 0.526029 -0.557327 0.000000
vt 0.545575 -0.561783 0.000000
vt 0.530485 -0.566513 0.000000
vt 0.537412 -0.546707 0.000000
vt 0.574521 -0.521271 0.000000
vt 0.575513 -0.516296 0.000000
vt 0.584684 -0.528839 0.000000
vt 0.705533 -0.199387 0.000000
vt 0.721204 -0.228363 0.000000
vt 0.554273 -0.673935 0.000000
vt 0.548704 -0.673439 0.000000
vt 0.554151 -0.672699 0.000000
vt 0.566465 -0.554520 0.000000
vt 0.545789 -0.573105 0.000000
vt 0.950834 -0.589737 0.000000
vt 0.911664 -0.388947 0.000000
vt 0.903074 -0.373947 0.000000
vt 0.911649 -0.551086 0.000000
vt 0.902814 -0.539795 0.000000
vt 0.939649 -0.523590 0.000000
vt 0.945508 -0.528534 0.000000
vt 0.953061 -0.376587 0.000000
vt 0.984205 -0.387268 0.000000
vt 0.987424 -0.506927 0.000000
vt 0.977430 -0.461197 0.000000
vt 0.931730 -0.689270 0.000000
vt 0.930936 -0.704910 0.000000
vt 0.932081 -0.518112 0.000000
vt 0.723966 -0.407883 0.000000
vt 0.705976 -0.399170 0.000000
vt 0.712125 -0.392654 0.000000
vt 0.851102 -0.671951 0.000000
vt 0.850766 -0.636169 0.000000
vt 0.877393 -0.506958 0.000000
vt 0.898252 -0.447021 0.000000
vt 0.919172 -0.610977 0.000000
vt 0.911954 -0.618896 0.000000
vt 0.708280 -0.414078 0.000000
vt 0.727765 -0.422455 0.000000
vt 0.698285 -0.405594 0.000000
vt 0.696393 -0.409698 0.000000
vt 0.897748 -0.609741 0.000000
vt 0.596387 -0.693039 0.000000
vt 0.912000 -0.603943 0.000000
vt 0.569623 -0.322205 0.000000
vt 0.552091 -0.343369 0.000000
vt 0.532300 -0.331223 0.000000
vt 0.549939 -0.298431 0.000000
vt 0.635984 -0.415741 0.000000
vt 0.623685 -0.415710 0.000000
vt 0.615537 -0.412415 0.000000
vt 0.630140 -0.410934 0.000000
vt 0.563596 -0.406296 0.000000
vt 0.557432 -0.416931 0.000000
vt 0.550382 -0.386581 0.000000
vt 0.699537 -0.423416 0.000000
vt 0.677839 -0.427536 0.000000
vt 0.676954 -0.420761 0.000000
vt 0.697019 -0.418808 0.000000
vt 0.615568 -0.415695 0.000000
vt 0.613706 -0.415680 0.000000
vt 0.604230 -0.416443 0.000000
vt 0.606275 -0.414352 0.000000
vt 0.625455 -0.420212 0.000000
vt 0.628049 -0.415665 0.000000
vt 0.648893 -0.415649 0.000000
vt 0.649610 -0.421097 0.000000
vt 0.565702 -0.658691 0.000000
vt 0.578855 -0.704163 0.000000
vt 0.567655 -0.630341 0.000000
vt 0.595823 -0.641830 0.000000
vt 0.579725 -0.651321 0.000000
vt 0.559339 -0.642197 0.000000
vt 0.938993 -0.596436 0.000000
vt 0.941007 -0.603928 0.000000
vt 0.906736 -0.606308 0.000000
vt 0.914151 -0.530045 0.000000
vt 0.937146 -0.503632 0.000000
vt 0.968137 -0.519379 0.000000
vt 0.972196 -0.516312 0.000000
vt 0.952894 -0.516342 0.000000
vt 0.945936 -0.509323 0.000000
vt 0.959043 -0.502945 0.000000
vt 0.943647 -0.476624 0.000000
vt 0.682477 -0.399521 0.000000
vt 0.663556 -0.395981 0.000000
vt 0.664167 -0.384964 0.000000
vt 0.686323 -0.390579 0.000000
vt 0.725980 -0.384995 0.000000
vt 0.748945 -0.411133 0.000000
vt 0.602994 -0.417252 0.000000
vt 0.605283 -0.412796 0.000000
vt 0.595868 -0.398636 0.000000
vt 0.607969 -0.404144 0.000000
vt 0.597623 -0.410858 0.000000
vt 0.583463 -0.408585 0.000000
vt 0.857007 -0.536606 0.000000
vt 0.838071 -0.528091 0.000000
vt 0.846906 -0.457169 0.000000
vt 0.794843 -0.941513 0.000000
vt 0.831922 -0.935181 0.000000
vt 0.618802 -0.683548 0.000000
vt 0.965619 -0.571732 0.000000
vt 0.979047 -0.570160 0.000000
vt 0.974485 -0.594711 0.000000
vt 0.956449 -0.591843 0.000000
vt 0.886869 -0.521057 0.000000
vt 0.899549 -0.587708 0.000000
vt 0.901319 -0.608185 0.000000
vt 0.975980 -0.515106 0.000000
vt 0.981946 -0.511597 0.000000
vt 0.989545 -0.561951 0.000000
vt 0.996381 -0.558060 0.000000
vt 0.968564 -0.375839 0.000000
vt 0.995221 -0.603806 0.000000
vt 0.972547 -0.382065 0.000000
vt 0.987180 -0.591370 0.000000
vt 0.944761 -0.610291 0.000000
vt 0.959775 -0.627121 0.000000
vt 0.941770 -0.654831 0.000000
vt 0.930494 -0.659332 0.000000
vt 0.893659 -0.532471 0.000000
vt 0.897672 -0.567261 0.000000
vt 0.741620 -0.360092 0.000000
vt 0.691633 -0.334961 0.000000
vt 0.690702 -0.309937 0.000000
vt 0.748700 -0.349915 0.000000
vt 0.703840 -0.415390 0.000000
vt 0.617811 -0.415665 0.000000
vt 0.610425 -0.418503 0.000000
vt 0.500045 -0.785217 0.000000
vt 0.500045 -0.454803 0.000000
vt 0.500045 -0.879044 0.000000
vt 0.500045 -0.830765 0.000000
vt 0.500045 -0.557144 0.000000
vt 0.500045 -0.567139 0.000000
vt 0.500045 -0.591019 0.000000
vt 0.500045 -0.722946 0.000000
vt 0.500045 -0.351730 0.000000
vt 0.500045 -0.697952 0.000000
vt 0.500045 -0.680237 0.000000
vt 0.500045 -0.704773 0.000000
vt 0.500045 -0.683563 0.000000
vt 0.500045 -0.219757 0.000000
vt 0.500045 -0.490570 0.000000
vt 0.500045 -0.476974 0.000000
vt 0.500045 -0.269623 0.000000
vt 0.500045 -0.662369 0.000000
vt 0.500045 -0.656921 0.000000
vt 0.500045 -0.650314 0.000000
vt 0.500045 -0.102753 0.000000
vt 0.500045 -0.131668 0.000000
vt 0.297760 -0.003357 0.000000
vt 0.702329 -0.003357 0.000000
vt 0.347763 -0.003357 0.000000
vt 0.652326 -0.003357 0.000000
vt 0.003082 -0.968826 0.000000
vt 0.997007 -0.968826 0.000000
vt 0.500045 -0.003357 0.000000
vt 0.247757 -0.003357 0.000000
vt 0.752332 -0.003357 0.000000
vt 0.796048 -0.686417 0.000000
vt 0.826383 -0.683182 0.000000
vt 0.802183 -0.718430 0.000000
vt 0.759549 -0.945953 0.000000
vt 0.725690 -0.948532 0.000000
vt 0.747831 -0.897125 0.000000
vt 0.692273 -0.949966 0.000000
vt 0.710767 -0.899307 0.000000
vt 0.785795 -0.892624 0.000000
vt 0.824933 -0.883530 0.000000
vt 0.794065 -0.763504 0.000000
vt 0.788236 -0.806580 0.000000
vt 0.749814 -0.797714 0.000000
vt 0.751996 -0.757446 0.000000
vt 0.812696 -0.317047 0.000000
vt 0.840146 -0.403214 0.000000
vt 0.814740 -0.408234 0.000000
vt 0.784360 -0.324722 0.000000
vt 0.856519 -0.292938 0.000000
vt 0.839933 -0.299362 0.000000
vt 0.812330 -0.246246 0.000000
vt 0.828809 -0.244034 0.000000
vt 0.531339 -0.906586 0.000000
vt 0.563978 -0.905182 0.000000
vt 0.561704 -0.952835 0.000000
vt 0.530607 -0.953339 0.000000
vt 0.950223 -0.759583 0.000000
vt 0.941724 -0.797928 0.000000
vt 0.904630 -0.784500 0.000000
vt 0.995847 -0.720413 0.000000
vt 0.988447 -0.277206 0.000000
vt 0.995954 -0.748444 0.000000
vt 0.988447 -0.222916 0.000000
vt 0.759717 -0.714828 0.000000
vt 0.768964 -0.675919 0.000000
vt 0.833844 -0.774597 0.000000
vt 0.521344 -0.785431 0.000000
vt 0.549970 -0.784683 0.000000
vt 0.544050 -0.806091 0.000000
vt 0.520551 -0.804672 0.000000
vt 0.584974 -0.782333 0.000000
vt 0.573728 -0.801346 0.000000
vt 0.524335 -0.760132 0.000000
vt 0.518003 -0.830582 0.000000
vt 0.527906 -0.852051 0.000000
vt 0.554380 -0.458115 0.000000
vt 0.552778 -0.436981 0.000000
vt 0.572126 -0.453308 0.000000
vt 0.605390 -0.491440 0.000000
vt 0.730756 -0.612839 0.000000
vt 0.697431 -0.595840 0.000000
vt 0.695188 -0.558670 0.000000
vt 0.731550 -0.573975 0.000000
vt 0.760419 -0.577591 0.000000
vt 0.736524 -0.531830 0.000000
vt 0.794278 -0.457062 0.000000
vt 0.804975 -0.488892 0.000000
vt 0.695691 -0.633606 0.000000
vt 0.728193 -0.650345 0.000000
vt 0.514814 -0.418549 0.000000
vt 0.520978 -0.459244 0.000000
vt 0.594282 -0.227921 0.000000
vt 0.644330 -0.234894 0.000000
vt 0.642331 -0.261246 0.000000
vt 0.600751 -0.250824 0.000000
vt 0.530713 -0.878021 0.000000
vt 0.748349 -0.661041 0.000000
vt 0.737623 -0.707535 0.000000
vt 0.616941 -0.796097 0.000000
vt 0.661649 -0.784363 0.000000
vt 0.650709 -0.815353 0.000000
vt 0.642316 -0.871185 0.000000
vt 0.649473 -0.841354 0.000000
vt 0.696760 -0.836533 0.000000
vt 0.684263 -0.868820 0.000000
vt 0.522153 -0.479904 0.000000
vt 0.546384 -0.473999 0.000000
vt 0.547300 -0.492691 0.000000
vt 0.609128 -0.522873 0.000000
vt 0.644605 -0.540588 0.000000
vt 0.637143 -0.691483 0.000000
vt 0.573636 -0.562881 0.000000
vt 0.570463 -0.572601 0.000000
vt 0.548658 -0.584335 0.000000
vt 0.569318 -0.580856 0.000000
vt 0.572248 -0.587219 0.000000
vt 0.516507 -0.554626 0.000000
vt 0.515882 -0.564026 0.000000
vt 0.597516 -0.582657 0.000000
vt 0.523969 -0.507019 0.000000
vt 0.549253 -0.511826 0.000000
vt 0.547345 -0.528320 0.000000
vt 0.524030 -0.525620 0.000000
vt 0.631940 -0.744324 0.000000
vt 0.592344 -0.754822 0.000000
vt 0.596509 -0.725769 0.000000
vt 0.629361 -0.715042 0.000000
vt 0.645093 -0.650024 0.000000
vt 0.622678 -0.641449 0.000000
vt 0.517515 -0.574402 0.000000
vt 0.520978 -0.590179 0.000000
vt 0.533780 -0.436310 0.000000
vt 0.589521 -0.525970 0.000000
vt 0.591596 -0.535248 0.000000
vt 0.588697 -0.526810 0.000000
vt 0.527753 -0.577530 0.000000
vt 0.588102 -0.554504 0.000000
vt 0.524976 -0.605225 0.000000
vt 0.523099 -0.620453 0.000000
vt 0.636686 -0.613297 0.000000
vt 0.612943 -0.606934 0.000000
vt 0.557264 -0.720825 0.000000
vt 0.560041 -0.729034 0.000000
vt 0.527021 -0.730118 0.000000
vt 0.525495 -0.722275 0.000000
vt 0.598081 -0.662521 0.000000
vt 0.574109 -0.512482 0.000000
vt 0.588575 -0.716370 0.000000
vt 0.796018 -0.406693 0.000000
vt 0.776090 -0.407349 0.000000
vt 0.693769 -0.277756 0.000000
vt 0.693677 -0.298111 0.000000
vt 0.640027 -0.278351 0.000000
vt 0.740552 -0.300858 0.000000
vt 0.754422 -0.339233 0.000000
vt 0.641065 -0.293304 0.000000
vt 0.643613 -0.316620 0.000000
vt 0.593244 -0.360626 0.000000
vt 0.586362 -0.344894 0.000000
vt 0.618802 -0.339508 0.000000
vt 0.624875 -0.356216 0.000000
vt 0.534803 -0.417740 0.000000
vt 0.514173 -0.398987 0.000000
vt 0.514280 -0.386490 0.000000
vt 0.643445 -0.505127 0.000000
vt 0.590558 -0.464706 0.000000
vt 0.639341 -0.477264 0.000000
vt 0.694394 -0.520355 0.000000
vt 0.742154 -0.464294 0.000000
vt 0.754957 -0.443008 0.000000
vt 0.768659 -0.448151 0.000000
vt 0.696348 -0.353180 0.000000
vt 0.655683 -0.341644 0.000000
vt 0.737851 -0.373810 0.000000
vt 0.760297 -0.408829 0.000000
vt 0.750013 -0.434555 0.000000
vt 0.683713 -0.411301 0.000000
vt 0.681760 -0.406128 0.000000
vt 0.697217 -0.413010 0.000000
vt 0.666410 -0.410294 0.000000
vt 0.664411 -0.404022 0.000000
vt 0.646055 -0.403778 0.000000
vt 0.647870 -0.410172 0.000000
vt 0.643354 -0.395630 0.000000
vt 0.628721 -0.405472 0.000000
vt 0.614408 -0.408691 0.000000
vt 0.623960 -0.398529 0.000000
vt 0.615674 -0.389114 0.000000
vt 0.640073 -0.384293 0.000000
vt 0.714994 -0.433289 0.000000
vt 0.692853 -0.415665 0.000000
vt 0.696622 -0.415680 0.000000
vt 0.657590 -0.357269 0.000000
vt 0.689878 -0.378616 0.000000
vt 0.691755 -0.362320 0.000000
vt 0.622358 -0.451065 0.000000
vt 0.645994 -0.437363 0.000000
vt 0.685468 -0.438110 0.000000
vt 0.692304 -0.454224 0.000000
vt 0.614271 -0.432480 0.000000
vt 0.589246 -0.441376 0.000000
vt 0.593641 -0.418045 0.000000
vt 0.597303 -0.425629 0.000000
vt 0.576764 -0.418457 0.000000
vt 0.649518 -0.427841 0.000000
vt 0.608808 -0.421722 0.000000
vt 0.624509 -0.425537 0.000000
vt 0.567823 -0.366470 0.000000
vt 0.576246 -0.392654 0.000000
vt 0.675382 -0.415649 0.000000
vt 0.520948 -0.354675 0.000000
vt 0.588346 -0.451477 0.000000
vt 0.544797 -0.374191 0.000000
vt 0.537977 -0.665741 0.000000
vt 0.548444 -0.668320 0.000000
vt 0.517667 -0.643005 0.000000
vt 0.520093 -0.632889 0.000000
vt 0.534513 -0.645905 0.000000
vt 0.530439 -0.653442 0.000000
vt 0.515729 -0.651062 0.000000
vt 0.550748 -0.651093 0.000000
vt 0.539197 -0.636093 0.000000
vt 0.542997 -0.623352 0.000000
vt 0.527891 -0.659134 0.000000
vt 0.514356 -0.657486 0.000000
vt 0.605878 -0.670776 0.000000
vt 0.544095 -0.683929 0.000000
vt 0.540845 -0.680664 0.000000
vt 0.548993 -0.688385 0.000000
vt 0.538114 -0.695663 0.000000
vt 0.533658 -0.690460 0.000000
vt 0.517270 -0.691818 0.000000
vt 0.515531 -0.687134 0.000000
vt 0.530271 -0.685974 0.000000
vt 0.519605 -0.697372 0.000000
vt 0.549100 -0.676483 0.000000
vt 0.548734 -0.675110 0.000000
vt 0.513349 -0.680008 0.000000
vt 0.512388 -0.677200 0.000000
vt 0.522703 -0.704041 0.000000
vt 0.526655 -0.712296 0.000000
vt 0.514264 -0.683273 0.000000
vt 0.527952 -0.682312 0.000000
vt 0.554059 -0.709763 0.000000
vt 0.544263 -0.701721 0.000000
vt 0.526182 -0.663879 0.000000
vt 0.526441 -0.679352 0.000000
vt 0.525800 -0.676819 0.000000
vt 0.536741 -0.669022 0.000000
vt 0.525251 -0.667923 0.000000
vt 0.513532 -0.662750 0.000000
vt 0.513273 -0.667282 0.000000
vt 0.531314 -0.671921 0.000000
vt 0.960996 -0.341507 0.000000
vt 0.943586 -0.343689 0.000000
vt 0.932279 -0.305969 0.000000
vt 0.951871 -0.297668 0.000000
vt 0.869748 -0.405563 0.000000
vt 0.880964 -0.345352 0.000000
vt 0.995740 -0.692398 0.000000
vt 0.988447 -0.331482 0.000000
vt 0.957532 -0.733536 0.000000
vt 0.977094 -0.341019 0.000000
vt 0.970807 -0.294037 0.000000
vt 0.954221 -0.684296 0.000000
vt 0.958783 -0.706177 0.000000
vt 0.947095 -0.467377 0.000000
vt 0.947980 -0.461014 0.000000
vt 0.852781 -0.589798 0.000000
vt 0.913190 -0.438080 0.000000
vt 0.910520 -0.445358 0.000000
vt 0.888807 -0.460327 0.000000
vt 0.914686 -0.429871 0.000000
vt 0.954542 -0.431259 0.000000
vt 0.951658 -0.439240 0.000000
vt 0.969861 -0.465775 0.000000
vt 0.960157 -0.474884 0.000000
vt 0.912839 -0.460251 0.000000
vt 0.938199 -0.379333 0.000000
vt 0.963361 -0.380096 0.000000
vt 0.927594 -0.350540 0.000000
vt 0.923673 -0.382919 0.000000
vt 0.912290 -0.358231 0.000000
vt 0.549589 -0.190826 0.000000
vt 0.551023 -0.222656 0.000000
vt 0.549863 -0.248184 0.000000
vt 0.602277 -0.270187 0.000000
vt 0.518689 -0.545471 0.000000
vt 0.523542 -0.493195 0.000000
vt 0.550672 -0.275085 0.000000
vt 0.515836 -0.372925 0.000000
vt 0.595441 -0.194412 0.000000
vt 0.596998 -0.289383 0.000000
vt 0.603666 -0.315277 0.000000
vt 0.635053 -0.367477 0.000000
vt 0.601331 -0.374924 0.000000
vt 0.650617 -0.415756 0.000000
vt 0.633634 -0.205750 0.000000
vt 0.635724 -0.180496 0.000000
vt 0.664365 -0.368912 0.000000
vt 0.680219 -0.250076 0.000000
vt 0.665571 -0.415756 0.000000
vt 0.719938 -0.264099 0.000000
vt 0.690900 -0.415710 0.000000
vt 0.679776 -0.415741 0.000000
vt 0.563962 -0.357239 0.000000
vt 0.868162 -0.795609 0.000000
vt 0.896100 -0.326187 0.000000
vt 0.873487 -0.280914 0.000000
vt 0.916654 -0.258713 0.000000
vt 0.940488 -0.249435 0.000000
vt 0.912275 -0.312836 0.000000
vt 0.894529 -0.270615 0.000000
vt 0.963407 -0.239944 0.000000
vt 0.563779 -0.875076 0.000000
vt 0.600522 -0.872726 0.000000
vt 0.697614 -0.800201 0.000000
vt 0.753614 -0.272720 0.000000
vt 0.552747 -0.161163 0.000000
vt 0.595716 -0.169479 0.000000
vt 0.710920 -0.759705 0.000000
vt 0.536283 -0.606476 0.000000
vt 0.593641 -0.625839 0.000000
vt 0.532193 -0.592072 0.000000
vt 0.554838 -0.597687 0.000000
vt 0.562391 -0.613922 0.000000
vt 0.666639 -0.657578 0.000000
vt 0.658735 -0.685242 0.000000
vt 0.916410 -0.749100 0.000000
vt 0.827802 -0.636093 0.000000
vt 0.831983 -0.586166 0.000000
vt 0.832609 -0.465866 0.000000
vt 0.815519 -0.532410 0.000000
vt 0.734266 -0.449310 0.000000
vt 0.808332 -0.590698 0.000000
vt 0.801038 -0.638824 0.000000
vt 0.574643 -0.497360 0.000000
vt 0.584592 -0.546768 0.000000
vt 0.574262 -0.537460 0.000000
vt 0.664121 -0.619705 0.000000
vt 0.716703 -0.693283 0.000000
vt 0.689420 -0.674088 0.000000
vt 0.699506 -0.728592 0.000000
vt 0.756605 -0.618851 0.000000
vt 0.628675 -0.773560 0.000000
vt 0.667890 -0.755981 0.000000
vt 0.701566 -0.485916 0.000000
vt 0.695661 -0.468231 0.000000
vt 0.678876 -0.703644 0.000000
vt 0.658994 -0.725616 0.000000
vt 0.555204 -0.758881 0.000000
vt 0.633710 -0.462280 0.000000
vt 0.548902 -0.501785 0.000000
vt 0.788968 -0.590759 0.000000
vt 0.775770 -0.627426 0.000000
vt 0.535322 -0.362808 0.000000
vt 0.583249 -0.602219 0.000000
vt 0.547010 -0.670624 0.000000
vt 0.626096 -0.951599 0.000000
vt 0.659101 -0.950867 0.000000
vt 0.673124 -0.900894 0.000000
vt 0.635557 -0.902405 0.000000
vt 0.647855 -0.701767 0.000000
vt 0.725400 -0.867157 0.000000
vt 0.742780 -0.834885 0.000000
vt 0.783841 -0.836960 0.000000
vt 0.764936 -0.865891 0.000000
vt 0.803098 -0.862457 0.000000
vt 0.871839 -0.866791 0.000000
vt 0.871076 -0.928680 0.000000
vt 0.593534 -0.952240 0.000000
vt 0.598661 -0.903732 0.000000
vt 0.617582 -0.702637 0.000000
vt 0.538709 -0.678162 0.000000
vt 0.538495 -0.676132 0.000000
vt 0.786802 -0.259781 0.000000
vt 0.904218 -0.928543 0.000000
vt 0.933133 -0.841309 0.000000
vt 0.554715 -0.137054 0.000000
vt 0.599775 -0.143051 0.000000
vt 0.568509 -0.074371 0.000000
vt 0.577344 -0.056229 0.000000
vt 0.633924 -0.078232 0.000000
vt 0.621366 -0.092667 0.000000
vt 0.608930 -0.041153 0.000000
vt 0.658124 -0.066971 0.000000
vt 0.599058 -0.115204 0.000000
vt 0.558317 -0.104095 0.000000
vt 0.645154 -0.033203 0.000000
vt 0.689664 -0.052979 0.000000
vt 0.685087 -0.024170 0.000000
vt 0.726667 -0.044220 0.000000
vt 0.765378 -0.030319 0.000000
vt 0.726133 -0.018036 0.000000
vt 0.763120 -0.009964 0.000000
vt 0.801877 -0.020050 0.000000
vt 0.984449 -0.959702 0.000000
vt 0.968625 -0.949371 0.000000
vt 0.852323 -0.003357 0.000000
vt 0.996732 -0.914871 0.000000
vt 0.902326 -0.003357 0.000000
vt 0.996625 -0.893295 0.000000
vt 0.637220 -0.157303 0.000000
vt 0.676374 -0.176712 0.000000
vt 0.725446 -0.130753 0.000000
vt 0.682187 -0.104370 0.000000
vt 0.704999 -0.090607 0.000000
vt 0.748502 -0.123108 0.000000
vt 0.707837 -0.137985 0.000000
vt 0.665738 -0.113098 0.000000
vt 0.688230 -0.151001 0.000000
vt 0.643461 -0.130157 0.000000
vt 0.776670 -0.106750 0.000000
vt 0.734800 -0.081100 0.000000
vt 0.769666 -0.063477 0.000000
vt 0.810804 -0.093918 0.000000
vt 0.846479 -0.072525 0.000000
vt 0.807660 -0.050446 0.000000
vt 0.843961 -0.031677 0.000000
vt 0.883787 -0.052612 0.000000
vt 0.952329 -0.003357 0.000000
vt 0.996518 -0.871704 0.000000
vt 0.931852 -0.931839 0.000000
vt 0.951703 -0.939713 0.000000
vt 0.746229 -0.168304 0.000000
vt 0.764249 -0.164703 0.000000
vt 0.798383 -0.200684 0.000000
vt 0.780362 -0.203751 0.000000
vt 0.755048 -0.213165 0.000000
vt 0.727186 -0.179703 0.000000
vt 0.813978 -0.143784 0.000000
vt 0.786435 -0.153839 0.000000
vt 0.880002 -0.107727 0.000000
vt 0.845151 -0.124481 0.000000
vt 0.911954 -0.087952 0.000000
vt 0.848951 -0.235489 0.000000
vt 0.905698 -0.147400 0.000000
vt 0.926023 -0.196518 0.000000
vt 0.897840 -0.211014 0.000000
vt 0.874830 -0.166199 0.000000
vt 0.871595 -0.224518 0.000000
vt 0.845060 -0.180099 0.000000
vt 0.819776 -0.193939 0.000000
vt 0.988447 -0.168640 0.000000
vt 0.996076 -0.776459 0.000000
vt 0.952985 -0.182068 0.000000
vt 0.938535 -0.127411 0.000000
vt 0.963453 -0.470947 0.000000
vt 0.948377 -0.448196 0.000000
vt 0.910291 -0.454330 0.000000
vt 0.947645 -0.455704 0.000000
vt 0.500045 -0.953522 0.000000
vt 0.500045 -0.713089 0.000000
vt 0.500045 -0.187714 0.000000

vn 0.709609 -0.331559 0.621710
vn 0.459897 -0.462245 0.758171
vn 0.629020 -0.756898 0.177311
vn -0.913631 -0.165385 -0.371384
vn -0.485790 -0.263579 -0.833387
vn -0.427414 -0.738201 -0.521898
vn -0.009814 -0.960201 0.279138
vn 0.428937 -0.735659 -0.524231
vn 0.469487 -0.287939 -0.834670
vn 0.920851 -0.179315 -0.346237
vn 0.983272 0.181742 0.012054
vn 0.983272 0.181742 0.012054
vn 0.901864 -0.102387 0.419713
vn 0.901864 -0.102387 0.419713
vn 0.998019 -0.021989 -0.058947
vn 0.998019 -0.021989 -0.058947
vn -0.982694 0.183192 0.027459
vn -0.982694 0.183192 0.027459
vn -0.898980 -0.075848 0.431371
vn -0.898980 -0.075848 0.431371
vn -0.571655 0.772709 -0.275918
vn -0.997781 -0.028222 -0.060312
vn -0.997781 -0.028222 -0.060312
vn 0.570098 0.772785 -0.278912
vn -0.620467 -0.761270 0.188385
vn 0.003050 0.832828 0.553524
vn -0.551239 0.831067 0.073920
vn -0.370083 0.708385 0.601023
vn 0.413165 0.680297 0.605384
vn 0.559431 0.823234 0.096555
vn -0.388793 -0.535987 0.749372
vn -0.705390 -0.384543 0.595443
vn -0.458805 0.710157 -0.534018
vn 0.441556 0.719275 -0.536350
vn 0.783754 0.576926 -0.229967
vn -0.786348 0.544114 -0.292568
vn 0.697521 0.236621 0.676369
vn -0.673689 0.216572 0.706569
vn -0.011133 -0.283587 0.958882
vn -0.001325 -0.302534 -0.953138
vn -0.513253 -0.284451 -0.809728
vn -0.515669 -0.279868 -0.809790
vn 0.002376 -0.301578 -0.953438
vn -0.831724 -0.234721 -0.503131
vn -0.830985 -0.231846 -0.505678
vn -0.958127 -0.166715 -0.232805
vn -0.958653 -0.178529 -0.221611
vn -0.991488 -0.075134 -0.106329
vn -0.991787 -0.091470 -0.089396
vn -0.998268 -0.047158 -0.035171
vn -0.998357 -0.050894 -0.026317
vn 0.998065 -0.045308 -0.042576
vn 0.990823 -0.084968 -0.105123
vn 0.993506 -0.062238 -0.095247
vn 0.998684 -0.036431 -0.036096
vn 0.948184 -0.180588 -0.261411
vn 0.952761 -0.164001 -0.255636
vn 0.828940 -0.232076 -0.508920
vn 0.831230 -0.230326 -0.505971
vn 0.503134 -0.287001 -0.815161
vn 0.512348 -0.287295 -0.809296
vn 0.001621 -0.102345 -0.994748
vn -0.457279 -0.097733 -0.883937
vn -0.473477 -0.103684 -0.874682
vn 0.004407 -0.099148 -0.995063
vn -0.731707 -0.066068 -0.678409
vn -0.737638 -0.076990 -0.670793
vn -0.925450 -0.022608 -0.378196
vn -0.924968 -0.026682 -0.379108
vn -0.988967 0.003077 -0.148105
vn -0.988506 0.006457 -0.151045
vn -0.994853 -0.009463 -0.100881
vn -0.994217 -0.001874 -0.107370
vn 0.993830 0.012238 -0.110235
vn 0.988547 0.020099 -0.149570
vn 0.988370 0.016866 -0.151133
vn 0.993449 0.003779 -0.114213
vn 0.939468 -0.007868 -0.342547
vn 0.941872 -0.001892 -0.335966
vn 0.750382 -0.058796 -0.658384
vn 0.756877 -0.045839 -0.651948
vn 0.432510 -0.094997 -0.896611
vn 0.451587 -0.085260 -0.888144
vn 0.980774 -0.193462 0.025590
vn 0.559291 -0.635130 0.532733
vn 0.559291 -0.635130 0.532733
vn 0.555546 -0.825566 0.099042
vn 0.555546 -0.825566 0.099042
vn -0.544734 -0.829085 0.126031
vn -0.544734 -0.829085 0.126031
vn -0.542794 -0.644918 0.538010
vn -0.542794 -0.644918 0.538010
vn -0.979720 -0.194476 0.048246
vn 0.455154 0.601904 -0.656160
vn 0.239825 0.916192 -0.321054
vn 0.876322 0.349363 -0.331670
vn -0.881339 0.363065 -0.302366
vn -0.241856 0.913949 -0.325889
vn -0.421184 0.628306 -0.654092
vn 0.919011 0.384197 -0.088385
vn 0.266122 0.949357 -0.167034
vn 0.544759 0.517625 0.659774
vn 0.544759 0.517625 0.659774
vn -0.552982 0.496468 0.669127
vn -0.552982 0.496468 0.669127
vn -0.285342 0.940073 -0.186662
vn -0.919656 0.383427 -0.084948
vn 0.478629 -0.875244 -0.069734
vn 0.478629 -0.875244 -0.069734
vn -0.000530 -0.985727 0.168349
vn -0.001017 -0.998496 0.054810
vn -0.011977 0.953125 -0.302340
vn 0.010567 0.988486 -0.150941
vn 0.541417 -0.075192 -0.837385
vn 0.424675 -0.768697 -0.478285
vn -0.003634 -0.840206 -0.542255
vn -0.003260 -0.067796 -0.997694
vn -0.426271 -0.771190 -0.472819
vn -0.536531 -0.083963 -0.839693
vn -0.925415 -0.314956 -0.210736
vn -0.004327 -0.754574 0.656201
vn 0.006914 0.642572 0.766194
vn 0.006914 0.642572 0.766194
vn 0.922384 -0.320714 -0.215290
vn -0.470850 -0.878603 -0.079726
vn -0.470850 -0.878603 -0.079726
vn -0.010079 0.704533 -0.709600
vn -0.942035 0.199508 0.269753
vn -0.518168 -0.160182 0.840145
vn -0.000140 0.562676 0.826678
vn -0.003535 0.044332 0.999011
vn 0.938793 0.227634 0.258556
vn 0.551854 -0.168820 0.816674
vn -0.006206 0.969781 -0.243899
vn 0.657373 0.706830 -0.261251
vn 0.967690 -0.006858 -0.252050
vn 0.661306 -0.722401 -0.202017
vn -0.004146 -0.986680 -0.162618
vn -0.004146 -0.986680 -0.162618
vn -0.670731 -0.722409 -0.168060
vn -0.979277 -0.006853 -0.202410
vn -0.669841 0.706807 -0.227457
vn -0.010666 0.908433 -0.417894
vn 0.611415 0.658655 -0.438572
vn 0.900731 -0.015375 -0.434105
vn 0.614170 -0.689464 -0.383973
vn -0.008746 -0.939358 -0.342827
vn -0.632930 -0.689465 -0.352190
vn -0.921675 -0.015367 -0.387659
vn -0.632955 0.658650 -0.406875
vn -0.018388 0.692268 -0.721407
vn 0.453905 0.498669 -0.738444
vn 0.673693 -0.027592 -0.738496
vn 0.457786 -0.550788 -0.697900
vn -0.016897 -0.748813 -0.662566
vn -0.492742 -0.550779 -0.673682
vn -0.710432 -0.027593 -0.703225
vn -0.490936 0.498669 -0.714361
vn -0.023777 0.359107 -0.932994
vn -0.162131 0.338343 -0.926951
vn 0.210242 0.260234 -0.942378
vn 0.114684 0.338347 -0.934007
vn 0.327750 -0.044743 -0.943704
vn 0.325240 0.119155 -0.938094
vn 0.224271 -0.315459 -0.922056
vn 0.321928 -0.187675 -0.927976
vn -0.023090 -0.423743 -0.905488
vn 0.114887 -0.407388 -0.906000
vn -0.270956 -0.315458 -0.909433
vn -0.160901 -0.407388 -0.898969
vn -0.375424 -0.044739 -0.925773
vn -0.368783 -0.187691 -0.910369
vn -0.257990 0.260214 -0.930446
vn -0.372599 0.119177 -0.920308
vn -0.025467 -0.034886 -0.999067
vn 0.006222 0.969782 -0.243895
vn -0.657383 0.706819 -0.261256
vn -0.967700 -0.006853 -0.252011
vn -0.661301 -0.722401 -0.202031
vn 0.004144 -0.986679 -0.162623
vn 0.004144 -0.986679 -0.162623
vn 0.670740 -0.722390 -0.168108
vn 0.979271 -0.006850 -0.202440
vn 0.669837 0.706814 -0.227448
vn 0.010654 0.908433 -0.417894
vn -0.611417 0.658652 -0.438573
vn -0.900737 -0.015368 -0.434094
vn -0.614159 -0.689475 -0.383969
vn 0.008740 -0.939358 -0.342826
vn 0.632919 -0.689466 -0.352209
vn 0.921671 -0.015371 -0.387667
vn 0.632960 0.658648 -0.406873
vn 0.018395 0.692267 -0.721407
vn -0.453926 0.498659 -0.738438
vn -0.673681 -0.027584 -0.738507
vn -0.457791 -0.550788 -0.697897
vn 0.016891 -0.748813 -0.662566
vn 0.492744 -0.550785 -0.673676
vn 0.710440 -0.027593 -0.703217
vn 0.490934 0.498671 -0.714361
vn 0.023780 0.359106 -0.932994
vn 0.162139 0.338342 -0.926950
vn -0.210247 0.260229 -0.942378
vn -0.114683 0.338347 -0.934007
vn -0.327751 -0.044730 -0.943705
vn -0.325241 0.119144 -0.938095
vn -0.224279 -0.315449 -0.922058
vn -0.321938 -0.187666 -0.927975
vn 0.023090 -0.423742 -0.905488
vn -0.114897 -0.407388 -0.905999
vn 0.270953 -0.315467 -0.909431
vn 0.160897 -0.407390 -0.898969
vn 0.375383 -0.044752 -0.925789
vn 0.368791 -0.187665 -0.910371
vn 0.257991 0.260205 -0.930448
vn 0.372614 0.119146 -0.920306
vn 0.025462 -0.034887 -0.999067
vn 0.901864 -0.102387 0.419713
vn -0.898980 -0.075848 0.431371
vn 0.697521 0.236621 0.676369
vn -0.673689 0.216572 0.706569
vn 0.434397 -0.894455 -0.106059
vn 0.635930 -0.771703 -0.008287
vn 0.356335 -0.894124 0.271232
vn 0.937424 -0.055390 -0.343757
vn 0.975219 -0.178886 -0.130185
vn 0.903161 -0.167662 -0.395208
vn 0.763586 0.073480 -0.641512
vn 0.907251 0.068167 -0.415029
vn 0.914320 -0.258020 -0.312163
vn 0.938768 -0.088689 -0.332941
vn 0.526194 0.301542 -0.795106
vn 0.656046 0.387579 -0.647600
vn 0.837605 0.262779 -0.478921
vn -0.757184 -0.421078 0.499365
vn 0.256843 0.108347 -0.960361
vn -0.892448 -0.250580 0.375162
vn -0.463363 0.360684 -0.809445
vn 0.591342 -0.505693 -0.628163
vn 0.585373 -0.644878 -0.491397
vn 0.493338 -0.487920 -0.720105
vn 0.272598 -0.596612 -0.754814
vn 0.604526 0.544172 -0.581743
vn 0.112161 0.977303 -0.179721
vn 0.852471 -0.253250 -0.457337
vn 0.476234 -0.785560 -0.395092
vn 0.870810 -0.469688 -0.145201
vn 0.868893 -0.033091 -0.493893
vn 0.727331 -0.395500 -0.560864
vn 0.808074 -0.100181 -0.580500
vn 0.941240 -0.321285 0.104128
vn 0.960783 -0.256971 0.104219
vn 0.934581 -0.350494 -0.060927
vn 0.923074 -0.372048 0.097542
vn 0.905207 -0.401376 -0.139634
vn 0.866285 -0.463628 -0.186008
vn 0.103436 -0.389546 0.915180
vn 0.154521 -0.384430 0.910130
vn 0.154521 -0.384430 0.910130
vn 0.275543 -0.457563 0.845407
vn 0.948816 -0.179452 -0.259894
vn 0.954615 -0.160766 -0.250727
vn 0.819564 -0.098290 -0.564494
vn 0.728061 -0.115121 -0.675776
vn 0.854014 -0.244406 -0.459266
vn 0.753541 -0.270995 -0.598947
vn 0.761885 0.115895 -0.637259
vn 0.894395 -0.140765 -0.424551
vn 0.958736 -0.133934 -0.250772
vn 0.943969 -0.127947 -0.304222
vn 0.939955 -0.181541 -0.289012
vn 0.948617 -0.116983 -0.294007
vn 0.971596 -0.148861 0.183959
vn 0.920580 0.046464 0.387780
vn 0.862468 -0.172764 0.475711
vn 0.956650 -0.206789 -0.205084
vn 0.982342 -0.043186 -0.182042
vn 0.928263 -0.254907 -0.270832
vn 0.899140 -0.403035 -0.170616
vn 0.469846 -0.861652 0.191836
vn 0.984901 -0.165389 -0.051150
vn 0.991230 -0.112739 -0.068939
vn 0.971963 -0.216265 -0.092289
vn 0.782929 -0.237457 -0.575010
vn 0.217981 -0.966426 -0.136031
vn 0.431664 -0.795279 -0.425673
vn 0.223649 -0.950959 -0.213677
vn 0.986970 -0.146619 -0.066286
vn 0.981493 -0.032341 -0.188749
vn 0.982568 -0.085476 -0.165089
vn 0.972907 0.052947 -0.225052
vn 0.998397 0.055961 -0.008500
vn 0.794598 0.125367 -0.594052
vn 0.726165 0.274683 -0.630264
vn 0.214266 0.373995 -0.902340
vn 0.740035 -0.040002 -0.671377
vn 0.705720 0.144778 -0.693541
vn 0.701461 -0.711997 0.031826
vn 0.823614 -0.001905 0.567148
vn 0.823614 -0.001905 0.567148
vn 0.922000 0.101159 0.373741
vn 0.932700 -0.032907 0.359150
vn 0.932700 -0.032907 0.359150
vn 0.920152 0.288359 -0.264896
vn 0.827437 0.347235 -0.441334
vn 0.802878 0.502325 -0.321026
vn -0.089711 0.418879 -0.903600
vn 0.951571 0.048679 -0.303550
vn 0.644919 0.531892 -0.548791
vn 0.873675 -0.215008 -0.436422
vn 0.905643 0.166834 -0.389843
vn 0.976198 -0.196779 -0.091193
vn 0.766983 -0.584814 0.264063
vn 0.805517 -0.092834 -0.585256
vn 0.932844 -0.275946 -0.231638
vn 0.393564 0.039380 -0.918453
vn 0.146491 0.443076 -0.884434
vn 0.738636 -0.528276 -0.418738
vn 0.551988 -0.344843 -0.759206
vn 0.901706 -0.425182 0.078394
vn 0.937401 -0.289880 0.192998
vn 0.951576 -0.253385 -0.174068
vn 0.962170 -0.261723 -0.075693
vn 0.955136 -0.013269 0.295871
vn 0.955136 -0.013269 0.295871
vn 0.350318 0.009882 -0.936579
vn 0.459651 -0.153867 -0.874669
vn 0.436798 -0.062696 -0.897372
vn 0.633574 -0.116263 -0.764897
vn 0.717892 -0.328400 -0.613828
vn 0.620227 -0.612033 -0.490648
vn 0.369754 -0.672660 -0.640946
vn 0.559068 -0.367392 -0.743281
vn 0.445580 -0.863402 -0.236633
vn 0.889759 -0.173204 -0.422291
vn 0.915541 0.114812 -0.385490
vn 0.890640 -0.177998 -0.418423
vn 0.909420 0.393836 -0.133601
vn 0.969477 0.211650 -0.123766
vn -0.744669 -0.075043 0.663202
vn -0.942035 0.199508 0.269753
vn -0.731486 -0.027202 0.681313
vn 0.417547 -0.720456 -0.553712
vn 0.678346 -0.199732 -0.707074
vn 0.838144 0.090613 -0.537870
vn -0.328482 0.884658 -0.330877
vn 0.872135 0.466596 -0.147201
vn 0.934035 -0.328273 0.140770
vn 0.928703 -0.260751 0.263665
vn 0.810719 -0.289345 -0.508934
vn 0.767682 -0.194131 -0.610719
vn -0.133824 0.325662 0.935968
vn -0.133824 0.325662 0.935968
vn -0.064257 0.177555 0.982011
vn -0.251308 0.555927 0.792331
vn -0.000713 -0.997168 0.075197
vn 0.003025 -0.915592 0.402096
vn 0.875792 -0.361241 -0.320147
vn 0.491331 -0.697640 -0.521434
vn 0.119138 -0.903469 -0.411765
vn 0.504165 -0.696592 -0.510468
vn 0.955079 -0.221445 -0.196941
vn 0.951505 -0.211411 -0.223481
vn 0.745806 0.075060 -0.661921
vn -0.758319 0.581761 -0.294119
vn 0.794074 0.500612 -0.344722
vn 0.882734 0.243178 -0.402052
vn -0.149262 -0.730129 -0.666808
vn 0.718418 -0.352434 -0.599722
vn 0.167267 -0.850963 -0.497879
vn 0.067414 -0.914517 -0.398891
vn 0.926777 -0.038112 -0.373673
vn 0.480087 0.434394 -0.762115
vn 0.959223 0.215989 -0.182319
vn 0.311077 -0.696262 -0.646878
vn 0.519945 -0.698345 -0.491906
vn 0.182003 -0.452024 -0.873241
vn 0.127127 -0.209406 -0.969530
vn 0.393312 -0.918724 -0.035389
vn 0.393240 -0.314750 -0.863883
vn 0.515019 -0.856601 -0.031466
vn 0.270582 -0.960942 -0.058096
vn 0.735948 -0.307493 -0.603182
vn 0.831999 0.141153 -0.536519
vn 0.779462 -0.508489 -0.365893
vn -0.057128 0.428477 -0.901745
vn 0.220088 0.545871 -0.808447
vn -0.327245 0.932527 -0.152655
vn -0.790771 0.593228 -0.150867
vn 0.762408 -0.642373 -0.078044
vn 0.960097 0.222145 -0.169900
vn 0.926462 0.370928 -0.063875
vn 0.824365 -0.565745 -0.018833
vn 0.327312 0.938513 -0.109822
vn 0.330035 0.918737 -0.216794
vn 0.040619 0.847121 -0.529845
vn 0.088991 0.986111 -0.140234
vn 0.408000 -0.873221 -0.266498
vn 0.717392 -0.247980 -0.651042
vn 0.660403 -0.104101 -0.743661
vn 0.588480 -0.485336 -0.646638
vn 0.584938 -0.672971 -0.452722
vn 0.617856 -0.398900 -0.677593
vn 0.732060 0.358124 -0.579513
vn 0.868924 0.226627 -0.440013
vn 0.905216 0.400973 0.140731
vn 0.909662 -0.395771 -0.126015
vn 0.915559 -0.210348 -0.342790
vn 0.961511 0.131238 -0.241399
vn 0.933932 -0.122286 -0.335883
vn 0.969063 -0.067481 -0.237411
vn 0.928337 -0.123971 -0.350460
vn 0.990627 -0.029669 -0.133334
vn 0.921452 -0.325665 -0.211822
vn 0.017677 -0.910260 -0.413659
vn -0.025158 -0.806904 -0.590147
vn -0.099953 -0.922889 -0.371866
vn -0.046908 -0.942262 -0.331576
vn 0.665970 -0.492255 -0.560509
vn 0.666912 -0.546917 -0.506073
vn 0.686293 0.509976 -0.518582
vn 0.613486 -0.408762 -0.675684
vn 0.344142 -0.616618 -0.708060
vn 0.060833 -0.537898 -0.840812
vn 0.513593 -0.170880 -0.840846
vn 0.644792 -0.149948 -0.749506
vn 0.987853 -0.090865 -0.126053
vn 0.989962 -0.139696 -0.021452
vn 0.996922 -0.072015 0.030998
vn 0.985862 0.075561 -0.149554
vn 0.978818 0.175019 0.106224
vn 0.284666 -0.133152 -0.949334
vn 0.978878 -0.194704 0.062351
vn 0.692022 -0.286083 0.662768
vn 0.769518 -0.327303 0.548374
vn 0.988406 -0.119111 -0.094158
vn 0.812314 -0.098551 -0.574834
vn 0.996079 -0.024624 0.084975
vn 0.978597 0.199853 -0.049049
vn 0.975726 -0.077896 0.204674
vn 0.570929 0.094282 0.815568
vn 0.156906 -0.218413 0.963159
vn 0.075059 -0.126658 0.989103
vn 0.075059 -0.126658 0.989103
vn 0.185532 -0.289028 0.939170
vn 0.185532 -0.289028 0.939170
vn 0.242072 -0.331987 0.911694
vn 0.996053 -0.086742 -0.018798
vn 0.724646 -0.368386 0.582391
vn 0.729438 -0.593950 0.339327
vn 0.738402 -0.652615 -0.169870
vn 0.962368 -0.255294 -0.093133
vn 0.981896 -0.171186 0.081089
vn 0.869211 -0.104159 -0.483345
vn 0.637773 -0.262724 -0.724032
vn 0.725478 0.304307 -0.617316
vn 0.908192 0.231937 -0.348415
vn -0.933780 -0.330034 -0.138319
vn 0.661002 0.412063 -0.627121
vn 0.442214 0.891931 -0.094366
vn 0.004696 0.003989 -0.999981
vn -0.000006 0.553812 -0.832642
vn -0.002746 -0.963870 0.266360
vn -0.025035 -0.788004 -0.615161
vn -0.000006 -0.611528 -0.791223
vn -0.000001 -0.447050 -0.894509
vn 0.000003 0.006155 -0.999981
vn -0.000004 -0.065392 -0.997860
vn -0.000001 -0.228027 -0.973655
vn 0.000001 -0.193442 -0.981112
vn -0.000001 -0.585441 -0.810715
vn -0.000001 0.079994 -0.996795
vn 0.000004 0.470973 -0.882148
vn -0.000000 0.158209 -0.987406
vn -0.000001 -0.492507 -0.870308
vn -0.000001 -0.802511 -0.596638
vn -0.000001 -0.084811 -0.996397
vn -0.000001 0.720980 -0.692956
vn -0.000001 0.405177 -0.914238
vn -0.000263 -0.392525 0.919741
vn 0.000001 -0.075868 0.997118
vn 0.000001 -0.075868 0.997118
vn 0.000001 -0.075868 0.997118
vn 0.000001 -0.075868 0.997118
vn 0.000000 0.976842 0.213962
vn -0.000003 0.612405 0.790544
vn -0.000003 0.612405 0.790544
vn 0.000002 0.351934 0.936025
vn 0.000002 0.351934 0.936025
vn 0.994410 -0.078985 -0.070073
vn 0.982942 -0.147209 -0.110247
vn 0.997688 -0.033554 -0.059092
vn 0.916015 -0.050629 -0.397936
vn 0.823819 -0.147216 -0.547403
vn 0.873840 -0.163484 -0.457905
vn 0.776612 -0.237016 -0.583693
vn 0.811319 -0.342066 -0.474079
vn 0.912396 -0.031352 -0.408107
vn 0.980992 0.086260 -0.173821
vn 0.996253 -0.085070 -0.015571
vn 0.981311 -0.190019 0.030356
vn 0.951534 -0.303332 -0.050725
vn 0.983146 -0.125896 -0.132570
vn 0.995768 0.047700 -0.078556
vn 0.996591 0.020631 -0.079875
vn 0.977890 0.070334 -0.196935
vn 0.975909 0.086425 -0.200332
vn 0.999679 -0.012207 0.022202
vn 0.999503 0.031477 0.001664
vn 0.994137 0.107936 0.006386
vn 0.996642 0.077241 0.027177
vn 0.122411 -0.605567 -0.786323
vn 0.171657 -0.602490 -0.779448
vn 0.369271 -0.234476 -0.899255
vn 0.239211 -0.195641 -0.951054
vn 0.981554 -0.070348 0.177770
vn 0.979262 0.041363 0.198332
vn 0.999341 -0.030190 -0.020175
vn 0.950294 -0.172040 0.259508
vn 0.950294 -0.172040 0.259508
vn 0.968662 -0.101197 0.226832
vn 0.968662 -0.101197 0.226832
vn 0.991180 -0.069885 -0.112595
vn 0.995371 -0.060591 -0.074605
vn 0.994314 -0.104678 -0.019533
vn 0.270885 -0.279647 -0.921096
vn 0.551270 -0.201123 -0.809723
vn 0.562688 -0.634715 -0.529641
vn 0.253388 -0.761794 -0.596208
vn 0.736908 -0.233923 -0.634230
vn 0.780661 -0.488294 -0.390049
vn 0.240830 -0.001592 -0.970566
vn 0.163909 -0.981440 -0.099542
vn 0.129973 -0.951946 0.277319
vn 0.811537 0.322057 -0.487532
vn 0.826232 0.303574 -0.474536
vn 0.641388 0.438276 -0.629711
vn 0.616640 0.319504 -0.719494
vn 0.908649 -0.116189 -0.401071
vn 0.749476 -0.035114 -0.661099
vn 0.646947 -0.033366 -0.761804
vn 0.836365 -0.181687 -0.517188
vn 0.941827 -0.227972 -0.246962
vn 0.740973 -0.038955 -0.670404
vn 0.940186 -0.033575 -0.339004
vn 0.988365 -0.018369 -0.150990
vn 0.784182 -0.160903 -0.599306
vn 0.931206 -0.136630 -0.337916
vn 0.690952 0.414526 -0.592245
vn 0.661874 0.399527 -0.634272
vn 0.395012 0.359280 -0.845508
vn 0.620120 0.297930 -0.725733
vn 0.579675 0.245636 -0.776943
vn 0.371324 0.265305 -0.889793
vn 0.074841 -0.997184 0.004864
vn 0.980393 -0.096418 -0.171853
vn 0.969031 -0.168216 -0.180780
vn 0.836716 -0.482759 -0.258552
vn 0.884004 -0.412713 -0.219556
vn 0.762704 -0.641550 -0.081828
vn 0.551666 -0.804652 -0.219543
vn 0.599289 -0.800472 0.009901
vn 0.757504 -0.651745 -0.037620
vn 0.722890 -0.663542 -0.192723
vn 0.618112 0.352030 -0.702860
vn 0.879221 0.330514 -0.343120
vn 0.869714 0.307402 -0.386136
vn 0.678048 0.121387 -0.724925
vn 0.520259 0.095874 -0.848610
vn 0.337774 -0.185835 -0.922699
vn 0.602688 -0.624159 -0.497185
vn 0.601532 -0.538705 -0.589879
vn 0.622095 0.217509 -0.752122
vn 0.626673 -0.060386 -0.776940
vn 0.520283 0.293473 -0.801984
vn 0.512945 -0.829597 -0.220583
vn 0.551949 -0.548910 -0.627734
vn 0.517451 0.183217 -0.835868
vn 0.543649 -0.424232 -0.724205
vn 0.852839 -0.220331 -0.473414
vn 0.624745 -0.737597 -0.256214
vn 0.402636 -0.765586 -0.501759
vn 0.723499 -0.209931 -0.657630
vn 0.615236 -0.152205 -0.773511
vn 0.613437 -0.147420 -0.775862
vn 0.586169 -0.089970 -0.805178
vn 0.742175 -0.233282 -0.628296
vn 0.690793 -0.215219 -0.690279
vn 0.402329 -0.241520 -0.883062
vn 0.182776 -0.088151 -0.979195
vn 0.903905 0.277922 -0.325137
vn 0.904309 -0.000472 -0.426877
vn 0.926733 -0.134133 -0.350961
vn 0.932087 0.144541 -0.332147
vn 0.593024 0.012691 -0.805085
vn 0.797639 -0.390986 -0.459241
vn 0.111402 -0.033320 -0.993217
vn 0.152658 -0.067235 -0.985989
vn 0.604242 0.038292 -0.795880
vn 0.617613 0.185625 -0.764263
vn 0.474684 -0.435293 -0.764980
vn 0.400645 -0.238089 -0.884758
vn 0.190949 -0.208339 -0.959236
vn 0.188836 -0.516271 -0.835347
vn 0.625791 -0.698943 -0.346213
vn 0.884860 0.275902 -0.375368
vn 0.686174 -0.213156 -0.695507
vn 0.959643 -0.000225 -0.281220
vn 0.888616 -0.235674 -0.393471
vn 0.767636 0.197872 -0.609575
vn 0.750047 0.345504 -0.563965
vn 0.530736 0.350529 -0.771653
vn 0.917153 0.123355 -0.378964
vn 0.905831 0.199286 -0.373839
vn 0.504820 0.128206 -0.853651
vn 0.397436 -0.362186 -0.843128
vn 0.158444 -0.886111 -0.435549
vn 0.207819 -0.863456 -0.459624
vn 0.176716 -0.722280 -0.668642
vn -0.018963 -0.845699 -0.533323
vn 0.898385 0.229293 -0.374605
vn 0.674548 0.475704 -0.564526
vn 0.581631 0.399716 -0.708472
vn 0.453708 0.255247 -0.853814
vn 0.436556 0.393741 -0.808942
vn 0.375721 0.267714 -0.887222
vn 0.462843 0.065737 -0.884000
vn 0.683587 0.023016 -0.729506
vn 0.692342 -0.254085 -0.675354
vn 0.815186 -0.108819 -0.568885
vn 0.550799 -0.419602 -0.721495
vn 0.363413 -0.473075 -0.802578
vn 0.702051 -0.412597 -0.580420
vn 0.731533 -0.452439 -0.510056
vn 0.748455 -0.327027 -0.576947
vn -0.266070 -0.962613 -0.050826
vn 0.057529 -0.900867 -0.430266
vn -0.444051 -0.893665 -0.064671
vn -0.125891 -0.990475 -0.055782
vn 0.032956 -0.771039 -0.635935
vn -0.024887 -0.684924 -0.728190
vn 0.061070 -0.996508 -0.056939
vn -0.082658 -0.680563 -0.728012
vn -0.015665 -0.694412 -0.719408
vn 0.184475 -0.705462 -0.684319
vn -0.068904 -0.617968 -0.783178
vn 0.085125 -0.789135 -0.608292
vn -0.046574 -0.858455 -0.510770
vn 0.750861 -0.176686 -0.636388
vn -0.504955 0.080585 -0.859375
vn -0.924150 -0.153513 -0.349829
vn 0.202828 -0.645388 -0.736434
vn 0.329456 -0.687651 -0.646989
vn 0.537280 -0.372423 -0.756724
vn 0.224601 -0.226437 -0.947777
vn 0.123253 -0.210717 -0.969746
vn 0.570439 -0.247777 -0.783075
vn 0.580338 -0.285908 -0.762538
vn -0.077920 0.173718 -0.981708
vn 0.144056 0.122567 -0.981950
vn 0.487070 0.384017 -0.784407
vn 0.191685 0.485184 -0.853143
vn 0.654541 0.246750 -0.714626
vn 0.142873 0.646009 -0.749840
vn 0.346586 0.809125 -0.474547
vn 0.129347 0.767645 -0.627687
vn 0.453472 -0.817888 -0.354150
vn 0.433333 -0.689049 -0.580892
vn -0.320572 0.906468 -0.274863
vn 0.287757 -0.287476 -0.913539
vn 0.360997 0.332856 -0.871142
vn 0.766653 -0.599783 -0.229136
vn -0.346458 -0.778303 0.523652
vn -0.599498 -0.676789 0.427268
vn 0.216538 -0.615891 -0.757489
vn 0.197942 -0.270074 -0.942273
vn 0.312308 -0.651760 -0.691139
vn 0.237709 -0.729177 -0.641713
vn 0.162845 -0.853997 -0.494136
vn 0.462290 -0.685958 -0.561916
vn 0.393935 -0.371027 -0.840925
vn 0.352825 -0.095504 -0.930803
vn -0.006024 -0.955984 -0.293357
vn 0.018053 -0.995768 -0.090112
vn 0.517464 -0.486972 -0.703626
vn 0.560023 0.614412 -0.555762
vn 0.320356 0.907235 -0.272573
vn 0.660976 0.347227 -0.665240
vn 0.485533 -0.010487 -0.874156
vn 0.462409 0.182827 -0.867613
vn 0.209211 0.096833 -0.973064
vn 0.178517 0.430208 -0.884903
vn 0.407459 0.458164 -0.789976
vn 0.216690 -0.140248 -0.966114
vn -0.347524 0.931627 0.106293
vn -0.753191 0.268405 0.600552
vn -0.083398 0.991022 0.104495
vn -0.193656 0.692743 0.694698
vn 0.219638 -0.379945 -0.898555
vn 0.212687 -0.564335 -0.797678
vn 0.071243 0.842727 -0.533607
vn 0.243942 0.848911 -0.468873
vn 0.496461 -0.469981 -0.729825
vn 0.497490 -0.261731 -0.827043
vn -0.401928 -0.791925 0.459683
vn -0.054559 0.986979 0.151311
vn -0.263253 0.734819 0.625091
vn -0.620494 -0.138944 0.771804
vn -0.434218 -0.272300 0.858666
vn -0.164315 -0.815546 0.554874
vn -0.219707 -0.362112 0.905872
vn -0.518168 -0.160182 0.840145
vn -0.000140 0.562676 0.826678
vn -0.000140 0.562676 0.826678
vn -0.003535 0.044332 0.999011
vn -0.003535 0.044332 0.999011
vn 0.729687 -0.138853 0.669535
vn 0.784785 0.096443 0.612219
vn 0.979130 -0.041272 0.199000
vn 0.952680 -0.138160 0.270764
vn 0.998844 -0.035673 0.032209
vn 0.995874 -0.080930 0.041050
vn 0.750469 -0.322335 0.576972
vn 0.750469 -0.322335 0.576972
vn 0.886416 -0.287668 0.362648
vn 0.694163 -0.289231 0.659153
vn 0.943149 -0.209730 0.257843
vn 0.096254 -0.705579 0.702064
vn -0.356495 -0.495157 0.792295
vn 0.951344 -0.244747 -0.187200
vn 0.813543 -0.529213 -0.241000
vn 0.973964 -0.163656 -0.156880
vn -0.105392 0.943412 -0.314429
vn 0.523255 0.689671 -0.500558
vn -0.492496 0.581079 -0.647915
vn -0.645851 0.763464 0.000411
vn -0.457902 0.783383 0.420281
vn 0.215113 0.941981 0.257679
vn 0.360083 0.621238 0.695991
vn 0.917506 -0.297041 -0.264480
vn 0.846067 -0.533058 -0.004449
vn -0.425018 0.724203 0.543037
vn -0.425018 0.724203 0.543037
vn 0.831837 0.359310 0.423016
vn -0.562591 0.810401 0.163528
vn 0.762009 0.630866 0.146116
vn 0.195356 0.626414 -0.754614
vn 0.178811 0.392303 -0.902288
vn 0.149103 0.243822 -0.958290
vn 0.283844 0.286937 -0.914932
vn 0.408112 -0.884189 -0.227273
vn 0.616935 0.053773 -0.785175
vn 0.022829 0.161207 -0.986657
vn 0.391872 0.113124 -0.913039
vn 0.426239 0.567668 -0.704325
vn 0.288783 0.007753 -0.957363
vn 0.346551 -0.470704 -0.811382
vn -0.047122 -0.832269 -0.552365
vn 0.085186 -0.822218 -0.562762
vn 0.038652 -0.999135 -0.015362
vn 0.643065 0.479183 -0.597370
vn 0.650362 0.644171 -0.402584
vn 0.010385 -0.808348 -0.588613
vn 0.804660 0.231376 -0.546797
vn -0.214510 -0.917351 -0.335339
vn 0.929404 0.174634 -0.325131
vn -0.306291 -0.737409 -0.602008
vn -0.463768 -0.883206 -0.069757
vn 0.512234 -0.809176 -0.287838
vn 0.992399 -0.093977 -0.079451
vn 0.999952 0.002669 0.009377
vn 0.998449 -0.041559 0.037037
vn 0.978580 -0.096300 0.181957
vn 0.956199 -0.158991 0.245776
vn 0.996155 0.012265 0.086745
vn 0.992850 -0.063488 0.101082
vn 0.949600 -0.188462 0.250484
vn 0.207383 -0.973973 -0.091482
vn 0.301967 -0.932588 -0.197725
vn 0.885040 -0.441717 -0.146934
vn 0.977356 0.126369 -0.169727
vn 0.209578 0.827240 -0.521297
vn 0.439977 0.760677 -0.477274
vn 0.931067 -0.287979 -0.224012
vn 0.316548 0.019672 -0.948372
vn 0.597742 -0.084989 -0.797170
vn 0.451043 0.102537 -0.886592
vn 0.530226 0.242479 -0.812443
vn 0.547513 0.052314 -0.835160
vn 0.679659 -0.233088 -0.695509
vn 0.562748 -0.285393 -0.775800
vn 0.980928 -0.155916 0.116065
vn 0.976195 -0.190612 -0.103490
vn 0.975765 -0.202222 -0.083600
vn 0.997868 -0.047179 -0.045089
vn 0.981912 -0.186616 -0.031989
vn 0.750643 -0.151582 -0.643085
vn 0.972132 -0.228741 -0.051357
vn 0.982829 -0.168995 -0.074078
vn 0.831738 0.378484 -0.406155
vn 0.784956 -0.437549 -0.438628
vn 0.645619 -0.583778 -0.492320
vn 0.607034 -0.135271 -0.783078
vn 0.922093 -0.194190 -0.334716
vn 0.795506 -0.209987 -0.568397
vn 0.901412 -0.269512 -0.338850
vn 0.973922 -0.135508 -0.181970
vn 0.829050 -0.321202 -0.457718
vn 0.867743 -0.321799 -0.378771
vn 0.580743 0.197960 -0.789651
vn 0.567912 0.099224 -0.817087
vn 0.777912 -0.238857 -0.581207
vn 0.751396 -0.261337 -0.605893
vn 0.463448 -0.060892 -0.884029
vn 0.314820 0.194146 -0.929083
vn 0.886168 0.115086 -0.448844
vn 0.963841 -0.246857 -0.100354
vn 0.984024 -0.155211 -0.087214
vn 0.638202 -0.573719 -0.513367
vn 0.547878 0.227323 -0.805080
vn -0.676139 -0.197537 0.709800
vn 0.610782 -0.323529 -0.722686
vn 0.712688 -0.323068 -0.622658
vn 0.752893 -0.432528 -0.496056
vn 0.570215 -0.546916 -0.612975
vn 0.553633 -0.179668 -0.813148
vn 0.871108 -0.459779 -0.172553
vn 0.879727 -0.475479 -0.000349
vn 0.952561 -0.300014 -0.051172
vn 0.927830 -0.259288 -0.268143
vn 0.946304 -0.066909 -0.316277
vn 0.987106 0.141072 0.075635
vn 0.950189 0.164264 0.264874
vn 0.539944 -0.286064 -0.791598
vn 0.385070 -0.579175 -0.718524
vn 0.430790 0.120457 -0.894377
vn -0.176255 0.937184 0.301031
vn -0.421083 0.565826 0.708893
vn 0.990212 0.123892 -0.064274
vn 0.887575 0.171536 0.427534
vn 0.969064 0.116922 0.217359
vn 0.208416 0.941714 -0.264080
vn 0.435269 0.866749 -0.243490
vn 0.164827 0.966527 0.196618
vn 0.147580 0.843523 0.516420
vn 0.388026 0.792535 0.470451
vn 0.387538 0.907723 0.160792
vn 0.171766 0.595407 0.784848
vn 0.391314 0.543837 0.742371
vn 0.399277 0.915540 -0.048622
vn 0.187491 0.981690 -0.033658
vn 0.194763 0.337605 0.920918
vn 0.403868 0.288328 0.868192
vn 0.208515 0.062385 0.976027
vn 0.412735 0.031531 0.910305
vn 0.371578 -0.230804 0.899255
vn 0.188303 -0.239210 0.952534
vn 0.080400 -0.338927 0.937371
vn 0.280214 -0.300818 0.911586
vn 0.079273 0.135210 0.987641
vn 0.303068 0.125289 0.944697
vn 0.053998 -0.083398 0.995052
vn 0.053998 -0.083398 0.995052
vn 0.287852 -0.055119 0.956087
vn 0.287852 -0.055119 0.956087
vn 0.618948 0.755072 -0.216263
vn 0.782097 0.596852 -0.179141
vn 0.795382 0.542073 0.271154
vn 0.614193 0.690421 0.382211
vn 0.608923 0.468282 0.640254
vn 0.788510 0.366716 0.493733
vn 0.775714 0.626178 0.078549
vn 0.594230 0.795058 0.121544
vn 0.769392 0.637207 -0.044754
vn 0.591559 0.804232 -0.057178
vn 0.772392 0.141039 0.619288
vn 0.591898 0.223062 0.774532
vn 0.597165 -0.015360 0.801971
vn 0.763476 -0.075000 0.641467
vn 0.754916 -0.210484 0.621127
vn 0.592461 -0.211178 0.777428
vn 0.543808 -0.248759 0.801494
vn 0.764321 -0.186377 0.617315
vn 0.578362 -0.026043 0.815365
vn 0.578362 -0.026043 0.815365
vn 0.769168 0.169436 0.616175
vn 0.550620 0.137769 0.823309
vn 0.912592 0.406752 0.041571
vn 0.924359 0.355421 0.138694
vn 0.977859 0.200302 0.060581
vn 0.971357 0.237229 0.013685
vn 0.973406 0.226219 -0.036137
vn 0.912481 0.408025 -0.029904
vn 0.897129 0.045147 0.439456
vn 0.924008 0.230999 0.304712
vn 0.871684 -0.203377 0.445875
vn 0.876353 -0.122704 0.465778
vn 0.897279 -0.155752 0.413076
vn 0.997298 0.016657 0.071553
vn 0.923971 -0.193337 0.329998
vn 0.940078 -0.184255 0.286886
vn 0.965776 -0.144106 0.215661
vn 0.935476 -0.160027 0.315081
vn 0.987129 -0.078712 0.139218
vn 0.966343 -0.031502 0.255320
vn 0.982331 0.112815 0.149326
vn 0.968215 -0.025970 0.248767
vn 0.968215 -0.025970 0.248767
vn 0.943215 -0.169530 0.285667
vn 0.933965 -0.159180 0.319955
vn 0.901934 0.265793 0.340396
vn 0.839515 0.539764 0.062209
vn 0.927997 -0.005877 -0.372540
vn 0.971521 -0.195041 -0.134555
vn 0.003197 -0.143332 -0.989670
vn 0.000266 0.698864 0.715255
vn -0.000001 -0.903132 -0.429363
vn -0.000001 0.657442 -0.753505
vn -0.000000 0.846309 -0.532692
vn -0.436354 -0.888707 -0.140692
vn -0.642882 -0.765784 -0.016675
vn -0.357503 -0.893725 0.271011
vn -0.935985 -0.063469 -0.346272
vn -0.973048 -0.187134 -0.134752
vn -0.898448 -0.183463 -0.398914
vn -0.763218 0.064078 -0.642956
vn -0.907333 0.067907 -0.414892
vn -0.914320 -0.258021 -0.312159
vn -0.938763 -0.088993 -0.332873
vn -0.526429 0.300601 -0.795306
vn -0.656400 0.385192 -0.648665
vn -0.837993 0.261370 -0.479013
vn 0.742141 -0.433681 0.511026
vn -0.253077 0.107801 -0.961421
vn 0.875101 -0.277971 0.396144
vn 0.168436 0.293912 -0.940875
vn -0.552196 -0.533459 -0.640703
vn -0.550336 -0.652104 -0.521432
vn -0.508879 -0.444699 -0.737078
vn -0.251220 -0.609731 -0.751743
vn -0.598167 0.544798 -0.587700
vn -0.105556 0.977519 -0.182524
vn -0.852411 -0.253276 -0.457435
vn -0.476205 -0.785584 -0.395078
vn -0.870785 -0.469726 -0.145226
vn -0.868893 -0.033092 -0.493892
vn -0.727348 -0.395485 -0.560853
vn -0.808073 -0.100185 -0.580501
vn -0.941241 -0.321281 0.104131
vn -0.960783 -0.256989 0.104181
vn -0.934578 -0.350504 -0.060922
vn -0.923078 -0.372040 0.097541
vn -0.905210 -0.401367 -0.139638
vn -0.866278 -0.463642 -0.186009
vn -0.103436 -0.389544 0.915181
vn -0.154517 -0.384429 0.910131
vn -0.154517 -0.384429 0.910131
vn -0.275544 -0.457561 0.845407
vn -0.948816 -0.179456 -0.259890
vn -0.954615 -0.160768 -0.250728
vn -0.819562 -0.098296 -0.564496
vn -0.728063 -0.115118 -0.675775
vn -0.854015 -0.244401 -0.459267
vn -0.753540 -0.270996 -0.598948
vn -0.761889 0.115892 -0.637255
vn -0.894389 -0.140766 -0.424563
vn -0.958701 -0.133953 -0.250897
vn -0.943962 -0.127970 -0.304237
vn -0.939955 -0.181542 -0.289011
vn -0.948617 -0.116982 -0.294009
vn -0.971596 -0.148860 0.183959
vn -0.920579 0.046464 0.387782
vn -0.862467 -0.172764 0.475713
vn -0.956651 -0.206786 -0.205079
vn -0.982342 -0.043188 -0.182044
vn -0.928263 -0.254908 -0.270830
vn -0.899127 -0.403075 -0.170593
vn -0.472969 -0.860365 0.189926
vn -0.984880 -0.165470 -0.051294
vn -0.991083 -0.112909 -0.070751
vn -0.971934 -0.216327 -0.092452
vn -0.782929 -0.237457 -0.575009
vn -0.212323 -0.967856 -0.134807
vn -0.428156 -0.796794 -0.426382
vn -0.217924 -0.952089 -0.214557
vn -0.986951 -0.146559 -0.066690
vn -0.981492 -0.032339 -0.188751
vn -0.982555 -0.085504 -0.165149
vn -0.972908 0.052948 -0.225049
vn -0.998397 0.055963 -0.008501
vn -0.788696 0.135483 -0.599669
vn -0.720169 0.276051 -0.636516
vn -0.220801 0.369013 -0.902816
vn -0.731019 -0.027101 -0.681819
vn -0.690704 0.160622 -0.705074
vn -0.702811 -0.710799 0.028657
vn -0.823613 -0.001907 0.567149
vn -0.823613 -0.001907 0.567149
vn -0.922000 0.101159 0.373743
vn -0.932699 -0.032909 0.359151
vn -0.932699 -0.032909 0.359151
vn -0.920152 0.288359 -0.264895
vn -0.827438 0.347235 -0.441333
vn -0.802878 0.502325 -0.321025
vn 0.089721 0.418882 -0.903597
vn -0.951571 0.048679 -0.303549
vn -0.644905 0.531900 -0.548799
vn -0.873673 -0.215017 -0.436421
vn -0.905643 0.166832 -0.389843
vn -0.976200 -0.196768 -0.091191
vn -0.766946 -0.584858 0.264074
vn -0.805525 -0.092838 -0.585244
vn -0.932845 -0.275950 -0.231630
vn -0.393564 0.039383 -0.918453
vn -0.146484 0.443081 -0.884433
vn -0.738604 -0.528312 -0.418750
vn -0.551970 -0.344844 -0.759218
vn -0.901705 -0.425183 0.078408
vn -0.937402 -0.289879 0.192997
vn -0.951578 -0.253379 -0.174066
vn -0.962171 -0.261724 -0.075683
vn -0.955135 -0.013268 0.295873
vn -0.955135 -0.013268 0.295873
vn -0.358870 0.015199 -0.933264
vn -0.471439 -0.153402 -0.868455
vn -0.444659 -0.061757 -0.893569
vn -0.646709 -0.112989 -0.754321
vn -0.732192 -0.326940 -0.597499
vn -0.620307 -0.611919 -0.490687
vn -0.370689 -0.672982 -0.640066
vn -0.559305 -0.367555 -0.743021
vn -0.445792 -0.863315 -0.236552
vn -0.891775 -0.170009 -0.419327
vn -0.917716 0.117250 -0.379540
vn -0.895401 -0.173748 -0.409961
vn -0.909420 0.393836 -0.133600
vn -0.969477 0.211650 -0.123764
vn 0.740682 -0.094052 0.665240
vn 0.938793 0.227634 0.258556
vn 0.727983 -0.042451 0.684279
vn -0.419806 -0.720119 -0.552441
vn -0.682059 -0.199277 -0.703622
vn -0.838151 0.090615 -0.537858
vn 0.328493 0.884650 -0.330887
vn -0.872136 0.466596 -0.147200
vn -0.934036 -0.328264 0.140784
vn -0.928707 -0.260732 0.263671
vn -0.810714 -0.289343 -0.508943
vn -0.767679 -0.194131 -0.610723
vn 0.133824 0.325665 0.935967
vn 0.133824 0.325665 0.935967
vn 0.064255 0.177549 0.982012
vn 0.251308 0.555926 0.792333
vn 0.000667 -0.997168 0.075207
vn -0.002983 -0.915597 0.402087
vn -0.875790 -0.361246 -0.320147
vn -0.491305 -0.697682 -0.521401
vn -0.119141 -0.903471 -0.411760
vn -0.504162 -0.696604 -0.510454
vn -0.954971 -0.221546 -0.197352
vn -0.951384 -0.211531 -0.223884
vn -0.745807 0.075060 -0.661920
vn 0.758315 0.581762 -0.294127
vn -0.794072 0.500612 -0.344727
vn -0.882734 0.243178 -0.402051
vn 0.149245 -0.730240 -0.666690
vn -0.718130 -0.353173 -0.599632
vn -0.167253 -0.850973 -0.497866
vn -0.067400 -0.914524 -0.398877
vn -0.926779 -0.038110 -0.373668
vn -0.458577 0.451783 -0.765244
vn -0.959221 0.215998 -0.182316
vn -0.311077 -0.696262 -0.646877
vn -0.519946 -0.698344 -0.491906
vn -0.182004 -0.452024 -0.873240
vn -0.127129 -0.209407 -0.969529
vn -0.393313 -0.918723 -0.035388
vn -0.393241 -0.314750 -0.863883
vn -0.515019 -0.856601 -0.031466
vn -0.270581 -0.960943 -0.058097
vn -0.735927 -0.307618 -0.603144
vn -0.832018 0.140598 -0.536636
vn -0.779462 -0.508492 -0.365890
vn 0.056844 0.427627 -0.902166
vn -0.221998 0.544294 -0.808987
vn 0.327268 0.932522 -0.152637
vn 0.790790 0.593217 -0.150811
vn -0.762408 -0.642373 -0.078043
vn -0.960097 0.222145 -0.169899
vn -0.926463 0.370925 -0.063881
vn -0.824362 -0.565749 -0.018836
vn -0.327357 0.938491 -0.109872
vn -0.330035 0.918737 -0.216793
vn -0.040620 0.847121 -0.529845
vn -0.088883 0.986102 -0.140369
vn -0.406814 -0.872127 -0.271841
vn -0.707955 -0.239340 -0.664467
vn -0.657813 -0.103951 -0.745974
vn -0.578168 -0.478555 -0.660838
vn -0.563607 -0.683425 -0.463980
vn -0.613460 -0.400482 -0.680647
vn -0.732059 0.358123 -0.579515
vn -0.868927 0.226627 -0.440007
vn -0.905214 0.400975 0.140738
vn -0.909664 -0.395767 -0.126015
vn -0.915557 -0.210359 -0.342788
vn -0.961520 0.131216 -0.241374
vn -0.933932 -0.122285 -0.335883
vn -0.969061 -0.067482 -0.237417
vn -0.928335 -0.123972 -0.350464
vn -0.990629 -0.029666 -0.133323
vn -0.921454 -0.325661 -0.211819
vn -0.017675 -0.910262 -0.413656
vn 0.025155 -0.806900 -0.590152
vn 0.099953 -0.922890 -0.371864
vn 0.046910 -0.942262 -0.331574
vn -0.665966 -0.492269 -0.560501
vn -0.666885 -0.547004 -0.506016
vn -0.686209 0.509880 -0.518786
vn -0.613396 -0.408811 -0.675736
vn -0.344118 -0.616640 -0.708053
vn -0.060822 -0.537908 -0.840807
vn -0.513512 -0.170982 -0.840875
vn -0.644767 -0.150133 -0.749490
vn -0.987838 -0.090931 -0.126125
vn -0.989876 -0.140198 -0.022120
vn -0.996921 -0.072033 0.030979
vn -0.985862 0.075562 -0.149553
vn -0.978818 0.175021 0.106226
vn -0.241400 -0.127045 -0.962074
vn -0.978879 -0.194700 0.062346
vn -0.692039 -0.286077 0.662753
vn -0.769514 -0.327303 0.548380
vn -0.988407 -0.119110 -0.094155
vn -0.812315 -0.098551 -0.574833
vn -0.996079 -0.024625 0.084976
vn -0.978598 0.199853 -0.049047
vn -0.975726 -0.077896 0.204673
vn -0.570925 0.094287 0.815570
vn -0.156902 -0.218422 0.963158
vn -0.075053 -0.126649 0.989104
vn -0.075053 -0.126649 0.989104
vn -0.185534 -0.289026 0.939170
vn -0.185534 -0.289026 0.939170
vn -0.242064 -0.331989 0.911695
vn -0.996053 -0.086742 -0.018800
vn -0.724641 -0.368390 0.582395
vn -0.729435 -0.593957 0.339322
vn -0.738418 -0.652599 -0.169861
vn -0.962369 -0.255287 -0.093134
vn -0.981896 -0.171186 0.081091
vn -0.869214 -0.104162 -0.483339
vn -0.637773 -0.262726 -0.724031
vn -0.725478 0.304308 -0.617315
vn -0.908194 0.231933 -0.348412
vn 0.933799 -0.330003 -0.138267
vn -0.661003 0.412062 -0.627120
vn -0.442215 0.891930 -0.094370
vn -0.000004 -0.316786 -0.948497
vn -0.000041 0.474907 -0.880036
vn 0.001090 -0.999761 0.021830
vn -0.011015 -0.995259 -0.096633
vn -0.000000 -0.957290 -0.289128
vn -0.000001 -0.779019 -0.627000
vn -0.000001 -0.148944 -0.988846
vn -0.003599 -0.537230 -0.843428
vn -0.000001 0.034595 -0.999401
vn 0.000001 -0.178728 -0.983899
vn 0.000050 0.996717 0.080964
vn 0.000005 -0.415701 -0.909501
vn 0.000026 0.864438 -0.502739
vn -0.000000 0.401937 -0.915667
vn -0.000001 0.058175 -0.998306
vn -0.000001 0.380888 -0.924621
vn -0.000000 0.106907 -0.994269
vn -0.000071 -0.808499 0.588498
vn -0.000037 -0.998252 0.059097
vn -0.000028 -0.890631 -0.454726
vn -0.000000 0.999465 -0.032717
vn -0.000000 0.964071 -0.265645
vn 0.000001 -0.242791 0.970079
vn 0.000001 -0.242791 0.970079
vn 0.000001 0.080174 0.996781
vn 0.000001 0.080174 0.996781
vn 0.000000 0.133366 0.991067
vn 0.000000 0.133366 0.991067
vn 0.000003 0.851323 0.524642
vn 0.000001 -0.365156 0.930946
vn 0.000001 -0.365156 0.930946
vn -0.993476 -0.081094 -0.080183
vn -0.982386 -0.148530 -0.113385
vn -0.997108 -0.034627 -0.067656
vn -0.916015 -0.050629 -0.397935
vn -0.823787 -0.147242 -0.547444
vn -0.873830 -0.163487 -0.457923
vn -0.776530 -0.237190 -0.583731
vn -0.811321 -0.342021 -0.474109
vn -0.912397 -0.031352 -0.408105
vn -0.980992 0.086259 -0.173820
vn -0.996249 -0.084090 -0.020434
vn -0.981407 -0.189792 0.028635
vn -0.951808 -0.301498 -0.056211
vn -0.982268 -0.121527 -0.142763
vn -0.995768 0.047700 -0.078555
vn -0.996592 0.020625 -0.079873
vn -0.977900 0.070180 -0.196941
vn -0.975909 0.086425 -0.200331
vn -0.999679 -0.012207 0.022203
vn -0.999503 0.031477 0.001665
vn -0.994137 0.107937 0.006388
vn -0.996642 0.077241 0.027179
vn -0.122313 -0.605671 -0.786259
vn -0.171628 -0.602677 -0.779310
vn -0.369274 -0.234475 -0.899254
vn -0.239211 -0.195639 -0.951054
vn -0.981554 -0.070349 0.177773
vn -0.979262 0.041363 0.198332
vn -0.999341 -0.030191 -0.020173
vn -0.950294 -0.172039 0.259507
vn -0.950294 -0.172039 0.259507
vn -0.968662 -0.101196 0.226833
vn -0.968662 -0.101196 0.226833
vn -0.989223 -0.065974 -0.130708
vn -0.992983 -0.065756 -0.098285
vn -0.994265 -0.104969 -0.020461
vn -0.272059 -0.282202 -0.919971
vn -0.559882 -0.230574 -0.795844
vn -0.561661 -0.617592 -0.550561
vn -0.291560 -0.728604 -0.619782
vn -0.739105 -0.237117 -0.630476
vn -0.768640 -0.507629 -0.389237
vn -0.232194 -0.006057 -0.972651
vn -0.177726 -0.975065 -0.132898
vn -0.126146 -0.952630 0.276738
vn -0.814598 0.317981 -0.485096
vn -0.827364 0.301589 -0.473827
vn -0.643967 0.433973 -0.630059
vn -0.621795 0.312475 -0.718143
vn -0.904798 -0.126352 -0.406665
vn -0.752829 -0.041772 -0.656889
vn -0.650519 -0.047438 -0.758007
vn -0.829485 -0.204535 -0.519730
vn -0.933616 -0.247519 -0.259027
vn -0.738352 -0.058564 -0.671868
vn -0.940112 -0.035321 -0.339029
vn -0.988315 -0.019858 -0.151125
vn -0.799094 -0.139003 -0.584916
vn -0.930199 -0.135601 -0.341090
vn -0.691098 0.414427 -0.592144
vn -0.661981 0.399507 -0.634172
vn -0.395013 0.359280 -0.845507
vn -0.620121 0.297930 -0.725733
vn -0.579676 0.245636 -0.776942
vn -0.371326 0.265305 -0.889792
vn -0.073057 -0.997322 0.003351
vn -0.976115 -0.099531 -0.193112
vn -0.966887 -0.156876 -0.201294
vn -0.840093 -0.477143 -0.258028
vn -0.887223 -0.402847 -0.224831
vn -0.766024 -0.637053 -0.085854
vn -0.552155 -0.804195 -0.219989
vn -0.601101 -0.799131 0.008174
vn -0.758506 -0.650405 -0.040513
vn -0.723279 -0.662945 -0.193317
vn -0.618214 0.352056 -0.702757
vn -0.880092 0.329853 -0.341518
vn -0.870342 0.307273 -0.384822
vn -0.687488 0.116560 -0.716780
vn -0.525233 0.085470 -0.846655
vn -0.346036 -0.190779 -0.918620
vn -0.608225 -0.625499 -0.488685
vn -0.609140 -0.540173 -0.580656
vn -0.626723 0.218625 -0.747945
vn -0.636571 -0.058724 -0.768979
vn -0.528941 0.296260 -0.795268
vn -0.512970 -0.829584 -0.220572
vn -0.551967 -0.548890 -0.627736
vn -0.526686 0.188101 -0.828987
vn -0.543695 -0.424212 -0.724182
vn -0.853386 -0.219838 -0.472655
vn -0.625186 -0.737336 -0.255885
vn -0.402662 -0.765579 -0.501749
vn -0.733057 -0.231861 -0.639428
vn -0.618145 -0.162736 -0.769034
vn -0.607359 -0.158522 -0.778451
vn -0.579667 -0.122431 -0.805604
vn -0.734406 -0.179597 -0.654517
vn -0.681698 -0.184343 -0.708029
vn -0.402346 -0.241537 -0.883050
vn -0.182918 -0.088125 -0.979171
vn -0.904475 0.277275 -0.324103
vn -0.911252 0.003985 -0.411829
vn -0.934341 -0.130056 -0.331801
vn -0.935406 0.148235 -0.321000
vn -0.593891 0.012816 -0.804443
vn -0.808827 -0.388483 -0.441451
vn -0.111495 -0.033280 -0.993208
vn -0.152684 -0.067211 -0.985987
vn -0.611611 0.061376 -0.788775
vn -0.623558 0.197914 -0.756310
vn -0.474494 -0.451918 -0.755398
vn -0.399295 -0.250332 -0.881985
vn -0.192164 -0.227152 -0.954712
vn -0.190955 -0.530535 -0.825874
vn -0.576328 -0.741402 -0.343757
vn -0.887642 0.276899 -0.367992
vn -0.667358 -0.215301 -0.712937
vn -0.959670 -0.000470 -0.281128
vn -0.888623 -0.235906 -0.393317
vn -0.767636 0.197872 -0.609574
vn -0.750048 0.345505 -0.563964
vn -0.530737 0.350529 -0.771652
vn -0.917154 0.123356 -0.378963
vn -0.905831 0.199286 -0.373838
vn -0.504821 0.128206 -0.853650
vn -0.397437 -0.362187 -0.843128
vn -0.158445 -0.886111 -0.435549
vn -0.207820 -0.863456 -0.459625
vn -0.176717 -0.722281 -0.668642
vn 0.018962 -0.845699 -0.533323
vn -0.898751 0.228531 -0.374194
vn -0.674604 0.475670 -0.564490
vn -0.581653 0.399683 -0.708472
vn -0.458998 0.245077 -0.853966
vn -0.437758 0.387162 -0.811464
vn -0.377999 0.258759 -0.888910
vn -0.463877 0.052795 -0.884325
vn -0.683916 0.019337 -0.729304
vn -0.692371 -0.255505 -0.674788
vn -0.814881 -0.110914 -0.568917
vn -0.550799 -0.419603 -0.721494
vn -0.363414 -0.473074 -0.802578
vn -0.702053 -0.412600 -0.580416
vn -0.731542 -0.452562 -0.509935
vn -0.748308 -0.327859 -0.576666
vn 0.266058 -0.962616 -0.050823
vn -0.057538 -0.900866 -0.430266
vn 0.444078 -0.893652 -0.064661
vn 0.125889 -0.990475 -0.055785
vn -0.032960 -0.771030 -0.635945
vn 0.024891 -0.684926 -0.728188
vn -0.061053 -0.996509 -0.056940
vn 0.082655 -0.680567 -0.728009
vn 0.015661 -0.694416 -0.719403
vn -0.184481 -0.705464 -0.684315
vn 0.068901 -0.617970 -0.783177
vn -0.085125 -0.789134 -0.608293
vn 0.046572 -0.858455 -0.510771
vn -0.750347 -0.178304 -0.636544
vn 0.504954 0.080585 -0.859376
vn 0.924150 -0.153513 -0.349830
vn -0.202830 -0.645387 -0.736435
vn -0.329462 -0.687651 -0.646986
vn -0.537283 -0.372423 -0.756722
vn -0.224692 -0.227938 -0.947395
vn -0.122855 -0.211611 -0.969602
vn -0.570144 -0.250452 -0.782438
vn -0.580039 -0.288923 -0.761629
vn 0.077900 0.173368 -0.981771
vn -0.144075 0.121540 -0.982075
vn -0.486941 0.383735 -0.784625
vn -0.191767 0.484825 -0.853329
vn -0.654579 0.246318 -0.714741
vn -0.143417 0.645343 -0.750309
vn -0.346554 0.809032 -0.474729
vn -0.129560 0.767517 -0.627800
vn -0.453473 -0.817888 -0.354148
vn -0.433329 -0.689055 -0.580886
vn 0.320572 0.906468 -0.274863
vn -0.287757 -0.287476 -0.913539
vn -0.361704 0.329916 -0.871967
vn -0.766653 -0.599784 -0.229135
vn 0.348147 -0.774199 0.528593
vn 0.602777 -0.672909 0.428781
vn -0.216515 -0.615904 -0.757485
vn -0.197881 -0.270120 -0.942273
vn -0.311767 -0.651745 -0.691397
vn -0.237288 -0.729065 -0.641996
vn -0.162753 -0.854054 -0.494068
vn -0.458933 -0.686627 -0.563847
vn -0.393409 -0.371195 -0.841097
vn -0.352716 -0.095129 -0.930882
vn 0.006422 -0.956032 -0.293191
vn -0.018047 -0.995786 -0.089911
vn -0.456845 -0.512476 -0.727091
vn -0.539546 0.613406 -0.576735
vn -0.298250 0.904825 -0.303873
vn -0.643170 0.357007 -0.677406
vn -0.486932 -0.000508 -0.873440
vn -0.465909 0.197094 -0.862602
vn -0.227362 0.101029 -0.968556
vn -0.205345 0.431041 -0.878656
vn -0.412214 0.485574 -0.770907
vn -0.228639 -0.137374 -0.963770
vn 0.350063 0.928217 0.125975
vn 0.740460 0.246325 0.625334
vn 0.049058 0.993373 0.103937
vn 0.183978 0.701423 0.688591
vn -0.225506 -0.376350 -0.898614
vn -0.213583 -0.564335 -0.797439
vn -0.107346 0.842612 -0.527714
vn -0.246075 0.867450 -0.432408
vn -0.493816 -0.470054 -0.731570
vn -0.492756 -0.246823 -0.834428
vn 0.401649 -0.791245 0.461096
vn 0.059389 0.983886 0.168647
vn 0.262616 0.742921 0.615712
vn 0.617499 -0.137395 0.774479
vn 0.432619 -0.272389 0.859445
vn 0.163929 -0.815267 0.555397
vn 0.219246 -0.362083 0.905995
vn 0.551854 -0.168820 0.816674
vn -0.729686 -0.138854 0.669535
vn -0.784784 0.096447 0.612219
vn -0.979129 -0.041271 0.199003
vn -0.952679 -0.138162 0.270765
vn -0.998844 -0.035674 0.032209
vn -0.995874 -0.080929 0.041052
vn -0.750462 -0.322336 0.576980
vn -0.750462 -0.322336 0.576980
vn -0.886416 -0.287668 0.362650
vn -0.694158 -0.289232 0.659158
vn -0.943148 -0.209730 0.257845
vn -0.096287 -0.705582 0.702056
vn 0.356498 -0.495168 0.792287
vn -0.951343 -0.244750 -0.187200
vn -0.813542 -0.529215 -0.240999
vn -0.973885 -0.163817 -0.157201
vn 0.105391 0.943412 -0.314431
vn -0.523251 0.689672 -0.500561
vn 0.492503 0.581072 -0.647916
vn 0.645851 0.763463 0.000409
vn 0.457904 0.783383 0.420280
vn -0.215099 0.941983 0.257681
vn -0.360082 0.621236 0.695993
vn -0.917496 -0.297056 -0.264498
vn -0.846052 -0.533082 -0.004434
vn 0.425038 0.724194 0.543034
vn 0.425038 0.724194 0.543034
vn -0.831830 0.359314 0.423027
vn 0.562592 0.810400 0.163528
vn -0.762018 0.630854 0.146122
vn -0.195357 0.626414 -0.754613
vn -0.178813 0.392303 -0.902288
vn -0.149104 0.243823 -0.958289
vn -0.283846 0.286937 -0.914931
vn -0.408143 -0.884181 -0.227251
vn -0.616997 0.053769 -0.785127
vn -0.022830 0.161206 -0.986657
vn -0.391873 0.113124 -0.913038
vn -0.426240 0.567668 -0.704324
vn -0.288784 0.007753 -0.957363
vn -0.346552 -0.470705 -0.811380
vn 0.047122 -0.832268 -0.552366
vn -0.085187 -0.822218 -0.562761
vn -0.038648 -0.999135 -0.015360
vn -0.643066 0.479183 -0.597369
vn -0.650362 0.644170 -0.402583
vn -0.010385 -0.808350 -0.588611
vn -0.804661 0.231376 -0.546796
vn 0.214511 -0.917351 -0.335338
vn -0.929405 0.174634 -0.325130
vn 0.306289 -0.737409 -0.602008
vn 0.463767 -0.883207 -0.069756
vn -0.512234 -0.809176 -0.287837
vn -0.992396 -0.093970 -0.079497
vn -0.999952 0.002668 0.009378
vn -0.998449 -0.041560 0.037039
vn -0.978579 -0.096298 0.181959
vn -0.956198 -0.158990 0.245778
vn -0.996155 0.012264 0.086747
vn -0.992850 -0.063488 0.101084
vn -0.949600 -0.188461 0.250485
vn -0.207329 -0.973970 -0.091631
vn -0.302506 -0.932572 -0.196978
vn -0.886871 -0.435372 -0.154630
vn -0.977356 0.126369 -0.169725
vn -0.209579 0.827240 -0.521297
vn -0.439977 0.760677 -0.477274
vn -0.931573 -0.276460 -0.236099
vn -0.316712 0.019779 -0.948316
vn -0.599389 -0.076259 -0.796817
vn -0.451931 0.102843 -0.886105
vn -0.534570 0.244791 -0.808896
vn -0.549360 0.056042 -0.833705
vn -0.714013 -0.175522 -0.677774
vn -0.645572 -0.225536 -0.729637
vn -0.980930 -0.155911 0.116053
vn -0.975688 -0.191823 -0.106009
vn -0.975549 -0.202623 -0.085135
vn -0.997821 -0.047763 -0.045517
vn -0.981603 -0.187997 -0.033372
vn -0.750033 -0.153843 -0.643260
vn -0.970678 -0.233500 -0.057106
vn -0.981281 -0.173373 -0.083843
vn -0.836453 0.375772 -0.398926
vn -0.792286 -0.433881 -0.428988
vn -0.648469 -0.582562 -0.490009
vn -0.623820 -0.103721 -0.774655
vn -0.927115 -0.176242 -0.330753
vn -0.826644 -0.178125 -0.533790
vn -0.909141 -0.252513 -0.331209
vn -0.967557 -0.153129 -0.200959
vn -0.835614 -0.320750 -0.445948
vn -0.874422 -0.313805 -0.370017
vn -0.582942 0.185888 -0.790964
vn -0.568763 0.091746 -0.817369
vn -0.818976 -0.221213 -0.529475
vn -0.783296 -0.276911 -0.556567
vn -0.462713 -0.072372 -0.883549
vn -0.315275 0.189365 -0.929915
vn -0.886708 0.115284 -0.447726
vn -0.959415 -0.258614 -0.112439
vn -0.980468 -0.165896 -0.105642
vn -0.638202 -0.573719 -0.513367
vn -0.553195 0.234408 -0.799393
vn 0.672847 -0.203204 0.711327
vn -0.610916 -0.323548 -0.722564
vn -0.712804 -0.323299 -0.622405
vn -0.752900 -0.432506 -0.496065
vn -0.570224 -0.546882 -0.612997
vn -0.599106 -0.188939 -0.778058
vn -0.871090 -0.459633 -0.173029
vn -0.880176 -0.474643 -0.001903
vn -0.952568 -0.299881 -0.051831
vn -0.927807 -0.259277 -0.268234
vn -0.946299 -0.066906 -0.316293
vn -0.987106 0.141073 0.075636
vn -0.950188 0.164264 0.264877
vn -0.539946 -0.286066 -0.791596
vn -0.385148 -0.579200 -0.718462
vn -0.404089 0.122844 -0.906433
vn 0.183155 0.943583 0.275872
vn 0.421594 0.561553 0.711981
vn -0.990212 0.123891 -0.064272
vn -0.887575 0.171536 0.427535
vn -0.969063 0.116921 0.217361
vn -0.208416 0.941714 -0.264080
vn -0.435269 0.866749 -0.243489
vn -0.164827 0.966527 0.196617
vn -0.147579 0.843522 0.516421
vn -0.388028 0.792534 0.470452
vn -0.387537 0.907723 0.160793
vn -0.171765 0.595407 0.784849
vn -0.391310 0.543840 0.742371
vn -0.399277 0.915540 -0.048622
vn -0.187491 0.981690 -0.033658
vn -0.194759 0.337608 0.920918
vn -0.403868 0.288329 0.868192
vn -0.208513 0.062385 0.976028
vn -0.412734 0.031532 0.910306
vn -0.371575 -0.230805 0.899256
vn -0.188301 -0.239209 0.952534
vn -0.080399 -0.338927 0.937371
vn -0.280215 -0.300818 0.911585
vn -0.079273 0.135210 0.987641
vn -0.303067 0.125288 0.944697
vn -0.053996 -0.083399 0.995052
vn -0.053996 -0.083399 0.995052
vn -0.287852 -0.055116 0.956088
vn -0.287852 -0.055116 0.956088
vn -0.618948 0.755072 -0.216262
vn -0.782098 0.596852 -0.179140
vn -0.795383 0.542072 0.271154
vn -0.614193 0.690421 0.382212
vn -0.608922 0.468282 0.640255
vn -0.788510 0.366716 0.493732
vn -0.775713 0.626178 0.078550
vn -0.594230 0.795058 0.121545
vn -0.769392 0.637207 -0.044753
vn -0.591559 0.804232 -0.057177
vn -0.772392 0.141039 0.619289
vn -0.591898 0.223061 0.774532
vn -0.597164 -0.015360 0.801972
vn -0.763475 -0.075000 0.641468
vn -0.754916 -0.210485 0.621126
vn -0.592458 -0.211180 0.777429
vn -0.543807 -0.248761 0.801493
vn -0.764318 -0.186381 0.617317
vn -0.578359 -0.026047 0.815366
vn -0.578359 -0.026047 0.815366
vn -0.769169 0.169435 0.616175
vn -0.550617 0.137768 0.823311
vn -0.912592 0.406752 0.041573
vn -0.924360 0.355418 0.138696
vn -0.977859 0.200302 0.060583
vn -0.971357 0.237229 0.013686
vn -0.973406 0.226219 -0.036136
vn -0.912481 0.408026 -0.029903
vn -0.897129 0.045146 0.439457
vn -0.924008 0.230998 0.304712
vn -0.871686 -0.203376 0.445873
vn -0.876353 -0.122704 0.465778
vn -0.897279 -0.155751 0.413076
vn -0.997298 0.016657 0.071555
vn -0.923970 -0.193337 0.330000
vn -0.940078 -0.184254 0.286887
vn -0.965777 -0.144104 0.215660
vn -0.935476 -0.160026 0.315080
vn -0.987128 -0.078713 0.139219
vn -0.966343 -0.031501 0.255320
vn -0.982331 0.112816 0.149327
vn -0.968215 -0.025970 0.248768
vn -0.968215 -0.025970 0.248768
vn -0.943214 -0.169530 0.285669
vn -0.933965 -0.159181 0.319955
vn -0.901935 0.265788 0.340397
vn -0.839506 0.539777 0.062208
vn -0.927998 -0.005895 -0.372538
vn -0.971519 -0.195052 -0.134554
vn 0.000001 -0.202697 -0.979241
vn 0.000002 -0.598875 -0.800843
vn -0.000000 0.640305 -0.768121

usemtl G3_Animation_Head_Eyes_01
f 134/156/156 126/148/148 135/157/157
f 172/195/195 183/206/206 182/205/205
f 121/143/143 128/150/150 113/134/134
f 120/142/142 113/134/134 128/150/150
f 113/134/134 114/135/135 121/143/143
f 122/144/144 121/143/143 114/135/135
f 114/135/135 115/136/136 122/144/144
f 123/145/145 122/144/144 115/136/136
f 115/136/136 116/137/137 123/145/145
f 124/146/146 123/145/145 116/137/137
f 116/137/137 117/138/138 124/146/146
f 125/147/147 124/146/146 117/138/138
f 123/145/145 131/153/153 122/144/144
f 130/152/152 122/144/144 131/153/153
f 124/146/146 132/154/154 123/145/145
f 131/153/153 123/145/145 132/154/154
f 125/147/147 133/155/155 124/146/146
f 132/154/154 124/146/146 133/155/155
f 133/155/155 125/147/147 134/156/156
f 126/148/148 134/156/156 125/147/147
f 126/148/148 125/147/147 118/140/140
f 117/139/139 118/140/140 125/147/147
f 118/140/140 119/141/141 126/148/148
f 127/149/149 126/148/148 119/141/141
f 119/141/141 120/142/142 127/149/149
f 128/150/150 127/149/149 120/142/142
f 127/149/149 135/157/157 126/148/148
f 128/150/150 136/158/158 127/149/149
f 135/157/157 127/149/149 136/158/158
f 136/158/158 128/150/150 129/151/151
f 121/143/143 129/151/151 128/150/150
f 129/151/151 121/143/143 130/152/152
f 122/144/144 130/152/152 121/143/143
f 136/158/158 129/151/151 138/160/160
f 138/160/160 129/151/151 137/159/159
f 138/160/160 137/159/159 153/175/175
f 138/160/160 153/175/175 151/173/173
f 140/162/162 153/175/175 137/159/159
f 140/162/162 130/152/152 139/161/161
f 140/162/162 139/161/161 153/175/175
f 142/164/164 153/175/175 139/161/161
f 142/164/164 141/163/163 153/175/175
f 142/164/164 131/153/153 141/163/163
f 144/166/166 153/175/175 141/163/163
f 141/163/163 131/153/153 144/166/166
f 144/166/166 143/165/165 153/175/175
f 144/166/166 132/154/154 143/165/165
f 131/153/153 132/154/154 144/166/166
f 130/152/152 131/153/153 142/164/164
f 139/161/161 130/152/152 142/164/164
f 143/165/165 132/154/154 146/168/168
f 146/168/168 153/175/175 143/165/165
f 146/168/168 145/167/167 153/175/175
f 146/168/168 133/155/155 145/167/167
f 132/154/154 133/155/155 146/168/168
f 148/170/170 153/175/175 145/167/167
f 145/167/167 133/155/155 148/170/170
f 148/170/170 147/169/169 153/175/175
f 148/170/170 134/156/156 147/169/169
f 133/155/155 134/156/156 148/170/170
f 150/172/172 153/175/175 147/169/169
f 147/169/169 134/156/156 150/172/172
f 150/172/172 149/171/171 153/175/175
f 150/172/172 135/157/157 149/171/171
f 134/156/156 135/157/157 150/172/172
f 149/171/171 135/157/157 152/174/174
f 152/174/174 153/175/175 149/171/171
f 152/174/174 151/173/173 153/175/175
f 152/174/174 136/158/158 151/173/173
f 135/157/157 136/158/158 152/174/174
f 151/173/173 136/158/158 138/160/160
f 169/192/192 162/185/185 161/184/184
f 154/176/176 161/184/184 162/185/185
f 162/185/185 163/186/186 154/176/176
f 155/177/177 154/176/176 163/186/186
f 163/186/186 164/187/187 155/177/177
f 156/178/178 155/177/177 164/187/187
f 164/187/187 165/188/188 156/178/178
f 157/179/179 156/178/178 165/188/188
f 165/188/188 166/189/189 157/179/179
f 158/180/180 157/179/179 166/189/189
f 164/187/187 163/186/186 172/195/195
f 171/194/194 172/195/195 163/186/186
f 163/186/186 162/185/185 171/194/194
f 170/193/193 171/194/194 162/185/185
f 162/185/185 169/192/192 170/193/193
f 177/200/200 170/193/193 169/192/192
f 169/192/192 168/191/191 177/200/200
f 168/191/191 169/192/192 160/183/183
f 160/183/183 159/182/182 168/191/191
f 167/190/190 168/191/191 159/182/182
f 159/182/182 158/181/181 167/190/190
f 166/189/189 167/190/190 158/181/181
f 161/184/184 160/183/183 169/192/192
f 167/190/190 166/189/189 175/198/198
f 174/197/197 175/198/198 166/189/189
f 166/189/189 165/188/188 174/197/197
f 173/196/196 174/197/197 165/188/188
f 165/188/188 164/187/187 173/196/196
f 172/195/195 173/196/196 164/187/187
f 172/195/195 185/208/208 173/196/196
f 173/196/196 185/208/208 184/207/207
f 184/207/207 185/208/208 194/217/217
f 194/217/217 185/208/208 182/205/205
f 182/205/205 185/208/208 172/195/195
f 182/205/205 183/206/206 194/217/217
f 194/217/217 183/206/206 180/203/203
f 194/217/217 187/210/210 184/207/207
f 186/209/209 187/210/210 194/217/217
f 174/197/197 187/210/210 186/209/209
f 194/217/217 189/212/212 186/209/209
f 186/209/209 189/212/212 174/197/197
f 180/203/203 181/204/204 194/217/217
f 171/194/194 181/204/204 180/203/203
f 180/203/203 183/206/206 171/194/194
f 170/193/193 181/204/204 171/194/194
f 178/201/201 181/204/204 170/193/193
f 170/193/193 179/202/202 178/201/201
f 194/217/217 181/204/204 178/201/201
f 178/201/201 179/202/202 194/217/217
f 194/217/217 179/202/202 192/215/215
f 192/215/215 193/216/216 194/217/217
f 177/200/200 193/216/216 192/215/215
f 177/200/200 179/202/202 170/193/193
f 192/215/215 179/202/202 177/200/200
f 194/217/217 193/216/216 190/213/213
f 190/213/213 191/214/214 194/217/217
f 176/199/199 191/214/214 190/213/213
f 176/199/199 193/216/216 177/200/200
f 190/213/213 193/216/216 176/199/199
f 176/199/199 177/200/200 168/191/191
f 168/191/191 167/190/190 176/199/199
f 175/198/198 176/199/199 167/190/190
f 175/198/198 191/214/214 176/199/199
f 188/211/211 191/214/214 175/198/198
f 175/198/198 189/212/212 188/211/211
f 194/217/217 191/214/214 188/211/211
f 188/211/211 189/212/212 194/217/217
f 174/197/197 189/212/212 175/198/198
f 173/196/196 187/210/210 174/197/197
f 184/207/207 187/210/210 173/196/196
f 129/151/151 130/152/152 140/162/162
f 137/159/159 129/151/151 140/162/162
f 171/194/194 183/206/206 172/195/195
usemtl G3_Animation_Head_Mouth_01
f 88/98/98 94/106/106 99/112/112
f 88/98/98 99/112/112 89/99/99
f 100/113/113 99/112/112 94/106/106
f 99/112/112 100/113/113 85/95/95
f 91/101/101 85/95/95 100/113/113
f 99/112/112 85/95/95 112/127/127
f 112/127/127 89/99/99 99/112/112
f 84/94/94 112/127/127 85/95/95
f 85/95/95 86/96/96 84/94/94
f 85/95/95 91/101/101 86/96/96
f 91/101/101 100/113/113 92/102/102
f 91/101/101 92/102/102 90/100/100
f 90/100/100 86/96/96 91/101/101
f 109/123/123 92/102/102 100/113/113
f 31/37/37 986/132/132 23/29/29
f 112/127/127 84/94/94 104/117/117
f 112/127/127 104/117/117 89/99/99
f 106/119/119 89/99/99 104/117/117
f 89/99/99 106/119/119 87/97/97
f 107/120/120 87/97/97 106/119/119
f 93/104/104 109/123/123 94/106/106
f 100/113/113 94/106/106 109/123/123
f 111/126/126 105/118/118 98/111/111
f 98/111/111 97/110/110 111/126/126
f 81/90/90 111/126/126 97/110/110
f 101/114/114 104/117/117 84/94/94
f 101/114/114 84/94/94 110/124/124
f 86/96/96 110/124/124 84/94/94
f 2/2/2 3/3/3 1/1/1
f 1/1/1 12/13/13 2/2/2
f 1350/133/133 2/2/2 12/13/13
f 1350/133/133 673/131/131 2/2/2
f 33/39/39 2/2/2 673/131/131
f 2/2/2 33/39/39 3/3/3
f 33/39/39 673/131/131 25/31/31
f 33/39/39 25/31/31 7/7/7
f 7/7/7 3/3/3 33/39/39
f 8/8/8 3/3/3 7/7/7
f 8/8/8 7/7/7 6/6/6
f 7/7/7 19/25/25 6/6/6
f 19/25/25 7/7/7 25/31/31
f 25/31/31 26/32/32 19/25/25
f 26/32/32 15/20/20 19/25/25
f 17/23/23 19/25/25 15/20/20
f 19/25/25 17/23/23 6/6/6
f 17/23/23 15/20/20 14/18/18
f 8/8/8 6/6/6 9/9/9
f 9/9/9 10/10/10 8/8/8
f 5/5/5 9/9/9 6/6/6
f 9/9/9 5/5/5 28/34/34
f 9/9/9 28/34/34 10/10/10
f 27/33/33 28/34/34 5/5/5
f 29/35/35 10/10/10 28/34/34
f 92/102/102 79/85/85 90/100/100
f 28/34/34 27/33/33 29/35/35
f 10/10/10 29/35/35 13/16/16
f 18/24/24 13/16/16 29/35/35
f 13/16/16 18/24/24 11/12/12
f 18/24/24 24/30/30 11/12/12
f 986/132/132 11/12/12 24/30/30
f 986/132/132 12/14/14 11/12/12
f 30/36/36 29/35/35 27/33/33
f 29/35/35 30/36/36 18/24/24
f 24/30/30 18/24/24 21/27/27
f 24/30/30 21/27/27 20/26/26
f 21/27/27 22/28/28 20/26/26
f 23/29/29 24/30/30 20/26/26
f 24/30/30 23/29/29 986/132/132
f 20/26/26 22/28/28 672/130/130
f 20/26/26 672/130/130 23/29/29
f 31/37/37 23/29/29 672/130/130
f 32/38/38 672/130/130 22/28/28
f 22/28/28 21/27/27 32/38/38
f 310/128/128 32/38/38 21/27/27
f 310/128/128 21/27/27 14/17/17
f 15/19/19 310/128/128 14/17/17
f 16/21/21 14/17/17 21/27/27
f 16/21/21 17/22/22 14/17/17
f 16/21/21 21/27/27 18/24/24
f 16/21/21 18/24/24 30/36/36
f 16/21/21 30/36/36 17/22/22
f 4/4/4 17/22/22 30/36/36
f 4/4/4 30/36/36 5/5/5
f 5/5/5 6/6/6 4/4/4
f 4/4/4 6/6/6 17/23/23
f 27/33/33 5/5/5 30/36/36
f 12/13/13 13/15/15 11/11/11
f 12/13/13 1/1/1 13/15/15
f 3/3/3 13/15/15 1/1/1
f 13/15/15 3/3/3 10/10/10
f 8/8/8 10/10/10 3/3/3
f 671/129/129 25/31/31 673/131/131
f 25/31/31 671/129/129 26/32/32
f 15/20/20 26/32/32 671/129/129
f 35/41/41 36/42/42 34/40/40
f 37/43/43 34/40/40 36/42/42
f 36/42/42 35/41/41 39/45/45
f 38/44/44 39/45/45 35/41/41
f 39/45/45 38/44/44 41/47/47
f 40/46/46 41/47/47 38/44/44
f 41/47/47 40/46/46 43/49/49
f 42/48/48 43/49/49 40/46/46
f 43/49/49 42/48/48 45/51/51
f 44/50/50 45/51/51 42/48/48
f 47/53/53 48/54/54 46/52/52
f 49/55/55 46/52/52 48/54/54
f 48/54/54 47/53/53 51/57/57
f 50/56/56 51/57/57 47/53/53
f 51/57/57 50/56/56 53/59/59
f 52/58/58 53/59/59 50/56/56
f 53/59/59 52/58/58 55/61/61
f 54/60/60 55/61/61 52/58/58
f 55/61/61 54/60/60 37/43/43
f 34/40/40 37/43/43 54/60/60
f 57/63/63 58/64/64 56/62/62
f 59/65/65 56/62/62 58/64/64
f 58/64/64 57/63/63 61/67/67
f 60/66/66 61/67/67 57/63/63
f 61/67/67 60/66/66 63/69/69
f 62/68/68 63/69/69 60/66/66
f 63/69/69 62/68/68 65/71/71
f 64/70/70 65/71/71 62/68/68
f 65/71/71 64/70/70 67/73/73
f 66/72/72 67/73/73 64/70/70
f 69/75/75 70/76/76 68/74/74
f 71/77/77 68/74/74 70/76/76
f 70/76/76 69/75/75 73/79/79
f 72/78/78 73/79/79 69/75/75
f 73/79/79 72/78/78 75/81/81
f 74/80/80 75/81/81 72/78/78
f 75/81/81 74/80/80 77/83/83
f 76/82/82 77/83/83 74/80/80
f 103/116/116 98/111/111 105/118/118
f 77/83/83 76/82/82 59/65/65
f 56/62/62 59/65/65 76/82/82
f 79/85/85 80/87/87 78/84/84
f 80/87/87 96/109/109 78/84/84
f 110/124/124 78/84/84 96/109/109
f 110/124/124 86/96/96 78/84/84
f 90/100/100 78/84/84 86/96/96
f 78/84/84 90/100/100 79/85/85
f 96/109/109 102/115/115 110/124/124
f 101/114/114 110/124/124 102/115/115
f 102/115/115 103/116/116 101/114/114
f 104/117/117 101/114/114 103/116/116
f 104/117/117 103/116/116 106/119/119
f 105/118/118 106/119/119 103/116/116
f 103/116/116 102/115/115 98/111/111
f 96/108/108 98/111/111 102/115/115
f 98/111/111 96/108/108 97/110/110
f 80/88/88 97/110/110 96/108/108
f 106/119/119 105/118/118 107/120/120
f 111/125/125 107/120/120 105/118/118
f 97/110/110 80/88/88 108/121/121
f 108/121/121 82/92/92 97/110/110
f 81/90/90 97/110/110 82/92/92
f 79/86/86 108/121/121 80/88/88
f 79/86/86 92/103/103 108/121/121
f 109/122/122 108/121/121 92/103/103
f 108/121/121 109/122/122 82/92/92
f 111/125/125 81/89/89 107/120/120
f 93/105/105 82/92/92 109/122/122
f 82/91/91 83/93/93 81/89/89
f 82/91/91 93/104/104 83/93/93
f 95/107/107 83/93/93 93/104/104
f 94/106/106 95/107/107 93/104/104
f 83/93/93 95/107/107 107/120/120
f 83/93/93 107/120/120 81/89/89
f 87/97/97 107/120/120 95/107/107
f 87/97/97 95/107/107 88/98/98
f 94/106/106 88/98/98 95/107/107
f 88/98/98 89/99/99 87/97/97
usemtl G3_Animation_Head_Slave_Main_01
f 344/376/376 345/377/377 343/375/375
f 346/378/378 343/375/375 345/377/377
f 343/375/375 346/378/378 712/757/757
f 711/756/756 712/757/757 346/378/378
f 711/756/756 346/378/378 705/750/750
f 708/753/753 705/750/750 346/378/378
f 708/753/753 346/378/378 1119/1175/1175
f 443/477/477 1119/1175/1175 346/378/378
f 711/756/756 705/750/750 574/615/615
f 711/756/756 574/615/615 712/757/757
f 571/612/612 574/615/615 705/750/750
f 571/612/612 705/750/750 512/553/553
f 571/612/612 512/553/553 570/611/611
f 571/612/612 570/611/611 574/615/615
f 569/610/610 570/611/611 512/553/553
f 569/610/610 572/613/613 570/611/611
f 573/614/614 570/611/611 572/613/613
f 422/456/456 574/615/615 570/611/611
f 422/456/456 421/455/455 574/615/615
f 421/455/455 422/456/456 420/454/454
f 423/457/457 420/454/454 422/456/456
f 573/614/614 423/457/457 570/611/611
f 422/456/456 570/611/611 423/457/457
f 423/457/457 567/608/608 420/454/454
f 568/609/609 420/454/454 567/608/608
f 567/608/608 423/457/457 467/506/506
f 573/614/614 467/506/506 423/457/457
f 421/455/455 420/454/454 590/631/631
f 421/455/455 590/631/631 575/616/616
f 575/616/616 574/615/615 421/455/455
f 591/632/632 575/616/616 590/631/631
f 591/632/632 578/619/619 575/616/616
f 591/632/632 611/652/652 578/619/619
f 591/632/632 590/631/631 611/652/652
f 579/620/620 578/619/619 611/652/652
f 579/620/620 576/617/617 578/619/619
f 577/618/618 578/619/619 576/617/617
f 577/618/618 343/375/375 578/619/619
f 712/757/757 578/619/619 343/375/375
f 579/620/620 713/758/758 576/617/617
f 579/620/620 611/652/652 713/758/758
f 714/759/759 576/617/617 713/758/758
f 714/759/759 713/758/758 606/647/647
f 607/648/648 606/647/647 713/758/758
f 607/648/648 602/643/643 606/647/647
f 607/648/648 385/417/417 602/643/643
f 607/648/648 713/758/758 385/417/417
f 384/416/416 602/643/643 385/417/417
f 384/416/416 385/417/417 383/415/415
f 386/418/418 383/415/415 385/417/417
f 384/416/416 383/415/415 599/640/640
f 384/416/416 599/640/640 602/643/643
f 596/637/637 599/640/640 383/415/415
f 599/640/640 596/637/637 598/639/639
f 595/636/636 598/639/639 596/637/637
f 596/637/637 339/371/371 595/636/636
f 596/637/637 383/415/415 339/371/371
f 597/638/638 595/636/636 339/371/371
f 599/640/640 598/639/639 600/641/641
f 601/642/642 600/641/641 598/639/639
f 600/641/641 602/643/643 599/640/640
f 600/641/641 601/642/642 603/644/644
f 600/641/641 603/644/644 602/643/643
f 350/382/382 603/644/644 601/642/642
f 350/382/382 349/381/381 603/644/644
f 350/382/382 347/379/379 349/381/381
f 348/380/380 349/381/381 347/379/379
f 349/381/381 348/380/380 361/393/393
f 358/390/390 361/393/393 348/380/380
f 361/393/393 358/390/390 360/392/392
f 359/391/391 360/392/392 358/390/390
f 358/390/390 348/380/380 359/391/391
f 360/392/392 389/421/421 361/393/393
f 390/422/422 361/393/393 389/421/421
f 359/391/391 425/459/459 360/392/392
f 425/459/459 359/391/391 348/380/380
f 426/460/460 360/392/392 425/459/459
f 361/393/393 390/422/422 349/381/381
f 604/645/645 349/381/381 390/422/422
f 604/645/645 603/644/644 349/381/381
f 603/644/644 604/645/645 605/646/646
f 392/424/424 605/646/646 604/645/645
f 605/646/646 392/424/424 606/647/647
f 391/423/423 606/647/647 392/424/424
f 392/424/424 393/425/425 391/423/423
f 394/426/426 391/423/423 393/425/425
f 393/425/425 620/661/661 394/426/426
f 622/663/663 394/426/426 620/661/661
f 622/663/663 620/661/661 205/232/232
f 621/662/662 205/232/232 620/661/661
f 620/661/661 389/421/421 621/662/662
f 620/661/661 393/425/425 389/421/421
f 624/665/665 621/662/662 389/421/421
f 621/662/662 624/665/665 618/659/659
f 625/666/666 618/659/659 624/665/665
f 625/666/666 624/665/665 362/394/394
f 426/460/460 362/394/394 624/665/665
f 362/394/394 426/460/460 363/395/395
f 363/395/395 364/396/396 362/394/394
f 365/397/397 362/394/394 364/396/396
f 364/396/396 628/669/669 365/397/397
f 356/388/388 365/397/397 628/669/669
f 356/388/388 355/387/387 365/397/397
f 355/387/387 356/388/388 354/386/386
f 357/389/389 354/386/386 356/388/388
f 356/388/388 628/669/669 357/389/389
f 357/389/389 424/458/458 354/386/386
f 336/368/368 354/386/386 424/458/458
f 354/386/386 336/368/368 608/649/649
f 337/369/369 608/649/649 336/368/368
f 424/458/458 357/389/389 610/651/651
f 609/650/650 610/651/651 357/389/389
f 609/650/650 357/389/389 628/669/669
f 424/458/458 597/638/638 336/368/368
f 339/371/371 336/368/368 597/638/638
f 337/369/369 594/635/635 608/649/649
f 594/635/635 337/369/369 388/420/420
f 388/420/420 593/634/634 594/635/635
f 588/629/629 594/635/635 593/634/634
f 388/420/420 387/419/419 593/634/634
f 387/419/419 388/420/420 329/361/361
f 327/359/359 329/361/361 388/420/420
f 387/419/419 329/361/361 613/654/654
f 612/653/653 613/654/654 329/361/361
f 612/653/653 718/763/763 613/654/654
f 718/763/763 612/653/653 385/417/417
f 386/418/418 385/417/417 612/653/653
f 611/652/652 613/654/654 718/763/763
f 718/763/763 713/758/758 611/652/652
f 718/763/763 385/417/417 713/758/758
f 613/654/654 611/652/652 590/631/631
f 386/418/418 612/653/653 328/360/360
f 329/361/361 328/360/360 612/653/653
f 386/418/418 328/360/360 383/415/415
f 338/370/370 383/415/415 328/360/360
f 338/370/370 328/360/360 336/368/368
f 327/359/359 336/368/368 328/360/360
f 328/360/360 329/361/361 327/359/359
f 338/370/370 339/371/371 383/415/415
f 336/368/368 339/371/371 338/370/370
f 327/359/359 337/369/369 336/368/368
f 327/359/359 388/420/420 337/369/369
f 352/384/384 204/231/231 351/383/383
f 353/385/385 351/383/383 204/231/231
f 353/385/385 626/667/667 351/383/383
f 627/668/668 351/383/383 626/667/667
f 351/383/383 627/668/668 394/426/426
f 351/383/383 394/426/426 352/384/384
f 391/423/423 394/426/426 627/668/668
f 353/385/385 204/231/231 631/672/672
f 353/385/385 631/672/672 626/667/667
f 203/230/230 631/672/672 204/231/231
f 627/668/668 626/667/667 714/759/759
f 576/617/617 714/759/759 626/667/667
f 626/667/667 724/769/769 576/617/617
f 724/769/769 626/667/667 631/672/672
f 577/618/618 576/617/617 724/769/769
f 577/618/618 724/769/769 343/375/375
f 344/376/376 343/375/375 724/769/769
f 344/376/376 724/769/769 774/819/819
f 774/819/819 629/670/670 344/376/376
f 774/819/819 256/284/284 629/670/670
f 709/754/754 629/670/670 256/284/284
f 774/819/819 631/672/672 256/284/284
f 203/230/230 256/284/284 631/672/672
f 709/754/754 445/479/479 629/670/670
f 709/754/754 582/623/623 445/479/479
f 709/754/754 256/284/284 582/623/623
f 444/478/478 445/479/479 582/623/623
f 444/478/478 582/623/623 869/918/918
f 581/622/622 869/918/918 582/623/623
f 581/622/622 582/623/623 580/621/621
f 202/229/229 580/621/621 582/623/623
f 581/622/622 580/621/621 508/549/549
f 581/622/622 508/549/549 869/918/918
f 550/591/591 508/549/549 580/621/621
f 550/591/591 525/566/566 508/549/549
f 509/550/550 508/549/549 525/566/566
f 509/550/550 1104/1160/1160 508/549/549
f 428/462/462 508/549/549 1104/1160/1160
f 509/550/550 525/566/566 524/565/565
f 509/550/550 524/565/565 1104/1160/1160
f 526/567/567 524/565/565 525/566/566
f 550/591/591 494/535/535 525/566/566
f 755/800/800 525/566/566 494/535/535
f 755/800/800 494/535/535 527/568/568
f 497/538/538 527/568/568 494/535/535
f 497/538/538 494/535/535 496/537/537
f 495/536/536 496/537/537 494/535/535
f 495/536/536 207/234/234 496/537/537
f 206/233/233 496/537/537 207/234/234
f 206/233/233 630/671/671 496/537/537
f 584/625/625 496/537/537 630/671/671
f 206/233/233 205/232/232 630/671/671
f 206/233/233 207/234/234 205/232/232
f 207/234/234 352/384/384 205/232/232
f 622/663/663 205/232/232 352/384/384
f 619/660/660 630/671/671 205/232/232
f 205/232/232 621/662/662 619/660/660
f 618/659/659 619/660/660 621/662/662
f 619/660/660 618/659/659 614/655/655
f 615/656/656 614/655/655 618/659/659
f 615/656/656 616/657/657 614/655/655
f 617/658/658 614/655/655 616/657/657
f 615/656/656 623/664/664 616/657/657
f 615/656/656 618/659/659 623/664/664
f 355/387/387 616/657/657 623/664/664
f 623/664/664 365/397/397 355/387/387
f 616/657/657 608/649/649 617/658/658
f 752/797/797 617/658/658 608/649/649
f 752/797/797 608/649/649 594/635/635
f 752/797/797 594/635/635 587/628/628
f 588/629/629 587/628/628 594/635/635
f 587/628/628 588/629/629 201/228/228
f 589/630/630 201/228/228 588/629/629
f 588/629/629 593/634/634 589/630/630
f 568/609/609 589/630/630 593/634/634
f 568/609/609 593/634/634 420/454/454
f 592/633/633 420/454/454 593/634/634
f 592/633/633 590/631/631 420/454/454
f 592/633/633 387/419/419 590/631/631
f 592/633/633 593/634/634 387/419/419
f 613/654/654 590/631/631 387/419/419
f 568/609/609 567/608/608 589/630/630
f 504/545/545 589/630/630 567/608/608
f 567/608/608 467/506/506 504/545/545
f 505/546/546 504/545/545 467/506/506
f 505/546/546 199/226/226 504/545/545
f 198/225/225 504/545/545 199/226/226
f 504/545/545 198/225/225 589/630/630
f 505/546/546 750/795/795 199/226/226
f 505/546/546 467/506/506 750/795/795
f 751/796/796 199/226/226 750/795/795
f 201/228/228 589/630/630 198/225/225
f 466/505/505 750/795/795 467/506/506
f 466/505/505 467/506/506 465/504/504
f 468/507/507 465/504/504 467/506/506
f 468/507/507 467/506/506 572/613/613
f 573/614/614 572/613/613 467/506/506
f 466/505/505 465/504/504 678/721/721
f 466/505/505 678/721/721 750/795/795
f 397/429/429 750/795/795 678/721/721
f 397/429/429 678/721/721 278/308/308
f 278/308/308 395/427/427 397/429/429
f 396/428/428 397/429/429 395/427/427
f 397/429/429 396/428/428 750/795/795
f 279/309/309 278/308/308 678/721/721
f 678/721/721 679/722/722 279/309/309
f 316/347/347 279/309/309 679/722/722
f 751/796/796 750/795/795 396/428/428
f 751/796/796 396/428/428 753/798/798
f 751/796/796 753/798/798 199/226/226
f 772/817/817 199/226/226 753/798/798
f 772/817/817 502/543/543 199/226/226
f 200/227/227 199/226/226 502/543/543
f 200/227/227 502/543/543 503/544/544
f 501/542/542 503/544/544 502/543/543
f 501/542/542 502/543/543 498/539/539
f 501/542/542 498/539/539 500/541/541
f 501/542/542 500/541/541 503/544/544
f 499/540/540 500/541/541 498/539/539
f 499/540/540 498/539/539 506/547/547
f 507/548/548 506/547/547 498/539/539
f 499/540/540 506/547/547 297/328/328
f 499/540/540 297/328/328 500/541/541
f 758/803/803 297/328/328 506/547/547
f 528/569/569 500/541/541 297/328/328
f 297/328/328 296/327/327 528/569/569
f 527/568/568 528/569/569 296/327/327
f 528/569/569 527/568/568 583/624/624
f 497/538/538 583/624/624 527/568/568
f 528/569/569 583/624/624 500/541/541
f 586/627/627 500/541/541 583/624/624
f 586/627/627 583/624/624 585/626/626
f 584/625/625 585/626/626 583/624/624
f 527/568/568 296/327/327 551/592/592
f 299/330/330 551/592/592 296/327/327
f 299/330/330 552/593/593 551/592/592
f 553/594/594 551/592/592 552/593/593
f 552/593/593 306/337/337 553/594/594
f 305/336/336 553/594/594 306/337/337
f 553/594/594 305/336/336 551/592/592
f 552/593/593 299/330/330 555/596/596
f 298/329/329 555/596/596 299/330/330
f 555/596/596 756/801/801 552/593/593
f 306/337/337 552/593/593 756/801/801
f 756/801/801 757/802/802 306/337/337
f 304/335/335 306/337/337 757/802/802
f 305/336/336 306/337/337 304/335/335
f 555/596/596 298/329/329 531/572/572
f 533/574/574 531/572/572 298/329/329
f 298/329/329 537/578/578 533/574/574
f 534/575/575 533/574/574 537/578/578
f 534/575/575 532/573/573 533/574/574
f 313/344/344 533/574/574 532/573/573
f 533/574/574 313/344/344 531/572/572
f 534/575/575 537/578/578 775/820/820
f 534/575/575 775/820/820 532/573/573
f 559/600/600 775/820/820 537/578/578
f 559/600/600 537/578/578 558/599/599
f 295/326/326 558/599/599 537/578/578
f 559/600/600 558/599/599 547/588/588
f 559/600/600 547/588/588 775/820/820
f 546/587/587 547/588/588 558/599/599
f 547/588/588 546/587/587 213/240/240
f 214/241/241 213/240/240 546/587/587
f 213/240/240 369/401/401 547/588/588
f 369/401/401 213/240/240 370/402/402
f 369/401/401 370/402/402 368/400/400
f 371/403/403 368/400/400 370/402/402
f 564/605/605 370/402/402 213/240/240
f 371/403/403 640/681/681 368/400/400
f 641/682/682 368/400/400 640/681/681
f 641/682/682 640/681/681 557/598/598
f 635/676/676 557/598/598 640/681/681
f 635/676/676 640/681/681 634/675/675
f 635/676/676 634/675/675 436/470/470
f 635/676/676 436/470/470 557/598/598
f 437/471/471 436/470/470 634/675/675
f 636/677/677 634/675/675 640/681/681
f 634/675/675 636/677/677 638/679/679
f 637/678/678 638/679/679 636/677/677
f 636/677/677 639/680/680 637/678/678
f 258/286/286 637/678/678 639/680/680
f 258/286/286 639/680/680 259/287/287
f 366/398/398 259/287/287 639/680/680
f 366/398/398 212/239/239 259/287/287
f 209/236/236 259/287/287 212/239/239
f 259/287/287 209/236/236 633/674/674
f 633/674/674 632/673/673 259/287/287
f 257/285/285 259/287/287 632/673/673
f 258/286/286 259/287/287 257/285/285
f 208/235/235 633/674/674 209/236/236
f 632/673/673 664/705/705 257/285/285
f 642/683/683 257/285/285 664/705/705
f 257/285/285 642/683/683 258/286/286
f 637/678/678 258/286/286 642/683/683
f 642/683/683 643/684/684 637/678/678
f 638/679/679 637/678/678 643/684/684
f 638/679/679 643/684/684 1122/1178/1178
f 638/679/679 1122/1178/1178 634/675/675
f 437/471/471 634/675/675 1122/1178/1178
f 1121/1177/1177 1122/1178/1178 643/684/684
f 643/684/684 669/710/710 1121/1177/1177
f 1120/1176/1176 1121/1177/1177 669/710/710
f 669/710/710 670/711/711 1120/1176/1176
f 670/711/711 669/710/710 668/709/709
f 664/705/705 668/709/709 669/710/710
f 668/709/709 664/705/705 667/708/708
f 632/673/673 667/708/708 664/705/705
f 667/708/708 671/712/712 668/709/709
f 668/709/709 671/712/712 670/711/711
f 673/715/715 670/711/711 671/712/712
f 446/480/480 1120/1176/1176 670/711/711
f 673/715/715 446/480/480 670/711/711
f 632/673/673 633/674/674 667/708/708
f 776/821/821 667/708/708 633/674/674
f 667/708/708 776/821/821 671/712/712
f 633/674/674 208/235/235 776/821/821
f 311/342/342 776/821/821 208/235/235
f 311/342/342 208/235/235 309/340/340
f 210/237/237 309/340/340 208/235/235
f 309/340/340 210/237/237 655/696/696
f 654/695/695 655/696/696 210/237/237
f 655/696/696 32/221/221 309/340/340
f 310/341/341 309/340/340 32/221/221
f 310/341/341 15/219/219 309/340/340
f 311/342/342 309/340/340 15/219/219
f 311/342/342 15/219/219 776/821/821
f 671/712/712 776/821/821 15/219/219
f 655/696/696 654/695/695 793/838/838
f 793/838/838 32/221/221 655/696/696
f 32/221/221 793/838/838 672/713/713
f 666/707/707 672/713/713 793/838/838
f 672/713/713 666/707/707 657/698/698
f 666/707/707 665/706/706 657/698/698
f 666/707/707 793/838/838 665/706/706
f 656/697/697 657/698/698 665/706/706
f 657/698/698 656/697/697 867/916/916
f 867/916/916 672/713/713 657/698/698
f 1113/1169/1169 867/916/916 656/697/697
f 1113/1169/1169 656/697/697 1115/1171/1171
f 660/701/701 1115/1171/1171 656/697/697
f 1115/1171/1171 660/701/701 439/473/473
f 651/692/692 439/473/473 660/701/701
f 651/692/692 650/691/691 439/473/473
f 651/692/692 652/693/693 650/691/691
f 651/692/692 660/701/701 652/693/693
f 649/690/690 650/691/691 652/693/693
f 438/472/472 439/473/473 650/691/691
f 438/472/472 650/691/691 1112/1168/1168
f 653/694/694 1112/1168/1168 650/691/691
f 653/694/694 658/699/699 1112/1168/1168
f 1114/1170/1170 1112/1168/1168 658/699/699
f 1114/1170/1170 658/699/699 1544/1612/1612
f 659/700/700 1544/1612/1612 658/699/699
f 1544/1612/1612 659/700/700 1110/1166/1166
f 563/604/604 1110/1166/1166 659/700/700
f 563/604/604 562/603/603 1110/1166/1166
f 563/604/604 560/601/601 562/603/603
f 563/604/604 659/700/700 560/601/601
f 561/602/602 562/603/603 560/601/601
f 561/602/602 560/601/601 544/585/585
f 566/607/607 544/585/585 560/601/601
f 866/915/915 1110/1166/1166 562/603/603
f 566/607/607 560/601/601 367/399/399
f 662/703/703 367/399/399 560/601/601
f 662/703/703 663/704/704 367/399/399
f 268/296/296 367/399/399 663/704/704
f 367/399/399 268/296/296 341/373/373
f 265/293/293 341/373/373 268/296/296
f 662/703/703 659/700/700 663/704/704
f 658/699/699 663/704/704 659/700/700
f 662/703/703 560/601/601 659/700/700
f 663/704/704 648/689/689 268/296/296
f 663/704/704 658/699/699 648/689/689
f 269/297/297 268/296/296 648/689/689
f 268/296/296 269/297/297 265/293/293
f 265/293/293 269/297/297 266/294/294
f 647/688/688 266/294/294 269/297/297
f 269/297/297 648/689/689 647/688/688
f 649/690/690 647/688/688 648/689/689
f 647/688/688 645/686/686 266/294/294
f 216/243/243 266/294/294 645/686/686
f 645/686/686 646/687/687 216/243/243
f 217/244/244 216/243/243 646/687/687
f 646/687/687 645/686/686 661/702/702
f 652/693/693 661/702/702 645/686/686
f 649/690/690 652/693/693 647/688/688
f 645/686/686 647/688/688 652/693/693
f 661/702/702 652/693/693 660/701/701
f 660/701/701 656/697/697 661/702/702
f 665/706/706 661/702/702 656/697/697
f 661/702/702 665/706/706 646/687/687
f 217/244/244 646/687/687 654/695/695
f 792/837/837 654/695/695 646/687/687
f 792/837/837 793/838/838 654/695/695
f 792/837/837 665/706/706 793/838/838
f 792/837/837 646/687/687 665/706/706
f 217/244/244 654/695/695 209/236/236
f 210/237/237 209/236/236 654/695/695
f 209/236/236 210/237/237 208/235/235
f 217/244/244 209/236/236 216/243/243
f 216/243/243 209/236/236 266/294/294
f 267/295/295 266/294/294 209/236/236
f 266/294/294 267/295/295 265/293/293
f 267/295/295 209/236/236 211/238/238
f 267/295/295 211/238/238 341/373/373
f 341/373/373 265/293/293 267/295/295
f 400/432/432 341/373/373 211/238/238
f 211/238/238 644/685/685 400/432/432
f 211/238/238 212/239/239 644/685/685
f 209/236/236 212/239/239 211/238/238
f 564/605/605 644/685/685 212/239/239
f 215/242/242 400/432/432 644/685/685
f 215/242/242 214/241/241 400/432/432
f 529/570/570 400/432/432 214/241/241
f 212/239/239 366/398/398 564/605/605
f 370/402/402 564/605/605 366/398/398
f 214/241/241 746/791/791 529/570/570
f 746/791/791 214/241/241 745/790/790
f 546/587/587 745/790/790 214/241/241
f 781/826/826 529/570/570 746/791/791
f 746/791/791 767/812/812 781/826/826
f 746/791/791 745/790/790 767/812/812
f 768/813/813 781/826/826 767/812/812
f 768/813/813 767/812/812 764/809/809
f 768/813/813 764/809/809 542/583/583
f 768/813/813 542/583/583 781/826/826
f 763/808/808 542/583/583 764/809/809
f 763/808/808 764/809/809 517/558/558
f 518/559/559 517/558/558 764/809/809
f 518/559/559 519/560/560 517/558/558
f 270/298/298 517/558/558 519/560/560
f 270/298/298 196/223/223 517/558/558
f 490/531/531 517/558/558 196/223/223
f 490/531/531 196/223/223 487/528/528
f 490/531/531 487/528/528 489/530/530
f 490/531/531 489/530/530 517/558/558
f 486/527/527 489/530/530 487/528/528
f 486/527/527 487/528/528 485/526/526
f 488/529/529 485/526/526 487/528/528
f 488/529/529 487/528/528 492/533/533
f 195/222/222 492/533/533 487/528/528
f 492/533/533 195/222/222 493/534/534
f 197/224/224 493/534/534 195/222/222
f 488/529/529 492/533/533 430/464/464
f 488/529/529 430/464/464 485/526/526
f 1106/1162/1162 430/464/464 492/533/533
f 492/533/533 493/534/534 1106/1162/1162
f 429/463/463 1106/1162/1162 493/534/534
f 429/463/463 493/534/534 1105/1161/1161
f 514/555/555 1105/1161/1161 493/534/534
f 514/555/555 473/512/512 1105/1161/1161
f 431/465/465 1105/1161/1161 473/512/512
f 431/465/465 473/512/512 1543/1611/1611
f 476/515/515 1543/1611/1611 473/512/512
f 476/515/515 473/512/512 475/514/514
f 474/513/513 475/514/514 473/512/512
f 474/513/513 790/835/835 475/514/514
f 789/834/834 475/514/514 790/835/835
f 789/834/834 790/835/835 777/822/822
f 780/825/825 777/822/822 790/835/835
f 780/825/825 779/824/824 777/822/822
f 780/825/825 520/561/561 779/824/824
f 780/825/825 790/835/835 520/561/561
f 523/564/564 779/824/824 520/561/561
f 523/564/564 520/561/561 522/563/563
f 521/562/562 522/563/563 520/561/561
f 521/562/562 519/560/560 522/563/563
f 735/780/780 522/563/563 519/560/560
f 735/780/780 519/560/560 739/784/784
f 735/780/780 739/784/784 463/502/502
f 735/780/780 463/502/502 522/563/563
f 464/503/503 463/502/502 739/784/784
f 464/503/503 461/500/500 463/502/502
f 462/501/501 463/502/502 461/500/500
f 462/501/501 461/500/500 260/288/288
f 484/525/525 260/288/288 461/500/500
f 484/525/525 725/770/770 260/288/288
f 261/289/289 260/288/288 725/770/770
f 462/501/501 784/829/829 463/502/502
f 462/501/501 260/288/288 784/829/829
f 464/503/503 482/523/523 461/500/500
f 464/503/503 739/784/784 482/523/523
f 516/557/557 482/523/523 739/784/784
f 516/557/557 515/556/556 482/523/523
f 483/524/524 482/523/523 515/556/556
f 483/524/524 451/490/490 482/523/523
f 453/492/492 482/523/523 451/490/490
f 453/492/492 451/490/490 254/282/282
f 452/491/491 254/282/282 451/490/490
f 516/557/557 759/804/804 515/556/556
f 507/548/548 515/556/556 759/804/804
f 507/548/548 759/804/804 506/547/547
f 760/805/805 506/547/547 759/804/804
f 760/805/805 745/790/790 506/547/547
f 758/803/803 506/547/547 745/790/790
f 760/805/805 759/804/804 767/812/812
f 760/805/805 767/812/812 745/790/790
f 761/806/806 767/812/812 759/804/804
f 761/806/806 759/804/804 739/784/784
f 516/557/557 739/784/784 759/804/804
f 761/806/806 764/809/809 767/812/812
f 761/806/806 739/784/784 764/809/809
f 518/559/559 764/809/809 739/784/784
f 518/559/559 739/784/784 519/560/560
f 521/562/562 252/280/280 519/560/560
f 521/562/562 520/561/561 252/280/280
f 734/779/779 252/280/280 520/561/561
f 734/779/779 733/778/778 252/280/280
f 197/224/224 252/280/280 733/778/778
f 734/779/779 520/561/561 790/835/835
f 734/779/779 790/835/835 733/778/778
f 270/298/298 519/560/560 252/280/280
f 197/224/224 733/778/778 493/534/534
f 514/555/555 493/534/534 733/778/778
f 514/555/555 733/778/778 473/512/512
f 474/513/513 473/512/512 733/778/778
f 474/513/513 733/778/778 790/835/835
f 196/223/223 197/224/224 195/222/222
f 195/222/222 487/528/528 196/223/223
f 270/298/298 252/280/280 196/223/223
f 196/223/223 252/280/280 197/224/224
f 373/405/405 281/311/311 372/404/404
f 334/366/366 372/404/404 281/311/311
f 372/404/404 239/267/267 373/405/405
f 314/345/345 373/405/405 239/267/267
f 372/404/404 334/366/366 342/374/374
f 372/404/404 342/374/374 239/267/267
f 374/406/406 342/374/374 334/366/366
f 342/374/374 374/406/406 245/273/273
f 246/274/274 245/273/273 374/406/406
f 373/405/405 314/345/345 414/448/448
f 404/436/436 414/448/448 314/345/345
f 314/345/345 234/262/262 404/436/436
f 401/433/433 404/436/436 234/262/262
f 404/436/436 401/433/433 403/435/435
f 404/436/436 403/435/435 414/448/448
f 402/434/434 403/435/435 401/433/433
f 401/433/433 408/440/440 402/434/434
f 409/441/441 402/434/434 408/440/440
f 402/434/434 409/441/441 410/442/442
f 402/434/434 410/442/442 403/435/435
f 322/354/354 410/442/442 409/441/441
f 409/441/441 695/739/739 322/354/354
f 323/355/355 322/354/354 695/739/739
f 410/442/442 322/354/354 411/443/443
f 410/442/442 411/443/443 413/447/447
f 412/445/445 413/447/447 411/443/443
f 413/447/447 412/445/445 230/257/257
f 231/258/258 230/257/257 412/445/445
f 413/447/447 230/257/257 403/435/435
f 415/449/449 403/435/435 230/257/257
f 230/257/257 684/728/728 415/449/449
f 416/450/450 415/449/449 684/728/728
f 416/450/450 282/312/312 415/449/449
f 414/448/448 415/449/449 282/312/312
f 415/449/449 414/448/448 403/435/435
f 282/312/312 416/450/450 280/310/310
f 417/451/451 280/310/310 416/450/450
f 416/450/450 684/728/728 417/451/451
f 414/448/448 282/312/312 373/405/405
f 281/311/311 373/405/405 282/312/312
f 281/311/311 282/312/312 280/310/310
f 324/356/356 417/451/451 684/728/728
f 324/356/356 219/246/246 417/451/451
f 222/249/249 417/451/451 219/246/246
f 280/310/310 417/451/451 221/248/248
f 222/249/249 221/248/248 417/451/451
f 281/311/311 280/310/310 335/367/367
f 221/248/248 335/367/367 280/310/310
f 335/367/367 221/248/248 407/439/439
f 340/372/372 407/439/439 221/248/248
f 407/439/439 340/372/372 406/438/438
f 244/272/272 406/438/438 340/372/372
f 340/372/372 221/248/248 240/268/268
f 340/372/372 240/268/268 244/272/272
f 223/250/250 240/268/268 221/248/248
f 407/439/439 406/438/438 374/406/406
f 246/274/274 374/406/406 406/438/438
f 406/438/438 244/272/272 419/453/453
f 406/438/438 419/453/453 246/274/274
f 243/271/271 419/453/453 244/272/272
f 243/271/271 405/437/437 419/453/453
f 418/452/452 419/453/453 405/437/437
f 419/453/453 418/452/452 247/275/275
f 247/275/275 246/274/274 419/453/453
f 318/349/349 247/275/275 418/452/452
f 318/349/349 317/348/348 247/275/275
f 245/273/273 247/275/275 317/348/348
f 317/348/348 375/407/407 245/273/273
f 237/265/265 245/273/273 375/407/407
f 405/437/437 286/316/316 418/452/452
f 286/316/316 405/437/437 277/307/307
f 332/364/364 277/307/307 405/437/437
f 332/364/364 405/437/437 242/270/270
f 243/271/271 242/270/270 405/437/437
f 242/270/270 395/427/427 332/364/364
f 395/427/427 242/270/270 688/732/732
f 241/269/269 688/732/732 242/270/270
f 241/269/269 218/245/245 688/732/732
f 331/363/363 688/732/732 218/245/245
f 331/363/363 748/793/793 688/732/732
f 749/794/794 688/732/732 748/793/793
f 749/794/794 748/793/793 753/798/798
f 754/799/799 753/798/798 748/793/793
f 754/799/799 773/818/818 753/798/798
f 772/817/817 753/798/798 773/818/818
f 772/817/817 773/818/818 502/543/543
f 762/807/807 502/543/543 773/818/818
f 762/807/807 498/539/539 502/543/543
f 762/807/807 773/818/818 515/556/556
f 483/524/524 515/556/556 773/818/818
f 754/799/799 451/490/490 773/818/818
f 483/524/524 773/818/818 451/490/490
f 754/799/799 748/793/793 451/490/490
f 452/491/491 451/490/490 748/793/793
f 452/491/491 748/793/793 330/362/362
f 331/363/363 330/362/362 748/793/793
f 452/491/491 330/362/362 254/282/282
f 255/283/283 254/282/282 330/362/362
f 330/362/362 218/245/245 255/283/283
f 331/363/363 218/245/245 330/362/362
f 220/247/247 255/283/283 218/245/245
f 219/246/246 220/247/247 218/245/245
f 220/247/247 219/246/246 283/313/313
f 220/247/247 283/313/313 255/283/283
f 325/357/357 283/313/313 219/246/246
f 255/283/283 283/313/313 253/281/281
f 254/282/282 255/283/283 253/281/281
f 253/281/281 725/770/770 254/282/282
f 253/281/281 747/792/792 725/770/770
f 747/792/792 253/281/281 283/313/313
f 479/518/518 725/770/770 747/792/792
f 725/770/770 479/518/518 261/289/289
f 264/292/292 261/289/289 479/518/518
f 479/518/518 477/516/516 264/292/292
f 479/518/518 747/792/792 477/516/516
f 478/517/517 264/292/292 477/516/516
f 478/517/517 477/516/516 481/521/521
f 480/519/519 481/521/521 477/516/516
f 480/519/519 477/516/516 680/723/723
f 681/725/725 680/723/723 477/516/516
f 681/725/725 232/260/260 680/723/723
f 231/258/258 680/723/723 232/260/260
f 681/725/725 477/516/516 747/792/792
f 232/260/260 681/725/725 283/313/313
f 747/792/792 283/313/313 681/725/725
f 232/260/260 283/313/313 685/729/729
f 325/357/357 685/729/729 283/313/313
f 685/729/729 325/357/357 684/728/728
f 324/356/356 684/728/728 325/357/357
f 684/728/728 230/257/257 685/729/729
f 232/260/260 685/729/729 230/257/257
f 231/258/258 232/260/260 230/257/257
f 325/357/357 219/246/246 324/356/356
f 219/246/246 218/245/245 222/249/249
f 223/250/250 222/249/249 218/245/245
f 222/249/249 223/250/250 221/248/248
f 240/268/268 223/250/250 218/245/245
f 218/245/245 241/269/269 240/268/268
f 240/268/268 241/269/269 244/272/272
f 241/269/269 242/270/270 244/272/272
f 243/271/271 244/272/272 242/270/270
f 293/323/323 292/322/322 326/358/358
f 376/408/408 326/358/358 292/322/322
f 376/408/408 292/322/322 250/278/278
f 251/279/279 250/278/278 292/322/322
f 251/279/279 229/256/256 250/278/278
f 382/414/414 250/278/278 229/256/256
f 250/278/278 382/414/414 248/276/276
f 288/318/318 248/276/276 382/414/414
f 382/414/414 686/730/730 288/318/318
f 687/731/731 288/318/318 686/730/730
f 686/730/730 228/255/255 687/731/731
f 229/256/256 228/255/255 382/414/414
f 686/730/730 382/414/414 228/255/255
f 697/741/741 687/731/731 228/255/255
f 697/741/741 864/913/913 687/731/731
f 864/913/913 697/741/741 284/314/314
f 864/913/913 284/314/314 690/734/734
f 287/317/317 690/734/734 284/314/314
f 690/734/734 287/317/317 689/733/733
f 691/735/735 689/733/733 287/317/317
f 287/317/317 286/316/316 691/735/735
f 286/316/316 287/317/317 284/314/314
f 277/307/307 691/735/735 286/316/316
f 689/733/733 694/738/738 690/734/734
f 694/738/738 689/733/733 693/737/737
f 692/736/736 693/737/737 689/733/733
f 693/737/737 692/736/736 698/743/743
f 693/737/737 698/743/743 323/355/355
f 693/737/737 323/355/355 694/738/738
f 321/353/353 323/355/355 698/743/743
f 700/745/745 698/743/743 692/736/736
f 695/739/739 694/738/738 323/355/355
f 694/738/738 695/739/739 863/912/912
f 862/911/911 863/912/912 695/739/739
f 695/739/739 409/441/441 862/911/911
f 408/440/440 862/911/911 409/441/441
f 863/912/912 690/734/734 694/738/738
f 408/440/440 378/410/410 862/911/911
f 408/440/440 401/433/433 378/410/410
f 234/262/262 378/410/410 401/433/433
f 234/262/262 233/261/261 378/410/410
f 377/409/409 378/410/410 233/261/261
f 233/261/261 379/411/411 377/409/409
f 381/413/413 377/409/409 379/411/411
f 381/413/413 379/411/411 249/277/277
f 380/412/412 249/277/277 379/411/411
f 249/277/277 248/276/276 381/413/413
f 289/319/319 381/413/413 248/276/276
f 381/413/413 289/319/319 377/409/409
f 249/277/277 380/412/412 250/278/278
f 249/277/277 250/278/278 248/276/276
f 376/408/408 250/278/278 380/412/412
f 380/412/412 379/411/411 319/350/350
f 320/351/351 319/350/350 379/411/411
f 379/411/411 233/261/261 320/351/351
f 238/266/266 320/351/351 233/261/261
f 238/266/266 233/261/261 236/264/264
f 235/263/263 236/264/264 233/261/261
f 236/264/264 235/263/263 239/267/267
f 314/345/345 239/267/267 235/263/263
f 234/262/262 235/263/263 233/261/261
f 234/262/262 314/345/345 235/263/263
f 237/265/265 238/266/266 236/264/264
f 236/264/264 239/267/267 237/265/265
f 237/265/265 239/267/267 342/374/374
f 320/351/351 238/266/266 237/265/265
f 320/351/351 237/265/265 319/350/350
f 237/265/265 326/358/358 319/350/350
f 319/350/350 326/358/358 380/412/412
f 376/408/408 380/412/412 326/358/358
f 237/265/265 375/407/407 326/358/358
f 226/253/253 326/358/358 375/407/407
f 226/253/253 375/407/407 224/251/251
f 317/348/348 224/251/251 375/407/407
f 225/252/252 226/253/253 224/251/251
f 225/252/252 224/251/251 291/321/321
f 285/315/315 291/321/321 224/251/251
f 285/315/315 284/314/314 291/321/321
f 290/320/320 291/321/321 284/314/314
f 290/320/320 284/314/314 697/741/741
f 290/320/320 697/741/741 227/254/254
f 291/321/321 227/254/254 225/252/252
f 227/254/254 291/321/321 290/320/320
f 228/255/255 227/254/254 697/741/741
f 293/323/323 225/252/252 227/254/254
f 228/255/255 229/256/256 227/254/254
f 227/254/254 229/256/256 251/279/279
f 251/279/279 292/322/322 227/254/254
f 292/322/322 293/323/323 227/254/254
f 293/323/323 226/253/253 225/252/252
f 226/253/253 293/323/323 326/358/358
f 455/494/494 457/496/496 456/495/495
f 458/497/497 456/495/495 457/496/496
f 458/497/497 457/496/496 779/824/824
f 458/497/497 779/824/824 782/827/827
f 458/497/497 782/827/827 456/495/495
f 523/564/564 782/827/827 779/824/824
f 523/564/564 522/563/563 782/827/827
f 783/828/828 782/827/827 522/563/563
f 783/828/828 522/563/563 463/502/502
f 783/828/828 463/502/502 784/829/829
f 783/828/828 784/829/829 782/827/827
f 785/830/830 782/827/827 784/829/829
f 785/830/830 784/829/829 786/831/831
f 785/830/830 786/831/831 456/495/495
f 459/498/498 456/495/495 786/831/831
f 459/498/498 454/493/493 456/495/495
f 459/498/498 460/499/499 454/493/493
f 459/498/498 786/831/831 460/499/499
f 398/430/430 454/493/493 460/499/499
f 455/494/494 456/495/495 454/493/493
f 263/291/291 460/499/499 786/831/831
f 263/291/291 786/831/831 261/289/289
f 262/290/290 261/289/289 786/831/831
f 262/290/290 786/831/831 784/829/829
f 398/430/430 460/499/499 399/431/431
f 787/832/832 399/431/431 460/499/499
f 460/499/499 263/291/291 787/832/832
f 264/292/292 787/832/832 263/291/291
f 399/431/431 787/832/832 788/833/833
f 796/841/841 788/833/833 787/832/832
f 787/832/832 264/292/292 796/841/841
f 796/841/841 272/301/301 788/833/833
f 795/840/840 788/833/833 272/301/301
f 795/840/840 272/301/301 838/886/886
f 271/300/300 838/886/886 272/301/301
f 838/886/886 271/300/300 839/887/887
f 837/885/885 839/887/887 271/300/300
f 837/885/885 818/865/865 839/887/887
f 816/861/861 839/887/887 818/865/865
f 816/861/861 818/865/865 815/860/860
f 817/863/863 815/860/860 818/865/865
f 817/863/863 447/481/481 815/860/860
f 1127/1185/1185 815/860/860 447/481/481
f 470/509/509 471/510/510 469/508/508
f 472/511/511 469/508/508 471/510/510
f 470/509/509 469/508/508 678/721/721
f 470/509/509 678/721/721 465/504/504
f 470/509/509 465/504/504 471/510/510
f 679/722/722 678/721/721 469/508/508
f 679/722/722 469/508/508 726/771/771
f 727/772/772 726/771/771 469/508/508
f 794/839/839 471/510/510 465/504/504
f 794/839/839 465/504/504 736/781/781
f 468/507/507 736/781/781 465/504/504
f 468/507/507 572/613/613 736/781/781
f 721/766/766 736/781/781 572/613/613
f 721/766/766 572/613/613 719/764/764
f 721/766/766 719/764/764 274/304/304
f 721/766/766 274/304/304 736/781/781
f 275/305/305 274/304/304 719/764/764
f 275/305/305 719/764/764 716/761/761
f 275/305/305 716/761/761 276/306/306
f 275/305/305 276/306/306 274/304/304
f 717/762/762 276/306/306 716/761/761
f 511/552/552 716/761/761 719/764/764
f 511/552/552 510/551/551 716/761/761
f 511/552/552 512/553/553 510/551/551
f 513/554/554 510/551/551 512/553/553
f 513/554/554 512/553/553 705/750/750
f 710/755/755 716/761/761 510/551/551
f 710/755/755 510/551/551 702/747/747
f 703/748/748 702/747/747 510/551/551
f 703/748/748 1116/1172/1172 702/747/747
f 1545/1613/1613 702/747/747 1116/1172/1172
f 703/748/748 704/749/749 1116/1172/1172
f 513/554/554 705/750/750 704/749/749
f 440/474/474 1116/1172/1172 704/749/749
f 440/474/474 704/749/749 1119/1175/1175
f 708/753/753 1119/1175/1175 704/749/749
f 708/753/753 704/749/749 705/750/750
f 703/748/748 510/551/551 704/749/749
f 513/554/554 704/749/749 510/551/551
f 440/474/474 1119/1175/1175 1381/1445/1445
f 440/474/474 1381/1445/1445 1116/1172/1172
f 1380/1444/1444 1116/1172/1172 1381/1445/1445
f 1380/1444/1444 1379/1443/1443 1116/1172/1172
f 1545/1613/1613 1116/1172/1172 1379/1443/1443
f 1380/1444/1444 1189/1251/1251 1379/1443/1443
f 1380/1444/1444 1381/1445/1445 1189/1251/1251
f 1387/1451/1451 1379/1443/1443 1189/1251/1251
f 1387/1451/1451 1189/1251/1251 1393/1457/1457
f 1190/1252/1252 1393/1457/1457 1189/1251/1251
f 1190/1252/1252 1189/1251/1251 1191/1253/1253
f 1192/1254/1254 1191/1253/1253 1189/1251/1251
f 1192/1254/1254 1382/1446/1446 1191/1253/1253
f 1250/1312/1312 1191/1253/1253 1382/1446/1446
f 1250/1312/1312 1249/1311/1311 1191/1253/1253
f 1248/1310/1310 1191/1253/1253 1249/1311/1311
f 1248/1310/1310 1249/1311/1311 1251/1313/1313
f 1252/1314/1314 1251/1313/1313 1249/1311/1311
f 1250/1312/1312 1382/1446/1446 1253/1315/1315
f 1250/1312/1312 1253/1315/1315 1249/1311/1311
f 1388/1452/1452 1253/1315/1315 1382/1446/1446
f 1388/1452/1452 1382/1446/1446 1022/1076/1076
f 1385/1449/1449 1022/1076/1076 1382/1446/1446
f 1385/1449/1449 1119/1175/1175 1022/1076/1076
f 443/477/477 1022/1076/1076 1119/1175/1175
f 1388/1452/1452 1022/1076/1076 1389/1453/1453
f 1388/1452/1452 1389/1453/1453 1253/1315/1315
f 1019/1073/1073 1389/1453/1453 1022/1076/1076
f 1022/1076/1076 1021/1075/1075 1019/1073/1073
f 1020/1074/1074 1019/1073/1073 1021/1075/1075
f 1389/1453/1453 1019/1073/1073 1257/1319/1319
f 1256/1318/1318 1257/1319/1319 1019/1073/1073
f 1256/1318/1318 1255/1317/1317 1257/1319/1319
f 1258/1320/1320 1257/1319/1319 1255/1317/1317
f 1258/1320/1320 1290/1352/1352 1257/1319/1319
f 1270/1332/1332 1257/1319/1319 1290/1352/1352
f 1258/1320/1320 1255/1317/1317 1390/1454/1454
f 1258/1320/1320 1390/1454/1454 1290/1352/1352
f 1391/1455/1455 1390/1454/1454 1255/1317/1317
f 1391/1455/1455 1285/1347/1347 1390/1454/1454
f 1286/1348/1348 1390/1454/1454 1285/1347/1347
f 1286/1348/1348 1285/1347/1347 1281/1343/1343
f 1286/1348/1348 1281/1343/1343 1061/1115/1115
f 1286/1348/1348 1061/1115/1115 1390/1454/1454
f 1060/1114/1114 1061/1115/1115 1281/1343/1343
f 1060/1114/1114 1059/1113/1113 1061/1115/1115
f 1062/1116/1116 1061/1115/1115 1059/1113/1113
f 1060/1114/1114 1278/1340/1340 1059/1113/1113
f 1060/1114/1114 1281/1343/1343 1278/1340/1340
f 1275/1337/1337 1059/1113/1113 1278/1340/1340
f 1278/1340/1340 1277/1339/1339 1275/1337/1337
f 1274/1336/1336 1275/1337/1337 1277/1339/1339
f 1275/1337/1337 1274/1336/1336 1015/1069/1069
f 1275/1337/1337 1015/1069/1069 1059/1113/1113
f 1276/1338/1338 1015/1069/1069 1274/1336/1336
f 1278/1340/1340 1279/1341/1341 1277/1339/1339
f 1280/1342/1342 1277/1339/1339 1279/1341/1341
f 1279/1341/1341 1278/1340/1340 1281/1343/1343
f 1279/1341/1341 1282/1344/1344 1280/1342/1342
f 1279/1341/1341 1281/1343/1343 1282/1344/1344
f 1026/1080/1080 1280/1342/1342 1282/1344/1344
f 1026/1080/1080 1282/1344/1344 1025/1079/1079
f 1026/1080/1080 1025/1079/1079 1023/1077/1077
f 1024/1078/1078 1023/1077/1077 1025/1079/1079
f 1025/1079/1079 1037/1091/1091 1024/1078/1078
f 1034/1088/1088 1024/1078/1078 1037/1091/1091
f 1037/1091/1091 1036/1090/1090 1034/1088/1088
f 1035/1089/1089 1034/1088/1088 1036/1090/1090
f 1034/1088/1088 1035/1089/1089 1024/1078/1078
f 1036/1090/1090 1037/1091/1091 1065/1119/1119
f 1066/1120/1120 1065/1119/1119 1037/1091/1091
f 1035/1089/1089 1036/1090/1090 1101/1157/1157
f 1101/1157/1157 1024/1078/1078 1035/1089/1089
f 1102/1158/1158 1101/1157/1157 1036/1090/1090
f 1037/1091/1091 1025/1079/1079 1066/1120/1120
f 1283/1345/1345 1066/1120/1120 1025/1079/1079
f 1283/1345/1345 1025/1079/1079 1282/1344/1344
f 1282/1344/1344 1284/1346/1346 1283/1345/1345
f 1068/1122/1122 1283/1345/1345 1284/1346/1346
f 1284/1346/1346 1285/1347/1347 1068/1122/1122
f 1067/1121/1121 1068/1122/1122 1285/1347/1347
f 1068/1122/1122 1067/1121/1121 1069/1123/1123
f 1070/1124/1124 1069/1123/1123 1067/1121/1121
f 1069/1123/1123 1070/1124/1124 1299/1361/1361
f 1301/1363/1363 1299/1361/1361 1070/1124/1124
f 1301/1363/1363 881/930/930 1299/1361/1361
f 1300/1362/1362 1299/1361/1361 881/930/930
f 1299/1361/1361 1300/1362/1362 1065/1119/1119
f 1299/1361/1361 1065/1119/1119 1069/1123/1123
f 1303/1365/1365 1065/1119/1119 1300/1362/1362
f 1300/1362/1362 1297/1359/1359 1303/1365/1365
f 1304/1366/1366 1303/1365/1365 1297/1359/1359
f 1304/1366/1366 1038/1092/1092 1303/1365/1365
f 1102/1158/1158 1303/1365/1365 1038/1092/1092
f 1038/1092/1092 1039/1093/1093 1102/1158/1158
f 1039/1093/1093 1038/1092/1092 1040/1094/1094
f 1041/1095/1095 1040/1094/1094 1038/1092/1092
f 1040/1094/1094 1041/1095/1095 1307/1369/1369
f 1032/1086/1086 1307/1369/1369 1041/1095/1095
f 1032/1086/1086 1041/1095/1095 1031/1085/1085
f 1031/1085/1085 1030/1084/1084 1032/1086/1086
f 1033/1087/1087 1032/1086/1086 1030/1084/1084
f 1032/1086/1086 1033/1087/1087 1307/1369/1369
f 1033/1087/1087 1030/1084/1084 1100/1156/1156
f 1012/1066/1066 1100/1156/1156 1030/1084/1084
f 1030/1084/1084 1287/1349/1349 1012/1066/1066
f 1013/1067/1067 1012/1066/1066 1287/1349/1349
f 1100/1156/1156 1289/1351/1351 1033/1087/1087
f 1288/1350/1350 1033/1087/1087 1289/1351/1351
f 1288/1350/1350 1307/1369/1369 1033/1087/1087
f 1100/1156/1156 1012/1066/1066 1276/1338/1338
f 1015/1069/1069 1276/1338/1338 1012/1066/1066
f 1013/1067/1067 1287/1349/1349 1273/1335/1335
f 1273/1335/1335 1064/1118/1118 1013/1067/1067
f 1064/1118/1118 1273/1335/1335 1272/1334/1334
f 1267/1329/1329 1272/1334/1334 1273/1335/1335
f 1064/1118/1118 1272/1334/1334 1063/1117/1117
f 1063/1117/1117 1005/1059/1059 1064/1118/1118
f 1003/1057/1057 1064/1118/1118 1005/1059/1059
f 1063/1117/1117 1292/1354/1354 1005/1059/1059
f 1291/1353/1353 1005/1059/1059 1292/1354/1354
f 1291/1353/1353 1292/1354/1354 1395/1459/1459
f 1395/1459/1459 1061/1115/1115 1291/1353/1353
f 1062/1116/1116 1291/1353/1353 1061/1115/1115
f 1290/1352/1352 1395/1459/1459 1292/1354/1354
f 1395/1459/1459 1290/1352/1352 1390/1454/1454
f 1395/1459/1459 1390/1454/1454 1061/1115/1115
f 1292/1354/1354 1269/1331/1331 1290/1352/1352
f 1270/1332/1332 1290/1352/1352 1269/1331/1331
f 1270/1332/1332 1269/1331/1331 1254/1316/1316
f 1097/1153/1153 1254/1316/1316 1269/1331/1331
f 1254/1316/1316 1097/1153/1153 1253/1315/1315
f 1098/1154/1154 1253/1315/1315 1097/1153/1153
f 1097/1153/1153 1096/1152/1152 1098/1154/1154
f 1097/1153/1153 1269/1331/1331 1096/1152/1152
f 1099/1155/1155 1098/1154/1154 1096/1152/1152
f 1099/1155/1155 1096/1152/1152 1246/1308/1308
f 1247/1309/1309 1246/1308/1308 1096/1152/1152
f 1246/1308/1308 1146/1206/1206 1099/1155/1155
f 1252/1314/1314 1099/1155/1155 1146/1206/1206
f 1098/1154/1154 1249/1311/1311 1253/1315/1315
f 1098/1154/1154 1099/1155/1155 1249/1311/1311
f 1252/1314/1314 1249/1311/1311 1099/1155/1155
f 1252/1314/1314 1146/1206/1206 1251/1313/1313
f 1147/1207/1207 1251/1313/1313 1146/1206/1206
f 1147/1207/1207 1146/1206/1206 1144/1204/1204
f 1145/1205/1205 1144/1204/1204 1146/1206/1206
f 1145/1205/1205 1146/1206/1206 1427/1491/1491
f 1184/1246/1246 1427/1491/1491 1146/1206/1206
f 1184/1246/1246 875/924/924 1427/1491/1491
f 1184/1246/1246 1183/1245/1245 875/924/924
f 874/923/923 875/924/924 1183/1245/1245
f 1184/1246/1246 1146/1206/1206 1183/1245/1245
f 1246/1308/1308 1183/1245/1245 1146/1206/1206
f 1183/1245/1245 1246/1308/1308 1268/1330/1330
f 1183/1245/1245 1268/1330/1330 874/923/923
f 1247/1309/1309 1268/1330/1330 1246/1308/1308
f 1247/1309/1309 1272/1334/1334 1268/1330/1330
f 1247/1309/1309 1096/1152/1152 1272/1334/1334
f 1271/1333/1333 1272/1334/1334 1096/1152/1152
f 1271/1333/1333 1096/1152/1152 1269/1331/1331
f 1271/1333/1333 1269/1331/1331 1063/1117/1117
f 1271/1333/1333 1063/1117/1117 1272/1334/1334
f 1292/1354/1354 1063/1117/1117 1269/1331/1331
f 1267/1329/1329 1268/1330/1330 1272/1334/1334
f 1268/1330/1330 1267/1329/1329 877/926/926
f 1266/1328/1328 877/926/926 1267/1329/1329
f 1267/1329/1329 1273/1335/1335 1266/1328/1328
f 1429/1493/1493 1266/1328/1328 1273/1335/1335
f 1429/1493/1493 1273/1335/1335 1287/1349/1349
f 1429/1493/1493 1287/1349/1349 1296/1358/1358
f 1295/1357/1357 1296/1358/1358 1287/1349/1349
f 1296/1358/1358 1295/1357/1357 1293/1355/1355
f 1294/1356/1356 1293/1355/1355 1295/1357/1357
f 1294/1356/1356 1297/1359/1359 1293/1355/1355
f 1298/1360/1360 1293/1355/1355 1297/1359/1359
f 1294/1356/1356 1295/1357/1357 1302/1364/1364
f 1294/1356/1356 1302/1364/1364 1297/1359/1359
f 1031/1085/1085 1302/1364/1364 1295/1357/1357
f 1302/1364/1364 1031/1085/1085 1041/1095/1095
f 1297/1359/1359 1300/1362/1362 1298/1360/1360
f 881/930/930 1298/1360/1360 1300/1362/1362
f 1298/1360/1360 881/930/930 1309/1371/1371
f 882/931/931 1309/1371/1371 881/930/930
f 882/931/931 1175/1237/1237 1309/1371/1371
f 1263/1325/1325 1309/1371/1371 1175/1237/1237
f 882/931/931 883/932/932 1175/1237/1237
f 883/932/932 882/931/931 881/930/930
f 1174/1236/1236 1175/1237/1237 883/932/932
f 1174/1236/1236 1173/1235/1235 1175/1237/1237
f 1176/1238/1238 1175/1237/1237 1173/1235/1235
f 1176/1238/1238 1173/1235/1235 1206/1268/1268
f 1176/1238/1238 1206/1268/1268 1262/1324/1324
f 1176/1238/1238 1262/1324/1324 1175/1237/1237
f 1263/1325/1325 1175/1237/1237 1262/1324/1324
f 1263/1325/1325 1262/1324/1324 1264/1326/1326
f 1265/1327/1327 1264/1326/1326 1262/1324/1324
f 1207/1269/1269 1262/1324/1324 1206/1268/1268
f 1206/1268/1268 972/1025/1025 1207/1269/1269
f 973/1026/1026 1207/1269/1269 972/1025/1025
f 1265/1327/1327 1262/1324/1324 1179/1241/1241
f 1207/1269/1269 1179/1241/1241 1262/1324/1324
f 1207/1269/1269 973/1026/1026 1179/1241/1241
f 1206/1268/1268 1230/1292/1292 972/1025/1025
f 975/1028/1028 972/1025/1025 1230/1292/1292
f 975/1028/1028 1230/1292/1292 1231/1293/1293
f 1232/1294/1294 1231/1293/1293 1230/1292/1292
f 1231/1293/1293 1232/1294/1294 982/1035/1035
f 981/1034/1034 982/1035/1035 1232/1294/1294
f 1232/1294/1294 1230/1292/1292 981/1034/1034
f 1231/1293/1293 1234/1296/1296 975/1028/1028
f 974/1027/1027 975/1028/1028 1234/1296/1296
f 982/1035/1035 1433/1497/1497 1231/1293/1293
f 1234/1296/1296 1231/1293/1293 1433/1497/1497
f 1433/1497/1497 982/1035/1035 1434/1498/1498
f 980/1033/1033 1434/1498/1498 982/1035/1035
f 982/1035/1035 981/1034/1034 980/1033/1033
f 1234/1296/1296 1210/1272/1272 974/1027/1027
f 1212/1274/1274 974/1027/1027 1210/1272/1272
f 974/1027/1027 1212/1274/1274 1216/1278/1278
f 1213/1275/1275 1216/1278/1278 1212/1274/1274
f 1213/1275/1275 1212/1274/1274 1211/1273/1273
f 989/1042/1042 1211/1273/1273 1212/1274/1274
f 1212/1274/1274 1210/1272/1272 989/1042/1042
f 1213/1275/1275 1452/1516/1516 1216/1278/1278
f 1213/1275/1275 1211/1273/1273 1452/1516/1516
f 1238/1300/1300 1216/1278/1278 1452/1516/1516
f 1238/1300/1300 1237/1299/1299 1216/1278/1278
f 971/1024/1024 1216/1278/1278 1237/1299/1299
f 1238/1300/1300 1226/1288/1288 1237/1299/1299
f 1238/1300/1300 1452/1516/1516 1226/1288/1288
f 1225/1287/1287 1237/1299/1299 1226/1288/1288
f 1226/1288/1288 889/938/938 1225/1287/1287
f 890/939/939 1225/1287/1287 889/938/938
f 889/938/938 1226/1288/1288 1045/1099/1099
f 1045/1099/1099 1046/1100/1100 889/938/938
f 1045/1099/1099 1044/1098/1098 1046/1100/1100
f 1047/1101/1101 1046/1100/1100 1044/1098/1098
f 1243/1305/1305 889/938/938 1046/1100/1100
f 1047/1101/1101 1044/1098/1098 1319/1381/1381
f 1320/1382/1382 1319/1381/1381 1044/1098/1098
f 1320/1382/1382 1236/1298/1298 1319/1381/1381
f 1314/1376/1376 1319/1381/1381 1236/1298/1298
f 1314/1376/1376 1313/1375/1375 1319/1381/1381
f 1314/1376/1376 436/470/470 1313/1375/1375
f 1314/1376/1376 1236/1298/1298 436/470/470
f 437/471/471 1313/1375/1375 436/470/470
f 1315/1377/1377 1319/1381/1381 1313/1375/1375
f 1313/1375/1375 1317/1379/1379 1315/1377/1377
f 1316/1378/1378 1315/1377/1377 1317/1379/1379
f 1315/1377/1377 1316/1378/1378 1318/1380/1380
f 934/984/984 1318/1380/1380 1316/1378/1378
f 934/984/984 935/985/985 1318/1380/1380
f 1042/1096/1096 1318/1380/1380 935/985/985
f 1042/1096/1096 935/985/985 888/937/937
f 885/934/934 888/937/937 935/985/985
f 935/985/985 1312/1374/1374 885/934/934
f 1312/1374/1374 935/985/985 1311/1373/1373
f 933/983/983 1311/1373/1373 935/985/985
f 935/985/985 934/984/984 933/983/983
f 884/933/933 885/934/934 1312/1374/1374
f 1311/1373/1373 933/983/983 1343/1405/1405
f 1321/1383/1383 1343/1405/1405 933/983/983
f 933/983/983 934/984/984 1321/1383/1383
f 1316/1378/1378 1321/1383/1383 934/984/984
f 1321/1383/1383 1316/1378/1378 1322/1384/1384
f 1317/1379/1379 1322/1384/1384 1316/1378/1378
f 1317/1379/1379 1122/1178/1178 1322/1384/1384
f 1317/1379/1379 1313/1375/1375 1122/1178/1178
f 437/471/471 1122/1178/1178 1313/1375/1375
f 1121/1177/1177 1322/1384/1384 1122/1178/1178
f 1322/1384/1384 1121/1177/1177 1348/1410/1410
f 1120/1176/1176 1348/1410/1410 1121/1177/1177
f 1348/1410/1410 1120/1176/1176 1349/1411/1411
f 1349/1411/1411 1347/1409/1409 1348/1410/1410
f 1343/1405/1405 1348/1410/1410 1347/1409/1409
f 1347/1409/1409 1346/1408/1408 1343/1405/1405
f 1311/1373/1373 1343/1405/1405 1346/1408/1408
f 1350/1412/1412 1346/1408/1408 1347/1409/1409
f 1347/1409/1409 1349/1411/1411 1350/1412/1412
f 673/716/716 1350/1412/1412 1349/1411/1411
f 446/480/480 1349/1411/1411 1120/1176/1176
f 446/480/480 673/716/716 1349/1411/1411
f 1311/1373/1373 1346/1408/1408 1312/1374/1374
f 1453/1517/1517 1312/1374/1374 1346/1408/1408
f 1453/1517/1517 1346/1408/1408 1350/1412/1412
f 1312/1374/1374 1453/1517/1517 884/933/933
f 987/1040/1040 884/933/933 1453/1517/1517
f 987/1040/1040 985/1038/1038 884/933/933
f 886/935/935 884/933/933 985/1038/1038
f 985/1038/1038 1334/1396/1396 886/935/935
f 1333/1395/1395 886/935/935 1334/1396/1396
f 1334/1396/1396 985/1038/1038 31/220/220
f 986/1039/1039 31/220/220 985/1038/1038
f 987/1040/1040 12/218/218 985/1038/1038
f 986/1039/1039 985/1038/1038 12/218/218
f 987/1040/1040 1453/1517/1517 12/218/218
f 1350/1412/1412 12/218/218 1453/1517/1517
f 1334/1396/1396 1470/1534/1534 1333/1395/1395
f 31/220/220 1470/1534/1534 1334/1396/1396
f 31/220/220 672/714/714 1470/1534/1534
f 1345/1407/1407 1470/1534/1534 672/714/714
f 1345/1407/1407 672/714/714 1336/1398/1398
f 1345/1407/1407 1336/1398/1398 1344/1406/1406
f 1345/1407/1407 1344/1406/1406 1470/1534/1534
f 1335/1397/1397 1344/1406/1406 1336/1398/1398
f 1336/1398/1398 867/916/916 1335/1397/1397
f 672/714/714 867/916/916 1336/1398/1398
f 1113/1169/1169 1335/1397/1397 867/916/916
f 1113/1169/1169 1115/1171/1171 1335/1397/1397
f 1339/1401/1401 1335/1397/1397 1115/1171/1171
f 1115/1171/1171 439/473/473 1339/1401/1401
f 1330/1392/1392 1339/1401/1401 439/473/473
f 1330/1392/1392 439/473/473 1329/1391/1391
f 1330/1392/1392 1329/1391/1391 1331/1393/1393
f 1330/1392/1392 1331/1393/1393 1339/1401/1401
f 1328/1390/1390 1331/1393/1393 1329/1391/1391
f 438/472/472 1329/1391/1391 439/473/473
f 438/472/472 1112/1168/1168 1329/1391/1391
f 1332/1394/1394 1329/1391/1391 1112/1168/1168
f 1332/1394/1394 1112/1168/1168 1337/1399/1399
f 1114/1170/1170 1337/1399/1399 1112/1168/1168
f 1114/1170/1170 1544/1612/1612 1337/1399/1399
f 1338/1400/1400 1337/1399/1399 1544/1612/1612
f 1544/1612/1612 1110/1166/1166 1338/1400/1400
f 1242/1304/1304 1338/1400/1400 1110/1166/1166
f 1242/1304/1304 1110/1166/1166 1241/1303/1303
f 1242/1304/1304 1241/1303/1303 1239/1301/1301
f 1242/1304/1304 1239/1301/1301 1338/1400/1400
f 1240/1302/1302 1239/1301/1301 1241/1303/1303
f 1240/1302/1302 1223/1285/1285 1239/1301/1301
f 1245/1307/1307 1239/1301/1301 1223/1285/1285
f 866/915/915 1241/1303/1303 1110/1166/1166
f 1245/1307/1307 1043/1097/1097 1239/1301/1301
f 1341/1403/1403 1239/1301/1301 1043/1097/1097
f 1341/1403/1403 1043/1097/1097 1342/1404/1404
f 944/994/994 1342/1404/1404 1043/1097/1097
f 1043/1097/1097 1017/1071/1071 944/994/994
f 941/991/991 944/994/994 1017/1071/1071
f 1341/1403/1403 1342/1404/1404 1338/1400/1400
f 1337/1399/1399 1338/1400/1400 1342/1404/1404
f 1341/1403/1403 1338/1400/1400 1239/1301/1301
f 1342/1404/1404 944/994/994 1327/1389/1389
f 1342/1404/1404 1327/1389/1389 1337/1399/1399
f 945/995/995 1327/1389/1389 944/994/994
f 945/995/995 944/994/994 941/991/991
f 941/991/991 942/992/992 945/995/995
f 1326/1388/1388 945/995/995 942/992/992
f 945/995/995 1326/1388/1388 1327/1389/1389
f 1328/1390/1390 1327/1389/1389 1326/1388/1388
f 1326/1388/1388 942/992/992 1324/1386/1386
f 892/941/941 1324/1386/1386 942/992/992
f 1324/1386/1386 892/941/941 1325/1387/1387
f 893/942/942 1325/1387/1387 892/941/941
f 1325/1387/1387 1340/1402/1402 1324/1386/1386
f 1331/1393/1393 1324/1386/1386 1340/1402/1402
f 1324/1386/1386 1331/1393/1393 1326/1388/1388
f 1328/1390/1390 1326/1388/1388 1331/1393/1393
f 1340/1402/1402 1339/1401/1401 1331/1393/1393
f 1339/1401/1401 1340/1402/1402 1335/1397/1397
f 1344/1406/1406 1335/1397/1397 1340/1402/1402
f 1340/1402/1402 1325/1387/1387 1344/1406/1406
f 893/942/942 1333/1395/1395 1325/1387/1387
f 1469/1533/1533 1325/1387/1387 1333/1395/1395
f 1469/1533/1533 1333/1395/1395 1470/1534/1534
f 1469/1533/1533 1470/1534/1534 1344/1406/1406
f 1469/1533/1533 1344/1406/1406 1325/1387/1387
f 886/935/935 1333/1395/1395 885/934/934
f 893/942/942 885/934/934 1333/1395/1395
f 886/935/935 885/934/934 884/933/933
f 885/934/934 893/942/942 892/941/941
f 892/941/941 942/992/992 885/934/934
f 943/993/993 885/934/934 942/992/992
f 943/993/993 942/992/992 941/991/991
f 885/934/934 943/993/993 887/936/936
f 943/993/993 1017/1071/1071 887/936/936
f 941/991/991 1017/1071/1071 943/993/993
f 1076/1130/1130 887/936/936 1017/1071/1071
f 887/936/936 1076/1130/1130 1323/1385/1385
f 887/936/936 1323/1385/1385 888/937/937
f 888/937/937 885/934/934 887/936/936
f 1243/1305/1305 888/937/937 1323/1385/1385
f 891/940/940 1323/1385/1385 1076/1130/1130
f 891/940/940 1076/1130/1130 890/939/939
f 1208/1270/1270 890/939/939 1076/1130/1130
f 888/937/937 1243/1305/1305 1042/1096/1096
f 1046/1100/1100 1042/1096/1096 1243/1305/1305
f 890/939/939 1208/1270/1270 1423/1487/1487
f 1423/1487/1487 1422/1486/1486 890/939/939
f 1225/1287/1287 890/939/939 1422/1486/1486
f 1458/1522/1522 1423/1487/1487 1208/1270/1270
f 1423/1487/1487 1458/1522/1522 1444/1508/1508
f 1423/1487/1487 1444/1508/1508 1422/1486/1486
f 1445/1509/1509 1444/1508/1508 1458/1522/1522
f 1445/1509/1509 1441/1505/1505 1444/1508/1508
f 1445/1509/1509 1221/1283/1283 1441/1505/1505
f 1445/1509/1509 1458/1522/1522 1221/1283/1283
f 1440/1504/1504 1441/1505/1505 1221/1283/1283
f 1440/1504/1504 1196/1258/1258 1441/1505/1505
f 1197/1259/1259 1441/1505/1505 1196/1258/1258
f 1197/1259/1259 1196/1258/1258 1198/1260/1260
f 946/996/996 1198/1260/1260 1196/1258/1258
f 946/996/996 1196/1258/1258 872/921/921
f 1169/1231/1231 872/921/921 1196/1258/1258
f 1169/1231/1231 1166/1228/1228 872/921/921
f 1169/1231/1231 1168/1230/1230 1166/1228/1228
f 1169/1231/1231 1196/1258/1258 1168/1230/1230
f 1165/1227/1227 1166/1228/1228 1168/1230/1230
f 1165/1227/1227 1164/1226/1226 1166/1228/1228
f 1167/1229/1229 1166/1228/1228 1164/1226/1226
f 1167/1229/1229 1171/1233/1233 1166/1228/1228
f 871/920/920 1166/1228/1228 1171/1233/1233
f 1171/1233/1233 1172/1234/1234 871/920/920
f 873/922/922 871/920/920 1172/1234/1234
f 1167/1229/1229 430/464/464 1171/1233/1233
f 1167/1229/1229 1164/1226/1226 430/464/464
f 1106/1162/1162 1171/1233/1233 430/464/464
f 1171/1233/1233 1106/1162/1162 1172/1234/1234
f 429/463/463 1172/1234/1234 1106/1162/1162
f 429/463/463 1105/1161/1161 1172/1234/1234
f 1193/1255/1255 1172/1234/1234 1105/1161/1161
f 1193/1255/1255 1105/1161/1161 1152/1212/1212
f 431/465/465 1152/1212/1212 1105/1161/1161
f 431/465/465 1543/1611/1611 1152/1212/1212
f 1155/1215/1215 1152/1212/1212 1543/1611/1611
f 1155/1215/1215 1154/1214/1214 1152/1212/1212
f 1153/1213/1213 1152/1212/1212 1154/1214/1214
f 1153/1213/1213 1154/1214/1214 1467/1531/1531
f 1466/1530/1530 1467/1531/1531 1154/1214/1214
f 1466/1530/1530 1454/1518/1518 1467/1531/1531
f 1457/1521/1521 1467/1531/1531 1454/1518/1518
f 1457/1521/1521 1454/1518/1518 1456/1520/1520
f 1457/1521/1521 1456/1520/1520 1199/1261/1261
f 1457/1521/1521 1199/1261/1261 1467/1531/1531
f 1202/1264/1264 1199/1261/1261 1456/1520/1520
f 1202/1264/1264 1201/1263/1263 1199/1261/1261
f 1200/1262/1262 1199/1261/1261 1201/1263/1263
f 1200/1262/1262 1201/1263/1263 1198/1260/1260
f 1412/1476/1476 1198/1260/1260 1201/1263/1263
f 1412/1476/1476 1416/1480/1480 1198/1260/1260
f 1412/1476/1476 1142/1202/1202 1416/1480/1480
f 1412/1476/1476 1201/1263/1263 1142/1202/1202
f 1143/1203/1203 1416/1480/1480 1142/1202/1202
f 1143/1203/1203 1142/1202/1202 1140/1200/1200
f 1141/1201/1201 1140/1200/1200 1142/1202/1202
f 1141/1201/1201 936/986/986 1140/1200/1200
f 1163/1225/1225 1140/1200/1200 936/986/986
f 1163/1225/1225 936/986/986 1402/1466/1466
f 937/987/987 1402/1466/1466 936/986/986
f 1141/1201/1201 1142/1202/1202 1461/1525/1525
f 1141/1201/1201 1461/1525/1525 936/986/986
f 1460/1524/1524 1461/1525/1525 1142/1202/1202
f 1460/1524/1524 1142/1202/1202 1201/1263/1263
f 1460/1524/1524 1201/1263/1263 1459/1523/1523
f 1460/1524/1524 1459/1523/1523 1461/1525/1525
f 1202/1264/1264 1459/1523/1523 1201/1263/1263
f 1202/1264/1264 1456/1520/1520 1459/1523/1523
f 1137/1197/1197 1459/1523/1523 1456/1520/1520
f 1137/1197/1197 1456/1520/1520 1136/1196/1196
f 1137/1197/1197 1136/1196/1196 1135/1195/1195
f 1137/1197/1197 1135/1195/1195 1459/1523/1523
f 1134/1194/1194 1135/1195/1195 1136/1196/1196
f 1455/1519/1519 1136/1196/1196 1456/1520/1520
f 1455/1519/1519 1456/1520/1520 1454/1518/1518
f 1134/1194/1194 1133/1193/1193 1135/1195/1195
f 1138/1198/1198 1135/1195/1195 1133/1193/1193
f 1138/1198/1198 1133/1193/1193 1139/1199/1199
f 1074/1128/1128 1139/1199/1199 1133/1193/1193
f 1138/1198/1198 1463/1527/1527 1135/1195/1195
f 1138/1198/1198 1139/1199/1199 1463/1527/1527
f 939/989/989 1463/1527/1527 1139/1199/1199
f 939/989/989 937/987/987 1463/1527/1527
f 938/988/988 1463/1527/1527 937/987/987
f 938/988/988 1461/1525/1525 1463/1527/1527
f 1462/1526/1526 1463/1527/1527 1461/1525/1525
f 1462/1526/1526 1135/1195/1195 1463/1527/1527
f 1462/1526/1526 1461/1525/1525 1459/1523/1523
f 1462/1526/1526 1459/1523/1523 1135/1195/1195
f 938/988/988 936/986/986 1461/1525/1525
f 938/988/988 937/987/987 936/986/986
f 940/990/990 937/987/987 939/989/989
f 940/990/990 1158/1218/1218 937/987/987
f 1158/1218/1218 940/990/990 1156/1216/1216
f 1157/1217/1217 1156/1216/1216 940/990/990
f 1157/1217/1217 1160/1221/1221 1156/1216/1216
f 1159/1219/1219 1156/1216/1216 1160/1221/1221
f 1159/1219/1219 1357/1419/1419 1156/1216/1216
f 1358/1421/1421 1156/1216/1216 1357/1419/1419
f 1358/1421/1421 1357/1419/1419 908/958/958
f 907/956/956 908/958/958 1357/1419/1419
f 1358/1421/1421 1424/1488/1488 1156/1216/1216
f 1424/1488/1488 1358/1421/1421 959/1011/1011
f 908/958/958 959/1011/1011 1358/1421/1421
f 1424/1488/1488 959/1011/1011 929/979/979
f 929/979/979 1402/1466/1466 1424/1488/1488
f 1158/1218/1218 1424/1488/1488 1402/1466/1466
f 929/979/979 930/980/980 1402/1466/1466
f 1163/1225/1225 1402/1466/1466 930/980/980
f 1163/1225/1225 930/980/980 1140/1200/1200
f 1132/1192/1192 1140/1200/1200 930/980/980
f 1132/1192/1192 930/980/980 1130/1190/1190
f 1131/1191/1191 1130/1190/1190 930/980/980
f 1132/1192/1192 1130/1190/1190 1161/1223/1223
f 1132/1192/1192 1161/1223/1223 1140/1200/1200
f 1162/1224/1224 1161/1223/1223 1130/1190/1190
f 1162/1224/1224 1194/1256/1256 1161/1223/1223
f 1195/1257/1257 1161/1223/1223 1194/1256/1256
f 1195/1257/1257 1194/1256/1256 1436/1500/1500
f 1186/1248/1248 1436/1500/1500 1194/1256/1256
f 1195/1257/1257 1436/1500/1500 1416/1480/1480
f 1195/1257/1257 1416/1480/1480 1161/1223/1223
f 1438/1502/1502 1416/1480/1480 1436/1500/1500
f 1438/1502/1502 1436/1500/1500 1444/1508/1508
f 1437/1501/1501 1444/1508/1508 1436/1500/1500
f 1437/1501/1501 1436/1500/1500 1185/1247/1247
f 1186/1248/1248 1185/1247/1247 1436/1500/1500
f 1186/1248/1248 1177/1239/1239 1185/1247/1247
f 1178/1240/1240 1185/1247/1247 1177/1239/1239
f 1178/1240/1240 1177/1239/1239 1179/1241/1241
f 1180/1242/1242 1179/1241/1241 1177/1239/1239
f 1178/1240/1240 973/1026/1026 1185/1247/1247
f 1178/1240/1240 1179/1241/1241 973/1026/1026
f 1435/1499/1499 1185/1247/1247 973/1026/1026
f 1437/1501/1501 1185/1247/1247 1422/1486/1486
f 1435/1499/1499 1422/1486/1486 1185/1247/1247
f 1180/1242/1242 1182/1244/1244 1179/1241/1241
f 1180/1242/1242 1181/1243/1243 1182/1244/1244
f 876/925/925 1182/1244/1244 1181/1243/1243
f 876/925/925 877/926/926 1182/1244/1244
f 1442/1506/1506 1182/1244/1244 877/926/926
f 1442/1506/1506 877/926/926 1443/1507/1507
f 1266/1328/1328 1443/1507/1507 877/926/926
f 1442/1506/1506 1264/1326/1326 1182/1244/1244
f 1442/1506/1506 1443/1507/1507 1264/1326/1326
f 1265/1327/1327 1182/1244/1244 1264/1326/1326
f 1447/1511/1511 1264/1326/1326 1443/1507/1507
f 1266/1328/1328 1429/1493/1493 1443/1507/1507
f 1296/1358/1358 1443/1507/1507 1429/1493/1493
f 1296/1358/1358 1293/1355/1355 1443/1507/1507
f 1447/1511/1511 1443/1507/1507 1293/1355/1355
f 1447/1511/1511 1309/1371/1371 1264/1326/1326
f 1447/1511/1511 1293/1355/1355 1309/1371/1371
f 1263/1325/1325 1264/1326/1326 1309/1371/1371
f 1298/1360/1360 1309/1371/1371 1293/1355/1355
f 1265/1327/1327 1179/1241/1241 1182/1244/1244
f 1103/1159/1159 427/461/461 485/526/526
f 491/532/532 485/526/526 427/461/461
f 1103/1159/1159 485/526/526 430/464/464
f 491/532/532 769/814/814 485/526/526
f 486/527/527 485/526/526 769/814/814
f 486/527/527 769/814/814 489/530/530
f 543/584/584 489/530/530 769/814/814
f 491/532/532 562/603/603 769/814/814
f 561/602/602 769/814/814 562/603/603
f 543/584/584 769/814/814 544/585/585
f 561/602/602 544/585/585 769/814/814
f 543/584/584 544/585/585 542/583/583
f 543/584/584 542/583/583 489/530/530
f 545/586/586 542/583/583 544/585/585
f 545/586/586 781/826/826 542/583/583
f 545/586/586 791/836/836 781/826/826
f 545/586/586 544/585/585 791/836/836
f 529/570/570 781/826/826 791/836/836
f 529/570/570 791/836/836 400/432/432
f 341/373/373 400/432/432 791/836/836
f 566/607/607 791/836/836 544/585/585
f 566/607/607 367/399/399 791/836/836
f 341/373/373 791/836/836 367/399/399
f 531/572/572 301/332/332 530/571/571
f 312/343/343 530/571/571 301/332/332
f 530/571/571 312/343/343 756/801/801
f 757/802/802 756/801/801 312/343/343
f 312/343/343 303/334/334 757/802/802
f 312/343/343 301/332/332 303/334/334
f 540/581/581 757/802/802 303/334/334
f 303/334/334 706/751/751 540/581/581
f 303/334/334 300/331/331 706/751/751
f 535/576/576 706/751/751 300/331/331
f 535/576/576 300/331/331 536/577/577
f 536/577/577 1108/1164/1164 535/576/576
f 1107/1163/1163 535/576/576 1108/1164/1164
f 535/576/576 1107/1163/1163 706/751/751
f 302/333/333 536/577/577 300/331/331
f 536/577/577 302/333/333 548/589/589
f 536/577/577 548/589/589 1108/1164/1164
f 554/595/595 548/589/589 302/333/333
f 432/466/466 1108/1164/1164 548/589/589
f 432/466/466 548/589/589 1109/1165/1165
f 549/590/590 1109/1165/1165 548/589/589
f 549/590/590 556/597/597 1109/1165/1165
f 434/468/468 1109/1165/1165 556/597/597
f 434/468/468 556/597/597 433/467/467
f 557/598/598 433/467/467 556/597/597
f 433/467/467 557/598/598 436/470/470
f 557/598/598 556/597/597 641/682/682
f 740/785/785 641/682/682 556/597/597
f 549/590/590 742/787/787 556/597/597
f 740/785/785 742/787/787 744/789/789
f 740/785/785 744/789/789 641/682/682
f 743/788/788 744/789/789 742/787/787
f 549/590/590 548/589/589 742/787/787
f 554/595/595 742/787/787 548/589/589
f 740/785/785 556/597/597 742/787/787
f 743/788/788 775/820/820 744/789/789
f 743/788/788 532/573/573 775/820/820
f 741/786/786 744/789/789 775/820/820
f 741/786/786 775/820/820 547/588/588
f 741/786/786 547/588/588 369/401/401
f 554/595/595 532/573/573 742/787/787
f 743/788/788 742/787/787 532/573/573
f 741/786/786 369/401/401 744/789/789
f 368/400/400 744/789/789 369/401/401
f 368/400/400 641/682/682 744/789/789
f 539/580/580 540/581/581 538/579/579
f 541/582/582 538/579/579 540/581/581
f 541/582/582 442/476/476 538/579/579
f 441/475/475 538/579/579 442/476/476
f 441/475/475 1117/1173/1173 538/579/579
f 707/752/752 538/579/579 1117/1173/1173
f 541/582/582 706/751/751 442/476/476
f 541/582/582 540/581/581 706/751/751
f 868/917/917 442/476/476 706/751/751
f 868/917/917 706/751/751 1107/1163/1163
f 707/752/752 1117/1173/1173 524/565/565
f 1118/1174/1174 524/565/565 1117/1173/1173
f 707/752/752 524/565/565 771/816/816
f 707/752/752 771/816/816 538/579/579
f 539/580/580 538/579/579 771/816/816
f 526/567/567 771/816/816 524/565/565
f 771/816/816 526/567/567 305/336/336
f 771/816/816 305/336/336 539/580/580
f 565/606/606 305/336/336 526/567/567
f 565/606/606 551/592/592 305/336/336
f 551/592/592 565/606/606 527/568/568
f 755/800/800 527/568/568 565/606/606
f 526/567/567 525/566/566 565/606/606
f 755/800/800 565/606/606 525/566/566
f 304/335/335 539/580/580 305/336/336
f 757/802/802 540/581/581 304/335/335
f 539/580/580 304/335/335 540/581/581
f 605/646/646 606/647/647 602/643/643
f 605/646/646 602/643/643 603/644/644
f 391/423/423 627/668/668 606/647/647
f 714/759/759 606/647/647 627/668/668
f 425/459/459 363/395/395 426/460/460
f 425/459/459 348/380/380 363/395/395
f 364/396/396 363/395/395 348/380/380
f 364/396/396 348/380/380 628/669/669
f 609/650/650 628/669/669 348/380/380
f 609/650/650 348/380/380 610/651/651
f 722/767/767 610/651/651 348/380/380
f 610/651/651 722/767/767 424/458/458
f 597/638/638 424/458/458 722/767/767
f 597/638/638 722/767/767 595/636/636
f 723/768/768 595/636/636 722/767/767
f 595/636/636 723/768/768 598/639/639
f 720/765/765 598/639/639 723/768/768
f 720/765/765 715/760/760 598/639/639
f 601/642/642 598/639/639 715/760/760
f 601/642/642 715/760/760 350/382/382
f 347/379/379 350/382/382 715/760/760
f 720/765/765 348/380/380 715/760/760
f 347/379/379 715/760/760 348/380/380
f 720/765/765 723/768/768 348/380/380
f 722/767/767 348/380/380 723/768/768
f 426/460/460 624/665/665 360/392/392
f 389/421/421 360/392/392 624/665/665
f 390/422/422 389/421/421 393/425/425
f 393/425/425 392/424/424 390/422/422
f 604/645/645 390/422/422 392/424/424
f 345/377/377 629/670/670 435/469/469
f 1111/1167/1167 435/469/469 629/670/670
f 345/377/377 435/469/469 346/378/378
f 443/477/477 346/378/378 435/469/469
f 1111/1167/1167 629/670/670 445/479/479
f 345/377/377 344/376/376 629/670/670
f 1111/1167/1167 1308/1370/1370 435/469/469
f 1111/1167/1167 445/479/479 1308/1370/1370
f 1386/1450/1450 1308/1370/1370 445/479/479
f 1386/1450/1450 445/479/479 1261/1323/1323
f 444/478/478 1261/1323/1323 445/479/479
f 444/478/478 869/918/918 1261/1323/1323
f 1260/1322/1322 1261/1323/1323 869/918/918
f 1260/1322/1322 1259/1321/1321 1261/1323/1323
f 878/927/927 1261/1323/1323 1259/1321/1321
f 1260/1322/1322 1187/1249/1249 1259/1321/1321
f 1260/1322/1322 869/918/918 1187/1249/1249
f 1229/1291/1291 1259/1321/1321 1187/1249/1249
f 1229/1291/1291 1187/1249/1249 1204/1266/1266
f 1188/1250/1250 1204/1266/1266 1187/1249/1249
f 1188/1250/1250 1187/1249/1249 1104/1160/1160
f 428/462/462 1104/1160/1160 1187/1249/1249
f 1188/1250/1250 1203/1265/1265 1204/1266/1266
f 1188/1250/1250 1104/1160/1160 1203/1265/1265
f 1205/1267/1267 1204/1266/1266 1203/1265/1265
f 1229/1291/1291 1204/1266/1266 1173/1235/1235
f 1432/1496/1496 1173/1235/1235 1204/1266/1266
f 1432/1496/1496 1206/1268/1268 1173/1235/1235
f 1205/1267/1267 1203/1265/1265 1448/1512/1512
f 1448/1512/1512 981/1034/1034 1205/1267/1267
f 1244/1306/1306 1205/1267/1267 981/1034/1034
f 1432/1496/1496 1244/1306/1306 1206/1268/1268
f 1244/1306/1306 981/1034/1034 1230/1292/1292
f 1230/1292/1292 1206/1268/1268 1244/1306/1306
f 1432/1496/1496 1204/1266/1266 1244/1306/1306
f 1205/1267/1267 1244/1306/1306 1204/1266/1266
f 1448/1512/1512 1218/1280/1280 981/1034/1034
f 1218/1280/1280 1448/1512/1512 1217/1279/1279
f 1218/1280/1280 1217/1279/1279 1219/1281/1281
f 1220/1282/1282 1219/1281/1281 1217/1279/1279
f 1220/1282/1282 1217/1279/1279 442/476/476
f 441/475/475 442/476/476 1217/1279/1279
f 441/475/475 1217/1279/1279 1117/1173/1173
f 1384/1448/1448 1117/1173/1173 1217/1279/1279
f 1220/1282/1282 442/476/476 1383/1447/1447
f 1220/1282/1282 1383/1447/1447 1219/1281/1281
f 868/917/917 1383/1447/1447 442/476/476
f 868/917/917 1107/1163/1163 1383/1447/1447
f 1214/1276/1276 1383/1447/1447 1107/1163/1163
f 1107/1163/1163 1108/1164/1164 1214/1276/1276
f 1215/1277/1277 1214/1276/1276 1108/1164/1164
f 1214/1276/1276 1215/1277/1277 976/1029/1029
f 1214/1276/1276 976/1029/1029 1383/1447/1447
f 978/1031/1031 976/1029/1029 1215/1277/1277
f 1215/1277/1277 1227/1289/1289 978/1031/1031
f 1215/1277/1277 1108/1164/1164 1227/1289/1289
f 1233/1295/1295 978/1031/1031 1227/1289/1289
f 432/466/466 1227/1289/1289 1108/1164/1164
f 432/466/466 1109/1165/1165 1227/1289/1289
f 1228/1290/1290 1227/1289/1289 1109/1165/1165
f 1228/1290/1290 1109/1165/1165 1235/1297/1297
f 434/468/468 1235/1297/1297 1109/1165/1165
f 434/468/468 433/467/467 1235/1297/1297
f 1236/1298/1298 1235/1297/1297 433/467/467
f 433/467/467 436/470/470 1236/1298/1298
f 1236/1298/1298 1320/1382/1382 1235/1297/1297
f 1417/1481/1481 1235/1297/1297 1320/1382/1382
f 1417/1481/1481 1419/1483/1483 1235/1297/1297
f 1417/1481/1481 1421/1485/1485 1419/1483/1483
f 1417/1481/1481 1320/1382/1382 1421/1485/1485
f 1420/1484/1484 1419/1483/1483 1421/1485/1485
f 1420/1484/1484 1421/1485/1485 1452/1516/1516
f 1420/1484/1484 1452/1516/1516 1211/1273/1273
f 1420/1484/1484 1211/1273/1273 1419/1483/1483
f 1418/1482/1482 1452/1516/1516 1421/1485/1485
f 1418/1482/1482 1226/1288/1288 1452/1516/1516
f 1418/1482/1482 1045/1099/1099 1226/1288/1288
f 1418/1482/1482 1421/1485/1485 1045/1099/1099
f 1233/1295/1295 1419/1483/1483 1211/1273/1273
f 1044/1098/1098 1045/1099/1099 1421/1485/1485
f 1233/1295/1295 1211/1273/1273 978/1031/1031
f 989/1042/1042 978/1031/1031 1211/1273/1273
f 989/1042/1042 977/1030/1030 978/1031/1031
f 977/1030/1030 989/1042/1042 1210/1272/1272
f 1210/1272/1272 1209/1271/1271 977/1030/1030
f 988/1041/1041 977/1030/1030 1209/1271/1271
f 1209/1271/1271 1433/1497/1497 988/1041/1041
f 1434/1498/1498 988/1041/1041 1433/1497/1497
f 988/1041/1041 1434/1498/1498 979/1032/1032
f 977/1030/1030 988/1041/1041 979/1032/1032
f 1219/1281/1281 979/1032/1032 1434/1498/1498
f 979/1032/1032 1219/1281/1281 1383/1447/1447
f 979/1032/1032 1383/1447/1447 976/1029/1029
f 1433/1497/1497 1209/1271/1271 1234/1296/1296
f 1210/1272/1272 1234/1296/1296 1209/1271/1271
f 1434/1498/1498 980/1033/1033 1219/1281/1281
f 1218/1280/1280 1219/1281/1281 980/1033/1033
f 980/1033/1033 981/1034/1034 1218/1280/1280
f 978/1031/1031 977/1030/1030 976/1029/1029
f 976/1029/1029 977/1030/1030 979/1032/1032
f 202/229/229 204/231/231 207/234/234
f 352/384/384 207/234/234 204/231/231
f 202/229/229 207/234/234 580/621/621
f 495/536/536 580/621/621 207/234/234
f 495/536/536 494/535/535 580/621/621
f 550/591/591 580/621/621 494/535/535
f 203/230/230 204/231/231 202/229/229
f 203/230/230 202/229/229 256/284/284
f 202/229/229 582/623/623 256/284/284
f 675/718/718 676/719/719 674/717/717
f 677/720/720 674/717/717 676/719/719
f 675/718/718 674/717/717 321/352/352
f 411/444/444 321/352/352 674/717/717
f 675/718/718 321/352/352 699/744/744
f 675/718/718 699/744/744 676/719/719
f 698/742/742 699/744/744 321/352/352
f 411/444/444 674/717/717 412/446/446
f 682/726/726 412/446/446 674/717/717
f 682/726/726 680/724/724 412/446/446
f 682/726/726 683/727/727 680/724/724
f 682/726/726 674/717/717 683/727/727
f 480/520/520 680/724/724 683/727/727
f 231/259/259 412/446/446 680/724/724
f 480/520/520 683/727/727 481/522/522
f 732/777/777 481/522/522 683/727/727
f 677/720/720 683/727/727 674/717/717
f 732/777/777 683/727/727 729/774/774
f 677/720/720 729/774/774 683/727/727
f 677/720/720 676/719/719 729/774/774
f 728/773/773 729/774/774 676/719/719
f 728/773/773 676/719/719 731/776/776
f 730/775/775 731/776/776 676/719/719
f 730/775/775 676/719/719 699/744/744
f 730/775/775 699/744/744 726/771/771
f 730/775/775 726/771/771 731/776/776
f 701/746/746 726/771/771 699/744/744
f 701/746/746 699/744/744 700/745/745
f 698/742/742 700/745/745 699/744/744
f 728/773/773 731/776/776 854/902/902
f 728/773/773 854/902/902 729/774/774
f 853/901/901 729/774/774 854/902/902
f 853/901/901 854/902/902 852/900/900
f 855/903/903 852/900/900 854/902/902
f 855/903/903 854/902/902 857/905/905
f 856/904/904 857/905/905 854/902/902
f 856/904/904 851/899/899 857/905/905
f 858/906/906 857/905/905 851/899/899
f 853/901/901 860/909/909 729/774/774
f 853/901/901 852/900/900 860/909/909
f 858/906/906 851/899/899 842/890/890
f 472/511/511 842/890/890 851/899/899
f 472/511/511 851/899/899 469/508/508
f 727/772/772 469/508/508 851/899/899
f 472/511/511 471/510/510 842/890/890
f 843/891/891 842/890/890 471/510/510
f 843/891/891 840/888/888 842/890/890
f 841/889/889 842/890/890 840/888/888
f 843/891/891 844/892/892 840/888/888
f 843/891/891 471/510/510 844/892/892
f 845/893/893 840/888/888 844/892/892
f 845/893/893 844/892/892 307/338/338
f 308/339/339 307/338/338 844/892/892
f 308/339/339 844/892/892 736/781/781
f 308/339/339 736/781/781 274/304/304
f 308/339/339 274/304/304 307/338/338
f 274/304/304 276/306/306 307/338/338
f 820/867/867 307/338/338 276/306/306
f 820/867/867 276/306/306 819/866/866
f 717/762/762 819/866/866 276/306/306
f 820/867/867 819/866/866 827/874/874
f 828/875/875 827/874/874 819/866/866
f 828/875/875 826/873/873 827/874/874
f 825/872/872 827/874/874 826/873/873
f 825/872/872 826/873/873 821/868/868
f 822/869/869 821/868/868 826/873/873
f 822/869/869 823/870/870 821/868/868
f 824/871/871 821/868/868 823/870/870
f 824/871/871 823/870/870 829/876/876
f 830/877/877 829/876/876 823/870/870
f 830/877/877 831/878/878 829/876/876
f 832/879/879 829/876/876 831/878/878
f 832/879/879 831/878/878 833/880/880
f 834/881/881 833/880/880 831/878/878
f 834/881/881 835/882/882 833/880/880
f 836/883/883 833/880/880 835/882/882
f 836/883/883 835/882/882 271/299/299
f 837/884/884 271/299/299 835/882/882
f 832/879/879 833/880/880 849/897/897
f 848/896/896 849/897/897 833/880/880
f 836/883/883 850/898/898 833/880/880
f 836/883/883 271/299/299 850/898/898
f 848/896/896 833/880/880 850/898/898
f 273/302/302 850/898/898 271/299/299
f 848/896/896 852/900/900 849/897/897
f 848/896/896 850/898/898 852/900/900
f 855/903/903 849/897/897 852/900/900
f 855/903/903 857/905/905 849/897/897
f 846/894/894 849/897/897 857/905/905
f 846/894/894 857/905/905 847/895/895
f 846/894/894 847/895/895 829/876/876
f 824/871/871 829/876/876 847/895/895
f 824/871/871 847/895/895 821/868/868
f 841/889/889 821/868/868 847/895/895
f 846/894/894 829/876/876 849/897/897
f 832/879/879 849/897/897 829/876/876
f 841/889/889 840/888/888 821/868/868
f 825/872/872 821/868/868 840/888/888
f 825/872/872 840/888/888 827/874/874
f 845/893/893 827/874/874 840/888/888
f 845/893/893 307/338/338 827/874/874
f 820/867/867 827/874/874 307/338/338
f 285/315/315 418/452/452 286/316/316
f 285/315/315 224/251/251 418/452/452
f 318/349/349 418/452/452 224/251/251
f 285/315/315 286/316/316 284/314/314
f 318/349/349 224/251/251 317/348/348
f 288/318/318 696/740/740 289/319/319
f 378/410/410 289/319/319 696/740/740
f 696/740/740 862/911/911 378/410/410
f 862/911/911 696/740/740 863/912/912
f 865/914/914 863/912/912 696/740/740
f 865/914/914 864/913/913 863/912/912
f 690/734/734 863/912/912 864/913/913
f 865/914/914 687/731/731 864/913/913
f 865/914/914 696/740/740 687/731/731
f 288/318/318 687/731/731 696/740/740
f 288/318/318 289/319/319 248/276/276
f 378/410/410 377/409/409 289/319/319
f 321/353/353 411/443/443 322/354/354
f 322/354/354 323/355/355 321/353/353
f 712/757/757 575/616/616 578/619/619
f 575/616/616 712/757/757 574/615/615
f 511/552/552 719/764/764 512/553/553
f 569/610/610 512/553/553 719/764/764
f 569/610/610 719/764/764 572/613/613
f 737/782/782 738/783/783 702/747/747
f 710/755/755 702/747/747 738/783/783
f 737/782/782 797/842/842 738/783/783
f 798/843/843 738/783/783 797/842/842
f 710/755/755 738/783/783 716/761/761
f 717/762/762 716/761/761 738/783/783
f 737/782/782 702/747/747 870/919/919
f 737/782/782 870/919/919 797/842/842
f 1545/1613/1613 870/919/919 702/747/747
f 1124/1180/1180 797/842/842 870/919/919
f 1124/1180/1180 1123/1179/1179 797/842/842
f 1124/1180/1180 1474/1538/1538 1123/1179/1179
f 1124/1180/1180 870/919/919 1474/1538/1538
f 1483/1547/1547 1123/1179/1179 1474/1538/1538
f 1545/1613/1613 1379/1443/1443 870/919/919
f 1414/1478/1478 870/919/919 1379/1443/1443
f 1414/1478/1478 1379/1443/1443 1415/1479/1479
f 1414/1478/1478 1415/1479/1479 1474/1538/1538
f 1387/1451/1451 1415/1479/1479 1379/1443/1443
f 1475/1539/1539 1474/1538/1538 1415/1479/1479
f 1387/1451/1451 1393/1457/1457 1415/1479/1479
f 1394/1458/1458 1415/1479/1479 1393/1457/1457
f 1394/1458/1458 1393/1457/1457 952/1004/1004
f 951/1003/1003 952/1004/1004 1393/1457/1457
f 951/1003/1003 1393/1457/1457 1396/1460/1460
f 1190/1252/1252 1396/1460/1460 1393/1457/1457
f 1190/1252/1252 1191/1253/1253 1396/1460/1460
f 1248/1310/1310 1396/1460/1460 1191/1253/1253
f 951/1003/1003 1396/1460/1460 950/1002/1002
f 952/1004/1004 951/1003/1003 950/1002/1002
f 1398/1462/1462 950/1002/1002 1396/1460/1460
f 1398/1462/1462 1396/1460/1460 1251/1313/1313
f 1248/1310/1310 1251/1313/1313 1396/1460/1460
f 1398/1462/1462 1413/1477/1477 950/1002/1002
f 1398/1462/1462 1251/1313/1313 1413/1477/1477
f 984/1037/1037 950/1002/1002 1413/1477/1477
f 1147/1207/1207 1413/1477/1477 1251/1313/1313
f 1147/1207/1207 1144/1204/1204 1413/1477/1477
f 1471/1535/1535 1413/1477/1477 1144/1204/1204
f 1471/1535/1535 1144/1204/1204 1150/1210/1210
f 1149/1209/1209 1150/1210/1210 1144/1204/1204
f 1149/1209/1209 1148/1208/1208 1150/1210/1210
f 1151/1211/1211 1150/1210/1210 1148/1208/1208
f 1149/1209/1209 1144/1204/1204 1355/1417/1417
f 1149/1209/1209 1355/1417/1417 1148/1208/1208
f 1145/1205/1205 1355/1417/1417 1144/1204/1204
f 1145/1205/1205 1427/1491/1491 1355/1417/1417
f 1073/1127/1127 1355/1417/1417 1427/1491/1491
f 1073/1127/1127 954/1006/1006 1355/1417/1417
f 954/1006/1006 1073/1127/1127 1071/1125/1125
f 1072/1126/1126 1071/1125/1125 1073/1127/1127
f 1073/1127/1127 1427/1491/1491 1072/1126/1126
f 955/1007/1007 1355/1417/1417 954/1006/1006
f 1355/1417/1417 955/1007/1007 1356/1418/1418
f 992/1045/1045 1356/1418/1418 955/1007/1007
f 1071/1125/1125 1072/1126/1126 1365/1428/1428
f 1071/1125/1125 1365/1428/1428 918/968/968
f 917/967/967 918/968/968 1365/1428/1428
f 917/967/967 1365/1428/1428 894/943/943
f 1007/1061/1061 894/943/943 1365/1428/1428
f 1007/1061/1061 1365/1428/1428 1425/1489/1489
f 1426/1490/1490 1425/1489/1489 1365/1428/1428
f 1426/1490/1490 1430/1494/1494 1425/1489/1489
f 1431/1495/1495 1425/1489/1489 1430/1494/1494
f 1431/1495/1495 1430/1494/1494 1450/1514/1514
f 1449/1513/1513 1450/1514/1514 1430/1494/1494
f 1449/1513/1513 1181/1243/1243 1450/1514/1514
f 1449/1513/1513 875/924/924 1181/1243/1243
f 1449/1513/1513 1430/1494/1494 875/924/924
f 876/925/925 1181/1243/1243 875/924/924
f 1439/1503/1503 1450/1514/1514 1181/1243/1243
f 1439/1503/1503 1181/1243/1243 1177/1239/1239
f 1180/1242/1242 1177/1239/1239 1181/1243/1243
f 1439/1503/1503 1194/1256/1256 1450/1514/1514
f 1177/1239/1239 1186/1248/1248 1439/1503/1503
f 1194/1256/1256 1439/1503/1503 1186/1248/1248
f 876/925/925 875/924/924 874/923/923
f 874/923/923 877/926/926 876/925/925
f 877/926/926 874/923/923 1268/1330/1330
f 1162/1224/1224 1450/1514/1514 1194/1256/1256
f 1162/1224/1224 1130/1190/1190 1450/1514/1514
f 1431/1495/1495 1450/1514/1514 1130/1190/1190
f 1431/1495/1495 1130/1190/1190 1425/1489/1489
f 1131/1191/1191 1425/1489/1489 1130/1190/1190
f 1131/1191/1191 1006/1060/1060 1425/1489/1489
f 1007/1061/1061 1425/1489/1489 1006/1060/1060
f 1131/1191/1191 930/980/980 1006/1060/1060
f 931/981/981 1006/1060/1060 930/980/980
f 1006/1060/1060 931/981/981 894/943/943
f 894/943/943 1007/1061/1061 1006/1060/1060
f 896/945/945 894/943/943 931/981/981
f 896/945/945 895/944/944 894/943/943
f 896/945/945 959/1011/1011 895/944/944
f 959/1011/1011 896/945/945 931/981/981
f 1001/1055/1055 895/944/944 959/1011/1011
f 931/981/981 929/979/979 959/1011/1011
f 931/981/981 930/980/980 929/979/979
f 1001/1055/1055 959/1011/1011 1362/1425/1425
f 1362/1425/1425 1361/1424/1424 1001/1055/1055
f 1000/1054/1054 1001/1055/1055 1361/1424/1424
f 895/944/944 1001/1055/1055 1000/1054/1054
f 1000/1054/1054 1093/1149/1149 895/944/944
f 1000/1054/1054 1361/1424/1424 1093/1149/1149
f 898/947/947 895/944/944 1093/1149/1149
f 1092/1148/1148 1093/1149/1149 1361/1424/1424
f 1092/1148/1148 1361/1424/1424 1091/1147/1147
f 1092/1148/1148 1091/1147/1147 958/1010/1010
f 1090/1146/1146 958/1010/1010 1091/1147/1147
f 906/955/955 1091/1147/1147 1361/1424/1424
f 1091/1147/1147 906/955/955 1079/1133/1133
f 1091/1147/1147 1079/1133/1133 1090/1146/1146
f 1089/1145/1145 1079/1133/1133 906/955/955
f 1089/1145/1145 906/955/955 1088/1143/1143
f 1088/1143/1143 1087/1141/1141 1089/1145/1145
f 1086/1140/1140 1089/1145/1145 1087/1141/1141
f 1089/1145/1145 1086/1140/1140 1079/1133/1133
f 907/956/956 1088/1143/1143 906/955/955
f 1086/1140/1140 1087/1141/1141 998/1052/1052
f 998/1052/1052 1085/1139/1139 1086/1140/1140
f 1078/1132/1132 1086/1140/1140 1085/1139/1139
f 1085/1139/1139 1084/1138/1138 1078/1132/1132
f 1077/1131/1131 1078/1132/1132 1084/1138/1138
f 1078/1132/1132 1077/1131/1131 1079/1133/1133
f 1078/1132/1132 1079/1133/1133 1086/1140/1140
f 1080/1134/1134 1079/1133/1133 1077/1131/1131
f 1077/1131/1131 910/960/960 1080/1134/1134
f 990/1043/1043 1080/1134/1134 910/960/960
f 1080/1134/1134 990/1043/1043 1090/1146/1146
f 1080/1134/1134 1090/1146/1146 1079/1133/1133
f 1049/1103/1103 1090/1146/1146 990/1043/1043
f 990/1043/1043 915/965/965 1049/1103/1103
f 1048/1102/1102 1049/1103/1103 915/965/965
f 1049/1103/1103 1048/1102/1102 957/1009/1009
f 1010/1064/1064 957/1009/1009 1048/1102/1102
f 1048/1102/1102 1018/1072/1072 1010/1064/1064
f 1048/1102/1102 915/965/965 1018/1072/1072
f 1050/1104/1104 1010/1064/1064 1018/1072/1072
f 1018/1072/1072 921/971/971 1050/1104/1104
f 922/972/972 1050/1104/1104 921/971/971
f 922/972/972 1082/1136/1136 1050/1104/1104
f 1083/1137/1137 1050/1104/1104 1082/1136/1136
f 1083/1137/1137 1082/1136/1136 1016/1070/1070
f 920/970/970 1016/1070/1070 1082/1136/1136
f 1016/1070/1070 897/946/946 1083/1137/1137
f 1016/1070/1070 916/966/966 897/946/946
f 916/966/966 1016/1070/1070 920/970/970
f 899/948/948 897/946/946 916/966/966
f 1011/1065/1065 1083/1137/1137 897/946/946
f 1082/1136/1136 1095/1151/1151 920/970/970
f 919/969/969 920/970/970 1095/1151/1151
f 919/969/969 1095/1151/1151 1081/1135/1135
f 1094/1150/1150 1081/1135/1135 1095/1151/1151
f 1095/1151/1151 923/973/973 1094/1150/1150
f 994/1047/1047 1094/1150/1150 923/973/973
f 994/1047/1047 923/973/973 993/1046/1046
f 921/971/971 993/1046/1046 923/973/973
f 993/1046/1046 921/971/971 1051/1105/1105
f 913/963/963 1051/1105/1105 921/971/971
f 1081/1135/1135 1094/1150/1150 962/1014/1014
f 962/1014/1014 953/1005/1005 1081/1135/1135
f 1008/1062/1062 1081/1135/1135 953/1005/1005
f 1008/1062/1062 918/968/968 1081/1135/1135
f 919/969/969 1081/1135/1135 918/968/968
f 918/968/968 1008/1062/1062 1071/1125/1125
f 954/1006/1006 1071/1125/1125 1008/1062/1062
f 954/1006/1006 1008/1062/1062 953/1005/1005
f 953/1005/1005 962/1014/1014 1368/1431/1431
f 963/1015/1015 1368/1431/1431 962/1014/1014
f 1368/1431/1431 963/1015/1015 1366/1429/1429
f 1367/1430/1430 1366/1429/1429 963/1015/1015
f 1366/1429/1429 1367/1430/1430 1371/1434/1434
f 1371/1434/1434 1370/1433/1433 1366/1429/1429
f 1369/1432/1432 1366/1429/1429 1370/1433/1433
f 1370/1433/1433 1375/1439/1439 1369/1432/1432
f 1370/1433/1433 999/1053/1053 1375/1439/1439
f 1370/1433/1433 1371/1434/1434 999/1053/1053
f 997/1051/1051 1375/1439/1439 999/1053/1053
f 1377/1441/1441 1369/1432/1432 1375/1439/1439
f 1540/1608/1608 1371/1434/1434 1367/1430/1430
f 1371/1434/1434 1540/1608/1608 1372/1435/1435
f 1372/1435/1435 999/1053/1053 1371/1434/1434
f 999/1053/1053 1372/1435/1435 998/1052/1052
f 999/1053/1053 998/1052/1052 997/1051/1051
f 1085/1139/1139 998/1052/1052 1372/1435/1435
f 997/1051/1051 998/1052/1052 1087/1141/1141
f 1372/1435/1435 1539/1607/1607 1085/1139/1139
f 1539/1607/1607 1372/1435/1435 1540/1608/1608
f 1084/1138/1138 1085/1139/1139 1539/1607/1607
f 1084/1138/1138 1539/1607/1607 1054/1108/1108
f 1084/1138/1138 1054/1108/1108 1077/1131/1131
f 910/960/960 1077/1131/1131 1054/1108/1108
f 910/960/960 1054/1108/1108 909/959/959
f 1053/1107/1107 909/959/959 1054/1108/1108
f 909/959/959 1053/1107/1107 1055/1109/1109
f 1057/1111/1111 1055/1109/1109 1053/1107/1107
f 1057/1111/1111 925/975/975 1055/1109/1109
f 1056/1110/1110 1055/1109/1109 925/975/975
f 925/975/975 1057/1111/1111 924/974/974
f 965/1017/1017 924/974/974 1057/1111/1111
f 1057/1111/1111 1053/1107/1107 965/1017/1017
f 925/975/975 926/976/976 1056/1110/1110
f 926/976/976 925/975/975 924/974/974
f 926/976/976 924/974/974 1058/1112/1112
f 1058/1112/1112 905/954/954 926/976/976
f 927/977/977 926/976/976 905/954/954
f 927/977/977 968/1020/1020 926/976/976
f 1052/1106/1106 926/976/976 968/1020/1020
f 1052/1106/1106 968/1020/1020 1002/1056/1056
f 969/1021/1021 1002/1056/1056 968/1020/1020
f 1052/1106/1106 1056/1110/1110 926/976/976
f 1052/1106/1106 1002/1056/1056 1056/1110/1110
f 905/954/954 1058/1112/1112 904/953/953
f 1363/1426/1426 904/953/953 1058/1112/1112
f 1058/1112/1112 964/1016/1016 1363/1426/1426
f 964/1016/1016 1058/1112/1112 924/974/974
f 1364/1427/1427 1363/1426/1426 964/1016/1016
f 1363/1426/1426 1364/1427/1427 904/953/953
f 1374/1437/1437 904/953/953 1364/1427/1427
f 1374/1437/1437 1364/1427/1427 1541/1609/1609
f 1541/1609/1609 960/1012/1012 1374/1437/1437
f 1541/1609/1609 1367/1430/1430 960/1012/1012
f 963/1015/1015 960/1012/1012 1367/1430/1430
f 966/1018/1018 1374/1437/1437 960/1012/1012
f 966/1018/1018 960/1012/1012 967/1019/1019
f 961/1013/1013 967/1019/1019 960/1012/1012
f 961/1013/1013 900/949/949 967/1019/1019
f 901/950/950 967/1019/1019 900/949/949
f 967/1019/1019 901/950/950 903/952/952
f 967/1019/1019 903/952/952 966/1018/1018
f 966/1018/1018 903/952/952 1374/1437/1437
f 904/953/953 1374/1437/1437 903/952/952
f 969/1021/1021 903/952/952 901/950/950
f 961/1013/1013 1094/1150/1150 900/949/949
f 961/1013/1013 962/1014/1014 1094/1150/1150
f 905/954/954 904/953/953 903/952/952
f 905/954/954 903/952/952 927/977/977
f 962/1014/1014 961/1013/1013 960/1012/1012
f 963/1015/1015 962/1014/1014 960/1012/1012
f 968/1020/1020 927/977/977 903/952/952
f 969/1021/1021 968/1020/1020 903/952/952
f 902/951/951 969/1021/1021 901/950/950
f 902/951/951 901/950/950 900/949/949
f 902/951/951 900/949/949 1051/1105/1105
f 993/1046/1046 1051/1105/1105 900/949/949
f 902/951/951 1051/1105/1105 1002/1056/1056
f 969/1021/1021 902/951/951 1002/1056/1056
f 913/963/963 1002/1056/1056 1051/1105/1105
f 900/949/949 994/1047/1047 993/1046/1046
f 994/1047/1047 900/949/949 1094/1150/1150
f 1002/1056/1056 913/963/963 995/1048/1048
f 995/1048/1048 1056/1110/1110 1002/1056/1056
f 1056/1110/1110 995/1048/1048 1055/1109/1109
f 996/1049/1049 1055/1109/1109 995/1048/1048
f 913/963/963 996/1049/1049 995/1048/1048
f 1055/1109/1109 996/1049/1049 909/959/959
f 914/964/964 909/959/959 996/1049/1049
f 914/964/964 912/962/962 909/959/959
f 911/961/961 909/959/959 912/962/962
f 912/962/962 915/965/965 911/961/961
f 990/1043/1043 911/961/961 915/965/965
f 911/961/961 910/960/960 909/959/959
f 990/1043/1043 910/960/960 911/961/961
f 914/964/964 913/963/963 912/962/962
f 915/965/965 912/962/962 913/963/963
f 913/963/963 1018/1072/1072 915/965/965
f 914/964/964 996/1049/1049 913/963/963
f 1018/1072/1072 913/963/963 921/971/971
f 923/973/973 922/972/972 921/971/971
f 923/973/973 1095/1151/1151 922/972/972
f 1082/1136/1136 922/972/972 1095/1151/1151
f 200/227/227 503/544/544 201/228/228
f 765/810/810 201/228/228 503/544/544
f 765/810/810 766/811/811 201/228/228
f 587/628/628 201/228/228 766/811/811
f 765/810/810 503/544/544 585/626/626
f 765/810/810 585/626/626 766/811/811
f 586/627/627 585/626/626 503/544/544
f 586/627/627 503/544/544 500/541/541
f 770/815/815 766/811/811 585/626/626
f 587/628/628 766/811/811 752/797/797
f 617/658/658 752/797/797 766/811/811
f 770/815/815 614/655/655 766/811/811
f 617/658/658 766/811/811 614/655/655
f 770/815/815 585/626/626 630/671/671
f 770/815/815 630/671/671 614/655/655
f 584/625/625 630/671/671 585/626/626
f 619/660/660 614/655/655 630/671/671
f 584/625/625 583/624/624 496/537/537
f 497/538/538 496/537/537 583/624/624
f 608/649/649 616/657/657 354/386/386
f 355/387/387 354/386/386 616/657/657
f 428/462/462 869/918/918 508/549/549
f 428/462/462 1187/1249/1249 869/918/918
f 365/397/397 623/664/664 362/394/394
f 625/666/666 362/394/394 623/664/664
f 625/666/666 623/664/664 618/659/659
f 491/532/532 427/461/461 562/603/603
f 866/915/915 562/603/603 427/461/461
f 866/915/915 427/461/461 1241/1303/1303
f 1170/1232/1232 1241/1303/1303 427/461/461
f 1170/1232/1232 427/461/461 1164/1226/1226
f 1103/1159/1159 1164/1226/1226 427/461/461
f 1103/1159/1159 430/464/464 1164/1226/1226
f 1170/1232/1232 1164/1226/1226 1446/1510/1510
f 1170/1232/1232 1446/1510/1510 1241/1303/1303
f 1165/1227/1227 1446/1510/1510 1164/1226/1226
f 1165/1227/1227 1168/1230/1230 1446/1510/1510
f 1222/1284/1284 1446/1510/1510 1168/1230/1230
f 1222/1284/1284 1223/1285/1285 1446/1510/1510
f 1222/1284/1284 1221/1283/1283 1223/1285/1285
f 1222/1284/1284 1168/1230/1230 1221/1283/1283
f 1224/1286/1286 1223/1285/1285 1221/1283/1283
f 1240/1302/1302 1446/1510/1510 1223/1285/1285
f 1240/1302/1302 1241/1303/1303 1446/1510/1510
f 1224/1286/1286 1221/1283/1283 1458/1522/1522
f 1224/1286/1286 1458/1522/1522 1468/1532/1532
f 1224/1286/1286 1468/1532/1532 1223/1285/1285
f 1208/1270/1270 1468/1532/1532 1458/1522/1522
f 1208/1270/1270 1076/1130/1130 1468/1532/1532
f 1017/1071/1071 1468/1532/1532 1076/1130/1130
f 1017/1071/1071 1043/1097/1097 1468/1532/1532
f 1245/1307/1307 1468/1532/1532 1043/1097/1097
f 1245/1307/1307 1223/1285/1285 1468/1532/1532
f 622/663/663 352/384/384 394/426/426
f 631/672/672 774/819/819 724/769/769
f 1118/1174/1174 1104/1160/1160 524/565/565
f 1118/1174/1174 1203/1265/1265 1104/1160/1160
f 1118/1174/1174 1117/1173/1173 1203/1265/1265
f 1384/1448/1448 1203/1265/1265 1117/1173/1173
f 1384/1448/1448 1448/1512/1512 1203/1265/1265
f 1384/1448/1448 1217/1279/1279 1448/1512/1512
f 531/572/572 530/571/571 555/596/596
f 756/801/801 555/596/596 530/571/571
f 301/332/332 531/572/572 313/344/344
f 301/332/332 313/344/344 302/333/333
f 313/344/344 532/573/573 302/333/333
f 554/595/595 302/333/333 532/573/573
f 301/332/332 302/333/333 300/331/331
f 301/332/332 300/331/331 303/334/334
f 778/823/823 777/822/822 779/824/824
f 778/823/823 779/824/824 457/496/496
f 453/492/492 461/500/500 482/523/523
f 453/492/492 254/282/282 461/500/500
f 484/525/525 461/500/500 254/282/282
f 484/525/525 254/282/282 725/770/770
f 749/794/794 753/798/798 396/428/428
f 749/794/794 396/428/428 688/732/732
f 395/427/427 688/732/732 396/428/428
f 278/308/308 332/364/364 395/427/427
f 332/364/364 278/308/308 277/307/307
f 278/308/308 279/309/309 277/307/307
f 279/309/309 333/365/365 277/307/307
f 691/735/735 277/307/307 333/365/365
f 691/735/735 333/365/365 689/733/733
f 692/736/736 689/733/733 333/365/365
f 692/736/736 333/365/365 700/745/745
f 315/346/346 700/745/745 333/365/365
f 333/365/365 279/309/309 315/346/346
f 315/346/346 316/347/347 700/745/745
f 279/309/309 316/347/347 315/346/346
f 701/746/746 700/745/745 316/347/347
f 701/746/746 316/347/347 726/771/771
f 679/722/722 726/771/771 316/347/347
f 727/772/772 731/776/776 726/771/771
f 727/772/772 851/899/899 731/776/776
f 856/904/904 731/776/776 851/899/899
f 856/904/904 854/902/902 731/776/776
f 763/808/808 489/530/530 542/583/583
f 763/808/808 517/558/558 489/530/530
f 800/845/845 801/846/846 799/844/844
f 802/847/847 799/844/844 801/846/846
f 800/845/845 803/848/848 801/846/846
f 804/849/849 801/846/846 803/848/848
f 802/847/847 805/850/850 799/844/844
f 806/851/851 799/844/844 805/850/850
f 804/849/849 803/848/848 808/853/853
f 807/852/852 808/853/853 803/848/848
f 807/852/852 809/854/854 808/853/853
f 810/855/855 808/853/853 809/854/854
f 806/851/851 805/850/850 797/842/842
f 806/851/851 797/842/842 1123/1179/1179
f 798/843/843 797/842/842 805/850/850
f 806/851/851 1123/1179/1179 799/844/844
f 448/485/485 799/844/844 1123/1179/1179
f 448/485/485 1128/1187/1187 799/844/844
f 800/845/845 799/844/844 1128/1187/1187
f 800/845/845 1128/1187/1187 803/848/848
f 449/486/486 803/848/848 1128/1187/1187
f 449/486/486 450/488/488 803/848/848
f 807/852/852 803/848/848 450/488/488
f 807/852/852 450/488/488 809/854/854
f 1126/1183/1183 809/854/854 450/488/488
f 1126/1183/1183 1125/1181/1181 809/854/854
f 812/857/857 809/854/854 1125/1181/1181
f 812/857/857 811/856/856 809/854/854
f 812/857/857 813/858/858 811/856/856
f 812/857/857 1125/1181/1181 813/858/858
f 814/859/859 811/856/856 813/858/858
f 814/859/859 813/858/858 818/864/864
f 817/862/862 818/864/864 813/858/858
f 1129/1188/1188 813/858/858 1125/1181/1181
f 1129/1188/1188 447/482/482 813/858/858
f 817/862/862 813/858/858 447/482/482
f 814/859/859 835/882/882 811/856/856
f 814/859/859 818/864/864 835/882/882
f 834/881/881 811/856/856 835/882/882
f 837/884/884 835/882/882 818/864/864
f 834/881/881 831/878/878 811/856/856
f 810/855/855 811/856/856 831/878/878
f 810/855/855 809/854/854 811/856/856
f 810/855/855 831/878/878 808/853/853
f 830/877/877 808/853/853 831/878/878
f 830/877/877 823/870/870 808/853/853
f 804/849/849 808/853/853 823/870/870
f 804/849/849 823/870/870 801/846/846
f 822/869/869 801/846/846 823/870/870
f 822/869/869 826/873/873 801/846/846
f 802/847/847 801/846/846 826/873/873
f 802/847/847 826/873/873 805/850/850
f 828/875/875 805/850/850 826/873/873
f 828/875/875 819/866/866 805/850/850
f 798/843/843 805/850/850 819/866/866
f 798/843/843 819/866/866 738/783/783
f 717/762/762 738/783/783 819/866/866
f 859/907/907 860/909/909 294/324/324
f 861/910/910 294/324/324 860/909/909
f 861/910/910 850/898/898 294/324/324
f 861/910/910 852/900/900 850/898/898
f 861/910/910 860/909/909 852/900/900
f 273/302/302 294/324/324 850/898/898
f 859/907/907 481/522/522 860/909/909
f 732/777/777 860/909/909 481/522/522
f 732/777/777 729/774/774 860/909/909
f 413/447/447 403/435/435 410/442/442
f 407/439/439 374/406/406 335/367/367
f 334/366/366 335/367/367 374/406/406
f 281/311/311 335/367/367 334/366/366
f 794/839/839 736/781/781 844/892/892
f 794/839/839 844/892/892 471/510/510
f 858/906/906 842/890/890 847/895/895
f 841/889/889 847/895/895 842/890/890
f 858/906/906 847/895/895 857/905/905
f 859/908/908 294/325/325 796/841/841
f 272/301/301 796/841/841 294/325/325
f 796/841/841 478/517/517 859/908/908
f 478/517/517 796/841/841 264/292/292
f 481/521/521 859/908/908 478/517/517
f 294/325/325 273/303/303 272/301/301
f 272/301/301 273/303/303 271/300/300
f 261/289/289 264/292/292 263/291/291
f 261/289/289 262/290/290 260/288/288
f 262/290/290 784/829/829 260/288/288
f 785/830/830 456/495/495 782/827/827
f 639/680/680 636/677/677 371/403/403
f 640/681/681 371/403/403 636/677/677
f 371/403/403 370/402/402 639/680/680
f 366/398/398 639/680/680 370/402/402
f 649/690/690 648/689/689 650/691/691
f 653/694/694 650/691/691 648/689/689
f 653/694/694 648/689/689 658/699/699
f 295/326/326 297/328/328 558/599/599
f 758/803/803 558/599/599 297/328/328
f 758/803/803 745/790/790 558/599/599
f 546/587/587 558/599/599 745/790/790
f 296/327/327 297/328/328 295/326/326
f 296/327/327 295/326/326 298/329/329
f 537/578/578 298/329/329 295/326/326
f 299/330/330 296/327/327 298/329/329
f 515/556/556 507/548/548 762/807/807
f 498/539/539 762/807/807 507/548/548
f 564/605/605 213/240/240 644/685/685
f 215/242/242 644/685/685 213/240/240
f 214/241/241 215/242/242 213/240/240
f 664/705/705 669/710/710 642/683/683
f 643/684/684 642/683/683 669/710/710
f 199/226/226 200/227/227 198/225/225
f 201/228/228 198/225/225 200/227/227
f 246/274/274 247/275/275 245/273/273
f 237/265/265 342/374/374 245/273/273
f 1029/1083/1083 880/929/929 1027/1081/1081
f 1028/1082/1082 1027/1081/1081 880/929/929
f 1029/1083/1083 1027/1081/1081 1305/1367/1367
f 1306/1368/1368 1305/1367/1367 1027/1081/1081
f 1027/1081/1081 1070/1124/1124 1306/1368/1368
f 1027/1081/1081 1028/1082/1082 1070/1124/1124
f 1067/1121/1121 1306/1368/1368 1070/1124/1124
f 1029/1083/1083 1310/1372/1372 880/929/929
f 1029/1083/1083 1305/1367/1367 1310/1372/1372
f 879/928/928 880/929/929 1310/1372/1372
f 1306/1368/1368 1391/1455/1455 1305/1367/1367
f 1255/1317/1317 1305/1367/1367 1391/1455/1455
f 1305/1367/1367 1255/1317/1317 1401/1465/1465
f 1401/1465/1465 1310/1372/1372 1305/1367/1367
f 1256/1318/1318 1401/1465/1465 1255/1317/1317
f 1256/1318/1318 1019/1073/1073 1401/1465/1465
f 1020/1074/1074 1401/1465/1465 1019/1073/1073
f 1020/1074/1074 1451/1515/1515 1401/1465/1465
f 1451/1515/1515 1020/1074/1074 1308/1370/1370
f 1451/1515/1515 1308/1370/1370 932/982/982
f 1386/1450/1450 932/982/982 1308/1370/1370
f 1451/1515/1515 932/982/982 1310/1372/1372
f 879/928/928 1310/1372/1372 932/982/982
f 1386/1450/1450 1261/1323/1323 932/982/982
f 878/927/927 932/982/982 1261/1323/1323
f 878/927/927 879/928/928 932/982/982
f 1310/1372/1372 1401/1465/1465 1451/1515/1515
f 880/929/929 879/928/928 878/927/927
f 878/927/927 883/932/932 880/929/929
f 1028/1082/1082 880/929/929 883/932/932
f 883/932/932 881/930/930 1028/1082/1082
f 1301/1363/1363 1028/1082/1082 881/930/930
f 878/927/927 1259/1321/1321 883/932/932
f 1174/1236/1236 883/932/932 1259/1321/1321
f 1174/1236/1236 1259/1321/1321 1173/1235/1235
f 1229/1291/1291 1173/1235/1235 1259/1321/1321
f 1301/1363/1363 1070/1124/1124 1028/1082/1082
f 1014/1068/1068 1012/1066/1066 1004/1058/1058
f 1003/1057/1057 1004/1058/1058 1012/1066/1066
f 1014/1068/1068 1004/1058/1058 1059/1113/1113
f 1014/1068/1068 1059/1113/1113 1015/1069/1069
f 1015/1069/1069 1012/1066/1066 1014/1068/1068
f 1062/1116/1116 1059/1113/1113 1004/1058/1058
f 1062/1116/1116 1004/1058/1058 1291/1353/1353
f 1005/1059/1059 1291/1353/1353 1004/1058/1058
f 1005/1059/1059 1004/1058/1058 1003/1057/1057
f 1003/1057/1057 1013/1067/1067 1064/1118/1118
f 1013/1067/1067 1003/1057/1057 1012/1066/1066
f 1284/1346/1346 1281/1343/1343 1285/1347/1347
f 1284/1346/1346 1282/1344/1344 1281/1343/1343
f 1391/1455/1455 1306/1368/1368 1285/1347/1347
f 1067/1121/1121 1285/1347/1347 1306/1368/1368
f 1101/1157/1157 1102/1158/1158 1039/1093/1093
f 1101/1157/1157 1039/1093/1093 1024/1078/1078
f 1040/1094/1094 1024/1078/1078 1039/1093/1093
f 1040/1094/1094 1307/1369/1369 1024/1078/1078
f 1288/1350/1350 1024/1078/1078 1307/1369/1369
f 1288/1350/1350 1289/1351/1351 1024/1078/1078
f 1399/1463/1463 1024/1078/1078 1289/1351/1351
f 1289/1351/1351 1100/1156/1156 1399/1463/1463
f 1276/1338/1338 1399/1463/1463 1100/1156/1156
f 1276/1338/1338 1274/1336/1336 1399/1463/1463
f 1400/1464/1464 1399/1463/1463 1274/1336/1336
f 1274/1336/1336 1277/1339/1339 1400/1464/1464
f 1397/1461/1461 1400/1464/1464 1277/1339/1339
f 1397/1461/1461 1277/1339/1339 1392/1456/1456
f 1280/1342/1342 1392/1456/1456 1277/1339/1339
f 1280/1342/1342 1026/1080/1080 1392/1456/1456
f 1023/1077/1077 1392/1456/1456 1026/1080/1080
f 1023/1077/1077 1024/1078/1078 1392/1456/1456
f 1397/1461/1461 1392/1456/1456 1024/1078/1078
f 1397/1461/1461 1024/1078/1078 1400/1464/1464
f 1399/1463/1463 1400/1464/1464 1024/1078/1078
f 1065/1119/1119 1303/1365/1365 1036/1090/1090
f 1102/1158/1158 1036/1090/1090 1303/1365/1365
f 1066/1120/1120 1069/1123/1123 1065/1119/1119
f 1069/1123/1123 1066/1120/1120 1068/1122/1122
f 1283/1345/1345 1068/1122/1122 1066/1120/1120
f 1021/1075/1075 435/469/469 1308/1370/1370
f 1021/1075/1075 1022/1076/1076 435/469/469
f 443/477/477 435/469/469 1022/1076/1076
f 1021/1075/1075 1308/1370/1370 1020/1074/1074
f 1354/1416/1416 1353/1415/1415 1351/1413/1413
f 1352/1414/1414 1351/1413/1413 1353/1415/1415
f 1352/1414/1414 997/1050/1050 1351/1413/1413
f 1087/1142/1142 1351/1413/1413 997/1050/1050
f 1352/1414/1414 1376/1440/1440 997/1050/1050
f 1352/1414/1414 1353/1415/1415 1376/1440/1440
f 1375/1438/1438 997/1050/1050 1376/1440/1440
f 1087/1142/1142 1088/1144/1144 1351/1413/1413
f 1375/1438/1438 1376/1440/1440 1377/1441/1441
f 1378/1442/1442 1377/1441/1441 1376/1440/1440
f 1378/1442/1442 1376/1440/1440 1403/1467/1467
f 1407/1471/1471 1403/1467/1467 1376/1440/1440
f 1407/1471/1471 1376/1440/1440 1353/1415/1415
f 1407/1471/1471 1353/1415/1415 1408/1472/1472
f 1407/1471/1471 1408/1472/1472 1403/1467/1467
f 1405/1469/1469 1408/1472/1472 1353/1415/1415
f 1405/1469/1469 1353/1415/1415 1406/1470/1470
f 1354/1416/1416 1406/1470/1470 1353/1415/1415
f 1354/1416/1416 1360/1423/1423 1406/1470/1470
f 1354/1416/1416 1351/1413/1413 1360/1423/1423
f 1359/1422/1422 1360/1423/1423 1351/1413/1413
f 1359/1422/1422 1357/1420/1420 1360/1423/1423
f 1159/1220/1220 1360/1423/1423 1357/1420/1420
f 1359/1422/1422 1088/1144/1144 1357/1420/1420
f 1359/1422/1422 1351/1413/1413 1088/1144/1144
f 907/957/957 1357/1420/1420 1088/1144/1144
f 1159/1220/1220 1160/1222/1222 1360/1423/1423
f 1409/1473/1473 1360/1423/1423 1160/1222/1222
f 1409/1473/1473 1160/1222/1222 1537/1605/1605
f 1409/1473/1473 1537/1605/1605 1406/1470/1470
f 1409/1473/1473 1406/1470/1470 1360/1423/1423
f 1530/1597/1597 1406/1470/1470 1537/1605/1605
f 1530/1597/1597 1531/1598/1598 1406/1470/1470
f 1530/1597/1597 1529/1596/1596 1531/1598/1598
f 1530/1597/1597 1537/1605/1605 1529/1596/1596
f 1532/1599/1599 1531/1598/1598 1529/1596/1596
f 1532/1599/1599 1534/1601/1601 1531/1598/1598
f 1533/1600/1600 1531/1598/1598 1534/1601/1601
f 1533/1600/1600 1534/1601/1601 1528/1595/1595
f 1535/1602/1602 1528/1595/1595 1534/1601/1601
f 1535/1602/1602 1519/1586/1586 1528/1595/1595
f 1151/1211/1211 1528/1595/1595 1519/1586/1586
f 1151/1211/1211 1148/1208/1208 1528/1595/1595
f 1404/1468/1468 1528/1595/1595 1148/1208/1208
f 1404/1468/1468 1148/1208/1208 1403/1467/1467
f 1356/1418/1418 1403/1467/1467 1148/1208/1208
f 1356/1418/1418 1148/1208/1208 1355/1417/1417
f 1151/1211/1211 1519/1586/1586 1150/1210/1210
f 1520/1587/1587 1150/1210/1210 1519/1586/1586
f 1520/1587/1587 1521/1588/1588 1150/1210/1210
f 1520/1587/1587 1517/1584/1584 1521/1588/1588
f 1520/1587/1587 1519/1586/1586 1517/1584/1584
f 1518/1585/1585 1517/1584/1584 1519/1586/1586
f 1522/1589/1589 1521/1588/1588 1517/1584/1584
f 1522/1589/1589 983/1036/1036 1521/1588/1588
f 984/1037/1037 1521/1588/1588 983/1036/1036
f 984/1037/1037 1413/1477/1477 1521/1588/1588
f 1471/1535/1535 1521/1588/1588 1413/1477/1477
f 1522/1589/1589 1504/1570/1570 983/1036/1036
f 1497/1563/1563 983/1036/1036 1504/1570/1570
f 1497/1563/1563 1504/1570/1570 1496/1562/1562
f 1497/1563/1563 1496/1562/1562 952/1004/1004
f 1497/1563/1563 952/1004/1004 983/1036/1036
f 1394/1458/1458 952/1004/1004 1496/1562/1562
f 1505/1571/1571 1496/1562/1562 1504/1570/1570
f 1505/1571/1571 1504/1570/1570 1503/1569/1569
f 1502/1568/1568 1503/1569/1569 1504/1570/1570
f 1502/1568/1568 1498/1564/1564 1503/1569/1569
f 1499/1565/1565 1503/1569/1569 1498/1564/1564
f 1499/1565/1565 1498/1564/1564 1500/1566/1566
f 1501/1567/1567 1500/1566/1566 1498/1564/1564
f 1501/1567/1567 1506/1572/1572 1500/1566/1566
f 1507/1573/1573 1500/1566/1566 1506/1572/1572
f 1507/1573/1573 1506/1572/1572 1508/1574/1574
f 1509/1575/1575 1508/1574/1574 1506/1572/1572
f 1509/1575/1575 1510/1576/1576 1508/1574/1574
f 1511/1577/1577 1508/1574/1574 1510/1576/1576
f 1511/1577/1577 1510/1576/1576 1512/1578/1578
f 1513/1579/1579 1512/1578/1578 1510/1576/1576
f 1513/1579/1579 947/997/997 1512/1578/1578
f 1514/1580/1580 1512/1578/1578 947/997/997
f 1509/1575/1575 1526/1593/1593 1510/1576/1576
f 1525/1592/1592 1510/1576/1576 1526/1593/1593
f 1525/1592/1592 1527/1594/1594 1510/1576/1576
f 1513/1579/1579 1527/1594/1594 947/997/997
f 1513/1579/1579 1510/1576/1576 1527/1594/1594
f 949/1000/1000 947/997/997 1527/1594/1594
f 1525/1592/1592 1526/1593/1593 1529/1596/1596
f 1525/1592/1592 1529/1596/1596 1527/1594/1594
f 1532/1599/1599 1529/1596/1596 1526/1593/1593
f 1532/1599/1599 1526/1593/1593 1534/1601/1601
f 1523/1590/1590 1534/1601/1601 1526/1593/1593
f 1523/1590/1590 1524/1591/1591 1534/1601/1601
f 1523/1590/1590 1506/1572/1572 1524/1591/1591
f 1501/1567/1567 1524/1591/1591 1506/1572/1572
f 1501/1567/1567 1498/1564/1564 1524/1591/1591
f 1518/1585/1585 1524/1591/1591 1498/1564/1564
f 1523/1590/1590 1526/1593/1593 1506/1572/1572
f 1509/1575/1575 1506/1572/1572 1526/1593/1593
f 1518/1585/1585 1498/1564/1564 1517/1584/1584
f 1502/1568/1568 1517/1584/1584 1498/1564/1564
f 1502/1568/1568 1504/1570/1570 1517/1584/1584
f 1522/1589/1589 1517/1584/1584 1504/1570/1570
f 1518/1585/1585 1519/1586/1586 1524/1591/1591
f 1535/1602/1602 1524/1591/1591 1519/1586/1586
f 1535/1602/1602 1534/1601/1601 1524/1591/1591
f 1054/1108/1108 1373/1436/1436 965/1017/1017
f 964/1016/1016 965/1017/1017 1373/1436/1436
f 1373/1436/1436 1054/1108/1108 1539/1607/1607
f 1539/1607/1607 1540/1608/1608 1373/1436/1436
f 1542/1610/1610 1373/1436/1436 1540/1608/1608
f 1542/1610/1610 1540/1608/1608 1541/1609/1609
f 1367/1430/1430 1541/1609/1609 1540/1608/1608
f 1542/1610/1610 1541/1609/1609 1364/1427/1427
f 964/1016/1016 1373/1436/1436 1364/1427/1427
f 1542/1610/1610 1364/1427/1427 1373/1436/1436
f 965/1017/1017 964/1016/1016 924/974/974
f 1054/1108/1108 965/1017/1017 1053/1107/1107
f 1270/1332/1332 1254/1316/1316 1257/1319/1319
f 1389/1453/1453 1257/1319/1319 1254/1316/1316
f 1254/1316/1316 1253/1315/1315 1389/1453/1453
f 1385/1449/1449 1381/1445/1445 1119/1175/1175
f 1385/1449/1449 1382/1446/1446 1381/1445/1445
f 1192/1254/1254 1381/1445/1445 1382/1446/1446
f 1192/1254/1254 1189/1251/1251 1381/1445/1445
f 1411/1475/1475 928/978/978 1410/1474/1474
f 873/922/922 1410/1474/1474 928/978/978
f 1411/1475/1475 1199/1261/1261 928/978/978
f 1200/1262/1262 928/978/978 1199/1261/1261
f 1411/1475/1475 1467/1531/1531 1199/1261/1261
f 1411/1475/1475 1410/1474/1474 1467/1531/1531
f 1200/1262/1262 1198/1260/1260 928/978/978
f 946/996/996 928/978/978 1198/1260/1260
f 928/978/978 872/921/921 873/922/922
f 928/978/978 946/996/996 872/921/921
f 873/922/922 872/921/921 871/920/920
f 871/920/920 872/921/921 1166/1228/1228
f 1197/1259/1259 1198/1260/1260 1416/1480/1480
f 1197/1259/1259 1416/1480/1480 1441/1505/1505
f 1438/1502/1502 1441/1505/1505 1416/1480/1480
f 1438/1502/1502 1444/1508/1508 1441/1505/1505
f 1143/1203/1203 1161/1223/1223 1416/1480/1480
f 1143/1203/1203 1140/1200/1200 1161/1223/1223
f 1437/1501/1501 1422/1486/1486 1444/1508/1508
f 1435/1499/1499 1237/1299/1299 1422/1486/1486
f 1435/1499/1499 973/1026/1026 1237/1299/1299
f 971/1024/1024 1237/1299/1299 973/1026/1026
f 1225/1287/1287 1422/1486/1486 1237/1299/1299
f 973/1026/1026 972/1025/1025 971/1024/1024
f 972/1025/1025 974/1027/1027 971/1024/1024
f 1216/1278/1278 971/1024/1024 974/1027/1027
f 972/1025/1025 975/1028/1028 974/1027/1027
f 1428/1492/1492 1427/1491/1491 875/924/924
f 1428/1492/1492 875/924/924 1430/1494/1494
f 1428/1492/1492 1072/1126/1126 1427/1491/1491
f 1428/1492/1492 1430/1494/1494 1072/1126/1126
f 1426/1490/1490 1072/1126/1126 1430/1494/1494
f 1426/1490/1490 1365/1428/1428 1072/1126/1126
f 1228/1290/1290 1419/1483/1483 1227/1289/1289
f 1233/1295/1295 1227/1289/1289 1419/1483/1483
f 1228/1290/1290 1235/1297/1297 1419/1483/1483
f 1031/1085/1085 1295/1357/1357 1030/1084/1084
f 1287/1349/1349 1030/1084/1084 1295/1357/1357
f 1304/1366/1366 1302/1364/1364 1038/1092/1092
f 1041/1095/1095 1038/1092/1092 1302/1364/1364
f 1304/1366/1366 1297/1359/1359 1302/1364/1364
f 1044/1098/1098 1421/1485/1485 1320/1382/1382
f 1074/1128/1128 1075/1129/1129 1139/1199/1199
f 1464/1528/1528 1139/1199/1199 1075/1129/1129
f 1139/1199/1199 1464/1528/1528 939/989/989
f 940/990/990 939/989/989 1464/1528/1528
f 1075/1129/1129 1465/1529/1529 1464/1528/1528
f 1473/1537/1537 1464/1528/1528 1465/1529/1529
f 1464/1528/1528 1473/1537/1537 940/990/990
f 1473/1537/1537 1465/1529/1529 948/999/999
f 1472/1536/1536 948/999/999 1465/1529/1529
f 1472/1536/1536 1515/1582/1582 948/999/999
f 947/998/998 948/999/999 1515/1582/1582
f 1515/1582/1582 1516/1583/1583 947/998/998
f 1514/1581/1581 947/998/998 1516/1583/1583
f 1514/1581/1581 1516/1583/1583 1495/1561/1561
f 1493/1557/1557 1495/1561/1561 1516/1583/1583
f 1493/1557/1557 1492/1556/1556 1495/1561/1561
f 1494/1559/1559 1495/1561/1561 1492/1556/1556
f 1494/1559/1559 1492/1556/1556 447/483/483
f 1127/1186/1186 447/483/483 1492/1556/1556
f 1402/1466/1466 937/987/987 1158/1218/1218
f 1158/1218/1218 1156/1216/1216 1424/1488/1488
f 1440/1504/1504 1221/1283/1283 1168/1230/1230
f 1440/1504/1504 1168/1230/1230 1196/1258/1258
f 1153/1213/1213 1410/1474/1474 1152/1212/1212
f 1193/1255/1255 1152/1212/1212 1410/1474/1474
f 1193/1255/1255 1410/1474/1474 1172/1234/1234
f 873/922/922 1172/1234/1234 1410/1474/1474
f 1153/1213/1213 1467/1531/1531 1410/1474/1474
f 1479/1543/1543 1478/1542/1542 1476/1540/1540
f 1477/1541/1541 1476/1540/1540 1478/1542/1542
f 1477/1541/1541 1478/1542/1542 1480/1544/1544
f 1481/1545/1545 1480/1544/1544 1478/1542/1542
f 1479/1543/1543 1476/1540/1540 1482/1546/1546
f 1483/1547/1547 1482/1546/1546 1476/1540/1540
f 1481/1545/1545 1485/1549/1549 1480/1544/1544
f 1484/1548/1548 1480/1544/1544 1485/1549/1549
f 1484/1548/1548 1485/1549/1549 1486/1550/1550
f 1487/1551/1551 1486/1550/1550 1485/1549/1549
f 1483/1547/1547 1474/1538/1538 1482/1546/1546
f 1475/1539/1539 1482/1546/1546 1474/1538/1538
f 1475/1539/1539 1496/1562/1562 1482/1546/1546
f 1475/1539/1539 1415/1479/1479 1496/1562/1562
f 1394/1458/1458 1496/1562/1562 1415/1479/1479
f 1484/1548/1548 1486/1550/1550 450/489/489
f 1484/1548/1548 450/489/489 1480/1544/1544
f 449/487/487 1480/1544/1544 450/489/489
f 449/487/487 1128/1187/1187 1480/1544/1544
f 1477/1541/1541 1480/1544/1544 1128/1187/1187
f 1477/1541/1541 1128/1187/1187 1476/1540/1540
f 448/485/485 1476/1540/1540 1128/1187/1187
f 448/485/485 1123/1179/1179 1476/1540/1540
f 1483/1547/1547 1476/1540/1540 1123/1179/1179
f 1491/1555/1555 1490/1554/1554 1488/1552/1552
f 1489/1553/1553 1488/1552/1552 1490/1554/1554
f 1491/1555/1555 1495/1560/1560 1490/1554/1554
f 1494/1558/1558 1490/1554/1554 1495/1560/1560
f 1489/1553/1553 1486/1550/1550 1488/1552/1552
f 1489/1553/1553 1125/1182/1182 1486/1550/1550
f 1489/1553/1553 1490/1554/1554 1125/1182/1182
f 1126/1184/1184 1486/1550/1550 1125/1182/1182
f 1126/1184/1184 450/489/489 1486/1550/1550
f 1491/1555/1555 1512/1578/1578 1495/1560/1560
f 1491/1555/1555 1488/1552/1552 1512/1578/1578
f 1487/1551/1551 1488/1552/1552 1486/1550/1550
f 1487/1551/1551 1508/1574/1574 1488/1552/1552
f 1487/1551/1551 1485/1549/1549 1508/1574/1574
f 1507/1573/1573 1508/1574/1574 1485/1549/1549
f 1507/1573/1573 1485/1549/1549 1500/1566/1566
f 1481/1545/1545 1500/1566/1566 1485/1549/1549
f 1481/1545/1545 1478/1542/1542 1500/1566/1566
f 1499/1565/1565 1500/1566/1566 1478/1542/1542
f 1499/1565/1565 1478/1542/1542 1503/1569/1569
f 1479/1543/1543 1503/1569/1569 1478/1542/1542
f 1479/1543/1543 1482/1546/1546 1503/1569/1569
f 1505/1571/1571 1503/1569/1569 1482/1546/1546
f 1505/1571/1571 1482/1546/1546 1496/1562/1562
f 950/1002/1002 983/1036/1036 952/1004/1004
f 950/1002/1002 984/1037/1037 983/1036/1036
f 1538/1606/1606 1537/1605/1605 970/1022/1022
f 1536/1603/1603 970/1022/1022 1537/1605/1605
f 1538/1606/1606 970/1022/1022 1527/1594/1594
f 1538/1606/1606 1527/1594/1594 1529/1596/1596
f 1538/1606/1606 1529/1596/1596 1537/1605/1605
f 949/1000/1000 1527/1594/1594 970/1022/1022
f 1536/1603/1603 1537/1605/1605 1160/1222/1222
f 958/1010/1010 956/1008/1008 1092/1148/1148
f 1093/1149/1149 1092/1148/1148 956/1008/1008
f 956/1008/1008 897/946/946 1093/1149/1149
f 898/947/947 1093/1149/1149 897/946/946
f 897/946/946 956/1008/1008 1011/1065/1065
f 957/1009/1009 1011/1065/1065 956/1008/1008
f 958/1010/1010 957/1009/1009 956/1008/1008
f 957/1009/1009 958/1010/1010 1049/1103/1103
f 1090/1146/1146 1049/1103/1103 958/1010/1010
f 899/948/948 898/947/947 897/946/946
f 898/947/947 899/948/948 894/943/943
f 899/948/948 916/966/966 894/943/943
f 917/967/967 894/943/943 916/966/966
f 917/967/967 916/966/966 920/970/970
f 918/968/968 917/967/967 920/970/970
f 920/970/970 919/969/969 918/968/968
f 894/943/943 895/944/944 898/947/947
f 1369/1432/1432 1009/1063/1063 1366/1429/1429
f 1368/1431/1431 1366/1429/1429 1009/1063/1063
f 1368/1431/1431 1009/1063/1063 953/1005/1005
f 955/1007/1007 953/1005/1005 1009/1063/1063
f 1369/1432/1432 1377/1441/1441 1009/1063/1063
f 991/1044/1044 1009/1063/1063 1377/1441/1441
f 955/1007/1007 1009/1063/1063 991/1044/1044
f 991/1044/1044 1377/1441/1441 992/1045/1045
f 992/1045/1045 955/1007/1007 991/1044/1044
f 1378/1442/1442 992/1045/1045 1377/1441/1441
f 1378/1442/1442 1403/1467/1467 992/1045/1045
f 1356/1418/1418 992/1045/1045 1403/1467/1467
f 955/1007/1007 954/1006/1006 953/1005/1005
f 1404/1468/1468 1403/1467/1467 1408/1472/1472
f 1404/1468/1468 1408/1472/1472 1528/1595/1595
f 1533/1600/1600 1528/1595/1595 1408/1472/1472
f 1533/1600/1600 1408/1472/1472 1531/1598/1598
f 1405/1469/1469 1531/1598/1598 1408/1472/1472
f 1405/1469/1469 1406/1470/1470 1531/1598/1598
f 1010/1064/1064 1050/1104/1104 1011/1065/1065
f 1083/1137/1137 1011/1065/1065 1050/1104/1104
f 1011/1065/1065 957/1009/1009 1010/1064/1064
f 1414/1478/1478 1474/1538/1538 870/919/919
f 1471/1535/1535 1150/1210/1210 1521/1588/1588
f 1129/1189/1189 1125/1182/1182 1490/1554/1554
f 1129/1189/1189 1490/1554/1554 447/484/484
f 1494/1558/1558 447/484/484 1490/1554/1554
f 1511/1577/1577 1488/1552/1552 1508/1574/1574
f 1511/1577/1577 1512/1578/1578 1488/1552/1552
f 1514/1580/1580 1495/1560/1560 1512/1578/1578
f 948/999/999 970/1023/1023 1473/1537/1537
f 1536/1604/1604 1473/1537/1537 970/1023/1023
f 1473/1537/1537 1536/1604/1604 1157/1217/1217
f 1157/1217/1217 940/990/990 1473/1537/1537
f 1160/1221/1221 1157/1217/1217 1536/1604/1604
f 949/1001/1001 970/1023/1023 948/999/999
f 949/1001/1001 948/999/999 947/998/998
f 1319/1381/1381 1315/1377/1377 1047/1101/1101
f 1318/1380/1380 1047/1101/1101 1315/1377/1377
f 1047/1101/1101 1318/1380/1380 1046/1100/1100
f 1042/1096/1096 1046/1100/1100 1318/1380/1380
f 1332/1394/1394 1327/1389/1389 1329/1391/1391
f 1328/1390/1390 1329/1391/1391 1327/1389/1389
f 1332/1394/1394 1337/1399/1399 1327/1389/1389
f 891/940/940 889/938/938 1323/1385/1385
f 1243/1305/1305 1323/1385/1385 889/938/938
f 891/940/940 890/939/939 889/938/938
f 1322/1384/1384 1348/1410/1410 1321/1383/1383
f 1343/1405/1405 1321/1383/1383 1348/1410/1410
f 908/958/958 1362/1425/1425 959/1011/1011
f 908/958/958 906/955/955 1362/1425/1425
f 1361/1424/1424 1362/1425/1425 906/955/955
f 908/958/958 907/956/956 906/955/955

