mtllib G3_Myrtana_House_Hut_02.mtl
o G3_Myrtana_House_Hut_02_0
usemtl G3_Architecture_Bricks_01_D
v -4.167119 -4.144341 1.754766
v -4.167109 -0.065614 1.754768
v -4.167109 -0.065614 -4.433530
v -4.167119 -4.144786 -4.433530
v -4.167119 -4.144786 -4.433530
v -4.167109 -0.065614 -4.433530
v 4.067627 -0.089995 -4.433530
v 4.067617 -4.144786 -4.433530
v 4.067627 -0.065614 1.754768
v 4.067617 -4.144786 1.754766
v 4.067617 -4.144786 -4.433530
v 4.067627 -0.089995 -4.433530
v -4.167109 -0.065614 1.754768
v -4.167119 -4.144341 1.754766
v 4.067617 -4.144786 1.754766
v 4.067627 -0.065614 1.754768
v 1.565859 -0.062090 1.749158
v 2.988701 -0.096634 1.679255
v 2.990078 -0.064204 1.749153
v 2.988701 -1.737722 1.679255
v 2.801846 -0.203042 2.242922
v 2.775859 -0.095537 2.124431
v 2.795840 -0.340725 2.164666
v 2.803652 -0.385542 2.566638
v 2.810352 -0.293498 2.536116
v 2.808496 -0.705801 3.274670
v 2.803652 -0.608695 2.960417
v 2.808496 -0.853501 2.957488
v 2.808496 -0.890681 3.349510
v 2.825098 -0.492268 2.762981
v 2.803652 -0.385542 2.566638
v 2.803662 -0.573356 2.568406
v 2.803652 -0.608695 2.960417
v 2.995723 -0.385542 2.566638
v 2.803652 -0.385542 2.566638
v 2.825098 -0.492268 2.762981
v 2.995723 -0.523578 2.780803
v 2.995723 -0.608695 2.960417
v 2.803652 -0.608695 2.960417
v 2.978848 -0.204753 2.226921
v 2.801846 -0.203042 2.242922
v 2.810352 -0.293498 2.536116
v 2.967920 -0.295346 2.550295
v 2.967939 -0.095538 2.124431
v 2.775859 -0.095537 2.124431
v 2.808496 -0.705801 3.274670
v 3.003477 -0.706599 3.276013
v 2.808496 -0.890681 3.349510
v 3.003477 -0.869017 3.349509
v 2.808496 -0.705801 3.274670
v 2.995723 -1.750018 4.366458
v 2.995723 -1.571044 4.366458
v 2.977061 -1.571044 4.395759
v 2.803652 -1.571044 4.366458
v 2.803652 -1.473005 4.112556
v 2.803652 -1.492191 4.112557
v 2.803652 -1.750018 4.112556
v 2.803652 -1.750018 4.366458
v 2.995723 -1.112297 3.543850
v 2.995723 -1.197415 3.723464
v 2.995723 -1.295318 4.039060
v 2.995723 -1.457736 4.112556
v 2.995723 -1.571044 4.366458
v 2.995723 -1.750018 4.366458
v 2.988701 -1.737722 1.679255
v 2.990078 -0.064204 1.749153
v 2.967939 -0.095538 2.124431
v 2.978848 -0.204753 2.226921
v 2.967920 -0.295346 2.550295
v 2.995723 -0.385542 2.566638
v 2.995723 -0.523578 2.780803
v 2.995723 -0.608695 2.960417
v 3.003477 -0.706599 3.276013
v 3.003477 -0.869017 3.349509
v 2.808496 -1.125495 3.349509
v 2.778350 -1.164727 3.483386
v 2.825098 -1.080987 3.526028
v 2.808496 -0.890681 3.349510
v 2.920332 -1.197415 3.723464
v 2.995723 -1.197415 3.723464
v 2.995723 -1.112297 3.543850
v 2.825098 -1.080987 3.526028
v 2.803652 -1.197414 3.723464
v 2.803652 -1.294521 4.037717
v 2.803652 -1.197414 3.723464
v 2.803652 -1.442220 3.720536
v 2.803652 -1.473005 4.112556
v 2.803652 -1.197414 3.723464
v 2.803652 -1.294521 4.037717
v 2.995723 -1.295318 4.039060
v 2.995723 -1.457736 4.112556
v 2.803652 -1.473005 4.112556
v 2.803652 -1.571044 4.366458
v 2.833535 -1.571044 4.395759
v 2.803652 -1.750018 4.366458
v 0.964541 -0.369135 2.571335
v 0.958809 -0.389039 2.706389
v 1.154238 -0.386099 2.692273
v 1.154229 -0.371039 2.571335
v 1.171748 -0.192668 2.312566
v 1.184482 -0.095538 2.124441
v 0.959717 -0.096766 2.124431
v 0.961768 -0.194032 2.314690
v 0.920361 -0.860222 3.349509
v 1.154229 -0.884285 3.349509
v 1.154229 -0.696383 3.166501
v 0.930410 -0.697985 3.174500
v 1.154229 -0.853501 2.957488
v 1.154229 -0.605657 2.960417
v 1.154229 -0.696383 3.166501
v 1.154229 -0.884285 3.349509
v 1.154229 -0.371039 2.571335
v 1.154238 -0.386099 2.692273
v 1.154229 -0.605657 2.960417
v 1.154238 -0.573356 2.568406
v 1.184482 -0.095538 2.124441
v 1.171748 -0.192668 2.312566
v 1.162305 -0.244081 2.452141
v 1.154229 -0.371039 2.571335
v 1.175527 -0.342826 2.164861
v 1.162305 -0.244081 2.452141
v 0.963672 -0.254257 2.451663
v 1.154229 -0.605657 2.960417
v 0.942373 -0.602918 2.960422
v 0.920361 -1.448941 4.112556
v 0.930410 -1.286704 3.937546
v 0.942373 -1.191637 3.723469
v 0.958809 -0.977758 3.469436
v 0.920361 -0.860222 3.349509
v 0.930410 -0.697985 3.174500
v 0.942373 -0.602918 2.960422
v 0.958809 -0.389039 2.706389
v 0.964541 -0.369135 2.571335
v 0.963672 -0.254257 2.451663
v 0.961768 -0.194032 2.314690
v 0.959717 -0.096766 2.124431
v 0.967383 -0.071020 2.103259
v 1.010342 -0.058172 1.775012
v 0.999336 -0.096634 1.679250
v 0.992822 -1.712585 1.679250
v 0.927842 -1.745583 4.381580
v 0.920361 -1.594584 4.381580
v 0.920361 -1.476071 4.329080
v 0.958809 -0.977758 3.469436
v 1.154238 -0.974818 3.455320
v 1.154229 -1.473004 4.112556
v 0.920361 -1.448941 4.112556
v 0.920361 -1.476071 4.329080
v 1.154229 -1.469338 4.312854
v 1.154229 -1.285102 3.929548
v 0.930410 -1.286704 3.937546
v 0.920361 -1.594584 4.381580
v 0.927842 -1.745583 4.381580
v 1.154229 -1.750018 4.381580
v 1.154238 -1.598150 4.381580
v 1.154229 -1.442220 3.720535
v 1.154229 -1.194376 3.723464
v 1.154229 -1.285102 3.929548
v 1.154229 -1.473004 4.112556
v 1.154229 -1.125495 3.349509
v 1.154229 -0.884285 3.349509
v 1.154238 -0.974818 3.455320
v 1.154229 -1.194376 3.723464
v 1.154229 -1.194376 3.723464
v 0.942373 -1.191637 3.723469
v 1.154229 -1.285102 3.929548
v 1.154229 -1.469338 4.312854
v 1.154229 -1.750018 4.112556
v 1.154229 -1.473004 4.112556
v 1.154229 -1.469338 4.312854
v 1.154238 -1.598150 4.381580
v 1.154229 -1.750018 4.381580
v 1.915117 -0.345083 2.211365
v 1.977129 -0.341786 2.164763
v 1.858574 -0.341940 2.164778
v 2.137412 -0.365872 2.571335
v 2.108027 -0.361845 2.488542
v 2.042256 -0.366372 2.571335
v 1.179736 -0.370905 2.571335
v 1.154229 -0.371039 2.571335
v 1.154238 -0.573356 2.568406
v 2.803662 -0.573356 2.568406
v 2.803652 -0.385542 2.566638
v 2.137412 -0.365872 2.571335
v 2.042256 -0.366372 2.571335
v 1.589687 -0.448751 2.570911
v 1.179736 -0.370905 2.571335
v 1.175527 -0.342826 2.164861
v 1.154229 -0.371039 2.571335
v 1.977129 -0.341786 2.164763
v 2.795840 -0.340725 2.164666
v 2.775859 -0.095537 2.124431
v 1.184482 -0.095538 2.124441
v 1.175527 -0.342826 2.164861
v 1.858574 -0.341940 2.164778
v 2.752363 -0.316361 2.179583
v 2.795840 -0.340725 2.164666
v 1.977129 -0.341786 2.164763
v 2.803652 -0.385542 2.566638
v 2.795840 -0.340725 2.164666
v 2.775010 -0.317872 2.202009
v 2.752891 -0.333316 2.548762
v 1.430283 -0.606165 2.960417
v 1.240420 -0.593030 2.804338
v 1.154229 -0.605657 2.960417
v 1.154238 -0.573356 2.568406
v 2.803662 -0.573356 2.568406
v 2.698320 -0.591208 2.767634
v 2.803652 -0.608695 2.960417
v 1.430283 -0.606165 2.960417
v 1.154229 -0.605657 2.960417
v 1.154229 -0.853501 2.957488
v 1.520000 -0.853501 2.957488
v 2.808496 -0.853501 2.957488
v 2.803652 -0.608695 2.960417
v 1.154229 -0.937466 3.349509
v 1.154229 -1.125495 3.349509
v 2.808496 -1.125495 3.349509
v 2.808496 -0.890681 3.349510
v 2.808496 -0.853501 2.957488
v 1.520000 -0.853501 2.957488
v 2.423262 -0.859534 3.034319
v 1.937881 -0.095217 1.826331
v 2.615176 -0.062775 1.748376
v 1.430283 -1.194884 3.723464
v 1.240420 -1.181750 3.567385
v 1.154229 -1.194376 3.723464
v 1.154229 -1.125495 3.349509
v 2.808496 -1.125495 3.349509
v 2.698320 -1.179927 3.530681
v 2.778350 -1.164727 3.483386
v 1.430283 -1.194884 3.723464
v 1.154229 -1.194376 3.723464
v 1.154229 -1.442220 3.720535
v 1.520000 -1.442220 3.720535
v 2.803652 -1.442220 3.720536
v 2.803652 -1.197414 3.723464
v 1.154229 -1.526185 4.112556
v 1.154229 -1.750018 4.112556
v 2.803652 -1.750018 4.112556
v 2.803652 -1.492191 4.112557
v 2.803652 -1.442220 3.720536
v 1.520000 -1.442220 3.720535
v 2.423262 -1.448253 3.797366
v 2.803652 -1.197414 3.723464
v 0.920361 -0.860222 3.349509
v 0.930410 -0.697985 3.174500
v 0.958809 -0.977758 3.469436
v 0.958809 -0.977758 3.469436
v 1.154229 -0.371039 2.571335
v 1.154238 -0.386099 2.692273
v 1.162305 -0.244081 2.452141
v 1.162305 -0.244081 2.452141
v 1.184482 -0.095538 2.124441
v 1.184482 -0.095538 2.124441
v 2.801846 -0.203042 2.242922
v 2.803652 -1.750018 4.366458
v 2.803652 -1.571044 4.366458
v 2.810352 -0.293498 2.536116
v 2.833535 -1.571044 4.395759
v 2.833535 -1.571044 4.395759
v 2.995723 -1.750018 4.366458
v 3.003477 -0.869017 3.349509
v 3.003477 -0.706599 3.276013
v 2.995723 -1.112297 3.543850
v 2.995723 -1.457736 4.112556
v 2.995723 -1.750018 4.366458
v 2.995723 -1.750018 4.366458
v 2.990078 -0.064204 1.749153
v 2.995723 -1.750018 4.366458
v 2.978848 -0.204753 2.226921
v 2.995723 -1.750018 4.366458
v 2.978848 -0.204753 2.226921
v 2.995723 -0.523578 2.780803
v 2.995723 -1.112297 3.543850
v 2.995723 -1.750018 4.366458
v 2.995723 -0.523578 2.780803
v 2.995723 -1.112297 3.543850
v 2.995723 -0.523578 2.780803
v 3.003477 -0.869017 3.349509
v 0.942373 -1.191637 3.723469
v 0.958809 -0.977758 3.469436
v 0.942373 -0.602918 2.960422
v 1.010342 -0.058172 1.775012
v 0.959717 -0.096766 2.124431
v 1.010342 -0.058172 1.775012
v 0.964541 -0.369135 2.571335
v 0.959717 -0.096766 2.124431
v 0.942373 -0.602918 2.960422
v 0.964541 -0.369135 2.571335
v 0.942373 -1.191637 3.723469
v 0.942373 -0.602918 2.960422
v 0.920361 -1.448941 4.112556
v 0.942373 -1.191637 3.723469
v 0.927842 -1.745583 4.381580
v 0.927842 -1.745583 4.381580
v 2.803662 -0.573356 2.568406
v 2.137412 -0.365872 2.571335
v 1.589687 -0.448751 2.570911
v 1.154238 -0.573356 2.568406
v 2.803662 -0.573356 2.568406
v 1.589687 -0.448751 2.570911
v 1.977129 -0.341786 2.164763
v 2.775859 -0.095537 2.124431
v 1.184482 -0.095538 2.124441
v 1.184482 -0.095538 2.124441
v 1.430283 -0.606165 2.960417
v 1.520000 -0.853501 2.957488
v 1.430283 -0.606165 2.960417
v 1.430283 -1.194884 3.723464
v 1.520000 -1.442220 3.720535
v 1.430283 -1.194884 3.723464
vt 1.079530 -0.451910
vt 1.079530 0.367502
vt -0.435529 0.367502
vt -0.435529 -0.451999
vt -0.435529 -0.451999
vt -0.435529 0.367502
vt -2.615361 0.362604
vt -2.615360 -0.451999
vt -4.093467 0.367502
vt -4.097159 -0.451999
vt -2.615360 -0.451999
vt -2.615361 0.362604
vt 1.079530 0.367502
vt 1.079530 -0.451910
vt 3.564723 -0.451999
vt 3.564723 0.367502
vt 0.632856 0.280386
vt 0.798912 0.735246
vt 0.773157 0.735205
vt 0.798912 0.345919
vt 0.259275 0.581245
vt 0.171310 0.638683
vt 0.189790 0.514348
vt 0.376607 0.504631
vt 0.354837 0.546930
vt 0.640199 0.345599
vt 0.555346 0.394435
vt 0.554000 0.305335
vt 0.734087 0.291563
vt 0.474351 0.444370
vt 0.376607 0.504631
vt 0.375261 0.410244
vt 0.555346 0.394435
vt 0.896701 0.810213
vt 0.821621 0.810213
vt 0.830004 0.753923
vt 0.896701 0.745242
vt 0.896701 0.695816
vt 0.821621 0.695816
vt 0.890103 0.906966
vt 0.820913 0.904098
vt 0.824239 0.831428
vt 0.885831 0.828331
vt 0.880715 0.943919
vt 0.810758 0.945188
vt 0.823513 0.617901
vt 0.899731 0.617505
vt 0.823513 0.572623
vt 0.899731 0.576202
vt 0.829488 0.610526
vt 0.896701 0.230430
vt 0.896701 0.259998
vt 0.889404 0.254229
vt 0.850724 0.227288
vt 0.734087 0.291563
vt 0.734087 0.262564
vt 0.734087 0.163053
vt 0.850724 0.163053
vt 0.382350 0.492537
vt 0.342307 0.472835
vt 0.271949 0.450173
vt 0.255564 0.412578
vt 0.198959 0.386351
vt 0.198959 0.344925
vt 0.798040 0.347770
vt 0.782457 0.735137
vt 0.698793 0.727885
vt 0.675944 0.702605
vt 0.604111 0.681783
vt 0.600208 0.660758
vt 0.552462 0.628807
vt 0.512420 0.609105
vt 0.442061 0.586443
vt 0.425676 0.548849
vt 0.375261 0.410244
vt 0.445056 0.404117
vt 0.474351 0.444370
vt 0.398077 0.491394
vt 0.867230 0.448321
vt 0.896701 0.448321
vt 0.896701 0.497747
vt 0.830004 0.506429
vt 0.821621 0.448321
vt 0.640199 0.345599
vt 0.555346 0.394435
vt 0.554000 0.305335
vt 0.734087 0.291563
vt 0.555346 0.394435
vt 0.821621 0.370407
vt 0.896701 0.370010
vt 0.896701 0.328707
vt 0.821621 0.326185
vt 0.821621 0.259998
vt 0.833300 0.254229
vt 0.821621 0.230430
vt 0.102723 0.811998
vt 0.100484 0.782120
vt 0.176873 0.785385
vt 0.176872 0.811684
vt 0.183718 0.892100
vt 0.188695 0.945186
vt 0.100836 0.944985
vt 0.101639 0.891457
vt 0.085452 0.577655
vt 0.176872 0.573680
vt 0.176872 0.640754
vt 0.089380 0.638915
vt 0.440155 0.416652
vt 0.438651 0.517692
vt 0.334244 0.456805
vt 0.239011 0.401269
vt 0.650180 0.650708
vt 0.588146 0.641779
vt 0.438651 0.517692
vt 0.639794 0.533832
vt 0.867592 0.788943
vt 0.771065 0.724108
vt 0.699449 0.676006
vt 0.638290 0.634927
vt 0.846849 0.649087
vt 0.180026 0.856126
vt 0.102383 0.854539
vt 0.176872 0.696318
vt 0.094057 0.696770
vt 0.768196 0.351531
vt 0.724768 0.396157
vt 0.671650 0.422308
vt 0.608590 0.481152
vt 0.579410 0.513196
vt 0.535982 0.557821
vt 0.482865 0.583973
vt 0.419804 0.642817
vt 0.386317 0.648283
vt 0.356720 0.679833
vt 0.322856 0.696340
vt 0.275810 0.723015
vt 0.270343 0.729764
vt 0.188473 0.733149
vt 0.165173 0.723171
vt 0.165245 0.278687
vt 0.834659 0.270082
vt 0.834755 0.311563
vt 0.821766 0.344140
vt 0.100484 0.534625
vt 0.176873 0.537890
vt 0.176872 0.326185
vt 0.085452 0.330160
vt 0.085453 0.283048
vt 0.176872 0.287355
vt 0.176872 0.393259
vt 0.089380 0.391420
vt 0.085452 0.253132
vt 0.088376 0.228186
vt 0.176872 0.227453
vt 0.176873 0.252543
vt 0.440155 0.416652
vt 0.438651 0.517692
vt 0.334244 0.456805
vt 0.239011 0.401269
vt 0.639169 0.575848
vt 0.638290 0.634927
vt 0.593142 0.608414
vt 0.438651 0.517692
vt 0.176872 0.448823
vt 0.094057 0.449275
vt 0.177770 0.395098
vt 0.176872 0.287355
vt 0.239011 0.257729
vt 0.239011 0.385440
vt 0.135829 0.364708
vt 0.100978 0.315932
vt 0.100978 0.257729
vt 0.520331 0.438327
vt 0.500352 0.422403
vt 0.538548 0.422408
vt 0.448710 0.561332
vt 0.458177 0.533042
vt 0.479369 0.561332
vt 0.173381 0.534477
vt 0.163023 0.534929
vt 0.163728 0.457713
vt 0.836534 0.457713
vt 0.836532 0.536843
vt 0.564770 0.545130
vt 0.525954 0.544919
vt 0.341352 0.510211
vt 0.757263 0.561332
vt 0.758618 0.422437
vt 0.765479 0.561332
vt 0.494185 0.563318
vt 0.782189 0.563704
vt 0.775163 0.664618
vt 0.215348 0.664618
vt 0.212199 0.562940
vt 0.452481 0.563262
vt 0.484136 0.030523
vt 0.503513 0.000998
vt 0.503868 0.557087
vt 0.131150 0.861364
vt 0.320743 0.630566
vt 0.324786 0.664533
vt 0.183210 0.876325
vt 0.676538 0.694287
vt 0.737711 0.640952
vt 0.765479 0.694287
vt 0.765478 0.560331
vt 0.483892 0.643935
vt 0.523102 0.550380
vt 0.601522 0.643954
vt 0.301818 0.467256
vt 0.204708 0.467441
vt 0.204708 0.393969
vt 0.333375 0.393969
vt 0.784939 0.393969
vt 0.784939 0.466337
vt 0.204708 0.363460
vt 0.204708 0.278407
vt 0.784939 0.278407
vt 0.784939 0.359230
vt 0.234055 0.693285
vt 0.647635 0.693285
vt 0.356614 0.719539
vt 0.512998 0.306756
vt 0.294780 0.280120
vt 0.676538 0.694287
vt 0.737711 0.640952
vt 0.765479 0.694287
vt 0.765478 0.560331
vt 0.483892 0.643935
vt 0.523102 0.550380
vt 0.529481 0.643942
vt 0.301818 0.467256
vt 0.204708 0.467441
vt 0.204708 0.393969
vt 0.333375 0.393969
vt 0.784939 0.393969
vt 0.784939 0.466337
vt 0.204708 0.363460
vt 0.204708 0.278407
vt 0.784939 0.278407
vt 0.784939 0.359230
vt 0.234055 0.693285
vt 0.647635 0.693285
vt 0.356614 0.719539
vt 0.601522 0.643954
vt 0.085452 0.577655
vt 0.535982 0.557821
vt 0.608590 0.481152
vt 0.100484 0.534625
vt 0.638290 0.634927
vt 0.176873 0.785385
vt 0.699449 0.676006
vt 0.180026 0.856126
vt 0.867592 0.788943
vt 0.867592 0.788943
vt 0.820913 0.904098
vt 0.821621 0.230430
vt 0.821621 0.259998
vt 0.824239 0.831428
vt 0.833300 0.254229
vt 0.833300 0.254229
vt 0.896701 0.230430
vt 0.899731 0.576202
vt 0.899731 0.617505
vt 0.382350 0.492537
vt 0.255564 0.412578
vt 0.198959 0.344925
vt 0.198959 0.344925
vt 0.782457 0.735137
vt 0.198959 0.344925
vt 0.675944 0.702605
vt 0.198959 0.344925
vt 0.675944 0.702605
vt 0.552462 0.628807
vt 0.382350 0.492537
vt 0.198959 0.344925
vt 0.552462 0.628807
vt 0.382350 0.492537
vt 0.552462 0.628807
vt 0.425676 0.548849
vt 0.671650 0.422308
vt 0.608590 0.481152
vt 0.482865 0.583973
vt 0.188473 0.733149
vt 0.275810 0.723015
vt 0.188473 0.733149
vt 0.386317 0.648283
vt 0.275810 0.723015
vt 0.482865 0.583973
vt 0.386317 0.648283
vt 0.671650 0.422308
vt 0.482865 0.583973
vt 0.768196 0.351531
vt 0.671650 0.422308
vt 0.834659 0.270082
vt 0.834659 0.270082
vt 0.836534 0.457713
vt 0.564770 0.545130
vt 0.341352 0.510211
vt 0.163728 0.457713
vt 0.836534 0.457713
vt 0.341352 0.510211
vt 0.494185 0.563318
vt 0.775163 0.664618
vt 0.215348 0.664618
vt 0.215348 0.664618
vt 0.301818 0.467256
vt 0.333375 0.393969
vt 0.301818 0.467256
vt 0.301818 0.467256
vt 0.333375 0.393969
vt 0.301818 0.467256
vn -1.000000 0.000001 -0.000000
vn -0.707106 0.707107 -0.000000
vn -0.706677 0.707536 -0.001144
vn -1.000000 0.000001 -0.000000
vn 0.000000 -0.000000 -1.000000
vn 0.000000 -0.000000 -1.000000
vn 0.000000 -0.000000 -1.000000
vn 0.000000 -0.000000 -1.000000
vn 0.706838 0.707374 -0.001643
vn 1.000000 -0.000001 0.000000
vn 1.000000 -0.000001 0.000000
vn 0.709037 0.705166 -0.002778
vn -0.000000 -0.000001 1.000000
vn -0.000000 -0.000001 1.000000
vn -0.000000 -0.000001 1.000000
vn -0.000000 -0.000001 1.000000
vn -0.024034 0.990723 0.133756
vn 0.999807 0.000000 -0.019661
vn 0.869111 0.494590 0.005088
vn 0.999995 -0.000693 -0.003068
vn -0.995186 -0.007266 0.097732
vn -0.351849 0.123545 0.927868
vn -0.748416 0.097901 0.655965
vn -0.059065 0.531364 0.845082
vn -0.994198 0.091232 0.056990
vn -0.999974 -0.006486 0.003020
vn -0.624322 -0.021692 0.780866
vn -0.726914 -0.017970 0.686493
vn -0.092673 0.547148 0.831890
vn -0.987286 0.152361 0.045305
vn -0.994027 0.001001 0.109127
vn -0.994513 0.063507 0.083131
vn -0.976989 0.212430 0.019137
vn 0.919973 0.171950 0.352255
vn -0.059065 0.531364 0.845082
vn 0.059410 0.867439 0.493984
vn 0.817050 0.515997 0.257247
vn 0.692715 0.664217 0.281001
vn 0.164873 0.906107 0.389597
vn 0.758718 0.555588 0.340101
vn 0.034071 0.858882 0.511039
vn -0.043610 0.732428 0.679446
vn 0.457347 0.629073 0.628571
vn 0.669699 0.551242 0.497631
vn 0.076401 0.549729 0.831842
vn -0.001613 0.739430 0.673231
vn 0.632743 0.577850 0.515486
vn -0.092673 0.547148 0.831890
vn 0.755949 0.329238 0.565813
vn -0.001613 0.739430 0.673231
vn 0.740707 -0.102356 0.663985
vn 0.877928 0.356930 0.319128
vn 0.363785 0.451412 0.814793
vn -0.745276 0.522839 0.413767
vn -0.176114 0.734009 0.655907
vn -0.507673 -0.179487 0.842646
vn -0.707106 -0.000001 0.707107
vn -0.740925 -0.097305 0.664501
vn 0.781578 0.491437 0.384222
vn -0.691511 0.673044 0.262345
vn 0.624793 0.584302 0.517904
vn 0.789101 0.436538 0.432150
vn 0.877928 0.356930 0.319128
vn 0.740707 -0.102356 0.663985
vn 0.999995 -0.000693 -0.003068
vn 0.869111 0.494590 0.005088
vn 0.669699 0.551242 0.497631
vn 0.758718 0.555588 0.340101
vn 0.457347 0.629073 0.628571
vn 0.919973 0.171950 0.352255
vn 0.817050 0.515997 0.257247
vn 0.692715 0.664217 0.281001
vn 0.632743 0.577850 0.515486
vn 0.755949 0.329238 0.565813
vn -0.985064 0.164396 0.051222
vn -0.880748 0.472005 0.038646
vn -0.943230 0.321208 0.084515
vn -0.995604 -0.000000 0.093664
vn 0.013906 0.923491 0.383367
vn -0.691511 0.673044 0.262345
vn 0.781578 0.491437 0.384222
vn 0.031904 0.759525 0.649695
vn 0.176378 0.884232 0.432463
vn -1.000000 0.000000 -0.000000
vn -0.632173 -0.009271 0.774772
vn -0.721595 -0.008274 0.692266
vn -1.000000 0.000000 -0.000000
vn -0.893911 0.421817 0.151636
vn -0.009208 0.746333 0.665509
vn 0.624793 0.584302 0.517904
vn 0.789101 0.436538 0.432150
vn -0.176114 0.734009 0.655907
vn -0.745276 0.522839 0.413767
vn -0.267155 0.593404 0.759276
vn -0.740925 -0.097305 0.664501
vn -0.704107 0.630411 0.326825
vn -0.639840 0.708263 0.298276
vn 0.019301 0.922141 0.386372
vn 0.004239 0.943051 0.332621
vn -0.015678 0.909762 0.414834
vn -0.010266 0.501028 0.865370
vn -0.839639 0.449265 0.305234
vn -0.712612 0.630657 0.307336
vn -0.980842 -0.067830 0.182613
vn -0.393705 0.655554 0.644396
vn 0.026518 0.830595 0.556246
vn -0.784676 0.513171 0.347762
vn 0.721615 -0.008191 0.692246
vn 0.597103 -0.009481 0.802109
vn 1.000000 0.000000 0.000000
vn 1.000000 0.000000 0.000000
vn 0.999799 -0.006104 0.019093
vn 1.000000 -0.000042 -0.000025
vn 1.000000 -0.000001 -0.000001
vn 1.000000 0.000012 0.000007
vn 0.998330 -0.025635 0.051765
vn -0.997718 0.000018 -0.067514
vn 0.997719 -0.000031 0.067509
vn 0.999799 -0.006104 0.019093
vn 0.998341 -0.027900 0.050370
vn -0.033149 0.846690 0.531053
vn -0.673269 0.615502 0.409716
vn 0.010346 0.921873 0.387355
vn -0.826190 0.495588 0.267961
vn -0.829047 0.527349 0.185970
vn -0.671507 0.627009 0.394891
vn -0.595774 0.671585 0.440485
vn -0.342854 0.718602 0.605031
vn -0.980842 -0.067830 0.182613
vn -0.784676 0.513171 0.347762
vn -0.826190 0.495588 0.267961
vn -0.639840 0.708263 0.298276
vn -0.704107 0.630411 0.326825
vn -0.673269 0.615502 0.409716
vn -0.712612 0.630657 0.307336
vn -0.839639 0.449265 0.305234
vn -0.587125 0.756785 0.287335
vn -0.568653 0.819712 -0.068598
vn -0.997542 0.068380 0.015333
vn -0.999704 0.004028 -0.023991
vn -0.703236 -0.023438 0.710571
vn -0.700943 0.144468 0.698433
vn -0.603205 0.641632 0.473764
vn -0.342854 0.718602 0.605031
vn 0.048968 0.757792 0.650656
vn -0.431229 0.747184 0.505726
vn -0.829047 0.527349 0.185970
vn -0.603205 0.641632 0.473764
vn -0.030040 0.999381 -0.018294
vn 0.014355 0.823791 0.566713
vn -0.671507 0.627009 0.394891
vn -0.700943 0.144468 0.698433
vn -0.703236 -0.023438 0.710571
vn 0.000000 0.000000 1.000000
vn 0.003666 0.240390 0.970670
vn 0.721615 -0.008191 0.692246
vn 0.597103 -0.009481 0.802109
vn 1.000000 0.000000 0.000000
vn 1.000000 0.000000 0.000000
vn 1.000000 -0.000009 -0.000009
vn 1.000000 0.000000 -0.000022
vn 1.000000 -0.000007 -0.000013
vn 1.000000 -0.000014 -0.000002
vn 0.030261 0.917360 0.396907
vn -0.595774 0.671585 0.440485
vn 0.014355 0.823791 0.566713
vn 0.021658 0.449563 0.892986
vn 1.000000 -0.000002 -0.000004
vn 1.000000 0.000000 -0.000000
vn 1.000000 0.000006 -0.000008
vn 1.000000 0.000000 -0.000009
vn 1.000000 -0.000016 -0.000000
vn 0.209655 0.970333 -0.120408
vn -0.001286 0.997626 0.068859
vn 0.160431 0.878304 -0.450383
vn -0.250736 0.454937 0.854496
vn -0.060503 0.659321 0.749423
vn 0.083548 0.588334 0.804290
vn -0.000818 -0.014367 0.999896
vn 0.000076 -0.014479 0.999895
vn -0.001236 -0.015313 0.999882
vn 0.006036 0.004873 0.999970
vn -0.059065 0.531364 0.845082
vn -0.250736 0.454937 0.854496
vn 0.083548 0.588334 0.804290
vn -0.000156 -0.018554 0.999828
vn -0.608167 0.665139 0.433271
vn -0.204349 0.968932 -0.139331
vn 0.004239 0.943051 0.332621
vn -0.241563 0.679887 0.692388
vn -0.748416 0.097901 0.655965
vn -0.351849 0.123545 0.927868
vn -0.010266 0.501028 0.865370
vn -0.000090 0.161315 0.986903
vn -0.000088 0.161320 0.986902
vn -0.000777 0.521151 -0.853464
vn -0.000777 0.521151 -0.853464
vn -0.000777 0.521151 -0.853464
vn -0.059065 0.531364 0.845082
vn 0.628254 0.768685 -0.120084
vn 0.440783 0.896947 -0.034594
vn 0.278173 0.805107 0.523853
vn -0.223730 0.713771 0.663684
vn -0.384510 0.858347 0.339695
vn 0.010346 0.921873 0.387355
vn -0.442374 0.858826 -0.258308
vn 0.440416 0.883481 -0.159671
vn 0.496798 0.862808 0.093565
vn 0.164873 0.906107 0.389597
vn -0.000006 -0.011845 0.999930
vn 0.597103 -0.009481 0.802109
vn 0.721615 -0.008191 0.692246
vn -0.000000 -0.011844 0.999930
vn -0.726914 -0.017970 0.686493
vn -0.624322 -0.021692 0.780866
vn -0.162130 -0.183824 0.969496
vn 0.114649 0.591454 0.798146
vn -0.114235 0.517228 0.848190
vn -0.092673 0.547148 0.831890
vn 0.188564 0.976588 -0.103536
vn 0.266149 0.799119 -0.539049
vn -0.009704 0.944554 -0.328214
vn 0.006357 0.936946 -0.349417
vn -0.012445 0.992862 -0.118616
vn -0.220228 0.703243 0.675980
vn -0.294640 0.863198 0.409971
vn 0.030261 0.917360 0.396907
vn 0.114649 0.591454 0.798146
vn -0.114235 0.517228 0.848190
vn 0.591464 0.805765 0.030221
vn -0.045659 0.970969 0.234806
vn -0.000006 -0.011845 0.999930
vn 0.597103 -0.009481 0.802109
vn 0.721615 -0.008191 0.692246
vn -0.000000 -0.011844 0.999930
vn -0.721595 -0.008274 0.692266
vn -0.632173 -0.009271 0.774772
vn -0.162511 -0.184256 0.969350
vn -0.000000 0.000000 1.000000
vn -0.707106 -0.000001 0.707107
vn -0.507673 -0.179487 0.842646
vn 0.036608 0.998207 0.047361
vn 0.062137 0.998053 -0.005402
vn -0.014775 0.945636 -0.324891
vn 0.176378 0.884232 0.432463
vn -0.980842 -0.067830 0.182613
vn -0.784676 0.513171 0.347762
vn -0.342854 0.718602 0.605031
vn -0.342854 0.718602 0.605031
vn 0.999799 -0.006104 0.019093
vn 0.019301 0.922141 0.386372
vn 0.997719 -0.000031 0.067509
vn -0.033149 0.846690 0.531053
vn 0.998330 -0.025635 0.051765
vn 0.998330 -0.025635 0.051765
vn 0.034071 0.858882 0.511039
vn -0.740925 -0.097305 0.664501
vn -0.745276 0.522839 0.413767
vn -0.043610 0.732428 0.679446
vn -0.267155 0.593404 0.759276
vn -0.267155 0.593404 0.759276
vn 0.740707 -0.102356 0.663985
vn 0.755949 0.329238 0.565813
vn 0.632743 0.577850 0.515486
vn 0.781578 0.491437 0.384222
vn 0.789101 0.436538 0.432150
vn 0.740707 -0.102356 0.663985
vn 0.740707 -0.102356 0.663985
vn 0.869111 0.494590 0.005088
vn 0.740707 -0.102356 0.663985
vn 0.758718 0.555588 0.340101
vn 0.740707 -0.102356 0.663985
vn 0.758718 0.555588 0.340101
vn 0.817050 0.515997 0.257247
vn 0.781578 0.491437 0.384222
vn 0.740707 -0.102356 0.663985
vn 0.817050 0.515997 0.257247
vn 0.781578 0.491437 0.384222
vn 0.817050 0.515997 0.257247
vn 0.755949 0.329238 0.565813
vn -0.595774 0.671585 0.440485
vn -0.342854 0.718602 0.605031
vn -0.826190 0.495588 0.267961
vn -0.568653 0.819712 -0.068598
vn -0.839639 0.449265 0.305234
vn -0.568653 0.819712 -0.068598
vn -0.704107 0.630411 0.326825
vn -0.839639 0.449265 0.305234
vn -0.826190 0.495588 0.267961
vn -0.704107 0.630411 0.326825
vn -0.595774 0.671585 0.440485
vn -0.826190 0.495588 0.267961
vn -0.829047 0.527349 0.185970
vn -0.595774 0.671585 0.440485
vn -0.703236 -0.023438 0.710571
vn -0.703236 -0.023438 0.710571
vn 0.006036 0.004873 0.999970
vn -0.250736 0.454937 0.854496
vn -0.000156 -0.018554 0.999828
vn -0.001236 -0.015313 0.999882
vn 0.006036 0.004873 0.999970
vn -0.000156 -0.018554 0.999828
vn -0.241563 0.679887 0.692388
vn -0.351849 0.123545 0.927868
vn -0.010266 0.501028 0.865370
vn -0.010266 0.501028 0.865370
vn -0.000006 -0.011845 0.999930
vn -0.000000 -0.011844 0.999930
vn -0.000006 -0.011845 0.999930
vn -0.000006 -0.011845 0.999930
vn -0.000000 -0.011844 0.999930
vn -0.000006 -0.011845 0.999930
f 3/3/3 2/2/2 1/1/1
f 1/1/1 4/4/4 3/3/3
f 7/7/7 6/6/6 5/5/5
f 5/5/5 8/8/8 7/7/7
f 11/11/11 10/10/10 9/9/9
f 9/9/9 12/12/12 11/11/11
f 15/15/15 14/14/14 13/13/13
f 13/13/13 16/16/16 15/15/15
f 20/20/20 19/19/19 18/18/18
f 23/23/23 22/22/22 21/21/21
f 24/24/24 23/23/23 21/21/21
f 25/25/25 24/24/24 21/21/21
f 28/28/28 27/27/27 26/26/26
f 26/26/26 29/29/29 28/28/28
f 32/32/32 31/31/31 30/30/30
f 30/30/30 33/33/33 32/32/32
f 36/36/36 35/35/35 34/34/34
f 34/34/34 37/37/37 36/36/36
f 36/36/36 37/37/37 38/38/38
f 38/38/38 39/39/39 36/36/36
f 259/259/259 256/256/256 40/40/40
f 40/40/40 43/43/43 259/259/259
f 47/47/47 46/46/46 39/39/39
f 39/39/39 38/38/38 47/47/47
f 264/264/264 49/49/49 48/48/48
f 48/48/48 50/50/50 264/264/264
f 43/43/43 34/34/34 35/35/35
f 35/35/35 259/259/259 43/43/43
f 53/53/53 52/52/52 51/51/51
f 56/56/56 55/55/55 54/54/54
f 57/57/57 56/56/56 54/54/54
f 58/58/58 57/57/57 54/54/54
f 61/61/61 60/60/60 59/59/59
f 62/62/62 61/61/61 59/59/59
f 64/64/64 63/63/63 62/62/62
f 267/267/267 266/266/266 265/265/265
f 66/66/66 65/65/65 268/268/268
f 68/68/68 67/67/67 269/269/269
f 271/271/271 66/66/66 270/270/270
f 70/70/70 69/69/69 68/68/68
f 71/71/71 70/70/70 68/68/68
f 274/274/274 273/273/273 272/272/272
f 277/277/277 276/276/276 275/275/275
f 74/74/74 73/73/73 72/72/72
f 74/74/74 72/72/72 71/71/71
f 280/280/280 279/279/279 278/278/278
f 77/77/77 76/76/76 75/75/75
f 75/75/75 78/78/78 77/77/77
f 81/81/81 80/80/80 79/79/79
f 82/82/82 81/81/81 79/79/79
f 83/83/83 82/82/82 79/79/79
f 86/86/86 85/85/85 84/84/84
f 84/84/84 87/87/87 86/86/86
f 88/88/88 76/76/76 77/77/77
f 82/82/82 48/48/48 263/263/263
f 263/263/263 81/81/81 82/82/82
f 89/89/89 83/83/83 79/79/79
f 90/90/90 89/89/89 79/79/79
f 80/80/80 90/90/90 79/79/79
f 89/89/89 90/90/90 91/91/91
f 91/91/91 92/92/92 89/89/89
f 53/53/53 94/94/94 258/258/258
f 91/91/91 52/52/52 53/53/53
f 91/91/91 53/53/53 258/258/258
f 92/92/92 91/91/91 258/258/258
f 93/93/93 260/260/260 95/95/95
f 261/261/261 53/53/53 262/262/262
f 262/262/262 257/257/257 261/261/261
f 256/256/256 45/45/45 44/44/44
f 44/44/44 40/40/40 256/256/256
f 98/98/98 97/97/97 96/96/96
f 96/96/96 99/99/99 98/98/98
f 102/102/102 101/101/101 100/100/100
f 100/100/100 103/103/103 102/102/102
f 106/106/106 105/105/105 104/104/104
f 104/104/104 107/107/107 106/106/106
f 110/110/110 109/109/109 108/108/108
f 108/108/108 111/111/111 110/110/110
f 114/114/114 113/113/113 112/112/112
f 112/112/112 115/115/115 114/114/114
f 118/118/118 117/117/117 116/116/116
f 250/250/250 252/252/252 254/254/254
f 120/120/120 119/119/119 255/255/255
f 253/253/253 99/99/99 96/96/96
f 96/96/96 122/122/122 253/253/253
f 122/122/122 103/103/103 100/100/100
f 100/100/100 253/253/253 122/122/122
f 107/107/107 124/124/124 123/123/123
f 123/123/123 106/106/106 107/107/107
f 97/97/97 251/251/251 123/123/123
f 123/123/123 124/124/124 97/97/97
f 127/127/127 126/126/126 125/125/125
f 130/130/130 129/129/129 128/128/128
f 131/131/131 247/247/247 248/248/248
f 283/283/283 282/282/282 281/281/281
f 133/133/133 132/132/132 131/131/131
f 135/135/135 134/134/134 133/133/133
f 136/136/136 135/135/135 133/133/133
f 138/138/138 137/137/137 136/136/136
f 141/141/141 140/140/140 139/139/139
f 141/141/141 139/139/139 284/284/284
f 141/141/141 286/286/286 285/285/285
f 141/141/141 288/288/288 287/287/287
f 141/141/141 290/290/290 289/289/289
f 141/141/141 292/292/292 291/291/291
f 141/141/141 294/294/294 293/293/293
f 143/143/143 142/142/142 295/295/295
f 143/143/143 296/296/296 125/125/125
f 145/145/145 249/249/249 246/246/246
f 246/246/246 105/105/105 145/145/145
f 148/148/148 147/147/147 146/146/146
f 146/146/146 149/149/149 148/148/148
f 151/151/151 150/150/150 146/146/146
f 146/146/146 147/147/147 151/151/151
f 154/154/154 153/153/153 152/152/152
f 152/152/152 155/155/155 154/154/154
f 158/158/158 157/157/157 156/156/156
f 156/156/156 159/159/159 158/158/158
f 162/162/162 161/161/161 160/160/160
f 160/160/160 163/163/163 162/162/162
f 151/151/151 165/165/165 164/164/164
f 164/164/164 166/166/166 151/151/151
f 167/167/167 155/155/155 152/152/152
f 152/152/152 148/148/148 167/167/167
f 170/170/170 169/169/169 168/168/168
f 171/171/171 170/170/170 168/168/168
f 172/172/172 171/171/171 168/168/168
f 249/249/249 145/145/145 164/164/164
f 164/164/164 165/165/165 249/249/249
f 175/175/175 174/174/174 173/173/173
f 178/178/178 177/177/177 176/176/176
f 181/181/181 180/180/180 179/179/179
f 184/184/184 183/183/183 182/182/182
f 186/186/186 185/185/185 184/184/184
f 299/299/299 298/298/298 297/297/297
f 302/302/302 301/301/301 300/300/300
f 186/186/186 181/181/181 179/179/179
f 189/189/189 188/188/188 187/187/187
f 192/192/192 191/191/191 190/190/190
f 193/193/193 304/304/304 303/303/303
f 195/195/195 194/194/194 305/305/305
f 195/195/195 306/306/306 190/190/190
f 198/198/198 197/197/197 196/196/196
f 201/201/201 200/200/200 199/199/199
f 199/199/199 202/202/202 201/201/201
f 205/205/205 204/204/204 203/203/203
f 206/206/206 204/204/204 205/205/205
f 209/209/209 208/208/208 207/207/207
f 212/212/212 211/211/211 210/210/210
f 213/213/213 212/212/212 210/210/210
f 214/214/214 308/308/308 307/307/307
f 215/215/215 214/214/214 309/309/309
f 218/218/218 217/217/217 216/216/216
f 216/216/216 219/219/219 218/218/218
f 222/222/222 221/221/221 220/220/220
f 224/224/224 223/223/223 17/17/17
f 227/227/227 226/226/226 225/225/225
f 228/228/228 226/226/226 227/227/227
f 231/231/231 230/230/230 229/229/229
f 234/234/234 233/233/233 232/232/232
f 235/235/235 234/234/234 232/232/232
f 236/236/236 311/311/311 310/310/310
f 237/237/237 236/236/236 312/312/312
f 240/240/240 239/239/239 238/238/238
f 238/238/238 241/241/241 240/240/240
f 244/244/244 243/243/243 242/242/242
f 245/245/245 230/230/230 231/231/231
o G3_Myrtana_House_Hut_02_1
usemtl G3_Architecture_Drapery_01_A
v -0.371455 3.017537 2.188647
v -0.371455 3.152340 1.751794
v -0.285000 2.685395 1.766477
v -0.285000 2.550592 2.203330
v -0.340908 2.053571 3.069775
v -0.323428 2.600899 3.046565
v -0.428584 2.114017 3.947249
v -0.334746 2.487887 3.916938
v -0.285000 1.741771 4.540652
v -0.341689 2.208716 4.687698
v -0.285000 1.503647 4.681462
v -0.203311 1.526088 4.808506
v -0.297979 3.365193 2.167139
v -0.289785 3.552058 1.747769
v -0.332354 3.071935 3.030898
v -0.309053 2.795661 3.916511
v -0.260059 2.613663 4.686169
v -0.053926 1.576622 4.808506
v 0.572109 3.133849 2.058247
v 0.592246 3.390256 1.651165
v 0.585430 2.868383 2.959543
v 0.598252 2.622563 3.867712
v 0.601055 2.518034 4.657537
v 0.736709 1.345364 4.832632
v 1.583916 2.976587 1.951868
v 1.601650 3.324196 1.583484
v 1.595391 2.636907 2.898894
v 1.610371 2.451026 3.853320
v 1.616055 2.471208 4.644604
v 1.611094 1.550575 4.716428
v 2.579727 3.013470 1.974104
v 2.534287 3.329329 1.584834
v 2.571357 2.693420 2.915696
v 2.528682 2.549671 3.866765
v 2.491396 2.514592 4.668953
v 2.487607 1.387117 4.828313
v 3.067432 3.177979 2.080461
v 3.053350 3.395815 1.656201
v 3.067598 2.867281 2.962495
v 3.040518 2.634887 3.876270
v 3.012188 2.553841 4.671223
v 2.923594 1.807031 4.856956
v 3.970645 3.412687 2.183091
v 3.915293 3.561868 1.751162
v 3.969551 3.089348 3.039167
v 3.957305 2.815547 3.915867
v 3.952734 2.593069 4.680396
v 3.627646 1.576622 4.808506
v 4.008076 3.071484 2.182825
v 3.963662 3.225021 1.751794
v 3.975059 2.623785 3.054653
v 4.038467 2.517658 3.926228
v 4.071533 2.262646 4.682043
v 3.963662 1.379330 4.808506
v 3.970732 2.700235 2.203691
v 3.971328 2.847500 1.766946
v 3.929219 2.116669 3.076531
v 4.035742 2.170859 3.950410
v 4.063145 1.818819 4.608015
v 3.971328 1.422608 4.696395
v -0.371455 3.152340 1.751794
v -0.371455 3.017537 2.188647
v -0.285000 2.685395 1.766477
v -0.285000 2.550592 2.203330
v -0.323428 2.600899 3.046565
v -0.340908 2.053571 3.069775
v -0.334746 2.487887 3.916938
v -0.428584 2.114017 3.947249
v -0.341689 2.208716 4.687698
v -0.285000 1.741771 4.540652
v -0.203311 1.526088 4.808506
v -0.285000 1.503647 4.681462
v -0.289785 3.552058 1.747769
v -0.297979 3.365193 2.167139
v -0.332354 3.071935 3.030898
v -0.309053 2.795661 3.916511
v -0.260059 2.613663 4.686169
v -0.053926 1.576622 4.808506
v 0.572109 3.133849 2.058247
v 0.592246 3.390256 1.651165
v 0.585430 2.868383 2.959543
v 0.598252 2.622563 3.867712
v 0.601055 2.518034 4.657537
v 0.736709 1.345364 4.832632
v 1.583916 2.976587 1.951868
v 1.601650 3.324196 1.583484
v 1.595391 2.636907 2.898894
v 1.610371 2.451026 3.853320
v 1.616055 2.471208 4.644604
v 1.611094 1.550575 4.716428
v 2.579727 3.013470 1.974104
v 2.534287 3.329329 1.584834
v 2.571357 2.693420 2.915696
v 2.528682 2.549671 3.866765
v 2.491396 2.514592 4.668953
v 2.487607 1.387117 4.828313
v 3.053350 3.395815 1.656201
v 3.067432 3.177979 2.080461
v 3.067598 2.867281 2.962495
v 3.040518 2.634887 3.876270
v 3.012188 2.553841 4.671223
v 2.923594 1.807031 4.856956
v 3.970645 3.412687 2.183091
v 3.915293 3.561868 1.751162
v 3.969551 3.089348 3.039167
v 3.957305 2.815547 3.915867
v 3.952734 2.593069 4.680396
v 3.627646 1.576622 4.808506
v 3.963662 3.225021 1.751794
v 4.008076 3.071484 2.182825
v 3.975059 2.623785 3.054653
v 4.038467 2.517658 3.926228
v 4.071533 2.262646 4.682043
v 3.963662 1.379330 4.808506
v 3.971328 2.847500 1.766946
v 3.970732 2.700235 2.203691
v 3.929219 2.116669 3.076531
v 4.035742 2.170859 3.950410
v 4.063145 1.818819 4.608015
v 3.971328 1.422608 4.696395
v -0.332354 3.071935 3.030898
v -0.332354 3.071935 3.030898
v -0.309053 2.795661 3.916511
v -0.309053 2.795661 3.916511
v -0.297979 3.365193 2.167139
v -0.297979 3.365193 2.167139
v -0.289785 3.552058 1.747769
v -0.289785 3.552058 1.747769
v -0.260059 2.613663 4.686169
v -0.260059 2.613663 4.686169
v -0.260059 2.613663 4.686169
v -0.260059 2.613663 4.686169
v -0.260059 2.613663 4.686169
v -0.260059 2.613663 4.686169
v -0.053926 1.576622 4.808506
v -0.053926 1.576622 4.808506
v 0.601055 2.518034 4.657537
v 0.601055 2.518034 4.657537
v 1.616055 2.471208 4.644604
v 1.616055 2.471208 4.644604
v 2.491396 2.514592 4.668953
v 2.491396 2.514592 4.668953
v 3.012188 2.553841 4.671223
v 3.012188 2.553841 4.671223
v 3.915293 3.561868 1.751162
v 3.915293 3.561868 1.751162
v 3.952734 2.593069 4.680396
v 3.952734 2.593069 4.680396
v 3.952734 2.593069 4.680396
v 3.957305 2.815547 3.915867
v 3.963662 1.379330 4.808506
v 3.963662 1.379330 4.808506
v 3.969551 3.089348 3.039167
v 3.969551 3.089348 3.039167
v 3.970645 3.412687 2.183091
v 3.970645 3.412687 2.183091
v 3.971328 1.422608 4.696395
v 3.971328 1.422608 4.696395
v 4.063145 1.818819 4.608015
v 4.063145 1.818819 4.608015
v 4.071533 2.262646 4.682043
v 4.071533 2.262646 4.682043
v 4.071533 2.262646 4.682043
v 4.071533 2.262646 4.682043
v -0.371455 3.017537 2.188647
v -0.371455 3.017537 2.188647
v -0.285000 2.550592 2.203330
v -0.323428 2.600899 3.046565
v -0.428584 2.114017 3.947249
v -0.341689 2.208716 4.687698
v -0.341689 2.208716 4.687698
v -0.285000 1.741771 4.540652
v -0.371455 3.017537 2.188647
v -0.297979 3.365193 2.167139
v -0.371455 3.017537 2.188647
v -0.334746 2.487887 3.916938
v -0.334746 2.487887 3.916938
v -0.341689 2.208716 4.687698
v -0.309053 2.795661 3.916511
v -0.334746 2.487887 3.916938
v -0.341689 2.208716 4.687698
v -0.053926 1.576622 4.808506
v -0.341689 2.208716 4.687698
v 2.534287 3.329329 1.584834
v 2.534287 3.329329 1.584834
v 2.579727 3.013470 1.974104
v 3.067432 3.177979 2.080461
v 3.053350 3.395815 1.656201
v 3.067432 3.177979 2.080461
v 3.053350 3.395815 1.656201
v 3.067432 3.177979 2.080461
v 3.067432 3.177979 2.080461
v 3.970645 3.412687 2.183091
v 3.969551 3.089348 3.039167
v 4.008076 3.071484 2.182825
v 3.970645 3.412687 2.183091
v 3.969551 3.089348 3.039167
v 3.957305 2.815547 3.915867
v 3.975059 2.623785 3.054653
v 3.969551 3.089348 3.039167
v 3.957305 2.815547 3.915867
v 3.952734 2.593069 4.680396
v 3.957305 2.815547 3.915867
v 4.008076 3.071484 2.182825
v 3.970732 2.700235 2.203691
v 4.008076 3.071484 2.182825
v 4.038467 2.517658 3.926228
v 4.038467 2.517658 3.926228
v 4.071533 2.262646 4.682043
v 4.038467 2.517658 3.926228
v 4.071533 2.262646 4.682043
v -0.371455 3.017537 2.188647
v -0.285000 2.550592 2.203330
v -0.371455 3.017537 2.188647
v -0.323428 2.600899 3.046565
v -0.428584 2.114017 3.947249
v -0.428584 2.114017 3.947249
v -0.334746 2.487887 3.916938
v -0.285000 1.741771 4.540652
v -0.341689 2.208716 4.687698
v -0.285000 1.741771 4.540652
v -0.341689 2.208716 4.687698
v -0.371455 3.017537 2.188647
v -0.297979 3.365193 2.167139
v -0.371455 3.017537 2.188647
v -0.334746 2.487887 3.916938
v -0.341689 2.208716 4.687698
v -0.334746 2.487887 3.916938
v -0.309053 2.795661 3.916511
v -0.334746 2.487887 3.916938
v -0.341689 2.208716 4.687698
v -0.053926 1.576622 4.808506
v -0.341689 2.208716 4.687698
v 0.572109 3.133849 2.058247
v -0.289785 3.552058 1.747769
v 0.572109 3.133849 2.058247
v 1.583916 2.976587 1.951868
v 1.583916 2.976587 1.951868
v 2.579727 3.013470 1.974104
v 1.583916 2.976587 1.951868
v 2.534287 3.329329 1.584834
v 2.579727 3.013470 1.974104
v 2.534287 3.329329 1.584834
v 2.579727 3.013470 1.974104
v 3.067432 3.177979 2.080461
v 2.579727 3.013470 1.974104
v 3.067432 3.177979 2.080461
v 3.053350 3.395815 1.656201
v 3.053350 3.395815 1.656201
v 3.067432 3.177979 2.080461
v 3.067432 3.177979 2.080461
v 3.969551 3.089348 3.039167
v 3.970645 3.412687 2.183091
v 4.008076 3.071484 2.182825
v 3.975059 2.623785 3.054653
v 3.970645 3.412687 2.183091
v 3.957305 2.815547 3.915867
v 3.969551 3.089348 3.039167
v 3.969551 3.089348 3.039167
v 3.952734 2.593069 4.680396
v 3.957305 2.815547 3.915867
v 3.957305 2.815547 3.915867
v 4.008076 3.071484 2.182825
v 3.970732 2.700235 2.203691
v 4.008076 3.071484 2.182825
v 4.071533 2.262646 4.682043
vt 0.111111 0.076923
vt 0.000000 0.076923
vt 0.000000 0.000000
vt 0.111111 0.000000
vt 0.333333 0.000000
vt 0.333333 0.076923
vt 0.555556 0.000000
vt 0.555556 0.076923
vt 0.777778 0.000000
vt 0.777778 0.076923
vt 1.000000 0.000000
vt 1.000000 0.076923
vt 0.111111 0.153846
vt 0.000000 0.153846
vt 0.333333 0.153846
vt 0.555556 0.153846
vt 0.777778 0.153846
vt 1.000000 0.153846
vt 0.111111 0.307692
vt 0.000000 0.307692
vt 0.333333 0.307692
vt 0.555556 0.307692
vt 0.777778 0.307692
vt 1.000000 0.307692
vt 0.111111 0.461538
vt 0.000000 0.461538
vt 0.333333 0.461538
vt 0.555556 0.461538
vt 0.777778 0.461538
vt 1.000000 0.461538
vt 0.111111 0.615385
vt 0.000000 0.615385
vt 0.333333 0.615385
vt 0.555556 0.615385
vt 0.777778 0.615385
vt 1.000000 0.615385
vt 0.111111 0.692308
vt 0.000000 0.692308
vt 0.333333 0.692308
vt 0.555556 0.692308
vt 0.777778 0.692308
vt 1.000000 0.692308
vt 0.111111 0.846154
vt 0.000000 0.846154
vt 0.333333 0.846154
vt 0.555556 0.846154
vt 0.777778 0.846154
vt 1.000000 0.846154
vt 0.111111 0.923077
vt 0.000000 0.923077
vt 0.333333 0.923077
vt 0.555556 0.923077
vt 0.777778 0.923077
vt 1.000000 0.923077
vt 0.111111 1.000000
vt 0.000000 1.000000
vt 0.333333 1.000000
vt 0.555556 1.000000
vt 0.777778 1.000000
vt 1.000000 1.000000
vt 0.000000 0.076923
vt 0.111111 0.076923
vt 0.000000 0.000000
vt 0.111111 0.000000
vt 0.333333 0.076923
vt 0.333333 0.000000
vt 0.555556 0.076923
vt 0.555556 0.000000
vt 0.777778 0.076923
vt 0.777778 0.000000
vt 1.000000 0.076923
vt 1.000000 0.000000
vt 0.000000 0.153846
vt 0.111111 0.153846
vt 0.333333 0.153846
vt 0.555556 0.153846
vt 0.777778 0.153846
vt 1.000000 0.153846
vt 0.111111 0.307692
vt 0.000000 0.307692
vt 0.333333 0.307692
vt 0.555556 0.307692
vt 0.777778 0.307692
vt 1.000000 0.307692
vt 0.111111 0.461538
vt 0.000000 0.461538
vt 0.333333 0.461538
vt 0.555556 0.461538
vt 0.777778 0.461538
vt 1.000000 0.461538
vt 0.111111 0.615385
vt 0.000000 0.615385
vt 0.333333 0.615385
vt 0.555556 0.615385
vt 0.777778 0.615385
vt 1.000000 0.615385
vt 0.000000 0.692308
vt 0.111111 0.692308
vt 0.333333 0.692308
vt 0.555556 0.692308
vt 0.777778 0.692308
vt 1.000000 0.692308
vt 0.111111 0.846154
vt 0.000000 0.846154
vt 0.333333 0.846154
vt 0.555556 0.846154
vt 0.777778 0.846154
vt 1.000000 0.846154
vt 0.000000 0.923077
vt 0.111111 0.923077
vt 0.333333 0.923077
vt 0.555556 0.923077
vt 0.777778 0.923077
vt 1.000000 0.923077
vt 0.000000 1.000000
vt 0.111111 1.000000
vt 0.333333 1.000000
vt 0.555556 1.000000
vt 0.777778 1.000000
vt 1.000000 1.000000
vt 0.333333 0.153846
vt 0.333333 0.153846
vt 0.555556 0.153846
vt 0.555556 0.153846
vt 0.111111 0.153846
vt 0.111111 0.153846
vt 0.000000 0.153846
vt 0.000000 0.153846
vt 0.777778 0.153846
vt 0.777778 0.153846
vt 0.777778 0.153846
vt 0.777778 0.153846
vt 0.777778 0.153846
vt 0.777778 0.153846
vt 1.000000 0.153846
vt 1.000000 0.153846
vt 0.777778 0.307692
vt 0.777778 0.307692
vt 0.777778 0.461538
vt 0.777778 0.461538
vt 0.777778 0.615385
vt 0.777778 0.615385
vt 0.777778 0.692308
vt 0.777778 0.692308
vt 0.000000 0.846154
vt 0.000000 0.846154
vt 0.777778 0.846154
vt 0.777778 0.846154
vt 0.777778 0.846154
vt 0.555556 0.846154
vt 1.000000 0.923077
vt 1.000000 0.923077
vt 0.333333 0.846154
vt 0.333333 0.846154
vt 0.111111 0.846154
vt 0.111111 0.846154
vt 1.000000 1.000000
vt 1.000000 1.000000
vt 0.777778 1.000000
vt 0.777778 1.000000
vt 0.777778 0.923077
vt 0.777778 0.923077
vt 0.777778 0.923077
vt 0.777778 0.923077
vt 0.111111 0.076923
vt 0.111111 0.076923
vt 0.111111 0.000000
vt 0.333333 0.076923
vt 0.555556 0.000000
vt 0.777778 0.076923
vt 0.777778 0.076923
vt 0.777778 0.000000
vt 0.111111 0.076923
vt 0.111111 0.153846
vt 0.111111 0.076923
vt 0.555556 0.076923
vt 0.555556 0.076923
vt 0.777778 0.076923
vt 0.555556 0.153846
vt 0.555556 0.076923
vt 0.777778 0.076923
vt 1.000000 0.153846
vt 0.777778 0.076923
vt 0.000000 0.615385
vt 0.000000 0.615385
vt 0.111111 0.615385
vt 0.111111 0.692308
vt 0.000000 0.692308
vt 0.111111 0.692308
vt 0.000000 0.692308
vt 0.111111 0.692308
vt 0.111111 0.692308
vt 0.111111 0.846154
vt 0.333333 0.846154
vt 0.111111 0.923077
vt 0.111111 0.846154
vt 0.333333 0.846154
vt 0.555556 0.846154
vt 0.333333 0.923077
vt 0.333333 0.846154
vt 0.555556 0.846154
vt 0.777778 0.846154
vt 0.555556 0.846154
vt 0.111111 0.923077
vt 0.111111 1.000000
vt 0.111111 0.923077
vt 0.555556 0.923077
vt 0.555556 0.923077
vt 0.777778 0.923077
vt 0.555556 0.923077
vt 0.777778 0.923077
vt 0.111111 0.076923
vt 0.111111 0.000000
vt 0.111111 0.076923
vt 0.333333 0.076923
vt 0.555556 0.000000
vt 0.555556 0.000000
vt 0.555556 0.076923
vt 0.777778 0.000000
vt 0.777778 0.076923
vt 0.777778 0.000000
vt 0.777778 0.076923
vt 0.111111 0.076923
vt 0.111111 0.153846
vt 0.111111 0.076923
vt 0.555556 0.076923
vt 0.777778 0.076923
vt 0.555556 0.076923
vt 0.555556 0.153846
vt 0.555556 0.076923
vt 0.777778 0.076923
vt 1.000000 0.153846
vt 0.777778 0.076923
vt 0.111111 0.307692
vt 0.000000 0.153846
vt 0.111111 0.307692
vt 0.111111 0.461538
vt 0.111111 0.461538
vt 0.111111 0.615385
vt 0.111111 0.461538
vt 0.000000 0.615385
vt 0.111111 0.615385
vt 0.000000 0.615385
vt 0.111111 0.615385
vt 0.111111 0.692308
vt 0.111111 0.615385
vt 0.111111 0.692308
vt 0.000000 0.692308
vt 0.000000 0.692308
vt 0.111111 0.692308
vt 0.111111 0.692308
vt 0.333333 0.846154
vt 0.111111 0.846154
vt 0.111111 0.923077
vt 0.333333 0.923077
vt 0.111111 0.846154
vt 0.555556 0.846154
vt 0.333333 0.846154
vt 0.333333 0.846154
vt 0.777778 0.846154
vt 0.555556 0.846154
vt 0.555556 0.846154
vt 0.111111 0.923077
vt 0.111111 1.000000
vt 0.111111 0.923077
vt 0.777778 0.923077
vn -0.999827 0.016888 -0.007811
vn -0.998548 0.050568 0.018576
vn -0.981389 -0.183495 -0.056623
vn -0.974609 -0.184451 -0.126945
vn -0.998038 0.003143 -0.062533
vn -0.999377 0.028336 0.021063
vn -0.951722 0.222434 0.211537
vn -0.987703 0.142058 0.065285
vn -0.996566 -0.055114 -0.061789
vn -0.826280 0.044973 0.561462
vn -0.921143 -0.077439 0.381443
vn -0.503479 0.050583 0.862525
vn -0.522537 0.802329 0.288485
vn -0.362799 0.838230 0.407120
vn -0.628303 0.733816 0.258358
vn -0.627358 0.752568 0.200160
vn -0.482467 0.612563 0.626093
vn -0.036569 0.132312 0.990533
vn 0.226728 0.888263 0.399479
vn 0.183218 0.811994 0.554164
vn 0.227510 0.938457 0.259880
vn 0.167521 0.969096 0.181080
vn 0.096217 0.693144 0.714349
vn 0.063164 0.147350 0.987066
vn 0.052829 0.858644 0.509843
vn 0.029477 0.733940 0.678575
vn 0.073209 0.965102 0.251434
vn 0.045528 0.994100 0.098455
vn 0.005071 0.732381 0.680876
vn -0.025072 0.100762 0.994595
vn -0.204197 0.848600 0.488039
vn -0.135806 0.791285 0.596175
vn -0.186434 0.951032 0.246536
vn -0.121853 0.986856 0.106147
vn -0.087949 0.751335 0.654034
vn -0.120088 0.119645 0.985527
vn -0.295616 0.864746 0.405987
vn -0.213671 0.873657 0.437113
vn -0.292027 0.915195 0.277738
vn -0.174793 0.969946 0.169267
vn -0.038369 0.751430 0.658696
vn -0.029036 0.192698 0.980829
vn 0.592572 0.765352 0.251188
vn 0.421305 0.870062 0.255917
vn 0.606680 0.758397 0.238271
vn 0.509830 0.826634 0.238222
vn 0.433430 0.640225 0.634232
vn 0.058722 0.136990 0.988830
vn 0.999481 0.009747 -0.030702
vn 0.995785 0.074422 -0.053604
vn 0.998409 -0.038185 -0.041494
vn 0.992972 0.118212 -0.005617
vn 0.820546 0.128984 0.556837
vn 0.698298 -0.001154 0.715807
vn 0.995751 -0.083387 -0.039068
vn 0.999752 0.020648 0.008326
vn 0.992686 -0.093974 -0.075784
vn 0.997624 -0.023650 -0.064711
vn 0.943914 -0.071617 0.322331
vn 0.990677 -0.116975 0.069823
vn 0.998548 -0.050568 -0.018576
vn 0.999827 -0.016889 0.007811
vn 0.981389 0.183495 0.056623
vn 0.974609 0.184451 0.126945
vn 0.999377 -0.028336 -0.021063
vn 0.998038 -0.003143 0.062533
vn 0.987703 -0.142058 -0.065285
vn 0.951722 -0.222434 -0.211537
vn 0.826280 -0.044973 -0.561462
vn 0.996566 0.055114 0.061789
vn 0.503479 -0.050583 -0.862525
vn 0.921143 0.077439 -0.381443
vn 0.362800 -0.838230 -0.407119
vn 0.522536 -0.802329 -0.288485
vn 0.628303 -0.733816 -0.258358
vn 0.627358 -0.752568 -0.200160
vn 0.482467 -0.612563 -0.626093
vn 0.036569 -0.132312 -0.990533
vn -0.226728 -0.888263 -0.399479
vn -0.183218 -0.811994 -0.554163
vn -0.227510 -0.938457 -0.259880
vn -0.167521 -0.969096 -0.181080
vn -0.096216 -0.693143 -0.714349
vn -0.063164 -0.147350 -0.987066
vn -0.052829 -0.858644 -0.509843
vn -0.029477 -0.733940 -0.678575
vn -0.073209 -0.965102 -0.251434
vn -0.045528 -0.994100 -0.098455
vn -0.005071 -0.732381 -0.680876
vn 0.025072 -0.100762 -0.994595
vn 0.204197 -0.848600 -0.488039
vn 0.135806 -0.791285 -0.596175
vn 0.186434 -0.951032 -0.246536
vn 0.121853 -0.986856 -0.106147
vn 0.087949 -0.751335 -0.654034
vn 0.120087 -0.119645 -0.985527
vn 0.213671 -0.873657 -0.437113
vn 0.295616 -0.864746 -0.405987
vn 0.292027 -0.915195 -0.277738
vn 0.174793 -0.969946 -0.169268
vn 0.038369 -0.751430 -0.658696
vn 0.029036 -0.192697 -0.980829
vn -0.592572 -0.765352 -0.251188
vn -0.421305 -0.870062 -0.255917
vn -0.606680 -0.758397 -0.238271
vn -0.509830 -0.826634 -0.238222
vn -0.433430 -0.640225 -0.634232
vn -0.058722 -0.136990 -0.988830
vn -0.995785 -0.074422 0.053604
vn -0.999481 -0.009747 0.030702
vn -0.998409 0.038186 0.041494
vn -0.992972 -0.118212 0.005617
vn -0.820546 -0.128984 -0.556836
vn -0.698298 0.001154 -0.715807
vn -0.999752 -0.020648 -0.008326
vn -0.995751 0.083387 0.039068
vn -0.992686 0.093975 0.075784
vn -0.997624 0.023650 0.064711
vn -0.943915 0.071617 -0.322330
vn -0.990677 0.116976 -0.069823
vn -0.628303 0.733816 0.258358
vn 0.628303 -0.733816 -0.258358
vn -0.627358 0.752568 0.200160
vn 0.627358 -0.752568 -0.200160
vn -0.522537 0.802329 0.288485
vn 0.522536 -0.802329 -0.288485
vn -0.362799 0.838230 0.407120
vn 0.362800 -0.838230 -0.407119
vn -0.482467 0.612563 0.626093
vn 0.482467 -0.612563 -0.626093
vn -0.482467 0.612563 0.626093
vn -0.482467 0.612563 0.626093
vn 0.482467 -0.612563 -0.626093
vn 0.482467 -0.612563 -0.626093
vn -0.036569 0.132312 0.990533
vn 0.036569 -0.132312 -0.990533
vn 0.096217 0.693144 0.714349
vn -0.096216 -0.693143 -0.714349
vn 0.005071 0.732381 0.680876
vn -0.005071 -0.732381 -0.680876
vn -0.087949 0.751335 0.654034
vn 0.087949 -0.751335 -0.654034
vn -0.038369 0.751430 0.658696
vn 0.038369 -0.751430 -0.658696
vn 0.421305 0.870062 0.255917
vn -0.421305 -0.870062 -0.255917
vn 0.433430 0.640225 0.634232
vn -0.433430 -0.640225 -0.634232
vn -0.433430 -0.640225 -0.634232
vn -0.509830 -0.826634 -0.238222
vn 0.698298 -0.001154 0.715807
vn -0.698298 0.001154 -0.715807
vn 0.606680 0.758397 0.238271
vn -0.606680 -0.758397 -0.238271
vn 0.592572 0.765352 0.251188
vn -0.592572 -0.765352 -0.251188
vn 0.990677 -0.116975 0.069823
vn -0.990677 0.116976 -0.069823
vn -0.943915 0.071617 -0.322330
vn 0.943914 -0.071617 0.322331
vn 0.820546 0.128984 0.556837
vn 0.820546 0.128984 0.556837
vn -0.820546 -0.128984 -0.556836
vn -0.820546 -0.128984 -0.556836
vn -0.999827 0.016888 -0.007811
vn -0.999827 0.016888 -0.007811
vn -0.974609 -0.184451 -0.126945
vn -0.999377 0.028336 0.021063
vn -0.951722 0.222434 0.211537
vn -0.826280 0.044973 0.561462
vn -0.826280 0.044973 0.561462
vn -0.996566 -0.055114 -0.061789
vn -0.999827 0.016888 -0.007811
vn -0.522537 0.802329 0.288485
vn -0.999827 0.016888 -0.007811
vn -0.987703 0.142058 0.065285
vn -0.987703 0.142058 0.065285
vn -0.826280 0.044973 0.561462
vn -0.627358 0.752568 0.200160
vn -0.987703 0.142058 0.065285
vn -0.826280 0.044973 0.561462
vn -0.036569 0.132312 0.990533
vn -0.826280 0.044973 0.561462
vn -0.135806 0.791285 0.596175
vn -0.135806 0.791285 0.596175
vn -0.204197 0.848600 0.488039
vn -0.295616 0.864746 0.405987
vn -0.213671 0.873657 0.437113
vn -0.295616 0.864746 0.405987
vn -0.213671 0.873657 0.437113
vn -0.295616 0.864746 0.405987
vn -0.295616 0.864746 0.405987
vn 0.592572 0.765352 0.251188
vn 0.606680 0.758397 0.238271
vn 0.999481 0.009747 -0.030702
vn 0.592572 0.765352 0.251188
vn 0.606680 0.758397 0.238271
vn 0.509830 0.826634 0.238222
vn 0.998409 -0.038185 -0.041494
vn 0.606680 0.758397 0.238271
vn 0.509830 0.826634 0.238222
vn 0.433430 0.640225 0.634232
vn 0.509830 0.826634 0.238222
vn 0.999481 0.009747 -0.030702
vn 0.995751 -0.083387 -0.039068
vn 0.999481 0.009747 -0.030702
vn 0.992972 0.118212 -0.005617
vn 0.992972 0.118212 -0.005617
vn 0.820546 0.128984 0.556837
vn 0.992972 0.118212 -0.005617
vn 0.820546 0.128984 0.556837
vn 0.999827 -0.016889 0.007811
vn 0.974609 0.184451 0.126945
vn 0.999827 -0.016889 0.007811
vn 0.999377 -0.028336 -0.021063
vn 0.951722 -0.222434 -0.211537
vn 0.951722 -0.222434 -0.211537
vn 0.987703 -0.142058 -0.065285
vn 0.996566 0.055114 0.061789
vn 0.826280 -0.044973 -0.561462
vn 0.996566 0.055114 0.061789
vn 0.826280 -0.044973 -0.561462
vn 0.999827 -0.016889 0.007811
vn 0.522536 -0.802329 -0.288485
vn 0.999827 -0.016889 0.007811
vn 0.987703 -0.142058 -0.065285
vn 0.826280 -0.044973 -0.561462
vn 0.987703 -0.142058 -0.065285
vn 0.627358 -0.752568 -0.200160
vn 0.987703 -0.142058 -0.065285
vn 0.826280 -0.044973 -0.561462
vn 0.036569 -0.132312 -0.990533
vn 0.826280 -0.044973 -0.561462
vn -0.226728 -0.888263 -0.399479
vn 0.362800 -0.838230 -0.407119
vn -0.226728 -0.888263 -0.399479
vn -0.052829 -0.858644 -0.509843
vn -0.052829 -0.858644 -0.509843
vn 0.204197 -0.848600 -0.488039
vn -0.052829 -0.858644 -0.509843
vn 0.135806 -0.791285 -0.596175
vn 0.204197 -0.848600 -0.488039
vn 0.135806 -0.791285 -0.596175
vn 0.204197 -0.848600 -0.488039
vn 0.295616 -0.864746 -0.405987
vn 0.204197 -0.848600 -0.488039
vn 0.295616 -0.864746 -0.405987
vn 0.213671 -0.873657 -0.437113
vn 0.213671 -0.873657 -0.437113
vn 0.295616 -0.864746 -0.405987
vn 0.295616 -0.864746 -0.405987
vn -0.606680 -0.758397 -0.238271
vn -0.592572 -0.765352 -0.251188
vn -0.999481 -0.009747 0.030702
vn -0.998409 0.038186 0.041494
vn -0.592572 -0.765352 -0.251188
vn -0.509830 -0.826634 -0.238222
vn -0.606680 -0.758397 -0.238271
vn -0.606680 -0.758397 -0.238271
vn -0.433430 -0.640225 -0.634232
vn -0.509830 -0.826634 -0.238222
vn -0.509830 -0.826634 -0.238222
vn -0.999481 -0.009747 0.030702
vn -0.995751 0.083387 0.039068
vn -0.999481 -0.009747 0.030702
vn -0.820546 -0.128984 -0.556836
f 315/315/315 314/314/314 313/313/313
f 313/313/313 316/316/316 315/315/315
f 477/477/477 318/318/318 317/317/317
f 317/317/317 479/479/479 478/478/478
f 480/480/480 320/320/320 319/319/319
f 481/481/481 317/317/317 318/318/318
f 320/320/320 322/322/322 321/321/321
f 321/321/321 319/319/319 320/320/320
f 482/482/482 324/324/324 323/323/323
f 323/323/323 484/484/484 483/483/483
f 314/314/314 326/326/326 325/325/325
f 325/325/325 313/313/313 314/314/314
f 327/327/327 318/318/318 485/485/485
f 487/487/487 486/486/486 327/327/327
f 328/328/328 488/488/488 318/318/318
f 318/318/318 327/327/327 328/328/328
f 329/329/329 490/490/490 489/489/489
f 492/492/492 491/491/491 329/329/329
f 330/330/330 324/324/324 493/493/493
f 495/495/495 441/441/441 494/494/494
f 331/331/331 437/437/437 439/439/439
f 439/439/439 332/332/332 331/331/331
f 333/333/333 433/433/433 437/437/437
f 437/437/437 331/331/331 333/333/333
f 334/334/334 435/435/435 433/433/433
f 433/433/433 333/333/333 334/334/334
f 335/335/335 443/443/443 435/435/435
f 435/435/435 334/334/334 335/335/335
f 336/336/336 447/447/447 444/444/444
f 444/444/444 449/449/449 336/336/336
f 337/337/337 331/331/331 332/332/332
f 332/332/332 338/338/338 337/337/337
f 339/339/339 333/333/333 331/331/331
f 331/331/331 337/337/337 339/339/339
f 340/340/340 334/334/334 333/333/333
f 333/333/333 339/339/339 340/340/340
f 341/341/341 335/335/335 334/334/334
f 334/334/334 340/340/340 341/341/341
f 342/342/342 336/336/336 449/449/449
f 449/449/449 451/451/451 342/342/342
f 343/343/343 337/337/337 338/338/338
f 338/338/338 344/344/344 343/343/343
f 345/345/345 339/339/339 337/337/337
f 337/337/337 343/343/343 345/345/345
f 346/346/346 340/340/340 339/339/339
f 339/339/339 345/345/345 346/346/346
f 347/347/347 341/341/341 340/340/340
f 340/340/340 346/346/346 347/347/347
f 348/348/348 342/342/342 451/451/451
f 451/451/451 453/453/453 348/348/348
f 496/496/496 350/350/350 349/349/349
f 349/349/349 498/498/498 497/497/497
f 351/351/351 345/345/345 343/343/343
f 343/343/343 499/499/499 351/351/351
f 352/352/352 346/346/346 345/345/345
f 345/345/345 351/351/351 352/352/352
f 353/353/353 347/347/347 346/346/346
f 346/346/346 352/352/352 353/353/353
f 354/354/354 348/348/348 453/453/453
f 453/453/453 455/455/455 354/354/354
f 355/355/355 501/501/501 500/500/500
f 502/502/502 356/356/356 355/355/355
f 357/357/357 351/351/351 503/503/503
f 504/504/504 355/355/355 357/357/357
f 358/358/358 352/352/352 351/351/351
f 351/351/351 465/465/465 358/358/358
f 359/359/359 353/353/353 352/352/352
f 352/352/352 358/358/358 359/359/359
f 360/360/360 354/354/354 455/455/455
f 455/455/455 459/459/459 360/360/360
f 457/457/457 362/362/362 361/361/361
f 361/361/361 467/467/467 457/457/457
f 363/363/363 506/506/506 505/505/505
f 508/508/508 507/507/507 363/363/363
f 364/364/364 510/510/510 509/509/509
f 512/512/512 511/511/511 364/364/364
f 365/365/365 514/514/514 513/513/513
f 515/515/515 364/364/364 365/365/365
f 366/366/366 360/360/360 459/459/459
f 459/459/459 473/473/473 366/366/366
f 362/362/362 368/368/368 367/367/367
f 367/367/367 361/361/361 362/362/362
f 369/369/369 363/363/363 516/516/516
f 518/518/518 517/517/517 369/369/369
f 370/370/370 519/519/519 363/363/363
f 363/363/363 369/369/369 370/370/370
f 371/371/371 521/521/521 520/520/520
f 522/522/522 370/370/370 371/371/371
f 372/372/372 463/463/463 474/474/474
f 523/523/523 472/472/472 469/469/469
f 375/375/375 374/374/374 373/373/373
f 374/374/374 375/375/375 376/376/376
f 524/524/524 378/378/378 377/377/377
f 378/378/378 526/526/526 525/525/525
f 527/527/527 380/380/380 379/379/379
f 528/528/528 377/377/377 378/378/378
f 379/379/379 382/382/382 381/381/381
f 531/531/531 530/530/530 529/529/529
f 532/532/532 384/384/384 383/383/383
f 384/384/384 534/534/534 533/533/533
f 373/373/373 386/386/386 385/385/385
f 386/386/386 373/373/373 374/374/374
f 387/387/387 535/535/535 377/377/377
f 537/537/537 387/387/387 536/536/536
f 388/388/388 377/377/377 538/538/538
f 377/377/377 388/388/388 387/387/387
f 389/389/389 540/540/540 539/539/539
f 542/542/542 389/389/389 541/541/541
f 390/390/390 543/543/543 383/383/383
f 545/545/545 544/544/544 442/442/442
f 391/391/391 440/440/440 438/438/438
f 547/547/547 546/546/546 392/392/392
f 393/393/393 438/438/438 434/434/434
f 438/438/438 393/393/393 391/391/391
f 394/394/394 434/434/434 436/436/436
f 434/434/434 394/394/394 393/393/393
f 395/395/395 436/436/436 445/445/445
f 436/436/436 395/395/395 394/394/394
f 396/396/396 446/446/446 448/448/448
f 446/446/446 396/396/396 450/450/450
f 397/397/397 392/392/392 548/548/548
f 392/392/392 397/397/397 398/398/398
f 399/399/399 391/391/391 393/393/393
f 391/391/391 399/399/399 549/549/549
f 400/400/400 393/393/393 394/394/394
f 393/393/393 400/400/400 399/399/399
f 401/401/401 394/394/394 395/395/395
f 394/394/394 401/401/401 400/400/400
f 402/402/402 450/450/450 396/396/396
f 450/450/450 402/402/402 452/452/452
f 403/403/403 398/398/398 397/397/397
f 398/398/398 403/403/403 404/404/404
f 405/405/405 550/550/550 399/399/399
f 552/552/552 405/405/405 551/551/551
f 406/406/406 399/399/399 400/400/400
f 399/399/399 406/406/406 405/405/405
f 407/407/407 400/400/400 401/401/401
f 400/400/400 407/407/407 406/406/406
f 408/408/408 452/452/452 402/402/402
f 452/452/452 408/408/408 454/454/454
f 553/553/553 410/410/410 409/409/409
f 410/410/410 555/555/555 554/554/554
f 411/411/411 556/556/556 405/405/405
f 558/558/558 411/411/411 557/557/557
f 412/412/412 405/405/405 406/406/406
f 405/405/405 412/412/412 411/411/411
f 413/413/413 406/406/406 407/407/407
f 406/406/406 413/413/413 412/412/412
f 414/414/414 454/454/454 408/408/408
f 454/454/454 414/414/414 456/456/456
f 415/415/415 560/560/560 559/559/559
f 561/561/561 415/415/415 416/416/416
f 417/417/417 562/562/562 411/411/411
f 563/563/563 417/417/417 415/415/415
f 462/462/462 411/411/411 412/412/412
f 411/411/411 462/462/462 466/466/466
f 461/461/461 412/412/412 413/413/413
f 412/412/412 419/419/419 418/418/418
f 420/420/420 456/456/456 414/414/414
f 456/456/456 420/420/420 460/460/460
f 458/458/458 422/422/422 421/421/421
f 422/422/422 458/458/458 468/468/468
f 423/423/423 565/565/565 564/564/564
f 568/568/568 567/567/567 566/566/566
f 424/424/424 570/570/570 569/569/569
f 571/571/571 424/424/424 423/423/423
f 425/425/425 573/573/573 572/572/572
f 574/574/574 425/425/425 424/424/424
f 426/426/426 460/460/460 420/420/420
f 460/460/460 426/426/426 475/475/475
f 421/421/421 428/428/428 427/427/427
f 428/428/428 421/421/421 422/422/422
f 429/429/429 575/575/575 423/423/423
f 577/577/577 429/429/429 576/576/576
f 430/430/430 423/423/423 424/424/424
f 423/423/423 430/430/430 429/429/429
f 431/431/431 424/424/424 425/425/425
f 424/424/424 431/431/431 430/430/430
f 432/432/432 476/476/476 464/464/464
f 578/578/578 470/470/470 471/471/471
o G3_Myrtana_House_Hut_02_2
usemtl G3_Architecture_Wood_04_A
v -4.352334 -0.062635 -4.162800
v -4.240146 -0.064498 -4.162488
v -4.197549 3.407383 -4.167561
v -4.309795 3.409242 -4.163113
v -4.127187 3.406262 -4.437566
v -4.170381 -0.065615 -4.433528
v -4.378818 -0.062161 -4.439504
v -4.339229 3.409779 -4.437322
v -4.352334 -0.062635 -4.162800
v -4.309795 3.409242 -4.163113
v -4.339229 3.409779 -4.437322
v -4.378818 -0.062161 -4.439504
v -4.240146 -0.064498 -4.162488
v -4.170381 -0.065615 -4.433528
v -4.127187 3.406262 -4.437566
v -4.197549 3.407383 -4.167561
v -4.352334 -0.062635 -4.162800
v -4.378818 -0.062161 -4.439504
v -4.170381 -0.065615 -4.433528
v -4.240146 -0.064498 -4.162488
v -4.166094 -0.087256 -4.151584
v -4.281787 -0.087256 -4.151589
v -4.280400 3.397344 -4.153352
v -4.163809 3.397344 -4.152878
v -4.283955 3.397344 -3.878806
v -4.291201 -0.087256 -3.884260
v -4.077959 -0.087256 -3.886423
v -4.069512 3.397344 -3.887864
v -4.166094 -0.087256 -4.151584
v -4.163809 3.397344 -4.152878
v -4.069512 3.397344 -3.887864
v -4.077959 -0.087256 -3.886423
v -4.281787 -0.087256 -4.151589
v -4.291201 -0.087256 -3.884260
v -4.283955 3.397344 -3.878806
v -4.280400 3.397344 -4.153352
v -4.166094 -0.087256 -4.151584
v -4.077959 -0.087256 -3.886423
v -4.291201 -0.087256 -3.884260
v -4.281787 -0.087256 -4.151589
v -4.157646 -0.087969 -3.864612
v -4.269844 -0.088288 -3.864158
v -4.289385 3.370310 -3.861658
v -4.177793 3.370630 -3.867781
v -4.325264 3.370121 -3.564207
v -4.305068 -0.088478 -3.561140
v -4.095889 -0.087888 -3.566917
v -4.113320 3.370721 -3.566101
v -4.157646 -0.087969 -3.864612
v -4.177793 3.370630 -3.867781
v -4.113320 3.370721 -3.566101
v -4.095889 -0.087888 -3.566917
v -4.269844 -0.088288 -3.864158
v -4.305068 -0.088478 -3.561140
v -4.325264 3.370121 -3.564207
v -4.289385 3.370310 -3.861658
v -4.157646 -0.087969 -3.864612
v -4.095889 -0.087888 -3.566917
v -4.305068 -0.088478 -3.561140
v -4.269844 -0.088288 -3.864158
v -4.094971 -0.071434 -3.546985
v -4.207168 -0.073296 -3.546868
v -4.248320 3.407383 -3.542473
v -4.136338 3.409242 -3.546399
v -4.304033 3.406262 -3.326179
v -4.262236 -0.074413 -3.329749
v -4.053506 -0.070959 -3.325647
v -4.092041 3.409779 -3.327063
v -4.094971 -0.071434 -3.546985
v -4.136338 3.409242 -3.546399
v -4.092041 3.409779 -3.327063
v -4.053506 -0.070959 -3.325647
v -4.207168 -0.073296 -3.546868
v -4.262236 -0.074413 -3.329749
v -4.304033 3.406262 -3.326179
v -4.248320 3.407383 -3.542473
v -4.094971 -0.071434 -3.546985
v -4.053506 -0.070959 -3.325647
v -4.262236 -0.074413 -3.329749
v -4.207168 -0.073296 -3.546868
v -4.289365 -0.092382 -2.093313
v -4.177178 -0.092717 -2.093767
v -4.157646 3.531487 -2.096265
v -4.269238 3.531823 -2.090144
v -4.121758 3.531289 -2.393716
v -4.141953 -0.092916 -2.396782
v -4.351123 -0.092297 -2.391008
v -4.333701 3.531918 -2.391824
v -4.289365 -0.092382 -2.093313
v -4.269238 3.531823 -2.090144
v -4.333701 3.531918 -2.391824
v -4.351123 -0.092297 -2.391008
v -4.177178 -0.092717 -2.093767
v -4.141953 -0.092916 -2.396782
v -4.121758 3.531289 -2.393716
v -4.157646 3.531487 -2.096265
v -4.289365 -0.092382 -2.093313
v -4.351123 -0.092297 -2.391008
v -4.141953 -0.092916 -2.396782
v -4.177178 -0.092717 -2.093767
v -4.269893 -0.082377 -1.804592
v -4.157695 -0.084371 -1.804280
v -4.197549 3.580874 -1.809353
v -4.309795 3.582863 -1.804905
v -4.127187 3.579674 -2.079358
v -4.087939 -0.085567 -2.075320
v -4.296377 -0.081870 -2.081296
v -4.339229 3.583439 -2.079114
v -4.269893 -0.082377 -1.804592
v -4.309795 3.582863 -1.804905
v -4.339229 3.583439 -2.079114
v -4.296377 -0.081870 -2.081296
v -4.157695 -0.084371 -1.804280
v -4.087939 -0.085567 -2.075320
v -4.127187 3.579674 -2.079358
v -4.197549 3.580874 -1.809353
v -4.269893 -0.082377 -1.804592
v -4.296377 -0.081870 -2.081296
v -4.087939 -0.085567 -2.075320
v -4.157695 -0.084371 -1.804280
v -4.166094 -0.054918 -1.793376
v -4.281787 -0.054918 -1.793381
v -4.280400 3.560093 -1.795144
v -4.163809 3.560093 -1.794670
v -4.283955 3.560093 -1.520598
v -4.291201 -0.054918 -1.526052
v -4.077959 -0.054918 -1.528215
v -4.069512 3.560093 -1.529656
v -4.166094 -0.054918 -1.793376
v -4.163809 3.560093 -1.794670
v -4.069512 3.560093 -1.529656
v -4.077959 -0.054918 -1.528215
v -4.281787 -0.054918 -1.793381
v -4.291201 -0.054918 -1.526052
v -4.283955 3.560093 -1.520598
v -4.280400 3.560093 -1.795144
v -4.166094 -0.054918 -1.793376
v -4.077959 -0.054918 -1.528215
v -4.291201 -0.054918 -1.526052
v -4.281787 -0.054918 -1.793381
v -4.157646 -0.042358 -1.506404
v -4.269844 -0.042696 -1.505950
v -4.289385 3.615321 -1.503450
v -4.177793 3.615659 -1.509573
v -4.325264 3.615121 -1.205999
v -4.305068 -0.042897 -1.202932
v -4.095889 -0.042273 -1.208708
v -4.113320 3.615756 -1.207893
v -4.157646 -0.042358 -1.506404
v -4.177793 3.615659 -1.509573
v -4.113320 3.615756 -1.207893
v -4.095889 -0.042273 -1.208708
v -4.269844 -0.042696 -1.505950
v -4.305068 -0.042897 -1.202932
v -4.325264 3.615121 -1.205999
v -4.289385 3.615321 -1.503450
v -4.157646 -0.042358 -1.506404
v -4.095889 -0.042273 -1.208708
v -4.305068 -0.042897 -1.202932
v -4.269844 -0.042696 -1.505950
v -4.094971 -0.071388 -1.188777
v -4.207168 -0.073295 -1.188660
v -4.248320 3.490412 -1.184265
v -4.136338 3.492315 -1.188191
v -4.304033 3.489265 -0.967971
v -4.262236 -0.074439 -0.971541
v -4.053506 -0.070903 -0.967439
v -4.092041 3.492866 -0.968855
v -4.094971 -0.071388 -1.188777
v -4.136338 3.492315 -1.188191
v -4.092041 3.492866 -0.968855
v -4.053506 -0.070903 -0.967439
v -4.207168 -0.073295 -1.188660
v -4.262236 -0.074439 -0.971541
v -4.304033 3.489265 -0.967971
v -4.248320 3.490412 -1.184265
v -4.094971 -0.071388 -1.188777
v -4.053506 -0.070903 -0.967439
v -4.262236 -0.074439 -0.971541
v -4.207168 -0.073295 -1.188660
v -4.360684 -0.090696 -0.748306
v -4.245254 -0.090736 -0.746545
v -4.247070 3.545526 -0.662314
v -4.363281 3.545575 -0.664475
v -4.176025 3.550659 -0.887761
v -4.170127 -0.085739 -0.965974
v -4.383418 -0.085706 -0.967437
v -4.392207 3.550564 -0.883579
v -4.360684 -0.090696 -0.748306
v -4.363281 3.545575 -0.664475
v -4.392207 3.550564 -0.883579
v -4.383418 -0.085706 -0.967437
v -4.245254 -0.090736 -0.746545
v -4.170127 -0.085739 -0.965974
v -4.176025 3.550659 -0.887761
v -4.247070 3.545526 -0.662314
v -4.360684 -0.090696 -0.748306
v -4.383418 -0.085706 -0.967437
v -4.170127 -0.085739 -0.965974
v -4.245254 -0.090736 -0.746545
v -4.218242 -0.048554 -0.407841
v -4.106064 -0.050502 -0.407977
v -4.169883 3.572508 -0.413212
v -4.281855 3.574455 -0.408539
v -4.114160 3.571333 -0.671028
v -4.050986 -0.051677 -0.666775
v -4.259717 -0.048054 -0.671663
v -4.326162 3.575018 -0.669973
v -4.218242 -0.048554 -0.407841
v -4.281855 3.574455 -0.408539
v -4.326162 3.575018 -0.669973
v -4.259717 -0.048054 -0.671663
v -4.106064 -0.050502 -0.407977
v -4.050986 -0.051677 -0.666775
v -4.114160 3.571333 -0.671028
v -4.169883 3.572508 -0.413212
v -4.218242 -0.048554 -0.407841
v -4.259717 -0.048054 -0.671663
v -4.050986 -0.051677 -0.666775
v -4.106064 -0.050502 -0.407977
v -4.134668 -0.133076 -0.271193
v -4.246865 -0.133048 -0.270819
v -4.258105 3.575547 -0.387792
v -4.146562 3.575215 -0.392262
v -4.299111 3.592095 -0.165109
v -4.279355 -0.116675 -0.050497
v -4.070137 -0.116395 -0.046718
v -4.087187 3.591989 -0.166534
v -4.134668 -0.133076 -0.271193
v -4.146562 3.575215 -0.392262
v -4.087187 3.591989 -0.166534
v -4.070137 -0.116395 -0.046718
v -4.246865 -0.133048 -0.270819
v -4.279355 -0.116675 -0.050497
v -4.299111 3.592095 -0.165109
v -4.258105 3.575547 -0.387792
v -4.134668 -0.133076 -0.271193
v -4.070137 -0.116395 -0.046718
v -4.279355 -0.116675 -0.050497
v -4.246865 -0.133048 -0.270819
v -4.289365 -0.056210 0.264894
v -4.177178 -0.056547 0.264440
v -4.132920 2.340005 0.237081
v -4.242002 2.360005 0.266862
v -4.095889 2.300005 -0.049584
v -4.141953 -0.056748 -0.038575
v -4.351123 -0.056124 -0.032802
v -4.275586 2.379516 -0.048666
v -4.289365 -0.056210 0.264894
v -4.242002 2.360005 0.266862
v -4.275586 2.379516 -0.048666
v -4.351123 -0.056124 -0.032802
v -4.177178 -0.056547 0.264440
v -4.141953 -0.056748 -0.038575
v -4.095889 2.300005 -0.049584
v -4.132920 2.340005 0.237081
v -4.289365 -0.056210 0.264894
v -4.351123 -0.056124 -0.032802
v -4.141953 -0.056748 -0.038575
v -4.177178 -0.056547 0.264440
v -4.095889 2.300005 -0.049584
v -4.275586 2.379516 -0.048666
v -4.242002 2.360005 0.266862
v -4.238906 -0.062423 0.552008
v -4.126709 -0.064418 0.552321
v -4.197549 3.655511 0.547247
v -4.309795 3.657502 0.551696
v -4.127187 3.654310 0.277242
v -4.056943 -0.065615 0.281281
v -4.265381 -0.061914 0.275304
v -4.339229 3.658078 0.277487
v -4.238906 -0.062423 0.552008
v -4.309795 3.657502 0.551696
v -4.339229 3.658078 0.277487
v -4.265381 -0.061914 0.275304
v -4.126709 -0.064418 0.552321
v -4.056943 -0.065615 0.281281
v -4.127187 3.654310 0.277242
v -4.197549 3.655511 0.547247
v -4.238906 -0.062423 0.552008
v -4.265381 -0.061914 0.275304
v -4.056943 -0.065615 0.281281
v -4.126709 -0.064418 0.552321
v -4.166094 -0.070899 0.563224
v -4.281787 -0.070899 0.563219
v -4.280400 3.632920 0.561456
v -4.163809 3.632920 0.561930
v -4.283955 3.632920 0.836002
v -4.291201 -0.070899 0.830548
v -4.077959 -0.070899 0.828385
v -4.069512 3.632920 0.826945
v -4.166094 -0.070899 0.563224
v -4.163809 3.632920 0.561930
v -4.069512 3.632920 0.826945
v -4.077959 -0.070899 0.828385
v -4.281787 -0.070899 0.563219
v -4.291201 -0.070899 0.830548
v -4.283955 3.632920 0.836002
v -4.280400 3.632920 0.561456
v -4.166094 -0.070899 0.563224
v -4.077959 -0.070899 0.828385
v -4.291201 -0.070899 0.830548
v -4.281787 -0.070899 0.563219
v -4.157646 -0.078877 0.850197
v -4.269844 -0.079223 0.850651
v -4.289385 3.664887 0.853151
v -4.177793 3.665234 0.847028
v -4.325264 3.664682 1.150602
v -4.305068 -0.079429 1.153668
v -4.095889 -0.078789 1.147892
v -4.113320 3.665333 1.148707
v -4.157646 -0.078877 0.850197
v -4.177793 3.665234 0.847028
v -4.113320 3.665333 1.148707
v -4.095889 -0.078789 1.147892
v -4.269844 -0.079223 0.850651
v -4.305068 -0.079429 1.153668
v -4.325264 3.664682 1.150602
v -4.289385 3.664887 0.853151
v -4.157646 -0.078877 0.850197
v -4.095889 -0.078789 1.147892
v -4.305068 -0.079429 1.153668
v -4.269844 -0.079223 0.850651
v -4.094971 -0.071247 1.167823
v -4.207168 -0.073294 1.167941
v -4.248320 3.752866 1.172335
v -4.136338 3.754909 1.168409
v -4.304033 3.751634 1.388629
v -4.262236 -0.074522 1.385061
v -4.053506 -0.070726 1.389163
v -4.092041 3.755500 1.387747
v -4.094971 -0.071247 1.167823
v -4.136338 3.754909 1.168409
v -4.092041 3.755500 1.387747
v -4.053506 -0.070726 1.389163
v -4.207168 -0.073294 1.167941
v -4.262236 -0.074522 1.385061
v -4.304033 3.751634 1.388629
v -4.248320 3.752866 1.172335
v -4.094971 -0.071247 1.167823
v -4.053506 -0.070726 1.389163
v -4.262236 -0.074522 1.385061
v -4.207168 -0.073294 1.167941
v -4.360684 -0.059081 1.785385
v -4.245254 -0.059081 1.788416
v -4.247070 3.779266 1.790879
v -4.363281 3.779266 1.787155
v -4.176025 3.779266 1.402771
v -4.170127 -0.059081 1.410667
v -4.383418 -0.059081 1.408146
v -4.392207 3.779266 1.409967
v -4.360684 -0.059081 1.785385
v -4.363281 3.779266 1.787155
v -4.392207 3.779266 1.409967
v -4.383418 -0.059081 1.408146
v -4.245254 -0.059081 1.788416
v -4.170127 -0.059081 1.410667
v -4.176025 3.779266 1.402771
v -4.247070 3.779266 1.790879
v -4.360684 -0.059081 1.785385
v -4.383418 -0.059081 1.408146
v -4.170127 -0.059081 1.410667
v -4.245254 -0.059081 1.788416
v -3.896387 -0.062341 1.807141
v -3.896055 -0.064386 1.720981
v -3.901484 3.747894 1.759885
v -3.896719 3.749935 1.846079
v -4.190684 3.746664 1.705850
v -4.186357 -0.065613 1.667405
v -4.192764 -0.061820 1.827476
v -4.190420 3.750526 1.868687
v -3.896387 -0.062341 1.807141
v -3.896719 3.749935 1.846079
v -4.190420 3.750526 1.868687
v -4.192764 -0.061820 1.827476
v -3.896055 -0.064386 1.720981
v -4.186357 -0.065613 1.667405
v -4.190684 3.746664 1.705850
v -3.901484 3.747894 1.759885
v -3.896387 -0.062341 1.807141
v -4.192764 -0.061820 1.827476
v -4.186357 -0.065613 1.667405
v -3.896055 -0.064386 1.720981
v -3.885166 -0.088307 1.700764
v -3.885176 -0.088307 1.789614
v -3.886934 3.799808 1.788545
v -3.886465 3.799808 1.699011
v -3.612393 3.799808 1.791277
v -3.617842 -0.088307 1.796843
v -3.620010 -0.088307 1.633083
v -3.621445 3.799808 1.626592
v -3.885166 -0.088307 1.700764
v -3.886465 3.799808 1.699011
v -3.621445 3.799808 1.626592
v -3.620010 -0.088307 1.633083
v -3.885176 -0.088307 1.789614
v -3.617842 -0.088307 1.796843
v -3.612393 3.799808 1.791277
v -3.886934 3.799808 1.788545
v -3.885166 -0.088307 1.700764
v -3.620010 -0.088307 1.633083
v -3.617842 -0.088307 1.796843
v -3.885176 -0.088307 1.789614
v -3.598193 -0.132351 1.695298
v -3.597744 -0.132718 1.781458
v -3.595244 3.834962 1.796467
v -3.601367 3.835329 1.710767
v -3.297793 3.834745 1.824019
v -3.294727 -0.132935 1.808511
v -3.300498 -0.132258 1.647871
v -3.299688 3.835434 1.661257
v -3.598193 -0.132351 1.695298
v -3.601367 3.835329 1.710767
v -3.299688 3.835434 1.661257
v -3.300498 -0.132258 1.647871
v -3.597744 -0.132718 1.781458
v -3.294727 -0.132935 1.808511
v -3.297793 3.834745 1.824019
v -3.595244 3.834962 1.796467
v -3.598193 -0.132351 1.695298
v -3.300498 -0.132258 1.647871
v -3.294727 -0.132935 1.808511
v -3.597744 -0.132718 1.781458
v -3.280566 -0.072002 1.647927
v -3.280449 -0.074047 1.734087
v -3.276055 3.747894 1.765691
v -3.279980 3.749935 1.679690
v -3.059766 3.746664 1.808477
v -3.063330 -0.075274 1.776379
v -3.059229 -0.071481 1.616084
v -3.060645 3.750526 1.645674
v -3.280566 -0.072002 1.647927
v -3.279980 3.749935 1.679690
v -3.060645 3.750526 1.645674
v -3.059229 -0.071481 1.616084
v -3.280449 -0.074047 1.734087
v -3.063330 -0.075274 1.776379
v -3.059766 3.746664 1.808477
v -3.276055 3.747894 1.765691
v -3.280566 -0.072002 1.647927
v -3.059229 -0.071481 1.616084
v -3.063330 -0.075274 1.776379
v -3.280449 -0.074047 1.734087
v -2.774053 -0.077367 1.848931
v -2.771914 -0.077367 1.760286
v -2.770176 3.740376 1.761682
v -2.772803 3.740376 1.850930
v -3.044033 3.740376 1.707119
v -3.038467 -0.077367 1.702595
v -3.040244 -0.077367 1.866389
v -3.038955 3.740376 1.873140
v -2.774053 -0.077367 1.848931
v -2.772803 3.740376 1.850930
v -3.038955 3.740376 1.873140
v -3.040244 -0.077367 1.866389
v -2.771914 -0.077367 1.760286
v -3.038467 -0.077367 1.702595
v -3.044033 3.740376 1.707119
v -2.770176 3.740376 1.761682
v -2.774053 -0.077367 1.848931
v -3.040244 -0.077367 1.866389
v -3.038467 -0.077367 1.702595
v -2.771914 -0.077367 1.760286
v -2.499629 -0.114615 1.780959
v -2.499766 -0.116729 1.694807
v -2.505000 3.815670 1.704441
v -2.500332 3.817784 1.790437
v -2.762822 3.814395 1.661648
v -2.758564 -0.118004 1.652507
v -2.763457 -0.114072 1.812805
v -2.761768 3.818395 1.824458
v -2.499629 -0.114615 1.780959
v -2.500332 3.817784 1.790437
v -2.761768 3.818395 1.824458
v -2.763457 -0.114072 1.812805
v -2.499766 -0.116729 1.694807
v -2.758564 -0.118004 1.652507
v -2.762822 3.814395 1.661648
v -2.505000 3.815670 1.704441
v -2.499629 -0.114615 1.780959
v -2.763457 -0.114072 1.812805
v -2.758564 -0.118004 1.652507
v -2.499766 -0.116729 1.694807
v -2.473867 -0.105451 1.678320
v -2.473301 -0.105451 1.764480
v -2.465801 3.795418 1.773115
v -2.472529 3.795418 1.687454
v -2.130654 3.795418 1.804602
v -2.141719 -0.105451 1.789431
v -2.136025 -0.105451 1.628757
v -2.132803 3.795418 1.641855
v -2.473867 -0.105451 1.678320
v -2.472529 3.795418 1.687454
v -2.132803 3.795418 1.641855
v -2.136025 -0.105451 1.628757
v -2.473301 -0.105451 1.764480
v -2.141719 -0.105451 1.789431
v -2.130654 3.795418 1.804602
v -2.465801 3.795418 1.773115
v -2.473867 -0.105451 1.678320
v -2.136025 -0.105451 1.628757
v -2.141719 -0.105451 1.789431
v -2.473301 -0.105451 1.764480
v -1.826895 -0.139082 1.796453
v -1.827354 -0.139446 1.710293
v -1.829854 3.801595 1.695293
v -1.823730 3.801959 1.780994
v -2.127305 3.801379 1.667734
v -2.130371 -0.139662 1.683242
v -2.124590 -0.138990 1.843879
v -2.125410 3.802063 1.830496
v -1.826895 -0.139082 1.796453
v -1.823730 3.801959 1.780994
v -2.125410 3.802063 1.830496
v -2.124590 -0.138990 1.843879
v -1.827354 -0.139446 1.710293
v -2.130371 -0.139662 1.683242
v -2.127305 3.801379 1.667734
v -1.829854 3.801595 1.695293
v -1.826895 -0.139082 1.796453
v -2.124590 -0.138990 1.843879
v -2.130371 -0.139662 1.683242
v -1.827354 -0.139446 1.710293
v 0.498955 -0.049418 1.796453
v 0.498506 -0.049771 1.710293
v 0.496006 3.759563 1.695293
v 0.502129 3.759915 1.780994
v 0.198555 3.759354 1.667734
v 0.195488 -0.049980 1.683242
v 0.201260 -0.049329 1.843879
v 0.200449 3.760016 1.830496
v 0.498955 -0.049418 1.796453
v 0.502129 3.759915 1.780994
v 0.200449 3.760016 1.830496
v 0.201260 -0.049329 1.843879
v 0.498506 -0.049771 1.710293
v 0.195488 -0.049980 1.683242
v 0.198555 3.759354 1.667734
v 0.496006 3.759563 1.695293
v 0.498955 -0.049418 1.796453
v 0.201260 -0.049329 1.843879
v 0.195488 -0.049980 1.683242
v 0.498506 -0.049771 1.710293
v 3.062832 -0.062331 1.777095
v 3.063145 -0.064384 1.690935
v 3.058066 3.763676 1.712344
v 3.062520 3.765726 1.798538
v 2.788066 3.762440 1.658311
v 2.792100 -0.065616 1.670518
v 2.752402 -0.061808 1.797429
v 2.788311 3.766318 1.821145
v 3.062832 -0.062331 1.777095
v 3.062520 3.765726 1.798538
v 2.788311 3.766318 1.821145
v 2.752402 -0.061808 1.797429
v 3.063145 -0.064384 1.690935
v 2.792100 -0.065616 1.670518
v 2.788066 3.762440 1.658311
v 3.058066 3.763676 1.712344
v 3.062832 -0.062331 1.777095
v 2.752402 -0.061808 1.797429
v 2.792100 -0.065616 1.670518
v 3.063145 -0.064384 1.690935
v 3.074043 -0.092111 1.684192
v 3.074043 -0.092111 1.773042
v 3.072275 3.749974 1.771973
v 3.072754 3.749974 1.682439
v 3.346826 3.749974 1.774705
v 3.341367 -0.092111 1.780271
v 3.339209 -0.092111 1.616511
v 3.337764 3.749974 1.610020
v 3.074043 -0.092111 1.684192
v 3.072754 3.749974 1.682439
v 3.337764 3.749974 1.610020
v 3.339209 -0.092111 1.616511
v 3.074043 -0.092111 1.773042
v 3.341367 -0.092111 1.780271
v 3.346826 3.749974 1.774705
v 3.072275 3.749974 1.771973
v 3.074043 -0.092111 1.684192
v 3.339209 -0.092111 1.616511
v 3.341367 -0.092111 1.780271
v 3.074043 -0.092111 1.773042
v 3.361016 -0.058936 1.678726
v 3.361475 -0.059289 1.764885
v 3.363975 3.754127 1.779895
v 3.357852 3.754480 1.694194
v 3.661426 3.753918 1.807446
v 3.664492 -0.059498 1.791938
v 3.658711 -0.058847 1.631299
v 3.659531 3.754580 1.644685
v 3.361016 -0.058936 1.678726
v 3.357852 3.754480 1.694194
v 3.659531 3.754580 1.644685
v 3.658711 -0.058847 1.631299
v 3.361475 -0.059289 1.764885
v 3.664492 -0.059498 1.791938
v 3.661426 3.753918 1.807446
v 3.363975 3.754127 1.779895
v 3.361016 -0.058936 1.678726
v 3.658711 -0.058847 1.631299
v 3.664492 -0.059498 1.791938
v 3.361475 -0.059289 1.764885
v 3.678643 -0.072032 1.631355
v 3.678760 -0.074085 1.717515
v 3.683154 3.763676 1.749119
v 3.679229 3.765726 1.663118
v 3.899453 3.762440 1.791904
v 3.895879 -0.075317 1.759807
v 3.899980 -0.071509 1.599512
v 3.898564 3.766318 1.629102
v 3.678643 -0.072032 1.631355
v 3.679229 3.765726 1.663118
v 3.898564 3.766318 1.629102
v 3.899980 -0.071509 1.599512
v 3.678760 -0.074085 1.717515
v 3.895879 -0.075317 1.759807
v 3.899453 3.762440 1.791904
v 3.683154 3.763676 1.749119
v 3.678643 -0.072032 1.631355
v 3.899980 -0.071509 1.599512
v 3.895879 -0.075317 1.759807
v 3.678760 -0.074085 1.717515
v 4.185156 -0.063361 1.832360
v 4.187295 -0.063361 1.743715
v 4.189033 3.770185 1.745111
v 4.186406 3.770185 1.834359
v 3.915176 3.770185 1.690547
v 3.920752 -0.063361 1.686023
v 3.918975 -0.063361 1.849817
v 3.920254 3.770185 1.856567
v 4.185156 -0.063361 1.832360
v 4.186406 3.770185 1.834359
v 3.920254 3.770185 1.856567
v 3.918975 -0.063361 1.849817
v 4.187295 -0.063361 1.743715
v 3.920752 -0.063361 1.686023
v 3.915176 3.770185 1.690547
v 4.189033 3.770185 1.745111
v 4.185156 -0.063361 1.832360
v 3.918975 -0.063361 1.849817
v 3.920752 -0.063361 1.686023
v 4.187295 -0.063361 1.743715
v 4.137588 -0.062633 1.484041
v 4.030762 -0.064668 1.483779
v 3.932178 3.729777 1.488013
v 4.039043 3.731808 1.484299
v 3.865176 3.728552 1.713420
v 3.964326 -0.065890 1.710049
v 4.162793 -0.062115 1.715040
v 4.067070 3.732396 1.713218
v 4.137588 -0.062633 1.484041
v 4.039043 3.731808 1.484299
v 4.067070 3.732396 1.713218
v 4.162793 -0.062115 1.715040
v 4.030762 -0.064668 1.483779
v 3.964326 -0.065890 1.710049
v 3.865176 3.728552 1.713420
v 3.932178 3.729777 1.488013
v 4.137588 -0.062633 1.484041
v 4.162793 -0.062115 1.715040
v 3.964326 -0.065890 1.710049
v 4.030762 -0.064668 1.483779
v 4.021436 -0.101259 1.472825
v 4.131602 -0.101259 1.472830
v 4.130283 3.718777 1.474592
v 4.019268 3.718777 1.474119
v 4.133662 3.718777 1.200048
v 4.140566 -0.101259 1.205502
v 3.937529 -0.101259 1.207665
v 3.929482 3.718777 1.209105
v 4.021436 -0.101259 1.472825
v 4.019268 3.718777 1.474119
v 3.929482 3.718777 1.209105
v 3.937529 -0.101259 1.207665
v 4.131602 -0.101259 1.472830
v 4.140566 -0.101259 1.205502
v 4.133662 3.718777 1.200048
v 4.130283 3.718777 1.474592
v 4.021436 -0.101259 1.472825
v 3.937529 -0.101259 1.207665
v 4.140566 -0.101259 1.205502
v 4.131602 -0.101259 1.472830
v 4.013613 -0.087062 1.185853
v 4.120439 -0.087413 1.185399
v 4.139043 3.119874 1.182899
v 4.032793 3.120224 1.189022
v 4.173203 3.119666 0.885448
v 4.153975 -0.087620 0.882382
v 3.954805 -0.086974 0.888158
v 3.971406 3.120324 0.887343
v 4.013613 -0.087062 1.185853
v 4.032793 3.120224 1.189022
v 3.971406 3.120324 0.887343
v 3.954805 -0.086974 0.888158
v 4.120439 -0.087413 1.185399
v 4.153975 -0.087620 0.882382
v 4.173203 3.119666 0.885448
v 4.139043 3.119874 1.182899
v 4.013613 -0.087062 1.185853
v 3.954805 -0.086974 0.888158
v 4.153975 -0.087620 0.882382
v 4.120439 -0.087413 1.185399
v 3.971406 3.120324 0.887343
v 4.032793 3.120224 1.189022
v 4.139043 3.119874 1.182899
v 4.173203 3.119666 0.885448
v 3.954092 -0.096252 0.868226
v 4.060918 -0.098261 0.868109
v 4.100098 3.655943 0.863715
v 3.993467 3.657948 0.867640
v 4.153145 3.654734 0.647421
v 4.113350 -0.099466 0.650990
v 3.914609 -0.095740 0.646887
v 3.951299 3.658528 0.648304
v 3.954092 -0.096252 0.868226
v 3.993467 3.657948 0.867640
v 3.951299 3.658528 0.648304
v 3.914609 -0.095740 0.646887
v 4.060918 -0.098261 0.868109
v 4.113350 -0.099466 0.650990
v 4.153145 3.654734 0.647421
v 4.100098 3.655943 0.863715
v 3.954092 -0.096252 0.868226
v 3.914609 -0.095740 0.646887
v 4.113350 -0.099466 0.650990
v 4.060918 -0.098261 0.868109
v 4.078838 -0.063821 0.361713
v 3.968926 -0.063821 0.359574
v 4.098281 3.667670 0.357836
v 4.208936 3.667670 0.360463
v 4.030635 3.667670 0.631693
v 3.897393 -0.063821 0.626121
v 4.100479 -0.063821 0.627899
v 4.236475 3.667670 0.626615
v 4.078838 -0.063821 0.361713
v 4.208936 3.667670 0.360463
v 4.236475 3.667670 0.626615
v 4.100479 -0.063821 0.627899
v 3.968926 -0.063821 0.359574
v 3.897393 -0.063821 0.626121
v 4.030635 3.667670 0.631693
v 4.098281 3.667670 0.357836
v 4.078838 -0.063821 0.361713
v 4.100479 -0.063821 0.627899
v 3.897393 -0.063821 0.626121
v 3.968926 -0.063821 0.359574
v 4.092969 -0.067032 0.087289
v 3.986152 -0.069007 0.087426
v 4.025205 3.604464 0.092660
v 4.131836 3.606439 0.087987
v 3.972148 3.603273 0.350477
v 3.933701 -0.070197 0.346224
v 4.132451 -0.066524 0.351112
v 4.174004 3.607010 0.349423
v 4.092969 -0.067032 0.087289
v 4.131836 3.606439 0.087987
v 4.174004 3.607010 0.349423
v 4.132451 -0.066524 0.351112
v 3.986152 -0.069007 0.087426
v 3.933701 -0.070197 0.346224
v 3.972148 3.603273 0.350477
v 4.025205 3.604464 0.092660
v 4.092969 -0.067032 0.087289
v 4.132451 -0.066524 0.351112
v 3.933701 -0.070197 0.346224
v 3.986152 -0.069007 0.087426
v 3.991875 -0.085608 0.061522
v 4.098701 -0.085608 0.060961
v 4.109404 3.596675 0.053456
v 4.003193 3.596675 0.060184
v 4.148447 3.596675 -0.281686
v 4.129629 -0.085608 -0.270626
v 3.930420 -0.085608 -0.276315
v 3.946660 3.596675 -0.279540
v 3.991875 -0.085608 0.061522
v 4.003193 3.596675 0.060184
v 3.946660 3.596675 -0.279540
v 3.930420 -0.085608 -0.276315
v 4.098701 -0.085608 0.060961
v 4.129629 -0.085608 -0.270626
v 4.148447 3.596675 -0.281686
v 4.109404 3.596675 0.053456
v 3.991875 -0.085608 0.061522
v 3.930420 -0.085608 -0.276315
v 4.129629 -0.085608 -0.270626
v 4.098701 -0.085608 0.060961
v 4.139033 -0.127659 -0.585447
v 4.032207 -0.128001 -0.584993
v 4.013604 3.573328 -0.582495
v 4.119863 3.573670 -0.588616
v 3.979434 3.573124 -0.285043
v 3.998662 -0.128204 -0.281976
v 4.197832 -0.127572 -0.287750
v 4.181240 3.573768 -0.286935
v 4.139033 -0.127659 -0.585447
v 4.119863 3.573670 -0.588616
v 4.181240 3.573768 -0.286935
v 4.197832 -0.127572 -0.287750
v 4.032207 -0.128001 -0.584993
v 3.998662 -0.128204 -0.281976
v 3.979434 3.573124 -0.285043
v 4.013604 3.573328 -0.582495
v 4.139033 -0.127659 -0.585447
v 4.197832 -0.127572 -0.287750
v 3.998662 -0.128204 -0.281976
v 4.032207 -0.128001 -0.584993
v 4.165176 -0.062636 -0.880452
v 4.058350 -0.064567 -0.880764
v 4.052217 3.536270 -0.875691
v 4.159082 3.538198 -0.880139
v 3.985225 3.535107 -0.605686
v 3.991924 -0.065726 -0.609724
v 4.190381 -0.062144 -0.603748
v 4.187119 3.538755 -0.605930
v 4.165176 -0.062636 -0.880452
v 4.159082 3.538198 -0.880139
v 4.187119 3.538755 -0.605930
v 4.190381 -0.062144 -0.603748
v 4.058350 -0.064567 -0.880764
v 3.991924 -0.065726 -0.609724
v 3.985225 3.535107 -0.605686
v 4.052217 3.536270 -0.875691
v 4.165176 -0.062636 -0.880452
v 4.190381 -0.062144 -0.603748
v 3.991924 -0.065726 -0.609724
v 4.058350 -0.064567 -0.880764
v 4.021436 -0.072098 -0.891667
v 4.131602 -0.072098 -0.891663
v 4.130283 3.536839 -0.889900
v 4.019268 3.536839 -0.890374
v 4.133662 3.536839 -1.164446
v 4.140566 -0.072098 -1.158992
v 3.937529 -0.072098 -1.156829
v 3.929482 3.536839 -1.155388
v 4.021436 -0.072098 -0.891667
v 4.019268 3.536839 -0.890374
v 3.929482 3.536839 -1.155388
v 3.937529 -0.072098 -1.156829
v 4.131602 -0.072098 -0.891663
v 4.140566 -0.072098 -1.158992
v 4.133662 3.536839 -1.164446
v 4.130283 3.536839 -0.889900
v 4.021436 -0.072098 -0.891667
v 3.937529 -0.072098 -1.156829
v 4.140566 -0.072098 -1.158992
v 4.131602 -0.072098 -0.891663
v 4.013613 -0.113507 -1.178640
v 4.120439 -0.113846 -1.179094
v 4.139043 3.556690 -1.181594
v 4.032793 3.557029 -1.175471
v 4.173203 3.556489 -1.479045
v 4.153975 -0.114048 -1.482112
v 3.954805 -0.113421 -1.476335
v 3.971406 3.557126 -1.477151
v 4.013613 -0.113507 -1.178640
v 4.032793 3.557029 -1.175471
v 3.971406 3.557126 -1.477151
v 3.954805 -0.113421 -1.476335
v 4.120439 -0.113846 -1.179094
v 4.153975 -0.114048 -1.482112
v 4.173203 3.556489 -1.479045
v 4.139043 3.556690 -1.181594
v 4.013613 -0.113507 -1.178640
v 3.954805 -0.113421 -1.476335
v 4.153975 -0.114048 -1.482112
v 4.120439 -0.113846 -1.179094
v 3.954092 -0.128810 -1.496267
v 4.060918 -0.130758 -1.496384
v 4.100098 3.510596 -1.500779
v 3.993467 3.512541 -1.496853
v 4.153145 3.509423 -1.717073
v 4.113350 -0.131927 -1.713503
v 3.914609 -0.128313 -1.717605
v 3.951299 3.513103 -1.716189
v 3.954092 -0.128810 -1.496267
v 3.993467 3.512541 -1.496853
v 3.951299 3.513103 -1.716189
v 3.914609 -0.128313 -1.717605
v 4.060918 -0.130758 -1.496384
v 4.113350 -0.131927 -1.713503
v 4.153145 3.509423 -1.717073
v 4.100098 3.510596 -1.500779
v 3.954092 -0.128810 -1.496267
v 3.914609 -0.128313 -1.717605
v 4.113350 -0.131927 -1.713503
v 4.060918 -0.130758 -1.496384
v 4.074746 -0.037134 -2.002781
v 3.964844 -0.037134 -2.004919
v 4.098281 3.562739 -2.006658
v 4.208936 3.562739 -2.004031
v 4.030635 3.562739 -1.732800
v 3.893311 -0.037134 -1.738372
v 4.096396 -0.037134 -1.736594
v 4.236475 3.562739 -1.737878
v 4.074746 -0.037134 -2.002781
v 4.208936 3.562739 -2.004031
v 4.236475 3.562739 -1.737878
v 4.096396 -0.037134 -1.736594
v 3.964844 -0.037134 -2.004919
v 3.893311 -0.037134 -1.738372
v 4.030635 3.562739 -1.732800
v 4.098281 3.562739 -2.006658
v 4.074746 -0.037134 -2.002781
v 4.096396 -0.037134 -1.736594
v 3.893311 -0.037134 -1.738372
v 3.964844 -0.037134 -2.004919
v 4.024707 -0.070168 -2.277205
v 3.917891 -0.072115 -2.277068
v 4.025205 3.549969 -2.271833
v 4.131836 3.551916 -2.276506
v 3.972148 3.548794 -2.014016
v 3.865449 -0.073289 -2.018269
v 4.064189 -0.069667 -2.013381
v 4.174004 3.552479 -2.015071
v 4.024707 -0.070168 -2.277205
v 4.131836 3.551916 -2.276506
v 4.174004 3.552479 -2.015071
v 4.064189 -0.069667 -2.013381
v 3.917891 -0.072115 -2.277068
v 3.865449 -0.073289 -2.018269
v 3.972148 3.548794 -2.014016
v 4.025205 3.549969 -2.271833
v 4.024707 -0.070168 -2.277205
v 4.064189 -0.069667 -2.013381
v 3.865449 -0.073289 -2.018269
v 3.917891 -0.072115 -2.277068
v 3.991875 -0.109504 -2.302971
v 4.098701 -0.109504 -2.303533
v 4.109404 3.514360 -2.311038
v 4.003193 3.514360 -2.304309
v 4.148447 3.514360 -2.646179
v 4.129629 -0.109504 -2.635120
v 3.930420 -0.109504 -2.640808
v 3.946660 3.514360 -2.644033
v 3.991875 -0.109504 -2.302971
v 4.003193 3.514360 -2.304309
v 3.946660 3.514360 -2.644033
v 3.930420 -0.109504 -2.640808
v 4.098701 -0.109504 -2.303533
v 4.129629 -0.109504 -2.635120
v 4.148447 3.514360 -2.646179
v 4.109404 3.514360 -2.311038
v 3.991875 -0.109504 -2.302971
v 3.930420 -0.109504 -2.640808
v 4.129629 -0.109504 -2.635120
v 4.098701 -0.109504 -2.303533
v 4.139033 -0.164866 -2.949939
v 4.032207 -0.165202 -2.949485
v 4.013604 3.475710 -2.946987
v 4.119863 3.476046 -2.953108
v 3.979434 3.475510 -2.649536
v 3.998662 -0.165402 -2.646470
v 4.197832 -0.164781 -2.652244
v 4.181240 3.476142 -2.651428
v 4.139033 -0.164866 -2.949939
v 4.119863 3.476046 -2.953108
v 4.181240 3.476142 -2.651428
v 4.197832 -0.164781 -2.652244
v 4.032207 -0.165202 -2.949485
v 3.998662 -0.165402 -2.646470
v 3.979434 3.475510 -2.649536
v 4.013604 3.475710 -2.946987
v 4.139033 -0.164866 -2.949939
v 4.197832 -0.164781 -2.652244
v 3.998662 -0.165402 -2.646470
v 4.032207 -0.165202 -2.949485
v 4.065313 -0.062635 -3.240366
v 3.958486 -0.064498 -3.240679
v 4.052217 3.407383 -3.235605
v 4.159082 3.409242 -3.240054
v 3.985225 3.406262 -2.965601
v 3.892061 -0.065615 -2.969639
v 4.090527 -0.062161 -2.963662
v 4.187119 3.409779 -2.965845
v 4.065313 -0.062635 -3.240366
v 4.159082 3.409242 -3.240054
v 4.187119 3.409779 -2.965845
v 4.090527 -0.062161 -2.963662
v 3.958486 -0.064498 -3.240679
v 3.892061 -0.065615 -2.969639
v 3.985225 3.406262 -2.965601
v 4.052217 3.407383 -3.235605
v 4.065313 -0.062635 -3.240366
v 4.090527 -0.062161 -2.963662
v 3.892061 -0.065615 -2.969639
v 3.958486 -0.064498 -3.240679
v 4.021436 -0.089730 -3.251582
v 4.131602 -0.089730 -3.251577
v 4.130283 3.394871 -3.249814
v 4.019268 3.394871 -3.250288
v 4.133662 3.394871 -3.524360
v 4.140566 -0.089730 -3.518906
v 3.937529 -0.089730 -3.516743
v 3.929482 3.394871 -3.515303
v 4.021436 -0.089730 -3.251582
v 4.019268 3.394871 -3.250288
v 3.929482 3.394871 -3.515303
v 3.937529 -0.089730 -3.516743
v 4.131602 -0.089730 -3.251577
v 4.140566 -0.089730 -3.518906
v 4.133662 3.394871 -3.524360
v 4.130283 3.394871 -3.249814
v 4.021436 -0.089730 -3.251582
v 3.937529 -0.089730 -3.516743
v 4.140566 -0.089730 -3.518906
v 4.131602 -0.089730 -3.251577
v 4.013613 -0.068202 -3.538555
v 4.120439 -0.068522 -3.539009
v 4.139043 3.390077 -3.541509
v 4.032793 3.390397 -3.535386
v 4.173203 3.389887 -3.838960
v 4.153975 -0.068712 -3.842026
v 3.954805 -0.068121 -3.836250
v 3.971406 3.390488 -3.837065
v 4.013613 -0.068202 -3.538555
v 4.032793 3.390397 -3.535386
v 3.971406 3.390488 -3.837065
v 3.954805 -0.068121 -3.836250
v 4.120439 -0.068522 -3.539009
v 4.153975 -0.068712 -3.842026
v 4.173203 3.389887 -3.838960
v 4.139043 3.390077 -3.541509
v 4.013613 -0.068202 -3.538555
v 3.954805 -0.068121 -3.836250
v 4.153975 -0.068712 -3.842026
v 4.120439 -0.068522 -3.539009
v 3.954092 -0.071434 -3.856182
v 4.060918 -0.073296 -3.856299
v 4.100098 3.407383 -3.860693
v 3.993467 3.409242 -3.856768
v 4.153145 3.406262 -4.076987
v 4.113350 -0.074413 -4.073418
v 3.914609 -0.070959 -4.077520
v 3.951299 3.409779 -4.076104
v 3.954092 -0.071434 -3.856182
v 3.993467 3.409242 -3.856768
v 3.951299 3.409779 -4.076104
v 3.914609 -0.070959 -4.077520
v 4.060918 -0.073296 -3.856299
v 4.113350 -0.074413 -4.073418
v 4.153145 3.406262 -4.076987
v 4.100098 3.407383 -3.860693
v 3.954092 -0.071434 -3.856182
v 3.914609 -0.070959 -4.077520
v 4.113350 -0.074413 -4.073418
v 4.060918 -0.073296 -3.856299
v 4.206455 -0.089273 -4.435105
v 4.096553 -0.089273 -4.437827
v 4.098281 3.387583 -4.440037
v 4.208936 3.387583 -4.436697
v 4.030635 3.387583 -4.091680
v 4.025020 -0.089273 -4.098767
v 4.228105 -0.089273 -4.096506
v 4.236475 3.387583 -4.098140
v 4.206455 -0.089273 -4.435105
v 4.208936 3.387583 -4.436697
v 4.236475 3.387583 -4.098140
v 4.228105 -0.089273 -4.096506
v 4.096553 -0.089273 -4.437827
v 4.025020 -0.089273 -4.098767
v 4.030635 3.387583 -4.091680
v 4.098281 3.387583 -4.440037
v 4.206455 -0.089273 -4.435105
v 4.228105 -0.089273 -4.096506
v 4.025020 -0.089273 -4.098767
v 4.096553 -0.089273 -4.437827
v 3.783193 -0.102900 -4.542073
v 3.782881 -0.104762 -4.480024
v 3.788965 3.303180 -4.523960
v 3.783389 3.295119 -4.585759
v 4.058418 3.308232 -4.485222
v 4.053916 -0.105880 -4.441443
v 4.059893 -0.102426 -4.556719
v 4.058359 3.293159 -4.600784
v 3.783389 3.295119 -4.585759
v 4.058359 3.293159 -4.600784
v 4.059893 -0.102426 -4.556719
v 3.783193 -0.102900 -4.542073
v 3.782881 -0.104762 -4.480024
v 4.053916 -0.105880 -4.441443
v 4.058418 3.308232 -4.485222
v 3.788965 3.303180 -4.523960
v 3.783193 -0.102900 -4.542073
v 4.059893 -0.102426 -4.556719
v 4.053916 -0.105880 -4.441443
v 3.782881 -0.104762 -4.480024
v 3.771973 -0.113739 -4.500681
v 3.771982 -0.113739 -4.564668
v 3.772236 3.297666 -4.566233
v 3.772949 3.306088 -4.501665
v 3.498213 3.297484 -4.567632
v 3.504648 -0.113739 -4.569875
v 3.506816 -0.113739 -4.451941
v 3.507441 3.312814 -4.450095
v 3.772949 3.306088 -4.501665
v 3.507441 3.312814 -4.450095
v 3.506816 -0.113739 -4.451941
v 3.771973 -0.113739 -4.500681
v 3.771982 -0.113739 -4.564668
v 3.504648 -0.113739 -4.569875
v 3.498213 3.297484 -4.567632
v 3.772236 3.297666 -4.566233
v 3.771973 -0.113739 -4.500681
v 3.506816 -0.113739 -4.451941
v 3.504648 -0.113739 -4.569875
v 3.771982 -0.113739 -4.564668
v 3.485000 -0.097113 -4.497976
v 3.484551 -0.097433 -4.560027
v 3.480664 3.296966 -4.571597
v 3.488115 3.305020 -4.509854
v 3.183789 3.294370 -4.591501
v 3.181533 -0.097622 -4.579507
v 3.187305 -0.097032 -4.463821
v 3.185811 3.309577 -4.474912
v 3.488115 3.305020 -4.509854
v 3.185811 3.309577 -4.474912
v 3.187305 -0.097032 -4.463821
v 3.485000 -0.097113 -4.497976
v 3.484551 -0.097433 -4.560027
v 3.181533 -0.097622 -4.579507
v 3.183789 3.294370 -4.591501
v 3.480664 3.296966 -4.571597
v 3.485000 -0.097113 -4.497976
v 3.187305 -0.097032 -4.463821
v 3.181533 -0.097622 -4.579507
v 3.484551 -0.097433 -4.560027
v 3.167256 -0.059194 -4.526831
v 3.161299 3.299394 -4.552986
v 3.166914 3.307488 -4.490928
v 3.167373 -0.057332 -4.464783
v 2.950137 -0.060312 -4.557288
v 2.946035 -0.056858 -4.441848
v 2.946660 3.310467 -4.468091
v 2.945762 3.295361 -4.583904
v 2.946660 3.310467 -4.468091
v 2.946035 -0.056858 -4.441848
v 3.167373 -0.057332 -4.464783
v 3.166914 3.307488 -4.490928
v 2.950137 -0.060312 -4.557288
v 2.945762 3.295361 -4.583904
v 3.161299 3.299394 -4.552986
v 3.167256 -0.059194 -4.526831
v 3.167373 -0.057332 -4.464783
v 2.946035 -0.056858 -4.441848
v 2.950137 -0.060312 -4.557288
v 3.167256 -0.059194 -4.526831
v 1.713701 -0.079588 -4.570825
v 1.714160 -0.079907 -4.508774
v 1.718213 3.306681 -4.497117
v 1.710625 3.298656 -4.558640
v 2.014951 3.309270 -4.477266
v 2.017178 -0.080097 -4.489294
v 2.011396 -0.079507 -4.604980
v 2.013320 3.294178 -4.592971
v 1.710625 3.298656 -4.558640
v 2.013320 3.294178 -4.592971
v 2.011396 -0.079507 -4.604980
v 1.713701 -0.079588 -4.570825
v 1.714160 -0.079907 -4.508774
v 2.017178 -0.080097 -4.489294
v 2.014951 3.309270 -4.477266
v 1.718213 3.306681 -4.497117
v 1.713701 -0.079588 -4.570825
v 2.011396 -0.079507 -4.604980
v 2.017178 -0.080097 -4.489294
v 1.714160 -0.079907 -4.508774
v 1.441504 -0.048534 -4.645078
v 1.441191 -0.050396 -4.583030
v 1.448125 3.303380 -4.522429
v 1.441621 3.295318 -4.584233
v 1.717148 3.308432 -4.483694
v 1.712227 -0.051513 -4.544448
v 1.718203 -0.048059 -4.659724
v 1.717129 3.293468 -4.598418
v 1.441621 3.295318 -4.584233
v 1.717129 3.293468 -4.598418
v 1.718203 -0.048059 -4.659724
v 1.441504 -0.048534 -4.645078
v 1.441191 -0.050396 -4.583030
v 1.712227 -0.051513 -4.544448
v 1.717148 3.308432 -4.483694
v 1.448125 3.303380 -4.522429
v 1.441504 -0.048534 -4.645078
v 1.718203 -0.048059 -4.659724
v 1.712227 -0.051513 -4.544448
v 1.441191 -0.050396 -4.583030
v 1.430283 -0.081794 -4.500681
v 1.430293 -0.081794 -4.564668
v 1.429893 3.297533 -4.567253
v 1.431104 3.305943 -4.502776
v 1.156094 3.297383 -4.568401
v 1.162959 -0.081794 -4.569875
v 1.165127 -0.081794 -4.451941
v 1.165312 3.312610 -4.451660
v 1.431104 3.305943 -4.502776
v 1.165312 3.312610 -4.451660
v 1.165127 -0.081794 -4.451941
v 1.430283 -0.081794 -4.500681
v 1.430293 -0.081794 -4.564668
v 1.162959 -0.081794 -4.569875
v 1.156094 3.297383 -4.568401
v 1.429893 3.297533 -4.567253
v 1.430283 -0.081794 -4.500681
v 1.165127 -0.081794 -4.451941
v 1.162959 -0.081794 -4.569875
v 1.430293 -0.081794 -4.564668
v 1.143311 -0.079554 -4.497976
v 1.142861 -0.079874 -4.560027
v 1.138594 3.296939 -4.571804
v 1.146406 3.304990 -4.510085
v 0.841885 3.294341 -4.591721
v 0.839844 -0.080064 -4.579507
v 0.845615 -0.079474 -4.463821
v 0.843896 3.309513 -4.475403
v 1.146406 3.304990 -4.510085
v 0.843896 3.309513 -4.475403
v 0.845615 -0.079474 -4.463821
v 1.143311 -0.079554 -4.497976
v 1.142861 -0.079874 -4.560027
v 0.839844 -0.080064 -4.579507
v 0.841885 3.294341 -4.591721
v 1.138594 3.296939 -4.571804
v 1.143311 -0.079554 -4.497976
v 0.845615 -0.079474 -4.463821
v 0.839844 -0.080064 -4.579507
v 1.142861 -0.079874 -4.560027
v 0.825684 -0.057332 -4.464783
v 0.825566 -0.059194 -4.526831
v 0.819609 3.299394 -4.552986
v 0.825225 3.307488 -4.490928
v 0.604072 3.295361 -4.583904
v 0.608447 -0.060312 -4.557288
v 0.604346 -0.056858 -4.441848
v 0.604971 3.310467 -4.468091
v 0.825225 3.307488 -4.490928
v 0.604971 3.310467 -4.468091
v 0.604346 -0.056858 -4.441848
v 0.825684 -0.057332 -4.464783
v 0.825566 -0.059194 -4.526831
v 0.608447 -0.060312 -4.557288
v 0.604072 3.295361 -4.583904
v 0.819609 3.299394 -4.552986
v 0.825684 -0.057332 -4.464783
v 0.604346 -0.056858 -4.441848
v 0.608447 -0.060312 -4.557288
v 0.825566 -0.059194 -4.526831
v 0.319170 -0.120863 -4.605852
v 0.317031 -0.120863 -4.542014
v 0.316357 3.300940 -4.541133
v 0.318164 3.292599 -4.605076
v 0.589766 3.306045 -4.501997
v 0.583584 -0.120863 -4.500466
v 0.585361 -0.120863 -4.618425
v 0.584873 3.290651 -4.620015
v 0.318164 3.292599 -4.605076
v 0.584873 3.290651 -4.620015
v 0.585361 -0.120863 -4.618425
v 0.319170 -0.120863 -4.605852
v 0.317031 -0.120863 -4.542014
v 0.583584 -0.120863 -4.500466
v 0.589766 3.306045 -4.501997
v 0.316357 3.300940 -4.541133
v 0.319170 -0.120863 -4.605852
v 0.585361 -0.120863 -4.618425
v 0.583584 -0.120863 -4.500466
v 0.317031 -0.120863 -4.542014
v 0.044746 -0.070533 -4.623416
v 0.044883 -0.072392 -4.561372
v 0.051328 3.306037 -4.502056
v 0.045332 3.298000 -4.563674
v 0.308516 3.310040 -4.471367
v 0.303682 -0.073512 -4.530908
v 0.308574 -0.070055 -4.646348
v 0.307656 3.295002 -4.586660
v 0.045332 3.298000 -4.563674
v 0.307656 3.295002 -4.586660
v 0.308574 -0.070055 -4.646348
v 0.044746 -0.070533 -4.623416
v 0.044883 -0.072392 -4.561372
v 0.303682 -0.073512 -4.530908
v 0.308516 3.310040 -4.471367
v 0.051328 3.306037 -4.502056
v 0.044746 -0.070533 -4.623416
v 0.308574 -0.070055 -4.646348
v 0.303682 -0.073512 -4.530908
v 0.044883 -0.072392 -4.561372
v 0.018984 -0.093882 -4.486555
v 0.018418 -0.093882 -4.548604
v 0.011826 3.298773 -4.557747
v 0.020596 3.306833 -4.495957
v -0.322217 3.295796 -4.580566
v -0.313164 -0.093882 -4.566570
v -0.318857 -0.093882 -4.450859
v -0.320439 3.310958 -4.464324
v 0.020596 3.306833 -4.495957
v -0.320439 3.310958 -4.464324
v -0.318857 -0.093882 -4.450859
v 0.018984 -0.093882 -4.486555
v 0.018418 -0.093882 -4.548604
v -0.313164 -0.093882 -4.566570
v -0.322217 3.295796 -4.580566
v 0.011826 3.298773 -4.557747
v 0.018984 -0.093882 -4.486555
v -0.318857 -0.093882 -4.450859
v -0.313164 -0.093882 -4.566570
v 0.018418 -0.093882 -4.548604
v -0.627988 -0.140016 -4.570825
v -0.627529 -0.140335 -4.508774
v -0.624785 3.306588 -4.497834
v -0.631133 3.298553 -4.559426
v -0.327471 3.309173 -4.478015
v -0.324512 -0.140525 -4.489294
v -0.330293 -0.139935 -4.604980
v -0.329150 3.293959 -4.594648
v -0.631133 3.298553 -4.559426
v -0.329150 3.293959 -4.594648
v -0.330293 -0.139935 -4.604980
v -0.627988 -0.140016 -4.570825
v -0.627529 -0.140335 -4.508774
v -0.324512 -0.140525 -4.489294
v -0.327471 3.309173 -4.478015
v -0.624785 3.306588 -4.497834
v -0.627988 -0.140016 -4.570825
v -0.330293 -0.139935 -4.604980
v -0.324512 -0.140525 -4.489294
v -0.627529 -0.140335 -4.508774
v -0.921279 -0.056145 -4.566084
v -0.921592 -0.058008 -4.504036
v -0.914775 3.303352 -4.522642
v -0.921152 3.295290 -4.584446
v -0.645693 3.308404 -4.483909
v -0.650557 -0.059125 -4.465452
v -0.644580 -0.055671 -4.580728
v -0.645723 3.293425 -4.598750
v -0.921152 3.295290 -4.584446
v -0.645723 3.293425 -4.598750
v -0.644580 -0.055671 -4.580728
v -0.921279 -0.056145 -4.566084
v -0.921592 -0.058008 -4.504036
v -0.650557 -0.059125 -4.465452
v -0.645693 3.308404 -4.483909
v -0.914775 3.303352 -4.522642
v -0.921279 -0.056145 -4.566084
v -0.644580 -0.055671 -4.580728
v -0.650557 -0.059125 -4.465452
v -0.921592 -0.058008 -4.504036
v -0.932500 -0.095936 -4.500681
v -0.932490 -0.095936 -4.564668
v -0.932607 3.297592 -4.566802
v -0.931611 3.306007 -4.502283
v -1.206504 3.297427 -4.568059
v -1.199824 -0.095936 -4.569875
v -1.197656 -0.095936 -4.451941
v -1.197275 3.312701 -4.450969
v -0.931611 3.306007 -4.502283
v -1.197275 3.312701 -4.450969
v -1.197656 -0.095936 -4.451941
v -0.932500 -0.095936 -4.500681
v -0.932490 -0.095936 -4.564668
v -1.199824 -0.095936 -4.569875
v -1.206504 3.297427 -4.568059
v -0.932607 3.297592 -4.566802
v -0.932500 -0.095936 -4.500681
v -1.197656 -0.095936 -4.451941
v -1.199824 -0.095936 -4.569875
v -0.932490 -0.095936 -4.564668
v -1.320537 -0.075242 -4.497976
v -1.320898 -0.075547 -4.560027
v -1.192295 3.291227 -4.571892
v -1.185850 3.299030 -4.510183
v -1.420654 3.297581 -4.591814
v -1.554072 -0.066594 -4.579507
v -1.549600 -0.066178 -4.463821
v -1.418516 3.312665 -4.475615
v -1.185850 3.299030 -4.510183
v -1.418516 3.312665 -4.475615
v -1.549600 -0.066178 -4.463821
v -1.320537 -0.075242 -4.497976
v -1.320898 -0.075547 -4.560027
v -1.554072 -0.066594 -4.579507
v -1.420654 3.297581 -4.591814
v -1.192295 3.291227 -4.571892
v -1.320537 -0.075242 -4.497976
v -1.549600 -0.066178 -4.463821
v -1.554072 -0.066594 -4.579507
v -1.320898 -0.075547 -4.560027
v -1.537217 -0.059194 -4.526831
v -1.543164 3.300106 -4.547527
v -1.537559 3.308164 -4.485747
v -1.537100 -0.057332 -4.464783
v -1.754336 -0.060312 -4.557288
v -1.758438 -0.056858 -4.441848
v -1.757803 3.311129 -4.463015
v -1.758711 3.296090 -4.578313
v -1.757803 3.311129 -4.463015
v -1.758438 -0.056858 -4.441848
v -1.537100 -0.057332 -4.464783
v -1.537559 3.308164 -4.485747
v -1.754336 -0.060312 -4.557288
v -1.758711 3.296090 -4.578313
v -1.543164 3.300106 -4.547527
v -1.537217 -0.059194 -4.526831
v -1.537100 -0.057332 -4.464783
v -1.758438 -0.056858 -4.441848
v -1.754336 -0.060312 -4.557288
v -1.537217 -0.059194 -4.526831
v -2.043613 -0.062797 -4.605852
v -2.045752 -0.062797 -4.542014
v -2.045303 3.301198 -4.539148
v -2.044404 3.292863 -4.603054
v -1.772314 3.306306 -4.499998
v -1.779199 -0.062797 -4.500466
v -1.777422 -0.062797 -4.618425
v -1.777207 3.291028 -4.617126
v -2.044404 3.292863 -4.603054
v -1.777207 3.291028 -4.617126
v -1.777422 -0.062797 -4.618425
v -2.043613 -0.062797 -4.605852
v -2.045752 -0.062797 -4.542014
v -1.779199 -0.062797 -4.500466
v -1.772314 3.306306 -4.499998
v -2.045303 3.301198 -4.539148
v -2.043613 -0.062797 -4.605852
v -1.777422 -0.062797 -4.618425
v -1.779199 -0.062797 -4.500466
v -2.045752 -0.062797 -4.542014
v -2.318037 -0.078305 -4.549307
v -2.317900 -0.080164 -4.487261
v -2.311572 3.306009 -4.502271
v -2.317432 3.297971 -4.563894
v -2.054326 3.310011 -4.471584
v -2.059102 -0.081285 -4.456799
v -2.054209 -0.077827 -4.572239
v -2.055186 3.294958 -4.586995
v -2.317432 3.297971 -4.563894
v -2.055186 3.294958 -4.586995
v -2.054209 -0.077827 -4.572239
v -2.318037 -0.078305 -4.549307
v -2.317900 -0.080164 -4.487261
v -2.059102 -0.081285 -4.456799
v -2.054326 3.310011 -4.471584
v -2.311572 3.306009 -4.502271
v -2.318037 -0.078305 -4.549307
v -2.054209 -0.077827 -4.572239
v -2.059102 -0.081285 -4.456799
v -2.317900 -0.080164 -4.487261
v -2.293643 -0.085696 -4.548604
v -2.499141 3.304581 -4.557629
v -2.492783 3.313103 -4.495833
v -2.293203 -0.085666 -4.486555
v -2.554697 -0.103912 -4.566570
v -2.559170 -0.104225 -4.450859
v -2.761475 3.298498 -4.464143
v -2.761982 3.283257 -4.580447
v -2.761475 3.298498 -4.464143
v -2.559170 -0.104225 -4.450859
v -2.293203 -0.085666 -4.486555
v -2.492783 3.313103 -4.495833
v -2.554697 -0.103912 -4.566570
v -2.761982 3.283257 -4.580447
v -2.499141 3.304581 -4.557629
v -2.293643 -0.085696 -4.548604
v -2.293203 -0.085666 -4.486555
v -2.559170 -0.104225 -4.450859
v -2.554697 -0.103912 -4.566570
v -2.293643 -0.085696 -4.548604
v -2.931279 -0.089218 -4.570825
v -2.930898 -0.089527 -4.508774
v -2.993486 3.302745 -4.497195
v -2.999473 3.294547 -4.558726
v -2.749170 3.312323 -4.477346
v -2.681416 -0.082581 -4.489294
v -2.686182 -0.082127 -4.604980
v -2.750225 3.297183 -4.593152
v -2.999473 3.294547 -4.558726
v -2.750225 3.297183 -4.593152
v -2.686182 -0.082127 -4.604980
v -2.931279 -0.089218 -4.570825
v -2.930898 -0.089527 -4.508774
v -2.681416 -0.082581 -4.489294
v -2.749170 3.312323 -4.477346
v -2.993486 3.302745 -4.497195
v -2.931279 -0.089218 -4.570825
v -2.686182 -0.082127 -4.604980
v -2.681416 -0.082581 -4.489294
v -2.930898 -0.089527 -4.508774
v -3.286660 -0.048534 -4.584583
v -3.286973 -0.050396 -4.522534
v -3.280039 3.303380 -4.522429
v -3.286543 3.295318 -4.584233
v -3.011016 3.308432 -4.483694
v -3.015938 -0.051513 -4.483953
v -3.009961 -0.048059 -4.599229
v -3.011045 3.293468 -4.598418
v -3.286543 3.295318 -4.584233
v -3.011045 3.293468 -4.598418
v -3.009961 -0.048059 -4.599229
v -3.286660 -0.048534 -4.584583
v -3.286973 -0.050396 -4.522534
v -3.015938 -0.051513 -4.483953
v -3.011016 3.308432 -4.483694
v -3.280039 3.303380 -4.522429
v -3.286660 -0.048534 -4.584583
v -3.009961 -0.048059 -4.599229
v -3.015938 -0.051513 -4.483953
v -3.286973 -0.050396 -4.522534
v -3.297881 -0.072877 -4.500681
v -3.297871 -0.072877 -4.564668
v -3.298457 3.297495 -4.567537
v -3.297109 3.305902 -4.503086
v -3.572197 3.297355 -4.568616
v -3.565205 -0.072877 -4.569875
v -3.563037 -0.072877 -4.451941
v -3.562979 3.312553 -4.452097
v -3.297109 3.305902 -4.503086
v -3.562979 3.312553 -4.452097
v -3.563037 -0.072877 -4.451941
v -3.297881 -0.072877 -4.500681
v -3.297871 -0.072877 -4.564668
v -3.565205 -0.072877 -4.569875
v -3.572197 3.297355 -4.568616
v -3.298457 3.297495 -4.567537
v -3.297881 -0.072877 -4.500681
v -3.563037 -0.072877 -4.451941
v -3.565205 -0.072877 -4.569875
v -3.297871 -0.072877 -4.564668
v -3.584854 -0.070538 -4.497976
v -3.585303 -0.070858 -4.560027
v -3.589766 3.296925 -4.571912
v -3.581768 3.304974 -4.510203
v -3.886396 3.294327 -4.591833
v -3.888320 -0.071048 -4.579507
v -3.882549 -0.070458 -4.463821
v -3.884385 3.309480 -4.475654
v -3.581768 3.304974 -4.510203
v -3.884385 3.309480 -4.475654
v -3.882549 -0.070458 -4.463821
v -3.584854 -0.070538 -4.497976
v -3.585303 -0.070858 -4.560027
v -3.888320 -0.071048 -4.579507
v -3.886396 3.294327 -4.591833
v -3.589766 3.296925 -4.571912
v -3.584854 -0.070538 -4.497976
v -3.882549 -0.070458 -4.463821
v -3.888320 -0.071048 -4.579507
v -3.585303 -0.070858 -4.560027
v -3.903076 3.308058 -4.486560
v -3.902441 -0.057332 -4.464783
v -3.902598 -0.059194 -4.526831
v -3.910713 3.299994 -4.548384
v -4.198701 -0.060312 -4.557288
v -4.204287 -0.056858 -4.441848
v -4.203437 3.311025 -4.463811
v -4.202363 3.423881 -4.463159
v -4.203564 3.420364 -4.580403
v -4.204668 3.295976 -4.579192
v -3.902441 -0.057332 -4.464783
v -3.903076 3.308058 -4.486560
v -4.203437 3.311025 -4.463811
v -4.204287 -0.056858 -4.441848
v -3.910713 3.299994 -4.548384
v -3.902598 -0.059194 -4.526831
v -4.198701 -0.060312 -4.557288
v -4.204668 3.295976 -4.579192
v -4.198701 -0.060312 -4.557288
v -3.902598 -0.059194 -4.526831
v -3.902441 -0.057332 -4.464783
v -4.204287 -0.056858 -4.441848
v 0.783545 -0.062329 1.806025
v 0.783857 -0.064383 1.719866
v 0.778789 3.764345 1.728916
v 0.783232 3.766395 1.815110
v 0.508779 3.763109 1.674883
v 0.512822 -0.065615 1.666289
v 0.506846 -0.061806 1.826360
v 0.509023 3.766988 1.837717
v 0.783545 -0.062329 1.806025
v 0.783232 3.766395 1.815110
v 0.509023 3.766988 1.837717
v 0.506846 -0.061806 1.826360
v 0.783857 -0.064383 1.719866
v 0.512822 -0.065615 1.666289
v 0.508779 3.763109 1.674883
v 0.778789 3.764345 1.728916
v 0.783545 -0.062329 1.806025
v 0.506846 -0.061806 1.826360
v 0.512822 -0.065615 1.666289
v 0.783857 -0.064383 1.719866
v 0.794766 -0.082729 1.700764
v 0.794756 -0.082729 1.789614
v 0.792998 3.760027 1.788545
v 0.793467 3.760027 1.699011
v 1.067539 3.760027 1.791277
v 1.062090 -0.082729 1.796843
v 1.059922 -0.082729 1.633083
v 1.058486 3.760027 1.626592
v 0.794766 -0.082729 1.700764
v 0.793467 3.760027 1.699011
v 1.058486 3.760027 1.626592
v 1.059922 -0.082729 1.633083
v 0.794756 -0.082729 1.789614
v 1.062090 -0.082729 1.796843
v 1.067539 3.760027 1.791277
v 0.792998 3.760027 1.788545
v 0.794766 -0.082729 1.700764
v 1.059922 -0.082729 1.633083
v 1.062090 -0.082729 1.796843
v 0.794756 -0.082729 1.789614
v 2.554141 3.873006 1.654917
v 2.564541 3.875463 1.758201
v 2.550244 2.491148 1.894587
v 2.550557 2.489095 1.808428
v 2.279512 2.487862 1.754851
v 2.273535 2.491671 1.914922
v 2.272793 3.875463 1.756270
v 2.280195 3.871770 1.601306
v 2.550244 2.491148 1.894587
v 2.564541 3.875463 1.758201
v 2.272793 3.875463 1.756270
v 2.273535 2.491671 1.914922
v 2.554141 3.873006 1.654917
v 2.550557 2.489095 1.808428
v 2.279512 2.487862 1.754851
v 2.280195 3.871770 1.601306
v 2.550244 2.491148 1.894587
v 2.273535 2.491671 1.914922
v 2.279512 2.487862 1.754851
v 2.550557 2.489095 1.808428
v 2.265547 3.870789 1.687280
v 2.277930 3.871210 1.789468
v 2.265654 2.504059 1.796453
v 2.265195 2.503707 1.710293
v 1.962178 2.503498 1.683242
v 1.967959 2.504148 1.843879
v 1.963496 3.871210 1.816177
v 1.959346 3.870576 1.660503
v 2.265654 2.504059 1.796453
v 2.277930 3.871210 1.789468
v 1.963496 3.871210 1.816177
v 1.967959 2.504148 1.843879
v 2.265547 3.870789 1.687280
v 2.265195 2.503707 1.710293
v 1.962178 2.503498 1.683242
v 1.959346 3.870576 1.660503
v 2.265654 2.504059 1.796453
v 1.967959 2.504148 1.843879
v 1.962178 2.503498 1.683242
v 2.265195 2.503707 1.710293
v 2.565986 3.839420 1.856370
v 2.556973 3.839420 1.752141
v 2.561455 2.470749 1.700764
v 2.561455 2.470749 1.789614
v 2.773486 2.470749 1.796843
v 2.771328 2.470749 1.633083
v 2.834795 3.839420 1.704221
v 2.836816 3.839420 1.831194
v 2.561455 2.470749 1.700764
v 2.556973 3.839420 1.752141
v 2.834795 3.839420 1.704221
v 2.771328 2.470749 1.633083
v 2.565986 3.839420 1.856370
v 2.561455 2.470749 1.789614
v 2.773486 2.470749 1.796843
v 2.836816 3.839420 1.831194
v 2.561455 2.470749 1.700764
v 2.771328 2.470749 1.633083
v 2.773486 2.470749 1.796843
v 2.561455 2.470749 1.789614
v 1.616338 3.815091 1.844087
v 1.602227 3.815091 1.741990
v 1.618682 2.500005 1.678320
v 1.619248 2.500005 1.764480
v 1.950830 2.500005 1.789431
v 1.956523 2.500005 1.628757
v 1.987949 3.815091 1.710671
v 1.951543 3.815091 1.868743
v 1.618682 2.500005 1.678320
v 1.602227 3.815091 1.741990
v 1.987949 3.815091 1.710671
v 1.956523 2.500005 1.628757
v 1.616338 3.815091 1.844087
v 1.619248 2.500005 1.764480
v 1.950830 2.500005 1.789431
v 1.951543 3.815091 1.868743
v 1.618682 2.500005 1.678320
v 1.956523 2.500005 1.628757
v 1.950830 2.500005 1.789431
v 1.619248 2.500005 1.764480
v 1.595430 3.871404 1.630093
v 1.605869 3.873857 1.732930
v 1.592920 2.506675 1.869893
v 1.592783 2.504628 1.783740
v 1.333984 2.503393 1.741440
v 1.329092 2.507202 1.901736
v 1.327578 3.873857 1.743140
v 1.333857 3.870169 1.587888
v 1.592920 2.506675 1.869893
v 1.605869 3.873857 1.732930
v 1.327578 3.873857 1.743140
v 1.329092 2.507202 1.901736
v 1.595430 3.871404 1.630093
v 1.592783 2.504628 1.783740
v 1.333984 2.503393 1.741440
v 1.333857 3.870169 1.587888
v 1.592920 2.506675 1.869893
v 1.329092 2.507202 1.901736
v 1.333984 2.503393 1.741440
v 1.592783 2.504628 1.783740
v 1.317715 3.810849 1.692825
v 1.324199 3.810849 1.798518
v 1.318496 2.463168 1.848931
v 1.320635 2.463168 1.760286
v 1.083291 2.463168 1.702595
v 1.081514 2.463168 1.866389
v 1.045869 3.810849 1.793875
v 1.048799 3.810849 1.587446
v 1.318496 2.463168 1.848931
v 1.324199 3.810849 1.798518
v 1.045869 3.810849 1.793875
v 1.081514 2.463168 1.866389
v 1.317715 3.810849 1.692825
v 1.320635 2.463168 1.760286
v 1.083291 2.463168 1.702595
v 1.048799 3.810849 1.587446
v 1.318496 2.463168 1.848931
v 1.081514 2.463168 1.866389
v 1.083291 2.463168 1.702595
v 1.320635 2.463168 1.760286
v -4.297344 1.875320 -3.041567
v -4.177080 1.878431 -3.055247
v -4.247061 3.411465 -3.036594
v -4.363271 3.411465 -3.039221
v -4.189297 1.035904 -3.041248
v -4.326924 1.035904 -3.034763
v -4.268037 -0.065392 -3.040471
v -4.152607 -0.065392 -3.038333
v -4.077490 -0.065392 -3.304880
v -4.290771 -0.065392 -3.306658
v -4.320879 1.035904 -3.313098
v -4.052080 1.035904 -3.310164
v -4.176016 3.411465 -3.310452
v -4.090254 1.884689 -3.321577
v -4.293066 1.879752 -3.318274
v -4.392197 3.411465 -3.305374
v -4.268037 -0.065392 -3.040471
v -4.326924 1.035904 -3.034763
v -4.320879 1.035904 -3.313098
v -4.290771 -0.065392 -3.306658
v -4.297344 1.875320 -3.041567
v -4.363271 3.411465 -3.039221
v -4.392197 3.411465 -3.305374
v -4.293066 1.879752 -3.318274
v -4.189297 1.035904 -3.041248
v -4.152607 -0.065392 -3.038333
v -4.077490 -0.065392 -3.304880
v -4.052080 1.035904 -3.310164
v -4.177080 1.878431 -3.055247
v -4.090254 1.884689 -3.321577
v -4.176016 3.411465 -3.310452
v -4.247061 3.411465 -3.036594
v -4.268037 -0.065392 -3.040471
v -4.290771 -0.065392 -3.306658
v -4.077490 -0.065392 -3.304880
v -4.152607 -0.065392 -3.038333
v -4.320879 1.035904 -3.313098
v -4.326924 1.035904 -3.034763
v -4.189297 1.035904 -3.041248
v -4.052080 1.035904 -3.310164
v -4.090254 1.884689 -3.321577
v -4.177080 1.878431 -3.055247
v -4.297344 1.875320 -3.041567
v -4.293066 1.879752 -3.318274
v -4.229043 1.912005 -2.761882
v -4.111553 1.915151 -2.781987
v -4.169883 3.459227 -2.771418
v -4.281855 3.461136 -2.766746
v -4.110596 1.057638 -2.763538
v -4.244502 1.059926 -2.753093
v -4.258496 -0.090307 -2.766047
v -4.146318 -0.092216 -2.766184
v -4.091240 -0.093367 -3.024983
v -4.299971 -0.089816 -3.029871
v -4.257803 1.059926 -3.031389
v -4.055635 1.056487 -3.025110
v -4.114160 3.458076 -3.029236
v -4.055762 1.920447 -3.034626
v -4.241670 1.915990 -3.036028
v -4.326162 3.461689 -3.028181
v -4.258496 -0.090307 -2.766047
v -4.244502 1.059926 -2.753093
v -4.257803 1.059926 -3.031389
v -4.299971 -0.089816 -3.029871
v -4.229043 1.912005 -2.761882
v -4.281855 3.461136 -2.766746
v -4.326162 3.461689 -3.028181
v -4.241670 1.915990 -3.036028
v -4.110596 1.057638 -2.763538
v -4.146318 -0.092216 -2.766184
v -4.091240 -0.093367 -3.024983
v -4.055635 1.056487 -3.025110
v -4.111553 1.915151 -2.781987
v -4.055762 1.920447 -3.034626
v -4.114160 3.458076 -3.029236
v -4.169883 3.459227 -2.771418
v -4.258496 -0.090307 -2.766047
v -4.299971 -0.089816 -3.029871
v -4.091240 -0.093367 -3.024983
v -4.146318 -0.092216 -2.766184
v -4.257803 1.059926 -3.031389
v -4.244502 1.059926 -2.753093
v -4.110596 1.057638 -2.763538
v -4.055635 1.056487 -3.025110
v -4.055762 1.920447 -3.034626
v -4.111553 1.915151 -2.781987
v -4.229043 1.912005 -2.761882
v -4.241670 1.915990 -3.036028
v -4.179980 1.864643 -2.769866
v -4.295684 1.861428 -2.742549
v -4.258105 3.536745 -2.732214
v -4.146562 3.536745 -2.738943
v -4.305039 1.050252 -2.742629
v -4.172080 1.050252 -2.756741
v -4.134668 -0.121481 -2.740281
v -4.246865 -0.121481 -2.739719
v -4.279346 -0.121481 -2.408132
v -4.070137 -0.121481 -2.402444
v -4.131309 1.050252 -2.371016
v -4.337139 1.050252 -2.407419
v -4.299102 3.536745 -2.397073
v -4.335039 1.855367 -2.415728
v -4.147803 1.859726 -2.406042
v -4.087187 3.536745 -2.399219
v -4.134668 -0.121481 -2.740281
v -4.172080 1.050252 -2.756741
v -4.131309 1.050252 -2.371016
v -4.070137 -0.121481 -2.402444
v -4.179980 1.864643 -2.769866
v -4.146562 3.536745 -2.738943
v -4.087187 3.536745 -2.399219
v -4.147803 1.859726 -2.406042
v -4.305039 1.050252 -2.742629
v -4.246865 -0.121481 -2.739719
v -4.279346 -0.121481 -2.408132
v -4.337139 1.050252 -2.407419
v -4.295684 1.861428 -2.742549
v -4.335039 1.855367 -2.415728
v -4.299102 3.536745 -2.397073
v -4.258105 3.536745 -2.732214
v -4.134668 -0.121481 -2.740281
v -4.070137 -0.121481 -2.402444
v -4.279346 -0.121481 -2.408132
v -4.246865 -0.121481 -2.739719
v -4.305039 1.050252 -2.742629
v -4.337139 1.050252 -2.407419
v -4.131309 1.050252 -2.371016
v -4.172080 1.050252 -2.756741
v -4.179980 1.864643 -2.769866
v -4.147803 1.859726 -2.406042
v -4.335039 1.855367 -2.415728
v -4.295684 1.861428 -2.742549
v 2.382793 1.917110 -4.531545
v 2.403437 1.919192 -4.467173
v 2.392354 3.305878 -4.503276
v 2.387080 3.297838 -4.564912
v 2.383926 1.036159 -4.450720
v 2.373486 1.038386 -4.524780
v 2.386436 -0.114572 -4.623416
v 2.386572 -0.116431 -4.561372
v 2.645371 -0.117552 -4.530903
v 2.650264 -0.114094 -4.646348
v 2.651777 1.038386 -4.532131
v 2.645498 1.035038 -4.420327
v 2.649863 3.309880 -4.472590
v 2.655459 1.914887 -4.436233
v 2.656641 1.910832 -4.538503
v 2.648984 3.294754 -4.588560
v 2.386436 -0.114572 -4.623416
v 2.373486 1.038386 -4.524780
v 2.651777 1.038386 -4.532131
v 2.650264 -0.114094 -4.646348
v 2.387080 3.297838 -4.564912
v 2.648984 3.294754 -4.588560
v 2.656641 1.910832 -4.538503
v 2.382793 1.917110 -4.531545
v 2.383926 1.036159 -4.450720
v 2.386572 -0.116431 -4.561372
v 2.645371 -0.117552 -4.530903
v 2.645498 1.035038 -4.420327
v 2.403437 1.919192 -4.467173
v 2.655459 1.914887 -4.436233
v 2.649863 3.309880 -4.472590
v 2.392354 3.305878 -4.503276
v 2.386436 -0.114572 -4.623416
v 2.650264 -0.114094 -4.646348
v 2.645371 -0.117552 -4.530903
v 2.386572 -0.116431 -4.561372
v 2.655459 1.914887 -4.436233
v 2.403437 1.919192 -4.467173
v 2.382793 1.917110 -4.531545
v 2.656641 1.910832 -4.538503
v 2.651777 1.038386 -4.532131
v 2.373486 1.038386 -4.524780
v 2.383926 1.036159 -4.450720
v 2.645498 1.035038 -4.420327
v 2.661807 1.909608 -4.566697
v 2.675303 1.911939 -4.500002
v 2.658750 3.301104 -4.539878
v 2.659990 3.292766 -4.603796
v 2.661641 1.051009 -4.493425
v 2.655156 1.051009 -4.569541
v 2.660859 -0.084244 -4.605847
v 2.658721 -0.084244 -4.542009
v 2.925273 -0.084244 -4.500461
v 2.927051 -0.084244 -4.618420
v 2.933486 1.051009 -4.566199
v 2.930557 1.051009 -4.417537
v 2.931895 3.306210 -4.500730
v 2.941572 1.908031 -4.451025
v 2.938486 1.903633 -4.564399
v 2.927002 3.290889 -4.618188
v 2.660859 -0.084244 -4.605847
v 2.655156 1.051009 -4.569541
v 2.933486 1.051009 -4.566199
v 2.927051 -0.084244 -4.618420
v 2.659990 3.292766 -4.603796
v 2.927002 3.290889 -4.618188
v 2.938486 1.903633 -4.564399
v 2.661807 1.909608 -4.566697
v 2.661641 1.051009 -4.493425
v 2.658721 -0.084244 -4.542009
v 2.925273 -0.084244 -4.500461
v 2.930557 1.051009 -4.417537
v 2.675303 1.911939 -4.500002
v 2.941572 1.908031 -4.451025
v 2.931895 3.306210 -4.500730
v 2.658750 3.301104 -4.539878
v 2.660859 -0.084244 -4.605847
v 2.927051 -0.084244 -4.618420
v 2.925273 -0.084244 -4.500461
v 2.658721 -0.084244 -4.542009
v 2.941572 1.908031 -4.451025
v 2.675303 1.911939 -4.500002
v 2.661807 1.909608 -4.566697
v 2.938486 1.903633 -4.564399
v 2.933486 1.051009 -4.566199
v 2.655156 1.051009 -4.569541
v 2.661641 1.051009 -4.493425
v 2.930557 1.051009 -4.417537
v 2.391006 1.917035 -4.528870
v 2.362939 1.915151 -4.592324
v 2.353389 3.298826 -4.557341
v 2.361836 3.306888 -4.495532
v 2.363018 1.044462 -4.605933
v 2.377129 1.044462 -4.532405
v 2.360674 -0.108413 -4.486555
v 2.360107 -0.108413 -4.548604
v 2.028525 -0.108413 -4.566570
v 2.022832 -0.108413 -4.450859
v 1.991406 1.044462 -4.509851
v 2.027813 1.044462 -4.623689
v 2.019199 3.295850 -4.580151
v 2.036738 1.921438 -4.614246
v 2.029023 1.925658 -4.511421
v 2.020996 3.311041 -4.463694
v 2.360674 -0.108413 -4.486555
v 2.377129 1.044462 -4.532405
v 1.991406 1.044462 -4.509851
v 2.022832 -0.108413 -4.450859
v 2.361836 3.306888 -4.495532
v 2.020996 3.311041 -4.463694
v 2.029023 1.925658 -4.511421
v 2.391006 1.917035 -4.528870
v 2.363018 1.044462 -4.605933
v 2.360107 -0.108413 -4.548604
v 2.028525 -0.108413 -4.566570
v 2.027813 1.044462 -4.623689
v 2.362939 1.915151 -4.592324
v 2.036738 1.921438 -4.614246
v 2.019199 3.295850 -4.580151
v 2.353389 3.298826 -4.557341
v 2.360674 -0.108413 -4.486555
v 2.022832 -0.108413 -4.450859
v 2.028525 -0.108413 -4.566570
v 2.360107 -0.108413 -4.548604
v 2.391006 1.917035 -4.528870
v 2.029023 1.925658 -4.511421
v 2.036738 1.921438 -4.614246
v 2.362939 1.915151 -4.592324
v 2.363018 1.044462 -4.605933
v 2.027813 1.044462 -4.623689
v 1.991406 1.044462 -4.509851
v 2.377129 1.044462 -4.532405
v -1.564336 1.959670 1.765623
v -1.583662 1.962922 1.673123
v -1.575293 3.759579 1.728916
v -1.570840 3.761626 1.815110
v -1.566631 1.149055 1.705679
v -1.556230 1.151509 1.808962
v -1.570527 -0.062333 1.818411
v -1.570215 -0.064384 1.732251
v -1.841260 -0.065615 1.678674
v -1.847236 -0.061810 1.838745
v -1.847979 1.151509 1.807031
v -1.840576 1.147821 1.652068
v -1.845293 3.758344 1.674883
v -1.849375 1.965029 1.619363
v -1.852256 1.959992 1.763452
v -1.845049 3.762218 1.837717
v -1.570527 -0.062333 1.818411
v -1.556230 1.151509 1.808962
v -1.847979 1.151509 1.807031
v -1.847236 -0.061810 1.838745
v -1.564336 1.959670 1.765623
v -1.570840 3.761626 1.815110
v -1.845049 3.762218 1.837717
v -1.852256 1.959992 1.763452
v -1.566631 1.149055 1.705679
v -1.570215 -0.064384 1.732251
v -1.841260 -0.065615 1.678674
v -1.840576 1.147821 1.652068
v -1.583662 1.962922 1.673123
v -1.849375 1.965029 1.619363
v -1.845293 3.758344 1.674883
v -1.575293 3.759579 1.728916
v -1.570527 -0.062333 1.818411
v -1.847236 -0.061810 1.838745
v -1.841260 -0.065615 1.678674
v -1.570215 -0.064384 1.732251
v -1.566631 1.149055 1.705679
v -1.840576 1.147821 1.652068
v -1.847979 1.151509 1.807031
v -1.556230 1.151509 1.808962
v -1.564336 1.959670 1.765623
v -1.852256 1.959992 1.763452
v -1.849375 1.965029 1.619363
v -1.583662 1.962922 1.673123
v -1.557852 1.990875 1.705535
v -1.543018 1.987660 1.797124
v -1.561084 3.757079 1.788545
v -1.560605 3.757079 1.699011
v -1.493672 1.121949 1.807395
v -1.500693 1.122327 1.703167
v -1.561592 -0.074348 1.700764
v -1.561602 -0.074347 1.789614
v -1.353320 -0.085557 1.796843
v -1.355010 -0.085466 1.633083
v -1.284248 1.110677 1.655247
v -1.282666 1.110593 1.782219
v -1.286533 3.757079 1.791277
v -1.275254 1.987965 1.781851
v -1.281484 1.992350 1.656624
v -1.295596 3.757079 1.626592
v -1.561592 -0.074348 1.700764
v -1.500693 1.122327 1.703167
v -1.284248 1.110677 1.655247
v -1.355010 -0.085466 1.633083
v -1.557852 1.990875 1.705535
v -1.560605 3.757079 1.699011
v -1.295596 3.757079 1.626592
v -1.281484 1.992350 1.656624
v -1.493672 1.121949 1.807395
v -1.561602 -0.074347 1.789614
v -1.353320 -0.085557 1.796843
v -1.282666 1.110593 1.782219
v -1.543018 1.987660 1.797124
v -1.275254 1.987965 1.781851
v -1.286533 3.757079 1.791277
v -1.561084 3.757079 1.788545
v -1.561592 -0.074348 1.700764
v -1.355010 -0.085466 1.633083
v -1.353320 -0.085557 1.796843
v -1.561602 -0.074347 1.789614
v -1.284248 1.110677 1.655247
v -1.500693 1.122327 1.703167
v -1.493672 1.121949 1.807395
v -1.282666 1.110593 1.782219
v -1.557852 1.990875 1.705535
v -1.281484 1.992350 1.656624
v -1.275254 1.987965 1.781851
v -1.543018 1.987660 1.797124
v -1.277949 1.960976 1.721289
v -1.254385 1.957800 1.811543
v -1.269385 3.741312 1.796467
v -1.275508 3.741664 1.710767
v -1.272236 1.130189 1.804470
v -1.284619 1.130611 1.702283
v -1.272344 -0.067670 1.695298
v -1.271885 -0.068022 1.781458
v -0.968867 -0.068231 1.808511
v -0.974648 -0.067581 1.647871
v -0.970186 1.130611 1.675574
v -0.966035 1.129976 1.831248
v -0.971934 3.741103 1.824019
v -0.960771 1.956575 1.839382
v -0.962803 1.961619 1.695188
v -0.973828 3.741765 1.661257
v -1.272344 -0.067670 1.695298
v -1.284619 1.130611 1.702283
v -0.970186 1.130611 1.675574
v -0.974648 -0.067581 1.647871
v -1.277949 1.960976 1.721289
v -1.275508 3.741664 1.710767
v -0.973828 3.741765 1.661257
v -0.962803 1.961619 1.695188
v -1.272236 1.130189 1.804470
v -1.271885 -0.068022 1.781458
v -0.968867 -0.068231 1.808511
v -0.966035 1.129976 1.831248
v -1.254385 1.957800 1.811543
v -0.960771 1.956575 1.839382
v -0.971934 3.741103 1.824019
v -1.269385 3.741312 1.796467
v -1.272344 -0.067670 1.695298
v -0.974648 -0.067581 1.647871
v -0.968867 -0.068231 1.808511
v -1.271885 -0.068022 1.781458
v -0.970186 1.130611 1.675574
v -1.284619 1.130611 1.702283
v -1.272236 1.130189 1.804470
v -0.966035 1.129976 1.831248
v -1.277949 1.960976 1.721289
v -0.962803 1.961619 1.695188
v -0.960771 1.956575 1.839382
v -1.254385 1.957800 1.811543
v -0.959121 1.922383 1.729424
v -0.943369 1.919158 1.821260
v -0.950205 3.759579 1.765691
v -0.954131 3.761626 1.679690
v -0.956816 1.149055 1.840042
v -0.965576 1.151509 1.737195
v -0.954717 -0.072023 1.647927
v -0.954600 -0.074075 1.734087
v -0.737480 -0.075305 1.776379
v -0.733379 -0.071501 1.616084
v -0.732100 1.151509 1.726995
v -0.737373 1.147821 1.882244
v -0.733906 3.758344 1.808477
v -0.730488 1.917480 1.864038
v -0.728711 1.922529 1.719626
v -0.734795 3.762218 1.645674
v -0.954717 -0.072023 1.647927
v -0.965576 1.151509 1.737195
v -0.732100 1.151509 1.726995
v -0.733379 -0.071501 1.616084
v -0.959121 1.922383 1.729424
v -0.954131 3.761626 1.679690
v -0.734795 3.762218 1.645674
v -0.728711 1.922529 1.719626
v -0.956816 1.149055 1.840042
v -0.954600 -0.074075 1.734087
v -0.737480 -0.075305 1.776379
v -0.737373 1.147821 1.882244
v -0.943369 1.919158 1.821260
v -0.730488 1.917480 1.864038
v -0.733906 3.758344 1.808477
v -0.950205 3.759579 1.765691
v -0.954717 -0.072023 1.647927
v -0.733379 -0.071501 1.616084
v -0.737480 -0.075305 1.776379
v -0.954600 -0.074075 1.734087
v -0.732100 1.151509 1.726995
v -0.965576 1.151509 1.737195
v -0.956816 1.149055 1.840042
v -0.737373 1.147821 1.882244
v -0.959121 1.922383 1.729424
v -0.728711 1.922529 1.719626
v -0.730488 1.917480 1.864038
v -0.943369 1.919158 1.821260
v -0.448535 1.956983 1.815195
v -0.461416 1.960280 1.721245
v -0.444326 3.739133 1.761682
v -0.446953 3.739133 1.850930
v -0.491172 1.091161 1.719509
v -0.485967 1.091301 1.798928
v -0.458711 -0.087203 1.789690
v -0.456992 -0.087156 1.723081
v -0.670762 -0.092932 1.679729
v -0.672188 -0.092970 1.802810
v -0.709189 1.085270 1.795442
v -0.706836 1.085334 1.667778
v -0.718184 3.739133 1.707119
v -0.727988 1.962590 1.661699
v -0.725400 1.957337 1.811841
v -0.713105 3.739133 1.873140
v -0.458711 -0.087203 1.789690
v -0.485967 1.091301 1.798928
v -0.709189 1.085270 1.795442
v -0.672188 -0.092970 1.802810
v -0.448535 1.956983 1.815195
v -0.446953 3.739133 1.850930
v -0.713105 3.739133 1.873140
v -0.725400 1.957337 1.811841
v -0.491172 1.091161 1.719509
v -0.456992 -0.087156 1.723081
v -0.670762 -0.092932 1.679729
v -0.706836 1.085334 1.667778
v -0.461416 1.960280 1.721245
v -0.727988 1.962590 1.661699
v -0.718184 3.739133 1.707119
v -0.444326 3.739133 1.761682
v -0.458711 -0.087203 1.789690
v -0.672188 -0.092970 1.802810
v -0.670762 -0.092932 1.679729
v -0.456992 -0.087156 1.723081
v -0.491172 1.091161 1.719509
v -0.706836 1.085334 1.667778
v -0.709189 1.085270 1.795442
v -0.485967 1.091301 1.798928
v -0.727988 1.962590 1.661699
v -0.461416 1.960280 1.721245
v -0.448535 1.956983 1.815195
v -0.725400 1.957337 1.811841
v -0.176855 1.931965 1.737607
v -0.150283 1.928807 1.827251
v -0.139941 3.747225 1.773115
v -0.146670 3.747225 1.687454
v -0.150361 1.092742 1.844087
v -0.164473 1.092742 1.741990
v -0.148008 -0.105476 1.678320
v -0.147451 -0.105476 1.764480
v 0.184141 -0.105476 1.789431
v 0.189824 -0.105476 1.628757
v 0.221250 1.092742 1.710671
v 0.184854 1.092742 1.868743
v 0.195195 3.747225 1.804602
v 0.176963 1.927482 1.857166
v 0.187998 1.932528 1.712595
v 0.193047 3.747225 1.641855
v -0.148008 -0.105476 1.678320
v -0.164473 1.092742 1.741990
v 0.221250 1.092742 1.710671
v 0.189824 -0.105476 1.628757
v -0.176855 1.931965 1.737607
v -0.146670 3.747225 1.687454
v 0.193047 3.747225 1.641855
v 0.187998 1.932528 1.712595
v -0.150361 1.092742 1.844087
v -0.147451 -0.105476 1.764480
v 0.184141 -0.105476 1.789431
v 0.184854 1.092742 1.868743
v -0.150283 1.928807 1.827251
v 0.176963 1.927482 1.857166
v 0.195195 3.747225 1.804602
v -0.139941 3.747225 1.773115
v -0.148008 -0.105476 1.678320
v 0.189824 -0.105476 1.628757
v 0.184141 -0.105476 1.789431
v -0.147451 -0.105476 1.764480
v 0.221250 1.092742 1.710671
v -0.164473 1.092742 1.741990
v -0.150361 1.092742 1.844087
v 0.184854 1.092742 1.868743
v 0.176963 1.927482 1.857166
v -0.150283 1.928807 1.827251
v -0.176855 1.931965 1.737607
v 0.187998 1.932528 1.712595
v -0.168506 2.007588 1.754626
v -0.187402 2.010817 1.662764
v -0.179150 3.759579 1.704441
v -0.174473 3.761626 1.790437
v -0.171270 1.149055 1.667673
v -0.160820 1.151509 1.770513
v -0.173779 -0.046802 1.747273
v -0.173916 -0.048850 1.661121
v -0.432715 -0.050084 1.618823
v -0.437598 -0.046276 1.779119
v -0.439121 1.151509 1.780720
v -0.432842 1.147821 1.625471
v -0.436963 3.758344 1.661648
v -0.441133 2.012530 1.619980
v -0.443154 2.007480 1.764438
v -0.435908 3.762218 1.824458
v -0.173779 -0.046802 1.747273
v -0.160820 1.151509 1.770513
v -0.439121 1.151509 1.780720
v -0.437598 -0.046276 1.779119
v -0.168506 2.007588 1.754626
v -0.174473 3.761626 1.790437
v -0.435908 3.762218 1.824458
v -0.443154 2.007480 1.764438
v -0.171270 1.149055 1.667673
v -0.173916 -0.048850 1.661121
v -0.432715 -0.050084 1.618823
v -0.432842 1.147821 1.625471
v -0.187402 2.010817 1.662764
v -0.441133 2.012530 1.619980
v -0.436963 3.758344 1.661648
v -0.179150 3.759579 1.704441
v -0.173779 -0.046802 1.747273
v -0.437598 -0.046276 1.779119
v -0.432715 -0.050084 1.618823
v -0.173916 -0.048850 1.661121
v -0.171270 1.149055 1.667673
v -0.432842 1.147821 1.625471
v -0.439121 1.151509 1.780720
v -0.160820 1.151509 1.770513
v -0.441133 2.012530 1.619980
v -0.187402 2.010817 1.662764
v -0.168506 2.007588 1.754626
v -0.443154 2.007480 1.764438
v -4.132920 2.340005 0.237081
v 2.808691 -0.045310 1.943787
v 2.966953 -0.062458 1.770598
v 2.646982 -0.061245 1.757971
v 2.990078 -0.064204 1.749153
v 2.615176 -0.062775 1.748376
v 4.067627 -0.065614 1.754768
v 4.067627 -0.089995 -4.433530
v -4.167109 -0.065614 -4.433530
v -4.167109 -0.065614 1.754768
v -4.361777 3.037401 -3.552515
v -4.377842 3.390918 -3.554985
v -4.458867 3.385314 -3.547698
v -4.442803 3.031796 -3.545227
v -4.442803 3.031796 -3.545227
v -4.458867 3.385314 -3.547698
v -4.396631 3.504302 -4.891313
v -4.375889 3.148576 -4.859712
v -4.375889 3.148576 -4.859712
v -4.396631 3.504302 -4.891313
v -4.315596 3.509908 -4.898601
v -4.294854 3.154180 -4.867000
v -4.294854 3.154180 -4.867000
v -4.315596 3.509908 -4.898601
v -4.377842 3.390918 -3.554985
v -4.361777 3.037401 -3.552515
v -4.377842 3.390918 -3.554985
v -4.315596 3.509908 -4.898601
v -4.396631 3.504302 -4.891313
v -4.458867 3.385314 -3.547698
v -4.294854 3.154180 -4.867000
v -4.361777 3.037401 -3.552515
v -4.442803 3.031796 -3.545227
v -4.375889 3.148576 -4.859712
v 0.333115 0.744457 1.842924
v 0.278418 1.098957 1.834532
v 0.278281 1.103112 1.910809
v 0.332979 0.748610 1.919198
v 0.332979 0.748610 1.919198
v 0.278281 1.103112 1.910809
v -2.199980 1.062201 1.846613
v -2.090537 0.708294 1.850721
v -2.090537 0.708294 1.850721
v -2.199980 1.062201 1.846613
v -2.199844 1.058048 1.770336
v -2.090400 0.704140 1.774445
v -2.090400 0.704140 1.774445
v -2.199844 1.058048 1.770336
v 0.278418 1.098957 1.834532
v 0.333115 0.744457 1.842924
v 0.278418 1.098957 1.834532
v -2.199844 1.058048 1.770336
v -2.199980 1.062201 1.846613
v 0.278281 1.103112 1.910809
v -2.090400 0.704140 1.774445
v 0.333115 0.744457 1.842924
v 0.332979 0.748610 1.919198
v -2.090537 0.708294 1.850721
v -2.104414 1.040392 1.521194
v -2.165576 0.674448 1.519185
v -2.169209 0.674820 1.595605
v -2.108047 1.040765 1.597615
v -2.108047 1.040765 1.597615
v -2.169209 0.674820 1.595605
v 0.241533 0.707574 1.669766
v 0.249717 1.072766 1.666145
v 0.249717 1.072766 1.666145
v 0.241533 0.707574 1.669766
v 0.245166 0.707200 1.593345
v 0.253350 1.072395 1.589724
v 0.253350 1.072395 1.589724
v 0.245166 0.707200 1.593345
v -2.165576 0.674448 1.519185
v -2.104414 1.040392 1.521194
v -2.165576 0.674448 1.519185
v 0.245166 0.707200 1.593345
v 0.241533 0.707574 1.669766
v -2.169209 0.674820 1.595605
v 0.253350 1.072395 1.589724
v -2.104414 1.040392 1.521194
v -2.108047 1.040765 1.597615
v 0.249717 1.072766 1.666145
v -3.290488 1.845027 -4.571641
v -3.257783 2.236603 -4.545210
v -3.255684 2.240967 -4.612476
v -3.288389 1.849389 -4.638904
v -3.288389 1.849389 -4.638904
v -3.255684 2.240967 -4.612476
v -0.302773 1.997016 -4.652407
v -0.400859 1.610504 -4.672925
v -0.400859 1.610504 -4.672925
v -0.302773 1.997016 -4.652407
v -0.304873 1.992654 -4.585142
v -0.402959 1.606140 -4.605664
v -0.402959 1.606140 -4.605664
v -0.304873 1.992654 -4.585142
v -3.257783 2.236603 -4.545210
v -3.290488 1.845027 -4.571641
v -3.257783 2.236603 -4.545210
v -0.304873 1.992654 -4.585142
v -0.302773 1.997016 -4.652407
v -3.255684 2.240967 -4.612476
v -0.402959 1.606140 -4.605664
v -3.290488 1.845027 -4.571641
v -3.288389 1.849389 -4.638904
v -0.400859 1.610504 -4.672925
v -3.373398 2.209084 -4.555554
v -3.390967 2.597123 -4.561121
v -3.388848 2.596254 -4.628521
v -3.371270 2.208216 -4.622954
v -3.371270 2.208216 -4.622954
v -3.388848 2.596254 -4.628521
v -0.482031 2.727611 -4.648706
v -0.476699 2.339035 -4.642095
v -0.476699 2.339035 -4.642095
v -0.482031 2.727611 -4.648706
v -0.484160 2.728484 -4.581304
v -0.478818 2.339906 -4.574697
v -0.478818 2.339906 -4.574697
v -0.484160 2.728484 -4.581304
v -3.390967 2.597123 -4.561121
v -3.373398 2.209084 -4.555554
v -3.390967 2.597123 -4.561121
v -0.484160 2.728484 -4.581304
v -0.482031 2.727611 -4.648706
v -3.388848 2.596254 -4.628521
v -0.478818 2.339906 -4.574697
v -3.373398 2.209084 -4.555554
v -3.371270 2.208216 -4.622954
v -0.476699 2.339035 -4.642095
v -3.213447 -0.082437 -4.592285
v -3.230195 0.245941 -4.593210
v -3.228076 0.245858 -4.660618
v -3.211338 -0.082520 -4.659690
v -3.211338 -0.082520 -4.659690
v -3.228076 0.245858 -4.660618
v -0.301992 0.395057 -4.661768
v -0.258516 0.068034 -4.663105
v -0.258516 0.068034 -4.663105
v -0.301992 0.395057 -4.661768
v -0.304111 0.395135 -4.594363
v -0.260625 0.068117 -4.595701
v -0.260625 0.068117 -4.595701
v -0.304111 0.395135 -4.594363
v -3.230195 0.245941 -4.593210
v -3.213447 -0.082437 -4.592285
v -3.230195 0.245941 -4.593210
v -0.304111 0.395135 -4.594363
v -0.301992 0.395057 -4.661768
v -3.228076 0.245858 -4.660618
v -0.260625 0.068117 -4.595701
v -3.213447 -0.082437 -4.592285
v -3.211338 -0.082520 -4.659690
v -0.258516 0.068034 -4.663105
v -1.966631 0.642471 -4.556777
v -2.013574 0.318811 -4.587241
v -2.013955 0.325097 -4.654358
v -1.967012 0.648757 -4.623894
v -1.967012 0.648757 -4.623894
v -2.013955 0.325097 -4.654358
v -3.317275 0.392983 -4.659634
v -3.282217 0.717474 -4.631462
v -3.282217 0.717474 -4.631462
v -3.317275 0.392983 -4.659634
v -3.316895 0.386702 -4.592517
v -3.281836 0.711188 -4.564346
v -3.281836 0.711188 -4.564346
v -3.316895 0.386702 -4.592517
v -2.013574 0.318811 -4.587241
v -1.966631 0.642471 -4.556777
v -2.013574 0.318811 -4.587241
v -3.316895 0.386702 -4.592517
v -3.317275 0.392983 -4.659634
v -2.013955 0.325097 -4.654358
v -3.281836 0.711188 -4.564346
v -1.966631 0.642471 -4.556777
v -1.967012 0.648757 -4.623894
v -3.282217 0.717474 -4.631462
v -2.125762 0.746385 -4.653708
v -2.102881 1.072616 -4.623093
v -2.102109 1.066349 -4.555977
v -2.124990 0.740118 -4.586594
v -3.430537 0.717845 -4.660420
v -3.419561 1.044027 -4.632109
v -2.102881 1.072616 -4.623093
v -2.125762 0.746385 -4.653708
v -3.429756 0.711583 -4.593303
v -3.418789 1.037761 -4.564993
v -3.419561 1.044027 -4.632109
v -3.430537 0.717845 -4.660420
v -2.124990 0.740118 -4.586594
v -2.102109 1.066349 -4.555977
v -3.418789 1.037761 -4.564993
v -3.429756 0.711583 -4.593303
v -3.430537 0.717845 -4.660420
v -2.125762 0.746385 -4.653708
v -2.124990 0.740118 -4.586594
v -3.429756 0.711583 -4.593303
v -2.102881 1.072616 -4.623093
v -3.419561 1.044027 -4.632109
v -3.418789 1.037761 -4.564993
v -2.102109 1.066349 -4.555977
v -1.817080 1.452787 -4.555530
v -1.832793 1.126135 -4.586187
v -1.833682 1.132390 -4.653301
v -1.817969 1.459042 -4.622644
v -1.817969 1.459042 -4.622644
v -1.833682 1.132390 -4.653301
v -3.280850 1.061416 -4.660654
v -3.277061 1.387758 -4.632307
v -3.277061 1.387758 -4.632307
v -3.280850 1.061416 -4.660654
v -3.279961 1.055166 -4.593538
v -3.276172 1.381503 -4.565193
v -3.276172 1.381503 -4.565193
v -3.279961 1.055166 -4.593538
v -1.832793 1.126135 -4.586187
v -1.817080 1.452787 -4.555530
v -1.832793 1.126135 -4.586187
v -3.279961 1.055166 -4.593538
v -3.280850 1.061416 -4.660654
v -1.833682 1.132390 -4.653301
v -3.276172 1.381503 -4.565193
v -1.817080 1.452787 -4.555530
v -1.817969 1.459042 -4.622644
v -3.277061 1.387758 -4.632307
v -3.995781 0.187930 0.806588
v -4.001650 0.547783 0.808234
v -4.083320 0.546031 0.811063
v -4.077451 0.186176 0.809418
v -4.077451 0.186176 0.809418
v -4.083320 0.546031 0.811063
v -4.044883 0.293702 -1.479033
v -4.033760 -0.060447 -1.430308
v -4.033760 -0.060447 -1.430308
v -4.044883 0.293702 -1.479033
v -3.963223 0.295456 -1.481863
v -3.952090 -0.058695 -1.433135
v -3.952090 -0.058695 -1.433135
v -3.963223 0.295456 -1.481863
v -4.001650 0.547783 0.808234
v -3.995781 0.187930 0.806588
v -4.001650 0.547783 0.808234
v -3.963223 0.295456 -1.481863
v -4.044883 0.293702 -1.479033
v -4.083320 0.546031 0.811063
v -3.952090 -0.058695 -1.433135
v -3.995781 0.187930 0.806588
v -4.077451 0.186176 0.809418
v -4.033760 -0.060447 -1.430308
v -3.997852 0.571695 0.799596
v -4.003477 0.930600 0.825812
v -4.085156 0.928725 0.828370
v -4.079531 0.569819 0.802157
v -4.079531 0.569819 0.802157
v -4.085156 0.928725 0.828370
v -4.042754 0.833402 -1.258286
v -4.031963 0.476742 -1.233848
v -4.031963 0.476742 -1.233848
v -4.042754 0.833402 -1.258286
v -3.961084 0.835278 -1.260845
v -3.950283 0.478617 -1.236406
v -3.950283 0.478617 -1.236406
v -3.961084 0.835278 -1.260845
v -4.003477 0.930600 0.825812
v -3.997852 0.571695 0.799596
v -4.003477 0.930600 0.825812
v -3.961084 0.835278 -1.260845
v -4.042754 0.833402 -1.258286
v -4.085156 0.928725 0.828370
v -3.950283 0.478617 -1.236406
v -3.997852 0.571695 0.799596
v -4.079531 0.569819 0.802157
v -4.031963 0.476742 -1.233848
v -4.091904 1.249393 0.759076
v -4.097109 1.598528 0.846305
v -4.178799 1.596429 0.848153
v -4.173594 1.247292 0.760924
v -4.173594 1.247292 0.760924
v -4.178799 1.596429 0.848153
v -4.126895 1.859527 -1.223828
v -4.116748 1.503923 -1.260745
v -4.116748 1.503923 -1.260745
v -4.126895 1.859527 -1.223828
v -4.045205 1.861628 -1.225676
v -4.035059 1.506023 -1.262595
v -4.035059 1.506023 -1.262595
v -4.045205 1.861628 -1.225676
v -4.097109 1.598528 0.846305
v -4.091904 1.249393 0.759076
v -4.097109 1.598528 0.846305
v -4.045205 1.861628 -1.225676
v -4.126895 1.859527 -1.223828
v -4.178799 1.596429 0.848153
v -4.035059 1.506023 -1.262595
v -4.091904 1.249393 0.759076
v -4.173594 1.247292 0.760924
v -4.116748 1.503923 -1.260745
v -4.086377 2.819874 0.513729
v -4.092021 3.178905 0.538151
v -4.173701 3.177039 0.540729
v -4.168047 2.818006 0.516310
v -4.168047 2.818006 0.516310
v -4.173701 3.177039 0.540729
v -4.131563 3.071282 -1.258875
v -4.120742 2.714749 -1.232654
v -4.120742 2.714749 -1.232654
v -4.131563 3.071282 -1.258875
v -4.049893 3.073149 -1.261453
v -4.039072 2.716616 -1.235232
v -4.039072 2.716616 -1.235232
v -4.049893 3.073149 -1.261453
v -4.092021 3.178905 0.538151
v -4.086377 2.819874 0.513729
v -4.092021 3.178905 0.538151
v -4.049893 3.073149 -1.261453
v -4.131563 3.071282 -1.258875
v -4.173701 3.177039 0.540729
v -4.039072 2.716616 -1.235232
v -4.086377 2.819874 0.513729
v -4.168047 2.818006 0.516310
v -4.120742 2.714749 -1.232654
v -4.083750 2.411947 0.692115
v -4.089766 2.771654 0.681793
v -4.171436 2.769968 0.684750
v -4.165420 2.410260 0.695072
v -4.165420 2.410260 0.695072
v -4.171436 2.769968 0.684750
v -4.134150 2.469645 -1.317637
v -4.122842 2.117317 -1.257163
v -4.122842 2.117317 -1.257163
v -4.134150 2.469645 -1.317637
v -4.052490 2.471332 -1.320593
v -4.041182 2.119003 -1.260122
v -4.041182 2.119003 -1.260122
v -4.052490 2.471332 -1.320593
v -4.089766 2.771654 0.681793
v -4.083750 2.411947 0.692115
v -4.089766 2.771654 0.681793
v -4.052490 2.471332 -1.320593
v -4.134150 2.469645 -1.317637
v -4.171436 2.769968 0.684750
v -4.041182 2.119003 -1.260122
v -4.083750 2.411947 0.692115
v -4.165420 2.410260 0.695072
v -4.122842 2.117317 -1.257163
v -3.133242 0.925884 -4.449775
v -3.217178 1.243790 -4.451494
v -3.214043 1.244254 -4.518857
v -3.130098 0.926348 -4.517134
v -3.130098 0.926348 -4.517134
v -3.214043 1.244254 -4.518857
v -0.381631 1.992394 -4.474424
v -0.271768 1.681319 -4.474551
v -0.271768 1.681319 -4.474551
v -0.381631 1.992394 -4.474424
v -0.384775 1.991925 -4.407061
v -0.274912 1.680855 -4.407188
v -0.274912 1.680855 -4.407188
v -0.384775 1.991925 -4.407061
v -3.217178 1.243790 -4.451494
v -3.133242 0.925884 -4.449775
v -3.217178 1.243790 -4.451494
v -0.384775 1.991925 -4.407061
v -0.381631 1.992394 -4.474424
v -3.214043 1.244254 -4.518857
v -0.274912 1.680855 -4.407188
v -3.133242 0.925884 -4.449775
v -3.130098 0.926348 -4.517134
v -0.271768 1.681319 -4.474551
v -3.587139 0.141800 -4.449775
v -3.671084 0.459706 -4.451494
v -3.667939 0.460170 -4.518857
v -3.583994 0.142264 -4.517134
v -3.583994 0.142264 -4.517134
v -3.667939 0.460170 -4.518857
v -0.835527 1.208309 -4.474424
v -0.725674 0.897235 -4.474551
v -0.725674 0.897235 -4.474551
v -0.835527 1.208309 -4.474424
v -0.838672 1.207840 -4.407061
v -0.728809 0.896771 -4.407188
v -0.728809 0.896771 -4.407188
v -0.838672 1.207840 -4.407061
v -3.671084 0.459706 -4.451494
v -3.587139 0.141800 -4.449775
v -3.671084 0.459706 -4.451494
v -0.838672 1.207840 -4.407061
v -0.835527 1.208309 -4.474424
v -3.667939 0.460170 -4.518857
v -0.728809 0.896771 -4.407188
v -3.587139 0.141800 -4.449775
v -3.583994 0.142264 -4.517134
v -0.725674 0.897235 -4.474551
v 4.201807 1.845027 -1.743660
v 4.174814 2.236603 -1.711421
v 4.242031 2.240967 -1.708149
v 4.269023 1.849389 -1.740396
v 4.269023 1.849389 -1.740396
v 4.242031 2.240967 -1.708149
v 4.230615 1.997016 1.245009
v 4.252832 1.610504 1.147292
v 4.252832 1.610504 1.147292
v 4.230615 1.997016 1.245009
v 4.163398 1.992654 1.241741
v 4.185615 1.606140 1.144026
v 4.185615 1.606140 1.144026
v 4.163398 1.992654 1.241741
v 4.174814 2.236603 -1.711421
v 4.201807 1.845027 -1.743660
v 4.174814 2.236603 -1.711421
v 4.163398 1.992654 1.241741
v 4.230615 1.997016 1.245009
v 4.242031 2.240967 -1.708149
v 4.185615 1.606140 1.144026
v 4.201807 1.845027 -1.743660
v 4.269023 1.849389 -1.740396
v 4.252832 1.610504 1.147292
v 4.122891 3.538151 1.553049
v 4.125127 3.211489 1.518767
v 4.192520 3.211992 1.517533
v 4.190293 3.538654 1.551815
v 4.190293 3.538654 1.551815
v 4.192520 3.211992 1.517533
v 4.283779 3.228369 0.212548
v 4.283760 3.555198 0.234899
v 4.283760 3.555198 0.234899
v 4.283779 3.228369 0.212548
v 4.216377 3.227870 0.213785
v 4.216357 3.554695 0.236134
v 4.216357 3.554695 0.236134
v 4.216377 3.227870 0.213785
v 4.125127 3.211489 1.518767
v 4.122891 3.538151 1.553049
v 4.125127 3.211489 1.518767
v 4.216377 3.227870 0.213785
v 4.283779 3.228369 0.212548
v 4.192520 3.211992 1.517533
v 4.216357 3.554695 0.236134
v 4.122891 3.538151 1.553049
v 4.190293 3.538654 1.551815
v 4.283760 3.555198 0.234899
v 4.129395 -0.082437 -1.716895
v 4.130283 0.245941 -1.733640
v 4.197686 0.245858 -1.731672
v 4.196797 -0.082520 -1.714929
v 4.196797 -0.082520 -1.714929
v 4.197686 0.245858 -1.731672
v 4.205312 0.395057 1.194404
v 4.206748 0.068034 1.237876
v 4.206748 0.068034 1.237876
v 4.205312 0.395057 1.194404
v 4.137900 0.395135 1.192437
v 4.139336 0.068117 1.235913
v 4.139336 0.068117 1.235913
v 4.137900 0.395135 1.192437
v 4.130283 0.245941 -1.733640
v 4.129395 -0.082437 -1.716895
v 4.130283 0.245941 -1.733640
v 4.137900 0.395135 1.192437
v 4.205312 0.395057 1.194404
v 4.197686 0.245858 -1.731672
v 4.139336 0.068117 1.235913
v 4.129395 -0.082437 -1.716895
v 4.196797 -0.082520 -1.714929
v 4.206748 0.068034 1.237876
v 4.184160 2.209084 -1.682002
v 4.190029 2.597123 -1.699475
v 4.257383 2.596254 -1.696184
v 4.251514 2.208216 -1.678708
v 4.251514 2.208216 -1.678708
v 4.257383 2.596254 -1.696184
v 4.227021 2.727611 1.210544
v 4.220322 2.339035 1.215762
v 4.220322 2.339035 1.215762
v 4.227021 2.727611 1.210544
v 4.159668 2.728484 1.207251
v 4.152969 2.339906 1.212473
v 4.152969 2.339906 1.212473
v 4.159668 2.728484 1.207251
v 4.190029 2.597123 -1.699475
v 4.184160 2.209084 -1.682002
v 4.190029 2.597123 -1.699475
v 4.159668 2.728484 1.207251
v 4.227021 2.727611 1.210544
v 4.257383 2.596254 -1.696184
v 4.152969 2.339906 1.212473
v 4.184160 2.209084 -1.682002
v 4.251514 2.208216 -1.678708
v 4.220322 2.339035 1.215762
v 2.879648 3.939355 2.008093
v 3.301650 3.961011 2.040295
v 3.274824 4.026749 2.033672
v 2.901914 4.007360 1.999761
v 2.901914 4.007360 1.999761
v 3.274824 4.026749 2.033672
v 3.171797 3.738807 -0.663782
v 2.800762 3.721661 -0.650845
v 2.800762 3.721661 -0.650845
v 3.171797 3.738807 -0.663782
v 3.198613 3.673070 -0.657163
v 2.778496 3.653655 -0.642515
v 2.778496 3.653655 -0.642515
v 3.198613 3.673070 -0.657163
v 3.301650 3.961011 2.040295
v 2.879648 3.939355 2.008093
v 3.301650 3.961011 2.040295
v 3.198613 3.673070 -0.657163
v 3.171797 3.738807 -0.663782
v 3.274824 4.026749 2.033672
v 2.778496 3.653655 -0.642515
v 2.879648 3.939355 2.008093
v 2.901914 4.007360 1.999761
v 2.800762 3.721661 -0.650845
v 2.085313 4.025599 1.989622
v 2.503203 4.049777 2.050415
v 2.477090 4.115076 2.038748
v 2.108242 4.093268 1.979592
v 2.108242 4.093268 1.979592
v 2.477090 4.115076 2.038748
v 2.586953 3.732152 -0.647329
v 2.216260 3.714241 -0.659695
v 2.216260 3.714241 -0.659695
v 2.586953 3.732152 -0.647329
v 2.613057 3.666853 -0.635664
v 2.193330 3.646572 -0.649666
v 2.193330 3.646572 -0.649666
v 2.613057 3.666853 -0.635664
v 2.503203 4.049777 2.050415
v 2.085313 4.025599 1.989622
v 2.503203 4.049777 2.050415
v 2.613057 3.666853 -0.635664
v 2.586953 3.732152 -0.647329
v 2.477090 4.115076 2.038748
v 2.193330 3.646572 -0.649666
v 2.085313 4.025599 1.989622
v 2.108242 4.093268 1.979592
v 2.216260 3.714241 -0.659695
v 1.298008 3.986233 2.018274
v 1.705996 4.013449 2.120088
v 1.680732 4.078584 2.106042
v 1.321240 4.054124 2.010703
v 1.321240 4.054124 2.010703
v 1.680732 4.078584 2.106042
v 2.095703 3.711341 -0.558828
v 1.729092 3.690506 -0.607749
v 1.729092 3.690506 -0.607749
v 2.095703 3.711341 -0.558828
v 2.120967 3.646206 -0.544788
v 1.705859 3.622615 -0.600176
v 1.705859 3.622615 -0.600176
v 2.120967 3.646206 -0.544788
v 1.705996 4.013449 2.120088
v 1.298008 3.986233 2.018274
v 1.705996 4.013449 2.120088
v 2.120967 3.646206 -0.544788
v 2.095703 3.711341 -0.558828
v 1.680732 4.078584 2.106042
v 1.705859 3.622615 -0.600176
v 1.298008 3.986233 2.018274
v 1.321240 4.054124 2.010703
v 1.729092 3.690506 -0.607749
v 1.757520 3.718193 -0.700916
v 2.153047 3.725448 -0.667437
v 2.128672 3.792120 -0.672703
v 1.779102 3.785640 -0.708125
v 1.779102 3.785640 -0.708125
v 2.128672 3.792120 -0.672703
v 2.009570 3.597307 -3.563469
v 1.662109 3.591455 -3.548757
v 1.662109 3.591455 -3.548757
v 2.009570 3.597307 -3.563469
v 2.033945 3.530635 -3.558208
v 1.640527 3.524008 -3.541550
v 1.640527 3.524008 -3.541550
v 2.033945 3.530635 -3.558208
v 2.153047 3.725448 -0.667437
v 1.757520 3.718193 -0.700916
v 2.153047 3.725448 -0.667437
v 2.033945 3.530635 -3.558208
v 2.009570 3.597307 -3.563469
v 2.128672 3.792120 -0.672703
v 1.640527 3.524008 -3.541550
v 1.757520 3.718193 -0.700916
v 1.779102 3.785640 -0.708125
v 1.662109 3.591455 -3.548757
v 2.208838 3.694501 -2.340735
v 2.602373 3.681345 -2.333098
v 2.598555 3.748304 -2.342515
v 2.217480 3.761044 -2.349907
v 2.217480 3.761044 -2.349907
v 2.598555 3.748304 -2.342515
v 2.645488 3.453784 -5.268999
v 2.263594 3.467549 -5.232234
v 2.263594 3.467549 -5.232234
v 2.645488 3.453784 -5.268999
v 2.649307 3.386824 -5.259583
v 2.254951 3.401006 -5.223059
v 2.254951 3.401006 -5.223059
v 2.649307 3.386824 -5.259583
v 2.602373 3.681345 -2.333098
v 2.208838 3.694501 -2.340735
v 2.602373 3.681345 -2.333098
v 2.649307 3.386824 -5.259583
v 2.645488 3.453784 -5.268999
v 2.598555 3.748304 -2.342515
v 2.254951 3.401006 -5.223059
v 2.208838 3.694501 -2.340735
v 2.217480 3.761044 -2.349907
v 2.263594 3.467549 -5.232234
v 0.338486 3.692162 -2.189512
v 0.729033 3.682628 -2.113564
v 0.731240 3.749353 -2.123521
v 0.340693 3.758887 -2.199465
v 0.340693 3.758887 -2.199465
v 0.731240 3.749353 -2.123521
v 0.859189 3.414392 -5.000195
v 0.467910 3.424102 -5.060640
v 0.467910 3.424102 -5.060640
v 0.859189 3.414392 -5.000195
v 0.856982 3.347667 -4.990242
v 0.465703 3.357377 -5.050686
v 0.465703 3.357377 -5.050686
v 0.856982 3.347667 -4.990242
v 0.729033 3.682628 -2.113564
v 0.338486 3.692162 -2.189512
v 0.729033 3.682628 -2.113564
v 0.856982 3.347667 -4.990242
v 0.859189 3.414392 -5.000195
v 0.731240 3.749353 -2.123521
v 0.465703 3.357377 -5.050686
v 0.338486 3.692162 -2.189512
v 0.340693 3.758887 -2.199465
v 0.467910 3.424102 -5.060640
v -0.933750 3.774792 -0.887312
v -0.540176 3.775468 -0.835183
v -0.562910 3.842410 -0.843513
v -0.910469 3.841571 -0.895408
v -0.910469 3.841571 -0.895408
v -0.562910 3.842410 -0.843513
v -0.549336 3.564541 -3.729907
v -0.897148 3.565771 -3.731663
v -0.897148 3.565771 -3.731663
v -0.549336 3.564541 -3.729907
v -0.526611 3.497599 -3.721582
v -0.920430 3.498992 -3.723567
v -0.920430 3.498992 -3.723567
v -0.526611 3.497599 -3.721582
v -0.540176 3.775468 -0.835183
v -0.933750 3.774792 -0.887312
v -0.540176 3.775468 -0.835183
v -0.526611 3.497599 -3.721582
v -0.549336 3.564541 -3.729907
v -0.562910 3.842410 -0.843513
v -0.920430 3.498992 -3.723567
v -0.933750 3.774792 -0.887312
v -0.910469 3.841571 -0.895408
v -0.897148 3.565771 -3.731663
v 0.745225 3.836548 -0.759941
v 1.127168 3.852241 -0.652766
v 1.103809 3.918116 -0.666257
v 0.767354 3.903865 -0.766694
v 0.767354 3.903865 -0.766694
v 1.103809 3.918116 -0.666257
v 1.536338 3.566631 -3.511965
v 1.192451 3.555730 -3.562888
v 1.192451 3.555730 -3.562888
v 1.536338 3.566631 -3.511965
v 1.559697 3.500756 -3.498477
v 1.170313 3.488413 -3.556135
v 1.170313 3.488413 -3.556135
v 1.559697 3.500756 -3.498477
v 1.127168 3.852241 -0.652766
v 0.745225 3.836548 -0.759941
v 1.127168 3.852241 -0.652766
v 1.559697 3.500756 -3.498477
v 1.536338 3.566631 -3.511965
v 1.103809 3.918116 -0.666257
v 1.170313 3.488413 -3.556135
v 0.745225 3.836548 -0.759941
v 0.767354 3.903865 -0.766694
v 1.192451 3.555730 -3.562888
v -4.360684 -0.090696 -0.748306
v -4.360684 -0.090696 -0.748306
v -4.360684 -0.059081 1.785385
v -4.360684 -0.059081 1.785385
v -4.352334 -0.062635 -4.162800
v -4.351123 -0.092297 -2.391008
v -4.305068 -0.088478 -3.561140
v -4.305068 -0.079429 1.153668
v -4.305068 -0.042897 -1.202932
v -4.305039 1.050252 -2.742629
v -4.291201 -0.087256 -3.884260
v -4.291201 -0.070899 0.830548
v -4.291201 -0.054918 -1.526052
v -4.281787 -0.087256 -4.151589
v -4.281787 -0.070899 0.563219
v -4.281787 -0.054918 -1.793381
v -4.279355 -0.116675 -0.050497
v -4.279346 -0.121481 -2.408132
v -4.269893 -0.082377 -1.804592
v -4.268037 -0.065392 -3.040471
v -4.262236 -0.074522 1.385061
v -4.262236 -0.074439 -0.971541
v -4.262236 -0.074413 -3.329749
v -4.246865 -0.121481 -2.739719
v -4.245254 -0.090736 -0.746545
v -4.245254 -0.059081 1.788416
v -4.238906 -0.062423 0.552008
v -4.218242 -0.048554 -0.407841
v -4.203564 3.420364 -4.580403
v -4.198701 -0.060312 -4.557288
v -4.198701 -0.060312 -4.557288
v -4.189297 1.035904 -3.041248
v -4.186357 -0.065613 1.667405
v -4.170381 -0.065615 -4.433528
v -4.170127 -0.085739 -0.965974
v -4.170127 -0.059081 1.410667
v -4.166094 -0.087256 -4.151584
v -4.166094 -0.087256 -4.151584
v -4.166094 -0.070899 0.563224
v -4.166094 -0.070899 0.563224
v -4.166094 -0.054918 -1.793376
v -4.166094 -0.054918 -1.793376
v -4.146318 -0.092216 -2.766184
v -4.141953 -0.092916 -2.396782
v -4.134668 -0.133076 -0.271193
v -4.134668 -0.121481 -2.740281
v -4.095889 -0.087888 -3.566917
v -4.095889 -0.078789 1.147892
v -4.095889 -0.042273 -1.208708
v -4.095889 2.300005 -0.049584
v -4.094971 -0.071434 -3.546985
v -4.094971 -0.071388 -1.188777
v -4.094971 -0.071247 1.167823
v -4.091240 -0.093367 -3.024983
v -4.087939 -0.085567 -2.075320
v -4.077490 -0.065392 -3.304880
v -4.056943 -0.065615 0.281281
v -4.050986 -0.051677 -0.666775
v -3.902441 -0.057332 -4.464783
v -3.896387 -0.062341 1.807141
v -3.888320 -0.071048 -4.579507
v -3.885176 -0.088307 1.789614
v -3.885166 -0.088307 1.700764
v -3.885166 -0.088307 1.700764
v -3.882549 -0.070458 -4.463821
v -3.617842 -0.088307 1.796843
v -3.565205 -0.072877 -4.569875
v -3.418789 1.037761 -4.564993
v -3.300498 -0.132258 1.647871
v -3.297881 -0.072877 -4.500681
v -3.294727 -0.132935 1.808511
v -3.286660 -0.048534 -4.584583
v -3.281836 0.711188 -4.564346
v -3.280566 -0.072002 1.647927
v -3.276172 1.381503 -4.565193
v -3.063330 -0.075274 1.776379
v -3.038467 -0.077367 1.702595
v -3.015938 -0.051513 -4.483953
v -2.774053 -0.077367 1.848931
v -2.774053 -0.077367 1.848931
v -2.771914 -0.077367 1.760286
v -2.758564 -0.118004 1.652507
v -2.554697 -0.103912 -4.566570
v -2.499629 -0.114615 1.780959
v -2.473867 -0.105451 1.678320
v -2.318037 -0.078305 -4.549307
v -2.293203 -0.085666 -4.486555
v -2.141719 -0.105451 1.789431
v -2.130371 -0.139662 1.683242
v -2.124590 -0.138990 1.843879
v -2.059102 -0.081285 -4.456799
v -2.043613 -0.062797 -4.605852
v -1.852256 1.959992 1.763452
v -1.847236 -0.061810 1.838745
v -1.841260 -0.065615 1.678674
v -1.779199 -0.062797 -4.500466
v -1.754336 -0.060312 -4.557288
v -1.570215 -0.064384 1.732251
v -1.566631 1.149055 1.705679
v -1.561602 -0.074347 1.789614
v -1.561592 -0.074348 1.700764
v -1.554072 -0.066594 -4.579507
v -1.549600 -0.066178 -4.463821
v -1.537100 -0.057332 -4.464783
v -1.537100 -0.057332 -4.464783
v -1.493672 1.121949 1.807395
v -1.353320 -0.085557 1.796843
v -1.272344 -0.067670 1.695298
v -1.272236 1.130189 1.804470
v -1.199824 -0.095936 -4.569875
v -0.956816 1.149055 1.840042
v -0.954600 -0.074075 1.734087
v -0.932500 -0.095936 -4.500681
v -0.932500 -0.095936 -4.500681
v -0.932490 -0.095936 -4.564668
v -0.921279 -0.056145 -4.566084
v -0.920430 3.498992 -3.723567
v -0.737480 -0.075305 1.776379
v -0.728809 0.896771 -4.407188
v -0.670762 -0.092932 1.679729
v -0.650557 -0.059125 -4.465452
v -0.491172 1.091161 1.719509
v -0.478818 2.339906 -4.574697
v -0.458711 -0.087203 1.789690
v -0.432715 -0.050084 1.618823
v -0.402959 1.606140 -4.605664
v -0.330293 -0.139935 -4.604980
v -0.324512 -0.140525 -4.489294
v -0.313164 -0.093882 -4.566570
v -0.274912 1.680855 -4.407188
v -0.260625 0.068117 -4.595701
v -0.173916 -0.048850 1.661121
v -0.173779 -0.046802 1.747273
v -0.171270 1.149055 1.667673
v -0.150361 1.092742 1.844087
v -0.148008 -0.105476 1.678320
v -0.147451 -0.105476 1.764480
v 0.018984 -0.093882 -4.486555
v 0.044746 -0.070533 -4.623416
v 0.184141 -0.105476 1.789431
v 0.195488 -0.049980 1.683242
v 0.201260 -0.049329 1.843879
v 0.303682 -0.073512 -4.530908
v 0.317031 -0.120863 -4.542014
v 0.319170 -0.120863 -4.605852
v 0.319170 -0.120863 -4.605852
v 0.465703 3.357377 -5.050686
v 0.512822 -0.065615 1.666289
v 0.583584 -0.120863 -4.500466
v 0.608447 -0.060312 -4.557288
v 0.783545 -0.062329 1.806025
v 0.794756 -0.082729 1.789614
v 0.794766 -0.082729 1.700764
v 0.794766 -0.082729 1.700764
v 0.825684 -0.057332 -4.464783
v 0.839844 -0.080064 -4.579507
v 0.845615 -0.079474 -4.463821
v 1.062090 -0.082729 1.796843
v 1.083291 2.463168 1.702595
v 1.162959 -0.081794 -4.569875
v 1.170313 3.488413 -3.556135
v 1.318496 2.463168 1.848931
v 1.333984 2.503393 1.741440
v 1.430283 -0.081794 -4.500681
v 1.441504 -0.048534 -4.645078
v 1.592783 2.504628 1.783740
v 1.618682 2.500005 1.678320
v 1.619248 2.500005 1.764480
v 1.640527 3.524008 -3.541550
v 1.705859 3.622615 -0.600176
v 1.712227 -0.051513 -4.544448
v 1.950830 2.500005 1.789431
v 2.011396 -0.079507 -4.604980
v 2.017178 -0.080097 -4.489294
v 2.028525 -0.108413 -4.566570
v 2.193330 3.646572 -0.649666
v 2.254951 3.401006 -5.223059
v 2.265654 2.504059 1.796453
v 2.279512 2.487862 1.754851
v 2.360107 -0.108413 -4.548604
v 2.360674 -0.108413 -4.486555
v 2.383926 1.036159 -4.450720
v 2.386572 -0.116431 -4.561372
v 2.550244 2.491148 1.894587
v 2.550557 2.489095 1.808428
v 2.561455 2.470749 1.789614
v 2.561455 2.470749 1.700764
v 2.645371 -0.117552 -4.530903
v 2.660859 -0.084244 -4.605847
v 2.661641 1.051009 -4.493425
v 2.752402 -0.061808 1.797429
v 2.773486 2.470749 1.796843
v 2.778496 3.653655 -0.642515
v 2.792100 -0.065616 1.670518
v 2.925273 -0.084244 -4.500461
v 2.950137 -0.060312 -4.557288
v 3.062832 -0.062331 1.777095
v 3.074043 -0.092111 1.773042
v 3.074043 -0.092111 1.684192
v 3.074043 -0.092111 1.684192
v 3.167373 -0.057332 -4.464783
v 3.167373 -0.057332 -4.464783
v 3.181533 -0.097622 -4.579507
v 3.187305 -0.097032 -4.463821
v 3.341367 -0.092111 1.780271
v 3.504648 -0.113739 -4.569875
v 3.658711 -0.058847 1.631299
v 3.664492 -0.059498 1.791938
v 3.678643 -0.072032 1.631355
v 3.771973 -0.113739 -4.500681
v 3.771973 -0.113739 -4.500681
v 3.771982 -0.113739 -4.564668
v 3.783193 -0.102900 -4.542073
v 3.865449 -0.073289 -2.018269
v 3.892061 -0.065615 -2.969639
v 3.893311 -0.037134 -1.738372
v 3.895879 -0.075317 1.759807
v 3.897393 -0.063821 0.626121
v 3.920752 -0.063361 1.686023
v 3.933701 -0.070197 0.346224
v 3.954092 -0.128810 -1.496267
v 3.954092 -0.096252 0.868226
v 3.954092 -0.071434 -3.856182
v 3.954805 -0.113421 -1.476335
v 3.954805 -0.086974 0.888158
v 3.954805 -0.068121 -3.836250
v 3.964326 -0.065890 1.710049
v 3.964844 -0.037134 -2.004919
v 3.968926 -0.063821 0.359574
v 3.991875 -0.109504 -2.302971
v 3.991875 -0.085608 0.061522
v 3.991924 -0.065726 -0.609724
v 3.998662 -0.165402 -2.646470
v 3.998662 -0.128204 -0.281976
v 4.021436 -0.101259 1.472825
v 4.021436 -0.101259 1.472825
v 4.021436 -0.089730 -3.251582
v 4.021436 -0.089730 -3.251582
v 4.021436 -0.072098 -0.891667
v 4.021436 -0.072098 -0.891667
v 4.024707 -0.070168 -2.277205
v 4.025020 -0.089273 -4.098767
v 4.053916 -0.105880 -4.441443
v 4.065313 -0.062635 -3.240366
v 4.074746 -0.037134 -2.002781
v 4.074746 -0.037134 -2.002781
v 4.078838 -0.063821 0.361713
v 4.078838 -0.063821 0.361713
v 4.092969 -0.067032 0.087289
v 4.096553 -0.089273 -4.437827
v 4.113350 -0.131927 -1.713503
v 4.113350 -0.099466 0.650990
v 4.113350 -0.074413 -4.073418
v 4.129629 -0.109504 -2.635120
v 4.129629 -0.085608 -0.270626
v 4.131602 -0.101259 1.472830
v 4.131602 -0.089730 -3.251577
v 4.131602 -0.072098 -0.891663
v 4.137588 -0.062633 1.484041
v 4.139336 0.068117 1.235913
v 4.140566 -0.101259 1.205502
v 4.140566 -0.089730 -3.518906
v 4.140566 -0.072098 -1.158992
v 4.152969 2.339906 1.212473
v 4.153975 -0.114048 -1.482112
v 4.153975 -0.087620 0.882382
v 4.153975 -0.068712 -3.842026
v 4.165176 -0.062636 -0.880452
v 4.173203 3.119666 0.885448
v 4.185156 -0.063361 1.832360
v 4.185156 -0.063361 1.832360
v 4.185615 1.606140 1.144026
v 4.187295 -0.063361 1.743715
v 4.197832 -0.164781 -2.652244
v 4.197832 -0.127572 -0.287750
v 4.206455 -0.089273 -4.435105
v 4.206455 -0.089273 -4.435105
v 4.216357 3.554695 0.236134
vt 0.491303 1.109447
vt 0.522045 1.109448
vt 0.522045 2.125449
vt 0.491303 2.125449
vt 0.413274 -0.101009
vt 0.413274 0.985726
vt 0.384363 0.985726
vt 0.383918 -0.101008
vt 0.701063 1.118173
vt 0.714116 2.134174
vt 0.585923 2.134174
vt 0.579816 1.118173
vt 0.552775 0.987053
vt 0.421795 0.987053
vt 0.431528 -0.099682
vt 0.568834 -0.099682
vt 0.626832 0.618441
vt 0.616633 0.381559
vt 0.690446 0.386271
vt 0.666548 0.618441
vt 0.294742 1.078870
vt 0.334090 1.078871
vt 0.334090 2.155506
vt 0.294742 2.155505
vt 0.169651 -0.111240
vt 0.169651 0.995933
vt 0.133730 0.995932
vt 0.133178 -0.111240
vt 0.508329 1.088116
vt 0.521383 2.164752
vt 0.393189 2.164751
vt 0.387083 1.088116
vt 0.360041 0.997284
vt 0.229062 0.997284
vt 0.238795 -0.109889
vt 0.376100 -0.109889
vt 0.410808 0.622218
vt 0.404019 0.377782
vt 0.453152 0.382645
vt 0.437245 0.622218
vt 0.938208 -0.227415
vt 1.069187 -0.227415
vt 1.069187 1.096931
vt 0.938207 1.096930
vt 0.854777 -0.217622
vt 0.854777 1.106724
vt 0.817062 1.106723
vt 0.816482 -0.217622
vt 1.192544 -0.216042
vt 1.205598 1.108304
vt 1.077404 1.108303
vt 1.071298 -0.216042
vt 1.044256 1.108341
vt 0.913277 1.108341
vt 0.923010 -0.216006
vt 1.060316 -0.216006
vt 0.599059 0.287948
vt 0.627660 0.703842
vt 0.530784 0.711906
vt 0.547096 0.288582
vt 0.491303 1.109447
vt 0.522045 1.109448
vt 0.522045 2.125449
vt 0.491303 2.125449
vt 0.413274 -0.101009
vt 0.413274 0.985726
vt 0.384363 0.985726
vt 0.383918 -0.101008
vt 0.701063 1.118173
vt 0.714116 2.134174
vt 0.585923 2.134174
vt 0.579816 1.118173
vt 0.552775 0.987053
vt 0.421795 0.987053
vt 0.431528 -0.099682
vt 0.568834 -0.099682
vt 0.626832 0.618441
vt 0.616633 0.381559
vt 0.690446 0.386271
vt 0.666548 0.618441
vt 1.287774 -0.227415
vt 1.307639 -0.227415
vt 1.307639 1.096931
vt 1.287774 1.096930
vt 0.854777 -0.217622
vt 0.854777 1.106724
vt 0.817062 1.106723
vt 0.816482 -0.217622
vt 1.192544 -0.216042
vt 1.205598 1.108304
vt 1.077404 1.108303
vt 1.071298 -0.216042
vt 1.044256 1.108341
vt 0.913277 1.108341
vt 0.923010 -0.216006
vt 1.060316 -0.216006
vt 0.599059 0.287948
vt 0.627660 0.703842
vt 0.530784 0.711906
vt 0.547096 0.288582
vt 0.646596 1.085246
vt 0.677338 1.085246
vt 0.677338 2.101248
vt 0.646596 2.101247
vt 0.568567 -0.125210
vt 0.568567 0.961525
vt 0.539656 0.961525
vt 0.539211 -0.125210
vt 0.856356 1.093971
vt 0.869410 2.109973
vt 0.741216 2.109972
vt 0.735110 1.093971
vt 0.708068 0.962851
vt 0.577089 0.962851
vt 0.586821 -0.123884
vt 0.724127 -0.123884
vt 0.782125 0.594240
vt 0.771926 0.357357
vt 0.845739 0.362069
vt 0.821841 0.594240
vt 0.064827 0.982064
vt 0.104176 0.982065
vt 0.104176 2.058699
vt 0.064827 2.058699
vt -0.060263 -0.208046
vt -0.060263 0.899127
vt -0.096185 0.899126
vt -0.096737 -0.208046
vt 0.278415 0.991310
vt 0.291468 2.067945
vt 0.163275 2.067945
vt 0.157168 0.991310
vt 0.130126 0.900478
vt -0.000853 0.900478
vt 0.008880 -0.206695
vt 0.146186 -0.206695
vt 0.180893 0.525412
vt 0.174104 0.280976
vt 0.223237 0.285838
vt 0.207330 0.525412
vt 0.938208 -0.227415
vt 1.069187 -0.227415
vt 1.069187 1.096931
vt 0.938207 1.096930
vt 0.854777 -0.217622
vt 0.854777 1.106724
vt 0.817062 1.106723
vt 0.816482 -0.217622
vt 1.192544 -0.216042
vt 1.205598 1.108304
vt 1.077404 1.108303
vt 1.071298 -0.216042
vt 1.044256 1.108341
vt 0.913277 1.108341
vt 0.923010 -0.216006
vt 1.060316 -0.216006
vt 0.599059 0.287948
vt 0.627660 0.703842
vt 0.530784 0.711906
vt 0.547096 0.288582
vt 0.491303 1.109447
vt 0.522045 1.109448
vt 0.522045 2.125449
vt 0.491303 2.125449
vt 0.413274 -0.101009
vt 0.413274 0.985726
vt 0.384363 0.985726
vt 0.383918 -0.101008
vt 0.701063 1.118173
vt 0.714116 2.134174
vt 0.585923 2.134174
vt 0.579816 1.118173
vt 0.552775 0.987053
vt 0.421795 0.987053
vt 0.431528 -0.099682
vt 0.568834 -0.099682
vt 0.626832 0.618441
vt 0.616633 0.381559
vt 0.690446 0.386271
vt 0.666548 0.618441
vt 0.294742 0.585685
vt 0.334090 0.585686
vt 0.334090 1.662321
vt 0.294742 1.662320
vt 0.169651 -0.604425
vt 0.169651 0.502748
vt 0.133730 0.502748
vt 0.133178 -0.604425
vt 0.508329 0.594931
vt 0.521383 1.671567
vt 0.393189 1.671566
vt 0.387083 0.594931
vt 0.360041 0.504100
vt 0.229062 0.504100
vt 0.238795 -0.603074
vt 0.376100 -0.603074
vt 0.410808 0.129033
vt 0.404019 -0.115403
vt 0.453152 -0.110540
vt 0.437245 0.129033
vt 0.489224 1.031047
vt 0.524641 1.031047
vt 0.524641 2.202515
vt 0.489224 2.202514
vt 0.364240 -0.150110
vt 0.364240 1.034708
vt 0.324665 1.034707
vt 0.324057 -0.150109
vt 0.701063 1.041107
vt 0.714116 2.212575
vt 0.585923 2.212575
vt 0.579816 1.041107
vt 0.552775 1.036154
vt 0.421795 1.036154
vt 0.431528 -0.148664
vt 0.568834 -0.148664
vt 0.626832 0.618441
vt 0.616633 0.381559
vt 0.690446 0.386271
vt 0.666548 0.618441
vt -0.055680 -0.637813
vt -0.031469 -0.637812
vt -0.031469 0.569586
vt -0.055680 0.569586
vt 0.273457 -0.632475
vt 0.273457 0.574923
vt 0.246729 0.574923
vt 0.246318 -0.632475
vt 0.151175 -0.627444
vt 0.164229 0.579955
vt 0.036035 0.579955
vt 0.029929 -0.627444
vt 0.468514 0.576397
vt 0.337535 0.576397
vt 0.347268 -0.631002
vt 0.484574 -0.631002
vt 0.666626 0.806220
vt 0.658364 0.401019
vt 0.718160 0.409080
vt 0.698801 0.806220
vt 1.287774 -0.227415
vt 1.307639 -0.227415
vt 1.306628 0.655482
vt 1.286763 0.655482
vt 0.853098 0.223827
vt 0.854777 1.106724
vt 0.817062 1.106723
vt 0.820121 0.223826
vt 1.192544 -0.216042
vt 1.197864 0.666856
vt 1.076845 0.666855
vt 1.071298 -0.216042
vt 1.044256 1.108341
vt 0.913277 1.108341
vt 0.923010 0.225443
vt 1.049576 0.225443
vt 0.599059 0.287948
vt 0.627660 0.703842
vt 0.530784 0.711906
vt 0.547096 0.288582
vt 0.552161 0.461250
vt 0.551826 0.553488
vt 0.436638 0.536248
vt 0.491303 1.109447
vt 0.522045 1.109448
vt 0.522045 2.125449
vt 0.491303 2.125449
vt 0.413274 -0.101009
vt 0.413274 0.985726
vt 0.384363 0.985726
vt 0.383918 -0.101008
vt 0.701063 1.118173
vt 0.714116 2.134174
vt 0.585923 2.134174
vt 0.579816 1.118173
vt 0.552775 0.987053
vt 0.421795 0.987053
vt 0.431528 -0.099682
vt 0.568834 -0.099682
vt 0.626832 0.618441
vt 0.616633 0.381559
vt 0.690446 0.386271
vt 0.666548 0.618441
vt 0.179785 1.038534
vt 0.219133 1.038535
vt 0.219133 2.115170
vt 0.179785 2.115170
vt 0.054694 -0.151576
vt 0.054694 0.955597
vt 0.018773 0.955597
vt 0.018220 -0.151576
vt 0.393372 1.047780
vt 0.406426 2.124416
vt 0.278232 2.124415
vt 0.272126 1.047780
vt 0.245084 0.956948
vt 0.114104 0.956948
vt 0.123837 -0.150225
vt 0.261143 -0.150225
vt 0.295850 0.581882
vt 0.289062 0.337446
vt 0.338194 0.342309
vt 0.322287 0.581882
vt 0.938208 -0.227415
vt 1.069187 -0.227415
vt 1.069187 1.096931
vt 0.938207 1.096930
vt 0.854777 -0.217622
vt 0.854777 1.106724
vt 0.817062 1.106723
vt 0.816482 -0.217622
vt 1.192544 -0.216042
vt 1.205598 1.108304
vt 1.077404 1.108303
vt 1.071298 -0.216042
vt 1.044256 1.108341
vt 0.913277 1.108341
vt 0.923010 -0.216006
vt 1.060316 -0.216006
vt 0.599059 0.287948
vt 0.627660 0.703842
vt 0.530784 0.711906
vt 0.547096 0.288582
vt 0.491303 1.109447
vt 0.522045 1.109448
vt 0.522045 2.125449
vt 0.491303 2.125449
vt 0.413274 -0.101009
vt 0.413274 0.985726
vt 0.384363 0.985726
vt 0.383918 -0.101008
vt 0.701063 1.118173
vt 0.714116 2.134174
vt 0.585923 2.134174
vt 0.579816 1.118173
vt 0.552775 0.987053
vt 0.421795 0.987053
vt 0.431528 -0.099682
vt 0.568834 -0.099682
vt 0.626832 0.618441
vt 0.616633 0.381559
vt 0.690446 0.386271
vt 0.666548 0.618441
vt 0.294742 0.625539
vt 0.334090 0.625539
vt 0.334090 1.702174
vt 0.294742 1.702174
vt 0.169651 -0.564572
vt 0.169651 0.542601
vt 0.133730 0.542601
vt 0.133178 -0.564571
vt 0.508329 0.634784
vt 0.521383 1.711420
vt 0.393189 1.711419
vt 0.387083 0.634784
vt 0.360041 0.543953
vt 0.229062 0.543953
vt 0.238795 -0.563220
vt 0.376100 -0.563220
vt 0.410808 0.168886
vt 0.404019 -0.075549
vt 0.453152 -0.070687
vt 0.437245 0.168886
vt 0.491303 1.109447
vt 0.522045 1.109448
vt 0.522045 2.125449
vt 0.491303 2.125449
vt 0.413274 -0.101009
vt 0.413274 0.985726
vt 0.384363 0.985726
vt 0.383918 -0.101008
vt 0.701063 1.118173
vt 0.714116 2.134174
vt 0.585923 2.134174
vt 0.579816 1.118173
vt 0.552775 0.987053
vt 0.421795 0.987053
vt 0.431528 -0.099682
vt 0.568834 -0.099682
vt 0.626832 0.618441
vt 0.616633 0.381559
vt 0.690446 0.386271
vt 0.666548 0.618441
vt 0.109197 1.066769
vt 0.148545 1.066770
vt 0.148545 2.143405
vt 0.109197 2.143404
vt -0.015894 -0.123341
vt -0.015894 0.983832
vt -0.051815 0.983832
vt -0.052367 -0.123341
vt 0.322784 1.076015
vt 0.335838 2.152651
vt 0.207644 2.152650
vt 0.201538 1.076015
vt 0.174496 0.985184
vt 0.043517 0.985184
vt 0.053249 -0.121989
vt 0.190555 -0.121989
vt 0.225263 0.610117
vt 0.218474 0.365681
vt 0.267606 0.370544
vt 0.251699 0.610117
vt 0.938208 -0.227415
vt 1.069187 -0.227415
vt 1.069187 1.096931
vt 0.938207 1.096930
vt 0.854777 -0.217622
vt 0.854777 1.106724
vt 0.817062 1.106723
vt 0.816482 -0.217622
vt 1.192544 -0.216042
vt 1.205598 1.108304
vt 1.077404 1.108303
vt 1.071298 -0.216042
vt 1.044256 1.108341
vt 0.913277 1.108341
vt 0.923010 -0.216006
vt 1.060316 -0.216006
vt 0.599059 0.287948
vt 0.627660 0.703842
vt 0.530784 0.711906
vt 0.547096 0.288582
vt 0.491303 1.109447
vt 0.522045 1.109448
vt 0.522045 2.125449
vt 0.491303 2.125449
vt 0.413274 -0.101009
vt 0.413274 0.985726
vt 0.384363 0.985726
vt 0.383918 -0.101008
vt 0.701063 1.118173
vt 0.714116 2.134174
vt 0.585923 2.134174
vt 0.579816 1.118173
vt 0.552775 0.987053
vt 0.421795 0.987053
vt 0.431528 -0.099682
vt 0.568834 -0.099682
vt 0.626832 0.618441
vt 0.616633 0.381559
vt 0.690446 0.386271
vt 0.666548 0.618441
vt 0.294742 1.078870
vt 0.334090 1.078871
vt 0.334090 2.155506
vt 0.294742 2.155505
vt 0.169651 -0.111240
vt 0.169651 0.995933
vt 0.133730 0.995932
vt 0.133178 -0.111240
vt 0.508329 1.088116
vt 0.521383 2.164752
vt 0.393189 2.164751
vt 0.387083 1.088116
vt 0.360041 0.997284
vt 0.229062 0.997284
vt 0.238795 -0.109889
vt 0.376100 -0.109889
vt 0.410808 0.622218
vt 0.404019 0.377782
vt 0.453152 0.382645
vt 0.437245 0.622218
vt 0.489224 0.585335
vt 0.524641 0.585335
vt 0.524641 1.756803
vt 0.489224 1.756803
vt 0.364240 -0.595822
vt 0.364240 0.588996
vt 0.324665 0.588996
vt 0.324057 -0.595821
vt 0.701063 0.595395
vt 0.714116 1.766864
vt 0.585923 1.766863
vt 0.579816 0.595395
vt 0.552775 0.590442
vt 0.421795 0.590442
vt 0.431528 -0.594376
vt 0.568834 -0.594376
vt 0.626832 0.172730
vt 0.616633 -0.064153
vt 0.690446 -0.059441
vt 0.666548 0.172730
vt -0.055680 -0.637813
vt -0.031469 -0.637812
vt -0.031469 0.569586
vt -0.055680 0.569586
vt 0.273457 -0.632475
vt 0.273457 0.574923
vt 0.246729 0.574923
vt 0.246318 -0.632475
vt 0.151175 -0.627444
vt 0.164229 0.579955
vt 0.036035 0.579955
vt 0.029929 -0.627444
vt 0.468514 0.576397
vt 0.337535 0.576397
vt 0.347268 -0.631002
vt 0.484574 -0.631002
vt 0.666626 0.806220
vt 0.658364 0.401019
vt 0.718160 0.409080
vt 0.698801 0.806220
vt 1.287774 -0.227415
vt 1.307639 -0.227415
vt 1.307639 1.096931
vt 1.287774 1.096930
vt 0.854777 -0.217622
vt 0.854777 1.106724
vt 0.817062 1.106723
vt 0.816482 -0.217622
vt 1.192544 -0.216042
vt 1.205598 1.108304
vt 1.077404 1.108303
vt 1.071298 -0.216042
vt 1.044256 1.108341
vt 0.913277 1.108341
vt 0.923010 -0.216006
vt 1.060316 -0.216006
vt 0.599059 0.287948
vt 0.627660 0.703842
vt 0.530784 0.711906
vt 0.547096 0.288582
vt 1.287774 -0.227415
vt 1.307639 -0.227415
vt 1.307639 1.096931
vt 1.287774 1.096930
vt 0.854777 -0.217622
vt 0.854777 1.106724
vt 0.817062 1.106723
vt 0.816482 -0.217622
vt 1.192544 -0.216042
vt 1.205598 1.108304
vt 1.077404 1.108303
vt 1.071298 -0.216042
vt 1.044256 1.108341
vt 0.913277 1.108341
vt 0.923010 -0.216006
vt 1.060316 -0.216006
vt 0.599059 0.287948
vt 0.627660 0.703842
vt 0.530784 0.711906
vt 0.547096 0.288582
vt 0.491303 1.109447
vt 0.522045 1.109448
vt 0.522045 2.125449
vt 0.491303 2.125449
vt 0.413274 -0.101009
vt 0.413274 0.985726
vt 0.384363 0.985726
vt 0.383918 -0.101008
vt 0.701063 1.118173
vt 0.714116 2.134174
vt 0.585923 2.134174
vt 0.579816 1.118173
vt 0.552775 0.987053
vt 0.421795 0.987053
vt 0.431528 -0.099682
vt 0.568834 -0.099682
vt 0.626832 0.618441
vt 0.616633 0.381559
vt 0.690446 0.386271
vt 0.666548 0.618441
vt 0.294742 1.078870
vt 0.334090 1.078871
vt 0.334090 2.155506
vt 0.294742 2.155505
vt 0.169651 -0.111240
vt 0.169651 0.995933
vt 0.133730 0.995932
vt 0.133178 -0.111240
vt 0.508329 1.088116
vt 0.521383 2.164752
vt 0.393189 2.164751
vt 0.387083 1.088116
vt 0.360041 0.997284
vt 0.229062 0.997284
vt 0.238795 -0.109889
vt 0.376100 -0.109889
vt 0.410808 0.622218
vt 0.404019 0.377782
vt 0.453152 0.382645
vt 0.437245 0.622218
vt 0.938208 -0.227415
vt 1.069187 -0.227415
vt 1.069187 1.096931
vt 0.938207 1.096930
vt 0.854777 -0.217622
vt 0.854777 1.106724
vt 0.817062 1.106723
vt 0.816482 -0.217622
vt 1.192544 -0.216042
vt 1.205598 1.108304
vt 1.077404 1.108303
vt 1.071298 -0.216042
vt 1.044256 1.108341
vt 0.913277 1.108341
vt 0.923010 -0.216006
vt 1.060316 -0.216006
vt 0.599059 0.287948
vt 0.627660 0.703842
vt 0.530784 0.711906
vt 0.547096 0.288582
vt 0.491303 1.109447
vt 0.522045 1.109448
vt 0.522045 2.125449
vt 0.491303 2.125449
vt 0.413274 -0.101009
vt 0.413274 0.985726
vt 0.384363 0.985726
vt 0.383918 -0.101008
vt 0.701063 1.118173
vt 0.714116 2.134174
vt 0.585923 2.134174
vt 0.579816 1.118173
vt 0.552775 0.987053
vt 0.421795 0.987053
vt 0.431528 -0.099682
vt 0.568834 -0.099682
vt 0.626832 0.618441
vt 0.616633 0.381559
vt 0.690446 0.386271
vt 0.666548 0.618441
vt 0.294742 1.078870
vt 0.334090 1.078871
vt 0.334090 2.155506
vt 0.294742 2.155505
vt 0.169651 -0.111240
vt 0.169651 0.995933
vt 0.133730 0.995932
vt 0.133178 -0.111240
vt 0.508329 1.088116
vt 0.521383 2.164752
vt 0.393189 2.164751
vt 0.387083 1.088116
vt 0.360041 0.997284
vt 0.229062 0.997284
vt 0.238795 -0.109889
vt 0.376100 -0.109889
vt 0.410808 0.622218
vt 0.404019 0.377782
vt 0.453152 0.382645
vt 0.437245 0.622218
vt 0.491303 1.109447
vt 0.522045 1.109448
vt 0.522045 2.125449
vt 0.491303 2.125449
vt 0.413274 -0.101009
vt 0.413274 0.985726
vt 0.384363 0.985726
vt 0.383918 -0.101008
vt 0.701063 1.118173
vt 0.714116 2.134174
vt 0.585923 2.134174
vt 0.579816 1.118173
vt 0.552775 0.987053
vt 0.421795 0.987053
vt 0.431528 -0.099682
vt 0.568834 -0.099682
vt 0.626832 0.618441
vt 0.616633 0.381559
vt 0.690446 0.386271
vt 0.666548 0.618441
vt 0.294742 1.078870
vt 0.334090 1.078871
vt 0.334090 2.155506
vt 0.294742 2.155505
vt 0.169651 -0.111240
vt 0.169651 0.995933
vt 0.133730 0.995932
vt 0.133178 -0.111240
vt 0.508329 1.088116
vt 0.521383 2.164752
vt 0.393189 2.164751
vt 0.387083 1.088116
vt 0.360041 0.997284
vt 0.229062 0.997284
vt 0.238795 -0.109889
vt 0.376100 -0.109889
vt 0.410808 0.622218
vt 0.404019 0.377782
vt 0.453152 0.382645
vt 0.437245 0.622218
vt 0.760730 0.655941
vt 0.891709 0.655942
vt 0.891709 1.980287
vt 0.760730 1.980287
vt 0.677299 0.665734
vt 0.677299 1.990080
vt 0.639584 1.990080
vt 0.639004 0.665734
vt 1.015067 0.667314
vt 1.028120 1.991660
vt 0.899927 1.991660
vt 0.893820 0.667314
vt 0.866779 1.991697
vt 0.735799 1.991697
vt 0.745532 0.667350
vt 0.882838 0.667350
vt 0.421581 1.171304
vt 0.450182 1.587198
vt 0.353306 1.595263
vt 0.369619 1.171938
vt 0.349221 1.173947
vt 0.319365 1.595408
vt 0.267681 1.586859
vt 0.251065 1.171304
vt 0.491303 1.109447
vt 0.522045 1.109448
vt 0.522045 2.125449
vt 0.491303 2.125449
vt 0.413274 -0.101009
vt 0.413274 0.985726
vt 0.384363 0.985726
vt 0.383918 -0.101008
vt 0.701063 1.118173
vt 0.714116 2.134174
vt 0.585923 2.134174
vt 0.579816 1.118173
vt 0.552775 0.987053
vt 0.421795 0.987053
vt 0.431528 -0.099682
vt 0.568834 -0.099682
vt 0.626832 0.618441
vt 0.616633 0.381559
vt 0.690446 0.386271
vt 0.666548 0.618441
vt 0.294742 1.078870
vt 0.334090 1.078871
vt 0.334090 2.155506
vt 0.294742 2.155505
vt 0.169651 -0.111240
vt 0.169651 0.995933
vt 0.133730 0.995932
vt 0.133178 -0.111240
vt 0.508329 1.088116
vt 0.521383 2.164752
vt 0.393189 2.164751
vt 0.387083 1.088116
vt 0.360041 0.997284
vt 0.229062 0.997284
vt 0.238795 -0.109889
vt 0.376100 -0.109889
vt 0.410808 0.622218
vt 0.404019 0.377782
vt 0.453152 0.382645
vt 0.437245 0.622218
vt 0.489224 1.031047
vt 0.524641 1.031047
vt 0.524641 2.202515
vt 0.489224 2.202514
vt 0.364240 -0.150110
vt 0.364240 1.034708
vt 0.324665 1.034707
vt 0.324057 -0.150109
vt 0.701063 1.041107
vt 0.714116 2.212575
vt 0.585923 2.212575
vt 0.579816 1.041107
vt 0.552775 1.036154
vt 0.421795 1.036154
vt 0.431528 -0.148664
vt 0.568834 -0.148664
vt 0.626832 0.618441
vt 0.616633 0.381559
vt 0.690446 0.386271
vt 0.666548 0.618441
vt -0.055680 -0.637813
vt -0.031469 -0.637812
vt -0.031469 0.569586
vt -0.055680 0.569586
vt 0.273457 -0.632475
vt 0.273457 0.574923
vt 0.246729 0.574923
vt 0.246318 -0.632475
vt 0.151175 -0.627444
vt 0.164229 0.579955
vt 0.036035 0.579955
vt 0.029929 -0.627444
vt 0.468514 0.576397
vt 0.337535 0.576397
vt 0.347268 -0.631002
vt 0.484574 -0.631002
vt 0.666626 0.806220
vt 0.658364 0.401019
vt 0.718160 0.409080
vt 0.698801 0.806220
vt 1.287774 -0.227415
vt 1.307639 -0.227415
vt 1.307639 1.096931
vt 1.287774 1.096930
vt 0.854777 -0.217622
vt 0.854777 1.106724
vt 0.817062 1.106723
vt 0.816482 -0.217622
vt 1.192544 -0.216042
vt 1.205598 1.108304
vt 1.077404 1.108303
vt 1.071298 -0.216042
vt 1.044256 1.108341
vt 0.913277 1.108341
vt 0.923010 -0.216006
vt 1.060316 -0.216006
vt 0.599059 0.287948
vt 0.627660 0.703842
vt 0.530784 0.711906
vt 0.547096 0.288582
vt 0.491303 0.907768
vt 0.522045 0.907768
vt 0.522045 1.923770
vt 0.491303 1.923769
vt 0.413274 -0.302688
vt 0.413274 0.784047
vt 0.384363 0.784047
vt 0.383918 -0.302688
vt 0.701063 0.916493
vt 0.714116 1.932495
vt 0.585923 1.932495
vt 0.579816 0.916493
vt 0.552775 0.785374
vt 0.421795 0.785374
vt 0.431528 -0.301362
vt 0.568834 -0.301362
vt 0.626832 0.416762
vt 0.616633 0.179879
vt 0.690446 0.184591
vt 0.666548 0.416762
vt 0.492388 1.078870
vt 0.531736 1.078871
vt 0.531736 2.155506
vt 0.492388 2.155505
vt 0.367297 -0.111240
vt 0.367297 0.995933
vt 0.331376 0.995932
vt 0.330823 -0.111240
vt 0.705974 1.088116
vt 0.719028 2.164752
vt 0.590835 2.164751
vt 0.584728 1.088116
vt 0.557687 0.997284
vt 0.426707 0.997284
vt 0.436440 -0.109889
vt 0.573746 -0.109889
vt 0.608453 0.622218
vt 0.601664 0.377782
vt 0.650797 0.382645
vt 0.634890 0.622218
vt 0.938208 -0.227415
vt 1.069187 -0.227415
vt 1.069187 1.096931
vt 0.938207 1.096930
vt 0.854777 -0.217622
vt 0.854777 1.106724
vt 0.817062 1.106723
vt 0.816482 -0.217622
vt 1.192544 -0.216042
vt 1.205598 1.108304
vt 1.077404 1.108303
vt 1.071298 -0.216042
vt 1.044256 1.108341
vt 0.913277 1.108341
vt 0.923010 -0.216006
vt 1.060316 -0.216006
vt 0.599059 0.287948
vt 0.627660 0.703842
vt 0.530784 0.711906
vt 0.547096 0.288582
vt 0.491303 1.109447
vt 0.522045 1.109448
vt 0.522045 2.125449
vt 0.491303 2.125449
vt 0.413274 -0.101009
vt 0.413274 0.985726
vt 0.384363 0.985726
vt 0.383918 -0.101008
vt 0.701063 1.118173
vt 0.714116 2.134174
vt 0.585923 2.134174
vt 0.579816 1.118173
vt 0.552775 0.987053
vt 0.421795 0.987053
vt 0.431528 -0.099682
vt 0.568834 -0.099682
vt 0.626832 0.618441
vt 0.616633 0.381559
vt 0.690446 0.386271
vt 0.666548 0.618441
vt 0.294742 0.421290
vt 0.334090 0.421291
vt 0.334090 1.497926
vt 0.294742 1.497925
vt 0.169651 -0.768820
vt 0.169651 0.338353
vt 0.133730 0.338353
vt 0.133178 -0.768819
vt 0.508329 0.430536
vt 0.521383 1.507172
vt 0.393189 1.507171
vt 0.387083 0.430536
vt 0.360041 0.339704
vt 0.229062 0.339704
vt 0.238795 -0.767468
vt 0.376100 -0.767468
vt 0.410808 -0.035362
vt 0.404019 -0.279798
vt 0.453152 -0.274935
vt 0.437245 -0.035362
vt 0.489224 1.031047
vt 0.524641 1.031047
vt 0.524641 2.202515
vt 0.489224 2.202514
vt 0.364240 -0.150110
vt 0.364240 1.034708
vt 0.324665 1.034707
vt 0.324057 -0.150109
vt 0.701063 1.041107
vt 0.714116 2.212575
vt 0.585923 2.212575
vt 0.579816 1.041107
vt 0.552775 1.036154
vt 0.421795 1.036154
vt 0.431528 -0.148664
vt 0.568834 -0.148664
vt 0.626832 0.618441
vt 0.616633 0.381559
vt 0.690446 0.386271
vt 0.666548 0.618441
vt 0.154067 -0.218320
vt 0.178277 -0.218319
vt 0.178277 0.989080
vt 0.154066 0.989079
vt 0.483204 -0.212982
vt 0.483204 0.994416
vt 0.456476 0.994416
vt 0.456065 -0.212982
vt 0.360922 -0.207951
vt 0.373975 0.999449
vt 0.245782 0.999448
vt 0.239675 -0.207951
vt 0.678261 0.995890
vt 0.547282 0.995890
vt 0.557014 -0.211508
vt 0.694320 -0.211508
vt 0.876372 1.225713
vt 0.868110 0.820513
vt 0.927907 0.828573
vt 0.908547 1.225713
vt 1.287774 -0.227415
vt 1.307639 -0.227415
vt 1.307639 1.096931
vt 1.287774 1.096930
vt 0.854777 -0.217622
vt 0.854777 1.106724
vt 0.817062 1.106723
vt 0.816482 -0.217622
vt 1.192544 -0.216042
vt 1.205598 1.108304
vt 1.077404 1.108303
vt 1.071298 -0.216042
vt 1.044256 1.108341
vt 0.913277 1.108341
vt 0.923010 -0.216006
vt 1.060316 -0.216006
vt 0.599059 0.287948
vt 0.627660 0.703842
vt 0.530784 0.711906
vt 0.547096 0.288582
vt 0.491303 1.109447
vt 0.522045 1.109448
vt 0.522045 2.125449
vt 0.491303 2.125449
vt 0.413274 -0.101009
vt 0.413274 0.985726
vt 0.384363 0.985726
vt 0.383918 -0.101008
vt 0.701063 1.118173
vt 0.714116 2.134174
vt 0.585923 2.134174
vt 0.579816 1.118173
vt 0.552775 0.987053
vt 0.421795 0.987053
vt 0.431528 -0.099682
vt 0.568834 -0.099682
vt 0.626832 0.618441
vt 0.616633 0.381559
vt 0.690446 0.386271
vt 0.666548 0.618441
vt 0.294742 0.764250
vt 0.334090 0.764251
vt 0.334090 1.840886
vt 0.294742 1.840885
vt 0.169651 -0.425860
vt 0.169651 0.681313
vt 0.133730 0.681313
vt 0.133178 -0.425860
vt 0.508329 0.773496
vt 0.521383 1.850131
vt 0.393189 1.850131
vt 0.387083 0.773496
vt 0.360041 0.682664
vt 0.229062 0.682664
vt 0.238795 -0.424509
vt 0.376100 -0.424509
vt 0.410808 0.307598
vt 0.404019 0.063162
vt 0.453152 0.068025
vt 0.437245 0.307598
vt 0.938208 -0.227415
vt 1.069187 -0.227415
vt 1.069187 1.096931
vt 0.938207 1.096930
vt 0.854777 -0.217622
vt 0.854777 1.106724
vt 0.817062 1.106723
vt 0.816482 -0.217622
vt 1.192544 -0.216042
vt 1.205598 1.108304
vt 1.077404 1.108303
vt 1.071298 -0.216042
vt 1.044256 1.108341
vt 0.913277 1.108341
vt 0.923010 -0.216006
vt 1.060316 -0.216006
vt 0.599059 0.287948
vt 0.627660 0.703842
vt 0.530784 0.711906
vt 0.547096 0.288582
vt 0.491303 1.109447
vt 0.522045 1.109448
vt 0.522045 2.125449
vt 0.491303 2.125449
vt 0.413274 -0.101009
vt 0.413274 0.985726
vt 0.384363 0.985726
vt 0.383918 -0.101008
vt 0.701063 1.118173
vt 0.714116 2.134174
vt 0.585923 2.134174
vt 0.579816 1.118173
vt 0.552775 0.987053
vt 0.421795 0.987053
vt 0.431528 -0.099682
vt 0.568834 -0.099682
vt 0.626832 0.618441
vt 0.616633 0.381559
vt 0.690446 0.386271
vt 0.666548 0.618441
vt 0.135329 1.078870
vt 0.174677 1.078871
vt 0.174677 2.155506
vt 0.135329 2.155505
vt 0.010238 -0.111240
vt 0.010238 0.995933
vt -0.025683 0.995932
vt -0.026236 -0.111240
vt 0.348916 1.088116
vt 0.361969 2.164752
vt 0.233776 2.164751
vt 0.227669 1.088116
vt 0.200628 0.997284
vt 0.069648 0.997284
vt 0.079381 -0.109889
vt 0.216687 -0.109889
vt 0.251394 0.622218
vt 0.244606 0.377782
vt 0.293738 0.382645
vt 0.277831 0.622218
vt 0.491303 1.109447
vt 0.522045 1.109448
vt 0.521958 2.106659
vt 0.491203 2.103744
vt 0.413209 -0.082851
vt 0.413274 0.985726
vt 0.384363 0.985726
vt 0.384103 -0.077019
vt 0.713621 2.112469
vt 0.585886 2.111746
vt 0.579816 1.118173
vt 0.701063 1.118173
vt 0.552775 0.987053
vt 0.421795 0.987053
vt 0.431528 -0.081525
vt 0.568238 -0.079584
vt 0.626832 0.618441
vt 0.616633 0.381559
vt 0.690446 0.386271
vt 0.666548 0.618441
vt 0.294742 1.078870
vt 0.334090 1.078871
vt 0.333966 2.133223
vt 0.294632 2.135786
vt 0.169552 -0.088268
vt 0.169651 0.995933
vt 0.133730 0.995932
vt 0.133348 -0.093067
vt 0.520958 2.145032
vt 0.393162 2.147079
vt 0.387083 1.088116
vt 0.508329 1.088116
vt 0.360041 0.997284
vt 0.229062 0.997284
vt 0.238795 -0.086917
vt 0.375434 -0.086974
vt 0.410808 0.622218
vt 0.404019 0.377782
vt 0.453152 0.382645
vt 0.437245 0.622218
vt 0.938208 -0.227415
vt 1.069187 -0.227415
vt 1.068815 1.072347
vt 0.937881 1.075308
vt 0.854680 -0.192117
vt 0.854777 1.106724
vt 0.817062 1.106723
vt 0.816646 -0.197712
vt 1.205219 1.086681
vt 1.077379 1.088393
vt 1.071298 -0.216042
vt 1.192544 -0.216042
vt 1.044256 1.108341
vt 0.913277 1.108341
vt 0.923010 -0.190501
vt 1.059718 -0.191422
vt 0.599059 0.287948
vt 0.627660 0.703842
vt 0.530784 0.711906
vt 0.547096 0.288582
vt 0.522045 1.109448
vt 0.521879 2.089570
vt 0.491146 2.091402
vt 0.491303 1.109447
vt 0.413274 0.985726
vt 0.384363 0.985726
vt 0.384193 -0.065375
vt 0.413134 -0.061716
vt 0.585868 2.100860
vt 0.579816 1.118173
vt 0.701063 1.118173
vt 0.713339 2.100127
vt 0.421795 0.987053
vt 0.431528 -0.060390
vt 0.567696 -0.061305
vt 0.552775 0.987053
vt 0.626832 0.618441
vt 0.616633 0.381559
vt 0.690446 0.386271
vt 0.666548 0.618441
vt 1.287774 -0.227415
vt 1.307639 -0.227415
vt 1.307576 1.069356
vt 1.287704 1.066160
vt 0.854676 -0.191112
vt 0.854777 1.106724
vt 0.817062 1.106723
vt 0.816750 -0.185105
vt 1.205059 1.077534
vt 1.077363 1.075786
vt 1.071298 -0.216042
vt 1.192544 -0.216042
vt 1.044256 1.108341
vt 0.913277 1.108341
vt 0.923010 -0.189496
vt 1.059645 -0.188431
vt 0.599059 0.287948
vt 0.627660 0.703842
vt 0.530784 0.711906
vt 0.547096 0.288582
vt 0.491303 1.109447
vt 0.522045 1.109448
vt 0.521884 2.090741
vt 0.491129 2.087826
vt 0.413149 -0.065825
vt 0.413274 0.985726
vt 0.384363 0.985726
vt 0.384234 -0.060034
vt 0.713257 2.096551
vt 0.585860 2.095867
vt 0.579816 1.118173
vt 0.701063 1.118173
vt 0.552775 0.987053
vt 0.421795 0.987053
vt 0.431528 -0.064498
vt 0.567734 -0.062558
vt 0.626832 0.618441
vt 0.616633 0.381559
vt 0.690446 0.386271
vt 0.666548 0.618441
vt 0.294742 0.778368
vt 0.334090 0.778368
vt 0.333911 1.822954
vt 0.294577 1.825514
vt 0.169508 -0.378738
vt 0.169651 0.695430
vt 0.133730 0.695430
vt 0.133443 -0.383505
vt 0.520747 1.834760
vt 0.393146 1.836790
vt 0.387083 0.787613
vt 0.508329 0.787613
vt 0.360041 0.696782
vt 0.229062 0.696782
vt 0.238795 -0.377386
vt 0.375141 -0.377433
vt 0.410808 0.321715
vt 0.404019 0.077280
vt 0.453152 0.082142
vt 0.437245 0.321715
vt 0.762746 -0.721530
vt 0.893726 -0.721529
vt 0.893253 0.571498
vt 0.762318 0.574458
vt 0.679193 -0.679497
vt 0.679316 0.612609
vt 0.641601 0.612609
vt 0.641240 -0.685079
vt 1.029640 0.585832
vt 0.901910 0.587530
vt 0.895837 -0.710157
vt 1.017083 -0.710157
vt 0.868795 0.614226
vt 0.737816 0.614226
vt 0.747549 -0.677881
vt 0.884093 -0.678803
vt 0.423598 -0.206167
vt 0.452199 0.209727
vt 0.355323 0.217791
vt 0.371635 -0.205533
vt 0.491303 1.109447
vt 0.522045 1.109448
vt 0.521879 2.089570
vt 0.491146 2.091402
vt 0.413134 -0.061716
vt 0.413274 0.985726
vt 0.384363 0.985726
vt 0.384193 -0.065375
vt 0.713339 2.100127
vt 0.585868 2.100860
vt 0.579816 1.118173
vt 0.701063 1.118173
vt 0.552775 0.987053
vt 0.421795 0.987053
vt 0.431528 -0.060390
vt 0.567696 -0.061305
vt 0.626832 0.618441
vt 0.616633 0.381559
vt 0.690446 0.386271
vt 0.666548 0.618441
vt 0.294742 0.776351
vt 0.334090 0.776351
vt 0.333997 1.836366
vt 0.294635 1.833847
vt 0.169584 -0.398252
vt 0.169651 0.693414
vt 0.133730 0.693413
vt 0.133368 -0.393472
vt 0.520970 1.843094
vt 0.393158 1.842505
vt 0.387083 0.785597
vt 0.508329 0.785597
vt 0.360041 0.694765
vt 0.229062 0.694765
vt 0.238795 -0.396901
vt 0.375603 -0.395316
vt 0.410808 0.319699
vt 0.404019 0.075263
vt 0.453152 0.080125
vt 0.437245 0.319699
vt 0.337964 0.716427
vt 0.373382 0.716427
vt 0.373257 1.861009
vt 0.337825 1.857655
vt 0.212867 -0.439293
vt 0.212980 0.720088
vt 0.173406 0.720087
vt 0.173104 -0.432949
vt 0.562258 1.867715
vt 0.434618 1.866532
vt 0.428557 0.726487
vt 0.549803 0.726487
vt 0.401515 0.721534
vt 0.270536 0.721534
vt 0.280269 -0.437847
vt 0.416835 -0.436091
vt 0.475572 0.303821
vt 0.465373 0.066939
vt 0.539186 0.071651
vt 0.515289 0.303821
vt -0.055680 -0.637813
vt -0.031469 -0.637812
vt -0.031578 0.534033
vt -0.055781 0.536754
vt 0.273349 -0.595917
vt 0.273457 0.574923
vt 0.246729 0.574923
vt 0.246520 -0.601035
vt 0.163598 0.547123
vt 0.035992 0.548515
vt 0.029929 -0.627444
vt 0.151175 -0.627444
vt 0.468514 0.576397
vt 0.337535 0.576397
vt 0.347268 -0.594444
vt 0.483625 -0.595448
vt 0.666626 0.806220
vt 0.658364 0.401019
vt 0.718160 0.409080
vt 0.698801 0.806220
vt 1.287774 -0.227415
vt 1.307639 -0.227415
vt 1.307629 1.092460
vt 1.287757 1.089260
vt 0.854764 -0.214214
vt 0.854777 1.106724
vt 0.817062 1.106723
vt 0.816560 -0.208159
vt 1.205464 1.100634
vt 1.077393 1.098840
vt 1.071298 -0.216042
vt 1.192544 -0.216042
vt 1.044256 1.108341
vt 0.913277 1.108341
vt 0.923010 -0.212598
vt 1.060207 -0.211535
vt 0.599059 0.287948
vt 0.627660 0.703842
vt 0.530784 0.711906
vt 0.547096 0.288582
vt 0.491303 1.109447
vt 0.522045 1.109448
vt 0.521895 2.092970
vt 0.491140 2.090054
vt 0.413157 -0.068209
vt 0.413274 0.985726
vt 0.384363 0.985726
vt 0.384215 -0.062412
vt 0.713308 2.098779
vt 0.585863 2.098090
vt 0.579816 1.118173
vt 0.701063 1.118173
vt 0.552775 0.987053
vt 0.421795 0.987053
vt 0.431528 -0.066882
vt 0.567804 -0.064942
vt 0.626832 0.618441
vt 0.616633 0.381559
vt 0.690446 0.386271
vt 0.666548 0.618441
vt 0.478270 1.078870
vt 0.517619 1.078871
vt 0.517464 2.127780
vt 0.478130 2.130342
vt 0.353056 -0.082677
vt 0.353180 0.995933
vt 0.317258 0.995932
vt 0.316929 -0.087458
vt 0.704369 2.139588
vt 0.576681 2.141625
vt 0.570611 1.088116
vt 0.691858 1.088116
vt 0.543569 0.997284
vt 0.412590 0.997284
vt 0.422323 -0.081325
vt 0.558799 -0.081377
vt 0.594336 0.622218
vt 0.587547 0.377782
vt 0.636680 0.382645
vt 0.620773 0.622218
vt 0.788965 -0.227415
vt 0.919944 -0.227415
vt 0.919427 1.062708
vt 0.788492 1.065668
vt 0.705401 -0.182478
vt 0.705534 1.106724
vt 0.667819 1.106723
vt 0.667483 -0.188054
vt 1.055808 1.077041
vt 0.928124 1.078735
vt 0.922055 -0.216042
vt 1.043302 -0.216042
vt 0.895014 1.108341
vt 0.764034 1.108341
vt 0.773767 -0.180861
vt 0.910240 -0.181784
vt 0.449816 0.287948
vt 0.478417 0.703842
vt 0.381541 0.711906
vt 0.397854 0.288582
vt 0.522045 1.109448
vt 0.521880 2.089779
vt 0.491147 2.091600
vt 0.491303 1.109447
vt 0.413274 0.985726
vt 0.384363 0.985726
vt 0.384191 -0.065583
vt 0.413135 -0.061945
vt 0.585868 2.101055
vt 0.579816 1.118173
vt 0.701063 1.118173
vt 0.713344 2.100326
vt 0.421795 0.987053
vt 0.431528 -0.060619
vt 0.567703 -0.061529
vt 0.552775 0.987053
vt 0.626832 0.618441
vt 0.616633 0.381559
vt 0.690446 0.386271
vt 0.666548 0.618441
vt 0.294742 1.078870
vt 0.334090 1.078871
vt 0.333900 2.121433
vt 0.294538 2.118916
vt 0.169506 -0.077786
vt 0.169651 0.995933
vt 0.133730 0.995932
vt 0.133536 -0.073043
vt 0.520594 2.128162
vt 0.393131 2.127608
vt 0.387083 1.088116
vt 0.508329 1.088116
vt 0.360041 0.997284
vt 0.229062 0.997284
vt 0.238795 -0.076435
vt 0.375081 -0.074850
vt 0.410808 0.622218
vt 0.404019 0.377782
vt 0.453152 0.382645
vt 0.437245 0.622218
vt 0.489224 1.031047
vt 0.524641 1.031047
vt 0.524529 2.178252
vt 0.489096 2.174899
vt 0.364138 -0.127327
vt 0.364240 1.034708
vt 0.324665 1.034707
vt 0.324338 -0.120976
vt 0.713570 2.184960
vt 0.585882 2.183769
vt 0.579816 1.041107
vt 0.701063 1.041107
vt 0.552775 1.036154
vt 0.421795 1.036154
vt 0.431528 -0.125881
vt 0.568167 -0.124125
vt 0.626832 0.618441
vt 0.616633 0.381559
vt 0.690446 0.386271
vt 0.666548 0.618441
vt -0.287602 -0.446217
vt -0.287707 0.727052
vt -0.311909 0.729773
vt -0.311813 -0.446217
vt 0.017324 0.766518
vt -0.009404 0.766518
vt -0.009622 -0.410866
vt 0.017220 -0.405745
vt -0.220139 0.741537
vt -0.226204 -0.435849
vt -0.104958 -0.435849
vt -0.092508 0.740142
vt 0.081402 0.767992
vt 0.091135 -0.404271
vt 0.227530 -0.405276
vt 0.212382 0.767992
vt 0.410493 0.997815
vt 0.402231 0.592615
vt 0.462027 0.600675
vt 0.442668 0.997815
vt 1.287774 -0.227415
vt 1.307639 -0.227415
vt 1.307582 1.071858
vt 1.287709 1.068661
vt 0.854686 -0.193614
vt 0.854777 1.106724
vt 0.817062 1.106723
vt 0.816729 -0.187601
vt 1.205103 1.080035
vt 1.077366 1.078282
vt 1.071298 -0.216042
vt 1.192544 -0.216042
vt 1.044256 1.108341
vt 0.913277 1.108341
vt 0.923010 -0.191997
vt 1.059706 -0.190933
vt 0.599059 0.287948
vt 0.627660 0.703842
vt 0.530784 0.711906
vt 0.547096 0.288582
vt 0.293657 1.109447
vt 0.324399 1.109448
vt 0.324238 2.090741
vt 0.293484 2.087826
vt 0.215503 -0.065825
vt 0.215628 0.985726
vt 0.186717 0.985726
vt 0.186588 -0.060034
vt 0.515611 2.096551
vt 0.388214 2.095867
vt 0.382171 1.118173
vt 0.503417 1.118173
vt 0.355129 0.987053
vt 0.224150 0.987053
vt 0.233882 -0.064498
vt 0.370088 -0.062558
vt 0.429186 0.618441
vt 0.418987 0.381559
vt 0.492800 0.386271
vt 0.468902 0.618441
vt 0.294742 1.078870
vt 0.334090 1.078871
vt 0.333896 2.120731
vt 0.294562 2.123290
vt 0.169496 -0.075435
vt 0.169651 0.995933
vt 0.133730 0.995932
vt 0.133469 -0.080193
vt 0.520689 2.132536
vt 0.393142 2.134561
vt 0.387083 1.088116
vt 0.508329 1.088116
vt 0.360041 0.997284
vt 0.229062 0.997284
vt 0.238795 -0.074084
vt 0.375060 -0.074128
vt 0.410808 0.622218
vt 0.404019 0.377782
vt 0.453152 0.382645
vt 0.437245 0.622218
vt 0.938208 -0.441196
vt 1.069187 -0.441195
vt 1.068662 0.848375
vt 0.937727 0.851334
vt 0.854641 -0.395705
vt 0.854777 0.892944
vt 0.817062 0.892943
vt 0.816730 -0.401280
vt 1.205041 0.862708
vt 1.077366 0.864400
vt 1.071298 -0.429823
vt 1.192544 -0.429823
vt 1.044256 0.894560
vt 0.913277 0.894560
vt 0.923010 -0.394089
vt 1.059470 -0.395011
vt 0.599059 0.074168
vt 0.627660 0.490062
vt 0.530784 0.498126
vt 0.547096 0.074801
vt 0.491147 2.091569
vt 0.491303 1.109447
vt 0.522045 1.109448
vt 0.521880 2.089746
vt 0.413274 0.985726
vt 0.384363 0.985726
vt 0.384191 -0.065551
vt 0.383918 -0.101008
vt 0.413274 -0.101009
vt 0.413135 -0.061909
vt 0.701063 1.118173
vt 0.713343 2.100295
vt 0.585868 2.101024
vt 0.579816 1.118173
vt 0.567702 -0.061494
vt 0.552775 0.987053
vt 0.421795 0.987053
vt 0.431528 -0.060583
vt 0.690446 0.386271
vt 0.666548 0.618441
vt 0.626832 0.618441
vt 0.616633 0.381559
vt 0.491303 1.109447
vt 0.522045 1.109448
vt 0.522045 2.125449
vt 0.491303 2.125449
vt 0.413274 -0.101009
vt 0.413274 0.985726
vt 0.384363 0.985726
vt 0.383918 -0.101008
vt 0.701063 1.118173
vt 0.714116 2.134174
vt 0.585923 2.134174
vt 0.579816 1.118173
vt 0.552775 0.987053
vt 0.421795 0.987053
vt 0.431528 -0.099682
vt 0.568834 -0.099682
vt 0.626832 0.618441
vt 0.616633 0.381559
vt 0.690446 0.386271
vt 0.666548 0.618441
vt 0.294742 0.723914
vt 0.334090 0.723915
vt 0.334090 1.800549
vt 0.294742 1.800549
vt 0.169651 -0.466196
vt 0.169651 0.640977
vt 0.133730 0.640977
vt 0.133178 -0.466196
vt 0.508329 0.733160
vt 0.521383 1.809795
vt 0.393189 1.809795
vt 0.387083 0.733160
vt 0.360041 0.642329
vt 0.229062 0.642329
vt 0.238795 -0.464845
vt 0.376100 -0.464845
vt 0.410808 0.267262
vt 0.404019 0.022826
vt 0.453152 0.027689
vt 0.437245 0.267262
vt 0.522045 1.448115
vt 0.487904 1.448115
vt 0.491303 1.109447
vt 0.522045 1.109448
vt 0.413274 0.985726
vt 0.384363 0.985726
vt 0.385199 0.623481
vt 0.413274 0.623481
vt 0.701063 1.118173
vt 0.699405 1.456840
vt 0.579302 1.456840
vt 0.579816 1.118173
vt 0.562508 0.624808
vt 0.552775 0.987053
vt 0.421795 0.987053
vt 0.422388 0.624808
vt 0.626832 0.618441
vt 0.616633 0.381559
vt 0.690446 0.386271
vt 0.666548 0.618441
vt 1.307639 0.214034
vt 1.285578 0.214034
vt 1.287774 -0.227415
vt 1.307639 -0.227415
vt 0.854777 1.106724
vt 0.817062 1.106723
vt 0.818153 0.665275
vt 0.854777 0.665275
vt 1.192544 -0.216042
vt 1.190887 0.225406
vt 1.070784 0.225406
vt 1.071298 -0.216042
vt 1.053989 0.666892
vt 1.044256 1.108341
vt 0.913277 1.108341
vt 0.913870 0.666892
vt 0.599059 0.287948
vt 0.627660 0.703842
vt 0.530784 0.711906
vt 0.547096 0.288582
vt 0.334090 1.082793
vt 0.290391 1.082794
vt 0.294742 0.723914
vt 0.334090 0.723915
vt 0.169651 0.640977
vt 0.133730 0.640977
vt 0.134769 0.271919
vt 0.169651 0.271919
vt 0.508329 0.733160
vt 0.506672 1.092039
vt 0.386569 1.092039
vt 0.387083 0.733160
vt 0.369774 0.273271
vt 0.360041 0.642329
vt 0.229062 0.642329
vt 0.229655 0.273271
vt 0.410808 0.267262
vt 0.404019 0.022826
vt 0.453152 0.027689
vt 0.437245 0.267262
vt -0.031469 -0.235346
vt -0.058357 -0.235346
vt -0.055680 -0.637813
vt -0.031469 -0.637812
vt 0.273457 0.574923
vt 0.246729 0.574923
vt 0.247503 0.172457
vt 0.273457 0.172457
vt 0.151175 -0.627444
vt 0.149517 -0.224978
vt 0.029415 -0.224978
vt 0.029929 -0.627444
vt 0.478247 0.173931
vt 0.468514 0.576397
vt 0.337535 0.576397
vt 0.338128 0.173931
vt 0.666626 0.806220
vt 0.658364 0.401019
vt 0.718160 0.409080
vt 0.698801 0.806220
vt 0.153551 1.316663
vt 0.114217 1.316663
vt 0.118134 0.926173
vt 0.153551 0.926174
vt -0.006851 0.929834
vt -0.046425 0.929834
vt -0.045280 0.534895
vt -0.006851 0.534895
vt 0.329973 0.936233
vt 0.328315 1.326723
vt 0.208212 1.326723
vt 0.208726 0.936233
vt 0.191417 0.536342
vt 0.181685 0.931281
vt 0.050705 0.931281
vt 0.051298 0.536342
vt 0.255741 0.513568
vt 0.245542 0.276685
vt 0.319355 0.281398
vt 0.295458 0.513568
vt 0.334090 1.119095
vt 0.290391 1.119096
vt 0.294742 0.760216
vt 0.334090 0.760217
vt 0.169651 0.677279
vt 0.133730 0.677279
vt 0.134769 0.308222
vt 0.169651 0.308222
vt 0.508329 0.769462
vt 0.506672 1.128340
vt 0.386569 1.128340
vt 0.387083 0.769462
vt 0.369774 0.309573
vt 0.360041 0.678631
vt 0.229062 0.678631
vt 0.229655 0.309573
vt 0.410808 0.303564
vt 0.404019 0.059128
vt 0.453152 0.063991
vt 0.437245 0.303564
vt 0.292181 1.711320
vt 0.332558 1.712288
vt 0.334090 2.155506
vt 0.294742 2.155505
vt 0.334090 1.437749
vt 0.290391 1.437749
vt 0.294742 1.078870
vt 0.334090 1.078871
vt 0.169651 0.995933
vt 0.133730 0.995932
vt 0.134769 0.626875
vt 0.169651 0.626875
vt 0.169651 -0.111240
vt 0.168420 0.342545
vt 0.136205 0.344126
vt 0.133178 -0.111240
vt 0.508329 1.088116
vt 0.506672 1.446994
vt 0.386569 1.446994
vt 0.387083 1.088116
vt 0.511991 1.720566
vt 0.521383 2.164752
vt 0.393189 2.164751
vt 0.391212 1.721945
vt 0.369774 0.628227
vt 0.360041 0.997284
vt 0.229062 0.997284
vt 0.229655 0.628227
vt 0.366398 0.345900
vt 0.236696 0.343897
vt 0.238795 -0.109889
vt 0.376100 -0.109889
vt 0.410808 0.622218
vt 0.404019 0.377782
vt 0.453152 0.382645
vt 0.437245 0.622218
vt 0.684535 0.563174
vt 0.560935 0.562741
vt 0.565343 0.501743
vt 0.686222 0.443865
vt 0.693668 0.452645
vt 0.574477 0.488254
vt 0.567058 0.541495
vt 0.689930 0.542650
vt 0.486829 1.702649
vt 0.523335 1.704351
vt 0.524641 2.202515
vt 0.489224 2.202514
vt 0.524641 1.421536
vt 0.485308 1.421537
vt 0.489224 1.031047
vt 0.524641 1.031047
vt 0.364240 1.034708
vt 0.324665 1.034707
vt 0.325810 0.639769
vt 0.364240 0.639769
vt 0.364240 -0.150110
vt 0.362954 0.351580
vt 0.327304 0.354123
vt 0.324057 -0.150109
vt 0.701063 1.041107
vt 0.699405 1.431596
vt 0.579302 1.431596
vt 0.579816 1.041107
vt 0.704428 1.712709
vt 0.714116 2.212575
vt 0.585923 2.212575
vt 0.583686 1.714023
vt 0.562508 0.641215
vt 0.552775 1.036154
vt 0.421795 1.036154
vt 0.422388 0.641215
vt 0.559312 0.355177
vt 0.429058 0.353027
vt 0.431528 -0.148664
vt 0.568834 -0.148664
vt 0.626832 0.618441
vt 0.616633 0.381559
vt 0.690446 0.386271
vt 0.666548 0.618441
vt 0.560286 0.531797
vt 0.436918 0.522780
vt 0.443035 0.463502
vt 0.559736 0.442052
vt 0.566813 0.433778
vt 0.454047 0.455760
vt 0.443806 0.507700
vt 0.565353 0.516331
vt 0.055617 0.145521
vt 0.080592 0.144448
vt 0.081471 0.662359
vt 0.057260 0.662358
vt 0.081471 -0.142574
vt 0.054583 -0.142573
vt 0.057260 -0.545040
vt 0.081471 -0.545040
vt 0.386397 0.667695
vt 0.359670 0.667695
vt 0.360443 0.265230
vt 0.386397 0.265230
vt 0.386397 -0.539703
vt 0.385555 -0.019768
vt 0.361436 -0.021223
vt 0.359259 -0.539702
vt 0.264116 -0.534672
vt 0.262458 -0.132205
vt 0.142355 -0.132205
vt 0.142869 -0.534672
vt 0.267453 0.155890
vt 0.277169 0.672728
vt 0.148976 0.672727
vt 0.146669 0.154248
vt 0.591188 0.266704
vt 0.581455 0.669169
vt 0.450475 0.669169
vt 0.451069 0.266704
vt 0.588041 -0.020317
vt 0.457541 -0.018294
vt 0.460208 -0.538229
vt 0.597514 -0.538229
vt 0.779566 0.898992
vt 0.771304 0.493792
vt 0.831101 0.501852
vt 0.811741 0.898992
vt 0.431569 0.549620
vt 0.282436 0.560110
vt 0.268568 0.468372
vt 0.439310 0.490780
vt 0.447739 0.486481
vt 0.286605 0.468180
vt 0.288807 0.551412
vt 0.434317 0.537549
vt 0.486919 1.719293
vt 0.523260 1.720657
vt 0.524586 2.190497
vt 0.489153 2.187142
vt 0.524641 1.421536
vt 0.485308 1.421537
vt 0.489224 1.031047
vt 0.524641 1.031047
vt 0.364240 1.034708
vt 0.324665 1.034707
vt 0.325810 0.639769
vt 0.364240 0.639769
vt 0.364193 -0.139711
vt 0.362895 0.338330
vt 0.327373 0.340771
vt 0.324219 -0.133329
vt 0.701063 1.041107
vt 0.699405 1.431596
vt 0.579302 1.431596
vt 0.579816 1.041107
vt 0.713812 2.197203
vt 0.585899 2.195983
vt 0.583891 1.727225
vt 0.704726 1.729352
vt 0.562508 0.641215
vt 0.552775 1.036154
vt 0.421795 1.036154
vt 0.422388 0.641215
vt 0.559127 0.338685
vt 0.429364 0.339777
vt 0.431528 -0.138265
vt 0.568504 -0.136509
vt 0.626832 0.618441
vt 0.616633 0.381559
vt 0.690446 0.386271
vt 0.666548 0.618441
vt 0.381863 0.531949
vt 0.531416 0.506117
vt 0.542326 0.467470
vt 0.378942 0.471568
vt 0.418382 0.539685
vt 0.584696 0.536157
vt 0.580281 0.580584
vt 0.424878 0.606127
vt 0.292140 1.705022
vt 0.332594 1.705747
vt 0.333936 2.127879
vt 0.294574 2.125362
vt 0.334090 1.437749
vt 0.290391 1.437749
vt 0.294742 1.078870
vt 0.334090 1.078871
vt 0.169651 0.995933
vt 0.133730 0.995932
vt 0.134769 0.626875
vt 0.169651 0.626875
vt 0.169535 -0.084415
vt 0.168463 0.352527
vt 0.136155 0.353934
vt 0.133474 -0.079658
vt 0.508329 1.088116
vt 0.506672 1.446994
vt 0.386569 1.446994
vt 0.387083 1.088116
vt 0.520733 2.134608
vt 0.393141 2.134041
vt 0.391051 1.712407
vt 0.511868 1.714267
vt 0.369774 0.628227
vt 0.360041 0.997284
vt 0.229062 0.997284
vt 0.229655 0.628227
vt 0.366479 0.352627
vt 0.236449 0.353878
vt 0.238795 -0.083064
vt 0.375274 -0.081479
vt 0.410808 0.622218
vt 0.404019 0.377782
vt 0.453152 0.382645
vt 0.437245 0.622218
vt 0.210996 0.531787
vt 0.368649 0.494872
vt 0.375253 0.455068
vt 0.210375 0.464719
vt 0.248881 0.526516
vt 0.414969 0.516639
vt 0.412873 0.562009
vt 0.254100 0.614687
vt -0.057264 0.069268
vt -0.032400 0.068610
vt -0.031563 0.538956
vt -0.055766 0.541677
vt -0.031469 -0.235346
vt -0.058357 -0.235346
vt -0.055680 -0.637813
vt -0.031469 -0.637812
vt 0.273457 0.574923
vt 0.246729 0.574923
vt 0.247503 0.172457
vt 0.273457 0.172457
vt 0.273363 -0.600841
vt 0.272552 -0.133693
vt 0.248569 -0.135167
vt 0.246488 -0.605968
vt 0.151175 -0.627444
vt 0.149517 -0.224978
vt 0.029415 -0.224978
vt 0.029929 -0.627444
vt 0.163692 0.552047
vt 0.035998 0.553448
vt 0.034047 0.082646
vt 0.154799 0.079636
vt 0.478247 0.173931
vt 0.468514 0.576397
vt 0.337535 0.576397
vt 0.338128 0.173931
vt 0.474915 -0.130025
vt 0.345081 -0.132219
vt 0.347268 -0.599367
vt 0.483756 -0.600371
vt 0.666626 0.806220
vt 0.658364 0.401019
vt 0.718160 0.409080
vt 0.698801 0.806220
vt 0.537489 0.469297
vt 0.753642 0.468754
vt 0.746814 0.408242
vt 0.552847 0.430970
vt 0.588797 0.487235
vt 0.788503 0.467189
vt 0.812891 0.533737
vt 0.582087 0.531285
vt 0.489059 1.661320
vt 0.521053 1.662774
vt 0.522045 2.125449
vt 0.491303 2.125449
vt 0.522045 1.448115
vt 0.487904 1.448115
vt 0.491303 1.109447
vt 0.522045 1.109448
vt 0.413274 0.985726
vt 0.384363 0.985726
vt 0.385199 0.623481
vt 0.413274 0.623481
vt 0.413274 -0.101009
vt 0.412454 0.392925
vt 0.386149 0.395341
vt 0.383918 -0.101008
vt 0.701063 1.118173
vt 0.699405 1.456840
vt 0.579302 1.456840
vt 0.579816 1.118173
vt 0.703798 1.670045
vt 0.714116 2.134174
vt 0.585923 2.134174
vt 0.583120 1.670131
vt 0.562508 0.624808
vt 0.552775 0.987053
vt 0.421795 0.987053
vt 0.422388 0.624808
vt 0.559711 0.395205
vt 0.428206 0.394252
vt 0.431528 -0.099682
vt 0.568834 -0.099682
vt 0.626832 0.618441
vt 0.616633 0.381559
vt 0.690446 0.386271
vt 0.666548 0.618441
vt 1.037120 0.472831
vt 1.233690 0.430268
vt 1.241270 0.541728
vt 1.031125 0.547342
vt 1.036791 0.505420
vt 1.244180 0.499685
vt 1.240018 0.395878
vt 1.049376 0.438473
vt 0.291936 1.673837
vt 0.332778 1.672928
vt 0.334090 2.155506
vt 0.294742 2.155505
vt 0.334090 1.437749
vt 0.290391 1.437749
vt 0.294742 1.078870
vt 0.334090 1.078871
vt 0.169651 0.995933
vt 0.133730 0.995932
vt 0.134769 0.626875
vt 0.169651 0.626875
vt 0.169651 -0.111240
vt 0.168603 0.384937
vt 0.136004 0.383663
vt 0.133178 -0.111240
vt 0.508329 1.088116
vt 0.506672 1.446994
vt 0.386569 1.446994
vt 0.387083 1.088116
vt 0.511262 1.683082
vt 0.521383 2.164752
vt 0.393189 2.164751
vt 0.390563 1.683498
vt 0.369774 0.628227
vt 0.360041 0.997284
vt 0.229062 0.997284
vt 0.229655 0.628227
vt 0.366882 0.386378
vt 0.235646 0.386289
vt 0.238795 -0.109889
vt 0.376100 -0.109889
vt 0.410808 0.622218
vt 0.404019 0.377782
vt 0.453152 0.382645
vt 0.437245 0.622218
vt 0.834191 0.440984
vt 1.035022 0.471478
vt 1.030042 0.546682
vt 0.834574 0.532468
vt 1.031273 0.461825
vt 0.831471 0.430577
vt 0.828792 0.520922
vt 1.021908 0.528051
vt 0.928779 0.499558
vt 1.064889 0.498585
vt 1.069187 1.096931
vt 0.938207 1.096930
vt 1.069187 0.214034
vt 0.923725 0.214034
vt 0.938208 -0.227415
vt 1.069187 -0.227415
vt 0.854777 1.106724
vt 0.817062 1.106723
vt 0.818153 0.665275
vt 0.854777 0.665275
vt 0.854777 -0.217622
vt 0.853696 0.381076
vt 0.819427 0.379527
vt 0.816482 -0.217622
vt 1.192544 -0.216042
vt 1.190887 0.225406
vt 1.070784 0.225406
vt 1.071298 -0.216042
vt 1.195400 0.510931
vt 1.205598 1.108304
vt 1.077404 1.108303
vt 1.074707 0.511154
vt 1.053989 0.666892
vt 1.044256 1.108341
vt 0.913277 1.108341
vt 0.913870 0.666892
vt 1.051145 0.382341
vt 0.919754 0.382693
vt 0.923010 -0.216006
vt 1.060316 -0.216006
vt 0.599059 0.287948
vt 0.627660 0.703842
vt 0.530784 0.711906
vt 0.547096 0.288582
vt 0.607000 0.460022
vt 0.833902 0.474708
vt 0.826461 0.548496
vt 0.606261 0.572218
vt 0.829843 0.477616
vt 0.602439 0.463369
vt 0.603061 0.567323
vt 0.814170 0.543006
vt 0.489060 1.661520
vt 0.521060 1.661246
vt 0.522045 2.125449
vt 0.491303 2.125449
vt 0.522045 1.448115
vt 0.487904 1.448115
vt 0.491303 1.109447
vt 0.522045 1.109448
vt 0.413274 0.985726
vt 0.384363 0.985726
vt 0.385199 0.623481
vt 0.413274 0.623481
vt 0.413274 -0.101009
vt 0.412464 0.395639
vt 0.386150 0.395177
vt 0.383918 -0.101008
vt 0.701063 1.118173
vt 0.699405 1.456840
vt 0.579302 1.456840
vt 0.579816 1.118173
vt 0.703802 1.670245
vt 0.714116 2.134174
vt 0.585923 2.134174
vt 0.583122 1.670284
vt 0.562508 0.624808
vt 0.552775 0.987053
vt 0.421795 0.987053
vt 0.422388 0.624808
vt 0.559731 0.396839
vt 0.428137 0.396966
vt 0.431528 -0.099682
vt 0.568834 -0.099682
vt 0.626832 0.618441
vt 0.616633 0.381559
vt 0.690446 0.386271
vt 0.666548 0.618441
vt 0.436242 0.500231
vt 0.604584 0.504198
vt 0.599762 0.578435
vt 0.442284 0.612024
vt 0.600260 0.488595
vt 0.434128 0.484871
vt 0.437501 0.588928
vt 0.590239 0.555012
vt 0.291980 1.361978
vt 0.332729 1.362909
vt 0.334090 1.836852
vt 0.294742 1.836851
vt 0.334090 1.119095
vt 0.290391 1.119096
vt 0.294742 0.760216
vt 0.334090 0.760217
vt 0.169651 0.677279
vt 0.133730 0.677279
vt 0.134769 0.308222
vt 0.169651 0.308222
vt 0.169651 -0.429894
vt 0.168562 0.056821
vt 0.136038 0.058347
vt 0.133178 -0.429893
vt 0.508329 0.769462
vt 0.506672 1.128340
vt 0.386569 1.128340
vt 0.387083 0.769462
vt 0.511394 1.371223
vt 0.521383 1.846098
vt 0.393189 1.846097
vt 0.390672 1.371323
vt 0.369774 0.309573
vt 0.360041 0.678631
vt 0.229062 0.678631
vt 0.229655 0.309573
vt 0.366776 0.058843
vt 0.235881 0.058172
vt 0.238795 -0.428542
vt 0.376100 -0.428542
vt 0.410808 0.303564
vt 0.404019 0.059128
vt 0.453152 0.063991
vt 0.437245 0.303564
vt 0.232659 0.525711
vt 0.425386 0.472231
vt 0.429961 0.594559
vt 0.229519 0.601931
vt 0.432791 0.442634
vt 0.241616 0.489411
vt 0.233699 0.557311
vt 0.433104 0.550883
vt -0.057382 0.036479
vt -0.032299 0.035478
vt -0.031469 0.569586
vt -0.055680 0.569586
vt -0.031469 -0.235346
vt -0.058357 -0.235346
vt -0.055680 -0.637813
vt -0.031469 -0.637812
vt 0.273457 0.574923
vt 0.246729 0.574923
vt 0.247503 0.172457
vt 0.273457 0.172457
vt 0.273457 -0.632475
vt 0.272658 -0.097947
vt 0.248445 -0.099546
vt 0.246318 -0.632475
vt 0.151175 -0.627444
vt 0.149517 -0.224978
vt 0.029415 -0.224978
vt 0.029929 -0.627444
vt 0.154230 0.046848
vt 0.164229 0.579955
vt 0.036035 0.579955
vt 0.033511 0.047025
vt 0.478247 0.173931
vt 0.468514 0.576397
vt 0.337535 0.576397
vt 0.338128 0.173931
vt 0.475278 -0.096893
vt 0.344269 -0.096473
vt 0.347268 -0.631002
vt 0.484574 -0.631002
vt 0.666626 0.806220
vt 0.658364 0.401019
vt 0.718160 0.409080
vt 0.698801 0.806220
vt -0.250817 0.503042
vt 0.027509 0.520017
vt 0.018822 0.593759
vt -0.222302 0.616369
vt -0.216316 0.596980
vt 0.019000 0.570680
vt 0.036844 0.505686
vt -0.226352 0.492944
vt 0.115546 1.562244
vt 0.152409 1.563913
vt 0.153551 2.097641
vt 0.118134 2.097641
vt 0.153551 1.316663
vt 0.114217 1.316663
vt 0.118134 0.926173
vt 0.153551 0.926174
vt -0.006851 0.929834
vt -0.046425 0.929834
vt -0.045280 0.534895
vt -0.006851 0.534895
vt -0.006851 -0.254983
vt -0.007970 0.283911
vt -0.043982 0.286549
vt -0.047034 -0.254983
vt 0.329973 0.936233
vt 0.328315 1.326723
vt 0.208212 1.326723
vt 0.208726 0.936233
vt 0.332703 1.572304
vt 0.343026 2.107702
vt 0.214833 2.107701
vt 0.212023 1.572270
vt 0.191417 0.536342
vt 0.181685 0.931281
vt 0.050705 0.931281
vt 0.051298 0.536342
vt 0.188623 0.286274
vt 0.057107 0.285358
vt 0.060438 -0.253537
vt 0.197744 -0.253537
vt 0.255741 0.513568
vt 0.245542 0.276685
vt 0.319355 0.281398
vt 0.295458 0.513568
vt 0.031361 0.465653
vt 0.219183 0.431486
vt 0.225958 0.543168
vt 0.025328 0.539844
vt 0.225567 0.416082
vt 0.043401 0.450593
vt 0.031117 0.517075
vt 0.229116 0.520168
vt 0.447510 0.480256
vt 0.665856 0.385559
vt 0.770238 0.294876
vt 0.777003 0.478221
vt 0.794177 0.281623
vt 0.794129 0.496449
vt 2.104279 -0.217055
vt 2.104280 1.217054
vt -1.104279 1.217055
vt -1.104280 -0.217054
vt 0.909256 0.056327
vt 0.732017 0.056327
vt 0.732017 0.025011
vt 0.909256 0.025011
vt 0.738993 0.090324
vt 0.866496 0.090324
vt 0.866496 0.734071
vt 0.738994 0.734071
vt 0.706085 0.056589
vt 0.529205 0.056589
vt 0.529205 0.026183
vt 0.706085 0.026183
vt 0.603875 0.081879
vt 0.725954 0.081879
vt 0.725954 0.743087
vt 0.603875 0.743087
vt 0.568351 0.737625
vt 0.568351 0.097813
vt 0.583847 0.097813
vt 0.583847 0.737625
vt 0.542542 0.758617
vt 0.542542 0.074425
vt 0.558038 0.074425
vt 0.558038 0.758617
vt 0.554330 0.039426
vt 0.377091 0.039426
vt 0.377091 0.008110
vt 0.554330 0.008110
vt 0.384067 0.073422
vt 0.511570 0.073422
vt 0.511570 0.717170
vt 0.384068 0.717170
vt 0.351159 0.039688
vt 0.174279 0.039688
vt 0.174279 0.009282
vt 0.351159 0.009282
vt 0.248949 0.064978
vt 0.371028 0.064978
vt 0.371028 0.726186
vt 0.248949 0.726186
vt 0.213425 0.720723
vt 0.213425 0.080912
vt 0.228921 0.080912
vt 0.228921 0.720723
vt 0.187616 0.741716
vt 0.187616 0.057524
vt 0.203112 0.057524
vt 0.203112 0.741716
vt 0.554330 0.039426
vt 0.377091 0.039426
vt 0.377091 0.008110
vt 0.554330 0.008110
vt 0.384067 0.073422
vt 0.511570 0.073422
vt 0.511570 0.717170
vt 0.384068 0.717170
vt 0.351159 0.039688
vt 0.174279 0.039688
vt 0.174279 0.009282
vt 0.351159 0.009282
vt 0.248949 0.064978
vt 0.371028 0.064978
vt 0.371028 0.726186
vt 0.248949 0.726186
vt 0.213425 0.720723
vt 0.213425 0.080912
vt 0.228921 0.080912
vt 0.228921 0.720723
vt 0.187616 0.741716
vt 0.187616 0.057524
vt 0.203112 0.057524
vt 0.203112 0.741716
vt 0.765596 -0.400006
vt 0.588357 -0.400007
vt 0.588357 -0.431323
vt 0.765596 -0.431322
vt 0.595333 -0.366010
vt 0.722835 -0.366010
vt 0.722835 0.277737
vt 0.595333 0.277737
vt 0.562424 -0.399744
vt 0.385544 -0.399744
vt 0.385544 -0.430150
vt 0.562425 -0.430150
vt 0.460215 -0.374455
vt 0.582294 -0.374455
vt 0.582294 0.286753
vt 0.460215 0.286753
vt 0.424691 0.281291
vt 0.424691 -0.358520
vt 0.440187 -0.358520
vt 0.440187 0.281291
vt 0.398882 0.302283
vt 0.398882 -0.381908
vt 0.414377 -0.381908
vt 0.414377 0.302283
vt 0.825046 0.321590
vt 0.647808 0.321590
vt 0.647808 0.290273
vt 0.825047 0.290274
vt 0.744784 0.355586
vt 0.872286 0.355586
vt 0.872286 0.999334
vt 0.744784 0.999334
vt 0.621875 0.321852
vt 0.444995 0.321852
vt 0.444995 0.291446
vt 0.621875 0.291446
vt 0.519666 0.347141
vt 0.641744 0.347141
vt 0.641744 1.008350
vt 0.519666 1.008350
vt 0.484142 1.002888
vt 0.484142 0.363076
vt 0.499638 0.363076
vt 0.499638 1.002888
vt 0.458332 1.023880
vt 0.458332 0.339688
vt 0.473828 0.339688
vt 0.473828 1.023880
vt 0.939333 0.096913
vt 0.762094 0.096913
vt 0.762094 0.065597
vt 0.939333 0.065597
vt 0.769070 0.130910
vt 0.896573 0.130910
vt 0.896573 0.774657
vt 0.769070 0.774657
vt 0.736162 0.097175
vt 0.559282 0.097175
vt 0.559282 0.066770
vt 0.736162 0.066770
vt 0.633952 0.122465
vt 0.756031 0.122465
vt 0.756031 0.783673
vt 0.633952 0.783673
vt 0.598428 0.778211
vt 0.598428 0.138399
vt 0.613924 0.138399
vt 0.613924 0.778211
vt 0.572619 0.799203
vt 0.572619 0.115011
vt 0.588115 0.115011
vt 0.588115 0.799203
vt 1.133833 0.230180
vt 1.003108 0.230180
vt 1.003108 0.211304
vt 1.133833 0.211304
vt 1.008254 0.250672
vt 1.102295 0.250672
vt 1.102295 0.638701
vt 1.008254 0.638701
vt 0.983981 0.230338
vt 0.853521 0.230338
vt 0.853521 0.212011
vt 0.983981 0.212011
vt 0.908595 0.245582
vt 0.998636 0.245582
vt 0.998636 0.644136
vt 0.908595 0.644136
vt 0.882394 0.640843
vt 0.882394 0.255186
vt 0.893823 0.255186
vt 0.893823 0.640843
vt 0.863358 0.653496
vt 0.863358 0.241089
vt 0.874787 0.241089
vt 0.874787 0.653496
vt 0.795462 0.129205
vt 0.972701 0.129205
vt 0.972701 0.160521
vt 0.795462 0.160521
vt 0.929941 0.838265
vt 0.802438 0.838265
vt 0.802438 0.194518
vt 0.929941 0.194518
vt 0.592650 0.130378
vt 0.769530 0.130378
vt 0.769530 0.160783
vt 0.592650 0.160783
vt 0.789399 0.847281
vt 0.667320 0.847281
vt 0.667320 0.186073
vt 0.789399 0.186073
vt 0.647292 0.202007
vt 0.647292 0.841818
vt 0.631796 0.841818
vt 0.631796 0.202007
vt 0.621483 0.178619
vt 0.621483 0.862811
vt 0.605987 0.862811
vt 0.605987 0.178619
vt 0.698290 0.180333
vt 0.573727 0.180333
vt 0.573727 0.149017
vt 0.698291 0.149018
vt 0.578630 0.214330
vt 0.668239 0.214330
vt 0.668239 0.858078
vt 0.578630 0.858078
vt 0.555501 0.180595
vt 0.431190 0.180595
vt 0.431190 0.150190
vt 0.555501 0.150190
vt 0.483668 0.205885
vt 0.569466 0.205885
vt 0.569466 0.867094
vt 0.483668 0.867094
vt 0.458702 0.861631
vt 0.458702 0.221819
vt 0.469592 0.221819
vt 0.469592 0.861631
vt 0.440563 0.882624
vt 0.440563 0.198431
vt 0.451454 0.198431
vt 0.451454 0.882624
vt 0.554330 0.039426
vt 0.377091 0.039426
vt 0.377091 0.008110
vt 0.554330 0.008110
vt 0.384067 0.073422
vt 0.511570 0.073422
vt 0.511570 0.717170
vt 0.384068 0.717170
vt 0.351159 0.039688
vt 0.174279 0.039688
vt 0.174279 0.009282
vt 0.351159 0.009282
vt 0.248949 0.064978
vt 0.371028 0.064978
vt 0.371028 0.726186
vt 0.248949 0.726186
vt 0.213425 0.720723
vt 0.213425 0.080912
vt 0.228921 0.080912
vt 0.228921 0.720723
vt 0.187616 0.741716
vt 0.187616 0.057524
vt 0.203112 0.057524
vt 0.203112 0.741716
vt 0.479170 0.342615
vt 0.347933 0.342614
vt 0.347932 0.311298
vt 0.479170 0.311299
vt 0.353098 0.376611
vt 0.447508 0.376611
vt 0.447508 1.020358
vt 0.353098 1.020358
vt 0.328731 0.342877
vt 0.197760 0.342877
vt 0.197760 0.312471
vt 0.328731 0.312471
vt 0.253049 0.368166
vt 0.343443 0.368166
vt 0.343443 1.029374
vt 0.253049 1.029374
vt 0.226746 1.023912
vt 0.226746 0.384101
vt 0.238219 0.384101
vt 0.238219 1.023912
vt 0.207635 1.044904
vt 0.207635 0.360712
vt 0.219109 0.360712
vt 0.219109 1.044904
vt 0.710006 0.342615
vt 0.578769 0.342614
vt 0.578769 0.311298
vt 0.710006 0.311299
vt 0.583935 0.376611
vt 0.678344 0.376611
vt 0.678344 1.020358
vt 0.583935 1.020358
vt 0.559568 0.342877
vt 0.428596 0.342877
vt 0.428596 0.312471
vt 0.559568 0.312471
vt 0.483886 0.368166
vt 0.574280 0.368166
vt 0.574280 1.029374
vt 0.483886 1.029374
vt 0.457582 1.023912
vt 0.457582 0.384101
vt 0.469056 0.384101
vt 0.469056 1.023912
vt 0.438472 1.044904
vt 0.438472 0.360712
vt 0.449946 0.360712
vt 0.449946 1.044904
vt 0.818534 0.342615
vt 0.687297 0.342614
vt 0.687297 0.311298
vt 0.818534 0.311299
vt 0.692462 0.376611
vt 0.786872 0.376611
vt 0.786872 1.020358
vt 0.692463 1.020358
vt 0.668095 0.342877
vt 0.537124 0.342877
vt 0.537124 0.312471
vt 0.668095 0.312471
vt 0.592414 0.368166
vt 0.682807 0.368166
vt 0.682807 1.029374
vt 0.592414 1.029374
vt 0.566110 1.023912
vt 0.566110 0.384101
vt 0.577584 0.384101
vt 0.577584 1.023912
vt 0.547000 1.044904
vt 0.547000 0.360712
vt 0.558473 0.360712
vt 0.558473 1.044904
vt 0.594588 -0.005363
vt 0.463351 -0.005363
vt 0.463351 -0.036680
vt 0.594588 -0.036679
vt 0.468516 0.028633
vt 0.562926 0.028633
vt 0.562926 0.672380
vt 0.468516 0.672380
vt 0.444149 -0.005101
vt 0.313178 -0.005101
vt 0.313178 -0.035507
vt 0.444149 -0.035507
vt 0.368468 0.020188
vt 0.458861 0.020188
vt 0.458861 0.681396
vt 0.368468 0.681396
vt 0.342164 0.675934
vt 0.342164 0.036123
vt 0.353638 0.036123
vt 0.353638 0.675934
vt 0.323053 0.696927
vt 0.323053 0.012735
vt 0.334527 0.012735
vt 0.334527 0.696927
vt 1.069333 0.096913
vt 0.892094 0.096913
vt 0.892094 0.065597
vt 1.069333 0.065597
vt 0.899070 0.130910
vt 1.026573 0.130910
vt 1.026573 0.774657
vt 0.899070 0.774657
vt 0.866162 0.097175
vt 0.689282 0.097175
vt 0.689282 0.066770
vt 0.866162 0.066770
vt 0.763952 0.122465
vt 0.886031 0.122465
vt 0.886031 0.783673
vt 0.763952 0.783673
vt 0.728428 0.778211
vt 0.728428 0.138399
vt 0.743924 0.138399
vt 0.743924 0.778211
vt 0.702619 0.799203
vt 0.702619 0.115011
vt 0.718115 0.115011
vt 0.718115 0.799203
vt 1.059893 0.096913
vt 0.917167 0.096913
vt 0.917167 0.065597
vt 1.059893 0.065597
vt 0.922785 0.130910
vt 1.025459 0.130910
vt 1.025459 0.774657
vt 0.922785 0.774657
vt 0.896284 0.097175
vt 0.753847 0.097175
vt 0.753847 0.066770
vt 0.896284 0.066770
vt 0.813977 0.122465
vt 0.912284 0.122465
vt 0.912284 0.783673
vt 0.813977 0.783673
vt 0.785371 0.778211
vt 0.785371 0.138399
vt 0.797849 0.138399
vt 0.797849 0.778211
vt 0.764587 0.799203
vt 0.764587 0.115011
vt 0.777066 0.115011
vt 0.777066 0.799203
vt 0.765596 -0.400006
vt 0.588357 -0.400007
vt 0.588357 -0.431323
vt 0.765596 -0.431322
vt 0.595333 -0.366010
vt 0.722835 -0.366010
vt 0.722835 0.277737
vt 0.595333 0.277737
vt 0.562424 -0.399744
vt 0.385544 -0.399744
vt 0.385544 -0.430150
vt 0.562425 -0.430150
vt 0.460215 -0.374455
vt 0.582294 -0.374455
vt 0.582294 0.286753
vt 0.460215 0.286753
vt 0.424691 0.281291
vt 0.424691 -0.358520
vt 0.440187 -0.358520
vt 0.440187 0.281291
vt 0.398882 0.302283
vt 0.398882 -0.381908
vt 0.414377 -0.381908
vt 0.414377 0.302283
vt 0.939333 0.096913
vt 0.762094 0.096913
vt 0.762094 0.065597
vt 0.939333 0.065597
vt 0.769070 0.130910
vt 0.896573 0.130910
vt 0.896573 0.774657
vt 0.769070 0.774657
vt 0.736162 0.097175
vt 0.559282 0.097175
vt 0.559282 0.066770
vt 0.736162 0.066770
vt 0.633952 0.122465
vt 0.756031 0.122465
vt 0.756031 0.783673
vt 0.633952 0.783673
vt 0.598428 0.778211
vt 0.598428 0.138399
vt 0.613924 0.138399
vt 0.613924 0.778211
vt 0.572619 0.799203
vt 0.572619 0.115011
vt 0.588115 0.115011
vt 0.588115 0.799203
vt 0.939333 0.096913
vt 0.762094 0.096913
vt 0.762094 0.065597
vt 0.939333 0.065597
vt 0.769070 0.130910
vt 0.896573 0.130910
vt 0.896573 0.774657
vt 0.769070 0.774657
vt 0.736162 0.097175
vt 0.559282 0.097175
vt 0.559282 0.066770
vt 0.736162 0.066770
vt 0.633952 0.122465
vt 0.756031 0.122465
vt 0.756031 0.783673
vt 0.633952 0.783673
vt 0.598428 0.778211
vt 0.598428 0.138399
vt 0.613924 0.138399
vt 0.613924 0.778211
vt 0.572619 0.799203
vt 0.572619 0.115011
vt 0.588115 0.115011
vt 0.588115 0.799203
vt 0.895046 0.321590
vt 0.717808 0.321590
vt 0.717808 0.290273
vt 0.895047 0.290274
vt 0.724784 0.355586
vt 0.852286 0.355586
vt 0.852286 0.999334
vt 0.724784 0.999334
vt 0.691875 0.321852
vt 0.514995 0.321852
vt 0.514995 0.291446
vt 0.691875 0.291446
vt 0.589666 0.347141
vt 0.711744 0.347141
vt 0.711744 1.008350
vt 0.589666 1.008350
vt 0.554142 1.002888
vt 0.554142 0.363076
vt 0.569638 0.363076
vt 0.569638 1.002888
vt 0.528332 1.023880
vt 0.528332 0.339688
vt 0.543828 0.339688
vt 0.543828 1.023880
vt 0.365220 0.145750
vt 0.187981 0.145749
vt 0.187981 0.114433
vt 0.365220 0.114434
vt 0.194958 0.179746
vt 0.322460 0.179746
vt 0.322460 0.823494
vt 0.194958 0.823494
vt 0.162049 0.146012
vt -0.014831 0.146012
vt -0.014831 0.115606
vt 0.162049 0.115606
vt 0.059840 0.171301
vt 0.181918 0.171301
vt 0.181918 0.832510
vt 0.059839 0.832510
vt 0.024316 0.827048
vt 0.024316 0.187235
vt 0.039811 0.187235
vt 0.039811 0.827048
vt -0.001494 0.848040
vt -0.001494 0.163847
vt 0.014002 0.163847
vt 0.014002 0.848040
vt 0.910285 0.809123
vt 0.733047 0.809123
vt 0.733046 0.777807
vt 0.910285 0.777808
vt 0.740023 0.843120
vt 0.867525 0.843120
vt 0.867525 1.486868
vt 0.740023 1.486868
vt 0.707114 0.809385
vt 0.530234 0.809385
vt 0.530234 0.778980
vt 0.707114 0.778980
vt 0.604905 0.834675
vt 0.726983 0.834675
vt 0.726983 1.495884
vt 0.604905 1.495884
vt 0.569381 1.490422
vt 0.569381 0.850609
vt 0.584876 0.850609
vt 0.584876 1.490422
vt 0.543571 1.511414
vt 0.543571 0.827221
vt 0.559067 0.827221
vt 0.559067 1.511414
vt 0.606063 -0.145797
vt 0.428824 -0.145797
vt 0.428824 -0.177113
vt 0.606063 -0.177113
vt 0.435800 -0.111800
vt 0.563303 -0.111800
vt 0.563303 0.531947
vt 0.435801 0.531947
vt 0.402892 -0.145535
vt 0.226012 -0.145535
vt 0.226012 -0.175940
vt 0.402892 -0.175940
vt 0.300682 -0.120245
vt 0.422761 -0.120245
vt 0.422761 0.540963
vt 0.300682 0.540964
vt 0.265158 0.535501
vt 0.265158 -0.104311
vt 0.280654 -0.104311
vt 0.280654 0.535501
vt 0.239349 0.556493
vt 0.239349 -0.127699
vt 0.254845 -0.127699
vt 0.254845 0.556493
vt 0.901835 0.196453
vt 0.724596 0.196453
vt 0.724596 0.165137
vt 0.901835 0.165137
vt 0.731572 0.230450
vt 0.859075 0.230450
vt 0.859074 0.874198
vt 0.731572 0.874198
vt 0.698663 0.196715
vt 0.521784 0.196715
vt 0.521784 0.166310
vt 0.698664 0.166310
vt 0.596454 0.222005
vt 0.718533 0.222005
vt 0.718533 0.883214
vt 0.596454 0.883214
vt 0.560930 0.877751
vt 0.560930 0.237939
vt 0.576426 0.237939
vt 0.576426 0.877751
vt 0.535121 0.898744
vt 0.535121 0.214551
vt 0.550616 0.214551
vt 0.550616 0.898744
vt 0.939333 0.096913
vt 0.762094 0.096913
vt 0.762094 0.065597
vt 0.939333 0.065597
vt 0.769070 0.130910
vt 0.896573 0.130910
vt 0.896573 0.774657
vt 0.769070 0.774657
vt 0.736162 0.097175
vt 0.559282 0.097175
vt 0.559282 0.066770
vt 0.736162 0.066770
vt 0.633952 0.122465
vt 0.756031 0.122465
vt 0.756031 0.783673
vt 0.633952 0.783673
vt 0.598428 0.778211
vt 0.598428 0.138399
vt 0.613924 0.138399
vt 0.613924 0.778211
vt 0.572619 0.799203
vt 0.572619 0.115011
vt 0.588115 0.115011
vt 0.588115 0.799203
vt 1.087700 0.973431
vt 0.910461 0.973430
vt 0.910461 0.942114
vt 1.087700 0.942115
vt 0.917437 1.007427
vt 1.044939 1.007427
vt 1.044939 1.651174
vt 0.917437 1.651174
vt 0.884528 0.973693
vt 0.707648 0.973692
vt 0.707648 0.943287
vt 0.884529 0.943287
vt 0.782319 0.998982
vt 0.904398 0.998982
vt 0.904398 1.660191
vt 0.782318 1.660191
vt 0.746795 1.654728
vt 0.746795 1.014916
vt 0.762290 1.014916
vt 0.762290 1.654728
vt 0.720985 1.675720
vt 0.720985 0.991528
vt 0.736481 0.991528
vt 0.736481 1.675720
vt 0.901835 0.196453
vt 0.724596 0.196453
vt 0.724596 0.165137
vt 0.901835 0.165137
vt 0.731572 0.230450
vt 0.859075 0.230450
vt 0.859074 0.874198
vt 0.731572 0.874198
vt 0.698663 0.196715
vt 0.521784 0.196715
vt 0.521784 0.166310
vt 0.698664 0.166310
vt 0.596454 0.222005
vt 0.718533 0.222005
vt 0.718533 0.883214
vt 0.596454 0.883214
vt 0.560930 0.877751
vt 0.560930 0.237939
vt 0.576426 0.237939
vt 0.576426 0.877751
vt 0.535121 0.898744
vt 0.535121 0.214551
vt 0.550616 0.214551
vt 0.550616 0.898744
vt 0.901835 0.196453
vt 0.724596 0.196453
vt 0.724596 0.165137
vt 0.901835 0.165137
vt 0.731572 0.230450
vt 0.859075 0.230450
vt 0.859074 0.874198
vt 0.731572 0.874198
vt 0.698663 0.196715
vt 0.521784 0.196715
vt 0.521784 0.166310
vt 0.698664 0.166310
vt 0.596454 0.222005
vt 0.718533 0.222005
vt 0.718533 0.883214
vt 0.596454 0.883214
vt 0.560930 0.877751
vt 0.560930 0.237939
vt 0.576426 0.237939
vt 0.576426 0.877751
vt 0.535121 0.898744
vt 0.535121 0.214551
vt 0.550616 0.214551
vt 0.550616 0.898744
vt 0.410808 0.129033
vt 0.410808 0.129033
vt 0.410808 0.168886
vt 0.410808 0.168886
vt 0.626832 0.618441
vt 0.627660 0.703842
vt 0.530784 0.711906
vt 0.530784 0.711906
vt 0.530784 0.711906
vt 0.431569 0.549620
vt 0.453152 0.382645
vt 0.338194 0.342309
vt 0.223237 0.285838
vt 0.437245 0.622218
vt 0.322287 0.581882
vt 0.207330 0.525412
vt 0.718160 0.409080
vt 0.831101 0.501852
vt 0.782125 0.594240
vt 0.508329 1.088116
vt 0.690446 0.386271
vt 0.690446 0.386271
vt 0.690446 0.386271
vt 0.811741 0.898992
vt 0.437245 0.129033
vt 0.437245 0.168886
vt 0.626832 0.618441
vt 0.626832 0.618441
vt 0.413274 -0.101009
vt 0.413274 0.985726
vt 0.690446 0.386271
vt 0.565343 0.501743
vt 0.690446 0.386271
vt 0.690446 0.386271
vt 0.453152 -0.110540
vt 0.453152 -0.070687
vt 0.410808 0.622218
vt 0.410808 0.622218
vt 0.295850 0.581882
vt 0.295850 0.581882
vt 0.180893 0.525412
vt 0.180893 0.525412
vt 0.666548 0.618441
vt 0.530784 0.711906
vt 0.666626 0.806220
vt 0.264116 -0.534672
vt 0.627660 0.703842
vt 0.627660 0.703842
vt 0.627660 0.703842
vt 0.923010 0.225443
vt 0.626832 0.618441
vt 0.626832 0.618441
vt 0.626832 0.618441
vt 0.690446 0.386271
vt 0.845739 0.362069
vt 0.453152 0.382645
vt 0.690446 0.386271
vt 0.690446 0.386271
vt 0.626832 0.618441
vt 0.626832 0.618441
vt 0.530784 0.498126
vt 0.251699 0.610117
vt 0.225263 0.610117
vt 0.225263 0.610117
vt 0.627660 0.490062
vt 0.267606 0.370544
vt 0.453152 0.382645
vt 0.605987 0.862811
vt 0.627660 0.703842
vt 0.410808 0.622218
vt 0.530784 0.711906
vt 0.429186 0.618441
vt 0.863358 0.653496
vt 0.626832 0.618441
vt 0.440563 0.882624
vt 0.690446 0.386271
vt 0.453152 0.382645
vt 0.492800 0.386271
vt 0.410808 0.622218
vt 0.410808 0.622218
vt 0.437245 0.622218
vt 0.690446 -0.059441
vt 0.462027 0.600675
vt 0.626832 0.172730
vt 0.666626 0.806220
vt 0.626832 0.618441
vt 0.410493 0.997815
vt 0.718160 0.409080
vt 0.530784 0.711906
vt 0.627660 0.703842
vt 0.690446 0.386271
vt 0.410808 0.622218
vt 1.244180 0.499685
vt 0.616633 0.381559
vt 0.690446 0.386271
vt 0.453152 0.382645
vt 0.690446 0.386271
vt 0.666548 0.618441
vt 1.037120 0.472831
vt 0.437245 0.622218
vt 0.508329 1.088116
vt 0.381541 0.711906
vt 0.478417 0.703842
vt 0.626832 0.618441
vt 0.626832 0.618441
vt 1.030042 0.546682
vt 0.453152 0.382645
vt 1.192544 -0.216042
vt 0.826461 0.548496
vt 0.636680 0.382645
vt 0.599762 0.578435
vt 0.666548 0.618441
vt 0.594336 0.622218
vt 0.594336 0.622218
vt 0.620773 0.622218
vt 0.626832 0.618441
vt 0.535121 0.898744
vt 0.690446 0.386271
vt 0.764587 0.799203
vt 0.453152 0.063991
vt 0.690446 0.386271
vt 0.232659 0.525711
vt 0.458332 1.023880
vt 0.508329 0.769462
vt 0.319355 0.281398
vt 0.398882 0.302283
vt 0.627660 0.703842
vt 0.530784 0.711906
vt 0.718160 0.409080
vt 0.702619 0.799203
vt 0.572619 0.799203
vt 0.295458 0.513568
vt 0.329973 0.936233
vt 0.031361 0.465653
vt 0.018822 0.593759
vt 0.151175 -0.627444
vt 0.698801 0.806220
vt 0.666626 0.806220
vt 0.475572 0.303821
vt 0.718160 0.409080
vt 0.530784 0.711906
vt 0.627660 0.703842
vt 0.539186 0.071651
vt 0.437245 0.319699
vt 0.410808 0.319699
vt 0.410808 0.319699
vt 0.720985 1.675720
vt 0.690446 0.386271
vt 0.453152 0.080125
vt 0.690446 0.386271
vt 0.626832 0.618441
vt 0.437245 0.267262
vt 0.410808 0.267262
vt 0.410808 0.267262
vt 0.626832 0.618441
vt 0.355323 0.217791
vt 0.452199 0.209727
vt 0.453152 0.027689
vt 0.453152 0.063991
vt 0.453152 0.082142
vt 0.535121 0.898744
vt 0.508329 0.769462
vt 0.319355 0.281398
vt 0.410808 0.321715
vt 0.626832 0.618441
vt 0.295458 0.513568
vt 0.151175 -0.627444
vt 0.698801 0.806220
vt 0.535121 0.898744
vt 0.239349 0.556493
vt 0.690446 0.386271
vt 0.718160 0.409080
vt 0.627660 0.703842
vt 0.530784 0.711906
vt 0.718160 0.409080
vt 0.543571 1.511414
vt 0.572619 0.799203
vt 1.192544 -0.216042
vt 0.690446 0.386271
vt 0.698801 0.806220
vt 0.151175 -0.627444
vt 0.580281 0.580584
vt 0.666548 0.618441
vt 0.701063 1.118173
vt 0.666548 0.618441
vt 0.437245 0.267262
vt 0.508329 0.733160
vt 0.690446 0.386271
vt 0.508329 1.088116
vt 0.412873 0.562009
vt 0.616633 0.381559
vt 0.453152 0.027689
vt -0.001494 0.848040
vt 0.690446 0.386271
vt 0.453152 0.382645
vt 0.690446 0.386271
vt 0.626832 0.618441
vt 0.437245 0.622218
vt 0.410808 0.622218
vt 0.410808 0.622218
vt 0.626832 0.618441
vt 0.626832 0.618441
vt 0.530784 0.711906
vt 0.627660 0.703842
vt 0.453152 0.382645
vt 0.453152 0.382645
vt 0.627660 0.703842
vt 0.530784 0.711906
vt 0.626832 0.618441
vt 0.410808 0.622218
vt 0.410808 0.622218
vt 0.437245 0.622218
vt 0.626832 0.618441
vt 0.690446 0.386271
vt 0.690446 0.386271
vt 0.453152 -0.274935
vt 0.690446 0.386271
vt 0.453152 0.382645
vt 0.453152 0.382645
vt 0.690446 0.386271
vt 0.626832 0.618441
vt 0.626832 0.618441
vt 0.626832 0.618441
vt 0.627660 0.703842
vt 0.450182 1.587198
vt 0.627660 0.703842
vt 0.690446 0.386271
vt 0.437245 -0.035362
vt 0.437245 0.622218
vt 0.876372 1.225713
vt 0.666626 0.806220
vt 0.690446 0.184591
vt 0.530784 0.711906
vt 0.530784 0.711906
vt 0.410808 0.622218
vt 0.410808 0.622218
vt 0.410808 0.307598
vt 0.410808 0.307598
vt 0.608453 0.622218
vt 0.608453 0.622218
vt 0.626832 0.618441
vt 0.293738 0.382645
vt 0.690446 0.386271
vt 0.626832 0.618441
vt 0.410808 -0.035362
vt 0.410808 -0.035362
vt 0.410808 0.622218
vt 0.410808 0.622218
vt 0.626832 0.618441
vt 0.277831 0.622218
vt 0.690446 0.386271
vt 0.690446 0.386271
vt 0.690446 0.386271
vt 0.927907 0.828573
vt 0.718160 0.409080
vt 0.437245 0.622218
vt 0.437245 0.307598
vt 0.634890 0.622218
vt 0.626832 0.618441
vt 0.572619 0.799203
vt 0.453152 0.382645
vt 0.453152 0.068025
vt 0.650797 0.382645
vt 0.528332 1.023880
vt 0.530784 0.711906
vt 0.353306 1.595263
vt 0.530784 0.711906
vt 0.626832 0.416762
vt 0.745532 0.667350
vt 0.410808 0.622218
vt 0.410808 0.622218
vt 0.398882 0.302283
vt 0.437245 0.622218
vt 0.627660 0.703842
vt 0.627660 0.703842
vt 0.251394 0.622218
vt 0.251394 0.622218
vt 0.572619 0.799203
vn -0.001891 0.001456 0.999997
vn -0.002761 0.001495 0.999995
vn 0.038726 -0.000356 0.999250
vn 0.039594 -0.000395 0.999216
vn -0.000006 0.000559 -1.000000
vn 0.028636 -0.001519 -0.999589
vn 0.027484 -0.001435 -0.999621
vn -0.001141 0.000642 -0.999999
vn -0.995331 0.011335 0.095854
vn -0.994210 0.012193 0.106760
vn -0.994273 0.012147 0.106176
vn -0.995387 0.011289 0.095274
vn 0.968316 -0.011742 0.249451
vn 0.968354 -0.011755 0.249303
vn 0.967646 -0.011514 0.252051
vn 0.967607 -0.011501 0.252199
vn -0.016583 -0.999862 -0.000141
vn -0.016565 -0.999863 -0.000129
vn -0.016573 -0.999863 -0.000134
vn -0.016596 -0.999862 -0.000150
vn 0.000128 -0.000503 -1.000000
vn 0.000042 -0.000506 -1.000000
vn 0.003977 -0.000377 -0.999992
vn 0.004062 -0.000374 -0.999992
vn 0.040955 0.000237 0.999161
vn 0.010143 -0.001586 0.999947
vn 0.011397 -0.001512 0.999934
vn 0.042200 0.000311 0.999109
vn 0.948617 -0.002345 -0.316419
vn 0.942134 -0.000742 -0.335236
vn 0.942491 -0.000828 -0.334229
vn 0.948956 -0.002432 -0.315398
vn -0.999417 0.002047 -0.034090
vn -0.999378 0.002134 -0.035202
vn -0.999901 0.000477 -0.014041
vn -0.999916 0.000392 -0.012955
vn 0.000000 -1.000000 -0.000000
vn 0.000000 -1.000000 -0.000000
vn 0.000000 -1.000000 -0.000000
vn 0.000000 -1.000000 -0.000000
vn -0.005095 0.000660 -0.999987
vn -0.004049 0.000700 -0.999992
vn -0.053734 -0.001194 -0.998555
vn -0.054782 -0.001234 -0.998498
vn 0.009658 -0.000143 0.999953
vn 0.027601 0.001047 0.999619
vn 0.026873 0.000999 0.999638
vn 0.008939 -0.000191 0.999960
vn 0.979071 0.005012 -0.203458
vn 0.977905 0.005503 -0.208976
vn 0.977975 0.005474 -0.208650
vn 0.979140 0.004983 -0.203127
vn -0.993266 -0.005882 -0.115706
vn -0.993293 -0.005902 -0.115470
vn -0.992818 -0.005545 -0.119507
vn -0.992789 -0.005523 -0.119747
vn 0.002836 -0.999996 -0.000301
vn 0.002813 -0.999996 -0.000312
vn 0.002822 -0.999996 -0.000308
vn 0.002849 -0.999996 -0.000295
vn -0.001759 0.001219 -0.999998
vn -0.001065 0.001250 -0.999999
vn -0.034336 -0.000217 -0.999410
vn -0.035030 -0.000248 -0.999386
vn 0.003257 0.000388 0.999995
vn -0.019625 -0.001261 0.999807
vn -0.018707 -0.001195 0.999824
vn 0.004161 0.000453 0.999991
vn 0.982731 0.010842 -0.184721
vn 0.980141 0.011680 -0.197955
vn 0.980256 0.011644 -0.197389
vn 0.982838 0.010806 -0.184156
vn -0.969190 -0.011376 -0.246053
vn -0.969227 -0.011386 -0.245907
vn -0.968354 -0.011144 -0.249330
vn -0.968317 -0.011134 -0.249476
vn 0.016580 -0.999862 -0.000948
vn 0.016564 -0.999862 -0.000960
vn 0.016574 -0.999862 -0.000953
vn 0.016596 -0.999862 -0.000936
vn 0.005045 0.000631 0.999987
vn 0.004048 0.000667 0.999992
vn 0.053761 -0.001141 0.998553
vn 0.054760 -0.001177 0.998499
vn -0.009613 -0.000139 -0.999954
vn -0.027589 0.001000 -0.999619
vn -0.026895 0.000956 -0.999638
vn -0.008927 -0.000182 -0.999960
vn -0.979075 0.004781 0.203442
vn -0.977913 0.005249 0.208946
vn -0.977979 0.005222 0.208636
vn -0.979141 0.004754 0.203127
vn 0.993269 -0.005614 0.115698
vn 0.993295 -0.005633 0.115471
vn 0.992814 -0.005288 0.119549
vn 0.992787 -0.005268 0.119779
vn -0.002971 -0.999996 0.000316
vn -0.002948 -0.999996 0.000327
vn -0.002957 -0.999996 0.000323
vn -0.002985 -0.999996 0.000309
vn -0.001949 0.001338 0.999997
vn -0.002761 0.001354 0.999995
vn 0.038798 0.000532 0.999247
vn 0.039609 0.000516 0.999215
vn -0.000080 0.000533 -1.000000
vn 0.028648 -0.000794 -0.999589
vn 0.027571 -0.000745 -0.999620
vn -0.001140 0.000582 -0.999999
vn -0.995334 -0.011653 0.095783
vn -0.994231 -0.010813 0.106716
vn -0.994290 -0.010856 0.106162
vn -0.995386 -0.011695 0.095233
vn 0.968355 0.010657 0.249348
vn 0.968391 0.010646 0.249208
vn 0.967674 0.010860 0.251971
vn 0.967637 0.010870 0.252111
vn -0.017748 -0.999843 -0.000151
vn -0.017729 -0.999843 -0.000138
vn -0.017737 -0.999843 -0.000144
vn -0.017762 -0.999842 -0.000160
vn 0.000126 -0.000485 -1.000000
vn 0.000044 -0.000488 -1.000000
vn 0.003982 -0.000363 -0.999992
vn 0.004064 -0.000360 -0.999992
vn 0.040999 0.000231 0.999159
vn 0.010143 -0.001529 0.999947
vn 0.011351 -0.001460 0.999934
vn 0.042199 0.000299 0.999109
vn 0.948629 -0.002264 -0.316382
vn 0.942134 -0.000715 -0.335236
vn 0.942479 -0.000795 -0.334265
vn 0.948956 -0.002344 -0.315398
vn -0.999415 0.001976 -0.034130
vn -0.999378 0.002057 -0.035202
vn -0.999902 0.000457 -0.014002
vn -0.999916 0.000378 -0.012955
vn 0.000000 -1.000000 -0.000000
vn 0.000000 -1.000000 -0.000000
vn 0.000000 -1.000000 -0.000000
vn 0.000000 -1.000000 -0.000000
vn -0.005037 0.000626 -0.999987
vn -0.004049 0.000662 -0.999992
vn -0.053790 -0.001131 -0.998552
vn -0.054780 -0.001167 -0.998498
vn 0.009619 -0.000138 0.999954
vn 0.027601 0.000990 0.999619
vn 0.026913 0.000947 0.999637
vn 0.008939 -0.000180 0.999960
vn 0.979076 0.004738 -0.203440
vn 0.977907 0.005203 -0.208977
vn 0.977973 0.005177 -0.208668
vn 0.979141 0.004711 -0.203127
vn -0.993269 -0.005562 -0.115693
vn -0.993295 -0.005581 -0.115470
vn -0.992818 -0.005241 -0.119521
vn -0.992791 -0.005222 -0.119747
vn 0.002999 -0.999995 -0.000319
vn 0.002976 -0.999996 -0.000330
vn 0.002984 -0.999996 -0.000326
vn 0.003013 -0.999995 -0.000312
vn -0.001743 0.001192 -0.999998
vn -0.001065 0.001221 -0.999999
vn -0.034352 -0.000213 -0.999410
vn -0.035030 -0.000242 -0.999386
vn 0.003278 0.000380 0.999995
vn -0.019625 -0.001232 0.999807
vn -0.018729 -0.001168 0.999824
vn 0.004161 0.000442 0.999991
vn 0.982737 0.010588 -0.184707
vn 0.980145 0.011408 -0.197955
vn 0.980257 0.011374 -0.197401
vn 0.982840 0.010554 -0.184155
vn -0.969193 -0.011111 -0.246051
vn -0.969229 -0.011121 -0.245909
vn -0.968356 -0.010885 -0.249336
vn -0.968319 -0.010875 -0.249478
vn 0.016976 -0.999855 -0.000970
vn 0.016959 -0.999856 -0.000983
vn 0.016969 -0.999856 -0.000976
vn 0.016991 -0.999855 -0.000958
vn -0.015320 -0.023161 0.999614
vn -0.015252 -0.023163 0.999615
vn -0.018526 -0.023059 0.999562
vn -0.018593 -0.023057 0.999561
vn -0.018371 0.022949 -0.999568
vn 0.006858 0.021514 -0.999745
vn 0.005869 0.021570 -0.999750
vn -0.019347 0.023004 -0.999548
vn -0.994548 -0.004741 0.104167
vn -0.991405 -0.003725 0.130777
vn -0.991545 -0.003766 0.129712
vn -0.994660 -0.004782 0.103096
vn 0.946444 -0.005474 0.322821
vn 0.946116 -0.005431 0.323782
vn 0.953483 -0.006440 0.301379
vn 0.953783 -0.006482 0.300428
vn -0.000000 -0.999741 -0.022765
vn 0.000000 -0.999741 -0.022765
vn -0.000000 -0.999741 -0.022765
vn -0.000000 -0.999741 -0.022765
vn 0.002024 0.001456 0.999997
vn 0.001244 0.001467 0.999998
vn 0.040929 0.000935 0.999162
vn 0.041709 0.000925 0.999129
vn -0.003950 0.000334 -0.999992
vn 0.023397 -0.000766 -0.999726
vn 0.022364 -0.000724 -0.999750
vn -0.004968 0.000375 -0.999988
vn -0.987628 -0.018145 0.155763
vn -0.985803 -0.017277 0.167013
vn -0.985896 -0.017319 0.166459
vn -0.987714 -0.018187 0.155213
vn 0.977934 0.017307 0.208197
vn 0.977964 0.017297 0.208054
vn 0.977329 0.017510 0.211003
vn 0.977298 0.017520 0.211146
vn -0.017364 -0.999849 0.000839
vn -0.017373 -0.999849 0.000833
vn -0.017369 -0.999849 0.000836
vn -0.017357 -0.999849 0.000843
vn -0.004041 -0.031559 -0.999494
vn -0.003335 -0.031535 -0.999497
vn -0.039410 -0.032710 -0.998688
vn -0.040120 -0.032733 -0.998659
vn 0.005847 0.032268 0.999462
vn -0.018094 0.030787 0.999362
vn -0.017190 0.030843 0.999376
vn 0.006740 0.032323 0.999455
vn 0.961403 -0.004526 -0.275106
vn 0.967182 -0.005191 -0.254031
vn 0.966945 -0.005163 -0.254935
vn 0.961146 -0.004497 -0.276004
vn -0.989152 -0.009713 -0.146572
vn -0.989360 -0.009756 -0.145162
vn -0.983798 -0.008716 -0.179069
vn -0.983546 -0.008673 -0.180448
vn 0.000000 -0.997250 0.074109
vn 0.000000 -0.997250 0.074109
vn 0.000000 -0.997250 0.074109
vn 0.000001 -0.997250 0.074109
vn 0.011937 0.010826 0.999870
vn 0.004081 0.011340 0.999927
vn 0.255593 -0.005467 0.966769
vn 0.262353 -0.005929 0.964954
vn -0.008768 -0.006173 -0.999943
vn -0.027605 -0.004130 -0.999610
vn -0.026622 -0.004236 -0.999637
vn -0.007882 -0.006269 -0.999949
vn -0.980282 0.030677 0.195210
vn -0.994068 0.019401 0.107014
vn -0.993160 0.020419 0.114965
vn -0.978659 0.031675 0.203035
vn 0.992999 -0.018710 0.116631
vn 0.993133 -0.018870 0.115461
vn 0.991465 -0.016974 0.129261
vn 0.991320 -0.016819 0.130388
vn -0.002996 -0.999995 0.000318
vn -0.002972 -0.999996 0.000330
vn -0.002981 -0.999996 0.000326
vn -0.003009 -0.999995 0.000312
vn 0.352053 0.935862 -0.014896
vn 0.404660 0.914368 0.013469
vn 0.254625 0.964828 -0.065373
vn -0.001966 0.001302 0.999997
vn -0.002762 0.001311 0.999995
vn 0.038821 0.000848 0.999246
vn 0.039616 0.000839 0.999215
vn -0.000102 0.000525 -1.000000
vn 0.028652 -0.000544 -0.999589
vn 0.027596 -0.000505 -0.999619
vn -0.001141 0.000564 -0.999999
vn -0.995209 -0.019772 0.095748
vn -0.994112 -0.018935 0.106686
vn -0.994170 -0.018977 0.106140
vn -0.995260 -0.019813 0.095206
vn 0.968250 0.018566 0.249292
vn 0.968286 0.018555 0.249155
vn 0.967569 0.018759 0.251911
vn 0.967533 0.018769 0.252049
vn -0.017768 -0.999842 -0.000151
vn -0.017748 -0.999843 -0.000138
vn -0.017756 -0.999842 -0.000144
vn -0.017782 -0.999842 -0.000161
vn 0.000123 -0.000473 -1.000000
vn 0.000042 -0.000476 -1.000000
vn 0.003982 -0.000354 -0.999992
vn 0.004062 -0.000352 -0.999992
vn 0.041028 0.000227 0.999158
vn 0.010143 -0.001492 0.999948
vn 0.011323 -0.001427 0.999935
vn 0.042200 0.000292 0.999109
vn 0.948637 -0.002211 -0.316359
vn 0.942134 -0.000698 -0.335236
vn 0.942470 -0.000774 -0.334289
vn 0.948957 -0.002288 -0.315399
vn -0.999415 0.001931 -0.034155
vn -0.999378 0.002008 -0.035202
vn -0.999902 0.000444 -0.013977
vn -0.999916 0.000369 -0.012955
vn 0.000000 -1.000000 -0.000000
vn 0.000000 -1.000000 -0.000000
vn 0.000000 -1.000000 -0.000000
vn 0.000000 -1.000000 -0.000000
vn -0.005015 0.000613 -0.999987
vn -0.004049 0.000647 -0.999992
vn -0.053814 -0.001106 -0.998550
vn -0.054782 -0.001140 -0.998498
vn 0.009603 -0.000135 0.999954
vn 0.027601 0.000968 0.999619
vn 0.026929 0.000926 0.999637
vn 0.008939 -0.000176 0.999960
vn 0.979078 0.004628 -0.203432
vn 0.977908 0.005084 -0.208976
vn 0.977972 0.005059 -0.208674
vn 0.979142 0.004603 -0.203126
vn -0.993271 -0.005434 -0.115689
vn -0.993296 -0.005452 -0.115471
vn -0.992818 -0.005120 -0.119527
vn -0.992791 -0.005102 -0.119748
vn 0.003070 -0.999995 -0.000326
vn 0.003046 -0.999995 -0.000338
vn 0.003055 -0.999995 -0.000334
vn 0.003084 -0.999995 -0.000319
vn -0.001696 0.001112 -0.999998
vn -0.001065 0.001137 -0.999999
vn -0.034399 -0.000200 -0.999408
vn -0.035030 -0.000226 -0.999386
vn 0.003339 0.000358 0.999994
vn -0.019625 -0.001147 0.999807
vn -0.018791 -0.001092 0.999823
vn 0.004161 0.000412 0.999991
vn 0.982751 0.009860 -0.184672
vn 0.980153 0.010626 -0.197957
vn 0.980257 0.010596 -0.197442
vn 0.982848 0.009830 -0.184158
vn -0.969204 -0.010349 -0.246042
vn -0.969237 -0.010358 -0.245910
vn -0.968361 -0.010137 -0.249346
vn -0.968327 -0.010129 -0.249479
vn 0.018226 -0.999833 -0.001042
vn 0.018208 -0.999834 -0.001056
vn 0.018218 -0.999834 -0.001048
vn 0.018242 -0.999833 -0.001029
vn -0.026352 -0.000651 0.999653
vn -0.026240 -0.000654 0.999656
vn -0.031911 -0.000486 0.999491
vn -0.032021 -0.000483 0.999487
vn -0.031682 0.000312 -0.999498
vn 0.011813 -0.002039 -0.999928
vn 0.010199 -0.001952 -0.999946
vn -0.033273 0.000398 -0.999446
vn -0.998124 -0.002214 0.061181
vn -0.997073 -0.000712 0.076451
vn -0.997150 -0.000812 0.075434
vn -0.998186 -0.002314 0.060162
vn 0.980985 0.001806 0.194073
vn 0.980792 0.001907 0.195048
vn 0.983479 0.000450 0.181024
vn 0.983654 0.000351 0.180069
vn 0.000000 -1.000000 -0.000000
vn 0.000000 -1.000000 -0.000000
vn 0.000000 -1.000000 -0.000000
vn 0.000000 -1.000000 -0.000000
vn 0.999995 0.001376 0.003015
vn 0.999992 0.001386 0.003849
vn 0.998520 0.000662 -0.054390
vn 0.998474 0.000652 -0.055221
vn -1.000000 0.000561 0.000517
vn -0.999202 -0.000731 -0.039942
vn -0.999245 -0.000696 -0.038836
vn -0.999999 0.000596 0.001605
vn 0.068835 -0.010794 0.997570
vn 0.076723 -0.010176 0.997001
vn 0.076312 -0.010209 0.997032
vn 0.068427 -0.010826 0.997597
vn 0.181542 0.010131 -0.983331
vn 0.181436 0.010122 -0.983351
vn 0.183508 0.010284 -0.982964
vn 0.183615 0.010293 -0.982944
vn -0.000147 -0.999719 0.023712
vn -0.000132 -0.999720 0.023682
vn -0.000136 -0.999719 0.023690
vn -0.000154 -0.999718 0.023726
vn -1.000000 -0.000452 -0.000132
vn -1.000000 -0.000453 -0.000055
vn -0.999986 -0.000337 -0.005214
vn -0.999986 -0.000335 -0.005290
vn 0.998552 0.000233 -0.053801
vn 0.999912 -0.001422 -0.013208
vn 0.999896 -0.001376 -0.014333
vn 0.998491 0.000278 -0.054917
vn -0.248047 -0.001656 -0.968747
vn -0.263601 -0.000523 -0.964632
vn -0.262874 -0.000576 -0.964830
vn -0.247314 -0.001709 -0.968934
vn -0.026265 0.001415 0.999654
vn -0.027032 0.001469 0.999634
vn -0.010698 0.000323 0.999943
vn -0.009950 0.000271 0.999950
vn 0.000000 -1.000000 -0.000000
vn 0.000000 -1.000000 -0.000000
vn 0.000000 -1.000000 -0.000000
vn 0.000000 -1.000000 -0.000000
vn -0.999981 0.000587 0.006183
vn -0.999986 0.000610 0.005273
vn -0.997522 -0.001051 0.070351
vn -0.997457 -0.001074 0.071261
vn 0.999925 -0.000138 -0.012266
vn 0.999354 0.000913 -0.035931
vn 0.999376 0.000885 -0.035298
vn 0.999932 -0.000166 -0.011640
vn -0.157555 0.003381 -0.987504
vn -0.161945 0.003718 -0.986793
vn -0.161723 0.003701 -0.986829
vn -0.157329 0.003364 -0.987541
vn -0.089086 -0.003950 0.996016
vn -0.088928 -0.003962 0.996030
vn -0.092071 -0.003721 0.995745
vn -0.092232 -0.003709 0.995731
vn -0.000344 -0.999991 -0.004240
vn -0.000358 -0.999991 -0.004203
vn -0.000354 -0.999991 -0.004213
vn -0.000338 -0.999991 -0.004256
vn -0.999997 0.001119 0.002015
vn -0.999998 0.001138 0.001387
vn -0.998988 -0.000206 0.044967
vn -0.998960 -0.000226 0.045595
vn 0.999989 0.000371 -0.004599
vn 0.999673 -0.001148 0.025552
vn 0.999694 -0.001106 0.024721
vn 0.999985 0.000412 -0.005419
vn -0.142816 0.007633 -0.989720
vn -0.153271 0.008236 -0.988150
vn -0.152867 0.008212 -0.988213
vn -0.142414 0.007610 -0.989778
vn -0.191338 -0.008058 0.981491
vn -0.191233 -0.008064 0.981511
vn -0.193985 -0.007895 0.980973
vn -0.194089 -0.007888 0.980952
vn -0.001038 -0.999718 -0.023708
vn -0.001054 -0.999719 -0.023681
vn -0.001048 -0.999719 -0.023691
vn -0.001028 -0.999718 -0.023725
vn 0.999707 -0.000462 0.024198
vn 0.999709 -0.000464 0.024119
vn 0.999569 -0.000344 0.029343
vn 0.999567 -0.000343 0.029422
vn -0.999566 0.000235 0.029444
vn -0.999940 -0.001446 -0.010850
vn -0.999952 -0.001399 -0.009705
vn -0.999533 0.000282 0.030573
vn 0.066235 -0.001731 0.997803
vn 0.083157 -0.000549 0.996536
vn 0.082372 -0.000604 0.996602
vn 0.065447 -0.001786 0.997854
vn 0.210789 0.001411 -0.977531
vn 0.211537 0.001467 -0.977369
vn 0.196133 0.000324 -0.980577
vn 0.195398 0.000270 -0.980724
vn 0.000000 -1.000000 -0.000000
vn 0.000000 -1.000000 -0.000000
vn 0.000000 -1.000000 -0.000000
vn 0.000000 -1.000000 -0.000000
vn 0.999996 0.001321 -0.002342
vn 0.999998 0.001335 -0.001620
vn 0.998565 0.000322 -0.053544
vn 0.998527 0.000308 -0.054265
vn -0.999985 0.000374 0.005525
vn -0.999536 -0.001010 -0.030452
vn -0.999565 -0.000973 -0.029496
vn -0.999979 0.000410 0.006468
vn 0.120225 -0.002967 0.992742
vn 0.129038 -0.002367 0.991637
vn 0.128642 -0.002394 0.991688
vn 0.119832 -0.002993 0.992790
vn 0.161397 0.002475 -0.986887
vn 0.161294 0.002468 -0.986903
vn 0.163625 0.002628 -0.986519
vn 0.163728 0.002635 -0.986502
vn 0.000911 -0.999699 0.024535
vn 0.000904 -0.999698 0.024550
vn 0.000906 -0.999698 0.024545
vn 0.000915 -0.999699 0.024528
vn -0.999970 0.001885 0.007526
vn -0.999977 0.001909 0.006517
vn -0.997008 0.000183 0.077298
vn -0.996929 0.000159 0.078306
vn 0.999929 -0.000840 -0.011909
vn 0.999369 -0.002971 0.035382
vn 0.999415 -0.002913 0.034091
vn 0.999913 -0.000782 -0.013185
vn -0.144476 0.003382 -0.989503
vn -0.133027 0.002366 -0.991110
vn -0.133702 0.002426 -0.991019
vn -0.145152 0.003442 -0.989403
vn -0.076051 -0.003575 0.997098
vn -0.075036 -0.003665 0.997174
vn -0.092536 -0.002113 0.995707
vn -0.093539 -0.002024 0.995614
vn 0.000000 -1.000000 -0.000000
vn 0.000000 -1.000000 -0.000000
vn 0.000000 -1.000000 -0.000000
vn 0.000000 -1.000000 -0.000000
vn 0.999981 0.000590 -0.006188
vn 0.999986 0.000614 -0.005273
vn 0.997524 -0.001058 -0.070317
vn 0.997459 -0.001081 -0.071232
vn -0.999925 -0.000139 0.012255
vn -0.999354 0.000919 0.035917
vn -0.999377 0.000890 0.035279
vn -0.999933 -0.000167 0.011625
vn 0.157555 0.003404 0.987504
vn 0.161923 0.003741 0.986796
vn 0.161699 0.003723 0.986833
vn 0.157329 0.003386 0.987540
vn 0.089081 -0.003976 -0.996016
vn 0.088921 -0.003989 -0.996031
vn 0.092093 -0.003744 -0.995744
vn 0.092256 -0.003731 -0.995728
vn 0.000342 -0.999991 0.004211
vn 0.000356 -0.999991 0.004175
vn 0.000352 -0.999991 0.004184
vn 0.000336 -0.999991 0.004227
vn 0.999981 0.000610 -0.006220
vn 0.999986 0.000635 -0.005273
vn 0.997526 -0.001094 -0.070285
vn 0.997459 -0.001119 -0.071232
vn -0.999925 -0.000143 0.012277
vn -0.999354 0.000951 0.035917
vn -0.999378 0.000920 0.035257
vn -0.999932 -0.000173 0.011625
vn 0.157563 0.003522 0.987503
vn 0.161922 0.003870 0.986796
vn 0.161691 0.003851 0.986834
vn 0.157329 0.003503 0.987540
vn 0.089087 -0.004113 -0.996015
vn 0.088921 -0.004126 -0.996030
vn 0.092087 -0.003874 -0.995743
vn 0.092257 -0.003860 -0.995728
vn 0.000331 -0.999992 0.004071
vn 0.000344 -0.999992 0.004035
vn 0.000340 -0.999992 0.004044
vn 0.000325 -0.999992 0.004086
vn 0.999995 0.001292 0.002819
vn 0.999993 0.001305 0.003596
vn 0.998710 0.000383 -0.050773
vn 0.998670 0.000370 -0.051548
vn -0.999945 0.009132 -0.005269
vn -0.954415 -0.001959 -0.298477
vn -0.956760 -0.001660 -0.290873
vn -0.999955 0.009370 0.001276
vn 0.066121 -0.006739 0.997789
vn 0.082154 -0.005576 0.996604
vn 0.081290 -0.005639 0.996675
vn 0.065352 -0.006795 0.997839
vn 0.080679 -0.002698 -0.996737
vn 0.075131 -0.003101 -0.997169
vn 0.190809 0.005347 -0.981613
vn 0.196200 0.005744 -0.980547
vn 0.002087 -0.999672 0.025514
vn 0.000287 -0.999547 0.030084
vn 0.000697 -0.999578 0.029042
vn 0.002749 -0.999712 0.023835
vn -1.000000 -0.000457 -0.000133
vn -1.000000 -0.000459 -0.000055
vn -0.999986 -0.000341 -0.005213
vn -0.999986 -0.000339 -0.005290
vn 0.998552 0.000235 -0.053788
vn 0.999912 -0.001439 -0.013208
vn 0.999896 -0.001392 -0.014346
vn 0.998491 0.000282 -0.054917
vn -0.248055 -0.001675 -0.968744
vn -0.263600 -0.000529 -0.964632
vn -0.262865 -0.000583 -0.964833
vn -0.247314 -0.001730 -0.968934
vn -0.026257 0.001432 0.999654
vn -0.027032 0.001487 0.999634
vn -0.010707 0.000327 0.999943
vn -0.009951 0.000274 0.999950
vn 0.000000 -1.000000 -0.000000
vn 0.000000 -1.000000 -0.000000
vn 0.000000 -1.000000 -0.000000
vn 0.000000 -1.000000 -0.000000
vn -0.999981 0.000610 0.006220
vn -0.999986 0.000635 0.005273
vn -0.997524 -0.001093 0.070314
vn -0.997457 -0.001118 0.071261
vn 0.999925 -0.000143 -0.012291
vn 0.999354 0.000950 -0.035931
vn 0.999377 0.000919 -0.035272
vn 0.999932 -0.000173 -0.011640
vn -0.157564 0.003519 -0.987503
vn -0.161946 0.003868 -0.986792
vn -0.161714 0.003850 -0.986830
vn -0.157329 0.003500 -0.987540
vn -0.089092 -0.004109 0.996015
vn -0.088928 -0.004122 0.996030
vn -0.092064 -0.003872 0.995746
vn -0.092232 -0.003859 0.995730
vn -0.000331 -0.999992 -0.004075
vn -0.000344 -0.999992 -0.004039
vn -0.000341 -0.999992 -0.004049
vn -0.000325 -0.999992 -0.004090
vn -0.999997 0.001114 0.002012
vn -0.999998 0.001134 0.001387
vn -0.998988 -0.000206 0.044970
vn -0.998960 -0.000225 0.045595
vn 0.999989 0.000370 -0.004603
vn 0.999673 -0.001143 0.025552
vn 0.999694 -0.001102 0.024724
vn 0.999985 0.000411 -0.005419
vn -0.142814 0.007602 -0.989720
vn -0.153271 0.008202 -0.988150
vn -0.152869 0.008179 -0.988213
vn -0.142415 0.007579 -0.989778
vn -0.191338 -0.008025 0.981492
vn -0.191234 -0.008031 0.981512
vn -0.193985 -0.007862 0.980973
vn -0.194090 -0.007856 0.980952
vn -0.001043 -0.999716 -0.023806
vn -0.001059 -0.999717 -0.023779
vn -0.001052 -0.999716 -0.023789
vn -0.001032 -0.999716 -0.023823
vn 0.999707 -0.000460 0.024198
vn 0.999709 -0.000462 0.024119
vn 0.999569 -0.000343 0.029344
vn 0.999567 -0.000341 0.029422
vn -0.999566 0.000234 0.029448
vn -0.999940 -0.001440 -0.010850
vn -0.999952 -0.001393 -0.009710
vn -0.999533 0.000281 0.030573
vn 0.066231 -0.001725 0.997803
vn 0.083157 -0.000547 0.996536
vn 0.082374 -0.000601 0.996601
vn 0.065446 -0.001779 0.997855
vn 0.210792 0.001406 -0.977530
vn 0.211538 0.001461 -0.977369
vn 0.196130 0.000323 -0.980578
vn 0.195399 0.000269 -0.980724
vn 0.000000 -1.000000 -0.000000
vn 0.000000 -1.000000 -0.000000
vn 0.000000 -1.000000 -0.000000
vn 0.000000 -1.000000 -0.000000
vn 0.001754 0.001142 -0.999998
vn 0.002423 0.001179 -0.999996
vn -0.034043 -0.000797 -0.999420
vn -0.034711 -0.000833 -0.999397
vn 0.000122 0.000437 1.000000
vn -0.025107 -0.001544 0.999684
vn -0.024221 -0.001475 0.999706
vn 0.000994 0.000505 0.999999
vn 0.993723 0.025047 -0.109027
vn 0.992248 0.025777 -0.121572
vn 0.992311 0.025748 -0.121065
vn 0.993779 0.025018 -0.108522
vn -0.959136 -0.024805 -0.281855
vn -0.959173 -0.024814 -0.281728
vn -0.958266 -0.024587 -0.284817
vn -0.958229 -0.024578 -0.284944
vn 0.019032 -0.999819 0.000184
vn 0.019013 -0.999819 0.000169
vn 0.019023 -0.999819 0.000176
vn 0.019048 -0.999819 0.000196
vn -0.000122 -0.000459 1.000000
vn -0.000044 -0.000461 1.000000
vn -0.004189 -0.000343 0.999991
vn -0.004266 -0.000341 0.999991
vn -0.043180 0.000225 -0.999067
vn -0.010653 -0.001447 -0.999942
vn -0.011797 -0.001388 -0.999930
vn -0.044316 0.000283 -0.999018
vn -0.953112 -0.002053 0.302609
vn -0.947118 -0.000647 0.320886
vn -0.947417 -0.000716 0.320002
vn -0.953396 -0.002122 0.301714
vn 0.999469 0.001785 0.032549
vn 0.999437 0.001854 0.033516
vn 0.999912 0.000408 0.013277
vn 0.999924 0.000341 0.012333
vn 0.000000 -1.000000 -0.000000
vn 0.000000 -1.000000 -0.000000
vn 0.000000 -1.000000 -0.000000
vn 0.000000 -1.000000 -0.000000
vn 0.005380 0.000711 0.999985
vn 0.004253 0.000755 0.999991
vn 0.056396 -0.001286 0.998408
vn 0.057525 -0.001330 0.998343
vn -0.010164 -0.000153 -0.999948
vn -0.028986 0.001129 -0.999579
vn -0.028202 0.001076 -0.999602
vn -0.009388 -0.000206 -0.999956
vn -0.980963 0.005158 0.194126
vn -0.979904 0.005662 0.199388
vn -0.979973 0.005630 0.199052
vn -0.981031 0.005126 0.193784
vn 0.993885 -0.006041 0.110259
vn 0.993911 -0.006064 0.110017
vn 0.993482 -0.005698 0.113849
vn 0.993454 -0.005675 0.114095
vn -0.003264 -0.999995 0.000330
vn -0.003238 -0.999995 0.000342
vn -0.003247 -0.999995 0.000338
vn -0.003279 -0.999995 0.000323
vn 0.003265 0.999995 -0.000328
vn 0.003281 0.999995 -0.000337
vn 0.003273 0.999995 -0.000333
vn 0.003260 0.999995 -0.000325
vn 0.001761 0.001134 0.999998
vn 0.001119 0.001159 0.999999
vn 0.036145 -0.000205 0.999347
vn 0.036787 -0.000230 0.999323
vn -0.003533 0.000367 -0.999994
vn 0.020611 -0.001169 -0.999787
vn 0.019762 -0.001115 -0.999804
vn -0.004370 0.000420 -0.999990
vn -0.984322 0.009584 0.176123
vn -0.981953 0.010330 0.188843
vn -0.982050 0.010301 0.188340
vn -0.984411 0.009554 0.175622
vn 0.971960 -0.010072 0.234931
vn 0.971991 -0.010081 0.234802
vn 0.971189 -0.009867 0.238105
vn 0.971158 -0.009858 0.238235
vn -0.018782 -0.999823 0.001022
vn -0.018763 -0.999823 0.001036
vn -0.018773 -0.999823 0.001028
vn -0.018798 -0.999823 0.001010
vn 0.019534 -0.001141 -0.999809
vn 0.019455 -0.001140 -0.999810
vn 0.023655 -0.001162 -0.999720
vn 0.023733 -0.001162 -0.999718
vn 0.023531 -0.000576 0.999723
vn -0.008752 -0.001181 0.999961
vn -0.007605 -0.001159 0.999970
vn 0.024662 -0.000555 0.999696
vn 0.995973 -0.036255 -0.081994
vn 0.994091 -0.034695 -0.102860
vn 0.994190 -0.034769 -0.101865
vn 0.996052 -0.036330 -0.080996
vn -0.965491 0.034789 -0.258102
vn -0.965242 0.034852 -0.259023
vn -0.970046 0.033587 -0.240586
vn -0.970273 0.033524 -0.239679
vn 0.000000 -1.000000 -0.000000
vn 0.000000 -1.000000 -0.000000
vn 0.000000 -1.000000 -0.000000
vn 0.000000 -1.000000 -0.000000
vn -0.002078 0.001425 -0.999997
vn -0.001306 0.001439 -0.999998
vn -0.043021 0.000668 -0.999074
vn -0.043793 0.000653 -0.999041
vn 0.004209 0.000357 0.999991
vn -0.024569 -0.000900 0.999698
vn -0.023546 -0.000856 0.999722
vn 0.005217 0.000401 0.999986
vn 0.988849 -0.011216 -0.148501
vn 0.987188 -0.010414 -0.159223
vn 0.987271 -0.010453 -0.158704
vn 0.988926 -0.011254 -0.147985
vn -0.980006 0.010495 -0.198692
vn -0.980033 0.010485 -0.198558
vn -0.979456 0.010689 -0.201374
vn -0.979428 0.010699 -0.201509
vn 0.018489 -0.999829 -0.000851
vn 0.018499 -0.999829 -0.000845
vn 0.018495 -0.999829 -0.000847
vn 0.018483 -0.999829 -0.000855
vn 0.006325 0.001989 0.999978
vn 0.005256 0.002023 0.999984
vn 0.062156 0.000202 0.998066
vn 0.063226 0.000168 0.997999
vn -0.009282 -0.000909 -0.999957
vn 0.028543 -0.003148 -0.999588
vn 0.027175 -0.003067 -0.999626
vn -0.010634 -0.000829 -0.999943
vn -0.984005 0.004413 0.178085
vn -0.986428 0.003094 0.164165
vn -0.986282 0.003177 0.165042
vn -0.983846 0.004496 0.178962
vn 0.995540 -0.004682 0.094220
vn 0.995665 -0.004807 0.092890
vn 0.993431 -0.002776 0.114396
vn 0.993280 -0.002652 0.115707
vn 0.000000 -1.000000 -0.000000
vn 0.000000 -1.000000 -0.000000
vn 0.000000 -1.000000 -0.000000
vn 0.000000 -1.000000 -0.000000
vn -0.005228 0.000620 -0.999986
vn -0.004253 0.000653 -0.999991
vn -0.056525 -0.001119 -0.998401
vn -0.057502 -0.001153 -0.998345
vn 0.010048 -0.000139 0.999950
vn 0.028975 0.000979 0.999580
vn 0.028295 0.000938 0.999599
vn 0.009376 -0.000178 0.999956
vn 0.980976 0.004466 -0.194079
vn 0.979914 0.004904 -0.199358
vn 0.979974 0.004880 -0.199068
vn 0.981034 0.004442 -0.193785
vn -0.993892 -0.005237 -0.110229
vn -0.993916 -0.005255 -0.110018
vn -0.993479 -0.004933 -0.113912
vn -0.993454 -0.004915 -0.114127
vn 0.003188 -0.999995 -0.000322
vn 0.003162 -0.999995 -0.000334
vn 0.003171 -0.999995 -0.000330
vn 0.003202 -0.999995 -0.000316
vn 0.002067 0.001388 -0.999997
vn 0.002900 0.001414 -0.999995
vn -0.040757 0.000043 -0.999169
vn -0.041588 0.000016 -0.999135
vn 0.000111 0.000545 1.000000
vn -0.030079 -0.001177 0.999547
vn -0.028976 -0.001114 0.999579
vn 0.001198 0.000607 0.999999
vn 0.995825 0.000889 -0.091276
vn 0.994814 0.001690 -0.101703
vn 0.994868 0.001649 -0.101165
vn 0.995874 0.000848 -0.090742
vn -0.971221 -0.001529 -0.238176
vn -0.971254 -0.001540 -0.238039
vn -0.970599 -0.001324 -0.240697
vn -0.970565 -0.001312 -0.240835
vn 0.018063 -0.999837 0.000147
vn 0.018043 -0.999837 0.000134
vn 0.018051 -0.999837 0.000139
vn 0.018077 -0.999837 0.000155
vn -0.000127 -0.000486 1.000000
vn -0.000044 -0.000488 1.000000
vn -0.004184 -0.000364 0.999991
vn -0.004266 -0.000361 0.999991
vn -0.043113 0.000234 -0.999070
vn -0.010653 -0.001532 -0.999942
vn -0.011864 -0.001466 -0.999929
vn -0.044316 0.000300 -0.999018
vn -0.953096 -0.002169 0.302660
vn -0.947118 -0.000685 0.320885
vn -0.947434 -0.000762 0.319949
vn -0.953396 -0.002246 0.301713
vn 0.999470 0.001885 0.032494
vn 0.999436 0.001962 0.033517
vn 0.999911 0.000436 0.013333
vn 0.999924 0.000361 0.012334
vn 0.000000 -1.000000 -0.000000
vn 0.000000 -1.000000 -0.000000
vn 0.000000 -1.000000 -0.000000
vn 0.000000 -1.000000 -0.000000
vn 0.005237 0.000626 0.999986
vn 0.004253 0.000660 0.999991
vn 0.056539 -0.001129 0.998400
vn 0.057526 -0.001162 0.998343
vn -0.010065 -0.000139 -0.999949
vn -0.028986 0.000987 -0.999579
vn -0.028300 0.000946 -0.999599
vn -0.009387 -0.000180 -0.999956
vn -0.980975 0.004504 0.194083
vn -0.979908 0.004948 0.199388
vn -0.979968 0.004923 0.199094
vn -0.981034 0.004479 0.193785
vn 0.993892 -0.005281 0.110228
vn 0.993916 -0.005299 0.110017
vn 0.993482 -0.004977 0.113880
vn 0.993457 -0.004959 0.114095
vn -0.003161 -0.999995 0.000320
vn -0.003136 -0.999995 0.000331
vn -0.003145 -0.999995 0.000327
vn -0.003175 -0.999995 0.000313
vn 0.001781 0.001168 0.999998
vn 0.001119 0.001195 0.999999
vn 0.036125 -0.000210 0.999347
vn 0.036787 -0.000237 0.999323
vn -0.003506 0.000376 -0.999994
vn 0.020611 -0.001205 -0.999787
vn 0.019735 -0.001148 -0.999805
vn -0.004370 0.000433 -0.999990
vn -0.984316 0.009881 0.176138
vn -0.981950 0.010650 0.188843
vn -0.982049 0.010619 0.188324
vn -0.984409 0.009850 0.175622
vn 0.971956 -0.010384 0.234935
vn 0.971988 -0.010393 0.234801
vn 0.971187 -0.010173 0.238101
vn 0.971155 -0.010164 0.238234
vn -0.018217 -0.999834 0.000991
vn -0.018199 -0.999834 0.001005
vn -0.018209 -0.999834 0.000997
vn -0.018233 -0.999833 0.000980
vn 0.019537 -0.001204 -0.999808
vn 0.019455 -0.001204 -0.999810
vn 0.023654 -0.001231 -0.999720
vn 0.023735 -0.001232 -0.999718
vn 0.023491 -0.000624 0.999724
vn -0.008751 -0.001214 0.999961
vn -0.007565 -0.001192 0.999971
vn 0.024662 -0.000603 0.999696
vn 0.995878 -0.038704 -0.082031
vn 0.994005 -0.037088 -0.102851
vn 0.994108 -0.037168 -0.101820
vn 0.995959 -0.038784 -0.080998
vn -0.965418 0.037150 -0.258047
vn -0.965160 0.037217 -0.259001
vn -0.969960 0.035914 -0.240600
vn -0.970195 0.035847 -0.239660
vn 0.000000 -1.000000 -0.000000
vn 0.000000 -1.000000 -0.000000
vn 0.000000 -1.000000 -0.000000
vn 0.000000 -1.000000 -0.000000
vn -0.002080 0.001484 -0.999997
vn -0.001307 0.001484 -0.999998
vn -0.043034 0.001488 -0.999072
vn -0.043808 0.001488 -0.999039
vn 0.004208 0.000282 0.999991
vn -0.024577 -0.000450 0.999698
vn -0.023552 -0.000424 0.999723
vn 0.005218 0.000308 0.999986
vn 0.988471 -0.029998 -0.148408
vn 0.986828 -0.029155 -0.159125
vn 0.986912 -0.029197 -0.158598
vn 0.988549 -0.030039 -0.147884
vn -0.979662 0.029102 -0.198532
vn -0.979690 0.029093 -0.198396
vn -0.979109 0.029289 -0.201217
vn -0.979081 0.029298 -0.201353
vn 0.018231 -0.999833 -0.000839
vn 0.018241 -0.999833 -0.000833
vn 0.018236 -0.999833 -0.000835
vn 0.018224 -0.999834 -0.000843
vn 0.006342 0.002020 0.999978
vn 0.005256 0.002055 0.999984
vn 0.062139 0.000206 0.998067
vn 0.063227 0.000171 0.997999
vn -0.009260 -0.000925 -0.999957
vn 0.028543 -0.003199 -0.999587
vn 0.027153 -0.003115 -0.999626
vn -0.010634 -0.000842 -0.999943
vn -0.984008 0.004482 0.178070
vn -0.986428 0.003143 0.164165
vn -0.986279 0.003229 0.165056
vn -0.983846 0.004568 0.178962
vn 0.995538 -0.004755 0.094241
vn 0.995665 -0.004885 0.092889
vn 0.993434 -0.002823 0.114375
vn 0.993280 -0.002695 0.115707
vn 0.000000 -1.000000 -0.000000
vn 0.000000 -1.000000 -0.000000
vn 0.000000 -1.000000 -0.000000
vn 0.000000 -1.000000 -0.000000
vn -0.005245 0.000630 -0.999986
vn -0.004253 0.000664 -0.999991
vn -0.056509 -0.001137 -0.998401
vn -0.057503 -0.001172 -0.998345
vn 0.010059 -0.000140 0.999949
vn 0.028975 0.000995 0.999580
vn 0.028283 0.000953 0.999600
vn 0.009376 -0.000181 0.999956
vn 0.980975 0.004541 -0.194083
vn 0.979914 0.004985 -0.199357
vn 0.979974 0.004960 -0.199062
vn 0.981034 0.004515 -0.193784
vn -0.993891 -0.005324 -0.110233
vn -0.993915 -0.005342 -0.110019
vn -0.993478 -0.005015 -0.113910
vn -0.993454 -0.004997 -0.114128
vn 0.003136 -0.999995 -0.000317
vn 0.003110 -0.999995 -0.000329
vn 0.003119 -0.999995 -0.000325
vn 0.003150 -0.999995 -0.000311
vn 0.002052 0.001380 -0.999997
vn 0.002901 0.001383 -0.999995
vn -0.040762 0.001217 -0.999168
vn -0.041609 0.001214 -0.999133
vn 0.000090 0.000562 1.000000
vn -0.030094 -0.000355 0.999547
vn -0.028968 -0.000321 0.999580
vn 0.001199 0.000595 0.999999
vn 0.995446 -0.027706 -0.091213
vn 0.994462 -0.026850 -0.101611
vn 0.994517 -0.026896 -0.101053
vn 0.995495 -0.027752 -0.090659
vn -0.970909 0.026340 -0.237997
vn -0.970943 0.026329 -0.237856
vn -0.970287 0.026534 -0.240500
vn -0.970251 0.026545 -0.240641
vn 0.017417 -0.999848 0.000142
vn 0.017397 -0.999849 0.000129
vn 0.017405 -0.999849 0.000134
vn 0.017430 -0.999848 0.000150
vn -0.000130 -0.000503 1.000000
vn -0.000044 -0.000506 1.000000
vn -0.004181 -0.000377 0.999991
vn -0.004266 -0.000374 0.999991
vn -0.043071 0.000240 -0.999072
vn -0.010653 -0.001586 -0.999942
vn -0.011907 -0.001516 -0.999928
vn -0.044316 0.000311 -0.999018
vn -0.953085 -0.002244 0.302695
vn -0.947118 -0.000710 0.320886
vn -0.947445 -0.000792 0.319917
vn -0.953396 -0.002326 0.301714
vn 0.999471 0.001949 0.032456
vn 0.999436 0.002032 0.033516
vn 0.999911 0.000454 0.013367
vn 0.999924 0.000373 0.012333
vn 0.000000 -1.000000 -0.000000
vn 0.000000 -1.000000 -0.000000
vn 0.000000 -1.000000 -0.000000
vn 0.000000 -1.000000 -0.000000
vn 0.005298 0.000662 0.999986
vn 0.004253 0.000700 0.999991
vn 0.056478 -0.001196 0.998403
vn 0.057526 -0.001234 0.998343
vn -0.010107 -0.000145 -0.999949
vn -0.028987 0.001047 -0.999579
vn -0.028259 0.001001 -0.999600
vn -0.009388 -0.000191 -0.999956
vn -0.980970 0.004781 0.194101
vn -0.979907 0.005251 0.199388
vn -0.979970 0.005223 0.199076
vn -0.981033 0.004753 0.193785
vn 0.993889 -0.005603 0.110241
vn 0.993914 -0.005623 0.110017
vn 0.993482 -0.005283 0.113867
vn 0.993456 -0.005263 0.114095
vn -0.002979 -0.999996 0.000301
vn -0.002955 -0.999996 0.000312
vn -0.002963 -0.999996 0.000308
vn -0.002992 -0.999995 0.000295
vn 0.001812 0.001221 0.999998
vn 0.001119 0.001250 0.999999
vn 0.036094 -0.000219 0.999348
vn 0.036787 -0.000248 0.999323
vn -0.003466 0.000391 -0.999994
vn 0.020611 -0.001261 -0.999787
vn 0.019694 -0.001198 -0.999805
vn -0.004370 0.000453 -0.999990
vn -0.984307 0.010339 0.176161
vn -0.981944 0.011142 0.188842
vn -0.982049 0.011108 0.188300
vn -0.984404 0.010305 0.175621
vn 0.971949 -0.010863 0.234940
vn 0.971983 -0.010873 0.234800
vn 0.971184 -0.010643 0.238093
vn 0.971150 -0.010633 0.238233
vn -0.017414 -0.999848 0.000947
vn -0.017396 -0.999848 0.000960
vn -0.017406 -0.999848 0.000953
vn -0.017429 -0.999848 0.000936
vn 0.024870 -0.000644 -0.999690
vn 0.024760 -0.000648 -0.999693
vn 0.030060 -0.000483 -0.999548
vn 0.030169 -0.000479 -0.999545
vn 0.029791 0.000304 0.999556
vn -0.011131 -0.002020 0.999936
vn -0.009533 -0.001930 0.999953
vn 0.031368 0.000394 0.999508
vn 0.997891 -0.002328 -0.064875
vn 0.996708 -0.000747 -0.081075
vn 0.996794 -0.000852 -0.080006
vn 0.997960 -0.002432 -0.063804
vn -0.978676 0.001895 -0.205403
vn -0.978461 0.002000 -0.206424
vn -0.981466 0.000471 -0.191634
vn -0.981661 0.000368 -0.190633
vn 0.000000 -1.000000 -0.000000
vn 0.000000 -1.000000 -0.000000
vn 0.000000 -1.000000 -0.000000
vn 0.000000 -1.000000 -0.000000
vn -0.999991 0.001715 -0.003915
vn -0.999986 0.001721 -0.004985
vn -0.996080 0.001217 0.088451
vn -0.995974 0.001211 0.089630
vn 1.000000 0.000420 0.000673
vn 0.998660 -0.000651 0.051757
vn 0.998716 -0.000628 0.050658
vn 1.000000 0.000446 -0.000544
vn -0.054553 -0.012974 -0.998427
vn -0.054647 -0.012981 -0.998421
vn -0.052923 -0.012842 -0.998516
vn -0.052830 -0.012834 -0.998521
vn -0.140946 0.012886 0.989933
vn -0.140862 0.012880 0.989945
vn -0.142444 0.013007 0.989717
vn -0.142530 0.013014 0.989705
vn 0.000144 -0.999550 -0.029985
vn 0.000129 -0.999552 -0.029943
vn 0.000132 -0.999551 -0.029951
vn 0.000150 -0.999550 -0.029999
vn 1.000000 -0.000078 -0.000057
vn 1.000000 -0.000075 0.000076
vn 0.999941 -0.000285 -0.010843
vn 0.999940 -0.000287 -0.010965
vn -0.997025 0.000100 0.077082
vn -0.999830 -0.001900 0.018338
vn -0.999805 -0.001855 0.019657
vn -0.996930 0.000141 0.078298
vn 0.190171 -0.000525 0.981751
vn 0.190657 -0.000564 0.981657
vn 0.181281 0.000192 0.983431
vn 0.180785 0.000232 0.983523
vn 0.018743 0.000636 -0.999824
vn 0.019476 0.000694 -0.999810
vn 0.005821 -0.000402 -0.999983
vn 0.005105 -0.000459 -0.999987
vn 0.000000 -1.000000 -0.000000
vn 0.000000 -1.000000 -0.000000
vn 0.000000 -1.000000 -0.000000
vn 0.000000 -1.000000 -0.000000
vn 0.999962 0.001091 -0.008633
vn 0.999973 0.001119 -0.007324
vn 0.992965 -0.001299 -0.118400
vn 0.992821 -0.001325 -0.119602
vn -0.999836 -0.000357 0.018101
vn -0.998756 0.000840 0.049865
vn -0.998791 0.000813 0.049157
vn -0.999848 -0.000382 0.017448
vn 0.114820 0.003289 0.993381
vn 0.114869 0.003285 0.993375
vn 0.114035 0.003360 0.993471
vn 0.113985 0.003364 0.993477
vn 0.064310 -0.003558 -0.997924
vn 0.064156 -0.003571 -0.997934
vn 0.066769 -0.003338 -0.997763
vn 0.066925 -0.003324 -0.997752
vn 0.000299 -0.999987 0.005136
vn 0.000312 -0.999987 0.005087
vn 0.000310 -0.999987 0.005096
vn 0.000295 -0.999987 0.005151
vn 0.999996 0.000135 -0.002948
vn 0.995929 0.001065 -0.090136
vn 0.996029 0.001053 -0.089018
vn 0.999998 0.000124 -0.001892
vn -0.999403 -0.000117 -0.034541
vn -0.999370 -0.000092 -0.035505
vn -0.999975 -0.001215 0.006913
vn -0.999968 -0.001242 0.007941
vn 0.103228 0.007742 0.994628
vn 0.103079 0.007733 0.994643
vn 0.103086 0.007733 0.994642
vn 0.103234 0.007743 0.994627
vn 0.139081 -0.007473 -0.990253
vn 0.142126 -0.007665 -0.989819
vn 0.141993 -0.007657 -0.989838
vn 0.138949 -0.007465 -0.990271
vn 0.000943 -0.999550 0.029981
vn 0.000960 -0.999551 0.029941
vn 0.000956 -0.999551 0.029951
vn 0.000936 -0.999550 0.029998
vn -0.999962 0.001142 0.008665
vn -0.999973 0.001171 0.007324
vn -0.992637 -0.001316 0.121121
vn -0.992458 -0.001348 0.122579
vn 0.999889 -0.000488 -0.014877
vn 0.998757 0.000831 -0.049844
vn 0.998795 0.000802 -0.049068
vn 0.999902 -0.000520 -0.014026
vn -0.112716 0.003594 -0.993621
vn -0.112639 0.003601 -0.993629
vn -0.113908 0.003486 -0.993485
vn -0.113985 0.003479 -0.993476
vn -0.064299 -0.003571 0.997924
vn -0.064157 -0.003584 0.997934
vn -0.066571 -0.003368 0.997776
vn -0.066717 -0.003355 0.997766
vn -0.000299 -0.999987 -0.005137
vn -0.000312 -0.999987 -0.005087
vn -0.000310 -0.999987 -0.005096
vn -0.000295 -0.999987 -0.005151
vn -0.999991 0.002112 -0.003688
vn -0.999985 0.002159 -0.004972
vn -0.994622 -0.001823 0.103554
vn -0.994473 -0.001875 0.104976
vn 1.000000 0.000263 0.000978
vn 0.998660 -0.002398 0.051704
vn 0.998717 -0.002339 0.050587
vn 1.000000 0.000329 -0.000277
vn -0.051371 0.018296 -0.998512
vn -0.051286 0.018303 -0.998516
vn -0.052795 0.018176 -0.998440
vn -0.052879 0.018169 -0.998436
vn -0.141037 -0.017687 0.989846
vn -0.140975 -0.017692 0.989855
vn -0.142107 -0.017594 0.989695
vn -0.142170 -0.017589 0.989686
vn 0.000144 -0.999550 -0.029985
vn 0.000129 -0.999552 -0.029943
vn 0.000132 -0.999551 -0.029951
vn 0.000150 -0.999550 -0.029999
vn 1.000000 0.000115 -0.000152
vn 1.000000 0.000119 0.000076
vn 0.999828 -0.000247 -0.018535
vn 0.999824 -0.000252 -0.018745
vn -0.996994 0.000004 0.077480
vn -0.999830 -0.002041 0.018338
vn -0.999805 -0.001995 0.019670
vn -0.996897 0.000047 0.078716
vn 0.188451 -0.000059 0.982083
vn 0.188852 -0.000091 0.982005
vn 0.181195 0.000531 0.983447
vn 0.180785 0.000565 0.983523
vn 0.018689 0.000412 -0.999825
vn 0.019476 0.000476 -0.999810
vn 0.004960 -0.000702 -0.999988
vn 0.004191 -0.000765 -0.999991
vn 0.000000 -1.000000 -0.000000
vn 0.000000 -1.000000 -0.000000
vn 0.000000 -1.000000 -0.000000
vn 0.000000 -1.000000 -0.000000
vn 0.999961 0.001207 -0.008707
vn 0.999972 0.001237 -0.007323
vn 0.992274 -0.001326 -0.124059
vn 0.992114 -0.001354 -0.125328
vn -0.999837 -0.000424 0.018029
vn -0.998756 0.000784 0.049865
vn -0.998791 0.000757 0.049153
vn -0.999849 -0.000449 0.017371
vn 0.113954 0.003453 0.993480
vn 0.113953 0.003453 0.993480
vn 0.113982 0.003451 0.993477
vn 0.113984 0.003450 0.993477
vn 0.064316 -0.003637 -0.997923
vn 0.064157 -0.003651 -0.997933
vn 0.066842 -0.003410 -0.997758
vn 0.067004 -0.003395 -0.997747
vn 0.000299 -0.999987 0.005136
vn 0.000312 -0.999987 0.005087
vn 0.000310 -0.999987 0.005096
vn 0.000295 -0.999987 0.005151
vn 0.999994 0.001732 -0.002967
vn 0.999997 0.001759 -0.001940
vn 0.996028 -0.000537 -0.089044
vn 0.995941 -0.000562 -0.090003
vn -0.999977 0.000207 0.006846
vn -0.999370 -0.001586 -0.035461
vn -0.999403 -0.001546 -0.034525
vn -0.999970 0.000244 0.007725
vn 0.103226 0.007733 0.994628
vn 0.103232 0.007732 0.994627
vn 0.103086 0.007742 0.994642
vn 0.103079 0.007743 0.994643
vn 0.139081 -0.007664 -0.990251
vn 0.138950 -0.007673 -0.990270
vn 0.141993 -0.007465 -0.989840
vn 0.142124 -0.007456 -0.989821
vn 0.000943 -0.999550 0.029981
vn 0.000960 -0.999551 0.029941
vn 0.000956 -0.999551 0.029951
vn 0.000936 -0.999550 0.029998
vn -0.999441 -0.000190 -0.033420
vn -0.999439 -0.000189 -0.033483
vn -0.999601 -0.000288 -0.028236
vn -0.999603 -0.000290 -0.028167
vn 0.999196 0.000078 -0.040089
vn 0.999885 -0.001797 0.015066
vn 0.999903 -0.001755 0.013828
vn 0.999141 0.000124 -0.041436
vn -0.055492 -0.000439 -0.998459
vn -0.055928 -0.000473 -0.998435
vn -0.047617 0.000179 -0.998866
vn -0.047182 0.000213 -0.998886
vn -0.153384 0.000668 0.988167
vn -0.154014 0.000719 0.988068
vn -0.142317 -0.000232 0.989821
vn -0.141692 -0.000283 0.989911
vn 0.000000 -1.000000 -0.000000
vn 0.000000 -1.000000 -0.000000
vn 0.000000 -1.000000 -0.000000
vn 0.000000 -1.000000 -0.000000
vn -0.999993 0.001829 0.003354
vn -0.999996 0.001868 0.002259
vn -0.995396 -0.001504 0.095835
vn -0.995278 -0.001548 0.097052
vn 0.999980 0.000343 -0.006272
vn 0.999105 -0.002168 0.042237
vn 0.999150 -0.002113 0.041171
vn 0.999972 0.000404 -0.007464
vn -0.087053 0.017645 -0.996047
vn -0.087076 0.017644 -0.996045
vn -0.086637 0.017679 -0.996083
vn -0.086614 0.017681 -0.996085
vn -0.117022 -0.017302 0.992979
vn -0.116962 -0.017307 0.992986
vn -0.118143 -0.017211 0.992847
vn -0.118205 -0.017206 0.992840
vn -0.000802 -0.999551 -0.029951
vn -0.000795 -0.999550 -0.029971
vn -0.000796 -0.999551 -0.029967
vn -0.000804 -0.999551 -0.029944
vn 0.999942 0.001887 -0.010590
vn 0.999957 0.001919 -0.009049
vn 0.990297 -0.000827 -0.138967
vn 0.990099 -0.000857 -0.140369
vn -0.999901 -0.000454 0.014064
vn -0.998790 -0.002870 -0.049102
vn -0.998858 -0.002816 -0.047693
vn -0.999882 -0.000405 0.015362
vn 0.093205 0.003900 0.995639
vn 0.092408 0.003981 0.995713
vn 0.104266 0.002781 0.994546
vn 0.105075 0.002700 0.994461
vn 0.054986 -0.003889 -0.998480
vn 0.054103 -0.003979 -0.998528
vn 0.067306 -0.002644 -0.997729
vn 0.068177 -0.002556 -0.997670
vn 0.000000 -1.000000 -0.000000
vn 0.000000 -1.000000 -0.000000
vn 0.000000 -1.000000 -0.000000
vn 0.000000 -1.000000 -0.000000
vn -0.999964 0.000751 0.008411
vn -0.999973 0.000774 0.007322
vn -0.994832 -0.001226 0.101529
vn -0.994710 -0.001251 0.102717
vn 0.999885 -0.000258 -0.015191
vn 0.998757 0.001019 -0.049843
vn 0.998794 0.000991 -0.049081
vn 0.999897 -0.000288 -0.014362
vn -0.115704 0.003036 -0.993279
vn -0.115806 0.003027 -0.993267
vn -0.114087 0.003180 -0.993466
vn -0.113985 0.003189 -0.993477
vn -0.064284 -0.003307 0.997926
vn -0.064156 -0.003318 0.997934
vn -0.066356 -0.003125 0.997791
vn -0.066487 -0.003114 0.997782
vn -0.000299 -0.999987 -0.005136
vn -0.000312 -0.999987 -0.005087
vn -0.000310 -0.999987 -0.005096
vn -0.000295 -0.999987 -0.005151
vn -0.999991 0.001985 -0.003739
vn -0.999986 0.002001 -0.004977
vn -0.994867 0.000618 0.101193
vn -0.994727 0.000600 0.102558
vn 1.000000 0.000305 0.000914
vn 0.998660 -0.001158 0.051742
vn 0.998717 -0.001126 0.050636
vn 1.000000 0.000341 -0.000321
vn -0.051950 -0.005396 -0.998635
vn -0.051900 -0.005392 -0.998638
vn -0.052788 -0.005465 -0.998591
vn -0.052837 -0.005469 -0.998588
vn -0.140995 0.005637 0.989994
vn -0.140909 0.005630 0.990007
vn -0.142493 0.005761 0.989779
vn -0.142580 0.005768 0.989767
vn 0.000145 -0.999550 -0.029985
vn 0.000129 -0.999552 -0.029943
vn 0.000132 -0.999551 -0.029951
vn 0.000150 -0.999550 -0.029999
vn 1.000000 0.000030 -0.000109
vn 1.000000 0.000033 0.000078
vn 0.999885 -0.000264 -0.015154
vn 0.999883 -0.000267 -0.015325
vn -0.997007 0.000047 0.077312
vn -0.999830 -0.001979 0.018338
vn -0.999805 -0.001933 0.019664
vn -0.996911 0.000089 0.078539
vn 0.189199 -0.000266 0.981939
vn 0.189638 -0.000301 0.981854
vn 0.181232 0.000380 0.983440
vn 0.180784 0.000416 0.983523
vn 0.018714 0.000512 -0.999825
vn 0.019477 0.000574 -0.999810
vn 0.005338 -0.000568 -0.999986
vn 0.004592 -0.000629 -0.999989
vn 0.000000 -1.000000 -0.000000
vn 0.000000 -1.000000 -0.000000
vn 0.000000 -1.000000 -0.000000
vn 0.000000 -1.000000 -0.000000
vn 0.999247 -0.038214 -0.006719
vn 0.999255 -0.038191 -0.005628
vn 0.994403 -0.040029 -0.097780
vn 0.994302 -0.040047 -0.098787
vn -0.999150 0.038830 0.013859
vn -0.998471 0.039738 0.038418
vn -0.998493 0.039718 0.037868
vn -0.999157 0.038811 0.013352
vn 0.146855 -0.002246 0.989156
vn 0.146831 -0.002244 0.989159
vn 0.147364 -0.002303 0.989080
vn 0.147389 -0.002305 0.989076
vn 0.083150 -0.006932 -0.996513
vn 0.082988 -0.006937 -0.996526
vn 0.086555 -0.006828 -0.996224
vn 0.086719 -0.006823 -0.996210
vn -0.038793 -0.999234 0.005133
vn -0.038777 -0.999235 0.005087
vn -0.038781 -0.999235 0.005098
vn -0.038799 -0.999234 0.005151
vn 0.999996 0.000140 -0.002947
vn 0.995905 0.001206 -0.090401
vn 0.996006 0.001193 -0.089278
vn 0.999998 0.000127 -0.001892
vn -0.999403 -0.000064 -0.034545
vn -0.999369 -0.000037 -0.035506
vn -0.999975 -0.001225 0.006948
vn -0.999967 -0.001253 0.007977
vn 0.102762 0.006211 0.994687
vn 0.103077 0.006232 0.994654
vn 0.103064 0.006231 0.994655
vn 0.102748 0.006210 0.994688
vn 0.139048 -0.005862 -0.990268
vn 0.141500 -0.006017 -0.989920
vn 0.141393 -0.006010 -0.989935
vn 0.138943 -0.005855 -0.990283
vn 0.000943 -0.999550 0.029981
vn 0.000960 -0.999551 0.029941
vn 0.000956 -0.999551 0.029951
vn 0.000936 -0.999550 0.029998
vn -0.999447 0.000155 -0.033248
vn -0.999439 0.000160 -0.033483
vn -0.999897 -0.000220 -0.014322
vn -0.999901 -0.000225 -0.014066
vn 0.999184 -0.000096 -0.040391
vn 0.999884 -0.002047 0.015066
vn 0.999903 -0.002003 0.013808
vn 0.999127 -0.000048 -0.041770
vn -0.052317 0.000412 -0.998630
vn -0.052591 0.000390 -0.998616
vn -0.047456 0.000800 -0.998873
vn -0.047182 0.000822 -0.998886
vn -0.153387 0.000125 0.988166
vn -0.154014 0.000177 0.988069
vn -0.142565 -0.000773 0.989785
vn -0.141943 -0.000825 0.989875
vn 0.000000 -1.000000 -0.000000
vn 0.000000 -1.000000 -0.000000
vn 0.000000 -1.000000 -0.000000
vn 0.000000 -1.000000 -0.000000
vn -0.999993 0.001864 0.003314
vn -0.999996 0.001879 0.002260
vn -0.995616 0.000602 0.093531
vn -0.995506 0.000586 0.094698
vn 0.999980 0.000223 -0.006307
vn 0.999106 -0.001220 0.042265
vn 0.999150 -0.001189 0.041210
vn 0.999972 0.000258 -0.007480
vn -0.087736 -0.004379 -0.996134
vn -0.087797 -0.004384 -0.996129
vn -0.086647 -0.004294 -0.996230
vn -0.086587 -0.004289 -0.996235
vn -0.116955 0.004500 0.993127
vn -0.116876 0.004494 0.993136
vn -0.118439 0.004617 0.992951
vn -0.118520 0.004623 0.992941
vn -0.000802 -0.999551 -0.029950
vn -0.000795 -0.999550 -0.029971
vn -0.000796 -0.999551 -0.029967
vn -0.000805 -0.999551 -0.029943
vn 0.998246 0.058618 -0.008336
vn 0.992098 0.059841 -0.110277
vn 0.992242 0.059829 -0.108982
vn 0.998256 0.058600 -0.007139
vn -0.997519 -0.059490 -0.037652
vn -0.997478 -0.059454 -0.038759
vn -0.998076 -0.060994 0.011175
vn -0.998059 -0.061029 0.012376
vn 0.117398 0.009668 0.993038
vn 0.132206 0.011729 0.991153
vn 0.131424 0.011620 0.991258
vn 0.116612 0.009559 0.993132
vn 0.069445 0.001485 -0.997585
vn 0.086388 0.001205 -0.996261
vn 0.085503 0.001220 -0.996337
vn 0.068557 0.001499 -0.997646
vn 0.069611 -0.997574 0.000001
vn 0.069611 -0.997574 -0.000000
vn 0.069611 -0.997574 -0.000000
vn 0.069610 -0.997574 0.000001
vn -0.999804 -0.018491 0.007127
vn -0.999811 -0.018467 0.006045
vn -0.994954 -0.020380 0.098244
vn -0.994836 -0.020403 0.099427
vn 0.999744 0.019013 -0.012287
vn 0.998954 0.020080 -0.041073
vn 0.998981 0.020057 -0.040434
vn 0.999753 0.018987 -0.011587
vn -0.136887 0.000869 -0.990586
vn -0.136831 0.000874 -0.990594
vn -0.137984 0.000765 -0.990434
vn -0.138040 0.000760 -0.990426
vn -0.077847 -0.005052 0.996953
vn -0.077705 -0.005060 0.996964
vn -0.080638 -0.004901 0.996731
vn -0.080784 -0.004893 0.996720
vn 0.028226 -0.999588 -0.005134
vn 0.028211 -0.999589 -0.005086
vn 0.028214 -0.999589 -0.005097
vn 0.028232 -0.999588 -0.005151
vn -0.999991 0.002045 -0.003704
vn -0.999986 0.002069 -0.004974
vn -0.994647 0.000050 0.103330
vn -0.994501 0.000024 0.104731
vn 1.000000 0.000282 0.000944
vn 0.998660 -0.001467 0.051732
vn 0.998717 -0.001429 0.050623
vn 1.000000 0.000324 -0.000298
vn -0.051493 0.000219 -0.998673
vn -0.051416 0.000226 -0.998677
vn -0.052781 0.000112 -0.998606
vn -0.052856 0.000106 -0.998602
vn -0.141007 0.000137 0.990009
vn -0.140925 0.000130 0.990020
vn -0.142437 0.000257 0.989804
vn -0.142520 0.000264 0.989792
vn 0.000144 -0.999550 -0.029985
vn 0.000129 -0.999552 -0.029943
vn 0.000132 -0.999551 -0.029951
vn 0.000150 -0.999550 -0.029999
vn 1.000000 0.000170 -0.000180
vn 1.000000 0.000175 0.000076
vn 0.999785 -0.000238 -0.020715
vn 0.999781 -0.000242 -0.020949
vn -0.996986 -0.000022 0.077586
vn -0.999830 -0.002081 0.018338
vn -0.999804 -0.002035 0.019674
vn -0.996888 0.000021 0.078828
vn 0.187971 0.000073 0.982175
vn 0.188348 0.000042 0.982102
vn 0.181170 0.000627 0.983452
vn 0.180785 0.000659 0.983522
vn 0.018675 0.000349 -0.999826
vn 0.019476 0.000414 -0.999810
vn 0.004726 -0.000787 -0.999989
vn 0.003943 -0.000850 -0.999992
vn 0.000000 -1.000000 -0.000000
vn 0.000000 -1.000000 -0.000000
vn 0.000000 -1.000000 -0.000000
vn 0.000000 -1.000000 -0.000000
vn 0.999961 0.001267 -0.008747
vn 0.999972 0.001298 -0.007325
vn 0.991905 -0.001341 -0.126977
vn 0.991737 -0.001370 -0.128281
vn -0.999838 -0.000460 0.017973
vn -0.998756 0.000755 0.049865
vn -0.998791 0.000728 0.049151
vn -0.999850 -0.000485 0.017313
vn 0.113507 0.003538 0.993531
vn 0.113479 0.003540 0.993534
vn 0.113956 0.003497 0.993480
vn 0.113985 0.003494 0.993476
vn 0.064318 -0.003677 -0.997923
vn 0.064156 -0.003692 -0.997933
vn 0.066875 -0.003447 -0.997755
vn 0.067039 -0.003432 -0.997744
vn 0.000299 -0.999987 0.005137
vn 0.000312 -0.999987 0.005087
vn 0.000310 -0.999987 0.005096
vn 0.000295 -0.999987 0.005151
vn 0.992608 0.001591 -0.121357
vn 0.999997 0.000172 -0.002602
vn 0.999992 0.000189 -0.004042
vn 0.992421 0.001609 -0.122876
vn -0.998890 -0.000083 -0.047112
vn -0.703097 0.004815 0.711078
vn -0.998066 0.016536 0.059922
vn -0.999994 -0.001139 0.003251
vn -0.999859 -0.001286 0.016764
vn 0.288984 0.006761 0.957310
vn 0.075759 0.006482 0.997105
vn 0.075583 0.006467 0.997119
vn -0.998066 0.016536 0.059922
vn -0.703097 0.004815 0.711078
vn 0.104207 -0.006296 -0.994536
vn 0.102341 -0.006135 -0.994731
vn 0.102451 -0.006145 -0.994719
vn 0.104320 -0.006305 -0.994524
vn 0.000702 -0.999551 0.029948
vn 0.000686 -0.999550 0.029998
vn 0.000690 -0.999550 0.029985
vn 0.000704 -0.999552 0.029941
vn 0.999995 0.001301 0.002817
vn 0.999993 0.001317 0.003596
vn 0.998710 0.000219 -0.050767
vn 0.998671 0.000204 -0.051544
vn -1.000000 0.000525 0.000469
vn -0.999304 -0.000970 -0.037288
vn -0.999342 -0.000929 -0.036256
vn -0.999999 0.000566 0.001486
vn 0.073691 -0.002971 0.997277
vn 0.082162 -0.002358 0.996616
vn 0.081753 -0.002388 0.996650
vn 0.073285 -0.003000 0.997307
vn 0.194013 0.002414 -0.980996
vn 0.193907 0.002406 -0.981017
vn 0.196111 0.002570 -0.980578
vn 0.196217 0.002578 -0.980557
vn -0.000158 -0.999717 0.023813
vn -0.000142 -0.999717 0.023784
vn -0.000147 -0.999717 0.023793
vn -0.000165 -0.999716 0.023828
vn -1.000000 -0.000457 -0.000133
vn -1.000000 -0.000459 -0.000055
vn -0.999986 -0.000341 -0.005213
vn -0.999986 -0.000339 -0.005290
vn 0.998552 0.000235 -0.053788
vn 0.999912 -0.001438 -0.013208
vn 0.999896 -0.001391 -0.014346
vn 0.998491 0.000282 -0.054917
vn -0.248056 -0.001675 -0.968744
vn -0.263601 -0.000529 -0.964632
vn -0.262865 -0.000583 -0.964832
vn -0.247314 -0.001730 -0.968934
vn -0.026256 0.001431 0.999654
vn -0.027032 0.001486 0.999633
vn -0.010706 0.000327 0.999943
vn -0.009950 0.000274 0.999950
vn 0.000000 -1.000000 -0.000000
vn 0.000000 -1.000000 -0.000000
vn 0.000000 -1.000000 -0.000000
vn 0.000000 -1.000000 -0.000000
vn 0.995246 -0.019362 -0.095454
vn 0.994815 -0.020097 -0.099697
vn 0.999994 -0.003067 -0.001426
vn 0.999991 -0.002182 0.003679
vn -0.999270 -0.004803 -0.037897
vn -0.999296 -0.004804 -0.037196
vn -0.998889 -0.004792 -0.046878
vn -0.998855 -0.004791 -0.047600
vn 0.062661 0.111655 0.991770
vn -0.006588 0.098113 0.995153
vn 0.003395 0.100096 0.994972
vn 0.073029 0.113639 0.990835
vn 0.191626 -0.108369 -0.975467
vn 0.193246 -0.108665 -0.975114
vn 0.193015 -0.108623 -0.975165
vn 0.191396 -0.108328 -0.975517
vn -0.000158 -0.999717 0.023813
vn -0.000142 -0.999717 0.023783
vn -0.000147 -0.999717 0.023792
vn -0.000165 -0.999716 0.023828
vn 0.993248 -0.009163 -0.115644
vn 0.992698 -0.009531 -0.120253
vn 0.999942 -0.000786 -0.010775
vn 0.999986 -0.000346 -0.005269
vn -0.999374 -0.002466 0.035282
vn -0.999351 -0.002530 0.035946
vn -0.999624 -0.001697 0.027373
vn -0.999642 -0.001630 0.026689
vn 0.146904 0.018199 0.988983
vn 0.084638 0.004330 0.996402
vn 0.094713 0.006570 0.995483
vn 0.157302 0.020521 0.987337
vn 0.087367 -0.016443 -0.996041
vn 0.088917 -0.016787 -0.995898
vn 0.088663 -0.016731 -0.995921
vn 0.087116 -0.016387 -0.996063
vn 0.000331 -0.999992 0.004070
vn 0.000344 -0.999992 0.004034
vn 0.000341 -0.999992 0.004044
vn 0.000325 -0.999992 0.004086
vn -0.996575 -0.006081 0.082473
vn -0.996264 -0.006495 0.086110
vn -0.999987 0.002828 0.004214
vn -0.999995 0.003313 -0.000055
vn 0.998869 -0.045645 -0.013351
vn 0.998871 -0.045635 -0.013194
vn 0.998827 -0.045803 -0.015703
vn 0.998823 -0.045816 -0.015902
vn -0.289160 0.060161 -0.955388
vn -0.169864 0.036411 -0.984795
vn -0.184131 0.039253 -0.982118
vn -0.306308 0.063571 -0.949807
vn 0.080193 -0.031173 0.996292
vn -0.034034 -0.048575 0.998240
vn -0.018624 -0.046262 0.998756
vn 0.092519 -0.029260 0.995281
vn 0.000000 -1.000000 -0.000000
vn 0.000000 -1.000000 -0.000000
vn 0.000000 -1.000000 -0.000000
vn 0.000000 -1.000000 -0.000000
vn -0.991169 -0.018325 0.131336
vn -0.990404 -0.019024 0.136888
vn -0.999907 -0.003447 0.013178
vn -0.999975 -0.002607 0.006517
vn 0.998447 -0.025202 0.049688
vn 0.999034 -0.026076 0.035370
vn 0.977482 -0.014981 0.210486
vn 0.974398 -0.014061 0.224389
vn -0.133338 0.061773 -0.989144
vn -0.080838 0.047190 -0.995610
vn -0.091277 0.050096 -0.994565
vn -0.144847 0.064959 -0.987319
vn -0.073486 -0.060065 0.995486
vn -0.074899 -0.060418 0.995359
vn -0.074633 -0.060352 0.995383
vn -0.073223 -0.059998 0.995509
vn 0.000000 -1.000000 -0.000000
vn 0.000000 -1.000000 -0.000000
vn 0.000000 -1.000000 -0.000000
vn 0.000000 -1.000000 -0.000000
vn 0.995161 -0.018777 -0.096445
vn 0.994740 -0.019499 -0.100563
vn 0.999975 -0.002976 -0.006471
vn 0.999997 -0.002109 -0.001537
vn -0.999507 -0.004634 -0.031045
vn -0.999528 -0.004635 -0.030367
vn -0.999205 -0.004622 -0.039605
vn -0.999177 -0.004621 -0.040303
vn 0.108876 0.112697 0.987647
vn 0.036481 0.099271 0.994391
vn 0.046550 0.101169 0.993780
vn 0.119265 0.114581 0.986229
vn 0.159066 -0.110254 -0.981092
vn 0.160832 -0.110566 -0.980769
vn 0.160590 -0.110523 -0.980814
vn 0.158827 -0.110212 -0.981136
vn 0.000883 -0.999717 0.023762
vn 0.000875 -0.999717 0.023778
vn 0.000878 -0.999717 0.023773
vn 0.000887 -0.999717 0.023753
vn 0.998323 -0.006094 -0.057577
vn 0.998102 -0.006518 -0.061234
vn 0.999800 0.002867 0.019777
vn 0.999703 0.003370 0.024119
vn -0.999573 -0.027004 -0.011157
vn -0.999576 -0.027025 -0.010846
vn -0.999543 -0.026813 -0.013958
vn -0.999540 -0.026796 -0.014209
vn 0.061771 0.053212 0.996671
vn -0.016669 0.037446 0.999160
vn -0.006557 0.039493 0.999198
vn 0.073359 0.055519 0.995759
vn 0.349851 -0.067629 -0.934361
vn 0.235921 -0.048074 -0.970582
vn 0.253003 -0.051013 -0.966120
vn 0.363955 -0.070042 -0.928779
vn 0.000000 -1.000000 -0.000000
vn 0.000000 -1.000000 -0.000000
vn 0.000000 -1.000000 -0.000000
vn 0.000000 -1.000000 -0.000000
vn 0.106771 -0.006714 0.994261
vn 0.113191 -0.006922 0.993549
vn -0.015984 -0.002714 0.999869
vn -0.022599 -0.002497 0.999741
vn 0.042787 -0.002355 0.999081
vn 0.047062 -0.002661 0.998888
vn -0.013482 0.001669 0.999908
vn -0.018525 0.002029 0.999826
vn 0.008723 -0.005534 -0.999947
vn 0.008333 -0.005620 -0.999950
vn 0.010598 -0.005119 -0.999931
vn 0.010916 -0.005049 -0.999928
vn -0.022909 0.006856 -0.999714
vn -0.016440 0.006362 -0.999845
vn -0.017056 0.006409 -0.999834
vn -0.023483 0.006900 -0.999700
vn -0.997184 -0.030935 0.068323
vn -0.998345 -0.053272 -0.021682
vn -0.998769 -0.049288 -0.005509
vn -0.996016 -0.026732 0.085077
vn -0.998067 -0.062094 -0.002712
vn -0.993236 -0.042794 0.107937
vn -0.994549 -0.045281 0.093926
vn -0.997786 -0.064439 -0.016465
vn 0.904299 -0.010352 0.426775
vn 0.961988 0.032766 0.271120
vn 0.952678 0.024185 0.303017
vn 0.890589 -0.018366 0.454439
vn 0.951440 0.049902 0.303761
vn 0.949155 0.051049 0.310642
vn 0.965284 0.042236 0.257767
vn 0.967137 0.041094 0.250915
vn 0.000000 -1.000000 -0.000000
vn 0.000000 -1.000000 -0.000000
vn 0.000000 -1.000000 -0.000000
vn 0.000000 -1.000000 -0.000000
vn 0.000000 1.000000 -0.000000
vn 0.000000 1.000000 -0.000000
vn 0.000000 1.000000 -0.000000
vn 0.000000 1.000000 -0.000000
vn 0.024081 -0.999588 -0.015638
vn 0.024080 -0.999588 -0.015640
vn 0.024081 -0.999588 -0.015639
vn 0.024082 -0.999588 -0.015638
vn 0.162917 -0.000149 0.986640
vn 0.168679 -0.000375 0.985671
vn 0.047802 0.004328 0.998848
vn 0.041770 0.004561 0.999117
vn 0.072802 -0.011560 0.997280
vn 0.077550 -0.012171 0.996914
vn 0.006817 -0.003065 0.999972
vn 0.001179 -0.002338 0.999997
vn 0.024216 -0.002056 -0.999705
vn 0.023374 -0.002178 -0.999724
vn 0.030160 -0.001196 -0.999544
vn 0.031027 -0.001071 -0.999518
vn -0.003979 0.004733 -0.999981
vn 0.007447 0.003788 -0.999965
vn 0.006390 0.003876 -0.999972
vn -0.004893 0.004809 -0.999976
vn -0.989729 0.032703 0.139168
vn -0.998793 0.011616 0.047735
vn -0.997873 0.015226 0.063384
vn -0.987207 0.036408 0.155234
vn -0.996913 -0.052432 0.058443
vn -0.985417 -0.033072 0.166914
vn -0.987523 -0.035524 0.153414
vn -0.997479 -0.054754 0.045137
vn 0.978075 -0.030351 0.206030
vn 0.977607 -0.030844 0.208167
vn 0.977687 -0.030761 0.207805
vn 0.978153 -0.030268 0.205671
vn 0.975797 0.036205 0.215661
vn 0.975667 0.036296 0.216231
vn 0.976727 0.035543 0.211523
vn 0.976849 0.035455 0.210971
vn -0.017021 -0.999855 0.000823
vn -0.017030 -0.999855 0.000817
vn -0.017026 -0.999855 0.000819
vn -0.017014 -0.999855 0.000827
vn 0.017031 0.999855 -0.000819
vn 0.017021 0.999855 -0.000813
vn 0.017027 0.999855 -0.000816
vn 0.017035 0.999855 -0.000821
vn 0.024082 -0.999588 -0.015638
vn 0.024084 -0.999588 -0.015637
vn 0.024083 -0.999588 -0.015638
vn 0.024081 -0.999588 -0.015639
vn -0.223156 0.011521 -0.974715
vn -0.230052 0.011163 -0.973114
vn -0.067811 0.019293 -0.997512
vn -0.060201 0.019659 -0.997993
vn -0.099295 -0.016432 -0.994922
vn -0.105524 -0.017337 -0.994266
vn -0.012394 -0.003806 -0.999916
vn -0.005004 -0.002732 -0.999984
vn -0.043313 -0.026164 0.998719
vn -0.027170 -0.028220 0.999232
vn -0.158191 -0.011291 0.987344
vn -0.174160 -0.009189 0.984675
vn 0.005816 -0.004824 0.999971
vn -0.051424 -0.009981 0.998627
vn -0.046671 -0.009553 0.998865
vn 0.010125 -0.004435 0.999939
vn 0.983979 0.051021 -0.170831
vn 0.994005 0.030266 -0.105061
vn 0.992134 0.035036 -0.120180
vn 0.980688 0.056229 -0.187324
vn 0.994497 -0.033162 -0.099374
vn 0.984933 -0.016499 -0.172148
vn 0.986814 -0.019136 -0.160724
vn 0.995438 -0.035621 -0.088515
vn -0.994211 -0.049087 -0.095576
vn -0.994013 -0.049592 -0.097361
vn -0.994056 -0.049483 -0.096976
vn -0.994253 -0.048979 -0.095195
vn -0.992590 0.022597 -0.119391
vn -0.992626 0.022538 -0.119106
vn -0.992375 0.022949 -0.121098
vn -0.992339 0.023007 -0.121380
vn 0.000000 -1.000000 -0.000000
vn 0.000000 -1.000000 -0.000000
vn 0.000000 -1.000000 -0.000000
vn 0.000000 -1.000000 -0.000000
vn 0.000000 1.000000 -0.000000
vn 0.000000 1.000000 -0.000000
vn 0.000000 1.000000 -0.000000
vn 0.000000 1.000000 -0.000000
vn 0.024082 -0.999588 -0.015638
vn 0.024080 -0.999588 -0.015639
vn 0.024081 -0.999588 -0.015639
vn 0.024083 -0.999588 -0.015638
vn -0.954167 0.000473 0.299274
vn -0.952232 0.000336 0.305374
vn -0.995753 0.004980 0.091936
vn -0.996407 0.005135 0.084541
vn -0.990712 -0.022291 0.134137
vn -0.990035 -0.023009 0.138928
vn -0.999963 -0.003371 0.007930
vn -0.999995 -0.002500 0.002129
vn 0.999062 -0.005491 0.042951
vn 0.999097 -0.005492 0.042135
vn 0.998468 -0.005475 0.055071
vn 0.998421 -0.005474 0.055911
vn 0.999960 0.005187 -0.007282
vn 0.999926 0.004308 0.011382
vn 0.999937 0.004357 0.010339
vn 0.999952 0.005233 -0.008261
vn -0.077418 0.096383 -0.992329
vn -0.026310 0.084915 -0.996041
vn -0.034912 0.086861 -0.995609
vn -0.086353 0.098366 -0.991397
vn -0.082289 -0.034956 -0.995995
vn -0.090292 -0.036497 -0.995246
vn -0.033754 -0.025583 -0.999103
vn -0.025945 -0.024070 -0.999374
vn -0.115509 -0.094895 0.988763
vn -0.116800 -0.095175 0.988585
vn -0.116587 -0.095129 0.988614
vn -0.115298 -0.094849 0.988792
vn -0.121075 0.025319 0.992321
vn -0.121388 0.025375 0.992281
vn -0.118987 0.024950 0.992582
vn -0.118672 0.024895 0.992621
vn -0.000801 -0.999551 -0.029951
vn -0.000795 -0.999551 -0.029970
vn -0.000796 -0.999551 -0.029966
vn -0.000804 -0.999551 -0.029944
vn -0.021900 -0.998985 0.039351
vn -0.021898 -0.998986 0.039346
vn -0.021899 -0.998986 0.039348
vn -0.021900 -0.998985 0.039352
vn 0.000798 0.999550 0.029976
vn 0.000791 0.999551 0.029954
vn 0.000793 0.999551 0.029960
vn 0.000800 0.999550 0.029981
vn -0.981308 -0.005858 0.192353
vn -0.980055 -0.005976 0.198638
vn -0.999928 -0.001963 -0.011850
vn -0.999816 -0.001823 -0.019086
vn -0.996723 -0.007297 0.080567
vn -0.996361 -0.007724 0.084881
vn -0.999592 0.003490 -0.028340
vn -0.999431 0.003999 -0.033483
vn 0.999861 -0.006344 0.015437
vn 0.999866 -0.006365 0.015065
vn 0.999792 -0.006112 0.019436
vn 0.999787 -0.006094 0.019736
vn 0.999110 0.006586 -0.041672
vn 0.999607 0.005940 -0.027396
vn 0.999584 0.005976 -0.028205
vn 0.999075 0.006623 -0.042500
vn -0.038123 0.044021 -0.998303
vn 0.012002 0.032022 -0.999415
vn 0.003307 0.034110 -0.999413
vn -0.047131 0.046167 -0.997821
vn -0.046305 -0.037594 -0.998220
vn -0.054054 -0.039135 -0.997771
vn 0.000114 -0.028327 -0.999599
vn 0.007722 -0.026802 -0.999611
vn -0.253958 -0.064956 0.965032
vn -0.153880 -0.041853 0.987203
vn -0.171888 -0.046015 0.984041
vn -0.270951 -0.068872 0.960126
vn -0.175694 0.032847 0.983897
vn -0.180328 0.033699 0.983029
vn -0.146993 0.027567 0.988753
vn -0.142313 0.026706 0.989461
vn 0.000000 -1.000000 -0.000000
vn 0.000000 -1.000000 -0.000000
vn 0.000000 -1.000000 -0.000000
vn 0.000000 -1.000000 -0.000000
vn -0.021900 -0.998985 0.039352
vn -0.021900 -0.998985 0.039353
vn -0.021900 -0.998985 0.039353
vn -0.021900 -0.998985 0.039352
vn 0.000000 1.000000 -0.000000
vn 0.000000 1.000000 -0.000000
vn 0.000000 1.000000 -0.000000
vn 0.000000 1.000000 -0.000000
vn 0.917263 0.016773 -0.397930
vn 0.914190 0.016545 -0.404949
vn 0.988937 0.023908 -0.146399
vn 0.990070 0.024101 -0.138493
vn 0.983033 -0.020873 -0.182237
vn 0.981850 -0.021512 -0.188435
vn 0.999855 -0.003758 -0.016623
vn 0.999955 -0.002974 -0.009049
vn -0.997434 -0.028890 -0.065507
vn -0.998352 -0.029727 -0.049080
vn -0.957112 -0.016584 -0.289244
vn -0.952366 -0.015678 -0.304554
vn -0.999903 -0.006551 0.012292
vn -0.997171 -0.010878 -0.074370
vn -0.997509 -0.010648 -0.069732
vn -0.999848 -0.006353 0.016235
vn 0.095422 0.050652 0.994147
vn 0.058327 0.038839 0.997542
vn 0.066904 0.041573 0.996893
vn 0.104924 0.053673 0.993031
vn 0.085344 -0.032020 0.995837
vn 0.092545 -0.033747 0.995136
vn 0.054422 -0.024596 0.998215
vn 0.047588 -0.022954 0.998603
vn 0.053047 -0.049444 -0.997367
vn 0.054037 -0.049729 -0.997300
vn 0.053820 -0.049667 -0.997315
vn 0.052832 -0.049383 -0.997382
vn 0.067571 0.025616 -0.997386
vn 0.067521 0.025603 -0.997389
vn 0.067798 0.025672 -0.997369
vn 0.067846 0.025684 -0.997365
vn 0.000000 -1.000000 -0.000000
vn 0.000000 -1.000000 -0.000000
vn 0.000000 -1.000000 -0.000000
vn 0.000000 -1.000000 -0.000000
vn -0.021900 -0.998985 0.039352
vn -0.021901 -0.998985 0.039354
vn -0.021901 -0.998985 0.039354
vn -0.021900 -0.998985 0.039352
vn 0.000000 1.000000 -0.000000
vn 0.000000 1.000000 -0.000000
vn 0.000000 1.000000 -0.000000
vn 0.000000 1.000000 -0.000000
vn 0.979826 0.001891 -0.199842
vn 0.978874 0.001791 -0.204455
vn 0.998384 0.004924 -0.056615
vn 0.998652 0.005027 -0.051657
vn 0.995381 -0.012065 -0.095243
vn 0.994920 -0.012496 -0.099889
vn 0.999992 -0.003392 -0.001881
vn 0.999989 -0.002873 0.003695
vn -0.999272 -0.001500 -0.038118
vn -0.999304 -0.001590 -0.037273
vn -0.998903 -0.000579 -0.046832
vn -0.998861 -0.000487 -0.047702
vn -0.999992 0.003889 0.000354
vn -0.999798 0.002891 -0.019905
vn -0.999821 0.002951 -0.018684
vn -0.999991 0.003941 0.001406
vn 0.061392 0.023387 0.997840
vn -0.006619 0.007861 0.999947
vn 0.004818 0.010475 0.999934
vn 0.073315 0.026104 0.996967
vn 0.001079 -0.039796 0.999207
vn 0.082079 -0.027064 0.996258
vn 0.073062 -0.028495 0.996920
vn -0.007577 -0.041141 0.999125
vn 0.192371 -0.021682 -0.981083
vn 0.193968 -0.022050 -0.980760
vn 0.193700 -0.021988 -0.980815
vn 0.192105 -0.021620 -0.981136
vn 0.198205 0.029844 -0.979706
vn 0.198440 0.029878 -0.979657
vn 0.196243 0.029558 -0.980110
vn 0.196013 0.029525 -0.980157
vn -0.000157 -0.999717 0.023784
vn -0.000142 -0.999718 0.023754
vn -0.000147 -0.999718 0.023763
vn -0.000165 -0.999717 0.023799
vn 0.000155 0.999717 -0.023771
vn 0.000150 0.999717 -0.023787
vn 0.000151 0.999717 -0.023782
vn 0.000157 0.999718 -0.023765
vn -0.000854 -0.999389 -0.034949
vn -0.000854 -0.999389 -0.034948
vn -0.000854 -0.999389 -0.034949
vn -0.000853 -0.999389 -0.034950
vn -0.987954 -0.009066 0.154481
vn -0.987137 -0.009305 0.159605
vn -0.999998 -0.001837 0.000201
vn -0.999985 -0.001579 -0.005290
vn -0.996646 0.050874 0.064095
vn -0.996451 0.050578 0.067287
vn -0.998404 0.056359 0.003677
vn -0.998392 0.056691 -0.000055
vn 0.998210 -0.058880 -0.010458
vn 0.998213 -0.058863 -0.010316
vn 0.998178 -0.059089 -0.012239
vn 0.998174 -0.059110 -0.012419
vn 0.998480 0.007029 -0.054669
vn 0.998753 0.006634 -0.049479
vn 0.998737 0.006658 -0.049791
vn 0.998466 0.007048 -0.054915
vn -0.298610 0.033253 -0.953796
vn -0.215477 0.012927 -0.976424
vn -0.226337 0.015564 -0.973925
vn -0.309384 0.035910 -0.950259
vn -0.183025 -0.016758 -0.982966
vn -0.263598 -0.003974 -0.964624
vn -0.254739 -0.005395 -0.966995
vn -0.174146 -0.018147 -0.984553
vn 0.101971 0.003160 0.994783
vn -0.035376 -0.012844 0.999292
vn -0.018209 -0.010853 0.999775
vn 0.118744 0.005126 0.992912
vn 0.050434 -0.004010 0.998719
vn 0.056953 -0.004956 0.998365
vn -0.003565 0.003821 0.999986
vn -0.009951 0.004747 0.999939
vn -0.053743 -0.998555 0.000000
vn -0.053743 -0.998555 0.000001
vn -0.053743 -0.998555 0.000001
vn -0.053743 -0.998555 -0.000000
vn 0.053744 0.998555 0.000001
vn 0.053743 0.998555 0.000000
vn 0.053744 0.998555 0.000000
vn 0.053744 0.998555 0.000001
vn -0.000853 -0.999389 -0.034949
vn -0.000854 -0.999389 -0.034948
vn -0.000854 -0.999389 -0.034948
vn -0.000853 -0.999389 -0.034950
vn -0.968956 -0.005777 0.247165
vn -0.967586 -0.006008 0.252469
vn -0.997007 0.001531 0.077299
vn -0.997455 0.001787 0.071272
vn -0.993313 -0.010395 0.114984
vn -0.992685 -0.010874 0.120246
vn -0.999933 -0.000967 0.011549
vn -0.999986 -0.000395 0.005269
vn 0.999377 -0.002803 -0.035191
vn 0.999350 -0.002887 -0.035947
vn 0.999621 -0.001947 -0.027468
vn 0.999642 -0.001860 -0.026690
vn 0.999913 0.005980 -0.011730
vn 0.999885 0.006135 -0.013871
vn 0.999887 0.006126 -0.013744
vn 0.999915 0.005972 -0.011615
vn -0.145495 0.020406 -0.989149
vn -0.084637 0.004941 -0.996400
vn -0.096078 0.007843 -0.995343
vn -0.157293 0.023411 -0.987275
vn -0.091129 -0.018002 -0.995676
vn -0.161941 -0.005609 -0.986784
vn -0.153115 -0.007164 -0.988182
vn -0.082485 -0.019503 -0.996401
vn -0.087400 -0.018767 0.995996
vn -0.088922 -0.019152 0.995854
vn -0.088634 -0.019079 0.995882
vn -0.087114 -0.018694 0.996023
vn -0.094135 0.007945 0.995528
vn -0.094359 0.007981 0.995506
vn -0.092444 0.007676 0.995688
vn -0.092222 0.007641 0.995709
vn -0.000331 -0.999992 -0.004071
vn -0.000344 -0.999992 -0.004035
vn -0.000340 -0.999992 -0.004044
vn -0.000325 -0.999992 -0.004086
vn 0.000341 0.999992 0.004071
vn 0.000347 0.999992 0.004085
vn 0.000345 0.999992 0.004080
vn 0.000339 0.999992 0.004067
vn -0.000854 -0.999389 -0.034945
vn -0.000854 -0.999389 -0.034947
vn -0.000854 -0.999389 -0.034946
vn -0.000855 -0.999389 -0.034945
vn -0.986188 0.001519 0.165623
vn -0.985593 0.001447 0.169129
vn -0.998764 0.003872 0.049552
vn -0.998948 0.003949 0.045694
vn -0.996636 -0.014410 0.080674
vn -0.996310 -0.015012 0.084501
vn -0.999979 -0.002649 0.005880
vn -0.999997 -0.001930 0.001314
vn 0.999653 -0.003328 0.026147
vn 0.999669 -0.003354 0.025499
vn 0.999445 -0.003044 0.033179
vn 0.999423 -0.003017 0.033845
vn 0.999985 0.003052 -0.004496
vn 0.999920 0.002233 0.012418
vn 0.999932 0.002279 0.011462
vn 0.999981 0.003093 -0.005355
vn -0.130407 0.087547 -0.987588
vn -0.043532 0.072312 -0.996432
vn -0.054847 0.074325 -0.995725
vn -0.142036 0.089547 -0.985803
vn -0.050916 -0.039218 -0.997933
vn -0.153132 -0.026296 -0.987856
vn -0.144388 -0.027421 -0.989141
vn -0.042422 -0.040270 -0.998288
vn -0.188895 -0.084710 0.978337
vn -0.190967 -0.085059 0.977904
vn -0.190701 -0.085014 0.977960
vn -0.188631 -0.084665 0.978392
vn -0.196488 0.029190 0.980072
vn -0.196706 0.029214 0.980027
vn -0.194027 0.028913 0.980570
vn -0.193813 0.028889 0.980613
vn -0.001041 -0.999717 -0.023780
vn -0.001057 -0.999717 -0.023753
vn -0.001051 -0.999717 -0.023764
vn -0.001031 -0.999716 -0.023798
vn 0.001047 0.999717 0.023779
vn 0.001038 0.999717 0.023762
vn 0.001042 0.999717 0.023770
vn 0.001050 0.999717 0.023786
vn -0.000853 -0.999389 -0.034950
vn -0.000853 -0.999389 -0.034948
vn -0.000853 -0.999389 -0.034949
vn -0.000852 -0.999389 -0.034950
vn 0.991398 -0.006268 -0.130734
vn 0.990688 -0.006425 -0.136000
vn 0.999713 -0.001645 0.023907
vn 0.999566 -0.001479 0.029422
vn 0.997785 0.023787 -0.062119
vn 0.997581 0.023586 -0.065392
vn 0.999345 0.028832 0.021877
vn 0.999245 0.029061 0.025768
vn -0.999434 -0.031413 -0.012055
vn -0.999438 -0.031459 -0.011587
vn -0.999363 -0.030828 -0.017987
vn -0.999356 -0.030784 -0.018439
vn -0.999537 0.005807 0.029875
vn -0.999837 0.005073 0.017362
vn -0.999822 0.005119 0.018146
vn -0.999515 0.005848 0.030573
vn 0.052032 0.006217 0.998626
vn -0.015395 -0.008194 0.999848
vn -0.006635 -0.006323 0.999958
vn 0.061119 0.008161 0.998097
vn -0.003135 -0.032961 0.999452
vn 0.083140 -0.020052 0.996336
vn 0.073843 -0.021455 0.997039
vn -0.012152 -0.034296 0.999338
vn 0.229298 -0.002078 -0.973354
vn 0.198675 0.002792 -0.980061
vn 0.202781 0.002141 -0.979222
vn 0.233314 -0.002719 -0.972398
vn 0.215890 0.023411 -0.976137
vn 0.218139 0.023740 -0.975629
vn 0.197561 0.020734 -0.980071
vn 0.195358 0.020413 -0.980520
vn 0.027008 -0.999635 0.000000
vn 0.027008 -0.999635 0.000000
vn 0.027008 -0.999635 0.000000
vn 0.027008 -0.999635 0.000000
vn -0.027008 0.999635 0.000000
vn -0.027008 0.999635 0.000000
vn -0.027008 0.999635 0.000000
vn -0.027008 0.999635 0.000000
vn -0.000854 -0.999389 -0.034949
vn -0.000854 -0.999389 -0.034949
vn -0.000854 -0.999389 -0.034949
vn -0.000854 -0.999389 -0.034949
vn -0.960254 0.014072 0.278772
vn -0.958546 0.013923 0.284598
vn -0.996209 0.018593 0.084979
vn -0.996754 0.018735 0.078292
vn -0.991209 -0.020035 0.130777
vn -0.990367 -0.020878 0.136883
vn -0.999897 -0.003874 0.013838
vn -0.999975 -0.002862 0.006517
vn 0.998317 -0.027571 0.051023
vn 0.998964 -0.028620 0.035367
vn 0.977735 -0.016537 0.209192
vn 0.974375 -0.015433 0.224399
vn 0.999956 -0.003525 -0.008751
vn 0.997094 -0.007800 0.075786
vn 0.997451 -0.007556 0.070953
vn 0.999908 -0.003300 -0.013185
vn -0.132237 0.067453 -0.988920
vn -0.080819 0.051781 -0.995383
vn -0.092220 0.055263 -0.994204
vn -0.144784 0.071265 -0.986894
vn -0.076052 -0.037062 -0.996415
vn -0.132986 -0.025164 -0.990798
vn -0.124804 -0.026885 -0.991817
vn -0.068284 -0.038671 -0.996916
vn -0.073484 -0.065905 0.995116
vn -0.074871 -0.066287 0.994988
vn -0.074580 -0.066207 0.995015
vn -0.073196 -0.065826 0.995143
vn -0.091178 0.029721 0.995391
vn -0.090873 0.029663 0.995421
vn -0.093197 0.030102 0.995193
vn -0.093496 0.030158 0.995163
vn 0.000000 -1.000000 -0.000000
vn 0.000000 -1.000000 -0.000000
vn 0.000000 -1.000000 -0.000000
vn 0.000000 -1.000000 -0.000000
vn 0.000000 1.000000 -0.000000
vn 0.000000 1.000000 -0.000000
vn 0.000000 1.000000 -0.000000
vn 0.000000 1.000000 -0.000000
vn -0.000854 -0.999389 -0.034948
vn -0.000854 -0.999389 -0.034947
vn -0.000854 -0.999389 -0.034947
vn -0.000854 -0.999389 -0.034948
vn 0.980423 0.000318 -0.196901
vn 0.979493 0.000181 -0.201478
vn 0.998234 0.004369 -0.059252
vn 0.998511 0.004511 -0.054364
vn 0.995308 -0.008505 -0.096386
vn 0.994865 -0.008799 -0.100828
vn 0.999973 -0.002554 -0.006844
vn 0.999996 -0.002201 -0.001534
vn -0.999510 -0.001114 -0.031280
vn -0.999536 -0.001227 -0.030449
vn -0.999217 0.000003 -0.039561
vn -0.999183 0.000118 -0.040417
vn -0.999978 0.003849 0.005349
vn -0.999899 0.002717 -0.013931
vn -0.999915 0.002787 -0.012730
vn -0.999972 0.003910 0.006385
vn 0.107824 -0.003874 0.994162
vn 0.036647 -0.019773 0.999133
vn 0.048226 -0.017197 0.998688
vn 0.119836 -0.001176 0.992793
vn 0.044576 -0.032944 0.998463
vn 0.128974 -0.019802 0.991450
vn 0.119786 -0.021247 0.992572
vn 0.035695 -0.034310 0.998774
vn 0.159531 0.005433 -0.987178
vn 0.161272 0.005042 -0.986897
vn 0.160991 0.005105 -0.986943
vn 0.159253 0.005496 -0.987223
vn 0.166114 0.023094 -0.985836
vn 0.166377 0.023131 -0.985791
vn 0.163851 0.022770 -0.986222
vn 0.163593 0.022733 -0.986266
vn 0.000883 -0.999717 0.023763
vn 0.000876 -0.999717 0.023777
vn 0.000878 -0.999717 0.023772
vn 0.000886 -0.999717 0.023755
vn -0.000874 0.999717 -0.023770
vn -0.000881 0.999717 -0.023786
vn -0.000879 0.999717 -0.023780
vn -0.000872 0.999717 -0.023763
vn -0.000854 -0.999389 -0.034948
vn -0.000855 -0.999389 -0.034947
vn -0.000855 -0.999389 -0.034947
vn -0.000854 -0.999389 -0.034948
vn 0.147846 0.981955 -0.117922
vn 0.015486 0.998046 0.060542
vn 0.087802 0.996137 -0.001646
vn -0.017795 0.997320 -0.070969
vn 0.869111 0.494590 0.005088
vn -0.012445 0.992862 -0.118616
vn 0.706838 0.707374 -0.001643
vn 0.709037 0.705166 -0.002778
vn -0.706677 0.707536 -0.001144
vn -0.707106 0.707107 -0.000000
vn 0.088820 0.010997 0.995987
vn 0.088821 0.010997 0.995987
vn 0.088821 0.010997 0.995987
vn 0.088820 0.010997 0.995987
vn -0.997499 -0.048629 -0.051289
vn -0.997691 -0.045688 -0.050263
vn -0.996668 -0.059997 -0.055251
vn -0.996416 -0.063105 -0.056333
vn -0.082807 -0.092974 -0.992219
vn -0.082806 -0.092974 -0.992219
vn -0.082806 -0.092974 -0.992219
vn -0.082807 -0.092974 -0.992219
vn 0.996826 0.060111 0.052206
vn 0.996690 0.062712 0.051728
vn 0.997347 0.048438 0.054345
vn 0.997448 0.045709 0.054844
vn -0.061119 0.994484 0.085239
vn -0.061126 0.994484 0.085239
vn -0.061126 0.994484 0.085239
vn -0.061119 0.994484 0.085239
vn 0.061112 -0.994485 -0.085240
vn 0.061130 -0.994484 -0.085238
vn 0.061129 -0.994484 -0.085238
vn 0.061111 -0.994485 -0.085240
vn 0.988306 0.152340 -0.006551
vn 0.988307 0.152336 -0.006526
vn 0.988307 0.152336 -0.006530
vn 0.988306 0.152341 -0.006555
vn -0.026417 0.017973 0.999489
vn -0.026214 0.019606 0.999464
vn -0.028066 0.004673 0.999595
vn -0.028291 0.002856 0.999596
vn -0.955307 -0.295268 0.014368
vn -0.955306 -0.295268 0.014364
vn -0.955306 -0.295268 0.014364
vn -0.955307 -0.295268 0.014368
vn 0.026163 -0.004835 -0.999646
vn 0.025954 -0.003580 -0.999657
vn 0.028333 -0.017886 -0.999439
vn 0.028560 -0.019250 -0.999407
vn -0.015072 0.998405 -0.054408
vn -0.015072 0.998406 -0.054386
vn -0.015072 0.998406 -0.054387
vn -0.015072 0.998405 -0.054408
vn 0.015072 -0.998405 0.054400
vn 0.015073 -0.998406 0.054388
vn 0.015073 -0.998406 0.054388
vn 0.015072 -0.998405 0.054400
vn -0.985160 0.164916 -0.047573
vn -0.985160 0.164916 -0.047570
vn -0.985160 0.164916 -0.047571
vn -0.985160 0.164916 -0.047574
vn -0.030607 0.000613 0.999531
vn -0.030743 -0.000350 0.999527
vn -0.029344 0.009515 0.999524
vn -0.029195 0.010564 0.999518
vn 0.998630 -0.021914 0.047515
vn 0.998630 -0.021914 0.047515
vn 0.998630 -0.021914 0.047515
vn 0.998630 -0.021914 0.047515
vn 0.030711 -0.009508 -0.999483
vn 0.030890 -0.010601 -0.999467
vn 0.029243 -0.000572 -0.999572
vn 0.029045 0.000634 -0.999578
vn 0.013416 -0.999895 0.005499
vn 0.013415 -0.999895 0.005518
vn 0.013415 -0.999895 0.005518
vn 0.013416 -0.999895 0.005498
vn -0.013412 0.999895 -0.005491
vn -0.013412 0.999895 -0.005518
vn -0.013412 0.999895 -0.005517
vn -0.013412 0.999895 -0.005490
vn -0.996058 0.084930 -0.025592
vn -0.996057 0.084924 -0.025653
vn -0.996057 0.084925 -0.025646
vn -0.996058 0.084931 -0.025584
vn -0.007820 0.066885 -0.997730
vn -0.007874 0.067991 -0.997655
vn -0.007288 0.056079 -0.998400
vn -0.007227 0.054843 -0.998469
vn 0.969000 -0.246656 0.014174
vn 0.968999 -0.246658 0.014182
vn 0.968999 -0.246658 0.014181
vn 0.969000 -0.246656 0.014173
vn 0.008718 -0.056254 0.998378
vn 0.008936 -0.055274 0.998431
vn 0.006382 -0.066773 0.997748
vn 0.006142 -0.067854 0.997676
vn 0.083049 0.994284 0.067106
vn 0.083048 0.994287 0.067061
vn 0.083048 0.994287 0.067062
vn 0.083049 0.994283 0.067107
vn -0.083048 -0.994284 -0.067099
vn -0.083048 -0.994286 -0.067067
vn -0.083048 -0.994286 -0.067068
vn -0.083048 -0.994284 -0.067100
vn -0.998479 -0.045673 -0.030869
vn -0.998482 -0.045660 -0.030805
vn -0.998482 -0.045662 -0.030813
vn -0.998479 -0.045674 -0.030877
vn -0.006245 -0.014835 -0.999871
vn -0.006282 -0.014628 -0.999873
vn -0.005878 -0.016873 -0.999840
vn -0.005840 -0.017085 -0.999837
vn 0.999411 0.014262 0.031210
vn 0.999409 0.014252 0.031274
vn 0.999410 0.014253 0.031266
vn 0.999411 0.014263 0.031202
vn 0.006152 0.016884 0.999839
vn 0.006171 0.017090 0.999835
vn 0.005971 0.014823 0.999872
vn 0.005952 0.014613 0.999876
vn -0.045238 0.998874 -0.014300
vn -0.045240 0.998873 -0.014368
vn -0.045240 0.998873 -0.014367
vn -0.045238 0.998874 -0.014299
vn 0.045238 -0.998874 0.014330
vn 0.045239 -0.998874 0.014300
vn 0.045239 -0.998874 0.014300
vn 0.045238 -0.998874 0.014331
vn -0.998210 -0.050984 -0.031248
vn -0.998211 -0.050984 -0.031247
vn -0.998210 -0.050984 -0.031247
vn -0.998210 -0.050985 -0.031248
vn -0.000327 -0.002358 -0.999997
vn -0.000248 -0.002838 -0.999996
vn -0.001281 0.003454 -0.999993
vn -0.001356 0.003911 -0.999991
vn 0.990819 0.131614 0.030927
vn 0.990818 0.131599 0.030998
vn 0.990818 0.131601 0.030988
vn 0.990819 0.131616 0.030917
vn 0.000629 -0.003500 0.999994
vn 0.000598 -0.004012 0.999992
vn 0.000981 0.002384 0.999997
vn 0.001010 0.002869 0.999995
vn -0.050924 0.998699 -0.002822
vn -0.050922 0.998699 -0.002755
vn -0.050922 0.998699 -0.002756
vn -0.050924 0.998699 -0.002823
vn 0.050923 -0.998699 0.002824
vn 0.050923 -0.998699 0.002824
vn 0.050923 -0.998699 0.002824
vn 0.050923 -0.998699 0.002824
vn 0.989717 -0.141784 -0.018894
vn 0.989717 -0.141784 -0.018895
vn 0.989717 -0.141784 -0.018895
vn 0.989717 -0.141784 -0.018894
vn 0.009065 0.091290 -0.995783
vn 0.008845 0.092433 -0.995680
vn 0.009981 0.086511 -0.996201
vn 0.010195 0.085394 -0.996295
vn -0.994236 0.106062 0.015646
vn -0.994237 0.106061 0.015640
vn -0.994237 0.106062 0.015641
vn -0.994236 0.106062 0.015647
vn -0.008806 -0.086591 0.996205
vn -0.008491 -0.085579 0.996295
vn -0.010239 -0.091198 0.995780
vn -0.010547 -0.092187 0.995686
vn -0.051418 -0.994353 -0.092830
vn -0.051422 -0.994360 -0.092758
vn -0.051422 -0.994360 -0.092760
vn -0.051417 -0.994353 -0.092833
vn 0.051419 0.994354 0.092825
vn 0.051419 0.994354 0.092828
vn 0.051419 0.994354 0.092828
vn 0.051419 0.994354 0.092825
vn 0.997505 -0.068302 -0.017844
vn 0.997505 -0.068302 -0.017843
vn 0.997505 -0.068302 -0.017843
vn 0.997505 -0.068302 -0.017844
vn 0.004653 0.087399 -0.996163
vn 0.004948 0.086302 -0.996257
vn 0.003386 0.092096 -0.995744
vn 0.003083 0.093220 -0.995641
vn -0.999370 0.032349 0.014569
vn -0.999372 0.032342 0.014507
vn -0.999371 0.032343 0.014516
vn -0.999370 0.032350 0.014578
vn -0.004563 -0.092098 0.995740
vn -0.004796 -0.093107 0.995645
vn -0.003473 -0.087394 0.996168
vn -0.003234 -0.086361 0.996259
vn 0.022248 -0.995406 -0.093123
vn 0.022252 -0.995399 -0.093197
vn 0.022252 -0.995399 -0.093194
vn 0.022248 -0.995406 -0.093121
vn -0.022251 0.995400 0.093191
vn -0.022251 0.995400 0.093191
vn -0.022251 0.995400 0.093191
vn -0.022251 0.995400 0.093191
vn 0.998770 -0.046382 -0.017548
vn 0.998770 -0.046382 -0.017548
vn 0.998770 -0.046382 -0.017548
vn 0.998770 -0.046382 -0.017548
vn 0.000757 0.092400 -0.995722
vn 0.000478 0.093418 -0.995627
vn 0.002099 0.087504 -0.996162
vn 0.002372 0.086510 -0.996248
vn -0.999845 0.010390 0.014207
vn -0.999845 0.010390 0.014206
vn -0.999845 0.010390 0.014206
vn -0.999845 0.010390 0.014207
vn -0.000985 -0.087462 0.996167
vn -0.000818 -0.086522 0.996250
vn -0.001870 -0.092424 0.995718
vn -0.002034 -0.093344 0.995632
vn 0.049243 -0.994417 -0.093331
vn 0.049240 -0.994424 -0.093259
vn 0.049240 -0.994423 -0.093261
vn 0.049244 -0.994416 -0.093334
vn -0.049201 0.994419 0.093331
vn -0.049201 0.994419 0.093331
vn -0.049201 0.994419 0.093331
vn -0.049201 0.994419 0.093331
vn 0.034711 -0.004003 0.999389
vn 0.034711 -0.004003 0.999389
vn 0.034711 -0.004003 0.999389
vn 0.034711 -0.004003 0.999389
vn -0.999727 -0.017861 -0.015065
vn -0.999756 -0.016251 -0.014990
vn -0.999370 -0.031816 -0.015716
vn -0.999311 -0.033573 -0.015797
vn -0.031332 -0.137206 -0.990047
vn -0.031358 -0.137201 -0.990047
vn -0.031354 -0.137202 -0.990047
vn -0.031328 -0.137207 -0.990047
vn 0.999409 0.031576 0.013557
vn 0.999362 0.033219 0.013111
vn 0.999689 0.018040 0.017226
vn 0.999711 0.016238 0.017714
vn -0.025123 0.993625 -0.109902
vn -0.025142 0.993624 -0.109901
vn -0.025142 0.993624 -0.109901
vn -0.025123 0.993625 -0.109902
vn 0.025126 -0.993625 0.109901
vn 0.025141 -0.993624 0.109902
vn 0.025141 -0.993624 0.109902
vn 0.025126 -0.993625 0.109901
vn 0.032913 -0.072291 0.996840
vn 0.032885 -0.072298 0.996841
vn 0.032890 -0.072297 0.996841
vn 0.032918 -0.072290 0.996840
vn -0.999673 -0.016037 -0.019893
vn -0.999705 -0.014245 -0.019664
vn -0.999322 -0.029794 -0.021646
vn -0.999256 -0.031747 -0.021895
vn -0.029648 -0.069223 -0.997161
vn -0.029648 -0.069223 -0.997161
vn -0.029648 -0.069223 -0.997161
vn -0.029648 -0.069223 -0.997161
vn 0.999374 0.029670 0.019275
vn 0.999324 0.031541 0.018864
vn 0.999623 0.016063 0.022264
vn 0.999644 0.014008 0.022715
vn -0.024362 0.998639 -0.046115
vn -0.024383 0.998639 -0.046115
vn -0.024383 0.998639 -0.046115
vn -0.024361 0.998639 -0.046115
vn 0.024373 -0.998634 0.046222
vn 0.024388 -0.998634 0.046223
vn 0.024387 -0.998634 0.046223
vn 0.024373 -0.998634 0.046222
vn 0.028164 -0.241899 0.969893
vn 0.028158 -0.241901 0.969892
vn 0.028159 -0.241901 0.969892
vn 0.028165 -0.241899 0.969893
vn -0.999594 -0.010119 -0.026639
vn -0.999624 -0.008394 -0.026107
vn -0.999255 -0.023367 -0.030717
vn -0.999191 -0.025247 -0.031296
vn -0.025157 0.102521 -0.994413
vn -0.025135 0.102517 -0.994414
vn -0.025139 0.102518 -0.994413
vn -0.025161 0.102522 -0.994412
vn 0.999318 0.023662 0.028363
vn 0.999273 0.025576 0.028278
vn 0.999533 0.009740 0.028980
vn 0.999548 0.007638 0.029073
vn -0.022648 0.991851 0.125377
vn -0.022669 0.991850 0.125377
vn -0.022668 0.991850 0.125377
vn -0.022647 0.991851 0.125377
vn 0.022652 -0.991864 -0.125271
vn 0.022672 -0.991864 -0.125269
vn 0.022671 -0.991864 -0.125269
vn 0.022652 -0.991864 -0.125271
vn 0.033041 -0.067303 0.997185
vn 0.033012 -0.067310 0.997186
vn 0.033017 -0.067309 0.997186
vn 0.033045 -0.067302 0.997185
vn -0.999605 -0.016318 -0.022875
vn -0.999645 -0.014194 -0.022573
vn -0.999247 -0.029846 -0.024798
vn -0.999167 -0.032158 -0.025126
vn -0.029768 -0.074212 -0.996798
vn -0.029769 -0.074211 -0.996798
vn -0.029769 -0.074211 -0.996798
vn -0.029768 -0.074212 -0.996798
vn 0.999315 0.029686 0.022099
vn 0.999259 0.031909 0.021518
vn 0.999539 0.016376 0.025575
vn 0.999559 0.013932 0.026213
vn -0.024670 0.997940 -0.059224
vn -0.024691 0.997939 -0.059223
vn -0.024690 0.997939 -0.059223
vn -0.024669 0.997940 -0.059224
vn 0.024690 -0.997918 0.059584
vn 0.024702 -0.997918 0.059585
vn 0.024702 -0.997918 0.059585
vn 0.024689 -0.997918 0.059584
vn 0.035560 0.029260 0.998939
vn 0.035559 0.029260 0.998939
vn 0.035559 0.029260 0.998939
vn 0.035560 0.029260 0.998939
vn -0.999689 -0.019051 -0.016091
vn -0.999724 -0.017179 -0.016036
vn -0.999323 -0.032874 -0.016493
vn -0.999253 -0.034914 -0.016552
vn -0.032169 -0.170075 -0.984906
vn -0.032143 -0.170081 -0.984906
vn -0.032147 -0.170080 -0.984906
vn -0.032174 -0.170075 -0.984906
vn 0.999373 0.032497 0.014081
vn 0.999318 0.034383 0.013446
vn 0.999642 0.019327 0.018514
vn 0.999667 0.017256 0.019211
vn -0.025790 0.988539 -0.148744
vn -0.025808 0.988539 -0.148743
vn -0.025807 0.988539 -0.148743
vn -0.025790 0.988539 -0.148744
vn 0.025806 -0.988516 0.148895
vn 0.025815 -0.988516 0.148895
vn 0.025814 -0.988516 0.148895
vn 0.025806 -0.988516 0.148895
vn -0.965743 -0.255250 -0.046771
vn -0.965743 -0.255250 -0.046771
vn -0.965743 -0.255250 -0.046771
vn -0.965743 -0.255250 -0.046770
vn 0.015826 -0.000742 -0.999875
vn 0.016002 -0.001196 -0.999871
vn 0.013694 0.004753 -0.999895
vn 0.013527 0.005185 -0.999895
vn 0.941923 0.332632 0.046233
vn 0.941924 0.332621 0.046286
vn 0.941924 0.332623 0.046278
vn 0.941922 0.332634 0.046226
vn -0.014324 -0.004933 0.999885
vn -0.014249 -0.005440 0.999884
vn -0.015191 0.000902 0.999884
vn -0.015263 0.001384 0.999883
vn -0.255296 0.966849 -0.005232
vn -0.255296 0.966849 -0.005183
vn -0.255296 0.966849 -0.005184
vn -0.255296 0.966849 -0.005232
vn 0.255296 -0.966849 0.005250
vn 0.255296 -0.966849 0.005241
vn 0.255296 -0.966849 0.005241
vn 0.255296 -0.966849 0.005250
vn -0.965740 -0.255249 -0.046840
vn -0.965740 -0.255249 -0.046840
vn -0.965740 -0.255249 -0.046840
vn -0.965740 -0.255249 -0.046840
vn 0.015826 -0.000742 -0.999875
vn 0.016002 -0.001196 -0.999871
vn 0.013694 0.004753 -0.999895
vn 0.013527 0.005185 -0.999895
vn 0.941923 0.332632 0.046235
vn 0.941924 0.332621 0.046288
vn 0.941924 0.332623 0.046280
vn 0.941922 0.332634 0.046228
vn -0.014324 -0.004933 0.999885
vn -0.014249 -0.005440 0.999884
vn -0.015191 0.000902 0.999884
vn -0.015263 0.001384 0.999883
vn -0.255296 0.966849 -0.005251
vn -0.255296 0.966849 -0.005183
vn -0.255296 0.966849 -0.005184
vn -0.255296 0.966849 -0.005252
vn 0.255296 -0.966849 0.005251
vn 0.255296 -0.966849 0.005260
vn 0.255296 -0.966849 0.005260
vn 0.255296 -0.966849 0.005251
vn 0.042843 0.084927 -0.995466
vn 0.042937 0.084917 -0.995462
vn 0.042926 0.084918 -0.995463
vn 0.042831 0.084928 -0.995466
vn 0.997715 0.066884 0.009529
vn 0.997641 0.067989 0.009473
vn 0.998376 0.056078 0.010072
vn 0.998444 0.054842 0.010134
vn -0.031058 -0.246659 0.968605
vn -0.031068 -0.246661 0.968604
vn -0.031067 -0.246661 0.968604
vn -0.031057 -0.246659 0.968605
vn -0.998379 -0.056252 -0.008641
vn -0.998436 -0.055273 -0.008425
vn -0.997708 -0.066766 -0.010965
vn -0.997633 -0.067847 -0.011204
vn -0.068537 0.994284 0.081870
vn -0.068498 0.994286 0.081869
vn -0.068499 0.994286 0.081869
vn -0.068538 0.994284 0.081870
vn 0.068536 -0.994284 -0.081868
vn 0.068493 -0.994287 -0.081870
vn 0.068494 -0.994287 -0.081870
vn 0.068536 -0.994284 -0.081868
vn 0.019002 -0.104227 0.994372
vn 0.019002 -0.104227 0.994372
vn 0.019002 -0.104227 0.994372
vn 0.019002 -0.104227 0.994372
vn 0.997553 -0.001204 0.069910
vn 0.997564 -0.000513 0.069751
vn 0.997498 -0.004103 0.070578
vn 0.997484 -0.004778 0.070734
vn -0.018796 0.068209 -0.997494
vn -0.018824 0.068215 -0.997493
vn -0.018820 0.068214 -0.997493
vn -0.018792 0.068209 -0.997494
vn -0.997548 0.004083 -0.069864
vn -0.997557 0.004706 -0.069698
vn -0.997502 0.001232 -0.070624
vn -0.997491 0.000622 -0.070786
vn 0.007238 -0.999901 -0.012042
vn 0.007172 -0.999902 -0.012050
vn 0.007175 -0.999902 -0.012050
vn 0.007241 -0.999901 -0.012042
vn -0.007241 0.999901 0.012048
vn -0.007241 0.999901 0.012048
vn -0.007241 0.999901 0.012048
vn -0.007241 0.999901 0.012048
vn 0.029047 -0.050979 -0.998277
vn 0.029078 -0.050986 -0.998276
vn 0.029074 -0.050985 -0.998276
vn 0.029042 -0.050978 -0.998277
vn 0.999994 -0.002352 -0.002538
vn 0.999993 -0.002832 -0.002459
vn 0.999988 0.003459 -0.003492
vn 0.999986 0.003916 -0.003567
vn -0.028703 0.131609 0.990886
vn -0.028774 0.131594 0.990886
vn -0.028764 0.131596 0.990886
vn -0.028693 0.131611 0.990886
vn -0.999990 -0.003504 0.002840
vn -0.999988 -0.004016 0.002809
vn -0.999992 0.002385 0.003193
vn -0.999991 0.002871 0.003222
vn 0.002712 0.998699 -0.050930
vn 0.002641 0.998699 -0.050928
vn 0.002642 0.998699 -0.050928
vn 0.002713 0.998699 -0.050930
vn -0.002710 -0.998699 0.050930
vn -0.002712 -0.998699 0.050930
vn -0.002712 -0.998699 0.050930
vn -0.002710 -0.998699 0.050930
vn 0.048201 -0.045665 -0.997793
vn 0.048169 -0.045659 -0.997795
vn 0.048173 -0.045660 -0.997795
vn 0.048205 -0.045666 -0.997793
vn 0.999828 -0.014836 0.011141
vn 0.999831 -0.014629 0.011104
vn 0.999792 -0.016870 0.011506
vn 0.999787 -0.017082 0.011544
vn -0.048587 0.014258 0.998717
vn -0.048652 0.014248 0.998714
vn -0.048644 0.014249 0.998715
vn -0.048579 0.014260 0.998718
vn -0.999794 0.016886 -0.011233
vn -0.999791 0.017092 -0.011215
vn -0.999825 0.014824 -0.011416
vn -0.999828 0.014614 -0.011434
vn 0.015085 0.998874 -0.044982
vn 0.015153 0.998873 -0.044983
vn 0.015152 0.998873 -0.044983
vn 0.015084 0.998874 -0.044982
vn -0.015115 -0.998874 0.044982
vn -0.015083 -0.998874 0.044984
vn -0.015084 -0.998874 0.044984
vn -0.015115 -0.998874 0.044982
vn -0.094942 0.140884 0.985463
vn -0.079372 0.067823 0.994535
vn -0.080971 0.075249 0.993872
vn -0.097361 0.152391 0.983513
vn -0.042765 0.993604 -0.104514
vn -0.042163 0.993635 -0.104456
vn -0.048916 0.993258 -0.105102
vn -0.049565 0.993219 -0.105164
vn -0.029455 -0.112023 -0.993269
vn -0.029455 -0.112022 -0.993269
vn -0.029455 -0.112022 -0.993269
vn -0.029455 -0.112023 -0.993269
vn 0.048887 -0.993347 0.104270
vn 0.049535 -0.993328 0.104141
vn 0.043637 -0.993482 0.105309
vn 0.042939 -0.993497 0.105447
vn 0.925915 0.370234 -0.074885
vn 0.925936 0.370182 -0.074882
vn 0.925936 0.370183 -0.074882
vn 0.925915 0.370235 -0.074885
vn -0.950257 0.311455 0.002696
vn -0.950238 0.311515 0.002688
vn -0.950238 0.311514 0.002688
vn -0.950258 0.311454 0.002697
vn -0.164387 0.188162 0.968283
vn -0.149544 0.115653 0.981968
vn -0.151094 0.123067 0.980829
vn -0.166661 0.199588 0.965603
vn -0.036232 0.989121 -0.142574
vn -0.035634 0.989158 -0.142470
vn -0.042331 0.988725 -0.143631
vn -0.042977 0.988681 -0.143743
vn 0.040630 -0.159947 -0.986289
vn 0.040630 -0.159945 -0.986289
vn 0.040630 -0.159946 -0.986289
vn 0.040630 -0.159948 -0.986289
vn 0.042365 -0.988844 0.142803
vn 0.043018 -0.988827 0.142725
vn 0.037043 -0.988967 0.143432
vn 0.036340 -0.988981 0.143514
vn 0.929305 0.369023 -0.014601
vn 0.929329 0.368965 -0.014594
vn 0.929328 0.368966 -0.014594
vn 0.929305 0.369024 -0.014601
vn -0.947506 0.308747 -0.083118
vn -0.947506 0.308747 -0.083118
vn -0.947506 0.308746 -0.083118
vn -0.947506 0.308747 -0.083118
vn -0.261696 0.184113 0.947427
vn -0.247612 0.111492 0.962423
vn -0.249118 0.118955 0.961140
vn -0.263805 0.195603 0.944535
vn -0.030513 0.989511 -0.141200
vn -0.029927 0.989553 -0.141029
vn -0.036475 0.989059 -0.142937
vn -0.037108 0.989009 -0.143121
vn 0.139372 -0.156756 -0.977754
vn 0.139379 -0.156706 -0.977761
vn 0.139378 -0.156713 -0.977760
vn 0.139372 -0.156761 -0.977753
vn 0.036602 -0.989173 0.142118
vn 0.037252 -0.989149 0.142114
vn 0.031225 -0.989353 0.142144
vn 0.030526 -0.989375 0.142147
vn 0.921600 0.377195 0.091528
vn 0.921603 0.377188 0.091529
vn 0.921603 0.377188 0.091529
vn 0.921600 0.377195 0.091528
vn -0.935606 0.299273 -0.187288
vn -0.935604 0.299279 -0.187289
vn -0.935604 0.299279 -0.187289
vn -0.935606 0.299273 -0.187288
vn -0.099988 0.125295 0.987068
vn -0.085111 0.047489 0.995239
vn -0.086766 0.056022 0.994652
vn -0.102385 0.138073 0.985116
vn -0.012292 0.997691 -0.066798
vn -0.011731 0.997701 -0.066753
vn -0.019043 0.997549 -0.067333
vn -0.019656 0.997534 -0.067382
vn -0.040549 -0.093322 -0.994810
vn -0.040550 -0.093327 -0.994810
vn -0.040550 -0.093326 -0.994810
vn -0.040549 -0.093321 -0.994810
vn 0.019011 -0.997603 0.066529
vn 0.019616 -0.997599 0.066421
vn 0.013227 -0.997627 0.067562
vn 0.012569 -0.997628 0.067680
vn 0.938970 0.338457 -0.061495
vn 0.938979 0.338432 -0.061495
vn 0.938979 0.338433 -0.061495
vn 0.938970 0.338457 -0.061495
vn -0.951672 0.306575 0.018237
vn -0.951672 0.306574 0.018237
vn -0.951672 0.306574 0.018237
vn -0.951672 0.306575 0.018237
vn -0.014585 0.138399 0.990269
vn -0.014589 0.138429 0.990265
vn -0.014589 0.138425 0.990265
vn -0.014584 0.138395 0.990270
vn 0.034434 0.994429 -0.099624
vn 0.035176 0.994414 -0.099513
vn 0.026939 0.994548 -0.100735
vn 0.026139 0.994558 -0.100853
vn -0.096341 -0.125816 -0.987365
vn -0.099975 -0.144153 -0.984492
vn -0.099512 -0.141809 -0.984880
vn -0.095923 -0.123719 -0.987670
vn -0.027233 -0.994639 0.099758
vn -0.026538 -0.994666 0.099677
vn -0.034450 -0.994331 0.100596
vn -0.035195 -0.994296 0.100682
vn 0.998243 0.058387 0.010134
vn 0.998243 0.058386 0.010134
vn 0.998243 0.058386 0.010134
vn 0.998243 0.058387 0.010134
vn -0.991762 0.124868 -0.028583
vn -0.991761 0.124870 -0.028583
vn -0.991761 0.124870 -0.028583
vn -0.991762 0.124868 -0.028583
vn -0.185142 0.150962 0.971047
vn -0.185147 0.150999 0.971041
vn -0.185146 0.150995 0.971041
vn -0.185142 0.150957 0.971048
vn 0.045976 0.992466 -0.113564
vn 0.046299 0.992458 -0.113503
vn 0.042611 0.992544 -0.114196
vn 0.042281 0.992551 -0.114258
vn 0.147271 -0.150686 -0.977551
vn 0.147271 -0.150685 -0.977551
vn 0.147271 -0.150685 -0.977551
vn 0.147271 -0.150686 -0.977551
vn -0.042580 -0.992598 0.113736
vn -0.042198 -0.992618 0.113704
vn -0.046013 -0.992412 0.114023
vn -0.046405 -0.992390 0.114056
vn 0.998539 -0.025879 0.047427
vn 0.998539 -0.025880 0.047427
vn 0.998539 -0.025880 0.047427
vn 0.998539 -0.025879 0.047427
vn -0.998539 0.025880 -0.047427
vn -0.998541 0.025844 -0.047422
vn -0.998541 0.025845 -0.047423
vn -0.998539 0.025880 -0.047427
vn -0.143907 0.156292 0.977171
vn -0.131031 0.078487 0.988267
vn -0.132481 0.087029 0.987357
vn -0.145946 0.169050 0.974742
vn 0.011338 0.995333 -0.095834
vn 0.011897 0.995333 -0.095763
vn 0.004618 0.995304 -0.096688
vn 0.004008 0.995299 -0.096765
vn 0.004572 -0.121916 -0.992530
vn 0.004578 -0.121882 -0.992534
vn 0.004577 -0.121888 -0.992533
vn 0.004571 -0.121919 -0.992530
vn -0.004612 -0.995382 0.095885
vn -0.004002 -0.995392 0.095806
vn -0.010439 -0.995265 0.096641
vn -0.011102 -0.995249 0.096727
vn 0.947568 0.318477 -0.026205
vn 0.947567 0.318480 -0.026205
vn 0.947567 0.318480 -0.026205
vn 0.947568 0.318477 -0.026205
vn -0.944998 0.325085 -0.036050
vn -0.944998 0.325085 -0.036050
vn -0.944998 0.325085 -0.036050
vn -0.944998 0.325085 -0.036050
vn -0.286165 0.176334 0.941815
vn -0.272610 0.099323 0.956984
vn -0.274178 0.107784 0.955620
vn -0.288230 0.188949 0.938734
vn -0.005749 0.992327 -0.123510
vn -0.005206 0.992348 -0.123360
vn -0.012274 0.992043 -0.125303
vn -0.012867 0.992015 -0.125465
vn 0.149447 -0.147226 -0.977747
vn 0.149449 -0.147218 -0.977748
vn 0.149449 -0.147219 -0.977748
vn 0.149447 -0.147227 -0.977747
vn 0.012395 -0.992141 0.124512
vn 0.013010 -0.992132 0.124520
vn 0.006522 -0.992207 0.124433
vn 0.005853 -0.992212 0.124423
vn 0.931423 0.350414 0.098290
vn 0.931435 0.350381 0.098294
vn 0.931435 0.350382 0.098294
vn 0.931423 0.350414 0.098289
vn -0.939787 0.291068 -0.179110
vn -0.939787 0.291068 -0.179110
vn -0.939787 0.291068 -0.179110
vn -0.939787 0.291068 -0.179110
vn -0.000000 -0.999741 -0.022765
vn -0.000000 -0.999741 -0.022765
vn 0.000000 -1.000000 -0.000000
vn 0.000000 -1.000000 -0.000000
vn -0.016583 -0.999862 -0.000141
vn -0.002948 -0.999996 0.000327
vn 0.002822 -0.999996 -0.000308
vn 0.003055 -0.999995 -0.000334
vn 0.002984 -0.999996 -0.000326
vn 0.000000 1.000000 -0.000000
vn 0.000000 -1.000000 -0.000000
vn 0.000000 -1.000000 -0.000000
vn 0.000000 -1.000000 -0.000000
vn 0.000000 -1.000000 -0.000000
vn 0.000000 -1.000000 -0.000000
vn 0.000000 -1.000000 -0.000000
vn 0.000000 -0.997250 0.074109
vn 0.000000 -1.000000 -0.000000
vn -0.017748 -0.999843 -0.000151
vn -0.997184 -0.030935 0.068323
vn 0.018218 -0.999834 -0.001048
vn 0.016969 -0.999856 -0.000976
vn 0.016574 -0.999862 -0.000953
vn 0.000000 -1.000000 -0.000000
vn -0.000000 -0.999741 -0.022765
vn 0.000000 -1.000000 -0.000000
vn -0.017768 -0.999842 -0.000151
vn -0.017364 -0.999849 0.000839
vn -0.999859 -0.001286 0.016764
vn -0.998890 -0.000083 -0.047112
vn 0.000702 -0.999551 0.029948
vn 0.000000 1.000000 -0.000000
vn -0.000136 -0.999719 0.023690
vn -0.016573 -0.999863 -0.000134
vn -0.000000 -0.999741 -0.022765
vn 0.000000 -1.000000 -0.000000
vn 0.000000 -1.000000 -0.000000
vn 0.000000 -1.000000 -0.000000
vn 0.000000 -1.000000 -0.000000
vn 0.000000 -1.000000 -0.000000
vn 0.000000 -1.000000 -0.000000
vn 0.000000 -1.000000 -0.000000
vn -0.017014 -0.999855 0.000827
vn -0.002957 -0.999996 0.000323
vn 0.000000 -0.997250 0.074109
vn 0.983979 0.051021 -0.170831
vn 0.002813 -0.999996 -0.000312
vn 0.003046 -0.999995 -0.000338
vn 0.002976 -0.999996 -0.000330
vn 0.991465 -0.016974 0.129261
vn 0.016580 -0.999862 -0.000948
vn 0.016976 -0.999855 -0.000970
vn 0.018226 -0.999833 -0.001042
vn -0.017026 -0.999855 0.000819
vn -0.017737 -0.999843 -0.000144
vn 0.000000 -1.000000 -0.000000
vn -0.017756 -0.999842 -0.000144
vn -0.017369 -0.999849 0.000836
vn 0.000690 -0.999550 0.029985
vn -0.000147 -0.999719 0.023712
vn 0.000310 -0.999987 0.005096
vn 0.000000 -1.000000 -0.000000
vn 0.000000 -1.000000 -0.000000
vn 0.000000 -1.000000 -0.000000
vn 0.000312 -0.999987 0.005087
vn 0.000000 -1.000000 -0.000000
vn 0.000000 -1.000000 -0.000000
vn -0.022251 0.995400 0.093191
vn -0.000358 -0.999991 -0.004203
vn 0.000000 -1.000000 -0.000000
vn -0.000354 -0.999991 -0.004213
vn 0.000144 -0.999550 -0.029985
vn 0.051419 0.994354 0.092825
vn -0.001038 -0.999718 -0.023708
vn -0.049201 0.994419 0.093331
vn -0.001048 -0.999719 -0.023691
vn 0.000000 -1.000000 -0.000000
vn 0.000132 -0.999551 -0.029951
vn 0.000000 -1.000000 -0.000000
vn 0.000000 -1.000000 -0.000000
vn 0.000000 -1.000000 -0.000000
vn 0.000906 -0.999698 0.024545
vn 0.069611 -0.997574 -0.000000
vn 0.000911 -0.999699 0.024535
vn 0.000000 -1.000000 -0.000000
vn -0.000802 -0.999551 -0.029950
vn 0.069611 -0.997574 0.000001
vn 0.000000 -1.000000 -0.000000
vn 0.000352 -0.999991 0.004184
vn 0.000356 -0.999991 0.004175
vn -0.000796 -0.999551 -0.029967
vn 0.000000 -1.000000 -0.000000
vn -0.000854 -0.999389 -0.034948
vn -0.000142 -0.999718 0.023754
vn -0.000147 -0.999718 0.023763
vn 0.000000 -1.000000 -0.000000
vn 0.000956 -0.999551 0.029951
vn -0.000165 -0.999717 0.023799
vn 0.000155 0.999717 -0.023771
vn -0.053743 -0.998555 -0.000000
vn -0.298610 0.033253 -0.953796
vn -0.038781 -0.999235 0.005098
vn -0.038777 -0.999235 0.005087
vn 0.000943 -0.999550 0.029981
vn 0.000943 -0.999550 0.029981
vn 0.053744 0.998555 0.000000
vn -0.053743 -0.998555 0.000001
vn -0.145495 0.020406 -0.989149
vn 0.000345 0.999992 0.004080
vn 0.000000 -1.000000 -0.000000
vn 0.001042 0.999717 0.023770
vn -0.001031 -0.999716 -0.023798
vn 0.000000 -1.000000 -0.000000
vn 0.000000 -1.000000 -0.000000
vn 0.000000 -1.000000 -0.000000
vn 0.000145 -0.999550 -0.029985
vn -0.944998 0.325085 -0.036050
vn -0.001051 -0.999717 -0.023764
vn 0.255296 -0.966849 0.005251
vn 0.027008 -0.999635 0.000000
vn 0.000132 -0.999551 -0.029951
vn -0.027008 0.999635 0.000000
vn 0.045238 -0.998874 0.014330
vn 0.052032 0.006217 0.998626
vn 0.000878 -0.999717 0.023772
vn -0.083048 -0.994284 -0.067099
vn -0.000312 -0.999987 -0.005087
vn -0.000310 -0.999987 -0.005096
vn 0.000000 -1.000000 -0.000000
vn 0.255296 -0.966849 0.005250
vn 0.050923 -0.998699 0.002824
vn 0.000886 -0.999717 0.023755
vn 0.107824 -0.003874 0.994162
vn -0.000874 0.999717 -0.023770
vn 0.000000 1.000000 -0.000000
vn -0.132237 0.067453 -0.988920
vn 0.000000 -1.000000 -0.000000
vn 0.000000 -1.000000 -0.000000
vn -0.000802 -0.999551 -0.029951
vn 0.000000 -1.000000 -0.000000
vn 0.000340 -0.999992 0.004044
vn 0.000344 -0.999992 0.004035
vn -0.000796 -0.999551 -0.029967
vn 0.000000 -1.000000 -0.000000
vn 0.000000 -1.000000 -0.000000
vn 0.000000 -1.000000 -0.000000
vn -0.998539 0.025880 -0.047427
vn -0.000147 -0.999717 0.023793
vn 0.000000 -1.000000 -0.000000
vn 0.000956 -0.999551 0.029951
vn -0.000158 -0.999717 0.023813
vn 0.000000 -1.000000 -0.000000
vn 0.000000 -1.000000 -0.000000
vn 0.000000 -1.000000 -0.000000
vn 0.000943 -0.999550 0.029981
vn 0.000310 -0.999987 0.005096
vn 0.000312 -0.999987 0.005087
vn 0.000000 -1.000000 -0.000000
vn 0.000000 -1.000000 -0.000000
vn 0.000000 -1.000000 -0.000000
vn -0.939787 0.291068 -0.179110
vn 0.061771 0.053212 0.996671
vn 0.000878 -0.999717 0.023773
vn 0.000000 -1.000000 -0.000000
vn 0.000144 -0.999550 -0.029985
vn 0.000887 -0.999717 0.023753
vn -0.133338 0.061773 -0.989144
vn 0.000000 -1.000000 -0.000000
vn -0.951672 0.306575 0.018237
vn -0.935606 0.299273 -0.187288
vn 0.000132 -0.999551 -0.029951
vn 0.000000 -1.000000 -0.000000
vn -0.000312 -0.999987 -0.005087
vn -0.000310 -0.999987 -0.005096
vn 0.000000 -1.000000 -0.000000
vn -0.947506 0.308747 -0.083118
vn -0.991762 0.124868 -0.028583
vn 0.146904 0.018199 0.988983
vn -0.000147 -0.999717 0.023792
vn 0.000000 -1.000000 -0.000000
vn 0.095422 0.050652 0.994147
vn 0.000793 0.999551 0.029960
vn -0.000804 -0.999551 -0.029944
vn 0.062661 0.111655 0.991770
vn -0.000165 -0.999716 0.023828
vn 0.000000 -1.000000 -0.000000
vn -0.289160 0.060161 -0.955388
vn -0.000796 -0.999551 -0.029966
vn -0.038123 0.044021 -0.998303
vn 0.000000 1.000000 -0.000000
vn 0.000287 -0.999547 0.030084
vn 0.000000 -1.000000 -0.000000
vn -0.950257 0.311455 0.002696
vn 0.000697 -0.999578 0.029042
vn 0.000000 -1.000000 -0.000000
vn 0.000956 -0.999551 0.029951
vn 0.002087 -0.999672 0.025514
vn 0.000000 -1.000000 -0.000000
vn 0.000000 -1.000000 -0.000000
vn 0.000000 -1.000000 -0.000000
vn 0.000943 -0.999550 0.029981
vn 0.000943 -0.999550 0.029981
vn 0.000310 -0.999987 0.005096
vn 0.000312 -0.999987 0.005087
vn 0.000000 -1.000000 -0.000000
vn 0.000000 -1.000000 -0.000000
vn -0.000344 -0.999992 -0.004039
vn -0.000341 -0.999992 -0.004049
vn -0.001043 -0.999716 -0.023806
vn 0.000000 -1.000000 -0.000000
vn 0.000000 -1.000000 -0.000000
vn 0.000000 -1.000000 -0.000000
vn 0.000144 -0.999550 -0.029985
vn 0.018236 -0.999833 -0.000835
vn 0.017405 -0.999849 0.000134
vn 0.000000 -1.000000 -0.000000
vn -0.001052 -0.999716 -0.023789
vn 0.000000 -1.000000 -0.000000
vn 0.000000 -1.000000 -0.000000
vn 0.018495 -0.999829 -0.000847
vn -0.018217 -0.999834 0.000991
vn -0.018782 -0.999823 0.001022
vn -0.017414 -0.999848 0.000947
vn -0.003136 -0.999995 0.000331
vn -0.003238 -0.999995 0.000342
vn -0.002955 -0.999996 0.000312
vn 0.019023 -0.999819 0.000176
vn 0.000000 -1.000000 -0.000000
vn 0.000000 -1.000000 -0.000000
vn 0.000000 -1.000000 -0.000000
vn 0.000000 -1.000000 -0.000000
vn 0.018051 -0.999837 0.000139
vn 0.003119 -0.999995 -0.000325
vn 0.003171 -0.999995 -0.000330
vn 0.000000 -1.000000 -0.000000
vn 0.000000 -1.000000 -0.000000
vn 0.000000 -1.000000 -0.000000
vn 0.000000 -1.000000 -0.000000
vn 0.000000 -1.000000 -0.000000
vn 0.000000 -1.000000 -0.000000
vn 0.018231 -0.999833 -0.000839
vn 0.000000 -1.000000 -0.000000
vn 0.000132 -0.999551 -0.029951
vn 0.017417 -0.999848 0.000142
vn 0.000000 -1.000000 -0.000000
vn 0.000000 -1.000000 -0.000000
vn 0.000000 -1.000000 -0.000000
vn 0.000000 -1.000000 -0.000000
vn 0.018489 -0.999829 -0.000851
vn 0.000000 -1.000000 -0.000000
vn -0.018209 -0.999834 0.000997
vn -0.018773 -0.999823 0.001028
vn -0.017406 -0.999848 0.000953
vn 0.000000 -1.000000 -0.000000
vn 0.000000 -1.000000 -0.000000
vn 0.000000 -1.000000 -0.000000
vn 0.000000 -1.000000 -0.000000
vn 0.000000 -1.000000 -0.000000
vn 0.019032 -0.999819 0.000184
vn -0.002710 -0.998699 0.050930
vn 0.000000 -1.000000 -0.000000
vn 0.000000 -1.000000 -0.000000
vn 0.000000 -1.000000 -0.000000
vn -0.015115 -0.998874 0.044982
vn -0.003145 -0.999995 0.000327
vn -0.003247 -0.999995 0.000338
vn -0.002963 -0.999996 0.000308
vn 0.018063 -0.999837 0.000147
vn 0.993482 -0.005698 0.113849
vn 0.000000 -1.000000 -0.000000
vn 0.000000 -1.000000 -0.000000
vn 0.068536 -0.994284 -0.081868
vn 0.000000 -1.000000 -0.000000
vn 0.003110 -0.999995 -0.000329
vn 0.003162 -0.999995 -0.000334
vn 0.000000 -1.000000 -0.000000
vn 0.000000 -1.000000 -0.000000
vn -0.007241 0.999901 0.012048
f 581/581/581 580/580/580 579/579/579
f 579/579/579 582/582/582 581/581/581
f 585/585/585 584/584/584 583/583/583
f 583/583/583 586/586/586 585/585/585
f 589/589/589 588/588/588 587/587/587
f 587/587/587 590/590/590 589/589/589
f 593/593/593 592/592/592 591/591/591
f 591/591/591 594/594/594 593/593/593
f 3595/3595/3595 596/596/596 3566/3566/3566
f 3566/3566/3566 598/598/598 3595/3595/3595
f 601/601/601 600/600/600 599/599/599
f 599/599/599 602/602/602 601/601/601
f 605/605/605 604/604/604 603/603/603
f 603/603/603 606/606/606 605/605/605
f 609/609/609 608/608/608 607/607/607
f 607/607/607 610/610/610 609/609/609
f 613/613/613 612/612/612 611/611/611
f 611/611/611 614/614/614 613/613/613
f 3572/3572/3572 616/616/616 3599/3599/3599
f 3599/3599/3599 3575/3575/3575 3572/3572/3572
f 621/621/621 620/620/620 619/619/619
f 619/619/619 622/622/622 621/621/621
f 625/625/625 624/624/624 623/623/623
f 623/623/623 626/626/626 625/625/625
f 629/629/629 628/628/628 627/627/627
f 627/627/627 630/630/630 629/629/629
f 633/633/633 632/632/632 631/631/631
f 631/631/631 634/634/634 633/633/633
f 3568/3568/3568 3608/3608/3608 635/635/635
f 635/635/635 638/638/638 3568/3568/3568
f 641/641/641 640/640/640 639/639/639
f 639/639/639 642/642/642 641/641/641
f 645/645/645 644/644/644 643/643/643
f 643/643/643 646/646/646 645/645/645
f 649/649/649 648/648/648 647/647/647
f 647/647/647 650/650/650 649/649/649
f 653/653/653 652/652/652 651/651/651
f 651/651/651 654/654/654 653/653/653
f 3584/3584/3584 656/656/656 3612/3612/3612
f 3612/3612/3612 658/658/658 3584/3584/3584
f 661/661/661 660/660/660 659/659/659
f 659/659/659 662/662/662 661/661/661
f 665/665/665 664/664/664 663/663/663
f 663/663/663 666/666/666 665/665/665
f 669/669/669 668/668/668 667/667/667
f 667/667/667 670/670/670 669/669/669
f 673/673/673 672/672/672 671/671/671
f 671/671/671 674/674/674 673/673/673
f 3605/3605/3605 3567/3567/3567 675/675/675
f 675/675/675 678/678/678 3605/3605/3605
f 681/681/681 680/680/680 679/679/679
f 679/679/679 682/682/682 681/681/681
f 685/685/685 684/684/684 683/683/683
f 683/683/683 686/686/686 685/685/685
f 689/689/689 688/688/688 687/687/687
f 687/687/687 690/690/690 689/689/689
f 693/693/693 692/692/692 691/691/691
f 691/691/691 694/694/694 693/693/693
f 3616/3616/3616 696/696/696 3580/3580/3580
f 3580/3580/3580 698/698/698 3616/3616/3616
f 701/701/701 700/700/700 699/699/699
f 699/699/699 702/702/702 701/701/701
f 705/705/705 704/704/704 703/703/703
f 703/703/703 706/706/706 705/705/705
f 709/709/709 708/708/708 707/707/707
f 707/707/707 710/710/710 709/709/709
f 713/713/713 712/712/712 711/711/711
f 711/711/711 714/714/714 713/713/713
f 3574/3574/3574 716/716/716 3603/3603/3603
f 3603/3603/3603 3577/3577/3577 3574/3574/3574
f 721/721/721 720/720/720 719/719/719
f 719/719/719 722/722/722 721/721/721
f 725/725/725 724/724/724 723/723/723
f 723/723/723 726/726/726 725/725/725
f 729/729/729 728/728/728 727/727/727
f 727/727/727 730/730/730 729/729/729
f 733/733/733 732/732/732 731/731/731
f 731/731/731 734/734/734 733/733/733
f 3570/3570/3570 3610/3610/3610 735/735/735
f 735/735/735 738/738/738 3570/3570/3570
f 741/741/741 740/740/740 739/739/739
f 739/739/739 742/742/742 741/741/741
f 745/745/745 744/744/744 743/743/743
f 743/743/743 746/746/746 745/745/745
f 749/749/749 748/748/748 747/747/747
f 747/747/747 750/750/750 749/749/749
f 753/753/753 752/752/752 751/751/751
f 751/751/751 754/754/754 753/753/753
f 3583/3583/3583 756/756/756 3613/3613/3613
f 3613/3613/3613 758/758/758 3583/3583/3583
f 761/761/761 760/760/760 759/759/759
f 759/759/759 762/762/762 761/761/761
f 765/765/765 764/764/764 763/763/763
f 763/763/763 766/766/766 765/765/765
f 769/769/769 768/768/768 767/767/767
f 767/767/767 770/770/770 769/769/769
f 773/773/773 772/772/772 771/771/771
f 771/771/771 774/774/774 773/773/773
f 3596/3596/3596 776/776/776 3563/3563/3563
f 3563/3563/3563 3586/3586/3586 3596/3596/3596
f 781/781/781 780/780/780 779/779/779
f 779/779/779 782/782/782 781/781/781
f 785/785/785 784/784/784 783/783/783
f 783/783/783 786/786/786 785/785/785
f 789/789/789 788/788/788 787/787/787
f 787/787/787 790/790/790 789/789/789
f 793/793/793 792/792/792 791/791/791
f 791/791/791 794/794/794 793/793/793
f 3619/3619/3619 796/796/796 3589/3589/3589
f 3589/3589/3589 798/798/798 3619/3619/3619
f 801/801/801 800/800/800 799/799/799
f 799/799/799 802/802/802 801/801/801
f 805/805/805 804/804/804 803/803/803
f 803/803/803 806/806/806 805/805/805
f 809/809/809 808/808/808 807/807/807
f 807/807/807 810/810/810 809/809/809
f 813/813/813 812/812/812 811/811/811
f 811/811/811 814/814/814 813/813/813
f 3578/3578/3578 816/816/816 3606/3606/3606
f 3606/3606/3606 818/818/818 3578/3578/3578
f 821/821/821 820/820/820 819/819/819
f 819/819/819 822/822/822 821/821/821
f 825/825/825 824/824/824 823/823/823
f 823/823/823 826/826/826 825/825/825
f 829/829/829 828/828/828 827/827/827
f 827/827/827 830/830/830 829/829/829
f 3611/3611/3611 832/832/832 831/831/831
f 831/831/831 834/834/834 3611/3611/3611
f 837/837/837 836/836/836 835/835/835
f 835/835/835 838/838/838 837/837/837
f 841/841/841 840/840/840 839/839/839
f 844/844/844 843/843/843 842/842/842
f 842/842/842 845/845/845 844/844/844
f 848/848/848 847/847/847 846/846/846
f 846/846/846 849/849/849 848/848/848
f 852/852/852 851/851/851 850/850/850
f 850/850/850 853/853/853 852/852/852
f 856/856/856 855/855/855 854/854/854
f 854/854/854 857/857/857 856/856/856
f 3618/3618/3618 859/859/859 3588/3588/3588
f 3588/3588/3588 861/861/861 3618/3618/3618
f 864/864/864 863/863/863 862/862/862
f 862/862/862 865/865/865 864/864/864
f 868/868/868 867/867/867 866/866/866
f 866/866/866 869/869/869 868/868/868
f 872/872/872 871/871/871 870/870/870
f 870/870/870 873/873/873 872/872/872
f 876/876/876 875/875/875 874/874/874
f 874/874/874 877/877/877 876/876/876
f 3573/3573/3573 879/879/879 3601/3601/3601
f 3601/3601/3601 3576/3576/3576 3573/3573/3573
f 884/884/884 883/883/883 882/882/882
f 882/882/882 885/885/885 884/884/884
f 888/888/888 887/887/887 886/886/886
f 886/886/886 889/889/889 888/888/888
f 892/892/892 891/891/891 890/890/890
f 890/890/890 893/893/893 892/892/892
f 896/896/896 895/895/895 894/894/894
f 894/894/894 897/897/897 896/896/896
f 3569/3569/3569 3609/3609/3609 898/898/898
f 898/898/898 901/901/901 3569/3569/3569
f 904/904/904 903/903/903 902/902/902
f 902/902/902 905/905/905 904/904/904
f 908/908/908 907/907/907 906/906/906
f 906/906/906 909/909/909 908/908/908
f 912/912/912 911/911/911 910/910/910
f 910/910/910 913/913/913 912/912/912
f 916/916/916 915/915/915 914/914/914
f 914/914/914 917/917/917 916/916/916
f 3582/3582/3582 919/919/919 3614/3614/3614
f 3614/3614/3614 921/921/921 3582/3582/3582
f 924/924/924 923/923/923 922/922/922
f 922/922/922 925/925/925 924/924/924
f 928/928/928 927/927/927 926/926/926
f 926/926/926 929/929/929 928/928/928
f 932/932/932 931/931/931 930/930/930
f 930/930/930 933/933/933 932/932/932
f 936/936/936 935/935/935 934/934/934
f 934/934/934 937/937/937 936/936/936
f 3597/3597/3597 939/939/939 3565/3565/3565
f 3565/3565/3565 3587/3587/3587 3597/3597/3597
f 944/944/944 943/943/943 942/942/942
f 942/942/942 945/945/945 944/944/944
f 948/948/948 947/947/947 946/946/946
f 946/946/946 949/949/949 948/948/948
f 952/952/952 951/951/951 950/950/950
f 950/950/950 953/953/953 952/952/952
f 956/956/956 955/955/955 954/954/954
f 954/954/954 957/957/957 956/956/956
f 3594/3594/3594 959/959/959 3621/3621/3621
f 3621/3621/3621 961/961/961 3594/3594/3594
f 964/964/964 963/963/963 962/962/962
f 962/962/962 965/965/965 964/964/964
f 968/968/968 967/967/967 966/966/966
f 966/966/966 969/969/969 968/968/968
f 972/972/972 971/971/971 970/970/970
f 970/970/970 973/973/973 972/972/972
f 976/976/976 975/975/975 974/974/974
f 974/974/974 977/977/977 976/976/976
f 3627/3627/3627 979/979/979 3625/3625/3625
f 3625/3625/3625 3623/3623/3623 3627/3627/3627
f 984/984/984 983/983/983 982/982/982
f 982/982/982 985/985/985 984/984/984
f 988/988/988 987/987/987 986/986/986
f 986/986/986 989/989/989 988/988/988
f 992/992/992 991/991/991 990/990/990
f 990/990/990 993/993/993 992/992/992
f 996/996/996 995/995/995 994/994/994
f 994/994/994 997/997/997 996/996/996
f 3632/3632/3632 3630/3630/3630 998/998/998
f 998/998/998 1001/1001/1001 3632/3632/3632
f 1004/1004/1004 1003/1003/1003 1002/1002/1002
f 1002/1002/1002 1005/1005/1005 1004/1004/1004
f 1008/1008/1008 1007/1007/1007 1006/1006/1006
f 1006/1006/1006 1009/1009/1009 1008/1008/1008
f 1012/1012/1012 1011/1011/1011 1010/1010/1010
f 1010/1010/1010 1013/1013/1013 1012/1012/1012
f 1016/1016/1016 1015/1015/1015 1014/1014/1014
f 1014/1014/1014 1017/1017/1017 1016/1016/1016
f 3637/3637/3637 1019/1019/1019 3635/3635/3635
f 3635/3635/3635 1021/1021/1021 3637/3637/3637
f 1024/1024/1024 1023/1023/1023 1022/1022/1022
f 1022/1022/1022 1025/1025/1025 1024/1024/1024
f 1028/1028/1028 1027/1027/1027 1026/1026/1026
f 1026/1026/1026 1029/1029/1029 1028/1028/1028
f 1032/1032/1032 1031/1031/1031 1030/1030/1030
f 1030/1030/1030 1033/1033/1033 1032/1032/1032
f 1036/1036/1036 1035/1035/1035 1034/1034/1034
f 1034/1034/1034 1037/1037/1037 1036/1036/1036
f 3638/3638/3638 1039/1039/1039 3641/3641/3641
f 3641/3641/3641 3642/3642/3642 3638/3638/3638
f 1044/1044/1044 1043/1043/1043 1042/1042/1042
f 1042/1042/1042 1045/1045/1045 1044/1044/1044
f 1048/1048/1048 1047/1047/1047 1046/1046/1046
f 1046/1046/1046 1049/1049/1049 1048/1048/1048
f 1052/1052/1052 1051/1051/1051 1050/1050/1050
f 1050/1050/1050 1053/1053/1053 1052/1052/1052
f 1056/1056/1056 1055/1055/1055 1054/1054/1054
f 1054/1054/1054 1057/1057/1057 1056/1056/1056
f 3643/3643/3643 1059/1059/1059 3645/3645/3645
f 3645/3645/3645 1061/1061/1061 3643/3643/3643
f 1064/1064/1064 1063/1063/1063 1062/1062/1062
f 1062/1062/1062 1065/1065/1065 1064/1064/1064
f 1068/1068/1068 1067/1067/1067 1066/1066/1066
f 1066/1066/1066 1069/1069/1069 1068/1068/1068
f 1072/1072/1072 1071/1071/1071 1070/1070/1070
f 1070/1070/1070 1073/1073/1073 1072/1072/1072
f 1076/1076/1076 1075/1075/1075 1074/1074/1074
f 1074/1074/1074 1077/1077/1077 1076/1076/1076
f 3649/3649/3649 1079/1079/1079 3646/3646/3646
f 3646/3646/3646 1081/1081/1081 3649/3649/3649
f 1084/1084/1084 1083/1083/1083 1082/1082/1082
f 1082/1082/1082 1085/1085/1085 1084/1084/1084
f 1088/1088/1088 1087/1087/1087 1086/1086/1086
f 1086/1086/1086 1089/1089/1089 1088/1088/1088
f 1092/1092/1092 1091/1091/1091 1090/1090/1090
f 1090/1090/1090 1093/1093/1093 1092/1092/1092
f 1096/1096/1096 1095/1095/1095 1094/1094/1094
f 1094/1094/1094 1097/1097/1097 1096/1096/1096
f 3650/3650/3650 3651/3651/3651 1098/1098/1098
f 1098/1098/1098 1101/1101/1101 3650/3650/3650
f 1104/1104/1104 1103/1103/1103 1102/1102/1102
f 1102/1102/1102 1105/1105/1105 1104/1104/1104
f 1108/1108/1108 1107/1107/1107 1106/1106/1106
f 1106/1106/1106 1109/1109/1109 1108/1108/1108
f 1112/1112/1112 1111/1111/1111 1110/1110/1110
f 1110/1110/1110 1113/1113/1113 1112/1112/1112
f 1116/1116/1116 1115/1115/1115 1114/1114/1114
f 1114/1114/1114 1117/1117/1117 1116/1116/1116
f 3702/3702/3702 3703/3703/3703 1118/1118/1118
f 1118/1118/1118 1121/1121/1121 3702/3702/3702
f 1124/1124/1124 1123/1123/1123 1122/1122/1122
f 1122/1122/1122 1125/1125/1125 1124/1124/1124
f 1128/1128/1128 1127/1127/1127 1126/1126/1126
f 1126/1126/1126 1129/1129/1129 1128/1128/1128
f 1132/1132/1132 1131/1131/1131 1130/1130/1130
f 1130/1130/1130 1133/1133/1133 1132/1132/1132
f 1136/1136/1136 1135/1135/1135 1134/1134/1134
f 1134/1134/1134 1137/1137/1137 1136/1136/1136
f 3755/3755/3755 3752/3752/3752 3758/3758/3758
f 3758/3758/3758 1141/1141/1141 3755/3755/3755
f 1144/1144/1144 1143/1143/1143 1142/1142/1142
f 1142/1142/1142 1145/1145/1145 1144/1144/1144
f 1148/1148/1148 1147/1147/1147 1146/1146/1146
f 1146/1146/1146 1149/1149/1149 1148/1148/1148
f 1152/1152/1152 1151/1151/1151 1150/1150/1150
f 1150/1150/1150 1153/1153/1153 1152/1152/1152
f 1156/1156/1156 1155/1155/1155 1154/1154/1154
f 1154/1154/1154 1157/1157/1157 1156/1156/1156
f 3766/3766/3766 1159/1159/1159 3761/3761/3761
f 3761/3761/3761 3759/3759/3759 3766/3766/3766
f 1164/1164/1164 1163/1163/1163 1162/1162/1162
f 1162/1162/1162 1165/1165/1165 1164/1164/1164
f 1168/1168/1168 1167/1167/1167 1166/1166/1166
f 1166/1166/1166 1169/1169/1169 1168/1168/1168
f 1172/1172/1172 1171/1171/1171 1170/1170/1170
f 1170/1170/1170 1173/1173/1173 1172/1172/1172
f 1176/1176/1176 1175/1175/1175 1174/1174/1174
f 1174/1174/1174 1177/1177/1177 1176/1176/1176
f 3769/3769/3769 3768/3768/3768 1178/1178/1178
f 1178/1178/1178 1181/1181/1181 3769/3769/3769
f 1184/1184/1184 1183/1183/1183 1182/1182/1182
f 1182/1182/1182 1185/1185/1185 1184/1184/1184
f 1188/1188/1188 1187/1187/1187 1186/1186/1186
f 1186/1186/1186 1189/1189/1189 1188/1188/1188
f 1192/1192/1192 1191/1191/1191 1190/1190/1190
f 1190/1190/1190 1193/1193/1193 1192/1192/1192
f 1196/1196/1196 1195/1195/1195 1194/1194/1194
f 1194/1194/1194 1197/1197/1197 1196/1196/1196
f 3778/3778/3778 1199/1199/1199 3770/3770/3770
f 3770/3770/3770 1201/1201/1201 3778/3778/3778
f 1204/1204/1204 1203/1203/1203 1202/1202/1202
f 1202/1202/1202 1205/1205/1205 1204/1204/1204
f 1208/1208/1208 1207/1207/1207 1206/1206/1206
f 1206/1206/1206 1209/1209/1209 1208/1208/1208
f 1212/1212/1212 1211/1211/1211 1210/1210/1210
f 1210/1210/1210 1213/1213/1213 1212/1212/1212
f 1216/1216/1216 1215/1215/1215 1214/1214/1214
f 1214/1214/1214 1217/1217/1217 1216/1216/1216
f 3780/3780/3780 1219/1219/1219 3832/3832/3832
f 3832/3832/3832 3834/3834/3834 3780/3780/3780
f 1224/1224/1224 1223/1223/1223 1222/1222/1222
f 1222/1222/1222 1225/1225/1225 1224/1224/1224
f 1228/1228/1228 1227/1227/1227 1226/1226/1226
f 1226/1226/1226 1229/1229/1229 1228/1228/1228
f 1232/1232/1232 1231/1231/1231 1230/1230/1230
f 1230/1230/1230 1233/1233/1233 1232/1232/1232
f 1236/1236/1236 1235/1235/1235 1234/1234/1234
f 1234/1234/1234 1237/1237/1237 1236/1236/1236
f 3788/3788/3788 1239/1239/1239 3820/3820/3820
f 3820/3820/3820 1241/1241/1241 3788/3788/3788
f 1244/1244/1244 1243/1243/1243 1242/1242/1242
f 1242/1242/1242 1245/1245/1245 1244/1244/1244
f 1248/1248/1248 1247/1247/1247 1246/1246/1246
f 1246/1246/1246 1249/1249/1249 1248/1248/1248
f 1252/1252/1252 1251/1251/1251 1250/1250/1250
f 1250/1250/1250 1253/1253/1253 1252/1252/1252
f 1256/1256/1256 1255/1255/1255 1254/1254/1254
f 1254/1254/1254 1257/1257/1257 1256/1256/1256
f 3822/3822/3822 1259/1259/1259 3797/3797/3797
f 3797/3797/3797 3817/3817/3817 3822/3822/3822
f 1264/1264/1264 1263/1263/1263 1262/1262/1262
f 1262/1262/1262 1265/1265/1265 1264/1264/1264
f 1268/1268/1268 1267/1267/1267 1266/1266/1266
f 1266/1266/1266 1269/1269/1269 1268/1268/1268
f 1272/1272/1272 1271/1271/1271 1270/1270/1270
f 1270/1270/1270 1273/1273/1273 1272/1272/1272
f 3830/3830/3830 1275/1275/1275 1274/1274/1274
f 1274/1274/1274 1277/1277/1277 3830/3830/3830
f 3827/3827/3827 3786/3786/3786 1278/1278/1278
f 1278/1278/1278 1281/1281/1281 3827/3827/3827
f 1284/1284/1284 1283/1283/1283 1282/1282/1282
f 1282/1282/1282 1285/1285/1285 1284/1284/1284
f 1288/1288/1288 1287/1287/1287 1286/1286/1286
f 1286/1286/1286 1289/1289/1289 1288/1288/1288
f 1292/1292/1292 1291/1291/1291 1290/1290/1290
f 1290/1290/1290 1293/1293/1293 1292/1292/1292
f 1296/1296/1296 1295/1295/1295 1294/1294/1294
f 1294/1294/1294 1297/1297/1297 1296/1296/1296
f 1300/1300/1300 1299/1299/1299 1298/1298/1298
f 1298/1298/1298 1301/1301/1301 1300/1300/1300
f 3813/3813/3813 1303/1303/1303 3783/3783/3783
f 3783/3783/3783 1305/1305/1305 3813/3813/3813
f 1308/1308/1308 1307/1307/1307 1306/1306/1306
f 1306/1306/1306 1309/1309/1309 1308/1308/1308
f 1312/1312/1312 1311/1311/1311 1310/1310/1310
f 1310/1310/1310 1313/1313/1313 1312/1312/1312
f 1316/1316/1316 1315/1315/1315 1314/1314/1314
f 1314/1314/1314 1317/1317/1317 1316/1316/1316
f 1320/1320/1320 1319/1319/1319 1318/1318/1318
f 1318/1318/1318 1321/1321/1321 1320/1320/1320
f 3779/3779/3779 1323/1323/1323 3809/3809/3809
f 3809/3809/3809 3790/3790/3790 3779/3779/3779
f 1328/1328/1328 1327/1327/1327 1326/1326/1326
f 1326/1326/1326 1329/1329/1329 1328/1328/1328
f 1332/1332/1332 1331/1331/1331 1330/1330/1330
f 1330/1330/1330 1333/1333/1333 1332/1332/1332
f 1336/1336/1336 1335/1335/1335 1334/1334/1334
f 1334/1334/1334 1337/1337/1337 1336/1336/1336
f 1340/1340/1340 1339/1339/1339 1338/1338/1338
f 1338/1338/1338 1341/1341/1341 1340/1340/1340
f 3781/3781/3781 1343/1343/1343 3810/3810/3810
f 3810/3810/3810 1345/1345/1345 3781/3781/3781
f 1348/1348/1348 1347/1347/1347 1346/1346/1346
f 1346/1346/1346 1349/1349/1349 1348/1348/1348
f 1352/1352/1352 1351/1351/1351 1350/1350/1350
f 1350/1350/1350 1353/1353/1353 1352/1352/1352
f 1356/1356/1356 1355/1355/1355 1354/1354/1354
f 1354/1354/1354 1357/1357/1357 1356/1356/1356
f 1360/1360/1360 1359/1359/1359 1358/1358/1358
f 1358/1358/1358 1361/1361/1361 1360/1360/1360
f 3816/3816/3816 1363/1363/1363 3792/3792/3792
f 3792/3792/3792 1365/1365/1365 3816/3816/3816
f 1368/1368/1368 1367/1367/1367 1366/1366/1366
f 1366/1366/1366 1369/1369/1369 1368/1368/1368
f 1372/1372/1372 1371/1371/1371 1370/1370/1370
f 1370/1370/1370 1373/1373/1373 1372/1372/1372
f 1376/1376/1376 1375/1375/1375 1374/1374/1374
f 1374/1374/1374 1377/1377/1377 1376/1376/1376
f 1380/1380/1380 1379/1379/1379 1378/1378/1378
f 1378/1378/1378 1381/1381/1381 1380/1380/1380
f 3795/3795/3795 3836/3836/3836 1382/1382/1382
f 1382/1382/1382 1385/1385/1385 3795/3795/3795
f 1388/1388/1388 1387/1387/1387 1386/1386/1386
f 1386/1386/1386 1389/1389/1389 1388/1388/1388
f 1392/1392/1392 1391/1391/1391 1390/1390/1390
f 1390/1390/1390 1393/1393/1393 1392/1392/1392
f 1396/1396/1396 1395/1395/1395 1394/1394/1394
f 1394/1394/1394 1397/1397/1397 1396/1396/1396
f 1400/1400/1400 1399/1399/1399 1398/1398/1398
f 1398/1398/1398 1401/1401/1401 1400/1400/1400
f 3793/3793/3793 1403/1403/1403 3829/3829/3829
f 3829/3829/3829 1405/1405/1405 3793/3793/3793
f 1408/1408/1408 1407/1407/1407 1406/1406/1406
f 1406/1406/1406 1409/1409/1409 1408/1408/1408
f 1412/1412/1412 1411/1411/1411 1410/1410/1410
f 1410/1410/1410 1413/1413/1413 1412/1412/1412
f 1416/1416/1416 1415/1415/1415 1414/1414/1414
f 1414/1414/1414 1417/1417/1417 1416/1416/1416
f 1420/1420/1420 1419/1419/1419 1418/1418/1418
f 1418/1418/1418 1421/1421/1421 1420/1420/1420
f 3824/3824/3824 1423/1423/1423 3801/3801/3801
f 3801/3801/3801 3819/3819/3819 3824/3824/3824
f 1428/1428/1428 1427/1427/1427 1426/1426/1426
f 1426/1426/1426 1429/1429/1429 1428/1428/1428
f 1432/1432/1432 1431/1431/1431 1430/1430/1430
f 1430/1430/1430 1433/1433/1433 1432/1432/1432
f 1436/1436/1436 1435/1435/1435 1434/1434/1434
f 1434/1434/1434 1437/1437/1437 1436/1436/1436
f 1440/1440/1440 1439/1439/1439 1438/1438/1438
f 1438/1438/1438 1441/1441/1441 1440/1440/1440
f 3826/3826/3826 3785/3785/3785 1442/1442/1442
f 1442/1442/1442 1445/1445/1445 3826/3826/3826
f 1448/1448/1448 1447/1447/1447 1446/1446/1446
f 1446/1446/1446 1449/1449/1449 1448/1448/1448
f 1452/1452/1452 1451/1451/1451 1450/1450/1450
f 1450/1450/1450 1453/1453/1453 1452/1452/1452
f 1456/1456/1456 1455/1455/1455 1454/1454/1454
f 1454/1454/1454 1457/1457/1457 1456/1456/1456
f 1460/1460/1460 1459/1459/1459 1458/1458/1458
f 1458/1458/1458 1461/1461/1461 1460/1460/1460
f 3812/3812/3812 1463/1463/1463 3782/3782/3782
f 3782/3782/3782 1465/1465/1465 3812/3812/3812
f 1468/1468/1468 1467/1467/1467 1466/1466/1466
f 1466/1466/1466 1469/1469/1469 1468/1468/1468
f 1472/1472/1472 1471/1471/1471 1470/1470/1470
f 1470/1470/1470 1473/1473/1473 1472/1472/1472
f 1476/1476/1476 1475/1475/1475 1474/1474/1474
f 1474/1474/1474 1477/1477/1477 1476/1476/1476
f 1480/1480/1480 1479/1479/1479 1478/1478/1478
f 1478/1478/1478 1481/1481/1481 1480/1480/1480
f 3777/3777/3777 1483/1483/1483 3807/3807/3807
f 3807/3807/3807 3789/3789/3789 3777/3777/3777
f 1488/1488/1488 1487/1487/1487 1486/1486/1486
f 1486/1486/1486 1489/1489/1489 1488/1488/1488
f 1492/1492/1492 1491/1491/1491 1490/1490/1490
f 1490/1490/1490 1493/1493/1493 1492/1492/1492
f 1496/1496/1496 1495/1495/1495 1494/1494/1494
f 1494/1494/1494 1497/1497/1497 1496/1496/1496
f 1500/1500/1500 1499/1499/1499 1498/1498/1498
f 1498/1498/1498 1501/1501/1501 1500/1500/1500
f 3775/3775/3775 1503/1503/1503 3802/3802/3802
f 3802/3802/3802 1505/1505/1505 3775/3775/3775
f 1508/1508/1508 1507/1507/1507 1506/1506/1506
f 1506/1506/1506 1509/1509/1509 1508/1508/1508
f 1512/1512/1512 1511/1511/1511 1510/1510/1510
f 1510/1510/1510 1513/1513/1513 1512/1512/1512
f 1516/1516/1516 1515/1515/1515 1514/1514/1514
f 1514/1514/1514 1517/1517/1517 1516/1516/1516
f 1520/1520/1520 1519/1519/1519 1518/1518/1518
f 1518/1518/1518 1521/1521/1521 1520/1520/1520
f 3815/3815/3815 1523/1523/1523 3791/3791/3791
f 3791/3791/3791 1525/1525/1525 3815/3815/3815
f 1528/1528/1528 1527/1527/1527 1526/1526/1526
f 1526/1526/1526 1529/1529/1529 1528/1528/1528
f 1532/1532/1532 1531/1531/1531 1530/1530/1530
f 1530/1530/1530 1533/1533/1533 1532/1532/1532
f 1536/1536/1536 1535/1535/1535 1534/1534/1534
f 1534/1534/1534 1537/1537/1537 1536/1536/1536
f 1540/1540/1540 1539/1539/1539 1538/1538/1538
f 1538/1538/1538 1541/1541/1541 1540/1540/1540
f 3794/3794/3794 3835/3835/3835 1542/1542/1542
f 1542/1542/1542 1545/1545/1545 3794/3794/3794
f 1548/1548/1548 1547/1547/1547 1546/1546/1546
f 1546/1546/1546 1549/1549/1549 1548/1548/1548
f 1552/1552/1552 1551/1551/1551 1550/1550/1550
f 1550/1550/1550 1553/1553/1553 1552/1552/1552
f 1556/1556/1556 1555/1555/1555 1554/1554/1554
f 1554/1554/1554 1557/1557/1557 1556/1556/1556
f 1560/1560/1560 1559/1559/1559 1558/1558/1558
f 1558/1558/1558 1561/1561/1561 1560/1560/1560
f 3776/3776/3776 1563/1563/1563 3805/3805/3805
f 3805/3805/3805 1565/1565/1565 3776/3776/3776
f 1568/1568/1568 1567/1567/1567 1566/1566/1566
f 1566/1566/1566 1569/1569/1569 1568/1568/1568
f 1572/1572/1572 1571/1571/1571 1570/1570/1570
f 1570/1570/1570 1573/1573/1573 1572/1572/1572
f 1576/1576/1576 1575/1575/1575 1574/1574/1574
f 1574/1574/1574 1577/1577/1577 1576/1576/1576
f 1580/1580/1580 1579/1579/1579 1578/1578/1578
f 1578/1578/1578 1581/1581/1581 1580/1580/1580
f 3823/3823/3823 1583/1583/1583 3799/3799/3799
f 3799/3799/3799 3818/3818/3818 3823/3823/3823
f 1588/1588/1588 1587/1587/1587 1586/1586/1586
f 1586/1586/1586 1589/1589/1589 1588/1588/1588
f 1592/1592/1592 1591/1591/1591 1590/1590/1590
f 1590/1590/1590 1593/1593/1593 1592/1592/1592
f 1596/1596/1596 1595/1595/1595 1594/1594/1594
f 1594/1594/1594 1597/1597/1597 1596/1596/1596
f 1600/1600/1600 1599/1599/1599 1598/1598/1598
f 1598/1598/1598 1601/1601/1601 1600/1600/1600
f 3828/3828/3828 3787/3787/3787 1602/1602/1602
f 1602/1602/1602 1605/1605/1605 3828/3828/3828
f 1608/1608/1608 1607/1607/1607 1606/1606/1606
f 1606/1606/1606 1609/1609/1609 1608/1608/1608
f 1612/1612/1612 1611/1611/1611 1610/1610/1610
f 1610/1610/1610 1613/1613/1613 1612/1612/1612
f 1616/1616/1616 1615/1615/1615 1614/1614/1614
f 1614/1614/1614 1617/1617/1617 1616/1616/1616
f 1620/1620/1620 1619/1619/1619 1618/1618/1618
f 1618/1618/1618 1621/1621/1621 1620/1620/1620
f 3814/3814/3814 1623/1623/1623 3784/3784/3784
f 3784/3784/3784 1625/1625/1625 3814/3814/3814
f 1628/1628/1628 1627/1627/1627 1626/1626/1626
f 1626/1626/1626 1629/1629/1629 1628/1628/1628
f 1632/1632/1632 1631/1631/1631 1630/1630/1630
f 1630/1630/1630 1633/1633/1633 1632/1632/1632
f 1636/1636/1636 1635/1635/1635 1634/1634/1634
f 1634/1634/1634 1637/1637/1637 1636/1636/1636
f 1640/1640/1640 1639/1639/1639 1638/1638/1638
f 1638/1638/1638 1641/1641/1641 1640/1640/1640
f 3803/3803/3803 1643/1643/1643 3838/3838/3838
f 3838/3838/3838 3811/3811/3811 3803/3803/3803
f 1648/1648/1648 1647/1647/1647 1646/1646/1646
f 1646/1646/1646 1649/1649/1649 1648/1648/1648
f 1652/1652/1652 1651/1651/1651 1650/1650/1650
f 1650/1650/1650 1653/1653/1653 1652/1652/1652
f 1656/1656/1656 1655/1655/1655 1654/1654/1654
f 1654/1654/1654 1657/1657/1657 1656/1656/1656
f 1660/1660/1660 1659/1659/1659 1658/1658/1658
f 1658/1658/1658 1661/1661/1661 1660/1660/1660
f 3804/3804/3804 1663/1663/1663 3774/3774/3774
f 3774/3774/3774 1665/1665/1665 3804/3804/3804
f 1668/1668/1668 1667/1667/1667 1666/1666/1666
f 1666/1666/1666 1669/1669/1669 1668/1668/1668
f 1672/1672/1672 1671/1671/1671 1670/1670/1670
f 1670/1670/1670 1673/1673/1673 1672/1672/1672
f 1676/1676/1676 1675/1675/1675 1674/1674/1674
f 1674/1674/1674 1677/1677/1677 1676/1676/1676
f 1680/1680/1680 1679/1679/1679 1678/1678/1678
f 1678/1678/1678 1681/1681/1681 1680/1680/1680
f 3767/3767/3767 1683/1683/1683 3772/3772/3772
f 3772/3772/3772 3773/3773/3773 3767/3767/3767
f 1688/1688/1688 1687/1687/1687 1686/1686/1686
f 1686/1686/1686 1689/1689/1689 1688/1688/1688
f 1692/1692/1692 1691/1691/1691 1690/1690/1690
f 1690/1690/1690 1693/1693/1693 1692/1692/1692
f 1696/1696/1696 1695/1695/1695 1694/1694/1694
f 1694/1694/1694 1697/1697/1697 1696/1696/1696
f 1700/1700/1700 1699/1699/1699 1698/1698/1698
f 1698/1698/1698 1701/1701/1701 1700/1700/1700
f 3764/3764/3764 3765/3765/3765 1702/1702/1702
f 1702/1702/1702 1705/1705/1705 3764/3764/3764
f 1708/1708/1708 1707/1707/1707 1706/1706/1706
f 1706/1706/1706 1709/1709/1709 1708/1708/1708
f 1712/1712/1712 1711/1711/1711 1710/1710/1710
f 1710/1710/1710 1713/1713/1713 1712/1712/1712
f 1716/1716/1716 1715/1715/1715 1714/1714/1714
f 1714/1714/1714 1717/1717/1717 1716/1716/1716
f 1720/1720/1720 1719/1719/1719 1718/1718/1718
f 1718/1718/1718 1721/1721/1721 1720/1720/1720
f 3757/3757/3757 1723/1723/1723 3763/3763/3763
f 3763/3763/3763 1725/1725/1725 3757/3757/3757
f 1728/1728/1728 1727/1727/1727 1726/1726/1726
f 1726/1726/1726 1729/1729/1729 1728/1728/1728
f 1732/1732/1732 1731/1731/1731 1730/1730/1730
f 1730/1730/1730 1733/1733/1733 1732/1732/1732
f 1736/1736/1736 1735/1735/1735 1734/1734/1734
f 1734/1734/1734 1737/1737/1737 1736/1736/1736
f 1740/1740/1740 1739/1739/1739 1738/1738/1738
f 1738/1738/1738 1741/1741/1741 1740/1740/1740
f 3735/3735/3735 3734/3734/3734 1742/1742/1742
f 1742/1742/1742 1745/1745/1745 3735/3735/3735
f 1748/1748/1748 1747/1747/1747 1746/1746/1746
f 1746/1746/1746 1749/1749/1749 1748/1748/1748
f 1752/1752/1752 1751/1751/1751 1750/1750/1750
f 1750/1750/1750 1753/1753/1753 1752/1752/1752
f 1756/1756/1756 1755/1755/1755 1754/1754/1754
f 1754/1754/1754 1757/1757/1757 1756/1756/1756
f 1760/1760/1760 1759/1759/1759 1758/1758/1758
f 1758/1758/1758 1761/1761/1761 1760/1760/1760
f 3732/3732/3732 1763/1763/1763 3726/3726/3726
f 3726/3726/3726 1765/1765/1765 3732/3732/3732
f 1768/1768/1768 1767/1767/1767 1766/1766/1766
f 1766/1766/1766 1769/1769/1769 1768/1768/1768
f 1772/1772/1772 1771/1771/1771 1770/1770/1770
f 1770/1770/1770 1773/1773/1773 1772/1772/1772
f 1776/1776/1776 1775/1775/1775 1774/1774/1774
f 1774/1774/1774 1777/1777/1777 1776/1776/1776
f 1780/1780/1780 1779/1779/1779 1778/1778/1778
f 1778/1778/1778 1781/1781/1781 1780/1780/1780
f 3721/3721/3721 1783/1783/1783 3725/3725/3725
f 3725/3725/3725 1785/1785/1785 3721/3721/3721
f 1788/1788/1788 1787/1787/1787 1786/1786/1786
f 1786/1786/1786 1789/1789/1789 1788/1788/1788
f 1792/1792/1792 1791/1791/1791 1790/1790/1790
f 1790/1790/1790 1793/1793/1793 1792/1792/1792
f 1796/1796/1796 1795/1795/1795 1794/1794/1794
f 1794/1794/1794 1797/1797/1797 1796/1796/1796
f 1800/1800/1800 1799/1799/1799 1798/1798/1798
f 1798/1798/1798 1801/1801/1801 1800/1800/1800
f 3717/3717/3717 3718/3718/3718 1802/1802/1802
f 1802/1802/1802 1805/1805/1805 3717/3717/3717
f 1808/1808/1808 1807/1807/1807 1806/1806/1806
f 1806/1806/1806 1809/1809/1809 1808/1808/1808
f 1812/1812/1812 1811/1811/1811 1810/1810/1810
f 1810/1810/1810 1813/1813/1813 1812/1812/1812
f 1816/1816/1816 1815/1815/1815 1814/1814/1814
f 1814/1814/1814 1817/1817/1817 1816/1816/1816
f 1820/1820/1820 1819/1819/1819 1818/1818/1818
f 1818/1818/1818 1821/1821/1821 1820/1820/1820
f 3711/3711/3711 1823/1823/1823 3716/3716/3716
f 3716/3716/3716 1825/1825/1825 3711/3711/3711
f 1828/1828/1828 1827/1827/1827 1826/1826/1826
f 1826/1826/1826 1829/1829/1829 1828/1828/1828
f 1832/1832/1832 1831/1831/1831 1830/1830/1830
f 1830/1830/1830 1833/1833/1833 1832/1832/1832
f 1836/1836/1836 1835/1835/1835 1834/1834/1834
f 1834/1834/1834 1837/1837/1837 1836/1836/1836
f 1840/1840/1840 1839/1839/1839 1838/1838/1838
f 1838/1838/1838 1841/1841/1841 1840/1840/1840
f 3710/3710/3710 1843/1843/1843 3707/3707/3707
f 3707/3707/3707 3705/3705/3705 3710/3710/3710
f 1848/1848/1848 1847/1847/1847 1846/1846/1846
f 1846/1846/1846 1849/1849/1849 1848/1848/1848
f 1852/1852/1852 1851/1851/1851 1850/1850/1850
f 1850/1850/1850 1853/1853/1853 1852/1852/1852
f 1856/1856/1856 1855/1855/1855 1854/1854/1854
f 1854/1854/1854 1857/1857/1857 1856/1856/1856
f 1860/1860/1860 1859/1859/1859 1858/1858/1858
f 1858/1858/1858 1861/1861/1861 1860/1860/1860
f 3704/3704/3704 1863/1863/1863 3700/3700/3700
f 3700/3700/3700 1865/1865/1865 3704/3704/3704
f 1868/1868/1868 1867/1867/1867 1866/1866/1866
f 1866/1866/1866 1869/1869/1869 1868/1868/1868
f 1872/1872/1872 1871/1871/1871 1870/1870/1870
f 1870/1870/1870 1873/1873/1873 1872/1872/1872
f 1876/1876/1876 1875/1875/1875 1874/1874/1874
f 1874/1874/1874 1877/1877/1877 1876/1876/1876
f 1880/1880/1880 1879/1879/1879 1878/1878/1878
f 1878/1878/1878 1881/1881/1881 1880/1880/1880
f 3690/3690/3690 1883/1883/1883 3699/3699/3699
f 3699/3699/3699 1885/1885/1885 3690/3690/3690
f 1888/1888/1888 1887/1887/1887 1886/1886/1886
f 1886/1886/1886 1889/1889/1889 1888/1888/1888
f 1892/1892/1892 1891/1891/1891 1890/1890/1890
f 1890/1890/1890 1893/1893/1893 1892/1892/1892
f 1896/1896/1896 1895/1895/1895 1894/1894/1894
f 1894/1894/1894 1897/1897/1897 1896/1896/1896
f 1900/1900/1900 1899/1899/1899 1898/1898/1898
f 1898/1898/1898 1901/1901/1901 1900/1900/1900
f 3689/3689/3689 3688/3688/3688 1902/1902/1902
f 1902/1902/1902 1905/1905/1905 3689/3689/3689
f 1908/1908/1908 1907/1907/1907 1906/1906/1906
f 1906/1906/1906 1909/1909/1909 1908/1908/1908
f 1912/1912/1912 1911/1911/1911 1910/1910/1910
f 1910/1910/1910 1913/1913/1913 1912/1912/1912
f 1916/1916/1916 1915/1915/1915 1914/1914/1914
f 1914/1914/1914 1917/1917/1917 1916/1916/1916
f 1920/1920/1920 1919/1919/1919 1918/1918/1918
f 1918/1918/1918 1921/1921/1921 1920/1920/1920
f 3682/3682/3682 1923/1923/1923 3677/3677/3677
f 3677/3677/3677 1925/1925/1925 3682/3682/3682
f 1928/1928/1928 1927/1927/1927 1926/1926/1926
f 1926/1926/1926 1929/1929/1929 1928/1928/1928
f 1932/1932/1932 1931/1931/1931 1930/1930/1930
f 1930/1930/1930 1933/1933/1933 1932/1932/1932
f 1936/1936/1936 1935/1935/1935 1934/1934/1934
f 1934/1934/1934 1937/1937/1937 1936/1936/1936
f 1940/1940/1940 1939/1939/1939 1938/1938/1938
f 1938/1938/1938 1941/1941/1941 1940/1940/1940
f 3671/3671/3671 1943/1943/1943 3675/3675/3675
f 3675/3675/3675 3676/3676/3676 3671/3671/3671
f 1948/1948/1948 1947/1947/1947 1946/1946/1946
f 1946/1946/1946 1949/1949/1949 1948/1948/1948
f 1952/1952/1952 1951/1951/1951 1950/1950/1950
f 1950/1950/1950 1953/1953/1953 1952/1952/1952
f 1956/1956/1956 1955/1955/1955 1954/1954/1954
f 1954/1954/1954 1957/1957/1957 1956/1956/1956
f 1960/1960/1960 1959/1959/1959 1958/1958/1958
f 1958/1958/1958 1961/1961/1961 1960/1960/1960
f 3663/3663/3663 3664/3664/3664 1962/1962/1962
f 1962/1962/1962 1965/1965/1965 3663/3663/3663
f 1968/1968/1968 1967/1967/1967 1966/1966/1966
f 1966/1966/1966 1969/1969/1969 1968/1968/1968
f 1972/1972/1972 1971/1971/1971 1970/1970/1970
f 1970/1970/1970 1973/1973/1973 1972/1972/1972
f 1976/1976/1976 1975/1975/1975 1974/1974/1974
f 1974/1974/1974 1977/1977/1977 1976/1976/1976
f 1980/1980/1980 1979/1979/1979 1978/1978/1978
f 1978/1978/1978 1981/1981/1981 1980/1980/1980
f 3658/3658/3658 1983/1983/1983 3666/3666/3666
f 3666/3666/3666 1985/1985/1985 3658/3658/3658
f 1988/1988/1988 1987/1987/1987 1986/1986/1986
f 1986/1986/1986 1989/1989/1989 1988/1988/1988
f 1992/1992/1992 1991/1991/1991 1990/1990/1990
f 1990/1990/1990 1993/1993/1993 1992/1992/1992
f 1996/1996/1996 1995/1995/1995 1994/1994/1994
f 1994/1994/1994 1997/1997/1997 1996/1996/1996
f 2000/2000/2000 1999/1999/1999 1998/1998/1998
f 1998/1998/1998 2001/2001/2001 2000/2000/2000
f 3657/3657/3657 2003/2003/2003 3653/3653/3653
f 3653/3653/3653 2005/2005/2005 3657/3657/3657
f 2008/2008/2008 2007/2007/2007 2006/2006/2006
f 2006/2006/2006 2009/2009/2009 2008/2008/2008
f 2012/2012/2012 2011/2011/2011 2010/2010/2010
f 2010/2010/2010 2013/2013/2013 2012/2012/2012
f 2016/2016/2016 2015/2015/2015 2014/2014/2014
f 2014/2014/2014 2017/2017/2017 2016/2016/2016
f 2020/2020/2020 2019/2019/2019 2018/2018/2018
f 2018/2018/2018 2021/2021/2021 2020/2020/2020
f 3652/3652/3652 2023/2023/2023 3647/3647/3647
f 3647/3647/3647 2025/2025/2025 3652/3652/3652
f 2028/2028/2028 2027/2027/2027 2026/2026/2026
f 2026/2026/2026 2029/2029/2029 2028/2028/2028
f 2032/2032/2032 2031/2031/2031 2030/2030/2030
f 2030/2030/2030 2033/2033/2033 2032/2032/2032
f 2036/2036/2036 2035/2035/2035 2034/2034/2034
f 2034/2034/2034 2037/2037/2037 2036/2036/2036
f 2040/2040/2040 2039/2039/2039 2038/2038/2038
f 2038/2038/2038 2041/2041/2041 2040/2040/2040
f 3644/3644/3644 2043/2043/2043 3648/3648/3648
f 3648/3648/3648 2045/2045/2045 3644/3644/3644
f 2048/2048/2048 2047/2047/2047 2046/2046/2046
f 2046/2046/2046 2049/2049/2049 2048/2048/2048
f 2052/2052/2052 2051/2051/2051 2050/2050/2050
f 2050/2050/2050 2053/2053/2053 2052/2052/2052
f 2056/2056/2056 2055/2055/2055 2054/2054/2054
f 2054/2054/2054 2057/2057/2057 2056/2056/2056
f 2060/2060/2060 2059/2059/2059 2058/2058/2058
f 2058/2058/2058 2061/2061/2061 2060/2060/2060
f 2064/2064/2064 2063/2063/2063 2062/2062/2062
f 2062/2062/2062 2065/2065/2065 2064/2064/2064
f 2068/2068/2068 2067/2067/2067 2066/2066/2066
f 2066/2066/2066 2069/2069/2069 2068/2068/2068
f 2072/2072/2072 2071/2071/2071 2070/2070/2070
f 2070/2070/2070 2073/2073/2073 2072/2072/2072
f 2076/2076/2076 2075/2075/2075 2074/2074/2074
f 2074/2074/2074 2077/2077/2077 2076/2076/2076
f 2080/2080/2080 2079/2079/2079 2078/2078/2078
f 2078/2078/2078 2081/2081/2081 2080/2080/2080
f 3639/3639/3639 2083/2083/2083 3633/3633/3633
f 3633/3633/3633 2085/2085/2085 3639/3639/3639
f 2088/2088/2088 2087/2087/2087 2086/2086/2086
f 2086/2086/2086 2089/2089/2089 2088/2088/2088
f 2092/2092/2092 2091/2091/2091 2090/2090/2090
f 2090/2090/2090 2093/2093/2093 2092/2092/2092
f 2096/2096/2096 2095/2095/2095 2094/2094/2094
f 2094/2094/2094 2097/2097/2097 2096/2096/2096
f 2100/2100/2100 2099/2099/2099 2098/2098/2098
f 2098/2098/2098 2101/2101/2101 2100/2100/2100
f 3628/3628/3628 2103/2103/2103 3631/3631/3631
f 3631/3631/3631 2105/2105/2105 3628/3628/3628
f 2108/2108/2108 2107/2107/2107 2106/2106/2106
f 2106/2106/2106 2109/2109/2109 2108/2108/2108
f 2112/2112/2112 2111/2111/2111 2110/2110/2110
f 2110/2110/2110 2113/2113/2113 2112/2112/2112
f 2116/2116/2116 2115/2115/2115 2114/2114/2114
f 2114/2114/2114 2117/2117/2117 2116/2116/2116
f 2120/2120/2120 2119/2119/2119 2118/2118/2118
f 2118/2118/2118 2121/2121/2121 2120/2120/2120
f 3622/3622/3622 3626/3626/3626 2122/2122/2122
f 2122/2122/2122 2125/2125/2125 3622/3622/3622
f 2128/2128/2128 2127/2127/2127 2126/2126/2126
f 2126/2126/2126 2129/2129/2129 2128/2128/2128
f 2132/2132/2132 2131/2131/2131 2130/2130/2130
f 2133/2133/2133 2132/2132/2132 2130/2130/2130
f 2134/2134/2134 2133/2133/2133 2130/2130/2130
f 2135/2135/2135 3590/3590/3590 3591/3591/3591
f 2138/2138/2138 2137/2137/2137 2136/2136/2136
f 2136/2136/2136 2139/2139/2139 2138/2138/2138
f 2142/2142/2142 2141/2141/2141 2140/2140/2140
f 2140/2140/2140 2143/2143/2143 2142/2142/2142
f 3620/3620/3620 2145/2145/2145 3592/3592/3592
f 3592/3592/3592 2147/2147/2147 3620/3620/3620
f 2150/2150/2150 2149/2149/2149 2148/2148/2148
f 2148/2148/2148 2151/2151/2151 2150/2150/2150
f 2154/2154/2154 2153/2153/2153 2152/2152/2152
f 2152/2152/2152 2155/2155/2155 2154/2154/2154
f 2158/2158/2158 2157/2157/2157 2156/2156/2156
f 2156/2156/2156 2159/2159/2159 2158/2158/2158
f 2162/2162/2162 2161/2161/2161 2160/2160/2160
f 2160/2160/2160 2163/2163/2163 2162/2162/2162
f 3709/3709/3709 2165/2165/2165 3712/3712/3712
f 3712/3712/3712 2167/2167/2167 3709/3709/3709
f 2170/2170/2170 2169/2169/2169 2168/2168/2168
f 2168/2168/2168 2171/2171/2171 2170/2170/2170
f 2174/2174/2174 2173/2173/2173 2172/2172/2172
f 2172/2172/2172 2175/2175/2175 2174/2174/2174
f 2178/2178/2178 2177/2177/2177 2176/2176/2176
f 2176/2176/2176 2179/2179/2179 2178/2178/2178
f 2182/2182/2182 2181/2181/2181 2180/2180/2180
f 2180/2180/2180 2183/2183/2183 2182/2182/2182
f 3719/3719/3719 2185/2185/2185 3715/3715/3715
f 3715/3715/3715 3713/3713/3713 3719/3719/3719
f 2190/2190/2190 2189/2189/2189 2188/2188/2188
f 2188/2188/2188 2191/2191/2191 2190/2190/2190
f 2194/2194/2194 2193/2193/2193 2192/2192/2192
f 2192/2192/2192 2195/2195/2195 2194/2194/2194
f 2198/2198/2198 2197/2197/2197 3745/3745/3745
f 3745/3745/3745 2199/2199/2199 2198/2198/2198
f 2202/2202/2202 2201/2201/2201 2200/2200/2200
f 2200/2200/2200 2203/2203/2203 2202/2202/2202
f 3740/3740/3740 2205/2205/2205 2204/2204/2204
f 2204/2204/2204 3746/3746/3746 3740/3740/3740
f 2210/2210/2210 2209/2209/2209 2208/2208/2208
f 2208/2208/2208 2211/2211/2211 2210/2210/2210
f 2214/2214/2214 2213/2213/2213 2212/2212/2212
f 2212/2212/2212 2215/2215/2215 2214/2214/2214
f 2218/2218/2218 2217/2217/2217 3739/3739/3739
f 3739/3739/3739 2219/2219/2219 2218/2218/2218
f 2222/2222/2222 2221/2221/2221 2220/2220/2220
f 2220/2220/2220 2223/2223/2223 2222/2222/2222
f 2226/2226/2226 2225/2225/2225 2224/2224/2224
f 2224/2224/2224 2227/2227/2227 2226/2226/2226
f 2230/2230/2230 2229/2229/2229 2228/2228/2228
f 2228/2228/2228 2231/2231/2231 2230/2230/2230
f 2234/2234/2234 2233/2233/2233 2232/2232/2232
f 2232/2232/2232 2235/2235/2235 2234/2234/2234
f 2238/2238/2238 2237/2237/2237 3748/3748/3748
f 3748/3748/3748 2239/2239/2239 2238/2238/2238
f 2242/2242/2242 2241/2241/2241 2240/2240/2240
f 2240/2240/2240 2243/2243/2243 2242/2242/2242
f 3753/3753/3753 2245/2245/2245 2244/2244/2244
f 2244/2244/2244 3747/3747/3747 3753/3753/3753
f 2250/2250/2250 2249/2249/2249 2248/2248/2248
f 2248/2248/2248 2251/2251/2251 2250/2250/2250
f 2254/2254/2254 2253/2253/2253 2252/2252/2252
f 2252/2252/2252 2255/2255/2255 2254/2254/2254
f 2258/2258/2258 2257/2257/2257 3728/3728/3728
f 3728/3728/3728 2259/2259/2259 2258/2258/2258
f 2262/2262/2262 2261/2261/2261 2260/2260/2260
f 2260/2260/2260 2263/2263/2263 2262/2262/2262
f 3733/3733/3733 2265/2265/2265 2264/2264/2264
f 2264/2264/2264 3729/3729/3729 3733/3733/3733
f 2270/2270/2270 2269/2269/2269 2268/2268/2268
f 2268/2268/2268 2271/2271/2271 2270/2270/2270
f 2274/2274/2274 2273/2273/2273 2272/2272/2272
f 2272/2272/2272 2275/2275/2275 2274/2274/2274
f 2278/2278/2278 2277/2277/2277 2276/2276/2276
f 2276/2276/2276 2279/2279/2279 2278/2278/2278
f 2282/2282/2282 2281/2281/2281 2280/2280/2280
f 2280/2280/2280 2283/2283/2283 2282/2282/2282
f 3724/3724/3724 2285/2285/2285 2284/2284/2284
f 2284/2284/2284 3727/3727/3727 3724/3724/3724
f 2290/2290/2290 2289/2289/2289 2288/2288/2288
f 2288/2288/2288 2291/2291/2291 2290/2290/2290
f 2294/2294/2294 2293/2293/2293 2292/2292/2292
f 2292/2292/2292 2295/2295/2295 2294/2294/2294
f 2298/2298/2298 2297/2297/2297 3723/3723/3723
f 3723/3723/3723 2299/2299/2299 2298/2298/2298
f 2302/2302/2302 2301/2301/2301 2300/2300/2300
f 2300/2300/2300 2303/2303/2303 2302/2302/2302
f 3720/3720/3720 2305/2305/2305 2304/2304/2304
f 2304/2304/2304 2307/2307/2307 3720/3720/3720
f 2310/2310/2310 2309/2309/2309 2308/2308/2308
f 2308/2308/2308 2311/2311/2311 2310/2310/2310
f 2314/2314/2314 2313/2313/2313 2312/2312/2312
f 2312/2312/2312 2315/2315/2315 2314/2314/2314
f 2318/2318/2318 2317/2317/2317 2316/2316/2316
f 2316/2316/2316 2319/2319/2319 2318/2318/2318
f 2322/2322/2322 2321/2321/2321 2320/2320/2320
f 2320/2320/2320 2323/2323/2323 2322/2322/2322
f 2326/2326/2326 2325/2325/2325 3581/3581/3581
f 3581/3581/3581 2327/2327/2327 2326/2326/2326
f 2330/2330/2330 2329/2329/2329 2328/2328/2328
f 2328/2328/2328 2331/2331/2331 2330/2330/2330
f 2334/2334/2334 2333/2333/2333 2332/2332/2332
f 2332/2332/2332 2335/2335/2335 2334/2334/2334
f 2338/2338/2338 2337/2337/2337 2336/2336/2336
f 2336/2336/2336 2339/2339/2339 2338/2338/2338
f 3617/3617/3617 2341/2341/2341 2340/2340/2340
f 2340/2340/2340 2343/2343/2343 3617/3617/3617
f 3593/3593/3593 2345/2345/2345 2344/2344/2344
f 2344/2344/2344 2347/2347/2347 3593/3593/3593
f 2350/2350/2350 2349/2349/2349 2348/2348/2348
f 2348/2348/2348 2351/2351/2351 2350/2350/2350
f 2354/2354/2354 2353/2353/2353 2352/2352/2352
f 2352/2352/2352 2355/2355/2355 2354/2354/2354
f 2358/2358/2358 2357/2357/2357 2356/2356/2356
f 2356/2356/2356 2359/2359/2359 2358/2358/2358
f 2362/2362/2362 2361/2361/2361 2360/2360/2360
f 2360/2360/2360 2363/2363/2363 2362/2362/2362
f 2366/2366/2366 2365/2365/2365 2364/2364/2364
f 2364/2364/2364 2367/2367/2367 2366/2366/2366
f 2370/2370/2370 2369/2369/2369 2368/2368/2368
f 2368/2368/2368 2371/2371/2371 2370/2370/2370
f 2374/2374/2374 2373/2373/2373 2372/2372/2372
f 2372/2372/2372 2375/2375/2375 2374/2374/2374
f 2378/2378/2378 2377/2377/2377 2376/2376/2376
f 2376/2376/2376 2379/2379/2379 2378/2378/2378
f 2382/2382/2382 2381/2381/2381 2380/2380/2380
f 2380/2380/2380 2383/2383/2383 2382/2382/2382
f 3615/3615/3615 2385/2385/2385 2384/2384/2384
f 2384/2384/2384 3604/3604/3604 3615/3615/3615
f 2390/2390/2390 2389/2389/2389 2388/2388/2388
f 2388/2388/2388 2391/2391/2391 2390/2390/2390
f 2394/2394/2394 2393/2393/2393 2392/2392/2392
f 2392/2392/2392 2395/2395/2395 2394/2394/2394
f 2398/2398/2398 2397/2397/2397 2396/2396/2396
f 2396/2396/2396 2399/2399/2399 2398/2398/2398
f 2402/2402/2402 2401/2401/2401 2400/2400/2400
f 2400/2400/2400 2403/2403/2403 2402/2402/2402
f 2406/2406/2406 2405/2405/2405 2404/2404/2404
f 2404/2404/2404 2407/2407/2407 2406/2406/2406
f 2410/2410/2410 2409/2409/2409 2408/2408/2408
f 2408/2408/2408 2411/2411/2411 2410/2410/2410
f 2414/2414/2414 2413/2413/2413 3607/3607/3607
f 3607/3607/3607 2415/2415/2415 2414/2414/2414
f 2418/2418/2418 2417/2417/2417 2416/2416/2416
f 2416/2416/2416 2419/2419/2419 2418/2418/2418
f 2422/2422/2422 2421/2421/2421 2420/2420/2420
f 2420/2420/2420 2423/2423/2423 2422/2422/2422
f 2426/2426/2426 2425/2425/2425 2424/2424/2424
f 2424/2424/2424 2427/2427/2427 2426/2426/2426
f 3579/3579/3579 2429/2429/2429 2428/2428/2428
f 2428/2428/2428 3585/3585/3585 3579/3579/3579
f 2434/2434/2434 2433/2433/2433 3571/3571/3571
f 3571/3571/3571 2435/2435/2435 2434/2434/2434
f 2438/2438/2438 2437/2437/2437 2436/2436/2436
f 2436/2436/2436 2439/2439/2439 2438/2438/2438
f 2442/2442/2442 2441/2441/2441 2440/2440/2440
f 2440/2440/2440 2443/2443/2443 2442/2442/2442
f 2446/2446/2446 2445/2445/2445 2444/2444/2444
f 2444/2444/2444 2447/2447/2447 2446/2446/2446
f 2450/2450/2450 2449/2449/2449 2448/2448/2448
f 2448/2448/2448 2451/2451/2451 2450/2450/2450
f 2454/2454/2454 2453/2453/2453 2452/2452/2452
f 2452/2452/2452 2455/2455/2455 2454/2454/2454
f 2458/2458/2458 2457/2457/2457 2456/2456/2456
f 2456/2456/2456 2459/2459/2459 2458/2458/2458
f 2462/2462/2462 2461/2461/2461 2460/2460/2460
f 2460/2460/2460 2463/2463/2463 2462/2462/2462
f 2466/2466/2466 2465/2465/2465 2464/2464/2464
f 2464/2464/2464 2467/2467/2467 2466/2466/2466
f 2470/2470/2470 2469/2469/2469 2468/2468/2468
f 2468/2468/2468 2471/2471/2471 2470/2470/2470
f 3749/3749/3749 2473/2473/2473 2472/2472/2472
f 2472/2472/2472 3744/3744/3744 3749/3749/3749
f 2478/2478/2478 2477/2477/2477 2476/2476/2476
f 2476/2476/2476 2479/2479/2479 2478/2478/2478
f 3743/3743/3743 2481/2481/2481 2480/2480/2480
f 2480/2480/2480 2483/2483/2483 3743/3743/3743
f 2486/2486/2486 2485/2485/2485 2484/2484/2484
f 2484/2484/2484 2487/2487/2487 2486/2486/2486
f 2490/2490/2490 2489/2489/2489 2488/2488/2488
f 2488/2488/2488 2491/2491/2491 2490/2490/2490
f 2494/2494/2494 2493/2493/2493 2492/2492/2492
f 2492/2492/2492 2495/2495/2495 2494/2494/2494
f 2498/2498/2498 2497/2497/2497 2496/2496/2496
f 2496/2496/2496 2499/2499/2499 2498/2498/2498
f 2502/2502/2502 2501/2501/2501 3750/3750/3750
f 3750/3750/3750 2503/2503/2503 2502/2502/2502
f 2506/2506/2506 2505/2505/2505 2504/2504/2504
f 2504/2504/2504 2507/2507/2507 2506/2506/2506
f 2510/2510/2510 2509/2509/2509 2508/2508/2508
f 2508/2508/2508 2511/2511/2511 2510/2510/2510
f 2514/2514/2514 2513/2513/2513 2512/2512/2512
f 2512/2512/2512 2515/2515/2515 2514/2514/2514
f 3756/3756/3756 2517/2517/2517 2516/2516/2516
f 2516/2516/2516 2519/2519/2519 3756/3756/3756
f 2522/2522/2522 2521/2521/2521 2520/2520/2520
f 2520/2520/2520 2523/2523/2523 2522/2522/2522
f 3751/3751/3751 2525/2525/2525 2524/2524/2524
f 2524/2524/2524 2527/2527/2527 3751/3751/3751
f 2530/2530/2530 2529/2529/2529 2528/2528/2528
f 2528/2528/2528 2531/2531/2531 2530/2530/2530
f 2534/2534/2534 2533/2533/2533 2532/2532/2532
f 2532/2532/2532 2535/2535/2535 2534/2534/2534
f 2538/2538/2538 2537/2537/2537 2536/2536/2536
f 2536/2536/2536 2539/2539/2539 2538/2538/2538
f 2542/2542/2542 2541/2541/2541 2540/2540/2540
f 2540/2540/2540 2543/2543/2543 2542/2542/2542
f 2546/2546/2546 2545/2545/2545 3742/3742/3742
f 3742/3742/3742 2547/2547/2547 2546/2546/2546
f 2550/2550/2550 2549/2549/2549 2548/2548/2548
f 2548/2548/2548 2551/2551/2551 2550/2550/2550
f 2554/2554/2554 2553/2553/2553 2552/2552/2552
f 2552/2552/2552 2555/2555/2555 2554/2554/2554
f 2558/2558/2558 2557/2557/2557 2556/2556/2556
f 2556/2556/2556 2559/2559/2559 2558/2558/2558
f 3736/3736/3736 2561/2561/2561 2560/2560/2560
f 2560/2560/2560 3741/3741/3741 3736/3736/3736
f 2566/2566/2566 2565/2565/2565 2564/2564/2564
f 2564/2564/2564 2567/2567/2567 2566/2566/2566
f 2570/2570/2570 2569/2569/2569 2568/2568/2568
f 2568/2568/2568 2571/2571/2571 2570/2570/2570
f 2574/2574/2574 2573/2573/2573 2572/2572/2572
f 2572/2572/2572 2575/2575/2575 2574/2574/2574
f 2578/2578/2578 2577/2577/2577 2576/2576/2576
f 2576/2576/2576 2579/2579/2579 2578/2578/2578
f 2582/2582/2582 2581/2581/2581 2580/2580/2580
f 2580/2580/2580 2583/2583/2583 2582/2582/2582
f 2586/2586/2586 2585/2585/2585 2584/2584/2584
f 2584/2584/2584 2587/2587/2587 2586/2586/2586
f 2590/2590/2590 2589/2589/2589 2588/2588/2588
f 2588/2588/2588 2591/2591/2591 2590/2590/2590
f 2594/2594/2594 2593/2593/2593 2592/2592/2592
f 2592/2592/2592 2595/2595/2595 2594/2594/2594
f 2598/2598/2598 2597/2597/2597 2596/2596/2596
f 2596/2596/2596 2599/2599/2599 2598/2598/2598
f 2602/2602/2602 2601/2601/2601 2600/2600/2600
f 2600/2600/2600 2603/2603/2603 2602/2602/2602
f 3656/3656/3656 3655/3655/3655 2604/2604/2604
f 2604/2604/2604 3659/3659/3659 3656/3656/3656
f 2610/2610/2610 2609/2609/2609 3660/3660/3660
f 3660/3660/3660 2611/2611/2611 2610/2610/2610
f 2614/2614/2614 3654/3654/3654 2612/2612/2612
f 2612/2612/2612 2615/2615/2615 2614/2614/2614
f 2618/2618/2618 2617/2617/2617 2616/2616/2616
f 2616/2616/2616 2619/2619/2619 2618/2618/2618
f 2622/2622/2622 2621/2621/2621 2620/2620/2620
f 2620/2620/2620 2623/2623/2623 2622/2622/2622
f 2626/2626/2626 2625/2625/2625 2624/2624/2624
f 2624/2624/2624 2627/2627/2627 2626/2626/2626
f 2630/2630/2630 2629/2629/2629 2628/2628/2628
f 2628/2628/2628 2631/2631/2631 2630/2630/2630
f 2634/2634/2634 2633/2633/2633 3662/3662/3662
f 3662/3662/3662 2635/2635/2635 2634/2634/2634
f 2638/2638/2638 2637/2637/2637 2636/2636/2636
f 2636/2636/2636 2639/2639/2639 2638/2638/2638
f 2642/2642/2642 2641/2641/2641 2640/2640/2640
f 2640/2640/2640 2643/2643/2643 2642/2642/2642
f 2646/2646/2646 2645/2645/2645 2644/2644/2644
f 2644/2644/2644 2647/2647/2647 2646/2646/2646
f 3668/3668/3668 2649/2649/2649 2648/2648/2648
f 2648/2648/2648 3661/3661/3661 3668/3668/3668
f 3667/3667/3667 2653/2653/2653 2652/2652/2652
f 2652/2652/2652 2655/2655/2655 3667/3667/3667
f 2658/2658/2658 2657/2657/2657 2656/2656/2656
f 2656/2656/2656 2659/2659/2659 2658/2658/2658
f 2662/2662/2662 2661/2661/2661 2660/2660/2660
f 2660/2660/2660 2663/2663/2663 2662/2662/2662
f 2666/2666/2666 2665/2665/2665 2664/2664/2664
f 2664/2664/2664 2667/2667/2667 2666/2666/2666
f 2670/2670/2670 2669/2669/2669 2668/2668/2668
f 2668/2668/2668 2671/2671/2671 2670/2670/2670
f 2674/2674/2674 2673/2673/2673 2672/2672/2672
f 2672/2672/2672 2675/2675/2675 2674/2674/2674
f 2678/2678/2678 2677/2677/2677 3669/3669/3669
f 3669/3669/3669 2679/2679/2679 2678/2678/2678
f 2682/2682/2682 2681/2681/2681 2680/2680/2680
f 2680/2680/2680 2683/2683/2683 2682/2682/2682
f 2686/2686/2686 2685/2685/2685 2684/2684/2684
f 2684/2684/2684 2687/2687/2687 2686/2686/2686
f 2690/2690/2690 2689/2689/2689 2688/2688/2688
f 2688/2688/2688 2691/2691/2691 2690/2690/2690
f 2694/2694/2694 2693/2693/2693 2692/2692/2692
f 2692/2692/2692 2695/2695/2695 2694/2694/2694
f 3670/3670/3670 2697/2697/2697 2696/2696/2696
f 2696/2696/2696 2699/2699/2699 3670/3670/3670
f 2702/2702/2702 2701/2701/2701 2700/2700/2700
f 2700/2700/2700 2703/2703/2703 2702/2702/2702
f 2706/2706/2706 2705/2705/2705 2704/2704/2704
f 2704/2704/2704 2707/2707/2707 2706/2706/2706
f 2710/2710/2710 2709/2709/2709 2708/2708/2708
f 2708/2708/2708 2711/2711/2711 2710/2710/2710
f 2714/2714/2714 2713/2713/2713 2712/2712/2712
f 2712/2712/2712 2715/2715/2715 2714/2714/2714
f 2718/2718/2718 2717/2717/2717 2716/2716/2716
f 2716/2716/2716 2719/2719/2719 2718/2718/2718
f 2722/2722/2722 2721/2721/2721 2720/2720/2720
f 2720/2720/2720 2723/2723/2723 2722/2722/2722
f 2726/2726/2726 2725/2725/2725 2724/2724/2724
f 2724/2724/2724 2727/2727/2727 2726/2726/2726
f 2730/2730/2730 2729/2729/2729 2728/2728/2728
f 2728/2728/2728 2731/2731/2731 2730/2730/2730
f 2734/2734/2734 2733/2733/2733 2732/2732/2732
f 2732/2732/2732 2735/2735/2735 2734/2734/2734
f 3679/3679/3679 2737/2737/2737 2736/2736/2736
f 2736/2736/2736 3673/3673/3673 3679/3679/3679
f 3672/3672/3672 2741/2741/2741 2740/2740/2740
f 2740/2740/2740 2743/2743/2743 3672/3672/3672
f 2746/2746/2746 2745/2745/2745 2744/2744/2744
f 2744/2744/2744 2747/2747/2747 2746/2746/2746
f 2750/2750/2750 2749/2749/2749 2748/2748/2748
f 2748/2748/2748 2751/2751/2751 2750/2750/2750
f 2754/2754/2754 2753/2753/2753 2752/2752/2752
f 2752/2752/2752 2755/2755/2755 2754/2754/2754
f 2758/2758/2758 2757/2757/2757 2756/2756/2756
f 2756/2756/2756 2759/2759/2759 2758/2758/2758
f 2762/2762/2762 2761/2761/2761 2760/2760/2760
f 2760/2760/2760 2763/2763/2763 2762/2762/2762
f 2766/2766/2766 2765/2765/2765 3685/3685/3685
f 3685/3685/3685 2767/2767/2767 2766/2766/2766
f 2770/2770/2770 2769/2769/2769 2768/2768/2768
f 2768/2768/2768 2771/2771/2771 2770/2770/2770
f 2774/2774/2774 2773/2773/2773 2772/2772/2772
f 2772/2772/2772 2775/2775/2775 2774/2774/2774
f 2778/2778/2778 2777/2777/2777 2776/2776/2776
f 2776/2776/2776 2779/2779/2779 2778/2778/2778
f 3681/3681/3681 2781/2781/2781 2780/2780/2780
f 2780/2780/2780 2783/2783/2783 3681/3681/3681
f 2786/2786/2786 2785/2785/2785 3683/3683/3683
f 3683/3683/3683 2787/2787/2787 2786/2786/2786
f 2790/2790/2790 2789/2789/2789 2788/2788/2788
f 2788/2788/2788 2791/2791/2791 2790/2790/2790
f 2794/2794/2794 2793/2793/2793 2792/2792/2792
f 2792/2792/2792 2795/2795/2795 2794/2794/2794
f 2798/2798/2798 2797/2797/2797 2796/2796/2796
f 2796/2796/2796 2799/2799/2799 2798/2798/2798
f 2802/2802/2802 2801/2801/2801 2800/2800/2800
f 2800/2800/2800 2803/2803/2803 2802/2802/2802
f 2806/2806/2806 2805/2805/2805 2804/2804/2804
f 2804/2804/2804 2807/2807/2807 2806/2806/2806
f 2810/2810/2810 2809/2809/2809 3697/3697/3697
f 3697/3697/3697 2811/2811/2811 2810/2810/2810
f 2814/2814/2814 2813/2813/2813 2812/2812/2812
f 2812/2812/2812 2815/2815/2815 2814/2814/2814
f 2818/2818/2818 2817/2817/2817 2816/2816/2816
f 2816/2816/2816 2819/2819/2819 2818/2818/2818
f 2822/2822/2822 2821/2821/2821 2820/2820/2820
f 2820/2820/2820 2823/2823/2823 2822/2822/2822
f 3701/3701/3701 2825/2825/2825 2824/2824/2824
f 2824/2824/2824 3698/3698/3698 3701/3701/3701
f 3696/3696/3696 2829/2829/2829 2828/2828/2828
f 2828/2828/2828 2831/2831/2831 3696/3696/3696
f 2834/2834/2834 2833/2833/2833 2832/2832/2832
f 2832/2832/2832 2835/2835/2835 2834/2834/2834
f 2838/2838/2838 2837/2837/2837 2836/2836/2836
f 2836/2836/2836 2839/2839/2839 2838/2838/2838
f 2842/2842/2842 2841/2841/2841 2840/2840/2840
f 2840/2840/2840 2843/2843/2843 2842/2842/2842
f 2846/2846/2846 2845/2845/2845 2844/2844/2844
f 2844/2844/2844 2847/2847/2847 2846/2846/2846
f 2850/2850/2850 2849/2849/2849 2848/2848/2848
f 2848/2848/2848 2851/2851/2851 2850/2850/2850
f 2854/2854/2854 2853/2853/2853 3694/3694/3694
f 3694/3694/3694 2855/2855/2855 2854/2854/2854
f 2858/2858/2858 2857/2857/2857 2856/2856/2856
f 2856/2856/2856 2859/2859/2859 2858/2858/2858
f 2862/2862/2862 2861/2861/2861 2860/2860/2860
f 2860/2860/2860 2863/2863/2863 2862/2862/2862
f 2866/2866/2866 2865/2865/2865 2864/2864/2864
f 2864/2864/2864 2867/2867/2867 2866/2866/2866
f 3686/3686/3686 2869/2869/2869 2868/2868/2868
f 2868/2868/2868 3693/3693/3693 3686/3686/3686
f 2874/2874/2874 2873/2873/2873 3695/3695/3695
f 3695/3695/3695 2875/2875/2875 2874/2874/2874
f 2878/2878/2878 2877/2877/2877 2876/2876/2876
f 2876/2876/2876 2879/2879/2879 2878/2878/2878
f 841/841/841 839/839/839 2880/2880/2880
f 2883/2883/2883 2882/2882/2882 2881/2881/2881
f 2883/2883/2883 2885/2885/2885 2884/2884/2884
f 2884/2884/2884 2882/2882/2882 2883/2883/2883
f 2888/2888/2888 2887/2887/2887 2886/2886/2886
f 2886/2886/2886 2889/2889/2889 2888/2888/2888
f 2892/2892/2892 2891/2891/2891 2890/2890/2890
f 2890/2890/2890 2893/2893/2893 2892/2892/2892
f 2896/2896/2896 2895/2895/2895 2894/2894/2894
f 2894/2894/2894 2897/2897/2897 2896/2896/2896
f 2900/2900/2900 2899/2899/2899 2898/2898/2898
f 2898/2898/2898 2901/2901/2901 2900/2900/2900
f 2904/2904/2904 2903/2903/2903 2902/2902/2902
f 2902/2902/2902 2905/2905/2905 2904/2904/2904
f 2908/2908/2908 2907/2907/2907 2906/2906/2906
f 2906/2906/2906 2909/2909/2909 2908/2908/2908
f 2912/2912/2912 2911/2911/2911 2910/2910/2910
f 2910/2910/2910 2913/2913/2913 2912/2912/2912
f 2916/2916/2916 2915/2915/2915 2914/2914/2914
f 2914/2914/2914 2917/2917/2917 2916/2916/2916
f 2920/2920/2920 2919/2919/2919 2918/2918/2918
f 2918/2918/2918 2921/2921/2921 2920/2920/2920
f 2924/2924/2924 2923/2923/2923 2922/2922/2922
f 2922/2922/2922 2925/2925/2925 2924/2924/2924
f 2928/2928/2928 2927/2927/2927 2926/2926/2926
f 2926/2926/2926 2929/2929/2929 2928/2928/2928
f 2932/2932/2932 2931/2931/2931 2930/2930/2930
f 2930/2930/2930 2933/2933/2933 2932/2932/2932
f 2936/2936/2936 2935/2935/2935 2934/2934/2934
f 2934/2934/2934 2937/2937/2937 2936/2936/2936
f 2940/2940/2940 2939/2939/2939 2938/2938/2938
f 2938/2938/2938 2941/2941/2941 2940/2940/2940
f 2944/2944/2944 2943/2943/2943 2942/2942/2942
f 2942/2942/2942 2945/2945/2945 2944/2944/2944
f 2948/2948/2948 2947/2947/2947 2946/2946/2946
f 2946/2946/2946 2949/2949/2949 2948/2948/2948
f 2952/2952/2952 2951/2951/2951 2950/2950/2950
f 2950/2950/2950 2953/2953/2953 2952/2952/2952
f 2956/2956/2956 2955/2955/2955 2954/2954/2954
f 2954/2954/2954 2957/2957/2957 2956/2956/2956
f 2960/2960/2960 2959/2959/2959 2958/2958/2958
f 2958/2958/2958 2961/2961/2961 2960/2960/2960
f 2964/2964/2964 2963/2963/2963 2962/2962/2962
f 2962/2962/2962 2965/2965/2965 2964/2964/2964
f 2968/2968/2968 2967/2967/2967 2966/2966/2966
f 2966/2966/2966 2969/2969/2969 2968/2968/2968
f 2972/2972/2972 2971/2971/2971 2970/2970/2970
f 2970/2970/2970 2973/2973/2973 2972/2972/2972
f 2976/2976/2976 2975/2975/2975 2974/2974/2974
f 2974/2974/2974 2977/2977/2977 2976/2976/2976
f 2980/2980/2980 2979/2979/2979 2978/2978/2978
f 2978/2978/2978 2981/2981/2981 2980/2980/2980
f 2984/2984/2984 2983/2983/2983 3687/3687/3687
f 3687/3687/3687 2985/2985/2985 2984/2984/2984
f 2988/2988/2988 2987/2987/2987 2986/2986/2986
f 2986/2986/2986 2989/2989/2989 2988/2988/2988
f 2992/2992/2992 2991/2991/2991 2990/2990/2990
f 2990/2990/2990 2993/2993/2993 2992/2992/2992
f 2996/2996/2996 2995/2995/2995 2994/2994/2994
f 2994/2994/2994 2997/2997/2997 2996/2996/2996
f 3000/3000/3000 2999/2999/2999 2998/2998/2998
f 2998/2998/2998 3001/3001/3001 3000/3000/3000
f 3004/3004/3004 3003/3003/3003 3002/3002/3002
f 3002/3002/3002 3005/3005/3005 3004/3004/3004
f 3008/3008/3008 3007/3007/3007 3684/3684/3684
f 3684/3684/3684 3009/3009/3009 3008/3008/3008
f 3012/3012/3012 3011/3011/3011 3010/3010/3010
f 3010/3010/3010 3013/3013/3013 3012/3012/3012
f 3016/3016/3016 3015/3015/3015 3014/3014/3014
f 3014/3014/3014 3017/3017/3017 3016/3016/3016
f 3020/3020/3020 3019/3019/3019 3018/3018/3018
f 3018/3018/3018 3021/3021/3021 3020/3020/3020
f 3024/3024/3024 3023/3023/3023 3022/3022/3022
f 3022/3022/3022 3025/3025/3025 3024/3024/3024
f 3028/3028/3028 3027/3027/3027 3026/3026/3026
f 3026/3026/3026 3029/3029/3029 3028/3028/3028
f 3032/3032/3032 3031/3031/3031 3692/3692/3692
f 3692/3692/3692 3033/3033/3033 3032/3032/3032
f 3036/3036/3036 3035/3035/3035 3034/3034/3034
f 3034/3034/3034 3037/3037/3037 3036/3036/3036
f 3040/3040/3040 3039/3039/3039 3038/3038/3038
f 3038/3038/3038 3041/3041/3041 3040/3040/3040
f 3044/3044/3044 3043/3043/3043 3042/3042/3042
f 3042/3042/3042 3045/3045/3045 3044/3044/3044
f 3048/3048/3048 3047/3047/3047 3046/3046/3046
f 3046/3046/3046 3049/3049/3049 3048/3048/3048
f 3052/3052/3052 3051/3051/3051 3050/3050/3050
f 3050/3050/3050 3053/3053/3053 3052/3052/3052
f 3056/3056/3056 3055/3055/3055 3634/3634/3634
f 3634/3634/3634 3057/3057/3057 3056/3056/3056
f 3060/3060/3060 3059/3059/3059 3058/3058/3058
f 3058/3058/3058 3061/3061/3061 3060/3060/3060
f 3064/3064/3064 3063/3063/3063 3062/3062/3062
f 3062/3062/3062 3065/3065/3065 3064/3064/3064
f 3068/3068/3068 3067/3067/3067 3066/3066/3066
f 3066/3066/3066 3069/3069/3069 3068/3068/3068
f 3072/3072/3072 3071/3071/3071 3070/3070/3070
f 3070/3070/3070 3073/3073/3073 3072/3072/3072
f 3076/3076/3076 3075/3075/3075 3074/3074/3074
f 3074/3074/3074 3077/3077/3077 3076/3076/3076
f 3629/3629/3629 3079/3079/3079 3078/3078/3078
f 3078/3078/3078 3081/3081/3081 3629/3629/3629
f 3084/3084/3084 3083/3083/3083 3082/3082/3082
f 3082/3082/3082 3085/3085/3085 3084/3084/3084
f 3088/3088/3088 3087/3087/3087 3086/3086/3086
f 3086/3086/3086 3089/3089/3089 3088/3088/3088
f 3092/3092/3092 3091/3091/3091 3090/3090/3090
f 3090/3090/3090 3093/3093/3093 3092/3092/3092
f 3096/3096/3096 3095/3095/3095 3094/3094/3094
f 3094/3094/3094 3097/3097/3097 3096/3096/3096
f 3100/3100/3100 3099/3099/3099 3098/3098/3098
f 3098/3098/3098 3101/3101/3101 3100/3100/3100
f 3104/3104/3104 3103/3103/3103 3636/3636/3636
f 3636/3636/3636 3105/3105/3105 3104/3104/3104
f 3108/3108/3108 3107/3107/3107 3106/3106/3106
f 3106/3106/3106 3109/3109/3109 3108/3108/3108
f 3112/3112/3112 3111/3111/3111 3110/3110/3110
f 3110/3110/3110 3113/3113/3113 3112/3112/3112
f 3116/3116/3116 3115/3115/3115 3114/3114/3114
f 3114/3114/3114 3117/3117/3117 3116/3116/3116
f 3120/3120/3120 3119/3119/3119 3118/3118/3118
f 3118/3118/3118 3121/3121/3121 3120/3120/3120
f 3124/3124/3124 3123/3123/3123 3122/3122/3122
f 3122/3122/3122 3125/3125/3125 3124/3124/3124
f 3128/3128/3128 3127/3127/3127 3126/3126/3126
f 3126/3126/3126 3129/3129/3129 3128/3128/3128
f 3132/3132/3132 3131/3131/3131 3130/3130/3130
f 3130/3130/3130 3133/3133/3133 3132/3132/3132
f 3136/3136/3136 3135/3135/3135 3134/3134/3134
f 3134/3134/3134 3137/3137/3137 3136/3136/3136
f 3140/3140/3140 3139/3139/3139 3138/3138/3138
f 3138/3138/3138 3141/3141/3141 3140/3140/3140
f 3144/3144/3144 3143/3143/3143 3142/3142/3142
f 3142/3142/3142 3145/3145/3145 3144/3144/3144
f 3148/3148/3148 3147/3147/3147 3146/3146/3146
f 3146/3146/3146 3149/3149/3149 3148/3148/3148
f 3152/3152/3152 3151/3151/3151 3150/3150/3150
f 3150/3150/3150 3153/3153/3153 3152/3152/3152
f 3156/3156/3156 3155/3155/3155 3154/3154/3154
f 3154/3154/3154 3157/3157/3157 3156/3156/3156
f 3160/3160/3160 3159/3159/3159 3158/3158/3158
f 3158/3158/3158 3161/3161/3161 3160/3160/3160
f 3164/3164/3164 3163/3163/3163 3162/3162/3162
f 3162/3162/3162 3165/3165/3165 3164/3164/3164
f 3168/3168/3168 3167/3167/3167 3166/3166/3166
f 3166/3166/3166 3169/3169/3169 3168/3168/3168
f 3172/3172/3172 3171/3171/3171 3170/3170/3170
f 3170/3170/3170 3173/3173/3173 3172/3172/3172
f 3176/3176/3176 3175/3175/3175 3174/3174/3174
f 3174/3174/3174 3177/3177/3177 3176/3176/3176
f 3180/3180/3180 3179/3179/3179 3178/3178/3178
f 3178/3178/3178 3181/3181/3181 3180/3180/3180
f 3184/3184/3184 3183/3183/3183 3182/3182/3182
f 3182/3182/3182 3185/3185/3185 3184/3184/3184
f 3188/3188/3188 3187/3187/3187 3186/3186/3186
f 3186/3186/3186 3189/3189/3189 3188/3188/3188
f 3192/3192/3192 3191/3191/3191 3190/3190/3190
f 3190/3190/3190 3193/3193/3193 3192/3192/3192
f 3196/3196/3196 3195/3195/3195 3194/3194/3194
f 3194/3194/3194 3197/3197/3197 3196/3196/3196
f 3200/3200/3200 3199/3199/3199 3198/3198/3198
f 3198/3198/3198 3201/3201/3201 3200/3200/3200
f 3204/3204/3204 3203/3203/3203 3202/3202/3202
f 3202/3202/3202 3205/3205/3205 3204/3204/3204
f 3208/3208/3208 3207/3207/3207 3206/3206/3206
f 3206/3206/3206 3209/3209/3209 3208/3208/3208
f 3212/3212/3212 3211/3211/3211 3210/3210/3210
f 3210/3210/3210 3213/3213/3213 3212/3212/3212
f 3216/3216/3216 3215/3215/3215 3214/3214/3214
f 3214/3214/3214 3217/3217/3217 3216/3216/3216
f 3220/3220/3220 3219/3219/3219 3218/3218/3218
f 3218/3218/3218 3221/3221/3221 3220/3220/3220
f 3224/3224/3224 3223/3223/3223 3222/3222/3222
f 3222/3222/3222 3225/3225/3225 3224/3224/3224
f 3228/3228/3228 3227/3227/3227 3226/3226/3226
f 3226/3226/3226 3229/3229/3229 3228/3228/3228
f 3232/3232/3232 3231/3231/3231 3230/3230/3230
f 3230/3230/3230 3233/3233/3233 3232/3232/3232
f 3236/3236/3236 3235/3235/3235 3234/3234/3234
f 3234/3234/3234 3237/3237/3237 3236/3236/3236
f 3240/3240/3240 3239/3239/3239 3238/3238/3238
f 3238/3238/3238 3241/3241/3241 3240/3240/3240
f 3244/3244/3244 3243/3243/3243 3242/3242/3242
f 3242/3242/3242 3245/3245/3245 3244/3244/3244
f 3248/3248/3248 3247/3247/3247 3691/3691/3691
f 3691/3691/3691 3249/3249/3249 3248/3248/3248
f 3252/3252/3252 3251/3251/3251 3250/3250/3250
f 3250/3250/3250 3253/3253/3253 3252/3252/3252
f 3256/3256/3256 3255/3255/3255 3254/3254/3254
f 3254/3254/3254 3257/3257/3257 3256/3256/3256
f 3260/3260/3260 3259/3259/3259 3258/3258/3258
f 3258/3258/3258 3261/3261/3261 3260/3260/3260
f 3264/3264/3264 3263/3263/3263 3262/3262/3262
f 3262/3262/3262 3265/3265/3265 3264/3264/3264
f 3268/3268/3268 3267/3267/3267 3266/3266/3266
f 3266/3266/3266 3269/3269/3269 3268/3268/3268
f 3272/3272/3272 3271/3271/3271 3680/3680/3680
f 3680/3680/3680 3273/3273/3273 3272/3272/3272
f 3276/3276/3276 3275/3275/3275 3274/3274/3274
f 3274/3274/3274 3277/3277/3277 3276/3276/3276
f 3280/3280/3280 3279/3279/3279 3278/3278/3278
f 3278/3278/3278 3281/3281/3281 3280/3280/3280
f 3284/3284/3284 3283/3283/3283 3282/3282/3282
f 3282/3282/3282 3285/3285/3285 3284/3284/3284
f 3288/3288/3288 3287/3287/3287 3286/3286/3286
f 3286/3286/3286 3289/3289/3289 3288/3288/3288
f 3292/3292/3292 3291/3291/3291 3290/3290/3290
f 3290/3290/3290 3293/3293/3293 3292/3292/3292
f 3296/3296/3296 3295/3295/3295 3833/3833/3833
f 3833/3833/3833 3297/3297/3297 3296/3296/3296
f 3300/3300/3300 3299/3299/3299 3298/3298/3298
f 3298/3298/3298 3301/3301/3301 3300/3300/3300
f 3304/3304/3304 3303/3303/3303 3302/3302/3302
f 3302/3302/3302 3305/3305/3305 3304/3304/3304
f 3308/3308/3308 3307/3307/3307 3306/3306/3306
f 3306/3306/3306 3309/3309/3309 3308/3308/3308
f 3312/3312/3312 3311/3311/3311 3310/3310/3310
f 3310/3310/3310 3313/3313/3313 3312/3312/3312
f 3316/3316/3316 3315/3315/3315 3314/3314/3314
f 3314/3314/3314 3317/3317/3317 3316/3316/3316
f 3320/3320/3320 3319/3319/3319 3839/3839/3839
f 3839/3839/3839 3321/3321/3321 3320/3320/3320
f 3324/3324/3324 3323/3323/3323 3322/3322/3322
f 3322/3322/3322 3325/3325/3325 3324/3324/3324
f 3328/3328/3328 3327/3327/3327 3326/3326/3326
f 3326/3326/3326 3329/3329/3329 3328/3328/3328
f 3332/3332/3332 3331/3331/3331 3330/3330/3330
f 3330/3330/3330 3333/3333/3333 3332/3332/3332
f 3336/3336/3336 3335/3335/3335 3334/3334/3334
f 3334/3334/3334 3337/3337/3337 3336/3336/3336
f 3340/3340/3340 3339/3339/3339 3338/3338/3338
f 3338/3338/3338 3341/3341/3341 3340/3340/3340
f 3344/3344/3344 3343/3343/3343 3821/3821/3821
f 3821/3821/3821 3345/3345/3345 3344/3344/3344
f 3348/3348/3348 3347/3347/3347 3346/3346/3346
f 3346/3346/3346 3349/3349/3349 3348/3348/3348
f 3352/3352/3352 3351/3351/3351 3350/3350/3350
f 3350/3350/3350 3353/3353/3353 3352/3352/3352
f 3356/3356/3356 3355/3355/3355 3354/3354/3354
f 3354/3354/3354 3357/3357/3357 3356/3356/3356
f 3360/3360/3360 3359/3359/3359 3358/3358/3358
f 3358/3358/3358 3361/3361/3361 3360/3360/3360
f 3364/3364/3364 3363/3363/3363 3362/3362/3362
f 3362/3362/3362 3365/3365/3365 3364/3364/3364
f 3368/3368/3368 3367/3367/3367 3825/3825/3825
f 3825/3825/3825 3369/3369/3369 3368/3368/3368
f 3372/3372/3372 3371/3371/3371 3370/3370/3370
f 3370/3370/3370 3373/3373/3373 3372/3372/3372
f 3376/3376/3376 3375/3375/3375 3374/3374/3374
f 3374/3374/3374 3377/3377/3377 3376/3376/3376
f 3380/3380/3380 3379/3379/3379 3378/3378/3378
f 3378/3378/3378 3381/3381/3381 3380/3380/3380
f 3384/3384/3384 3383/3383/3383 3382/3382/3382
f 3382/3382/3382 3385/3385/3385 3384/3384/3384
f 3388/3388/3388 3387/3387/3387 3386/3386/3386
f 3386/3386/3386 3389/3389/3389 3388/3388/3388
f 3392/3392/3392 3391/3391/3391 3754/3754/3754
f 3754/3754/3754 3393/3393/3393 3392/3392/3392
f 3396/3396/3396 3395/3395/3395 3394/3394/3394
f 3394/3394/3394 3397/3397/3397 3396/3396/3396
f 3400/3400/3400 3399/3399/3399 3398/3398/3398
f 3398/3398/3398 3401/3401/3401 3400/3400/3400
f 3404/3404/3404 3403/3403/3403 3402/3402/3402
f 3402/3402/3402 3405/3405/3405 3404/3404/3404
f 3408/3408/3408 3407/3407/3407 3406/3406/3406
f 3406/3406/3406 3409/3409/3409 3408/3408/3408
f 3412/3412/3412 3411/3411/3411 3410/3410/3410
f 3410/3410/3410 3413/3413/3413 3412/3412/3412
f 3416/3416/3416 3415/3415/3415 3737/3737/3737
f 3737/3737/3737 3417/3417/3417 3416/3416/3416
f 3420/3420/3420 3419/3419/3419 3418/3418/3418
f 3418/3418/3418 3421/3421/3421 3420/3420/3420
f 3424/3424/3424 3423/3423/3423 3422/3422/3422
f 3422/3422/3422 3425/3425/3425 3424/3424/3424
f 3428/3428/3428 3427/3427/3427 3426/3426/3426
f 3426/3426/3426 3429/3429/3429 3428/3428/3428
f 3432/3432/3432 3431/3431/3431 3430/3430/3430
f 3430/3430/3430 3433/3433/3433 3432/3432/3432
f 3436/3436/3436 3435/3435/3435 3434/3434/3434
f 3434/3434/3434 3437/3437/3437 3436/3436/3436
f 3440/3440/3440 3439/3439/3439 3731/3731/3731
f 3731/3731/3731 3441/3441/3441 3440/3440/3440
f 3444/3444/3444 3443/3443/3443 3442/3442/3442
f 3442/3442/3442 3445/3445/3445 3444/3444/3444
f 3448/3448/3448 3447/3447/3447 3446/3446/3446
f 3446/3446/3446 3449/3449/3449 3448/3448/3448
f 3452/3452/3452 3451/3451/3451 3450/3450/3450
f 3450/3450/3450 3453/3453/3453 3452/3452/3452
f 3456/3456/3456 3455/3455/3455 3454/3454/3454
f 3454/3454/3454 3457/3457/3457 3456/3456/3456
f 3460/3460/3460 3459/3459/3459 3458/3458/3458
f 3458/3458/3458 3461/3461/3461 3460/3460/3460
f 3464/3464/3464 3463/3463/3463 3730/3730/3730
f 3730/3730/3730 3465/3465/3465 3464/3464/3464
f 3468/3468/3468 3467/3467/3467 3466/3466/3466
f 3466/3466/3466 3469/3469/3469 3468/3468/3468
f 3472/3472/3472 3471/3471/3471 3470/3470/3470
f 3470/3470/3470 3473/3473/3473 3472/3472/3472
f 3476/3476/3476 3475/3475/3475 3474/3474/3474
f 3474/3474/3474 3477/3477/3477 3476/3476/3476
f 3480/3480/3480 3479/3479/3479 3478/3478/3478
f 3478/3478/3478 3481/3481/3481 3480/3480/3480
f 3484/3484/3484 3483/3483/3483 3482/3482/3482
f 3482/3482/3482 3485/3485/3485 3484/3484/3484
f 3488/3488/3488 3487/3487/3487 3738/3738/3738
f 3738/3738/3738 3489/3489/3489 3488/3488/3488
f 3492/3492/3492 3491/3491/3491 3490/3490/3490
f 3490/3490/3490 3493/3493/3493 3492/3492/3492
f 3496/3496/3496 3495/3495/3495 3494/3494/3494
f 3494/3494/3494 3497/3497/3497 3496/3496/3496
f 3500/3500/3500 3499/3499/3499 3498/3498/3498
f 3498/3498/3498 3501/3501/3501 3500/3500/3500
f 3504/3504/3504 3503/3503/3503 3502/3502/3502
f 3502/3502/3502 3505/3505/3505 3504/3504/3504
f 3508/3508/3508 3507/3507/3507 3506/3506/3506
f 3506/3506/3506 3509/3509/3509 3508/3508/3508
f 3512/3512/3512 3511/3511/3511 3708/3708/3708
f 3708/3708/3708 3513/3513/3513 3512/3512/3512
f 3516/3516/3516 3515/3515/3515 3514/3514/3514
f 3514/3514/3514 3517/3517/3517 3516/3516/3516
f 3520/3520/3520 3519/3519/3519 3518/3518/3518
f 3518/3518/3518 3521/3521/3521 3520/3520/3520
f 3524/3524/3524 3523/3523/3523 3522/3522/3522
f 3522/3522/3522 3525/3525/3525 3524/3524/3524
f 3528/3528/3528 3527/3527/3527 3526/3526/3526
f 3526/3526/3526 3529/3529/3529 3528/3528/3528
f 3532/3532/3532 3531/3531/3531 3530/3530/3530
f 3530/3530/3530 3533/3533/3533 3532/3532/3532
f 3536/3536/3536 3535/3535/3535 3678/3678/3678
f 3678/3678/3678 3537/3537/3537 3536/3536/3536
f 3540/3540/3540 3539/3539/3539 3538/3538/3538
f 3538/3538/3538 3541/3541/3541 3540/3540/3540
f 3544/3544/3544 3543/3543/3543 3542/3542/3542
f 3542/3542/3542 3545/3545/3545 3544/3544/3544
f 3548/3548/3548 3547/3547/3547 3546/3546/3546
f 3546/3546/3546 3549/3549/3549 3548/3548/3548
f 3552/3552/3552 3551/3551/3551 3550/3550/3550
f 3550/3550/3550 3553/3553/3553 3552/3552/3552
f 3556/3556/3556 3555/3555/3555 3554/3554/3554
f 3554/3554/3554 3557/3557/3557 3556/3556/3556
f 3560/3560/3560 3559/3559/3559 3722/3722/3722
f 3722/3722/3722 3561/3561/3561 3560/3560/3560
o G3_Myrtana_House_Hut_02_3
usemtl G3_Architecture_Wood_09_A
v -4.317598 2.743138 1.980238
v -4.317598 2.940005 1.980238
v -4.317598 2.940005 1.783375
v -4.317598 2.743138 1.783375
v 4.255645 2.743138 1.783378
v 4.254932 2.940005 1.783378
v 4.229170 2.940005 1.980240
v 4.229873 2.743138 1.980240
v -4.426426 2.940005 2.050509
v -4.328770 2.940005 2.050509
v -4.328770 2.940005 -4.566658
v -4.426426 2.940005 -4.566658
v -4.426426 2.743137 2.050509
v -4.426426 2.940005 2.050509
v -4.426426 2.940005 -4.566658
v -4.426426 2.743137 -4.566658
v -4.328770 2.940005 2.050509
v -4.328770 2.743137 2.050509
v -4.328770 2.743137 -4.566658
v -4.328770 2.940005 -4.566658
v -4.426426 2.743137 -4.566658
v -4.426426 2.940005 -4.566658
v -4.328770 2.940005 -4.566658
v -4.328770 2.743137 -4.566658
v -4.426426 2.940005 2.050509
v -4.426426 2.743137 2.050509
v -4.328770 2.743137 2.050509
v -4.328770 2.940005 2.050509
v -4.276426 -0.065613 2.020509
v -4.178770 -0.065613 2.020510
v -4.178770 -0.065613 -4.579490
v -4.276426 -0.065613 -4.579490
v -4.276426 -0.262480 2.020509
v -4.276426 -0.065613 2.020509
v -4.276426 -0.065613 -4.579490
v -4.276426 -0.262480 -4.579490
v -4.178770 -0.065613 2.020510
v -4.178770 -0.262480 2.020510
v -4.178770 -0.262480 -4.579490
v -4.178770 -0.065613 -4.579490
v -4.276426 -0.262480 -4.579490
v -4.276426 -0.065613 -4.579490
v -4.178770 -0.065613 -4.579490
v -4.178770 -0.262480 -4.579490
v -4.276426 -0.065613 2.020509
v -4.276426 -0.262480 2.020509
v -4.178770 -0.262480 2.020510
v -4.178770 -0.065613 2.020510
v 4.082236 -0.262481 1.783376
v 4.082236 -0.262481 1.980239
v 2.802852 -0.301238 1.980239
v 2.807852 -0.301238 1.783376
v -4.218848 -0.262481 1.980239
v -4.218848 -0.065614 1.980239
v -4.218848 -0.065614 1.783376
v -4.218848 -0.262481 1.783376
v 4.082236 -0.065614 1.980239
v 4.082236 -0.262481 1.980239
v 4.082236 -0.262481 1.783376
v 4.082236 -0.065614 1.783376
v -4.218848 -0.262481 1.980239
v -4.218848 -0.262481 1.783376
v 1.056455 -0.262481 1.783376
v 1.030684 -0.262481 1.980239
v 2.809199 -0.104371 1.783376
v 2.804189 -0.104371 1.980239
v 4.082236 -0.065614 1.980239
v 4.082236 -0.065614 1.783376
v 2.804189 -0.104371 1.980239
v 2.802852 -0.301238 1.980239
v 4.082236 -0.262481 1.980239
v 4.082236 -0.065614 1.980239
v 2.807852 -0.301238 1.783376
v 2.809199 -0.104371 1.783376
v 4.082236 -0.065614 1.783376
v 4.082236 -0.262481 1.783376
v 2.807852 -0.301238 1.783376
v 2.802852 -0.301238 1.980239
v 2.804189 -0.104371 1.980239
v 2.809199 -0.104371 1.783376
v 1.056455 -0.262481 1.783376
v 1.055742 -0.065614 1.783376
v 1.029980 -0.065614 1.980239
v 1.030684 -0.262481 1.980239
v 4.083574 -0.065613 2.050510
v 4.181230 -0.065613 2.050510
v 4.181230 -0.065613 -4.566658
v 4.083574 -0.065613 -4.566658
v 4.083574 -0.262480 2.050510
v 4.083574 -0.065613 2.050510
v 4.083574 -0.065613 -4.566658
v 4.083574 -0.262480 -4.566658
v 4.181230 -0.065613 2.050510
v 4.181230 -0.262480 2.050510
v 4.181230 -0.262480 -4.566658
v 4.181230 -0.065613 -4.566658
v 4.083574 -0.262480 -4.566658
v 4.083574 -0.065613 -4.566658
v 4.181230 -0.065613 -4.566658
v 4.181230 -0.262480 -4.566658
v 4.083574 -0.065613 2.050510
v 4.083574 -0.262480 2.050510
v 4.181230 -0.262480 2.050510
v 4.181230 -0.065613 2.050510
v -4.218848 -0.262480 -4.422253
v -4.218848 -0.065613 -4.422253
v -4.218848 -0.065613 -4.536726
v -4.218848 -0.262480 -4.536726
v 4.082236 -0.065613 -4.422253
v 4.082236 -0.262480 -4.422253
v 4.082236 -0.262480 -4.536726
v 4.082236 -0.065613 -4.536726
v -4.507598 2.743137 -4.552253
v -4.507598 2.940005 -4.552253
v -4.507598 2.940005 -4.666726
v -4.507598 2.743137 -4.666726
v 4.372402 2.940005 -4.552253
v 4.372402 2.743137 -4.552253
v 4.372402 2.743137 -4.666726
v 4.372402 2.940005 -4.666726
v 4.193574 2.940005 2.030511
v 4.291230 2.940005 2.030511
v 4.291230 2.940005 -4.566658
v 4.193574 2.940005 -4.566658
v 4.193574 2.743137 2.030511
v 4.193574 2.940005 2.030511
v 4.193574 2.940005 -4.566658
v 4.193574 2.743137 -4.566658
v 4.291230 2.940005 2.030511
v 4.291230 2.743137 2.030511
v 4.291230 2.743137 -4.566658
v 4.291230 2.940005 -4.566658
v 4.193574 2.743137 -4.566658
v 4.193574 2.940005 -4.566658
v 4.291230 2.940005 -4.566658
v 4.291230 2.743137 -4.566658
v 4.193574 2.940005 2.030511
v 4.193574 2.743137 2.030511
v 4.291230 2.743137 2.030511
v 4.291230 2.940005 2.030511
v -4.426426 2.743137 -4.566658
v -4.328770 2.743137 -4.566658
v -4.328770 2.743137 2.050509
v -4.426426 2.743137 2.050509
v -4.276426 -0.262480 -4.579490
v -4.178770 -0.262480 -4.579490
v -4.178770 -0.262480 2.020510
v -4.276426 -0.262480 2.020509
v 4.083574 -0.262480 -4.566658
v 4.181230 -0.262480 -4.566658
v 4.181230 -0.262480 2.050510
v 4.083574 -0.262480 2.050510
v 4.193574 2.743137 -4.566658
v 4.291230 2.743137 -4.566658
v 4.291230 2.743137 2.030511
v 4.193574 2.743137 2.030511
v -4.317598 2.743138 1.980238
v -4.317598 2.743138 1.783375
v 4.255645 2.743138 1.783378
v 4.229873 2.743138 1.980240
v -4.218848 -0.262480 -4.422253
v -4.218848 -0.262480 -4.536726
v 4.082236 -0.262480 -4.536726
v 4.082236 -0.262480 -4.422253
v -4.507598 2.743137 -4.552253
v -4.507598 2.743137 -4.666726
v 4.372402 2.743137 -4.666726
v 4.372402 2.743137 -4.552253
v 4.229170 2.940005 1.980240
v 4.254932 2.940005 1.783378
v -4.317598 2.940005 1.783375
v -4.317598 2.940005 1.980238
v 4.229873 2.743138 1.980240
v 4.229170 2.940005 1.980240
v -4.317598 2.940005 1.980238
v -4.317598 2.743138 1.980238
v 4.254932 2.940005 1.783378
v 4.255645 2.743138 1.783378
v -4.317598 2.743138 1.783375
v -4.317598 2.940005 1.783375
v 1.029980 -0.065614 1.980239
v 1.055742 -0.065614 1.783376
v -4.218848 -0.065614 1.783376
v -4.218848 -0.065614 1.980239
v 1.030684 -0.262481 1.980239
v 1.029980 -0.065614 1.980239
v -4.218848 -0.065614 1.980239
v -4.218848 -0.262481 1.980239
v 1.055742 -0.065614 1.783376
v 1.056455 -0.262481 1.783376
v -4.218848 -0.262481 1.783376
v -4.218848 -0.065614 1.783376
v 4.082236 -0.065613 -4.422253
v 4.082236 -0.065613 -4.536726
v -4.218848 -0.065613 -4.536726
v -4.218848 -0.065613 -4.422253
v 4.082236 -0.262480 -4.422253
v 4.082236 -0.065613 -4.422253
v -4.218848 -0.065613 -4.422253
v -4.218848 -0.262480 -4.422253
v 4.082236 -0.065613 -4.536726
v 4.082236 -0.262480 -4.536726
v -4.218848 -0.262480 -4.536726
v -4.218848 -0.065613 -4.536726
v 4.372402 2.940005 -4.552253
v 4.372402 2.940005 -4.666726
v -4.507598 2.940005 -4.666726
v -4.507598 2.940005 -4.552253
v 4.372402 2.743137 -4.552253
v 4.372402 2.940005 -4.552253
v -4.507598 2.940005 -4.552253
v -4.507598 2.743137 -4.552253
v 4.372402 2.940005 -4.666726
v 4.372402 2.743137 -4.666726
v -4.507598 2.743137 -4.666726
v -4.507598 2.940005 -4.666726
v -3.989297 3.098174 -4.475486
v -4.186162 3.098174 -4.475486
v -4.186162 3.155524 -3.644373
v -3.989297 3.155905 -3.638862
v -3.989297 3.332760 1.783853
v -4.186162 3.332760 1.783853
v -4.186162 3.151543 0.026268
v -3.989297 3.151217 0.021547
v -4.186162 3.098174 -4.475486
v -4.186162 2.901773 -4.461934
v -4.186162 2.957987 -3.647292
v -4.186162 3.155524 -3.644373
v -3.989297 2.901773 -4.461934
v -3.989297 3.098174 -4.475486
v -3.989297 3.155905 -3.638862
v -3.989297 2.958367 -3.641782
v -4.186162 2.901773 -4.461934
v -4.186162 3.098174 -4.475486
v -3.989297 3.098174 -4.475486
v -3.989297 2.901773 -4.461934
v -4.186162 3.529161 1.770300
v -4.186162 3.332760 1.783853
v -3.989297 3.332760 1.783853
v -3.989297 3.529161 1.770300
v -3.979072 2.002601 -4.471802
v -4.175937 2.002601 -4.471802
v -4.175937 1.968439 -3.661125
v -3.979072 1.968438 -3.655623
v -3.979072 1.805734 1.788835
v -4.175937 1.805734 1.788835
v -4.175937 1.841571 0.034982
v -3.979072 1.841571 0.030255
v -4.175937 2.002601 -4.471802
v -4.175937 1.805734 -4.471802
v -4.175937 1.771571 -3.664036
v -4.175937 1.968439 -3.661125
v -3.979072 1.805734 -4.471802
v -3.979072 2.002601 -4.471802
v -3.979072 1.968438 -3.655623
v -3.979072 1.771571 -3.658533
v -4.175937 1.805734 -4.471802
v -4.175937 2.002601 -4.471802
v -3.979072 2.002601 -4.471802
v -3.979072 1.805734 -4.471802
v -4.175937 2.002601 1.788835
v -4.175937 1.805734 1.788835
v -3.979072 1.805734 1.788835
v -3.979072 2.002601 1.788835
v -3.979072 2.002601 -2.388679
v -4.175937 2.002601 -2.377087
v -4.175937 2.056580 -1.768142
v -3.979072 2.056580 -1.756533
v -4.175937 2.002601 -2.377087
v -4.175937 1.805734 -2.379717
v -4.175937 1.859713 -1.769399
v -4.175937 2.056580 -1.768142
v -3.979072 1.805734 -2.391309
v -3.979072 2.002601 -2.388679
v -3.979072 2.056580 -1.756533
v -3.979072 1.859713 -1.757791
v -3.979072 1.805734 -3.336860
v -4.175937 1.805734 -3.338196
v -4.175937 1.771571 -3.664036
v -3.979072 1.771571 -3.658533
v -3.979072 1.805734 -2.391309
v -4.175937 1.805734 -2.379717
v -4.175937 2.002601 -2.377087
v -3.979072 2.002601 -2.388679
v -4.175937 1.805734 -3.338196
v -3.979072 1.805734 -3.336860
v -3.979072 2.002601 -3.335259
v -4.175937 2.002601 -3.336597
v 1.029980 2.178278 1.734031
v 1.055742 2.178278 1.537166
v -4.218848 2.178278 1.537166
v -4.218848 2.178278 1.734031
v 2.802852 1.981410 1.734031
v 2.807852 1.981410 1.537166
v 4.082236 1.981410 1.537166
v 4.082236 1.981410 1.734031
v 1.030684 1.981410 1.734031
v 1.029980 2.178278 1.734031
v -4.218848 2.178278 1.734031
v -4.218848 1.981410 1.734031
v 1.055742 2.178278 1.537166
v 1.056455 1.981410 1.537166
v -4.218848 1.981410 1.537166
v -4.218848 2.178278 1.537166
v -4.218848 1.981410 1.734031
v -4.218848 2.178278 1.734031
v -4.218848 2.178278 1.537166
v -4.218848 1.981410 1.537166
v 4.082236 2.178278 1.734031
v 4.082236 1.981410 1.734031
v 4.082236 1.981410 1.537166
v 4.082236 2.178278 1.537166
v 4.082236 2.178278 1.734031
v 4.082236 2.178278 1.537166
v 2.809199 2.178278 1.537166
v 2.804189 2.178278 1.734031
v 4.082236 1.981410 1.734031
v 4.082236 2.178278 1.734031
v 2.804189 2.178278 1.734031
v 2.802852 1.981410 1.734031
v 4.082236 2.178278 1.537166
v 4.082236 1.981410 1.537166
v 2.807852 1.981410 1.537166
v 2.809199 2.178278 1.537166
v 2.807852 1.981410 1.537166
v 2.802852 1.981410 1.734031
v 2.804189 2.178278 1.734031
v 2.809199 2.178278 1.537166
v 1.056455 1.981410 1.537166
v 1.055742 2.178278 1.537166
v 1.029980 2.178278 1.734031
v 1.030684 1.981410 1.734031
v -4.218848 3.528596 1.734031
v -4.218848 3.528596 1.537166
v 4.082236 3.528596 1.537166
v 4.082236 3.528596 1.734031
v -4.218848 3.528596 1.734031
v -4.218848 3.725464 1.734031
v -4.218848 3.725464 1.537166
v -4.218848 3.528596 1.537166
v 4.082236 3.725464 1.734031
v 4.082236 3.528596 1.734031
v 4.082236 3.528596 1.537166
v 4.082236 3.725464 1.537166
v -4.218848 2.003087 -4.263347
v -4.218848 2.003087 -4.460212
v 4.082236 2.003087 -4.460212
v 4.082236 2.003087 -4.263347
v -4.218848 2.003087 -4.263347
v -4.218848 2.199955 -4.263347
v -4.218848 2.199955 -4.460212
v -4.218848 2.003087 -4.460212
v 4.082236 2.199955 -4.263347
v 4.082236 2.003087 -4.263347
v 4.082236 2.003087 -4.460212
v 4.082236 2.199955 -4.460212
v 3.861406 1.805734 -4.476248
v 4.058271 1.805734 -4.476248
v 4.058271 1.805734 1.706602
v 3.861406 1.805734 1.706602
v 3.861406 1.805734 -4.476248
v 3.861406 2.002601 -4.476248
v 4.058271 2.002601 -4.476248
v 4.058271 1.805734 -4.476248
v 3.861406 2.002601 1.706602
v 3.861406 1.805734 1.706602
v 4.058271 1.805734 1.706602
v 4.058271 2.002601 1.706602
v 3.861406 2.901773 -4.461934
v 4.058271 2.901773 -4.461934
v 4.058271 3.332760 1.783853
v 3.861406 3.332760 1.783853
v 3.861406 2.901773 -4.461934
v 3.861406 3.098174 -4.475486
v 4.058271 3.098174 -4.475486
v 4.058271 2.901773 -4.461934
v 3.861406 3.529161 1.770300
v 3.861406 3.332760 1.783853
v 4.058271 3.332760 1.783853
v 4.058271 3.529161 1.770300
v -3.989297 3.348466 0.020289
v -4.186162 3.348792 0.025011
v -4.186162 3.529161 1.770300
v -3.989297 3.529161 1.770300
v -4.186162 3.142072 -1.761819
v -3.989297 3.142874 -1.750203
v -4.186162 3.348792 0.025011
v -4.186162 3.151543 0.026268
v -4.186162 3.332760 1.783853
v -4.186162 3.529161 1.770300
v -3.989297 3.151217 0.021547
v -3.989297 3.348466 0.020289
v -3.989297 3.529161 1.770300
v -3.989297 3.332760 1.783853
v -4.175937 1.859713 -1.769399
v -3.979072 1.859713 -1.757791
v -3.979072 2.038439 0.029000
v -4.175937 2.038439 0.033727
v -4.175937 2.002601 1.788835
v -3.979072 2.002601 1.788835
v -4.175937 2.038439 0.033727
v -4.175937 1.841571 0.034982
v -4.175937 1.805734 1.788835
v -4.175937 2.002601 1.788835
v -3.979072 1.841571 0.030255
v -3.979072 2.038439 0.029000
v -3.979072 2.002601 1.788835
v -3.979072 1.805734 1.788835
v 3.861406 2.002601 1.706602
v 4.058271 2.002601 1.706602
v 4.058271 2.002601 -4.476248
v 3.861406 2.002601 -4.476248
v 3.861406 1.805734 1.706602
v 3.861406 2.002601 1.706602
v 3.861406 2.002601 -4.476248
v 3.861406 1.805734 -4.476248
v 4.058271 2.002601 1.706602
v 4.058271 1.805734 1.706602
v 4.058271 1.805734 -4.476248
v 4.058271 2.002601 -4.476248
v 3.861406 3.529161 1.770300
v 4.058271 3.529161 1.770300
v 4.058271 3.098174 -4.475486
v 3.861406 3.098174 -4.475486
v 3.861406 3.332760 1.783853
v 3.861406 3.529161 1.770300
v 3.861406 3.098174 -4.475486
v 3.861406 2.901773 -4.461934
v 4.058271 3.529161 1.770300
v 4.058271 3.332760 1.783853
v 4.058271 2.901773 -4.461934
v 4.058271 3.098174 -4.475486
v -3.989297 3.340296 -1.748945
v -4.186162 3.339495 -1.760559
v -4.186162 3.339495 -1.760559
v -4.186162 3.142072 -1.761819
v -3.989297 3.142874 -1.750203
v -3.989297 3.340296 -1.748945
v -4.186162 2.957987 -3.647292
v -3.989297 2.958367 -3.641782
v -4.175937 1.805734 -2.379717
v -3.979072 1.805734 -2.391309
v -4.175937 2.002601 -3.336597
v -3.979072 2.002601 -3.335259
v -4.175937 1.805734 -3.338196
v -4.175937 2.002601 -3.336597
v -3.979072 2.002601 -3.335259
v -3.979072 1.805734 -3.336860
v -4.175937 1.805734 -4.471802
v -3.979072 1.805734 -4.471802
v -4.186162 2.901773 -4.461934
v -3.989297 2.901773 -4.461934
v -4.218848 1.981410 1.734031
v -4.218848 1.981410 1.537166
v 1.056455 1.981410 1.537166
v 1.030684 1.981410 1.734031
v 4.082236 3.725464 1.734031
v 4.082236 3.725464 1.537166
v -4.218848 3.725464 1.537166
v -4.218848 3.725464 1.734031
v 4.082236 3.528596 1.734031
v 4.082236 3.725464 1.734031
v -4.218848 3.725464 1.734031
v -4.218848 3.528596 1.734031
v 4.082236 3.725464 1.537166
v 4.082236 3.528596 1.537166
v -4.218848 3.528596 1.537166
v -4.218848 3.725464 1.537166
v 4.082236 2.199955 -4.263347
v 4.082236 2.199955 -4.460212
v -4.218848 2.199955 -4.460212
v -4.218848 2.199955 -4.263347
v 4.082236 2.003087 -4.263347
v 4.082236 2.199955 -4.263347
v -4.218848 2.199955 -4.263347
v -4.218848 2.003087 -4.263347
v 4.082236 2.199955 -4.460212
v 4.082236 2.003087 -4.460212
v -4.218848 2.003087 -4.460212
v -4.218848 2.199955 -4.460212
v -1.862529 1.133173 1.585129
v -2.071572 0.826653 1.583120
v -2.074717 0.828513 1.659541
v -1.865664 1.135034 1.661550
v -1.865664 1.135034 1.661550
v -2.074717 0.828513 1.659541
v 0.127344 -0.153167 1.655891
v 0.287988 0.174897 1.652271
v 0.287988 0.174897 1.652271
v 0.127344 -0.153167 1.655891
v 0.130479 -0.155028 1.579470
v 0.291123 0.173037 1.575850
v 0.291123 0.173037 1.575850
v 0.130479 -0.155028 1.579470
v -2.071572 0.826653 1.583120
v -1.862529 1.133173 1.585129
v -2.071572 0.826653 1.583120
v 0.130479 -0.155028 1.579470
v 0.127344 -0.153167 1.655891
v -2.074717 0.828513 1.659541
v 0.291123 0.173037 1.575850
v -1.862529 1.133173 1.585129
v -1.865664 1.135034 1.661550
v 0.287988 0.174897 1.652271
v -2.648604 3.293499 -2.497944
v -2.648604 3.321453 -2.405237
v -4.128682 3.321453 -2.495403
v -4.128682 3.293499 -2.588110
v -2.648604 3.293499 -2.497944
v -4.128682 3.293499 -2.588110
v -4.128682 3.497450 -2.662456
v -2.648604 3.497450 -2.572290
v -2.648604 3.497450 -2.572290
v -4.128682 3.497450 -2.662456
v -4.128682 3.547822 -2.495403
v -2.648604 3.547822 -2.405237
v -2.648604 3.547822 -2.405237
v -4.128682 3.547822 -2.495403
v -4.128682 3.321453 -2.495403
v -2.648604 3.321453 -2.405237
v -1.168516 3.271605 -2.581729
v -1.168516 3.303895 -2.469124
v -1.168516 3.507193 -2.672031
v -1.168516 3.271605 -2.581729
v -1.168516 3.565379 -2.469124
v -1.168516 3.507193 -2.672031
v -1.168516 3.303895 -2.469124
v -1.168516 3.565379 -2.469124
v 0.311572 3.234286 -2.498140
v 0.311572 3.257418 -2.416191
v 0.311572 3.403054 -2.563857
v 0.311572 3.234286 -2.498140
v 0.311572 3.444736 -2.416191
v 0.311572 3.403054 -2.563857
v 0.311572 3.257418 -2.416191
v 0.311572 3.444736 -2.416191
v 1.791660 3.238866 -2.625403
v 1.791660 3.266820 -2.532695
v 1.791660 3.442817 -2.699749
v 1.791660 3.238866 -2.625403
v 1.791660 3.493189 -2.532695
v 1.791660 3.442817 -2.699749
v 1.791660 3.266820 -2.532695
v 1.791660 3.493189 -2.532695
v 3.271748 3.228866 -2.562590
v 3.271748 3.256820 -2.469883
v 3.271748 3.432817 -2.636936
v 3.271748 3.228866 -2.562590
v 3.271748 3.483189 -2.469883
v 3.271748 3.432817 -2.636936
v 3.271748 3.256820 -2.469883
v 3.271748 3.483189 -2.469883
v 4.011787 3.293499 -2.497944
v 4.011787 3.321453 -2.405237
v 4.011787 3.497450 -2.572290
v 4.011787 3.293499 -2.497944
v 4.011787 3.547822 -2.405237
v 4.011787 3.497450 -2.572290
v 4.011787 3.321453 -2.405237
v 4.011787 3.547822 -2.405237
v -2.648604 3.313251 -1.184558
v -2.648604 3.331625 -1.091851
v -4.128682 3.331625 -1.161721
v -4.128682 3.313251 -1.254429
v -2.648604 3.313251 -1.184558
v -4.128682 3.313251 -1.254429
v -4.128682 3.447309 -1.328774
v -2.648604 3.447309 -1.258904
v -2.648604 3.447309 -1.258904
v -4.128682 3.447309 -1.328774
v -4.128682 3.480418 -1.161721
v -2.648604 3.480418 -1.091851
v -2.648604 3.480418 -1.091851
v -4.128682 3.480418 -1.161721
v -4.128682 3.331625 -1.161721
v -2.648604 3.331625 -1.091851
v -1.168516 3.313251 -1.298877
v -1.168516 3.331625 -1.189116
v -1.168516 3.447309 -1.386899
v -1.168516 3.313251 -1.298877
v -1.168516 3.480418 -1.189116
v -1.168516 3.447309 -1.386899
v -1.168516 3.331625 -1.189116
v -1.168516 3.480418 -1.189116
v 0.311572 3.313251 -1.254429
v 0.311572 3.331625 -1.161721
v 0.311572 3.447309 -1.328774
v 0.311572 3.313251 -1.254429
v 0.311572 3.480418 -1.161721
v 0.311572 3.447309 -1.328774
v 0.311572 3.331625 -1.161721
v 0.311572 3.480418 -1.161721
v 1.791660 3.313251 -1.357429
v 1.791660 3.331625 -1.250054
v 1.791660 3.447309 -1.443538
v 1.791660 3.313251 -1.357429
v 1.791660 3.480418 -1.250054
v 1.791660 3.447309 -1.443538
v 1.791660 3.331625 -1.250054
v 1.791660 3.480418 -1.250054
v 3.271748 3.313251 -1.318259
v 3.271748 3.331625 -1.225552
v 3.271748 3.447309 -1.392605
v 3.271748 3.313251 -1.318259
v 3.271748 3.480418 -1.225552
v 3.271748 3.447309 -1.392605
v 3.271748 3.331625 -1.225552
v 3.271748 3.480418 -1.225552
v 4.011787 3.313251 -1.254429
v 4.011787 3.331625 -1.161721
v 4.011787 3.447309 -1.328774
v 4.011787 3.313251 -1.254429
v 4.011787 3.480418 -1.161721
v 4.011787 3.447309 -1.328774
v 4.011787 3.331625 -1.161721
v 4.011787 3.480418 -1.161721
v -2.648604 3.431251 -0.307446
v -2.648604 3.448325 -0.214739
v -4.128682 3.438757 -0.246329
v -4.128682 3.419319 -0.368551
v -2.648604 3.431251 -0.307446
v -4.128682 3.419319 -0.368551
v -4.128682 3.561135 -0.466566
v -2.648604 3.555825 -0.381790
v -2.648604 3.555825 -0.381790
v -4.128682 3.561135 -0.466566
v -4.128682 3.596160 -0.246329
v -2.648604 3.586592 -0.214739
v -2.648604 3.586592 -0.214739
v -4.128682 3.596160 -0.246329
v -4.128682 3.438757 -0.246329
v -2.648604 3.448325 -0.214739
v -1.168516 3.364602 -0.259775
v -1.168516 3.381677 -0.167068
v -1.168516 3.489176 -0.334121
v -1.168516 3.364602 -0.259775
v -1.168516 3.519944 -0.167068
v -1.168516 3.489176 -0.334121
v -1.168516 3.381677 -0.167068
v -1.168516 3.519944 -0.167068
v 0.311572 3.404846 -0.295134
v 0.311572 3.427151 -0.164148
v 0.311572 3.567576 -0.400176
v 0.311572 3.404846 -0.295134
v 0.311572 3.607767 -0.164148
v 0.311572 3.567576 -0.400176
v 0.311572 3.427151 -0.164148
v 0.311572 3.607767 -0.164148
v 1.791660 3.380556 -0.369360
v 1.791660 3.407672 -0.258362
v 1.791660 3.578386 -0.458376
v 1.791660 3.380556 -0.369360
v 1.791660 3.627246 -0.258362
v 1.791660 3.578386 -0.458376
v 1.791660 3.407672 -0.258362
v 1.791660 3.627246 -0.258362
v 3.271748 3.431251 -0.281240
v 3.271748 3.448325 -0.188533
v 3.271748 3.555825 -0.355586
v 3.271748 3.431251 -0.281240
v 3.271748 3.586592 -0.188533
v 3.271748 3.555825 -0.355586
v 3.271748 3.448325 -0.188533
v 3.271748 3.586592 -0.188533
v 4.011787 3.431251 -0.281239
v 4.011787 3.448325 -0.188531
v 4.011787 3.555825 -0.355585
v 4.011787 3.431251 -0.281239
v 4.011787 3.586592 -0.188531
v 4.011787 3.555825 -0.355585
v 4.011787 3.448325 -0.188531
v 4.011787 3.586592 -0.188531
v -2.648604 3.487893 0.574509
v -2.648604 3.506690 0.683657
v -4.128682 3.506690 0.596351
v -4.128682 3.487893 0.503644
v -2.648604 3.487893 0.574509
v -4.128682 3.487893 0.503644
v -4.128682 3.625035 0.429298
v -2.648604 3.625035 0.486980
v -2.648604 3.625035 0.486980
v -4.128682 3.625035 0.429298
v -4.128682 3.658906 0.596351
v -2.648604 3.658906 0.683657
v -2.648604 3.658906 0.683657
v -4.128682 3.658906 0.596351
v -4.128682 3.506690 0.596351
v -2.648604 3.506690 0.683657
v -1.168516 3.401041 0.566736
v -1.168516 3.419838 0.659443
v -1.168516 3.538182 0.492390
v -1.168516 3.401041 0.566736
v -1.168516 3.572053 0.659443
v -1.168516 3.538182 0.492390
v -1.168516 3.419838 0.659443
v -1.168516 3.572053 0.659443
v 0.311572 3.455968 0.614673
v 0.311572 3.479047 0.722595
v 0.311572 3.624350 0.528125
v 0.311572 3.455968 0.614673
v 0.311572 3.665937 0.722595
v 0.311572 3.624350 0.528125
v 0.311572 3.479047 0.722595
v 0.311572 3.665937 0.722595
v 1.791660 3.469760 0.584597
v 1.791660 3.488557 0.677305
v 1.791660 3.606902 0.510251
v 1.791660 3.469760 0.584597
v 1.791660 3.640773 0.677305
v 1.791660 3.606902 0.510251
v 1.791660 3.488557 0.677305
v 1.791660 3.640773 0.677305
v 3.271748 3.529438 0.510901
v 3.271748 3.540006 0.581042
v 3.271748 3.606546 0.454653
v 3.271748 3.529438 0.510901
v 3.271748 3.625590 0.581042
v 3.271748 3.606546 0.454653
v 3.271748 3.540006 0.581042
v 3.271748 3.625590 0.581042
v 4.011787 3.529438 0.510902
v 4.011787 3.540006 0.581044
v 4.011787 3.606546 0.454655
v 4.011787 3.529438 0.510902
v 4.011787 3.625590 0.581044
v 4.011787 3.606546 0.454655
v 4.011787 3.540006 0.581044
v 4.011787 3.625590 0.581044
v -2.648604 3.211979 -3.755229
v -2.648604 3.230273 -3.648855
v -4.128682 3.230273 -3.740745
v -4.128682 3.211979 -3.833452
v -4.128682 3.345453 -3.907798
v -2.648604 3.345453 -3.852300
v -2.648604 3.211979 -3.755229
v -4.128682 3.211979 -3.833452
v -4.128682 3.378419 -3.740745
v -2.648604 3.378419 -3.648855
v -2.648604 3.345453 -3.852300
v -4.128682 3.345453 -3.907798
v -4.128682 3.230273 -3.740745
v -2.648604 3.230273 -3.648855
v -2.648604 3.378419 -3.648855
v -4.128682 3.378419 -3.740745
v -1.168516 3.211979 -3.761382
v -1.168516 3.230273 -3.648479
v -1.168516 3.345453 -3.851924
v -1.168516 3.211979 -3.761382
v -1.168516 3.378419 -3.648479
v -1.168516 3.345453 -3.851924
v -1.168516 3.230273 -3.648479
v -1.168516 3.378419 -3.648479
v 0.311572 3.147897 -3.856775
v 0.311572 3.168523 -3.748689
v 0.311572 3.298377 -3.943452
v 0.311572 3.147897 -3.856775
v 0.311572 3.335543 -3.748689
v 0.311572 3.298377 -3.943452
v 0.311572 3.168523 -3.748689
v 0.311572 3.335543 -3.748689
v 1.791660 3.211979 -3.796736
v 1.791660 3.230273 -3.704028
v 1.791660 3.345453 -3.871079
v 1.791660 3.211979 -3.796736
v 1.791660 3.378419 -3.704028
v 1.791660 3.345453 -3.871079
v 1.791660 3.230273 -3.704028
v 1.791660 3.378419 -3.704028
v 3.271748 3.211979 -3.705359
v 3.271748 3.230273 -3.612651
v 3.271748 3.345453 -3.779705
v 3.271748 3.211979 -3.705359
v 3.271748 3.378419 -3.612651
v 3.271748 3.345453 -3.779705
v 3.271748 3.230273 -3.612651
v 3.271748 3.378419 -3.612651
v 4.011787 3.211979 -3.705359
v 4.011787 3.230273 -3.612651
v 4.011787 3.345453 -3.779705
v 4.011787 3.211979 -3.705359
v 4.011787 3.378419 -3.612651
v 4.011787 3.345453 -3.779705
v 4.011787 3.230273 -3.612651
v 4.011787 3.378419 -3.612651
v -4.218848 3.105212 -4.263347
v -4.218848 3.105212 -4.460212
v 4.082236 3.105212 -4.460212
v 4.082236 3.105212 -4.263347
v -4.218848 3.105212 -4.263347
v -4.218848 3.302080 -4.263347
v -4.218848 3.302080 -4.460212
v -4.218848 3.105212 -4.460212
v 4.082236 3.302080 -4.263347
v 4.082236 3.105212 -4.263347
v 4.082236 3.105212 -4.460212
v 4.082236 3.302080 -4.460212
v 4.082236 3.302080 -4.263347
v 4.082236 3.302080 -4.460212
v -4.218848 3.302080 -4.460212
v -4.218848 3.302080 -4.263347
v 4.082236 3.105212 -4.263347
v 4.082236 3.302080 -4.263347
v -4.218848 3.302080 -4.263347
v -4.218848 3.105212 -4.263347
v 4.082236 3.302080 -4.460212
v 4.082236 3.105212 -4.460212
v -4.218848 3.105212 -4.460212
v -4.218848 3.302080 -4.460212
v -0.323682 2.569767 4.502717
v -0.323682 2.530795 4.632083
v 0.773281 2.439444 4.632083
v 0.773281 2.478416 4.502717
v 0.773281 2.382059 4.473689
v 0.773281 2.343087 4.603057
v -0.323682 2.434438 4.603057
v -0.323682 2.473410 4.473689
v -0.323682 2.530795 4.632083
v -0.323682 2.434438 4.603057
v 0.773281 2.343087 4.603057
v 0.773281 2.439444 4.632083
v -0.323682 2.473410 4.473689
v -0.323682 2.569767 4.502717
v 0.773281 2.478416 4.502717
v 0.773281 2.382059 4.473689
v -0.323682 2.434438 4.603057
v -0.323682 2.530795 4.632083
v -0.323682 2.569767 4.502717
v -0.323682 2.473410 4.473689
v 4.064160 2.530795 4.632083
v 4.064160 2.434438 4.603057
v 4.064160 2.473410 4.473689
v 4.064160 2.569767 4.502717
v 1.870244 2.456624 4.502717
v 1.870244 2.417652 4.632083
v 2.967197 2.504328 4.632083
v 2.967197 2.543301 4.502717
v 1.870244 2.360267 4.473689
v 1.870244 2.456624 4.502717
v 2.967197 2.543301 4.502717
v 2.967197 2.446944 4.473689
v 2.967197 2.446944 4.473689
v 2.967197 2.407971 4.603057
v 1.870244 2.321295 4.603057
v 1.870244 2.360267 4.473689
v 1.870244 2.417652 4.632083
v 1.870244 2.321295 4.603057
v 2.967197 2.407971 4.603057
v 2.967197 2.504328 4.632083
v 4.064160 2.530795 4.632083
v 4.064160 2.569767 4.502717
v 4.064160 2.569767 4.502717
v 4.064160 2.473410 4.473689
v 4.064160 2.473410 4.473689
v 4.064160 2.434438 4.603057
v 4.064160 2.434438 4.603057
v 4.064160 2.530795 4.632083
v 3.559238 2.575935 4.658699
v 3.917119 2.575935 4.658699
v 3.917119 2.713660 3.915576
v 3.559238 2.713660 3.915576
v 3.559238 2.504327 3.851138
v 3.917119 2.504327 3.851138
v 3.917119 2.366602 4.594260
v 3.559238 2.366602 4.594260
v 3.917119 2.575935 4.658699
v 3.917119 2.366602 4.594260
v 3.917119 2.504327 3.851138
v 3.917119 2.713660 3.915576
v 3.559238 2.366602 4.594260
v 3.559238 2.575935 4.658699
v 3.559238 2.713660 3.915576
v 3.559238 2.504327 3.851138
v 3.917119 2.366602 4.594260
v 3.917119 2.575935 4.658699
v 3.559238 2.575935 4.658699
v 3.559238 2.366602 4.594260
v 3.917119 3.490947 1.686208
v 3.917119 3.281614 1.621770
v 3.559238 3.281614 1.621770
v 3.559238 3.490947 1.686208
v 3.559238 3.008626 2.364893
v 3.917119 3.008626 2.364893
v 3.917119 2.718139 3.108015
v 3.559238 2.718139 3.108015
v 3.917119 2.927473 3.172454
v 3.917119 2.718139 3.108015
v 3.917119 3.008626 2.364893
v 3.917119 3.217960 2.429331
v 3.559238 2.927473 3.172454
v 3.917119 2.927473 3.172454
v 3.917119 3.217960 2.429331
v 3.559238 3.217960 2.429331
v 3.559238 2.718139 3.108015
v 3.559238 2.927473 3.172454
v 3.559238 3.217960 2.429331
v 3.559238 3.008626 2.364893
v 3.559238 3.281614 1.621770
v 3.917119 3.281614 1.621770
v 3.917119 3.281614 1.621770
v 3.917119 3.490947 1.686208
v 3.917119 3.490947 1.686208
v 3.559238 3.490947 1.686208
v 3.559238 3.490947 1.686208
v 3.559238 3.281614 1.621770
v -0.266426 2.568085 4.656282
v 0.117510 2.568085 4.656282
v 0.117510 2.728646 3.913159
v -0.266426 2.728646 3.913159
v -0.266426 2.482775 3.844504
v 0.117510 2.482775 3.844504
v 0.117510 2.345050 4.587627
v -0.266426 2.345050 4.587627
v 0.117510 2.568085 4.656282
v 0.117510 2.345050 4.587627
v 0.117510 2.482775 3.844504
v 0.117510 2.728646 3.913159
v -0.266426 2.345050 4.587627
v -0.266426 2.568085 4.656282
v -0.266426 2.728646 3.913159
v -0.266426 2.482775 3.844504
v 0.117510 2.345050 4.587627
v 0.117510 2.568085 4.656282
v -0.266426 2.568085 4.656282
v -0.266426 2.345050 4.587627
v 0.117510 3.483097 1.683792
v 0.117510 3.260062 1.615137
v -0.266426 3.260062 1.615137
v -0.266426 3.483097 1.683792
v -0.266426 2.987075 2.358259
v 0.117510 2.987075 2.358259
v 0.117510 2.696588 3.101382
v -0.266426 2.696588 3.101382
v 0.117510 2.919622 3.170037
v 0.117510 2.696588 3.101382
v 0.117510 2.987075 2.358259
v 0.117510 3.210109 2.426914
v -0.266426 2.919622 3.170037
v 0.117510 2.919622 3.170037
v 0.117510 3.210109 2.426914
v -0.266426 3.210109 2.426914
v -0.266426 2.696588 3.101382
v -0.266426 2.919622 3.170037
v -0.266426 3.210109 2.426914
v -0.266426 2.987075 2.358259
v -0.266426 3.260062 1.615137
v 0.117510 3.260062 1.615137
v 0.117510 3.260062 1.615137
v 0.117510 3.483097 1.683792
v 0.117510 3.483097 1.683792
v -0.266426 3.483097 1.683792
v -0.266426 3.483097 1.683792
v -0.266426 3.260062 1.615137
v -4.622363 3.832041 2.559270
v -3.994961 3.832041 2.582258
v -3.994961 3.953469 2.570891
v -4.622363 3.953469 2.547900
v -4.622363 3.953469 2.547900
v -3.994961 3.953469 2.570891
v -3.994951 3.550621 -1.754270
v -4.622363 3.550621 -1.754270
v -4.622363 3.550621 -1.754270
v -3.994951 3.550621 -1.754270
v -3.994951 3.429193 -1.742900
v -4.622363 3.429193 -1.742900
v -4.622363 3.429193 -1.742900
v -3.994951 3.429193 -1.742900
v -3.994961 3.832041 2.582258
v -4.622363 3.832041 2.559270
v -3.994961 3.832041 2.582258
v -3.994951 3.429193 -1.742900
v -3.994951 3.550621 -1.754270
v -3.994961 3.953469 2.570891
v -4.622363 3.429193 -1.742900
v -4.622363 3.832041 2.559270
v -4.622363 3.953469 2.547900
v -4.622363 3.550621 -1.754270
v -4.000146 3.909457 2.486475
v -3.372900 3.909457 2.500510
v -3.397236 4.030552 2.485464
v -3.975166 4.030552 2.472532
v -3.975166 4.030552 2.472532
v -3.397236 4.030552 2.485464
v -3.302598 3.489373 -1.743684
v -3.879180 3.489373 -1.816750
v -3.879180 3.489373 -1.816750
v -3.302598 3.489373 -1.743684
v -3.278262 3.368279 -1.728640
v -3.904170 3.368279 -1.802808
v -3.904170 3.368279 -1.802808
v -3.278262 3.368279 -1.728640
v -3.372900 3.909457 2.500510
v -4.000146 3.909457 2.486475
v -3.372900 3.909457 2.500510
v -3.278262 3.368279 -1.728640
v -3.302598 3.489373 -1.743684
v -3.397236 4.030552 2.485464
v -3.904170 3.368279 -1.802808
v -4.000146 3.909457 2.486475
v -3.975166 4.030552 2.472532
v -3.879180 3.489373 -1.816750
v -3.313340 3.826339 2.498374
v -2.685938 3.826339 2.432258
v -2.685938 3.947767 2.420891
v -3.313340 3.947767 2.487004
v -3.313340 3.947767 2.487004
v -2.685938 3.947767 2.420891
v -2.685928 3.544919 -1.815166
v -3.329199 3.544919 -1.809109
v -3.329199 3.544919 -1.809109
v -2.685928 3.544919 -1.815166
v -2.685928 3.423491 -1.803796
v -3.329199 3.423491 -1.797742
v -3.329199 3.423491 -1.797742
v -2.685928 3.423491 -1.803796
v -2.685938 3.826339 2.432258
v -3.313340 3.826339 2.498374
v -2.685938 3.826339 2.432258
v -2.685928 3.423491 -1.803796
v -2.685928 3.544919 -1.815166
v -2.685938 3.947767 2.420891
v -3.329199 3.423491 -1.797742
v -3.313340 3.826339 2.498374
v -3.313340 3.947767 2.487004
v -3.329199 3.544919 -1.809109
v -2.690537 3.869511 2.389944
v -2.063135 3.869511 2.389944
v -2.084346 3.990605 2.375442
v -2.669326 3.990605 2.375442
v -2.669326 3.990605 2.375442
v -2.084346 3.990605 2.375442
v -2.084346 3.476818 -1.914895
v -2.669326 3.476818 -1.900676
v -2.669326 3.476818 -1.900676
v -2.084346 3.476818 -1.914895
v -2.063125 3.355724 -1.900393
v -2.690537 3.355724 -1.886174
v -2.690537 3.355724 -1.886174
v -2.063125 3.355724 -1.900393
v -2.063135 3.869511 2.389944
v -2.690537 3.869511 2.389944
v -2.063135 3.869511 2.389944
v -2.063125 3.355724 -1.900393
v -2.084346 3.476818 -1.914895
v -2.084346 3.990605 2.375442
v -2.690537 3.355724 -1.886174
v -2.690537 3.869511 2.389944
v -2.669326 3.990605 2.375442
v -2.669326 3.476818 -1.900676
v -2.042090 3.826339 2.498374
v -1.414688 3.826339 2.592258
v -1.414688 3.947767 2.580891
v -2.042090 3.947767 2.487004
v -2.042090 3.947767 2.487004
v -1.414688 3.947767 2.580891
v -1.414678 3.544919 -1.769109
v -2.042090 3.544919 -1.815166
v -2.042090 3.544919 -1.815166
v -1.414678 3.544919 -1.769109
v -1.414678 3.423491 -1.757742
v -2.042090 3.423491 -1.803796
v -2.042090 3.423491 -1.803796
v -1.414678 3.423491 -1.757742
v -1.414688 3.826339 2.592258
v -2.042090 3.826339 2.498374
v -1.414688 3.826339 2.592258
v -1.414678 3.423491 -1.757742
v -1.414678 3.544919 -1.769109
v -1.414688 3.947767 2.580891
v -2.042090 3.423491 -1.803796
v -2.042090 3.826339 2.498374
v -2.042090 3.947767 2.487004
v -2.042090 3.544919 -1.815166
v -1.385566 3.799186 2.431187
v -0.758154 3.799186 2.351003
v -0.791064 3.920823 2.342146
v -1.352656 3.920823 2.422327
v -1.352656 3.920823 2.422327
v -0.791064 3.920823 2.342146
v -0.791064 3.584460 -1.927854
v -1.352656 3.584460 -1.887251
v -1.352656 3.584460 -1.887251
v -0.791064 3.584460 -1.927854
v -0.758154 3.462822 -1.918997
v -1.385557 3.462822 -1.878391
v -1.385557 3.462822 -1.878391
v -0.758154 3.462822 -1.918997
v -0.758154 3.799186 2.351003
v -1.385566 3.799186 2.431187
v -0.758154 3.799186 2.351003
v -0.758154 3.462822 -1.918997
v -0.791064 3.584460 -1.927854
v -0.791064 3.920823 2.342146
v -1.385557 3.462822 -1.878391
v -1.385566 3.799186 2.431187
v -1.352656 3.920823 2.422327
v -1.352656 3.584460 -1.887251
v -0.818145 3.929290 2.490889
v -0.190879 3.929290 2.504070
v -0.221748 4.050719 2.492048
v -0.786787 4.050719 2.480176
v -0.786787 4.050719 2.480176
v -0.221748 4.050719 2.492048
v -0.092930 3.544919 -1.742292
v -0.656582 3.544919 -1.820208
v -0.656582 3.544919 -1.820208
v -0.092930 3.544919 -1.742292
v -0.062051 3.423491 -1.730273
v -0.687930 3.423491 -1.809495
v -0.687930 3.423491 -1.809495
v -0.062051 3.423491 -1.730273
v -0.190879 3.929290 2.504070
v -0.818145 3.929290 2.490889
v -0.190879 3.929290 2.504070
v -0.062051 3.423491 -1.730273
v -0.092930 3.544919 -1.742292
v -0.221748 4.050719 2.492048
v -0.687930 3.423491 -1.809495
v -0.818145 3.929290 2.490889
v -0.786787 4.050719 2.480176
v -0.656582 3.544919 -1.820208
v -0.110273 3.852079 2.531973
v 0.517139 3.852079 2.462893
v 0.517139 3.973383 2.450256
v -0.110273 3.973383 2.519338
v -0.110273 3.973383 2.519338
v 0.517139 3.973383 2.450256
v 0.517139 3.525766 -1.819744
v -0.110264 3.525766 -1.809744
v -0.110264 3.525766 -1.809744
v 0.517139 3.525766 -1.819744
v 0.517139 3.404463 -1.807107
v -0.110264 3.404463 -1.797107
v -0.110264 3.404463 -1.797107
v 0.517139 3.404463 -1.807107
v 0.517139 3.852079 2.462893
v -0.110273 3.852079 2.531973
v 0.517139 3.852079 2.462893
v 0.517139 3.404463 -1.807107
v 0.517139 3.525766 -1.819744
v 0.517139 3.973383 2.450256
v -0.110264 3.404463 -1.797107
v -0.110273 3.852079 2.531973
v -0.110273 3.973383 2.519338
v -0.110264 3.525766 -1.809744
v -4.488574 3.699301 -0.730293
v -3.964746 3.699301 -0.730293
v -3.964746 3.820708 -0.741885
v -4.488574 3.820708 -0.741885
v -4.488574 3.820708 -0.741885
v -3.964746 3.820708 -0.741885
v -3.964746 3.375075 -5.089221
v -4.488574 3.375075 -5.129221
v -4.488574 3.375075 -5.129221
v -3.964746 3.375075 -5.089221
v -3.964746 3.253668 -5.077629
v -4.488574 3.253668 -5.117629
v -4.488574 3.253668 -5.117629
v -3.964746 3.253668 -5.077629
v -3.964746 3.699301 -0.730293
v -4.488574 3.699301 -0.730293
v -3.964746 3.699301 -0.730293
v -3.964746 3.253668 -5.077629
v -3.964746 3.375075 -5.089221
v -3.964746 3.820708 -0.741885
v -4.488574 3.253668 -5.117629
v -4.488574 3.699301 -0.730293
v -4.488574 3.820708 -0.741885
v -4.488574 3.375075 -5.129221
v -3.950898 3.668435 -0.687900
v -3.332012 3.668435 -0.687900
v -3.332012 3.789842 -0.699492
v -3.950898 3.789842 -0.699492
v -3.950898 3.789842 -0.699492
v -3.332012 3.789842 -0.699492
v -3.332012 3.379123 -5.019221
v -3.950889 3.379123 -5.000918
v -3.950889 3.379123 -5.000918
v -3.332012 3.379123 -5.019221
v -3.332012 3.257716 -5.007629
v -3.950889 3.257716 -4.989326
v -3.950889 3.257716 -4.989326
v -3.332012 3.257716 -5.007629
v -3.332012 3.668435 -0.687900
v -3.950898 3.668435 -0.687900
v -3.332012 3.668435 -0.687900
v -3.332012 3.257716 -5.007629
v -3.332012 3.379123 -5.019221
v -3.332012 3.789842 -0.699492
v -3.950889 3.257716 -4.989326
v -3.950898 3.668435 -0.687900
v -3.950898 3.789842 -0.699492
v -3.950889 3.379123 -5.000918
v -3.313340 3.661725 -0.758167
v -2.685938 3.661725 -0.758167
v -2.685938 3.783133 -0.769758
v -3.313340 3.783133 -0.769758
v -3.313340 3.783133 -0.769758
v -2.685938 3.783133 -0.769758
v -2.685928 3.372414 -5.169221
v -3.313340 3.372414 -5.071184
v -3.313340 3.372414 -5.071184
v -2.685928 3.372414 -5.169221
v -2.685928 3.251006 -5.157629
v -3.313340 3.251006 -5.059592
v -3.313340 3.251006 -5.059592
v -2.685928 3.251006 -5.157629
v -2.685938 3.661725 -0.758167
v -3.313340 3.661725 -0.758167
v -2.685938 3.661725 -0.758167
v -2.685928 3.251006 -5.157629
v -2.685928 3.372414 -5.169221
v -2.685938 3.783133 -0.769758
v -3.313340 3.251006 -5.059592
v -3.313340 3.661725 -0.758167
v -3.313340 3.783133 -0.769758
v -3.313340 3.372414 -5.071184
v -2.690537 3.769418 -0.746511
v -2.063125 3.769418 -0.661133
v -2.063125 3.890591 -0.674963
v -2.690537 3.890591 -0.760339
v -2.690537 3.890591 -0.760339
v -2.063125 3.890591 -0.674963
v -2.063125 3.342753 -4.968076
v -2.690537 3.342753 -5.030339
v -2.690537 3.342753 -5.030339
v -2.063125 3.342753 -4.968076
v -2.063125 3.221581 -4.954246
v -2.690537 3.221581 -5.016511
v -2.690537 3.221581 -5.016511
v -2.063125 3.221581 -4.954246
v -2.063125 3.769418 -0.661133
v -2.690537 3.769418 -0.746511
v -2.063125 3.769418 -0.661133
v -2.063125 3.221581 -4.954246
v -2.063125 3.342753 -4.968076
v -2.063125 3.890591 -0.674963
v -2.690537 3.221581 -5.016511
v -2.690537 3.769418 -0.746511
v -2.690537 3.890591 -0.760339
v -2.690537 3.342753 -5.030339
v -2.042090 3.659601 -0.780420
v -1.414678 3.659601 -0.780420
v -1.424619 3.781008 -0.792012
v -2.032148 3.781008 -0.792012
v -2.032148 3.781008 -0.792012
v -1.424619 3.781008 -0.792012
v -1.424619 3.370289 -5.159221
v -2.032148 3.370289 -5.093438
v -2.032148 3.370289 -5.093438
v -1.424619 3.370289 -5.159221
v -1.414678 3.248882 -5.147629
v -2.042090 3.248882 -5.081846
v -2.042090 3.248882 -5.081846
v -1.414678 3.248882 -5.147629
v -1.414678 3.659601 -0.780420
v -2.042090 3.659601 -0.780420
v -1.414678 3.659601 -0.780420
v -1.414678 3.248882 -5.147629
v -1.424619 3.370289 -5.159221
v -1.424619 3.781008 -0.792012
v -2.042090 3.248882 -5.081846
v -2.042090 3.659601 -0.780420
v -2.032148 3.781008 -0.792012
v -2.032148 3.370289 -5.093438
v -1.385557 3.606715 -0.759368
v -0.758154 3.606715 -0.684646
v -0.794805 3.728404 -0.692761
v -1.348906 3.728404 -0.767483
v -1.348906 3.728404 -0.767483
v -0.794805 3.728404 -0.692761
v -0.794805 3.440843 -5.004172
v -1.348906 3.440843 -5.004172
v -1.348906 3.440843 -5.004172
v -0.794805 3.440843 -5.004172
v -0.758154 3.319154 -4.996057
v -1.385557 3.319154 -4.996057
v -1.385557 3.319154 -4.996057
v -0.758154 3.319154 -4.996057
v -0.758154 3.606715 -0.684646
v -1.385557 3.606715 -0.759368
v -0.758154 3.606715 -0.684646
v -0.758154 3.319154 -4.996057
v -0.794805 3.440843 -5.004172
v -0.794805 3.728404 -0.692761
v -1.385557 3.319154 -4.996057
v -1.385557 3.606715 -0.759368
v -1.348906 3.728404 -0.767483
v -1.348906 3.440843 -5.004172
v -0.637422 3.668435 -0.676375
v -0.014492 3.668435 -0.793206
v -0.024824 3.789842 -0.804358
v -0.607783 3.789842 -0.689263
v -0.607783 3.789842 -0.689263
v -0.024824 3.789842 -0.804358
v -0.207314 3.379123 -5.012100
v -0.797988 3.379123 -5.074868
v -0.797988 3.379123 -5.074868
v -0.207314 3.379123 -5.012100
v -0.196973 3.257716 -5.000945
v -0.827617 3.257716 -5.061980
v -0.827617 3.257716 -5.061980
v -0.196973 3.257716 -5.000945
v -0.014492 3.668435 -0.793206
v -0.637422 3.668435 -0.676375
v -0.014492 3.668435 -0.793206
v -0.196973 3.257716 -5.000945
v -0.207314 3.379123 -5.012100
v -0.024824 3.789842 -0.804358
v -0.827617 3.257716 -5.061980
v -0.637422 3.668435 -0.676375
v -0.607783 3.789842 -0.689263
v -0.797988 3.379123 -5.074868
v 0.480459 3.880708 -0.801187
v -0.073584 3.880708 -0.739221
v -0.110264 3.759301 -0.727629
v 0.517139 3.759301 -0.789595
v 0.480459 3.369413 -5.102612
v -0.073584 3.369413 -5.169221
v -0.073584 3.880708 -0.739221
v 0.480459 3.880708 -0.801187
v 0.517139 3.248005 -5.091021
v -0.110264 3.248005 -5.157629
v -0.073584 3.369413 -5.169221
v 0.480459 3.369413 -5.102612
v 0.517139 3.759301 -0.789595
v -0.110264 3.759301 -0.727629
v -0.110264 3.248005 -5.157629
v 0.517139 3.248005 -5.091021
v 0.480459 3.369413 -5.102612
v 0.480459 3.880708 -0.801187
v 0.517139 3.759301 -0.789595
v 0.517139 3.248005 -5.091021
v -0.073584 3.880708 -0.739221
v -0.073584 3.369413 -5.169221
v -0.110264 3.248005 -5.157629
v -0.110264 3.759301 -0.727629
v 0.497910 3.727279 -0.616169
v 1.064658 3.727279 -0.596272
v 1.047305 3.848394 -0.611216
v 0.516201 3.848394 -0.629863
v 0.516201 3.848394 -0.629863
v 1.047305 3.848394 -0.611216
v 1.187803 3.340784 -4.899932
v 0.656699 3.340784 -4.918579
v 0.656699 3.340784 -4.918579
v 1.187803 3.340784 -4.899932
v 1.205156 3.219669 -4.884988
v 0.638408 3.219669 -4.904885
v 0.638408 3.219669 -4.904885
v 1.205156 3.219669 -4.884988
v 1.064658 3.727279 -0.596272
v 0.497910 3.727279 -0.616169
v 1.064658 3.727279 -0.596272
v 1.205156 3.219669 -4.884988
v 1.187803 3.340784 -4.899932
v 1.047305 3.848394 -0.611216
v 0.638408 3.219669 -4.904885
v 0.497910 3.727279 -0.616169
v 0.516201 3.848394 -0.629863
v 0.656699 3.340784 -4.918579
v 1.194600 3.668435 -0.687900
v 1.822002 3.668435 -0.597629
v 1.822002 3.789842 -0.609221
v 1.194600 3.789842 -0.699492
v 1.194600 3.789842 -0.699492
v 1.822002 3.789842 -0.609221
v 1.822002 3.379123 -5.000918
v 1.194600 3.379123 -5.000918
v 1.194600 3.379123 -5.000918
v 1.822002 3.379123 -5.000918
v 1.822002 3.257716 -4.989326
v 1.194600 3.257716 -4.989326
v 1.194600 3.257716 -4.989326
v 1.822002 3.257716 -4.989326
v 1.822002 3.668435 -0.597629
v 1.194600 3.668435 -0.687900
v 1.822002 3.668435 -0.597629
v 1.822002 3.257716 -4.989326
v 1.822002 3.379123 -5.000918
v 1.822002 3.789842 -0.609221
v 1.194600 3.257716 -4.989326
v 1.194600 3.668435 -0.687900
v 1.194600 3.789842 -0.699492
v 1.194600 3.379123 -5.000918
v 1.987451 3.613021 -0.677168
v 2.493896 3.613021 -0.649819
v 2.493594 3.734686 -0.658286
v 1.987148 3.734686 -0.685635
v 1.987148 3.734686 -0.685635
v 2.493594 3.734686 -0.658286
v 2.335518 3.434537 -5.011675
v 1.827695 3.434537 -5.077031
v 1.827695 3.434537 -5.077031
v 2.335518 3.434537 -5.011675
v 2.335820 3.312872 -5.003210
v 1.827998 3.312872 -5.068564
v 1.827998 3.312872 -5.068564
v 2.335820 3.312872 -5.003210
v 2.493896 3.613021 -0.649819
v 1.987451 3.613021 -0.677168
v 2.493896 3.613021 -0.649819
v 2.335820 3.312872 -5.003210
v 2.335518 3.434537 -5.011675
v 2.493594 3.734686 -0.658286
v 1.827998 3.312872 -5.068564
v 1.987451 3.613021 -0.677168
v 1.987148 3.734686 -0.685635
v 1.827695 3.434537 -5.077031
v 2.469893 3.739301 -0.740759
v 3.097305 3.739301 -0.740759
v 3.097305 3.860708 -0.752351
v 2.469893 3.860708 -0.752351
v 2.469893 3.860708 -0.752351
v 3.097305 3.860708 -0.752351
v 3.097305 3.374076 -5.053777
v 2.469893 3.374076 -5.089221
v 2.469893 3.374076 -5.089221
v 3.097305 3.374076 -5.053777
v 3.097305 3.252668 -5.042185
v 2.469893 3.252668 -5.077629
v 2.469893 3.252668 -5.077629
v 3.097305 3.252668 -5.042185
v 3.097305 3.739301 -0.740759
v 2.469893 3.739301 -0.740759
v 3.097305 3.739301 -0.740759
v 3.097305 3.252668 -5.042185
v 3.097305 3.374076 -5.053777
v 3.097305 3.860708 -0.752351
v 2.469893 3.252668 -5.077629
v 2.469893 3.739301 -0.740759
v 2.469893 3.860708 -0.752351
v 2.469893 3.374076 -5.089221
v 3.125703 3.634929 -0.618572
v 3.753105 3.634929 -0.685913
v 3.753105 3.756502 -0.695620
v 3.125703 3.756502 -0.628279
v 3.125703 3.756502 -0.628279
v 3.753105 3.756502 -0.695620
v 3.753115 3.412629 -5.002905
v 3.125703 3.412629 -4.948279
v 3.125703 3.412629 -4.948279
v 3.753115 3.412629 -5.002905
v 3.753115 3.291056 -4.993198
v 3.125703 3.291056 -4.938572
v 3.125703 3.291056 -4.938572
v 3.753115 3.291056 -4.993198
v 3.753105 3.634929 -0.685913
v 3.125703 3.634929 -0.618572
v 3.753105 3.634929 -0.685913
v 3.753115 3.291056 -4.993198
v 3.753115 3.412629 -5.002905
v 3.753105 3.756502 -0.695620
v 3.125703 3.291056 -4.938572
v 3.125703 3.634929 -0.618572
v 3.125703 3.756502 -0.628279
v 3.125703 3.412629 -4.948279
v 3.740605 3.696237 -0.689946
v 4.258135 3.696237 -0.689946
v 4.258135 3.817484 -0.703103
v 3.740605 3.817484 -0.703103
v 3.740605 3.817484 -0.703103
v 4.258135 3.817484 -0.703103
v 4.258135 3.351321 -4.940002
v 3.740615 3.351321 -4.998872
v 3.740615 3.351321 -4.998872
v 4.258135 3.351321 -4.940002
v 4.258135 3.230074 -4.926848
v 3.740615 3.230074 -4.985715
v 3.740615 3.230074 -4.985715
v 4.258135 3.230074 -4.926848
v 4.258135 3.696237 -0.689946
v 3.740605 3.696237 -0.689946
v 4.258135 3.696237 -0.689946
v 4.258135 3.230074 -4.926848
v 4.258135 3.351321 -4.940002
v 4.258135 3.817484 -0.703103
v 3.740615 3.230074 -4.985715
v 3.740605 3.696237 -0.689946
v 3.740605 3.817484 -0.703103
v 3.740615 3.351321 -4.998872
v 0.538066 3.826339 2.498374
v 1.165469 3.826339 2.498374
v 1.165469 3.947767 2.487004
v 0.538066 3.947767 2.487004
v 0.538066 3.947767 2.487004
v 1.165469 3.947767 2.487004
v 1.165479 3.544919 -1.839109
v 0.538066 3.544919 -1.879109
v 0.538066 3.544919 -1.879109
v 1.165479 3.544919 -1.839109
v 1.165479 3.423491 -1.827742
v 0.538066 3.423491 -1.867742
v 0.538066 3.423491 -1.867742
v 1.165479 3.423491 -1.827742
v 1.165469 3.826339 2.498374
v 0.538066 3.826339 2.498374
v 1.165469 3.826339 2.498374
v 1.165479 3.423491 -1.827742
v 1.165479 3.544919 -1.839109
v 1.165469 3.947767 2.487004
v 0.538066 3.423491 -1.867742
v 0.538066 3.826339 2.498374
v 0.538066 3.947767 2.487004
v 0.538066 3.544919 -1.879109
v 1.248320 3.889418 2.479961
v 1.819326 3.889418 2.529810
v 1.819043 4.010591 2.515989
v 1.248037 4.010591 2.466143
v 1.248037 4.010591 2.466143
v 1.819043 4.010591 2.515989
v 1.730537 3.505269 -1.846797
v 1.162266 3.505269 -1.762068
v 1.162266 3.505269 -1.762068
v 1.730537 3.505269 -1.846797
v 1.730820 3.384096 -1.832976
v 1.162549 3.384096 -1.748250
v 1.162549 3.384096 -1.748250
v 1.730820 3.384096 -1.832976
v 1.819326 3.889418 2.529810
v 1.248320 3.889418 2.479961
v 1.819326 3.889418 2.529810
v 1.730820 3.384096 -1.832976
v 1.730537 3.505269 -1.846797
v 1.819043 4.010591 2.515989
v 1.162549 3.384096 -1.748250
v 1.248320 3.889418 2.479961
v 1.248037 4.010591 2.466143
v 1.162266 3.505269 -1.762068
v 1.790684 3.989440 2.498193
v 2.418047 3.989440 2.491418
v 2.363271 4.110569 2.477805
v 1.855762 4.110569 2.483286
v 1.855762 4.110569 2.483286
v 2.363271 4.110569 2.477805
v 2.385674 3.494602 -1.873516
v 1.878809 3.494602 -1.808804
v 1.878809 3.494602 -1.808804
v 2.385674 3.494602 -1.873516
v 2.451064 3.373472 -1.860017
v 1.824326 3.373472 -1.794011
v 1.824326 3.373472 -1.794011
v 2.451064 3.373472 -1.860017
v 2.418047 3.989440 2.491418
v 1.790684 3.989440 2.498193
v 2.418047 3.989440 2.491418
v 2.451064 3.373472 -1.860017
v 2.385674 3.494602 -1.873516
v 2.363271 4.110569 2.477805
v 1.824326 3.373472 -1.794011
v 1.790684 3.989440 2.498193
v 1.855762 4.110569 2.483286
v 1.878809 3.494602 -1.808804
v 2.374619 3.819658 2.411167
v 3.005586 3.819658 2.344016
v 3.006084 3.941086 2.332661
v 2.375117 3.941086 2.399807
v 2.375117 3.941086 2.399807
v 3.006084 3.941086 2.332661
v 3.190703 3.538238 -1.870691
v 2.565762 3.538238 -1.940776
v 2.565762 3.538238 -1.940776
v 3.190703 3.538238 -1.870691
v 3.190195 3.416810 -1.859331
v 2.565264 3.416810 -1.929419
v 2.565264 3.416810 -1.929419
v 3.190195 3.416810 -1.859331
v 3.005586 3.819658 2.344016
v 2.374619 3.819658 2.411167
v 3.005586 3.819658 2.344016
v 3.190195 3.416810 -1.859331
v 3.190703 3.538238 -1.870691
v 3.006084 3.941086 2.332661
v 2.565264 3.416810 -1.929419
v 2.374619 3.819658 2.411167
v 2.375117 3.941086 2.399807
v 2.565762 3.538238 -1.940776
v 3.125703 3.909290 2.498374
v 3.753105 3.909290 2.498374
v 3.753105 4.030719 2.487004
v 3.125703 4.030719 2.487004
v 3.125703 4.030719 2.487004
v 3.753105 4.030719 2.487004
v 3.753115 3.544919 -1.839109
v 3.125703 3.544919 -1.815166
v 3.125703 3.544919 -1.815166
v 3.753115 3.544919 -1.839109
v 3.753115 3.423491 -1.827742
v 3.125703 3.423491 -1.803796
v 3.125703 3.423491 -1.803796
v 3.753115 3.423491 -1.827742
v 3.753105 3.909290 2.498374
v 3.125703 3.909290 2.498374
v 3.753105 3.909290 2.498374
v 3.753115 3.423491 -1.827742
v 3.753115 3.544919 -1.839109
v 3.753105 4.030719 2.487004
v 3.125703 3.423491 -1.803796
v 3.125703 3.909290 2.498374
v 3.125703 4.030719 2.487004
v 3.125703 3.544919 -1.815166
v 3.748506 3.770759 2.554907
v 4.375908 3.770759 2.420594
v 4.375908 3.892453 2.412557
v 3.748506 3.892453 2.546868
v 3.748506 3.892453 2.546868
v 4.375908 3.892453 2.412557
v 4.375918 3.607567 -1.764722
v 3.748506 3.607567 -1.764722
v 3.748506 3.607567 -1.764722
v 4.375918 3.607567 -1.764722
v 4.375918 3.485873 -1.756682
v 3.748506 3.485873 -1.756682
v 3.748506 3.485873 -1.756682
v 4.375918 3.485873 -1.756682
v 4.375908 3.770759 2.420594
v 3.748506 3.770759 2.554907
v 4.375908 3.770759 2.420594
v 4.375918 3.485873 -1.756682
v 4.375918 3.607567 -1.764722
v 4.375908 3.892453 2.412557
v 3.748506 3.485873 -1.756682
v 3.748506 3.770759 2.554907
v 3.748506 3.892453 2.546868
v 3.748506 3.607567 -1.764722
v -0.325449 -4.008070 4.658264
v -0.175449 -1.602275 4.437532
v -0.316582 -1.602275 4.614514
v -0.466582 -4.008070 4.835247
v -0.529395 -4.008070 4.560046
v -0.379395 -1.602275 4.339314
v -0.175449 -1.602275 4.437532
v -0.325449 -4.008070 4.658264
v -0.579766 -4.008070 4.780740
v -0.429766 -1.602275 4.560007
v -0.379395 -1.602275 4.339314
v -0.529395 -4.008070 4.560046
v -0.579766 -4.008070 4.780740
v -0.466582 -4.008070 4.835247
v -0.316582 -1.602275 4.614514
v -0.429766 -1.602275 4.560007
v -0.316582 -1.602275 4.614514
v -0.175449 -1.602275 4.437532
v -0.222412 -0.399378 4.411179
v -0.363555 -0.399378 4.588162
v -0.426367 -0.399378 4.312961
v -0.222412 -0.399378 4.411179
v -0.476738 -0.399378 4.533655
v -0.426367 -0.399378 4.312961
v -0.363555 -0.399378 4.588162
v -0.476738 -0.399378 4.533655
v -0.218115 0.202071 4.228735
v -0.359258 0.202071 4.405718
v -0.363555 -0.399378 4.588162
v -0.222412 -0.399378 4.411179
v -0.422070 0.202071 4.130518
v -0.218115 0.202071 4.228735
v -0.472441 0.202071 4.351211
v -0.422070 0.202071 4.130518
v -0.359258 0.202071 4.405718
v -0.472441 0.202071 4.351211
v -0.359258 0.202071 4.405718
v -0.218115 0.202071 4.228735
v -0.018154 1.404968 4.106238
v 0.075176 2.006417 4.144016
v -0.065957 2.006417 4.320999
v -0.159287 1.404968 4.283220
v -0.222100 1.404968 4.008020
v -0.128770 2.006417 4.045798
v 0.075176 2.006417 4.144016
v -0.018154 1.404968 4.106238
v -0.272471 1.404968 4.228713
v -0.179141 2.006417 4.266492
v -0.128770 2.006417 4.045798
v -0.222100 1.404968 4.008020
v -0.159287 1.404968 4.283220
v -0.065957 2.006417 4.320999
v -0.179141 2.006417 4.266492
v -0.272471 1.404968 4.228713
v 0.075176 2.607866 4.144016
v -0.065957 2.607866 4.320999
v -0.065957 2.006417 4.320999
v 0.075176 2.006417 4.144016
v -0.128770 2.607866 4.045798
v 0.075176 2.607866 4.144016
v -0.179141 2.607866 4.266492
v -0.128770 2.607866 4.045798
v -0.065957 2.607866 4.320999
v -0.179141 2.607866 4.266492
v 4.420820 -4.008070 4.865930
v 4.305820 -1.000826 4.307283
v 4.356191 -1.000826 4.527974
v 4.471191 -4.008070 5.086621
v 4.216865 -4.008070 4.964148
v 4.101865 -1.000826 4.405500
v 4.305820 -1.000826 4.307283
v 4.420820 -4.008070 4.865930
v 4.358008 -4.008070 5.141128
v 4.243008 -1.000826 4.582480
v 4.101865 -1.000826 4.405500
v 4.216865 -4.008070 4.964148
v 4.358008 -4.008070 5.141128
v 4.471191 -4.008070 5.086621
v 4.356191 -1.000826 4.527974
v 4.243008 -1.000826 4.582480
v 4.097549 0.202071 4.166060
v 4.147920 0.202071 4.386753
v 3.893594 0.202071 4.264277
v 4.097549 0.202071 4.166060
v 4.034736 0.202071 4.441260
v 3.893594 0.202071 4.264277
v 4.147920 0.202071 4.386753
v 4.034736 0.202071 4.441260
v 3.883604 1.404968 4.190310
v 3.970625 1.404968 4.411003
v 3.679648 1.404968 4.288528
v 3.883604 1.404968 4.190310
v 3.857441 1.404968 4.465510
v 3.679648 1.404968 4.288528
v 3.970625 1.404968 4.411003
v 3.857441 1.404968 4.465510
v 3.834912 2.006417 4.045798
v 3.885283 2.006417 4.266492
v 3.630957 2.006417 4.144016
v 3.834912 2.006417 4.045798
v 3.772100 2.006417 4.320999
v 3.630957 2.006417 4.144016
v 3.885283 2.006417 4.266492
v 3.772100 2.006417 4.320999
v 3.798262 2.539674 4.045798
v 3.848633 2.607866 4.266492
v 3.594307 2.607866 4.144016
v 3.798262 2.539674 4.045798
v 3.735449 2.607866 4.320999
v 3.594307 2.607866 4.144016
v 3.848633 2.607866 4.266492
v 3.735449 2.607866 4.320999
v -4.622363 3.953469 2.547900
v -4.507598 2.743137 -4.666726
v -4.507598 2.940005 -4.666726
v -4.426426 2.743137 2.050509
v -4.426426 2.940005 2.050509
v -4.317598 2.743138 1.783375
v -4.317598 2.940005 1.783375
v -4.276426 -0.262480 2.020509
v -4.276426 -0.065613 2.020509
v -4.218848 -0.262481 1.783376
v -4.218848 -0.262480 -4.536726
v -4.218848 -0.065614 1.783376
v -4.218848 -0.065613 -4.536726
v -4.218848 2.003087 -4.263347
v -4.218848 2.003087 -4.263347
v -4.218848 2.199955 -4.460212
v -4.218848 3.105212 -4.263347
v -4.218848 3.105212 -4.263347
v -4.218848 3.302080 -4.460212
v -4.218848 3.528596 1.734031
v -4.218848 3.528596 1.734031
v -4.218848 3.725464 1.537166
v -4.186162 3.339495 -1.760559
v -4.186162 3.348792 0.025011
v -4.175937 2.038439 0.033727
v -3.994961 3.832041 2.582258
v -3.989297 3.098174 -4.475486
v -3.989297 3.142874 -1.750203
v -3.989297 3.142874 -1.750203
v -3.989297 3.155905 -3.638862
v -3.989297 3.332760 1.783853
v -3.989297 3.332760 1.783853
v -3.979072 1.805734 1.788835
v -3.979072 1.805734 -2.391309
v -3.979072 1.968438 -3.655623
v -3.979072 2.002601 -4.471802
v -3.979072 2.056580 -1.756533
v -3.950898 3.789842 -0.699492
v -3.332012 3.668435 -0.687900
v -3.313340 3.783133 -0.769758
v -2.685938 3.661725 -0.758167
v -2.669326 3.990605 2.375442
v -2.648604 3.230273 -3.648855
v -2.648604 3.321453 -2.405237
v -2.648604 3.331625 -1.091851
v -2.648604 3.448325 -0.214739
v -2.648604 3.506690 0.683657
v -2.063135 3.869511 2.389944
v -2.042090 3.947767 2.487004
v -2.032148 3.781008 -0.792012
v -1.414688 3.826339 2.592258
v -1.414678 3.659601 -0.780420
v -1.168516 3.230273 -3.648479
v -1.168516 3.303895 -2.469124
v -1.168516 3.331625 -1.189116
v -1.168516 3.381677 -0.167068
v -1.168516 3.419838 0.659443
v -0.827617 3.257716 -5.061980
v -0.363555 -0.399378 4.588162
v -0.359258 0.202071 4.405718
v -0.323682 2.569767 4.502717
v -0.316582 -1.602275 4.614514
v -0.266426 2.568085 4.656282
v -0.266426 2.696588 3.101382
v -0.266426 2.696588 3.101382
v -0.266426 2.728646 3.913159
v -0.266426 3.210109 2.426914
v -0.266426 3.260062 1.615137
v -0.266426 3.260062 1.615137
v -0.110264 3.404463 -1.797107
v -0.065957 2.006417 4.320999
v 0.117510 2.482775 3.844504
v 0.117510 2.482775 3.844504
v 0.117510 2.987075 2.358259
v 0.117510 2.987075 2.358259
v 0.117510 3.210109 2.426914
v 0.311572 3.168523 -3.748689
v 0.311572 3.257418 -2.416191
v 0.311572 3.331625 -1.161721
v 0.311572 3.427151 -0.164148
v 0.311572 3.479047 0.722595
v 0.538066 3.423491 -1.867742
v 0.773281 2.343087 4.603057
v 0.773281 2.343087 4.603057
v 0.773281 2.478416 4.502717
v 1.194600 3.789842 -0.699492
v 1.791660 3.230273 -3.704028
v 1.791660 3.266820 -2.532695
v 1.791660 3.331625 -1.250054
v 1.791660 3.407672 -0.258362
v 1.791660 3.488557 0.677305
v 1.822002 3.668435 -0.597629
v 1.827998 3.312872 -5.068564
v 1.870244 2.417652 4.632083
v 2.565264 3.416810 -1.929419
v 2.807852 -0.301238 1.783376
v 2.807852 1.981410 1.537166
v 2.967197 2.407971 4.603057
v 2.967197 2.407971 4.603057
v 2.967197 2.446944 4.473689
v 2.967197 2.446944 4.473689
v 2.967197 2.543301 4.502717
v 3.125703 3.291056 -4.938572
v 3.271748 3.230273 -3.612651
v 3.271748 3.256820 -2.469883
v 3.271748 3.331625 -1.225552
v 3.271748 3.448325 -0.188533
v 3.271748 3.540006 0.581042
v 3.559238 2.575935 4.658699
v 3.559238 2.713660 3.915576
v 3.559238 2.718139 3.108015
v 3.559238 2.718139 3.108015
v 3.559238 3.217960 2.429331
v 3.559238 3.281614 1.621770
v 3.559238 3.281614 1.621770
v 3.861406 1.805734 -4.476248
v 3.861406 1.805734 -4.476248
v 3.861406 2.901773 -4.461934
v 3.885283 2.006417 4.266492
v 3.917119 2.504327 3.851138
v 3.917119 2.504327 3.851138
v 3.917119 3.008626 2.364893
v 3.917119 3.008626 2.364893
v 3.917119 3.217960 2.429331
v 3.970625 1.404968 4.411003
v 4.058271 2.002601 -4.476248
v 4.058271 3.098174 -4.475486
v 4.064160 2.473410 4.473689
v 4.064160 2.473410 4.473689
v 4.082236 -0.262481 1.783376
v 4.082236 -0.262481 1.783376
v 4.082236 -0.262480 -4.422253
v 4.082236 -0.262480 -4.536726
v 4.082236 -0.262480 -4.536726
v 4.083574 -0.262480 2.050510
v 4.083574 -0.065613 2.050510
v 4.147920 0.202071 4.386753
v 4.193574 2.743137 2.030511
v 4.193574 2.940005 2.030511
v 4.356191 -1.000826 4.527974
v 4.372402 2.743137 -4.552253
v 4.372402 2.743137 -4.666726
v 4.372402 2.743137 -4.666726
v -4.186162 3.332760 1.783853
v -4.186162 3.348792 0.025011
v -4.175937 2.002601 1.788835
v -3.979072 2.038439 0.029000
v -4.175937 1.805734 1.788835
v -4.175937 2.038439 0.033727
v -3.979072 2.002601 1.788835
v -3.979072 1.841571 0.030255
v -4.175937 2.056580 -1.768142
v -4.175937 2.056580 -1.768142
v -4.175937 1.859713 -1.769399
v -4.175937 2.056580 -1.768142
v -3.979072 1.859713 -1.757791
v -3.979072 2.056580 -1.756533
v -3.979072 1.859713 -1.757791
v -3.979072 1.859713 -1.757791
v -4.175937 1.859713 -1.769399
v -3.979072 1.859713 -1.757791
v -4.186162 3.155524 -3.644373
v -4.186162 2.957987 -3.647292
v -4.186162 3.155524 -3.644373
v -3.989297 2.958367 -3.641782
v -4.186162 2.957987 -3.647292
v -3.989297 2.958367 -3.641782
v -4.128682 3.321453 -2.495403
v -2.648604 3.293499 -2.497944
v -4.128682 3.497450 -2.662456
v -2.648604 3.293499 -2.497944
v -4.128682 3.547822 -2.495403
v -2.648604 3.497450 -2.572290
v -4.128682 3.321453 -2.495403
v -2.648604 3.547822 -2.405237
v -2.648604 3.293499 -2.497944
v -1.168516 3.507193 -2.672031
v -2.648604 3.497450 -2.572290
v -1.168516 3.565379 -2.469124
v -2.648604 3.547822 -2.405237
v -1.168516 3.303895 -2.469124
v -1.168516 3.507193 -2.672031
v -1.168516 3.565379 -2.469124
v -1.168516 3.303895 -2.469124
v 3.271748 3.228866 -2.562590
v 3.271748 3.228866 -2.562590
v 3.271748 3.432817 -2.636936
v 3.271748 3.228866 -2.562590
v 3.271748 3.432817 -2.636936
v 3.271748 3.483189 -2.469883
v 3.271748 3.432817 -2.636936
v 3.271748 3.483189 -2.469883
v 3.271748 3.256820 -2.469883
v 3.271748 3.483189 -2.469883
v -4.128682 3.331625 -1.161721
v -2.648604 3.313251 -1.184558
v -4.128682 3.447309 -1.328774
v -2.648604 3.313251 -1.184558
v -4.128682 3.480418 -1.161721
v -2.648604 3.447309 -1.258904
v -4.128682 3.331625 -1.161721
v -2.648604 3.480418 -1.091851
v -2.648604 3.313251 -1.184558
v -1.168516 3.447309 -1.386899
v -2.648604 3.447309 -1.258904
v -1.168516 3.480418 -1.189116
v -2.648604 3.480418 -1.091851
v -1.168516 3.331625 -1.189116
v -1.168516 3.447309 -1.386899
v -1.168516 3.480418 -1.189116
v -1.168516 3.331625 -1.189116
v 3.271748 3.313251 -1.318259
v 3.271748 3.313251 -1.318259
v 3.271748 3.447309 -1.392605
v 3.271748 3.313251 -1.318259
v 3.271748 3.447309 -1.392605
v 3.271748 3.480418 -1.225552
v 3.271748 3.447309 -1.392605
v 3.271748 3.480418 -1.225552
v 3.271748 3.331625 -1.225552
v 3.271748 3.480418 -1.225552
v -4.128682 3.438757 -0.246329
v -2.648604 3.431251 -0.307446
v -4.128682 3.561135 -0.466566
v -2.648604 3.431251 -0.307446
v -4.128682 3.596160 -0.246329
v -2.648604 3.555825 -0.381790
v -4.128682 3.438757 -0.246329
v -2.648604 3.586592 -0.214739
v -2.648604 3.431251 -0.307446
v -1.168516 3.489176 -0.334121
v -2.648604 3.555825 -0.381790
v -1.168516 3.519944 -0.167068
v -2.648604 3.586592 -0.214739
v -1.168516 3.381677 -0.167068
v -1.168516 3.489176 -0.334121
v -1.168516 3.519944 -0.167068
v -1.168516 3.381677 -0.167068
v 3.271748 3.431251 -0.281240
v 3.271748 3.431251 -0.281240
v 3.271748 3.555825 -0.355586
v 3.271748 3.431251 -0.281240
v 3.271748 3.555825 -0.355586
v 3.271748 3.586592 -0.188533
v 3.271748 3.555825 -0.355586
v 3.271748 3.586592 -0.188533
v 3.271748 3.448325 -0.188533
v 3.271748 3.586592 -0.188533
v -4.128682 3.506690 0.596351
v -2.648604 3.487893 0.574509
v -4.128682 3.625035 0.429298
v -2.648604 3.487893 0.574509
v -4.128682 3.658906 0.596351
v -2.648604 3.625035 0.486980
v -4.128682 3.506690 0.596351
v -2.648604 3.658906 0.683657
v -2.648604 3.487893 0.574509
v -1.168516 3.538182 0.492390
v -2.648604 3.625035 0.486980
v -1.168516 3.572053 0.659443
v -2.648604 3.658906 0.683657
v -1.168516 3.419838 0.659443
v -1.168516 3.538182 0.492390
v -1.168516 3.572053 0.659443
v -1.168516 3.419838 0.659443
v 3.271748 3.529438 0.510901
v 3.271748 3.529438 0.510901
v 3.271748 3.606546 0.454653
v 3.271748 3.529438 0.510901
v 3.271748 3.606546 0.454653
v 3.271748 3.625590 0.581042
v 3.271748 3.606546 0.454653
v 3.271748 3.625590 0.581042
v 3.271748 3.540006 0.581042
v 3.271748 3.625590 0.581042
v -4.128682 3.230273 -3.740745
v -2.648604 3.211979 -3.755229
v -2.648604 3.211979 -3.755229
v -2.648604 3.345453 -3.852300
v -1.168516 3.345453 -3.851924
v -2.648604 3.345453 -3.852300
v -2.648604 3.378419 -3.648855
v -1.168516 3.378419 -3.648479
v -2.648604 3.378419 -3.648855
v -2.648604 3.230273 -3.648855
v -1.168516 3.230273 -3.648479
v -1.168516 3.345453 -3.851924
v -1.168516 3.378419 -3.648479
v -1.168516 3.230273 -3.648479
v 3.271748 3.211979 -3.705359
v 3.271748 3.211979 -3.705359
v 3.271748 3.345453 -3.779705
v 3.271748 3.211979 -3.705359
v 3.271748 3.345453 -3.779705
v 3.271748 3.378419 -3.612651
v 3.271748 3.345453 -3.779705
v 3.271748 3.378419 -3.612651
v 3.271748 3.230273 -3.612651
v 3.271748 3.378419 -3.612651
v -0.323682 2.434438 4.603057
v 0.773281 2.382059 4.473689
v 3.917119 2.718139 3.108015
v 3.559238 3.008626 2.364893
v 3.917119 3.217960 2.429331
v 3.559238 2.927473 3.172454
v 3.917119 3.217960 2.429331
v 3.917119 2.718139 3.108015
v 3.559238 2.504327 3.851138
v 3.917119 2.713660 3.915576
v 0.117510 2.696588 3.101382
v -0.266426 2.987075 2.358259
v 0.117510 2.696588 3.101382
v -0.266426 2.482775 3.844504
v -0.222412 -0.399378 4.411179
v -0.426367 -0.399378 4.312961
v -0.222412 -0.399378 4.411179
v -0.426367 -0.399378 4.312961
v -0.476738 -0.399378 4.533655
v -0.426367 -0.399378 4.312961
v -0.476738 -0.399378 4.533655
v -0.363555 -0.399378 4.588162
v -0.476738 -0.399378 4.533655
v -0.018154 1.404968 4.106238
v -0.159287 1.404968 4.283220
v -0.218115 0.202071 4.228735
v -0.422070 0.202071 4.130518
v -0.222100 1.404968 4.008020
v -0.218115 0.202071 4.228735
v -0.018154 1.404968 4.106238
v -0.422070 0.202071 4.130518
v -0.472441 0.202071 4.351211
v -0.272471 1.404968 4.228713
v -0.422070 0.202071 4.130518
v -0.222100 1.404968 4.008020
v -0.472441 0.202071 4.351211
v -0.359258 0.202071 4.405718
v -0.159287 1.404968 4.283220
v -0.472441 0.202071 4.351211
v -0.272471 1.404968 4.228713
v 3.893594 0.202071 4.264277
v 3.857441 1.404968 4.465510
v 3.883604 1.404968 4.190310
v 3.883604 1.404968 4.190310
v 3.679648 1.404968 4.288528
v 3.883604 1.404968 4.190310
v 3.679648 1.404968 4.288528
v 3.857441 1.404968 4.465510
v 3.679648 1.404968 4.288528
v 3.857441 1.404968 4.465510
v 3.970625 1.404968 4.411003
v 3.857441 1.404968 4.465510
vt -0.503486 1.044948
vt -0.503486 1.163428
vt -0.621965 1.163428
vt -0.621965 1.044948
vt -0.301272 1.077223
vt -0.301272 1.215227
vt -0.439681 1.215250
vt -0.439681 1.077246
vt -0.489001 0.620732
vt -0.564920 0.620732
vt -0.564920 -1.392249
vt -0.489001 -1.392249
vt -0.321907 0.620732
vt -0.397826 0.620732
vt -0.397826 -1.392249
vt -0.321907 -1.392249
vt -0.238533 0.620732
vt -0.314452 0.620732
vt -0.314452 -1.392249
vt -0.238533 -1.392249
vt -0.503486 1.044948
vt -0.503486 1.163428
vt -0.621965 1.163428
vt -0.621965 1.044948
vt -0.503486 1.044948
vt -0.503486 1.163428
vt -0.621965 1.163428
vt -0.621965 1.044948
vt -0.489001 0.620732
vt -0.564920 0.620732
vt -0.564920 -1.392249
vt -0.489001 -1.392249
vt -0.321907 0.620732
vt -0.397826 0.620732
vt -0.397826 -1.392249
vt -0.321907 -1.392249
vt -0.238533 0.620732
vt -0.314452 0.620732
vt -0.314452 -1.392249
vt -0.238533 -1.392249
vt -0.503486 1.044948
vt -0.503486 1.163428
vt -0.621965 1.163428
vt -0.621965 1.044948
vt -0.503486 1.044948
vt -0.503486 1.163428
vt -0.621965 1.163428
vt -0.621965 1.044948
vt -0.481199 -1.392249
vt -0.405281 -1.392249
vt -0.405281 -1.082003
vt -0.481199 -1.083217
vt -0.503486 1.044948
vt -0.503486 1.163428
vt -0.621965 1.163428
vt -0.621965 1.044948
vt -0.503486 1.044948
vt -0.503486 1.163428
vt -0.621965 1.163428
vt -0.621965 1.044948
vt -0.405281 0.620732
vt -0.481199 0.620732
vt -0.481199 -0.658508
vt -0.405281 -0.652259
vt -0.564920 0.312024
vt -0.489001 0.310811
vt -0.489001 0.620732
vt -0.564920 0.620732
vt -0.397826 0.310811
vt -0.321907 0.310485
vt -0.321907 0.620732
vt -0.397826 0.620732
vt -0.314452 0.311699
vt -0.238533 0.312024
vt -0.238533 0.620732
vt -0.314452 0.620732
vt -0.460741 1.237951
vt -0.460741 1.366153
vt -0.588931 1.366145
vt -0.588931 1.237944
vt -0.301272 1.077223
vt -0.301272 1.215227
vt -0.439681 1.215250
vt -0.439681 1.077246
vt -0.489001 0.620732
vt -0.564920 0.620732
vt -0.564920 -1.392249
vt -0.489001 -1.392249
vt -0.321907 0.620732
vt -0.397826 0.620732
vt -0.397826 -1.392249
vt -0.321907 -1.392249
vt -0.238533 0.620732
vt -0.314452 0.620732
vt -0.314452 -1.392249
vt -0.238533 -1.392249
vt -0.503486 1.044948
vt -0.503486 1.163428
vt -0.621965 1.163428
vt -0.621965 1.044948
vt -0.503486 1.044948
vt -0.503486 1.163428
vt -0.621965 1.163428
vt -0.621965 1.044948
vt -0.503486 1.044948
vt -0.503486 1.163428
vt -0.621965 1.163428
vt -0.621965 1.044948
vt -0.503486 1.044948
vt -0.503486 1.163428
vt -0.621965 1.163428
vt -0.621965 1.044948
vt -0.503486 1.044948
vt -0.503486 1.163428
vt -0.621965 1.163428
vt -0.621965 1.044948
vt -0.503486 1.044948
vt -0.503486 1.163428
vt -0.621965 1.163428
vt -0.621965 1.044948
vt -0.611251 0.620732
vt -0.706150 0.620732
vt -0.706150 -1.392249
vt -0.611251 -1.392249
vt -0.402384 0.620732
vt -0.497283 0.620732
vt -0.497282 -1.392249
vt -0.402384 -1.392249
vt -0.298166 0.620732
vt -0.393065 0.620732
vt -0.393065 -1.392249
vt -0.298166 -1.392249
vt -0.629358 1.044948
vt -0.629358 1.163428
vt -0.777456 1.163428
vt -0.777456 1.044948
vt -0.629358 1.044948
vt -0.629358 1.163428
vt -0.777456 1.163428
vt -0.777456 1.044948
vt -0.405281 0.620732
vt -0.481199 0.620732
vt -0.481199 -1.392249
vt -0.405281 -1.392249
vt -0.405281 0.620732
vt -0.481199 0.620732
vt -0.481199 -1.392249
vt -0.405281 -1.392249
vt -0.405281 0.620732
vt -0.481199 0.620732
vt -0.481199 -1.392249
vt -0.405281 -1.392249
vt -0.506601 0.620732
vt -0.601499 0.620732
vt -0.601499 -1.392249
vt -0.506601 -1.392249
vt -0.405281 0.620732
vt -0.481199 0.620732
vt -0.481199 -1.931420
vt -0.405281 -1.925171
vt -0.405281 0.620732
vt -0.481199 0.620732
vt -0.481199 -1.392249
vt -0.405281 -1.392249
vt -0.405281 0.620732
vt -0.481199 0.620732
vt -0.481199 -1.392249
vt -0.405281 -1.392249
vt -0.489001 -0.119430
vt -0.564920 -0.113181
vt -0.564920 -2.665162
vt -0.489001 -2.665162
vt -0.321907 -0.119259
vt -0.397826 -0.119430
vt -0.397826 -2.665162
vt -0.321907 -2.665162
vt -0.238533 -0.113181
vt -0.314452 -0.113009
vt -0.314452 -2.665162
vt -0.238533 -2.665162
vt -0.489001 -0.119430
vt -0.564920 -0.113181
vt -0.564920 -1.392249
vt -0.489001 -1.392249
vt -0.321907 -0.119259
vt -0.397826 -0.119430
vt -0.397826 -1.392249
vt -0.321907 -1.392249
vt -0.238533 -0.113181
vt -0.314452 -0.113009
vt -0.314452 -1.392249
vt -0.238533 -1.392249
vt -0.489001 0.620732
vt -0.564920 0.620732
vt -0.564920 -1.392249
vt -0.489001 -1.392249
vt -0.321907 0.620732
vt -0.397826 0.620732
vt -0.397826 -1.392249
vt -0.321907 -1.392249
vt -0.238533 0.620732
vt -0.314452 0.620732
vt -0.314452 -1.392249
vt -0.238533 -1.392249
vt -0.489001 0.620732
vt -0.564920 0.620732
vt -0.564920 -1.392249
vt -0.489001 -1.392249
vt -0.321907 0.620732
vt -0.397826 0.620732
vt -0.397826 -1.392249
vt -0.321907 -1.392249
vt -0.238533 0.620732
vt -0.314452 0.620732
vt -0.314452 -1.392249
vt -0.238533 -1.392249
vt -0.564920 -1.392249
vt -0.489001 -1.392249
vt -0.489001 -1.124387
vt -0.564920 -1.122611
vt -0.481199 -1.392249
vt -0.405281 -1.392249
vt -0.405281 -0.825791
vt -0.481199 -0.824269
vt -0.397826 -1.392249
vt -0.321907 -1.392249
vt -0.321907 -1.129695
vt -0.397826 -1.124387
vt -0.314452 -1.392249
vt -0.238533 -1.392249
vt -0.238533 -1.122611
vt -0.314452 -1.127920
vt -0.503486 1.044948
vt -0.503486 1.163428
vt -0.621965 1.163428
vt -0.621965 1.044948
vt -0.503486 1.044948
vt -0.503486 1.163428
vt -0.621965 1.163428
vt -0.621965 1.044948
vt -0.564920 -1.392249
vt -0.489001 -1.392249
vt -0.489001 -1.131593
vt -0.564920 -1.129823
vt -0.481199 -1.392249
vt -0.405281 -1.392249
vt -0.405281 -0.828333
vt -0.481199 -0.826814
vt -0.397826 -1.392249
vt -0.321907 -1.392249
vt -0.321907 -1.132528
vt -0.397826 -1.131593
vt -0.314452 -1.392249
vt -0.238533 -1.392249
vt -0.238533 -1.129823
vt -0.314452 -1.130759
vt -0.503486 1.044948
vt -0.503486 1.163428
vt -0.621965 1.163428
vt -0.621965 1.044948
vt -0.503486 1.044948
vt -0.503486 1.163428
vt -0.621965 1.163428
vt -0.621965 1.044948
vt -0.564920 -0.722464
vt -0.489001 -0.718737
vt -0.489001 -0.522943
vt -0.564920 -0.519210
vt -0.397826 -0.718737
vt -0.321907 -0.719582
vt -0.321907 -0.523347
vt -0.397826 -0.522943
vt -0.314452 -0.723309
vt -0.238533 -0.722464
vt -0.238533 -0.519210
vt -0.314452 -0.519614
vt -0.481199 0.255814
vt -0.405281 0.256244
vt -0.405281 0.361011
vt -0.481199 0.359241
vt -0.683626 0.895163
vt -0.683626 1.048973
vt -0.837284 1.049050
vt -0.837284 0.895236
vt -0.683626 0.895163
vt -0.683626 1.049045
vt -0.837510 1.049050
vt -0.837510 0.895164
vt -0.489001 -0.119430
vt -0.564920 -0.113181
vt -0.564920 -1.392249
vt -0.489001 -1.392249
vt -0.405281 -1.082003
vt -0.481199 -1.083217
vt -0.481199 -1.392249
vt -0.405281 -1.392249
vt -0.321907 -0.119259
vt -0.397826 -0.119430
vt -0.397826 -1.392249
vt -0.321907 -1.392249
vt -0.238533 -0.113181
vt -0.314452 -0.113009
vt -0.314452 -1.392249
vt -0.238533 -1.392249
vt -0.503486 1.044948
vt -0.503486 1.163428
vt -0.621965 1.163428
vt -0.621965 1.044948
vt -0.503486 1.044948
vt -0.503486 1.163428
vt -0.621965 1.163428
vt -0.621965 1.044948
vt -0.489001 0.620732
vt -0.564920 0.620732
vt -0.564920 0.312024
vt -0.489001 0.310811
vt -0.321907 0.620732
vt -0.397826 0.620732
vt -0.397826 0.310811
vt -0.321907 0.310485
vt -0.238533 0.620732
vt -0.314452 0.620732
vt -0.314452 0.311699
vt -0.238533 0.312024
vt -0.460741 1.237951
vt -0.460741 1.366153
vt -0.588931 1.366145
vt -0.588931 1.237944
vt -0.301272 1.077223
vt -0.301272 1.215227
vt -0.439681 1.215250
vt -0.439681 1.077246
vt -0.405281 0.620732
vt -0.481199 0.620732
vt -0.481199 -1.392249
vt -0.405281 -1.392249
vt -0.503486 1.044948
vt -0.503486 1.163428
vt -0.621965 1.163428
vt -0.621965 1.044948
vt -0.503486 1.044948
vt -0.503486 1.163428
vt -0.621965 1.163428
vt -0.621965 1.044948
vt -0.405281 0.620732
vt -0.481199 0.620732
vt -0.481199 -1.392249
vt -0.405281 -1.392249
vt -0.503486 1.044948
vt -0.503486 1.163428
vt -0.621965 1.163428
vt -0.621965 1.044948
vt -0.503486 1.044948
vt -0.503486 1.163428
vt -0.621965 1.163428
vt -0.621965 1.044948
vt -0.405281 0.620732
vt -0.481199 0.620732
vt -0.481199 -1.392249
vt -0.405281 -1.392249
vt -0.503486 1.044948
vt -0.503486 1.163428
vt -0.621965 1.163428
vt -0.621965 1.044948
vt -0.503486 1.044948
vt -0.503486 1.163428
vt -0.621965 1.163428
vt -0.621965 1.044948
vt -0.405281 0.620732
vt -0.481199 0.620732
vt -0.481199 -1.392249
vt -0.405281 -1.392249
vt -0.503486 1.044948
vt -0.503486 1.163428
vt -0.621965 1.163428
vt -0.621965 1.044948
vt -0.503486 1.044948
vt -0.503486 1.163428
vt -0.621965 1.163428
vt -0.621965 1.044948
vt -0.564920 0.056714
vt -0.489001 0.058236
vt -0.489001 0.620732
vt -0.564920 0.620732
vt -0.405281 -0.249500
vt -0.481199 -0.253243
vt -0.397826 0.058236
vt -0.321907 0.054273
vt -0.321907 0.620732
vt -0.397826 0.620732
vt -0.314452 0.052751
vt -0.238533 0.056714
vt -0.238533 0.620732
vt -0.314452 0.620732
vt -0.405281 -0.248171
vt -0.481199 -0.251904
vt -0.564920 0.054893
vt -0.489001 0.056412
vt -0.489001 0.620732
vt -0.564920 0.620732
vt -0.397826 0.056412
vt -0.321907 0.056816
vt -0.321907 0.620732
vt -0.397826 0.620732
vt -0.314452 0.055296
vt -0.238533 0.054893
vt -0.238533 0.620732
vt -0.314452 0.620732
vt -0.489001 0.620732
vt -0.564920 0.620732
vt -0.564920 -1.392249
vt -0.489001 -1.392249
vt -0.321907 0.620732
vt -0.397826 0.620732
vt -0.397826 -1.392249
vt -0.321907 -1.392249
vt -0.238533 0.620732
vt -0.314452 0.620732
vt -0.314452 -1.392249
vt -0.238533 -1.392249
vt -0.489001 0.620732
vt -0.564920 0.620732
vt -0.564920 -1.392249
vt -0.489001 -1.392249
vt -0.321907 0.620732
vt -0.397826 0.620732
vt -0.397826 -1.392249
vt -0.321907 -1.392249
vt -0.238533 0.620732
vt -0.314452 0.620732
vt -0.314452 -1.392249
vt -0.238533 -1.392249
vt -0.564920 -0.513501
vt -0.489001 -0.517244
vt -0.397826 -0.517244
vt -0.321907 -0.522018
vt -0.314452 -0.518275
vt -0.238533 -0.513501
vt -0.405281 0.358177
vt -0.481199 0.356402
vt -0.405281 -0.051936
vt -0.481199 -0.048209
vt -0.489001 -1.027247
vt -0.564920 -1.026817
vt -0.321907 -1.027761
vt -0.397826 -1.027247
vt -0.238533 -1.026817
vt -0.314452 -1.027332
vt -0.405281 0.620732
vt -0.481199 0.620732
vt -0.405281 0.620732
vt -0.481199 0.620732
vt -0.405281 0.620732
vt -0.481199 0.620732
vt -0.481199 -0.658508
vt -0.405281 -0.652259
vt -0.489001 0.620732
vt -0.564920 0.620732
vt -0.564920 -1.392249
vt -0.489001 -1.392249
vt -0.321907 0.620732
vt -0.397826 0.620732
vt -0.397826 -1.392249
vt -0.321907 -1.392249
vt -0.238533 0.620732
vt -0.314452 0.620732
vt -0.314452 -1.392249
vt -0.238533 -1.392249
vt -0.489001 0.620732
vt -0.564920 0.620732
vt -0.564920 -1.392249
vt -0.489001 -1.392249
vt -0.321907 0.620732
vt -0.397826 0.620732
vt -0.397826 -1.392249
vt -0.321907 -1.392249
vt -0.238533 0.620732
vt -0.314452 0.620732
vt -0.314452 -1.392249
vt -0.238533 -1.392249
vt -0.554330 -0.039426
vt -0.377091 -0.039426
vt -0.377091 -0.008110
vt -0.554330 -0.008110
vt -0.384067 -0.073422
vt -0.511570 -0.073422
vt -0.511570 -0.717170
vt -0.384068 -0.717170
vt -0.351159 -0.039688
vt -0.174279 -0.039688
vt -0.174279 -0.009282
vt -0.351159 -0.009282
vt -0.248949 -0.064978
vt -0.371028 -0.064978
vt -0.371028 -0.726186
vt -0.248949 -0.726186
vt -0.213425 -0.720723
vt -0.213425 -0.080912
vt -0.228921 -0.080912
vt -0.228921 -0.720723
vt -0.187616 -0.741716
vt -0.187616 -0.057524
vt -0.203112 -0.057524
vt -0.203112 -0.741716
vt -0.780941 -0.695080
vt -0.812416 -0.695080
vt -0.812416 -0.923023
vt -0.780941 -0.923023
vt -0.780941 -0.695080
vt -0.780941 -0.923023
vt -0.717991 -0.923023
vt -0.717991 -0.695080
vt -0.717991 -0.695080
vt -0.717991 -0.923023
vt -0.655041 -0.923023
vt -0.655041 -0.695080
vt -0.655041 -0.695080
vt -0.655041 -0.923023
vt -0.592092 -0.923024
vt -0.592092 -0.695080
vt -0.780941 -0.467136
vt -0.812416 -0.467136
vt -0.717991 -0.467137
vt -0.780941 -0.467136
vt -0.655041 -0.467136
vt -0.717991 -0.467137
vt -0.592092 -0.467136
vt -0.655041 -0.467136
vt -0.780941 -0.239193
vt -0.812416 -0.239193
vt -0.717991 -0.239193
vt -0.780941 -0.239193
vt -0.655041 -0.239193
vt -0.717991 -0.239193
vt -0.592092 -0.239193
vt -0.655041 -0.239193
vt -0.780941 -0.011250
vt -0.812416 -0.011250
vt -0.717991 -0.011250
vt -0.780941 -0.011250
vt -0.655041 -0.011250
vt -0.717991 -0.011250
vt -0.592092 -0.011250
vt -0.655041 -0.011250
vt -0.780941 0.216694
vt -0.812416 0.216694
vt -0.717991 0.216694
vt -0.780941 0.216694
vt -0.655041 0.216694
vt -0.717991 0.216694
vt -0.592092 0.216694
vt -0.655041 0.216694
vt -0.780941 0.330665
vt -0.812416 0.330665
vt -0.717991 0.330665
vt -0.780941 0.330665
vt -0.655041 0.330666
vt -0.717991 0.330665
vt -0.592092 0.330666
vt -0.655041 0.330666
vt -0.000929 -0.695080
vt -0.032403 -0.695080
vt -0.032403 -0.923023
vt -0.000929 -0.923023
vt -0.000929 -0.695080
vt -0.000929 -0.923023
vt 0.062021 -0.923023
vt 0.062021 -0.695080
vt 0.062021 -0.695080
vt 0.062021 -0.923023
vt 0.124971 -0.923023
vt 0.124971 -0.695080
vt 0.124971 -0.695080
vt 0.124971 -0.923023
vt 0.187921 -0.923024
vt 0.187921 -0.695080
vt -0.000929 -0.467136
vt -0.032403 -0.467136
vt 0.062021 -0.467137
vt -0.000929 -0.467136
vt 0.124971 -0.467136
vt 0.062021 -0.467137
vt 0.187921 -0.467136
vt 0.124971 -0.467136
vt -0.000929 -0.239193
vt -0.032403 -0.239193
vt 0.062021 -0.239193
vt -0.000929 -0.239193
vt 0.124971 -0.239193
vt 0.062021 -0.239193
vt 0.187921 -0.239193
vt 0.124971 -0.239193
vt -0.000929 -0.011250
vt -0.032403 -0.011250
vt 0.062021 -0.011250
vt -0.000929 -0.011250
vt 0.124971 -0.011250
vt 0.062021 -0.011250
vt 0.187921 -0.011250
vt 0.124971 -0.011250
vt -0.000929 0.216694
vt -0.032403 0.216694
vt 0.062021 0.216694
vt -0.000929 0.216694
vt 0.124971 0.216694
vt 0.062021 0.216694
vt 0.187921 0.216694
vt 0.124971 0.216694
vt -0.000929 0.330665
vt -0.032403 0.330665
vt 0.062021 0.330665
vt -0.000929 0.330665
vt 0.124971 0.330666
vt 0.062021 0.330665
vt 0.187921 0.330666
vt 0.124971 0.330666
vt -0.396997 0.101099
vt -0.428472 0.101099
vt -0.428472 -0.126845
vt -0.396997 -0.126844
vt -0.396997 0.101099
vt -0.396997 -0.126844
vt -0.334047 -0.126844
vt -0.334047 0.101099
vt -0.334047 0.101099
vt -0.334047 -0.126844
vt -0.271097 -0.126845
vt -0.271097 0.101099
vt -0.271097 0.101099
vt -0.271097 -0.126845
vt -0.208148 -0.126845
vt -0.208147 0.101099
vt -0.396997 0.329042
vt -0.428472 0.329042
vt -0.334047 0.329042
vt -0.396997 0.329042
vt -0.271097 0.329042
vt -0.334047 0.329042
vt -0.208148 0.329042
vt -0.271097 0.329042
vt -0.396997 0.556986
vt -0.428472 0.556986
vt -0.334047 0.556986
vt -0.396997 0.556986
vt -0.271097 0.556986
vt -0.334047 0.556986
vt -0.208148 0.556986
vt -0.271097 0.556986
vt -0.396997 0.784929
vt -0.428472 0.784929
vt -0.334047 0.784929
vt -0.396997 0.784929
vt -0.271097 0.784929
vt -0.334047 0.784929
vt -0.208148 0.784929
vt -0.271097 0.784929
vt -0.396997 1.012872
vt -0.428472 1.012872
vt -0.334047 1.012873
vt -0.396997 1.012872
vt -0.271097 1.012873
vt -0.334047 1.012873
vt -0.208147 1.012873
vt -0.271097 1.012873
vt -0.396997 1.126844
vt -0.428472 1.126844
vt -0.334047 1.126844
vt -0.396997 1.126844
vt -0.271097 1.126845
vt -0.334047 1.126844
vt -0.208147 1.126845
vt -0.271097 1.126845
vt -0.101966 -0.513211
vt -0.133441 -0.513212
vt -0.133441 -0.741155
vt -0.101966 -0.741155
vt -0.101966 -0.513211
vt -0.101966 -0.741155
vt -0.039017 -0.741155
vt -0.039017 -0.513211
vt -0.039017 -0.513211
vt -0.039017 -0.741155
vt 0.023933 -0.741155
vt 0.023933 -0.513211
vt 0.023933 -0.513211
vt 0.023933 -0.741155
vt 0.086883 -0.741155
vt 0.086883 -0.513211
vt -0.101966 -0.285268
vt -0.133441 -0.285268
vt -0.039017 -0.285268
vt -0.101966 -0.285268
vt 0.023933 -0.285268
vt -0.039017 -0.285268
vt 0.086883 -0.285268
vt 0.023933 -0.285268
vt -0.101966 -0.057325
vt -0.133441 -0.057325
vt -0.039017 -0.057325
vt -0.101966 -0.057325
vt 0.023933 -0.057325
vt -0.039017 -0.057325
vt 0.086883 -0.057325
vt 0.023933 -0.057325
vt -0.101966 0.170619
vt -0.133441 0.170619
vt -0.039017 0.170618
vt -0.101966 0.170619
vt 0.023933 0.170618
vt -0.039017 0.170618
vt 0.086883 0.170619
vt 0.023933 0.170618
vt -0.101966 0.398562
vt -0.133441 0.398562
vt -0.039017 0.398562
vt -0.101966 0.398562
vt 0.023933 0.398562
vt -0.039017 0.398562
vt 0.086883 0.398562
vt 0.023933 0.398562
vt -0.101966 0.512533
vt -0.133441 0.512533
vt -0.039017 0.512533
vt -0.101966 0.512533
vt 0.023933 0.512534
vt -0.039017 0.512533
vt 0.086883 0.512534
vt 0.023933 0.512534
vt -0.114091 -0.181807
vt -0.145566 -0.181807
vt -0.145566 -0.409751
vt -0.114091 -0.409751
vt -0.051141 -0.409751
vt -0.051141 -0.181807
vt -0.114091 -0.181807
vt -0.114091 -0.409751
vt 0.011809 -0.409751
vt 0.011809 -0.181807
vt -0.051141 -0.181807
vt -0.051141 -0.409751
vt 0.074759 -0.409751
vt 0.074759 -0.181807
vt 0.011809 -0.181807
vt 0.011809 -0.409751
vt -0.114091 0.046136
vt -0.145566 0.046136
vt -0.051141 0.046136
vt -0.114091 0.046136
vt 0.011809 0.046136
vt -0.051141 0.046136
vt 0.074759 0.046136
vt 0.011809 0.046136
vt -0.114091 0.274080
vt -0.145566 0.274080
vt -0.051141 0.274080
vt -0.114091 0.274080
vt 0.011809 0.274080
vt -0.051141 0.274080
vt 0.074759 0.274079
vt 0.011809 0.274080
vt -0.114091 0.502023
vt -0.145566 0.502023
vt -0.051141 0.502023
vt -0.114091 0.502023
vt 0.011809 0.502023
vt -0.051141 0.502023
vt 0.074759 0.502023
vt 0.011809 0.502023
vt -0.114091 0.729966
vt -0.145566 0.729966
vt -0.051141 0.729966
vt -0.114091 0.729966
vt 0.011809 0.729966
vt -0.051141 0.729966
vt 0.074759 0.729966
vt 0.011809 0.729966
vt -0.114091 0.843938
vt -0.145566 0.843938
vt -0.051141 0.843938
vt -0.114091 0.843938
vt 0.011809 0.843938
vt -0.051141 0.843938
vt 0.074759 0.843938
vt 0.011809 0.843938
vt -0.405281 0.620732
vt -0.481199 0.620732
vt -0.481199 -1.392249
vt -0.405281 -1.392249
vt -0.503486 1.044948
vt -0.503486 1.163428
vt -0.621965 1.163428
vt -0.621965 1.044948
vt -0.503486 1.044948
vt -0.503486 1.163428
vt -0.621965 1.163428
vt -0.621965 1.044948
vt -0.489001 0.620732
vt -0.564920 0.620732
vt -0.564920 -1.392249
vt -0.489001 -1.392249
vt -0.321907 0.620732
vt -0.397826 0.620732
vt -0.397826 -1.392249
vt -0.321907 -1.392249
vt -0.238533 0.620732
vt -0.314452 0.620732
vt -0.314452 -1.392249
vt -0.238533 -1.392249
vt -0.814443 -0.395191
vt -0.709992 -0.395191
vt -0.709992 -0.145690
vt -0.814443 -0.145690
vt -0.699257 0.353312
vt -0.594806 0.353312
vt -0.594806 0.602813
vt -0.699257 0.602813
vt -0.584549 -0.395191
vt -0.480098 -0.395191
vt -0.480098 -0.145690
vt -0.584549 -0.145690
vt -0.469842 -0.395191
vt -0.365390 -0.395191
vt -0.365390 -0.145690
vt -0.469842 -0.145690
vt -0.691676 0.648759
vt -0.691676 0.767239
vt -0.810155 0.767239
vt -0.810155 0.648759
vt -0.691676 0.648759
vt -0.691676 0.767239
vt -0.810155 0.767239
vt -0.810155 0.648759
vt -0.814443 0.103811
vt -0.709992 0.103811
vt -0.709992 0.353312
vt -0.814443 0.353312
vt -0.469842 0.103811
vt -0.365390 0.103811
vt -0.365390 0.353312
vt -0.469842 0.353312
vt -0.699257 -0.145690
vt -0.594806 -0.145690
vt -0.594806 0.103811
vt -0.699257 0.103811
vt -0.584549 0.103811
vt -0.480098 0.103811
vt -0.480098 0.353312
vt -0.584549 0.353312
vt -0.709992 0.602813
vt -0.814443 0.602813
vt -0.365390 0.602813
vt -0.469842 0.602813
vt -0.699257 -0.395191
vt -0.594806 -0.395191
vt -0.480098 0.602813
vt -0.584549 0.602813
vt -0.626253 0.000998
vt -0.521802 0.000998
vt -0.521802 0.250499
vt -0.626253 0.250499
vt -0.511067 0.749501
vt -0.406616 0.749501
vt -0.406616 0.999002
vt -0.511067 0.999002
vt -0.396360 0.000998
vt -0.291908 0.000998
vt -0.291908 0.250499
vt -0.396360 0.250499
vt -0.281652 0.000998
vt -0.177200 0.000998
vt -0.177200 0.250499
vt -0.281652 0.250499
vt -0.503486 1.044948
vt -0.503486 1.163428
vt -0.621965 1.163428
vt -0.621965 1.044948
vt -0.503486 1.044948
vt -0.503486 1.163428
vt -0.621965 1.163428
vt -0.621965 1.044948
vt -0.511067 0.250499
vt -0.406616 0.250499
vt -0.406616 0.500000
vt -0.511067 0.500000
vt -0.396360 0.500000
vt -0.291908 0.500000
vt -0.291908 0.749501
vt -0.396360 0.749501
vt -0.626253 0.500000
vt -0.521802 0.500000
vt -0.521802 0.749501
vt -0.626253 0.749501
vt -0.281652 0.500000
vt -0.177200 0.500000
vt -0.177200 0.749501
vt -0.281652 0.749501
vt -0.511067 0.000998
vt -0.406616 0.000998
vt -0.291908 0.999002
vt -0.396360 0.999002
vt -0.521802 0.999002
vt -0.626253 0.999002
vt -0.177200 0.999002
vt -0.281652 0.999002
vt -0.840855 0.000998
vt -0.736404 0.000998
vt -0.736404 0.250499
vt -0.840855 0.250499
vt -0.725670 0.749501
vt -0.621219 0.749501
vt -0.621219 0.999002
vt -0.725670 0.999002
vt -0.610962 0.000998
vt -0.506510 0.000998
vt -0.506510 0.250499
vt -0.610962 0.250499
vt -0.496254 0.000998
vt -0.391803 0.000998
vt -0.391803 0.250499
vt -0.496254 0.250499
vt -0.718088 1.044948
vt -0.718088 1.163428
vt -0.836567 1.163428
vt -0.836567 1.044948
vt -0.718088 1.044948
vt -0.718088 1.163428
vt -0.836567 1.163428
vt -0.836567 1.044948
vt -0.725670 0.250499
vt -0.621219 0.250499
vt -0.621219 0.500000
vt -0.725670 0.500000
vt -0.610962 0.500000
vt -0.506510 0.500000
vt -0.506510 0.749501
vt -0.610962 0.749501
vt -0.840855 0.500000
vt -0.736404 0.500000
vt -0.736404 0.749501
vt -0.840855 0.749501
vt -0.496254 0.500000
vt -0.391803 0.500000
vt -0.391803 0.749501
vt -0.496254 0.749501
vt -0.725670 0.000998
vt -0.621219 0.000998
vt -0.506510 0.999002
vt -0.610962 0.999002
vt -0.736404 0.999002
vt -0.840855 0.999002
vt -0.391803 0.999002
vt -0.496254 0.999002
vt -1.018973 1.349222
vt -0.841734 1.349222
vt -0.841734 1.380538
vt -1.018973 1.380537
vt -0.848710 1.315225
vt -0.976212 1.315225
vt -0.976212 0.671477
vt -0.848710 0.671477
vt -0.815801 1.348960
vt -0.638921 1.348960
vt -0.638921 1.379365
vt -0.815801 1.379365
vt -0.713592 1.323670
vt -0.835671 1.323670
vt -0.835671 0.662461
vt -0.713592 0.662461
vt -0.678068 0.667924
vt -0.678068 1.307736
vt -0.693564 1.307736
vt -0.693564 0.667924
vt -0.652258 0.646932
vt -0.652258 1.331124
vt -0.667754 1.331124
vt -0.667754 0.646932
vt -0.771018 1.349222
vt -0.593779 1.349222
vt -0.593779 1.380538
vt -0.771018 1.380537
vt -0.600755 1.315225
vt -0.728257 1.315225
vt -0.728257 0.671477
vt -0.600755 0.671477
vt -0.567846 1.348960
vt -0.390967 1.348960
vt -0.390967 1.379365
vt -0.567846 1.379365
vt -0.465637 1.323670
vt -0.587716 1.323670
vt -0.587716 0.662461
vt -0.465637 0.662461
vt -0.430113 0.667924
vt -0.430113 1.307736
vt -0.445609 1.307736
vt -0.445609 0.667924
vt -0.404304 0.646932
vt -0.404304 1.331124
vt -0.419799 1.331124
vt -0.419799 0.646932
vt -1.502201 1.197708
vt -1.324962 1.197708
vt -1.324962 1.229024
vt -1.502201 1.229024
vt -1.331939 1.163711
vt -1.459441 1.163711
vt -1.459441 0.519964
vt -1.331939 0.519964
vt -1.299030 1.197446
vt -1.122150 1.197446
vt -1.122150 1.227852
vt -1.299030 1.227852
vt -1.196820 1.172156
vt -1.318899 1.172156
vt -1.318899 0.510947
vt -1.196820 0.510947
vt -1.161296 0.516410
vt -1.161296 1.156222
vt -1.176792 1.156222
vt -1.176792 0.516410
vt -1.135487 0.495417
vt -1.135487 1.179610
vt -1.150983 1.179610
vt -1.150983 0.495417
vt -0.624133 0.594996
vt -0.446894 0.594997
vt -0.446894 0.626313
vt -0.624133 0.626312
vt -0.453871 0.561000
vt -0.581373 0.561000
vt -0.581373 -0.082747
vt -0.453871 -0.082747
vt -0.420962 0.594734
vt -0.244082 0.594734
vt -0.244082 0.625140
vt -0.420962 0.625140
vt -0.318752 0.569445
vt -0.440831 0.569445
vt -0.440831 -0.091764
vt -0.318752 -0.091764
vt -0.283228 -0.086301
vt -0.283228 0.553510
vt -0.298724 0.553510
vt -0.298724 -0.086301
vt -0.257419 -0.107293
vt -0.257419 0.576898
vt -0.272915 0.576898
vt -0.272915 -0.107293
vt -0.745947 1.400414
vt -0.568709 1.400414
vt -0.568709 1.431730
vt -0.745948 1.431729
vt -0.575685 1.366417
vt -0.703187 1.366417
vt -0.703187 0.722670
vt -0.575685 0.722670
vt -0.542776 1.400152
vt -0.365897 1.400152
vt -0.365897 1.430557
vt -0.542776 1.430557
vt -0.440567 1.374862
vt -0.562645 1.374862
vt -0.562645 0.713654
vt -0.440567 0.713654
vt -0.405043 0.719116
vt -0.405043 1.358928
vt -0.420539 1.358928
vt -0.420539 0.719116
vt -0.379234 0.698124
vt -0.379234 1.382316
vt -0.394729 1.382316
vt -0.394729 0.698124
vt -0.697073 1.130233
vt -0.519835 1.130233
vt -0.519835 1.161549
vt -0.697074 1.161549
vt -0.526811 1.096236
vt -0.654313 1.096236
vt -0.654313 0.452489
vt -0.526811 0.452489
vt -0.493902 1.129971
vt -0.317022 1.129971
vt -0.317022 1.160376
vt -0.493902 1.160376
vt -0.391693 1.104681
vt -0.513771 1.104681
vt -0.513771 0.443473
vt -0.391693 0.443473
vt -0.356169 0.448935
vt -0.356169 1.088747
vt -0.371665 1.088747
vt -0.371665 0.448935
vt -0.330359 0.427943
vt -0.330359 1.112135
vt -0.345855 1.112135
vt -0.345855 0.427943
vt -1.163764 1.186332
vt -0.986525 1.186332
vt -0.986525 1.217648
vt -1.163764 1.217648
vt -0.993501 1.152335
vt -1.121004 1.152335
vt -1.121004 0.508587
vt -0.993501 0.508587
vt -0.960593 1.186070
vt -0.783713 1.186070
vt -0.783713 1.216475
vt -0.960593 1.216475
vt -0.858383 1.160780
vt -0.980462 1.160780
vt -0.980462 0.499571
vt -0.858383 0.499571
vt -0.822859 0.505034
vt -0.822859 1.144846
vt -0.838355 1.144846
vt -0.838355 0.505034
vt -0.797050 0.484041
vt -0.797050 1.168234
vt -0.812545 1.168234
vt -0.812545 0.484041
vt -0.954038 0.535272
vt -0.776799 0.535272
vt -0.776799 0.566589
vt -0.954038 0.566588
vt -0.783776 0.501276
vt -0.911278 0.501276
vt -0.911278 -0.142472
vt -0.783776 -0.142472
vt -0.750867 0.535010
vt -0.573987 0.535010
vt -0.573987 0.565416
vt -0.750867 0.565416
vt -0.648657 0.509721
vt -0.770736 0.509720
vt -0.770736 -0.151488
vt -0.648657 -0.151488
vt -0.613133 -0.146025
vt -0.613133 0.493786
vt -0.628629 0.493786
vt -0.628629 -0.146025
vt -0.587324 -0.167018
vt -0.587324 0.517174
vt -0.602819 0.517174
vt -0.602819 -0.167018
vt -0.828424 1.243993
vt -0.651185 1.243993
vt -0.651185 1.275310
vt -0.828424 1.275309
vt -0.658161 1.209997
vt -0.785664 1.209997
vt -0.785664 0.566249
vt -0.658161 0.566249
vt -0.625253 1.243731
vt -0.448373 1.243731
vt -0.448373 1.274137
vt -0.625253 1.274137
vt -0.523043 1.218442
vt -0.645122 1.218442
vt -0.645122 0.557233
vt -0.523043 0.557233
vt -0.487519 0.562695
vt -0.487519 1.202507
vt -0.503015 1.202507
vt -0.503015 0.562695
vt -0.461710 0.541703
vt -0.461710 1.225895
vt -0.477206 1.225895
vt -0.477206 0.541703
vt -0.714137 1.019317
vt -0.536899 1.019317
vt -0.536899 1.050633
vt -0.714138 1.050632
vt -0.543875 0.985320
vt -0.671377 0.985320
vt -0.671377 0.341573
vt -0.543875 0.341573
vt -0.510966 1.019055
vt -0.334086 1.019055
vt -0.334086 1.049460
vt -0.510966 1.049460
vt -0.408757 0.993765
vt -0.530835 0.993765
vt -0.530835 0.332556
vt -0.408757 0.332556
vt -0.373233 0.338019
vt -0.373233 0.977831
vt -0.388729 0.977831
vt -0.388729 0.338019
vt -0.347423 0.317027
vt -0.347423 1.001219
vt -0.362919 1.001219
vt -0.362919 0.317027
vt -0.654687 1.740913
vt -0.477448 1.740913
vt -0.477448 1.772229
vt -0.654687 1.772229
vt -0.484424 1.706916
vt -0.611926 1.706916
vt -0.611926 1.063169
vt -0.484424 1.063169
vt -0.451515 1.740651
vt -0.274635 1.740651
vt -0.274635 1.771057
vt -0.451516 1.771057
vt -0.349306 1.715361
vt -0.471385 1.715361
vt -0.471385 1.054153
vt -0.349306 1.054153
vt -0.313782 1.059615
vt -0.313782 1.699427
vt -0.329278 1.699427
vt -0.329278 1.059615
vt -0.287972 1.038623
vt -0.287972 1.722815
vt -0.303468 1.722815
vt -0.303468 1.038623
vt -0.976790 0.367476
vt -0.799552 0.367476
vt -0.799552 0.398792
vt -0.976791 0.398792
vt -0.806528 0.333479
vt -0.934030 0.333479
vt -0.934030 -0.310268
vt -0.806528 -0.310268
vt -0.773619 0.367214
vt -0.596739 0.367214
vt -0.596739 0.397620
vt -0.773620 0.397620
vt -0.671410 0.341924
vt -0.793489 0.341924
vt -0.793489 -0.319284
vt -0.671409 -0.319284
vt -0.635886 -0.313822
vt -0.635886 0.325990
vt -0.651381 0.325990
vt -0.651381 -0.313822
vt -0.610076 -0.334814
vt -0.610076 0.349378
vt -0.625572 0.349378
vt -0.625572 -0.334814
vt -0.828424 1.243993
vt -0.651185 1.243993
vt -0.651185 1.275310
vt -0.828424 1.275309
vt -0.658161 1.209997
vt -0.785664 1.209997
vt -0.785664 0.566249
vt -0.658161 0.566249
vt -0.625253 1.243731
vt -0.448373 1.243731
vt -0.448373 1.274137
vt -0.625253 1.274137
vt -0.523043 1.218442
vt -0.645122 1.218442
vt -0.645122 0.557233
vt -0.523043 0.557233
vt -0.487519 0.562695
vt -0.487519 1.202507
vt -0.503015 1.202507
vt -0.503015 0.562695
vt -0.461710 0.541703
vt -0.461710 1.225895
vt -0.477206 1.225895
vt -0.477206 0.541703
vt -0.790926 1.144453
vt -0.613687 1.144453
vt -0.613687 1.175769
vt -0.790926 1.175769
vt -0.620663 1.110457
vt -0.748165 1.110457
vt -0.748165 0.466709
vt -0.620663 0.466709
vt -0.587754 1.144191
vt -0.410875 1.144191
vt -0.410875 1.174597
vt -0.587755 1.174597
vt -0.485545 1.118901
vt -0.607624 1.118901
vt -0.607624 0.457693
vt -0.485545 0.457693
vt -0.450021 0.463155
vt -0.450021 1.102967
vt -0.465517 1.102967
vt -0.465517 0.463155
vt -0.424212 0.442163
vt -0.424212 1.126355
vt -0.439707 1.126355
vt -0.439707 0.442163
vt -1.277525 1.647061
vt -1.100286 1.647061
vt -1.100285 1.678377
vt -1.277525 1.678376
vt -1.107262 1.613064
vt -1.234764 1.613064
vt -1.234764 0.969317
vt -1.107262 0.969317
vt -1.074353 1.646798
vt -0.897473 1.646798
vt -0.897473 1.677204
vt -1.074353 1.677204
vt -0.972144 1.621509
vt -1.094222 1.621509
vt -1.094222 0.960301
vt -0.972143 0.960301
vt -0.936619 0.965763
vt -0.936619 1.605574
vt -0.952115 1.605574
vt -0.952115 0.965763
vt -0.910810 0.944771
vt -0.910810 1.628963
vt -0.926306 1.628963
vt -0.926306 0.944771
vt -0.759735 0.452828
vt -0.936974 0.452828
vt -0.936974 0.421512
vt -0.759735 0.421512
vt -0.894214 -0.256232
vt -0.766711 -0.256232
vt -0.766711 0.387516
vt -0.894214 0.387515
vt -0.556923 0.451656
vt -0.733803 0.451656
vt -0.733803 0.421250
vt -0.556923 0.421250
vt -0.753672 -0.265248
vt -0.631593 -0.265248
vt -0.631593 0.395960
vt -0.753672 0.395960
vt -0.611565 0.380026
vt -0.611565 -0.259786
vt -0.596069 -0.259786
vt -0.596069 0.380026
vt -0.585755 0.403414
vt -0.585755 -0.280778
vt -0.570260 -0.280778
vt -0.570260 0.403414
vt -0.828424 1.243993
vt -0.651185 1.243993
vt -0.651185 1.275310
vt -0.828424 1.275309
vt -0.658161 1.209997
vt -0.785664 1.209997
vt -0.785664 0.566249
vt -0.658161 0.566249
vt -0.625253 1.243731
vt -0.448373 1.243731
vt -0.448373 1.274137
vt -0.625253 1.274137
vt -0.523043 1.218442
vt -0.645122 1.218442
vt -0.645122 0.557233
vt -0.523043 0.557233
vt -0.487519 0.562695
vt -0.487519 1.202507
vt -0.503015 1.202507
vt -0.503015 0.562695
vt -0.461710 0.541703
vt -0.461710 1.225895
vt -0.477206 1.225895
vt -0.477206 0.541703
vt -0.884778 1.189957
vt -0.707539 1.189957
vt -0.707539 1.221273
vt -0.884778 1.221273
vt -0.714515 1.155961
vt -0.842018 1.155961
vt -0.842018 0.512213
vt -0.714515 0.512213
vt -0.681607 1.189695
vt -0.504727 1.189695
vt -0.504727 1.220101
vt -0.681607 1.220101
vt -0.579397 1.164405
vt -0.701476 1.164405
vt -0.701476 0.503197
vt -0.579397 0.503197
vt -0.543873 0.508659
vt -0.543873 1.148471
vt -0.559369 1.148471
vt -0.559369 0.508659
vt -0.518064 0.487667
vt -0.518064 1.171859
vt -0.533560 1.171859
vt -0.533560 0.487667
vt -0.703035 0.992939
vt -0.525796 0.992939
vt -0.525796 1.024255
vt -0.703035 1.024255
vt -0.532772 0.958942
vt -0.660275 0.958942
vt -0.660275 0.315195
vt -0.532772 0.315195
vt -0.499863 0.992677
vt -0.322984 0.992677
vt -0.322984 1.023083
vt -0.499864 1.023083
vt -0.397654 0.967387
vt -0.519733 0.967387
vt -0.519733 0.306179
vt -0.397654 0.306179
vt -0.362130 0.311642
vt -0.362130 0.951453
vt -0.377626 0.951453
vt -0.377626 0.311642
vt -0.336321 0.290649
vt -0.336321 0.974841
vt -0.351816 0.974841
vt -0.351816 0.290649
vt -1.064954 0.666096
vt -0.887716 0.666097
vt -0.887716 0.697413
vt -1.064955 0.697412
vt -0.894692 0.632100
vt -1.022194 0.632100
vt -1.022194 -0.011647
vt -0.894692 -0.011647
vt -0.861783 0.665834
vt -0.684903 0.665835
vt -0.684903 0.696240
vt -0.861783 0.696240
vt -0.759574 0.640545
vt -0.881653 0.640545
vt -0.881653 -0.020663
vt -0.759573 -0.020663
vt -0.724049 -0.015201
vt -0.724049 0.624610
vt -0.739545 0.624610
vt -0.739545 -0.015201
vt -0.698240 -0.036193
vt -0.698240 0.647999
vt -0.713736 0.647999
vt -0.713736 -0.036193
vt -0.953307 1.462200
vt -0.776069 1.462200
vt -0.776068 1.493517
vt -0.953308 1.493516
vt -0.783045 1.428204
vt -0.910547 1.428204
vt -0.910547 0.784456
vt -0.783045 0.784456
vt -0.750136 1.461938
vt -0.573256 1.461938
vt -0.573256 1.492344
vt -0.750136 1.492344
vt -0.647927 1.436649
vt -0.770005 1.436649
vt -0.770005 0.775440
vt -0.647927 0.775440
vt -0.612402 0.780903
vt -0.612402 1.420714
vt -0.627898 1.420714
vt -0.627898 0.780903
vt -0.586593 0.759910
vt -0.586593 1.444102
vt -0.602089 1.444102
vt -0.602089 0.759910
vt -1.124679 0.768481
vt -0.947440 0.768481
vt -0.947440 0.799797
vt -1.124679 0.799797
vt -0.954416 0.734484
vt -1.081918 0.734484
vt -1.081918 0.090737
vt -0.954416 0.090737
vt -0.921508 0.768219
vt -0.744627 0.768219
vt -0.744627 0.798625
vt -0.921508 0.798625
vt -0.819298 0.742929
vt -0.941377 0.742929
vt -0.941377 0.081721
vt -0.819298 0.081721
vt -0.783774 0.087183
vt -0.783774 0.726995
vt -0.799270 0.726995
vt -0.799270 0.087183
vt -0.757964 0.066191
vt -0.757964 0.750383
vt -0.773460 0.750383
vt -0.773460 0.066191
vt -1.018973 1.349222
vt -0.841734 1.349222
vt -0.841734 1.380538
vt -1.018973 1.380537
vt -0.848710 1.315225
vt -0.976212 1.315225
vt -0.976212 0.671477
vt -0.848710 0.671477
vt -0.815801 1.348960
vt -0.638921 1.348960
vt -0.638921 1.379365
vt -0.815801 1.379365
vt -0.713592 1.323670
vt -0.835671 1.323670
vt -0.835671 0.662461
vt -0.713592 0.662461
vt -0.678068 0.667924
vt -0.678068 1.307736
vt -0.693564 1.307736
vt -0.693564 0.667924
vt -0.652258 0.646932
vt -0.652258 1.331124
vt -0.667754 1.331124
vt -0.667754 0.646932
vt -0.771018 1.349222
vt -0.593779 1.349222
vt -0.593779 1.380538
vt -0.771018 1.380537
vt -0.600755 1.315225
vt -0.728257 1.315225
vt -0.728257 0.671477
vt -0.600755 0.671477
vt -0.567846 1.348960
vt -0.390967 1.348960
vt -0.390967 1.379365
vt -0.567846 1.379365
vt -0.465637 1.323670
vt -0.587716 1.323670
vt -0.587716 0.662461
vt -0.465637 0.662461
vt -0.430113 0.667924
vt -0.430113 1.307736
vt -0.445609 1.307736
vt -0.445609 0.667924
vt -0.404304 0.646932
vt -0.404304 1.331124
vt -0.419799 1.331124
vt -0.419799 0.646932
vt -1.041471 0.975875
vt -0.864232 0.975875
vt -0.864232 1.007191
vt -1.041472 1.007191
vt -0.871209 0.941878
vt -0.998711 0.941878
vt -0.998711 0.298131
vt -0.871209 0.298131
vt -0.838300 0.975613
vt -0.661420 0.975613
vt -0.661420 1.006019
vt -0.838300 1.006019
vt -0.736091 0.950323
vt -0.858169 0.950323
vt -0.858169 0.289115
vt -0.736090 0.289115
vt -0.700566 0.294577
vt -0.700566 0.934389
vt -0.716062 0.934389
vt -0.716062 0.294577
vt -0.674757 0.273585
vt -0.674757 0.957777
vt -0.690253 0.957777
vt -0.690253 0.273585
vt -1.064955 0.620593
vt -0.887716 0.620593
vt -0.887716 0.651909
vt -1.064955 0.651908
vt -0.894692 0.586596
vt -1.022194 0.586596
vt -1.022194 -0.057151
vt -0.894692 -0.057151
vt -0.861783 0.620330
vt -0.684903 0.620331
vt -0.684903 0.650736
vt -0.861783 0.650736
vt -0.759573 0.595041
vt -0.881652 0.595041
vt -0.881652 -0.066168
vt -0.759573 -0.066168
vt -0.724049 -0.060705
vt -0.724049 0.579107
vt -0.739545 0.579107
vt -0.739545 -0.060705
vt -0.698240 -0.081697
vt -0.698240 0.602495
vt -0.713736 0.602495
vt -0.713736 -0.081697
vt -1.234864 0.739823
vt -1.057625 0.739823
vt -1.057625 0.771139
vt -1.234864 0.771138
vt -1.064601 0.705826
vt -1.192104 0.705826
vt -1.192104 0.062078
vt -1.064602 0.062078
vt -1.031693 0.739560
vt -0.854813 0.739560
vt -0.854813 0.769966
vt -1.031693 0.769966
vt -0.929483 0.714271
vt -1.051562 0.714271
vt -1.051562 0.053062
vt -0.929483 0.053062
vt -0.893959 0.058524
vt -0.893959 0.698337
vt -0.909455 0.698337
vt -0.909455 0.058524
vt -0.868150 0.037532
vt -0.868150 0.721725
vt -0.883646 0.721725
vt -0.883646 0.037532
vt -0.794773 0.623437
vt -0.617535 0.623437
vt -0.617535 0.654753
vt -0.794774 0.654753
vt -0.624511 0.589440
vt -0.752013 0.589440
vt -0.752013 -0.054307
vt -0.624511 -0.054307
vt -0.591602 0.623175
vt -0.414722 0.623175
vt -0.414722 0.653580
vt -0.591602 0.653580
vt -0.489392 0.597885
vt -0.611471 0.597885
vt -0.611471 -0.063324
vt -0.489392 -0.063324
vt -0.453868 -0.057861
vt -0.453868 0.581951
vt -0.469364 0.581951
vt -0.469364 -0.057861
vt -0.428059 -0.078853
vt -0.428059 0.605339
vt -0.443555 0.605339
vt -0.443555 -0.078853
vt -0.371952 0.081296
vt -0.372945 0.533312
vt -0.423846 0.530921
vt -0.422853 0.078905
vt -0.532489 0.077267
vt -0.532489 0.533153
vt -0.595438 0.533153
vt -0.595438 0.077266
vt -0.469539 0.077266
vt -0.469539 0.533153
vt -0.532489 0.533153
vt -0.532489 0.077267
vt -0.469539 0.077266
vt -0.438064 0.077266
vt -0.438064 0.533153
vt -0.469539 0.533153
vt -0.657745 0.535106
vt -0.606679 0.533697
vt -0.595438 0.761097
vt -0.646505 0.762506
vt -0.532489 0.761097
vt -0.595438 0.761097
vt -0.469539 0.761097
vt -0.532489 0.761097
vt -0.438064 0.761097
vt -0.469539 0.761097
vt -0.387820 0.879755
vt -0.438064 0.875068
vt -0.438064 0.761097
vt -0.387820 0.765784
vt -0.532489 0.875068
vt -0.595438 0.875069
vt -0.469539 0.875069
vt -0.532489 0.875068
vt -0.438064 0.875068
vt -0.469539 0.875069
vt -0.645983 0.871477
vt -0.595438 0.875069
vt -0.597416 1.101011
vt -0.616778 1.213380
vt -0.667323 1.209789
vt -0.647961 1.097420
vt -0.532489 1.103012
vt -0.532489 1.216984
vt -0.595438 1.216983
vt -0.595438 1.103012
vt -0.469539 1.103012
vt -0.469539 1.216984
vt -0.532489 1.216984
vt -0.532489 1.103012
vt -0.438064 1.103012
vt -0.438064 1.216984
vt -0.469539 1.216984
vt -0.469539 1.103012
vt -0.595438 1.330955
vt -0.646537 1.330955
vt -0.646537 1.216983
vt -0.595438 1.216983
vt -0.532489 1.330955
vt -0.595438 1.330955
vt -0.469539 1.330956
vt -0.532489 1.330955
vt -0.438064 1.330955
vt -0.469539 1.330956
vt -0.365522 -0.126844
vt -0.365522 0.443014
vt -0.428472 0.443014
vt -0.428472 -0.126845
vt -0.302572 -0.126845
vt -0.302572 0.443014
vt -0.365522 0.443014
vt -0.365522 -0.126844
vt -0.239622 -0.126845
vt -0.239622 0.443014
vt -0.302572 0.443014
vt -0.302572 -0.126845
vt -0.239622 -0.126845
vt -0.208148 -0.126845
vt -0.208148 0.443014
vt -0.239622 0.443014
vt -0.365522 0.670957
vt -0.428472 0.670957
vt -0.302572 0.670957
vt -0.365522 0.670957
vt -0.239622 0.670957
vt -0.302572 0.670957
vt -0.208148 0.670957
vt -0.239622 0.670957
vt -0.365522 0.898901
vt -0.428472 0.898901
vt -0.302572 0.898901
vt -0.365522 0.898901
vt -0.239622 0.898901
vt -0.302572 0.898901
vt -0.208148 0.898901
vt -0.239622 0.898901
vt -0.365522 1.012872
vt -0.428472 1.012872
vt -0.302572 1.012873
vt -0.365522 1.012872
vt -0.239622 1.012873
vt -0.302572 1.012873
vt -0.208147 1.012873
vt -0.239622 1.012873
vt -0.365522 1.126844
vt -0.428472 1.126844
vt -0.302572 1.126844
vt -0.365522 1.126844
vt -0.239623 1.126844
vt -0.302572 1.126844
vt -0.208147 1.126845
vt -0.239623 1.126844
vt -0.667754 1.331124
vt -0.314452 -1.392249
vt -0.564920 -1.392249
vt -0.503486 1.163428
vt -0.503486 1.044948
vt -0.314452 -2.665162
vt -0.564920 -2.665162
vt -0.503486 1.163428
vt -0.503486 1.044948
vt -0.314452 -1.392249
vt -0.314452 -1.392249
vt -0.564920 -1.392249
vt -0.564920 -1.392249
vt -0.503486 1.044948
vt -0.503486 1.044948
vt -0.564920 -1.392249
vt -0.503486 1.044948
vt -0.503486 1.044948
vt -0.564920 -1.392249
vt -0.503486 1.044948
vt -0.503486 1.044948
vt -0.564920 -1.392249
vt -0.489001 -0.517244
vt -0.489001 0.058236
vt -0.489001 0.056412
vt -0.678068 0.667924
vt -0.621965 1.163428
vt -0.481199 -0.253243
vt -0.481199 -0.253243
vt -0.564920 -1.122611
vt -0.621965 1.163428
vt -0.621965 1.163428
vt -0.621965 1.163428
vt -0.683626 0.895163
vt -0.564920 -1.129823
vt -0.621965 1.163428
vt -0.564920 -0.519210
vt -0.362919 1.001219
vt -0.373233 0.338019
vt -0.303468 1.722815
vt -0.313782 1.059615
vt -0.272915 0.576898
vt -0.145566 -0.181807
vt -0.812416 -0.695080
vt -0.032403 -0.695080
vt -0.428472 0.101099
vt -0.133441 -0.513212
vt -0.283228 -0.086301
vt -0.394729 1.382316
vt -0.477206 1.225895
vt -0.405043 0.719116
vt -0.487519 0.562695
vt -0.145566 0.046136
vt -0.812416 -0.467136
vt -0.032403 -0.467136
vt -0.428472 0.329042
vt -0.133441 -0.285268
vt -0.910810 0.944771
vt -0.438064 0.761097
vt -0.645983 0.871477
vt -0.810155 0.767239
vt -0.657745 0.535106
vt -0.836567 1.163428
vt -0.725670 0.500000
vt -0.725670 0.500000
vt -0.840855 0.250499
vt -0.840855 0.749501
vt -0.725670 0.000998
vt -0.725670 0.000998
vt -0.587324 -0.167018
vt -0.646537 1.216983
vt -0.621219 0.749501
vt -0.621219 0.749501
vt -0.621219 0.250499
vt -0.621219 0.250499
vt -0.610962 0.749501
vt -0.145566 0.274080
vt -0.812416 -0.239193
vt -0.032403 -0.239193
vt -0.428472 0.556986
vt -0.133441 -0.057325
vt -0.652258 0.646932
vt -0.594806 0.353312
vt -0.594806 0.353312
vt -0.814443 -0.145690
vt -0.533560 1.171859
vt -0.145566 0.502023
vt -0.812416 -0.011250
vt -0.032403 -0.011250
vt -0.428472 0.784929
vt -0.133441 0.170619
vt -0.543873 0.508659
vt -0.336321 0.290649
vt -0.709992 0.103811
vt -0.698240 -0.081697
vt -0.460741 1.237951
vt -0.460741 1.237951
vt -0.594806 -0.145690
vt -0.594806 -0.145690
vt -0.469842 0.353312
vt -0.469842 0.353312
vt -0.814443 0.353312
vt -0.586593 0.759910
vt -0.145566 0.729966
vt -0.812416 0.216694
vt -0.032403 0.216694
vt -0.428472 1.012872
vt -0.133441 0.398562
vt -0.621965 1.163428
vt -0.626253 0.250499
vt -0.511067 0.500000
vt -0.511067 0.500000
vt -0.626253 0.749501
vt -0.511067 0.000998
vt -0.511067 0.000998
vt -0.503486 1.044948
vt -0.503486 1.044948
vt -0.503486 1.044948
vt -0.428472 1.012872
vt -0.406616 0.749501
vt -0.406616 0.749501
vt -0.406616 0.250499
vt -0.406616 0.250499
vt -0.396360 0.749501
vt -0.428472 0.898901
vt -0.564920 -1.392249
vt -0.564920 -1.392249
vt -0.699257 -0.395191
vt -0.699257 -0.395191
vt -0.621965 1.163428
vt -0.621965 1.163428
vt -0.321907 0.620732
vt -0.481199 -1.392249
vt -0.481199 -1.392249
vt -0.503486 1.163428
vt -0.503486 1.044948
vt -0.428472 0.670957
vt -0.629358 1.163428
vt -0.629358 1.044948
vt -0.428472 0.443014
vt -0.321907 0.620732
vt -0.481199 -1.392249
vt -0.481199 -1.392249
vt -0.321907 0.620732
vt -0.397826 0.058236
vt -0.489001 0.620732
vt -0.564920 0.054893
vt -0.321907 0.620732
vt -0.397826 0.056412
vt -0.238533 0.620732
vt -0.314452 0.055296
vt -0.489001 -0.522943
vt -0.397826 -0.522943
vt -0.321907 -0.523347
vt -0.397826 -0.522943
vt -0.314452 -0.519614
vt -0.238533 -0.519210
vt -0.314452 -0.519614
vt -0.481199 -0.251904
vt -0.405281 -0.248171
vt -0.481199 -0.251904
vt -0.397826 -1.124387
vt -0.321907 -1.129695
vt -0.397826 -1.124387
vt -0.481199 0.356402
vt -0.405281 0.358177
vt -0.481199 0.356402
vt -0.812416 -0.923023
vt -0.780941 -0.695080
vt -0.717991 -0.923023
vt -0.780941 -0.695080
vt -0.655041 -0.923023
vt -0.717991 -0.695080
vt -0.592092 -0.923024
vt -0.655041 -0.695080
vt -0.780941 -0.695080
vt -0.717991 -0.467137
vt -0.717991 -0.695080
vt -0.655041 -0.467136
vt -0.655041 -0.695080
vt -0.592092 -0.467136
vt -0.717991 -0.467137
vt -0.655041 -0.467136
vt -0.592092 -0.467136
vt -0.780941 0.216694
vt -0.780941 0.216694
vt -0.717991 0.216694
vt -0.780941 0.216694
vt -0.717991 0.216694
vt -0.655041 0.216694
vt -0.717991 0.216694
vt -0.655041 0.216694
vt -0.592092 0.216694
vt -0.655041 0.216694
vt -0.032403 -0.923023
vt -0.000929 -0.695080
vt 0.062021 -0.923023
vt -0.000929 -0.695080
vt 0.124971 -0.923023
vt 0.062021 -0.695080
vt 0.187921 -0.923024
vt 0.124971 -0.695080
vt -0.000929 -0.695080
vt 0.062021 -0.467137
vt 0.062021 -0.695080
vt 0.124971 -0.467136
vt 0.124971 -0.695080
vt 0.187921 -0.467136
vt 0.062021 -0.467137
vt 0.124971 -0.467136
vt 0.187921 -0.467136
vt -0.000929 0.216694
vt -0.000929 0.216694
vt 0.062021 0.216694
vt -0.000929 0.216694
vt 0.062021 0.216694
vt 0.124971 0.216694
vt 0.062021 0.216694
vt 0.124971 0.216694
vt 0.187921 0.216694
vt 0.124971 0.216694
vt -0.428472 -0.126845
vt -0.396997 0.101099
vt -0.334047 -0.126844
vt -0.396997 0.101099
vt -0.271097 -0.126845
vt -0.334047 0.101099
vt -0.208148 -0.126845
vt -0.271097 0.101099
vt -0.396997 0.101099
vt -0.334047 0.329042
vt -0.334047 0.101099
vt -0.271097 0.329042
vt -0.271097 0.101099
vt -0.208148 0.329042
vt -0.334047 0.329042
vt -0.271097 0.329042
vt -0.208148 0.329042
vt -0.396997 1.012872
vt -0.396997 1.012872
vt -0.334047 1.012873
vt -0.396997 1.012872
vt -0.334047 1.012873
vt -0.271097 1.012873
vt -0.334047 1.012873
vt -0.271097 1.012873
vt -0.208147 1.012873
vt -0.271097 1.012873
vt -0.133441 -0.741155
vt -0.101966 -0.513211
vt -0.039017 -0.741155
vt -0.101966 -0.513211
vt 0.023933 -0.741155
vt -0.039017 -0.513211
vt 0.086883 -0.741155
vt 0.023933 -0.513211
vt -0.101966 -0.513211
vt -0.039017 -0.285268
vt -0.039017 -0.513211
vt 0.023933 -0.285268
vt 0.023933 -0.513211
vt 0.086883 -0.285268
vt -0.039017 -0.285268
vt 0.023933 -0.285268
vt 0.086883 -0.285268
vt -0.101966 0.398562
vt -0.101966 0.398562
vt -0.039017 0.398562
vt -0.101966 0.398562
vt -0.039017 0.398562
vt 0.023933 0.398562
vt -0.039017 0.398562
vt 0.023933 0.398562
vt 0.086883 0.398562
vt 0.023933 0.398562
vt -0.145566 -0.409751
vt -0.114091 -0.181807
vt -0.114091 -0.181807
vt -0.051141 -0.181807
vt -0.051141 0.046136
vt -0.051141 -0.181807
vt 0.011809 -0.181807
vt 0.011809 0.046136
vt 0.011809 -0.181807
vt 0.074759 -0.181807
vt 0.074759 0.046136
vt -0.051141 0.046136
vt 0.011809 0.046136
vt 0.074759 0.046136
vt -0.114091 0.729966
vt -0.114091 0.729966
vt -0.051141 0.729966
vt -0.114091 0.729966
vt -0.051141 0.729966
vt 0.011809 0.729966
vt -0.051141 0.729966
vt 0.011809 0.729966
vt 0.074759 0.729966
vt 0.011809 0.729966
vt -0.594806 0.602813
vt -0.699257 0.353312
vt -0.406616 0.500000
vt -0.511067 0.250499
vt -0.521802 0.749501
vt -0.626253 0.500000
vt -0.521802 0.749501
vt -0.406616 0.500000
vt -0.511067 0.749501
vt -0.521802 0.250499
vt -0.621219 0.500000
vt -0.725670 0.250499
vt -0.621219 0.500000
vt -0.725670 0.749501
vt -0.595438 0.761097
vt -0.532489 0.761097
vt -0.595438 0.761097
vt -0.532489 0.761097
vt -0.469539 0.761097
vt -0.532489 0.761097
vt -0.469539 0.761097
vt -0.438064 0.761097
vt -0.469539 0.761097
vt -0.597416 1.101011
vt -0.647961 1.097420
vt -0.595438 0.875069
vt -0.532489 0.875068
vt -0.532489 1.103012
vt -0.595438 0.875069
vt -0.595438 1.103012
vt -0.532489 0.875068
vt -0.469539 0.875069
vt -0.469539 1.103012
vt -0.532489 0.875068
vt -0.532489 1.103012
vt -0.469539 0.875069
vt -0.438064 0.875068
vt -0.438064 1.103012
vt -0.469539 0.875069
vt -0.469539 1.103012
vt -0.302572 0.670957
vt -0.239622 0.898901
vt -0.365522 0.898901
vt -0.365522 0.898901
vt -0.302572 0.898901
vt -0.365522 0.898901
vt -0.302572 0.898901
vt -0.239622 0.898901
vt -0.302572 0.898901
vt -0.239622 0.898901
vt -0.208148 0.898901
vt -0.239622 0.898901
vn -1.000000 0.000000 -0.000000
vn -1.000000 0.000000 -0.000000
vn -1.000000 0.000000 -0.000000
vn -1.000000 0.000000 -0.000000
vn 0.991534 0.003560 0.129796
vn 0.991535 0.003566 0.129790
vn 0.991534 0.003560 0.129797
vn 0.991534 0.003554 0.129803
vn 0.000000 1.000000 -0.000000
vn 0.000000 1.000000 -0.000000
vn 0.000000 1.000000 -0.000000
vn 0.000000 1.000000 -0.000000
vn -1.000000 0.000000 -0.000000
vn -1.000000 0.000000 -0.000000
vn -1.000000 0.000000 -0.000000
vn -1.000000 0.000000 -0.000000
vn 1.000000 0.000000 0.000000
vn 1.000000 0.000000 0.000000
vn 1.000000 0.000000 0.000000
vn 1.000000 0.000000 0.000000
vn 0.000000 0.000000 -1.000000
vn 0.000000 0.000000 -1.000000
vn 0.000000 0.000000 -1.000000
vn 0.000000 0.000000 -1.000000
vn 0.000000 0.000000 1.000000
vn 0.000000 0.000000 1.000000
vn 0.000000 0.000000 1.000000
vn 0.000000 0.000000 1.000000
vn 0.000000 1.000000 -0.000000
vn 0.000000 1.000000 -0.000000
vn 0.000000 1.000000 -0.000000
vn 0.000000 1.000000 -0.000000
vn -1.000000 0.000000 -0.000000
vn -1.000000 0.000000 -0.000000
vn -1.000000 0.000000 -0.000000
vn -1.000000 0.000000 -0.000000
vn 1.000000 0.000000 0.000000
vn 1.000000 0.000000 0.000000
vn 1.000000 0.000000 0.000000
vn 1.000000 0.000000 0.000000
vn 0.000000 0.000000 -1.000000
vn 0.000000 0.000000 -1.000000
vn 0.000000 0.000000 -1.000000
vn 0.000000 0.000000 -1.000000
vn -0.000006 0.000000 1.000000
vn -0.000006 0.000000 1.000000
vn -0.000006 0.000000 1.000000
vn -0.000006 0.000000 1.000000
vn 0.030291 -0.999541 0.000075
vn 0.030280 -0.999541 -0.000000
vn 0.030387 -0.999538 0.000697
vn 0.030398 -0.999538 0.000773
vn -1.000000 0.000000 -0.000000
vn -1.000000 0.000000 -0.000000
vn -1.000000 0.000000 -0.000000
vn -1.000000 0.000000 -0.000000
vn 1.000000 0.000000 -0.000000
vn 1.000000 0.000000 -0.000000
vn 1.000000 0.000000 -0.000000
vn 1.000000 0.000000 -0.000000
vn 0.000000 -1.000000 -0.000000
vn 0.000000 -1.000000 -0.000000
vn 0.000000 -1.000000 -0.000000
vn 0.000000 -1.000000 -0.000000
vn -0.030323 0.999540 -0.000697
vn -0.030311 0.999540 -0.000771
vn -0.030419 0.999537 -0.000075
vn -0.030430 0.999537 -0.000000
vn -0.000000 0.000000 1.000000
vn -0.000000 0.000000 1.000000
vn -0.000000 0.000000 1.000000
vn -0.000000 0.000000 1.000000
vn 0.000000 -0.000000 -1.000000
vn 0.000000 -0.000000 -1.000000
vn 0.000000 -0.000000 -1.000000
vn 0.000000 0.000000 -1.000000
vn -0.999654 0.006818 -0.025414
vn -0.999654 0.006818 -0.025414
vn -0.999654 0.006818 -0.025414
vn -0.999654 0.006818 -0.025414
vn 0.991534 0.003560 0.129796
vn 0.991535 0.003566 0.129790
vn 0.991534 0.003560 0.129797
vn 0.991534 0.003554 0.129803
vn 0.000000 1.000000 -0.000000
vn 0.000000 1.000000 -0.000000
vn 0.000000 1.000000 -0.000000
vn 0.000000 1.000000 -0.000000
vn -1.000000 0.000000 -0.000000
vn -1.000000 0.000000 -0.000000
vn -1.000000 0.000000 -0.000000
vn -1.000000 0.000000 -0.000000
vn 1.000000 0.000000 0.000000
vn 1.000000 0.000000 0.000000
vn 1.000000 0.000000 0.000000
vn 1.000000 0.000000 0.000000
vn 0.000000 0.000000 -1.000000
vn 0.000000 0.000000 -1.000000
vn 0.000000 0.000000 -1.000000
vn 0.000000 0.000000 -1.000000
vn 0.000000 0.000000 1.000000
vn 0.000000 0.000000 1.000000
vn 0.000000 0.000000 1.000000
vn 0.000000 0.000000 1.000000
vn -1.000000 0.000000 -0.000000
vn -1.000000 0.000000 -0.000000
vn -1.000000 0.000000 -0.000000
vn -1.000000 0.000000 -0.000000
vn 1.000000 0.000000 -0.000000
vn 1.000000 0.000000 -0.000000
vn 1.000000 0.000000 -0.000000
vn 1.000000 0.000000 -0.000000
vn -1.000000 0.000000 -0.000000
vn -1.000000 0.000000 -0.000000
vn -1.000000 0.000000 -0.000000
vn -1.000000 0.000000 -0.000000
vn 1.000000 0.000000 -0.000000
vn 1.000000 0.000000 -0.000000
vn 1.000000 0.000000 -0.000000
vn 1.000000 0.000000 -0.000000
vn 0.000000 1.000000 -0.000000
vn 0.000000 1.000000 -0.000000
vn 0.000000 1.000000 -0.000000
vn 0.000000 1.000000 -0.000000
vn -1.000000 0.000000 -0.000000
vn -1.000000 0.000000 -0.000000
vn -1.000000 0.000000 -0.000000
vn -1.000000 0.000000 -0.000000
vn 1.000000 0.000000 0.000000
vn 1.000000 0.000000 0.000000
vn 1.000000 0.000000 0.000000
vn 1.000000 0.000000 0.000000
vn 0.000000 0.000000 -1.000000
vn 0.000000 0.000000 -1.000000
vn 0.000000 0.000000 -1.000000
vn 0.000000 0.000000 -1.000000
vn 0.000000 0.000000 1.000000
vn 0.000000 0.000000 1.000000
vn 0.000000 0.000000 1.000000
vn 0.000000 0.000000 1.000000
vn 0.000000 -1.000000 -0.000000
vn 0.000000 -1.000000 -0.000000
vn 0.000000 -1.000000 -0.000000
vn 0.000000 -1.000000 -0.000000
vn 0.000000 -1.000000 -0.000000
vn 0.000000 -1.000000 -0.000000
vn 0.000000 -1.000000 -0.000000
vn 0.000000 -1.000000 -0.000000
vn 0.000000 -1.000000 -0.000000
vn 0.000000 -1.000000 -0.000000
vn 0.000000 -1.000000 -0.000000
vn 0.000000 -1.000000 -0.000000
vn 0.000000 -1.000000 -0.000000
vn 0.000000 -1.000000 -0.000000
vn 0.000000 -1.000000 -0.000000
vn 0.000000 -1.000000 -0.000000
vn 0.000000 -1.000000 -0.000000
vn 0.000000 -1.000000 -0.000000
vn 0.000000 -1.000000 -0.000000
vn 0.000000 -1.000000 -0.000000
vn 0.000000 -1.000000 -0.000000
vn 0.000000 -1.000000 -0.000000
vn 0.000000 -1.000000 -0.000000
vn 0.000000 -1.000000 -0.000000
vn 0.000000 -1.000000 -0.000000
vn 0.000000 -1.000000 -0.000000
vn 0.000000 -1.000000 -0.000000
vn 0.000000 -1.000000 -0.000000
vn 0.000000 1.000000 -0.000000
vn 0.000000 1.000000 -0.000000
vn 0.000000 1.000000 -0.000000
vn 0.000000 1.000000 -0.000000
vn -0.000000 -0.000000 1.000000
vn -0.000000 -0.000000 1.000000
vn -0.000000 -0.000000 1.000000
vn -0.000000 0.000000 1.000000
vn 0.000000 0.000000 -1.000000
vn 0.000000 0.000000 -1.000000
vn 0.000000 0.000000 -1.000000
vn 0.000000 0.000000 -1.000000
vn 0.000000 1.000000 -0.000000
vn 0.000000 1.000000 -0.000000
vn 0.000000 1.000000 -0.000000
vn 0.000000 1.000000 -0.000000
vn -0.000000 -0.000000 1.000000
vn -0.000000 -0.000000 1.000000
vn -0.000000 -0.000000 1.000000
vn -0.000000 0.000000 1.000000
vn 0.000000 0.000000 -1.000000
vn 0.000000 0.000000 -1.000000
vn 0.000000 0.000000 -1.000000
vn 0.000000 0.000000 -1.000000
vn 0.000000 1.000000 -0.000000
vn 0.000000 1.000000 -0.000000
vn 0.000000 1.000000 -0.000000
vn 0.000000 1.000000 -0.000000
vn -0.000000 0.000000 1.000000
vn -0.000000 0.000000 1.000000
vn -0.000000 0.000000 1.000000
vn -0.000000 0.000000 1.000000
vn 0.000000 0.000000 -1.000000
vn 0.000000 0.000000 -1.000000
vn 0.000000 0.000000 -1.000000
vn 0.000000 0.000000 -1.000000
vn 0.000000 1.000000 -0.000000
vn 0.000000 1.000000 -0.000000
vn 0.000000 1.000000 -0.000000
vn 0.000000 1.000000 -0.000000
vn -0.000000 0.000000 1.000000
vn -0.000000 0.000000 1.000000
vn -0.000000 0.000000 1.000000
vn -0.000000 0.000000 1.000000
vn 0.000000 0.000000 -1.000000
vn 0.000000 0.000000 -1.000000
vn 0.000000 0.000000 -1.000000
vn 0.000000 0.000000 -1.000000
vn -0.000000 0.997628 -0.068841
vn 0.000000 0.997628 -0.068841
vn 0.000392 0.996568 -0.082774
vn 0.000435 0.996526 -0.083277
vn 0.000057 -0.994727 0.102556
vn 0.000000 -0.994727 0.102562
vn -0.000370 -0.998503 0.054695
vn -0.000191 -0.998585 0.053184
vn -1.000000 0.000000 -0.000000
vn -1.000000 0.000000 -0.000000
vn -1.000000 0.000000 -0.000000
vn -1.000000 0.000000 -0.000000
vn 1.000000 0.000000 -0.000000
vn 1.000000 0.000000 -0.000000
vn 1.000000 -0.000000 0.000000
vn 1.000000 -0.000000 0.000000
vn 0.000000 -0.068839 -0.997628
vn 0.000000 -0.068839 -0.997628
vn 0.000000 -0.068839 -0.997628
vn 0.000000 -0.068839 -0.997628
vn 0.000000 0.068839 0.997628
vn 0.000000 0.068839 0.997628
vn 0.000000 0.068839 0.997628
vn 0.000000 0.068839 0.997628
vn -0.000177 0.999115 0.042061
vn 0.000000 0.999113 0.042104
vn 0.000934 0.999544 -0.030196
vn 0.000531 0.999453 -0.033059
vn -0.000035 -0.999791 -0.020425
vn 0.000000 -0.999791 -0.020429
vn -0.000350 -0.999883 -0.015295
vn -0.000334 -0.999885 -0.015139
vn -1.000000 -0.000004 0.000002
vn -1.000000 0.000000 0.000003
vn -1.000000 -0.000023 -0.000000
vn -1.000000 -0.000025 -0.000001
vn 1.000000 0.000000 -0.000000
vn 1.000000 0.000000 -0.000000
vn 1.000000 0.000000 -0.000000
vn 1.000000 0.000000 -0.000000
vn 0.000000 0.000000 -1.000000
vn 0.000000 0.000000 -1.000000
vn 0.000000 0.000000 -1.000000
vn 0.000000 0.000000 -1.000000
vn 0.000000 0.000000 1.000000
vn 0.000000 0.000000 1.000000
vn 0.000000 0.000000 1.000000
vn 0.000000 0.000000 1.000000
vn -0.003131 0.996147 -0.087646
vn -0.005199 0.996081 -0.088296
vn 0.001323 0.999213 -0.039646
vn 0.002138 0.999358 -0.035763
vn -1.000000 -0.000025 0.000002
vn -1.000000 -0.000025 0.000002
vn -1.000000 -0.000025 0.000001
vn -1.000000 -0.000025 0.000001
vn 1.000000 0.000000 -0.000000
vn 1.000000 0.000000 -0.000000
vn 1.000000 -0.000000 0.000000
vn 1.000000 -0.000000 0.000000
vn -0.001481 -0.994499 0.104735
vn -0.000707 -0.994548 0.104274
vn -0.000465 -0.999543 0.030219
vn -0.001014 -0.999452 0.033101
vn -0.058774 0.013331 -0.998182
vn -0.058775 0.013330 -0.998182
vn -0.058774 0.013331 -0.998182
vn -0.058773 0.013332 -0.998182
vn -0.006789 -0.008129 0.999944
vn -0.006783 -0.008135 0.999944
vn -0.006789 -0.008129 0.999944
vn -0.006795 -0.008123 0.999944
vn 0.000000 1.000000 -0.000000
vn 0.000000 1.000000 -0.000000
vn 0.000000 1.000000 -0.000000
vn 0.000000 1.000000 -0.000000
vn 0.000000 -1.000000 -0.000000
vn 0.000000 -1.000000 -0.000000
vn 0.000000 -1.000000 -0.000000
vn 0.000000 -1.000000 -0.000000
vn -0.000000 -0.000000 1.000000
vn -0.000000 -0.000000 1.000000
vn -0.000000 -0.000000 1.000000
vn -0.000000 0.000000 1.000000
vn 0.000000 0.000000 -1.000000
vn 0.000000 0.000000 -1.000000
vn 0.000000 0.000000 -1.000000
vn 0.000000 0.000000 -1.000000
vn -1.000000 0.000000 -0.000000
vn -1.000000 0.000000 -0.000000
vn -1.000000 0.000000 -0.000000
vn -1.000000 0.000000 -0.000000
vn 1.000000 0.000000 -0.000000
vn 1.000000 0.000000 -0.000000
vn 1.000000 0.000000 -0.000000
vn 1.000000 0.000000 -0.000000
vn 0.000000 1.000000 -0.000000
vn 0.000000 1.000000 -0.000000
vn 0.000000 1.000000 -0.000000
vn 0.000000 1.000000 -0.000000
vn -0.000000 0.000000 1.000000
vn -0.000000 0.000000 1.000000
vn -0.000000 0.000000 1.000000
vn -0.000000 0.000000 1.000000
vn 0.000000 -0.000000 -1.000000
vn 0.000000 0.000000 -1.000000
vn 0.000000 -0.000000 -1.000000
vn 0.000000 -0.000000 -1.000000
vn -0.999654 0.006818 -0.025414
vn -0.999654 0.006818 -0.025414
vn -0.999654 0.006818 -0.025414
vn -0.999654 0.006818 -0.025414
vn 0.991534 0.003560 0.129795
vn 0.991535 0.003566 0.129789
vn 0.991534 0.003560 0.129795
vn 0.991534 0.003554 0.129801
vn 0.000000 -1.000000 -0.000000
vn 0.000000 -1.000000 -0.000000
vn 0.000000 -1.000000 -0.000000
vn 0.000000 -1.000000 -0.000000
vn -1.000000 0.000000 -0.000000
vn -1.000000 0.000000 -0.000000
vn -1.000000 0.000000 -0.000000
vn -1.000000 0.000000 -0.000000
vn 1.000000 0.000000 -0.000000
vn 1.000000 0.000000 -0.000000
vn 1.000000 0.000000 -0.000000
vn 1.000000 0.000000 -0.000000
vn 0.000000 -1.000000 -0.000000
vn 0.000000 -1.000000 -0.000000
vn 0.000000 -1.000000 -0.000000
vn 0.000000 -1.000000 -0.000000
vn -1.000000 0.000000 -0.000000
vn -1.000000 0.000000 -0.000000
vn -1.000000 0.000000 -0.000000
vn -1.000000 0.000000 -0.000000
vn 1.000000 0.000000 -0.000000
vn 1.000000 0.000000 -0.000000
vn 1.000000 0.000000 -0.000000
vn 1.000000 0.000000 -0.000000
vn 0.000000 -1.000000 -0.000000
vn 0.000000 -1.000000 -0.000000
vn 0.000000 -1.000000 -0.000000
vn 0.000000 -1.000000 -0.000000
vn 0.000000 0.000000 -1.000000
vn 0.000000 0.000000 -1.000000
vn 0.000000 0.000000 -1.000000
vn 0.000000 0.000000 -1.000000
vn 0.000000 0.000000 1.000000
vn 0.000000 0.000000 1.000000
vn 0.000000 0.000000 1.000000
vn 0.000000 0.000000 1.000000
vn 0.000000 -0.997628 0.068841
vn 0.000000 -0.997628 0.068841
vn 0.000000 -0.997628 0.068841
vn 0.000000 -0.997628 0.068841
vn 0.000000 -0.068839 -0.997628
vn 0.000000 -0.068839 -0.997628
vn 0.000000 -0.068839 -0.997628
vn 0.000000 -0.068839 -0.997628
vn 0.000000 0.068839 0.997628
vn 0.000000 0.068839 0.997628
vn 0.000000 0.068839 0.997628
vn 0.000000 0.068839 0.997628
vn 0.000411 0.998593 -0.053019
vn 0.000158 0.998511 -0.054545
vn -0.000058 0.994711 -0.102714
vn 0.000000 0.994712 -0.102708
vn 0.000767 -0.998607 0.052754
vn 0.001188 -0.998786 0.049253
vn -1.000000 -0.000000 -0.000000
vn -1.000000 -0.000000 -0.000000
vn -1.000000 -0.000000 -0.000000
vn -1.000000 -0.000000 -0.000000
vn 1.000000 0.000000 0.000000
vn 1.000000 0.000000 0.000000
vn 1.000000 0.000000 0.000000
vn 1.000000 0.000000 0.000000
vn -0.002439 -0.999162 0.040868
vn -0.001200 -0.999319 0.036871
vn 0.000348 0.999884 0.015207
vn 0.000340 0.999882 0.015363
vn 0.000035 0.999793 0.020364
vn 0.000000 0.999793 0.020360
vn -1.000000 -0.000024 -0.000001
vn -1.000000 -0.000025 -0.000001
vn -1.000000 -0.000002 0.000001
vn -1.000000 0.000000 0.000001
vn 1.000000 0.000000 0.000000
vn 1.000000 0.000000 0.000000
vn 1.000000 0.000000 0.000000
vn 1.000000 0.000000 0.000000
vn 0.000000 1.000000 -0.000000
vn 0.000000 1.000000 -0.000000
vn 0.000000 1.000000 -0.000000
vn 0.000000 1.000000 -0.000000
vn -1.000000 0.000000 -0.000000
vn -1.000000 0.000000 -0.000000
vn -1.000000 0.000000 -0.000000
vn -1.000000 0.000000 -0.000000
vn 1.000000 0.000000 0.000000
vn 1.000000 0.000000 0.000000
vn 1.000000 0.000000 0.000000
vn 1.000000 0.000000 0.000000
vn 0.000000 0.997628 -0.068841
vn 0.000000 0.997628 -0.068841
vn 0.000000 0.997628 -0.068841
vn 0.000000 0.997628 -0.068841
vn -1.000000 -0.000000 -0.000000
vn -1.000000 -0.000000 -0.000000
vn -1.000000 -0.000000 -0.000000
vn -1.000000 -0.000000 -0.000000
vn 1.000000 0.000000 0.000000
vn 1.000000 0.000000 0.000000
vn 1.000000 0.000000 0.000000
vn 1.000000 0.000000 0.000000
vn -0.000960 0.998776 -0.049462
vn -0.000971 0.998597 -0.052941
vn -1.000000 0.000000 -0.000000
vn -1.000000 0.000000 -0.000000
vn 1.000000 -0.000000 0.000000
vn 1.000000 -0.000000 0.000000
vn -0.000419 -0.996573 0.082720
vn -0.000405 -0.996531 0.083221
vn 0.003088 -0.996334 0.085498
vn 0.004999 -0.996377 0.084897
vn 0.001490 0.994411 -0.105567
vn 0.000721 0.994362 -0.106037
vn -1.000000 -0.000025 0.000003
vn -1.000000 -0.000025 0.000003
vn 1.000000 0.000000 -0.000000
vn 1.000000 0.000000 -0.000000
vn 0.000178 -0.999117 -0.042013
vn 0.000000 -0.999119 -0.041970
vn 0.000000 -0.997628 0.068841
vn 0.000000 -0.997628 0.068841
vn 0.000000 -1.000000 -0.000000
vn 0.000000 -1.000000 -0.000000
vn 0.000000 -1.000000 -0.000000
vn 0.000000 -1.000000 -0.000000
vn 0.000000 1.000000 -0.000000
vn 0.000000 1.000000 -0.000000
vn 0.000000 1.000000 -0.000000
vn 0.000000 1.000000 -0.000000
vn -0.000000 0.000000 1.000000
vn -0.000000 0.000000 1.000000
vn -0.000000 0.000000 1.000000
vn -0.000000 0.000000 1.000000
vn 0.000000 0.000000 -1.000000
vn 0.000000 0.000000 -1.000000
vn 0.000000 0.000000 -1.000000
vn 0.000000 0.000000 -1.000000
vn 0.000000 1.000000 -0.000000
vn 0.000000 1.000000 -0.000000
vn 0.000000 1.000000 -0.000000
vn 0.000000 1.000000 -0.000000
vn -0.000000 0.000000 1.000000
vn -0.000000 0.000000 1.000000
vn -0.000000 0.000000 1.000000
vn -0.000000 0.000000 1.000000
vn 0.000000 0.000000 -1.000000
vn 0.000000 0.000000 -1.000000
vn 0.000000 0.000000 -1.000000
vn 0.000000 0.000000 -1.000000
vn -0.825076 0.563015 -0.047579
vn -0.825075 0.563017 -0.047569
vn -0.825075 0.563017 -0.047570
vn -0.825076 0.563015 -0.047581
vn -0.000216 -0.004727 0.999989
vn -0.000970 -0.005893 0.999982
vn 0.006753 0.006056 0.999959
vn 0.007575 0.007327 0.999944
vn 0.897295 -0.438863 0.047541
vn 0.897298 -0.438860 0.047523
vn 0.897298 -0.438861 0.047525
vn 0.897295 -0.438864 0.047544
vn -0.004976 -0.006866 -0.999964
vn -0.005399 -0.008392 -0.999950
vn -0.001529 0.005597 -0.999983
vn -0.001063 0.007280 -0.999973
vn -0.407160 -0.913340 0.005507
vn -0.407160 -0.913340 0.005526
vn -0.407160 -0.913340 0.005526
vn -0.407160 -0.913340 0.005507
vn 0.407160 0.913340 -0.005499
vn 0.407159 0.913340 -0.005527
vn 0.407159 0.913340 -0.005526
vn 0.407160 0.913340 -0.005499
vn -0.007702 -0.957394 0.288683
vn -0.007702 -0.957495 0.288347
vn -0.017584 -0.957274 0.288647
vn -0.017584 -0.957274 0.288647
vn -0.002040 -0.343318 -0.939217
vn 0.057142 -0.341923 -0.937989
vn 0.057142 -0.341923 -0.937989
vn -0.002060 -0.342482 -0.939522
vn -0.003189 0.957588 -0.288124
vn 0.017584 0.957273 -0.288649
vn 0.017584 0.957273 -0.288649
vn -0.003253 0.957416 -0.288692
vn -0.008658 0.000000 0.999963
vn -0.060807 0.000000 0.998150
vn -0.060807 0.000000 0.998150
vn -0.008658 0.000000 0.999963
vn -0.019681 -0.960992 0.275877
vn -0.019526 -0.961095 0.275527
vn -0.008692 -0.357165 -0.934001
vn -0.006919 -0.358096 -0.933659
vn 0.031111 0.960654 -0.275999
vn 0.031744 0.960812 -0.275377
vn 0.003155 0.000000 0.999995
vn 0.004594 0.000000 0.999989
vn -0.006442 -0.962346 0.271751
vn -0.007263 -0.962265 0.272016
vn -0.015518 -0.362559 -0.931832
vn -0.016483 -0.361853 -0.932089
vn 0.018529 0.962177 -0.271795
vn 0.016637 0.962087 -0.272234
vn 0.021862 0.000000 0.999761
vn 0.020546 0.000000 0.999789
vn 0.004659 -0.957507 0.288372
vn 0.005294 -0.957408 0.288690
vn -0.020173 -0.343213 -0.939041
vn -0.021215 -0.342405 -0.939313
vn -0.017047 0.957446 -0.288109
vn -0.016247 0.957296 -0.288654
vn 0.018061 0.000000 0.999837
vn 0.017563 0.000000 0.999846
vn 0.017963 -0.957267 0.288648
vn 0.021569 -0.957199 0.288627
vn 0.074815 -0.341522 -0.936891
vn 0.074089 -0.341540 -0.936942
vn -0.021569 0.957199 -0.288625
vn -0.017963 0.957268 -0.288646
vn -0.064142 0.000000 0.997941
vn -0.065280 0.000000 0.997867
vn 0.058299 -0.955794 0.288201
vn 0.058299 -0.955794 0.288201
vn 0.111287 -0.340355 -0.933688
vn 0.111287 -0.340355 -0.933688
vn -0.058299 0.955793 -0.288203
vn -0.058299 0.955793 -0.288203
vn -0.087023 0.000000 0.996206
vn -0.087023 0.000000 0.996206
vn 0.003028 -0.980914 0.194417
vn 0.002745 -0.981057 0.193700
vn -0.009178 -0.980877 0.194410
vn -0.009178 -0.980877 0.194410
vn -0.016461 -0.487187 -0.873142
vn 0.041249 -0.484577 -0.873776
vn 0.041249 -0.484577 -0.873775
vn -0.017456 -0.484916 -0.874386
vn -0.001990 0.981156 -0.193207
vn 0.009177 0.980878 -0.194407
vn 0.009177 0.980878 -0.194407
vn -0.001733 0.980918 -0.194415
vn 0.009225 0.000000 0.999957
vn -0.047155 0.000000 0.998888
vn -0.047155 0.000000 0.998888
vn 0.009225 0.000000 0.999957
vn 0.002912 -0.986169 0.165719
vn 0.003087 -0.986173 0.165689
vn -0.015793 -0.546719 -0.837167
vn -0.016430 -0.546771 -0.837121
vn -0.005682 0.986084 -0.166150
vn -0.005305 0.986076 -0.166212
vn 0.023555 0.000000 0.999723
vn 0.023555 0.000000 0.999723
vn 0.005036 -0.981040 0.193738
vn 0.004770 -0.981029 0.193805
vn -0.020770 -0.487090 -0.873105
vn -0.020120 -0.486833 -0.873263
vn -0.002058 0.981170 -0.193134
vn -0.002154 0.981124 -0.193370
vn 0.020550 0.000000 0.999789
vn 0.020550 0.000000 0.999789
vn 0.002772 -0.985577 0.169208
vn 0.002922 -0.985580 0.169184
vn -0.014750 -0.538576 -0.842448
vn -0.015273 -0.538617 -0.842413
vn -0.005195 0.985501 -0.169590
vn -0.004885 0.985494 -0.169639
vn 0.021527 0.000000 0.999768
vn 0.021527 0.000000 0.999768
vn -0.009780 -0.980993 0.193796
vn -0.010205 -0.980868 0.194408
vn 0.048907 -0.486354 -0.872392
vn 0.049641 -0.484392 -0.873441
vn 0.011727 0.981060 -0.193350
vn 0.011536 0.980854 -0.194402
vn -0.051274 0.000000 0.998685
vn -0.051274 0.000000 0.998685
vn -0.016767 -0.980781 0.194391
vn -0.016767 -0.980781 0.194391
vn 0.075216 -0.483617 -0.872042
vn 0.075216 -0.483617 -0.872042
vn 0.016766 0.980781 -0.194388
vn 0.016766 0.980781 -0.194388
vn -0.085934 0.000000 0.996301
vn -0.085934 0.000000 0.996301
vn -0.023273 -0.983310 0.180446
vn -0.024172 -0.983172 0.181078
vn 0.001517 -0.987434 0.158027
vn 0.001477 -0.987587 0.157064
vn 0.025162 -0.514374 -0.857197
vn 0.038516 -0.568141 -0.822029
vn 0.039077 -0.564657 -0.824400
vn 0.026542 -0.512279 -0.858409
vn 0.029759 0.983232 -0.179914
vn 0.012538 0.987511 -0.157049
vn 0.012372 0.987236 -0.158784
vn 0.030420 0.983004 -0.181048
vn -0.026675 0.000000 0.999644
vn -0.021338 0.000000 0.999772
vn -0.021338 0.000000 0.999772
vn -0.026831 0.000000 0.999640
vn -0.009572 -0.983414 0.181122
vn -0.009139 -0.983488 0.180743
vn -0.003330 -0.512469 -0.858699
vn -0.003101 -0.513749 -0.857935
vn -0.004552 0.983449 -0.181130
vn -0.004195 0.983573 -0.180464
vn -0.017014 0.000000 0.999855
vn -0.017018 0.000000 0.999855
vn 0.010694 -0.985709 0.168120
vn 0.011699 -0.985445 0.169590
vn -0.017746 -0.541319 -0.840630
vn -0.018097 -0.536454 -0.843736
vn -0.041856 0.984863 -0.168208
vn -0.040904 0.984456 -0.170805
vn 0.030612 0.000000 0.999531
vn 0.031559 0.000000 0.999502
vn 0.010398 -0.971874 0.235271
vn 0.010686 -0.971644 0.236206
vn 0.002909 -0.416083 -0.909322
vn 0.002453 -0.413585 -0.910462
vn 0.010193 0.972216 -0.233862
vn 0.010094 0.971890 -0.235220
vn 0.008467 0.000000 0.999964
vn 0.008467 0.000000 0.999964
vn 0.009436 -0.983164 0.182480
vn 0.009079 -0.983419 0.181123
vn 0.034292 -0.507651 -0.860880
vn 0.034266 -0.512171 -0.858200
vn 0.014055 0.982899 -0.183608
vn 0.014062 0.983362 -0.181112
vn -0.023774 0.000000 0.999717
vn -0.023774 0.000000 0.999717
vn -0.000000 -0.983459 0.181130
vn -0.000000 -0.983459 0.181130
vn 0.000000 -0.512472 -0.858704
vn 0.000000 -0.512472 -0.858704
vn 0.000000 0.983459 -0.181130
vn 0.000000 0.983459 -0.181130
vn -0.000000 0.000000 1.000000
vn -0.000000 0.000000 1.000000
vn -0.033193 -0.984849 0.170206
vn -0.033628 -0.984831 0.170228
vn -0.009537 -0.980281 0.197379
vn -0.009514 -0.980013 0.198707
vn 0.001647 -0.534010 -0.845477
vn 0.042054 -0.476162 -0.878351
vn 0.041413 -0.480569 -0.875979
vn 0.002892 -0.537998 -0.842941
vn 0.032306 0.984616 -0.171723
vn 0.007744 0.980028 -0.198707
vn 0.007932 0.980509 -0.196317
vn 0.032734 0.984964 -0.169628
vn -0.021994 0.000000 0.999758
vn -0.058884 0.000000 0.998265
vn -0.058884 0.000000 0.998265
vn -0.020589 0.000000 0.999788
vn -0.012509 -0.980122 0.198000
vn -0.011846 -0.979940 0.198940
vn 0.008144 -0.478693 -0.877944
vn 0.008471 -0.475771 -0.879529
vn 0.001674 0.980300 -0.197509
vn 0.002834 0.979963 -0.199158
vn -0.013322 0.000000 0.999911
vn -0.013184 0.000000 0.999913
vn 0.021824 -0.977702 0.208862
vn 0.021693 -0.977706 0.208854
vn 0.014556 -0.457755 -0.888959
vn 0.015247 -0.457744 -0.888953
vn -0.020652 0.977764 -0.208690
vn -0.021050 0.977753 -0.208700
vn -0.006561 0.000000 0.999978
vn -0.005472 0.000000 0.999985
vn 0.031236 -0.979529 0.198863
vn 0.030281 -0.979761 0.197870
vn -0.023422 -0.475675 -0.879309
vn -0.022690 -0.478869 -0.877593
vn 0.003379 0.979961 -0.199161
vn 0.002977 0.980326 -0.197363
vn 0.047524 0.000000 0.998870
vn 0.047602 0.000000 0.998866
vn 0.021819 -0.988448 0.149979
vn 0.022421 -0.988590 0.148955
vn -0.008738 -0.585692 -0.810487
vn -0.008390 -0.589306 -0.807866
vn -0.002646 0.988563 -0.150786
vn -0.002648 0.988834 -0.148997
vn 0.032822 0.000000 0.999461
vn 0.032573 0.000000 0.999469
vn -0.000000 -0.988838 0.148993
vn -0.000000 -0.988838 0.148993
vn 0.000000 -0.589327 -0.807895
vn 0.000000 -0.589327 -0.807895
vn 0.000000 0.988838 -0.148997
vn 0.000000 0.988838 -0.148997
vn -0.000000 0.000000 1.000000
vn -0.000000 0.000000 1.000000
vn -0.004987 -0.985436 0.169975
vn -0.004816 -0.985561 0.169255
vn -0.010245 -0.981240 0.192520
vn -0.010231 -0.981028 0.193594
vn 0.045017 -0.493586 -0.868532
vn 0.015366 -0.588094 -0.808646
vn 0.015523 -0.583958 -0.811635
vn 0.046122 -0.486091 -0.872690
vn 0.007487 0.981613 -0.190738
vn 0.004887 0.987113 -0.159948
vn 0.004947 0.986915 -0.161167
vn 0.007259 0.981054 -0.193596
vn -0.061965 0.000000 0.998078
vn -0.031124 0.000000 0.999516
vn -0.031124 0.000000 0.999516
vn -0.061965 0.000000 0.998078
vn -0.016588 -0.986954 0.160148
vn -0.015744 -0.986895 0.160592
vn -0.036130 -0.561963 -0.826373
vn -0.036462 -0.558753 -0.828532
vn 0.008697 0.987088 -0.159944
vn 0.009163 0.986897 -0.161092
vn 0.034111 0.000000 0.999418
vn 0.033353 0.000000 0.999444
vn 0.003454 -0.982402 0.186748
vn 0.002960 -0.982248 0.187561
vn -0.009141 -0.501293 -0.865230
vn -0.009877 -0.498691 -0.866724
vn -0.001413 0.982498 -0.186267
vn -0.001622 0.982230 -0.187672
vn 0.018718 0.000000 0.999825
vn 0.018716 0.000000 0.999825
vn 0.012374 -0.981034 0.193443
vn 0.010832 -0.981022 0.193593
vn 0.055212 -0.486326 -0.872032
vn 0.055131 -0.485857 -0.872298
vn -0.004426 0.981121 -0.193345
vn -0.005506 0.981065 -0.193601
vn -0.045690 0.000000 0.998956
vn -0.046043 0.000000 0.998940
vn -0.006089 -0.981062 0.193600
vn -0.005859 -0.981063 0.193601
vn 0.027193 -0.486429 -0.873297
vn 0.026679 -0.486436 -0.873309
vn 0.005858 0.981063 -0.193598
vn 0.006089 0.981062 -0.193598
vn -0.030825 0.000000 0.999525
vn -0.030825 0.000000 0.999525
vn 0.000000 -0.981080 0.193604
vn 0.000000 -0.981080 0.193604
vn 0.000000 -0.486609 -0.873620
vn 0.000000 -0.486609 -0.873620
vn 0.000000 0.981080 -0.193601
vn 0.000000 0.981080 -0.193601
vn 0.000000 0.000000 1.000000
vn 0.000000 0.000000 1.000000
vn 0.000000 -1.000000 -0.000000
vn 0.000000 -1.000000 -0.000000
vn 0.000000 -1.000000 -0.000000
vn 0.000000 -1.000000 -0.000000
vn -1.000000 0.000000 -0.000000
vn -1.000000 0.000000 -0.000000
vn -1.000000 0.000000 -0.000000
vn -1.000000 0.000000 -0.000000
vn 1.000000 0.000000 -0.000000
vn 1.000000 0.000000 -0.000000
vn 1.000000 0.000000 -0.000000
vn 1.000000 0.000000 -0.000000
vn 0.000000 1.000000 -0.000000
vn 0.000000 1.000000 -0.000000
vn 0.000000 1.000000 -0.000000
vn 0.000000 1.000000 -0.000000
vn -0.000000 0.000000 1.000000
vn -0.000000 0.000000 1.000000
vn -0.000000 0.000000 1.000000
vn -0.000000 0.000000 1.000000
vn 0.000000 0.000000 -1.000000
vn 0.000000 0.000000 -1.000000
vn 0.000000 0.000000 -1.000000
vn 0.000000 0.000000 -1.000000
vn 0.079485 0.954465 0.287538
vn 0.079485 0.954465 0.287538
vn 0.048987 0.956345 0.288105
vn 0.049558 0.956318 0.288097
vn -0.049558 -0.956319 -0.288092
vn -0.048987 -0.956346 -0.288101
vn -0.079484 -0.954466 -0.287535
vn -0.079484 -0.954466 -0.287535
vn -0.024012 -0.288347 0.957225
vn -0.024012 -0.288347 0.957225
vn -0.014580 -0.288400 0.957399
vn -0.015153 -0.288398 0.957391
vn 0.024014 0.288370 -0.957218
vn 0.024014 0.288370 -0.957218
vn 0.015155 0.288420 -0.957384
vn 0.014581 0.288423 -0.957392
vn -1.000000 0.000000 -0.000000
vn -1.000000 0.000000 -0.000000
vn -1.000000 0.000000 -0.000000
vn -1.000000 0.000000 -0.000000
vn 1.000000 0.000001 0.000001
vn 1.000000 0.000003 0.000001
vn 1.000000 0.000001 0.000002
vn 1.000000 -0.000001 0.000002
vn -0.028497 0.957106 0.288335
vn -0.027985 0.957119 0.288339
vn -0.049532 0.956319 0.288098
vn -0.049037 0.956343 0.288105
vn -0.008264 0.288443 -0.957461
vn -0.008777 0.288442 -0.957457
vn -0.014621 0.288422 -0.957392
vn -0.015117 0.288420 -0.957385
vn 0.049037 -0.956344 -0.288101
vn 0.049532 -0.956320 -0.288094
vn 0.027985 -0.957121 -0.288335
vn 0.028497 -0.957107 -0.288331
vn 0.008777 -0.288419 0.957464
vn 0.008264 -0.288420 0.957468
vn 0.015116 -0.288397 0.957392
vn 0.014620 -0.288399 0.957399
vn -0.023095 0.957239 0.288374
vn -0.023095 0.957239 0.288374
vn -0.006959 0.288446 -0.957471
vn -0.006959 0.288446 -0.957471
vn 0.023096 -0.957240 -0.288371
vn 0.023096 -0.957240 -0.288371
vn 0.006959 -0.288423 0.957478
vn 0.006959 -0.288423 0.957478
vn 0.000000 0.983256 0.182230
vn 0.000000 0.983256 0.182229
vn 0.000000 0.973277 0.229637
vn 0.000000 0.973277 0.229637
vn 0.000000 -0.973276 -0.229636
vn 0.000000 -0.973276 -0.229636
vn 0.000000 -0.983256 -0.182230
vn 0.000000 -0.983256 -0.182230
vn 1.000000 0.000001 0.000000
vn 1.000000 0.000001 0.000000
vn 1.000000 0.000000 0.000000
vn 1.000000 -0.000000 0.000000
vn -1.000000 -0.000001 -0.000001
vn -1.000000 -0.000001 -0.000001
vn -1.000000 -0.000000 -0.000000
vn -1.000000 0.000000 -0.000000
vn 0.000000 -0.294203 0.955743
vn 0.000000 -0.294203 0.955743
vn 0.000000 -0.294203 0.955743
vn 0.000000 -0.294203 0.955743
vn 0.000000 0.294203 -0.955743
vn 0.000000 0.294203 -0.955743
vn 0.000000 0.294203 -0.955743
vn 0.000000 0.294203 -0.955743
vn 0.000000 -0.935069 -0.354466
vn 0.000000 -0.935069 -0.354466
vn 0.000000 -0.947204 -0.320631
vn 0.000000 -0.947204 -0.320631
vn 1.000000 -0.000000 0.000000
vn 1.000000 -0.000000 0.000000
vn 1.000000 -0.000000 0.000000
vn 1.000000 -0.000000 0.000000
vn 0.000000 0.947204 0.320632
vn 0.000000 0.947204 0.320632
vn 0.000000 0.935069 0.354466
vn 0.000000 0.935069 0.354466
vn -1.000000 0.000000 -0.000000
vn -1.000000 0.000000 -0.000000
vn -1.000000 0.000000 -0.000000
vn -1.000000 0.000000 -0.000000
vn 0.000000 -0.938668 -0.344822
vn 0.000000 -0.938668 -0.344822
vn 1.000000 0.000000 -0.000000
vn 1.000000 0.000000 -0.000000
vn 0.000000 0.938668 0.344821
vn 0.000000 0.938668 0.344821
vn -1.000000 0.000000 -0.000000
vn -1.000000 0.000000 -0.000000
vn 0.000000 0.977445 0.211190
vn 0.000000 0.977445 0.211190
vn 0.000000 0.973169 0.230090
vn 0.000000 0.973169 0.230090
vn 0.000000 -0.973276 -0.229636
vn 0.000000 -0.973276 -0.229636
vn 0.000000 -0.983256 -0.182229
vn 0.000000 -0.983256 -0.182229
vn 1.000000 -0.000000 0.000000
vn 1.000000 -0.000000 0.000000
vn 1.000000 0.000000 0.000000
vn 1.000000 0.000000 0.000000
vn -1.000000 0.000000 -0.000000
vn -1.000000 0.000000 -0.000000
vn -1.000000 -0.000000 -0.000000
vn -1.000000 -0.000000 -0.000000
vn 0.000000 -0.294199 0.955744
vn 0.000000 -0.294199 0.955744
vn 0.000000 -0.294199 0.955744
vn 0.000000 -0.294199 0.955744
vn 0.000000 0.294198 -0.955744
vn 0.000000 0.294198 -0.955744
vn 0.000000 0.294198 -0.955744
vn 0.000000 0.294198 -0.955744
vn 0.000000 -0.935069 -0.354466
vn 0.000000 -0.935069 -0.354466
vn 0.000000 -0.947204 -0.320632
vn 0.000000 -0.947204 -0.320632
vn 1.000000 0.000000 0.000000
vn 1.000000 0.000000 0.000000
vn 1.000000 -0.000000 0.000000
vn 1.000000 -0.000000 0.000000
vn 0.000000 0.951693 0.307051
vn 0.000000 0.951693 0.307051
vn 0.000000 0.935069 0.354466
vn 0.000000 0.935069 0.354466
vn -1.000000 -0.000000 -0.000000
vn -1.000000 -0.000000 -0.000000
vn -1.000000 0.000000 -0.000000
vn -1.000000 0.000000 -0.000000
vn 0.000000 -0.938668 -0.344822
vn 0.000000 -0.938668 -0.344822
vn 1.000000 0.000000 0.000000
vn 1.000000 0.000000 0.000000
vn 0.000000 0.938668 0.344822
vn 0.000000 0.938668 0.344822
vn -1.000000 -0.000000 -0.000000
vn -1.000000 -0.000000 -0.000000
vn -0.036460 0.093160 0.994983
vn -0.036456 0.093143 0.994985
vn -0.036457 0.093145 0.994985
vn -0.036460 0.093163 0.994983
vn 0.003093 0.995682 -0.092783
vn 0.003398 0.995685 -0.092739
vn 0.000312 0.995649 -0.093185
vn 0.000000 0.995645 -0.093230
vn 0.000000 -0.093225 -0.995645
vn 0.000000 -0.093225 -0.995645
vn 0.000000 -0.093225 -0.995645
vn 0.000000 -0.093225 -0.995645
vn -0.000312 -0.995686 0.092784
vn -0.000000 -0.995691 0.092739
vn -0.003097 -0.995644 0.093184
vn -0.003416 -0.995639 0.093230
vn 1.000000 0.000000 0.000000
vn 1.000000 0.000000 0.000000
vn 1.000000 0.000000 0.000000
vn 1.000000 0.000000 0.000000
vn -1.000000 -0.000000 -0.000000
vn -1.000000 -0.000000 -0.000000
vn -1.000000 -0.000000 -0.000000
vn -1.000000 -0.000000 -0.000000
vn -0.022212 0.118878 0.992660
vn -0.022212 0.118877 0.992661
vn -0.022212 0.118877 0.992661
vn -0.022212 0.118878 0.992660
vn 0.003952 0.991934 -0.126691
vn 0.002839 0.991916 -0.126866
vn 0.014772 0.992049 -0.124980
vn 0.015817 0.992054 -0.124814
vn 0.117532 -0.132840 -0.984144
vn 0.125119 -0.097515 -0.987338
vn 0.123882 -0.103336 -0.986902
vn 0.116559 -0.137307 -0.983647
vn -0.013809 -0.991878 0.126442
vn -0.015000 -0.991842 0.126584
vn -0.003919 -0.992117 0.125251
vn -0.002800 -0.992138 0.125115
vn 0.980470 0.196640 -0.003224
vn 0.980470 0.196641 -0.003224
vn 0.980470 0.196641 -0.003224
vn 0.980470 0.196640 -0.003224
vn -0.979352 0.196688 -0.046730
vn -0.979352 0.196688 -0.046730
vn -0.979352 0.196688 -0.046730
vn -0.979352 0.196688 -0.046730
vn 0.104344 0.092712 0.990210
vn 0.104348 0.092696 0.990212
vn 0.104347 0.092698 0.990211
vn 0.104344 0.092715 0.990210
vn -0.009061 0.995480 -0.094536
vn -0.009976 0.995459 -0.094668
vn -0.001719 0.995620 -0.093479
vn -0.000879 0.995632 -0.093358
vn -0.009371 -0.093203 -0.995603
vn -0.009375 -0.093221 -0.995601
vn -0.009374 -0.093218 -0.995602
vn -0.009371 -0.093201 -0.995603
vn 0.001723 -0.995519 0.094547
vn 0.000891 -0.995508 0.094673
vn 0.009032 -0.995584 0.093442
vn 0.009834 -0.995588 0.093320
vn 1.000000 0.000000 0.000000
vn 1.000000 0.000000 0.000000
vn 1.000000 0.000000 0.000000
vn 1.000000 0.000000 0.000000
vn -0.999993 0.000343 0.003660
vn -0.999993 0.000343 0.003660
vn -0.999993 0.000343 0.003660
vn -0.999993 0.000343 0.003660
vn -0.000000 0.118908 0.992905
vn -0.000000 0.118908 0.992905
vn -0.000000 0.118908 0.992905
vn -0.000000 0.118908 0.992905
vn -0.000248 0.992902 -0.118938
vn 0.000000 0.992906 -0.118905
vn -0.002647 0.992860 -0.119260
vn -0.002900 0.992855 -0.119294
vn -0.022689 -0.115907 -0.993001
vn -0.024114 -0.123038 -0.992109
vn -0.023887 -0.121898 -0.992255
vn -0.022506 -0.114991 -0.993112
vn 0.002450 -0.992899 0.118940
vn 0.002695 -0.992902 0.118904
vn 0.000248 -0.992863 0.119259
vn -0.000000 -0.992859 0.119295
vn 0.985204 0.170169 -0.020378
vn 0.985204 0.170168 -0.020378
vn 0.985204 0.170169 -0.020378
vn 0.985204 0.170168 -0.020378
vn -0.985211 0.170122 -0.020441
vn -0.985211 0.170122 -0.020441
vn -0.985211 0.170122 -0.020441
vn -0.985211 0.170122 -0.020441
vn -0.147364 0.092205 0.984775
vn -0.147361 0.092187 0.984777
vn -0.147361 0.092190 0.984777
vn -0.147364 0.092207 0.984775
vn 0.013208 0.995644 -0.092292
vn 0.013798 0.995645 -0.092205
vn 0.007460 0.995625 -0.093138
vn 0.006844 0.995621 -0.093228
vn 0.072891 -0.092974 -0.992997
vn 0.072895 -0.092957 -0.992998
vn 0.072894 -0.092959 -0.992998
vn 0.072891 -0.092977 -0.992997
vn -0.007446 -0.995703 0.092307
vn -0.006769 -0.995716 0.092212
vn -0.013237 -0.995567 0.093121
vn -0.013950 -0.995548 0.093221
vn 1.000000 0.000000 0.000000
vn 1.000000 0.000000 0.000000
vn 1.000000 0.000000 0.000000
vn 1.000000 0.000000 0.000000
vn -1.000000 -0.000000 -0.000000
vn -1.000000 -0.000000 -0.000000
vn -1.000000 -0.000000 -0.000000
vn -1.000000 -0.000000 -0.000000
vn 0.138962 0.044995 0.989275
vn 0.126056 0.105930 0.986351
vn 0.127757 0.098054 0.986947
vn 0.141260 0.033852 0.989394
vn -0.010711 0.996860 -0.078462
vn -0.011211 0.996849 -0.078525
vn -0.006103 0.996945 -0.077873
vn -0.005626 0.996952 -0.077812
vn -0.065296 -0.059165 -0.996110
vn -0.071808 -0.091751 -0.993190
vn -0.070688 -0.086127 -0.993773
vn -0.064486 -0.055131 -0.996395
vn 0.005519 -0.996902 0.078465
vn 0.005082 -0.996899 0.078529
vn 0.009524 -0.996918 0.077872
vn 0.009944 -0.996919 0.077810
vn 0.965465 0.259727 -0.020459
vn 0.965465 0.259726 -0.020459
vn 0.965465 0.259726 -0.020459
vn 0.965465 0.259727 -0.020459
vn -0.965476 0.259704 -0.020270
vn -0.965475 0.259704 -0.020270
vn -0.965475 0.259704 -0.020270
vn -0.965476 0.259704 -0.020270
vn -0.020916 0.093222 0.995426
vn -0.020918 0.093229 0.995425
vn -0.020918 0.093228 0.995425
vn -0.020916 0.093221 0.995426
vn 0.003637 0.992966 -0.118348
vn 0.002491 0.992947 -0.118534
vn 0.015013 0.993078 -0.116492
vn 0.016079 0.993082 -0.116317
vn 0.126023 -0.112932 -0.985578
vn 0.136658 -0.063107 -0.988606
vn 0.134855 -0.071681 -0.988269
vn 0.124680 -0.119095 -0.985023
vn -0.013735 -0.992917 0.118010
vn -0.014955 -0.992884 0.118147
vn -0.003594 -0.993141 0.116868
vn -0.002453 -0.993160 0.116739
vn 0.969163 0.246422 0.000049
vn 0.969163 0.246422 0.000049
vn 0.969163 0.246422 0.000049
vn 0.969163 0.246422 0.000049
vn -0.967839 0.244769 -0.058093
vn -0.967839 0.244769 -0.058093
vn -0.967839 0.244769 -0.058093
vn -0.967839 0.244769 -0.058093
vn 0.108863 0.102981 0.988708
vn 0.108860 0.102998 0.988707
vn 0.108860 0.102996 0.988707
vn 0.108864 0.102979 0.988708
vn -0.010517 0.994510 -0.104114
vn -0.011479 0.994485 -0.104250
vn -0.002543 0.994680 -0.102978
vn -0.001639 0.994696 -0.102849
vn -0.015851 -0.103601 -0.994493
vn -0.015851 -0.103601 -0.994493
vn -0.015851 -0.103601 -0.994493
vn -0.015851 -0.103601 -0.994493
vn 0.002547 -0.994561 0.104128
vn 0.001662 -0.994549 0.104257
vn 0.010487 -0.994630 0.102966
vn 0.011323 -0.994633 0.102843
vn 1.000000 0.000000 0.000000
vn 1.000000 0.000000 0.000000
vn 1.000000 0.000000 0.000000
vn 1.000000 0.000000 0.000000
vn -1.000000 -0.000000 -0.000000
vn -1.000000 -0.000000 -0.000000
vn -1.000000 -0.000000 -0.000000
vn -1.000000 -0.000000 -0.000000
vn -0.000000 0.095046 0.995473
vn -0.000000 0.095046 0.995473
vn -0.000000 0.095046 0.995473
vn -0.000000 0.095046 0.995473
vn 0.000586 0.994794 -0.101903
vn 0.000000 0.994787 -0.101973
vn 0.007157 0.994849 -0.101117
vn 0.007716 0.994851 -0.101050
vn 0.075797 -0.094773 -0.992609
vn 0.075797 -0.094773 -0.992609
vn 0.075797 -0.094773 -0.992609
vn 0.075797 -0.094773 -0.992609
vn -0.007171 -0.994769 0.101897
vn -0.007787 -0.994757 0.101970
vn -0.000586 -0.994874 0.101122
vn -0.000000 -0.994881 0.101053
vn 1.000000 0.000000 0.000000
vn 1.000000 0.000000 0.000000
vn 1.000000 0.000000 0.000000
vn 1.000000 0.000000 0.000000
vn -1.000000 -0.000000 -0.000000
vn -1.000000 -0.000000 -0.000000
vn -1.000000 -0.000000 -0.000000
vn -1.000000 -0.000000 -0.000000
vn -0.000000 0.095046 0.995473
vn -0.000000 0.095046 0.995473
vn -0.000000 0.095046 0.995473
vn -0.000000 0.095046 0.995473
vn -0.000254 0.995507 -0.094689
vn 0.000000 0.995510 -0.094653
vn -0.002553 0.995473 -0.095015
vn -0.002811 0.995468 -0.095052
vn -0.029428 -0.095005 -0.995042
vn -0.029428 -0.095005 -0.995042
vn -0.029428 -0.095005 -0.995042
vn -0.029428 -0.095005 -0.995042
vn 0.002550 -0.995504 0.094688
vn 0.002799 -0.995507 0.094653
vn 0.000254 -0.995476 0.095016
vn -0.000000 -0.995472 0.095052
vn 1.000000 0.000000 0.000000
vn 1.000000 0.000000 0.000000
vn 1.000000 0.000000 0.000000
vn 1.000000 0.000000 0.000000
vn -1.000000 -0.000000 -0.000000
vn -1.000000 -0.000000 -0.000000
vn -1.000000 -0.000000 -0.000000
vn -1.000000 -0.000000 -0.000000
vn -0.000000 0.095046 0.995473
vn -0.000000 0.095046 0.995473
vn -0.000000 0.095046 0.995473
vn -0.000000 0.095046 0.995473
vn -0.001334 0.995652 -0.093141
vn 0.000000 0.995671 -0.092952
vn -0.013372 0.995403 -0.094835
vn -0.014851 0.995363 -0.095042
vn -0.153701 -0.093917 -0.983644
vn -0.153701 -0.093917 -0.983644
vn -0.153701 -0.093917 -0.983644
vn -0.153701 -0.093917 -0.983644
vn 0.013309 -0.995566 0.093120
vn 0.014523 -0.995566 0.092943
vn 0.001333 -0.995490 0.094859
vn -0.000000 -0.995472 0.095052
vn 1.000000 0.000000 0.000000
vn 1.000000 0.000000 0.000000
vn 1.000000 0.000000 0.000000
vn 1.000000 0.000000 0.000000
vn -1.000000 -0.000000 -0.000000
vn -1.000000 -0.000000 -0.000000
vn -1.000000 -0.000000 -0.000000
vn -1.000000 -0.000000 -0.000000
vn -0.133982 0.112364 0.984593
vn -0.133985 0.112381 0.984591
vn -0.133984 0.112378 0.984591
vn -0.133981 0.112361 0.984593
vn 0.016827 0.991808 -0.126622
vn 0.017222 0.991809 -0.126563
vn 0.013032 0.991793 -0.127186
vn 0.012628 0.991791 -0.127246
vn 0.098126 -0.112839 -0.988756
vn 0.098123 -0.112856 -0.988755
vn 0.098123 -0.112854 -0.988755
vn 0.098127 -0.112836 -0.988756
vn -0.013020 -0.991864 0.126636
vn -0.012561 -0.991878 0.126572
vn -0.016845 -0.991738 0.127171
vn -0.017315 -0.991721 0.127237
vn 1.000000 0.000000 0.000000
vn 1.000000 0.000000 0.000000
vn 1.000000 0.000000 0.000000
vn 1.000000 0.000000 0.000000
vn -1.000000 -0.000000 -0.000000
vn -1.000000 -0.000000 -0.000000
vn -1.000000 -0.000000 -0.000000
vn -1.000000 -0.000000 -0.000000
vn -0.000000 0.095046 0.995473
vn -0.000000 0.095046 0.995473
vn -0.000000 0.095046 0.995473
vn -0.000000 0.095046 0.995473
vn -0.000902 0.995595 -0.093757
vn 0.000000 0.995607 -0.093633
vn -0.009324 0.995442 -0.094914
vn -0.010292 0.995420 -0.095047
vn -0.104265 -0.088102 -0.990640
vn -0.107076 -0.103180 -0.988882
vn -0.106665 -0.100972 -0.989155
vn -0.103891 -0.086102 -0.990855
vn 0.008972 -0.995555 0.093751
vn 0.009817 -0.995559 0.093628
vn 0.000901 -0.995484 0.094922
vn -0.000000 -0.995472 0.095052
vn 0.996697 0.080848 -0.007603
vn 0.996697 0.080848 -0.007603
vn 0.996697 0.080848 -0.007603
vn 0.996697 0.080848 -0.007603
vn -0.996697 0.080837 -0.007719
vn -0.996697 0.080837 -0.007719
vn -0.996697 0.080837 -0.007719
vn -0.996697 0.080837 -0.007719
vn -0.130642 0.094007 0.986963
vn -0.118205 0.030588 0.992518
vn -0.119835 0.038762 0.992037
vn -0.132892 0.105744 0.985473
vn 0.008291 0.997743 -0.066637
vn 0.008974 0.997743 -0.066547
vn 0.000741 0.997711 -0.067622
vn 0.000000 0.997705 -0.067718
vn 0.000000 -0.066541 -0.997784
vn 0.000001 -0.066540 -0.997784
vn 0.000001 -0.066540 -0.997784
vn 0.000000 -0.066541 -0.997784
vn -0.000740 -0.997776 0.066657
vn -0.000000 -0.997783 0.066550
vn -0.007264 -0.997686 0.067601
vn -0.008065 -0.997672 0.067716
vn 0.957691 0.287161 -0.019153
vn 0.957691 0.287161 -0.019153
vn 0.957691 0.287161 -0.019153
vn 0.957691 0.287161 -0.019153
vn -0.957691 0.287139 -0.019489
vn -0.957691 0.287139 -0.019489
vn -0.957691 0.287139 -0.019489
vn -0.957691 0.287139 -0.019489
vn 0.191939 0.063890 0.979325
vn 0.183310 0.105389 0.977390
vn 0.184515 0.099699 0.977760
vn 0.193383 0.056768 0.979480
vn -0.016259 0.995242 -0.096066
vn -0.019016 0.995169 -0.096314
vn 0.007677 0.995554 -0.093878
vn 0.009954 0.995554 -0.093667
vn 0.096629 -0.123039 -0.987686
vn 0.105315 -0.082085 -0.991045
vn 0.104009 -0.088311 -0.990648
vn 0.095538 -0.128112 -0.987147
vn -0.006742 -0.995257 0.097043
vn -0.009441 -0.995186 0.097550
vn 0.015089 -0.995560 0.092913
vn 0.017345 -0.995563 0.092484
vn 0.995484 0.080075 -0.050990
vn 0.995481 0.080112 -0.050993
vn 0.995481 0.080112 -0.050993
vn 0.995484 0.080074 -0.050990
vn -0.970806 0.239053 0.019716
vn -0.970798 0.239089 0.019711
vn -0.970798 0.239088 0.019712
vn -0.970806 0.239053 0.019716
vn 0.099010 0.116962 0.988189
vn 0.110940 0.061192 0.991942
vn 0.108831 0.071191 0.991508
vn 0.097530 0.123752 0.987509
vn 0.011780 0.993307 -0.114899
vn 0.013783 0.993311 -0.114645
vn -0.010882 0.992985 -0.117738
vn -0.013200 0.992923 -0.118025
vn 0.116894 -0.069370 -0.990719
vn 0.104733 -0.125832 -0.986508
vn 0.106327 -0.118546 -0.987239
vn 0.119157 -0.058633 -0.991143
vn 0.009297 -0.993329 0.114938
vn 0.011323 -0.993342 0.114648
vn -0.010224 -0.992996 0.117703
vn -0.012530 -0.992931 0.118026
vn 0.957607 0.286066 -0.034003
vn 0.957606 0.286066 -0.034003
vn 0.957606 0.286066 -0.034003
vn 0.957607 0.286066 -0.034003
vn -0.957612 0.286161 -0.033028
vn -0.957612 0.286161 -0.033028
vn -0.957612 0.286161 -0.033028
vn -0.957612 0.286161 -0.033028
vn -0.034846 0.117474 0.992464
vn -0.034844 0.117464 0.992466
vn -0.034844 0.117465 0.992466
vn -0.034846 0.117476 0.992464
vn 0.004122 0.993076 -0.117405
vn 0.004122 0.993076 -0.117405
vn 0.004122 0.993076 -0.117405
vn 0.004122 0.993076 -0.117405
vn 0.034844 -0.117474 -0.992464
vn 0.034847 -0.117463 -0.992466
vn 0.034846 -0.117465 -0.992466
vn 0.034844 -0.117475 -0.992464
vn -0.004122 -0.993076 0.117405
vn -0.004122 -0.993076 0.117405
vn -0.004122 -0.993076 0.117405
vn -0.004122 -0.993076 0.117405
vn 0.989504 0.143679 0.015410
vn 0.989504 0.143679 0.015410
vn 0.989504 0.143679 0.015410
vn 0.989504 0.143679 0.015410
vn -0.988390 0.143685 -0.049386
vn -0.988390 0.143685 -0.049386
vn -0.988390 0.143685 -0.049386
vn -0.988390 0.143685 -0.049386
vn -0.141781 0.094086 0.985417
vn -0.141781 0.094086 0.985417
vn -0.141781 0.094086 0.985417
vn -0.141781 0.094086 0.985417
vn 0.012269 0.995565 -0.093271
vn 0.013396 0.995566 -0.093107
vn 0.001230 0.995489 -0.094874
vn 0.000000 0.995472 -0.095052
vn 0.000000 -0.095046 -0.995473
vn 0.000000 -0.095046 -0.995473
vn 0.000000 -0.095046 -0.995473
vn 0.000000 -0.095046 -0.995473
vn -0.001230 -0.995638 0.093290
vn 0.000000 -0.995655 0.093115
vn -0.012322 -0.995415 0.094853
vn -0.013675 -0.995379 0.095043
vn 1.000000 0.000000 0.000000
vn 1.000000 0.000000 0.000000
vn 1.000000 0.000000 0.000000
vn 1.000000 0.000000 0.000000
vn -1.000000 -0.000000 -0.000000
vn -1.000000 -0.000000 -0.000000
vn -1.000000 -0.000000 -0.000000
vn -1.000000 -0.000000 -0.000000
vn -0.053794 0.069187 0.996152
vn -0.053794 0.069187 0.996152
vn -0.053794 0.069187 0.996152
vn -0.053794 0.069187 0.996152
vn 0.004079 0.997616 -0.068888
vn 0.003722 0.997616 -0.068917
vn 0.008475 0.997613 -0.068534
vn 0.008817 0.997612 -0.068506
vn 0.127343 -0.068535 -0.989488
vn 0.127347 -0.068518 -0.989489
vn 0.127346 -0.068521 -0.989489
vn 0.127342 -0.068538 -0.989488
vn -0.008475 -0.997578 0.069039
vn -0.008893 -0.997570 0.069101
vn -0.004087 -0.997651 0.068382
vn -0.003690 -0.997657 0.068323
vn 0.999341 0.000001 -0.036287
vn 0.999341 0.000002 -0.036287
vn 0.999341 0.000002 -0.036287
vn 0.999341 0.000001 -0.036287
vn -0.999341 -0.000002 0.036286
vn -0.999341 -0.000002 0.036286
vn -0.999341 -0.000002 0.036286
vn -0.999341 -0.000002 0.036286
vn -0.000000 0.095046 0.995473
vn -0.000000 0.095046 0.995473
vn -0.000000 0.095046 0.995473
vn -0.000000 0.095046 0.995473
vn 0.000577 0.993671 -0.112333
vn 0.000000 0.993661 -0.112416
vn 0.005742 0.993738 -0.111587
vn 0.006299 0.993744 -0.111506
vn 0.056149 -0.094896 -0.993902
vn 0.056149 -0.094896 -0.993902
vn 0.056149 -0.094896 -0.993902
vn 0.056149 -0.094896 -0.993902
vn -0.005752 -0.993654 0.112328
vn -0.006351 -0.993641 0.112414
vn -0.000577 -0.993754 0.111591
vn -0.000000 -0.993764 0.111508
vn 1.000000 0.000000 0.000000
vn 1.000000 0.000000 0.000000
vn 1.000000 0.000000 0.000000
vn 1.000000 0.000000 0.000000
vn -1.000000 -0.000000 -0.000000
vn -1.000000 -0.000000 -0.000000
vn -1.000000 -0.000000 -0.000000
vn -1.000000 -0.000000 -0.000000
vn 0.106385 0.079141 0.991171
vn 0.106385 0.079141 0.991171
vn 0.106385 0.079141 0.991171
vn 0.106385 0.079141 0.991171
vn -0.008383 0.996795 -0.079557
vn -0.008541 0.996792 -0.079579
vn -0.007065 0.996820 -0.079370
vn -0.006909 0.996823 -0.079347
vn -0.086466 -0.079294 -0.993094
vn -0.086466 -0.079294 -0.993094
vn -0.086466 -0.079294 -0.993094
vn -0.086466 -0.079294 -0.993094
vn 0.007069 -0.996805 0.079559
vn 0.006929 -0.996804 0.079580
vn 0.008378 -0.996810 0.079367
vn 0.008516 -0.996811 0.079346
vn 1.000000 0.000000 0.000000
vn 1.000000 0.000000 0.000000
vn 1.000000 0.000000 0.000000
vn 1.000000 0.000000 0.000000
vn -1.000000 -0.000000 -0.000000
vn -1.000000 -0.000000 -0.000000
vn -1.000000 -0.000000 -0.000000
vn -1.000000 -0.000000 -0.000000
vn -0.000000 0.107878 0.994164
vn -0.000000 0.107878 0.994164
vn -0.000000 0.107878 0.994164
vn -0.000000 0.107878 0.994164
vn 0.000944 0.994014 -0.109251
vn 0.000000 0.994002 -0.109365
vn 0.011390 0.994088 -0.107983
vn 0.012271 0.994089 -0.107875
vn 0.112368 -0.107192 -0.987868
vn 0.112372 -0.107175 -0.987869
vn 0.112372 -0.107178 -0.987869
vn 0.112368 -0.107195 -0.987868
vn -0.011422 -0.993950 0.109236
vn -0.012439 -0.993925 0.109356
vn -0.000944 -0.994151 0.107996
vn -0.000000 -0.994164 0.107883
vn 1.000000 0.000000 0.000000
vn 1.000000 0.000000 0.000000
vn 1.000000 0.000000 0.000000
vn 1.000000 0.000000 0.000000
vn -1.000000 -0.000000 -0.000000
vn -1.000000 -0.000000 -0.000000
vn -1.000000 -0.000000 -0.000000
vn -1.000000 -0.000000 -0.000000
vn -0.000000 0.093224 0.995645
vn -0.000000 0.093226 0.995645
vn -0.000000 0.093226 0.995645
vn 0.000000 0.093224 0.995645
vn 0.000535 0.995699 -0.092642
vn 0.000000 0.995692 -0.092719
vn 0.005343 0.995749 -0.091949
vn 0.005857 0.995753 -0.091875
vn 0.063349 -0.093018 -0.993647
vn 0.063349 -0.093018 -0.993647
vn 0.063349 -0.093018 -0.993647
vn 0.063349 -0.093018 -0.993647
vn -0.005354 -0.995685 0.092638
vn -0.005911 -0.995675 0.092717
vn -0.000535 -0.995763 0.091953
vn -0.000000 -0.995770 0.091877
vn 1.000000 0.000000 0.000000
vn 1.000000 0.000000 0.000000
vn 1.000000 0.000000 0.000000
vn 1.000000 0.000000 0.000000
vn -1.000000 -0.000000 -0.000000
vn -1.000000 -0.000000 -0.000000
vn -1.000000 -0.000000 -0.000000
vn -1.000000 -0.000000 -0.000000
vn -0.086412 0.112683 0.989866
vn -0.086416 0.112700 0.989864
vn -0.086415 0.112698 0.989864
vn -0.086412 0.112681 0.989867
vn 0.007901 0.993277 -0.115493
vn 0.010061 0.993285 -0.115252
vn -0.015129 0.992896 -0.118024
vn -0.017638 0.992822 -0.118296
vn -0.146531 -0.112416 -0.982798
vn -0.146534 -0.112433 -0.982795
vn -0.146534 -0.112430 -0.982796
vn -0.146530 -0.112413 -0.982798
vn 0.014978 -0.993250 0.115023
vn 0.017101 -0.993253 0.114697
vn -0.007916 -0.992923 0.118499
vn -0.010377 -0.992856 0.118869
vn 0.999794 0.000022 -0.020285
vn 0.999794 -0.000017 -0.020281
vn 0.999794 -0.000016 -0.020281
vn 0.999794 0.000023 -0.020285
vn -0.999794 0.000016 0.020280
vn -0.999794 -0.000023 0.020286
vn -0.999794 -0.000023 0.020286
vn -0.999794 0.000016 0.020280
vn 0.010725 0.116462 0.993137
vn 0.010725 0.116465 0.993137
vn 0.010725 0.116464 0.993137
vn 0.010725 0.116461 0.993137
vn -0.002739 0.990103 -0.140315
vn -0.001514 0.990126 -0.140169
vn -0.016820 0.989728 -0.141974
vn -0.018146 0.989682 -0.142129
vn -0.106635 -0.084929 -0.990664
vn -0.124663 -0.176112 -0.976445
vn -0.120916 -0.156821 -0.980197
vn -0.104450 -0.074139 -0.991763
vn 0.013638 -0.990000 0.140409
vn 0.014771 -0.990006 0.140252
vn 0.002732 -0.989877 0.141902
vn 0.001534 -0.989856 0.142065
vn 0.911532 0.407799 -0.052993
vn 0.881161 0.469031 -0.059710
vn 0.881789 0.467865 -0.059582
vn 0.912098 0.406551 -0.052856
vn -0.912469 0.404272 -0.062960
vn -0.882257 0.464973 -0.073643
vn -0.882908 0.463768 -0.073431
vn -0.913056 0.402981 -0.062734
vn 0.105371 0.092194 0.990150
vn 0.105378 0.092159 0.990153
vn 0.105377 0.092164 0.990152
vn 0.105370 0.092198 0.990150
vn -0.008119 0.995401 -0.095449
vn -0.010199 0.995344 -0.095841
vn 0.008508 0.995695 -0.092302
vn 0.010313 0.995709 -0.091958
vn 0.110970 -0.093005 -0.989462
vn 0.110966 -0.093026 -0.989461
vn 0.110967 -0.093023 -0.989461
vn 0.110971 -0.093002 -0.989463
vn -0.008655 -0.995465 0.094732
vn -0.010647 -0.995427 0.094934
vn 0.008139 -0.995631 0.093017
vn 0.009880 -0.995632 0.092838
vn 0.999037 0.000005 0.043878
vn 0.999037 -0.000033 0.043881
vn 0.999037 -0.000032 0.043881
vn 0.999037 0.000005 0.043878
vn -0.999037 -0.000006 -0.043878
vn -0.999037 -0.000007 -0.043877
vn -0.999037 -0.000007 -0.043877
vn -0.999037 -0.000006 -0.043878
vn -0.000000 0.093226 0.995645
vn 0.000000 0.093225 0.995645
vn -0.000000 0.093225 0.995645
vn -0.000000 0.093226 0.995645
vn -0.000390 0.993748 -0.111649
vn 0.000000 0.993754 -0.111593
vn -0.003882 0.993684 -0.112149
vn -0.004282 0.993676 -0.112206
vn -0.037971 -0.093155 -0.994927
vn -0.037968 -0.093138 -0.994929
vn -0.037968 -0.093140 -0.994929
vn -0.037972 -0.093158 -0.994927
vn 0.003878 -0.993740 0.111647
vn 0.004259 -0.993745 0.111592
vn 0.000390 -0.993691 0.112150
vn 0.000000 -0.993685 0.112207
vn 1.000000 0.000000 0.000000
vn 1.000000 0.000000 0.000000
vn 1.000000 0.000000 0.000000
vn 1.000000 0.000000 0.000000
vn -1.000000 -0.000000 -0.000000
vn -1.000000 -0.000000 -0.000000
vn -1.000000 -0.000000 -0.000000
vn -1.000000 -0.000000 -0.000000
vn 0.208896 0.064463 0.975811
vn 0.208899 0.064446 0.975811
vn 0.208899 0.064448 0.975811
vn 0.208895 0.064466 0.975811
vn -0.013021 0.997613 -0.067812
vn -0.014564 0.997577 -0.068034
vn -0.001337 0.997811 -0.066124
vn 0.000000 0.997824 -0.065931
vn 0.000000 -0.065920 -0.997825
vn 0.000000 -0.065920 -0.997825
vn 0.000000 -0.065920 -0.997825
vn 0.000000 -0.065920 -0.997825
vn 0.001336 -0.997695 0.067841
vn -0.000000 -0.997683 0.068041
vn 0.012934 -0.997729 0.066101
vn 0.014113 -0.997725 0.065924
vn 1.000000 0.000000 0.000000
vn 1.000000 0.000000 0.000000
vn 1.000000 0.000000 0.000000
vn 1.000000 0.000000 0.000000
vn -1.000000 -0.000000 -0.000000
vn -1.000000 -0.000000 -0.000000
vn -1.000000 -0.000000 -0.000000
vn -1.000000 -0.000000 -0.000000
vn 0.781806 0.008458 0.623465
vn 0.781551 0.026912 0.623261
vn 0.781575 0.025741 0.623280
vn 0.781806 0.008458 0.623465
vn 0.431298 -0.109062 -0.895594
vn 0.433216 -0.055537 -0.899577
vn 0.433193 -0.056499 -0.899529
vn 0.431298 -0.109062 -0.895594
vn -0.974135 0.040337 -0.222337
vn -0.974929 0.000206 -0.222518
vn -0.974925 -0.002861 -0.222517
vn -0.974135 0.040337 -0.222337
vn -0.431299 0.109062 0.895593
vn -0.431299 0.109062 0.895593
vn -0.433194 0.056499 0.899528
vn -0.433217 0.055537 0.899577
vn 0.781575 0.025741 0.623280
vn 0.781551 0.026912 0.623261
vn 0.776448 0.117169 0.619192
vn 0.777322 0.107272 0.619889
vn 0.429450 -0.142617 -0.891758
vn 0.430279 -0.128663 -0.893479
vn -0.973673 -0.050744 -0.222231
vn -0.973587 -0.052436 -0.222212
vn -0.430281 0.128663 0.893479
vn -0.429452 0.142617 0.891758
vn 0.781181 0.040858 0.622966
vn 0.779710 0.073660 0.621793
vn 0.777322 0.107272 0.619889
vn 0.776448 0.117169 0.619192
vn 0.423826 -0.214082 -0.880080
vn 0.423774 -0.214627 -0.879972
vn -0.974593 0.026226 -0.222442
vn -0.973552 0.053125 -0.222204
vn -0.423776 0.214627 0.879971
vn -0.423828 0.214082 0.880079
vn 0.779710 0.073660 0.621793
vn 0.781181 0.040858 0.622966
vn 0.776555 -0.116007 0.619277
vn 0.779435 -0.078272 0.621574
vn 0.779287 -0.080651 0.621456
vn 0.777149 -0.109306 0.619751
vn 0.432001 -0.093096 -0.897055
vn 0.433879 -0.005637 -0.900954
vn 0.433880 -0.005070 -0.900956
vn 0.432491 -0.080109 -0.898072
vn -0.963874 0.150166 -0.219995
vn -0.971717 0.081108 -0.221785
vn -0.971607 0.082480 -0.221760
vn -0.963746 0.151026 -0.219966
vn -0.432492 0.080110 0.898072
vn -0.433881 0.005070 0.900956
vn -0.433880 0.005637 0.900953
vn -0.432003 0.093096 0.897055
vn 0.781834 0.000000 0.623487
vn 0.781834 0.000000 0.623487
vn 0.779287 -0.080651 0.621456
vn 0.779435 -0.078272 0.621574
vn 0.433886 0.000000 -0.900968
vn 0.433886 0.000000 -0.900968
vn -0.974929 0.000000 -0.222518
vn -0.974929 0.000000 -0.222518
vn -0.433887 0.000000 0.900967
vn -0.433887 0.000000 0.900967
vn 0.974920 -0.004055 -0.222518
vn 0.972056 0.076697 -0.221865
vn 0.973110 0.061036 -0.222105
vn 0.974920 -0.004055 -0.222518
vn -0.426717 -0.180927 -0.886103
vn -0.426835 -0.179442 -0.886348
vn -0.426831 -0.179496 -0.886339
vn -0.426717 -0.180927 -0.886103
vn -0.778949 0.085614 0.621216
vn -0.781655 0.020469 0.623375
vn -0.781815 0.003329 0.623502
vn -0.778949 0.085614 0.621216
vn 0.426726 0.180927 0.886098
vn 0.426726 0.180926 0.886098
vn 0.426840 0.179495 0.886335
vn 0.426844 0.179441 0.886344
vn 0.962500 0.159169 -0.219681
vn 0.961081 0.155602 -0.228277
vn -0.431067 -0.113640 -0.895136
vn -0.430534 -0.123904 -0.894029
vn -0.778525 -0.091757 0.620870
vn -0.773227 -0.098399 0.626448
vn 0.430891 0.117319 0.894746
vn 0.431393 0.107044 0.895791
vn 0.931546 0.060291 -0.358591
vn 0.932786 0.083798 -0.350553
vn -0.428535 -0.156436 -0.889879
vn -0.429080 -0.148311 -0.891008
vn -0.709790 -0.046157 0.702900
vn -0.714491 -0.021798 0.699305
vn 0.428817 0.152214 0.890476
vn 0.428010 0.163843 0.888799
vn 0.969021 0.064113 -0.238514
vn 0.971675 0.075512 -0.223931
vn -0.429901 -0.135209 -0.892695
vn -0.430697 -0.137611 -0.891944
vn -0.772915 0.023551 0.634072
vn -0.781766 0.013177 0.623433
vn 0.428891 0.151298 0.890596
vn 0.429283 0.145292 0.891407
vn 0.969928 0.060738 -0.235691
vn 0.969114 0.059055 -0.239438
vn -0.439561 -0.029238 -0.897737
vn -0.441911 -0.030372 -0.896545
vn -0.780948 -0.047588 0.622781
vn -0.780948 -0.047588 0.622781
vn 0.433735 0.026430 0.900653
vn 0.433735 0.026430 0.900653
vn -1.000000 -0.000000 -0.000000
vn 0.000000 0.000000 -1.000000
vn 0.000000 1.000000 -0.000000
vn 0.000000 0.000000 1.000000
vn 0.000000 0.000000 1.000000
vn 0.000000 0.000000 -1.000000
vn 0.000000 1.000000 -0.000000
vn -0.000006 0.000000 1.000000
vn -0.000006 0.000000 1.000000
vn 0.000000 0.000000 -1.000000
vn 0.000000 0.000000 -1.000000
vn 0.000000 1.000000 -0.000000
vn 0.000000 1.000000 -0.000000
vn -1.000000 0.000000 -0.000000
vn -1.000000 0.000000 -0.000000
vn 0.000000 1.000000 -0.000000
vn -1.000000 0.000000 -0.000000
vn -1.000000 0.000000 -0.000000
vn 0.000000 1.000000 -0.000000
vn -1.000000 0.000000 -0.000000
vn -1.000000 0.000000 -0.000000
vn 0.000000 1.000000 -0.000000
vn -0.000971 0.998597 -0.052941
vn 0.000158 0.998511 -0.054545
vn 0.000340 0.999882 0.015363
vn 1.000000 0.000000 0.000000
vn 0.000000 -0.068839 -0.997628
vn 0.001188 -0.998786 0.049253
vn 0.001188 -0.998786 0.049253
vn 0.000435 0.996526 -0.083277
vn 0.000000 0.068839 0.997628
vn 0.000000 0.068839 0.997628
vn 0.000000 0.000000 1.000000
vn -0.058774 0.013331 -0.998182
vn 0.000531 0.999453 -0.033059
vn 0.000000 0.000000 -1.000000
vn 0.002138 0.999358 -0.035763
vn -1.000000 -0.000000 -0.000000
vn 1.000000 0.000000 0.000000
vn -1.000000 -0.000000 -0.000000
vn 1.000000 0.000000 0.000000
vn -0.985211 0.170122 -0.020441
vn -0.004816 -0.985561 0.169255
vn -0.007702 -0.957495 0.288347
vn 0.002745 -0.981057 0.193700
vn -0.024172 -0.983172 0.181078
vn -0.033628 -0.984831 0.170228
vn 0.985204 0.170169 -0.020378
vn -1.000000 -0.000000 -0.000000
vn -0.996697 0.080837 -0.007719
vn 1.000000 0.000000 0.000000
vn 0.996697 0.080848 -0.007603
vn -0.015744 -0.986895 0.160592
vn -0.019526 -0.961095 0.275527
vn 0.003087 -0.986173 0.165689
vn -0.009139 -0.983488 0.180743
vn -0.011846 -0.979940 0.198940
vn -0.970806 0.239053 0.019716
vn 0.777322 0.107272 0.619889
vn 0.779710 0.073660 0.621793
vn -1.000000 0.000000 -0.000000
vn 0.781575 0.025741 0.623280
vn 0.000000 -0.294199 0.955744
vn 0.000000 -0.947204 -0.320632
vn 0.000000 -0.947204 -0.320632
vn 0.000000 0.973169 0.230090
vn 0.000000 0.935069 0.354466
vn 0.000000 -0.938668 -0.344822
vn 0.000000 -0.938668 -0.344822
vn -1.000000 -0.000000 -0.000000
vn 0.779287 -0.080651 0.621456
vn 0.000000 -0.973276 -0.229636
vn 0.000000 -0.973276 -0.229636
vn 0.000000 -0.935069 -0.354466
vn 0.000000 -0.935069 -0.354466
vn 1.000000 -0.000000 0.000000
vn 0.002960 -0.982248 0.187561
vn -0.007263 -0.962265 0.272016
vn 0.004770 -0.981029 0.193805
vn 0.011699 -0.985445 0.169590
vn 0.021693 -0.977706 0.208854
vn -1.000000 -0.000000 -0.000000
vn -0.048987 -0.956346 -0.288101
vn -0.048987 -0.956346 -0.288101
vn 0.049558 0.956318 0.288097
vn -1.000000 -0.000000 -0.000000
vn 0.010832 -0.981022 0.193593
vn 0.005294 -0.957408 0.288690
vn 0.002922 -0.985580 0.169184
vn 0.010686 -0.971644 0.236206
vn 0.030281 -0.979761 0.197870
vn 1.000000 0.000000 0.000000
vn -0.999341 -0.000002 0.036286
vn -0.027985 0.957119 0.288339
vn -0.999037 -0.000006 -0.043878
vn -0.999654 0.006818 -0.025414
vn -0.999654 0.006818 -0.025414
vn 0.049532 -0.956320 -0.288094
vn 0.049532 -0.956320 -0.288094
vn -0.015117 0.288420 -0.957385
vn -0.015117 0.288420 -0.957385
vn -0.049037 0.956343 0.288105
vn -1.000000 -0.000000 -0.000000
vn -0.005859 -0.981063 0.193601
vn 0.021569 -0.957199 0.288627
vn -0.010205 -0.980868 0.194408
vn 0.009079 -0.983419 0.181123
vn 0.022421 -0.988590 0.148955
vn 0.000000 -0.294203 0.955743
vn 0.000000 0.973277 0.229637
vn 0.000000 -0.947204 -0.320631
vn 0.000000 -0.947204 -0.320631
vn 0.000000 0.935069 0.354466
vn 0.000000 -0.938668 -0.344822
vn 0.000000 -0.938668 -0.344822
vn 0.000000 0.000000 -1.000000
vn 0.000000 0.000000 -1.000000
vn 0.000000 -0.068839 -0.997628
vn 0.971675 0.075512 -0.223931
vn 0.000000 -0.973276 -0.229636
vn 0.000000 -0.973276 -0.229636
vn 0.000000 -0.935069 -0.354466
vn 0.000000 -0.935069 -0.354466
vn 1.000000 -0.000000 0.000000
vn 0.932786 0.083798 -0.350553
vn 0.000000 1.000000 -0.000000
vn 0.000000 0.997628 -0.068841
vn 0.023096 -0.957240 -0.288371
vn 0.023096 -0.957240 -0.288371
vn 1.000000 0.000000 -0.000000
vn 1.000000 0.000000 -0.000000
vn -0.000000 0.000000 1.000000
vn 0.000000 -1.000000 -0.000000
vn 0.000000 -1.000000 -0.000000
vn 0.000000 0.000000 1.000000
vn 0.000000 0.000000 1.000000
vn 0.961081 0.155602 -0.228277
vn 0.000000 0.000000 1.000000
vn 0.000000 0.000000 1.000000
vn 0.973110 0.061036 -0.222105
vn -0.000000 0.000000 1.000000
vn 0.000000 -1.000000 -0.000000
vn 0.000000 -1.000000 -0.000000
vn -1.000000 -0.000000 -0.000000
vn -1.000000 -0.000000 -0.000000
vn 0.000035 0.999793 0.020364
vn 0.000348 0.999884 0.015207
vn -1.000000 -0.000002 0.000001
vn -1.000000 -0.000024 -0.000001
vn 1.000000 0.000000 0.000000
vn 1.000000 0.000000 0.000000
vn 0.001323 0.999213 -0.039646
vn -1.000000 -0.000025 0.000001
vn -1.000000 -0.000025 0.000001
vn -1.000000 -0.000025 0.000001
vn 1.000000 -0.000000 0.000000
vn 1.000000 -0.000000 0.000000
vn 1.000000 -0.000000 0.000000
vn -0.001200 -0.999319 0.036871
vn -0.002439 -0.999162 0.040868
vn -0.001200 -0.999319 0.036871
vn -1.000000 0.000000 -0.000000
vn -1.000000 0.000000 -0.000000
vn -1.000000 0.000000 -0.000000
vn -0.000405 -0.996531 0.083221
vn -0.000419 -0.996573 0.082720
vn -0.000405 -0.996531 0.083221
vn -0.017584 -0.957274 0.288647
vn -0.007702 -0.957394 0.288683
vn 0.057142 -0.341923 -0.937989
vn -0.002040 -0.343318 -0.939217
vn 0.017584 0.957273 -0.288649
vn -0.003189 0.957588 -0.288124
vn -0.060807 0.000000 0.998150
vn -0.008658 0.000000 0.999963
vn -0.002040 -0.343318 -0.939217
vn -0.008692 -0.357165 -0.934001
vn -0.003189 0.957588 -0.288124
vn 0.031111 0.960654 -0.275999
vn -0.008658 0.000000 0.999963
vn 0.003155 0.000000 0.999995
vn -0.008692 -0.357165 -0.934001
vn 0.031111 0.960654 -0.275999
vn 0.003155 0.000000 0.999995
vn 0.017963 -0.957267 0.288648
vn 0.074089 -0.341540 -0.936942
vn 0.074815 -0.341522 -0.936891
vn 0.074089 -0.341540 -0.936942
vn -0.017963 0.957268 -0.288646
vn -0.021569 0.957199 -0.288625
vn -0.017963 0.957268 -0.288646
vn -0.065280 0.000000 0.997867
vn -0.064142 0.000000 0.997941
vn -0.065280 0.000000 0.997867
vn -0.009178 -0.980877 0.194410
vn 0.003028 -0.980914 0.194417
vn 0.041249 -0.484577 -0.873775
vn -0.016461 -0.487187 -0.873142
vn 0.009177 0.980878 -0.194407
vn -0.001990 0.981156 -0.193207
vn -0.047155 0.000000 0.998888
vn 0.009225 0.000000 0.999957
vn -0.016461 -0.487187 -0.873142
vn -0.015793 -0.546719 -0.837167
vn -0.001990 0.981156 -0.193207
vn -0.005682 0.986084 -0.166150
vn 0.009225 0.000000 0.999957
vn 0.023555 0.000000 0.999723
vn -0.015793 -0.546719 -0.837167
vn -0.005682 0.986084 -0.166150
vn 0.023555 0.000000 0.999723
vn -0.009780 -0.980993 0.193796
vn 0.049641 -0.484392 -0.873441
vn 0.048907 -0.486354 -0.872392
vn 0.049641 -0.484392 -0.873441
vn 0.011536 0.980854 -0.194402
vn 0.011727 0.981060 -0.193350
vn 0.011536 0.980854 -0.194402
vn -0.051274 0.000000 0.998685
vn -0.051274 0.000000 0.998685
vn -0.051274 0.000000 0.998685
vn 0.001517 -0.987434 0.158027
vn -0.023273 -0.983310 0.180446
vn 0.039077 -0.564657 -0.824400
vn 0.025162 -0.514374 -0.857197
vn 0.012372 0.987236 -0.158784
vn 0.029759 0.983232 -0.179914
vn -0.021338 0.000000 0.999772
vn -0.026675 0.000000 0.999644
vn 0.025162 -0.514374 -0.857197
vn -0.003330 -0.512469 -0.858699
vn 0.029759 0.983232 -0.179914
vn -0.004552 0.983449 -0.181130
vn -0.026675 0.000000 0.999644
vn -0.017014 0.000000 0.999855
vn -0.003330 -0.512469 -0.858699
vn -0.004552 0.983449 -0.181130
vn -0.017014 0.000000 0.999855
vn 0.009436 -0.983164 0.182480
vn 0.034266 -0.512171 -0.858200
vn 0.034292 -0.507651 -0.860880
vn 0.034266 -0.512171 -0.858200
vn 0.014062 0.983362 -0.181112
vn 0.014055 0.982899 -0.183608
vn 0.014062 0.983362 -0.181112
vn -0.023774 0.000000 0.999717
vn -0.023774 0.000000 0.999717
vn -0.023774 0.000000 0.999717
vn -0.009537 -0.980281 0.197379
vn -0.033193 -0.984849 0.170206
vn 0.041413 -0.480569 -0.875979
vn 0.001647 -0.534010 -0.845477
vn 0.007932 0.980509 -0.196317
vn 0.032306 0.984616 -0.171723
vn -0.058884 0.000000 0.998265
vn -0.021994 0.000000 0.999758
vn 0.001647 -0.534010 -0.845477
vn 0.008144 -0.478693 -0.877944
vn 0.032306 0.984616 -0.171723
vn 0.001674 0.980300 -0.197509
vn -0.021994 0.000000 0.999758
vn -0.013322 0.000000 0.999911
vn 0.008144 -0.478693 -0.877944
vn 0.001674 0.980300 -0.197509
vn -0.013322 0.000000 0.999911
vn 0.021819 -0.988448 0.149979
vn -0.008390 -0.589306 -0.807866
vn -0.008738 -0.585692 -0.810487
vn -0.008390 -0.589306 -0.807866
vn -0.002648 0.988834 -0.148997
vn -0.002646 0.988563 -0.150786
vn -0.002648 0.988834 -0.148997
vn 0.032573 0.000000 0.999469
vn 0.032822 0.000000 0.999461
vn 0.032573 0.000000 0.999469
vn -0.010245 -0.981240 0.192520
vn -0.004987 -0.985436 0.169975
vn 0.015523 -0.583958 -0.811635
vn 0.015366 -0.588094 -0.808646
vn -0.036130 -0.561963 -0.826373
vn 0.004947 0.986915 -0.161167
vn 0.004887 0.987113 -0.159948
vn 0.008697 0.987088 -0.159944
vn -0.031124 0.000000 0.999516
vn -0.031124 0.000000 0.999516
vn 0.034111 0.000000 0.999418
vn -0.036130 -0.561963 -0.826373
vn 0.008697 0.987088 -0.159944
vn 0.034111 0.000000 0.999418
vn -0.006089 -0.981062 0.193600
vn 0.026679 -0.486436 -0.873309
vn 0.027193 -0.486429 -0.873297
vn 0.026679 -0.486436 -0.873309
vn 0.006089 0.981062 -0.193598
vn 0.005858 0.981063 -0.193598
vn 0.006089 0.981062 -0.193598
vn -0.030825 0.000000 0.999525
vn -0.030825 0.000000 0.999525
vn -0.030825 0.000000 0.999525
vn -0.079484 -0.954466 -0.287535
vn -0.049558 -0.956319 -0.288092
vn 0.000000 -0.947204 -0.320631
vn 0.000000 -0.935069 -0.354466
vn 0.000000 0.935069 0.354466
vn 0.000000 0.947204 0.320632
vn 0.000000 0.935069 0.354466
vn 0.000000 -0.947204 -0.320631
vn 0.000000 -0.973276 -0.229636
vn 0.000000 0.973277 0.229637
vn 0.000000 -0.947204 -0.320632
vn 0.000000 -0.935069 -0.354466
vn 0.000000 -0.947204 -0.320632
vn 0.000000 -0.973276 -0.229636
vn 0.430279 -0.128663 -0.893479
vn 0.429450 -0.142617 -0.891758
vn 0.430279 -0.128663 -0.893479
vn -0.973587 -0.052436 -0.222212
vn -0.973673 -0.050744 -0.222231
vn -0.973587 -0.052436 -0.222212
vn -0.429452 0.142617 0.891758
vn -0.430281 0.128663 0.893479
vn -0.429452 0.142617 0.891758
vn 0.776555 -0.116007 0.619277
vn 0.777149 -0.109306 0.619751
vn 0.423774 -0.214627 -0.879972
vn 0.423826 -0.214082 -0.880080
vn 0.432001 -0.093096 -0.897055
vn 0.423774 -0.214627 -0.879972
vn 0.432491 -0.080109 -0.898072
vn -0.973552 0.053125 -0.222204
vn -0.974593 0.026226 -0.222442
vn -0.963874 0.150166 -0.219995
vn -0.973552 0.053125 -0.222204
vn -0.963746 0.151026 -0.219966
vn -0.423828 0.214082 0.880079
vn -0.423776 0.214627 0.879971
vn -0.432492 0.080110 0.898072
vn -0.423828 0.214082 0.880079
vn -0.432003 0.093096 0.897055
vn -0.773227 -0.098399 0.626448
vn -0.709790 -0.046157 0.702900
vn 0.931546 0.060291 -0.358591
vn -0.429080 -0.148311 -0.891008
vn -0.428535 -0.156436 -0.889879
vn -0.429080 -0.148311 -0.891008
vn -0.714491 -0.021798 0.699305
vn -0.709790 -0.046157 0.702900
vn -0.714491 -0.021798 0.699305
vn 0.428010 0.163843 0.888799
vn 0.428817 0.152214 0.890476
vn 0.428010 0.163843 0.888799
f 3842/3842/3842 3841/3841/3841 3840/3840/3840
f 3840/3840/3840 3843/3843/3843 3842/3842/3842
f 3846/3846/3846 3845/3845/3845 3844/3844/3844
f 3844/3844/3844 3847/3847/3847 3846/3846/3846
f 3850/3850/3850 3849/3849/3849 3848/3848/3848
f 3848/3848/3848 3851/3851/3851 3850/3850/3850
f 3854/3854/3854 3853/3853/3853 3852/3852/3852
f 3852/3852/3852 3855/3855/3855 3854/3854/3854
f 3858/3858/3858 3857/3857/3857 3856/3856/3856
f 3856/3856/3856 3859/3859/3859 3858/3858/3858
f 3862/3862/3862 3861/3861/3861 3860/3860/3860
f 3860/3860/3860 3863/3863/3863 3862/3862/3862
f 3866/3866/3866 5579/5579/5579 5580/5580/5580
f 5580/5580/5580 3867/3867/3867 3866/3866/3866
f 3870/3870/3870 3869/3869/3869 3868/3868/3868
f 3868/3868/3868 3871/3871/3871 3870/3870/3870
f 3874/3874/3874 3873/3873/3873 3872/3872/3872
f 3872/3872/3872 3875/3875/3875 3874/3874/3874
f 3878/3878/3878 3877/3877/3877 3876/3876/3876
f 3876/3876/3876 3879/3879/3879 3878/3878/3878
f 3882/3882/3882 3881/3881/3881 3880/3880/3880
f 3880/3880/3880 3883/3883/3883 3882/3882/3882
f 3886/3886/3886 5583/5583/5583 5584/5584/5584
f 5584/5584/5584 3887/3887/3887 3886/3886/3886
f 3890/3890/3890 3889/3889/3889 3888/3888/3888
f 3888/3888/3888 3891/3891/3891 3890/3890/3890
f 3894/3894/3894 3893/3893/3893 3892/3892/3892
f 3892/3892/3892 3895/3895/3895 3894/3894/3894
f 5706/5706/5706 3897/3897/3897 3896/3896/3896
f 3896/3896/3896 3899/3899/3899 5706/5706/5706
f 3902/3902/3902 3901/3901/3901 3900/3900/3900
f 3900/3900/3900 3903/3903/3903 3902/3902/3902
f 3906/3906/3906 3905/3905/3905 3904/3904/3904
f 3904/3904/3904 3907/3907/3907 3906/3906/3906
f 3910/3910/3910 3909/3909/3909 3908/3908/3908
f 3908/3908/3908 3911/3911/3911 3910/3910/3910
f 3914/3914/3914 3913/3913/3913 3912/3912/3912
f 3912/3912/3912 3915/3915/3915 3914/3914/3914
f 3918/3918/3918 3917/3917/3917 5671/5671/5671
f 5671/5671/5671 3919/3919/3919 3918/3918/3918
f 3922/3922/3922 3921/3921/3921 3920/3920/3920
f 3920/3920/3920 3923/3923/3923 3922/3922/3922
f 3926/3926/3926 3925/3925/3925 3924/3924/3924
f 3924/3924/3924 3927/3927/3927 3926/3926/3926
f 3930/3930/3930 3929/3929/3929 3928/3928/3928
f 3928/3928/3928 3931/3931/3931 3930/3930/3930
f 3934/3934/3934 3933/3933/3933 3932/3932/3932
f 3932/3932/3932 3935/3935/3935 3934/3934/3934
f 3938/3938/3938 3937/3937/3937 3936/3936/3936
f 3936/3936/3936 3939/3939/3939 3938/3938/3938
f 3942/3942/3942 5710/5710/5710 5711/5711/5711
f 5711/5711/5711 3943/3943/3943 3942/3942/3942
f 3946/3946/3946 3945/3945/3945 3944/3944/3944
f 3944/3944/3944 3947/3947/3947 3946/3946/3946
f 3950/3950/3950 3949/3949/3949 3948/3948/3948
f 3948/3948/3948 3951/3951/3951 3950/3950/3950
f 3954/3954/3954 3953/3953/3953 3952/3952/3952
f 3952/3952/3952 3955/3955/3955 3954/3954/3954
f 3958/3958/3958 3957/3957/3957 3956/3956/3956
f 3956/3956/3956 3959/3959/3959 3958/3958/3958
f 3962/3962/3962 3961/3961/3961 3960/3960/3960
f 3960/3960/3960 3963/3963/3963 3962/3962/3962
f 3966/3966/3966 3965/3965/3965 3964/3964/3964
f 3964/3964/3964 3967/3967/3967 3966/3966/3966
f 3970/3970/3970 3969/3969/3969 3968/3968/3968
f 3968/3968/3968 3971/3971/3971 3970/3970/3970
f 3974/3974/3974 3973/3973/3973 3972/3972/3972
f 3972/3972/3972 3975/3975/3975 3974/3974/3974
f 3978/3978/3978 5713/5713/5713 5714/5714/5714
f 5714/5714/5714 3979/3979/3979 3978/3978/3978
f 3982/3982/3982 3981/3981/3981 3980/3980/3980
f 3980/3980/3980 3983/3983/3983 3982/3982/3982
f 3986/3986/3986 3985/3985/3985 3984/3984/3984
f 3984/3984/3984 3987/3987/3987 3986/3986/3986
f 3990/3990/3990 3989/3989/3989 3988/3988/3988
f 3988/3988/3988 3991/3991/3991 3990/3990/3990
f 3994/3994/3994 3993/3993/3993 3992/3992/3992
f 3992/3992/3992 3995/3995/3995 3994/3994/3994
f 3998/3998/3998 3997/3997/3997 3996/3996/3996
f 3996/3996/3996 3999/3999/3999 3998/3998/3998
f 5709/5709/5709 4001/4001/4001 4000/4000/4000
f 4000/4000/4000 4003/4003/4003 5709/5709/5709
f 5718/5718/5718 4005/4005/4005 4004/4004/4004
f 4004/4004/4004 4007/4007/4007 5718/5718/5718
f 5582/5582/5582 4009/4009/4009 4008/4008/4008
f 4008/4008/4008 4011/4011/4011 5582/5582/5582
f 4014/4014/4014 4013/4013/4013 4012/4012/4012
f 4012/4012/4012 4015/4015/4015 4014/4014/4014
f 5581/5581/5581 4017/4017/4017 4016/4016/4016
f 4016/4016/4016 4019/4019/4019 5581/5581/5581
f 5587/5587/5587 4021/4021/4021 4020/4020/4020
f 4020/4020/4020 4023/4023/4023 5587/5587/5587
f 4026/4026/4026 4025/4025/4025 4024/4024/4024
f 4024/4024/4024 4027/4027/4027 4026/4026/4026
f 5585/5585/5585 4029/4029/4029 4028/4028/4028
f 4028/4028/4028 4031/4031/4031 5585/5585/5585
f 5588/5588/5588 4033/4033/4033 4032/4032/4032
f 4032/4032/4032 4035/4035/4035 5588/5588/5588
f 4038/4038/4038 4037/4037/4037 5707/5707/5707
f 5707/5707/5707 4039/4039/4039 4038/4038/4038
f 5586/5586/5586 4041/4041/4041 4040/4040/4040
f 4040/4040/4040 4043/4043/4043 5586/5586/5586
f 5578/5578/5578 4045/4045/4045 4044/4044/4044
f 4044/4044/4044 4047/4047/4047 5578/5578/5578
f 4050/4050/4050 4049/4049/4049 5716/5716/5716
f 5716/5716/5716 4051/4051/4051 4050/4050/4050
f 5577/5577/5577 4053/4053/4053 4052/4052/4052
f 4052/4052/4052 4055/4055/4055 5577/5577/5577
f 4058/4058/4058 4057/4057/4057 4056/4056/4056
f 4056/4056/4056 4059/4059/4059 4058/4058/4058
f 4062/4062/4062 4061/4061/4061 4060/4060/4060
f 4060/4060/4060 4063/4063/4063 4062/4062/4062
f 4066/4066/4066 4065/4065/4065 4064/4064/4064
f 4064/4064/4064 4067/4067/4067 4066/4066/4066
f 4070/4070/4070 4069/4069/4069 4068/4068/4068
f 4068/4068/4068 4071/4071/4071 4070/4070/4070
f 5602/5602/5602 4073/4073/4073 4072/4072/4072
f 4072/4072/4072 4075/4075/4075 5602/5602/5602
f 5607/5607/5607 4077/4077/4077 4076/4076/4076
f 4076/4076/4076 4079/4079/4079 5607/5607/5607
f 4082/4082/4082 4081/4081/4081 4080/4080/4080
f 4080/4080/4080 4083/4083/4083 4082/4082/4082
f 4086/4086/4086 4085/4085/4085 4084/4084/4084
f 4084/4084/4084 4087/4087/4087 4086/4086/4086
f 4090/4090/4090 4089/4089/4089 4088/4088/4088
f 4088/4088/4088 4091/4091/4091 4090/4090/4090
f 4094/4094/4094 4093/4093/4093 4092/4092/4092
f 4092/4092/4092 4095/4095/4095 4094/4094/4094
f 5611/5611/5611 4097/4097/4097 4096/4096/4096
f 4096/4096/4096 4099/4099/4099 5611/5611/5611
f 5608/5608/5608 4101/4101/4101 4100/4100/4100
f 4100/4100/4100 4103/4103/4103 5608/5608/5608
f 4106/4106/4106 4105/4105/4105 4104/4104/4104
f 4104/4104/4104 4107/4107/4107 4106/4106/4106
f 4110/4110/4110 4109/4109/4109 4108/4108/4108
f 4108/4108/4108 4111/4111/4111 4110/4110/4110
f 4114/4114/4114 4113/4113/4113 4112/4112/4112
f 4112/4112/4112 4115/4115/4115 4114/4114/4114
f 4118/4118/4118 4117/4117/4117 4116/4116/4116
f 4116/4116/4116 4119/4119/4119 4118/4118/4118
f 4122/4122/4122 4121/4121/4121 5609/5609/5609
f 5609/5609/5609 4123/4123/4123 4122/4122/4122
f 4126/4126/4126 4125/4125/4125 4124/4124/4124
f 4124/4124/4124 4127/4127/4127 4126/4126/4126
f 4130/4130/4130 4129/4129/4129 4128/4128/4128
f 4128/4128/4128 4131/4131/4131 4130/4130/4130
f 4134/4134/4134 4133/4133/4133 4132/4132/4132
f 4132/4132/4132 4135/4135/4135 4134/4134/4134
f 4138/4138/4138 4137/4137/4137 4136/4136/4136
f 4136/4136/4136 4139/4139/4139 4138/4138/4138
f 4142/4142/4142 4141/4141/4141 4140/4140/4140
f 4140/4140/4140 4143/4143/4143 4142/4142/4142
f 4146/4146/4146 4145/4145/4145 4144/4144/4144
f 4144/4144/4144 4147/4147/4147 4146/4146/4146
f 4150/4150/4150 4149/4149/4149 4148/4148/4148
f 4148/4148/4148 4151/4151/4151 4150/4150/4150
f 4154/4154/4154 4153/4153/4153 4152/4152/4152
f 4152/4152/4152 4155/4155/4155 4154/4154/4154
f 4158/4158/4158 4157/4157/4157 4156/4156/4156
f 4156/4156/4156 4159/4159/4159 4158/4158/4158
f 4162/4162/4162 4161/4161/4161 4160/4160/4160
f 4160/4160/4160 4163/4163/4163 4162/4162/4162
f 4166/4166/4166 4165/4165/4165 5672/5672/5672
f 5672/5672/5672 4167/4167/4167 4166/4166/4166
f 4170/4170/4170 4169/4169/4169 4168/4168/4168
f 4168/4168/4168 4171/4171/4171 4170/4170/4170
f 4174/4174/4174 4173/4173/4173 4172/4172/4172
f 4172/4172/4172 4175/4175/4175 4174/4174/4174
f 4178/4178/4178 4177/4177/4177 5596/5596/5596
f 5596/5596/5596 4179/4179/4179 4178/4178/4178
f 4182/4182/4182 4181/4181/4181 4180/4180/4180
f 4180/4180/4180 4183/4183/4183 4182/4182/4182
f 4186/4186/4186 4185/4185/4185 4184/4184/4184
f 4184/4184/4184 4187/4187/4187 4186/4186/4186
f 4190/4190/4190 4189/4189/4189 5590/5590/5590
f 5590/5590/5590 4191/4191/4191 4190/4190/4190
f 4194/4194/4194 4193/4193/4193 4192/4192/4192
f 4192/4192/4192 4195/4195/4195 4194/4194/4194
f 4198/4198/4198 4197/4197/4197 4196/4196/4196
f 4196/4196/4196 4199/4199/4199 4198/4198/4198
f 4202/4202/4202 4201/4201/4201 5692/5692/5692
f 5692/5692/5692 4203/4203/4203 4202/4202/4202
f 4206/4206/4206 4205/4205/4205 4204/4204/4204
f 4204/4204/4204 4207/4207/4207 4206/4206/4206
f 4210/4210/4210 4209/4209/4209 4208/4208/4208
f 4208/4208/4208 4211/4211/4211 4210/4210/4210
f 4214/4214/4214 4213/4213/4213 5693/5693/5693
f 5693/5693/5693 4215/4215/4215 4214/4214/4214
f 4218/4218/4218 4217/4217/4217 4216/4216/4216
f 4216/4216/4216 4219/4219/4219 4218/4218/4218
f 4222/4222/4222 4221/4221/4221 4220/4220/4220
f 4220/4220/4220 4223/4223/4223 4222/4222/4222
f 4224/4224/4224 4062/4062/4062 4063/4063/4063
f 4063/4063/4063 4225/4225/4225 4224/4224/4224
f 4228/4228/4228 4227/4227/4227 4226/4226/4226
f 5720/5720/5720 4229/4229/4229 5719/5719/5719
f 4232/4232/4232 4231/4231/4231 4230/4230/4230
f 4230/4230/4230 4233/4233/4233 4232/4232/4232
f 4234/4234/4234 4086/4086/4086 4087/4087/4087
f 4087/4087/4087 4235/4235/4235 4234/4234/4234
f 4238/4238/4238 4237/4237/4237 4236/4236/4236
f 5722/5722/5722 4239/4239/4239 5721/5721/5721
f 4242/4242/4242 4241/4241/4241 4240/4240/4240
f 5724/5724/5724 4243/4243/4243 5723/5723/5723
f 4246/4246/4246 4245/4245/4245 4244/4244/4244
f 5726/5726/5726 4247/4247/4247 5725/5725/5725
f 5701/5701/5701 4249/4249/4249 4248/4248/4248
f 4248/4248/4248 4251/4251/4251 5701/5701/5701
f 4254/4254/4254 4253/4253/4253 4252/4252/4252
f 4252/4252/4252 4255/4255/4255 4254/4254/4254
f 4258/4258/4258 4257/4257/4257 4256/4256/4256
f 4256/4256/4256 4259/4259/4259 4258/4258/4258
f 5702/5702/5702 4261/4261/4261 4260/4260/4260
f 4260/4260/4260 4263/4263/4263 5702/5702/5702
f 4266/4266/4266 4265/4265/4265 4264/4264/4264
f 4264/4264/4264 4267/4267/4267 4266/4266/4266
f 4270/4270/4270 4269/4269/4269 4268/4268/4268
f 4268/4268/4268 4271/4271/4271 4270/4270/4270
f 5599/5599/5599 4273/4273/4273 4272/4272/4272
f 4272/4272/4272 4220/4220/4220 5599/5599/5599
f 4227/4227/4227 4275/4275/4275 4274/4274/4274
f 4274/4274/4274 4226/4226/4226 4227/4227/4227
f 4231/4231/4231 4277/4277/4277 4276/4276/4276
f 4276/4276/4276 4230/4230/4230 4231/4231/4231
f 5600/5600/5600 5727/5727/5727 5612/5612/5612
f 5612/5612/5612 4236/4236/4236 5600/5600/5600
f 4241/4241/4241 5729/5729/5729 5728/5728/5728
f 5730/5730/5730 4240/4240/4240 4241/4241/4241
f 4245/4245/4245 5732/5732/5732 5731/5731/5731
f 5733/5733/5733 4244/4244/4244 4245/4245/4245
f 4278/4278/4278 4224/4224/4224 5604/5604/5604
f 5604/5604/5604 4279/4279/4279 4278/4278/4278
f 4280/4280/4280 5735/5735/5735 5734/5734/5734
f 5736/5736/5736 4281/4281/4281 4280/4280/4280
f 5598/5598/5598 4058/4058/4058 5605/5605/5605
f 5605/5605/5605 4272/4272/4272 5598/5598/5598
f 4275/4275/4275 5738/5738/5738 5737/5737/5737
f 5739/5739/5739 4274/4274/4274 4275/4275/4275
f 4277/4277/4277 4070/4070/4070 4071/4071/4071
f 4071/4071/4071 4276/4276/4276 4277/4277/4277
f 4282/4282/4282 4082/4082/4082 5610/5610/5610
f 5610/5610/5610 4283/4283/4283 4282/4282/4282
f 4284/4284/4284 4090/4090/4090 4091/4091/4091
f 4091/4091/4091 4285/4285/4285 4284/4284/4284
f 4286/4286/4286 4094/4094/4094 4095/4095/4095
f 4095/4095/4095 4287/4287/4287 4286/4286/4286
f 4288/4288/4288 4118/4118/4118 4119/4119/4119
f 4119/4119/4119 4289/4289/4289 4288/4288/4288
f 4290/4290/4290 5741/5741/5741 5740/5740/5740
f 5742/5742/5742 4291/4291/4291 4290/4290/4290
f 4294/4294/4294 4293/4293/4293 4292/4292/4292
f 4292/4292/4292 4295/4295/4295 4294/4294/4294
f 5597/5597/5597 4297/4297/4297 4296/4296/4296
f 4296/4296/4296 4299/4299/4299 5597/5597/5597
f 4302/4302/4302 4301/4301/4301 4300/4300/4300
f 4300/4300/4300 4303/4303/4303 4302/4302/4302
f 4306/4306/4306 4305/4305/4305 4304/4304/4304
f 4304/4304/4304 4307/4307/4307 4306/4306/4306
f 5591/5591/5591 4309/4309/4309 4308/4308/4308
f 4308/4308/4308 4311/4311/4311 5591/5591/5591
f 4314/4314/4314 4313/4313/4313 4312/4312/4312
f 4312/4312/4312 4315/4315/4315 4314/4314/4314
f 4318/4318/4318 4317/4317/4317 4316/4316/4316
f 4316/4316/4316 4319/4319/4319 4318/4318/4318
f 4322/4322/4322 4321/4321/4321 4320/4320/4320
f 4320/4320/4320 4323/4323/4323 4322/4322/4322
f 4326/4326/4326 4325/4325/4325 4324/4324/4324
f 4324/4324/4324 4327/4327/4327 4326/4326/4326
f 4330/4330/4330 4329/4329/4329 4328/4328/4328
f 4328/4328/4328 4331/4331/4331 4330/4330/4330
f 4334/4334/4334 4333/4333/4333 4332/4332/4332
f 4332/4332/4332 4335/4335/4335 4334/4334/4334
f 4338/4338/4338 4337/4337/4337 4336/4336/4336
f 4336/4336/4336 4339/4339/4339 4338/4338/4338
f 4342/4342/4342 4341/4341/4341 4340/4340/4340
f 4340/4340/4340 4343/4343/4343 4342/4342/4342
f 4346/4346/4346 4345/4345/4345 4344/4344/4344
f 5744/5744/5744 4347/4347/4347 5743/5743/5743
f 4350/4350/4350 4349/4349/4349 4348/4348/4348
f 5746/5746/5746 4351/4351/4351 5745/5745/5745
f 4354/4354/4354 4353/4353/4353 4352/4352/4352
f 5748/5748/5748 4355/4355/4355 5747/5747/5747
f 4358/4358/4358 4357/4357/4357 4356/4356/4356
f 5750/5750/5750 4359/4359/4359 5749/5749/5749
f 5619/5619/5619 4361/4361/4361 4360/4360/4360
f 4360/4360/4360 4344/4344/4344 5619/5619/5619
f 4362/4362/4362 4351/4351/4351 5751/5751/5751
f 4348/4348/4348 4363/4363/4363 5752/5752/5752
f 4364/4364/4364 4355/4355/4355 5753/5753/5753
f 4352/4352/4352 4365/4365/4365 5754/5754/5754
f 4366/4366/4366 4359/4359/4359 5755/5755/5755
f 4356/4356/4356 4367/4367/4367 5756/5756/5756
f 5629/5629/5629 4369/4369/4369 4368/4368/4368
f 4368/4368/4368 4360/4360/4360 5629/5629/5629
f 4370/4370/4370 5757/5757/5757 4363/4363/4363
f 4363/4363/4363 4371/4371/4371 4370/4370/4370
f 4372/4372/4372 5758/5758/5758 4365/4365/4365
f 4365/4365/4365 4373/4373/4373 4372/4372/4372
f 4374/4374/4374 5759/5759/5759 4367/4367/4367
f 4367/4367/4367 4375/4375/4375 4374/4374/4374
f 5653/5653/5653 4377/4377/4377 4376/4376/4376
f 4376/4376/4376 4368/4368/4368 5653/5653/5653
f 4378/4378/4378 4370/4370/4370 4371/4371/4371
f 4371/4371/4371 4379/4379/4379 4378/4378/4378
f 4380/4380/4380 4372/4372/4372 4373/4373/4373
f 4373/4373/4373 4381/4381/4381 4380/4380/4380
f 4382/4382/4382 4374/4374/4374 4375/4375/4375
f 4375/4375/4375 4383/4383/4383 4382/4382/4382
f 5663/5663/5663 4385/4385/4385 4384/4384/4384
f 4384/4384/4384 4376/4376/4376 5663/5663/5663
f 4386/4386/4386 4378/4378/4378 4379/4379/4379
f 4379/4379/4379 4387/4387/4387 4386/4386/4386
f 4388/4388/4388 4380/4380/4380 4381/4381/4381
f 4381/4381/4381 4389/4389/4389 4388/4388/4388
f 4390/4390/4390 4382/4382/4382 4383/4383/4383
f 4383/4383/4383 4391/4391/4391 4390/4390/4390
f 4392/4392/4392 5760/5760/5760 5680/5680/5680
f 5680/5680/5680 4393/4393/4393 4392/4392/4392
f 4394/4394/4394 5762/5762/5762 5761/5761/5761
f 5763/5763/5763 4395/4395/4395 4394/4394/4394
f 4396/4396/4396 5765/5765/5765 5764/5764/5764
f 5766/5766/5766 4397/4397/4397 4396/4396/4396
f 4398/4398/4398 5768/5768/5768 5767/5767/5767
f 5769/5769/5769 4399/4399/4399 4398/4398/4398
f 4402/4402/4402 4401/4401/4401 4400/4400/4400
f 5771/5771/5771 4403/4403/4403 5770/5770/5770
f 4406/4406/4406 4405/4405/4405 4404/4404/4404
f 5773/5773/5773 4407/4407/4407 5772/5772/5772
f 4410/4410/4410 4409/4409/4409 4408/4408/4408
f 5775/5775/5775 4411/4411/4411 5774/5774/5774
f 4414/4414/4414 4413/4413/4413 4412/4412/4412
f 5777/5777/5777 4415/4415/4415 5776/5776/5776
f 5620/5620/5620 4417/4417/4417 4416/4416/4416
f 4416/4416/4416 4400/4400/4400 5620/5620/5620
f 4418/4418/4418 4407/4407/4407 5778/5778/5778
f 4404/4404/4404 4419/4419/4419 5779/5779/5779
f 4420/4420/4420 4411/4411/4411 5780/5780/5780
f 4408/4408/4408 4421/4421/4421 5781/5781/5781
f 4422/4422/4422 4415/4415/4415 5782/5782/5782
f 4412/4412/4412 4423/4423/4423 5783/5783/5783
f 5630/5630/5630 4425/4425/4425 4424/4424/4424
f 4424/4424/4424 4416/4416/4416 5630/5630/5630
f 4426/4426/4426 5784/5784/5784 4419/4419/4419
f 4419/4419/4419 4427/4427/4427 4426/4426/4426
f 4428/4428/4428 5785/5785/5785 4421/4421/4421
f 4421/4421/4421 4429/4429/4429 4428/4428/4428
f 4430/4430/4430 5786/5786/5786 4423/4423/4423
f 4423/4423/4423 4431/4431/4431 4430/4430/4430
f 5654/5654/5654 4433/4433/4433 4432/4432/4432
f 4432/4432/4432 4424/4424/4424 5654/5654/5654
f 4434/4434/4434 4426/4426/4426 4427/4427/4427
f 4427/4427/4427 4435/4435/4435 4434/4434/4434
f 4436/4436/4436 4428/4428/4428 4429/4429/4429
f 4429/4429/4429 4437/4437/4437 4436/4436/4436
f 4438/4438/4438 4430/4430/4430 4431/4431/4431
f 4431/4431/4431 4439/4439/4439 4438/4438/4438
f 5664/5664/5664 4441/4441/4441 4440/4440/4440
f 4440/4440/4440 4432/4432/4432 5664/5664/5664
f 4442/4442/4442 4434/4434/4434 4435/4435/4435
f 4435/4435/4435 4443/4443/4443 4442/4442/4442
f 4444/4444/4444 4436/4436/4436 4437/4437/4437
f 4437/4437/4437 4445/4445/4445 4444/4444/4444
f 4446/4446/4446 4438/4438/4438 4439/4439/4439
f 4439/4439/4439 4447/4447/4447 4446/4446/4446
f 4448/4448/4448 5787/5787/5787 5681/5681/5681
f 5681/5681/5681 4449/4449/4449 4448/4448/4448
f 4450/4450/4450 5789/5789/5789 5788/5788/5788
f 5790/5790/5790 4451/4451/4451 4450/4450/4450
f 4452/4452/4452 5792/5792/5792 5791/5791/5791
f 5793/5793/5793 4453/4453/4453 4452/4452/4452
f 4454/4454/4454 5795/5795/5795 5794/5794/5794
f 5796/5796/5796 4455/4455/4455 4454/4454/4454
f 4458/4458/4458 4457/4457/4457 4456/4456/4456
f 5798/5798/5798 4459/4459/4459 5797/5797/5797
f 4462/4462/4462 4461/4461/4461 4460/4460/4460
f 5800/5800/5800 4463/4463/4463 5799/5799/5799
f 4466/4466/4466 4465/4465/4465 4464/4464/4464
f 5802/5802/5802 4467/4467/4467 5801/5801/5801
f 4470/4470/4470 4469/4469/4469 4468/4468/4468
f 5804/5804/5804 4471/4471/4471 5803/5803/5803
f 5621/5621/5621 4473/4473/4473 4472/4472/4472
f 4472/4472/4472 4456/4456/4456 5621/5621/5621
f 4474/4474/4474 4463/4463/4463 5805/5805/5805
f 4460/4460/4460 4475/4475/4475 5806/5806/5806
f 4476/4476/4476 4467/4467/4467 5807/5807/5807
f 4464/4464/4464 4477/4477/4477 5808/5808/5808
f 4478/4478/4478 4471/4471/4471 5809/5809/5809
f 4468/4468/4468 4479/4479/4479 5810/5810/5810
f 5631/5631/5631 4481/4481/4481 4480/4480/4480
f 4480/4480/4480 4472/4472/4472 5631/5631/5631
f 4482/4482/4482 5811/5811/5811 4475/4475/4475
f 4475/4475/4475 4483/4483/4483 4482/4482/4482
f 4484/4484/4484 5812/5812/5812 4477/4477/4477
f 4477/4477/4477 4485/4485/4485 4484/4484/4484
f 4486/4486/4486 5813/5813/5813 4479/4479/4479
f 4479/4479/4479 4487/4487/4487 4486/4486/4486
f 5655/5655/5655 4489/4489/4489 4488/4488/4488
f 4488/4488/4488 4480/4480/4480 5655/5655/5655
f 4490/4490/4490 4482/4482/4482 4483/4483/4483
f 4483/4483/4483 4491/4491/4491 4490/4490/4490
f 4492/4492/4492 4484/4484/4484 4485/4485/4485
f 4485/4485/4485 4493/4493/4493 4492/4492/4492
f 4494/4494/4494 4486/4486/4486 4487/4487/4487
f 4487/4487/4487 4495/4495/4495 4494/4494/4494
f 5665/5665/5665 4497/4497/4497 4496/4496/4496
f 4496/4496/4496 4488/4488/4488 5665/5665/5665
f 4498/4498/4498 4490/4490/4490 4491/4491/4491
f 4491/4491/4491 4499/4499/4499 4498/4498/4498
f 4500/4500/4500 4492/4492/4492 4493/4493/4493
f 4493/4493/4493 4501/4501/4501 4500/4500/4500
f 4502/4502/4502 4494/4494/4494 4495/4495/4495
f 4495/4495/4495 4503/4503/4503 4502/4502/4502
f 4504/4504/4504 5814/5814/5814 5682/5682/5682
f 5682/5682/5682 4505/4505/4505 4504/4504/4504
f 4506/4506/4506 5816/5816/5816 5815/5815/5815
f 5817/5817/5817 4507/4507/4507 4506/4506/4506
f 4508/4508/4508 5819/5819/5819 5818/5818/5818
f 5820/5820/5820 4509/4509/4509 4508/4508/4508
f 4510/4510/4510 5822/5822/5822 5821/5821/5821
f 5823/5823/5823 4511/4511/4511 4510/4510/4510
f 4514/4514/4514 4513/4513/4513 4512/4512/4512
f 5825/5825/5825 4515/4515/4515 5824/5824/5824
f 4518/4518/4518 4517/4517/4517 4516/4516/4516
f 5827/5827/5827 4519/4519/4519 5826/5826/5826
f 4522/4522/4522 4521/4521/4521 4520/4520/4520
f 5829/5829/5829 4523/4523/4523 5828/5828/5828
f 4526/4526/4526 4525/4525/4525 4524/4524/4524
f 5831/5831/5831 4527/4527/4527 5830/5830/5830
f 5622/5622/5622 4529/4529/4529 4528/4528/4528
f 4528/4528/4528 4512/4512/4512 5622/5622/5622
f 4530/4530/4530 4519/4519/4519 5832/5832/5832
f 4516/4516/4516 4531/4531/4531 5833/5833/5833
f 4532/4532/4532 4523/4523/4523 5834/5834/5834
f 4520/4520/4520 4533/4533/4533 5835/5835/5835
f 4534/4534/4534 4527/4527/4527 5836/5836/5836
f 4524/4524/4524 4535/4535/4535 5837/5837/5837
f 5632/5632/5632 4537/4537/4537 4536/4536/4536
f 4536/4536/4536 4528/4528/4528 5632/5632/5632
f 4538/4538/4538 5838/5838/5838 4531/4531/4531
f 4531/4531/4531 4539/4539/4539 4538/4538/4538
f 4540/4540/4540 5839/5839/5839 4533/4533/4533
f 4533/4533/4533 4541/4541/4541 4540/4540/4540
f 4542/4542/4542 5840/5840/5840 4535/4535/4535
f 4535/4535/4535 4543/4543/4543 4542/4542/4542
f 5656/5656/5656 4545/4545/4545 4544/4544/4544
f 4544/4544/4544 4536/4536/4536 5656/5656/5656
f 4546/4546/4546 4538/4538/4538 4539/4539/4539
f 4539/4539/4539 4547/4547/4547 4546/4546/4546
f 4548/4548/4548 4540/4540/4540 4541/4541/4541
f 4541/4541/4541 4549/4549/4549 4548/4548/4548
f 4550/4550/4550 4542/4542/4542 4543/4543/4543
f 4543/4543/4543 4551/4551/4551 4550/4550/4550
f 5666/5666/5666 4553/4553/4553 4552/4552/4552
f 4552/4552/4552 4544/4544/4544 5666/5666/5666
f 4554/4554/4554 4546/4546/4546 4547/4547/4547
f 4547/4547/4547 4555/4555/4555 4554/4554/4554
f 4556/4556/4556 4548/4548/4548 4549/4549/4549
f 4549/4549/4549 4557/4557/4557 4556/4556/4556
f 4558/4558/4558 4550/4550/4550 4551/4551/4551
f 4551/4551/4551 4559/4559/4559 4558/4558/4558
f 4560/4560/4560 5841/5841/5841 5683/5683/5683
f 5683/5683/5683 4561/4561/4561 4560/4560/4560
f 4562/4562/4562 5843/5843/5843 5842/5842/5842
f 5844/5844/5844 4563/4563/4563 4562/4562/4562
f 4564/4564/4564 5846/5846/5846 5845/5845/5845
f 5847/5847/5847 4565/4565/4565 4564/4564/4564
f 4566/4566/4566 5849/5849/5849 5848/5848/5848
f 5850/5850/5850 4567/4567/4567 4566/4566/4566
f 4570/4570/4570 4569/4569/4569 4568/4568/4568
f 5852/5852/5852 4571/4571/4571 5851/5851/5851
f 4574/4574/4574 4573/4573/4573 4572/4572/4572
f 4572/4572/4572 4575/4575/4575 4574/4574/4574
f 4578/4578/4578 4577/4577/4577 4576/4576/4576
f 4576/4576/4576 4579/4579/4579 4578/4578/4578
f 4582/4582/4582 4581/4581/4581 4580/4580/4580
f 4580/4580/4580 4583/4583/4583 4582/4582/4582
f 5618/5618/5618 4585/4585/4585 4584/4584/4584
f 4584/4584/4584 4568/4568/4568 5618/5618/5618
f 4586/4586/4586 5854/5854/5854 5853/5853/5853
f 4574/4574/4574 4587/4587/4587 5855/5855/5855
f 4588/4588/4588 5857/5857/5857 5856/5856/5856
f 4578/4578/4578 4589/4589/4589 5858/5858/5858
f 4590/4590/4590 5860/5860/5860 5859/5859/5859
f 4582/4582/4582 4591/4591/4591 5861/5861/5861
f 5628/5628/5628 4593/4593/4593 4592/4592/4592
f 4592/4592/4592 4584/4584/4584 5628/5628/5628
f 4594/4594/4594 5862/5862/5862 4587/4587/4587
f 4587/4587/4587 4595/4595/4595 4594/4594/4594
f 4596/4596/4596 5863/5863/5863 4589/4589/4589
f 4589/4589/4589 4597/4597/4597 4596/4596/4596
f 4598/4598/4598 5864/5864/5864 4591/4591/4591
f 4591/4591/4591 4599/4599/4599 4598/4598/4598
f 5652/5652/5652 4601/4601/4601 4600/4600/4600
f 4600/4600/4600 4592/4592/4592 5652/5652/5652
f 4602/4602/4602 4594/4594/4594 4595/4595/4595
f 4595/4595/4595 4603/4603/4603 4602/4602/4602
f 4604/4604/4604 4596/4596/4596 4597/4597/4597
f 4597/4597/4597 4605/4605/4605 4604/4604/4604
f 4606/4606/4606 4598/4598/4598 4599/4599/4599
f 4599/4599/4599 4607/4607/4607 4606/4606/4606
f 5662/5662/5662 4609/4609/4609 4608/4608/4608
f 4608/4608/4608 4600/4600/4600 5662/5662/5662
f 4610/4610/4610 4602/4602/4602 4603/4603/4603
f 4603/4603/4603 4611/4611/4611 4610/4610/4610
f 4612/4612/4612 4604/4604/4604 4605/4605/4605
f 4605/4605/4605 4613/4613/4613 4612/4612/4612
f 4614/4614/4614 4606/4606/4606 4607/4607/4607
f 4607/4607/4607 4615/4615/4615 4614/4614/4614
f 4616/4616/4616 5865/5865/5865 5679/5679/5679
f 5679/5679/5679 4617/4617/4617 4616/4616/4616
f 4618/4618/4618 5867/5867/5867 5866/5866/5866
f 5868/5868/5868 4619/4619/4619 4618/4618/4618
f 4620/4620/4620 5870/5870/5870 5869/5869/5869
f 5871/5871/5871 4621/4621/4621 4620/4620/4620
f 4622/4622/4622 5873/5873/5873 5872/5872/5872
f 5874/5874/5874 4623/4623/4623 4622/4622/4622
f 4626/4626/4626 4625/4625/4625 4624/4624/4624
f 4624/4624/4624 4627/4627/4627 4626/4626/4626
f 4630/4630/4630 4629/4629/4629 5593/5593/5593
f 5593/5593/5593 4631/4631/4631 4630/4630/4630
f 4634/4634/4634 4633/4633/4633 4632/4632/4632
f 4632/4632/4632 4635/4635/4635 4634/4634/4634
f 5594/5594/5594 4637/4637/4637 4636/4636/4636
f 4636/4636/4636 4639/4639/4639 5594/5594/5594
f 4642/4642/4642 4641/4641/4641 4640/4640/4640
f 4640/4640/4640 4643/4643/4643 4642/4642/4642
f 4646/4646/4646 4645/4645/4645 4644/4644/4644
f 4644/4644/4644 4647/4647/4647 4646/4646/4646
f 4650/4650/4650 4649/4649/4649 4648/4648/4648
f 4648/4648/4648 4651/4651/4651 4650/4650/4650
f 4654/4654/4654 4653/4653/4653 4652/4652/4652
f 5876/5876/5876 4655/4655/4655 5875/5875/5875
f 4658/4658/4658 4657/4657/4657 4656/4656/4656
f 4656/4656/4656 4659/4659/4659 4658/4658/4658
f 4662/4662/4662 4661/4661/4661 4660/4660/4660
f 4660/4660/4660 4663/4663/4663 4662/4662/4662
f 5636/5636/5636 4665/4665/4665 4664/4664/4664
f 4664/4664/4664 4667/4667/4667 5636/5636/5636
f 4670/4670/4670 4669/4669/4669 4668/4668/4668
f 4668/4668/4668 4671/4671/4671 4670/4670/4670
f 4674/4674/4674 4673/4673/4673 4672/4672/4672
f 4672/4672/4672 4675/4675/4675 4674/4674/4674
f 4678/4678/4678 4677/4677/4677 4676/4676/4676
f 4676/4676/4676 4679/4679/4679 4678/4678/4678
f 4682/4682/4682 4681/4681/4681 4680/4680/4680
f 4680/4680/4680 4683/4683/4683 4682/4682/4682
f 4686/4686/4686 4685/4685/4685 4684/4684/4684
f 4684/4684/4684 4687/4687/4687 4686/4686/4686
f 5669/5669/5669 4650/4650/4650 5660/5660/5660
f 5660/5660/5660 4672/4672/4672 5669/5669/5669
f 4677/4677/4677 4662/4662/4662 4663/4663/4663
f 4663/4663/4663 4676/4676/4676 4677/4677/4677
f 5659/5659/5659 4682/4682/4682 4683/4683/4683
f 4683/4683/4683 4652/4652/4652 5659/5659/5659
f 4685/4685/4685 4658/4658/4658 4659/4659/4659
f 4659/4659/4659 4684/4684/4684 4685/4685/4685
f 4688/4688/4688 4674/4674/4674 5677/5677/5677
f 5677/5677/5677 4689/4689/4689 4688/4688/4688
f 4690/4690/4690 4678/4678/4678 5676/5676/5676
f 5676/5676/5676 4691/4691/4691 4690/4690/4690
f 5674/5674/5674 4693/4693/4693 5704/5704/5704
f 5704/5704/5704 4680/4680/4680 5674/5674/5674
f 4694/4694/4694 4686/4686/4686 4687/4687/4687
f 4687/4687/4687 4695/4695/4695 4694/4694/4694
f 4698/4698/4698 4697/4697/4697 4696/4696/4696
f 4696/4696/4696 4699/4699/4699 4698/4698/4698
f 4702/4702/4702 4701/4701/4701 4700/4700/4700
f 4700/4700/4700 4703/4703/4703 4702/4702/4702
f 4706/4706/4706 4705/4705/4705 4704/4704/4704
f 4704/4704/4704 4707/4707/4707 4706/4706/4706
f 4710/4710/4710 4709/4709/4709 4708/4708/4708
f 4708/4708/4708 4711/4711/4711 4710/4710/4710
f 5684/5684/5684 4713/4713/4713 4712/4712/4712
f 4712/4712/4712 4715/4715/4715 5684/5684/5684
f 4718/4718/4718 4717/4717/4717 4716/4716/4716
f 4716/4716/4716 4719/4719/4719 4718/4718/4718
f 4722/4722/4722 4721/4721/4721 4720/4720/4720
f 5878/5878/5878 4723/4723/4723 5877/5877/5877
f 4726/4726/4726 4725/4725/4725 4724/4724/4724
f 4724/4724/4724 4727/4727/4727 4726/4726/4726
f 4730/4730/4730 4729/4729/4729 4728/4728/4728
f 5880/5880/5880 4731/4731/4731 5879/5879/5879
f 4734/4734/4734 4733/4733/4733 4732/4732/4732
f 4732/4732/4732 4735/4735/4735 4734/4734/4734
f 5698/5698/5698 4737/4737/4737 5690/5690/5690
f 5690/5690/5690 4720/4720/4720 5698/5698/5698
f 4738/4738/4738 4726/4726/4726 5699/5699/5699
f 5699/5699/5699 4739/4739/4739 4738/4738/4738
f 4740/4740/4740 5881/5881/5881 5688/5688/5688
f 5688/5688/5688 4741/4741/4741 4740/4740/4740
f 4742/4742/4742 4734/4734/4734 4735/4735/4735
f 4735/4735/4735 4743/4743/4743 4742/4742/4742
f 5696/5696/5696 5882/5882/5882 5687/5687/5687
f 5687/5687/5687 5883/5883/5883 5696/5696/5696
f 4725/4725/4725 4706/4706/4706 4707/4707/4707
f 4707/4707/4707 4724/4724/4724 4725/4725/4725
f 4729/4729/4729 5884/5884/5884 5685/5685/5685
f 5685/5685/5685 4728/4728/4728 4729/4729/4729
f 4733/4733/4733 4710/4710/4710 4711/4711/4711
f 4711/4711/4711 4732/4732/4732 4733/4733/4733
f 4746/4746/4746 4745/4745/4745 4744/4744/4744
f 4744/4744/4744 4747/4747/4747 4746/4746/4746
f 4750/4750/4750 4749/4749/4749 4748/4748/4748
f 4748/4748/4748 4751/4751/4751 4750/4750/4750
f 4754/4754/4754 4753/4753/4753 4752/4752/4752
f 4752/4752/4752 4755/4755/4755 4754/4754/4754
f 4758/4758/4758 4757/4757/4757 4756/4756/4756
f 4756/4756/4756 4759/4759/4759 4758/4758/4758
f 5638/5638/5638 4761/4761/4761 4760/4760/4760
f 4760/4760/4760 4763/4763/4763 5638/5638/5638
f 4766/4766/4766 4765/4765/4765 4764/4764/4764
f 4764/4764/4764 4767/4767/4767 4766/4766/4766
f 4770/4770/4770 4769/4769/4769 4768/4768/4768
f 5886/5886/5886 4771/4771/4771 5885/5885/5885
f 4774/4774/4774 4773/4773/4773 4772/4772/4772
f 4772/4772/4772 4775/4775/4775 4774/4774/4774
f 4778/4778/4778 4777/4777/4777 4776/4776/4776
f 4776/4776/4776 4779/4779/4779 4778/4778/4778
f 4782/4782/4782 4781/4781/4781 4780/4780/4780
f 4780/4780/4780 4783/4783/4783 4782/4782/4782
f 5650/5650/5650 4785/4785/4785 5644/5644/5644
f 5644/5644/5644 4768/4768/4768 5650/5650/5650
f 4786/4786/4786 4774/4774/4774 5651/5651/5651
f 5651/5651/5651 4787/4787/4787 4786/4786/4786
f 4788/4788/4788 4778/4778/4778 5642/5642/5642
f 5642/5642/5642 4789/4789/4789 4788/4788/4788
f 4790/4790/4790 4782/4782/4782 4783/4783/4783
f 4783/4783/4783 4791/4791/4791 4790/4790/4790
f 5648/5648/5648 5887/5887/5887 5640/5640/5640
f 5640/5640/5640 5888/5888/5888 5648/5648/5648
f 4773/4773/4773 4754/4754/4754 4755/4755/4755
f 4755/4755/4755 4772/4772/4772 4773/4773/4773
f 4777/4777/4777 4746/4746/4746 5641/5641/5641
f 5641/5641/5641 4776/4776/4776 4777/4777/4777
f 4781/4781/4781 4758/4758/4758 4759/4759/4759
f 4759/4759/4759 4780/4780/4780 4781/4781/4781
f 4794/4794/4794 4793/4793/4793 4792/4792/4792
f 4792/4792/4792 4795/4795/4795 4794/4794/4794
f 4798/4798/4798 4797/4797/4797 4796/4796/4796
f 4796/4796/4796 4799/4799/4799 4798/4798/4798
f 4802/4802/4802 4801/4801/4801 4800/4800/4800
f 4800/4800/4800 4803/4803/4803 4802/4802/4802
f 4806/4806/4806 4805/4805/4805 4804/4804/4804
f 4804/4804/4804 4807/4807/4807 4806/4806/4806
f 4810/4810/4810 4809/4809/4809 5601/5601/5601
f 5601/5601/5601 4811/4811/4811 4810/4810/4810
f 5576/5576/5576 4813/4813/4813 4812/4812/4812
f 4812/4812/4812 4815/4815/4815 5576/5576/5576
f 4818/4818/4818 4817/4817/4817 4816/4816/4816
f 4816/4816/4816 4819/4819/4819 4818/4818/4818
f 4822/4822/4822 4821/4821/4821 4820/4820/4820
f 4820/4820/4820 4823/4823/4823 4822/4822/4822
f 4826/4826/4826 4825/4825/4825 4824/4824/4824
f 4824/4824/4824 4827/4827/4827 4826/4826/4826
f 4830/4830/4830 4829/4829/4829 4828/4828/4828
f 4828/4828/4828 4831/4831/4831 4830/4830/4830
f 4834/4834/4834 4833/4833/4833 4832/4832/4832
f 4832/4832/4832 4835/4835/4835 4834/4834/4834
f 4838/4838/4838 4837/4837/4837 4836/4836/4836
f 4836/4836/4836 4839/4839/4839 4838/4838/4838
f 4842/4842/4842 4841/4841/4841 4840/4840/4840
f 4840/4840/4840 4843/4843/4843 4842/4842/4842
f 4846/4846/4846 4845/4845/4845 4844/4844/4844
f 4844/4844/4844 4847/4847/4847 4846/4846/4846
f 4850/4850/4850 4849/4849/4849 4848/4848/4848
f 4848/4848/4848 4851/4851/4851 4850/4850/4850
f 4854/4854/4854 4853/4853/4853 4852/4852/4852
f 4852/4852/4852 4855/4855/4855 4854/4854/4854
f 4858/4858/4858 4857/4857/4857 4856/4856/4856
f 4856/4856/4856 4859/4859/4859 4858/4858/4858
f 4862/4862/4862 4861/4861/4861 4860/4860/4860
f 4860/4860/4860 4863/4863/4863 4862/4862/4862
f 4866/4866/4866 4865/4865/4865 4864/4864/4864
f 4864/4864/4864 4867/4867/4867 4866/4866/4866
f 4870/4870/4870 4869/4869/4869 4868/4868/4868
f 4868/4868/4868 4871/4871/4871 4870/4870/4870
f 4874/4874/4874 4873/4873/4873 4872/4872/4872
f 4872/4872/4872 4875/4875/4875 4874/4874/4874
f 4878/4878/4878 4877/4877/4877 4876/4876/4876
f 4876/4876/4876 4879/4879/4879 4878/4878/4878
f 4882/4882/4882 4881/4881/4881 5623/5623/5623
f 5623/5623/5623 4883/4883/4883 4882/4882/4882
f 5617/5617/5617 4885/4885/4885 4884/4884/4884
f 4884/4884/4884 4887/4887/4887 5617/5617/5617
f 4890/4890/4890 4889/4889/4889 4888/4888/4888
f 4888/4888/4888 4891/4891/4891 4890/4890/4890
f 4894/4894/4894 4893/4893/4893 4892/4892/4892
f 4892/4892/4892 4895/4895/4895 4894/4894/4894
f 4898/4898/4898 4897/4897/4897 4896/4896/4896
f 4896/4896/4896 4899/4899/4899 4898/4898/4898
f 4902/4902/4902 4901/4901/4901 4900/4900/4900
f 4900/4900/4900 4903/4903/4903 4902/4902/4902
f 4906/4906/4906 4905/4905/4905 5626/5626/5626
f 5626/5626/5626 4907/4907/4907 4906/4906/4906
f 5624/5624/5624 4909/4909/4909 4908/4908/4908
f 4908/4908/4908 4911/4911/4911 5624/5624/5624
f 4914/4914/4914 4913/4913/4913 4912/4912/4912
f 4912/4912/4912 4915/4915/4915 4914/4914/4914
f 4918/4918/4918 4917/4917/4917 4916/4916/4916
f 4916/4916/4916 4919/4919/4919 4918/4918/4918
f 4922/4922/4922 4921/4921/4921 4920/4920/4920
f 4920/4920/4920 4923/4923/4923 4922/4922/4922
f 4926/4926/4926 4925/4925/4925 4924/4924/4924
f 4924/4924/4924 4927/4927/4927 4926/4926/4926
f 4930/4930/4930 4929/4929/4929 4928/4928/4928
f 4928/4928/4928 4931/4931/4931 4930/4930/4930
f 4934/4934/4934 4933/4933/4933 4932/4932/4932
f 4932/4932/4932 4935/4935/4935 4934/4934/4934
f 4938/4938/4938 4937/4937/4937 4936/4936/4936
f 4936/4936/4936 4939/4939/4939 4938/4938/4938
f 4942/4942/4942 4941/4941/4941 4940/4940/4940
f 4940/4940/4940 4943/4943/4943 4942/4942/4942
f 4946/4946/4946 4945/4945/4945 4944/4944/4944
f 4944/4944/4944 4947/4947/4947 4946/4946/4946
f 4950/4950/4950 4949/4949/4949 4948/4948/4948
f 4948/4948/4948 4951/4951/4951 4950/4950/4950
f 4954/4954/4954 4953/4953/4953 4952/4952/4952
f 4952/4952/4952 4955/4955/4955 4954/4954/4954
f 4958/4958/4958 4957/4957/4957 4956/4956/4956
f 4956/4956/4956 4959/4959/4959 4958/4958/4958
f 4962/4962/4962 4961/4961/4961 4960/4960/4960
f 4960/4960/4960 4963/4963/4963 4962/4962/4962
f 4966/4966/4966 4965/4965/4965 4964/4964/4964
f 4964/4964/4964 4967/4967/4967 4966/4966/4966
f 4970/4970/4970 4969/4969/4969 4968/4968/4968
f 4968/4968/4968 4971/4971/4971 4970/4970/4970
f 4974/4974/4974 4973/4973/4973 4972/4972/4972
f 4972/4972/4972 4975/4975/4975 4974/4974/4974
f 4978/4978/4978 4977/4977/4977 4976/4976/4976
f 4976/4976/4976 4979/4979/4979 4978/4978/4978
f 4982/4982/4982 4981/4981/4981 5645/5645/5645
f 5645/5645/5645 4983/4983/4983 4982/4982/4982
f 4986/4986/4986 4985/4985/4985 4984/4984/4984
f 4984/4984/4984 4987/4987/4987 4986/4986/4986
f 4990/4990/4990 4989/4989/4989 4988/4988/4988
f 4988/4988/4988 4991/4991/4991 4990/4990/4990
f 4994/4994/4994 4993/4993/4993 4992/4992/4992
f 4992/4992/4992 4995/4995/4995 4994/4994/4994
f 4998/4998/4998 4997/4997/4997 4996/4996/4996
f 4996/4996/4996 4999/4999/4999 4998/4998/4998
f 5002/5002/5002 5001/5001/5001 5000/5000/5000
f 5000/5000/5000 5003/5003/5003 5002/5002/5002
f 5006/5006/5006 5005/5005/5005 5004/5004/5004
f 5004/5004/5004 5007/5007/5007 5006/5006/5006
f 5010/5010/5010 5009/5009/5009 5008/5008/5008
f 5008/5008/5008 5011/5011/5011 5010/5010/5010
f 5014/5014/5014 5013/5013/5013 5012/5012/5012
f 5012/5012/5012 5015/5015/5015 5014/5014/5014
f 5018/5018/5018 5017/5017/5017 5016/5016/5016
f 5016/5016/5016 5019/5019/5019 5018/5018/5018
f 5022/5022/5022 5021/5021/5021 5020/5020/5020
f 5020/5020/5020 5023/5023/5023 5022/5022/5022
f 5026/5026/5026 5025/5025/5025 5614/5614/5614
f 5614/5614/5614 5027/5027/5027 5026/5026/5026
f 5613/5613/5613 5029/5029/5029 5028/5028/5028
f 5028/5028/5028 5031/5031/5031 5613/5613/5613
f 5034/5034/5034 5033/5033/5033 5032/5032/5032
f 5032/5032/5032 5035/5035/5035 5034/5034/5034
f 5038/5038/5038 5037/5037/5037 5036/5036/5036
f 5036/5036/5036 5039/5039/5039 5038/5038/5038
f 5042/5042/5042 5041/5041/5041 5040/5040/5040
f 5040/5040/5040 5043/5043/5043 5042/5042/5042
f 5046/5046/5046 5045/5045/5045 5044/5044/5044
f 5044/5044/5044 5047/5047/5047 5046/5046/5046
f 5050/5050/5050 5049/5049/5049 5616/5616/5616
f 5616/5616/5616 5051/5051/5051 5050/5050/5050
f 5615/5615/5615 5053/5053/5053 5052/5052/5052
f 5052/5052/5052 5055/5055/5055 5615/5615/5615
f 5058/5058/5058 5057/5057/5057 5056/5056/5056
f 5056/5056/5056 5059/5059/5059 5058/5058/5058
f 5062/5062/5062 5061/5061/5061 5060/5060/5060
f 5060/5060/5060 5063/5063/5063 5062/5062/5062
f 5066/5066/5066 5065/5065/5065 5064/5064/5064
f 5064/5064/5064 5067/5067/5067 5066/5066/5066
f 5070/5070/5070 5069/5069/5069 5068/5068/5068
f 5068/5068/5068 5071/5071/5071 5070/5070/5070
f 5074/5074/5074 5073/5073/5073 5072/5072/5072
f 5072/5072/5072 5075/5075/5075 5074/5074/5074
f 5078/5078/5078 5077/5077/5077 5076/5076/5076
f 5076/5076/5076 5079/5079/5079 5078/5078/5078
f 5082/5082/5082 5081/5081/5081 5080/5080/5080
f 5080/5080/5080 5083/5083/5083 5082/5082/5082
f 5086/5086/5086 5085/5085/5085 5084/5084/5084
f 5084/5084/5084 5087/5087/5087 5086/5086/5086
f 5090/5090/5090 5089/5089/5089 5088/5088/5088
f 5088/5088/5088 5091/5091/5091 5090/5090/5090
f 5094/5094/5094 5093/5093/5093 5092/5092/5092
f 5092/5092/5092 5095/5095/5095 5094/5094/5094
f 5098/5098/5098 5097/5097/5097 5627/5627/5627
f 5627/5627/5627 5099/5099/5099 5098/5098/5098
f 5625/5625/5625 5101/5101/5101 5100/5100/5100
f 5100/5100/5100 5103/5103/5103 5625/5625/5625
f 5106/5106/5106 5105/5105/5105 5104/5104/5104
f 5104/5104/5104 5107/5107/5107 5106/5106/5106
f 5110/5110/5110 5109/5109/5109 5108/5108/5108
f 5108/5108/5108 5111/5111/5111 5110/5110/5110
f 5114/5114/5114 5113/5113/5113 5112/5112/5112
f 5112/5112/5112 5115/5115/5115 5114/5114/5114
f 5118/5118/5118 5117/5117/5117 5116/5116/5116
f 5116/5116/5116 5119/5119/5119 5118/5118/5118
f 5122/5122/5122 5121/5121/5121 5120/5120/5120
f 5120/5120/5120 5123/5123/5123 5122/5122/5122
f 5126/5126/5126 5125/5125/5125 5124/5124/5124
f 5124/5124/5124 5127/5127/5127 5126/5126/5126
f 5130/5130/5130 5129/5129/5129 5128/5128/5128
f 5128/5128/5128 5131/5131/5131 5130/5130/5130
f 5134/5134/5134 5133/5133/5133 5132/5132/5132
f 5132/5132/5132 5135/5135/5135 5134/5134/5134
f 5138/5138/5138 5137/5137/5137 5136/5136/5136
f 5136/5136/5136 5139/5139/5139 5138/5138/5138
f 5142/5142/5142 5141/5141/5141 5140/5140/5140
f 5140/5140/5140 5143/5143/5143 5142/5142/5142
f 5146/5146/5146 5145/5145/5145 5144/5144/5144
f 5144/5144/5144 5147/5147/5147 5146/5146/5146
f 5150/5150/5150 5149/5149/5149 5633/5633/5633
f 5633/5633/5633 5151/5151/5151 5150/5150/5150
f 5154/5154/5154 5153/5153/5153 5152/5152/5152
f 5152/5152/5152 5155/5155/5155 5154/5154/5154
f 5158/5158/5158 5157/5157/5157 5156/5156/5156
f 5156/5156/5156 5159/5159/5159 5158/5158/5158
f 5162/5162/5162 5161/5161/5161 5160/5160/5160
f 5160/5160/5160 5163/5163/5163 5162/5162/5162
f 5166/5166/5166 5165/5165/5165 5164/5164/5164
f 5164/5164/5164 5167/5167/5167 5166/5166/5166
f 5170/5170/5170 5169/5169/5169 5168/5168/5168
f 5168/5168/5168 5171/5171/5171 5170/5170/5170
f 5174/5174/5174 5173/5173/5173 5172/5172/5172
f 5172/5172/5172 5175/5175/5175 5174/5174/5174
f 5178/5178/5178 5177/5177/5177 5176/5176/5176
f 5176/5176/5176 5179/5179/5179 5178/5178/5178
f 5182/5182/5182 5181/5181/5181 5180/5180/5180
f 5180/5180/5180 5183/5183/5183 5182/5182/5182
f 5186/5186/5186 5185/5185/5185 5184/5184/5184
f 5184/5184/5184 5187/5187/5187 5186/5186/5186
f 5190/5190/5190 5189/5189/5189 5188/5188/5188
f 5188/5188/5188 5191/5191/5191 5190/5190/5190
f 5194/5194/5194 5193/5193/5193 5192/5192/5192
f 5192/5192/5192 5195/5195/5195 5194/5194/5194
f 5198/5198/5198 5197/5197/5197 5196/5196/5196
f 5196/5196/5196 5199/5199/5199 5198/5198/5198
f 5202/5202/5202 5201/5201/5201 5200/5200/5200
f 5200/5200/5200 5203/5203/5203 5202/5202/5202
f 5206/5206/5206 5205/5205/5205 5204/5204/5204
f 5204/5204/5204 5207/5207/5207 5206/5206/5206
f 5210/5210/5210 5209/5209/5209 5208/5208/5208
f 5208/5208/5208 5211/5211/5211 5210/5210/5210
f 5214/5214/5214 5213/5213/5213 5212/5212/5212
f 5212/5212/5212 5215/5215/5215 5214/5214/5214
f 5218/5218/5218 5217/5217/5217 5667/5667/5667
f 5667/5667/5667 5219/5219/5219 5218/5218/5218
f 5661/5661/5661 5221/5221/5221 5220/5220/5220
f 5220/5220/5220 5223/5223/5223 5661/5661/5661
f 5226/5226/5226 5225/5225/5225 5224/5224/5224
f 5224/5224/5224 5227/5227/5227 5226/5226/5226
f 5230/5230/5230 5229/5229/5229 5228/5228/5228
f 5228/5228/5228 5231/5231/5231 5230/5230/5230
f 5234/5234/5234 5233/5233/5233 5232/5232/5232
f 5232/5232/5232 5235/5235/5235 5234/5234/5234
f 5238/5238/5238 5237/5237/5237 5236/5236/5236
f 5236/5236/5236 5239/5239/5239 5238/5238/5238
f 5242/5242/5242 5241/5241/5241 5240/5240/5240
f 5240/5240/5240 5243/5243/5243 5242/5242/5242
f 5246/5246/5246 5245/5245/5245 5668/5668/5668
f 5668/5668/5668 5247/5247/5247 5246/5246/5246
f 5250/5250/5250 5249/5249/5249 5248/5248/5248
f 5248/5248/5248 5251/5251/5251 5250/5250/5250
f 5254/5254/5254 5253/5253/5253 5252/5252/5252
f 5252/5252/5252 5255/5255/5255 5254/5254/5254
f 5258/5258/5258 5257/5257/5257 5256/5256/5256
f 5256/5256/5256 5259/5259/5259 5258/5258/5258
f 5262/5262/5262 5261/5261/5261 5260/5260/5260
f 5260/5260/5260 5263/5263/5263 5262/5262/5262
f 5266/5266/5266 5265/5265/5265 5264/5264/5264
f 5264/5264/5264 5267/5267/5267 5266/5266/5266
f 5270/5270/5270 5269/5269/5269 5268/5268/5268
f 5268/5268/5268 5271/5271/5271 5270/5270/5270
f 5274/5274/5274 5273/5273/5273 5272/5272/5272
f 5272/5272/5272 5275/5275/5275 5274/5274/5274
f 5278/5278/5278 5277/5277/5277 5276/5276/5276
f 5276/5276/5276 5279/5279/5279 5278/5278/5278
f 5282/5282/5282 5281/5281/5281 5280/5280/5280
f 5280/5280/5280 5283/5283/5283 5282/5282/5282
f 5286/5286/5286 5285/5285/5285 5284/5284/5284
f 5284/5284/5284 5287/5287/5287 5286/5286/5286
f 5290/5290/5290 5289/5289/5289 5288/5288/5288
f 5288/5288/5288 5291/5291/5291 5290/5290/5290
f 5294/5294/5294 5293/5293/5293 5678/5678/5678
f 5678/5678/5678 5295/5295/5295 5294/5294/5294
f 5298/5298/5298 5297/5297/5297 5296/5296/5296
f 5296/5296/5296 5299/5299/5299 5298/5298/5298
f 5302/5302/5302 5301/5301/5301 5300/5300/5300
f 5300/5300/5300 5303/5303/5303 5302/5302/5302
f 5306/5306/5306 5305/5305/5305 5304/5304/5304
f 5304/5304/5304 5307/5307/5307 5306/5306/5306
f 5310/5310/5310 5309/5309/5309 5308/5308/5308
f 5308/5308/5308 5311/5311/5311 5310/5310/5310
f 5314/5314/5314 5313/5313/5313 5312/5312/5312
f 5312/5312/5312 5315/5315/5315 5314/5314/5314
f 5318/5318/5318 5317/5317/5317 5316/5316/5316
f 5316/5316/5316 5319/5319/5319 5318/5318/5318
f 5322/5322/5322 5321/5321/5321 5320/5320/5320
f 5320/5320/5320 5323/5323/5323 5322/5322/5322
f 5326/5326/5326 5325/5325/5325 5324/5324/5324
f 5324/5324/5324 5327/5327/5327 5326/5326/5326
f 5330/5330/5330 5329/5329/5329 5328/5328/5328
f 5328/5328/5328 5331/5331/5331 5330/5330/5330
f 5334/5334/5334 5333/5333/5333 5332/5332/5332
f 5332/5332/5332 5335/5335/5335 5334/5334/5334
f 5338/5338/5338 5337/5337/5337 5336/5336/5336
f 5336/5336/5336 5339/5339/5339 5338/5338/5338
f 5342/5342/5342 5341/5341/5341 5657/5657/5657
f 5657/5657/5657 5343/5343/5343 5342/5342/5342
f 5346/5346/5346 5345/5345/5345 5344/5344/5344
f 5344/5344/5344 5347/5347/5347 5346/5346/5346
f 5350/5350/5350 5349/5349/5349 5348/5348/5348
f 5348/5348/5348 5351/5351/5351 5350/5350/5350
f 5354/5354/5354 5353/5353/5353 5352/5352/5352
f 5352/5352/5352 5355/5355/5355 5354/5354/5354
f 5358/5358/5358 5357/5357/5357 5356/5356/5356
f 5356/5356/5356 5359/5359/5359 5358/5358/5358
f 5362/5362/5362 5361/5361/5361 5360/5360/5360
f 5360/5360/5360 5363/5363/5363 5362/5362/5362
f 5366/5366/5366 5365/5365/5365 5364/5364/5364
f 5364/5364/5364 5367/5367/5367 5366/5366/5366
f 5370/5370/5370 5369/5369/5369 5368/5368/5368
f 5368/5368/5368 5371/5371/5371 5370/5370/5370
f 5374/5374/5374 5373/5373/5373 5372/5372/5372
f 5372/5372/5372 5375/5375/5375 5374/5374/5374
f 5378/5378/5378 5377/5377/5377 5376/5376/5376
f 5376/5376/5376 5379/5379/5379 5378/5378/5378
f 5382/5382/5382 5381/5381/5381 5380/5380/5380
f 5380/5380/5380 5383/5383/5383 5382/5382/5382
f 5386/5386/5386 5385/5385/5385 5384/5384/5384
f 5384/5384/5384 5387/5387/5387 5386/5386/5386
f 5390/5390/5390 5389/5389/5389 5388/5388/5388
f 5388/5388/5388 5391/5391/5391 5390/5390/5390
f 5394/5394/5394 5393/5393/5393 5392/5392/5392
f 5392/5392/5392 5395/5395/5395 5394/5394/5394
f 5398/5398/5398 5397/5397/5397 5396/5396/5396
f 5396/5396/5396 5399/5399/5399 5398/5398/5398
f 5402/5402/5402 5401/5401/5401 5400/5400/5400
f 5400/5400/5400 5403/5403/5403 5402/5402/5402
f 5406/5406/5406 5405/5405/5405 5404/5404/5404
f 5404/5404/5404 5407/5407/5407 5406/5406/5406
f 5410/5410/5410 5409/5409/5409 5408/5408/5408
f 5408/5408/5408 5411/5411/5411 5410/5410/5410
f 5414/5414/5414 5413/5413/5413 5670/5670/5670
f 5670/5670/5670 5415/5415/5415 5414/5414/5414
f 5418/5418/5418 5417/5417/5417 5416/5416/5416
f 5416/5416/5416 5419/5419/5419 5418/5418/5418
f 5422/5422/5422 5421/5421/5421 5420/5420/5420
f 5420/5420/5420 5423/5423/5423 5422/5422/5422
f 5426/5426/5426 5425/5425/5425 5424/5424/5424
f 5424/5424/5424 5427/5427/5427 5426/5426/5426
f 5430/5430/5430 5429/5429/5429 5428/5428/5428
f 5428/5428/5428 5431/5431/5431 5430/5430/5430
f 5434/5434/5434 5433/5433/5433 5432/5432/5432
f 5432/5432/5432 5435/5435/5435 5434/5434/5434
f 5438/5438/5438 5437/5437/5437 5436/5436/5436
f 5436/5436/5436 5439/5439/5439 5438/5438/5438
f 5442/5442/5442 5441/5441/5441 5440/5440/5440
f 5440/5440/5440 5443/5443/5443 5442/5442/5442
f 5446/5446/5446 5445/5445/5445 5444/5444/5444
f 5444/5444/5444 5447/5447/5447 5446/5446/5446
f 5450/5450/5450 5449/5449/5449 5448/5448/5448
f 5448/5448/5448 5451/5451/5451 5450/5450/5450
f 5454/5454/5454 5453/5453/5453 5452/5452/5452
f 5452/5452/5452 5455/5455/5455 5454/5454/5454
f 5458/5458/5458 5457/5457/5457 5456/5456/5456
f 5456/5456/5456 5459/5459/5459 5458/5458/5458
f 5462/5462/5462 5461/5461/5461 5460/5460/5460
f 5460/5460/5460 5463/5463/5463 5462/5462/5462
f 5466/5466/5466 5465/5465/5465 5464/5464/5464
f 5464/5464/5464 5467/5467/5467 5466/5466/5466
f 5470/5470/5470 5469/5469/5469 5468/5468/5468
f 5468/5468/5468 5471/5471/5471 5470/5470/5470
f 5474/5474/5474 5473/5473/5473 5472/5472/5472
f 5472/5472/5472 5475/5475/5475 5474/5474/5474
f 5478/5478/5478 5477/5477/5477 5476/5476/5476
f 5476/5476/5476 5479/5479/5479 5478/5478/5478
f 5482/5482/5482 5481/5481/5481 5637/5637/5637
f 5637/5637/5637 5483/5483/5483 5482/5482/5482
f 5470/5470/5470 5485/5485/5485 5484/5484/5484
f 5484/5484/5484 5469/5469/5469 5470/5470/5470
f 5474/5474/5474 5487/5487/5487 5486/5486/5486
f 5486/5486/5486 5473/5473/5473 5474/5474/5474
f 5479/5479/5479 5489/5489/5489 5488/5488/5488
f 5488/5488/5488 5478/5478/5478 5479/5479/5479
f 5634/5634/5634 5491/5491/5491 5490/5490/5490
f 5490/5490/5490 5493/5493/5493 5634/5634/5634
f 5494/5494/5494 5890/5890/5890 5889/5889/5889
f 5891/5891/5891 5495/5495/5495 5494/5494/5494
f 5496/5496/5496 5893/5893/5893 5892/5892/5892
f 5894/5894/5894 5497/5497/5497 5496/5496/5496
f 5498/5498/5498 5896/5896/5896 5895/5895/5895
f 5897/5897/5897 5499/5499/5499 5498/5498/5498
f 5502/5502/5502 5501/5501/5501 5635/5635/5635
f 5505/5505/5505 5504/5504/5504 5503/5503/5503
f 5505/5505/5505 5503/5503/5503 5898/5898/5898
f 5899/5899/5899 5502/5502/5502 5635/5635/5635
f 5506/5506/5506 5901/5901/5901 5900/5900/5900
f 5509/5509/5509 5508/5508/5508 5507/5507/5507
f 5509/5509/5509 5507/5507/5507 5902/5902/5902
f 5904/5904/5904 5506/5506/5506 5903/5903/5903
f 5510/5510/5510 5906/5906/5906 5905/5905/5905
f 5513/5513/5513 5512/5512/5512 5511/5511/5511
f 5513/5513/5513 5511/5511/5511 5907/5907/5907
f 5909/5909/5909 5510/5510/5510 5908/5908/5908
f 5514/5514/5514 5911/5911/5911 5910/5910/5910
f 5517/5517/5517 5516/5516/5516 5515/5515/5515
f 5517/5517/5517 5515/5515/5515 5912/5912/5912
f 5914/5914/5914 5514/5514/5514 5913/5913/5913
f 5646/5646/5646 5519/5519/5519 5518/5518/5518
f 5518/5518/5518 5521/5521/5521 5646/5646/5646
f 5522/5522/5522 5507/5507/5507 5508/5508/5508
f 5508/5508/5508 5523/5523/5523 5522/5522/5522
f 5524/5524/5524 5511/5511/5511 5512/5512/5512
f 5512/5512/5512 5525/5525/5525 5524/5524/5524
f 5526/5526/5526 5515/5515/5515 5516/5516/5516
f 5516/5516/5516 5527/5527/5527 5526/5526/5526
f 5530/5530/5530 5529/5529/5529 5528/5528/5528
f 5528/5528/5528 5531/5531/5531 5530/5530/5530
f 5534/5534/5534 5533/5533/5533 5532/5532/5532
f 5532/5532/5532 5535/5535/5535 5534/5534/5534
f 5538/5538/5538 5537/5537/5537 5536/5536/5536
f 5536/5536/5536 5539/5539/5539 5538/5538/5538
f 5542/5542/5542 5541/5541/5541 5540/5540/5540
f 5540/5540/5540 5543/5543/5543 5542/5542/5542
f 5715/5715/5715 5545/5545/5545 5544/5544/5544
f 5544/5544/5544 5529/5529/5529 5715/5715/5715
f 5534/5534/5534 5547/5547/5547 5546/5546/5546
f 5546/5546/5546 5533/5533/5533 5534/5534/5534
f 5538/5538/5538 5549/5549/5549 5548/5548/5548
f 5548/5548/5548 5537/5537/5537 5538/5538/5538
f 5543/5543/5543 5551/5551/5551 5550/5550/5550
f 5550/5550/5550 5542/5542/5542 5543/5543/5543
f 5712/5712/5712 5553/5553/5553 5552/5552/5552
f 5552/5552/5552 5544/5544/5544 5712/5712/5712
f 5547/5547/5547 5555/5555/5555 5554/5554/5554
f 5554/5554/5554 5546/5546/5546 5547/5547/5547
f 5915/5915/5915 5557/5557/5557 5556/5556/5556
f 5916/5916/5916 5548/5548/5548 5549/5549/5549
f 5551/5551/5551 5559/5559/5559 5558/5558/5558
f 5558/5558/5558 5550/5550/5550 5551/5551/5551
f 5560/5560/5560 5917/5917/5917 5700/5700/5700
f 5700/5700/5700 5561/5561/5561 5560/5560/5560
f 5562/5562/5562 5919/5919/5919 5918/5918/5918
f 5920/5920/5920 5563/5563/5563 5562/5562/5562
f 5564/5564/5564 5922/5922/5922 5921/5921/5921
f 5923/5923/5923 5565/5565/5565 5564/5564/5564
f 5566/5566/5566 5925/5925/5925 5924/5924/5924
f 5926/5926/5926 5567/5567/5567 5566/5566/5566
f 5568/5568/5568 5560/5560/5560 5694/5694/5694
f 5694/5694/5694 5569/5569/5569 5568/5568/5568
f 5570/5570/5570 5562/5562/5562 5563/5563/5563
f 5563/5563/5563 5571/5571/5571 5570/5570/5570
f 5572/5572/5572 5564/5564/5564 5565/5565/5565
f 5565/5565/5565 5573/5573/5573 5572/5572/5572
f 5574/5574/5574 5566/5566/5566 5567/5567/5567
f 5567/5567/5567 5575/5575/5575 5574/5574/5574
o G3_Myrtana_House_Hut_02_4
usemtl G3_Nature_Wall_Stone_12_F
v 1.651270 -0.538135 2.702654
v 1.179209 -0.546162 2.592537
v 1.254277 -0.563812 2.804573
v 1.436826 -0.575060 2.938210
v 2.192393 -0.573534 2.981980
v 1.827461 -0.579054 2.960076
v 2.209893 -0.654466 3.003093
v 1.927773 -0.059401 1.848066
v 1.586416 -0.064935 1.767795
v 1.478936 -0.067193 1.854141
v 1.188711 -0.062424 2.107424
v 2.075596 -0.096317 2.146484
v 2.159082 -0.345892 2.569631
v 2.237861 -0.361265 2.595569
v 2.752891 -0.333316 2.548762
v 1.404004 -0.159123 2.161008
v 1.991680 -0.228524 2.184900
v 1.188711 -0.062424 2.107424
v 1.197646 -0.348279 2.575637
v 1.190313 -0.394095 2.589475
v 1.590215 -0.424478 2.589529
v 1.979980 -0.406462 2.589592
v 1.990000 -0.361902 2.575652
v 1.175527 -0.342826 2.164861
v 1.179736 -0.370905 2.571335
v 1.197646 -0.348279 2.575637
v 1.254082 -0.317186 2.232976
v 1.858574 -0.341940 2.164778
v 1.175527 -0.342826 2.164861
v 1.254082 -0.317186 2.232976
v 1.853594 -0.324218 2.187317
v 1.179736 -0.370905 2.571335
v 1.168926 -0.410507 2.570842
v 1.190313 -0.394095 2.589475
v 1.197646 -0.348279 2.575637
v 1.590215 -0.424478 2.589529
v 1.190313 -0.394095 2.589475
v 1.168926 -0.410507 2.570842
v 1.589687 -0.448751 2.570911
v 2.022080 -0.432607 2.570979
v 2.042256 -0.366372 2.571335
v 2.752363 -0.316361 2.179583
v 2.012217 -0.317321 2.179670
v 1.915117 -0.345083 2.211365
v 2.108789 -0.334964 2.480012
v 2.159082 -0.345892 2.569631
v 2.752891 -0.333316 2.548762
v 2.775010 -0.317872 2.202009
v 2.795840 -0.340725 2.164666
v 2.012217 -0.317321 2.179670
v 1.977129 -0.341786 2.164763
v 1.915117 -0.345083 2.211365
v 2.137412 -0.365872 2.571335
v 2.220791 -0.389115 2.571008
v 2.237861 -0.361265 2.595569
v 2.159082 -0.345892 2.569631
v 2.220791 -0.389115 2.571008
v 2.803652 -0.385542 2.566638
v 2.752891 -0.333316 2.548762
v 2.237861 -0.361265 2.595569
v 2.192393 -0.573534 2.981980
v 2.142695 -0.550271 2.821116
v 1.827461 -0.579054 2.960076
v 2.772236 -0.584143 2.964578
v 2.674785 -0.567478 2.768809
v 2.772900 -0.545313 2.582512
v 1.179209 -0.546162 2.592537
v 1.651270 -0.538135 2.702654
v 2.109346 -0.530345 2.809504
v 2.671621 -0.545483 2.753088
v 1.154238 -0.573356 2.568406
v 1.240420 -0.593030 2.804338
v 1.254277 -0.563812 2.804573
v 1.179209 -0.546162 2.592537
v 1.240420 -0.593030 2.804338
v 1.430283 -0.606165 2.960417
v 1.436826 -0.575060 2.938210
v 1.254277 -0.563812 2.804573
v 1.430283 -0.606165 2.960417
v 1.807754 -0.606861 2.960417
v 1.827461 -0.579054 2.960076
v 2.803662 -0.573356 2.568406
v 1.154238 -0.573356 2.568406
v 2.698320 -0.591208 2.767634
v 2.803662 -0.573356 2.568406
v 2.772900 -0.545313 2.582512
v 2.671621 -0.545483 2.753088
v 2.674785 -0.567478 2.768809
v 1.807754 -0.606861 2.960417
v 2.201953 -0.686422 2.959260
v 2.209893 -0.654466 3.003093
v 1.827461 -0.579054 2.960076
v 2.803652 -0.608695 2.960417
v 2.772236 -0.584143 2.964578
v 2.803652 -0.608695 2.960417
v 2.698320 -0.591208 2.767634
v 2.674785 -0.567478 2.768809
v 2.772236 -0.584143 2.964578
v 1.694639 -0.847245 3.318201
v 1.645566 -0.836790 3.142317
v 1.509414 -0.824381 2.977922
v 1.200898 -0.824381 2.998547
v 1.179854 -0.847245 3.318201
v 1.741533 -0.873782 3.358513
v 1.694639 -0.847245 3.318201
v 1.650469 -0.902904 3.379343
v 1.789561 -0.987875 3.377229
v 2.787393 -0.930112 3.367986
v 2.771484 -0.872877 3.344089
v 1.181006 -0.886057 3.379343
v 1.650469 -0.902904 3.379343
v 1.645566 -0.836790 3.142317
v 1.694639 -0.847245 3.318201
v 1.741533 -0.873782 3.358513
v 1.704863 -0.870928 3.179412
v 1.154229 -0.853501 2.957488
v 1.154229 -0.884285 3.349509
v 1.179854 -0.847245 3.318201
v 1.200898 -0.824381 2.998547
v 1.154229 -0.884285 3.349509
v 1.154229 -0.937466 3.349509
v 1.181006 -0.886057 3.379343
v 1.179854 -0.847245 3.318201
v 1.154229 -0.937466 3.349509
v 1.656309 -0.961127 3.349509
v 1.650469 -0.902904 3.379343
v 1.181006 -0.886057 3.379343
v 1.777334 -1.002006 3.349509
v 2.808496 -0.890681 3.349510
v 2.787393 -0.930112 3.367986
v 1.789561 -0.987875 3.377229
v 2.433623 -0.842152 3.055271
v 2.423262 -0.859534 3.034319
v 1.520000 -0.853501 2.957488
v 2.771484 -0.872877 3.344089
v 2.756631 -0.837081 2.995901
v 2.433623 -0.842152 3.055271
v 1.520000 -0.853501 2.957488
v 1.704863 -0.870928 3.179412
v 1.741533 -0.873782 3.358513
v 2.808496 -0.890681 3.349510
v 2.771484 -0.872877 3.344089
v 2.787393 -0.930112 3.367986
v 2.808496 -0.890681 3.349510
v 2.808496 -0.853501 2.957488
v 2.808496 -0.853501 2.957488
v 2.423262 -0.859534 3.034319
v 2.433623 -0.842152 3.055271
v 2.756631 -0.837081 2.995901
v 1.010342 -0.058172 1.775012
v 1.188711 -0.062424 2.107424
v 1.478936 -0.067193 1.854141
v 1.397451 -0.056349 1.768298
v 1.415000 -0.062492 1.749158
v 1.480996 -0.094870 1.823165
v 1.565859 -0.062090 1.749158
v 1.184482 -0.095538 2.124441
v 1.402607 -0.153254 2.137493
v 1.404004 -0.159123 2.161008
v 1.188711 -0.062424 2.107424
v 1.402607 -0.153254 2.137493
v 1.976182 -0.265292 2.148987
v 1.991680 -0.228524 2.184900
v 1.404004 -0.159123 2.161008
v 1.480996 -0.094870 1.823165
v 1.415000 -0.062492 1.749158
v 1.397451 -0.056349 1.768298
v 1.478936 -0.067193 1.854141
v 1.415000 -0.062492 1.749158
v 0.997891 -0.063605 1.749153
v 1.927773 -0.059401 1.848066
v 2.646982 -0.061245 1.757971
v 2.615176 -0.062775 1.748376
v 1.937881 -0.095217 1.826331
v 1.937881 -0.095217 1.826331
v 1.565859 -0.062090 1.749158
v 1.586416 -0.064935 1.767795
v 1.927773 -0.059401 1.848066
v 1.565859 -0.062090 1.749158
v 1.480996 -0.094870 1.823165
v 1.478936 -0.067193 1.854141
v 1.586416 -0.064935 1.767795
v 2.209893 -0.654466 3.003093
v 2.730498 -0.079290 2.125330
v 2.109346 -0.530345 2.809504
v 1.827861 -1.167728 3.722898
v 2.473008 -1.224284 3.766643
v 2.772236 -1.172862 3.727625
v 1.827861 -1.167728 3.722898
v 2.772236 -1.172862 3.727625
v 2.676836 -1.134469 3.523101
v 2.772900 -1.134033 3.345559
v 1.179209 -1.134881 3.355583
v 1.254277 -1.152531 3.567620
v 1.436826 -1.163780 3.701257
v 1.154229 -1.125495 3.349509
v 1.240420 -1.181750 3.567385
v 1.254277 -1.152531 3.567620
v 1.179209 -1.134881 3.355583
v 1.240420 -1.181750 3.567385
v 1.430283 -1.194884 3.723464
v 1.436826 -1.163780 3.701257
v 1.254277 -1.152531 3.567620
v 1.827861 -1.167728 3.722898
v 1.436826 -1.163780 3.701257
v 1.430283 -1.194884 3.723464
v 2.487041 -1.270281 3.722810
v 2.473008 -1.224284 3.766643
v 2.808496 -1.125495 3.349509
v 1.154229 -1.125495 3.349509
v 2.698320 -1.179927 3.530681
v 2.808496 -1.125495 3.349509
v 2.772900 -1.134033 3.345559
v 2.676836 -1.134469 3.523101
v 2.803652 -1.197414 3.723464
v 2.772236 -1.172862 3.727625
v 2.803652 -1.197414 3.723464
v 2.698320 -1.179927 3.530681
v 2.676836 -1.134469 3.523101
v 2.772236 -1.172862 3.727625
v 1.694639 -1.435965 4.081248
v 1.534502 -1.443587 3.737948
v 1.200898 -1.413100 3.761594
v 1.179854 -1.435965 4.081248
v 1.656309 -1.549846 4.112556
v 1.777334 -1.616023 4.112556
v 1.789561 -1.601892 4.140276
v 1.650469 -1.491624 4.142390
v 1.181006 -1.474776 4.142390
v 1.650469 -1.491624 4.142390
v 1.154229 -1.442220 3.720535
v 1.154229 -1.473004 4.112556
v 1.179854 -1.435965 4.081248
v 1.200898 -1.413100 3.761594
v 1.154229 -1.473004 4.112556
v 1.154229 -1.526185 4.112556
v 1.181006 -1.474776 4.142390
v 1.179854 -1.435965 4.081248
v 1.154229 -1.526185 4.112556
v 1.656309 -1.549846 4.112556
v 1.650469 -1.491624 4.142390
v 1.181006 -1.474776 4.142390
v 2.803652 -1.492191 4.112557
v 2.782549 -1.518831 4.131033
v 2.423262 -1.448253 3.797366
v 1.520000 -1.442220 3.720535
v 1.534502 -1.443587 3.737948
v 2.433623 -1.430871 3.818318
v 2.803652 -1.442220 3.720536
v 1.520000 -0.853501 2.957488
v 1.509414 -0.824381 2.977922
v 1.520000 -0.853501 2.957488
v 1.154229 -0.853501 2.957488
v 1.200898 -0.824381 2.998547
v 1.509414 -0.824381 2.977922
v 1.520000 -1.442220 3.720535
v 1.154229 -1.442220 3.720535
v 1.200898 -1.413100 3.761594
v 1.534502 -1.443587 3.737948
v 2.782549 -1.518831 4.131033
v 2.803652 -1.492191 4.112557
v 2.803652 -1.473005 4.112556
v 1.741533 -1.462501 4.121560
v 1.694639 -1.435965 4.081248
v 1.650469 -1.491624 4.142390
v 1.789561 -1.601892 4.140276
v 2.433623 -1.430871 3.818318
v 1.534502 -1.443587 3.737948
v 1.741533 -1.462501 4.121560
v 2.803652 -1.473005 4.112556
v 2.803652 -1.442220 3.720536
v 1.741533 -1.462501 4.121560
v 1.656309 -0.961127 3.349509
v 1.650469 -0.902904 3.379343
v 2.671621 -0.545483 2.753088
v 2.109346 -0.530345 2.809504
v 2.142695 -0.550271 2.821116
v 2.674785 -0.567478 2.768809
v 1.827461 -0.579054 2.960076
v 2.108789 -0.334964 2.480012
v 1.990000 -0.361902 2.575652
v 2.042256 -0.366372 2.571335
v 2.108027 -0.361845 2.488542
v 2.137412 -0.365872 2.571335
v 2.159082 -0.345892 2.569631
v 1.589687 -0.448751 2.570911
v 2.022080 -0.432607 2.570979
v 1.979980 -0.406462 2.589592
v 1.590215 -0.424478 2.589529
v 1.915117 -0.345083 2.211365
v 1.858574 -0.341940 2.164778
v 1.853594 -0.324218 2.187317
v 1.853594 -0.324218 2.187317
v 1.254082 -0.317186 2.232976
v 1.197646 -0.348279 2.575637
v 1.990000 -0.361902 2.575652
v 2.797646 -0.061466 2.099695
v 2.957168 -0.061386 2.099695
v 2.966953 -0.062458 1.770598
v 2.808691 -0.045310 1.943787
v 2.967939 -0.095538 2.124431
v 2.990078 -0.064204 1.749153
v 2.966953 -0.062458 1.770598
v 2.957168 -0.061386 2.099695
v 2.730498 -0.079290 2.125330
v 2.775859 -0.095537 2.124431
v 2.797646 -0.061466 2.099695
v 2.967939 -0.095538 2.124431
v 2.957168 -0.061386 2.099695
v 2.797646 -0.061466 2.099695
v 2.775859 -0.095537 2.124431
v 0.967383 -0.071020 2.103259
v 0.959717 -0.096766 2.124431
v 1.184482 -0.095538 2.124441
v 1.188711 -0.062424 2.107424
v 0.967383 -0.071020 2.103259
v 2.797646 -0.061466 2.099695
v 2.808691 -0.045310 1.943787
v 2.646982 -0.061245 1.757971
v 1.154229 -1.125495 3.349509
v 1.154229 -1.125495 3.349509
v 1.179209 -1.134881 3.355583
v 1.179854 -1.435965 4.081248
v 1.179854 -0.847245 3.318201
v 1.181006 -1.474776 4.142390
v 1.181006 -0.886057 3.379343
v 1.184482 -0.095538 2.124441
v 1.188711 -0.062424 2.107424
v 1.200898 -1.413100 3.761594
v 1.254277 -1.152531 3.567620
v 1.397451 -0.056349 1.768298
v 1.402607 -0.153254 2.137493
v 1.404004 -0.159123 2.161008
v 1.430283 -1.194884 3.723464
v 1.430283 -0.606165 2.960417
v 1.436826 -0.575060 2.938210
v 1.478936 -0.067193 1.854141
v 1.478936 -0.067193 1.854141
v 1.509414 -0.824381 2.977922
v 1.520000 -1.442220 3.720535
v 1.534502 -1.443587 3.737948
v 1.586416 -0.064935 1.767795
v 1.650469 -1.491624 4.142390
v 1.650469 -0.902904 3.379343
v 1.777334 -1.002006 3.349509
v 1.789561 -0.987875 3.377229
v 1.807754 -0.606861 2.960417
v 1.827461 -0.579054 2.960076
v 1.827861 -1.167728 3.722898
v 1.827861 -1.167728 3.722898
v 1.827861 -1.167728 3.722898
v 1.927773 -0.059401 1.848066
v 1.937881 -0.095217 1.826331
v 1.991680 -0.228524 2.184900
v 2.042256 -0.366372 2.571335
v 2.075596 -0.096317 2.146484
v 2.075596 -0.096317 2.146484
v 2.108027 -0.361845 2.488542
v 2.108789 -0.334964 2.480012
v 2.108789 -0.334964 2.480012
v 2.108789 -0.334964 2.480012
v 2.109346 -0.530345 2.809504
v 2.137412 -0.365872 2.571335
v 2.142695 -0.550271 2.821116
v 2.159082 -0.345892 2.569631
v 2.159082 -0.345892 2.569631
v 2.192393 -0.573534 2.981980
v 2.209893 -0.654466 3.003093
v 2.220791 -0.389115 2.571008
v 2.237861 -0.361265 2.595569
v 2.487041 -1.270281 3.722810
v 2.615176 -0.062775 1.748376
v 2.676836 -1.134469 3.523101
v 2.676836 -1.134469 3.523101
v 2.698320 -1.179927 3.530681
v 2.730498 -0.079290 2.125330
v 2.730498 -0.079290 2.125330
v 2.730498 -0.079290 2.125330
v 2.752891 -0.333316 2.548762
v 2.772236 -0.584143 2.964578
v 2.772900 -1.134033 3.345559
v 2.772900 -1.134033 3.345559
v 2.772900 -1.134033 3.345559
v 2.772900 -0.545313 2.582512
v 2.775859 -0.095537 2.124431
v 2.782549 -1.518831 4.131033
v 2.787393 -0.930112 3.367986
v 2.797646 -0.061466 2.099695
v 2.803652 -1.492191 4.112557
v 2.803652 -1.473005 4.112556
v 1.927773 -0.059401 1.848066
v 1.188711 -0.062424 2.107424
v 2.075596 -0.096317 2.146484
v 1.404004 -0.159123 2.161008
v 2.772900 -0.545313 2.582512
v 2.109346 -0.530345 2.809504
v 1.179209 -0.546162 2.592537
v 1.741533 -0.873782 3.358513
v 1.789561 -0.987875 3.377229
v 1.741533 -0.873782 3.358513
v 2.433623 -0.842152 3.055271
v 2.771484 -0.872877 3.344089
v 2.433623 -0.842152 3.055271
v 2.771484 -0.872877 3.344089
v 1.179209 -1.134881 3.355583
v 1.436826 -1.163780 3.701257
v 1.436826 -1.163780 3.701257
v 1.789561 -1.601892 4.140276
v 1.777334 -1.616023 4.112556
v 1.789561 -1.601892 4.140276
v 2.423262 -1.448253 3.797366
v 2.433623 -1.430871 3.818318
v 1.741533 -1.462501 4.121560
v 1.650469 -1.491624 4.142390
v 1.650469 -1.491624 4.142390
v 2.433623 -1.430871 3.818318
v 2.803652 -1.473005 4.112556
v 1.777334 -1.002006 3.349509
v 1.789561 -0.987875 3.377229
v 1.789561 -0.987875 3.377229
vt 0.541835 0.182755
vt 0.581898 0.370064
vt 0.497171 0.340278
vt 0.443743 0.267842
vt 0.716758 0.466255
vt 0.712914 0.580086
vt 0.681501 0.455677
vt 0.382512 0.456305
vt 0.435607 0.652418
vt 0.387719 0.709045
vt 0.246506 0.860905
vt 0.229864 0.389572
vt 0.747149 0.920335
vt 0.724096 0.866823
vt 0.765777 0.517000
vt 0.169883 0.747712
vt 0.141516 0.437659
vt 0.234905 0.859009
vt 0.758255 0.490629
vt 0.723896 0.500107
vt 0.701111 0.269072
vt 0.714622 0.043894
vt 0.748039 0.032823
vt 0.507354 0.875386
vt 0.328926 0.634323
vt 0.345279 0.621225
vt 0.519198 0.810855
vt 0.210127 0.164754
vt 0.210421 0.628699
vt 0.155693 0.575346
vt 0.188374 0.168141
vt 0.186841 0.811706
vt 0.182614 0.805260
vt 0.190976 0.804303
vt 0.193841 0.814597
vt 0.531630 0.294335
vt 0.543573 0.565956
vt 0.524899 0.580485
vt 0.509866 0.294688
vt 0.695015 0.012521
vt 0.744686 0.000998
vt 0.513300 -0.432178
vt 0.504882 0.066886
vt 0.478174 0.135337
vt 0.309241 0.023161
vt 0.276027 0.001462
vt 0.339089 -0.390386
vt 0.497261 -0.446229
vt 0.524023 -0.462497
vt 0.484455 0.533253
vt 0.503868 0.557087
vt 0.474641 0.599207
vt 0.082938 0.821927
vt 0.065507 0.773875
vt 0.086393 0.754712
vt 0.097922 0.810055
vt 0.523338 0.920776
vt 0.526017 0.582352
vt 0.565183 0.604911
vt 0.544224 0.920216
vt 0.610256 0.231071
vt 0.676795 0.250789
vt 0.608246 0.364879
vt 0.614448 0.000998
vt 0.698355 0.036785
vt 0.090803 0.013202
vt 0.087182 0.645556
vt 0.043442 0.458248
vt 0.000998 0.276491
vt 0.025934 0.053388
vt 0.709263 0.679227
vt 0.663831 0.588922
vt 0.675600 0.581963
vt 0.716870 0.662866
vt 0.646167 0.673883
vt 0.640444 0.575266
vt 0.653995 0.577971
vt 0.658895 0.669155
vt 0.428169 0.270438
vt 0.428010 0.120664
vt 0.443590 0.123836
vt 0.102593 0.000998
vt 0.102593 0.655464
vt 0.741789 0.687052
vt 0.774401 0.607451
vt 0.785726 0.621014
vt 0.764661 0.693153
vt 0.746694 0.695799
vt 0.409643 0.396156
vt 0.390981 0.239745
vt 0.414979 0.236592
vt 0.423448 0.377345
vt 0.409224 0.000998
vt 0.416429 0.013464
vt 0.859009 0.610520
vt 0.916680 0.677049
vt 0.906214 0.693475
vt 0.848981 0.622456
vt 0.481426 0.371941
vt 0.550749 0.391415
vt 0.616146 0.445436
vt 0.608297 0.567849
vt 0.481426 0.576203
vt 0.200292 0.971166
vt 0.214756 0.986331
vt 0.187175 0.999377
vt 0.139568 0.950817
vt 0.176640 0.614565
vt 0.202381 0.623853
vt 0.449272 0.575744
vt 0.445413 0.389468
vt 0.328691 0.716647
vt 0.269522 0.665924
vt 0.266950 0.637778
vt 0.328139 0.687792
vt 0.494827 0.777572
vt 0.392929 0.642880
vt 0.416800 0.644489
vt 0.503153 0.752418
vt 0.482950 0.801245
vt 0.482950 0.779450
vt 0.499572 0.800519
vt 0.484779 0.816425
vt 0.418147 0.597250
vt 0.412728 0.398033
vt 0.437415 0.400351
vt 0.441273 0.586627
vt 0.620286 0.523267
vt 0.649012 0.115699
vt 0.643513 0.126001
vt 0.634071 0.518418
vt 0.716724 -0.003374
vt 0.727040 0.000998
vt 0.754894 0.359399
vt 0.847455 0.375962
vt 0.988147 0.381855
vt 0.964392 0.508101
vt 1.003824 0.867893
vt 0.915411 0.795665
vt 0.841558 0.781296
vt 0.405428 0.792733
vt 0.393424 0.810692
vt 0.393511 0.787235
vt 0.842780 0.361277
vt 0.999002 0.361277
vt 0.821113 0.361277
vt 0.793259 0.512212
vt 0.781305 0.508101
vt 0.802737 0.381855
vt 0.668556 0.255196
vt 0.476734 0.152985
vt 0.618325 0.000998
vt 0.672017 0.033371
vt 0.681464 0.280385
vt 0.664749 0.313670
vt 0.632856 0.280386
vt 0.059778 0.977079
vt 0.000998 0.866584
vt 0.018371 0.858388
vt 0.081342 0.980453
vt 0.456392 0.582283
vt 0.420214 0.266281
vt 0.453230 0.257404
vt 0.471715 0.569791
vt 0.628751 0.540447
vt 0.677541 0.498263
vt 0.687839 0.517725
vt 0.638827 0.557569
vt 0.691684 0.023319
vt 0.692066 0.262332
vt 0.053842 0.482557
vt 0.127015 0.088408
vt 0.135465 0.106632
vt 0.091090 0.494737
vt 0.493177 0.487614
vt 0.493555 0.281623
vt 0.512896 0.297596
vt 0.512578 0.468416
vt 0.623590 0.508688
vt 0.568266 0.565410
vt 0.558589 0.544177
vt 0.602822 0.496911
vt 0.579444 0.223869
vt 0.226492 0.014297
vt 0.502959 0.000998
vt 0.608031 0.375559
vt 0.587823 0.119726
vt 0.614448 0.000998
vt -0.054399 0.398906
vt -0.056620 0.024805
vt 0.025934 0.053388
vt 0.090803 0.013202
vt 0.087182 0.645556
vt 0.005486 0.621909
vt -0.046023 0.553367
vt 0.709263 0.679227
vt 0.663831 0.588922
vt 0.675600 0.581963
vt 0.716870 0.662866
vt 0.646167 0.673883
vt 0.640444 0.575266
vt 0.653995 0.577971
vt 0.658895 0.669155
vt 0.419624 0.389367
vt 0.442125 0.527757
vt 0.437021 0.527583
vt 0.392286 0.126624
vt 0.419499 0.132192
vt 0.102593 0.000998
vt 0.102593 0.655464
vt 0.741789 0.687052
vt 0.774401 0.607451
vt 0.785726 0.621014
vt 0.764661 0.693153
vt 0.409224 0.000998
vt 0.416429 0.013464
vt 0.859009 0.610520
vt 0.916680 0.677049
vt 0.906214 0.693475
vt 0.848981 0.622456
vt 0.481426 0.371941
vt 0.616558 0.435137
vt 0.608297 0.567849
vt 0.481426 0.576203
vt 0.635443 0.571288
vt 0.620286 0.523267
vt 0.634071 0.518418
vt 0.659715 0.578561
vt 0.449272 0.575744
vt 0.445413 0.389468
vt 0.494827 0.777572
vt 0.392929 0.642880
vt 0.416800 0.644489
vt 0.503153 0.752418
vt 0.482950 0.801245
vt 0.482950 0.779450
vt 0.499572 0.800519
vt 0.484779 0.816425
vt 0.418147 0.597250
vt 0.412728 0.398033
vt 0.437415 0.400351
vt 0.441273 0.586627
vt 0.641735 0.117785
vt 0.637180 0.127331
vt 0.727040 0.000998
vt 0.754894 0.359399
vt 0.753189 0.353083
vt 0.716872 -0.003302
vt 0.732485 -0.147491
vt 0.387639 0.774865
vt 0.372957 0.780857
vt 0.245665 0.661838
vt 0.245665 0.806966
vt 0.223372 0.788449
vt 0.231220 0.666035
vt 0.245665 0.661838
vt 0.245665 0.806966
vt 0.223372 0.788449
vt 0.231220 0.666035
vt 0.176640 0.616199
vt 0.189796 0.611074
vt 0.197141 0.612199
vt 0.200292 0.971166
vt 0.214586 0.986304
vt 0.187016 0.999365
vt 0.139568 0.950817
vt 0.964392 0.508101
vt 0.970896 0.867468
vt 0.845153 0.782151
vt 0.842780 0.361277
vt 0.999002 0.361277
vt 0.463277 0.359050
vt 0.635443 0.571288
vt 0.659744 0.578562
vt 0.901056 0.006790
vt 0.907650 0.209055
vt 0.897039 0.199129
vt 0.882067 0.012602
vt 0.884154 0.336052
vt 0.015684 0.819016
vt 0.007311 0.902849
vt -0.011786 0.885615
vt 0.000998 0.819692
vt -0.027911 0.866690
vt -0.026523 0.862255
vt 0.509866 0.294688
vt 0.516275 0.000998
vt 0.538777 0.029593
vt 0.531630 0.294335
vt 0.614551 1.128498
vt 0.623748 1.157003
vt 0.604892 1.161026
vt 0.497369 0.174220
vt 0.457674 0.581026
vt 0.220957 0.619357
vt 0.215576 0.081166
vt 0.554356 0.325270
vt 0.654927 0.325295
vt 0.661095 0.495097
vt 0.561319 0.410897
vt 0.348783 0.843395
vt 0.473894 0.645557
vt 0.489037 0.669383
vt 0.376608 0.841351
vt 0.472951 -0.171246
vt 0.466384 -0.196203
vt 0.465737 -0.201579
vt 0.880715 0.943919
vt 0.877475 0.954667
vt 0.819370 0.955706
vt 0.810758 0.945188
vt 0.482043 0.279809
vt 0.041518 0.831031
vt 0.041936 0.702235
vt 0.062951 0.699811
vt 0.062376 0.826634
vt 0.283330 -0.064239
vt 0.341547 -0.030469
vt 0.447395 0.063674
vt 0.709263 0.679227
vt 0.102593 0.655464
vt 0.087182 0.645556
vt 0.416800 0.644489
vt 0.416800 0.644489
vt 0.441273 0.586627
vt 0.441273 0.586627
vt 0.059778 0.977079
vt 0.476734 0.152985
vt 0.223372 0.788449
vt 0.675600 0.581963
vt 0.672017 0.033371
vt 0.456392 0.582283
vt 0.018371 0.858388
vt 0.437021 0.527583
vt 0.428169 0.270438
vt 0.443743 0.267842
vt 0.558589 0.544177
vt 0.558589 0.544177
vt 0.372957 0.780857
vt 0.245665 0.661838
vt 0.616558 0.435137
vt 0.512896 0.297596
vt 0.187016 0.999365
vt 0.445413 0.389468
vt 0.620286 0.523267
vt 0.634071 0.518418
vt 0.409643 0.396156
vt 0.443590 0.123836
vt 0.419624 0.389367
vt 0.419624 0.389367
vt 0.419624 0.389367
vt 0.053842 0.482557
vt 0.493177 0.487614
vt 0.453230 0.257404
vt -0.011786 0.885615
vt 0.229864 0.389572
vt 0.229864 0.389572
vt 0.000998 0.819692
vt 0.015684 0.819016
vt 0.309241 0.023161
vt 0.309241 0.023161
vt 0.502959 0.000998
vt 0.082938 0.821927
vt 0.897039 0.199129
vt -0.026523 0.862255
vt 0.097922 0.810055
vt 0.610256 0.231071
vt 0.414979 0.236592
vt 0.523338 0.920776
vt 0.086393 0.754712
vt 0.392286 0.126624
vt 0.135465 0.106632
vt 0.906214 0.693475
vt 0.906214 0.693475
vt 0.741789 0.687052
vt 0.472951 -0.171246
vt 0.226492 0.014297
vt 0.226492 0.014297
vt 0.565183 0.604911
vt 0.614448 0.000998
vt 0.090803 0.013202
vt 0.090803 0.013202
vt 0.785726 0.621014
vt 0.090803 0.013202
vt 0.466384 -0.196203
vt 0.176640 0.616199
vt 0.643513 0.126001
vt 0.819370 0.955706
vt 0.641735 0.117785
vt 0.197141 0.612199
vt 0.382512 0.456305
vt 0.246506 0.860905
vt 0.229864 0.389572
vt 0.169883 0.747712
vt 0.090803 0.013202
vt 0.000998 0.276491
vt 0.087182 0.645556
vt 0.200292 0.971166
vt 0.139568 0.950817
vt 0.200292 0.971166
vt 0.964392 0.508101
vt 0.847455 0.375962
vt 0.964392 0.508101
vt 0.847455 0.375962
vt 0.087182 0.645556
vt -0.046023 0.553367
vt -0.046023 0.553367
vt 0.634071 0.518418
vt 0.620286 0.523267
vt 0.634071 0.518418
vt 0.727040 0.000998
vt 0.716872 -0.003302
vt 0.200292 0.971166
vt 0.187016 0.999365
vt 0.187016 0.999365
vt 0.964392 0.508101
vt 0.842780 0.361277
vt 0.620286 0.523267
vt 0.634071 0.518418
vt 0.634071 0.518418
vn -0.021033 0.999510 0.023193
vn -0.451140 0.873494 -0.182977
vn -0.491690 0.738337 0.461627
vn -0.193129 0.822884 0.534381
vn -0.010194 0.739219 0.673388
vn -0.041190 0.629814 0.775653
vn -0.000163 -0.365713 0.930728
vn 0.039959 0.919255 -0.391630
vn 0.039783 0.998569 0.035729
vn 0.003267 0.985181 -0.171487
vn -0.008806 0.855770 0.517282
vn 0.017210 0.756565 0.653692
vn -0.291705 0.773613 0.562522
vn -0.002729 0.115815 0.993267
vn 0.278173 0.805107 0.523853
vn -0.211207 -0.613074 0.761270
vn 0.039313 -0.298095 0.953726
vn -0.008806 0.855770 0.517282
vn -0.358045 0.749951 0.556217
vn -0.411879 0.273834 0.869120
vn 0.006546 -0.123887 0.992275
vn 0.167848 -0.103829 0.980330
vn 0.079409 0.703520 0.706225
vn -0.204349 0.968932 -0.139331
vn -0.608167 0.665139 0.433271
vn -0.358045 0.749951 0.556217
vn -0.110914 0.988849 -0.099373
vn 0.160431 0.878304 -0.450383
vn -0.204349 0.968932 -0.139331
vn -0.110914 0.988849 -0.099373
vn 0.146611 0.933373 -0.327597
vn -0.608167 0.665139 0.433271
vn -0.723484 0.189274 0.663887
vn -0.411879 0.273834 0.869120
vn -0.358045 0.749951 0.556217
vn -0.055289 -0.611385 0.789399
vn -0.054597 -0.717367 0.694553
vn -0.054695 -0.709249 0.702833
vn -0.055293 -0.606941 0.792821
vn 0.200875 -0.155983 0.967119
vn 0.079772 -0.029659 0.996372
vn 0.125549 0.989296 -0.074376
vn -0.000900 0.753592 0.657341
vn 0.209655 0.970333 -0.120408
vn -0.071430 0.955248 0.287053
vn -0.291705 0.773613 0.562522
vn 0.278173 0.805107 0.523853
vn 0.440783 0.896947 -0.034594
vn 0.628254 0.768685 -0.120084
vn -0.377403 0.812273 -0.444724
vn -0.241563 0.679887 0.692388
vn -0.377403 0.812273 -0.444724
vn -0.250736 0.454937 0.854496
vn -0.061481 -0.614365 0.786623
vn -0.002729 0.115815 0.993267
vn -0.291705 0.773613 0.562522
vn -0.061481 -0.614365 0.786623
vn -0.059065 0.531364 0.845082
vn 0.278173 0.805107 0.523853
vn -0.002729 0.115815 0.993267
vn -0.010194 0.739219 0.673388
vn 0.075701 0.859793 0.505000
vn -0.041190 0.629814 0.775653
vn 0.359112 0.673583 0.646007
vn 0.392893 0.825722 0.404745
vn 0.415484 0.860857 -0.293765
vn -0.451140 0.873494 -0.182977
vn -0.021033 0.999510 0.023193
vn 0.086329 0.945168 0.314968
vn 0.313403 0.834513 0.453174
vn -0.442374 0.858826 -0.258308
vn -0.384510 0.858347 0.339695
vn -0.491690 0.738337 0.461627
vn -0.451140 0.873494 -0.182977
vn -0.384510 0.858347 0.339695
vn -0.223730 0.713771 0.663684
vn -0.193129 0.822884 0.534381
vn -0.491690 0.738337 0.461627
vn -0.223730 0.713771 0.663684
vn -0.037227 0.002138 0.999305
vn -0.041190 0.629814 0.775653
vn 0.440416 0.883481 -0.159671
vn -0.442374 0.858826 -0.258308
vn 0.496798 0.862808 0.093565
vn 0.440416 0.883481 -0.159671
vn 0.415484 0.860857 -0.293765
vn 0.313403 0.834513 0.453174
vn 0.392893 0.825722 0.404745
vn -0.037227 0.002138 0.999305
vn -0.022083 -0.798689 0.601338
vn -0.000163 -0.365713 0.930728
vn -0.041190 0.629814 0.775653
vn 0.164873 0.906107 0.389597
vn 0.359112 0.673583 0.646007
vn 0.164873 0.906107 0.389597
vn 0.496798 0.862808 0.093565
vn 0.392893 0.825722 0.404745
vn 0.359112 0.673583 0.646007
vn 0.231437 0.940819 0.247582
vn 0.399826 0.889359 -0.221766
vn 0.211778 0.860851 -0.462695
vn -0.208384 0.954956 -0.211268
vn -0.388531 0.884793 0.257265
vn 0.104130 0.743610 0.660455
vn 0.231437 0.940819 0.247582
vn -0.047408 0.202549 0.978124
vn -0.042262 -0.488227 0.871693
vn 0.660975 -0.676440 0.324871
vn 0.161495 0.825360 0.541019
vn -0.282813 0.258207 0.923767
vn -0.047408 0.202549 0.978124
vn 0.399826 0.889359 -0.221766
vn 0.231437 0.940819 0.247582
vn 0.104130 0.743610 0.660455
vn 0.248302 0.968106 -0.033416
vn -0.345609 0.896968 -0.275687
vn -0.393705 0.655554 0.644396
vn -0.388531 0.884793 0.257265
vn -0.208384 0.954956 -0.211268
vn -0.393705 0.655554 0.644396
vn -0.162130 -0.183824 0.969496
vn -0.282813 0.258207 0.923767
vn -0.388531 0.884793 0.257265
vn -0.162130 -0.183824 0.969496
vn -0.167119 -0.490689 0.855158
vn -0.047408 0.202549 0.978124
vn -0.282813 0.258207 0.923767
vn -0.144809 -0.861147 0.487294
vn -0.092673 0.547148 0.831890
vn 0.660975 -0.676440 0.324871
vn -0.042262 -0.488227 0.871693
vn -0.035759 0.970652 -0.237817
vn -0.009704 0.944554 -0.328214
vn 0.266149 0.799119 -0.539049
vn 0.161495 0.825360 0.541019
vn 0.085624 0.980809 -0.175162
vn -0.035759 0.970652 -0.237817
vn 0.266149 0.799119 -0.539049
vn 0.248302 0.968106 -0.033416
vn 0.104130 0.743610 0.660455
vn -0.092673 0.547148 0.831890
vn 0.161495 0.825360 0.541019
vn 0.660975 -0.676440 0.324871
vn -0.092673 0.547148 0.831890
vn 0.188564 0.976588 -0.103536
vn 0.188564 0.976588 -0.103536
vn -0.009704 0.944554 -0.328214
vn -0.035759 0.970652 -0.237817
vn 0.085624 0.980809 -0.175162
vn -0.568653 0.819712 -0.068598
vn -0.008806 0.855770 0.517282
vn 0.003267 0.985181 -0.171487
vn 0.117929 0.989089 -0.088290
vn 0.188908 0.980166 0.059902
vn -0.036179 0.947513 -0.317663
vn -0.024034 0.990723 0.133756
vn -0.010266 0.501028 0.865370
vn -0.179835 -0.962207 -0.204494
vn -0.211207 -0.613074 0.761270
vn -0.008806 0.855770 0.517282
vn -0.179835 -0.962207 -0.204494
vn -0.007806 -0.691106 0.722711
vn 0.039313 -0.298095 0.953726
vn -0.211207 -0.613074 0.761270
vn -0.036179 0.947513 -0.317663
vn 0.188908 0.980166 0.059902
vn 0.117929 0.989089 -0.088290
vn 0.003267 0.985181 -0.171487
vn 0.188908 0.980166 0.059902
vn -0.002610 0.978883 -0.204406
vn 0.039959 0.919255 -0.391630
vn -0.017795 0.997320 -0.070969
vn -0.012445 0.992862 -0.118616
vn 0.006357 0.936946 -0.349417
vn 0.006357 0.936946 -0.349417
vn -0.024034 0.990723 0.133756
vn 0.039783 0.998569 0.035729
vn 0.039959 0.919255 -0.391630
vn -0.024034 0.990723 0.133756
vn -0.036179 0.947513 -0.317663
vn 0.003267 0.985181 -0.171487
vn 0.039783 0.998569 0.035729
vn -0.000163 -0.365713 0.930728
vn -0.026212 0.663232 0.747955
vn 0.086329 0.945168 0.314968
vn -0.001689 0.647655 0.761932
vn 0.019418 -0.098591 0.994939
vn 0.350326 0.652262 0.672181
vn -0.001689 0.647655 0.761932
vn 0.350326 0.652262 0.672181
vn 0.375238 0.921246 0.102478
vn -0.076141 0.510628 0.856424
vn 0.147337 0.892669 0.425950
vn -0.456985 0.753118 0.473264
vn -0.183867 0.834601 0.519263
vn 0.114649 0.591454 0.798146
vn -0.294640 0.863198 0.409971
vn -0.456985 0.753118 0.473264
vn 0.147337 0.892669 0.425950
vn -0.294640 0.863198 0.409971
vn -0.220228 0.703243 0.675980
vn -0.183867 0.834601 0.519263
vn -0.456985 0.753118 0.473264
vn -0.001689 0.647655 0.761932
vn -0.183867 0.834601 0.519263
vn -0.220228 0.703243 0.675980
vn 0.063795 -0.647637 0.759274
vn 0.019418 -0.098591 0.994939
vn -0.114235 0.517228 0.848190
vn 0.114649 0.591454 0.798146
vn 0.591464 0.805765 0.030221
vn -0.114235 0.517228 0.848190
vn -0.076141 0.510628 0.856424
vn 0.375238 0.921246 0.102478
vn 0.176378 0.884232 0.432463
vn 0.350326 0.652262 0.672181
vn 0.176378 0.884232 0.432463
vn 0.591464 0.805765 0.030221
vn 0.375238 0.921246 0.102478
vn 0.350326 0.652262 0.672181
vn 0.323331 0.935513 0.142384
vn 0.046709 0.998835 0.012111
vn -0.197431 0.957466 -0.210428
vn -0.388531 0.884793 0.257265
vn -0.223658 -0.483215 0.846452
vn -0.202400 -0.833488 0.514132
vn -0.067801 -0.559768 0.825871
vn -0.076769 0.212441 0.974154
vn -0.282813 0.258207 0.923767
vn -0.076769 0.212441 0.974154
vn -0.345609 0.896968 -0.275686
vn -0.431229 0.747184 0.505726
vn -0.388531 0.884793 0.257265
vn -0.197431 0.957466 -0.210428
vn -0.431229 0.747184 0.505726
vn -0.162511 -0.184256 0.969350
vn -0.282813 0.258207 0.923767
vn -0.388531 0.884793 0.257265
vn -0.162511 -0.184256 0.969350
vn -0.223658 -0.483215 0.846452
vn -0.076769 0.212441 0.974154
vn -0.282813 0.258207 0.923767
vn -0.507673 -0.179487 0.842646
vn 0.336212 -0.813955 0.473749
vn -0.014775 0.945636 -0.324891
vn 0.062137 0.998053 -0.005402
vn 0.046709 0.998835 0.012111
vn -0.019338 0.971239 -0.237319
vn 0.036608 0.998207 0.047361
vn 0.266149 0.799119 -0.539049
vn 0.211778 0.860851 -0.462695
vn 0.266149 0.799119 -0.539049
vn -0.345609 0.896968 -0.275687
vn -0.208384 0.954956 -0.211268
vn 0.211778 0.860851 -0.462695
vn 0.062137 0.998053 -0.005402
vn -0.345609 0.896968 -0.275686
vn -0.197431 0.957466 -0.210428
vn 0.046709 0.998835 0.012111
vn 0.336212 -0.813955 0.473749
vn -0.507673 -0.179487 0.842646
vn -0.176114 0.734009 0.655907
vn 0.039156 0.847588 0.529209
vn 0.323331 0.935513 0.142384
vn -0.076769 0.212441 0.974154
vn -0.067801 -0.559768 0.825871
vn -0.019338 0.971239 -0.237319
vn 0.046709 0.998835 0.012111
vn 0.039156 0.847588 0.529209
vn -0.176114 0.734009 0.655907
vn 0.036608 0.998207 0.047361
vn 0.039156 0.847588 0.529209
vn -0.167119 -0.490689 0.855158
vn -0.047408 0.202549 0.978124
vn 0.313403 0.834513 0.453174
vn 0.086329 0.945168 0.314968
vn 0.075701 0.859793 0.505000
vn 0.392893 0.825722 0.404745
vn -0.041190 0.629814 0.775653
vn -0.071430 0.955248 0.287053
vn 0.079409 0.703520 0.706225
vn 0.083548 0.588334 0.804290
vn -0.060503 0.659321 0.749423
vn -0.250736 0.454937 0.854496
vn -0.291705 0.773613 0.562522
vn 0.027604 -0.605964 0.795013
vn 0.200875 -0.155983 0.967119
vn 0.167848 -0.103829 0.980330
vn 0.006546 -0.123887 0.992275
vn 0.209655 0.970333 -0.120408
vn 0.160431 0.878304 -0.450383
vn 0.146611 0.933373 -0.327597
vn 0.146611 0.933373 -0.327597
vn -0.110914 0.988849 -0.099373
vn -0.358045 0.749951 0.556217
vn 0.079409 0.703520 0.706225
vn -0.040293 0.896541 0.441125
vn 0.485486 0.795712 0.362139
vn 0.087802 0.996137 -0.001646
vn 0.015486 0.998046 0.060542
vn 0.669699 0.551242 0.497631
vn 0.869111 0.494590 0.005088
vn 0.087802 0.996137 -0.001646
vn 0.485486 0.795712 0.362139
vn -0.026212 0.663232 0.747955
vn 0.076401 0.549729 0.831842
vn -0.040293 0.896541 0.441125
vn 0.669699 0.551242 0.497631
vn 0.485486 0.795712 0.362139
vn -0.040293 0.896541 0.441125
vn 0.076401 0.549729 0.831842
vn -0.587125 0.756785 0.287335
vn -0.839639 0.449265 0.305234
vn -0.010266 0.501028 0.865370
vn -0.008806 0.855770 0.517282
vn -0.587125 0.756785 0.287335
vn -0.040293 0.896541 0.441125
vn 0.015486 0.998046 0.060542
vn -0.017795 0.997320 -0.070969
vn 0.114649 0.591454 0.798146
vn 0.114649 0.591454 0.798146
vn 0.147337 0.892669 0.425950
vn -0.388531 0.884793 0.257265
vn -0.388531 0.884793 0.257265
vn -0.282813 0.258207 0.923767
vn -0.282813 0.258207 0.923767
vn -0.010266 0.501028 0.865370
vn -0.008806 0.855770 0.517282
vn -0.197431 0.957466 -0.210428
vn -0.456985 0.753118 0.473264
vn 0.117929 0.989089 -0.088290
vn -0.179835 -0.962207 -0.204494
vn -0.211207 -0.613074 0.761270
vn -0.220228 0.703243 0.675980
vn -0.223730 0.713771 0.663684
vn -0.193129 0.822884 0.534381
vn 0.003267 0.985181 -0.171487
vn 0.003267 0.985181 -0.171487
vn 0.211778 0.860851 -0.462695
vn 0.062137 0.998053 -0.005402
vn 0.046709 0.998835 0.012111
vn 0.039783 0.998569 0.035729
vn -0.076769 0.212441 0.974154
vn -0.047408 0.202549 0.978124
vn -0.144809 -0.861147 0.487294
vn -0.042262 -0.488227 0.871693
vn -0.037227 0.002138 0.999305
vn -0.041190 0.629814 0.775653
vn -0.001689 0.647655 0.761932
vn -0.001689 0.647655 0.761932
vn -0.001689 0.647655 0.761932
vn 0.039959 0.919255 -0.391630
vn 0.006357 0.936946 -0.349417
vn 0.039313 -0.298095 0.953726
vn 0.083548 0.588334 0.804290
vn 0.017210 0.756565 0.653692
vn 0.017210 0.756565 0.653692
vn -0.060503 0.659321 0.749423
vn -0.071430 0.955248 0.287053
vn -0.071430 0.955248 0.287053
vn -0.071430 0.955248 0.287053
vn 0.086329 0.945168 0.314968
vn -0.250736 0.454937 0.854496
vn 0.075701 0.859793 0.505000
vn -0.291705 0.773613 0.562522
vn -0.291705 0.773613 0.562522
vn -0.010194 0.739219 0.673388
vn -0.000163 -0.365713 0.930728
vn -0.061481 -0.614365 0.786623
vn -0.002729 0.115815 0.993267
vn 0.063795 -0.647637 0.759274
vn -0.012445 0.992862 -0.118616
vn 0.375238 0.921246 0.102478
vn 0.375238 0.921246 0.102478
vn 0.591464 0.805765 0.030221
vn -0.026212 0.663232 0.747955
vn -0.026212 0.663232 0.747955
vn -0.026212 0.663232 0.747955
vn 0.278173 0.805107 0.523853
vn 0.359112 0.673583 0.646007
vn -0.076141 0.510628 0.856424
vn -0.076141 0.510628 0.856424
vn -0.076141 0.510628 0.856424
vn 0.415484 0.860857 -0.293765
vn 0.076401 0.549729 0.831842
vn 0.336212 -0.813955 0.473749
vn 0.660975 -0.676440 0.324871
vn -0.040293 0.896541 0.441125
vn -0.507673 -0.179487 0.842646
vn -0.176114 0.734009 0.655907
vn 0.039959 0.919255 -0.391630
vn -0.008806 0.855770 0.517282
vn 0.017210 0.756565 0.653692
vn -0.211207 -0.613074 0.761270
vn 0.415484 0.860857 -0.293765
vn 0.086329 0.945168 0.314968
vn -0.451140 0.873494 -0.182977
vn 0.104130 0.743610 0.660455
vn -0.042262 -0.488227 0.871693
vn 0.104130 0.743610 0.660455
vn -0.035759 0.970652 -0.237817
vn 0.161495 0.825360 0.541019
vn -0.035759 0.970652 -0.237817
vn 0.161495 0.825360 0.541019
vn 0.147337 0.892669 0.425950
vn -0.183867 0.834601 0.519263
vn -0.183867 0.834601 0.519263
vn -0.067801 -0.559768 0.825871
vn -0.202400 -0.833488 0.514132
vn -0.067801 -0.559768 0.825871
vn -0.014775 0.945636 -0.324891
vn -0.019338 0.971239 -0.237319
vn 0.039156 0.847588 0.529209
vn -0.076769 0.212441 0.974154
vn -0.076769 0.212441 0.974154
vn -0.019338 0.971239 -0.237319
vn -0.176114 0.734009 0.655907
vn -0.144809 -0.861147 0.487294
vn -0.042262 -0.488227 0.871693
vn -0.042262 -0.488227 0.871693
f 5929/5929/5929 5928/5928/5928 5927/5927/5927
f 5927/5927/5927 5930/5930/5930 5929/5929/5929
f 5933/5933/5933 5932/5932/5932 5931/5931/5931
f 5936/5936/5936 5935/5935/5935 5934/5934/5934
f 5937/5937/5937 5936/5936/5936 5934/5934/5934
f 5938/5938/5938 6318/6318/6318 6317/6317/6317
f 5941/5941/5941 5940/5940/5940 5939/5939/5939
f 6282/6282/6282 5943/5943/5943 5942/5942/5942
f 6320/6320/6320 5944/5944/5944 6319/6319/6319
f 5947/5947/5947 5946/5946/5946 5945/5945/5945
f 5948/5948/5948 5947/5947/5947 5945/5945/5945
f 5949/5949/5949 5948/5948/5948 5945/5945/5945
f 5952/5952/5952 5951/5951/5951 5950/5950/5950
f 5950/5950/5950 5953/5953/5953 5952/5952/5952
f 5956/5956/5956 5955/5955/5955 5954/5954/5954
f 5954/5954/5954 5957/5957/5957 5956/5956/5956
f 5960/5960/5960 5959/5959/5959 5958/5958/5958
f 5958/5958/5958 5961/5961/5961 5960/5960/5960
f 5964/5964/5964 5963/5963/5963 5962/5962/5962
f 5962/5962/5962 5965/5965/5965 5964/5964/5964
f 5949/5949/5949 5967/5967/5967 5966/5966/5966
f 5966/5966/5966 5948/5948/5948 5949/5949/5949
f 5970/5970/5970 5969/5969/5969 5968/5968/5968
f 5971/5971/5971 5970/5970/5970 5968/5968/5968
f 5973/5973/5973 5972/5972/5972 5971/5971/5971
f 5973/5973/5973 5971/5971/5971 5968/5968/5968
f 5974/5974/5974 5973/5973/5973 5968/5968/5968
f 5975/5975/5975 5974/5974/5974 5968/5968/5968
f 5978/5978/5978 5977/5977/5977 5976/5976/5976
f 6296/6296/6296 5980/5980/5980 5979/5979/5979
f 6289/6289/6289 6292/6292/6292 5981/5981/5981
f 6305/6305/6305 5984/5984/5984 6295/6295/6295
f 5983/5983/5983 5986/5986/5986 5985/5985/5985
f 5989/5989/5989 5988/5988/5988 6293/6293/6293
f 5990/5990/5990 6293/6293/6293 5988/5988/5988
f 5988/5988/5988 5991/5991/5991 5990/5990/5990
f 5994/5994/5994 5993/5993/5993 5992/5992/5992
f 5995/5995/5995 5994/5994/5994 5992/5992/5992
f 5996/5996/5996 6322/6322/6322 6321/6321/6321
f 5999/5999/5999 5998/5998/5998 5997/5997/5997
f 5997/5997/5997 6000/6000/6000 5999/5999/5999
f 6003/6003/6003 6002/6002/6002 6001/6001/6001
f 6001/6001/6001 6004/6004/6004 6003/6003/6003
f 6274/6274/6274 6006/6006/6006 6261/6261/6261
f 6005/6005/6005 6262/6262/6262 6007/6007/6007
f 6009/6009/6009 6008/6008/6008 6310/6310/6310
f 6310/6310/6310 6323/6323/6323 6009/6009/6009
f 6012/6012/6012 6011/6011/6011 6010/6010/6010
f 6013/6013/6013 6012/6012/6012 6010/6010/6010
f 6014/6014/6014 6013/6013/6013 6010/6010/6010
f 6294/6294/6294 6016/6016/6016 6273/6273/6273
f 6015/6015/6015 6018/6018/6018 6017/6017/6017
f 6020/6020/6020 6019/6019/6019 6016/6016/6016
f 6016/6016/6016 6294/6294/6294 6020/6020/6020
f 6023/6023/6023 6022/6022/6022 6021/6021/6021
f 6021/6021/6021 6024/6024/6024 6023/6023/6023
f 6027/6027/6027 6026/6026/6026 6025/6025/6025
f 6028/6028/6028 6027/6027/6027 6025/6025/6025
f 6029/6029/6029 6028/6028/6028 6025/6025/6025
f 6032/6032/6032 6031/6031/6031 6030/6030/6030
f 6033/6033/6033 6032/6032/6032 6030/6030/6030
f 6034/6034/6034 6325/6325/6325 6324/6324/6324
f 6035/6035/6035 6034/6034/6034 6326/6326/6326
f 6270/6270/6270 6036/6036/6036 6029/6029/6029
f 6029/6029/6029 6025/6025/6025 6270/6270/6270
f 6040/6040/6040 6039/6039/6039 6038/6038/6038
f 6038/6038/6038 6041/6041/6041 6040/6040/6040
f 6250/6250/6250 6043/6043/6043 6042/6042/6042
f 6042/6042/6042 6045/6045/6045 6250/6250/6250
f 6048/6048/6048 6047/6047/6047 6046/6046/6046
f 6046/6046/6046 6049/6049/6049 6048/6048/6048
f 6052/6052/6052 6051/6051/6051 6050/6050/6050
f 6050/6050/6050 6252/6252/6252 6052/6052/6052
f 6056/6056/6056 6055/6055/6055 6054/6054/6054
f 6271/6271/6271 6272/6272/6272 6313/6313/6313
f 6060/6060/6060 6059/6059/6059 6058/6058/6058
f 6063/6063/6063 6062/6062/6062 6061/6061/6061
f 6065/6065/6065 6064/6064/6064 6327/6327/6327
f 6065/6065/6065 6329/6329/6329 6328/6328/6328
f 6066/6066/6066 6065/6065/6065 6330/6330/6330
f 6069/6069/6069 6068/6068/6068 6067/6067/6067
f 6062/6062/6062 6071/6071/6071 6070/6070/6070
f 6070/6070/6070 6061/6061/6061 6062/6062/6062
f 6074/6074/6074 6073/6073/6073 6072/6072/6072
f 6072/6072/6072 6075/6075/6075 6074/6074/6074
f 6078/6078/6078 6254/6254/6254 6076/6076/6076
f 6076/6076/6076 6079/6079/6079 6078/6078/6078
f 6082/6082/6082 6081/6081/6081 6080/6080/6080
f 6259/6259/6259 6084/6084/6084 6083/6083/6083
f 6253/6253/6253 6086/6086/6086 6085/6085/6085
f 6280/6280/6280 6088/6088/6088 6258/6258/6258
f 6087/6087/6087 6090/6090/6090 6089/6089/6089
f 6093/6093/6093 6092/6092/6092 6091/6091/6091
f 6091/6091/6091 6094/6094/6094 6093/6093/6093
f 6076/6076/6076 6096/6096/6096 6095/6095/6095
f 6095/6095/6095 6257/6257/6257 6076/6076/6076
f 6099/6099/6099 6098/6098/6098 6097/6097/6097
f 6278/6278/6278 6100/6100/6100 6298/6298/6298
f 6268/6268/6268 6102/6102/6102 6279/6279/6279
f 6101/6101/6101 6104/6104/6104 6103/6103/6103
f 6264/6264/6264 6106/6106/6106 6105/6105/6105
f 6105/6105/6105 6108/6108/6108 6264/6264/6264
f 6109/6109/6109 5987/5987/5987 6306/6306/6306
f 6282/6282/6282 6110/6110/6110 5943/5943/5943
f 6262/6262/6262 5927/5927/5927 6288/6288/6288
f 6288/6288/6288 6007/6007/6007 6262/6262/6262
f 6114/6114/6114 6113/6113/6113 6112/6112/6112
f 6117/6117/6117 6116/6116/6116 6115/6115/6115
f 6119/6119/6119 6118/6118/6118 6117/6117/6117
f 6121/6121/6121 6120/6120/6120 6331/6331/6331
f 6332/6332/6332 6119/6119/6119 6117/6117/6117
f 6333/6333/6333 6117/6117/6117 6115/6115/6115
f 6256/6256/6256 6123/6123/6123 6122/6122/6122
f 6246/6246/6246 6125/6125/6125 6124/6124/6124
f 6128/6128/6128 6127/6127/6127 6126/6126/6126
f 6126/6126/6126 6129/6129/6129 6128/6128/6128
f 6132/6132/6132 6131/6131/6131 6130/6130/6130
f 6133/6133/6133 6260/6260/6260 6275/6275/6275
f 6134/6134/6134 6297/6297/6297 6277/6277/6277
f 6247/6247/6247 6135/6135/6135 6308/6308/6308
f 6307/6307/6307 6248/6248/6248 6136/6136/6136
f 6139/6139/6139 6138/6138/6138 6137/6137/6137
f 6301/6301/6301 6140/6140/6140 6309/6309/6309
f 6142/6142/6142 6141/6141/6141 6297/6297/6297
f 6297/6297/6297 6134/6134/6134 6142/6142/6142
f 6300/6300/6300 6144/6144/6144 6143/6143/6143
f 6143/6143/6143 6146/6146/6146 6300/6300/6300
f 6149/6149/6149 6148/6148/6148 6147/6147/6147
f 6147/6147/6147 6150/6150/6150 6149/6149/6149
f 6153/6153/6153 6152/6152/6152 6151/6151/6151
f 6151/6151/6151 6154/6154/6154 6153/6153/6153
f 6156/6156/6156 6155/6155/6155 6150/6150/6150
f 6150/6150/6150 6147/6147/6147 6156/6156/6156
f 6249/6249/6249 6158/6158/6158 6157/6157/6157
f 6157/6157/6157 6160/6160/6160 6249/6249/6249
f 6163/6163/6163 6162/6162/6162 6161/6161/6161
f 6161/6161/6161 6164/6164/6164 6163/6163/6163
f 6167/6167/6167 6166/6166/6166 6165/6165/6165
f 6165/6165/6165 6251/6251/6251 6167/6167/6167
f 6169/6169/6169 6335/6335/6335 6334/6334/6334
f 6336/6336/6336 6170/6170/6170 6315/6315/6315
f 6173/6173/6173 6172/6172/6172 6171/6171/6171
f 6174/6174/6174 6173/6173/6173 6171/6171/6171
f 6175/6175/6175 6338/6338/6338 6337/6337/6337
f 6265/6265/6265 6176/6176/6176 6041/6041/6041
f 6041/6041/6041 6038/6038/6038 6265/6265/6265
f 6180/6180/6180 6179/6179/6179 6178/6178/6178
f 6178/6178/6178 6181/6181/6181 6180/6180/6180
f 6184/6184/6184 6183/6183/6183 6266/6266/6266
f 6182/6182/6182 6185/6185/6185 6255/6255/6255
f 6188/6188/6188 6187/6187/6187 6312/6312/6312
f 6269/6269/6269 6190/6190/6190 6189/6189/6189
f 6340/6340/6340 6339/6339/6339 6316/6316/6316
f 6192/6192/6192 6341/6341/6341 6316/6316/6316
f 6192/6192/6192 6316/6316/6316 6186/6186/6186
f 6195/6195/6195 6194/6194/6194 6193/6193/6193
f 6196/6196/6196 6195/6195/6195 6193/6193/6193
f 6197/6197/6197 6343/6343/6343 6342/6342/6342
f 6267/6267/6267 6198/6198/6198 6147/6147/6147
f 6345/6345/6345 6344/6344/6344 6199/6199/6199
f 6199/6199/6199 6200/6200/6200 6346/6346/6346
f 6290/6290/6290 6202/6202/6202 6201/6201/6201
f 6201/6201/6201 6204/6204/6204 6290/6290/6290
f 6290/6290/6290 6205/6205/6205 6202/6202/6202
f 6208/6208/6208 6207/6207/6207 6285/6285/6285
f 6209/6209/6209 6281/6281/6281 6206/6206/6206
f 6291/6291/6291 6210/6210/6210 6284/6284/6284
f 6211/6211/6211 6209/6209/6209 6206/6206/6206
f 6214/6214/6214 6213/6213/6213 6212/6212/6212
f 6212/6212/6212 6215/6215/6215 6214/6214/6214
f 6218/6218/6218 6217/6217/6217 6216/6216/6216
f 6221/6221/6221 6220/6220/6220 6219/6219/6219
f 6222/6222/6222 6221/6221/6221 6219/6219/6219
f 6287/6287/6287 6222/6222/6222 6219/6219/6219
f 5970/5970/5970 6287/6287/6287 6219/6219/6219
f 6225/6225/6225 6224/6224/6224 6223/6223/6223
f 6223/6223/6223 6226/6226/6226 6225/6225/6225
f 6229/6229/6229 6228/6228/6228 6227/6227/6227
f 6227/6227/6227 6230/6230/6230 6229/6229/6229
f 6088/6088/6088 6280/6280/6280 6231/6231/6231
f 6232/6232/6232 6088/6088/6088 6231/6231/6231
f 6233/6233/6233 6311/6311/6311 6302/6302/6302
f 6314/6314/6314 6235/6235/6235 6234/6234/6234
f 6234/6234/6234 6237/6237/6237 6314/6314/6314
f 6076/6076/6076 6254/6254/6254 6238/6238/6238
f 6241/6241/6241 6240/6240/6240 6239/6239/6239
f 6239/6239/6239 6242/6242/6242 6241/6241/6241
f 6244/6244/6244 6243/6243/6243 6304/6304/6304
f 6245/6245/6245 6244/6244/6244 6304/6304/6304
f 6283/6283/6283 5934/5934/5934 6245/6245/6245
f 6283/6283/6283 6245/6245/6245 6304/6304/6304
