mtllib G3_Object_Interact_Campfire_01.mtl
o G3_Object_Interact_Campfire_01_0
usemtl G3_Architecture_Iron_01_A
v -0.080772 1.388133 -0.155391
v -0.097400 1.364754 -0.139460
v -0.048181 1.351537 -0.139460
v -0.016862 1.390341 -0.155391
v 0.004802 1.370054 -0.171322
v -0.097400 1.364754 -0.171322
v -0.119198 1.412165 -0.139460
v -0.035946 1.571368 -0.155391
v -0.063539 1.571368 -0.139460
v -0.063539 1.780348 -0.171322
v -0.063539 1.780348 -0.139460
v -0.119198 1.412165 -0.171322
v -0.063539 1.571368 -0.171322
v -0.097400 1.364754 -0.171322
v 0.004802 1.370054 -0.171322
v 0.004802 1.370054 -0.139460
v -0.063539 1.571368 -0.171322
v -0.119198 1.412165 -0.171322
v -0.063539 1.780348 -0.171322
v 0.024710 1.415043 -0.171322
v 0.024710 1.415043 -0.171322
v -0.119198 1.412165 -0.139460
v -0.119198 1.412165 -0.171322
v -0.097400 1.364754 -0.139460
v -0.097400 1.364754 -0.171322
v -0.080772 1.388133 -0.155391
v -0.080772 1.388133 -0.155391
v -0.063539 1.571368 -0.139460
v -0.063539 1.780348 -0.139460
v -0.063539 1.780348 -0.139460
v -0.063539 1.780348 -0.171322
v -0.048181 1.351537 -0.139460
v -0.035946 1.571368 -0.155391
v -0.035946 1.571368 -0.155391
v -0.016862 1.390341 -0.155391
v -0.016862 1.390341 -0.155391
v -0.016862 1.390341 -0.155391
v 0.004802 1.370054 -0.139460
v 0.024710 1.415043 -0.171322
vt 0.999527 0.260182
vt 0.961789 0.260182
vt 0.961789 0.214074
vt 0.999527 0.167965
vt 1.037265 0.167965
vt 1.037265 0.260182
vt 0.961789 0.306291
vt 0.999527 0.490725
vt 0.961789 0.490725
vt 1.037265 0.721267
vt 0.961789 0.721267
vt 1.037265 0.306291
vt 1.037265 0.490725
vt 0.924051 0.260182
vt 0.924051 0.167965
vt 0.961789 0.167965
vt 0.924051 0.490725
vt 0.924051 0.306291
vt 0.924051 0.721267
vt 0.924051 0.121857
vt 1.037265 0.121857
vt 0.961789 0.306291
vt 1.037265 0.306291
vt 0.961789 0.260182
vt 1.037265 0.260182
vt 0.999527 0.260182
vt 0.999527 0.260182
vt 0.961789 0.490725
vt 0.961789 0.721267
vt 0.961789 0.721267
vt 1.037265 0.721267
vt 0.961789 0.214074
vt 0.999527 0.490725
vt 0.999527 0.490725
vt 0.999527 0.167965
vt 0.999527 0.167965
vt 0.999527 0.167965
vt 0.961789 0.167965
vt 0.924051 0.121857
vn 0.663609 0.746718 0.045115
vn -0.421246 -0.489397 0.763572
vn 0.034852 -0.738363 0.673503
vn -0.251994 0.962467 0.100774
vn 0.434856 -0.487694 -0.757004
vn -0.419844 -0.506647 -0.753020
vn -0.661132 -0.051000 0.748534
vn 0.989950 -0.141421 -0.000000
vn -0.416073 0.060947 0.907286
vn -0.053628 0.829812 -0.555461
vn -0.053628 0.829812 0.555461
vn -0.661132 -0.051000 -0.748534
vn -0.416073 0.060947 -0.907286
vn -0.419844 -0.506647 -0.753020
vn 0.434856 -0.487694 -0.757004
vn 0.518918 -0.308293 0.797295
vn -0.416073 0.060947 -0.907286
vn -0.661132 -0.051000 -0.748534
vn -0.053628 0.829812 -0.555461
vn 0.557626 0.772223 -0.304507
vn 0.557626 0.772223 -0.304507
vn -0.661132 -0.051000 0.748534
vn -0.661132 -0.051000 -0.748534
vn -0.421246 -0.489397 0.763572
vn -0.419844 -0.506647 -0.753020
vn 0.663609 0.746718 0.045115
vn 0.663609 0.746718 0.045115
vn -0.416073 0.060947 0.907286
vn -0.053628 0.829812 0.555461
vn -0.053628 0.829812 0.555461
vn -0.053628 0.829812 -0.555461
vn 0.034852 -0.738363 0.673503
vn 0.989950 -0.141421 -0.000000
vn 0.989950 -0.141421 -0.000000
vn -0.251994 0.962467 0.100774
vn -0.251994 0.962467 0.100774
vn -0.251994 0.962467 0.100774
vn 0.518918 -0.308293 0.797295
vn 0.557626 0.772223 -0.304507
f 3/3/3 2/2/2 1/1/1
f 1/1/1 4/4/4 3/3/3
f 6/6/6 5/5/5 36/36/36
f 35/35/35 26/26/26 25/25/25
f 8/8/8 27/27/27 7/7/7
f 7/7/7 9/9/9 8/8/8
f 11/11/11 10/10/10 33/33/33
f 8/8/8 9/9/9 29/29/29
f 13/13/13 12/12/12 34/34/34
f 13/13/13 34/34/34 31/31/31
f 15/15/15 14/14/14 32/32/32
f 32/32/32 16/16/16 15/15/15
f 2/2/2 7/7/7 27/27/27
f 18/18/18 17/17/17 22/22/22
f 22/22/22 24/24/24 14/14/14
f 14/14/14 18/18/18 22/22/22
f 28/28/28 22/22/22 17/17/17
f 19/19/19 30/30/30 28/28/28
f 28/28/28 17/17/17 19/19/19
f 38/38/38 37/37/37 20/20/20
f 38/38/38 3/3/3 37/37/37
f 23/23/23 25/25/25 26/26/26
f 26/26/26 34/34/34 23/23/23
f 5/5/5 21/21/21 36/36/36
f 39/39/39 15/15/15 16/16/16
f 24/24/24 32/32/32 14/14/14
o G3_Object_Interact_Campfire_01_1
usemtl G3_Architecture_Rope_01_01_A
v -0.096006 1.795697 -0.106428
v -0.109585 1.853363 -0.186086
v -0.091983 1.811546 -0.132616
v -0.065133 1.791499 -0.115388
v -0.091983 1.811546 -0.132616
v -0.109892 1.835912 -0.197487
v -0.105340 1.798610 -0.135636
v -0.065133 1.791499 -0.115388
v -0.057505 1.862232 -0.093019
v -0.062615 1.912659 -0.052643
v -0.075256 1.871990 -0.089443
v -0.062615 1.912659 -0.052643
v -0.075256 1.871990 -0.089443
v -0.085193 1.788413 -0.121979
v -0.074158 1.826968 -0.083594
v -0.057505 1.862232 -0.093019
v -0.073667 1.801236 -0.132866
v -0.074158 1.826968 -0.083594
v 0.039071 1.873970 -0.099015
v -0.030381 1.745695 -0.233558
v 0.021429 1.783837 -0.225736
v 0.021429 1.783837 -0.225736
v 0.002325 1.791891 -0.230486
v -0.109585 1.853363 -0.186086
v -0.044449 1.898813 -0.245235
v -0.041505 1.883104 -0.241729
v -0.095643 1.842026 -0.189130
v -0.109585 1.853363 -0.186086
v -0.096006 1.795697 -0.106428
v -0.021793 1.888374 -0.265366
v -0.044449 1.898813 -0.245235
v -0.091809 1.760888 -0.187857
v -0.030381 1.745695 -0.233558
v -0.085193 1.788413 -0.121979
v -0.082133 1.779120 -0.191301
v -0.003157 1.887555 -0.249135
v 0.002476 1.903597 -0.251919
v 0.002476 1.903597 -0.251919
v 0.002476 1.903597 -0.251919
v 0.020935 1.875542 -0.191717
v 0.008365 1.877639 -0.235961
v 0.020935 1.875542 -0.191717
v 0.002476 1.903597 -0.251919
v -0.083857 1.862315 -0.119329
v -0.110147 1.852174 -0.115719
v -0.016044 1.874927 -0.131264
v -0.109138 1.872976 -0.116832
v -0.121205 1.874522 -0.161378
v -0.111931 1.861719 -0.140623
v -0.109138 1.872976 -0.116832
v -0.016044 1.874927 -0.131264
v -0.110147 1.852174 -0.115719
v -0.116379 1.855410 -0.184244
v -0.121205 1.874522 -0.161378
v 0.023788 1.799943 -0.204064
v 0.037064 1.790321 -0.207804
v 0.004027 1.833199 -0.265588
v 0.037064 1.790321 -0.207804
v 0.004027 1.833199 -0.265588
v 0.004027 1.833199 -0.265588
v -0.037866 1.857451 -0.263466
v -0.037892 1.861747 -0.279459
v -0.009503 1.819895 -0.262525
v -0.037892 1.861747 -0.279459
v -0.074158 1.826968 -0.083594
v -0.057505 1.862232 -0.093019
v -0.075256 1.871990 -0.089443
v -0.074158 1.826968 -0.083594
v -0.075256 1.871990 -0.089443
v -0.057505 1.862232 -0.093019
v -0.016044 1.874927 -0.131264
v -0.023976 1.862968 -0.142043
v -0.083857 1.862315 -0.119329
v 0.020935 1.875542 -0.191717
v 0.023703 1.855930 -0.196546
v -0.023976 1.862968 -0.142043
v -0.016044 1.874927 -0.131264
v -0.083857 1.862315 -0.119329
v -0.023976 1.862968 -0.142043
v -0.016044 1.874927 -0.131264
v 0.020935 1.875542 -0.191717
v -0.016044 1.874927 -0.131264
v -0.076725 1.859204 -0.097741
v -0.059629 1.888548 -0.043946
v -0.044939 1.877823 -0.047367
v -0.064837 1.856532 -0.068053
v -0.086044 1.846071 -0.087464
v -0.068553 1.804263 -0.131908
v -0.086044 1.846071 -0.087464
v 0.016833 1.893453 -0.098252
v -0.019526 1.820851 -0.137748
v -0.023826 1.812149 -0.117628
v 0.013928 1.878297 -0.082701
v -0.038045 1.924533 -0.049597
v 0.027317 1.890303 -0.082417
v -0.013187 1.805918 -0.129876
v -0.039337 1.925021 -0.068887
v -0.058845 1.870896 -0.271206
v -0.058845 1.870896 -0.271206
v -0.037866 1.857451 -0.263466
v -0.028082 1.745464 -0.252268
v -0.028082 1.745464 -0.252268
v -0.030381 1.745695 -0.233558
v -0.091809 1.760888 -0.187857
v -0.028082 1.745464 -0.252268
v -0.030381 1.745695 -0.233558
v -0.028082 1.745464 -0.252268
v 0.021429 1.783837 -0.225736
v 0.023703 1.855930 -0.196546
v 0.008365 1.877639 -0.235961
v 0.020935 1.875542 -0.191717
v 0.008365 1.877639 -0.235961
v 0.023703 1.855930 -0.196546
v 0.020935 1.875542 -0.191717
v -0.057505 1.862232 -0.093019
v -0.073667 1.801236 -0.132866
v -0.085193 1.788413 -0.121979
v -0.091809 1.760888 -0.187857
v -0.085193 1.788413 -0.121979
v -0.073667 1.801236 -0.132866
v -0.013187 1.805918 -0.129876
v -0.068553 1.804263 -0.131908
v -0.013187 1.805918 -0.129876
v 0.027317 1.890303 -0.082417
v 0.037064 1.790321 -0.207804
v 0.023788 1.799943 -0.204064
v 0.016327 1.775584 -0.162654
v 0.016327 1.775584 -0.162654
v 0.037064 1.790321 -0.207804
v -0.071148 1.782477 -0.103672
v 0.016327 1.775584 -0.162654
v 0.037064 1.790321 -0.207804
v 0.016327 1.775584 -0.162654
v 0.023788 1.799943 -0.204064
v -0.029933 1.900885 -0.062609
v 0.014785 1.894734 -0.055982
v 0.015447 1.876296 -0.066133
v -0.071148 1.782477 -0.103672
v -0.105340 1.798610 -0.135636
v -0.096006 1.795697 -0.106428
v 0.039071 1.873970 -0.099015
v 0.015447 1.876296 -0.066133
v 0.014785 1.894734 -0.055982
v -0.059629 1.888548 -0.043946
v 0.015447 1.876296 -0.066133
v 0.039071 1.873970 -0.099015
v 0.014785 1.894734 -0.055982
v -0.096006 1.795697 -0.106428
v 0.016327 1.775584 -0.162654
v -0.065133 1.791499 -0.115388
v -0.071148 1.782477 -0.103672
v -0.071148 1.782477 -0.103672
v -0.065133 1.791499 -0.115388
v 0.016327 1.775584 -0.162654
v -0.053063 1.897282 -0.059116
v -0.039337 1.925021 -0.068887
v -0.038045 1.924533 -0.049597
v 0.027317 1.890303 -0.082417
v -0.062615 1.912659 -0.052643
v -0.038045 1.924533 -0.049597
v -0.039337 1.925021 -0.068887
v -0.111931 1.861719 -0.140623
v -0.037866 1.857451 -0.263466
v -0.058845 1.870896 -0.271206
v -0.037866 1.857451 -0.263466
v -0.037892 1.861747 -0.279459
v -0.058845 1.870896 -0.271206
v -0.058845 1.870896 -0.271206
v -0.037892 1.861747 -0.279459
v -0.037866 1.857451 -0.263466
v -0.058845 1.870896 -0.271206
v -0.116379 1.855410 -0.184244
v -0.111931 1.861719 -0.140623
v 0.002476 1.903597 -0.251919
v -0.003157 1.887555 -0.249135
v 0.008365 1.877639 -0.235961
v 0.008365 1.877639 -0.235961
v -0.003157 1.887555 -0.249135
v 0.002476 1.903597 -0.251919
v -0.086044 1.846071 -0.087464
v 0.004027 1.833199 -0.265588
v -0.037866 1.857451 -0.263466
v 0.023788 1.799943 -0.204064
v -0.009503 1.819895 -0.262525
v 0.004027 1.833199 -0.265588
v 0.004027 1.833199 -0.265588
v -0.009503 1.819895 -0.262525
v 0.023788 1.799943 -0.204064
v -0.038045 1.924533 -0.049597
v -0.062615 1.912659 -0.052643
v -0.053063 1.897282 -0.059116
v -0.057505 1.862232 -0.093019
v -0.062615 1.912659 -0.052643
v -0.062615 1.912659 -0.052643
v -0.057505 1.862232 -0.093019
v -0.053063 1.897282 -0.059116
v -0.091809 1.760888 -0.187857
v 0.021429 1.783837 -0.225736
v -0.059629 1.888548 -0.043946
v -0.044939 1.877823 -0.047367
v 0.015447 1.876296 -0.066133
v -0.044939 1.877823 -0.047367
v -0.059629 1.888548 -0.043946
v -0.086044 1.846071 -0.087464
v -0.116379 1.855410 -0.184244
v -0.111931 1.861719 -0.140623
v -0.111931 1.861719 -0.140623
v -0.111931 1.861719 -0.140623
v -0.111931 1.861719 -0.140623
v -0.110147 1.852174 -0.115719
v -0.110147 1.852174 -0.115719
v -0.109892 1.835912 -0.197487
v -0.109892 1.835912 -0.197487
v -0.109892 1.835912 -0.197487
v -0.109585 1.853363 -0.186086
v -0.109138 1.872976 -0.116832
v -0.105340 1.798610 -0.135636
v -0.105340 1.798610 -0.135636
v -0.095643 1.842026 -0.189130
v -0.091983 1.811546 -0.132616
v -0.086044 1.846071 -0.087464
v -0.085193 1.788413 -0.121979
v -0.085193 1.788413 -0.121979
v -0.083857 1.862315 -0.119329
v -0.083857 1.862315 -0.119329
v -0.082133 1.779120 -0.191301
v -0.082133 1.779120 -0.191301
v -0.082133 1.779120 -0.191301
v -0.076725 1.859204 -0.097741
v -0.076725 1.859204 -0.097741
v -0.074158 1.826968 -0.083594
v -0.073667 1.801236 -0.132866
v -0.073667 1.801236 -0.132866
v -0.068553 1.804263 -0.131908
v -0.068553 1.804263 -0.131908
v -0.065133 1.791499 -0.115388
v -0.064837 1.856532 -0.068053
v -0.059629 1.888548 -0.043946
v -0.059629 1.888548 -0.043946
v -0.058845 1.870896 -0.271206
v -0.057505 1.862232 -0.093019
v -0.057505 1.862232 -0.093019
v -0.053063 1.897282 -0.059116
v -0.044939 1.877823 -0.047367
v -0.044939 1.877823 -0.047367
v -0.044939 1.877823 -0.047367
v -0.041505 1.883104 -0.241729
v -0.041505 1.883104 -0.241729
v -0.041505 1.883104 -0.241729
v -0.039337 1.925021 -0.068887
v -0.039337 1.925021 -0.068887
v -0.039337 1.925021 -0.068887
v -0.039337 1.925021 -0.068887
v -0.039337 1.925021 -0.068887
v -0.038045 1.924533 -0.049597
v -0.038045 1.924533 -0.049597
v -0.038045 1.924533 -0.049597
v -0.038045 1.924533 -0.049597
v -0.037892 1.861747 -0.279459
v -0.037866 1.857451 -0.263466
v -0.030381 1.745695 -0.233558
v -0.030381 1.745695 -0.233558
v -0.030381 1.745695 -0.233558
v -0.029933 1.900885 -0.062609
v -0.029933 1.900885 -0.062609
v -0.028082 1.745464 -0.252268
v -0.028082 1.745464 -0.252268
v -0.028082 1.745464 -0.252268
v -0.028082 1.745464 -0.252268
v -0.023976 1.862968 -0.142043
v -0.023826 1.812149 -0.117628
v -0.023826 1.812149 -0.117628
v -0.021793 1.888374 -0.265366
v -0.021793 1.888374 -0.265366
v -0.019526 1.820851 -0.137748
v -0.019526 1.820851 -0.137748
v -0.016044 1.874927 -0.131264
v -0.009503 1.819895 -0.262525
v -0.003157 1.887555 -0.249135
v -0.003157 1.887555 -0.249135
v 0.002325 1.791891 -0.230486
v 0.002476 1.903597 -0.251919
v 0.008365 1.877639 -0.235961
v 0.013928 1.878297 -0.082701
v 0.014785 1.894734 -0.055982
v 0.016833 1.893453 -0.098252
v 0.023703 1.855930 -0.196546
v 0.023788 1.799943 -0.204064
v 0.027317 1.890303 -0.082417
v 0.039071 1.873970 -0.099015
v 0.039071 1.873970 -0.099015
vt 1.000000 2.951733
vt 0.195183 3.478801
vt 0.675011 3.069967
vt 0.675011 2.805263
vt 0.675011 -2.069967
vt 0.312184 -1.689173
vt 0.312184 -2.069967
vt 0.925952 -2.222502
vt 0.713531 -0.167191
vt 1.000000 -0.058560
vt 1.000000 -0.167191
vt 0.000000 -0.058560
vt 0.000000 -0.167191
vt 0.000000 -0.338534
vt 0.000000 -0.276460
vt 0.713531 -0.167191
vt 0.378243 -0.338534
vt 1.000000 -0.276460
vt 1.000000 1.220268
vt 0.713531 1.709716
vt 1.000000 1.589376
vt 0.366069 1.577146
vt 0.378243 1.589376
vt 1.000000 -1.689173
vt 1.000000 -1.232468
vt 0.675011 -1.232468
vt 0.675011 -1.689173
vt 0.000000 -1.689173
vt 0.000000 -2.069967
vt 0.312184 -1.102331
vt 0.000000 -1.232468
vt 1.000000 -0.528869
vt 0.713531 -0.709716
vt 1.000000 -0.338534
vt 0.378243 -0.528869
vt 0.675011 -0.944099
vt 0.000000 -0.944099
vt 1.000000 -0.944099
vt 1.000000 -0.944099
vt 1.000000 -0.537492
vt 0.675011 -0.795355
vt 0.000000 -0.537492
vt 0.000000 -0.944099
vt 0.675011 0.189287
vt 0.402335 0.328336
vt 1.000000 -0.167959
vt 1.000000 0.316871
vt 1.000000 0.582372
vt 0.675011 0.451172
vt 0.000000 0.316871
vt 0.000000 -0.167959
vt 0.312184 0.316871
vt 0.312184 0.699566
vt 0.000000 0.582372
vt 0.675011 2.033386
vt 0.000000 2.033386
vt 0.000000 1.621861
vt 1.000000 2.033386
vt 1.000000 1.621861
vt 1.000000 1.621861
vt 0.675011 1.309154
vt 1.000000 1.309154
vt 0.312184 1.621861
vt 0.000000 1.309154
vt 1.000000 -0.276460
vt 0.713531 -0.167191
vt 1.000000 -0.167191
vt 0.000000 -0.276460
vt 0.000000 -0.167191
vt 0.713531 -0.167191
vt 0.000000 -0.167959
vt 0.675011 -0.167959
vt 0.675011 0.189287
vt 0.000000 -0.537492
vt 0.312184 -0.537492
vt 0.675011 -0.167959
vt 0.000000 -0.167959
vt 0.675011 0.189287
vt 0.675011 -0.167959
vt 1.000000 -0.167959
vt 1.000000 -0.537492
vt 1.000000 -0.167959
vt 0.378243 0.746270
vt 0.000000 0.911133
vt 0.713531 0.911133
vt 0.713531 0.804850
vt 0.436786 0.741046
vt 0.000000 0.558244
vt 1.000000 0.746270
vt 0.378243 0.200285
vt 0.378243 0.434821
vt 0.713531 0.434821
vt 0.713531 0.200285
vt 1.000000 0.008570
vt 0.000000 0.200285
vt 0.000000 0.434821
vt 0.378243 0.008570
vt 0.000000 1.154348
vt 1.000000 1.154348
vt 0.675011 1.309154
vt 0.000000 -0.709716
vt 0.000000 1.709716
vt 0.713531 -0.709716
vt 1.000000 -0.528869
vt 1.000000 -0.709716
vt 0.713531 1.709716
vt 1.000000 1.709716
vt 1.000000 1.589376
vt 0.312184 -0.537492
vt 0.675011 -0.795355
vt 1.000000 -0.537492
vt 0.675011 -0.795355
vt 0.312184 -0.537492
vt 0.000000 -0.537492
vt 0.713531 -0.167191
vt 0.378243 -0.338534
vt 0.000000 -0.338534
vt 0.000000 -0.528869
vt 0.000000 -0.338534
vt 0.378243 -0.338534
vt 0.518134 0.420414
vt 1.000000 0.558244
vt 1.000000 0.434821
vt 1.000000 0.200285
vt 0.000000 2.033386
vt 0.675011 2.033386
vt 1.000000 2.331267
vt 0.000000 2.331267
vt 0.000000 2.033386
vt 0.000000 2.805263
vt 1.000000 2.331267
vt 1.000000 2.033386
vt 1.000000 2.331267
vt 0.675011 2.033386
vt 0.378243 0.970187
vt 0.000000 1.104431
vt 0.713531 1.104431
vt 0.000000 2.805263
vt 0.312184 3.069967
vt 0.000000 2.951733
vt 0.000000 1.220268
vt 0.713531 1.104431
vt 1.000000 1.104431
vt 1.000000 0.911133
vt 0.713531 1.104431
vt 1.000000 1.220268
vt 1.000000 1.104431
vt -0.284380 2.952652
vt 1.000000 2.331267
vt 0.675011 2.805263
vt 0.000000 2.805263
vt 1.000000 2.805263
vt 0.675011 2.805263
vt 1.000000 2.331267
vt 0.713531 -0.058560
vt 0.378243 0.008570
vt 0.000000 0.008570
vt 0.000000 0.200285
vt 0.000000 -0.058560
vt 0.000000 0.008570
vt 0.378243 0.008570
vt 0.675011 0.451172
vt 0.675011 1.309154
vt 0.000000 1.154348
vt 0.675011 1.309154
vt 0.000000 1.309154
vt 0.000000 1.154348
vt 1.000000 1.154348
vt 1.000000 1.309154
vt 0.675011 1.309154
vt 0.000000 1.154348
vt 0.312184 0.699566
vt 0.675011 0.451172
vt 0.000000 -0.944099
vt 0.675011 -0.944099
vt 0.675011 -0.795355
vt 0.675011 -0.795355
vt 0.675011 -0.944099
vt 1.000000 -0.944099
vt 0.000000 0.746270
vt 0.000000 1.621861
vt 0.106897 1.353853
vt 0.675011 2.033386
vt 0.312184 1.621861
vt 1.000000 1.621861
vt 0.000000 1.621861
vt 0.312184 1.621861
vt 0.675011 2.033386
vt 0.144313 -0.009942
vt 0.000000 -0.058560
vt 0.713531 -0.058560
vt 0.713531 -0.167191
vt 0.000000 -0.058560
vt 1.000000 -0.058560
vt 0.713531 -0.167191
vt 0.713531 -0.058560
vt 0.000000 -0.528869
vt 0.000000 1.589376
vt 1.000000 0.911133
vt 0.713531 0.911133
vt 0.713531 1.104431
vt 0.713531 0.911133
vt 1.000000 0.911133
vt 1.000000 0.746270
vt 0.312184 0.699566
vt 0.675011 0.451172
vt 0.675011 0.451172
vt 0.675011 0.451172
vt 0.675011 0.451172
vt 0.312184 0.316871
vt 0.312184 0.316871
vt 0.312184 -1.689173
vt 0.312184 -1.689173
vt 0.312184 -1.689173
vt 0.000000 -1.689173
vt 1.000000 0.316871
vt 0.312184 -2.069967
vt 0.312184 -2.069967
vt 0.675011 -1.689173
vt 0.675011 -2.069967
vt 0.000000 0.746270
vt 1.000000 -0.338534
vt 1.000000 -0.338534
vt 0.675011 0.189287
vt 0.675011 0.189287
vt 0.378243 -0.528869
vt 0.378243 -0.528869
vt 0.378243 -0.528869
vt 0.378243 0.746270
vt 0.378243 0.746270
vt 1.000000 -0.276460
vt 0.378243 -0.338534
vt 0.378243 -0.338534
vt 0.000000 0.558244
vt 1.000000 0.558244
vt 0.675011 2.805263
vt 0.713531 0.804850
vt 0.000000 0.911133
vt 0.000000 0.911133
vt 1.000000 1.154348
vt 0.713531 -0.167191
vt 0.713531 -0.167191
vt 0.713531 -0.058560
vt 0.713531 0.911133
vt 0.713531 0.911133
vt 0.713531 0.911133
vt 0.675011 -1.232468
vt 0.675011 -1.232468
vt 0.675011 -1.232468
vt 0.378243 0.008570
vt 0.378243 0.008570
vt 0.378243 0.008570
vt 0.378243 0.008570
vt 0.378243 0.008570
vt 1.000000 0.008570
vt 1.000000 0.008570
vt 0.000000 0.008570
vt 0.144313 -0.009942
vt 0.000000 1.309154
vt 0.675011 1.309154
vt 0.713531 1.709716
vt 0.713531 -0.709716
vt 0.713531 -0.709716
vt 0.378243 0.970187
vt 0.378243 0.970187
vt 0.000000 -0.709716
vt 0.000000 1.709716
vt 1.000000 -0.709716
vt 0.000000 -0.709716
vt 0.675011 -0.167959
vt 0.713531 0.434821
vt 0.713531 0.434821
vt 0.312184 -1.102331
vt 0.312184 -1.102331
vt 0.378243 0.434821
vt 0.378243 0.434821
vt 1.000000 -0.167959
vt 0.312184 1.621861
vt 0.675011 -0.944099
vt 0.675011 -0.944099
vt 0.378243 1.589376
vt 0.000000 -0.944099
vt 0.675011 -0.795355
vt 0.713531 0.200285
vt 0.000000 1.104431
vt 0.378243 0.200285
vt 0.312184 -0.537492
vt 0.675011 2.033386
vt 1.000000 0.200285
vt 1.000000 1.220268
vt 1.000000 1.220268
vn 0.512264 0.012591 -0.858736
vn 0.558395 -0.783386 -0.272950
vn -0.874391 -0.479761 0.072589
vn -0.993940 -0.009471 0.109515
vn -0.874391 -0.479761 0.072589
vn 0.559287 0.564356 0.607207
vn 0.672810 0.629698 0.388340
vn -0.993940 -0.009471 0.109515
vn 0.159709 0.609217 0.776754
vn 0.038023 0.015030 0.999164
vn 0.252589 0.957864 -0.136731
vn 0.038023 0.015030 0.999164
vn 0.252589 0.957864 -0.136731
vn 0.792964 -0.551723 0.258474
vn -0.197335 -0.039523 0.979539
vn 0.871733 -0.310309 0.379197
vn 0.814866 -0.543793 0.200705
vn -0.197335 -0.039523 0.979539
vn 0.233219 0.584215 0.777368
vn 0.025945 0.989867 0.139610
vn 0.917541 -0.093686 -0.386447
vn 0.917541 -0.093686 -0.386447
vn -0.210379 0.697823 -0.684678
vn 0.558395 -0.783386 -0.272950
vn 0.507577 -0.856001 -0.098128
vn -0.588860 0.259018 -0.765607
vn -0.941437 0.260130 -0.214542
vn 0.558395 -0.783386 -0.272950
vn 0.512264 0.012591 -0.858736
vn 0.027615 0.240247 0.970319
vn 0.507577 -0.856001 -0.098128
vn 0.054577 -0.923263 0.380272
vn 0.025945 0.989867 0.139610
vn 0.792964 -0.551723 0.258474
vn -0.342446 0.855126 -0.389218
vn -0.718949 0.615273 -0.323343
vn -0.805601 -0.591902 -0.025672
vn -0.805601 -0.591902 -0.025672
vn -0.999607 -0.022355 0.016918
vn -0.987740 0.092159 0.126003
vn 0.785918 -0.394939 -0.475769
vn -0.987740 0.092159 0.126003
vn -0.999607 -0.022355 0.016918
vn 0.078951 -0.031851 0.996370
vn 0.339303 0.753144 -0.563602
vn 0.976184 0.144813 -0.161538
vn 0.274860 -0.816916 -0.507052
vn 0.629528 -0.756549 -0.177000
vn -0.956444 -0.211764 0.200925
vn 0.274860 -0.816916 -0.507052
vn 0.976184 0.144813 -0.161538
vn 0.339303 0.753144 -0.563602
vn 0.898806 -0.205693 0.387090
vn 0.629528 -0.756549 -0.177000
vn -0.559745 0.828607 0.009824
vn -0.457246 0.819144 -0.346308
vn 0.696723 -0.696551 0.171447
vn -0.457246 0.819144 -0.346308
vn 0.696723 -0.696551 0.171447
vn -0.996036 0.087726 -0.014709
vn 0.668936 -0.443860 -0.596249
vn 0.500241 -0.604078 0.620362
vn -0.116640 0.970549 -0.210782
vn 0.500241 -0.604078 0.620362
vn 0.264309 0.130590 0.955556
vn 0.264309 0.130590 0.955556
vn 0.264309 0.130590 0.955556
vn -0.264309 -0.130590 -0.955556
vn -0.264309 -0.130590 -0.955556
vn -0.264309 -0.130590 -0.955556
vn -0.247804 0.734129 -0.632177
vn -0.247804 0.734129 -0.632177
vn -0.247804 0.734129 -0.632177
vn 0.454349 0.674778 -0.581586
vn 0.492107 -0.531598 -0.689372
vn -0.850183 -0.426619 0.308522
vn -0.197809 0.378197 0.904344
vn 0.247804 -0.734129 0.632177
vn 0.247804 -0.734129 0.632177
vn 0.247804 -0.734129 0.632177
vn 0.454349 0.674778 -0.581586
vn -0.197809 0.378197 0.904344
vn -0.085408 0.729527 -0.678598
vn -0.047784 0.682648 -0.729183
vn -0.030346 0.020556 -0.999328
vn 0.311251 -0.713882 0.627292
vn -0.960522 -0.193153 0.200221
vn 0.120605 -0.724753 -0.678371
vn -0.960522 -0.193153 0.200221
vn 0.109195 0.508818 -0.853921
vn -0.063529 0.404360 -0.912391
vn -0.325284 -0.236943 0.915450
vn -0.270668 -0.601695 0.751467
vn 0.265922 -0.923428 0.276705
vn 0.941419 0.071070 0.329665
vn 0.570113 -0.787850 -0.232946
vn -0.023566 -0.959158 -0.281888
vn -0.380205 -0.903134 -0.199481
vn -0.380205 -0.903134 -0.199481
vn -0.457068 -0.854770 -0.245880
vn -0.402720 0.855550 -0.325346
vn -0.402720 0.855550 -0.325346
vn -0.253442 -0.967161 -0.019151
vn -0.253442 -0.967161 -0.019151
vn -0.253442 -0.967161 -0.019151
vn 0.582851 -0.808468 0.081636
vn 0.582851 -0.808468 0.081636
vn 0.582851 -0.808468 0.081636
vn 0.945453 0.197260 -0.259244
vn 0.945453 0.197260 -0.259244
vn 0.945453 0.197260 -0.259244
vn -0.945453 -0.197260 0.259244
vn -0.945453 -0.197260 0.259244
vn -0.945453 -0.197260 0.259244
vn -0.824718 0.445830 -0.347958
vn -0.824718 0.445830 -0.347958
vn -0.824718 0.445830 -0.347958
vn -0.798371 0.579933 -0.162116
vn -0.798371 0.579933 -0.162116
vn -0.798371 0.579933 -0.162116
vn 0.570113 -0.787850 -0.232946
vn -0.981465 -0.175703 -0.076524
vn 0.570113 -0.787850 -0.232946
vn 0.941419 0.071070 0.329665
vn 0.598889 0.638445 0.483446
vn 0.598889 0.638445 0.483446
vn 0.598889 0.638445 0.483446
vn 0.471123 -0.877371 -0.090908
vn 0.147022 0.630452 0.762178
vn 0.060678 -0.996118 0.063774
vn 0.471123 -0.877371 -0.090908
vn -0.598889 -0.638445 -0.483446
vn -0.598889 -0.638445 -0.483446
vn -0.598889 -0.638445 -0.483446
vn -0.330117 0.756901 -0.564025
vn -0.113853 0.624620 -0.772585
vn -0.488781 0.290469 -0.822631
vn -0.470136 0.603020 -0.644468
vn 0.672810 0.629698 0.388340
vn 0.512264 0.012591 -0.858736
vn -0.768100 0.287443 -0.572188
vn 0.178883 -0.469560 0.864589
vn 0.178883 -0.469560 0.864589
vn 0.178883 -0.469560 0.864589
vn 0.768100 -0.287443 0.572188
vn 0.768100 -0.287443 0.572188
vn 0.768100 -0.287443 0.572188
vn 0.512264 0.012591 -0.858736
vn 0.497995 0.544474 0.674944
vn 0.497995 0.544474 0.674944
vn 0.497995 0.544474 0.674944
vn -0.497995 -0.544474 -0.674944
vn -0.497995 -0.544474 -0.674944
vn -0.497995 -0.544474 -0.674944
vn -0.131143 -0.982526 -0.132081
vn 0.460598 0.887569 -0.008428
vn 0.460598 0.887569 -0.008428
vn 0.460598 0.887569 -0.008428
vn -0.439760 0.896602 0.052110
vn -0.439760 0.896602 0.052110
vn -0.439760 0.896602 0.052110
vn 0.457068 0.854770 0.245880
vn 0.457068 0.854770 0.245880
vn 0.457068 0.854770 0.245880
vn 0.463885 0.855755 0.229116
vn 0.463885 0.855755 0.229116
vn 0.463885 0.855755 0.229116
vn -0.463885 -0.855755 -0.229116
vn -0.463885 -0.855755 -0.229116
vn -0.463885 -0.855755 -0.229116
vn -0.387597 0.917113 -0.093124
vn -0.387597 0.917113 -0.093124
vn -0.387597 0.917113 -0.093124
vn -0.572485 0.331213 0.750039
vn -0.572485 0.331213 0.750039
vn -0.572485 0.331213 0.750039
vn 0.572485 -0.331213 -0.750039
vn 0.572485 -0.331213 -0.750039
vn 0.572485 -0.331213 -0.750039
vn -0.960522 -0.193153 0.200221
vn -0.996036 0.087726 -0.014709
vn 0.668936 -0.443860 -0.596249
vn 0.531358 -0.662053 -0.528530
vn 0.531358 -0.662053 -0.528530
vn 0.531358 -0.662053 -0.528530
vn -0.531358 0.662053 0.528530
vn -0.531358 0.662053 0.528530
vn -0.531358 0.662053 0.528530
vn 0.265922 -0.923428 0.276705
vn -0.731685 -0.594733 0.333061
vn 0.481749 0.576946 -0.659584
vn 0.481749 0.576946 -0.659584
vn 0.481749 0.576946 -0.659584
vn -0.481749 -0.576946 0.659584
vn -0.481749 -0.576946 0.659584
vn -0.481749 -0.576946 0.659584
vn -0.824479 0.354214 -0.441324
vn 0.917541 -0.093686 -0.386447
vn 0.297550 0.104874 0.948928
vn 0.297550 0.104874 0.948928
vn 0.297550 0.104874 0.948929
vn -0.266114 -0.604093 0.751169
vn -0.266114 -0.604093 0.751169
vn -0.266114 -0.604093 0.751169
vn 0.898806 -0.205693 0.387090
vn -0.956444 -0.211764 0.200925
vn -0.956444 -0.211764 0.200925
vn -0.956444 -0.211764 0.200925
vn -0.956444 -0.211764 0.200925
vn 0.339303 0.753144 -0.563602
vn 0.339303 0.753144 -0.563602
vn 0.559287 0.564356 0.607207
vn 0.559287 0.564356 0.607207
vn 0.559287 0.564356 0.607207
vn 0.558395 -0.783386 -0.272950
vn 0.274860 -0.816916 -0.507052
vn 0.672810 0.629698 0.388340
vn 0.672810 0.629698 0.388340
vn -0.941437 0.260130 -0.214542
vn -0.874391 -0.479761 0.072589
vn -0.960522 -0.193153 0.200221
vn 0.792964 -0.551723 0.258474
vn 0.792964 -0.551723 0.258474
vn 0.078951 -0.031851 0.996370
vn 0.078951 -0.031851 0.996370
vn -0.342446 0.855126 -0.389218
vn -0.342446 0.855126 -0.389218
vn -0.342446 0.855126 -0.389218
vn -0.085408 0.729527 -0.678598
vn -0.085408 0.729527 -0.678598
vn -0.197335 -0.039523 0.979539
vn 0.814866 -0.543793 0.200705
vn 0.814866 -0.543793 0.200705
vn 0.120605 -0.724753 -0.678371
vn -0.981465 -0.175703 -0.076524
vn -0.993940 -0.009471 0.109515
vn 0.311251 -0.713882 0.627292
vn -0.047784 0.682648 -0.729183
vn -0.047784 0.682648 -0.729183
vn -0.380205 -0.903134 -0.199481
vn 0.159709 0.609217 0.776754
vn 0.871733 -0.310309 0.379197
vn -0.131143 -0.982526 -0.132081
vn -0.030346 0.020556 -0.999328
vn -0.030346 0.020556 -0.999328
vn -0.030346 0.020556 -0.999328
vn -0.588860 0.259018 -0.765607
vn -0.588860 0.259018 -0.765607
vn -0.588860 0.259018 -0.765607
vn -0.023566 -0.959158 -0.281888
vn -0.023566 -0.959158 -0.281888
vn -0.023566 -0.959158 -0.281888
vn -0.439760 0.896602 0.052110
vn -0.023566 -0.959158 -0.281888
vn 0.265922 -0.923428 0.276705
vn 0.265922 -0.923428 0.276705
vn -0.439760 0.896602 0.052110
vn 0.265922 -0.923428 0.276705
vn 0.500241 -0.604078 0.620362
vn 0.668936 -0.443860 -0.596249
vn 0.025945 0.989867 0.139610
vn 0.025945 0.989867 0.139610
vn 0.025945 0.989867 0.139610
vn -0.330117 0.756901 -0.564025
vn -0.330117 0.756901 -0.564025
vn -0.402720 0.855550 -0.325346
vn -0.402720 0.855550 -0.325346
vn -0.253442 -0.967161 -0.019151
vn -0.402720 0.855550 -0.325346
vn -0.850183 -0.426619 0.308522
vn -0.325284 -0.236943 0.915450
vn -0.325284 -0.236943 0.915450
vn 0.027615 0.240247 0.970319
vn 0.027615 0.240247 0.970319
vn -0.063529 0.404360 -0.912391
vn -0.063529 0.404360 -0.912391
vn -0.197809 0.378197 0.904344
vn -0.116640 0.970549 -0.210782
vn -0.718949 0.615273 -0.323343
vn -0.718949 0.615273 -0.323343
vn -0.210379 0.697823 -0.684678
vn -0.805601 -0.591902 -0.025672
vn 0.785918 -0.394939 -0.475769
vn -0.270668 -0.601695 0.751467
vn -0.113853 0.624620 -0.772585
vn 0.109195 0.508818 -0.853921
vn 0.492107 -0.531598 -0.689372
vn -0.559745 0.828607 0.009824
vn 0.941419 0.071070 0.329665
vn 0.233219 0.584215 0.777368
vn 0.233219 0.584215 0.777368
f 42/42/42 41/41/41 40/40/40
f 40/40/40 43/43/43 42/42/42
f 46/46/46 45/45/45 44/44/44
f 44/44/44 47/47/47 46/46/46
f 50/50/50 49/49/49 48/48/48
f 52/52/52 280/280/280 51/51/51
f 55/55/55 54/54/54 53/53/53
f 57/57/57 281/281/281 56/56/56
f 60/60/60 59/59/59 58/58/58
f 62/62/62 61/61/61 329/329/329
f 330/330/330 300/300/300 320/320/320
f 65/65/65 64/64/64 63/63/63
f 63/63/63 66/66/66 65/65/65
f 256/256/256 68/68/68 67/67/67
f 254/254/254 251/251/251 257/257/257
f 70/70/70 69/69/69 251/251/251
f 251/251/251 254/254/254 70/70/70
f 262/262/262 302/302/302 71/71/71
f 74/74/74 301/301/301 261/261/261
f 76/76/76 75/75/75 312/312/312
f 77/77/77 288/288/288 318/318/318
f 80/80/80 79/79/79 78/78/78
f 322/322/322 82/82/82 81/81/81
f 85/85/85 84/84/84 83/83/83
f 83/83/83 86/86/86 85/85/85
f 88/88/88 87/87/87 255/255/255
f 255/255/255 263/263/263 88/88/88
f 91/91/91 90/90/90 89/89/89
f 93/93/93 92/92/92 91/91/91
f 91/91/91 89/89/89 93/93/93
f 96/96/96 95/95/95 94/94/94
f 98/98/98 327/327/327 97/97/97
f 101/101/101 100/100/100 99/99/99
f 103/103/103 102/102/102 299/299/299
f 288/288/288 77/77/77 64/64/64
f 70/70/70 321/321/321 69/69/69
f 106/106/106 105/105/105 104/104/104
f 109/109/109 108/108/108 107/107/107
f 112/112/112 111/111/111 110/110/110
f 115/115/115 114/114/114 113/113/113
f 113/113/113 116/116/116 115/115/115
f 119/119/119 118/118/118 117/117/117
f 121/121/121 120/120/120 326/326/326
f 326/326/326 309/309/309 316/316/316
f 124/124/124 123/123/123 122/122/122
f 268/268/268 125/125/125 283/283/283
f 127/127/127 126/126/126 125/125/125
f 125/125/125 268/268/268 127/127/127
f 284/284/284 276/276/276 128/128/128
f 131/131/131 130/130/130 129/129/129
f 129/129/129 132/132/132 131/131/131
f 129/129/129 133/133/133 132/132/132
f 314/314/314 135/135/135 134/134/134
f 134/134/134 325/325/325 314/314/314
f 136/136/136 325/325/325 134/134/134
f 137/137/137 92/92/92 93/93/93
f 247/247/247 139/139/139 279/279/279
f 138/138/138 87/87/87 248/248/248
f 72/72/72 265/265/265 140/140/140
f 300/300/300 141/141/141 320/320/320
f 307/307/307 143/143/143 142/142/142
f 147/147/147 146/146/146 145/145/145
f 150/150/150 149/149/149 148/148/148
f 153/153/153 152/152/152 151/151/151
f 271/271/271 267/267/267 73/73/73
f 270/270/270 271/271/271 73/73/73
f 156/156/156 155/155/155 154/154/154
f 159/159/159 158/158/158 157/157/157
f 161/161/161 160/160/160 315/315/315
f 315/315/315 131/131/131 161/161/161
f 274/274/274 311/311/311 162/162/162
f 310/310/310 323/323/323 163/163/163
f 328/328/328 162/162/162 311/311/311
f 63/63/63 259/259/259 66/66/66
f 166/166/166 165/165/165 164/164/164
f 169/169/169 168/168/168 167/167/167
f 170/170/170 168/168/168 169/169/169
f 173/173/173 172/172/172 171/171/171
f 176/176/176 175/175/175 174/174/174
f 174/174/174 285/285/285 176/176/176
f 324/324/324 278/278/278 304/304/304
f 179/179/179 178/178/178 177/177/177
f 176/176/176 180/180/180 175/175/175
f 183/183/183 182/182/182 181/181/181
f 186/186/186 185/185/185 184/184/184
f 275/275/275 187/187/187 177/177/177
f 177/177/177 178/178/178 275/275/275
f 190/190/190 189/189/189 188/188/188
f 193/193/193 192/192/192 191/191/191
f 291/291/291 194/194/194 295/295/295
f 133/133/133 129/129/129 289/289/289
f 197/197/197 196/196/196 195/195/195
f 292/292/292 296/296/296 198/198/198
f 203/203/203 202/202/202 201/201/201
f 206/206/206 205/205/205 204/204/204
f 209/209/209 208/208/208 207/207/207
f 249/249/249 244/244/244 246/246/246
f 245/245/245 264/264/264 250/250/250
f 212/212/212 211/211/211 210/210/210
f 286/286/286 258/258/258 253/253/253
f 252/252/252 313/313/313 287/287/287
f 319/319/319 287/287/287 313/313/313
f 215/215/215 214/214/214 213/213/213
f 218/218/218 217/217/217 216/216/216
f 260/260/260 269/269/269 277/277/277
f 269/269/269 260/260/260 273/273/273
f 317/317/317 298/298/298 220/220/220
f 220/220/220 221/221/221 317/317/317
f 224/224/224 223/223/223 222/222/222
f 227/227/227 226/226/226 225/225/225
f 258/258/258 44/44/44 253/253/253
f 229/229/229 297/297/297 282/282/282
f 282/282/282 293/293/293 229/229/229
f 232/232/232 231/231/231 230/230/230
f 235/235/235 234/234/234 233/233/233
f 323/323/323 294/294/294 163/163/163
f 308/308/308 266/266/266 236/236/236
f 236/236/236 266/266/266 272/272/272
f 237/237/237 62/62/62 306/306/306
f 124/124/124 303/303/303 123/123/123
f 240/240/240 239/239/239 238/238/238
f 243/243/243 242/242/242 241/241/241
o G3_Object_Interact_Campfire_01_2
usemtl G3_Architecture_Wood_04_C
v -0.027297 1.693527 0.072375
v -0.052587 1.674789 0.042677
v -0.059318 0.897179 0.466743
v -0.037276 0.913510 0.492627
v 0.033367 1.674789 0.032539
v 0.015681 1.693527 0.067307
v 0.000180 0.913510 0.488209
v 0.015595 0.897179 0.457908
v 0.111493 1.523401 -0.250761
v 0.122529 1.539864 -0.282458
v -0.272400 2.306139 0.005270
v 0.834522 -0.008441 -0.794421
v 0.822979 0.008168 -0.856536
v 0.488029 0.952684 -0.494205
v 0.475626 0.934183 -0.458583
v 0.100051 1.539864 -0.312330
v 0.066537 1.523401 -0.310504
v -0.264477 2.301142 -0.031427
v 0.412702 0.915682 -0.490100
v 0.425105 0.934183 -0.525722
v 0.778033 -0.025050 -0.822715
v 0.128199 0.012579 0.998318
v 0.148039 -0.008441 0.959319
v -0.043903 0.880847 0.436442
v -0.006447 0.880847 0.432025
v 0.119670 -0.029461 0.926006
v 0.071462 -0.029461 0.931691
v -0.006447 0.880847 0.432025
v 0.008077 1.656050 0.002841
v -0.752486 -0.075993 -0.829108
v -0.806270 -0.054149 -0.830397
v -0.483145 0.729558 -0.573458
v -0.448210 0.715370 -0.572621
v -0.491096 0.713694 -0.510589
v -0.504588 0.728721 -0.542443
v -0.839283 -0.055439 -0.782647
v -0.818510 -0.078573 -0.733607
v 0.055500 1.506939 -0.278806
v 0.077979 1.506939 -0.248934
v -0.294467 2.288921 -0.001333
v 0.778033 -0.025050 -0.822715
v 0.437963 0.915682 -0.456531
v 0.412702 0.915682 -0.490100
v -0.196128 1.518458 -0.381855
v -0.167970 1.507022 -0.381180
v 0.162038 2.316024 -0.062100
v 0.148546 2.313188 -0.093953
v -0.213411 1.517783 -0.356855
v -0.157095 1.494910 -0.355505
v -0.434718 0.700343 -0.540768
v 0.196974 2.283973 -0.061263
v 0.175531 2.272953 -0.030247
v -0.174378 1.494235 -0.330506
v 0.051622 -0.008441 0.970691
v 0.079991 0.012579 1.004005
v -0.764727 -0.100417 -0.732318
v -0.456161 0.699505 -0.509752
v 0.175531 2.272953 -0.030247
v 0.140595 2.271714 -0.031084
v -0.202536 1.505671 -0.331181
v -0.174378 1.494235 -0.330506
v 0.055500 1.506939 -0.278806
v -0.034900 1.656050 0.007910
v 0.008077 1.656050 0.002841
v -0.048574 2.333570 -0.410928
v -0.043731 2.364579 -0.369870
v 0.462768 0.952684 -0.527774
v -0.752486 -0.075993 -0.829108
v -0.731715 -0.099127 -0.780068
v -0.764727 -0.100417 -0.732318
v -0.456161 0.699505 -0.509752
v -0.764727 -0.100417 -0.732318
v -0.731715 -0.099127 -0.780068
v 0.079991 0.012579 1.004005
v 0.051622 -0.008441 0.970691
v 0.119670 -0.029461 0.926006
v -0.075945 2.333570 -0.407700
v -0.048574 2.333570 -0.410928
v -0.059839 2.366575 -0.388785
v 0.822979 0.008168 -0.856536
v 0.834522 -0.008441 -0.794421
v 0.778033 -0.025050 -0.822715
v 0.175531 2.272953 -0.030247
v 0.196974 2.283973 -0.061263
v 0.162038 2.316024 -0.062100
v -0.294467 2.288921 -0.001333
v -0.048574 2.333570 -0.410928
v -0.075945 2.333570 -0.407700
v -0.059839 2.366575 -0.388785
v -0.839283 -0.055439 -0.782647
v -0.806270 -0.054149 -0.830397
v -0.264477 2.301142 -0.031427
v -0.294467 2.288921 -0.001333
v -0.272400 2.306139 0.005270
v -0.043731 2.364579 -0.369870
v -0.048574 2.333570 -0.410928
v 0.148546 2.313188 -0.093953
v 0.119670 -0.029461 0.926006
v -0.818510 -0.078573 -0.733607
v 0.140595 2.271714 -0.031084
v 0.175531 2.272953 -0.030247
v 0.071462 -0.029461 0.931691
v 0.128199 0.012579 0.998318
v 0.148039 -0.008441 0.959319
v -0.839283 -0.055439 -0.782647
v -0.818510 -0.078573 -0.733607
v -0.806270 -0.054149 -0.830397
v -0.752486 -0.075993 -0.829108
v -0.731715 -0.099127 -0.780068
v -0.504588 0.728721 -0.542443
v -0.504588 0.728721 -0.542443
v -0.491096 0.713694 -0.510589
v -0.483145 0.729558 -0.573458
v -0.448210 0.715370 -0.572621
v -0.434718 0.700343 -0.540768
v -0.294467 2.288921 -0.001333
v -0.272400 2.306139 0.005270
v -0.272400 2.306139 0.005270
v -0.272400 2.306139 0.005270
v -0.264477 2.301142 -0.031427
v -0.264477 2.301142 -0.031427
v -0.213411 1.517783 -0.356855
v -0.213411 1.517783 -0.356855
v -0.213411 1.517783 -0.356855
v -0.202536 1.505671 -0.331181
v -0.196128 1.518458 -0.381855
v -0.196128 1.518458 -0.381855
v -0.167970 1.507022 -0.381180
v -0.157095 1.494910 -0.355505
v -0.075945 2.333570 -0.407700
v -0.075945 2.333570 -0.407700
v -0.059839 2.366575 -0.388785
v -0.059839 2.366575 -0.388785
v -0.059839 2.366575 -0.388785
v -0.059318 0.897179 0.466743
v -0.052587 1.674789 0.042677
v -0.052587 1.674789 0.042677
v -0.048574 2.333570 -0.410928
v -0.043903 0.880847 0.436442
v -0.043731 2.364579 -0.369870
v -0.043731 2.364579 -0.369870
v -0.037276 0.913510 0.492627
v -0.034900 1.656050 0.007910
v -0.027297 1.693527 0.072375
v -0.027297 1.693527 0.072375
v 0.000180 0.913510 0.488209
v 0.015595 0.897179 0.457908
v 0.015681 1.693527 0.067307
v 0.033367 1.674789 0.032539
v 0.051622 -0.008441 0.970691
v 0.066537 1.523401 -0.310504
v 0.071462 -0.029461 0.931691
v 0.077979 1.506939 -0.248934
v 0.077979 1.506939 -0.248934
v 0.079991 0.012579 1.004005
v 0.079991 0.012579 1.004005
v 0.100051 1.539864 -0.312330
v 0.111493 1.523401 -0.250761
v 0.122529 1.539864 -0.282458
v 0.122529 1.539864 -0.282458
v 0.128199 0.012579 0.998318
v 0.140595 2.271714 -0.031084
v 0.140595 2.271714 -0.031084
v 0.148039 -0.008441 0.959319
v 0.148546 2.313188 -0.093953
v 0.162038 2.316024 -0.062100
v 0.162038 2.316024 -0.062100
v 0.162038 2.316024 -0.062100
v 0.162038 2.316024 -0.062100
v 0.162038 2.316024 -0.062100
v 0.196974 2.283973 -0.061263
v 0.196974 2.283973 -0.061263
v 0.425105 0.934183 -0.525722
v 0.437963 0.915682 -0.456531
v 0.462768 0.952684 -0.527774
v 0.475626 0.934183 -0.458583
v 0.488029 0.952684 -0.494205
v 0.822979 0.008168 -0.856536
v 0.822979 0.008168 -0.856536
v 0.834522 -0.008441 -0.794421
vt 0.062009 0.869754
vt 0.011177 0.869754
vt 0.011177 0.130246
vt 0.062009 0.130246
vt 0.163673 0.869754
vt 0.112841 0.869754
vt 0.112841 0.130246
vt 0.163673 0.130246
vt 0.406933 1.455446
vt 0.455041 1.455446
vt 0.455041 2.309512
vt 0.406933 0.141498
vt 0.503148 0.141498
vt 0.455041 0.798472
vt 0.406933 0.798472
vt 0.503148 1.455446
vt 0.551255 1.455446
vt 0.503148 2.112421
vt 0.599363 0.798472
vt 0.551255 0.798472
vt 0.599363 0.141498
vt 0.112841 -0.609262
vt 0.163673 -0.609262
vt -0.039656 0.130246
vt -0.090488 0.130246
vt -0.090488 -0.609262
vt -0.039656 -0.609262
vt 0.214506 0.130246
vt 0.214506 0.869754
vt 0.626088 -0.210139
vt 0.674677 -0.210139
vt 0.681934 0.263287
vt 0.633346 0.263287
vt 0.779112 0.263287
vt 0.730523 0.263287
vt 0.723266 -0.210139
vt 0.771855 -0.210139
vt 0.310718 1.455446
vt 0.358825 1.455446
vt 0.310718 2.112421
vt 0.310718 0.141498
vt 0.358825 0.798472
vt 0.310718 0.798472
vt 0.732734 0.736713
vt 0.684145 0.736713
vt 0.732734 1.352167
vt 0.732734 1.210140
vt 0.781323 0.736713
vt 0.635557 0.736713
vt 0.584757 0.263287
vt 0.635557 1.210140
vt 0.586968 1.210140
vt 0.586968 0.736713
vt 0.011177 -0.609262
vt 0.062009 -0.609262
vt 0.820444 -0.210139
vt 0.827701 0.263287
vt 0.878501 1.210140
vt 0.829912 1.210140
vt 0.829912 0.736713
vt 0.878501 0.736713
vt 0.599363 1.455446
vt -0.039656 0.869754
vt -0.090488 0.869754
vt 0.214506 1.609263
vt 0.112841 1.609263
vt 0.503148 0.798472
vt 0.626088 -0.210139
vt 0.577499 -0.210139
vt 0.528910 -0.210139
vt 0.536168 0.263287
vt 0.528910 -0.210139
vt 0.577499 -0.210139
vt 0.062009 -0.609262
vt 0.011177 -0.609262
vt -0.090488 -0.609262
vt -0.039656 1.609263
vt -0.090488 1.609263
vt 0.062009 1.831115
vt 0.503148 0.141498
vt 0.406933 0.141498
vt 0.310718 0.141498
vt 0.586968 1.210140
vt 0.635557 1.210140
vt 0.732734 1.352167
vt 0.599363 2.112421
vt -0.090488 1.609263
vt -0.039656 1.609263
vt 0.062009 1.831115
vt 0.723266 -0.210139
vt 0.674677 -0.210139
vt 0.503148 2.112421
vt 0.599363 2.112421
vt 0.455041 2.309512
vt 0.112841 1.609263
vt 0.214506 1.609263
vt 0.732734 1.210140
vt 0.214506 -0.609262
vt 0.771855 -0.210139
vt 0.829912 1.210140
vt 0.878501 1.210140
vt -0.039656 -0.609262
vt 0.112841 -0.609262
vt 0.163673 -0.609262
vt 0.723266 -0.210139
vt 0.771855 -0.210139
vt 0.674677 -0.210139
vt 0.626088 -0.210139
vt 0.577499 -0.210139
vt 0.730523 0.263287
vt 0.730523 0.263287
vt 0.779112 0.263287
vt 0.681934 0.263287
vt 0.633346 0.263287
vt 0.584757 0.263287
vt 0.310718 2.112421
vt 0.455041 2.309512
vt 0.455041 2.309512
vt 0.455041 2.309512
vt 0.503148 2.112421
vt 0.503148 2.112421
vt 0.781323 0.736713
vt 0.781323 0.736713
vt 0.781323 0.736713
vt 0.829912 0.736713
vt 0.732734 0.736713
vt 0.732734 0.736713
vt 0.684145 0.736713
vt 0.635557 0.736713
vt -0.039656 1.609263
vt -0.039656 1.609263
vt 0.062009 1.831115
vt 0.062009 1.831115
vt 0.062009 1.831115
vt 0.011177 0.130246
vt 0.011177 0.869754
vt 0.011177 0.869754
vt -0.090488 1.609263
vt -0.039656 0.130246
vt 0.112841 1.609263
vt 0.112841 1.609263
vt 0.062009 0.130246
vt -0.039656 0.869754
vt 0.062009 0.869754
vt 0.062009 0.869754
vt 0.112841 0.130246
vt 0.163673 0.130246
vt 0.112841 0.869754
vt 0.163673 0.869754
vt 0.011177 -0.609262
vt 0.551255 1.455446
vt -0.039656 -0.609262
vt 0.358825 1.455446
vt 0.358825 1.455446
vt 0.062009 -0.609262
vt 0.062009 -0.609262
vt 0.503148 1.455446
vt 0.406933 1.455446
vt 0.455041 1.455446
vt 0.455041 1.455446
vt 0.112841 -0.609262
vt 0.829912 1.210140
vt 0.829912 1.210140
vt 0.163673 -0.609262
vt 0.732734 1.210140
vt 0.732734 1.352167
vt 0.732734 1.352167
vt 0.732734 1.352167
vt 0.732734 1.352167
vt 0.732734 1.352167
vt 0.635557 1.210140
vt 0.635557 1.210140
vt 0.551255 0.798472
vt 0.358825 0.798472
vt 0.503148 0.798472
vt 0.406933 0.798472
vt 0.455041 0.798472
vt 0.503148 0.141498
vt 0.503148 0.141498
vt 0.406933 0.141498
vn -0.400115 0.466386 0.788918
vn -0.993151 0.049930 0.105637
vn -0.993826 0.004759 0.110852
vn -0.425621 0.419206 0.801943
vn 0.995440 -0.018831 -0.093516
vn 0.587929 0.427334 0.686822
vn 0.571791 0.422793 0.703065
vn 0.992952 -0.004397 -0.118432
vn 0.570514 0.036399 0.820481
vn 0.867602 0.496393 -0.029330
vn 0.551604 0.015308 0.833966
vn 0.611177 -0.090003 0.786360
vn 0.287008 0.373940 -0.881927
vn 0.890178 0.453905 -0.039402
vn 0.610574 0.021221 0.791675
vn 0.270534 0.458570 -0.846478
vn -0.601264 -0.026510 -0.798611
vn 0.425758 0.550391 -0.718192
vn -0.889072 -0.455180 0.048596
vn -0.582024 0.003250 -0.813165
vn -0.908879 -0.413862 0.051559
vn 0.595996 0.458097 0.659496
vn 0.986363 0.059235 -0.153555
vn -0.598330 -0.411709 -0.687384
vn 0.389754 -0.424287 -0.817357
vn 0.418892 -0.387574 -0.821168
vn -0.569242 -0.447409 -0.689774
vn 0.389754 -0.424287 -0.817357
vn 0.423726 -0.445758 -0.788515
vn 0.576582 0.042752 -0.815920
vn -0.349447 0.418856 -0.838120
vn -0.363648 0.382467 -0.849399
vn 0.575758 0.018641 -0.817407
vn -0.550185 0.002142 0.835040
vn -0.927834 0.372736 -0.013855
vn -0.917834 0.396644 -0.015978
vn -0.560192 -0.001672 0.828361
vn -0.880730 -0.472395 0.034030
vn -0.304962 -0.448106 0.840357
vn -0.700086 -0.450399 0.554094
vn -0.908879 -0.413862 0.051559
vn -0.270402 -0.436991 0.857859
vn -0.889072 -0.455180 0.048596
vn -0.359751 0.404375 -0.840869
vn 0.554994 0.029856 -0.831318
vn -0.919521 0.350579 0.177696
vn -0.741193 0.505184 -0.442067
vn -0.920485 0.388797 -0.039292
vn 0.928713 -0.370758 0.005449
vn 0.936688 -0.347910 0.039669
vn 0.904881 -0.274922 -0.324974
vn 0.541014 -0.504929 0.672570
vn 0.357958 -0.397356 0.844970
vn -0.989303 -0.043751 0.139163
vn -0.393080 0.414670 0.820693
vn 0.365833 -0.377774 0.850560
vn 0.374917 -0.354671 0.856531
vn 0.541014 -0.504929 0.672570
vn -0.736200 0.082528 0.671713
vn -0.582506 -0.011580 0.812744
vn 0.357958 -0.397356 0.844970
vn -0.880730 -0.472395 0.034030
vn -0.582079 -0.419694 -0.696449
vn 0.423726 -0.445758 -0.788515
vn 0.641127 -0.343438 -0.686299
vn 0.054471 0.617051 0.785036
vn 0.314250 0.453525 -0.834004
vn -0.356663 -0.894144 -0.270737
vn -0.356665 -0.894143 -0.270737
vn -0.356664 -0.894144 -0.270737
vn 0.374917 -0.354671 0.856531
vn 0.365833 -0.377774 0.850560
vn 0.934220 -0.355563 0.028423
vn 0.058565 -0.866026 0.496558
vn 0.058565 -0.866026 0.496558
vn 0.058565 -0.866025 0.496558
vn -0.937538 -0.189935 -0.291457
vn 0.641127 -0.343438 -0.686299
vn -0.808718 0.309390 0.500253
vn 0.406310 -0.861064 -0.305747
vn 0.406310 -0.861064 -0.305747
vn 0.406310 -0.861064 -0.305747
vn 0.218181 0.623555 0.750717
vn 0.625999 0.691743 0.360023
vn 0.592796 0.794180 0.133684
vn -0.700086 -0.450399 0.554094
vn 0.127631 0.582245 -0.802933
vn -0.099269 0.530791 -0.841669
vn 0.480117 0.595805 -0.643820
vn -0.356664 -0.894144 -0.270736
vn -0.356663 -0.894144 -0.270737
vn -0.555366 0.799522 -0.228766
vn -0.555366 0.799522 -0.228766
vn -0.555366 0.799522 -0.228766
vn 0.658464 0.561188 -0.501491
vn 0.127631 0.582245 -0.802933
vn 0.641706 0.690745 -0.333293
vn 0.418892 -0.387574 -0.821168
vn -0.356664 -0.894144 -0.270736
vn -0.040179 0.585972 0.809335
vn 0.218181 0.623555 0.750717
vn 0.058566 -0.866025 0.496559
vn 0.058566 -0.866026 0.496558
vn 0.058565 -0.866025 0.496558
vn -0.917834 0.396644 -0.015978
vn -0.560192 -0.001672 0.828361
vn -0.349447 0.418856 -0.838120
vn 0.576582 0.042752 -0.815920
vn 0.934220 -0.355563 0.028423
vn -0.927834 0.372736 -0.013855
vn -0.927834 0.372736 -0.013855
vn -0.550185 0.002142 0.835040
vn -0.363648 0.382467 -0.849399
vn 0.575758 0.018641 -0.817407
vn 0.936688 -0.347910 0.039669
vn -0.700086 -0.450399 0.554094
vn 0.551604 0.015308 0.833966
vn 0.551604 0.015308 0.833966
vn 0.551604 0.015308 0.833966
vn 0.425758 0.550391 -0.718192
vn 0.425758 0.550391 -0.718192
vn -0.920485 0.388797 -0.039292
vn -0.920485 0.388797 -0.039292
vn -0.920485 0.388797 -0.039292
vn -0.582506 -0.011580 0.812744
vn -0.359751 0.404375 -0.840869
vn -0.359751 0.404375 -0.840869
vn 0.554994 0.029856 -0.831318
vn 0.928713 -0.370758 0.005449
vn -0.937538 -0.189935 -0.291457
vn -0.937538 -0.189935 -0.291457
vn -0.808718 0.309390 0.500253
vn -0.808718 0.309390 0.500253
vn 0.480117 0.595805 -0.643820
vn -0.993826 0.004759 0.110852
vn -0.993151 0.049930 0.105637
vn -0.993151 0.049930 0.105637
vn 0.641127 -0.343438 -0.686299
vn -0.598330 -0.411709 -0.687384
vn 0.054471 0.617051 0.785036
vn 0.054471 0.617051 0.785036
vn -0.425621 0.419206 0.801943
vn -0.582079 -0.419694 -0.696449
vn -0.400115 0.466386 0.788918
vn -0.400115 0.466386 0.788918
vn 0.571791 0.422793 0.703065
vn 0.992952 -0.004397 -0.118432
vn 0.587929 0.427334 0.686822
vn 0.995440 -0.018831 -0.093516
vn -0.989303 -0.043751 0.139163
vn -0.601264 -0.026510 -0.798611
vn -0.569242 -0.447409 -0.689774
vn -0.304962 -0.448106 0.840357
vn -0.304962 -0.448106 0.840357
vn -0.393080 0.414670 0.820693
vn -0.393080 0.414670 0.820693
vn 0.270534 0.458570 -0.846478
vn 0.570514 0.036399 0.820481
vn 0.867602 0.496393 -0.029330
vn 0.867602 0.496393 -0.029330
vn 0.595996 0.458097 0.659496
vn -0.736200 0.082528 0.671713
vn -0.736200 0.082528 0.671713
vn 0.986363 0.059235 -0.153555
vn -0.741193 0.505184 -0.442067
vn -0.919521 0.350579 0.177696
vn -0.919521 0.350579 0.177696
vn 0.592796 0.794180 0.133684
vn 0.592796 0.794180 0.133684
vn 0.592796 0.794180 0.133684
vn 0.904881 -0.274922 -0.324974
vn 0.625999 0.691743 0.360023
vn -0.582024 0.003250 -0.813165
vn -0.270402 -0.436991 0.857859
vn 0.314250 0.453525 -0.834004
vn 0.610574 0.021221 0.791675
vn 0.890178 0.453905 -0.039402
vn 0.287008 0.373940 -0.881927
vn 0.287008 0.373940 -0.881927
vn 0.611177 -0.090003 0.786360
f 333/333/333 332/332/332 331/331/331
f 331/331/331 334/334/334 333/333/333
f 337/337/337 336/336/336 335/335/335
f 335/335/335 338/338/338 337/337/337
f 341/341/341 340/340/340 339/339/339
f 344/344/344 343/343/343 342/342/342
f 342/342/342 345/345/345 344/344/344
f 348/348/348 347/347/347 346/346/346
f 351/351/351 350/350/350 349/349/349
f 352/352/352 337/337/337 338/338/338
f 338/338/338 353/353/353 352/352/352
f 356/356/356 355/355/355 354/354/354
f 354/354/354 357/357/357 356/356/356
f 359/359/359 358/358/358 477/477/477
f 477/477/477 479/479/479 359/359/359
f 362/362/362 361/361/361 360/360/360
f 360/360/360 363/363/363 362/362/362
f 366/366/366 365/365/365 364/364/364
f 364/364/364 367/367/367 366/366/366
f 370/370/370 369/369/369 368/368/368
f 372/372/372 510/510/510 371/371/371
f 371/371/371 373/373/373 372/372/372
f 363/363/363 375/375/375 374/374/374
f 374/374/374 362/362/362 363/363/363
f 457/457/457 377/377/377 376/376/376
f 496/496/496 378/378/378 456/456/456
f 380/380/380 379/379/379 458/458/458
f 458/458/458 444/444/444 380/380/380
f 383/383/383 382/382/382 381/381/381
f 381/381/381 459/459/459 383/383/383
f 334/334/334 385/385/385 384/384/384
f 384/384/384 333/333/333 334/334/334
f 387/387/387 386/386/386 436/436/436
f 436/436/436 442/442/442 387/387/387
f 390/390/390 389/389/389 388/388/388
f 388/388/388 391/391/391 390/390/390
f 350/350/350 481/481/481 392/392/392
f 392/392/392 349/349/349 350/350/350
f 369/369/369 372/372/372 373/373/373
f 373/373/373 368/368/368 369/369/369
f 393/393/393 354/354/354 355/355/355
f 355/355/355 394/394/394 393/393/393
f 395/395/395 359/359/359 479/479/479
f 479/479/479 396/396/396 395/395/395
f 508/508/508 397/397/397 503/503/503
f 503/503/503 351/351/351 508/508/508
f 400/400/400 399/399/399 398/398/398
f 402/402/402 401/401/401 445/445/445
f 445/445/445 403/403/403 402/402/402
f 345/345/345 339/339/339 340/340/340
f 340/340/340 344/344/344 345/345/345
f 347/347/347 503/503/503 397/397/397
f 397/397/397 346/346/346 347/347/347
f 406/406/406 405/405/405 404/404/404
f 492/492/492 455/455/455 453/453/453
f 452/452/452 497/497/497 493/493/493
f 394/394/394 468/468/468 407/407/407
f 407/407/407 393/393/393 394/394/394
f 466/466/466 461/461/461 409/409/409
f 462/462/462 331/331/331 332/332/332
f 412/412/412 411/411/411 410/410/410
f 454/454/454 440/440/440 443/443/443
f 443/443/443 456/456/456 454/454/454
f 391/391/391 387/387/387 442/442/442
f 442/442/442 390/390/390 391/391/391
f 495/495/495 374/374/374 458/458/458
f 458/458/458 501/501/501 495/495/495
f 498/498/498 414/414/414 413/413/413
f 459/459/459 445/445/445 401/401/401
f 401/401/401 383/383/383 459/459/459
f 416/416/416 392/392/392 481/481/481
f 481/481/481 348/348/348 416/416/416
f 451/451/451 487/487/487 489/489/489
f 490/490/490 447/447/447 450/450/450
f 464/464/464 418/418/418 417/417/417
f 475/475/475 463/463/463 471/471/471
f 470/470/470 478/478/478 474/474/474
f 478/478/478 476/476/476 472/472/472
f 472/472/472 474/474/474 478/478/478
f 507/507/507 489/489/489 487/487/487
f 487/487/487 505/505/505 507/507/507
f 509/509/509 507/507/507 505/505/505
f 400/400/400 421/421/421 420/420/420
f 437/437/437 443/443/443 440/440/440
f 440/440/440 435/435/435 437/437/437
f 449/449/449 488/488/488 483/483/483
f 484/484/484 446/446/446 448/448/448
f 424/424/424 423/423/423 422/422/422
f 396/396/396 479/479/479 336/336/336
f 460/460/460 467/467/467 473/473/473
f 467/467/467 465/465/465 469/469/469
f 469/469/469 473/473/473 467/467/467
f 504/504/504 483/483/483 488/488/488
f 488/488/488 506/506/506 504/504/504
f 510/510/510 504/504/504 506/506/506
f 419/419/419 426/426/426 425/425/425
f 500/500/500 427/427/427 502/502/502
f 465/465/465 480/480/480 482/482/482
f 482/482/482 469/469/469 465/465/465
f 441/441/441 453/453/453 455/455/455
f 455/455/455 364/364/364 441/441/441
f 358/358/358 428/428/428 494/494/494
f 494/494/494 477/477/477 358/358/358
f 476/476/476 491/491/491 486/486/486
f 486/486/486 472/472/472 476/476/476
f 439/439/439 380/380/380 444/444/444
f 444/444/444 438/438/438 439/439/439
f 400/400/400 420/420/420 429/429/429
f 400/400/400 398/398/398 421/421/421
f 501/501/501 458/458/458 379/379/379
f 415/415/415 431/431/431 430/430/430
f 406/406/406 432/432/432 405/405/405
f 406/406/406 404/404/404 433/433/433
f 406/406/406 433/433/433 434/434/434
o G3_Object_Interact_Campfire_01_3
usemtl G3_Architecture_Wood_Burned_01_A
v 0.154308 0.066007 -0.545482
v 0.537177 0.011777 -0.232397
v 0.392634 -0.025934 -0.795508
v 0.153121 -0.025934 -0.842029
v 0.424668 0.011777 0.246629
v 0.632148 -0.025934 0.486142
v 0.742801 -0.025934 0.007116
v 0.462600 0.076584 0.006771
v -0.089476 0.097356 0.318884
v -0.326218 0.016026 0.246753
v -0.325905 -0.025934 0.561669
v -0.086392 -0.025934 0.620762
v -0.683568 -0.025934 0.007116
v -0.144075 0.133234 -0.246421
v -0.087391 0.045189 -0.550283
v -0.262875 -0.004145 0.454719
v -0.332531 -0.005641 0.411091
v -0.099548 0.192220 0.000585
v -0.099548 0.192220 0.000585
v -0.029126 0.167447 0.100713
v -0.262875 -0.004145 0.454719
v -0.213042 0.126380 0.179469
v -0.104350 0.128096 0.247008
v -0.031637 0.196950 0.124880
v -0.031637 0.196950 0.124880
v -0.121455 0.222192 0.013375
v -0.213042 0.126380 0.179469
v -0.332395 0.071821 -0.070968
v -0.622992 0.000368 -0.176423
v -0.324592 0.058306 -0.177096
v -0.341537 0.087657 -0.193137
v -0.656977 0.032148 -0.092410
v -0.350892 0.103859 -0.065717
v 0.092152 0.196138 -0.093293
v 0.016687 0.270819 -0.194225
v 0.166386 0.142723 -0.182020
v 0.166386 0.142723 -0.182020
v 0.161026 0.135111 -0.076522
v 0.092152 0.196138 -0.093293
v 0.186744 0.158050 -0.062531
v 0.436387 0.017999 -0.173216
v 0.193182 0.167194 -0.189246
v 0.039232 0.369064 -0.235471
v -0.325855 0.073917 -0.242588
v -0.086761 0.324021 -0.181123
v -0.322488 0.043364 -0.211727
v -0.240977 0.000391 -0.318989
v 0.065139 0.341136 -0.219765
v 0.065139 0.341136 -0.219765
v -0.051521 0.336479 -0.132400
v -0.322488 0.043364 -0.211727
v 0.015364 0.084557 -0.379857
v -0.106060 0.066392 -0.339996
v -0.112520 0.021947 -0.470321
v -0.112520 0.021947 -0.470321
v -0.055799 0.029065 -0.557890
v 0.015364 0.084557 -0.379857
v -0.158512 0.067394 -0.468995
v 0.017648 0.123820 -0.392148
v -0.053515 0.068327 -0.570181
v 0.145549 0.082770 0.212048
v 0.058683 -0.058530 0.477181
v 0.042125 0.177662 0.070529
v 0.042125 0.177662 0.070529
v 0.144510 0.245462 0.001361
v 0.145549 0.082770 0.212048
v 0.161617 0.184944 0.124918
v 0.039495 0.185242 0.125217
v 0.028187 0.108165 0.237444
v 0.028187 0.108165 0.237444
v 0.148559 -0.045780 0.509082
v 0.161617 0.184944 0.124918
v 0.038949 0.222886 -0.089679
v 0.027157 0.191631 -0.000163
v 0.074867 0.145292 0.091703
v 0.115646 0.096802 0.091868
v 0.018094 0.190536 -0.097535
v 0.235632 0.081027 0.070898
v -0.638064 -0.025934 -0.471910
v -0.683568 -0.025934 -0.232397
v 0.120990 0.364997 -0.092720
v 0.074933 0.399712 -0.098087
v 0.027010 0.473502 -0.012231
v 0.103728 0.332476 -0.074220
v 0.086695 0.316214 -0.170134
v 0.151049 0.228021 -0.290728
v -0.038491 0.295994 -0.022585
v 0.048601 0.336390 -0.013273
v 0.043932 0.379682 -0.091731
v 0.051297 0.307298 -0.036971
v -0.099548 0.192220 0.000585
v -0.040301 0.265196 -0.047770
v -0.040301 0.265196 -0.047770
v 0.039212 0.340178 -0.079894
v 0.051297 0.307298 -0.036971
v -0.130527 0.146671 0.032102
v -0.072093 0.186480 -0.121221
v -0.253770 0.123631 0.003709
v -0.253770 0.123631 0.003709
v -0.418966 0.040656 0.211934
v -0.130527 0.146671 0.032102
v -0.045572 0.134000 -0.009916
v 0.061843 0.195207 -0.074487
v -0.122169 0.109840 0.039184
v 0.147361 0.130269 -0.264337
v 0.097137 0.166422 -0.229510
v 0.082925 0.077503 -0.397551
v 0.082925 0.077503 -0.397551
v 0.173753 0.081046 -0.388634
v 0.147361 0.130269 -0.264337
v 0.184905 0.109524 -0.406607
v 0.106726 0.039941 -0.627312
v 0.053922 0.165980 -0.272792
v 0.151049 0.228021 -0.290728
v 0.395343 0.012799 -0.362606
v 0.103728 0.332476 -0.074220
v 0.181831 0.255701 -0.290385
v 0.120990 0.364997 -0.092720
v 0.405046 0.053633 -0.373547
v 0.405046 0.053633 -0.373547
v 0.337869 0.077684 -0.467172
v 0.181831 0.255701 -0.290385
v -0.078774 0.040076 -0.010529
v -0.430290 0.085314 0.004300
v 0.167592 0.098241 0.007155
v 0.040737 0.165579 -0.250615
v -0.111180 0.225922 -0.053965
v -0.069372 0.241258 -0.136114
v -0.201441 0.155255 -0.174129
v -0.051326 0.206248 -0.146510
v -0.053080 0.213337 -0.099427
v -0.190989 0.137151 -0.054927
v -0.190989 0.137151 -0.054927
v -0.133491 0.145760 -0.163917
v -0.051326 0.206248 -0.146510
v 0.016687 0.270819 -0.194225
v 0.038395 0.229918 -0.132800
v -0.070697 0.360912 -0.178668
v 0.007691 0.324076 -0.150421
v 0.065428 0.256713 -0.145048
v 0.044977 0.296660 -0.202136
v -0.638064 -0.025934 0.246629
v -0.076237 0.150711 -0.175272
v 0.016862 0.154391 -0.254999
v -0.158512 0.067394 -0.468995
v -0.111180 0.225922 -0.053965
v -0.201441 0.155255 -0.174129
v -0.341537 0.087657 -0.193137
v -0.341537 0.087657 -0.193137
v -0.350892 0.103859 -0.065717
v -0.111180 0.225922 -0.053965
v -0.190989 0.137151 -0.054927
v -0.053080 0.213337 -0.099427
v 0.094197 0.312801 -0.083906
v 0.171463 0.165072 -0.275180
v 0.161284 0.157202 -0.178823
v 0.184905 0.109524 -0.406607
v 0.102421 0.348508 -0.193281
v 0.074933 0.399712 -0.098087
v 0.120990 0.364997 -0.092720
v 0.120990 0.364997 -0.092720
v 0.181831 0.255701 -0.290385
v 0.102421 0.348508 -0.193281
v 0.071786 0.314589 -0.213385
v 0.010730 0.457724 -0.129086
v 0.151049 0.228021 -0.290728
v -0.075617 0.148712 -0.133146
v -0.059115 0.137872 -0.049280
v -0.122169 0.109840 0.039184
v -0.059115 0.137872 -0.049280
v -0.002056 0.169285 -0.118982
v -0.031944 0.191455 -0.105193
v -0.031944 0.191455 -0.105193
v -0.054286 0.174911 -0.033342
v -0.059115 0.137872 -0.049280
v -0.112394 0.238064 -0.066917
v 0.115646 0.096802 0.091868
v 0.074867 0.145292 0.091703
v 0.015261 0.176367 0.000558
v -0.112394 0.238064 -0.066917
v 0.074867 0.145292 0.091703
v 0.074867 0.145292 0.091703
v 0.198639 0.139767 0.028206
v 0.038949 0.222886 -0.089679
v 0.115646 0.096802 0.091868
v 0.235632 0.081027 0.070898
v 0.399788 0.018816 0.216435
v 0.399788 0.018816 0.216435
v 0.360697 0.026071 0.303997
v 0.115646 0.096802 0.091868
v -0.325855 0.073917 -0.242588
v 0.039232 0.369064 -0.235471
v -0.258000 0.038143 -0.331880
v -0.051326 0.206248 -0.146510
v -0.133491 0.145760 -0.163917
v 0.046016 0.257201 -0.175068
v -0.061115 0.225287 -0.143995
v 0.046016 0.257201 -0.175068
v -0.201441 0.155255 -0.174129
v 0.063206 0.391808 -0.167577
v -0.002253 0.336227 -0.193053
v 0.065139 0.341136 -0.219765
v -0.031731 0.364467 -0.205630
v 0.064868 0.413478 -0.179254
v 0.111448 0.468250 -0.204795
v -0.119387 0.048334 -0.593763
v -0.091989 0.059364 -0.509200
v -0.053515 0.068327 -0.570181
v -0.098062 0.019895 -0.494038
v -0.116376 0.026016 -0.603839
v -0.102130 -0.013244 -0.667696
v 0.051335 -0.045780 0.509082
v 0.058683 -0.058530 0.477181
v 0.148559 -0.045780 0.509082
v 0.148559 -0.045780 0.509082
v 0.028187 0.108165 0.237444
v 0.051335 -0.045780 0.509082
v 0.053922 0.165980 -0.272792
v 0.082925 0.077503 -0.397551
v 0.060264 0.165503 -0.171248
v 0.082925 0.077503 -0.397551
v 0.097137 0.166422 -0.229510
v 0.060264 0.165503 -0.171248
v -0.256998 0.088471 -0.007308
v -0.122169 0.109840 0.039184
v -0.189168 0.085864 0.099860
v -0.189168 0.085864 0.099860
v -0.476212 0.009705 0.141425
v -0.256998 0.088471 -0.007308
v -0.418966 0.040656 0.211934
v -0.253770 0.123631 0.003709
v -0.462917 0.042290 0.142484
v 0.436387 0.017999 -0.173216
v 0.431389 0.010940 -0.076378
v 0.161026 0.135111 -0.076522
v 0.161026 0.135111 -0.076522
v 0.166386 0.142723 -0.182020
v 0.436387 0.017999 -0.173216
v 0.436387 0.017999 -0.173216
v 0.186744 0.158050 -0.062531
v 0.431389 0.010940 -0.076378
v 0.016862 0.154391 -0.254999
v -0.076237 0.150711 -0.175272
v -0.045475 0.159970 -0.169766
v 0.100214 0.211234 -0.079596
v -0.106060 0.066392 -0.339996
v 0.014578 0.115129 -0.242708
v 0.061524 0.149659 -0.134643
v 0.154596 0.048802 0.305004
v 0.077520 0.244353 0.047287
v 0.156055 0.272023 0.027923
v 0.103045 0.325271 -0.008297
v 0.144510 0.245462 0.001361
v 0.042125 0.177662 0.070529
v 0.061584 0.216408 0.020975
v 0.061584 0.216408 0.020975
v 0.109000 0.268459 -0.013975
v 0.144510 0.245462 0.001361
v 0.086374 0.247432 -0.072300
v 0.065428 0.256713 -0.145048
v -0.067766 0.335050 -0.080651
v 0.044977 0.296660 -0.202136
v 0.065428 0.256713 -0.145048
v 0.086374 0.247432 -0.072300
v -0.067766 0.335050 -0.080651
v 0.092152 0.196138 -0.093293
v 0.086374 0.247432 -0.072300
v 0.161026 0.135111 -0.076522
v 0.186744 0.158050 -0.062531
v 0.086374 0.247432 -0.072300
v 0.086374 0.247432 -0.072300
v 0.092152 0.196138 -0.093293
v 0.161026 0.135111 -0.076522
v 0.027157 0.191631 -0.000163
v 0.038949 0.222886 -0.089679
v -0.069265 0.291908 -0.103963
v -0.031430 0.217696 -0.089384
v 0.005227 0.158217 -0.003994
v 0.015261 0.176367 0.000558
v 0.015261 0.176367 0.000558
v -0.046825 0.256678 -0.093121
v -0.031430 0.217696 -0.089384
v -0.040301 0.265196 -0.047770
v -0.099548 0.192220 0.000585
v -0.000320 0.378042 -0.225377
v -0.042044 0.282289 -0.035463
v -0.000320 0.378042 -0.225377
v -0.121455 0.222192 0.013375
v 0.048601 0.336390 -0.013273
v -0.038491 0.295994 -0.022585
v -0.121455 0.222192 0.013375
v -0.053515 0.068327 -0.570181
v -0.091989 0.059364 -0.509200
v -0.158512 0.067394 -0.468995
v -0.158512 0.067394 -0.468995
v -0.097890 0.041353 -0.501299
v -0.190211 -0.021711 -0.619354
v -0.158512 0.067394 -0.468995
v -0.112520 0.021947 -0.470321
v -0.106060 0.066392 -0.339996
v -0.158512 0.067394 -0.468995
v -0.190211 -0.021711 -0.619354
v -0.112520 0.021947 -0.470321
v 0.103728 0.332476 -0.074220
v 0.120990 0.364997 -0.092720
v 0.027010 0.473502 -0.012231
v 0.074933 0.399712 -0.098087
v 0.042103 0.406054 -0.077577
v 0.027010 0.473502 -0.012231
v 0.065139 0.341136 -0.219765
v -0.002253 0.336227 -0.193053
v -0.051521 0.336479 -0.132400
v -0.051521 0.336479 -0.132400
v -0.017342 0.349830 -0.196041
v 0.043658 0.486456 -0.132406
v -0.051521 0.336479 -0.132400
v 0.043658 0.486456 -0.132406
v -0.055803 0.357803 -0.193305
v -0.325855 0.073917 -0.242588
v -0.322488 0.043364 -0.211727
v -0.051521 0.336479 -0.132400
v -0.051521 0.336479 -0.132400
v -0.086761 0.324021 -0.181123
v -0.325855 0.073917 -0.242588
v -0.104350 0.128096 0.247008
v -0.213042 0.126380 0.179469
v -0.355382 0.011352 0.431758
v -0.355382 0.011352 0.431758
v -0.262875 -0.004145 0.454719
v -0.104350 0.128096 0.247008
v -0.622992 0.000368 -0.176423
v -0.332395 0.071821 -0.070968
v -0.629008 0.010789 -0.095104
v -0.656977 0.032148 -0.092410
v -0.341537 0.087657 -0.193137
v -0.649861 0.019823 -0.188586
v -0.240977 0.000391 -0.318989
v -0.258000 0.038143 -0.331880
v 0.039232 0.369064 -0.235471
v 0.039232 0.369064 -0.235471
v 0.065139 0.341136 -0.219765
v -0.240977 0.000391 -0.318989
v 0.064868 0.413478 -0.179254
v 0.065139 0.341136 -0.219765
v 0.111448 0.468250 -0.204795
v 0.097137 0.166422 -0.229510
v 0.147361 0.130269 -0.264337
v 0.133434 0.160091 -0.285428
v 0.053922 0.165980 -0.272792
v 0.133434 0.160091 -0.285428
v 0.184905 0.109524 -0.406607
v 0.061584 0.216408 0.020975
v 0.042125 0.177662 0.070529
v 0.037322 0.316267 -0.059996
v 0.156055 0.272023 0.027923
v 0.077520 0.244353 0.047287
v 0.031092 0.204447 0.097314
v 0.067151 0.231942 0.035603
v 0.037322 0.316267 -0.059996
v 0.031092 0.204447 0.097314
v -0.325905 -0.025934 -0.787557
v -0.565418 -0.025934 -0.711423
v 0.082925 0.077503 -0.397551
v 0.193968 0.024730 -0.589629
v 0.173753 0.081046 -0.388634
v 0.106726 0.039941 -0.627312
v 0.184905 0.109524 -0.406607
v 0.203411 0.043712 -0.617820
v -0.476212 0.009705 0.141425
v -0.462917 0.042290 0.142484
v -0.253770 0.123631 0.003709
v -0.253770 0.123631 0.003709
v -0.256998 0.088471 -0.007308
v -0.476212 0.009705 0.141425
v -0.072093 0.186480 -0.121221
v -0.130527 0.146671 0.032102
v -0.054286 0.174911 -0.033342
v -0.054286 0.174911 -0.033342
v -0.031944 0.191455 -0.105193
v -0.072093 0.186480 -0.121221
v -0.121455 0.222192 0.013375
v -0.031637 0.196950 0.124880
v 0.048601 0.336390 -0.013273
v 0.048601 0.336390 -0.013273
v 0.051297 0.307298 -0.036971
v 0.115544 0.459102 -0.163709
v -0.055799 0.029065 -0.557890
v -0.098062 0.019895 -0.494038
v -0.102130 -0.013244 -0.667696
v -0.116376 0.026016 -0.603839
v -0.053515 0.068327 -0.570181
v -0.102130 -0.013244 -0.667696
v -0.158512 0.067394 -0.468995
v -0.106060 0.066392 -0.339996
v -0.056442 0.114607 -0.170971
v -0.076237 0.150711 -0.175272
v 0.108547 0.170401 -0.085003
v 0.100214 0.211234 -0.079596
v 0.001548 0.180712 -0.120126
v -0.029651 0.120209 -0.177885
v 0.051297 0.307298 -0.036971
v 0.039212 0.340178 -0.079894
v 0.115544 0.459102 -0.163709
v 0.043932 0.379682 -0.091731
v 0.048601 0.336390 -0.013273
v 0.115544 0.459102 -0.163709
v 0.058683 -0.058530 0.477181
v 0.145549 0.082770 0.212048
v 0.148559 -0.045780 0.509082
v 0.145549 0.082770 0.212048
v 0.161617 0.184944 0.124918
v 0.148559 -0.045780 0.509082
v -0.059115 0.137872 -0.049280
v -0.075617 0.148712 -0.133146
v -0.002056 0.169285 -0.118982
v 0.046016 0.257201 -0.175068
v -0.133491 0.145760 -0.163917
v -0.201441 0.155255 -0.174129
v -0.622992 0.000368 -0.176423
v -0.649861 0.019823 -0.188586
v -0.341537 0.087657 -0.193137
v -0.341537 0.087657 -0.193137
v -0.324592 0.058306 -0.177096
v -0.622992 0.000368 -0.176423
v -0.015302 0.322757 -0.154344
v -0.012236 0.319770 -0.202383
v -0.070697 0.360912 -0.178668
v 0.038395 0.229918 -0.132800
v -0.015302 0.322757 -0.154344
v -0.070697 0.360912 -0.178668
v 0.193968 0.024730 -0.589629
v 0.082925 0.077503 -0.397551
v 0.112218 0.021542 -0.597654
v 0.106726 0.039941 -0.627312
v 0.112218 0.021542 -0.597654
v 0.082925 0.077503 -0.397551
v 0.082925 0.077503 -0.397551
v 0.053922 0.165980 -0.272792
v 0.106726 0.039941 -0.627312
v 0.005227 0.158217 -0.003994
v 0.115646 0.096802 0.091868
v -0.112394 0.238064 -0.066917
v 0.005227 0.158217 -0.003994
v -0.031430 0.217696 -0.089384
v 0.018094 0.190536 -0.097535
v 0.018094 0.190536 -0.097535
v 0.115646 0.096802 0.091868
v 0.005227 0.158217 -0.003994
v 0.144510 0.245462 0.001361
v 0.109000 0.268459 -0.013975
v 0.132873 0.347413 -0.074575
v 0.105811 0.299169 -0.012582
v 0.156055 0.272023 0.027923
v 0.132873 0.347413 -0.074575
v -0.034420 0.248352 -0.107460
v -0.111180 0.225922 -0.053965
v 0.094197 0.312801 -0.083906
v -0.111180 0.225922 -0.053965
v -0.190989 0.137151 -0.054927
v 0.094197 0.312801 -0.083906
v -0.106060 0.066392 -0.339996
v 0.015364 0.084557 -0.379857
v 0.014578 0.115129 -0.242708
v 0.016862 0.154391 -0.254999
v 0.017648 0.123820 -0.392148
v -0.158512 0.067394 -0.468995
v -0.418966 0.040656 0.211934
v -0.424231 0.007772 0.223563
v -0.189168 0.085864 0.099860
v -0.189168 0.085864 0.099860
v -0.130527 0.146671 0.032102
v -0.418966 0.040656 0.211934
v -0.476212 0.009705 0.141425
v -0.189168 0.085864 0.099860
v -0.424231 0.007772 0.223563
v -0.069372 0.241258 -0.136114
v -0.111180 0.225922 -0.053965
v 0.019120 0.286082 -0.111472
v 0.061843 0.195207 -0.074487
v -0.130527 0.146671 0.032102
v -0.122169 0.109840 0.039184
v -0.059115 0.137872 -0.049280
v -0.054286 0.174911 -0.033342
v 0.061843 0.195207 -0.074487
v 0.166386 0.142723 -0.182020
v 0.193182 0.167194 -0.189246
v 0.436387 0.017999 -0.173216
v -0.012236 0.319770 -0.202383
v 0.016687 0.270819 -0.194225
v -0.070697 0.360912 -0.178668
v 0.186744 0.158050 -0.062531
v 0.161026 0.135111 -0.076522
v 0.431389 0.010940 -0.076378
v 0.133434 0.160091 -0.285428
v 0.053922 0.165980 -0.272792
v 0.098978 0.186283 -0.230468
v 0.107391 0.198946 -0.204167
v 0.088581 0.189062 -0.181271
v 0.097137 0.166422 -0.229510
v 0.097137 0.166422 -0.229510
v 0.133434 0.160091 -0.285428
v 0.107391 0.198946 -0.204167
v 0.153121 -0.025934 0.620762
v -0.086392 -0.025934 -0.842029
v 0.010730 0.457724 -0.129086
v 0.181831 0.255701 -0.290385
v 0.151049 0.228021 -0.290728
v 0.102421 0.348508 -0.193281
v 0.181831 0.255701 -0.290385
v 0.010730 0.457724 -0.129086
v -0.046825 0.256678 -0.093121
v 0.038949 0.222886 -0.089679
v -0.088296 0.301347 -0.161164
v -0.017342 0.349830 -0.196041
v 0.064868 0.413478 -0.179254
v -0.031731 0.364467 -0.205630
v -0.017342 0.349830 -0.196041
v -0.031731 0.364467 -0.205630
v 0.043658 0.486456 -0.132406
v 0.058683 -0.058530 0.477181
v 0.051335 -0.045780 0.509082
v 0.028187 0.108165 0.237444
v 0.028187 0.108165 0.237444
v 0.042125 0.177662 0.070529
v 0.058683 -0.058530 0.477181
v 0.037322 0.316267 -0.059996
v 0.042125 0.177662 0.070529
v 0.031092 0.204447 0.097314
v -0.038491 0.295994 -0.022585
v 0.043932 0.379682 -0.091731
v 0.088694 0.480626 -0.168590
v 0.043932 0.379682 -0.091731
v -0.042044 0.282289 -0.035463
v 0.088694 0.480626 -0.168590
v 0.395343 0.012799 -0.362606
v 0.405046 0.053633 -0.373547
v 0.120990 0.364997 -0.092720
v 0.120990 0.364997 -0.092720
v 0.103728 0.332476 -0.074220
v 0.395343 0.012799 -0.362606
v 0.314646 0.041691 -0.475076
v 0.337869 0.077684 -0.467172
v 0.405046 0.053633 -0.373547
v 0.405046 0.053633 -0.373547
v 0.395343 0.012799 -0.362606
v 0.314646 0.041691 -0.475076
v 0.360697 0.026071 0.303997
v 0.399788 0.018816 0.216435
v 0.198639 0.139767 0.028206
v 0.198639 0.139767 0.028206
v 0.074867 0.145292 0.091703
v 0.360697 0.026071 0.303997
v 0.115646 0.096802 0.091868
v 0.360697 0.026071 0.303997
v 0.074867 0.145292 0.091703
v -0.099548 0.192220 0.000585
v -0.213042 0.126380 0.179469
v -0.121455 0.222192 0.013375
v -0.000320 0.378042 -0.225377
v -0.099548 0.192220 0.000585
v -0.121455 0.222192 0.013375
v 0.337869 0.077684 -0.467172
v 0.314646 0.041691 -0.475076
v 0.151049 0.228021 -0.290728
v 0.151049 0.228021 -0.290728
v 0.181831 0.255701 -0.290385
v 0.337869 0.077684 -0.467172
v 0.395343 0.012799 -0.362606
v 0.151049 0.228021 -0.290728
v 0.314646 0.041691 -0.475076
v 0.105981 0.367493 -0.058859
v 0.090568 0.360882 -0.032664
v 0.077520 0.244353 0.047287
v 0.077520 0.244353 0.047287
v 0.103045 0.325271 -0.008297
v 0.105981 0.367493 -0.058859
v 0.090568 0.360882 -0.032664
v 0.105981 0.367493 -0.058859
v 0.105811 0.299169 -0.012582
v 0.105811 0.299169 -0.012582
v 0.067151 0.231942 0.035603
v 0.090568 0.360882 -0.032664
v 0.742801 -0.025934 -0.232397
v -0.565418 -0.025934 0.486142
v -0.097890 0.041353 -0.501299
v -0.116376 0.026016 -0.603839
v -0.098062 0.019895 -0.494038
v -0.097890 0.041353 -0.501299
v -0.098062 0.019895 -0.494038
v -0.190211 -0.021711 -0.619354
v -0.075617 0.148712 -0.133146
v -0.072093 0.186480 -0.121221
v 0.018649 0.186871 -0.169125
v -0.002056 0.169285 -0.118982
v -0.075617 0.148712 -0.133146
v 0.018649 0.186871 -0.169125
v 0.039232 0.369064 -0.235471
v -0.031731 0.364467 -0.205630
v 0.111448 0.468250 -0.204795
v 0.065139 0.341136 -0.219765
v 0.039232 0.369064 -0.235471
v 0.111448 0.468250 -0.204795
v 0.014578 0.115129 -0.242708
v 0.016862 0.154391 -0.254999
v 0.127906 0.213629 -0.097064
v 0.127906 0.213629 -0.097064
v 0.061524 0.149659 -0.134643
v 0.014578 0.115129 -0.242708
v 0.161284 0.157202 -0.178823
v 0.173753 0.081046 -0.388634
v 0.184905 0.109524 -0.406607
v 0.193968 0.024730 -0.589629
v 0.203411 0.043712 -0.617820
v 0.184905 0.109524 -0.406607
v 0.184905 0.109524 -0.406607
v 0.173753 0.081046 -0.388634
v 0.193968 0.024730 -0.589629
v 0.065428 0.256713 -0.145048
v -0.015302 0.322757 -0.154344
v 0.038395 0.229918 -0.132800
v 0.065428 0.256713 -0.145048
v 0.038395 0.229918 -0.132800
v -0.067766 0.335050 -0.080651
v 0.042103 0.406054 -0.077577
v 0.103728 0.332476 -0.074220
v 0.027010 0.473502 -0.012231
v 0.086695 0.316214 -0.170134
v 0.103728 0.332476 -0.074220
v 0.012192 0.424049 -0.055891
v -0.029651 0.120209 -0.177885
v -0.056442 0.114607 -0.170971
v -0.106060 0.066392 -0.339996
v 0.061524 0.149659 -0.134643
v -0.031731 0.364467 -0.205630
v -0.055803 0.357803 -0.193305
v 0.043658 0.486456 -0.132406
v 0.039232 0.369064 -0.235471
v -0.055803 0.357803 -0.193305
v -0.031731 0.364467 -0.205630
v -0.031637 0.196950 0.124880
v -0.029126 0.167447 0.100713
v 0.051297 0.307298 -0.036971
v 0.051297 0.307298 -0.036971
v 0.048601 0.336390 -0.013273
v -0.031637 0.196950 0.124880
v -0.029126 0.167447 0.100713
v -0.031637 0.196950 0.124880
v -0.104350 0.128096 0.247008
v -0.104350 0.128096 0.247008
v -0.262875 -0.004145 0.454719
v -0.029126 0.167447 0.100713
v 0.018094 0.190536 -0.097535
v 0.038949 0.222886 -0.089679
v 0.198639 0.139767 0.028206
v 0.198639 0.139767 0.028206
v 0.235632 0.081027 0.070898
v 0.018094 0.190536 -0.097535
v 0.144510 0.245462 0.001361
v 0.156055 0.272023 0.027923
v 0.161617 0.184944 0.124918
v 0.161617 0.184944 0.124918
v 0.145549 0.082770 0.212048
v 0.144510 0.245462 0.001361
v 0.156055 0.272023 0.027923
v 0.144510 0.245462 0.001361
v 0.132873 0.347413 -0.074575
v -0.116376 0.026016 -0.603839
v -0.097890 0.041353 -0.501299
v -0.143053 0.015443 -0.630302
v -0.136584 0.007409 -0.667031
v -0.143053 0.015443 -0.630302
v -0.091989 0.059364 -0.509200
v -0.091989 0.059364 -0.509200
v -0.119387 0.048334 -0.593763
v -0.136584 0.007409 -0.667031
v 0.064868 0.413478 -0.179254
v -0.017342 0.349830 -0.196041
v 0.078398 0.443343 -0.158069
v 0.110074 0.463469 -0.164929
v 0.078398 0.443343 -0.158069
v -0.002253 0.336227 -0.193053
v -0.002253 0.336227 -0.193053
v 0.063206 0.391808 -0.167577
v 0.110074 0.463469 -0.164929
v 0.097137 0.166422 -0.229510
v 0.053922 0.165980 -0.272792
v 0.060264 0.165503 -0.171248
v 0.098978 0.186283 -0.230468
v 0.053922 0.165980 -0.272792
v 0.097137 0.166422 -0.229510
v -0.656977 0.032148 -0.092410
v -0.629008 0.010789 -0.095104
v -0.332395 0.071821 -0.070968
v -0.332395 0.071821 -0.070968
v -0.350892 0.103859 -0.065717
v -0.656977 0.032148 -0.092410
v -0.332395 0.071821 -0.070968
v -0.324592 0.058306 -0.177096
v -0.133491 0.145760 -0.163917
v -0.133491 0.145760 -0.163917
v -0.190989 0.137151 -0.054927
v -0.332395 0.071821 -0.070968
v -0.042044 0.282289 -0.035463
v -0.040301 0.265196 -0.047770
v -0.000320 0.378042 -0.225377
v -0.042044 0.282289 -0.035463
v 0.043932 0.379682 -0.091731
v 0.039212 0.340178 -0.079894
v 0.039212 0.340178 -0.079894
v -0.040301 0.265196 -0.047770
v -0.042044 0.282289 -0.035463
v -0.015302 0.322757 -0.154344
v 0.065428 0.256713 -0.145048
v -0.035441 0.351149 -0.134017
v -0.046377 0.381386 -0.144037
v -0.035441 0.351149 -0.134017
v 0.065428 0.256713 -0.145048
v 0.065428 0.256713 -0.145048
v 0.007691 0.324076 -0.150421
v -0.046377 0.381386 -0.144037
v -0.201441 0.155255 -0.174129
v -0.133491 0.145760 -0.163917
v -0.324592 0.058306 -0.177096
v -0.324592 0.058306 -0.177096
v -0.341537 0.087657 -0.193137
v -0.201441 0.155255 -0.174129
v 0.074933 0.399712 -0.098087
v 0.102421 0.348508 -0.193281
v 0.091729 0.331278 -0.183159
v 0.091729 0.331278 -0.183159
v 0.042103 0.406054 -0.077577
v 0.074933 0.399712 -0.098087
v 0.091729 0.331278 -0.183159
v 0.102421 0.348508 -0.193281
v 0.010730 0.457724 -0.129086
v 0.632148 -0.025934 -0.711423
v -0.098062 0.019895 -0.494038
v -0.112520 0.021947 -0.470321
v -0.190211 -0.021711 -0.619354
v -0.055799 0.029065 -0.557890
v -0.112520 0.021947 -0.470321
v -0.098062 0.019895 -0.494038
v 0.019120 0.286082 -0.111472
v -0.111180 0.225922 -0.053965
v -0.034420 0.248352 -0.107460
v -0.061115 0.225287 -0.143995
v 0.019120 0.286082 -0.111472
v -0.034420 0.248352 -0.107460
v 0.147361 0.130269 -0.264337
v 0.173753 0.081046 -0.388634
v 0.161284 0.157202 -0.178823
v 0.133434 0.160091 -0.285428
v 0.147361 0.130269 -0.264337
v 0.161284 0.157202 -0.178823
v 0.016687 0.270819 -0.194225
v -0.012236 0.319770 -0.202383
v 0.044977 0.296660 -0.202136
v 0.044977 0.296660 -0.202136
v 0.166386 0.142723 -0.182020
v 0.016687 0.270819 -0.194225
v -0.258000 0.038143 -0.331880
v -0.240977 0.000391 -0.318989
v -0.322488 0.043364 -0.211727
v -0.322488 0.043364 -0.211727
v -0.325855 0.073917 -0.242588
v -0.258000 0.038143 -0.331880
v 0.038949 0.222886 -0.089679
v 0.018094 0.190536 -0.097535
v -0.088296 0.301347 -0.161164
v -0.054286 0.174911 -0.033342
v -0.130527 0.146671 0.032102
v 0.061843 0.195207 -0.074487
v 0.186744 0.158050 -0.062531
v 0.193182 0.167194 -0.189246
v 0.044977 0.296660 -0.202136
v 0.044977 0.296660 -0.202136
v 0.086374 0.247432 -0.072300
v 0.186744 0.158050 -0.062531
v -0.016173 0.135146 -0.121876
v -0.045475 0.159970 -0.169766
v -0.061115 0.225287 -0.143995
v -0.051326 0.206248 -0.146510
v 0.046016 0.257201 -0.175068
v -0.061115 0.225287 -0.143995
v -0.034420 0.248352 -0.107460
v -0.053080 0.213337 -0.099427
v -0.053080 0.213337 -0.099427
v -0.051326 0.206248 -0.146510
v -0.061115 0.225287 -0.143995
v -0.053515 0.068327 -0.570181
v 0.015364 0.084557 -0.379857
v -0.055799 0.029065 -0.557890
v -0.053515 0.068327 -0.570181
v -0.055799 0.029065 -0.557890
v -0.102130 -0.013244 -0.667696
v 0.156055 0.272023 0.027923
v 0.031092 0.204447 0.097314
v 0.039495 0.185242 0.125217
v 0.039495 0.185242 0.125217
v 0.161617 0.184944 0.124918
v 0.156055 0.272023 0.027923
v -0.332531 -0.005641 0.411091
v -0.355382 0.011352 0.431758
v -0.213042 0.126380 0.179469
v -0.213042 0.126380 0.179469
v -0.099548 0.192220 0.000585
v -0.332531 -0.005641 0.411091
v -0.355382 0.011352 0.431758
v -0.332531 -0.005641 0.411091
v -0.262875 -0.004145 0.454719
v 0.015364 0.084557 -0.379857
v 0.017648 0.123820 -0.392148
v 0.016862 0.154391 -0.254999
v 0.016862 0.154391 -0.254999
v 0.014578 0.115129 -0.242708
v 0.015364 0.084557 -0.379857
v 0.235632 0.081027 0.070898
v 0.198639 0.139767 0.028206
v 0.399788 0.018816 0.216435
v -0.629008 0.010789 -0.095104
v -0.656977 0.032148 -0.092410
v -0.649861 0.019823 -0.188586
v -0.649861 0.019823 -0.188586
v -0.622992 0.000368 -0.176423
v -0.629008 0.010789 -0.095104
v -0.072093 0.186480 -0.121221
v -0.075617 0.148712 -0.133146
v -0.256998 0.088471 -0.007308
v -0.256998 0.088471 -0.007308
v -0.253770 0.123631 0.003709
v -0.072093 0.186480 -0.121221
v 0.015364 0.084557 -0.379857
v -0.053515 0.068327 -0.570181
v 0.017648 0.123820 -0.392148
v 0.088581 0.189062 -0.181271
v 0.107391 0.198946 -0.204167
v 0.133434 0.160091 -0.285428
v 0.133434 0.160091 -0.285428
v 0.098978 0.186283 -0.230468
v 0.088581 0.189062 -0.181271
v 0.098978 0.186283 -0.230468
v 0.097137 0.166422 -0.229510
v 0.088581 0.189062 -0.181271
v 0.067151 0.231942 0.035603
v 0.061584 0.216408 0.020975
v 0.037322 0.316267 -0.059996
v 0.067151 0.231942 0.035603
v 0.105811 0.299169 -0.012582
v 0.109000 0.268459 -0.013975
v 0.109000 0.268459 -0.013975
v 0.061584 0.216408 0.020975
v 0.067151 0.231942 0.035603
v 0.038395 0.229918 -0.132800
v 0.092152 0.196138 -0.093293
v -0.067766 0.335050 -0.080651
v 0.016687 0.270819 -0.194225
v 0.092152 0.196138 -0.093293
v 0.038395 0.229918 -0.132800
v 0.016862 0.154391 -0.254999
v 0.100214 0.211234 -0.079596
v 0.127906 0.213629 -0.097064
v 0.127906 0.213629 -0.097064
v 0.100214 0.211234 -0.079596
v 0.061524 0.149659 -0.134643
v 0.015261 0.176367 0.000558
v 0.005227 0.158217 -0.003994
v -0.112394 0.238064 -0.066917
v 0.166386 0.142723 -0.182020
v 0.044977 0.296660 -0.202136
v 0.193182 0.167194 -0.189246
v 0.042125 0.177662 0.070529
v 0.039495 0.185242 0.125217
v 0.031092 0.204447 0.097314
v 0.042103 0.406054 -0.077577
v 0.091729 0.331278 -0.183159
v -0.008136 0.441096 -0.083294
v 0.012192 0.424049 -0.055891
v 0.103728 0.332476 -0.074220
v 0.042103 0.406054 -0.077577
v 0.151049 0.228021 -0.290728
v 0.086695 0.316214 -0.170134
v 0.071786 0.314589 -0.213385
v 0.012192 0.424049 -0.055891
v -0.008136 0.441096 -0.083294
v 0.091729 0.331278 -0.183159
v 0.091729 0.331278 -0.183159
v 0.086695 0.316214 -0.170134
v 0.012192 0.424049 -0.055891
v -0.201441 0.155255 -0.174129
v -0.069372 0.241258 -0.136114
v -0.061115 0.225287 -0.143995
v -0.069372 0.241258 -0.136114
v 0.019120 0.286082 -0.111472
v -0.061115 0.225287 -0.143995
v -0.046825 0.256678 -0.093121
v 0.015261 0.176367 0.000558
v -0.069265 0.291908 -0.103963
v -0.069265 0.291908 -0.103963
v 0.038949 0.222886 -0.089679
v -0.046825 0.256678 -0.093121
v -0.130527 0.146671 0.032102
v -0.189168 0.085864 0.099860
v -0.122169 0.109840 0.039184
v 0.171463 0.165072 -0.275180
v 0.133434 0.160091 -0.285428
v 0.161284 0.157202 -0.178823
v 0.184905 0.109524 -0.406607
v 0.133434 0.160091 -0.285428
v 0.171463 0.165072 -0.275180
v -0.002056 0.169285 -0.118982
v -0.059115 0.137872 -0.049280
v 0.001903 0.150334 -0.103395
v -0.002056 0.169285 -0.118982
v 0.001903 0.150334 -0.103395
v -0.059115 0.137872 -0.049280
v 0.112218 0.021542 -0.597654
v 0.106726 0.039941 -0.627312
v 0.203411 0.043712 -0.617820
v 0.203411 0.043712 -0.617820
v 0.193968 0.024730 -0.589629
v 0.112218 0.021542 -0.597654
v -0.462917 0.042290 0.142484
v -0.476212 0.009705 0.141425
v -0.424231 0.007772 0.223563
v -0.424231 0.007772 0.223563
v -0.418966 0.040656 0.211934
v -0.462917 0.042290 0.142484
v -0.121455 0.222192 0.013375
v -0.038491 0.295994 -0.022585
v -0.042044 0.282289 -0.035463
v -0.042044 0.282289 -0.035463
v -0.038491 0.295994 -0.022585
v 0.088694 0.480626 -0.168590
v -0.045572 0.134000 -0.009916
v -0.059115 0.137872 -0.049280
v 0.061843 0.195207 -0.074487
v -0.122169 0.109840 0.039184
v -0.059115 0.137872 -0.049280
v -0.045572 0.134000 -0.009916
v -0.190989 0.137151 -0.054927
v -0.111180 0.225922 -0.053965
v -0.350892 0.103859 -0.065717
v -0.350892 0.103859 -0.065717
v -0.332395 0.071821 -0.070968
v -0.190989 0.137151 -0.054927
v 0.103045 0.325271 -0.008297
v 0.105811 0.299169 -0.012582
v 0.105981 0.367493 -0.058859
v 0.103045 0.325271 -0.008297
v 0.156055 0.272023 0.027923
v 0.105811 0.299169 -0.012582
v -0.053080 0.213337 -0.099427
v -0.034420 0.248352 -0.107460
v 0.094197 0.312801 -0.083906
v -0.116376 0.026016 -0.603839
v -0.119387 0.048334 -0.593763
v -0.053515 0.068327 -0.570181
v -0.119387 0.048334 -0.593763
v -0.116376 0.026016 -0.603839
v -0.136584 0.007409 -0.667031
v 0.064868 0.413478 -0.179254
v 0.063206 0.391808 -0.167577
v 0.065139 0.341136 -0.219765
v 0.063206 0.391808 -0.167577
v 0.064868 0.413478 -0.179254
v 0.110074 0.463469 -0.164929
v 0.039232 0.369064 -0.235471
v -0.086761 0.324021 -0.181123
v -0.055803 0.357803 -0.193305
v -0.051521 0.336479 -0.132400
v -0.055803 0.357803 -0.193305
v -0.086761 0.324021 -0.181123
v 0.039212 0.340178 -0.079894
v 0.043932 0.379682 -0.091731
v 0.115544 0.459102 -0.163709
v 0.042125 0.177662 0.070529
v 0.028187 0.108165 0.237444
v 0.039495 0.185242 0.125217
v -0.072093 0.186480 -0.121221
v -0.031944 0.191455 -0.105193
v 0.018649 0.186871 -0.169125
v -0.031944 0.191455 -0.105193
v -0.002056 0.169285 -0.118982
v 0.018649 0.186871 -0.169125
v -0.015302 0.322757 -0.154344
v 0.007691 0.324076 -0.150421
v -0.012236 0.319770 -0.202383
v 0.007691 0.324076 -0.150421
v -0.015302 0.322757 -0.154344
v -0.046377 0.381386 -0.144037
v -0.116376 0.026016 -0.603839
v -0.143053 0.015443 -0.630302
v -0.136584 0.007409 -0.667031
v 0.064868 0.413478 -0.179254
v 0.078398 0.443343 -0.158069
v 0.110074 0.463469 -0.164929
v -0.099548 0.192220 0.000585
v 0.051297 0.307298 -0.036971
v -0.029126 0.167447 0.100713
v 0.074867 0.145292 0.091703
v 0.027157 0.191631 -0.000163
v 0.015261 0.176367 0.000558
v 0.015261 0.176367 0.000558
v 0.027157 0.191631 -0.000163
v -0.069265 0.291908 -0.103963
v -0.015302 0.322757 -0.154344
v -0.035441 0.351149 -0.134017
v -0.046377 0.381386 -0.144037
v -0.122169 0.109840 0.039184
v -0.256998 0.088471 -0.007308
v -0.075617 0.148712 -0.133146
v 0.018094 0.190536 -0.097535
v -0.031430 0.217696 -0.089384
v -0.088296 0.301347 -0.161164
v -0.031430 0.217696 -0.089384
v -0.046825 0.256678 -0.093121
v -0.088296 0.301347 -0.161164
v 0.031092 0.204447 0.097314
v 0.077520 0.244353 0.047287
v 0.067151 0.231942 0.035603
v 0.067151 0.231942 0.035603
v 0.077520 0.244353 0.047287
v 0.090568 0.360882 -0.032664
v 0.001548 0.180712 -0.120126
v -0.045475 0.159970 -0.169766
v -0.016173 0.135146 -0.121876
v -0.029651 0.120209 -0.177885
v 0.001548 0.180712 -0.120126
v 0.100214 0.211234 -0.079596
v 0.108547 0.170401 -0.085003
v 0.061524 0.149659 -0.134643
v 0.108547 0.170401 -0.085003
v -0.091989 0.059364 -0.509200
v -0.097890 0.041353 -0.501299
v -0.158512 0.067394 -0.468995
v -0.097890 0.041353 -0.501299
v -0.091989 0.059364 -0.509200
v -0.143053 0.015443 -0.630302
v -0.002253 0.336227 -0.193053
v -0.017342 0.349830 -0.196041
v -0.051521 0.336479 -0.132400
v -0.017342 0.349830 -0.196041
v -0.002253 0.336227 -0.193053
v 0.078398 0.443343 -0.158069
v 0.086695 0.316214 -0.170134
v 0.091729 0.331278 -0.183159
v 0.071786 0.314589 -0.213385
v 0.071786 0.314589 -0.213385
v 0.091729 0.331278 -0.183159
v 0.010730 0.457724 -0.129086
v -0.016173 0.135146 -0.121876
v 0.109000 0.268459 -0.013975
v 0.105811 0.299169 -0.012582
v 0.132873 0.347413 -0.074575
v 0.042103 0.406054 -0.077577
v -0.008136 0.441096 -0.083294
v 0.012192 0.424049 -0.055891
v 0.044977 0.296660 -0.202136
v -0.012236 0.319770 -0.202383
v 0.007691 0.324076 -0.150421
v -0.683568 -0.025934 0.007116
v -0.629008 0.010789 -0.095104
v -0.462917 0.042290 0.142484
v -0.430290 0.085314 0.004300
v -0.418966 0.040656 0.211934
v -0.332395 0.071821 -0.070968
v -0.258000 0.038143 -0.331880
v -0.158512 0.067394 -0.468995
v -0.144075 0.133234 -0.246421
v -0.133491 0.145760 -0.163917
v -0.130527 0.146671 0.032102
v -0.116376 0.026016 -0.603839
v -0.106060 0.066392 -0.339996
v -0.098062 0.019895 -0.494038
v -0.097890 0.041353 -0.501299
v -0.089476 0.097356 0.318884
v -0.087391 0.045189 -0.550283
v -0.086392 -0.025934 0.620762
v -0.086392 -0.025934 -0.842029
v -0.078774 0.040076 -0.010529
v -0.078774 0.040076 -0.010529
v -0.078774 0.040076 -0.010529
v -0.076237 0.150711 -0.175272
v -0.059115 0.137872 -0.049280
v -0.059115 0.137872 -0.049280
v -0.051521 0.336479 -0.132400
v -0.042044 0.282289 -0.035463
v -0.042044 0.282289 -0.035463
v -0.040301 0.265196 -0.047770
v -0.031731 0.364467 -0.205630
v -0.015302 0.322757 -0.154344
v -0.012236 0.319770 -0.202383
v -0.002253 0.336227 -0.193053
v 0.007691 0.324076 -0.150421
v 0.015261 0.176367 0.000558
v 0.016687 0.270819 -0.194225
v 0.038395 0.229918 -0.132800
v 0.038395 0.229918 -0.132800
v 0.039232 0.369064 -0.235471
v 0.043932 0.379682 -0.091731
v 0.053922 0.165980 -0.272792
v 0.058683 -0.058530 0.477181
v 0.061524 0.149659 -0.134643
v 0.061524 0.149659 -0.134643
v 0.061584 0.216408 0.020975
v 0.063206 0.391808 -0.167577
v 0.065428 0.256713 -0.145048
v 0.065428 0.256713 -0.145048
v 0.067151 0.231942 0.035603
v 0.092152 0.196138 -0.093293
v 0.100214 0.211234 -0.079596
v 0.112218 0.021542 -0.597654
v 0.144510 0.245462 0.001361
v 0.147361 0.130269 -0.264337
v 0.167592 0.098241 0.007155
v 0.181831 0.255701 -0.290385
v 0.186744 0.158050 -0.062531
v 0.462600 0.076584 0.006771
v 0.462600 0.076584 0.006771
v 0.742801 -0.025934 0.007116
vt 0.619318 0.319039
vt 0.267538 0.416181
vt 0.502259 0.035121
vt 0.687867 0.083507
vt 0.319206 0.511551
vt 0.201063 0.261354
vt 0.043460 0.618628
vt 0.256479 0.701837
vt 0.803821 0.639882
vt 0.609555 0.608101
vt 0.686538 0.360708
vt 0.878189 0.401983
vt 0.287455 0.672746
vt 0.738172 0.648364
vt 0.827730 0.411254
vt 0.900240 0.019266
vt 1.090346 0.019266
vt 1.079132 0.521663
vt 1.079132 0.521663
vt 0.893679 0.466934
vt 0.900240 0.019266
vt 0.627978 0.310002
vt 0.856345 0.310002
vt 0.862906 0.466934
vt 0.862906 0.466934
vt 0.639192 0.521663
vt 0.627978 0.310002
vt 0.615909 0.388970
vt 0.684805 0.018457
vt 0.684805 0.388970
vt 0.516557 0.388970
vt 0.599319 0.000998
vt 0.599319 0.388970
vt 0.297443 0.475667
vt 0.171807 0.609833
vt 0.168842 0.358151
vt 0.168842 0.358151
vt 0.316497 0.358151
vt 0.297443 0.475667
vt 0.372055 0.358151
vt 0.549426 0.005453
vt 0.549426 0.358151
vt 0.171807 0.609833
vt 0.316497 0.022916
vt 0.297443 0.475667
vt 0.372055 0.005453
vt 0.549426 0.005453
vt 0.546462 0.609833
vt 0.546462 0.609833
vt 0.380764 0.530199
vt 0.372055 0.005453
vt 0.127050 0.451677
vt 0.298450 0.457238
vt 0.246573 0.644600
vt 0.246573 0.644600
vt 0.145280 0.731321
vt 0.127050 0.451677
vt 0.368553 0.663617
vt 0.562192 0.470694
vt 0.543963 0.750339
vt 0.173808 0.435696
vt 0.249962 0.020559
vt 0.245470 0.677172
vt 0.245470 0.677172
vt 0.175337 0.817072
vt 0.173808 0.435696
vt 0.160564 0.629055
vt 0.076282 0.629055
vt 0.066455 0.435696
vt 0.066455 0.435696
vt 0.157936 0.000998
vt 0.160564 0.629055
vt 0.376667 0.759427
vt 0.314683 0.680645
vt 0.277637 0.530012
vt 0.475784 0.451106
vt 0.400698 0.759427
vt 0.398926 0.336705
vt 0.399657 0.302863
vt 0.322829 0.484198
vt 0.295503 0.759427
vt 0.360299 0.823636
vt 0.315787 0.998620
vt 0.240327 0.759427
vt 0.098010 0.680645
vt 0.027144 0.451106
vt 1.303047 0.005567
vt 1.399353 0.101038
vt 1.345978 0.164150
vt 0.904057 0.680786
vt 1.079132 0.521663
vt 1.044896 0.624245
vt 1.044896 0.624245
vt 0.964851 0.725321
vt 0.904057 0.680786
vt 0.512227 0.603116
vt 0.322750 0.826648
vt 0.318279 0.451868
vt 0.318279 0.451868
vt 0.540963 0.023551
vt 0.512227 0.603116
vt 0.027077 0.757621
vt 0.022137 0.975088
vt 0.029734 0.603116
vt 0.032688 0.482159
vt -0.040507 0.557321
vt -0.116803 0.297825
vt -0.116803 0.297825
vt 0.053366 0.297825
vt 0.032688 0.482159
vt -0.348270 0.297825
vt -0.146762 0.002228
vt -0.150535 0.513607
vt 0.027144 0.451106
vt 0.244395 0.000998
vt 0.240327 0.759427
vt 0.467906 0.451106
vt 0.295503 0.759427
vt 0.291435 0.020749
vt 0.291435 0.020749
vt 0.494052 0.020749
vt 0.467906 0.451106
vt 0.733169 0.889755
vt 0.479914 0.769560
vt 0.473947 0.781772
vt 0.634818 0.592756
vt 0.597935 0.735293
vt 0.549544 0.791858
vt 0.525448 0.588963
vt 0.668333 0.789439
vt 0.639325 0.792049
vt 0.613531 0.588963
vt 0.613531 0.588963
vt 0.680741 0.658709
vt 0.668333 0.789439
vt 0.171807 0.609833
vt 0.249755 0.553495
vt 0.186588 0.771950
vt 0.780640 0.120504
vt 0.778738 0.006294
vt 0.851008 0.060741
vt 0.377491 0.498970
vt 0.353951 0.219845
vt 0.505093 0.282788
vt 0.368553 0.663617
vt 0.597935 0.735293
vt 0.525448 0.588963
vt 0.516557 0.388970
vt 0.516557 0.388970
vt 0.599319 0.388970
vt 0.597935 0.735293
vt 0.613531 0.588963
vt 0.639325 0.792049
vt 0.624189 0.998664
vt -0.350513 0.493393
vt -0.360208 0.552886
vt -0.348270 0.297825
vt 0.445612 0.677909
vt 0.360299 0.823636
vt 0.295503 0.759427
vt 0.295503 0.759427
vt 0.467906 0.451106
vt 0.445612 0.677909
vt 0.024727 0.656114
vt 0.028941 0.902957
vt 0.027144 0.451106
vt 0.264029 0.826648
vt 0.107618 0.774011
vt 0.029734 0.603116
vt 0.886163 0.130157
vt 0.887394 0.000998
vt 0.898528 0.033807
vt 0.898528 0.033807
vt 0.898528 0.131172
vt 0.886163 0.130157
vt 0.483753 0.902608
vt 0.475784 0.451106
vt 0.491100 0.530012
vt 0.306763 0.679428
vt 0.284602 0.902957
vt 0.277637 0.530012
vt 0.277637 0.530012
vt 0.381484 0.451106
vt 0.376667 0.759427
vt 0.475784 0.451106
vt 0.398926 0.336705
vt 0.398926 0.020749
vt 0.398926 0.020749
vt 0.496306 0.000998
vt 0.475784 0.451106
vt 0.316497 0.022916
vt 0.171807 0.609833
vt 0.168842 0.022916
vt 0.668333 0.789439
vt 0.680741 0.658709
vt 0.684837 0.930967
vt 0.543360 0.790782
vt 0.523097 0.931674
vt 0.525448 0.588963
vt 0.780640 0.120504
vt 0.778738 0.006294
vt 0.851008 0.060741
vt 0.249755 0.553495
vt 0.223690 0.688145
vt 0.186588 0.771950
vt 0.777419 0.125374
vt 0.784777 0.000998
vt 0.851910 0.060291
vt 0.218424 0.669969
vt 0.214144 0.816604
vt 0.155911 0.907869
vt 0.066455 0.000998
vt 0.074866 0.030886
vt 0.157936 0.000998
vt 0.157936 0.000998
vt 0.066455 0.435696
vt 0.066455 0.000998
vt -0.124916 0.513607
vt -0.116803 0.297825
vt -0.087730 0.628551
vt -0.116803 0.297825
vt -0.040507 0.557321
vt -0.087730 0.628551
vt 0.268501 0.451868
vt 0.029734 0.603116
vt 0.000998 0.451868
vt 0.000998 0.451868
vt 0.268501 0.000998
vt 0.268501 0.451868
vt 0.540963 0.023551
vt 0.318279 0.451868
vt 0.318279 0.023551
vt 0.154408 0.005453
vt 0.331780 0.005453
vt 0.316497 0.358151
vt 0.316497 0.358151
vt 0.168842 0.358151
vt 0.154408 0.005453
vt 0.549426 0.005453
vt 0.372055 0.358151
vt 0.372055 0.005453
vt 0.505093 0.282788
vt 0.353951 0.219845
vt 0.390419 0.196573
vt 0.540355 0.000998
vt 0.298450 0.457238
vt 0.184150 0.263770
vt 0.168297 0.092163
vt 0.530645 0.543587
vt 0.325249 0.000998
vt 0.363828 0.084936
vt 0.342446 0.140423
vt 0.175337 0.817072
vt 0.245470 0.677172
vt 0.231756 0.767361
vt 0.231756 0.767361
vt 0.199691 0.856227
vt 0.175337 0.817072
vt 0.629972 0.005453
vt 0.710147 0.029799
vt 0.635279 0.222956
vt 0.919564 0.085086
vt 0.991834 0.030640
vt 1.085262 0.005453
vt 0.316567 0.747149
vt 0.297443 0.475667
vt 0.323071 0.530199
vt 0.316497 0.358151
vt 0.331780 0.358151
vt 0.323071 0.530199
vt 0.323071 0.530199
vt 0.297443 0.475667
vt 0.316497 0.358151
vt 0.557355 0.000998
vt 0.602060 0.138644
vt 0.577283 0.229636
vt 0.630315 0.050103
vt 0.630315 0.195830
vt 0.625415 0.194311
vt 0.625415 0.194311
vt 0.625903 0.000998
vt 0.630315 0.050103
vt 1.044896 0.624245
vt 1.079132 0.521663
vt 1.091977 0.834883
vt 0.701937 0.625298
vt 0.646025 0.834883
vt 0.639192 0.521663
vt 0.852528 0.680786
vt 0.718999 0.626142
vt 0.639192 0.521663
vt 0.999002 0.381858
vt 0.935533 0.319141
vt 0.906173 0.217989
vt 0.648240 0.000998
vt 0.754887 0.027511
vt 0.693164 0.241494
vt 0.333289 0.644600
vt 0.246573 0.644600
vt 0.298450 0.457238
vt 0.333289 0.644600
vt 0.314619 0.790883
vt 0.246573 0.644600
vt 0.275696 0.759427
vt 0.295503 0.759427
vt 0.315787 0.998620
vt 0.360299 0.823636
vt 0.366700 0.872741
vt 0.315787 0.998620
vt 0.919564 0.085086
vt 0.991834 0.030640
vt 1.085262 0.005453
vt 0.629972 0.005453
vt 0.710147 0.029799
vt 0.641626 0.226292
vt 0.323071 0.530199
vt 0.322105 0.664526
vt 0.276346 0.530199
vt 0.316497 0.022916
vt 0.331780 0.005453
vt 0.323071 0.530199
vt 0.323071 0.530199
vt 0.297443 0.475667
vt 0.316497 0.022916
vt 0.856345 0.310002
vt 0.627978 0.310002
vt 0.627978 0.005567
vt 0.627978 0.005567
vt 0.856345 0.005567
vt 0.856345 0.310002
vt 0.684805 0.018457
vt 0.615909 0.388970
vt 0.615909 0.018457
vt 0.599319 0.000998
vt 0.516557 0.388970
vt 0.516557 0.000998
vt 0.344905 0.005453
vt 0.359671 0.022916
vt 0.359671 0.609833
vt 0.359671 0.609833
vt 0.344905 0.609833
vt 0.344905 0.005453
vt 0.784690 0.139053
vt 0.851008 0.060741
vt 0.821803 0.223122
vt 0.434716 0.002228
vt 0.444112 0.077389
vt 0.433677 0.076803
vt -0.150535 0.513607
vt -0.282540 0.483215
vt -0.348270 0.297825
vt 0.231756 0.767361
vt 0.245470 0.677172
vt 0.249998 0.952065
vt 0.156407 0.817072
vt 0.102917 0.769030
vt 0.070947 0.677172
vt 0.096082 0.768288
vt 0.076957 0.955496
vt 0.070947 0.677172
vt 0.691216 0.145164
vt 0.497997 0.132179
vt -0.116803 0.297825
vt 0.077618 0.021070
vt 0.053366 0.297825
vt -0.146762 0.002228
vt -0.348270 0.297825
vt -0.372522 0.002228
vt 0.584480 0.000998
vt 0.606749 0.023551
vt 0.606749 0.451868
vt 0.606749 0.451868
vt 0.584480 0.451868
vt 0.584480 0.000998
vt 0.322750 0.826648
vt 0.512227 0.603116
vt 0.487725 0.772183
vt 0.487725 0.772183
vt 0.393963 0.869549
vt 0.322750 0.826648
vt 0.639192 0.521663
vt 0.862906 0.466934
vt 0.852528 0.680786
vt 0.885473 0.680786
vt 0.904057 0.680786
vt 0.923088 0.887448
vt 0.145280 0.731321
vt 0.218424 0.669969
vt 0.155911 0.907869
vt 0.392812 0.759507
vt 0.458338 0.752203
vt 0.447131 0.851059
vt 0.333289 0.644600
vt 0.298450 0.457238
vt 0.303833 0.200827
vt 0.347891 0.200827
vt 0.789705 0.243358
vt 0.839320 0.274547
vt 0.782035 0.377067
vt 0.738084 0.335907
vt 0.904057 0.680786
vt 0.964851 0.725321
vt 0.923088 0.887448
vt 0.767144 0.759380
vt 0.852528 0.680786
vt 0.814927 0.887714
vt 0.249962 0.020559
vt 0.173808 0.435696
vt 0.166363 0.000998
vt 0.273619 0.435696
vt 0.266003 0.629055
vt 0.266003 0.000998
vt 0.755891 0.000998
vt 0.868701 0.092964
vt 0.806179 0.134852
vt 0.684837 0.930967
vt 0.680741 0.658709
vt 0.683045 0.588963
vt 0.684805 0.018457
vt 0.691936 0.000998
vt 0.691936 0.388970
vt 0.691936 0.388970
vt 0.684805 0.388970
vt 0.684805 0.018457
vt 0.784690 0.139053
vt 0.844927 0.132346
vt 0.821803 0.223122
vt 0.249755 0.553495
vt 0.223690 0.688145
vt 0.186588 0.771950
vt 0.077618 0.021070
vt -0.116803 0.297825
vt -0.110318 0.021070
vt 0.106329 0.002228
vt 0.125123 0.021070
vt 0.125123 0.297825
vt 0.125123 0.297825
vt 0.106329 0.513607
vt 0.106329 0.002228
vt 0.466074 0.677909
vt 0.475784 0.451106
vt 0.483753 0.902608
vt 0.466074 0.677909
vt 0.428918 0.823636
vt 0.400698 0.759427
vt 0.400698 0.759427
vt 0.475784 0.451106
vt 0.466074 0.677909
vt 0.175337 0.817072
vt 0.199691 0.856227
vt 0.182961 0.998769
vt 0.122203 0.886172
vt 0.156407 0.817072
vt 0.141344 0.999002
vt 0.566992 0.835454
vt 0.597935 0.735293
vt 0.584308 0.999002
vt 0.610557 0.735293
vt 0.613531 0.588963
vt 0.624189 0.998664
vt 0.298450 0.457238
vt 0.127050 0.451677
vt 0.184150 0.263770
vt 0.505093 0.282788
vt 0.562192 0.470694
vt 0.368553 0.663617
vt 0.540963 0.023551
vt 0.564013 0.000998
vt 0.564013 0.451868
vt 0.564013 0.451868
vt 0.512227 0.603116
vt 0.540963 0.023551
vt 0.268501 0.000998
vt 0.000998 0.451868
vt 0.000998 0.000998
vt 0.747693 0.005532
vt 0.782595 0.000998
vt 0.763251 0.081428
vt 0.541069 0.974553
vt 0.512227 0.603116
vt 0.535277 0.603116
vt 0.625619 0.002013
vt 0.637984 0.000998
vt 0.641744 0.207128
vt 0.359671 0.358151
vt 0.344905 0.358151
vt 0.344905 0.005453
vt 0.163453 0.681438
vt 0.171807 0.609833
vt 0.186588 0.771950
vt 0.331780 0.358151
vt 0.316497 0.358151
vt 0.331780 0.005453
vt 0.228116 0.002697
vt 0.323323 0.055797
vt 0.270556 0.090900
vt 0.200170 0.102890
vt 0.135707 0.150854
vt 0.135707 0.076803
vt 0.135707 0.076803
vt 0.200170 0.002228
vt 0.200170 0.102890
vt 0.581794 0.285951
vt 0.880212 0.175364
vt 0.486203 0.902608
vt 0.467906 0.451106
vt 0.488878 0.451106
vt 0.445612 0.677909
vt 0.467906 0.451106
vt 0.486203 0.902608
vt 0.337032 0.872741
vt 0.376667 0.759427
vt 0.359212 0.999002
vt 0.882988 0.139053
vt 0.878840 0.005453
vt 0.891187 0.140103
vt 0.860741 0.006503
vt 0.868939 0.005453
vt 0.866468 0.202996
vt 0.249962 0.020559
vt 0.257845 0.000998
vt 0.257845 0.435696
vt 0.257845 0.435696
vt 0.245470 0.677172
vt 0.249962 0.020559
vt 0.249998 0.952065
vt 0.245470 0.677172
vt 0.253353 0.677172
vt 0.718999 0.626142
vt 0.761930 0.784725
vt 0.761496 0.886816
vt 1.176630 0.139649
vt 1.241837 0.005567
vt 1.176630 0.272787
vt 0.534444 0.000998
vt 0.554706 0.020749
vt 0.554706 0.759427
vt 0.554706 0.759427
vt 0.534444 0.759427
vt 0.534444 0.000998
vt 0.515025 0.000998
vt 0.494052 0.020749
vt 0.291435 0.020749
vt 0.291435 0.020749
vt 0.271628 0.000998
vt 0.515025 0.000998
vt 0.272432 0.000998
vt 0.378438 0.000998
vt 0.381484 0.451106
vt 0.381484 0.451106
vt 0.277637 0.530012
vt 0.272432 0.000998
vt 0.475784 0.451106
vt 0.496306 0.000998
vt 0.491100 0.530012
vt 1.079132 0.521663
vt 1.110023 0.310002
vt 1.098809 0.521663
vt 1.091977 0.834883
vt 1.079132 0.521663
vt 1.098809 0.521663
vt 0.494052 0.020749
vt 0.515025 0.000998
vt 0.488878 0.451106
vt 0.488878 0.451106
vt 0.467906 0.451106
vt 0.494052 0.020749
vt 0.244395 0.000998
vt 0.027144 0.451106
vt 0.000998 0.000998
vt 0.119940 0.998212
vt 0.111301 0.969718
vt 0.102917 0.769030
vt 0.102917 0.769030
vt 0.120114 0.908455
vt 0.119940 0.998212
vt 0.305589 0.160119
vt 0.279468 0.235937
vt 0.279468 0.118882
vt 0.279468 0.118882
vt 0.305589 0.000998
vt 0.305589 0.160119
vt 0.118827 0.343649
vt 0.485364 0.331464
vt 0.876484 0.239159
vt 0.902033 0.384651
vt 0.843460 0.238016
vt 0.933281 0.214981
vt 0.900257 0.216124
vt 0.874409 0.000998
vt 0.300982 0.826648
vt 0.322750 0.826648
vt 0.333014 0.996417
vt 0.164013 0.902357
vt 0.264029 0.826648
vt 0.231997 0.996417
vt 0.171807 0.609833
vt 0.249755 0.553495
vt 0.186588 0.771950
vt 0.157373 0.609833
vt 0.171807 0.609833
vt 0.186588 0.771950
vt 0.000998 0.642473
vt 0.061643 0.642473
vt 0.101569 0.914078
vt 0.101569 0.914078
vt 0.040924 0.895061
vt 0.000998 0.642473
vt 0.077707 0.599006
vt 0.053366 0.297825
vt 0.072819 0.297825
vt 0.077618 0.021070
vt 0.097071 0.002228
vt 0.072819 0.297825
vt 0.072819 0.297825
vt 0.053366 0.297825
vt 0.077618 0.021070
vt 0.882988 0.139053
vt 0.878840 0.005453
vt 0.891187 0.140103
vt 0.860741 0.006503
vt 0.868939 0.005453
vt 0.866468 0.202996
vt 0.149323 0.872741
vt 0.240327 0.759427
vt 0.200250 0.999002
vt 0.655198 0.000998
vt 0.757842 0.138644
vt 0.700954 0.229636
vt 0.267364 0.196573
vt 0.303833 0.200827
vt 0.298450 0.457238
vt 0.168297 0.092163
vt 0.249755 0.553495
vt 0.276346 0.530199
vt 0.310777 0.750797
vt 0.171807 0.609833
vt 0.276346 0.530199
vt 0.249755 0.553495
vt 1.134490 0.466934
vt 1.153501 0.466934
vt 1.153501 0.680786
vt 1.153501 0.680786
vt 1.134490 0.680786
vt 1.134490 0.466934
vt 1.153501 0.466934
vt 1.134490 0.466934
vt 1.134490 0.310002
vt 1.134490 0.310002
vt 1.153501 0.019266
vt 1.153501 0.466934
vt 0.513588 0.759427
vt 0.504764 0.759427
vt 0.504764 0.451106
vt 0.504764 0.451106
vt 0.513588 0.336705
vt 0.513588 0.759427
vt 0.273619 0.817072
vt 0.266003 0.817072
vt 0.266003 0.629055
vt 0.266003 0.629055
vt 0.273619 0.435696
vt 0.273619 0.817072
vt 0.167893 0.817072
vt 0.175337 0.817072
vt 0.182961 0.998769
vt 0.587823 0.146490
vt 0.600322 0.000998
vt 0.611724 0.195569
vt 0.784366 0.236152
vt 0.759330 0.200984
vt 0.784777 0.000998
vt 0.784777 0.000998
vt 0.777419 0.125374
vt 0.784366 0.236152
vt 0.566624 0.139053
vt 0.585829 0.005453
vt 0.588380 0.184120
vt 0.780303 0.222227
vt 0.734044 0.185787
vt 0.778738 0.006294
vt 0.778738 0.006294
vt 0.780640 0.120504
vt 0.780303 0.222227
vt -0.234945 0.557321
vt -0.150535 0.513607
vt -0.187707 0.628699
vt 0.549396 0.037330
vt 0.496629 0.002228
vt 0.544241 0.023233
vt 0.698804 0.000998
vt 0.705693 0.018457
vt 0.705693 0.388970
vt 0.705693 0.388970
vt 0.698804 0.388970
vt 0.698804 0.000998
vt 0.615909 0.388970
vt 0.684805 0.388970
vt 0.680741 0.658709
vt 0.680741 0.658709
vt 0.613531 0.588963
vt 0.615909 0.388970
vt 1.260908 0.006620
vt 1.271464 0.005567
vt 1.274674 0.219552
vt 1.421037 0.139649
vt 1.422087 0.005567
vt 1.431592 0.039626
vt 1.431592 0.039626
vt 1.431592 0.140702
vt 1.421037 0.139649
vt 0.566624 0.139053
vt 0.585829 0.005453
vt 0.588380 0.184120
vt 0.780303 0.222227
vt 0.734044 0.185787
vt 0.778738 0.006294
vt 0.778738 0.006294
vt 0.780640 0.120504
vt 0.780303 0.222227
vt 0.683045 0.588963
vt 0.680741 0.658709
vt 0.684805 0.388970
vt 0.684805 0.388970
vt 0.691936 0.388970
vt 0.683045 0.588963
vt 0.822717 0.050103
vt 0.822717 0.195830
vt 0.811467 0.194311
vt 0.811467 0.194311
vt 0.812587 0.000998
vt 0.822717 0.050103
vt 0.775951 0.002517
vt 0.787202 0.000998
vt 0.793803 0.225697
vt 0.308751 0.012876
vt 0.218424 0.669969
vt 0.246573 0.644600
vt 0.283311 0.884833
vt 0.145280 0.731321
vt 0.246573 0.644600
vt 0.218424 0.669969
vt 0.807777 0.081428
vt 0.788433 0.000998
vt 0.805888 0.049128
vt 0.665133 0.790782
vt 0.641501 0.919554
vt 0.641501 0.835454
vt 0.032688 0.482159
vt 0.053366 0.297825
vt 0.077707 0.599006
vt 0.332955 0.002814
vt 0.343390 0.002228
vt 0.346563 0.121245
vt 0.359671 0.609833
vt 0.352462 0.681552
vt 0.344905 0.609833
vt 0.344905 0.609833
vt 0.359671 0.358151
vt 0.359671 0.609833
vt 0.168842 0.022916
vt 0.154408 0.005453
vt 0.331780 0.005453
vt 0.331780 0.005453
vt 0.316497 0.022916
vt 0.168842 0.022916
vt 0.392071 0.759427
vt 0.400698 0.759427
vt 0.409532 0.998620
vt 0.487725 0.772183
vt 0.512227 0.603116
vt 0.541069 0.974553
vt 0.372055 0.358151
vt 0.549426 0.358151
vt 0.546462 0.609833
vt 0.546462 0.609833
vt 0.380764 0.530199
vt 0.372055 0.358151
vt 0.272747 0.113224
vt 0.316805 0.094206
vt 0.712384 0.002341
vt 0.716209 0.000998
vt 0.717373 0.147499
vt 0.665133 0.790782
vt 0.641501 0.835454
vt 0.639325 0.792049
vt 0.639325 0.792049
vt 0.668333 0.789439
vt 0.665133 0.790782
vt 0.082170 0.174921
vt 0.031014 0.454566
vt 0.021525 0.174921
vt 0.082170 0.174921
vt 0.021525 0.174921
vt 0.014667 0.000998
vt 0.156407 0.817072
vt 0.070947 0.677172
vt 0.076282 0.629055
vt 0.076282 0.629055
vt 0.160564 0.629055
vt 0.156407 0.817072
vt 1.090346 0.019266
vt 1.110023 0.005567
vt 1.110023 0.310002
vt 1.110023 0.310002
vt 1.079132 0.521663
vt 1.090346 0.019266
vt 1.110023 0.005567
vt 1.090346 0.019266
vt 0.900240 0.019266
vt 0.031014 0.454566
vt 0.091660 0.454566
vt 0.061643 0.642473
vt 0.061643 0.642473
vt 0.000998 0.642473
vt 0.031014 0.454566
vt 0.513588 0.336705
vt 0.504764 0.451106
vt 0.513588 0.020749
vt 0.615909 0.018457
vt 0.609174 0.000998
vt 0.691936 0.000998
vt 0.691936 0.000998
vt 0.684805 0.018457
vt 0.615909 0.018457
vt 0.606749 0.826648
vt 0.584480 0.826648
vt 0.584480 0.451868
vt 0.584480 0.451868
vt 0.606749 0.451868
vt 0.606749 0.826648
vt 0.031014 0.454566
vt 0.082170 0.174921
vt 0.091660 0.454566
vt 0.270127 0.147682
vt 0.248808 0.129656
vt 0.228116 0.002697
vt 0.228116 0.002697
vt 0.270556 0.090900
vt 0.270127 0.147682
vt 0.454661 0.016324
vt 0.464058 0.002228
vt 0.464058 0.076279
vt 0.311784 0.001924
vt 0.316012 0.000998
vt 0.317298 0.189133
vt 0.371029 0.118882
vt 0.371450 0.000998
vt 0.375258 0.030943
vt 0.375258 0.030943
vt 0.375258 0.119809
vt 0.371029 0.118882
vt 0.249755 0.553495
vt 0.297443 0.475667
vt 0.316567 0.747149
vt 0.171807 0.609833
vt 0.297443 0.475667
vt 0.249755 0.553495
vt 0.505093 0.282788
vt 0.540355 0.000998
vt 0.582807 0.011182
vt 0.353722 0.921792
vt 0.311078 0.999002
vt 0.261463 0.967813
vt 0.609947 0.002517
vt 0.614847 0.000998
vt 0.617722 0.225697
vt 0.359671 0.358151
vt 0.344905 0.609833
vt 0.344905 0.358151
vt 0.245470 0.677172
vt 0.248018 0.629055
vt 0.253353 0.677172
vt 0.569960 0.194311
vt 0.639459 0.000998
vt 0.639459 0.261933
vt 0.896768 0.091990
vt 0.839880 0.000998
vt 0.891211 0.055449
vt 0.027144 0.451106
vt 0.098010 0.680645
vt 0.024727 0.656114
vt 0.143303 0.930862
vt 0.079824 0.940363
vt 0.079824 0.679428
vt 0.079824 0.679428
vt 0.098010 0.680645
vt 0.143303 0.930862
vt 0.525448 0.588963
vt 0.549544 0.791858
vt 0.543360 0.790782
vt 0.725964 0.049570
vt 0.729409 0.000998
vt 0.729028 0.110897
vt 0.520232 0.194311
vt 0.550500 0.000998
vt 0.520232 0.260655
vt 0.662566 0.091990
vt 0.637790 0.000998
vt 0.660146 0.055449
vt 0.512227 0.603116
vt 0.564013 0.451868
vt 0.535277 0.603116
vt 0.372027 0.012875
vt 0.423132 0.002228
vt 0.367858 0.118797
vt -0.348270 0.297825
vt -0.282540 0.483215
vt -0.350513 0.493393
vt 0.659901 0.130157
vt 0.736283 0.000998
vt 0.691779 0.137155
vt 0.157397 0.914904
vt 0.132135 0.909355
vt 0.107618 0.774011
vt -0.110318 0.021070
vt -0.128690 0.002228
vt 0.097071 0.002228
vt 0.097071 0.002228
vt 0.077618 0.021070
vt -0.110318 0.021070
vt 0.318279 0.023551
vt 0.296510 0.000998
vt 0.564013 0.000998
vt 0.564013 0.000998
vt 0.540963 0.023551
vt 0.318279 0.023551
vt 0.639192 0.521663
vt 0.718999 0.626142
vt 0.701937 0.625298
vt 0.701937 0.625298
vt 0.718999 0.626142
vt 0.761496 0.886816
vt 0.027077 0.757621
vt 0.107618 0.774011
vt 0.022137 0.975088
vt 0.029734 0.603116
vt 0.107618 0.774011
vt 0.027077 0.757621
vt 0.705693 0.588963
vt 0.698804 0.735293
vt 0.698804 0.388970
vt 0.698804 0.388970
vt 0.705693 0.388970
vt 0.705693 0.588963
vt 0.381801 0.023281
vt 0.385609 0.000998
vt 0.385609 0.118053
vt 0.424727 0.056486
vt 0.403345 0.000998
vt 0.422638 0.034203
vt 0.639325 0.792049
vt 0.641501 0.835454
vt 0.624189 0.998664
vt 0.204495 0.927049
vt 0.228488 0.910021
vt 0.235021 0.988264
vt 0.733944 0.360325
vt 0.709951 0.340125
vt 0.709951 0.243358
vt 0.784690 0.139053
vt 0.780640 0.120504
vt 0.851008 0.060741
vt 0.901464 0.005453
vt 0.908847 0.024002
vt 0.908847 0.112859
vt 0.171807 0.609833
vt 0.297443 0.475667
vt 0.276346 0.530199
vt 0.323071 0.530199
vt 0.276346 0.530199
vt 0.297443 0.475667
vt 0.964851 0.725321
vt 0.970857 0.759380
vt 0.923088 0.887448
vt 0.245470 0.677172
vt 0.257845 0.435696
vt 0.248018 0.629055
vt 0.322750 0.826648
vt 0.393963 0.869549
vt 0.333014 0.996417
vt 0.393963 0.869549
vt 0.400998 0.902357
vt 0.333014 0.996417
vt 0.784690 0.139053
vt 0.780640 0.120504
vt 0.844927 0.132346
vt 0.901464 0.005453
vt 0.908847 0.024002
vt 0.905333 0.107176
vt 0.587823 0.146490
vt 0.611724 0.195569
vt 0.587823 0.243256
vt 0.566624 0.139053
vt 0.588380 0.184120
vt 0.566624 0.227910
vt 1.079132 0.521663
vt 0.904057 0.680786
vt 0.893679 0.466934
vt 0.277637 0.530012
vt 0.314683 0.680645
vt 0.306763 0.679428
vt 0.306763 0.679428
vt 0.314683 0.680645
vt 0.334410 0.930862
vt 0.566624 0.139053
vt 0.588380 0.184120
vt 0.566624 0.227910
vt 0.029734 0.603116
vt 0.268501 0.451868
vt 0.264029 0.826648
vt 0.400698 0.759427
vt 0.428918 0.823636
vt 0.409532 0.998620
vt 0.428918 0.823636
vt 0.431706 0.872741
vt 0.409532 0.998620
vt 0.070947 0.677172
vt 0.102917 0.769030
vt 0.096082 0.768288
vt 0.096082 0.768288
vt 0.102917 0.769030
vt 0.111301 0.969718
vt 0.430615 0.105408
vt 0.632093 0.843368
vt 0.571193 0.793187
vt 0.588035 0.862386
vt 0.591897 0.752203
vt 0.705812 0.355303
vt 0.656197 0.336286
vt 0.636233 0.245121
vt 0.128101 0.000998
vt 0.388672 0.844869
vt 0.357862 0.843346
vt 0.358671 0.752203
vt 0.938632 0.000998
vt 0.969442 0.001914
vt 0.938632 0.197384
vt 1.119098 0.005453
vt 1.125665 0.009614
vt 1.114134 0.032093
vt 0.765485 0.005453
vt 0.778738 0.006294
vt 0.734044 0.185787
vt 0.098010 0.680645
vt 0.079824 0.679428
vt 0.024727 0.656114
vt 0.024727 0.656114
vt 0.079824 0.679428
vt 0.028941 0.902957
vt 0.272747 0.113224
vt 0.199691 0.856227
vt 0.202096 0.886172
vt 0.182961 0.998769
vt 0.569960 0.194311
vt 0.639459 0.261933
vt 0.569960 0.260655
vt 0.851008 0.060741
vt 0.844927 0.132346
vt 0.780640 0.120504
vt 0.287455 0.672746
vt 0.615909 0.018457
vt 0.318279 0.023551
vt 0.479914 0.769560
vt 0.540963 0.023551
vt 0.615909 0.388970
vt 0.168842 0.022916
vt 0.368553 0.663617
vt 0.738172 0.648364
vt 0.680741 0.658709
vt 0.512227 0.603116
vt 0.902033 0.384651
vt 0.298450 0.457238
vt 0.843460 0.238016
vt 0.357862 0.843346
vt 0.803821 0.639882
vt 0.827730 0.411254
vt 0.878189 0.401983
vt 0.880212 0.175364
vt 0.733169 0.889755
vt 0.733169 0.889755
vt 0.733169 0.889755
vt 0.347891 0.200827
vt 0.107618 0.774011
vt 0.107618 0.774011
vt 0.323071 0.530199
vt 0.701937 0.625298
vt 0.701937 0.625298
vt 1.044896 0.624245
vt 0.249755 0.553495
vt 0.784690 0.139053
vt 0.844927 0.132346
vt 0.778738 0.006294
vt 0.780640 0.120504
vt 0.306763 0.679428
vt 0.171807 0.609833
vt 0.249755 0.553495
vt 0.249755 0.553495
vt 0.171807 0.609833
vt 0.761930 0.784725
vt 0.106329 0.513607
vt 0.249962 0.020559
vt 0.168297 0.092163
vt 0.168297 0.092163
vt 0.231756 0.767361
vt 0.780640 0.120504
vt 0.778738 0.006294
vt 0.778738 0.006294
vt 0.096082 0.768288
vt 0.297443 0.475667
vt 0.540355 0.000998
vt -0.110318 0.021070
vt 0.273619 0.817072
vt 0.444112 0.077389
vt 0.473947 0.781772
vt 0.467906 0.451106
vt 0.372055 0.358151
vt 0.256479 0.701837
vt 0.256479 0.701837
vt 0.043460 0.618628
vn 0.085322 0.965680 -0.245320
vn 0.186912 0.974096 -0.127280
vn 0.109262 0.979735 -0.167869
vn 0.009342 0.960446 -0.278309
vn 0.164844 0.968322 0.187559
vn 0.084003 0.992955 0.083571
vn 0.295300 0.952350 0.076341
vn 0.197759 0.979474 0.039014
vn -0.077248 0.987901 0.134477
vn -0.146502 0.981678 0.121840
vn -0.139972 0.965881 0.217902
vn 0.003196 0.943387 0.331678
vn -0.329269 0.943270 -0.042716
vn -0.206841 0.976947 -0.052841
vn -0.119357 0.963939 -0.237858
vn 0.219883 -0.921732 -0.319472
vn 0.219883 -0.921732 -0.319472
vn 0.219883 -0.921732 -0.319472
vn 0.161089 -0.925671 -0.342320
vn 0.161089 -0.925671 -0.342320
vn 0.161089 -0.925671 -0.342320
vn -0.240459 0.899777 0.364116
vn -0.240459 0.899777 0.364116
vn -0.240459 0.899777 0.364116
vn -0.230519 0.892486 0.387723
vn -0.230519 0.892486 0.387723
vn -0.230519 0.892486 0.387723
vn 0.189087 -0.972256 0.137715
vn 0.189087 -0.972256 0.137715
vn 0.189087 -0.972256 0.137715
vn -0.214424 0.966845 -0.138684
vn -0.214424 0.966845 -0.138684
vn -0.214424 0.966845 -0.138684
vn -0.644186 -0.760557 -0.081095
vn -0.644186 -0.760557 -0.081095
vn -0.644186 -0.760557 -0.081095
vn -0.648623 -0.756062 -0.087513
vn -0.648623 -0.756062 -0.087513
vn -0.648623 -0.756062 -0.087513
vn 0.516681 0.851674 0.087707
vn 0.516681 0.851674 0.087707
vn 0.516681 0.851674 0.087707
vn -0.487151 0.617480 -0.617578
vn -0.487151 0.617480 -0.617578
vn -0.487151 0.617480 -0.617578
vn 0.487150 -0.617480 0.617579
vn 0.487150 -0.617480 0.617579
vn 0.487150 -0.617480 0.617579
vn 0.487151 -0.617480 0.617578
vn 0.487151 -0.617480 0.617578
vn 0.487151 -0.617480 0.617578
vn 0.237529 -0.922922 0.302977
vn 0.237529 -0.922922 0.302977
vn 0.237529 -0.922922 0.302977
vn 0.347315 -0.925720 0.149717
vn 0.347315 -0.925720 0.149717
vn 0.347315 -0.925720 0.149717
vn -0.212941 0.953752 -0.212164
vn -0.212941 0.953752 -0.212164
vn -0.212941 0.953752 -0.212164
vn -0.111954 -0.861260 -0.495679
vn -0.111954 -0.861260 -0.495679
vn -0.111954 -0.861260 -0.495679
vn 0.110151 -0.786409 -0.607806
vn 0.110151 -0.786409 -0.607806
vn 0.110151 -0.786409 -0.607806
vn 0.003395 0.824148 0.566364
vn 0.003395 0.824148 0.566364
vn 0.003395 0.824148 0.566364
vn -0.060790 0.856596 0.512394
vn -0.060790 0.856596 0.512394
vn -0.060790 0.856596 0.512394
vn 0.217543 0.912223 0.347166
vn 0.217543 0.912223 0.347166
vn 0.217543 0.912223 0.347166
vn -0.183036 -0.915326 -0.358715
vn -0.183036 -0.915326 -0.358715
vn -0.183036 -0.915326 -0.358715
vn -0.114235 0.992329 -0.047263
vn -0.122446 0.992446 -0.007591
vn 0.595515 0.742788 -0.305987
vn 0.595515 0.742788 -0.305987
vn 0.595515 0.742788 -0.305987
vn -0.602278 -0.762528 0.236248
vn -0.602278 -0.762528 0.236248
vn -0.602278 -0.762528 0.236248
vn -0.413809 0.786435 0.458566
vn -0.413809 0.786435 0.458566
vn -0.413809 0.786435 0.458566
vn 0.394552 -0.708235 -0.585434
vn 0.394552 -0.708235 -0.585434
vn 0.394552 -0.708235 -0.585434
vn 0.385141 -0.677075 -0.627086
vn 0.385141 -0.677075 -0.627086
vn 0.385141 -0.677075 -0.627086
vn -0.218141 0.961604 0.166533
vn -0.218141 0.961604 0.166533
vn -0.218141 0.961604 0.166533
vn -0.224684 0.953341 0.201640
vn -0.224684 0.953341 0.201640
vn -0.224684 0.953341 0.201640
vn 0.563515 -0.127959 0.816136
vn 0.563515 -0.127959 0.816136
vn 0.563515 -0.127959 0.816136
vn -0.279577 -0.838660 0.467425
vn -0.279577 -0.838660 0.467425
vn -0.279577 -0.838660 0.467425
vn 0.000117 -0.929741 0.368213
vn 0.000117 -0.929741 0.368213
vn 0.000117 -0.929741 0.368213
vn 0.075427 0.943034 -0.324033
vn 0.075427 0.943034 -0.324033
vn 0.075427 0.943034 -0.324033
vn -0.602275 -0.762530 0.236249
vn -0.602275 -0.762530 0.236249
vn -0.602275 -0.762530 0.236249
vn 0.602274 0.762530 -0.236251
vn 0.602274 0.762530 -0.236251
vn 0.602274 0.762530 -0.236251
vn 0.602274 0.762530 -0.236251
vn 0.602274 0.762530 -0.236251
vn 0.602274 0.762530 -0.236251
vn -0.105135 0.983093 0.149914
vn -0.195969 0.979742 0.041259
vn 0.040212 0.994036 0.101367
vn -0.006534 0.999842 -0.016545
vn -0.520768 0.846976 -0.106918
vn -0.520768 0.846976 -0.106918
vn -0.520768 0.846976 -0.106918
vn 0.514117 -0.845135 0.146392
vn 0.514117 -0.845135 0.146392
vn 0.514117 -0.845135 0.146392
vn 0.546417 -0.806854 0.224532
vn 0.546417 -0.806854 0.224532
vn 0.546417 -0.806854 0.224532
vn -0.720982 -0.666654 -0.189096
vn -0.720982 -0.666654 -0.189096
vn -0.720982 -0.666654 -0.189096
vn 0.738123 0.647709 0.188809
vn 0.738123 0.647709 0.188809
vn 0.738123 0.647709 0.188809
vn -0.216281 0.967354 0.132091
vn -0.217179 0.953364 -0.209595
vn -0.217179 0.953364 -0.209595
vn -0.217179 0.953364 -0.209595
vn -0.398825 0.889385 -0.223456
vn -0.398825 0.889385 -0.223456
vn -0.398825 0.889385 -0.223456
vn -0.443312 0.884558 -0.145025
vn -0.443312 0.884558 -0.145025
vn -0.443312 0.884558 -0.145025
vn 0.526961 -0.816876 0.234577
vn 0.526961 -0.816876 0.234577
vn 0.526961 -0.816876 0.234577
vn 0.994501 -0.006612 0.104515
vn 0.994501 -0.006612 0.104515
vn 0.994501 -0.006612 0.104515
vn 0.602272 0.762532 -0.236250
vn 0.602272 0.762532 -0.236250
vn 0.602272 0.762532 -0.236250
vn 0.602275 0.762529 -0.236250
vn 0.602275 0.762529 -0.236250
vn 0.602275 0.762529 -0.236250
vn -0.509701 0.264704 -0.818619
vn -0.509701 0.264704 -0.818619
vn -0.509701 0.264704 -0.818619
vn 0.199304 -0.966102 -0.164085
vn 0.199304 -0.966102 -0.164085
vn 0.199304 -0.966102 -0.164085
vn 0.611971 0.401000 0.681682
vn 0.611971 0.401000 0.681682
vn 0.611971 0.401000 0.681682
vn 0.943601 -0.226803 0.241198
vn 0.943601 -0.226803 0.241198
vn 0.943601 -0.226803 0.241198
vn -0.677363 -0.568057 0.467430
vn -0.677363 -0.568057 0.467430
vn -0.677363 -0.568057 0.467430
vn 0.420055 0.906843 0.034485
vn 0.420055 0.906843 0.034485
vn 0.420055 0.906843 0.034485
vn 0.218660 0.912066 0.346877
vn 0.218660 0.912066 0.346877
vn 0.218660 0.912066 0.346877
vn -0.165420 -0.960455 -0.223970
vn -0.165420 -0.960455 -0.223970
vn -0.165420 -0.960455 -0.223970
vn -0.251426 -0.967344 -0.032099
vn -0.251426 -0.967344 -0.032099
vn -0.251426 -0.967344 -0.032099
vn -0.487150 0.617480 -0.617579
vn -0.487150 0.617480 -0.617579
vn -0.487150 0.617480 -0.617579
vn 0.512139 -0.791594 0.333304
vn 0.512139 -0.791594 0.333304
vn 0.512139 -0.791594 0.333304
vn -0.358567 0.867180 -0.345585
vn -0.358567 0.867180 -0.345585
vn -0.358567 0.867180 -0.345585
vn 0.313733 -0.675397 0.667391
vn 0.313733 -0.675397 0.667391
vn 0.313733 -0.675397 0.667391
vn -0.492486 0.675015 0.549375
vn -0.492486 0.675015 0.549375
vn -0.492486 0.675015 0.549375
vn -0.278813 0.959713 -0.034847
vn -0.278813 0.959713 -0.034847
vn -0.278813 0.959713 -0.034847
vn -0.858721 -0.499281 0.115396
vn -0.858721 -0.499281 0.115396
vn -0.858721 -0.499281 0.115396
vn 0.000000 -0.928583 0.371126
vn 0.000000 -0.928583 0.371126
vn 0.000000 -0.928583 0.371126
vn 0.000000 0.870000 0.493052
vn 0.000000 0.870000 0.493052
vn 0.000000 0.870000 0.493052
vn -0.922790 -0.381235 0.055842
vn -0.922790 -0.381235 0.055842
vn -0.922790 -0.381235 0.055842
vn 0.567217 -0.746804 0.347201
vn 0.567217 -0.746804 0.347201
vn 0.567217 -0.746804 0.347201
vn 0.206268 -0.966292 -0.154056
vn 0.206268 -0.966292 -0.154056
vn 0.206268 -0.966292 -0.154056
vn 0.229861 -0.958473 -0.168799
vn 0.229861 -0.958473 -0.168799
vn 0.229861 -0.958473 -0.168799
vn -0.250084 0.951223 0.180645
vn -0.250084 0.951223 0.180645
vn -0.250084 0.951223 0.180645
vn -0.415724 -0.905277 -0.087446
vn -0.415724 -0.905277 -0.087446
vn -0.415724 -0.905277 -0.087446
vn -0.415465 -0.905492 -0.086449
vn -0.415465 -0.905492 -0.086449
vn -0.415465 -0.905492 -0.086449
vn 0.516979 0.851385 0.088745
vn 0.516979 0.851385 0.088745
vn 0.516979 0.851385 0.088745
vn -0.211483 0.952979 -0.217039
vn -0.240699 0.941062 -0.237627
vn -0.224625 0.948184 -0.224699
vn -0.207238 0.955800 -0.208563
vn 0.214741 -0.953521 0.211387
vn 0.214741 -0.953521 0.211387
vn 0.214741 -0.953521 0.211387
vn 0.159538 0.959406 0.232567
vn 0.004222 0.565293 0.824880
vn 0.004222 0.565293 0.824880
vn 0.004222 0.565293 0.824880
vn 0.147058 -0.806410 -0.572780
vn 0.147058 -0.806410 -0.572780
vn 0.147058 -0.806410 -0.572780
vn -0.001552 -0.556477 -0.830862
vn -0.001552 -0.556477 -0.830862
vn -0.001552 -0.556477 -0.830862
vn 0.495230 0.868179 -0.031820
vn 0.495230 0.868179 -0.031820
vn 0.495230 0.868179 -0.031820
vn -0.958170 -0.117749 0.260856
vn -0.958170 -0.117749 0.260856
vn -0.958170 -0.117749 0.260856
vn -0.269720 -0.390607 0.880158
vn -0.269720 -0.390607 0.880158
vn -0.269720 -0.390607 0.880158
vn -0.296863 -0.232124 0.926278
vn -0.296863 -0.232124 0.926278
vn -0.296863 -0.232124 0.926278
vn -0.518159 -0.373312 0.769513
vn -0.518159 -0.373312 0.769513
vn -0.518159 -0.373312 0.769513
vn 0.471826 0.811222 0.345397
vn 0.471826 0.811222 0.345397
vn 0.471826 0.811222 0.345397
vn -0.784635 0.297386 0.543975
vn -0.784635 0.297386 0.543975
vn -0.784635 0.297386 0.543975
vn -0.892599 -0.322283 0.315280
vn -0.892599 -0.322283 0.315280
vn -0.892599 -0.322283 0.315280
vn 0.624743 -0.715052 -0.313683
vn 0.624743 -0.715052 -0.313683
vn 0.624743 -0.715052 -0.313683
vn -0.433512 0.839354 0.327952
vn -0.433512 0.839354 0.327952
vn -0.433512 0.839354 0.327952
vn -0.395429 0.721487 0.568412
vn -0.395429 0.721487 0.568412
vn -0.395429 0.721487 0.568412
vn -0.303572 -0.896292 -0.323273
vn -0.303572 -0.896292 -0.323273
vn -0.303572 -0.896292 -0.323273
vn 0.086836 0.848895 -0.521380
vn 0.086836 0.848895 -0.521380
vn 0.086836 0.848895 -0.521380
vn -0.673172 -0.689073 0.268362
vn -0.673172 -0.689073 0.268362
vn -0.673172 -0.689073 0.268362
vn -0.602616 -0.624340 0.497045
vn -0.602616 -0.624340 0.497045
vn -0.602616 -0.624340 0.497045
vn 0.683313 0.051592 0.728300
vn 0.683313 0.051592 0.728300
vn 0.683313 0.051592 0.728300
vn -0.326671 0.618931 -0.714290
vn -0.326671 0.618931 -0.714290
vn -0.326671 0.618931 -0.714290
vn -0.108733 0.989765 -0.092427
vn -0.108733 0.989765 -0.092427
vn -0.108733 0.989765 -0.092427
vn 0.799140 -0.507136 0.322781
vn 0.799140 -0.507136 0.322781
vn 0.799140 -0.507136 0.322781
vn -0.819696 0.520206 0.239761
vn -0.819696 0.520206 0.239761
vn -0.819696 0.520206 0.239761
vn -0.681872 0.481274 0.550842
vn -0.681872 0.481274 0.550842
vn -0.681872 0.481274 0.550842
vn -0.715997 0.594573 0.365829
vn -0.715997 0.594573 0.365829
vn -0.715997 0.594573 0.365829
vn -0.205743 0.929038 0.307504
vn -0.205743 0.929038 0.307504
vn -0.205743 0.929038 0.307504
vn 0.006722 0.841197 0.540688
vn 0.006722 0.841197 0.540688
vn 0.006722 0.841197 0.540688
vn 0.188767 -0.972198 0.138557
vn 0.188767 -0.972198 0.138557
vn 0.188767 -0.972198 0.138557
vn -0.214728 0.966622 -0.139762
vn -0.214728 0.966622 -0.139762
vn -0.214728 0.966622 -0.139762
vn 0.421741 -0.116850 -0.899156
vn 0.421741 -0.116850 -0.899156
vn 0.421741 -0.116850 -0.899156
vn 0.420613 -0.115844 -0.899814
vn 0.420613 -0.115844 -0.899814
vn 0.420613 -0.115844 -0.899814
vn 0.724249 -0.334842 0.602780
vn 0.724249 -0.334842 0.602780
vn 0.724249 -0.334842 0.602780
vn 0.700153 0.600332 0.386506
vn 0.700153 0.600332 0.386506
vn 0.700153 0.600332 0.386506
vn 0.007681 0.924001 -0.382314
vn 0.007681 0.924001 -0.382314
vn 0.007681 0.924001 -0.382314
vn -0.412147 -0.632162 -0.656129
vn -0.412147 -0.632162 -0.656129
vn -0.412147 -0.632162 -0.656129
vn -0.169776 0.841172 0.513426
vn -0.169776 0.841172 0.513426
vn -0.169776 0.841172 0.513426
vn 0.366017 0.751601 0.548752
vn 0.366017 0.751601 0.548752
vn 0.366017 0.751601 0.548752
vn -0.093403 0.983710 -0.153592
vn 0.000000 1.000000 -0.000000
vn 0.010960 -0.962573 0.270800
vn 0.010960 -0.962573 0.270800
vn 0.010960 -0.962573 0.270800
vn -0.007960 0.954499 -0.298110
vn -0.007960 0.954499 -0.298110
vn -0.007960 0.954499 -0.298110
vn -0.603107 0.270479 -0.750402
vn -0.603107 0.270479 -0.750402
vn -0.603107 0.270479 -0.750402
vn -0.606365 0.287929 -0.741228
vn -0.606365 0.287929 -0.741228
vn -0.606365 0.287929 -0.741228
vn -0.211066 0.962663 0.169504
vn -0.211066 0.962663 0.169504
vn -0.211066 0.962663 0.169504
vn -0.185973 0.968568 0.165197
vn -0.185973 0.968568 0.165197
vn -0.185973 0.968568 0.165197
vn -0.422940 0.748872 0.510208
vn -0.422940 0.748872 0.510208
vn -0.422940 0.748872 0.510208
vn 0.943185 -0.152879 0.295009
vn 0.943185 -0.152879 0.295009
vn 0.943185 -0.152879 0.295009
vn 0.432984 -0.887238 0.159162
vn 0.432984 -0.887238 0.159162
vn 0.432984 -0.887238 0.159162
vn -0.245857 0.800298 -0.546879
vn -0.245857 0.800298 -0.546879
vn -0.245857 0.800298 -0.546879
vn -0.858263 -0.372560 0.352965
vn -0.873122 -0.336858 0.352398
vn -0.770503 -0.355463 0.529123
vn -0.796123 -0.141631 0.588328
vn -0.323564 -0.293233 0.899622
vn -0.322647 -0.188680 0.927523
vn -0.361754 -0.497164 0.788646
vn 0.416426 -0.230755 0.879398
vn 0.373746 -0.682535 -0.628061
vn 0.373746 -0.682535 -0.628061
vn 0.373746 -0.682535 -0.628061
vn -0.411848 0.787265 0.458907
vn -0.411848 0.787265 0.458907
vn -0.411848 0.787265 0.458907
vn 0.262329 -0.884629 -0.385506
vn 0.262329 -0.884629 -0.385506
vn 0.262329 -0.884629 -0.385506
vn 0.960250 -0.252503 -0.119009
vn 0.960250 -0.252503 -0.119009
vn 0.960250 -0.252503 -0.119009
vn 0.296885 -0.937865 -0.179636
vn 0.296885 -0.937865 -0.179636
vn 0.296885 -0.937865 -0.179636
vn 0.106546 -0.267449 -0.957663
vn 0.106546 -0.267449 -0.957663
vn 0.106546 -0.267449 -0.957663
vn 0.084093 -0.442138 -0.892996
vn 0.084093 -0.442138 -0.892996
vn 0.084093 -0.442138 -0.892996
vn 0.083491 -0.440373 -0.893924
vn 0.083491 -0.440373 -0.893924
vn 0.083491 -0.440373 -0.893924
vn 0.571500 0.820474 -0.014526
vn 0.571500 0.820474 -0.014526
vn 0.571500 0.820474 -0.014526
vn -0.420788 -0.032998 0.906559
vn -0.420788 -0.032998 0.906559
vn -0.420788 -0.032998 0.906559
vn 0.010957 -0.962574 0.270798
vn 0.010957 -0.962574 0.270798
vn 0.010957 -0.962574 0.270798
vn -0.937579 -0.345389 -0.040658
vn -0.937579 -0.345389 -0.040658
vn -0.937579 -0.345389 -0.040658
vn -0.971285 -0.229398 -0.063112
vn -0.971285 -0.229398 -0.063112
vn -0.971285 -0.229398 -0.063112
vn -0.634936 -0.725009 0.266867
vn -0.634936 -0.725009 0.266867
vn -0.634936 -0.725009 0.266867
vn -0.494414 -0.798331 -0.343834
vn -0.494414 -0.798331 -0.343834
vn -0.494414 -0.798331 -0.343834
vn -0.209451 -0.914961 -0.344929
vn -0.209451 -0.914961 -0.344929
vn -0.209451 -0.914961 -0.344929
vn -0.043546 -0.599966 -0.798840
vn -0.043546 -0.599966 -0.798840
vn -0.043546 -0.599966 -0.798840
vn -0.051457 0.798902 0.599256
vn -0.051457 0.798902 0.599256
vn -0.051457 0.798902 0.599256
vn -0.406758 0.888841 -0.210976
vn -0.406758 0.888841 -0.210976
vn -0.406758 0.888841 -0.210976
vn 0.230190 -0.217240 0.948588
vn 0.230190 -0.217240 0.948588
vn 0.230190 -0.217240 0.948588
vn 0.212802 -0.953429 0.213747
vn 0.212802 -0.953429 0.213747
vn 0.212802 -0.953429 0.213747
vn -0.212178 0.953562 -0.213775
vn -0.212178 0.953562 -0.213775
vn -0.212178 0.953562 -0.213775
vn 0.383505 0.252727 0.888287
vn 0.383505 0.252727 0.888287
vn 0.383505 0.252727 0.888287
vn 0.251098 0.602251 0.757788
vn 0.251098 0.602251 0.757788
vn 0.251098 0.602251 0.757788
vn 0.229986 -0.958565 -0.168105
vn 0.229986 -0.958565 -0.168105
vn 0.229986 -0.958565 -0.168105
vn -0.438740 0.896876 -0.055857
vn -0.438740 0.896876 -0.055857
vn -0.438740 0.896876 -0.055857
vn 0.416354 0.261871 0.870674
vn 0.416354 0.261871 0.870674
vn 0.416354 0.261871 0.870674
vn -0.367428 0.407627 -0.835965
vn -0.367428 0.407627 -0.835965
vn -0.367428 0.407627 -0.835965
vn -0.067179 -0.214211 -0.974475
vn -0.067179 -0.214211 -0.974475
vn -0.067179 -0.214211 -0.974475
vn -0.592153 -0.460111 -0.661553
vn -0.592153 -0.460111 -0.661553
vn -0.592153 -0.460111 -0.661553
vn -0.169391 -0.367765 0.914361
vn -0.169391 -0.367765 0.914361
vn -0.169391 -0.367765 0.914361
vn -0.001674 0.902316 -0.431072
vn -0.001674 0.902316 -0.431072
vn -0.001674 0.902316 -0.431072
vn 0.750754 -0.536747 0.385060
vn 0.750754 -0.536747 0.385060
vn 0.750754 -0.536747 0.385060
vn 0.648872 -0.584337 0.487355
vn 0.648872 -0.584337 0.487355
vn 0.648872 -0.584337 0.487355
vn 0.048026 0.977387 0.205935
vn -0.024863 0.971227 -0.236856
vn -0.342623 0.391631 -0.853952
vn -0.342623 0.391631 -0.853952
vn -0.342623 0.391631 -0.853952
vn 0.773409 0.633324 0.027190
vn 0.773409 0.633324 0.027190
vn 0.773409 0.633324 0.027190
vn 0.327474 0.869015 0.370909
vn 0.327474 0.869015 0.370909
vn 0.327474 0.869015 0.370909
vn -0.364263 0.232641 0.901771
vn -0.364263 0.232641 0.901771
vn -0.364263 0.232641 0.901771
vn 0.614471 0.090676 -0.783711
vn 0.614471 0.090676 -0.783711
vn 0.614471 0.090676 -0.783711
vn -0.946360 -0.308995 -0.094468
vn -0.946360 -0.308995 -0.094468
vn -0.946360 -0.308995 -0.094468
vn -0.760511 -0.574457 -0.302691
vn -0.760511 -0.574457 -0.302691
vn -0.760511 -0.574457 -0.302691
vn -0.959982 -0.208915 -0.186521
vn -0.959982 -0.208915 -0.186521
vn -0.959982 -0.208915 -0.186521
vn 0.097258 0.575258 0.812170
vn 0.097258 0.575258 0.812170
vn 0.097258 0.575258 0.812170
vn 0.290473 -0.657872 -0.694859
vn 0.290473 -0.657872 -0.694859
vn 0.290473 -0.657872 -0.694859
vn 0.713040 0.018358 0.700883
vn 0.713040 0.018358 0.700883
vn 0.713040 0.018358 0.700883
vn 0.713722 0.019444 0.700159
vn 0.713722 0.019444 0.700159
vn 0.713722 0.019444 0.700159
vn 0.723167 -0.333833 -0.604637
vn 0.723167 -0.333833 -0.604637
vn 0.723167 -0.333833 -0.604637
vn 0.723166 -0.333838 -0.604635
vn 0.723166 -0.333838 -0.604635
vn 0.723166 -0.333838 -0.604635
vn 0.428879 0.895720 0.117252
vn 0.428879 0.895720 0.117252
vn 0.428879 0.895720 0.117252
vn 0.185403 0.942093 0.279439
vn 0.185403 0.942093 0.279439
vn 0.185403 0.942093 0.279439
vn -0.636384 -0.533287 0.557333
vn -0.636384 -0.533287 0.557333
vn -0.636384 -0.533287 0.557333
vn -0.752097 -0.299117 -0.587264
vn -0.752097 -0.299117 -0.587264
vn -0.752097 -0.299117 -0.587264
vn -0.754900 -0.303722 -0.581274
vn -0.754900 -0.303722 -0.581274
vn -0.754900 -0.303722 -0.581274
vn -0.405513 0.437833 -0.802410
vn -0.405513 0.437833 -0.802410
vn -0.405513 0.437833 -0.802410
vn -0.395119 0.449357 -0.801224
vn -0.395119 0.449357 -0.801224
vn -0.395119 0.449357 -0.801224
vn -0.602275 -0.762530 0.236250
vn -0.602275 -0.762530 0.236250
vn -0.602275 -0.762530 0.236250
vn 0.794710 0.280382 0.538352
vn 0.794710 0.280382 0.538352
vn 0.794710 0.280382 0.538352
vn -0.778575 0.503189 0.374995
vn -0.778575 0.503189 0.374995
vn -0.778575 0.503189 0.374995
vn -0.760114 -0.363102 -0.538873
vn -0.760114 -0.363102 -0.538873
vn -0.760114 -0.363102 -0.538873
vn -0.399098 -0.371375 -0.838332
vn -0.399098 -0.371375 -0.838332
vn -0.399098 -0.371375 -0.838332
vn 0.230585 0.970665 -0.068124
vn -0.087379 0.992401 0.086635
vn -0.983723 0.064589 0.167684
vn -0.983723 0.064589 0.167684
vn -0.983723 0.064589 0.167684
vn 0.820009 -0.189311 -0.540135
vn 0.820009 -0.189311 -0.540135
vn 0.820009 -0.189311 -0.540135
vn -0.445331 0.307116 -0.841047
vn -0.445331 0.307116 -0.841047
vn -0.445331 0.307116 -0.841047
vn 0.299801 -0.932131 -0.203106
vn 0.299801 -0.932131 -0.203106
vn 0.299801 -0.932131 -0.203106
vn -0.362039 0.505770 -0.783022
vn -0.362039 0.505770 -0.783022
vn -0.362039 0.505770 -0.783022
vn 0.464837 -0.065353 -0.882981
vn 0.464837 -0.065353 -0.882981
vn 0.464837 -0.065353 -0.882981
vn 0.835148 -0.207976 -0.509189
vn 0.835148 -0.207976 -0.509189
vn 0.835148 -0.207976 -0.509189
vn 0.717217 -0.690907 -0.090814
vn 0.717217 -0.690907 -0.090814
vn 0.717217 -0.690907 -0.090814
vn 0.949199 -0.273471 0.155674
vn 0.949199 -0.273471 0.155674
vn 0.949199 -0.273471 0.155674
vn 0.957568 -0.240491 0.158834
vn 0.957568 -0.240491 0.158834
vn 0.957568 -0.240491 0.158834
vn 0.949294 -0.264695 0.169638
vn 0.949294 -0.264695 0.169638
vn 0.949294 -0.264695 0.169638
vn 0.134035 0.296934 0.945444
vn 0.134035 0.296934 0.945444
vn 0.134035 0.296934 0.945444
vn -0.426897 0.017404 -0.904133
vn -0.426897 0.017404 -0.904133
vn -0.426897 0.017404 -0.904133
vn -0.703238 -0.569587 0.425472
vn -0.703238 -0.569587 0.425472
vn -0.703238 -0.569587 0.425472
vn -0.662671 -0.710061 0.238077
vn -0.662671 -0.710061 0.238077
vn -0.662671 -0.710061 0.238077
vn 0.227764 -0.951537 0.206644
vn 0.248848 -0.948557 0.195740
vn 0.221430 -0.951932 0.211647
vn 0.215068 -0.956347 0.197855
vn -0.481079 0.650248 -0.587997
vn -0.481079 0.650248 -0.587997
vn -0.481079 0.650248 -0.587997
vn -0.339097 -0.372658 -0.863793
vn -0.339097 -0.372658 -0.863793
vn -0.339097 -0.372658 -0.863793
vn 0.920545 -0.197646 0.336947
vn 0.920545 -0.197646 0.336947
vn 0.920545 -0.197646 0.336947
vn 0.920363 -0.192138 0.340609
vn 0.920363 -0.192138 0.340609
vn 0.920363 -0.192138 0.340609
vn 0.887516 -0.244416 0.390610
vn 0.887516 -0.244416 0.390610
vn 0.887516 -0.244416 0.390610
vn 0.798367 -0.540689 0.265079
vn 0.798367 -0.540689 0.265079
vn 0.798367 -0.540689 0.265079
vn 0.537715 -0.144910 -0.830580
vn 0.537715 -0.144910 -0.830580
vn 0.537715 -0.144910 -0.830580
vn 0.491500 -0.287844 -0.821933
vn 0.491500 -0.287844 -0.821933
vn 0.491500 -0.287844 -0.821933
vn 0.955579 -0.189968 -0.225349
vn 0.955579 -0.189968 -0.225349
vn 0.955579 -0.189968 -0.225349
vn 0.857338 -0.405370 -0.317250
vn 0.857338 -0.405370 -0.317250
vn 0.857338 -0.405370 -0.317250
vn 0.947731 -0.113833 -0.298073
vn 0.947731 -0.113833 -0.298073
vn 0.947731 -0.113833 -0.298073
vn 0.287916 -0.953353 0.090681
vn 0.287916 -0.953353 0.090681
vn 0.287916 -0.953353 0.090681
vn -0.226920 0.942313 -0.246077
vn -0.226920 0.942313 -0.246077
vn -0.226920 0.942313 -0.246077
vn -0.925760 -0.193045 0.325118
vn -0.925760 -0.193045 0.325118
vn -0.925760 -0.193045 0.325118
vn -0.359462 0.642738 -0.676517
vn -0.359462 0.642738 -0.676517
vn -0.359462 0.642738 -0.676517
vn 0.509925 -0.588769 0.627158
vn 0.509925 -0.588769 0.627158
vn 0.509925 -0.588769 0.627158
vn -0.585770 0.356191 0.728012
vn -0.585770 0.356191 0.728012
vn -0.585770 0.356191 0.728012
vn -0.015926 0.999857 0.005690
vn -0.015926 0.999857 0.005690
vn -0.015926 0.999857 0.005690
vn -0.704664 0.099177 0.702576
vn -0.704664 0.099177 0.702576
vn -0.704664 0.099177 0.702576
vn -0.042902 -0.180124 0.982708
vn -0.042902 -0.180124 0.982708
vn -0.042902 -0.180124 0.982708
vn -0.042208 -0.185299 0.981775
vn -0.042208 -0.185299 0.981775
vn -0.042208 -0.185299 0.981775
vn 0.403478 -0.903472 0.144718
vn 0.403478 -0.903472 0.144718
vn 0.403478 -0.903472 0.144718
vn 0.402048 -0.904754 0.140637
vn 0.402048 -0.904754 0.140637
vn 0.402048 -0.904754 0.140637
vn 0.979985 -0.040427 0.194923
vn 0.979985 -0.040427 0.194923
vn 0.979985 -0.040427 0.194923
vn -0.332815 -0.233972 -0.913505
vn -0.332815 -0.233972 -0.913505
vn -0.332815 -0.233972 -0.913505
vn -0.643178 0.403156 -0.650990
vn -0.643178 0.403156 -0.650990
vn -0.643178 0.403156 -0.650990
vn -0.613849 -0.698604 0.367618
vn -0.613849 -0.698604 0.367618
vn -0.613849 -0.698604 0.367618
vn 0.484143 0.427985 0.763174
vn 0.484143 0.427985 0.763174
vn 0.484143 0.427985 0.763174
vn 0.706835 0.631290 0.319151
vn 0.706835 0.631290 0.319151
vn 0.706835 0.631290 0.319151
vn 0.128973 -0.133762 -0.982585
vn 0.128973 -0.133762 -0.982585
vn 0.128973 -0.133762 -0.982585
vn 0.281470 -0.329968 -0.901053
vn 0.281470 -0.329968 -0.901053
vn 0.281470 -0.329968 -0.901053
vn -0.863483 0.295873 -0.408482
vn -0.863483 0.295873 -0.408482
vn -0.863483 0.295873 -0.408482
vn -0.256787 0.727671 -0.636046
vn -0.256787 0.727671 -0.636046
vn -0.256787 0.727671 -0.636046
vn 0.625551 0.068359 0.777183
vn 0.625551 0.068359 0.777183
vn 0.625551 0.068359 0.777183
vn 0.056840 0.996123 -0.067150
vn 0.176247 -0.965638 0.190998
vn 0.176247 -0.965638 0.190998
vn 0.176247 -0.965638 0.190998
vn 0.831151 -0.188808 0.523011
vn 0.831151 -0.188808 0.523011
vn 0.831151 -0.188808 0.523011
vn 0.532249 -0.705541 0.467891
vn 0.532249 -0.705541 0.467891
vn 0.532249 -0.705541 0.467891
vn 0.578199 -0.810973 0.089499
vn 0.578199 -0.810973 0.089499
vn 0.578199 -0.810973 0.089499
vn -0.199831 -0.924783 0.323795
vn -0.199831 -0.924783 0.323795
vn -0.199831 -0.924783 0.323795
vn -0.933704 -0.268697 0.236641
vn -0.933704 -0.268697 0.236641
vn -0.933704 -0.268697 0.236641
vn -0.080618 -0.210000 -0.974372
vn -0.080618 -0.210000 -0.974372
vn -0.080618 -0.210000 -0.974372
vn -0.090880 -0.199184 -0.975739
vn -0.090880 -0.199184 -0.975739
vn -0.090880 -0.199184 -0.975739
vn -0.778464 -0.486460 -0.396675
vn -0.778464 -0.486460 -0.396675
vn -0.778464 -0.486460 -0.396675
vn -0.778462 -0.486465 -0.396673
vn -0.778462 -0.486465 -0.396673
vn -0.778462 -0.486465 -0.396673
vn 0.452426 -0.075845 -0.888571
vn 0.452426 -0.075845 -0.888571
vn 0.452426 -0.075845 -0.888571
vn -0.034732 0.931698 0.361569
vn -0.034732 0.931698 0.361569
vn -0.034732 0.931698 0.361569
vn 0.651043 0.753982 0.087485
vn 0.651043 0.753982 0.087485
vn 0.651043 0.753982 0.087485
vn 0.659240 0.748327 0.073545
vn 0.659240 0.748327 0.073545
vn 0.659240 0.748327 0.073545
vn -0.634450 0.151750 0.757921
vn -0.327940 0.741691 0.585106
vn 0.274634 0.014202 0.961444
vn 0.274634 0.014202 0.961444
vn 0.274634 0.014202 0.961444
vn 0.818403 -0.500787 -0.281831
vn 0.818403 -0.500787 -0.281831
vn 0.818403 -0.500787 -0.281831
vn 0.886778 0.460766 -0.036323
vn 0.886778 0.460766 -0.036323
vn 0.886778 0.460766 -0.036323
vn 0.933009 -0.155818 -0.324370
vn 0.933009 -0.155818 -0.324370
vn 0.933009 -0.155818 -0.324370
vn 0.930107 -0.157915 -0.331607
vn 0.930107 -0.157915 -0.331607
vn 0.930107 -0.157915 -0.331607
vn -0.109108 0.803171 0.585672
vn -0.109108 0.803171 0.585672
vn -0.109108 0.803171 0.585672
vn 0.003448 0.744215 0.667931
vn 0.003448 0.744215 0.667931
vn 0.003448 0.744215 0.667931
vn -0.755272 -0.319965 -0.572003
vn -0.755272 -0.319965 -0.572003
vn -0.755272 -0.319965 -0.572003
vn -0.695326 -0.408318 -0.591438
vn -0.695326 -0.408318 -0.591438
vn -0.695326 -0.408318 -0.591438
vn -0.252380 -0.865535 0.432613
vn -0.252380 -0.865535 0.432613
vn -0.252380 -0.865535 0.432613
vn 0.998463 -0.052611 0.017451
vn 0.998463 -0.052611 0.017451
vn 0.998463 -0.052611 0.017451
vn 0.998463 -0.052611 0.017451
vn 0.998463 -0.052611 0.017451
vn 0.998463 -0.052611 0.017451
vn 0.616871 -0.170040 -0.768477
vn 0.616871 -0.170040 -0.768477
vn 0.616871 -0.170040 -0.768477
vn -0.602435 -0.796098 0.057452
vn -0.602435 -0.796098 0.057452
vn -0.602435 -0.796098 0.057452
vn -0.602427 -0.796104 0.057449
vn -0.602427 -0.796104 0.057449
vn -0.602427 -0.796104 0.057449
vn -0.608681 0.289988 -0.738522
vn -0.608681 0.289988 -0.738522
vn -0.608681 0.289988 -0.738522
vn -0.608233 0.287654 -0.739803
vn -0.608233 0.287654 -0.739803
vn -0.608233 0.287654 -0.739803
vn 0.933009 -0.155813 -0.324370
vn 0.933009 -0.155813 -0.324370
vn 0.933009 -0.155813 -0.324370
vn -0.779897 0.429485 -0.455305
vn -0.779897 0.429485 -0.455305
vn -0.779897 0.429485 -0.455305
vn 0.706584 0.699053 0.109838
vn 0.706584 0.699053 0.109838
vn 0.706584 0.699053 0.109838
vn -0.974322 0.080126 -0.210418
vn -0.974322 0.080126 -0.210418
vn -0.974322 0.080126 -0.210418
vn 0.945343 -0.033335 -0.324370
vn 0.945343 -0.033335 -0.324370
vn 0.945343 -0.033335 -0.324370
vn -0.745867 -0.047304 -0.664413
vn -0.745867 -0.047304 -0.664413
vn -0.745867 -0.047304 -0.664413
vn -0.795308 0.541537 -0.272438
vn -0.795308 0.541537 -0.272438
vn -0.795308 0.541537 -0.272438
vn -0.629764 -0.745008 0.219910
vn -0.629764 -0.745008 0.219910
vn -0.629764 -0.745008 0.219910
vn -0.159033 -0.846775 -0.507623
vn -0.159033 -0.846775 -0.507623
vn -0.159033 -0.846775 -0.507623
vn -0.213651 0.954551 -0.207811
vn -0.213651 0.954551 -0.207811
vn -0.213651 0.954551 -0.207811
vn 0.404764 -0.737558 0.540531
vn 0.404764 -0.737558 0.540531
vn 0.404764 -0.737558 0.540531
vn 0.456077 -0.029102 -0.889464
vn 0.456077 -0.029102 -0.889464
vn 0.456077 -0.029102 -0.889464
vn -0.085394 -0.195032 -0.977072
vn -0.085394 -0.195032 -0.977072
vn -0.085394 -0.195032 -0.977072
vn -0.921160 -0.389064 0.009620
vn -0.921160 -0.389064 0.009620
vn -0.921160 -0.389064 0.009620
vn 0.570536 0.772463 -0.278910
vn 0.570536 0.772463 -0.278910
vn 0.570536 0.772463 -0.278910
vn 0.676134 0.586636 0.445759
vn 0.676134 0.586636 0.445759
vn 0.676134 0.586636 0.445759
vn -0.602274 -0.762530 0.236251
vn -0.602274 -0.762530 0.236251
vn -0.602274 -0.762530 0.236251
vn -0.700806 -0.708983 0.078833
vn -0.700806 -0.708983 0.078833
vn -0.700806 -0.708983 0.078833
vn -0.877117 -0.110940 -0.467287
vn -0.877117 -0.110940 -0.467287
vn -0.877117 -0.110940 -0.467287
vn -0.022587 0.432996 -0.901113
vn -0.022587 0.432996 -0.901113
vn -0.022587 0.432996 -0.901113
vn 0.020164 0.450799 -0.892398
vn 0.020164 0.450799 -0.892398
vn 0.020164 0.450799 -0.892398
vn -0.854020 -0.502320 0.135368
vn -0.854020 -0.502320 0.135368
vn -0.854020 -0.502320 0.135368
vn -0.100805 -0.350730 -0.931035
vn -0.100805 -0.350730 -0.931035
vn -0.100805 -0.350730 -0.931035
vn 0.587704 0.279344 0.759323
vn 0.587704 0.279344 0.759323
vn 0.587704 0.279344 0.759323
vn -0.146824 0.987018 0.065105
vn -0.146824 0.987018 0.065105
vn -0.146824 0.987018 0.065105
vn -0.015306 0.920437 -0.390591
vn -0.015306 0.920437 -0.390591
vn -0.015306 0.920437 -0.390591
vn 0.444166 0.622661 0.644213
vn 0.444166 0.622661 0.644213
vn 0.444166 0.622661 0.644213
vn -0.444166 -0.622661 -0.644213
vn -0.444166 -0.622661 -0.644213
vn -0.444166 -0.622661 -0.644213
vn 0.085419 -0.839483 -0.536630
vn 0.085419 -0.839483 -0.536630
vn 0.085419 -0.839483 -0.536630
vn 0.085420 -0.839483 -0.536629
vn 0.085420 -0.839483 -0.536629
vn 0.085420 -0.839483 -0.536629
vn -0.800128 0.309767 0.513653
vn -0.800128 0.309767 0.513653
vn -0.800128 0.309767 0.513653
vn -0.800137 0.309751 0.513650
vn -0.800137 0.309751 0.513650
vn -0.800137 0.309751 0.513650
vn -0.697694 0.578261 -0.422892
vn -0.697694 0.578261 -0.422892
vn -0.697694 0.578261 -0.422892
vn -0.875636 0.431289 -0.217376
vn -0.875636 0.431289 -0.217376
vn -0.875636 0.431289 -0.217376
vn 0.380230 -0.898540 -0.219207
vn 0.380230 -0.898540 -0.219207
vn 0.380230 -0.898540 -0.219207
vn 0.199750 -0.966066 -0.163756
vn 0.199750 -0.966066 -0.163756
vn 0.199750 -0.966066 -0.163756
vn -0.079828 0.060977 0.994942
vn -0.079828 0.060977 0.994942
vn -0.079828 0.060977 0.994942
vn -0.029278 -0.178128 0.983572
vn -0.029278 -0.178128 0.983572
vn -0.029278 -0.178128 0.983572
vn 0.988310 0.083805 0.127355
vn 0.988310 0.083805 0.127355
vn 0.988310 0.083805 0.127355
vn 0.676095 0.188575 -0.712274
vn 0.676095 0.188575 -0.712274
vn 0.676095 0.188575 -0.712274
vn 0.348171 -0.381940 -0.856095
vn 0.348171 -0.381940 -0.856095
vn 0.348171 -0.381940 -0.856095
vn 0.187954 0.425089 -0.885422
vn 0.187954 0.425089 -0.885422
vn 0.187954 0.425089 -0.885422
vn 0.885392 0.285166 -0.367098
vn 0.885392 0.285166 -0.367098
vn 0.885392 0.285166 -0.367098
vn 0.996647 -0.037100 0.072931
vn 0.996647 -0.037100 0.072931
vn 0.996647 -0.037100 0.072931
vn 0.647373 -0.399394 -0.649148
vn 0.647373 -0.399394 -0.649148
vn 0.647373 -0.399394 -0.649148
vn -0.409763 0.047011 -0.910980
vn -0.409763 0.047011 -0.910980
vn -0.409763 0.047011 -0.910980
vn -0.650650 0.701293 0.291278
vn -0.650650 0.701293 0.291278
vn -0.650650 0.701293 0.291278
vn -0.604800 -0.161427 -0.779845
vn -0.604800 -0.161427 -0.779845
vn -0.604800 -0.161427 -0.779845
vn -0.996363 0.063575 -0.056733
vn -0.996363 0.063575 -0.056733
vn -0.996363 0.063575 -0.056733
vn -0.071633 0.989232 -0.127628
vn -0.071633 0.989232 -0.127628
vn -0.071633 0.989232 -0.127628
vn 0.654949 0.586742 0.476210
vn 0.654949 0.586742 0.476210
vn 0.654949 0.586742 0.476210
vn -0.046097 0.996825 -0.064917
vn -0.046097 0.996825 -0.064917
vn -0.046097 0.996825 -0.064917
vn 0.149158 0.247374 -0.957370
vn 0.149158 0.247374 -0.957370
vn 0.149158 0.247374 -0.957370
vn 0.146689 -0.960629 0.235953
vn 0.146689 -0.960629 0.235953
vn 0.146689 -0.960629 0.235953
vn -0.526814 0.637481 -0.562214
vn -0.526814 0.637481 -0.562214
vn -0.526814 0.637481 -0.562214
vn 0.444669 -0.745097 -0.497091
vn 0.444669 -0.745097 -0.497091
vn 0.444669 -0.745097 -0.497091
vn -0.626001 0.515496 0.585139
vn -0.626001 0.515496 0.585139
vn -0.626001 0.515496 0.585139
vn -0.454114 0.391690 0.800225
vn -0.454114 0.391690 0.800225
vn -0.454114 0.391690 0.800225
vn -0.866253 -0.408573 -0.287532
vn -0.866253 -0.408573 -0.287532
vn -0.866253 -0.408573 -0.287532
vn 0.208494 -0.964636 -0.161272
vn 0.208494 -0.964636 -0.161272
vn 0.208494 -0.964636 -0.161272
vn -0.481854 -0.735830 -0.475785
vn -0.481854 -0.735830 -0.475785
vn -0.481854 -0.735830 -0.475785
vn -0.887834 -0.318815 0.331825
vn -0.887834 -0.318815 0.331825
vn -0.887834 -0.318815 0.331825
vn -0.711528 0.694570 -0.106302
vn -0.711528 0.694570 -0.106302
vn -0.711528 0.694570 -0.106302
vn -0.853889 0.356054 0.379604
vn -0.853889 0.356054 0.379604
vn -0.853889 0.356054 0.379604
vn -0.215640 0.956702 -0.195500
vn -0.018634 -0.207133 0.978135
vn 0.858097 0.405753 -0.314697
vn 0.416426 -0.230755 0.879398
vn -0.361754 -0.497164 0.788646
vn 0.657038 0.229194 -0.718172
vn 0.657038 0.229194 -0.718172
vn 0.657038 0.229194 -0.718172
vn 0.216834 -0.956667 0.194349
vn -0.524499 -0.192048 -0.829469
vn -0.524499 -0.192048 -0.829469
vn -0.524499 -0.192048 -0.829469
vn -0.889515 0.393387 0.232398
vn -0.889515 0.393387 0.232398
vn -0.889515 0.393387 0.232398
vn 0.549946 0.707543 0.443782
vn 0.549946 0.707543 0.443782
vn 0.549946 0.707543 0.443782
vn -0.280052 -0.100930 0.954665
vn -0.280052 -0.100930 0.954665
vn -0.280052 -0.100930 0.954665
vn -0.822428 0.503605 0.264565
vn -0.822428 0.503605 0.264565
vn -0.822428 0.503605 0.264565
vn -0.486813 -0.588062 0.645907
vn -0.486813 -0.588062 0.645907
vn -0.486813 -0.588062 0.645907
vn 0.248364 -0.949170 0.193370
vn -0.892184 -0.072413 -0.445830
vn -0.892184 -0.072413 -0.445830
vn -0.892184 -0.072413 -0.445830
vn 0.562351 0.821551 0.093894
vn 0.562351 0.821551 0.093894
vn 0.562351 0.821551 0.093894
vn 0.366526 0.905094 -0.215556
vn 0.366526 0.905094 -0.215556
vn 0.366526 0.905094 -0.215556
vn -0.329269 0.943270 -0.042716
vn -0.602427 -0.796104 0.057449
vn -0.800137 0.309751 0.513650
vn -0.195969 0.979742 0.041259
vn 0.251098 0.602251 0.757788
vn 0.403478 -0.903472 0.144718
vn -0.778462 -0.486465 -0.396673
vn -0.212178 0.953562 -0.213775
vn -0.206841 0.976947 -0.052841
vn 0.402048 -0.904754 0.140637
vn -0.211066 0.962663 0.169504
vn -0.983723 0.064589 0.167684
vn 0.212802 -0.953429 0.213747
vn -0.983723 0.064589 0.167684
vn -0.524499 -0.192048 -0.829469
vn -0.077248 0.987901 0.134477
vn -0.119357 0.963939 -0.237858
vn 0.003196 0.943387 0.331678
vn -0.024863 0.971227 -0.236856
vn -0.105135 0.983093 0.149914
vn -0.105135 0.983093 0.149914
vn -0.105135 0.983093 0.149914
vn -0.796123 -0.141631 0.588328
vn 0.199750 -0.966066 -0.163756
vn 0.199750 -0.966066 -0.163756
vn -0.681872 0.481274 0.550842
vn -0.697694 0.578261 -0.422892
vn -0.697694 0.578261 -0.422892
vn 0.624743 -0.715052 -0.313683
vn -0.362039 0.505770 -0.783022
vn -0.046097 0.996825 -0.064917
vn -0.046097 0.996825 -0.064917
vn -0.585770 0.356191 0.728012
vn 0.366526 0.905094 -0.215556
vn -0.626001 0.515496 0.585139
vn -0.159033 -0.846775 -0.507623
vn -0.159033 -0.846775 -0.507623
vn -0.159033 -0.846775 -0.507623
vn -0.409763 0.047011 -0.910980
vn 0.097258 0.575258 0.812170
vn -0.971285 -0.229398 -0.063112
vn -0.760511 -0.574457 -0.302691
vn 0.215068 -0.956347 0.197855
vn 0.215068 -0.956347 0.197855
vn -0.412147 -0.632162 -0.656129
vn 0.996647 -0.037100 0.072931
vn 0.706835 0.631290 0.319151
vn 0.706835 0.631290 0.319151
vn -0.711528 0.694570 -0.106302
vn -0.159033 -0.846775 -0.507623
vn -0.207238 0.955800 -0.208563
vn 0.085420 -0.839483 -0.536629
vn 0.857338 -0.405370 -0.317250
vn 0.700153 0.600332 0.386506
vn 0.040212 0.994036 0.101367
vn 0.602275 0.762529 -0.236250
vn 0.651043 0.753982 0.087485
vn 0.197759 0.979474 0.039014
vn 0.197759 0.979474 0.039014
vn 0.295300 0.952350 0.076341
f 513/513/513 512/512/512 511/511/511
f 511/511/511 514/514/514 513/513/513
f 517/517/517 516/516/516 515/515/515
f 515/515/515 518/518/518 517/517/517
f 521/521/521 520/520/520 519/519/519
f 519/519/519 522/522/522 521/521/521
f 525/525/525 524/524/524 523/523/523
f 528/528/528 527/527/527 526/526/526
f 531/531/531 530/530/530 529/529/529
f 534/534/534 533/533/533 532/532/532
f 537/537/537 536/536/536 535/535/535
f 540/540/540 539/539/539 538/538/538
f 543/543/543 542/542/542 541/541/541
f 546/546/546 545/545/545 544/544/544
f 549/549/549 548/548/548 547/547/547
f 552/552/552 551/551/551 550/550/550
f 555/555/555 554/554/554 553/553/553
f 558/558/558 557/557/557 556/556/556
f 561/561/561 560/560/560 559/559/559
f 564/564/564 563/563/563 562/562/562
f 567/567/567 566/566/566 565/565/565
f 570/570/570 569/569/569 568/568/568
f 573/573/573 572/572/572 571/571/571
f 576/576/576 575/575/575 574/574/574
f 579/579/579 578/578/578 577/577/577
f 582/582/582 581/581/581 580/580/580
f 585/585/585 584/584/584 583/583/583
f 588/588/588 587/587/587 586/586/586
f 590/590/590 589/589/589 525/525/525
f 525/525/525 523/523/523 590/590/590
f 593/593/593 592/592/592 591/591/591
f 596/596/596 595/595/595 594/594/594
f 599/599/599 598/598/598 597/597/597
f 602/602/602 601/601/601 600/600/600
f 605/605/605 604/604/604 603/603/603
f 608/608/608 607/607/607 606/606/606
f 611/611/611 610/610/610 609/609/609
f 614/614/614 613/613/613 612/612/612
f 617/617/617 616/616/616 615/615/615
f 620/620/620 619/619/619 618/618/618
f 623/623/623 622/622/622 621/621/621
f 626/626/626 625/625/625 624/624/624
f 629/629/629 628/628/628 627/627/627
f 632/632/632 631/631/631 630/630/630
f 633/633/633 519/519/519 520/520/520
f 520/520/520 634/634/634 633/633/633
f 512/512/512 1628/1628/1628 635/635/635
f 635/635/635 636/636/636 512/512/512
f 639/639/639 638/638/638 637/637/637
f 642/642/642 641/641/641 640/640/640
f 645/645/645 644/644/644 643/643/643
f 648/648/648 647/647/647 646/646/646
f 651/651/651 650/650/650 649/649/649
f 652/652/652 1571/1571/1571 634/634/634
f 634/634/634 520/520/520 652/652/652
f 655/655/655 654/654/654 653/653/653
f 658/658/658 657/657/657 656/656/656
f 661/661/661 660/660/660 659/659/659
f 664/664/664 663/663/663 662/662/662
f 667/667/667 666/666/666 665/665/665
f 670/670/670 669/669/669 668/668/668
f 673/673/673 1626/1626/1626 671/671/671
f 676/676/676 675/675/675 674/674/674
f 679/679/679 678/678/678 677/677/677
f 682/682/682 681/681/681 680/680/680
f 685/685/685 684/684/684 683/683/683
f 688/688/688 687/687/687 686/686/686
f 691/691/691 690/690/690 689/689/689
f 694/694/694 693/693/693 692/692/692
f 697/697/697 696/696/696 695/695/695
f 700/700/700 699/699/699 698/698/698
f 703/703/703 702/702/702 701/701/701
f 706/706/706 705/705/705 704/704/704
f 709/709/709 708/708/708 707/707/707
f 712/712/712 711/711/711 710/710/710
f 715/715/715 714/714/714 713/713/713
f 718/718/718 717/717/717 716/716/716
f 721/721/721 720/720/720 719/719/719
f 724/724/724 723/723/723 722/722/722
f 727/727/727 726/726/726 725/725/725
f 730/730/730 729/729/729 728/728/728
f 733/733/733 732/732/732 731/731/731
f 736/736/736 735/735/735 734/734/734
f 739/739/739 738/738/738 737/737/737
f 742/742/742 741/741/741 740/740/740
f 745/745/745 744/744/744 743/743/743
f 748/748/748 747/747/747 746/746/746
f 751/751/751 750/750/750 749/749/749
f 754/754/754 753/753/753 752/752/752
f 752/752/752 755/755/755 754/754/754
f 758/758/758 757/757/757 756/756/756
f 1586/1586/1586 1591/1591/1591 1625/1625/1625
f 1625/1625/1625 759/759/759 1586/1586/1586
f 762/762/762 761/761/761 760/760/760
f 765/765/765 764/764/764 763/763/763
f 768/768/768 767/767/767 766/766/766
f 771/771/771 770/770/770 769/769/769
f 774/774/774 773/773/773 772/772/772
f 777/777/777 776/776/776 775/775/775
f 780/780/780 779/779/779 778/778/778
f 783/783/783 782/782/782 781/781/781
f 786/786/786 785/785/785 784/784/784
f 789/789/789 788/788/788 787/787/787
f 792/792/792 791/791/791 790/790/790
f 795/795/795 794/794/794 1599/1599/1599
f 798/798/798 797/797/797 796/796/796
f 801/801/801 800/800/800 799/799/799
f 804/804/804 803/803/803 802/802/802
f 807/807/807 806/806/806 805/805/805
f 810/810/810 809/809/809 808/808/808
f 813/813/813 812/812/812 811/811/811
f 816/816/816 815/815/815 814/814/814
f 819/819/819 818/818/818 817/817/817
f 822/822/822 821/821/821 820/820/820
f 825/825/825 824/824/824 823/823/823
f 828/828/828 827/827/827 826/826/826
f 1596/1596/1596 830/830/830 829/829/829
f 834/834/834 833/833/833 832/832/832
f 837/837/837 836/836/836 835/835/835
f 840/840/840 839/839/839 838/838/838
f 843/843/843 842/842/842 841/841/841
f 846/846/846 845/845/845 844/844/844
f 849/849/849 848/848/848 847/847/847
f 852/852/852 851/851/851 850/850/850
f 855/855/855 854/854/854 853/853/853
f 858/858/858 1624/1624/1624 856/856/856
f 861/861/861 860/860/860 859/859/859
f 864/864/864 863/863/863 1615/1615/1615
f 867/867/867 866/866/866 865/865/865
f 870/870/870 869/869/869 868/868/868
f 589/589/589 872/872/872 871/871/871
f 871/871/871 525/525/525 589/589/589
f 1574/1574/1574 523/523/523 524/524/524
f 524/524/524 1592/1592/1592 1574/1574/1574
f 875/875/875 874/874/874 873/873/873
f 878/878/878 877/877/877 876/876/876
f 881/881/881 880/880/880 879/879/879
f 884/884/884 883/883/883 882/882/882
f 887/887/887 1581/1581/1581 885/885/885
f 890/890/890 889/889/889 888/888/888
f 893/893/893 892/892/892 891/891/891
f 896/896/896 895/895/895 894/894/894
f 899/899/899 898/898/898 897/897/897
f 902/902/902 901/901/901 900/900/900
f 905/905/905 904/904/904 903/903/903
f 903/903/903 1593/1593/1593 905/905/905
f 909/909/909 908/908/908 907/907/907
f 907/907/907 910/910/910 909/909/909
f 913/913/913 912/912/912 911/911/911
f 916/916/916 915/915/915 914/914/914
f 919/919/919 918/918/918 917/917/917
f 922/922/922 921/921/921 920/920/920
f 925/925/925 924/924/924 923/923/923
f 928/928/928 927/927/927 926/926/926
f 931/931/931 930/930/930 929/929/929
f 934/934/934 933/933/933 932/932/932
f 937/937/937 936/936/936 935/935/935
f 940/940/940 939/939/939 938/938/938
f 943/943/943 942/942/942 941/941/941
f 946/946/946 945/945/945 944/944/944
f 949/949/949 1611/1611/1611 947/947/947
f 952/952/952 951/951/951 950/950/950
f 955/955/955 954/954/954 953/953/953
f 958/958/958 957/957/957 956/956/956
f 1590/1590/1590 1579/1579/1579 636/636/636
f 636/636/636 635/635/635 1590/1590/1590
f 961/961/961 960/960/960 959/959/959
f 964/964/964 963/963/963 962/962/962
f 967/967/967 966/966/966 965/965/965
f 970/970/970 969/969/969 968/968/968
f 973/973/973 972/972/972 1583/1583/1583
f 1578/1578/1578 975/975/975 974/974/974
f 979/979/979 978/978/978 977/977/977
f 1575/1575/1575 981/981/981 980/980/980
f 985/985/985 984/984/984 983/983/983
f 988/988/988 987/987/987 986/986/986
f 991/991/991 990/990/990 989/989/989
f 994/994/994 993/993/993 992/992/992
f 997/997/997 996/996/996 995/995/995
f 1000/1000/1000 999/999/999 998/998/998
f 1003/1003/1003 1002/1002/1002 1001/1001/1001
f 1006/1006/1006 1005/1005/1005 1004/1004/1004
f 1009/1009/1009 1008/1008/1008 1007/1007/1007
f 1012/1012/1012 1011/1011/1011 1010/1010/1010
f 759/759/759 1013/1013/1013 1588/1588/1588
f 1588/1588/1588 1586/1586/1586 759/759/759
f 1587/1587/1587 1014/1014/1014 514/514/514
f 514/514/514 511/511/511 1587/1587/1587
f 525/525/525 871/871/871 1589/1589/1589
f 1017/1017/1017 1016/1016/1016 1015/1015/1015
f 1020/1020/1020 1019/1019/1019 1018/1018/1018
f 1023/1023/1023 1022/1022/1022 1021/1021/1021
f 1026/1026/1026 1025/1025/1025 1024/1024/1024
f 1029/1029/1029 1028/1028/1028 1027/1027/1027
f 1032/1032/1032 1031/1031/1031 1030/1030/1030
f 1612/1612/1612 1034/1034/1034 1033/1033/1033
f 1038/1038/1038 1037/1037/1037 1036/1036/1036
f 1041/1041/1041 1610/1610/1610 1039/1039/1039
f 1044/1044/1044 1043/1043/1043 1042/1042/1042
f 1047/1047/1047 1046/1046/1046 1045/1045/1045
f 1050/1050/1050 1049/1049/1049 1048/1048/1048
f 1053/1053/1053 1052/1052/1052 1051/1051/1051
f 1056/1056/1056 1055/1055/1055 1054/1054/1054
f 1059/1059/1059 1058/1058/1058 1057/1057/1057
f 1062/1062/1062 1061/1061/1061 1060/1060/1060
f 1065/1065/1065 1064/1064/1064 1063/1063/1063
f 1068/1068/1068 1067/1067/1067 1066/1066/1066
f 1071/1071/1071 1070/1070/1070 1069/1069/1069
f 1074/1074/1074 1073/1073/1073 1072/1072/1072
f 1077/1077/1077 1076/1076/1076 1075/1075/1075
f 1080/1080/1080 1079/1079/1079 1078/1078/1078
f 1083/1083/1083 1082/1082/1082 1081/1081/1081
f 1086/1086/1086 1085/1085/1085 1084/1084/1084
f 1089/1089/1089 1088/1088/1088 1087/1087/1087
f 1092/1092/1092 1091/1091/1091 1090/1090/1090
f 1628/1628/1628 512/512/512 1093/1093/1093
f 1093/1093/1093 1630/1630/1630 1628/1628/1628
f 520/520/520 521/521/521 1094/1094/1094
f 1094/1094/1094 652/652/652 520/520/520
f 1584/1584/1584 1582/1582/1582 1095/1095/1095
f 1100/1100/1100 1099/1099/1099 1098/1098/1098
f 1103/1103/1103 1102/1102/1102 1101/1101/1101
f 1106/1106/1106 1105/1105/1105 1104/1104/1104
f 1109/1109/1109 1600/1600/1600 1107/1107/1107
f 1112/1112/1112 1111/1111/1111 1110/1110/1110
f 1115/1115/1115 1114/1114/1114 1113/1113/1113
f 1118/1118/1118 1117/1117/1117 1116/1116/1116
f 1629/1629/1629 515/515/515 759/759/759
f 759/759/759 1625/1625/1625 1629/1629/1629
f 1121/1121/1121 1120/1120/1120 1119/1119/1119
f 1124/1124/1124 1123/1123/1123 1122/1122/1122
f 1127/1127/1127 1126/1126/1126 1125/1125/1125
f 1130/1130/1130 1129/1129/1129 1128/1128/1128
f 1133/1133/1133 1132/1132/1132 1131/1131/1131
f 1136/1136/1136 1135/1135/1135 1134/1134/1134
f 1139/1139/1139 1138/1138/1138 1137/1137/1137
f 1142/1142/1142 1141/1141/1141 1140/1140/1140
f 1140/1140/1140 1614/1614/1614 1142/1142/1142
f 1146/1146/1146 1145/1145/1145 1144/1144/1144
f 1149/1149/1149 1148/1148/1148 1147/1147/1147
f 1152/1152/1152 1151/1151/1151 1150/1150/1150
f 1155/1155/1155 1154/1154/1154 1153/1153/1153
f 1158/1158/1158 1157/1157/1157 1156/1156/1156
f 1161/1161/1161 1160/1160/1160 1159/1159/1159
f 1164/1164/1164 1163/1163/1163 1162/1162/1162
f 1167/1167/1167 1166/1166/1166 1165/1165/1165
f 1170/1170/1170 1169/1169/1169 1168/1168/1168
f 1623/1623/1623 1172/1172/1172 1171/1171/1171
f 1176/1176/1176 1175/1175/1175 1174/1174/1174
f 1013/1013/1013 515/515/515 516/516/516
f 1179/1179/1179 1178/1178/1178 1177/1177/1177
f 1182/1182/1182 1181/1181/1181 1180/1180/1180
f 1185/1185/1185 1184/1184/1184 1183/1183/1183
f 1188/1188/1188 1187/1187/1187 1186/1186/1186
f 1191/1191/1191 1190/1190/1190 1189/1189/1189
f 1194/1194/1194 1193/1193/1193 1603/1603/1603
f 1197/1197/1197 1196/1196/1196 1195/1195/1195
f 1200/1200/1200 1199/1199/1199 1198/1198/1198
f 1203/1203/1203 1202/1202/1202 1201/1201/1201
f 1206/1206/1206 1205/1205/1205 1204/1204/1204
f 1209/1209/1209 1208/1208/1208 1576/1576/1576
f 1212/1212/1212 1211/1211/1211 1580/1580/1580
f 1215/1215/1215 1214/1214/1214 1213/1213/1213
f 1218/1218/1218 1217/1217/1217 1216/1216/1216
f 1221/1221/1221 1220/1220/1220 1219/1219/1219
f 511/511/511 636/636/636 1579/1579/1579
f 1579/1579/1579 1587/1587/1587 511/511/511
f 1224/1224/1224 1223/1223/1223 1222/1222/1222
f 1227/1227/1227 1226/1226/1226 1225/1225/1225
f 1230/1230/1230 1229/1229/1229 1618/1618/1618
f 1233/1233/1233 1232/1232/1232 1231/1231/1231
f 1236/1236/1236 1235/1235/1235 1234/1234/1234
f 1239/1239/1239 1238/1238/1238 1237/1237/1237
f 1242/1242/1242 1241/1241/1241 1240/1240/1240
f 1245/1245/1245 1244/1244/1244 1243/1243/1243
f 1246/1246/1246 1093/1093/1093 512/512/512
f 512/512/512 513/513/513 1246/1246/1246
f 1249/1249/1249 1248/1248/1248 1247/1247/1247
f 1252/1252/1252 1251/1251/1251 1250/1250/1250
f 1255/1255/1255 1254/1254/1254 1253/1253/1253
f 1258/1258/1258 1257/1257/1257 1256/1256/1256
f 1261/1261/1261 1260/1260/1260 1259/1259/1259
f 1264/1264/1264 1263/1263/1263 1262/1262/1262
f 1267/1267/1267 1266/1266/1266 1265/1265/1265
f 1270/1270/1270 1269/1269/1269 1268/1268/1268
f 1273/1273/1273 1272/1272/1272 1271/1271/1271
f 1577/1577/1577 1275/1275/1275 1274/1274/1274
f 1279/1279/1279 1278/1278/1278 1277/1277/1277
f 1282/1282/1282 1281/1281/1281 1280/1280/1280
f 1285/1285/1285 1284/1284/1284 1627/1627/1627
f 1288/1288/1288 1287/1287/1287 1286/1286/1286
f 1593/1593/1593 1290/1290/1290 1289/1289/1289
f 1289/1289/1289 905/905/905 1593/1593/1593
f 1293/1293/1293 1292/1292/1292 1291/1291/1291
f 1296/1296/1296 1295/1295/1295 1294/1294/1294
f 1299/1299/1299 1298/1298/1298 1297/1297/1297
f 1302/1302/1302 1301/1301/1301 1300/1300/1300
f 1305/1305/1305 1304/1304/1304 1303/1303/1303
f 1308/1308/1308 1307/1307/1307 1306/1306/1306
f 1311/1311/1311 1310/1310/1310 1309/1309/1309
f 1314/1314/1314 1313/1313/1313 1312/1312/1312
f 1317/1317/1317 1316/1316/1316 1315/1315/1315
f 1320/1320/1320 1319/1319/1319 1318/1318/1318
f 1323/1323/1323 1322/1322/1322 1321/1321/1321
f 1326/1326/1326 1325/1325/1325 1324/1324/1324
f 1329/1329/1329 1328/1328/1328 1327/1327/1327
f 1332/1332/1332 1331/1331/1331 1330/1330/1330
f 1572/1572/1572 1334/1334/1334 1333/1333/1333
f 1338/1338/1338 1337/1337/1337 1336/1336/1336
f 1341/1341/1341 1340/1340/1340 1339/1339/1339
f 1344/1344/1344 1343/1343/1343 1342/1342/1342
f 1347/1347/1347 1346/1346/1346 1345/1345/1345
f 1350/1350/1350 1349/1349/1349 1348/1348/1348
f 1353/1353/1353 1352/1352/1352 1351/1351/1351
f 1356/1356/1356 1355/1355/1355 1354/1354/1354
f 1359/1359/1359 1358/1358/1358 1357/1357/1357
f 1362/1362/1362 1361/1361/1361 1360/1360/1360
f 1365/1365/1365 1364/1364/1364 1363/1363/1363
f 1608/1608/1608 1620/1620/1620 1606/1606/1606
f 1371/1371/1371 1370/1370/1370 1369/1369/1369
f 1374/1374/1374 1373/1373/1373 1372/1372/1372
f 1377/1377/1377 1376/1376/1376 1375/1375/1375
f 1380/1380/1380 1379/1379/1379 1378/1378/1378
f 1383/1383/1383 1382/1382/1382 1381/1381/1381
f 1386/1386/1386 1385/1385/1385 1384/1384/1384
f 1389/1389/1389 1388/1388/1388 1387/1387/1387
f 1392/1392/1392 1391/1391/1391 1390/1390/1390
f 1395/1395/1395 1394/1394/1394 1393/1393/1393
f 1398/1398/1398 1397/1397/1397 1396/1396/1396
f 1401/1401/1401 1400/1400/1400 1399/1399/1399
f 1404/1404/1404 1403/1403/1403 1402/1402/1402
f 1407/1407/1407 1406/1406/1406 1405/1405/1405
f 1410/1410/1410 1409/1409/1409 1408/1408/1408
f 1413/1413/1413 1412/1412/1412 1411/1411/1411
f 1416/1416/1416 1415/1415/1415 1414/1414/1414
f 1419/1419/1419 1418/1418/1418 1417/1417/1417
f 1422/1422/1422 1421/1421/1421 1420/1420/1420
f 1425/1425/1425 1424/1424/1424 1423/1423/1423
f 1013/1013/1013 759/759/759 515/515/515
f 1428/1428/1428 1427/1427/1427 1426/1426/1426
f 1622/1622/1622 1430/1430/1430 1429/1429/1429
f 1434/1434/1434 1433/1433/1433 1432/1432/1432
f 1573/1573/1573 1436/1436/1436 1435/1435/1435
f 1598/1598/1598 1439/1439/1439 1438/1438/1438
f 1443/1443/1443 1442/1442/1442 1441/1441/1441
f 1446/1446/1446 1445/1445/1445 1444/1444/1444
f 1449/1449/1449 1595/1595/1595 1447/1447/1447
f 1452/1452/1452 1451/1451/1451 1450/1450/1450
f 1455/1455/1455 1454/1454/1454 1453/1453/1453
f 1458/1458/1458 1457/1457/1457 1456/1456/1456
f 1461/1461/1461 1460/1460/1460 1459/1459/1459
f 1464/1464/1464 1463/1463/1463 1462/1462/1462
f 1467/1467/1467 1466/1466/1466 1465/1465/1465
f 1470/1470/1470 1469/1469/1469 1468/1468/1468
f 1473/1473/1473 1616/1616/1616 1471/1471/1471
f 1476/1476/1476 1475/1475/1475 1474/1474/1474
f 1479/1479/1479 1478/1478/1478 1609/1609/1609
f 1482/1482/1482 1481/1481/1481 1480/1480/1480
f 1485/1485/1485 1484/1484/1484 1483/1483/1483
f 1488/1488/1488 1487/1487/1487 1486/1486/1486
f 1491/1491/1491 1490/1490/1490 1489/1489/1489
f 1494/1494/1494 1493/1493/1493 1492/1492/1492
f 1602/1602/1602 1496/1496/1496 1601/1601/1601
f 1500/1500/1500 1499/1499/1499 1498/1498/1498
f 1503/1503/1503 1502/1502/1502 1501/1501/1501
f 1506/1506/1506 1505/1505/1505 1504/1504/1504
f 1509/1509/1509 1508/1508/1508 1507/1507/1507
f 1605/1605/1605 1511/1511/1511 1510/1510/1510
f 1515/1515/1515 1514/1514/1514 1513/1513/1513
f 1518/1518/1518 1517/1517/1517 1516/1516/1516
f 1521/1521/1521 1520/1520/1520 1519/1519/1519
f 1524/1524/1524 1523/1523/1523 1522/1522/1522
f 1527/1527/1527 1526/1526/1526 1525/1525/1525
f 636/636/636 511/511/511 512/512/512
f 1619/1619/1619 1529/1529/1529 1528/1528/1528
f 1533/1533/1533 1532/1532/1532 1531/1531/1531
f 1534/1534/1534 754/754/754 1621/1621/1621
f 1537/1537/1537 1536/1536/1536 1535/1535/1535
f 1535/1535/1535 1538/1538/1538 1537/1537/1537
f 1541/1541/1541 1540/1540/1540 1539/1539/1539
f 1542/1542/1542 1614/1614/1614 1140/1140/1140
f 1545/1545/1545 1585/1585/1585 1543/1543/1543
f 1548/1548/1548 1547/1547/1547 1546/1546/1546
f 1551/1551/1551 1550/1550/1550 1549/1549/1549
f 1554/1554/1554 1553/1553/1553 1552/1552/1552
f 1557/1557/1557 1556/1556/1556 1555/1555/1555
f 1560/1560/1560 1559/1559/1559 1558/1558/1558
f 1561/1561/1561 1140/1140/1140 1141/1141/1141
f 1564/1564/1564 1563/1563/1563 1562/1562/1562
f 1567/1567/1567 1566/1566/1566 1565/1565/1565
f 1604/1604/1604 1569/1569/1569 1568/1568/1568
o G3_Object_Interact_Campfire_01_4
usemtl G3_Nature_Wall_Stone_01_B
v -0.412302 0.068435 -0.394926
v -0.395309 0.001793 -0.408962
v -0.498643 -0.004562 -0.543723
v -0.709162 -0.123974 -0.461584
v -0.744430 -0.112161 -0.393336
v -0.705194 0.113040 -0.470407
v 0.510373 0.155469 -0.659927
v 0.510903 0.059619 -0.670867
v 0.388892 0.113346 -0.743585
v 0.296674 0.199932 -0.553384
v 0.279693 0.092141 -0.520521
v 0.442036 0.082968 -0.427777
v -0.623917 -0.064535 0.180786
v -0.534351 0.029716 0.166017
v -0.672492 0.072224 0.137424
v -0.660610 0.076116 -0.161932
v -0.603290 0.035984 -0.196029
v -0.752995 -0.165049 -0.189326
v 0.173066 -0.014960 -0.600466
v 0.176250 -0.109758 -0.569372
v 0.221430 -0.130891 -0.630603
v -0.059055 -0.183082 -0.620598
v -0.070092 0.111206 -0.695408
v -0.109150 -0.021041 -0.692699
v -0.111754 -0.137085 -0.679584
v -0.086975 -0.097856 -0.729285
v -0.111253 -0.043987 -0.651248
v -0.424095 0.092411 -0.681602
v -0.249325 -0.072466 -0.818408
v -0.414949 -0.080750 -0.708451
v -0.191740 0.190409 0.515142
v -0.190213 0.106388 0.457232
v -0.238071 0.076465 0.470974
v -0.221249 0.086833 0.643848
v -0.213079 -0.073309 0.652848
v -0.160863 -0.083623 0.679561
v 0.397194 0.070869 0.283440
v 0.380900 -0.129627 0.337079
v 0.365966 -0.114181 0.445171
v 0.589589 0.219821 0.285845
v 0.563922 0.055265 0.416108
v 0.687463 -0.051943 0.231306
v 0.650336 -0.140571 0.057386
v 0.733134 -0.049967 0.088654
v 0.690616 0.083773 0.036121
v 0.738700 0.181062 -0.090899
v 0.750882 0.141560 -0.127227
v 0.695323 0.156785 -0.113050
v -0.221793 -0.027650 0.406403
v -0.390539 0.165522 0.407885
v -0.343452 0.117555 0.513826
v -0.500114 -0.057155 0.636082
v -0.509969 0.136806 0.565290
v -0.543958 0.063135 0.487383
v 0.423488 -0.074711 0.405478
v 0.404153 0.155042 0.468427
v 0.402199 0.067776 0.546714
v 0.134011 -0.073590 0.406075
v 0.101658 -0.039762 0.488891
v 0.200755 0.051057 0.385516
v -0.443622 0.110651 -0.298417
v -0.632523 0.080941 -0.192319
v -0.606474 0.026550 -0.180522
v -0.519754 -0.022312 0.014839
v -0.465985 -0.172085 0.016753
v -0.502358 0.026814 -0.095244
v 0.063266 0.029855 -0.902145
v 0.070916 -0.136404 -0.929581
v -0.003702 -0.124905 -0.915026
v -0.365823 0.070610 0.302330
v -0.353326 -0.050148 0.298915
v -0.478960 -0.018405 0.333903
v 0.832640 -0.096553 0.025262
v 0.834051 0.002926 -0.031302
v 0.795311 -0.007072 0.048523
v 0.254639 0.185320 0.589550
v 0.181401 0.076630 0.631874
v 0.267211 0.066066 0.650685
v 0.079765 0.036197 0.573202
v 0.025245 0.156114 0.587192
v 0.022950 0.093346 0.637613
v 0.676308 0.082786 -0.276393
v 0.659714 -0.059694 -0.314352
v 0.644530 0.016448 -0.324979
v 0.535145 0.063553 -0.213968
v 0.500286 -0.081980 -0.243633
v 0.512940 -0.063106 -0.173522
v -0.177816 0.176833 0.628757
v -0.024301 0.081673 0.658126
v -0.086579 0.188023 0.615900
v -0.070588 0.140658 0.466758
v 0.241167 0.089311 -0.564014
v 0.162004 0.012287 -0.569540
v 0.024838 0.213871 -0.757662
v -0.088177 0.074155 -0.726897
v 0.709316 -0.317735 -0.077097
v 0.593137 -0.091044 0.002357
v 0.708170 -0.059352 -0.025962
v -0.643247 0.140780 -0.266682
v -0.507018 0.184655 -0.378335
v -0.510587 0.059764 -0.486631
v -0.514641 -0.061386 -0.584232
v -0.663414 0.061410 -0.525917
v -0.599934 0.136911 0.214762
v -0.651459 0.113696 0.298773
v -0.550494 0.098457 0.282722
v 0.554055 0.032580 -0.569044
v 0.495308 0.186268 -0.633777
v 0.571138 0.162242 -0.546879
v -0.424447 0.102867 -0.506776
v -0.467809 0.034017 -0.522824
v -0.455660 0.025338 -0.493054
v -0.146136 0.101165 -0.735187
v -0.334973 0.149438 -0.704725
v -0.244145 0.246472 -0.613087
v 0.464594 0.118303 0.226573
v 0.622865 0.059388 0.148563
v 0.468849 0.040905 0.194255
v 0.544675 -0.307346 0.207835
v 0.640935 -0.240937 0.234237
v 0.601489 0.081219 0.119431
v 0.778286 0.017149 0.114816
v 0.842117 -0.080260 0.117410
v 0.853412 -0.224725 0.037162
v -0.378333 0.121384 -0.490785
v -0.462783 -0.138327 -0.484915
v -0.335079 -0.185340 -0.504610
v 0.541149 0.075627 -0.403175
v 0.539063 -0.055505 -0.421201
v 0.494923 -0.070380 -0.455743
v 0.473122 0.158248 -0.347133
v 0.447146 0.093900 -0.397448
v 0.458336 0.056501 -0.335727
v -0.523087 0.072528 0.253988
v -0.561698 -0.031143 0.165726
v -0.499860 -0.033590 0.298293
v -0.390984 -0.069905 0.311813
v -0.405742 -0.099557 0.251580
v -0.398160 -0.037014 0.242655
v -0.740615 -0.120527 0.133833
v -0.847512 0.016721 0.033795
v -0.696009 0.165924 -0.072289
v -0.589334 0.101570 -0.039130
v -0.548867 0.094248 -0.128549
v 0.128139 0.063143 -0.564064
v 0.031401 -0.118283 -0.567039
v 0.092509 -0.070535 -0.548472
v -0.430851 0.148418 0.541721
v -0.518602 0.085067 0.441871
v -0.460355 0.161031 0.489143
v -0.418453 0.162368 0.377558
v -0.860093 0.048597 -0.020563
v -0.808404 -0.136089 -0.147199
v -0.859986 -0.109050 -0.030201
v -0.407790 -0.120374 0.682514
v -0.357603 0.005651 0.620931
v -0.425307 -0.057115 0.623979
v 0.494019 0.170924 0.425182
v 0.437121 -0.082388 0.498209
v 0.545263 -0.136025 0.448499
v 0.449931 0.146711 0.429292
v 0.411137 0.072956 0.440471
v 0.431379 0.075580 0.463090
v 0.560460 0.180357 0.216101
v 0.351676 0.216620 -0.682881
v 0.280833 0.199202 -0.686128
v 0.187328 -0.111384 -0.675197
v 0.253173 -0.022983 -0.581744
v -0.682790 0.099665 0.195734
v -0.670253 -0.009075 0.166750
v -0.714364 -0.020500 0.267495
v -0.534653 0.077106 0.233911
v -0.586413 0.011446 0.138165
v 0.508012 0.258871 -0.580681
v 0.538369 0.174467 -0.472834
v 0.522614 -0.020126 -0.401819
v 0.414417 -0.121490 -0.420784
v 0.541691 -0.130702 -0.414714
v -0.708866 0.122541 -0.350367
v -0.748762 -0.054687 -0.293820
v -0.608416 0.172496 -0.460047
v -0.652614 0.163865 -0.334692
v 0.642873 -0.105478 -0.155570
v 0.704879 0.034841 -0.207800
v 0.605402 0.084708 -0.187033
v 0.705434 -0.008810 -0.240113
v 0.713003 -0.102966 -0.238569
v 0.709906 -0.073604 -0.271646
v -0.514345 0.040701 -0.146246
v -0.521867 -0.092468 -0.156475
v -0.565289 -0.079504 -0.196614
v -0.686893 -0.170106 -0.212833
v 0.554911 -0.063543 0.082741
v 0.577483 -0.011765 -0.022667
v 0.571240 -0.059311 -0.046428
v 0.579422 -0.110902 -0.008254
v 0.298591 -0.000316 0.362639
v 0.264531 -0.035323 0.340798
v 0.264957 0.087721 0.415125
v 0.362729 0.204175 0.487806
v 0.333075 0.183737 0.512692
v 0.312085 0.083133 0.623449
v -0.670888 0.008725 -0.188872
v 0.138811 0.096761 -0.604820
v 0.097474 0.156424 -0.654435
v 0.173966 0.122803 -0.834700
v 0.203970 0.010535 -0.829839
v 0.170063 -0.029288 -0.897107
v -0.408791 -0.084038 -0.303402
v -0.397048 -0.153026 -0.451790
v -0.466740 -0.160767 -0.200101
v -0.468992 0.043042 -0.242409
v -0.627648 -0.029535 -0.150256
v 0.179260 -0.051915 0.378708
v -0.318768 0.087498 -0.748618
v -0.465847 -0.154245 0.078340
v -0.499242 -0.009507 0.142164
v 0.321486 0.220003 -0.591026
v 0.482637 0.221275 -0.502368
v -0.178987 -0.178254 -0.595305
v -0.304277 0.005603 -0.495453
v -0.349224 0.195700 -0.550214
v -0.391823 0.163310 -0.669023
v -0.523709 -0.147871 -0.611210
v -0.572400 -0.152683 -0.588178
v 0.338324 -0.044369 -0.777940
v 0.243393 -0.126476 -0.752113
v 0.247098 0.021062 -0.713328
v 0.760634 0.053211 0.076620
v 0.736966 0.125210 0.006868
v 0.650359 0.122078 -0.010185
v 0.717412 0.190117 -0.054441
v 0.616488 0.092863 -0.108420
v 0.607630 0.090309 -0.024758
v 0.577430 0.061704 -0.170114
v 0.548472 -0.046637 -0.160015
v 0.612062 0.133975 -0.244826
v 0.543311 0.081148 -0.267333
v 0.500730 -0.010403 -0.257841
v 0.556840 -0.014578 -0.239042
v 0.604096 0.196492 0.227950
v 0.666378 -0.104179 0.123745
v 0.777359 -0.082565 0.078578
v 0.786773 0.013958 0.072393
v -0.258510 -0.056519 0.312650
v -0.327614 0.067719 0.362914
v -0.215245 -0.093846 0.349016
v -0.403039 0.082222 0.294399
v -0.442192 0.092264 0.304080
v -0.396464 -0.018293 0.325729
v -0.486640 0.075627 0.301543
v 0.088552 0.004461 0.533178
v -0.002840 0.040678 0.513024
v 0.034445 0.081232 0.540066
v -0.772823 0.118954 -0.097600
v -0.629862 0.138706 0.118269
v -0.778737 0.148452 0.003522
v -0.821965 0.086071 0.019629
v 0.173086 0.073205 0.566408
v 0.243139 0.189057 0.553358
v 0.158499 0.079090 0.514334
v -0.139591 -0.112106 -0.787717
v -0.117239 -0.082640 -0.723484
v -0.058616 0.114515 -0.803801
v 0.710562 0.027518 -0.184328
v 0.762306 -0.091127 -0.200272
v 0.658873 -0.091933 -0.194269
v 0.553987 -0.082054 -0.096006
v -0.242976 0.176238 0.541672
v -0.239817 -0.021926 0.453597
v -0.290295 0.105040 0.562683
v 0.698494 -0.149032 0.241898
v 0.718366 -0.012747 0.179715
v 0.132291 0.101167 0.599395
v 0.192665 -0.027402 0.591024
v 0.161854 -0.079887 0.488727
v 0.056558 -0.177130 0.732826
v 0.079916 0.043992 0.623014
v 0.039806 -0.094547 0.598589
v -0.684648 0.104471 0.256447
v -0.643570 0.027555 0.357658
v -0.626675 -0.029329 0.355877
v -0.562187 -0.038819 0.332448
v 0.284747 0.171198 0.484348
v 0.245071 0.132238 0.446562
v -0.215629 -0.056209 0.502710
v -0.271856 0.049020 0.553550
v -0.278421 -0.023765 0.599261
v -0.348593 0.079973 0.553873
v -0.014762 -0.187920 -0.588983
v 0.037425 0.102739 -0.616534
v -0.014733 0.152366 -0.676527
v 0.548095 0.244484 0.318876
v 0.496895 0.221755 0.354025
v -0.478111 0.178286 0.527225
v -0.401481 -0.041450 0.323418
v -0.490482 -0.081176 0.379158
v 0.578497 -0.031143 -0.252559
v 0.555355 0.082514 -0.375883
v 0.532514 0.120344 -0.388970
v -0.532878 -0.000011 0.280201
v -0.537897 -0.058970 0.176090
v 0.228245 -0.134608 -0.799987
v 0.638952 -0.011935 -0.491423
v 0.635133 -0.163802 -0.568637
v 0.586911 -0.019457 -0.658531
v 0.524804 -0.003189 -0.707923
v 0.563016 -0.124225 -0.671334
v 0.432096 -0.103714 -0.739437
v -0.498464 0.100770 0.171883
v -0.485213 -0.010403 0.150700
v -0.544277 -0.014578 0.147064
v 0.115863 -0.084193 0.789298
v 0.364476 -0.149595 0.330759
v 0.356311 -0.074664 0.386457
v -0.418715 -0.200609 -0.509248
v 0.790821 0.143866 -0.056751
v 0.819164 0.012606 -0.128518
v 0.792993 -0.018131 -0.180439
v 0.288165 -0.028810 0.649562
v 0.219387 -0.056108 0.628149
v 0.358912 -0.098288 0.585798
v -0.509487 -0.068124 0.166685
v -0.562370 -0.050581 0.182265
v 0.639834 -0.075682 -0.335416
v 0.583710 -0.061801 -0.345988
v -0.277809 0.031307 0.536231
v -0.315592 -0.054090 0.545063
v -0.026037 0.194196 0.589054
v -0.040015 0.224784 0.523554
v -0.143987 0.226553 0.532048
v -0.070565 0.165715 0.491312
v 0.018213 0.146169 0.521692
v 0.111197 0.026812 -0.902064
v 0.043523 0.197333 -0.809799
v 0.830010 -0.154966 -0.036035
v -0.079944 0.011577 0.427072
v -0.038137 -0.086896 0.437307
v -0.158085 -0.070208 0.442579
v -0.016093 -0.001658 0.436607
v -0.106638 -0.149481 -0.674026
v -0.461410 0.172797 0.212641
v -0.397323 0.093900 0.271682
v -0.424106 0.056501 0.214959
v -0.481976 0.120344 0.285587
v -0.426954 0.140773 0.260251
v 0.358504 -0.141835 -0.769606
v 0.169637 -0.066411 0.629860
v 0.123875 -0.053724 0.615269
v 0.124020 -0.013093 0.586376
v 0.073845 -0.118172 0.534261
v 0.611331 0.108648 -0.294362
v 0.605472 0.068185 -0.324647
v 0.536826 0.016236 -0.301482
v -0.460328 -0.115495 -0.670799
v -0.515237 -0.139080 -0.567729
v -0.230347 0.206693 -0.584215
v -0.194354 0.204165 -0.639796
v -0.092979 -0.050607 -0.773184
v -0.553751 -0.007943 0.462540
v -0.524078 -0.051708 0.477485
v 0.428982 0.066978 0.232645
v -0.541372 0.186681 -0.432785
v 0.698755 -0.039871 -0.186944
v -0.175646 0.193161 0.592142
v -0.428384 -0.070380 0.340356
v 0.553077 -0.033590 -0.396615
v 0.043032 -0.002203 0.643637
v 0.051228 -0.092165 0.626791
v -0.094896 -0.099066 0.686739
v 0.615410 -0.079990 -0.489944
v 0.605002 0.027072 -0.454220
v 0.637447 -0.114369 -0.527137
v 0.143069 -0.022507 0.707844
v 0.206284 -0.065831 0.675848
v -0.594244 -0.142005 -0.153777
v -0.128103 0.029292 -0.779999
v -0.128552 -0.076870 -0.812732
v 0.392118 0.261046 -0.635537
v 0.685447 0.071482 0.105943
v 0.648623 0.080308 0.046605
v -0.651067 0.169542 0.076552
v -0.624307 0.129809 -0.002980
v -0.590098 0.136221 0.106915
v 0.498871 0.092264 -0.417129
v 0.460306 -0.018293 -0.449876
v 0.451410 -0.069905 -0.437852
v 0.450076 -0.099557 -0.375852
v 0.440443 -0.037014 -0.369194
v 0.149807 -0.112768 -0.561527
v -0.795929 -0.133190 0.087895
v 0.401694 0.213687 -0.510999
v -0.222209 -0.101222 0.451260
v -0.296197 -0.088727 0.510411
v 0.072141 0.240516 -0.733866
v 0.167248 0.180595 -0.736859
v 0.099721 0.228786 -0.781100
v 0.629009 -0.028127 0.116467
v 0.624709 -0.144847 0.105872
v 0.517295 -0.142643 0.138757
v -0.409238 0.077227 -0.344479
v -0.421113 -0.125402 -0.235677
v -0.448851 0.145775 -0.351702
v 0.820082 -0.111983 -0.148676
v -0.574459 -0.021113 0.128952
v -0.615627 -0.034730 0.136169
v -0.661659 0.073553 0.167659
v 0.504939 0.097316 -0.420574
v 0.545243 0.103737 -0.443839
v -0.225595 -0.159745 -0.553404
v 0.602636 -0.097523 -0.631592
v -0.552605 0.061892 -0.180077
v -0.820852 0.118283 -0.037385
v 0.425125 0.145338 0.272531
v 0.412198 0.131243 0.360886
v -0.312957 0.049250 0.314029
v -0.458863 0.061691 0.323187
v -0.095284 0.060842 -0.782679
v -0.087505 0.025872 -0.832591
v 0.219341 0.030233 -0.781547
v 0.222238 -0.106002 -0.748513
v -0.437432 0.118789 -0.589802
v 0.798841 -0.272372 0.265682
v 0.713750 -0.063475 -0.216165
v -0.526644 -0.007233 -0.176938
v 0.381474 0.099127 0.454085
v 0.328912 0.168796 0.457300
v 0.283497 -0.120203 -0.488887
v 0.403779 -0.007094 0.482352
v -0.481082 0.089602 0.568995
v -0.490674 -0.056498 -0.498818
v 0.211280 0.084296 -0.646016
v 0.206487 0.005557 -0.679319
v 0.252899 0.155260 -0.605994
v -0.284486 0.223405 -0.562290
v -0.633842 0.129737 0.200974
v 0.653270 -0.163062 0.321317
v 0.683712 -0.154162 0.222360
v 0.687822 -0.134203 0.166353
v 0.088430 -0.045573 0.447748
v 0.400703 -0.016418 0.571271
v 0.381745 -0.068259 0.547238
v 0.590099 -0.121484 0.409670
v 0.201452 -0.083903 -0.727146
v 0.569271 0.109840 -0.259854
v 0.552066 -0.069675 -0.337606
v -0.719878 0.118808 -0.415148
v -0.646035 0.083431 0.336383
v -0.659243 -0.003401 0.347151
v 0.476254 0.179273 0.269503
v -0.490512 0.076099 0.370563
v -0.373234 0.103331 -0.720626
v 0.406948 -0.109562 0.285399
v -0.523887 0.081148 0.170889
v -0.632913 -0.093420 -0.566642
v 0.078727 -0.138475 0.488553
v -0.275664 0.082753 0.598228
v -0.304411 -0.076448 0.587411
v -0.199081 -0.110986 0.396217
v -0.569128 -0.008422 -0.206722
v 0.728386 0.026443 0.030047
v 0.054451 -0.119094 0.480329
v -0.074665 0.062677 0.458835
v -0.757189 0.168031 -0.055948
v -0.711319 0.134442 -0.112276
v 0.479933 -0.095088 -0.294518
v -0.058048 -0.145877 -0.885697
v -0.116430 -0.128930 -0.841393
v 0.217551 0.111690 -0.692844
v -0.486588 0.041435 0.610497
v -0.285854 0.196281 -0.643030
v 0.400087 -0.026395 0.399277
v 0.577124 0.082426 -0.517344
v 0.521594 -0.287221 0.127093
v 0.493769 0.172797 -0.323832
v 0.544651 0.111595 -0.359124
v 0.244333 -0.107526 -0.549412
v 0.212385 0.063411 0.440598
v -0.539110 -0.020932 0.314454
v 0.295756 0.204608 0.552054
v -0.455633 -0.095088 0.180744
v -0.538665 0.074165 0.130959
v -0.308562 0.059450 0.504700
v -0.500957 -0.149558 -0.519489
v 0.072566 -0.050907 0.543797
v 0.594190 0.024444 -0.130642
v 0.616926 -0.108120 -0.171632
v 0.571864 -0.095039 -0.137436
v 0.393839 -0.106401 0.482971
v -0.220002 -0.004527 0.626471
v 0.174522 0.097541 0.601047
v 0.566386 0.248131 0.259568
v 0.005945 -0.065171 0.449191
v 0.076175 0.045248 0.526553
v 0.189296 0.148927 -0.682114
v -0.658636 -0.090741 -0.171030
v -0.491005 -0.125760 -0.602446
v -0.680406 -0.101958 -0.527715
v -0.460916 -0.102264 0.663227
v 0.616149 -0.136837 0.032984
v -0.469145 0.148942 -0.408474
v 0.672887 -0.141399 0.274445
v 0.800397 -0.137102 0.057900
v -0.141883 -0.142912 -0.630259
v 0.401327 -0.128144 0.367549
v -0.767621 -0.124548 -0.328524
v -0.239319 -0.118675 0.519652
v 0.179656 -0.183426 -0.588317
v 0.832293 -0.053326 0.199221
v 0.038207 -0.057243 0.479820
v 0.807838 0.119424 -0.014497
v 0.796005 0.099260 -0.132270
v -0.646232 -0.004756 0.147061
v 0.493362 -0.072797 -0.274067
v -0.433651 -0.083414 0.201275
v -0.310167 -0.066307 0.630607
v 0.255378 -0.019336 -0.534550
v -0.745896 -0.137074 -0.274900
v 0.349306 -0.139185 -0.440705
v 0.205159 -0.150882 -0.855955
v 0.178188 -0.109773 -0.889070
v 0.607578 -0.084778 -0.345638
v 0.573455 -0.083995 -0.146786
v -0.301618 -0.039438 0.292277
v 0.262749 -0.085552 0.336090
v -0.211385 -0.095539 0.459512
v 0.833265 -0.077343 -0.065746
v 0.160388 -0.147584 0.401152
v 0.113647 -0.120178 0.440492
v 0.799264 -0.080253 -0.174236
v -0.847512 0.016721 0.033795
v -0.795929 -0.133190 0.087895
v -0.767621 -0.124548 -0.328524
v -0.767621 -0.124548 -0.328524
v -0.757189 0.168031 -0.055948
v -0.748762 -0.054687 -0.293820
v -0.748762 -0.054687 -0.293820
v -0.745896 -0.137074 -0.274900
v -0.719878 0.118808 -0.415148
v -0.708866 0.122541 -0.350367
v -0.705194 0.113040 -0.470407
v -0.696009 0.165924 -0.072289
v -0.686893 -0.170106 -0.212833
v -0.682790 0.099665 0.195734
v -0.670888 0.008725 -0.188872
v -0.652614 0.163865 -0.334692
v -0.652614 0.163865 -0.334692
v -0.646035 0.083431 0.336383
v -0.643247 0.140780 -0.266682
v -0.643247 0.140780 -0.266682
v -0.643247 0.140780 -0.266682
v -0.633842 0.129737 0.200974
v -0.632523 0.080941 -0.192319
v -0.632523 0.080941 -0.192319
v -0.632523 0.080941 -0.192319
v -0.629862 0.138706 0.118269
v -0.627648 -0.029535 -0.150256
v -0.608416 0.172496 -0.460047
v -0.606474 0.026550 -0.180522
v -0.603290 0.035984 -0.196029
v -0.599934 0.136911 0.214762
v -0.548867 0.094248 -0.128549
v -0.544277 -0.014578 0.147064
v -0.541372 0.186681 -0.432785
v -0.541372 0.186681 -0.432785
v -0.534653 0.077106 0.233911
v -0.534653 0.077106 0.233911
v -0.532878 -0.000011 0.280201
v -0.521867 -0.092468 -0.156475
v -0.518602 0.085067 0.441871
v -0.514345 0.040701 -0.146246
v -0.509969 0.136806 0.565290
v -0.500957 -0.149558 -0.519489
v -0.499242 -0.009507 0.142164
v -0.498464 0.100770 0.171883
v -0.498464 0.100770 0.171883
v -0.490674 -0.056498 -0.498818
v -0.486588 0.041435 0.610497
v -0.481976 0.120344 0.285587
v -0.478111 0.178286 0.527225
v -0.478111 0.178286 0.527225
v -0.478111 0.178286 0.527225
v -0.468992 0.043042 -0.242409
v -0.465847 -0.154245 0.078340
v -0.461410 0.172797 0.212641
v -0.460916 -0.102264 0.663227
v -0.460355 0.161031 0.489143
v -0.460328 -0.115495 -0.670799
v -0.448851 0.145775 -0.351702
v -0.443622 0.110651 -0.298417
v -0.442192 0.092264 0.304080
v -0.430851 0.148418 0.541721
v -0.428384 -0.070380 0.340356
v -0.428384 -0.070380 0.340356
v -0.426954 0.140773 0.260251
v -0.418453 0.162368 0.377558
v -0.409238 0.077227 -0.344479
v -0.409238 0.077227 -0.344479
v -0.403039 0.082222 0.294399
v -0.397323 0.093900 0.271682
v -0.397323 0.093900 0.271682
v -0.396464 -0.018293 0.325729
v -0.396464 -0.018293 0.325729
v -0.390984 -0.069905 0.311813
v -0.390984 -0.069905 0.311813
v -0.390539 0.165522 0.407885
v -0.378333 0.121384 -0.490785
v -0.353326 -0.050148 0.298915
v -0.348593 0.079973 0.553873
v -0.312957 0.049250 0.314029
v -0.285854 0.196281 -0.643030
v -0.284486 0.223405 -0.562290
v -0.271856 0.049020 0.553550
v -0.258510 -0.056519 0.312650
v -0.258510 -0.056519 0.312650
v -0.239817 -0.021926 0.453597
v -0.239817 -0.021926 0.453597
v -0.221249 0.086833 0.643848
v -0.213079 -0.073309 0.652848
v -0.194354 0.204165 -0.639796
v -0.190213 0.106388 0.457232
v -0.178987 -0.178254 -0.595305
v -0.177816 0.176833 0.628757
v -0.175646 0.193161 0.592142
v -0.109150 -0.021041 -0.692699
v -0.094896 -0.099066 0.686739
v -0.092979 -0.050607 -0.773184
v -0.079944 0.011577 0.427072
v -0.079944 0.011577 0.427072
v -0.074665 0.062677 0.458835
v -0.074665 0.062677 0.458835
v -0.074665 0.062677 0.458835
v -0.070588 0.140658 0.466758
v -0.070565 0.165715 0.491312
v -0.059055 -0.183082 -0.620598
v -0.026037 0.194196 0.589054
v -0.014762 -0.187920 -0.588983
v 0.031401 -0.118283 -0.567039
v 0.034445 0.081232 0.540066
v 0.037425 0.102739 -0.616534
v 0.038207 -0.057243 0.479820
v 0.043032 -0.002203 0.643637
v 0.054451 -0.119094 0.480329
v 0.073845 -0.118172 0.534261
v 0.073845 -0.118172 0.534261
v 0.073845 -0.118172 0.534261
v 0.076175 0.045248 0.526553
v 0.088552 0.004461 0.533178
v 0.092509 -0.070535 -0.548472
v 0.101658 -0.039762 0.488891
v 0.101658 -0.039762 0.488891
v 0.128139 0.063143 -0.564064
v 0.132291 0.101167 0.599395
v 0.134011 -0.073590 0.406075
v 0.149807 -0.112768 -0.561527
v 0.169637 -0.066411 0.629860
v 0.173086 0.073205 0.566408
v 0.173086 0.073205 0.566408
v 0.179260 -0.051915 0.378708
v 0.200755 0.051057 0.385516
v 0.206284 -0.065831 0.675848
v 0.212385 0.063411 0.440598
v 0.217551 0.111690 -0.692844
v 0.219341 0.030233 -0.781547
v 0.221430 -0.130891 -0.630603
v 0.243139 0.189057 0.553358
v 0.243393 -0.126476 -0.752113
v 0.247098 0.021062 -0.713328
v 0.254639 0.185320 0.589550
v 0.264957 0.087721 0.415125
v 0.264957 0.087721 0.415125
v 0.279693 0.092141 -0.520521
v 0.283497 -0.120203 -0.488887
v 0.283497 -0.120203 -0.488887
v 0.288165 -0.028810 0.649562
v 0.295756 0.204608 0.552054
v 0.295756 0.204608 0.552054
v 0.296674 0.199932 -0.553384
v 0.321486 0.220003 -0.591026
v 0.321486 0.220003 -0.591026
v 0.328912 0.168796 0.457300
v 0.333075 0.183737 0.512692
v 0.333075 0.183737 0.512692
v 0.333075 0.183737 0.512692
v 0.356311 -0.074664 0.386457
v 0.362729 0.204175 0.487806
v 0.362729 0.204175 0.487806
v 0.365966 -0.114181 0.445171
v 0.381474 0.099127 0.454085
v 0.381745 -0.068259 0.547238
v 0.393839 -0.106401 0.482971
v 0.400703 -0.016418 0.571271
v 0.400703 -0.016418 0.571271
v 0.403779 -0.007094 0.482352
v 0.404153 0.155042 0.468427
v 0.423488 -0.074711 0.405478
v 0.423488 -0.074711 0.405478
v 0.423488 -0.074711 0.405478
v 0.437121 -0.082388 0.498209
v 0.447146 0.093900 -0.397448
v 0.447146 0.093900 -0.397448
v 0.447146 0.093900 -0.397448
v 0.451410 -0.069905 -0.437852
v 0.460306 -0.018293 -0.449876
v 0.468849 0.040905 0.194255
v 0.473122 0.158248 -0.347133
v 0.482637 0.221275 -0.502368
v 0.493769 0.172797 -0.323832
v 0.493769 0.172797 -0.323832
v 0.494019 0.170924 0.425182
v 0.494923 -0.070380 -0.455743
v 0.494923 -0.070380 -0.455743
v 0.495308 0.186268 -0.633777
v 0.498871 0.092264 -0.417129
v 0.510373 0.155469 -0.659927
v 0.517295 -0.142643 0.138757
v 0.524804 -0.003189 -0.707923
v 0.535145 0.063553 -0.213968
v 0.543311 0.081148 -0.267333
v 0.543311 0.081148 -0.267333
v 0.544675 -0.307346 0.207835
v 0.548095 0.244484 0.318876
v 0.555355 0.082514 -0.375883
v 0.556840 -0.014578 -0.239042
v 0.566386 0.248131 0.259568
v 0.569271 0.109840 -0.259854
v 0.569271 0.109840 -0.259854
v 0.577124 0.082426 -0.517344
v 0.578497 -0.031143 -0.252559
v 0.594190 0.024444 -0.130642
v 0.594190 0.024444 -0.130642
v 0.601489 0.081219 0.119431
v 0.601489 0.081219 0.119431
v 0.601489 0.081219 0.119431
v 0.601489 0.081219 0.119431
v 0.604096 0.196492 0.227950
v 0.604096 0.196492 0.227950
v 0.605472 0.068185 -0.324647
v 0.611331 0.108648 -0.294362
v 0.611331 0.108648 -0.294362
v 0.612062 0.133975 -0.244826
v 0.612062 0.133975 -0.244826
v 0.616488 0.092863 -0.108420
v 0.616488 0.092863 -0.108420
v 0.616926 -0.108120 -0.171632
v 0.622865 0.059388 0.148563
v 0.622865 0.059388 0.148563
v 0.624709 -0.144847 0.105872
v 0.629009 -0.028127 0.116467
v 0.635133 -0.163802 -0.568637
v 0.638952 -0.011935 -0.491423
v 0.638952 -0.011935 -0.491423
v 0.642873 -0.105478 -0.155570
v 0.644530 0.016448 -0.324979
v 0.644530 0.016448 -0.324979
v 0.644530 0.016448 -0.324979
v 0.648623 0.080308 0.046605
v 0.658873 -0.091933 -0.194269
v 0.658873 -0.091933 -0.194269
v 0.666378 -0.104179 0.123745
v 0.666378 -0.104179 0.123745
v 0.666378 -0.104179 0.123745
v 0.676308 0.082786 -0.276393
v 0.687463 -0.051943 0.231306
v 0.687463 -0.051943 0.231306
v 0.687822 -0.134203 0.166353
v 0.690616 0.083773 0.036121
v 0.695323 0.156785 -0.113050
v 0.705434 -0.008810 -0.240113
v 0.705434 -0.008810 -0.240113
v 0.708170 -0.059352 -0.025962
v 0.709316 -0.317735 -0.077097
v 0.710562 0.027518 -0.184328
v 0.718366 -0.012747 0.179715
v 0.733134 -0.049967 0.088654
v 0.736966 0.125210 0.006868
v 0.750882 0.141560 -0.127227
v 0.760634 0.053211 0.076620
v 0.760634 0.053211 0.076620
v 0.760634 0.053211 0.076620
v 0.762306 -0.091127 -0.200272
v 0.777359 -0.082565 0.078578
v 0.786773 0.013958 0.072393
v 0.798841 -0.272372 0.265682
vt -2.180929 -1.935200
vt -2.172307 -2.235031
vt -1.856524 -2.110906
vt -1.872552 -0.971193
vt -2.118099 -0.906704
vt -1.959026 -1.249293
vt 0.080345 -1.518246
vt 0.178263 -1.412966
vt -0.055119 -1.461116
vt -0.136767 -1.993194
vt -0.177320 -2.219966
vt 0.081001 -2.127116
vt 1.588044 -1.195157
vt 1.615546 -1.638715
vt 1.932644 -1.364958
vt 2.542821 -1.899190
vt 2.710818 -2.061006
vt 3.029255 -1.764860
vt 4.535409 -2.139988
vt 4.648533 -2.357858
vt 4.902219 -2.215163
vt 3.595900 -2.466404
vt 3.794498 -2.057920
vt 3.536813 -1.979143
vt -2.106944 -0.716598
vt -1.883514 -0.632079
vt -2.174516 -0.479907
vt -2.017895 0.475603
vt -1.451653 0.194858
vt -1.770480 0.574577
vt -0.576049 0.051585
vt -0.550147 0.174923
vt -0.687275 0.145722
vt -0.764252 -0.484346
vt -0.729822 -0.684009
vt -0.489638 -0.699793
vt 0.840576 -0.110990
vt 0.488886 -0.052925
vt 0.554739 -0.519436
vt 1.682203 0.229963
vt 1.791554 0.001223
vt 2.005279 0.441395
vt 2.879949 -0.661409
vt 3.233940 -0.604539
vt 3.054004 -0.454241
vt 3.424082 0.130484
vt 3.417999 0.254758
vt 3.256361 0.231546
vt -2.092262 1.695992
vt -2.228924 1.900922
vt -2.310384 1.799672
vt -2.926152 2.198243
vt -2.728333 2.060104
vt -2.603693 2.141500
vt -0.340956 2.526553
vt -0.332897 2.345714
vt -0.161820 2.320910
vt -0.164549 1.427883
vt 0.009364 1.591636
vt -0.279122 1.702251
vt -2.593691 -1.803266
vt -2.613101 -1.486008
vt -2.746788 -1.681372
vt 1.683796 -2.164768
vt 1.526974 -2.581234
vt 1.862249 -2.260577
vt 4.078610 -1.310869
vt 4.161492 -0.911115
vt 3.869760 -1.030423
vt -2.011695 2.138901
vt -1.752367 2.269371
vt -2.086958 2.324564
vt 3.920148 -0.445302
vt 3.710843 -0.085800
vt 3.584805 -0.412661
vt 0.095617 1.992939
vt 0.273518 1.990581
vt 0.150857 2.137720
vt -0.070039 -0.183919
vt -0.310738 -0.117199
vt -0.315212 -0.278325
vt 1.369010 1.515483
vt 1.466516 1.330412
vt 1.523223 1.522279
vt 1.298579 1.875268
vt 1.451137 2.075682
vt 1.221995 2.081045
vt -0.646041 -0.308780
vt -0.487320 -0.408793
vt -0.476729 -0.223633
vt -0.482830 0.123196
vt -0.464150 -2.089719
vt 4.376097 -2.331185
vt 3.993059 -1.765979
vt 3.748494 -1.788135
vt 3.060316 3.155779
vt 2.559840 2.513647
vt 2.945878 2.562367
vt -2.392029 -1.586638
vt -2.368212 -1.750565
vt -1.903501 -1.797547
vt -1.600761 -1.918218
vt -1.616683 -1.581982
vt 4.318901 1.490172
vt 4.229191 1.610869
vt 4.086881 1.454448
vt 0.389901 -1.508839
vt 0.180437 -1.585556
vt 0.299727 -1.655658
vt -2.370146 0.295981
vt -2.379301 0.503462
vt -2.640046 0.387882
vt -1.795586 -0.067092
vt -1.940277 0.106706
vt -2.092516 -0.030891
vt 1.174053 0.316182
vt 1.322870 0.570123
vt 1.073961 0.480615
vt 1.897039 1.712238
vt 2.181694 1.598254
vt 2.452637 1.882312
vt 3.085603 2.020626
vt 3.282137 1.984230
vt 3.632760 2.411583
vt -2.656887 0.113415
vt -3.142156 0.416649
vt -3.276439 -0.120510
vt -2.585570 3.884772
vt -2.419701 3.955049
vt -2.597872 4.100362
vt -2.812923 3.740488
vt -2.847878 3.867840
vt -2.939567 3.692104
vt -1.940161 3.718701
vt -2.224769 4.052492
vt -2.067297 3.502186
vt -1.341975 3.297048
vt -1.166151 3.619735
vt -1.402193 3.704997
vt 1.990631 -1.000294
vt 2.249146 -1.258004
vt 2.198182 -1.938454
vt 1.947735 -2.086718
vt 2.086435 -2.147024
vt 4.085637 -2.306563
vt 3.926607 -2.480854
vt 4.172174 -2.447958
vt -2.436397 1.904041
vt -2.408008 2.120880
vt -2.363860 2.007744
vt -2.213135 2.067860
vt 2.480133 -1.475260
vt 2.899459 -1.564948
vt 2.646982 -1.239055
vt -3.276439 1.631379
vt -2.800414 1.744606
vt -2.958081 1.863629
vt 1.475203 -0.199014
vt 1.450950 -0.565705
vt 1.781537 -0.441763
vt 1.191788 -0.140410
vt 0.977453 -0.284140
vt 1.224016 -0.334258
vt 1.370290 0.346181
vt 0.009395 -1.610737
vt -0.212570 -1.629958
vt -1.062735 -2.084091
vt -0.594733 -2.262737
vt 4.350006 1.715744
vt 4.446445 1.844111
vt 4.140977 1.928967
vt 4.261615 1.325993
vt 4.477757 1.391392
vt 0.195490 -1.699701
vt 0.266369 -1.794320
vt 0.453656 -2.125575
vt 0.385575 -2.488237
vt 0.840603 -2.347085
vt -2.390335 -1.361075
vt -2.499197 -1.148052
vt -1.972926 -1.550155
vt -2.192885 -1.432040
vt 0.608812 1.787206
vt 0.983676 1.567655
vt 0.965185 1.720546
vt 1.200145 1.400164
vt 1.087659 1.167336
vt 1.264531 1.224544
vt 2.066370 -2.332230
vt 2.192794 -2.565762
vt 2.703688 -2.353882
vt 3.095763 -2.009931
vt 2.380656 2.227665
vt 2.717930 -0.240765
vt 2.659896 -0.156155
vt 2.676343 -0.413036
vt -0.608916 2.138764
vt -0.620347 1.901192
vt -0.332821 1.919151
vt -0.205477 2.207768
vt -0.068342 2.073513
vt -0.014788 2.179871
vt -2.746608 -1.242013
vt 4.319555 -2.214512
vt 4.282246 -2.083356
vt 4.487860 -1.500351
vt 4.723029 -1.583584
vt 4.669741 -1.305874
vt -2.630012 -2.240054
vt -2.083528 -2.505049
vt -3.139439 -2.036750
vt -2.860463 -1.854358
vt -2.917654 -1.585097
vt -0.450319 1.585563
vt -1.754313 0.118893
vt 1.323127 -2.406298
vt 1.505099 -1.996414
vt -0.047149 -1.777641
vt 0.123688 -1.772946
vt -2.542001 -0.635712
vt -2.571558 -0.269202
vt -2.270829 0.119330
vt -2.100220 0.250397
vt -1.148855 -1.901096
vt -1.184665 -1.669371
vt -0.384403 -1.403596
vt -0.817396 -1.304646
vt -0.667142 -1.555109
vt 3.309557 -0.423622
vt 3.367190 -0.265431
vt 3.186651 -0.275961
vt 3.267581 -0.047749
vt 2.987546 0.162454
vt 2.933488 -0.186615
vt 1.055078 1.859411
vt 1.022136 2.024593
vt 1.210188 1.668428
vt -2.630472 3.492476
vt -2.898141 3.504411
vt -2.638162 3.249355
vt 1.605049 0.437002
vt 1.791171 0.820388
vt 3.588005 -0.670098
vt 3.429225 -0.527803
vt -1.666766 1.868038
vt -1.962035 1.912361
vt -1.675453 1.655138
vt -1.698363 3.544946
vt -1.755307 3.466497
vt -1.634834 3.430237
vt -1.867519 3.507142
vt 0.019710 0.126066
vt -0.236639 0.127897
vt -0.177365 -0.007315
vt 2.566465 -1.694736
vt 1.968642 -1.611045
vt 2.166844 -1.642844
vt 2.187703 -1.491944
vt 0.142499 1.767642
vt 0.010938 1.910011
vt -0.014490 1.794431
vt 3.181883 -1.609548
vt 3.398489 -1.990810
vt 3.839191 -1.490657
vt 3.349933 0.378944
vt 3.424702 0.566129
vt 3.091629 0.518853
vt 2.540282 0.124894
vt -0.768612 0.012799
vt -0.941585 0.137191
vt -0.992512 -0.141435
vt 2.469967 1.612964
vt 2.723890 1.728592
vt -0.354315 3.513836
vt -0.291053 3.342850
vt 0.015244 3.447219
vt -1.080031 3.941742
vt -0.686275 3.697051
vt -0.575612 3.986871
vt 4.198081 1.732963
vt 3.917927 1.542822
vt 3.718880 1.505708
vt 3.834983 1.294685
vt -0.079419 1.993052
vt -0.127664 1.913058
vt -2.169954 1.474920
vt -2.328952 1.642921
vt -2.586976 1.551203
vt -2.493290 1.756846
vt 3.718868 -2.550880
vt 3.847634 -2.288004
vt 4.042347 -2.059167
vt 1.550521 0.055667
vt 1.345470 0.030967
vt -2.537476 2.027539
vt -1.898296 2.413665
vt -2.229384 2.628671
vt -2.310888 3.241899
vt -2.515263 3.680176
vt -2.697074 3.767504
vt 4.168297 1.211999
vt 4.545446 1.167336
vt 5.214762 -1.541737
vt 0.737528 -1.495323
vt 1.082239 -1.045795
vt 0.478396 -1.212527
vt -0.013667 -1.188184
vt 0.311760 -0.828336
vt -0.184811 -0.993811
vt -1.775128 3.904983
vt -1.669407 3.959381
vt -1.917245 4.098103
vt -1.076007 3.553577
vt -1.288133 2.332148
vt -0.743254 2.352626
vt -1.802300 -2.581234
vt 3.498465 -0.005339
vt 3.603954 0.148158
vt 3.559756 0.329342
vt 0.314852 2.178074
vt 0.522693 2.131735
vt 0.353279 2.504247
vt 1.190740 -1.879389
vt 1.176373 -1.404998
vt 1.649965 1.440797
vt 1.687277 1.668288
vt -1.153577 -0.028341
vt -1.341986 -0.230085
vt -0.463148 -0.106357
vt -0.392981 -0.035738
vt -0.496387 -0.030632
vt -0.410195 0.064028
vt -0.302348 0.007052
vt 4.326619 -1.320803
vt 4.037230 -1.535835
vt 3.320689 2.574932
vt -0.610200 0.352425
vt -0.315374 0.743845
vt -0.786173 0.544578
vt -0.158451 0.373157
vt 3.460363 -2.295211
vt -1.763031 3.739504
vt -1.593831 3.595446
vt -1.598693 3.820285
vt -1.790426 3.601522
vt -1.712480 3.622211
vt -0.445748 -1.002940
vt 0.515765 1.957698
vt 0.475565 1.723431
vt 0.326028 1.788698
vt 0.319313 1.404771
vt 1.440852 1.656851
vt 1.440852 1.656851
vt 1.487719 1.814374
vt -2.017593 0.789034
vt -2.389471 0.865945
vt -2.235020 -0.213798
vt -2.004903 -0.252415
vt -1.748650 -0.483169
vt -2.421938 2.289280
vt -2.602558 2.513380
vt 0.889520 0.247469
vt -2.185999 -1.693417
vt 0.898457 1.502259
vt -0.656757 -0.130275
vt -1.781713 3.241899
vt -2.313781 3.779774
vt -0.244140 -0.464015
vt 0.175713 -0.500328
vt -0.285648 -0.716598
vt 1.039331 -1.840900
vt 0.621278 -1.805090
vt 1.090253 -1.364585
vt -0.692171 3.421722
vt -0.542253 3.241899
vt -3.276439 -1.608117
vt -1.604838 -0.139094
vt -1.428105 -0.203586
vt 0.095058 -1.689493
vt 2.810099 2.039860
vt 2.705360 2.256221
vt 2.062615 -1.770694
vt 1.909185 -1.935369
vt 1.853042 -1.768562
vt -2.700258 3.923673
vt -2.775803 4.001513
vt -2.958745 4.116096
vt -3.276439 3.955503
vt -3.055417 3.839195
vt 4.496382 -2.523248
vt 2.260078 -0.979756
vt 0.094669 -1.904473
vt -1.045987 0.498309
vt -1.341018 0.120625
vt 4.250186 -1.854341
vt 4.485998 -1.715706
vt 4.236879 -1.572659
vt 1.341179 0.802657
vt 1.338727 1.031205
vt 0.913444 0.789230
vt -2.477604 -2.040575
vt -2.903089 -2.167984
vt -2.381468 -1.866564
vt 3.930351 0.316118
vt 4.754061 1.410717
vt 4.749274 1.595948
vt 4.510700 1.562156
vt 0.264131 -1.964832
vt 0.414117 -1.875422
vt -2.778938 -0.507894
vt 0.658168 -1.006595
vt 2.358577 -2.128403
vt 2.336120 -1.607918
vt 1.107239 0.059966
vt 1.028479 -0.118433
vt -1.848106 2.048110
vt -2.208897 2.200987
vt 3.575479 -1.644794
vt 3.568259 -1.354621
vt 4.759685 -1.852622
vt 4.997319 -1.843623
vt -2.211118 0.383915
vt 2.543631 1.167336
vt 1.016151 1.327859
vt 2.371411 -2.318049
vt -0.441855 2.255710
vt -0.258100 2.071816
vt -0.024572 -2.558167
vt 1.027714 -0.483802
vt -2.690696 1.912060
vt -2.670573 0.601456
vt -0.615412 -1.892994
vt -0.746423 -1.766507
vt -0.324676 -1.843922
vt -2.358811 -0.052570
vt 4.351421 1.594958
vt 2.126991 0.118835
vt 2.454163 0.575696
vt 2.402466 1.081216
vt 0.055812 3.681552
vt 0.059966 2.345589
vt 0.097308 2.571550
vt 1.928432 -0.196359
vt -0.904164 -1.618702
vt 1.360542 1.753517
vt 1.683825 1.857363
vt -2.249017 -1.156263
vt 4.074356 1.675676
vt 3.875729 1.783268
vt 1.291065 0.193621
vt -2.312477 2.172626
vt -1.847937 0.231699
vt 0.633213 0.250038
vt -1.924542 3.903517
vt -1.472835 -1.423590
vt 0.177512 1.255376
vt -0.857568 -0.302467
vt -1.237159 -0.451035
vt -1.760832 1.441759
vt 2.535986 -2.214397
vt 3.083347 2.311010
vt 0.402766 0.495795
vt -0.405846 0.202537
vt 2.286586 -1.743051
vt 2.397422 -1.816808
vt -3.256107 3.566431
vt 3.593450 -1.061552
vt 3.348209 -1.289461
vt -0.489463 -1.681960
vt -2.887664 2.010772
vt -2.092624 0.115713
vt -0.539400 2.419455
vt 0.456419 -1.689060
vt 1.822247 1.920890
vt -2.770931 3.639075
vt -2.652608 3.643793
vt -0.504277 -2.543847
vt -0.142408 1.784929
vt 3.974442 1.240000
vt -0.001090 1.993184
vt -1.385199 4.012201
vt 1.712979 -1.898684
vt -2.305429 1.726304
vt -2.810616 0.829749
vt 0.349339 -0.051075
vt 2.835656 0.337275
vt 2.880019 0.517613
vt 2.678727 0.363234
vt 0.932182 -0.716598
vt -0.909977 -0.539547
vt 0.214438 1.885669
vt 1.471123 0.215376
vt 0.028752 0.563386
vt -0.339531 3.764563
vt 4.462143 -1.928931
vt -3.038746 -1.190004
vt -1.475173 -2.201305
vt -1.686134 -1.148832
vt -3.137988 2.013381
vt 2.779421 -0.572596
vt -2.280674 -1.809974
vt 2.196190 0.267476
vt 3.866292 -0.716598
vt -2.318795 -0.645588
vt -0.854666 2.618276
vt -2.330163 -0.842623
vt -2.267761 1.167336
vt 4.933305 -2.581234
vt 2.981632 1.648085
vt -0.137278 3.943509
vt 3.485936 -0.164311
vt 3.501165 0.213539
vt 4.576560 1.735258
vt -3.156142 3.390076
vt -1.325700 3.882733
vt -2.774868 1.433012
vt -0.351791 -2.334505
vt -2.662628 -0.802718
vt 0.210387 -2.581234
vt 5.090760 -1.201972
vt 4.685839 -1.079319
vt 1.736128 1.547865
vt 0.821691 2.017187
vt -1.374252 2.148909
vt -0.782870 1.727950
vt -1.984600 1.345224
vt 3.952060 -0.032317
vt -0.415141 1.167336
vt -0.040696 1.263466
vt 3.691442 0.436482
vt 2.249146 -1.258004
vt 2.260078 -0.979756
vt -2.330163 -0.842623
vt -2.330163 -0.842623
vt 2.286586 -1.743051
vt -2.499197 -1.148052
vt -2.499197 -1.148052
vt -2.662628 -0.802718
vt -2.249017 -1.156263
vt -2.390335 -1.361075
vt -1.959026 -1.249293
vt 2.198182 -1.938454
vt 3.095763 -2.009931
vt 4.350006 1.715744
vt -2.746608 -1.242013
vt -2.192885 -1.432040
vt -2.192885 -1.432040
vt 4.074356 1.675676
vt -2.392029 -1.586638
vt -2.392029 -1.586638
vt -2.392029 -1.586638
vt 4.351421 1.594958
vt -2.613101 -1.486008
vt -2.613101 -1.486008
vt -2.613101 -1.486008
vt 1.968642 -1.611045
vt -2.917654 -1.585097
vt -1.972926 -1.550155
vt -2.746788 -1.681372
vt 2.710818 -2.061006
vt 4.318901 1.490172
vt 2.086435 -2.147024
vt -1.917245 4.098103
vt -2.185999 -1.693417
vt -2.185999 -1.693417
vt 4.261615 1.325993
vt 4.261615 1.325993
vt 4.168297 1.211999
vt 2.192794 -2.565762
vt -2.408008 2.120880
vt 2.066370 -2.332230
vt -2.728333 2.060104
vt -2.810616 0.829749
vt 1.505099 -1.996414
vt -1.775128 3.904983
vt -1.775128 3.904983
vt -2.670573 0.601456
vt -2.887664 2.010772
vt -1.790426 3.601522
vt -2.537476 2.027539
vt -2.537476 2.027539
vt -2.537476 2.027539
vt -2.860463 -1.854358
vt 1.323127 -2.406298
vt -1.763031 3.739504
vt -3.137988 2.013381
vt -2.363860 2.007744
vt -2.017593 0.789034
vt -2.381468 -1.866564
vt -2.593691 -1.803266
vt -1.755307 3.466497
vt -2.436397 1.904041
vt -1.781713 3.241899
vt -1.781713 3.241899
vt -1.712480 3.622211
vt -2.213135 2.067860
vt -2.477604 -2.040575
vt -2.477604 -2.040575
vt -1.698363 3.544946
vt -1.593831 3.595446
vt -1.593831 3.595446
vt -1.634834 3.430237
vt -1.634834 3.430237
vt -1.341975 3.297048
vt -1.341975 3.297048
vt -2.228924 1.900922
vt -2.656887 0.113415
vt -1.752367 2.269371
vt -2.493290 1.756846
vt -1.848106 2.048110
vt -2.092624 0.115713
vt -2.358811 -0.052570
vt -2.328952 1.642921
vt -1.666766 1.868038
vt -1.666766 1.868038
vt -0.941585 0.137191
vt -0.941585 0.137191
vt -0.764252 -0.484346
vt -0.729822 -0.684009
vt -2.004903 -0.252415
vt -0.550147 0.174923
vt -2.542001 -0.635712
vt -0.646041 -0.308780
vt -0.656757 -0.130275
vt 3.536813 -1.979143
vt -0.285648 -0.716598
vt -1.748650 -0.483169
vt -0.610200 0.352425
vt -0.610200 0.352425
vt -0.405846 0.202537
vt -0.405846 0.202537
vt -0.405846 0.202537
vt -0.482830 0.123196
vt -0.410195 0.064028
vt 3.595900 -2.466404
vt -0.463148 -0.106357
vt 3.718868 -2.550880
vt 3.926607 -2.480854
vt -0.177365 -0.007315
vt 3.847634 -2.288004
vt -0.137278 3.943509
vt -0.244140 -0.464015
vt 0.402766 0.495795
vt 0.319313 1.404771
vt 0.319313 1.404771
vt 0.319313 1.404771
vt -0.339531 3.764563
vt 0.019710 0.126066
vt 4.172174 -2.447958
vt 0.009364 1.591636
vt 0.009364 1.591636
vt 4.085637 -2.306563
vt -0.354315 3.513836
vt -0.164549 1.427883
vt 4.496382 -2.523248
vt 0.515765 1.957698
vt 0.142499 1.767642
vt 0.142499 1.767642
vt -0.450319 1.585563
vt -0.279122 1.702251
vt -0.542253 3.241899
vt -0.142408 1.784929
vt -0.489463 -1.681960
vt 4.759685 -1.852622
vt 4.902219 -2.215163
vt 0.010938 1.910011
vt -0.817396 -1.304646
vt -0.667142 -1.555109
vt 0.095617 1.992939
vt -0.332821 1.919151
vt -0.332821 1.919151
vt -0.177320 -2.219966
vt -0.024572 -2.558167
vt -0.024572 -2.558167
vt 0.314852 2.178074
vt -0.001090 1.993184
vt -0.001090 1.993184
vt -0.136767 -1.993194
vt -0.047149 -1.777641
vt -0.047149 -1.777641
vt -0.258100 2.071816
vt -0.068342 2.073513
vt -0.068342 2.073513
vt -0.068342 2.073513
vt -0.743254 2.352626
vt -0.205477 2.207768
vt -0.205477 2.207768
vt 0.554739 -0.519436
vt -0.441855 2.255710
vt 0.097308 2.571550
vt 0.932182 -0.716598
vt 0.059966 2.345589
vt 0.059966 2.345589
vt 1.027714 -0.483802
vt -0.332897 2.345714
vt -0.340956 2.526553
vt -0.340956 2.526553
vt -0.340956 2.526553
vt 1.450950 -0.565705
vt -2.847878 3.867840
vt -2.847878 3.867840
vt -2.847878 3.867840
vt -2.958745 4.116096
vt -2.775803 4.001513
vt 1.073961 0.480615
vt -2.812923 3.740488
vt 0.123688 -1.772946
vt -2.770931 3.639075
vt -2.770931 3.639075
vt 1.475203 -0.199014
vt -2.597872 4.100362
vt -2.597872 4.100362
vt 0.180437 -1.585556
vt -2.700258 3.923673
vt 0.080345 -1.518246
vt 0.913444 0.789230
vt -0.013667 -1.188184
vt 1.298579 1.875268
vt -2.630472 3.492476
vt -2.630472 3.492476
vt 1.897039 1.712238
vt 1.550521 0.055667
vt -2.515263 3.680176
vt -2.638162 3.249355
vt 1.471123 0.215376
vt 1.360542 1.753517
vt 1.360542 1.753517
vt 0.456419 -1.689060
vt -2.310888 3.241899
vt 2.835656 0.337275
vt 2.835656 0.337275
vt 2.452637 1.882312
vt 2.452637 1.882312
vt 2.452637 1.882312
vt 2.452637 1.882312
vt 1.605049 0.437002
vt 1.605049 0.437002
vt 1.440852 1.656851
vt 1.440852 1.656851
vt 1.440852 1.656851
vt 1.210188 1.668428
vt 1.210188 1.668428
vt 2.987546 0.162454
vt 2.987546 0.162454
vt 2.880019 0.517613
vt 1.322870 0.570123
vt 1.322870 0.570123
vt 1.338727 1.031205
vt 1.341179 0.802657
vt 1.082239 -1.045795
vt 0.737528 -1.495323
vt 0.737528 -1.495323
vt 0.608812 1.787206
vt 1.523223 1.522279
vt 1.523223 1.522279
vt 1.523223 1.522279
vt 2.705360 2.256221
vt 3.091629 0.518853
vt 3.091629 0.518853
vt 1.791171 0.820388
vt 1.791171 0.820388
vt 1.791171 0.820388
vt 1.369010 1.515483
vt 2.005279 0.441395
vt 2.005279 0.441395
vt 2.402466 1.081216
vt 3.054004 -0.454241
vt 3.256361 0.231546
vt 1.200145 1.400164
vt 1.200145 1.400164
vt 2.945878 2.562367
vt 3.060316 3.155779
vt 3.349933 0.378944
vt 2.723890 1.728592
vt 3.233940 -0.604539
vt 3.367190 -0.265431
vt 3.417999 0.254758
vt 3.309557 -0.423622
vt 3.309557 -0.423622
vt 3.309557 -0.423622
vt 3.424702 0.566129
vt 3.588005 -0.670098
vt 3.429225 -0.527803
vt 2.543631 1.167336
vn 0.831870 0.402079 -0.382524
vn 0.955078 0.162667 -0.247721
vn 0.309000 0.547658 -0.777554
vn -0.902132 -0.000962 -0.431460
vn -0.926475 0.042238 -0.373978
vn -0.709206 0.502700 -0.494286
vn 0.915175 0.315151 -0.251267
vn 0.752461 0.396973 -0.525561
vn 0.153822 0.344702 -0.926024
vn -0.595712 0.663651 0.452432
vn -0.618267 0.212053 0.756822
vn -0.311160 0.236998 0.920332
vn -0.261133 0.195774 0.945242
vn 0.403054 0.369431 0.837298
vn -0.367535 0.339637 0.865774
vn -0.215689 0.487589 -0.846012
vn -0.113249 0.336520 -0.934842
vn -0.404237 0.227343 -0.885950
vn 0.927945 0.215287 0.304251
vn 0.594546 -0.012420 0.803966
vn 0.901635 0.112837 0.417519
vn -0.600603 0.158215 0.783738
vn -0.798934 0.487729 0.351886
vn -0.857383 0.186686 0.479628
vn 0.886774 -0.138949 0.440823
vn 0.967286 0.095465 0.235039
vn 0.872212 0.110495 0.476484
vn -0.802248 0.264471 -0.535214
vn -0.191333 0.299718 -0.934645
vn -0.619387 0.088246 -0.780111
vn -0.371089 0.762120 -0.530534
vn -0.255539 0.328578 -0.909251
vn -0.744701 0.183033 -0.641809
vn -0.420331 0.203582 0.884238
vn -0.567815 0.107551 0.816100
vn -0.141186 0.154675 0.977825
vn -0.947574 0.145467 -0.284504
vn -0.963348 0.013175 -0.267931
vn -0.970896 0.129919 0.201201
vn 0.817080 0.497041 0.292112
vn 0.646350 0.193864 0.738003
vn 0.977770 0.188260 0.092329
vn -0.543673 0.175413 0.820761
vn -0.185431 0.130473 0.973957
vn -0.336538 0.485530 0.806848
vn 0.288648 0.879207 -0.379048
vn 0.248053 0.589157 -0.769002
vn -0.380435 0.690961 -0.614689
vn 0.849683 0.484244 -0.208677
vn 0.406440 0.897745 -0.169884
vn 0.644294 0.686232 0.337594
vn -0.586443 0.183863 0.788847
vn -0.444683 0.602665 0.662610
vn -0.964110 0.264784 -0.019510
vn 0.865342 0.146473 -0.479300
vn 0.716075 0.537991 -0.444749
vn 0.864224 0.226673 0.449150
vn -0.723662 0.080126 -0.685488
vn -0.903782 0.393186 -0.169065
vn -0.466520 0.634502 -0.616252
vn 0.603002 0.561715 0.566449
vn -0.220009 0.566452 0.794184
vn 0.354228 0.362679 0.861967
vn 0.903840 0.424966 0.049776
vn 0.964659 0.254109 -0.069721
vn 0.923464 0.377532 0.068441
vn -0.185522 0.336000 -0.923410
vn 0.032062 0.106163 -0.993832
vn -0.363900 0.202711 -0.909113
vn 0.166187 0.465692 -0.869202
vn -0.042108 0.079453 -0.995949
vn -0.598907 -0.178182 -0.780744
vn 0.840360 0.103391 0.532077
vn 0.981823 0.152244 0.113335
vn 0.872549 0.184774 0.452236
vn -0.135361 0.767811 0.626213
vn -0.522767 0.305679 0.795786
vn 0.125107 0.195965 0.972597
vn 0.953791 0.270055 0.131732
vn 0.767108 0.567836 0.298510
vn 0.570534 0.350338 0.742801
vn 0.816546 0.545665 -0.188418
vn 0.742975 0.115052 -0.659356
vn 0.509238 0.168124 -0.844044
vn -0.825935 0.501992 0.256583
vn -0.972310 0.176489 -0.153180
vn -0.857427 0.247767 0.451032
vn -0.330633 0.638416 0.695059
vn 0.171950 0.236009 0.956417
vn 0.099212 0.765400 0.635861
vn 0.666929 0.315150 -0.675193
vn -0.857488 0.177624 0.482872
vn 0.736725 0.204847 0.644417
vn -0.564227 0.818090 -0.111252
vn -0.913052 0.403597 0.058696
vn -0.080635 0.193162 -0.977848
vn -0.481116 0.310268 -0.819915
vn -0.009010 0.356224 -0.934357
vn -0.306405 0.789341 0.532030
vn 0.271872 0.953927 0.126919
vn 0.389380 0.547402 -0.740766
vn 0.194546 0.418594 -0.887091
vn -0.347795 0.352244 -0.868886
vn 0.274057 0.913644 -0.300246
vn -0.308877 0.833331 0.458425
vn 0.664827 0.603535 0.440170
vn 0.805632 0.443988 -0.392214
vn 0.650190 0.439880 -0.619483
vn 0.947815 0.276848 -0.158121
vn -0.652850 0.530782 0.540423
vn -0.919813 0.354783 0.167548
vn -0.531651 0.242442 0.811523
vn 0.648007 0.578647 -0.495231
vn -0.157420 0.669394 -0.726038
vn 0.155929 0.986229 -0.055129
vn -0.459337 0.412863 -0.786482
vn 0.402114 0.399884 -0.823649
vn -0.495304 0.198079 -0.845836
vn -0.755204 0.245609 0.607736
vn -0.439435 0.253319 0.861816
vn -0.553836 0.780976 0.288691
vn 0.653975 0.755182 0.044906
vn 0.744049 0.475058 -0.469799
vn 0.873782 0.452622 -0.177872
vn -0.081820 0.402581 0.911720
vn -0.248035 -0.040193 0.967917
vn 0.263814 -0.069319 0.962080
vn 0.671995 0.209886 -0.710190
vn 0.675385 0.094038 -0.731445
vn 0.145914 0.056182 -0.987701
vn -0.661134 0.739008 -0.129494
vn -0.799425 0.440771 -0.408216
vn -0.897360 0.121386 0.424276
vn -0.896884 0.292520 0.331711
vn -0.978360 0.206257 -0.016427
vn -0.697819 0.023805 0.715879
vn 0.957421 -0.086636 0.275388
vn 0.922373 -0.161868 -0.350753
vn 0.914043 -0.032461 -0.404316
vn -0.544839 0.124514 0.829245
vn -0.816995 0.149001 0.557062
vn 0.161155 0.927160 -0.338235
vn 0.665410 0.716652 0.208900
vn 0.575752 0.797749 -0.179182
vn 0.167126 0.420753 0.891648
vn -0.793981 0.416091 0.443242
vn -0.143581 0.149139 0.978336
vn 0.254739 0.719221 0.646397
vn -0.816687 0.473079 -0.330482
vn -0.185605 0.958311 -0.217233
vn -0.116304 0.855723 -0.504194
vn -0.954449 0.280631 -0.101360
vn -0.660927 0.190972 -0.725744
vn -0.998724 -0.044538 -0.023804
vn -0.059638 0.567719 0.821060
vn 0.140649 0.473562 0.869458
vn -0.031677 0.491250 0.870442
vn 0.173996 0.587383 0.790384
vn 0.083448 0.123856 0.988785
vn 0.539293 0.107288 0.835256
vn -0.533933 0.612287 0.583112
vn -0.865684 0.347761 0.360074
vn -0.280026 0.373002 0.884565
vn -0.218426 0.492245 -0.842606
vn -0.055928 0.762358 -0.644735
vn -0.503584 0.717837 -0.480743
vn -0.978031 0.123286 0.168097
vn -0.927271 -0.023389 0.373659
vn -0.735865 0.531097 -0.420046
vn -0.787633 0.072288 -0.611890
vn -0.979071 0.162674 0.122299
vn 0.896962 0.383735 -0.219560
vn 0.313459 0.345815 -0.884396
vn 0.465168 0.873767 -0.141950
vn 0.531058 0.547229 0.646929
vn 0.182283 0.026647 0.982885
vn -0.354705 0.237545 0.904299
vn 0.351785 -0.048323 0.934833
vn -0.800934 0.547720 0.241884
vn -0.916868 0.202993 0.343726
vn -0.125719 0.822740 -0.554341
vn -0.328212 0.924019 0.196127
vn 0.203317 0.221068 0.953830
vn 0.837824 0.466038 0.284357
vn 0.148367 0.602281 0.784376
vn 0.928294 0.194429 -0.316965
vn 0.993696 0.078570 -0.079965
vn 0.909750 0.230747 -0.345124
vn 0.875472 0.329048 -0.353943
vn 0.872840 -0.070222 -0.482928
vn 0.326428 -0.054170 -0.943669
vn -0.222838 0.168685 -0.960150
vn -0.950389 0.310522 -0.018342
vn -0.863781 0.203128 0.461110
vn -0.955183 -0.022101 0.295189
vn -0.783031 0.074456 0.617510
vn 0.310331 0.406890 -0.859148
vn -0.088106 0.266531 -0.959791
vn -0.200907 0.554642 -0.807471
vn 0.246439 0.963858 -0.101223
vn 0.025681 0.964858 0.261515
vn 0.520063 0.309361 0.796135
vn -0.727393 0.282138 0.625538
vn 0.778695 0.595682 0.196970
vn 0.103287 0.660952 0.743286
vn 0.670237 0.467026 -0.576775
vn 0.890967 0.171377 -0.420486
vn 0.586848 0.127056 -0.799667
vn 0.984447 0.029202 0.173237
vn 0.950833 0.072606 -0.301074
vn 0.445203 0.160892 0.880856
vn 0.516735 0.352126 0.780380
vn -0.119514 0.159593 0.979922
vn -0.500112 0.053796 -0.864288
vn -0.181683 0.411694 -0.893028
vn 0.957677 0.283704 -0.048653
vn 0.914847 0.284086 0.286967
vn -0.447969 0.884423 0.130842
vn 0.023125 0.742963 0.668933
vn 0.659980 0.007951 0.751241
vn 0.345524 0.032465 0.937848
vn -0.445820 0.832003 0.330175
vn -0.557311 0.733365 -0.389332
vn -0.189415 0.216412 -0.957751
vn -0.384457 0.103335 -0.917341
vn -0.048228 0.093692 -0.994433
vn -0.313809 0.128252 -0.940785
vn -0.583084 0.107171 -0.805312
vn 0.347656 0.493134 0.797468
vn 0.109422 0.649319 0.752603
vn -0.493527 0.653576 0.573820
vn -0.108240 0.971334 0.211646
vn -0.697710 0.526633 -0.485652
vn -0.802626 0.469613 0.367771
vn -0.197663 0.450998 0.870362
vn -0.181839 0.189421 0.964911
vn 0.093721 0.986746 0.132472
vn 0.409207 0.495530 0.766159
vn -0.593585 0.038569 0.803847
vn 0.212869 0.217777 0.952502
vn 0.655391 0.568406 -0.497371
vn 0.713972 0.203558 -0.669931
vn 0.656038 0.054490 0.752759
vn 0.789143 0.322493 0.522735
vn 0.678455 0.567502 -0.466519
vn 0.684847 0.657423 -0.314292
vn 0.836223 0.428811 -0.341837
vn 0.647192 0.386126 0.657304
vn 0.140436 0.530600 0.835907
vn 0.684282 0.138797 0.715886
vn -0.512593 0.220000 0.829969
vn 0.945750 0.176247 -0.272936
vn 0.501590 0.443989 -0.742483
vn 0.718224 0.257899 -0.646252
vn -0.540781 0.451982 -0.709414
vn -0.090522 0.638725 0.764092
vn -0.529556 0.759858 0.377076
vn -0.688951 0.485339 0.538325
vn -0.870400 0.492339 -0.002480
vn -0.579843 0.813985 -0.034793
vn -0.848548 0.510767 -0.138142
vn -0.959358 0.191884 -0.206911
vn -0.955182 -0.022104 0.295192
vn -0.686753 0.556792 -0.467282
vn -0.195621 0.330774 -0.923212
vn 0.207139 0.097521 -0.973439
vn -0.338643 0.204155 -0.918500
vn -0.954359 0.217717 -0.204447
vn -0.688723 0.718085 -0.100072
vn -0.532409 0.093219 -0.841339
vn -0.912321 0.409466 0.002952
vn -0.112764 0.343497 0.932360
vn 0.081117 0.569328 0.818099
vn 0.187531 0.981069 0.048333
vn 0.880774 0.426935 -0.204849
vn 0.663908 0.465935 -0.584920
vn -0.892813 0.272443 0.358691
vn -0.741309 0.553637 0.379404
vn -0.950040 0.254698 0.180426
vn -0.716435 0.686880 0.122136
vn -0.193297 0.216214 0.957020
vn 0.186091 0.024522 0.982226
vn 0.443311 0.225282 0.867597
vn -0.239410 0.868380 -0.434280
vn -0.461768 0.598051 -0.655061
vn 0.946515 0.099024 0.307088
vn 0.612402 0.693362 0.379754
vn 0.654494 0.214253 0.725075
vn 0.400361 0.638321 0.657463
vn -0.569573 0.199814 0.797284
vn -0.333954 0.478791 0.811932
vn -0.486562 0.642933 0.591518
vn 0.200725 0.912065 0.357556
vn -0.424833 0.869019 0.253618
vn -0.178872 0.966604 0.183523
vn -0.310553 -0.856966 -0.411299
vn -0.736282 -0.380063 -0.559859
vn 0.940469 0.228331 0.251761
vn 0.942814 0.236945 -0.234434
vn 0.489023 0.654172 -0.576989
vn 0.977818 0.123888 0.168887
vn 0.904444 0.191089 -0.381401
vn 0.963587 0.080607 -0.254956
vn 0.953213 0.185879 0.238398
vn 0.953828 0.097889 -0.283954
vn 0.794059 0.319451 -0.517128
vn 0.543401 0.196393 -0.816177
vn 0.593558 -0.093387 -0.799354
vn 0.429749 -0.115590 -0.895519
vn 0.049394 0.431220 -0.900894
vn 0.361868 -0.012200 -0.932150
vn -0.456328 0.177887 -0.871849
vn -0.741559 0.444222 0.502750
vn 0.434580 0.457034 -0.776054
vn 0.415331 0.410694 -0.811684
vn 0.835115 0.207571 -0.509409
vn 0.762724 0.631460 -0.139680
vn 0.933723 0.177272 -0.311023
vn 0.562765 0.183233 -0.806053
vn 0.214221 -0.235369 0.948004
vn 0.156839 -0.823197 0.545663
vn 0.605094 -0.357880 0.711184
vn 0.738011 0.069673 0.671182
vn 0.086523 0.168488 0.981899
vn 0.393743 0.108395 -0.912807
vn -0.068612 0.216896 -0.973781
vn -0.783475 0.123713 -0.608985
vn -0.940569 0.213587 -0.264027
vn 0.354495 0.742961 0.567752
vn 0.331873 0.873767 -0.355516
vn -0.210083 0.948880 -0.235569
vn 0.253342 0.439881 -0.861582
vn 0.741772 0.276848 -0.610843
vn 0.168452 0.327231 -0.929808
vn -0.242591 0.668444 -0.703088
vn 0.682833 0.476081 -0.554153
vn 0.056289 0.198583 -0.978466
vn 0.114359 -0.093384 -0.989041
vn -0.075602 -0.115567 -0.990419
vn 0.429108 0.319452 -0.844876
vn -0.783034 0.074453 0.617507
vn 0.044458 0.942766 -0.330477
vn 0.935162 0.353743 -0.018392
vn 0.749236 0.141648 -0.646979
vn -0.431625 0.622125 0.653192
vn 0.565695 0.757463 0.325944
vn 0.113902 -0.071834 -0.990892
vn -0.320029 0.075855 0.944366
vn -0.528607 0.493194 0.690894
vn -0.866296 0.378792 0.325649
vn -0.950726 0.309493 -0.018307
vn 0.013365 0.732766 -0.680349
vn -0.026339 0.462608 -0.886172
vn -0.776873 0.290431 -0.558675
vn -0.831306 0.116642 -0.543439
vn -0.985275 0.163458 -0.050138
vn 0.625040 0.383611 0.679829
vn 0.744298 0.663471 -0.076331
vn 0.915927 0.293339 -0.273916
vn -0.981310 -0.148128 -0.122835
vn -0.829349 -0.558628 0.010770
vn -0.739831 0.141158 -0.657818
vn 0.208121 0.874774 -0.437558
vn 0.581629 0.174135 0.794597
vn -0.358994 0.865517 0.349289
vn 0.111332 0.033119 0.993231
vn 0.906154 0.057052 -0.419083
vn 0.610579 0.038769 0.791006
vn 0.712171 -0.118497 0.691933
vn 0.075889 0.313175 0.946659
vn 0.687590 -0.168877 0.706187
vn 0.749411 0.271519 0.603872
vn 0.996674 -0.039497 0.071280
vn 0.237030 0.727708 0.643628
vn 0.789596 0.507659 0.344703
vn 0.186090 0.024521 0.982227
vn 0.480922 0.479117 -0.734276
vn 0.286212 0.281208 -0.915972
vn -0.064152 0.948879 -0.309052
vn 0.355771 0.894587 0.270447
vn -0.151418 0.830742 -0.535668
vn 0.044122 0.950923 0.306267
vn 0.657581 0.740204 -0.140304
vn 0.580823 0.767498 0.271275
vn 0.025496 0.512371 -0.858385
vn -0.475879 0.147298 -0.867089
vn -0.853523 -0.086636 -0.513803
vn -0.974302 -0.166250 0.151975
vn -0.986540 -0.040050 0.158542
vn 0.280146 -0.051925 0.958552
vn -0.741396 -0.012979 0.670942
vn -0.232010 0.765400 0.600278
vn -0.396806 -0.071831 -0.915088
vn -0.742157 0.128252 -0.657840
vn -0.053809 0.972345 0.227265
vn 0.745194 0.665522 -0.042015
vn 0.257612 0.865957 -0.428666
vn 0.155320 0.290633 -0.944144
vn -0.087502 0.093244 -0.991791
vn -0.506026 0.097443 -0.856997
vn 0.935225 0.314607 0.162408
vn 0.682867 0.174550 0.709383
vn 0.660777 0.735711 0.148675
vn 0.934797 0.052405 -0.351296
vn 0.511819 0.400674 -0.759935
vn -0.207703 0.190714 -0.959421
vn -0.411447 0.315374 -0.855132
vn 0.109540 0.341163 0.933600
vn 0.654166 0.349459 0.670780
vn 0.602428 0.006936 0.798143
vn 0.848359 -0.011754 -0.529291
vn 0.395512 0.544318 -0.739789
vn -0.803586 0.568245 -0.177048
vn -0.742136 0.553424 -0.378095
vn -0.822912 0.558596 0.103858
vn 0.645361 0.522642 -0.557095
vn -0.511591 0.245853 -0.823305
vn -0.911966 0.380302 -0.153910
vn -0.646945 0.327086 -0.688823
vn 0.962900 0.230914 -0.139650
vn 0.998183 0.033391 0.050166
vn -0.802358 0.596034 0.031067
vn 0.090415 0.338192 0.936724
vn 0.997000 0.074557 -0.020807
vn 0.772780 0.028829 -0.634019
vn 0.082145 0.364919 -0.927409
vn 0.031821 0.693633 -0.719626
vn -0.604964 0.129600 0.785635
vn -0.565863 0.248244 0.786241
vn 0.379152 0.456033 0.805157
vn -0.781416 0.154581 0.604560
vn -0.964471 0.216557 0.151323
vn -0.887846 0.178753 -0.424000
vn -0.827178 0.523971 0.203056
vn 0.057259 0.760865 0.646379
vn -0.142071 0.846895 -0.512431
vn 0.863210 0.109694 0.492783
vn 0.989552 -0.048206 0.135876
vn 0.981917 0.119933 -0.146473
vn 0.071913 0.612284 -0.787361
vn 0.848923 -0.091183 0.520592
vn 0.872070 -0.428503 0.236386
vn 0.753661 0.087893 0.651361
vn -0.687203 0.258249 -0.679014
vn -0.651850 0.733381 -0.192987
vn -0.606549 0.214325 -0.765613
vn -0.813237 0.565626 -0.136796
vn -0.259878 0.513124 0.818027
vn -0.655383 0.054421 0.753333
vn -0.523573 0.693180 -0.495351
vn -0.786843 0.350507 -0.507959
vn -0.493219 0.305467 -0.814509
vn -0.858284 -0.045616 -0.511144
vn -0.703643 0.461397 -0.540370
vn -0.314831 0.182950 -0.931349
vn -0.922614 0.179678 -0.341319
vn -0.736009 0.276125 0.618099
vn -0.761047 0.106063 0.639967
vn 0.967474 0.237601 -0.086830
vn 0.090209 -0.001342 -0.995922
vn 0.511757 0.644883 -0.567654
vn 0.775402 0.033295 -0.630590
vn 0.388869 0.396971 -0.831381
vn -0.355108 0.899616 -0.254146
vn -0.104989 0.664235 -0.740114
vn -0.885216 -0.055196 0.461893
vn -0.538870 0.163122 -0.826444
vn -0.726210 0.173522 -0.665213
vn -0.796973 0.344501 -0.496139
vn 0.094257 0.441142 0.892474
vn -0.637601 0.765891 -0.082922
vn 0.298022 0.332942 -0.894613
vn 0.952701 0.282345 -0.112436
vn -0.927579 0.200656 0.315173
vn -0.085548 0.938749 0.333815
vn 0.868658 0.495405 -0.002584
vn -0.901084 0.121591 0.416249
vn -0.667941 0.628594 -0.398403
vn 0.624239 0.259099 0.737017
vn 0.423152 0.836595 0.347924
vn 0.601182 -0.042451 -0.797984
vn 0.750859 0.610614 0.251716
vn 0.710174 0.692147 0.128786
vn -0.864856 -0.015880 0.501770
vn 0.968752 -0.215442 0.122896
vn -0.710123 0.366525 -0.601153
vn -0.538873 0.163124 -0.826442
vn -0.726210 0.173525 -0.665213
vn -0.672851 0.071938 0.736272
vn -0.743849 -0.046149 0.666753
vn -0.806297 0.581800 0.106743
vn 0.116662 0.925614 -0.360039
vn 0.470052 -0.011756 -0.882560
vn -0.508135 0.724159 -0.466254
vn 0.750754 0.492628 0.440098
vn -0.592776 -0.037509 0.804493
vn 0.509375 0.326473 -0.796211
vn -0.805973 0.041046 -0.590527
vn 0.045855 0.546396 0.836271
vn -0.600602 0.158215 0.783738
vn 0.605802 0.501015 -0.618051
vn 0.940698 0.010239 0.339090
vn 0.699990 0.078570 0.709818
vn 0.766799 -0.102996 0.633570
vn 0.341633 0.472892 -0.812195
vn -0.990998 0.108347 0.078643
vn 0.848768 -0.191869 0.492726
vn 0.681773 -0.152484 0.715496
vn 0.343794 0.616292 0.708513
vn -0.842939 0.448063 -0.297815
vn 0.764644 0.506691 0.398225
vn 0.843885 0.472303 -0.254534
vn -0.326629 0.196255 -0.924553
vn -0.725120 -0.091856 0.682468
vn 0.678218 0.126775 -0.723843
vn 0.400201 0.331013 0.854558
vn -0.914137 0.041731 0.403252
vn -0.862112 0.062862 0.502803
vn -0.377799 0.560616 0.736870
vn 0.887124 0.103859 -0.449694
vn 0.638147 -0.012450 -0.769814
vn 0.234681 0.229422 -0.944611
vn 0.252119 0.468456 0.846750
vn -0.055136 0.704639 0.707421
vn -0.223929 0.056867 -0.972945
vn 0.951583 -0.174938 0.252759
vn 0.992450 0.040030 -0.115936
vn -0.568380 -0.145857 -0.809734
vn -0.756621 -0.140965 -0.638477
vn 0.710171 0.001391 -0.704028
vn -0.816995 0.149001 0.557062
vn -0.741396 -0.012979 0.670942
vn -0.990998 0.108347 0.078643
vn -0.990998 0.108347 0.078643
vn -0.355108 0.899616 -0.254146
vn -0.916868 0.202993 0.343726
vn -0.916868 0.202993 0.343726
vn -0.862112 0.062862 0.502803
vn -0.813237 0.565626 -0.136796
vn -0.800934 0.547720 0.241884
vn -0.709206 0.502700 -0.494286
vn 0.161155 0.927160 -0.338235
vn -0.222838 0.168685 -0.960150
vn -0.735865 0.531097 -0.420046
vn -0.727393 0.282138 0.625538
vn -0.328212 0.924019 0.196127
vn -0.328212 0.924019 0.196127
vn -0.259878 0.513124 0.818027
vn -0.306405 0.789341 0.532030
vn -0.306405 0.789341 0.532030
vn -0.306405 0.789341 0.532030
vn -0.142071 0.846895 -0.512431
vn -0.220009 0.566452 0.794184
vn -0.220009 0.566452 0.794184
vn -0.220009 0.566452 0.794184
vn -0.090522 0.638725 0.764092
vn -0.119514 0.159593 0.979922
vn -0.125719 0.822740 -0.554341
vn 0.354228 0.362679 0.861967
vn -0.113249 0.336520 -0.934842
vn 0.274057 0.913644 -0.300246
vn 0.575752 0.797749 -0.179182
vn -0.456328 0.177887 -0.871849
vn 0.208121 0.874774 -0.437558
vn 0.208121 0.874774 -0.437558
vn 0.896962 0.383735 -0.219560
vn 0.896962 0.383735 -0.219560
vn 0.977818 0.123888 0.168887
vn 0.872840 -0.070222 -0.482928
vn -0.816687 0.473079 -0.330482
vn 0.875472 0.329048 -0.353943
vn -0.444683 0.602665 0.662610
vn -0.864856 -0.015880 0.501770
vn 0.914847 0.284086 0.286967
vn 0.049394 0.431220 -0.900894
vn 0.049394 0.431220 -0.900894
vn -0.781416 0.154581 0.604560
vn 0.094257 0.441142 0.892474
vn -0.431625 0.622125 0.653192
vn -0.178872 0.966604 0.183523
vn -0.178872 0.966604 0.183523
vn -0.178872 0.966604 0.183523
vn 0.516735 0.352126 0.780380
vn 0.957677 0.283704 -0.048653
vn 0.044458 0.942766 -0.330477
vn 0.045855 0.546396 0.836271
vn -0.185605 0.958311 -0.217233
vn -0.831306 0.116642 -0.543439
vn 0.660777 0.735711 0.148675
vn 0.603002 0.561715 0.566449
vn 0.140436 0.530600 0.835907
vn 0.254739 0.719221 0.646397
vn 0.111332 0.033119 0.993231
vn 0.111332 0.033119 0.993231
vn 0.565695 0.757463 0.325944
vn -0.116304 0.855723 -0.504194
vn 0.935225 0.314607 0.162408
vn 0.935225 0.314607 0.162408
vn 0.647192 0.386126 0.657304
vn 0.935162 0.353743 -0.018392
vn 0.935162 0.353743 -0.018392
vn 0.684282 0.138797 0.715886
vn 0.684282 0.138797 0.715886
vn 0.957421 -0.086636 0.275388
vn 0.957421 -0.086636 0.275388
vn 0.406440 0.897745 -0.169884
vn -0.081820 0.402581 0.911720
vn -0.042108 0.079453 -0.995949
vn 0.400361 0.638321 0.657463
vn 0.645361 0.522642 -0.557095
vn -0.637601 0.765891 -0.082922
vn 0.057259 0.760865 0.646379
vn 0.612402 0.693362 0.379754
vn 0.678455 0.567502 -0.466519
vn 0.678455 0.567502 -0.466519
vn -0.532409 0.093219 -0.841339
vn -0.532409 0.093219 -0.841339
vn -0.420331 0.203582 0.884238
vn -0.567815 0.107551 0.816100
vn 0.744298 0.663471 -0.076331
vn -0.255539 0.328578 -0.909251
vn 0.659980 0.007951 0.751241
vn -0.330633 0.638416 0.695059
vn -0.358994 0.865517 0.349289
vn -0.857383 0.186686 0.479628
vn 0.075889 0.313175 0.946659
vn 0.915927 0.293339 -0.273916
vn 0.056289 0.198583 -0.978466
vn 0.056289 0.198583 -0.978466
vn 0.388869 0.396971 -0.831381
vn 0.388869 0.396971 -0.831381
vn 0.388869 0.396971 -0.831381
vn 0.666929 0.315150 -0.675193
vn 0.253342 0.439881 -0.861582
vn -0.600603 0.158215 0.783738
vn 0.354495 0.742961 0.567752
vn -0.569573 0.199814 0.797284
vn -0.793981 0.416091 0.443242
vn 0.718224 0.257899 -0.646252
vn -0.333954 0.478791 0.811932
vn -0.842939 0.448063 -0.297815
vn 0.610579 0.038769 0.791006
vn 0.775402 0.033295 -0.630590
vn -0.950726 0.309493 -0.018307
vn -0.950726 0.309493 -0.018307
vn -0.950726 0.309493 -0.018307
vn -0.508135 0.724159 -0.466254
vn 0.945750 0.176247 -0.272936
vn -0.143581 0.149139 0.978336
vn -0.903782 0.393186 -0.169065
vn -0.903782 0.393186 -0.169065
vn 0.167126 0.420753 0.891648
vn 0.187531 0.981069 0.048333
vn -0.723662 0.080126 -0.685488
vn 0.280146 -0.051925 0.958552
vn -0.320029 0.075855 0.944366
vn -0.870400 0.492339 -0.002480
vn -0.870400 0.492339 -0.002480
vn -0.500112 0.053796 -0.864288
vn -0.466520 0.634502 -0.616252
vn 0.789596 0.507659 0.344703
vn -0.667941 0.628594 -0.398403
vn -0.796973 0.344501 -0.496139
vn 0.962900 0.230914 -0.139650
vn 0.901635 0.112837 0.417519
vn -0.579843 0.813985 -0.034793
vn -0.313809 0.128252 -0.940785
vn -0.583084 0.107171 -0.805312
vn -0.135361 0.767811 0.626213
vn -0.200907 0.554642 -0.807471
vn -0.200907 0.554642 -0.807471
vn -0.618267 0.212053 0.756822
vn -0.604964 0.129600 0.785635
vn -0.604964 0.129600 0.785635
vn 0.214221 -0.235369 0.948004
vn 0.423152 0.836595 0.347924
vn 0.423152 0.836595 0.347924
vn -0.595712 0.663651 0.452432
vn -0.447969 0.884423 0.130842
vn -0.447969 0.884423 0.130842
vn 0.031821 0.693633 -0.719626
vn 0.025681 0.964858 0.261515
vn 0.025681 0.964858 0.261515
vn 0.025681 0.964858 0.261515
vn 0.415331 0.410694 -0.811684
vn 0.246439 0.963858 -0.101223
vn 0.246439 0.963858 -0.101223
vn -0.970896 0.129919 0.201201
vn 0.082145 0.364919 -0.927409
vn 0.872070 -0.428503 0.236386
vn -0.672851 0.071938 0.736272
vn 0.848923 -0.091183 0.520592
vn 0.848923 -0.091183 0.520592
vn -0.565863 0.248244 0.786241
vn 0.716075 0.537991 -0.444749
vn 0.865342 0.146473 -0.479300
vn 0.865342 0.146473 -0.479300
vn 0.865342 0.146473 -0.479300
vn 0.083448 0.123856 0.988785
vn -0.799425 0.440771 -0.408216
vn -0.799425 0.440771 -0.408216
vn -0.799425 0.440771 -0.408216
vn -0.853523 -0.086636 -0.513803
vn -0.475879 0.147298 -0.867089
vn -0.495304 0.198079 -0.845836
vn -0.661134 0.739008 -0.129494
vn 0.023125 0.742963 0.668933
vn -0.085548 0.938749 0.333815
vn -0.085548 0.938749 0.333815
vn 0.173996 0.587383 0.790384
vn 0.145914 0.056182 -0.987701
vn 0.145914 0.056182 -0.987701
vn 0.650190 0.439880 -0.619483
vn 0.025496 0.512371 -0.858385
vn 0.915175 0.315151 -0.251267
vn -0.506026 0.097443 -0.856997
vn 0.543401 0.196393 -0.816177
vn -0.825935 0.501992 0.256583
vn 0.409207 0.495530 0.766159
vn 0.409207 0.495530 0.766159
vn -0.755204 0.245609 0.607736
vn 0.200725 0.912065 0.357556
vn 0.942814 0.236945 -0.234434
vn 0.212869 0.217777 0.952502
vn 0.116662 0.925614 -0.360039
vn -0.651850 0.733381 -0.192987
vn -0.651850 0.733381 -0.192987
vn 0.952701 0.282345 -0.112436
vn 0.940469 0.228331 0.251761
vn -0.710123 0.366525 -0.601153
vn -0.710123 0.366525 -0.601153
vn -0.553836 0.780976 0.288691
vn -0.553836 0.780976 0.288691
vn -0.553836 0.780976 0.288691
vn -0.553836 0.780976 0.288691
vn 0.655391 0.568406 -0.497371
vn 0.655391 0.568406 -0.497371
vn -0.026339 0.462608 -0.886172
vn 0.013365 0.732766 -0.680349
vn 0.013365 0.732766 -0.680349
vn 0.093721 0.986746 0.132472
vn 0.093721 0.986746 0.132472
vn -0.697710 0.526633 -0.485652
vn -0.697710 0.526633 -0.485652
vn -0.538873 0.163124 -0.826442
vn 0.402114 0.399884 -0.823649
vn 0.402114 0.399884 -0.823649
vn -0.087502 0.093244 -0.991791
vn 0.155320 0.290633 -0.944144
vn 0.953828 0.097889 -0.283954
vn 0.953213 0.185879 0.238398
vn 0.953213 0.185879 0.238398
vn 0.203317 0.221068 0.953830
vn 0.509238 0.168124 -0.844044
vn 0.509238 0.168124 -0.844044
vn 0.509238 0.168124 -0.844044
vn -0.151418 0.830742 -0.535668
vn -0.338643 0.204155 -0.918500
vn -0.338643 0.204155 -0.918500
vn 0.713972 0.203558 -0.669931
vn 0.713972 0.203558 -0.669931
vn 0.713972 0.203558 -0.669931
vn 0.816546 0.545665 -0.188418
vn 0.977770 0.188260 0.092329
vn 0.977770 0.188260 0.092329
vn 0.981917 0.119933 -0.146473
vn -0.336538 0.485530 0.806848
vn -0.380435 0.690961 -0.614689
vn 0.928294 0.194429 -0.316965
vn 0.928294 0.194429 -0.316965
vn -0.009010 0.356224 -0.934357
vn -0.080635 0.193162 -0.977848
vn -0.195621 0.330774 -0.923212
vn 0.081117 0.569328 0.818099
vn -0.185431 0.130473 0.973957
vn 0.109422 0.649319 0.752603
vn 0.248053 0.589157 -0.769002
vn 0.347656 0.493134 0.797468
vn 0.347656 0.493134 0.797468
vn 0.347656 0.493134 0.797468
vn 0.207139 0.097521 -0.973439
vn 0.656038 0.054490 0.752759
vn 0.789143 0.322493 0.522735
vn 0.090415 0.338192 0.936724
f 1633/1633/1633 1632/1632/1632 1631/1631/1631
f 1636/1636/1636 1635/1635/1635 1634/1634/1634
f 1639/1639/1639 1638/1638/1638 1637/1637/1637
f 1642/1642/1642 1641/1641/1641 1640/1640/1640
f 1645/1645/1645 1644/1644/1644 1643/1643/1643
f 1648/1648/1648 1647/1647/1647 1646/1646/1646
f 1651/1651/1651 1650/1650/1650 1649/1649/1649
f 1654/1654/1654 1653/1653/1653 1652/1652/1652
f 1657/1657/1657 1656/1656/1656 1655/1655/1655
f 1660/1660/1660 1659/1659/1659 1658/1658/1658
f 1663/1663/1663 1662/1662/1662 1661/1661/1661
f 1666/1666/1666 1665/1665/1665 1664/1664/1664
f 1669/1669/1669 1668/1668/1668 1667/1667/1667
f 1672/1672/1672 1671/1671/1671 1670/1670/1670
f 1675/1675/1675 1674/1674/1674 1673/1673/1673
f 1678/1678/1678 1677/1677/1677 1676/1676/1676
f 1681/1681/1681 1680/1680/1680 1679/1679/1679
f 1684/1684/1684 1683/1683/1683 1682/1682/1682
f 1687/1687/1687 1686/1686/1686 1685/1685/1685
f 1690/1690/1690 1689/1689/1689 1688/1688/1688
f 1693/1693/1693 1692/1692/1692 1691/1691/1691
f 1696/1696/1696 1695/1695/1695 1694/1694/1694
f 1699/1699/1699 1698/1698/1698 1697/1697/1697
f 1702/1702/1702 1701/1701/1701 1700/1700/1700
f 1705/1705/1705 1704/1704/1704 1703/1703/1703
f 1708/1708/1708 1707/1707/1707 1706/1706/1706
f 1711/1711/1711 1710/1710/1710 1709/1709/1709
f 1714/1714/1714 1713/1713/1713 1712/1712/1712
f 1717/1717/1717 1716/1716/1716 1715/1715/1715
f 1720/1720/1720 1719/1719/1719 1718/1718/1718
f 1721/1721/1721 1661/1661/1661 1662/1662/1662
f 2302/2302/2302 1722/1722/1722 2308/2308/2308
f 1723/1723/1723 1649/1649/1649 1650/1650/1650
f 1725/1725/1725 1724/1724/1724 1653/1653/1653
f 1728/1728/1728 1727/1727/1727 1726/1726/1726
f 1730/1730/1730 2220/2220/2220 1729/1729/1729
f 1733/1733/1733 1732/1732/1732 1731/1731/1731
f 1736/1736/1736 1735/1735/1735 1734/1734/1734
f 1739/1739/1739 1738/1738/1738 1737/1737/1737
f 1742/1742/1742 1741/1741/1741 1740/1740/1740
f 1745/1745/1745 1744/1744/1744 1743/1743/1743
f 1748/1748/1748 1747/1747/1747 1746/1746/1746
f 1751/1751/1751 1750/1750/1750 1749/1749/1749
f 1754/1754/1754 1753/1753/1753 1752/1752/1752
f 1757/1757/1757 1756/1756/1756 1755/1755/1755
f 1760/1760/1760 1759/1759/1759 1758/1758/1758
f 1763/1763/1763 1762/1762/1762 1761/1761/1761
f 1766/1766/1766 1765/1765/1765 1764/1764/1764
f 1769/1769/1769 1768/1768/1768 1767/1767/1767
f 1771/1771/1771 1645/1645/1645 1770/1770/1770
f 1774/1774/1774 1773/1773/1773 1772/1772/1772
f 1777/1777/1777 1776/1776/1776 1775/1775/1775
f 1680/1680/1680 1681/1681/1681 1778/1778/1778
f 1781/1781/1781 1780/1780/1780 1779/1779/1779
f 1784/1784/1784 1783/1783/1783 1782/1782/1782
f 1787/1787/1787 1786/1786/1786 1785/1785/1785
f 1790/1790/1790 1789/1789/1789 1788/1788/1788
f 1793/1793/1793 1792/1792/1792 1791/1791/1791
f 1794/1794/1794 1746/1746/1746 1747/1747/1747
f 1796/1796/1796 1639/1639/1639 1795/1795/1795
f 1798/1798/1798 1797/1797/1797 1722/1722/1722
f 1801/1801/1801 1800/1800/1800 1799/1799/1799
f 2191/2191/2191 1803/1803/1803 1802/1802/1802
f 1739/1739/1739 1805/1805/1805 1804/1804/1804
f 1808/1808/1808 1807/1807/1807 1806/1806/1806
f 2183/2183/2183 1810/1810/1810 1809/1809/1809
f 1812/1812/1812 1636/1636/1636 1811/1811/1811
f 1815/1815/1815 1814/1814/1814 1813/1813/1813
f 1818/1818/1818 1817/1817/1817 1816/1816/1816
f 1820/1820/1820 1695/1695/1695 1819/1819/1819
f 1822/1822/1822 1821/1821/1821 2190/2190/2190
f 2351/2351/2351 1823/1823/1823 2364/2364/2364
f 1826/1826/1826 1825/1825/1825 1824/1824/1824
f 1829/1829/1829 1828/1828/1828 1827/1827/1827
f 1832/1832/1832 1831/1831/1831 1830/1830/1830
f 1833/1833/1833 2166/2166/2166 2184/2184/2184
f 1835/1835/1835 1649/1649/1649 1834/1834/1834
f 1838/1838/1838 1837/1837/1837 1836/1836/1836
f 1840/1840/1840 1839/1839/1839 1632/1632/1632
f 1843/1843/1843 1842/1842/1842 1841/1841/1841
f 1844/1844/1844 1828/1828/1828 2290/2290/2290
f 1845/1845/1845 1743/1743/1743 1744/1744/1744
f 1847/1847/1847 1694/1694/1694 1846/1846/1846
f 1795/1795/1795 1848/1848/1848 1796/1796/1796
f 1849/1849/1849 1804/1804/1804 1805/1805/1805
f 1851/1851/1851 1657/1657/1657 1850/1850/1850
f 1853/1853/1853 1852/1852/1852 1740/1740/1740
f 1733/1733/1733 1855/1855/1855 1854/1854/1854
f 1858/1858/1858 1857/1857/1857 1856/1856/1856
f 1861/1861/1861 1860/1860/1860 1859/1859/1859
f 1864/1864/1864 1863/1863/1863 1862/1862/1862
f 1866/1866/1866 1865/1865/1865 2383/2383/2383
f 1814/1814/1814 1815/1815/1815 1867/1867/1867
f 1715/1715/1715 1865/1865/1865 1717/1717/1717
f 1870/1870/1870 1869/1869/1869 1868/1868/1868
f 1872/1872/1872 2395/2395/2395 1871/1871/1871
f 1874/1874/1874 1705/1705/1705 1873/1873/1873
f 1877/1877/1877 1876/1876/1876 1875/1875/1875
f 1880/1880/1880 1879/1879/1879 1878/1878/1878
f 1764/1764/1764 1881/1881/1881 1766/1766/1766
f 1884/1884/1884 1883/1883/1883 1882/1882/1882
f 1782/1782/1782 1783/1783/1783 1885/1885/1885
f 1888/1888/1888 1887/1887/1887 1886/1886/1886
f 1891/1891/1891 1890/1890/1890 1889/1889/1889
f 1893/1893/1893 1892/1892/1892 2255/2255/2255
f 1699/1699/1699 1697/1697/1697 1894/1894/1894
f 1897/1897/1897 1896/1896/1896 1895/1895/1895
f 1863/1863/1863 1864/1864/1864 1898/1898/1898
f 1719/1719/1719 1664/1664/1664 1718/1718/1718
f 1901/1901/1901 1900/1900/1900 1899/1899/1899
f 1903/1903/1903 1902/1902/1902 2365/2365/2365
f 1906/1906/1906 1905/1905/1905 1904/1904/1904
f 1909/1909/1909 1908/1908/1908 1907/1907/1907
f 1801/1801/1801 1799/1799/1799 1910/1910/1910
f 1913/1913/1913 1912/1912/1912 1911/1911/1911
f 1890/1890/1890 1915/1915/1915 1914/1914/1914
f 1915/1915/1915 1890/1890/1890 1891/1891/1891
f 1918/1918/1918 1917/1917/1917 1916/1916/1916
f 1917/1917/1917 1918/1918/1918 1919/1919/1919
f 1921/1921/1921 2282/2282/2282 1920/1920/1920
f 1922/1922/1922 1835/1835/1835 2282/2282/2282
f 1924/1924/1924 1923/1923/1923 2340/2340/2340
f 1788/1788/1788 2352/2352/2352 1671/1671/1671
f 2200/2200/2200 1925/1925/1925 1684/1684/1684
f 1927/1927/1927 1926/1926/1926 1702/1702/1702
f 2350/2350/2350 1929/1929/1929 1928/1928/1928
f 1930/1930/1930 2336/2336/2336 2330/2330/2330
f 1932/1932/1932 1931/1931/1931 2197/2197/2197
f 1911/1911/1911 1736/1736/1736 1913/1913/1913
f 1838/1838/1838 1933/1933/1933 1837/1837/1837
f 1936/1936/1936 1935/1935/1935 1934/1934/1934
f 1939/1939/1939 1938/1938/1938 1937/1937/1937
f 1942/1942/1942 1941/1941/1941 1940/1940/1940
f 1907/1907/1907 1908/1908/1908 1943/1943/1943
f 1664/1664/1664 1719/1719/1719 1666/1666/1666
f 1945/1945/1945 1827/1827/1827 1944/1944/1944
f 1632/1632/1632 1633/1633/1633 1946/1946/1946
f 1948/1948/1948 1704/1704/1704 1947/1947/1947
f 2403/2403/2403 1949/1949/1949 2407/2407/2407
f 1832/1832/1832 1830/1830/1830 1687/1687/1687
f 1952/1952/1952 1951/1951/1951 1950/1950/1950
f 2214/2214/2214 1953/1953/1953 2204/2204/2204
f 1954/1954/1954 1643/1643/1643 1644/1644/1644
f 1956/1956/1956 1955/1955/1955 2386/2386/2386
f 1901/1901/1901 1958/1958/1958 1957/1957/1957
f 1961/1961/1961 1960/1960/1960 1959/1959/1959
f 1963/1963/1963 1962/1962/1962 1883/1883/1883
f 1964/1964/1964 1838/1838/1838 1836/1836/1836
f 1697/1697/1697 1965/1965/1965 1894/1894/1894
f 2402/2402/2402 1966/1966/1966 2401/2401/2401
f 1969/1969/1969 1968/1968/1968 1967/1967/1967
f 1970/1970/1970 1882/1882/1882 1883/1883/1883
f 2255/2255/2255 2265/2265/2265 1971/1971/1971
f 1974/1974/1974 1973/1973/1973 1972/1972/1972
f 1976/1976/1976 1975/1975/1975 2215/2215/2215
f 1947/1947/1947 1676/1676/1676 1948/1948/1948
f 2406/2406/2406 1705/1705/1705 2408/2408/2408
f 2347/2347/2347 1856/1856/1856 1977/1977/1977
f 1857/1857/1857 1977/1977/1977 1856/1856/1856
f 2305/2305/2305 1978/1978/1978 1707/1707/1707
f 1981/1981/1981 1980/1980/1980 1979/1979/1979
f 1982/1982/1982 1712/1712/1712 2372/2372/2372
f 1984/1984/1984 1956/1956/1956 1983/1983/1983
f 1986/1986/1986 1985/1985/1985 1658/1658/1658
f 1657/1657/1657 1851/1851/1851 1987/1987/1987
f 1989/1989/1989 1657/1657/1657 1988/1988/1988
f 1682/1682/1682 1991/1991/1991 1990/1990/1990
f 1702/1702/1702 1990/1990/1990 1927/1927/1927
f 1992/1992/1992 1667/1667/1667 1668/1668/1668
f 1730/1730/1730 1729/1729/1729 1993/1993/1993
f 1731/1731/1731 1633/1633/1633 1631/1631/1631
f 1814/1814/1814 1994/1994/1994 1813/1813/1813
f 2243/2243/2243 1679/1679/1679 1916/1916/1916
f 1961/1961/1961 1959/1959/1959 1995/1995/1995
f 1899/1899/1899 2254/2254/2254 1901/1901/1901
f 1996/1996/1996 1766/1766/1766 1881/1881/1881
f 1997/1997/1997 2359/2359/2359 2353/2353/2353
f 1709/1709/1709 1999/1999/1999 1998/1998/1998
f 1999/1999/1999 2000/2000/2000 1998/1998/1998
f 1806/1806/1806 2002/2002/2002 2001/2001/2001
f 2380/2380/2380 2003/2003/2003 2381/2381/2381
f 2005/2005/2005 2004/2004/2004 2283/2283/2283
f 1841/1841/1841 2006/2006/2006 1843/1843/1843
f 1843/1843/1843 2175/2175/2175 2185/2185/2185
f 1659/1659/1659 2008/2008/2008 2007/2007/2007
f 1743/1743/1743 2257/2257/2257 2250/2250/2250
f 1637/1637/1637 1795/1795/1795 1639/1639/1639
f 2009/2009/2009 1804/1804/1804 1849/1849/1849
f 2010/2010/2010 2404/2404/2404 2362/2362/2362
f 1823/1823/1823 2011/2011/2011 2364/2364/2364
f 2013/2013/2013 2012/2012/2012 2172/2172/2172
f 2012/2012/2012 2013/2013/2013 2014/2014/2014
f 2016/2016/2016 2015/2015/2015 2330/2330/2330
f 2019/2019/2019 2018/2018/2018 2017/2017/2017
f 2020/2020/2020 2279/2279/2279 1723/1723/1723
f 2161/2161/2161 2021/2021/2021 1784/1784/1784
f 2022/2022/2022 1642/1642/1642 2308/2308/2308
f 2009/2009/2009 1849/1849/1849 2310/2310/2310
f 2259/2259/2259 2246/2246/2246 2023/2023/2023
f 1958/1958/1958 2024/2024/2024 1957/1957/1957
f 1965/1965/1965 1724/1724/1724 1894/1894/1894
f 2027/2027/2027 2026/2026/2026 2025/2025/2025
f 2030/2030/2030 2029/2029/2029 2028/2028/2028
f 1747/1747/1747 2390/2390/2390 2366/2366/2366
f 2032/2032/2032 2220/2220/2220 2031/2031/2031
f 2031/2031/2031 2220/2220/2220 2033/2033/2033
f 1949/1949/1949 2034/2034/2034 1948/1948/1948
f 2037/2037/2037 2036/2036/2036 2035/2035/2035
f 1828/1828/1828 1944/1944/1944 1827/1827/1827
f 2038/2038/2038 1642/1642/1642 2022/2022/2022
f 1806/1806/1806 2039/2039/2039 2002/2002/2002
f 2252/2252/2252 2040/2040/2040 1851/1851/1851
f 2041/2041/2041 1935/1935/1935 1936/1936/1936
f 2042/2042/2042 1772/1772/1772 1646/1646/1646
f 1782/1782/1782 1885/1885/1885 2043/2043/2043
f 1667/1667/1667 1792/1792/1792 2318/2318/2318
f 2045/2045/2045 2044/2044/2044 1791/1791/1791
f 1876/1876/1876 2046/2046/2046 1875/1875/1875
f 2047/2047/2047 1700/1700/1700 2226/2226/2226
f 2032/2032/2032 2228/2228/2228 1839/1839/1839
f 2049/2049/2049 2048/2048/2048 1892/1892/1892
f 1725/1725/1725 1894/1894/1894 1724/1724/1724
f 1933/1933/1933 2051/2051/2051 2050/2050/2050
f 1918/1918/1918 1785/1785/1785 1786/1786/1786
f 1658/1658/1658 1741/1741/1741 1986/1986/1986
f 2052/2052/2052 1853/1853/1853 1740/1740/1740
f 1902/1902/1902 1903/1903/1903 2053/2053/2053
f 1814/1814/1814 2400/2400/2400 2054/2054/2054
f 2400/2400/2400 1814/1814/1814 1867/1867/1867
f 1774/1774/1774 1696/1696/1696 1773/1773/1773
f 2201/2201/2201 2042/2042/2042 2055/2055/2055
f 1827/1827/1827 1945/1945/1945 2056/2056/2056
f 2057/2057/2057 2317/2317/2317 2312/2312/2312
f 1806/1806/1806 1807/1807/1807 2058/2058/2058
f 2412/2412/2412 2405/2405/2405 2413/2413/2413
f 1675/1675/1675 2410/2410/2410 1674/1674/1674
f 1648/1648/1648 2173/2173/2173 1647/1647/1647
f 1701/1701/1701 2245/2245/2245 2240/2240/2240
f 2318/2318/2318 1792/1792/1792 2059/2059/2059
f 1786/1786/1786 1787/1787/1787 2060/2060/2060
f 1680/1680/1680 1778/1778/1778 2217/2217/2217
f 1986/1986/1986 1741/1741/1741 2061/2061/2061
f 2063/2063/2063 2062/2062/2062 1797/1797/1797
f 2308/2308/2308 1722/1722/1722 2064/2064/2064
f 1755/1755/1755 1851/1851/1851 1757/1757/1757
f 1755/1755/1755 2065/2065/2065 1851/1851/1851
f 2066/2066/2066 1735/1735/1735 1799/1799/1799
f 2037/2037/2037 1803/1803/1803 2191/2191/2191
f 1824/1824/1824 1825/1825/1825 1898/1898/1898
f 1671/1671/1671 1672/1672/1672 2067/2067/2067
f 1672/1672/1672 2069/2069/2069 2068/2068/2068
f 2070/2070/2070 1906/1906/1906 1904/1904/1904
f 1649/1649/1649 2294/2294/2294 1651/1651/1651
f 2026/2026/2026 1836/1836/1836 1837/1837/1837
f 1638/1638/1638 1639/1639/1639 1937/1937/1937
f 1936/1936/1936 2382/2382/2382 1737/1737/1737
f 2328/2328/2328 2072/2072/2072 2071/2071/2071
f 1950/1950/1950 2322/2322/2322 1952/1952/1952
f 1788/1788/1788 1671/1671/1671 1790/1790/1790
f 2067/2067/2067 2073/2073/2073 1671/1671/1671
f 1797/1797/1797 2074/2074/2074 2063/2063/2063
f 1865/1865/1865 1715/1715/1715 2372/2372/2372
f 2372/2372/2372 2075/2075/2075 1982/1982/1982
f 2266/2266/2266 1960/1960/1960 1710/1710/1710
f 1720/1720/1720 1710/1710/1710 1711/1711/1711
f 1716/1716/1716 2076/2076/2076 1984/1984/1984
f 1636/1636/1636 1812/1812/1812 2077/2077/2077
f 2077/2077/2077 1635/1635/1635 1636/1636/1636
f 2079/2079/2079 1801/1801/1801 2078/2078/2078
f 1739/1739/1739 1804/1804/1804 1738/1738/1738
f 1738/1738/1738 1804/1804/1804 2009/2009/2009
f 1908/1908/1908 2004/2004/2004 1943/1943/1943
f 2080/2080/2080 1746/1746/1746 1794/1794/1794
f 2044/2044/2044 1924/1924/1924 1791/1791/1791
f 2054/2054/2054 1994/1994/1994 1814/1814/1814
f 1990/1990/1990 2047/2047/2047 2081/2081/2081
f 2081/2081/2081 2047/2047/2047 2226/2226/2226
f 1658/1658/1658 1659/1659/1659 2082/2082/2082
f 1743/1743/1743 1845/1845/1845 1659/1659/1659
f 1897/1897/1897 1895/1895/1895 1678/1678/1678
f 1677/1677/1677 1678/1678/1678 1895/1895/1895
f 2024/2024/2024 2023/2023/2023 2246/2246/2246
f 2377/2377/2377 1748/1748/1748 2030/2030/2030
f 2083/2083/2083 2346/2346/2346 1992/1992/1992
f 2215/2215/2215 1975/1975/1975 1764/1764/1764
f 2084/2084/2084 2193/2193/2193 2205/2205/2205
f 2085/2085/2085 1855/1855/1855 1733/1733/1733
f 1643/1643/1643 1770/1770/1770 1645/1645/1645
f 1688/1688/1688 1689/1689/1689 2086/2086/2086
f 2280/2280/2280 2288/2288/2288 2275/2275/2275
f 2253/2253/2253 2248/2248/2248 2087/2087/2087
f 2087/2087/2087 2248/2248/2248 2088/2088/2088
f 1916/1916/1916 1679/1679/1679 2089/2089/2089
f 1679/1679/1679 1876/1876/1876 1877/1877/1877
f 2055/2055/2055 2090/2090/2090 1821/1821/1821
f 1754/1754/1754 2091/2091/2091 1966/1966/1966
f 1973/1973/1973 1880/1880/1880 1878/1878/1878
f 2225/2225/2225 1972/1972/1972 1973/1973/1973
f 1970/1970/1970 2092/2092/2092 1882/1882/1882
f 1967/1967/1967 1970/1970/1970 2093/2093/2093
f 1662/1662/1662 2261/2261/2261 1721/1721/1721
f 1752/1752/1752 2091/2091/2091 1754/1754/1754
f 2387/2387/2387 2010/2010/2010 2362/2362/2362
f 1704/1704/1704 1948/1948/1948 2034/2034/2034
f 2012/2012/2012 2094/2094/2094 2172/2172/2172
f 2165/2165/2165 2095/2095/2095 1772/1772/1772
f 2096/2096/2096 2019/2019/2019 1763/1763/1763
f 2098/2098/2098 2097/2097/2097 2049/2049/2049
f 1796/1796/1796 1848/1848/1848 2064/2064/2064
f 2099/2099/2099 1856/1856/1856 1796/1796/1796
f 2100/2100/2100 1682/1682/1682 1683/1683/1683
f 1899/1899/1899 1663/1663/1663 1661/1661/1661
f 1661/1661/1661 2254/2254/2254 1899/1899/1899
f 1987/1987/1987 2250/2250/2250 1657/1657/1657
f 1852/1852/1852 2101/2101/2101 1745/1745/1745
f 2102/2102/2102 2326/2326/2326 2325/2325/2325
f 2039/2039/2039 2103/2103/2103 2002/2002/2002
f 2358/2358/2358 1737/1737/1737 2382/2382/2382
f 2060/2060/2060 2208/2208/2208 2202/2202/2202
f 1683/1683/1683 1684/1684/1684 1925/1925/1925
f 2192/2192/2192 1772/1772/1772 2042/2042/2042
f 2042/2042/2042 2201/2201/2201 2192/2192/2192
f 1823/1823/1823 1727/1727/1727 2387/2387/2387
f 2351/2351/2351 2104/2104/2104 1823/1823/1823
f 1868/1868/1868 1869/1869/1869 2105/2105/2105
f 2349/2349/2349 2338/2338/2338 2106/2106/2106
f 1708/1708/1708 2323/2323/2323 2305/2305/2305
f 1707/1707/1707 1708/1708/1708 2305/2305/2305
f 1963/1963/1963 1960/1960/1960 1962/1962/1962
f 1962/1962/1962 1960/1960/1960 1961/1961/1961
f 2052/2052/2052 1658/1658/1658 1853/1853/1853
f 1658/1658/1658 2082/2082/2082 1853/1853/1853
f 2107/2107/2107 1797/1797/1797 1798/1798/1798
f 1641/1641/1641 1642/1642/1642 2058/2058/2058
f 1806/1806/1806 2058/2058/2058 1642/1642/1642
f 1642/1642/1642 2038/2038/2038 1806/1806/1806
f 1698/1698/1698 1838/1838/1838 1964/1964/1964
f 1856/1856/1856 1639/1639/1639 1796/1796/1796
f 2347/2347/2347 1639/1639/1639 1856/1856/1856
f 2281/2281/2281 1690/1690/1690 2108/2108/2108
f 2290/2290/2290 1828/1828/1828 1829/1829/1829
f 2109/2109/2109 1736/1736/1736 2196/2196/2196
f 1736/1736/1736 1734/1734/1734 2196/2196/2196
f 2299/2299/2299 2314/2314/2314 1832/1832/1832
f 1890/1890/1890 1914/1914/1914 2110/2110/2110
f 2078/2078/2078 1801/1801/1801 1910/1910/1910
f 1736/1736/1736 2078/2078/2078 1735/1735/1735
f 2111/2111/2111 1769/1769/1769 1974/1974/1974
f 1941/1941/1941 1942/1942/1942 2111/2111/2111
f 2204/2204/2204 2112/2112/2112 1694/1694/1694
f 2014/2014/2014 1644/1644/1644 2186/2186/2186
f 2295/2295/2295 2050/2050/2050 2051/2051/2051
f 1844/1844/1844 2290/2290/2290 2284/2284/2284
f 1679/1679/1679 2243/2243/2243 2113/2113/2113
f 2239/2239/2239 2113/2113/2113 2243/2243/2243
f 1757/1757/1757 1851/1851/1851 2040/2040/2040
f 1888/1888/1888 1782/1782/1782 2043/2043/2043
f 1782/1782/1782 2161/2161/2161 1784/1784/1784
f 1742/1742/1742 2237/2237/2237 1756/1756/1756
f 1756/1756/1756 2114/2114/2114 2207/2207/2207
f 1866/1866/1866 1717/1717/1717 1865/1865/1865
f 2074/2074/2074 2297/2297/2297 2298/2298/2298
f 2001/2001/2001 1808/1808/1808 1806/1806/1806
f 2109/2109/2109 2196/2196/2196 2198/2198/2198
f 2115/2115/2115 1999/1999/1999 1709/1709/1709
f 2273/2273/2273 2115/2115/2115 2278/2278/2278
f 2118/2118/2118 2117/2117/2117 2116/2116/2116
f 1905/1905/1905 2291/2291/2291 1904/1904/1904
f 1716/1716/1716 1984/1984/1984 2348/2348/2348
f 2075/2075/2075 2372/2372/2372 1715/1715/1715
f 1793/1793/1793 2340/2340/2340 2329/2329/2329
f 2329/2329/2329 2119/2119/2119 2324/2324/2324
f 2120/2120/2120 2088/2088/2088 2248/2248/2248
f 1679/1679/1679 2236/2236/2236 1876/1876/1876
f 1876/1876/1876 2226/2226/2226 1700/1700/1700
f 1963/1963/1963 1710/1710/1710 1960/1960/1960
f 1710/1710/1710 2269/2269/2269 1709/1709/1709
f 2197/2197/2197 1803/1803/1803 1932/1932/1932
f 2027/2027/2027 1836/1836/1836 2026/2026/2026
f 1964/1964/1964 1836/1836/1836 2027/2027/2027
f 1862/1862/1862 2398/2398/2398 1676/1676/1676
f 1676/1676/1676 1947/1947/1947 1862/1862/1862
f 1978/1978/1978 1979/1979/1979 1980/1980/1980
f 2274/2274/2274 2287/2287/2287 1980/1980/1980
f 2287/2287/2287 1706/1706/1706 2121/2121/2121
f 1846/1846/1846 1694/1694/1694 1695/1695/1695
f 1670/1670/1670 2367/2367/2367 2395/2395/2395
f 2080/2080/2080 1794/1794/1794 2122/2122/2122
f 1879/1879/1879 1880/1880/1880 2223/2223/2223
f 2230/2230/2230 2234/2234/2234 2232/2232/2232
f 2015/2015/2015 2016/2016/2016 2341/2341/2341
f 2331/2331/2331 2333/2333/2333 2334/2334/2334
f 1967/1967/1967 1968/1968/1968 1970/1970/1970
f 2123/2123/2123 2092/2092/2092 1970/1970/1970
f 1888/1888/1888 2043/2043/2043 1887/1887/1887
f 2012/2012/2012 1887/1887/1887 2165/2165/2165
f 1908/1908/1908 1909/1909/1909 2124/2124/2124
f 2004/2004/2004 1908/1908/1908 2283/2283/2283
f 2294/2294/2294 1649/1649/1649 2125/2125/2125
f 1835/1835/1835 2125/2125/2125 1649/1649/1649
f 1835/1835/1835 1922/1922/1922 2025/2025/2025
f 2125/2125/2125 1835/1835/1835 2025/2025/2025
f 2006/2006/2006 2126/2126/2126 1843/1843/1843
f 1991/1991/1991 1927/1927/1927 1990/1990/1990
f 1731/1731/1731 2188/2188/2188 1733/1733/1733
f 2195/2195/2195 2177/2177/2177 1811/1811/1811
f 2190/2190/2190 1821/1821/1821 2090/2090/2090
f 2042/2042/2042 1646/1646/1646 2190/2190/2190
f 1732/1732/1732 1733/1733/1733 1854/1854/1854
f 2127/2127/2127 1946/1946/1946 1633/1633/1633
f 1733/1733/1733 2128/2128/2128 2085/2085/2085
f 2181/2181/2181 2220/2220/2220 2183/2183/2183
f 2181/2181/2181 2183/2183/2183 1809/1809/1809
f 1938/1938/1938 2041/2041/2041 1936/1936/1936
f 1787/1787/1787 2208/2208/2208 2060/2060/2060
f 1785/1785/1785 2129/2129/2129 1787/1787/1787
f 1864/1864/1864 2397/2397/2397 2130/2130/2130
f 1862/1862/1862 1861/1861/1861 1864/1864/1864
f 2076/2076/2076 1956/1956/1956 1984/1984/1984
f 1993/1993/1993 2131/2131/2131 1730/1730/1730
f 1631/1631/1631 2227/2227/2227 2219/2219/2219
f 1786/1786/1786 2060/2060/2060 2239/2239/2239
f 2239/2239/2239 1918/1918/1918 1786/1786/1786
f 1672/1672/1672 2132/2132/2132 2067/2067/2067
f 1703/1703/1703 2133/2133/2133 1705/1705/1705
f 1848/1848/1848 2022/2022/2022 2308/2308/2308
f 2308/2308/2308 2064/2064/2064 1848/1848/1848
f 1657/1657/1657 2134/2134/2134 1850/1850/1850
f 2315/2315/2315 2102/2102/2102 2319/2319/2319
f 1944/1944/1944 2135/2135/2135 2315/2315/2315
f 2319/2319/2319 2102/2102/2102 2325/2325/2325
f 1686/1686/1686 1687/1687/1687 1830/1830/1830
f 1842/1842/1842 2220/2220/2220 2032/2032/2032
f 2220/2220/2220 1842/1842/1842 1693/1693/1693
f 1694/1694/1694 2112/2112/2112 2013/2013/2013
f 1696/1696/1696 1694/1694/1694 1773/1773/1773
f 2136/2136/2136 1635/1635/1635 2077/2077/2077
f 1852/1852/1852 1853/1853/1853 2101/2101/2101
f 1744/1744/1744 1853/1853/1853 2082/2082/2082
f 1888/1888/1888 1886/1886/1886 1645/1645/1645
f 1644/1644/1644 1645/1645/1645 2186/2186/2186
f 1653/1653/1653 2270/2270/2270 1652/1652/1652
f 1724/1724/1724 1922/1922/1922 1653/1653/1653
f 1924/1924/1924 2044/2044/2044 2080/2080/2080
f 1924/1924/1924 2080/2080/2080 2122/2122/2122
f 2370/2370/2370 1714/1714/1714 1712/1712/1712
f 2357/2357/2357 2368/2368/2368 2369/2369/2369
f 1918/1918/1918 1916/1916/1916 2137/2137/2137
f 1651/1651/1651 2138/2138/2138 1650/1650/1650
f 2353/2353/2353 2349/2349/2349 2106/2106/2106
f 2353/2353/2353 1758/1758/1758 1759/1759/1759
f 2091/2091/2091 2401/2401/2401 1966/1966/1966
f 2387/2387/2387 2091/2091/2091 2010/2010/2010
f 1937/1937/1937 1936/1936/1936 1638/1638/1638
f 1937/1937/1937 1938/1938/1938 1936/1936/1936
f 2378/2378/2378 2391/2391/2391 2379/2379/2379
f 1753/1753/1753 2139/2139/2139 1752/1752/1752
f 1765/1765/1765 2193/2193/2193 2084/2084/2084
f 2374/2374/2374 2388/2388/2388 2398/2398/2398
f 2374/2374/2374 2398/2398/2398 1862/1862/1862
f 2277/2277/2277 2140/2140/2140 2070/2070/2070
f 1977/1977/1977 1939/1939/1939 2347/2347/2347
f 1704/1704/1704 1705/1705/1705 2141/2141/2141
f 2406/2406/2406 2141/2141/2141 1705/1705/1705
f 1948/1948/1948 1676/1676/1676 2142/2142/2142
f 1949/1949/1949 1948/1948/1948 2142/2142/2142
f 1865/1865/1865 1815/1815/1815 2383/2383/2383
f 2372/2372/2372 1815/1815/1815 1865/1865/1865
f 2008/2008/2008 2257/2257/2257 2007/2007/2007
f 2022/2022/2022 2309/2309/2309 2337/2337/2337
f 2022/2022/2022 2337/2337/2337 1805/1805/1805
f 1971/1971/1971 1893/1893/1893 2255/2255/2255
f 2204/2204/2204 1953/1953/1953 1644/1644/1644
f 2204/2204/2204 1644/1644/1644 2112/2112/2112
f 1928/1928/1928 2354/2354/2354 2350/2350/2350
f 1986/1986/1986 2061/2061/2061 2203/2203/2203
f 1790/1790/1790 1671/1671/1671 2073/2073/2073
f 2032/2032/2032 1841/1841/1841 1842/1842/1842
f 1733/1733/1733 2171/2171/2171 2128/2128/2128
f 2171/2171/2171 1733/1733/1733 2188/2188/2188
f 2406/2406/2406 1861/1861/1861 1862/1862/1862
f 2141/2141/2141 2406/2406/2406 1862/1862/1862
f 2254/2254/2254 1720/1720/1720 2253/2253/2253
f 2253/2253/2253 2087/2087/2087 2254/2254/2254
f 1700/1700/1700 2240/2240/2240 1876/1876/1876
f 2240/2240/2240 1700/1700/1700 1701/1701/1701
f 1856/1856/1856 2099/2099/2099 1858/1858/1858
f 2293/2293/2293 2062/2062/2062 2063/2063/2063
f 1902/1902/1902 1750/1750/1750 2365/2365/2365
f 2301/2301/2301 1827/1827/1827 2311/2311/2311
f 1827/1827/1827 2319/2319/2319 2311/2311/2311
f 2399/2399/2399 2371/2371/2371 2393/2393/2393
f 1713/1713/1713 1816/1816/1816 1712/1712/1712
f 2143/2143/2143 2036/2036/2036 2037/2037/2037
f 1869/1869/1869 2144/2144/2144 2096/2096/2096
f 1869/1869/1869 1870/1870/1870 2144/2144/2144
f 1795/1795/1795 1738/1738/1738 2009/2009/2009
f 2310/2310/2310 1795/1795/1795 2009/2009/2009
f 1881/1881/1881 2221/2221/2221 1996/1996/1996
f 1881/1881/1881 1764/1764/1764 1975/1975/1975
f 2318/2318/2318 2059/2059/2059 2321/2321/2321
f 2250/2250/2250 1745/1745/1745 1743/1743/1743
f 2250/2250/2250 1987/1987/1987 1745/1745/1745
f 2272/2272/2272 1666/1666/1666 1719/1719/1719
f 1711/1711/1711 1719/1719/1719 1720/1720/1720
f 1816/1816/1816 1713/1713/1713 1818/1818/1818
f 1673/1673/1673 2130/2130/2130 2397/2397/2397
f 2145/2145/2145 1768/1768/1768 1769/1769/1769
f 1980/1980/1980 1707/1707/1707 1978/1978/1978
f 2121/2121/2121 1706/1706/1706 1707/1707/1707
f 2277/2277/2277 2070/2070/2070 1904/1904/1904
f 2283/2283/2283 1908/1908/1908 2124/2124/2124
f 2237/2237/2237 1742/1742/1742 1740/1740/1740
f 2237/2237/2237 1740/1740/1740 1852/1852/1852
f 1649/1649/1649 1723/1723/1723 1834/1834/1834
f 2282/2282/2282 1723/1723/1723 2279/2279/2279
f 2146/2146/2146 1785/1785/1785 1918/1918/1918
f 2137/2137/2137 2146/2146/2146 1918/1918/1918
f 2096/2096/2096 2018/2018/2018 2019/2019/2019
f 2353/2353/2353 1759/1759/1759 1997/1997/1997
f 2300/2300/2300 2108/2108/2108 1690/1690/1690
f 1891/1891/1891 2292/2292/2292 1915/1915/1915
f 2045/2045/2045 1667/1667/1667 2044/2044/2044
f 1667/1667/1667 1992/1992/1992 2044/2044/2044
f 2200/2200/2200 2217/2217/2217 2212/2212/2212
f 1778/1778/1778 2212/2212/2212 2217/2217/2217
f 2340/2340/2340 1793/1793/1793 1791/1791/1791
f 2340/2340/2340 1791/1791/1791 1924/1924/1924
f 1798/1798/1798 2147/2147/2147 2107/2107/2107
f 1798/1798/1798 1722/1722/1722 2147/2147/2147
f 2251/2251/2251 1663/1663/1663 2258/2258/2258
f 2093/2093/2093 2251/2251/2251 1967/1967/1967
f 1758/1758/1758 2344/2344/2344 1760/1760/1760
f 2344/2344/2344 1930/1930/1930 2330/2330/2330
f 2019/2019/2019 2017/2017/2017 2332/2332/2332
f 1763/1763/1763 2019/2019/2019 2332/2332/2332
f 1901/1901/1901 2087/2087/2087 2088/2088/2088
f 2087/2087/2087 1901/1901/1901 2254/2254/2254
f 2088/2088/2088 1958/1958/1958 1901/1901/1901
f 2246/2246/2246 1901/1901/1901 1957/1957/1957
f 1957/1957/1957 2024/2024/2024 2246/2246/2246
f 2022/2022/2022 1805/1805/1805 2038/2038/2038
f 2103/2103/2103 2039/2039/2039 1805/1805/1805
f 1833/1833/1833 2148/2148/2148 2166/2166/2166
f 1892/1892/1892 2048/2048/2048 2255/2255/2255
f 1725/1725/1725 1653/1653/1653 2255/2255/2255
f 1681/1681/1681 2239/2239/2239 2222/2222/2222
f 2222/2222/2222 2239/2239/2239 2060/2060/2060
f 2023/2023/2023 1969/1969/1969 2259/2259/2259
f 2320/2320/2320 1952/1952/1952 2322/2322/2322
f 1632/1632/1632 1839/1839/1839 2228/2228/2228
f 1631/1631/1631 1632/1632/1632 2227/2227/2227
f 1807/1807/1807 2149/2149/2149 2058/2058/2058
f 2095/2095/2095 2165/2165/2165 1885/1885/1885
f 1646/1646/1646 1885/1885/1885 1648/1648/1648
f 2242/2242/2242 1852/1852/1852 1745/1745/1745
f 1852/1852/1852 2242/2242/2242 2237/2237/2237
f 1720/1720/1720 2254/2254/2254 2266/2266/2266
f 1720/1720/1720 2266/2266/2266 1710/1710/1710
f 2062/2062/2062 1722/1722/1722 1797/1797/1797
f 1722/1722/1722 2062/2062/2062 2064/2064/2064
f 1744/1744/1744 1745/1745/1745 2241/2241/2241
f 1744/1744/1744 2241/2241/2241 1853/1853/1853
f 2194/2194/2194 2188/2188/2188 1731/1731/1731
f 1731/1731/1731 1631/1631/1631 2194/2194/2194
f 2356/2356/2356 2348/2348/2348 1984/1984/1984
f 2356/2356/2356 1984/1984/1984 1983/1983/1983
f 1950/1950/1950 1951/1951/1951 2286/2286/2286
f 1634/1634/1634 2128/2128/2128 2171/2171/2171
f 2367/2367/2367 1670/1670/1670 2355/2355/2355
f 1923/1923/1923 1924/1924/1924 2122/2122/2122
f 2151/2151/2151 2150/2150/2150 1838/1838/1838
f 1698/1698/1698 2151/2151/2151 1838/1838/1838
f 2235/2235/2235 2224/2224/2224 2233/2233/2233
f 2333/2333/2333 2342/2342/2342 2334/2334/2334
f 1699/1699/1699 2049/2049/2049 2097/2097/2097
f 1873/1873/1873 1705/1705/1705 2133/2133/2133
f 1911/1911/1911 2079/2079/2079 2178/2178/2178
f 1736/1736/1736 1911/1911/1911 2178/2178/2178
f 1737/1737/1737 1638/1638/1638 1936/1936/1936
f 1638/1638/1638 1737/1737/1737 2343/2343/2343
f 1765/1765/1765 2084/2084/2084 1764/1764/1764
f 2084/2084/2084 2215/2215/2215 1764/1764/1764
f 1661/1661/1661 1962/1962/1962 1961/1961/1961
f 2254/2254/2254 1661/1661/1661 1961/1961/1961
f 2282/2282/2282 2268/2268/2268 1920/1920/1920
f 1824/1824/1824 1898/1898/1898 1864/1864/1864
f 1824/1824/1824 1864/1864/1864 2130/2130/2130
f 2014/2014/2014 2112/2112/2112 1644/1644/1644
f 2014/2014/2014 2013/2013/2013 2112/2112/2112
f 2276/2276/2276 2086/2086/2086 1689/1689/1689
f 1992/1992/1992 2346/2346/2346 2335/2335/2335
f 1992/1992/1992 2335/2335/2335 1746/1746/1746
f 2270/2270/2270 1653/1653/1653 1922/1922/1922
f 1921/1921/1921 1922/1922/1922 2282/2282/2282
f 1769/1769/1769 1767/1767/1767 2231/2231/2231
f 1974/1974/1974 1769/1769/1769 2231/2231/2231
f 2336/2336/2336 1930/1930/1930 2338/2338/2338
f 1763/1763/1763 1761/1761/1761 2339/2339/2339
f 1702/1702/1702 1926/1926/1926 1701/1701/1701
f 1737/1737/1737 2103/2103/2103 1739/1739/1739
f 1739/1739/1739 2103/2103/2103 1805/1805/1805
f 2304/2304/2304 2107/2107/2107 2147/2147/2147
f 2272/2272/2272 2256/2256/2256 1666/1666/1666
f 2047/2047/2047 1990/1990/1990 1702/1702/1702
f 1700/1700/1700 2047/2047/2047 1702/1702/1702
f 1914/1914/1914 2312/2312/2312 2110/2110/2110
f 2314/2314/2314 2299/2299/2299 2307/2307/2307
f 1787/1787/1787 2129/2129/2129 2208/2208/2208
f 2216/2216/2216 1682/1682/1682 2100/2100/2100
f 2165/2165/2165 1887/1887/1887 2043/2043/2043
f 1885/1885/1885 2165/2165/2165 2043/2043/2043
f 1956/1956/1956 2152/2152/2152 1955/1955/1955
f 1727/1727/1727 2401/2401/2401 2387/2387/2387
f 2401/2401/2401 2091/2091/2091 2387/2387/2387
f 2411/2411/2411 1949/1949/1949 2403/2403/2403
f 1879/1879/1879 2209/2209/2209 2229/2229/2229
f 2221/2221/2221 1881/1881/1881 1975/1975/1975
f 1707/1707/1707 1980/1980/1980 2121/2121/2121
f 1980/1980/1980 2287/2287/2287 2121/2121/2121
f 2048/2048/2048 2049/2049/2049 1894/1894/1894
f 2049/2049/2049 1699/1699/1699 1894/1894/1894
f 2026/2026/2026 2294/2294/2294 2125/2125/2125
f 2026/2026/2026 2125/2125/2125 2025/2025/2025
f 1877/1877/1877 2089/2089/2089 1679/1679/1679
f 1658/1658/1658 2218/2218/2218 1660/1660/1660
f 2315/2315/2315 2135/2135/2135 2102/2102/2102
f 2135/2135/2135 2327/2327/2327 2102/2102/2102
f 2027/2027/2027 1965/1965/1965 1697/1697/1697
f 1724/1724/1724 1965/1965/1965 2027/2027/2027
f 1968/1968/1968 2123/2123/2123 1970/1970/1970
f 1729/1729/1729 2177/2177/2177 2195/2195/2195
f 2180/2180/2180 2170/2170/2170 2176/2176/2176
f 1648/1648/1648 1885/1885/1885 1783/1783/1783
f 2338/2338/2338 1930/1930/1930 2106/2106/2106
f 2106/2106/2106 1930/1930/1930 2353/2353/2353
f 1887/1887/1887 2012/2012/2012 2186/2186/2186
f 2014/2014/2014 2186/2186/2186 2012/2012/2012
f 1866/1866/1866 2383/2383/2383 2153/2153/2153
f 2191/2191/2191 2182/2182/2182 2037/2037/2037
f 1734/1734/1734 1735/1735/1735 2066/2066/2066
f 1834/1834/1834 2282/2282/2282 1835/1835/1835
f 1723/1723/1723 2282/2282/2282 1834/1834/1834
f 1771/1771/1771 1770/1770/1770 2162/2162/2162
f 1696/1696/1696 1819/1819/1819 1695/1695/1695
f 1819/1819/1819 1696/1696/1696 1774/1774/1774
f 2323/2323/2323 1708/1708/1708 1832/1832/1832
f 1832/1832/1832 1708/1708/1708 2299/2299/2299
f 1837/1837/1837 2294/2294/2294 2026/2026/2026
f 2294/2294/2294 1837/1837/1837 1933/1933/1933
f 1752/1752/1752 2404/2404/2404 2010/2010/2010
f 2091/2091/2091 1752/1752/1752 2010/2010/2010
f 2126/2126/2126 2168/2168/2168 2175/2175/2175
f 1843/1843/1843 2126/2126/2126 2175/2175/2175
f 1773/1773/1773 1694/1694/1694 2013/2013/2013
f 2172/2172/2172 1773/1773/1773 2013/2013/2013
f 1953/1953/1953 1954/1954/1954 1644/1644/1644
f 1679/1679/1679 2113/2113/2113 1681/1681/1681
f 2239/2239/2239 1681/1681/1681 2113/2113/2113
f 2238/2238/2238 2154/2154/2154 2244/2244/2244
f 2068/2068/2068 2132/2132/2132 1672/1672/1672
f 1705/1705/1705 1874/1874/1874 2408/2408/2408
f 2405/2405/2405 2409/2409/2409 2413/2413/2413
f 1706/1706/1706 2287/2287/2287 2296/2296/2296
f 2306/2306/2306 1706/1706/1706 2296/2296/2296
f 2345/2345/2345 1638/1638/1638 2343/2343/2343
f 1738/1738/1738 1795/1795/1795 1637/1637/1637
f 1713/1713/1713 2386/2386/2386 1955/1955/1955
f 1883/1883/1883 2262/2262/2262 1970/1970/1970
f 2262/2262/2262 1883/1883/1883 2264/2264/2264
f 1838/1838/1838 2150/2150/2150 1933/1933/1933
f 1803/1803/1803 2037/2037/2037 2035/2035/2035
f 2035/2035/2035 1932/1932/1932 1803/1803/1803
f 1794/1794/1794 2366/2366/2366 2122/2122/2122
f 2366/2366/2366 1794/1794/1794 1747/1747/1747
f 1824/1824/1824 2130/2130/2130 1826/1826/1826
f 1922/1922/1922 1724/1724/1724 2025/2025/2025
f 1724/1724/1724 2027/2027/2027 2025/2025/2025
f 2167/2167/2167 2169/2169/2169 2170/2170/2170
f 2169/2169/2169 2176/2176/2176 2170/2170/2170
f 1659/1659/1659 2007/2007/2007 1743/1743/1743
f 2257/2257/2257 1743/1743/1743 2007/2007/2007
f 2138/2138/2138 2285/2285/2285 1650/1650/1650
f 1650/1650/1650 2285/2285/2285 1723/1723/1723
f 2247/2247/2247 1663/1663/1663 1899/1899/1899
f 2258/2258/2258 1663/1663/1663 2247/2247/2247
f 1709/1709/1709 2272/2272/2272 1711/1711/1711
f 1719/1719/1719 1711/1711/1711 2272/2272/2272
f 2120/2120/2120 2248/2248/2248 2249/2249/2249
f 2249/2249/2249 2088/2088/2088 2120/2120/2120
f 1909/1909/1909 2271/2271/2271 2124/2124/2124
f 1655/1655/1655 2134/2134/2134 1657/1657/1657
f 2211/2211/2211 2222/2222/2222 2060/2060/2060
f 2060/2060/2060 2202/2202/2202 2211/2211/2211
f 1974/1974/1974 1972/1972/1972 2206/2206/2206
f 2084/2084/2084 2205/2205/2205 2215/2215/2215
f 1883/1883/1883 2269/2269/2269 1963/1963/1963
f 1963/1963/1963 2269/2269/2269 1710/1710/1710
f 2209/2209/2209 1976/1976/1976 2229/2229/2229
f 1973/1973/1973 1878/1878/1878 2225/2225/2225
f 2389/2389/2389 2360/2360/2360 2375/2375/2375
f 2289/2289/2289 2155/2155/2155 1828/1828/1828
f 2155/2155/2155 1944/1944/1944 1828/1828/1828
f 2037/2037/2037 2174/2174/2174 2143/2143/2143
f 2174/2174/2174 2037/2037/2037 2182/2182/2182
f 1697/1697/1697 1964/1964/1964 2027/2027/2027
f 1964/1964/1964 1697/1697/1697 1698/1698/1698
f 2226/2226/2226 1876/1876/1876 2236/2236/2236
f 2217/2217/2217 1781/1781/1781 1680/1680/1680
f 1892/1892/1892 2098/2098/2098 2049/2049/2049
f 2382/2382/2382 2002/2002/2002 2358/2358/2358
f 2381/2381/2381 2001/2001/2001 2002/2002/2002
f 2055/2055/2055 2042/2042/2042 2090/2090/2090
f 2042/2042/2042 2190/2190/2190 2090/2090/2090
f 1992/1992/1992 1668/1668/1668 2083/2083/2083
f 2316/2316/2316 2311/2311/2311 2319/2319/2319
f 2319/2319/2319 2325/2325/2325 2316/2316/2316
f 2311/2311/2311 1915/1915/1915 2301/2301/2301
f 2301/2301/2301 1915/1915/1915 2292/2292/2292
f 1898/1898/1898 2118/2118/2118 2361/2361/2361
f 2054/2054/2054 2400/2400/2400 1817/1817/1817
f 2397/2397/2397 1864/1864/1864 1861/1861/1861
f 1675/1675/1675 1861/1861/1861 2410/2410/2410
f 1912/1912/1912 2079/2079/2079 1911/1911/1911
f 2189/2189/2189 2213/2213/2213 2187/2187/2187
f 2185/2185/2185 1693/1693/1693 1843/1843/1843
f 1799/1799/1799 1735/1735/1735 1910/1910/1910
f 1735/1735/1735 2078/2078/2078 1910/1910/1910
f 1854/1854/1854 2127/2127/2127 1732/1732/1732
f 1645/1645/1645 2161/2161/2161 1888/1888/1888
f 2161/2161/2161 1782/1782/1782 1888/1888/1888
f 1657/1657/1657 1989/1989/1989 1656/1656/1656
f 1745/1745/1745 1987/1987/1987 2242/2242/2242
f 2242/2242/2242 1987/1987/1987 1851/1851/1851
f 1821/1821/1821 2199/2199/2199 2055/2055/2055
f 2055/2055/2055 2199/2199/2199 2201/2201/2201
f 1990/1990/1990 1684/1684/1684 1682/1682/1682
f 1684/1684/1684 1990/1990/1990 2200/2200/2200
f 2089/2089/2089 2156/2156/2156 1916/1916/1916
f 2156/2156/2156 2137/2137/2137 1916/1916/1916
f 2030/2030/2030 2028/2028/2028 2377/2377/2377
f 2391/2391/2391 2376/2376/2376 2379/2379/2379
f 2062/2062/2062 2293/2293/2293 2064/2064/2064
f 1796/1796/1796 2064/2064/2064 2293/2293/2293
f 1703/1703/1703 1704/1704/1704 2157/2157/2157
f 2034/2034/2034 2157/2157/2157 1704/1704/1704
f 2082/2082/2082 1659/1659/1659 1845/1845/1845
f 2082/2082/2082 1845/1845/1845 1744/1744/1744
f 1732/1732/1732 2127/2127/2127 1633/1633/1633
f 1732/1732/1732 1633/1633/1633 1731/1731/1731
f 1956/1956/1956 2386/2386/2386 1983/1983/1983
f 2369/2369/2369 2368/2368/2368 2384/2384/2384
f 2267/2267/2267 1652/1652/1652 2270/2270/2270
f 2355/2355/2355 1670/1670/1670 2352/2352/2352
f 2352/2352/2352 1670/1670/1670 1671/1671/1671
f 2158/2158/2158 2155/2155/2155 2289/2289/2289
f 2289/2289/2289 1688/1688/1688 2158/2158/2158
f 2131/2131/2131 2219/2219/2219 1730/1730/1730
f 2033/2033/2033 2220/2220/2220 1730/1730/1730
f 1946/1946/1946 1840/1840/1840 1632/1632/1632
f 1741/1741/1741 1658/1658/1658 2052/2052/2052
f 2052/2052/2052 1740/1740/1740 1741/1741/1741
f 1746/1746/1746 2080/2080/2080 2044/2044/2044
f 1746/1746/1746 2044/2044/2044 1992/1992/1992
f 1742/1742/1742 1756/1756/1756 2207/2207/2207
f 1741/1741/1741 1742/1742/1742 2207/2207/2207
f 2323/2323/2323 1687/1687/1687 1685/1685/1685
f 1687/1687/1687 2323/2323/2323 1832/1832/1832
f 2086/2086/2086 2159/2159/2159 1688/1688/1688
f 2159/2159/2159 2158/2158/2158 1688/1688/1688
f 2038/2038/2038 2039/2039/2039 1806/1806/1806
f 2039/2039/2039 2038/2038/2038 1805/1805/1805
f 2394/2394/2394 2392/2392/2392 2396/2396/2396
f 1915/1915/1915 2311/2311/2311 1914/1914/1914
f 1914/1914/1914 2311/2311/2311 2312/2312/2312
f 2263/2263/2263 2262/2262/2262 2264/2264/2264
f 1962/1962/1962 1661/1661/1661 1721/1721/1721
f 2278/2278/2278 1709/1709/1709 2269/2269/2269
f 2278/2278/2278 2115/2115/2115 1709/1709/1709
f 2361/2361/2361 1863/1863/1863 1898/1898/1898
f 2360/2360/2360 2389/2389/2389 2373/2373/2373
f 1793/1793/1793 2329/2329/2329 2324/2324/2324
f 1792/1792/1792 1793/1793/1793 2059/2059/2059
f 2003/2003/2003 2001/2001/2001 2381/2381/2381
f 2407/2407/2407 1949/1949/1949 2142/2142/2142
f 1676/1676/1676 2407/2407/2407 2142/2142/2142
f 2174/2174/2174 1800/1800/1800 2143/2143/2143
f 2404/2404/2404 1752/1752/1752 2139/2139/2139
f 2414/2414/2414 2404/2404/2404 2139/2139/2139
f 2303/2303/2303 2147/2147/2147 2302/2302/2302
f 1722/1722/1722 2302/2302/2302 2147/2147/2147
f 2111/2111/2111 2145/2145/2145 1769/1769/1769
f 1792/1792/1792 1667/1667/1667 2045/2045/2045
f 2045/2045/2045 1791/1791/1791 1792/1792/1792
f 1763/1763/1763 1869/1869/1869 2096/2096/2096
f 1763/1763/1763 2339/2339/2339 1869/1869/1869
f 1974/1974/1974 1941/1941/1941 2111/2111/2111
f 1974/1974/1974 2206/2206/2206 1941/1941/1941
f 1947/1947/1947 1704/1704/1704 2141/2141/2141
f 1947/1947/1947 2141/2141/2141 1862/1862/1862
f 2063/2063/2063 2298/2298/2298 2293/2293/2293
f 2063/2063/2063 2074/2074/2074 2298/2298/2298
f 2200/2200/2200 1990/1990/1990 2081/2081/2081
f 2200/2200/2200 2081/2081/2081 2226/2226/2226
f 2160/2160/2160 2034/2034/2034 1949/1949/1949
f 2411/2411/2411 2160/2160/2160 1949/1949/1949
f 1725/1725/1725 2048/2048/2048 1894/1894/1894
f 2048/2048/2048 1725/1725/1725 2255/2255/2255
f 1885/1885/1885 1646/1646/1646 2095/2095/2095
f 1772/1772/1772 2095/2095/2095 1646/1646/1646
f 2148/2148/2148 2164/2164/2164 2166/2166/2166
f 2169/2169/2169 2167/2167/2167 2163/2163/2163
f 2344/2344/2344 1758/1758/1758 1930/1930/1930
f 1758/1758/1758 2353/2353/2353 1930/1930/1930
f 2131/2131/2131 2194/2194/2194 1631/1631/1631
f 2219/2219/2219 2131/2131/2131 1631/1631/1631
f 2109/2109/2109 1913/1913/1913 1736/1736/1736
f 1891/1891/1891 2281/2281/2281 2292/2292/2292
f 1891/1891/1891 2288/2288/2288 2280/2280/2280
