mtllib G3_Object_Tablestuff_Poor_Double_02.mtl
o G3_Object_Tablestuff_Poor_Double_02_0
usemtl G3_Object_Tablestuff_01_A
v 0.280825 0.013686 -0.161833
v 0.282432 0.038482 -0.170246
v 0.234580 0.038482 -0.166746
v 0.237397 0.013686 -0.158656
v 0.194893 0.038482 -0.139791
v 0.201375 0.013686 -0.134191
v 0.201375 0.013686 -0.134191
v 0.194893 0.038482 -0.139791
v 0.173999 0.038482 -0.096606
v 0.182415 0.013686 -0.094998
v 0.177498 0.038482 -0.048756
v 0.185588 0.013686 -0.051569
v 0.204453 0.038482 -0.009068
v 0.210051 0.013686 -0.015549
v 0.247639 0.038482 0.011826
v 0.249248 0.013686 0.003414
v 0.295491 0.038482 0.008326
v 0.292673 0.013686 0.000237
v 0.335176 0.038482 -0.018625
v 0.328694 0.013686 -0.024224
v 0.356072 0.038482 -0.061813
v 0.347656 0.013686 -0.063422
v 0.352573 0.038482 -0.109663
v 0.344482 0.013686 -0.106849
v 0.325618 0.038482 -0.149352
v 0.320020 0.013686 -0.142870
v 0.287800 0.075716 -0.198351
v 0.225178 0.075716 -0.193771
v 0.173237 0.075716 -0.158494
v 0.173237 0.075716 -0.158494
v 0.145896 0.075716 -0.101976
v 0.150474 0.075716 -0.039354
v 0.185750 0.075716 0.012587
v 0.242271 0.075716 0.039932
v 0.304893 0.075716 0.035352
v 0.356831 0.075716 0.000079
v 0.384177 0.075716 -0.056442
v 0.379597 0.075716 -0.119065
v 0.344321 0.075716 -0.171006
v 0.289687 0.119693 -0.208226
v 0.221875 0.119693 -0.203270
v 0.165627 0.119693 -0.165067
v 0.165627 0.119693 -0.165067
v 0.136018 0.119693 -0.103862
v 0.140974 0.119693 -0.036049
v 0.179175 0.119693 0.020199
v 0.240381 0.119693 0.049811
v 0.308196 0.119693 0.044850
v 0.364441 0.119693 0.006652
v 0.394055 0.119693 -0.054557
v 0.389094 0.119693 -0.122367
v 0.350896 0.119693 -0.178618
v 0.289023 0.163671 -0.204748
v 0.223040 0.163671 -0.199923
v 0.168308 0.163671 -0.162752
v 0.168308 0.163671 -0.162752
v 0.139497 0.163671 -0.103199
v 0.144321 0.163671 -0.037216
v 0.181492 0.163671 0.017516
v 0.241050 0.163671 0.046329
v 0.307031 0.163671 0.041504
v 0.361760 0.163671 0.004337
v 0.390574 0.163671 -0.055220
v 0.385750 0.163671 -0.121204
v 0.348579 0.163671 -0.175936
v 0.285896 0.210076 -0.188383
v 0.228516 0.210076 -0.184186
v 0.180918 0.210076 -0.151860
v 0.180918 0.210076 -0.151860
v 0.155864 0.210076 -0.100070
v 0.160059 0.210076 -0.042689
v 0.192385 0.210076 0.004904
v 0.244175 0.210076 0.029963
v 0.301555 0.210076 0.025767
v 0.349150 0.210076 -0.006556
v 0.374209 0.210076 -0.058349
v 0.370012 0.210076 -0.115731
v 0.337686 0.210076 -0.163323
v 0.280254 0.249251 -0.158849
v 0.238394 0.249251 -0.155787
v 0.203672 0.249251 -0.132206
v 0.203672 0.249251 -0.132206
v 0.185396 0.249251 -0.094427
v 0.188457 0.249251 -0.052569
v 0.212036 0.249251 -0.017848
v 0.249819 0.249251 0.000430
v 0.291677 0.249251 -0.002632
v 0.326394 0.249251 -0.026209
v 0.344675 0.249251 -0.063992
v 0.341614 0.249251 -0.105850
v 0.318035 0.249251 -0.140571
v 0.201375 0.013686 -0.134191
v 0.182415 0.013686 -0.094998
v 0.185588 0.013686 -0.051569
v 0.210051 0.013686 -0.015549
v 0.249248 0.013686 0.003414
v 0.292673 0.013686 0.000237
v 0.328694 0.013686 -0.024224
v 0.347656 0.013686 -0.063422
v 0.344482 0.013686 -0.106849
v 0.320020 0.013686 -0.142870
v 0.280825 0.013686 -0.161833
v 0.237397 0.013686 -0.158656
v 0.274849 0.279675 -0.127952
v 0.249619 0.279675 -0.126104
v 0.275042 0.335812 -0.128967
v 0.249280 0.335812 -0.127082
v 0.278403 0.362654 -0.146561
v 0.243396 0.362654 -0.144003
v 0.228696 0.279675 -0.111896
v 0.227913 0.335812 -0.112572
v 0.214358 0.362654 -0.124282
v 0.228696 0.279675 -0.111896
v 0.217681 0.279675 -0.089126
v 0.227913 0.335812 -0.112572
v 0.216663 0.335812 -0.089319
v 0.214358 0.362654 -0.124282
v 0.199065 0.362654 -0.092679
v 0.219521 0.279675 -0.063895
v 0.218547 0.335812 -0.063557
v 0.201628 0.362654 -0.057672
v 0.226406 0.279675 -0.034484
v 0.222473 0.331917 -0.029931
v 0.198071 0.347311 -0.008547
v 0.256504 0.279675 -0.031953
v 0.256311 0.335812 -0.030938
v 0.203298 0.347017 -0.002451
v 0.252949 0.362654 -0.013344
v 0.281736 0.279675 -0.033801
v 0.282075 0.335812 -0.032823
v 0.287959 0.362654 -0.015901
v 0.302661 0.279675 -0.048012
v 0.303445 0.335812 -0.047336
v 0.317000 0.362654 -0.035627
v 0.313674 0.279675 -0.070779
v 0.314690 0.335812 -0.070585
v 0.332288 0.362654 -0.067225
v 0.311831 0.279675 -0.096010
v 0.312808 0.335812 -0.096348
v 0.329727 0.362654 -0.102234
v 0.297620 0.279675 -0.116937
v 0.298293 0.335812 -0.117716
v 0.310005 0.362654 -0.131274
v 0.281643 0.000137 -0.166132
v 0.235959 0.000137 -0.162794
v 0.233147 0.027896 -0.170868
v 0.283250 0.027896 -0.174532
v 0.198059 0.000137 -0.137054
v 0.191589 0.027896 -0.142643
v 0.178110 0.000137 -0.095818
v 0.169714 0.027896 -0.097424
v 0.178110 0.000137 -0.095818
v 0.181455 0.000137 -0.050133
v 0.173376 0.027896 -0.047322
v 0.169714 0.027896 -0.097424
v 0.207187 0.000137 -0.012234
v 0.201599 0.027896 -0.005764
v 0.248425 0.000137 0.007717
v 0.246821 0.027896 0.016113
v 0.294111 0.000137 0.004375
v 0.296924 0.027896 0.012449
v 0.332007 0.000137 -0.021362
v 0.338479 0.027896 -0.015772
v 0.351960 0.000137 -0.062602
v 0.360359 0.027896 -0.060995
v 0.348618 0.000137 -0.108286
v 0.356694 0.027896 -0.111097
v 0.322883 0.000137 -0.146185
v 0.328472 0.027896 -0.152655
v 0.223374 0.069440 -0.198969
v 0.288835 0.069440 -0.203755
v 0.169072 0.069440 -0.162090
v 0.140488 0.069440 -0.103007
v 0.145276 0.069440 -0.037546
v 0.140488 0.069440 -0.103007
v 0.182153 0.069440 0.016751
v 0.241238 0.069440 0.045337
v 0.306697 0.069440 0.040550
v 0.360994 0.069440 0.003675
v 0.389583 0.069440 -0.055413
v 0.384795 0.069440 -0.120873
v 0.344158 0.064715 -0.170818
v 0.354646 0.069440 -0.161662
v 0.333574 0.069440 -0.179862
v 0.219939 0.118444 -0.208834
v 0.290796 0.118444 -0.214018
v 0.161167 0.118444 -0.168919
v 0.130227 0.118444 -0.104967
v 0.135408 0.118444 -0.034113
v 0.130227 0.118444 -0.104967
v 0.175322 0.118444 0.024659
v 0.239275 0.118444 0.055598
v 0.310129 0.118444 0.050418
v 0.368901 0.118444 0.010504
v 0.399841 0.118444 -0.053449
v 0.394663 0.118444 -0.124307
v 0.361477 0.118444 -0.169570
v 0.340405 0.118444 -0.187770
v 0.221135 0.167449 -0.205400
v 0.290110 0.167449 -0.210442
v 0.163921 0.167449 -0.166542
v 0.133801 0.167449 -0.104285
v 0.138848 0.167449 -0.035311
v 0.133801 0.167449 -0.104285
v 0.177703 0.167449 0.021902
v 0.239961 0.167449 0.052022
v 0.308936 0.167449 0.046981
v 0.366147 0.167449 0.008126
v 0.396270 0.167449 -0.054134
v 0.391223 0.167449 -0.123108
v 0.349185 0.117550 -0.176638
v 0.352368 0.167449 -0.180322
v 0.226797 0.218335 -0.189129
v 0.286877 0.218335 -0.193522
v 0.176958 0.218335 -0.155280
v 0.150723 0.218335 -0.101052
v 0.155117 0.218335 -0.040970
v 0.150723 0.218335 -0.101052
v 0.188965 0.218335 0.008866
v 0.243193 0.218335 0.035103
v 0.303274 0.218335 0.030710
v 0.353110 0.218335 -0.003135
v 0.379348 0.218335 -0.057368
v 0.374954 0.218335 -0.117449
v 0.341108 0.218335 -0.167285
v 0.233909 0.257211 -0.168676
v 0.282815 0.257211 -0.172255
v 0.193345 0.257211 -0.141127
v 0.171990 0.257211 -0.096987
v 0.175569 0.257211 -0.048087
v 0.171990 0.257211 -0.096987
v 0.203115 0.257211 -0.007520
v 0.247256 0.257211 0.013836
v 0.296160 0.257211 0.010259
v 0.336724 0.257211 -0.017289
v 0.358079 0.257211 -0.061429
v 0.354504 0.257211 -0.110336
v 0.326580 0.253170 -0.150464
v 0.339800 0.257211 -0.131987
v 0.306375 0.257211 -0.160856
v 0.322883 0.000137 -0.146185
v 0.348618 0.000137 -0.108286
v 0.351960 0.000137 -0.062602
v 0.332007 0.000137 -0.021362
v 0.294111 0.000137 0.004375
v 0.248425 0.000137 0.007717
v 0.207187 0.000137 -0.012234
v 0.181455 0.000137 -0.050133
v 0.178110 0.000137 -0.095818
v 0.198059 0.000137 -0.137054
v 0.235959 0.000137 -0.162794
v 0.281643 0.000137 -0.166132
v 0.244736 0.287242 -0.137555
v 0.276628 0.287242 -0.139888
v 0.241792 0.330622 -0.146027
v 0.278313 0.330622 -0.148698
v 0.280464 0.347360 -0.159963
v 0.238020 0.347360 -0.156859
v 0.239404 0.360889 -0.152889
v 0.279678 0.360889 -0.155835
v 0.218281 0.287242 -0.119589
v 0.211494 0.330622 -0.125450
v 0.202815 0.347360 -0.132948
v 0.205996 0.360889 -0.130199
v 0.204355 0.287242 -0.090802
v 0.195547 0.330622 -0.092487
v 0.184282 0.347360 -0.094642
v 0.188411 0.360889 -0.093850
v 0.206687 0.287242 -0.058909
v 0.204355 0.287242 -0.090802
v 0.198218 0.330622 -0.055964
v 0.195547 0.330622 -0.092487
v 0.184282 0.347360 -0.094642
v 0.187385 0.347360 -0.052197
v 0.191357 0.360889 -0.053580
v 0.188411 0.360889 -0.093850
v 0.220530 0.287242 -0.027681
v 0.215776 0.318103 -0.022178
v 0.212966 0.322648 -0.024755
v 0.190642 0.341810 0.001643
v 0.193040 0.349844 -0.002182
v 0.253440 0.287242 -0.018528
v 0.251758 0.330622 -0.009722
v 0.218735 0.322648 -0.019772
v 0.195657 0.341749 0.006142
v 0.249607 0.347360 0.001544
v 0.250393 0.360889 -0.002584
v 0.199299 0.349844 0.003225
v 0.285332 0.287242 -0.020861
v 0.288279 0.330622 -0.012392
v 0.292051 0.347360 -0.001561
v 0.290667 0.360889 -0.005530
v 0.311787 0.287242 -0.038827
v 0.318574 0.330622 -0.032966
v 0.327253 0.347360 -0.025468
v 0.324072 0.360889 -0.028216
v 0.325713 0.287242 -0.067613
v 0.334524 0.330622 -0.065933
v 0.345789 0.347360 -0.063777
v 0.341660 0.360889 -0.064570
v 0.323381 0.287242 -0.099507
v 0.331853 0.330622 -0.102455
v 0.342686 0.347360 -0.106222
v 0.338716 0.360889 -0.104844
v 0.318262 0.287242 -0.107051
v 0.308164 0.298988 -0.129142
v 0.311279 0.330622 -0.132749
v 0.318774 0.347360 -0.141429
v 0.316028 0.360889 -0.138248
v 0.284836 0.287242 -0.135920
v 0.243396 0.362654 -0.144003
v 0.278403 0.362654 -0.146561
v 0.279678 0.360889 -0.155835
v 0.239404 0.360889 -0.152889
v 0.214358 0.362654 -0.124282
v 0.205996 0.360889 -0.130199
v 0.199065 0.362654 -0.092679
v 0.188411 0.360889 -0.093850
v 0.201628 0.362654 -0.057672
v 0.199065 0.362654 -0.092679
v 0.188411 0.360889 -0.093850
v 0.191357 0.360889 -0.053580
v 0.198071 0.347311 -0.008547
v 0.193040 0.349844 -0.002182
v 0.252949 0.362654 -0.013344
v 0.203298 0.347017 -0.002451
v 0.199299 0.349844 0.003225
v 0.250393 0.360889 -0.002584
v 0.287959 0.362654 -0.015901
v 0.290667 0.360889 -0.005530
v 0.317000 0.362654 -0.035627
v 0.324072 0.360889 -0.028216
v 0.332288 0.362654 -0.067225
v 0.341660 0.360889 -0.064570
v 0.329727 0.362654 -0.102234
v 0.338716 0.360889 -0.104844
v 0.310005 0.362654 -0.131274
v 0.316028 0.360889 -0.138248
v 0.347349 0.083466 -0.195811
v 0.360398 0.124442 -0.210917
v 0.375066 0.125682 -0.206603
v 0.359800 0.078090 -0.188928
v 0.333574 0.069440 -0.179862
v 0.347349 0.083466 -0.195811
v 0.359800 0.078090 -0.188928
v 0.344158 0.064715 -0.170818
v 0.354646 0.069440 -0.161662
v 0.368423 0.083466 -0.177610
v 0.381470 0.124442 -0.192717
v 0.361477 0.118444 -0.169570
v 0.340405 0.118444 -0.187770
v 0.360398 0.124442 -0.210917
v 0.347349 0.083466 -0.195811
v 0.333574 0.069440 -0.179862
v 0.326580 0.253170 -0.150464
v 0.334216 0.275673 -0.159307
v 0.344170 0.280477 -0.149186
v 0.339800 0.257211 -0.131987
v 0.339800 0.257211 -0.131987
v 0.344170 0.280477 -0.149186
v 0.331729 0.300540 -0.134782
v 0.318262 0.287242 -0.107051
v 0.308164 0.298988 -0.129142
v 0.318730 0.304234 -0.141378
v 0.310315 0.300540 -0.153279
v 0.284836 0.287242 -0.135920
v 0.284836 0.287242 -0.135920
v 0.310315 0.300540 -0.153279
v 0.322756 0.280477 -0.167683
v 0.306375 0.257211 -0.160856
v 0.366616 0.139311 -0.174912
v 0.372361 0.159983 -0.182170
v 0.358093 0.161055 -0.186951
v 0.352949 0.140345 -0.180994
v 0.380715 0.177674 -0.191846
v 0.386536 0.196380 -0.198582
v 0.371897 0.196538 -0.202933
v 0.365664 0.178550 -0.195717
v 0.388389 0.218091 -0.200723
v 0.387485 0.240083 -0.199683
v 0.373818 0.237300 -0.205157
v 0.374148 0.216793 -0.205538
v 0.382637 0.257356 -0.194095
v 0.375632 0.273129 -0.185958
v 0.362449 0.268506 -0.191995
v 0.369204 0.253578 -0.199814
v 0.344944 0.139311 -0.193632
v 0.351289 0.159983 -0.200371
v 0.365842 0.155799 -0.217222
v 0.363796 0.140090 -0.214853
v 0.359646 0.177674 -0.210045
v 0.365461 0.196380 -0.216782
v 0.381152 0.195775 -0.234948
v 0.374658 0.175506 -0.227427
v 0.367312 0.218091 -0.218926
v 0.366414 0.240083 -0.217883
v 0.379727 0.251923 -0.233296
v 0.382139 0.223645 -0.236091
v 0.361592 0.257356 -0.212274
v 0.354561 0.273129 -0.204158
v 0.366025 0.293176 -0.217432
v 0.374180 0.273604 -0.226848
v 0.363796 0.140090 -0.214853
v 0.365842 0.155799 -0.217222
v 0.379573 0.154881 -0.211820
v 0.378281 0.140255 -0.210323
v 0.374658 0.175506 -0.227427
v 0.381152 0.195775 -0.234948
v 0.395200 0.195639 -0.229912
v 0.388525 0.175027 -0.222186
v 0.382139 0.223645 -0.236091
v 0.379727 0.251923 -0.233296
v 0.392944 0.254306 -0.227300
v 0.395847 0.224759 -0.230663
v 0.374180 0.273604 -0.226848
v 0.366025 0.293176 -0.217432
v 0.378826 0.297134 -0.210955
v 0.387180 0.276796 -0.220626
v 0.384868 0.140090 -0.196652
v 0.386914 0.155799 -0.199021
v 0.372361 0.159983 -0.182170
v 0.366616 0.139311 -0.174912
v 0.395730 0.175506 -0.209229
v 0.402224 0.195775 -0.216747
v 0.386536 0.196380 -0.198582
v 0.380715 0.177674 -0.191846
v 0.403213 0.223645 -0.217888
v 0.400798 0.251923 -0.215096
v 0.387485 0.240083 -0.199683
v 0.388389 0.218091 -0.200723
v 0.395225 0.273604 -0.208670
v 0.387097 0.293176 -0.199232
v 0.375632 0.273129 -0.185958
v 0.382637 0.257356 -0.194095
v 0.375706 0.305949 -0.185817
v 0.361851 0.311917 -0.169828
v 0.359011 0.287865 -0.166544
v 0.368125 0.282812 -0.177080
v 0.368125 0.282812 -0.177080
v 0.359011 0.287865 -0.166544
v 0.347896 0.282107 -0.175145
v 0.355837 0.277289 -0.184338
v 0.346868 0.282812 -0.195440
v 0.337769 0.287865 -0.184891
v 0.340605 0.311917 -0.188177
v 0.354409 0.305949 -0.204211
v 0.354409 0.305949 -0.204211
v 0.340605 0.311917 -0.188177
v 0.351860 0.316600 -0.179734
v 0.366584 0.310913 -0.196780
v 0.326025 0.308736 -0.170311
v 0.335474 0.313234 -0.160762
v 0.330278 0.286137 -0.175690
v 0.326025 0.308736 -0.170311
v 0.350999 0.286137 -0.157794
v 0.344170 0.280477 -0.149186
v 0.334216 0.275673 -0.159307
v 0.340730 0.280841 -0.166849
v 0.346296 0.308736 -0.152803
v 0.350999 0.286137 -0.157794
v 0.368423 0.083466 -0.177610
v 0.354646 0.069440 -0.161662
v 0.381470 0.124442 -0.192717
v 0.368423 0.083466 -0.177610
v 0.386914 0.155799 -0.199021
v 0.384868 0.140090 -0.196652
v 0.402224 0.195775 -0.216747
v 0.395730 0.175506 -0.209229
v 0.400798 0.251923 -0.215096
v 0.403213 0.223645 -0.217888
v 0.387097 0.293176 -0.199232
v 0.395225 0.273604 -0.208670
v 0.361851 0.311917 -0.169828
v 0.375706 0.305949 -0.185817
v 0.331729 0.300540 -0.134782
v 0.346296 0.308736 -0.152803
v 0.318262 0.287242 -0.107051
v 0.351289 0.159983 -0.200371
v 0.344944 0.139311 -0.193632
v 0.365461 0.196380 -0.216782
v 0.359646 0.177674 -0.210045
v 0.366414 0.240083 -0.217883
v 0.367312 0.218091 -0.218926
v 0.354561 0.273129 -0.204158
v 0.361592 0.257356 -0.212274
v 0.337769 0.287865 -0.184891
v 0.346868 0.282812 -0.195440
v 0.322756 0.280477 -0.167683
v 0.330278 0.286137 -0.175690
v 0.306375 0.257211 -0.160856
v 0.322756 0.280477 -0.167683
v 0.375632 0.273129 -0.185958
v 0.362449 0.268506 -0.191995
v 0.354561 0.273129 -0.204158
v 0.366025 0.293176 -0.217432
v 0.378826 0.297134 -0.210955
v 0.387097 0.293176 -0.199232
v 0.361477 0.118444 -0.169570
v 0.349185 0.117550 -0.176638
v 0.340405 0.118444 -0.187770
v 0.202869 0.010803 0.584415
v 0.191609 0.010803 0.578293
v 0.191584 -0.001286 0.577484
v 0.191584 -0.001286 0.577484
v 0.203560 -0.001286 0.583996
v 0.202869 0.010803 0.584415
v 0.406064 0.013456 0.240945
v 0.406130 0.001673 0.243603
v 0.426997 -0.000610 0.229066
v 0.427075 0.010870 0.224719
v 0.427075 0.010870 0.224719
v 0.408088 0.010870 0.214394
v 0.406064 0.013456 0.240945
v 0.367178 0.001673 0.222423
v 0.369443 0.013456 0.221031
v 0.371643 0.010870 0.194576
v 0.368037 -0.000610 0.197006
v 0.388787 -0.000610 0.208289
v 0.367178 0.001673 0.222423
v 0.368037 -0.000610 0.197006
v 0.352151 0.010696 0.261100
v 0.367178 0.001673 0.222423
v 0.406130 0.001673 0.243603
v 0.381836 0.010696 0.277241
v 0.352151 0.010696 0.261100
v 0.353396 0.022782 0.260922
v 0.369443 0.013456 0.221031
v 0.367178 0.001673 0.222423
v 0.353396 0.022782 0.260922
v 0.381306 0.022782 0.276098
v 0.406064 0.013456 0.240945
v 0.369443 0.013456 0.221031
v 0.381306 0.022782 0.276098
v 0.381836 0.010696 0.277241
v 0.406130 0.001673 0.243603
v 0.406064 0.013456 0.240945
v 0.270776 0.006183 0.473114
v 0.248115 0.006183 0.460792
v 0.248115 0.006183 0.460792
v 0.229492 0.002884 0.515795
v 0.209136 0.002884 0.504725
v 0.269766 0.018273 0.473359
v 0.270776 0.006183 0.473114
v 0.253381 0.014973 0.529579
v 0.255090 0.002884 0.529713
v 0.270776 0.006183 0.473114
v 0.269766 0.018273 0.473359
v 0.226052 0.011673 0.579841
v 0.227759 -0.000416 0.579975
v 0.255090 0.002884 0.529713
v 0.253381 0.014973 0.529579
v 0.248459 0.018273 0.461774
v 0.269766 0.018273 0.473359
v 0.229160 0.014973 0.516408
v 0.248459 0.018273 0.461774
v 0.210178 0.014973 0.506086
v 0.220239 0.012758 0.555266
v 0.226052 0.011673 0.579841
v 0.253381 0.014973 0.529579
v 0.253381 0.014973 0.529579
v 0.236313 0.014699 0.525706
v 0.220239 0.012758 0.555266
v 0.248115 0.006183 0.460792
v 0.248459 0.018273 0.461774
v 0.209136 0.002884 0.504725
v 0.210178 0.014973 0.506086
v 0.248459 0.018273 0.461774
v 0.248115 0.006183 0.460792
v 0.181807 -0.000416 0.554987
v 0.182847 0.011673 0.556348
v 0.210178 0.014973 0.506086
v 0.209136 0.002884 0.504725
v 0.181807 -0.000416 0.554987
v 0.208877 0.000395 0.553706
v 0.214119 0.000395 0.556556
v 0.181807 -0.000416 0.554987
v 0.214119 0.000395 0.556556
v 0.227759 -0.000416 0.579975
v 0.181807 -0.000416 0.554987
v 0.227759 -0.000416 0.579975
v 0.203560 -0.001286 0.583996
v 0.181807 -0.000416 0.554987
v 0.203560 -0.001286 0.583996
v 0.191584 -0.001286 0.577484
v 0.202869 0.010803 0.584415
v 0.203560 -0.001286 0.583996
v 0.227759 -0.000416 0.579975
v 0.227759 -0.000416 0.579975
v 0.226052 0.011673 0.579841
v 0.202869 0.010803 0.584415
v 0.226052 0.011673 0.579841
v 0.213784 0.012484 0.557169
v 0.208545 0.012484 0.554320
v 0.226052 0.011673 0.579841
v 0.208545 0.012484 0.554320
v 0.182847 0.011673 0.556348
v 0.226052 0.011673 0.579841
v 0.182847 0.011673 0.556348
v 0.191609 0.010803 0.578293
v 0.226052 0.011673 0.579841
v 0.191609 0.010803 0.578293
v 0.202869 0.010803 0.584415
v 0.191584 -0.001286 0.577484
v 0.191609 0.010803 0.578293
v 0.182847 0.011673 0.556348
v 0.182847 0.011673 0.556348
v 0.181807 -0.000416 0.554987
v 0.191584 -0.001286 0.577484
v 0.206965 0.000669 0.547253
v 0.181807 -0.000416 0.554987
v 0.209136 0.002884 0.504725
v 0.209136 0.002884 0.504725
v 0.223040 0.002610 0.517693
v 0.206965 0.000669 0.547253
v 0.220574 0.000669 0.554653
v 0.220239 0.012758 0.555266
v 0.236313 0.014699 0.525706
v 0.236313 0.014699 0.525706
v 0.236648 0.002610 0.525093
v 0.220574 0.000669 0.554653
v 0.208877 0.000395 0.553706
v 0.208545 0.012484 0.554320
v 0.213784 0.012484 0.557169
v 0.213784 0.012484 0.557169
v 0.214119 0.000395 0.556556
v 0.208877 0.000395 0.553706
v 0.223040 0.002610 0.517693
v 0.222705 0.014699 0.518307
v 0.206633 0.012758 0.547867
v 0.206633 0.012758 0.547867
v 0.206965 0.000669 0.547253
v 0.223040 0.002610 0.517693
v 0.234734 0.002884 0.518644
v 0.234399 0.014973 0.519257
v 0.229160 0.014973 0.516408
v 0.229160 0.014973 0.516408
v 0.229492 0.002884 0.515795
v 0.234734 0.002884 0.518644
v 0.236648 0.002610 0.525093
v 0.255090 0.002884 0.529713
v 0.227759 -0.000416 0.579975
v 0.227759 -0.000416 0.579975
v 0.220574 0.000669 0.554653
v 0.236648 0.002610 0.525093
v 0.222705 0.014699 0.518307
v 0.210178 0.014973 0.506086
v 0.182847 0.011673 0.556348
v 0.182847 0.011673 0.556348
v 0.206633 0.012758 0.547867
v 0.222705 0.014699 0.518307
v 0.220574 0.000669 0.554653
v 0.214119 0.000395 0.556556
v 0.213784 0.012484 0.557169
v 0.213784 0.012484 0.557169
v 0.220239 0.012758 0.555266
v 0.220574 0.000669 0.554653
v 0.234734 0.002884 0.518644
v 0.236648 0.002610 0.525093
v 0.236313 0.014699 0.525706
v 0.236313 0.014699 0.525706
v 0.234399 0.014973 0.519257
v 0.234734 0.002884 0.518644
v 0.208877 0.000395 0.553706
v 0.206965 0.000669 0.547253
v 0.206633 0.012758 0.547867
v 0.206633 0.012758 0.547867
v 0.208545 0.012484 0.554320
v 0.208877 0.000395 0.553706
v 0.223040 0.002610 0.517693
v 0.229492 0.002884 0.515795
v 0.229160 0.014973 0.516408
v 0.229160 0.014973 0.516408
v 0.222705 0.014699 0.518307
v 0.223040 0.002610 0.517693
v 0.213784 0.012484 0.557169
v 0.226052 0.011673 0.579841
v 0.220239 0.012758 0.555266
v 0.220574 0.000669 0.554653
v 0.227759 -0.000416 0.579975
v 0.214119 0.000395 0.556556
v 0.236313 0.014699 0.525706
v 0.253381 0.014973 0.529579
v 0.234399 0.014973 0.519257
v 0.234734 0.002884 0.518644
v 0.255090 0.002884 0.529713
v 0.236648 0.002610 0.525093
v 0.206633 0.012758 0.547867
v 0.182847 0.011673 0.556348
v 0.208545 0.012484 0.554320
v 0.208877 0.000395 0.553706
v 0.181807 -0.000416 0.554987
v 0.206965 0.000669 0.547253
v 0.229160 0.014973 0.516408
v 0.210178 0.014973 0.506086
v 0.222705 0.014699 0.518307
v 0.223040 0.002610 0.517693
v 0.209136 0.002884 0.504725
v 0.229492 0.002884 0.515795
v 0.234734 0.002884 0.518644
v 0.270776 0.006183 0.473114
v 0.255090 0.002884 0.529713
v 0.234734 0.002884 0.518644
v 0.229492 0.002884 0.515795
v 0.269766 0.018273 0.473359
v 0.234399 0.014973 0.519257
v 0.253381 0.014973 0.529579
v 0.229160 0.014973 0.516408
v 0.234399 0.014973 0.519257
v 0.421692 0.011297 0.159825
v 0.420244 0.023020 0.162489
v 0.427588 0.023020 0.166483
v 0.427588 0.023020 0.166483
v 0.429038 0.011297 0.163819
v 0.421692 0.011297 0.159825
v 0.465178 0.011298 0.183526
v 0.460271 0.023022 0.184310
v 0.427075 0.010870 0.224719
v 0.426997 -0.000610 0.229066
v 0.387515 0.023021 0.144748
v 0.385505 0.011298 0.140204
v 0.368037 -0.000610 0.197006
v 0.371643 0.010870 0.194576
v 0.465178 0.011298 0.183526
v 0.443745 0.013918 0.160295
v 0.459141 0.021257 0.136418
v 0.486072 0.021258 0.151118
v 0.479077 0.031923 0.103701
v 0.502761 0.031924 0.116630
v 0.499175 0.043001 0.071194
v 0.517722 0.043002 0.081319
v 0.522053 0.061447 0.036047
v 0.457690 0.032980 0.139082
v 0.459141 0.021257 0.136418
v 0.443745 0.013918 0.160295
v 0.442297 0.025642 0.162959
v 0.477803 0.042233 0.106043
v 0.479077 0.031923 0.103701
v 0.498176 0.051075 0.073030
v 0.499175 0.043001 0.071194
v 0.499175 0.043001 0.071194
v 0.498176 0.051075 0.073030
v 0.522053 0.061447 0.036047
v 0.498447 0.042235 0.117319
v 0.477803 0.042233 0.106043
v 0.457690 0.032980 0.139082
v 0.481165 0.032981 0.151902
v 0.514343 0.051077 0.081860
v 0.498176 0.051075 0.073030
v 0.522053 0.061447 0.036047
v 0.486072 0.021258 0.151118
v 0.481165 0.032981 0.151902
v 0.502761 0.031924 0.116630
v 0.498447 0.042235 0.117319
v 0.517722 0.043002 0.081319
v 0.514343 0.051077 0.081860
v 0.514343 0.051077 0.081860
v 0.517722 0.043002 0.081319
v 0.522053 0.061447 0.036047
v 0.427305 0.021257 0.119108
v 0.425857 0.032980 0.121772
v 0.414924 0.025635 0.148109
v 0.416377 0.013912 0.145440
v 0.442566 0.032153 0.083915
v 0.441348 0.042004 0.086154
v 0.459487 0.043240 0.049685
v 0.458547 0.050838 0.051414
v 0.458547 0.050838 0.051414
v 0.459487 0.043240 0.049685
v 0.475186 0.059983 0.010134
v 0.419895 0.032154 0.071637
v 0.442566 0.032153 0.083915
v 0.427305 0.021257 0.119108
v 0.400327 0.021258 0.104494
v 0.442002 0.043241 0.040217
v 0.459487 0.043240 0.049685
v 0.475186 0.059983 0.010134
v 0.402336 0.032981 0.109038
v 0.400327 0.021258 0.104494
v 0.421582 0.042005 0.075456
v 0.419895 0.032154 0.071637
v 0.443306 0.050839 0.043159
v 0.442002 0.043241 0.040217
v 0.475186 0.059983 0.010134
v 0.387515 0.023021 0.144748
v 0.414924 0.025635 0.148109
v 0.425857 0.032980 0.121772
v 0.402336 0.032981 0.109038
v 0.441348 0.042004 0.086154
v 0.421582 0.042005 0.075456
v 0.458547 0.050838 0.051414
v 0.443306 0.050839 0.043159
v 0.475186 0.059983 0.010134
v 0.460271 0.023022 0.184310
v 0.427588 0.023020 0.166483
v 0.385505 0.011298 0.140204
v 0.421692 0.011297 0.159825
v 0.427588 0.023020 0.166483
v 0.442297 0.025642 0.162959
v 0.443745 0.013918 0.160295
v 0.443745 0.013918 0.160295
v 0.429038 0.011297 0.163819
v 0.427588 0.023020 0.166483
v 0.421692 0.011297 0.159825
v 0.416377 0.013912 0.145440
v 0.414924 0.025635 0.148109
v 0.414924 0.025635 0.148109
v 0.420244 0.023020 0.162489
v 0.421692 0.011297 0.159825
v 0.406248 -0.000610 0.217783
v 0.429038 0.011297 0.163819
v 0.420244 0.023020 0.162489
v 0.390630 0.010870 0.204900
v 0.369443 0.013456 0.221031
v 0.371643 0.010870 0.194576
v 0.426997 -0.000610 0.229066
v 0.406130 0.001673 0.243603
v -0.487627 0.000152 -0.046582
v -0.511907 0.000152 -0.022300
v -0.512998 0.012548 -0.022930
v -0.488257 0.012548 -0.047671
v -0.520793 0.000152 0.010864
v -0.522053 0.012548 0.010864
v -0.511907 0.000152 0.044028
v -0.512998 0.012548 0.044658
v -0.487627 0.000152 0.068310
v -0.488257 0.012548 0.069399
v -0.454463 0.000152 0.077197
v -0.454463 0.012548 0.078457
v -0.421296 0.000152 0.068310
v -0.420667 0.012548 0.069399
v -0.397019 0.000152 0.044028
v -0.395928 0.012548 0.044658
v -0.388132 0.000152 0.010864
v -0.386870 0.012548 0.010864
v -0.397019 0.000152 -0.022300
v -0.395928 0.012548 -0.022930
v -0.421296 0.000152 -0.046582
v -0.420667 0.012548 -0.047671
v -0.454463 0.000152 -0.055469
v -0.454463 0.012548 -0.056729
v -0.487627 0.000152 -0.046582
v -0.488257 0.012548 -0.047671
v -0.454463 0.000152 -0.055469
v -0.421296 0.000152 -0.046582
v -0.397019 0.000152 -0.022300
v -0.388132 0.000152 0.010864
v -0.397019 0.000152 0.044028
v -0.421296 0.000152 0.068310
v -0.454463 0.000152 0.077197
v -0.487627 0.000152 0.068310
v -0.511907 0.000152 0.044028
v -0.520793 0.000152 0.010864
v -0.511907 0.000152 -0.022300
v -0.487627 0.000152 -0.046582
v -0.407458 0.082008 0.038003
v -0.400186 0.082008 0.010864
v -0.402009 0.091113 0.010864
v -0.409038 0.091113 0.037090
v -0.427324 0.082008 0.057871
v -0.428235 0.091113 0.056289
v -0.454463 0.082008 0.065141
v -0.454463 0.091113 0.063315
v -0.481599 0.082008 0.057871
v -0.480688 0.091113 0.056289
v -0.501467 0.082008 0.038003
v -0.499888 0.091113 0.037090
v -0.508738 0.082008 0.010864
v -0.506914 0.091113 0.010864
v -0.501467 0.082008 -0.016275
v -0.499888 0.091113 -0.015362
v -0.481599 0.082008 -0.036143
v -0.480688 0.091113 -0.034561
v -0.454463 0.082008 -0.043413
v -0.481599 0.082008 -0.036143
v -0.480688 0.091113 -0.034561
v -0.454463 0.091113 -0.041587
v -0.427324 0.082008 -0.036143
v -0.428235 0.091113 -0.034561
v -0.407458 0.082008 -0.016275
v -0.409038 0.091113 -0.015362
v -0.391030 0.015440 0.010864
v -0.399529 0.015440 0.042578
v -0.422747 0.015440 0.065796
v -0.454463 0.015440 0.074297
v -0.486177 0.015440 0.065796
v -0.509395 0.015440 0.042578
v -0.517893 0.015440 0.010864
v -0.509395 0.015440 -0.020850
v -0.486177 0.015440 -0.044068
v -0.486177 0.015440 -0.044068
v -0.454463 0.015440 -0.052569
v -0.422747 0.015440 -0.044068
v -0.399529 0.015440 -0.020850
v -0.428870 0.079459 0.055190
v -0.410134 0.079459 0.036455
v -0.454463 0.079459 0.062050
v -0.480054 0.079459 0.055190
v -0.498789 0.079459 0.036455
v -0.505647 0.079459 0.010864
v -0.498789 0.079459 -0.014727
v -0.480054 0.079459 -0.033462
v -0.454463 0.079459 -0.040323
v -0.480054 0.079459 -0.033462
v -0.428870 0.079459 -0.033462
v -0.410134 0.079459 -0.014727
v -0.403276 0.079459 0.010864
v -0.480688 0.091113 -0.034561
v -0.499888 0.091113 -0.015362
v -0.494233 0.091113 -0.012100
v -0.477424 0.091113 -0.028907
v -0.506914 0.091113 0.010864
v -0.500386 0.091113 0.010864
v -0.499888 0.091113 0.037090
v -0.494233 0.091113 0.033828
v -0.480688 0.091113 0.056289
v -0.477424 0.091113 0.050634
v -0.454463 0.091113 0.063315
v -0.454463 0.091113 0.056787
v -0.428235 0.091113 0.056289
v -0.431499 0.091113 0.050634
v -0.409038 0.091113 0.037090
v -0.414690 0.091113 0.033828
v -0.402009 0.091113 0.010864
v -0.408538 0.091113 0.010864
v -0.409038 0.091113 -0.015362
v -0.414690 0.091113 -0.012100
v -0.428235 0.091113 -0.034561
v -0.431499 0.091113 -0.028907
v -0.454463 0.091113 -0.041587
v -0.454463 0.091113 -0.035059
v -0.480688 0.091113 -0.034561
v -0.477424 0.091113 -0.028907
v -0.498511 0.095817 -0.014566
v -0.479893 0.095817 -0.033184
v -0.475588 0.077486 -0.025728
v -0.491052 0.077486 -0.010264
v -0.505325 0.095817 0.010864
v -0.496714 0.077486 0.010864
v -0.498511 0.095817 0.036294
v -0.491052 0.077486 0.031992
v -0.479893 0.095817 0.054912
v -0.475588 0.077486 0.047456
v -0.454463 0.095817 0.061723
v -0.454463 0.077486 0.053115
v -0.429031 0.095817 0.054912
v -0.433337 0.077486 0.047456
v -0.410415 0.095817 0.036294
v -0.417871 0.077486 0.031992
v -0.403601 0.095817 0.010864
v -0.412209 0.077486 0.010864
v -0.410415 0.095817 -0.014566
v -0.417871 0.077486 -0.010264
v -0.429031 0.095817 -0.033184
v -0.433337 0.077486 -0.025728
v -0.454463 0.095817 -0.039995
v -0.454463 0.077486 -0.031387
v -0.479893 0.095817 -0.033184
v -0.475588 0.077486 -0.025728
v -0.503276 0.120742 -0.017320
v -0.482644 0.120742 -0.037950
v -0.510828 0.120742 0.010864
v -0.503276 0.120742 0.039048
v -0.482644 0.120742 0.059677
v -0.454463 0.120742 0.067226
v -0.426279 0.120742 0.059677
v -0.405649 0.120742 0.039048
v -0.398098 0.120742 0.010864
v -0.405649 0.120742 -0.017320
v -0.426279 0.120742 -0.037950
v -0.454463 0.120742 -0.045498
v -0.482644 0.120742 -0.037950
v -0.506350 0.143804 -0.019092
v -0.484419 0.143804 -0.041026
v -0.514377 0.143804 0.010864
v -0.506350 0.143804 0.040820
v -0.484419 0.143804 0.062754
v -0.454463 0.143804 0.070781
v -0.424504 0.143804 0.062754
v -0.402573 0.143804 0.040820
v -0.394546 0.143804 0.010864
v -0.402573 0.143804 -0.019092
v -0.424504 0.143804 -0.041026
v -0.454463 0.143804 -0.049053
v -0.484419 0.143804 -0.041026
v -0.505229 0.166559 -0.018448
v -0.483772 0.166559 -0.039903
v -0.513083 0.166559 0.010864
v -0.505229 0.166559 0.040175
v -0.483772 0.166559 0.061631
v -0.454463 0.166559 0.069487
v -0.425151 0.166559 0.061631
v -0.403694 0.166559 0.040175
v -0.395840 0.166559 0.010864
v -0.403694 0.166559 -0.018448
v -0.425151 0.166559 -0.039903
v -0.454463 0.166559 -0.047759
v -0.483772 0.166559 -0.039903
v -0.501682 0.189938 -0.016397
v -0.481724 0.189938 -0.036358
v -0.508987 0.189938 0.010864
v -0.501682 0.189938 0.038125
v -0.481724 0.189938 0.058086
v -0.454463 0.189938 0.065390
v -0.427200 0.189938 0.058086
v -0.407241 0.189938 0.038125
v -0.399937 0.189938 0.010864
v -0.407241 0.189938 -0.016397
v -0.427200 0.189938 -0.036358
v -0.454463 0.189938 -0.043662
v -0.481724 0.189938 -0.036358
v -0.485891 0.231145 -0.007281
v -0.472607 0.231145 -0.020567
v -0.490752 0.231145 0.010864
v -0.485891 0.231145 0.029008
v -0.472607 0.231145 0.042295
v -0.454463 0.231145 0.047153
v -0.436316 0.231145 0.042295
v -0.423032 0.231145 0.029008
v -0.418171 0.231145 0.010864
v -0.423032 0.231145 -0.007281
v -0.436316 0.231145 -0.020567
v -0.454463 0.231145 -0.025425
v -0.472607 0.231145 -0.020567
v -0.477583 0.255471 -0.002486
v -0.467810 0.255471 -0.012256
v -0.477969 0.295037 -0.002710
v -0.468035 0.295037 -0.012642
v -0.483157 0.318201 -0.005703
v -0.471030 0.318201 -0.017832
v -0.470715 0.300592 -0.017285
v -0.482612 0.300592 -0.005386
v -0.481160 0.255471 0.010864
v -0.481606 0.295037 0.010864
v -0.487598 0.318201 0.010864
v -0.486965 0.300592 0.010864
v -0.477583 0.255471 0.024214
v -0.477969 0.295037 0.024433
v -0.483157 0.318201 0.027431
v -0.482612 0.300592 0.027114
v -0.467810 0.255471 0.033984
v -0.468035 0.295037 0.034370
v -0.471030 0.318201 0.039560
v -0.470715 0.300592 0.039013
v -0.454463 0.255471 0.037563
v -0.454463 0.295037 0.038008
v -0.454463 0.318201 0.043999
v -0.454463 0.300592 0.043369
v -0.441113 0.255471 0.033984
v -0.440891 0.295037 0.034370
v -0.437896 0.318201 0.039560
v -0.438210 0.300592 0.039013
v -0.431343 0.255471 0.024214
v -0.430955 0.295037 0.024433
v -0.425767 0.318201 0.027431
v -0.426313 0.300592 0.027114
v -0.427766 0.255471 0.010864
v -0.427319 0.295037 0.010864
v -0.421328 0.318201 0.010864
v -0.421958 0.300592 0.010864
v -0.431343 0.255471 -0.002486
v -0.430955 0.295037 -0.002710
v -0.425767 0.318201 -0.005703
v -0.426313 0.300592 -0.005391
v -0.441113 0.255471 -0.012256
v -0.440891 0.295037 -0.012642
v -0.437896 0.318201 -0.017832
v -0.438210 0.300592 -0.017285
v -0.454463 0.255471 -0.015835
v -0.454463 0.295037 -0.016280
v -0.454463 0.318201 -0.022271
v -0.454463 0.300592 -0.021641
v -0.467810 0.255471 -0.012256
v -0.468035 0.295037 -0.012642
v -0.471030 0.318201 -0.017832
v -0.470715 0.300592 -0.017285
v -0.471030 0.318201 -0.017832
v -0.483157 0.318201 -0.005703
v -0.473252 0.320189 0.000014
v -0.465310 0.320189 -0.007925
v -0.487598 0.318201 0.010864
v -0.476160 0.320189 0.010864
v -0.483157 0.318201 0.027431
v -0.473252 0.320189 0.021714
v -0.471030 0.318201 0.039560
v -0.465310 0.320189 0.029653
v -0.454463 0.318201 0.043999
v -0.454463 0.320189 0.032558
v -0.437896 0.318201 0.039560
v -0.443613 0.320189 0.029653
v -0.425767 0.318201 0.027431
v -0.435671 0.320189 0.021714
v -0.421328 0.318201 0.010864
v -0.432766 0.320189 0.010864
v -0.425767 0.318201 -0.005703
v -0.435671 0.320189 0.000014
v -0.437896 0.318201 -0.017832
v -0.443613 0.320189 -0.007925
v -0.454463 0.318201 -0.022271
v -0.454463 0.320189 -0.010835
v -0.471030 0.318201 -0.017832
v -0.465310 0.320189 -0.007925
v -0.468052 0.370864 -0.010918
v -0.454775 0.372480 -0.014439
v -0.454700 0.338050 -0.014468
v -0.470859 0.333517 -0.014126
v -0.482717 0.333197 -0.005835
v -0.477649 0.369725 -0.001289
v -0.477649 0.369725 -0.001289
v -0.482717 0.333197 -0.005835
v -0.487249 0.336158 0.003593
v -0.482502 0.369917 0.005976
v -0.489124 0.338884 0.012368
v -0.483499 0.342676 0.020273
v -0.481252 0.371188 0.018872
v -0.486538 0.370314 0.012524
v -0.467693 0.372193 0.034990
v -0.477390 0.371582 0.025215
v -0.478740 0.343850 0.025957
v -0.467827 0.341830 0.035136
v -0.467693 0.372193 0.034990
v -0.467827 0.341830 0.035136
v -0.454565 0.342256 0.038725
v -0.454504 0.372824 0.038598
v -0.441289 0.342443 0.035166
v -0.441289 0.373199 0.035049
v -0.441289 0.373199 0.035049
v -0.441289 0.342443 0.035166
v -0.431543 0.342506 0.025405
v -0.431563 0.373324 0.025293
v -0.427976 0.342449 0.012080
v -0.427998 0.373210 0.011982
v -0.431609 0.372958 -0.001265
v -0.431567 0.342323 -0.001211
v -0.441418 0.372767 -0.010918
v -0.431609 0.372958 -0.001265
v -0.431567 0.342323 -0.001211
v -0.441355 0.341561 -0.010918
v -0.467964 0.428848 -0.011050
v -0.455083 0.431353 -0.014375
v -0.468052 0.370864 -0.010918
v -0.477039 0.426742 -0.001787
v -0.467964 0.428848 -0.011050
v -0.479368 0.423204 0.004067
v -0.479607 0.424824 0.018134
v -0.483586 0.420465 0.010332
v -0.466389 0.430221 0.033647
v -0.475996 0.427355 0.023969
v -0.453535 0.433368 0.037334
v -0.466389 0.430221 0.033647
v -0.440737 0.435858 0.033965
v -0.431416 0.437103 0.024458
v -0.440737 0.435858 0.033965
v -0.428171 0.436880 0.011445
v -0.431987 0.435619 -0.001509
v -0.441868 0.433707 -0.010923
v -0.431987 0.435619 -0.001509
v -0.455083 0.431353 -0.014375
v -0.467964 0.428848 -0.011050
v -0.460969 0.425484 -0.000171
v -0.454592 0.427021 -0.001826
v -0.477039 0.426742 -0.001787
v -0.465464 0.424369 0.004443
v -0.479368 0.423204 0.004067
v -0.466892 0.424092 0.010810
v -0.483586 0.420465 0.010332
v -0.479607 0.424824 0.018134
v -0.475996 0.427355 0.023969
v -0.466389 0.430221 0.033647
v -0.460071 0.426427 0.022036
v -0.464910 0.424862 0.017251
v -0.453535 0.433368 0.037334
v -0.453635 0.428248 0.023857
v -0.440737 0.435858 0.033965
v -0.447285 0.429783 0.022202
v -0.431416 0.437103 0.024458
v -0.442717 0.430633 0.017514
v -0.428171 0.436880 0.011445
v -0.441187 0.430633 0.011074
v -0.431987 0.435619 -0.001509
v -0.443135 0.429878 0.004638
v -0.441868 0.433707 -0.010923
v -0.448052 0.428589 -0.000074
v -0.454043 0.425853 0.010825
v -0.483499 0.342676 0.020273
v -0.478740 0.343850 0.025957
v -0.477390 0.371582 0.025215
v -0.481252 0.371188 0.018872
v -0.484299 0.306109 -0.009556
v -0.471250 0.280039 -0.009053
v -0.481814 0.283433 -0.003052
v -0.477893 0.273550 0.008774
v -0.488699 0.291457 0.007319
v -0.472688 0.260758 0.000151
v -0.492036 0.316504 0.016377
v -0.486074 0.295607 0.015947
v -0.483787 0.303830 0.024311
v -0.487607 0.320682 0.024692
v -0.490273 0.309364 0.003374
v -0.475771 0.286979 0.020376
v -0.478254 0.310843 0.030293
v -0.470044 0.317878 0.038056
v -0.481389 0.323870 0.032309
v -0.470835 0.311549 0.037529
v -0.472969 0.309624 -0.019102
v -0.456951 0.442094 0.010796
v -0.455562 0.442094 0.008388
v -0.454043 0.421486 0.008174
v -0.456338 0.421486 0.012153
v -0.454170 0.442094 0.010796
v -0.456951 0.442094 0.010796
v -0.456338 0.421486 0.012153
v -0.451746 0.421486 0.012153
v -0.454043 0.458463 0.010825
v -0.454043 0.458463 0.010825
v -0.451746 0.421486 0.012153
v -0.456338 0.421486 0.012153
v -0.454043 0.421486 0.008174
v -0.455161 0.307997 -0.017495
v -0.473220 0.321570 -0.016724
v -0.440276 0.313589 -0.013506
v -0.483643 0.319653 -0.007368
v -0.483643 0.319653 -0.007368
v -0.490273 0.309364 0.003374
v -0.492036 0.316504 0.016377
v -0.487607 0.320682 0.024692
v -0.487607 0.320682 0.024692
v -0.481389 0.323870 0.032309
v -0.481389 0.323870 0.032309
v -0.470044 0.317878 0.038056
v -0.470044 0.317878 0.038056
v -0.455161 0.315741 0.042041
v -0.440276 0.315741 0.038056
v -0.440276 0.315741 0.038056
v -0.429380 0.315741 0.027158
v -0.425391 0.315741 0.012275
v -0.429380 0.315711 -0.002613
v -0.429380 0.315711 -0.002613
v -0.471250 0.280039 -0.009053
v -0.472969 0.309624 -0.019102
v -0.455161 0.307997 -0.017495
v -0.472969 0.309624 -0.019102
v -0.484299 0.306109 -0.009556
v -0.484299 0.306109 -0.009556
v -0.476968 0.274710 0.014341
v -0.077898 0.019980 -0.516924
v -0.077898 0.000000 -0.469532
v -0.095850 0.000000 -0.466368
v -0.112058 0.019980 -0.510899
v -0.111638 0.000000 -0.457252
v -0.142100 0.019980 -0.493555
v -0.123357 0.000000 -0.443287
v -0.164397 0.019980 -0.466983
v -0.129592 0.000000 -0.426158
v -0.176260 0.019980 -0.434385
v -0.129592 0.000000 -0.407925
v -0.176260 0.019980 -0.399698
v -0.123357 0.000000 -0.390797
v -0.164397 0.019980 -0.367100
v -0.111638 0.000000 -0.376832
v -0.142100 0.019980 -0.340528
v -0.095850 0.000000 -0.367715
v -0.112058 0.019980 -0.323184
v -0.077898 0.000000 -0.364551
v -0.077898 0.019980 -0.317159
v -0.059944 0.000000 -0.367715
v -0.043735 0.019980 -0.323184
v -0.044155 0.000000 -0.376832
v -0.013694 0.019980 -0.340528
v -0.032439 0.000000 -0.390797
v 0.008601 0.019980 -0.367100
v -0.026204 0.000000 -0.407925
v 0.020466 0.019980 -0.399698
v -0.026204 0.000000 -0.426158
v 0.020466 0.019980 -0.434385
v -0.032439 0.000000 -0.443287
v 0.008601 0.019980 -0.466983
v -0.044155 0.000000 -0.457252
v -0.013694 0.019980 -0.493555
v -0.059944 0.000000 -0.466368
v -0.043735 0.019980 -0.510899
v -0.059944 0.000000 -0.367715
v -0.077898 0.000000 -0.364551
v -0.095850 0.000000 -0.367715
v -0.111638 0.000000 -0.376832
v -0.123357 0.000000 -0.390797
v -0.129592 0.000000 -0.407925
v -0.129592 0.000000 -0.426158
v -0.123357 0.000000 -0.443287
v -0.111638 0.000000 -0.457252
v -0.095850 0.000000 -0.466368
v -0.077898 0.000000 -0.469532
v -0.059944 0.000000 -0.466368
v -0.044155 0.000000 -0.457252
v -0.032439 0.000000 -0.443287
v -0.026204 0.000000 -0.426158
v -0.026204 0.000000 -0.407925
v -0.032439 0.000000 -0.390797
v -0.044155 0.000000 -0.376832
v -0.077898 0.075000 -0.560118
v -0.126833 0.075000 -0.551490
v -0.125266 0.112500 -0.547188
v -0.077898 0.112500 -0.555543
v -0.169866 0.075000 -0.526646
v -0.166924 0.112500 -0.523140
v -0.028962 0.075000 -0.551490
v -0.030527 0.112500 -0.547188
v -0.201807 0.075000 -0.488580
v -0.197842 0.112500 -0.486290
v -0.218801 0.075000 -0.441885
v -0.214292 0.112500 -0.441089
v -0.218801 0.075000 -0.392198
v -0.214292 0.112500 -0.392994
v -0.201807 0.075000 -0.345504
v -0.197842 0.112500 -0.347794
v -0.169866 0.075000 -0.307437
v -0.166924 0.112500 -0.310943
v -0.126833 0.075000 -0.282593
v -0.125266 0.112500 -0.286895
v -0.077898 0.075000 -0.273965
v -0.077898 0.112500 -0.278541
v -0.028962 0.075000 -0.282593
v -0.030527 0.112500 -0.286895
v 0.014072 0.075000 -0.307437
v 0.011128 0.112500 -0.310943
v 0.046013 0.075000 -0.345504
v 0.042046 0.112500 -0.347794
v 0.063008 0.075000 -0.392198
v 0.058499 0.112500 -0.392994
v 0.063008 0.075000 -0.441885
v 0.058499 0.112500 -0.441089
v 0.046013 0.075000 -0.488580
v 0.042046 0.112500 -0.486290
v 0.014072 0.075000 -0.526646
v 0.011128 0.112500 -0.523140
v -0.077898 0.046451 -0.548575
v -0.122883 0.046451 -0.540640
v -0.162444 0.046451 -0.517803
v -0.191807 0.046451 -0.482808
v -0.207432 0.046451 -0.439883
v -0.207432 0.046451 -0.394200
v -0.191807 0.046451 -0.351275
v -0.162444 0.046451 -0.316280
v -0.122883 0.046451 -0.293443
v -0.077898 0.046451 -0.285508
v -0.032910 0.046451 -0.293443
v 0.006650 0.046451 -0.316280
v 0.036013 0.046451 -0.351275
v 0.051638 0.046451 -0.394200
v 0.051638 0.046451 -0.439883
v 0.036013 0.046451 -0.482808
v 0.006650 0.046451 -0.517803
v -0.032910 0.046451 -0.540640
v -0.120537 0.137107 -0.534195
v -0.077898 0.137107 -0.541710
v -0.035256 0.137107 -0.534195
v -0.158035 0.137107 -0.512545
v -0.185864 0.137107 -0.479376
v -0.200674 0.137107 -0.438692
v -0.200674 0.137107 -0.395391
v -0.185864 0.137107 -0.354708
v -0.158035 0.137107 -0.321539
v -0.120537 0.137107 -0.299888
v -0.077898 0.137107 -0.292374
v -0.035256 0.137107 -0.299888
v 0.002239 0.137107 -0.321539
v 0.030071 0.137107 -0.354708
v 0.044878 0.137107 -0.395391
v 0.044878 0.137107 -0.438692
v 0.030071 0.137107 -0.479376
v 0.002239 0.137107 -0.512545
v -0.095476 0.004878 -0.465338
v -0.077898 0.004878 -0.468438
v -0.077898 0.024212 -0.514258
v -0.111147 0.024212 -0.508399
v -0.110935 0.004878 -0.456412
v -0.140388 0.024212 -0.491514
v -0.122407 0.004878 -0.442740
v -0.162090 0.024212 -0.465650
v -0.128513 0.004878 -0.425967
v -0.173638 0.024212 -0.433922
v -0.128513 0.004878 -0.408116
v -0.173638 0.024212 -0.400162
v -0.122407 0.004878 -0.391343
v -0.162090 0.024212 -0.368433
v -0.110935 0.004878 -0.377672
v -0.140388 0.024212 -0.342569
v -0.095476 0.004878 -0.368746
v -0.111147 0.024212 -0.325684
v -0.077898 0.004878 -0.365645
v -0.077898 0.024212 -0.319825
v -0.060320 0.004878 -0.368746
v -0.044646 0.024212 -0.325684
v -0.044861 0.004878 -0.377672
v -0.015408 0.024212 -0.342569
v -0.033386 0.004878 -0.391343
v 0.006296 0.024212 -0.368433
v -0.027283 0.004878 -0.408116
v 0.017844 0.024212 -0.400162
v -0.027283 0.004878 -0.425967
v 0.017844 0.024212 -0.433922
v -0.033386 0.004878 -0.442740
v 0.006296 0.024212 -0.465650
v -0.044861 0.004878 -0.456412
v -0.015408 0.024212 -0.491514
v -0.060320 0.004878 -0.465338
v -0.044646 0.024212 -0.508399
v -0.060320 0.004878 -0.368746
v -0.044861 0.004878 -0.377672
v -0.033386 0.004878 -0.391343
v -0.027283 0.004878 -0.408116
v -0.027283 0.004878 -0.425967
v -0.033386 0.004878 -0.442740
v -0.044861 0.004878 -0.456412
v -0.060320 0.004878 -0.465338
v -0.077898 0.004878 -0.468438
v -0.095476 0.004878 -0.465338
v -0.110935 0.004878 -0.456412
v -0.122407 0.004878 -0.442740
v -0.128513 0.004878 -0.425967
v -0.128513 0.004878 -0.408116
v -0.122407 0.004878 -0.391343
v -0.110935 0.004878 -0.377672
v -0.095476 0.004878 -0.368746
v -0.077898 0.004878 -0.365645
v -0.123638 0.110973 -0.542715
v -0.125137 0.075638 -0.546832
v -0.077898 0.075638 -0.555162
v -0.077898 0.110973 -0.550782
v -0.163862 0.110973 -0.519493
v -0.166680 0.075638 -0.522847
v -0.030657 0.075638 -0.546832
v -0.032156 0.110973 -0.542715
v -0.193718 0.110973 -0.483912
v -0.197512 0.075638 -0.486099
v -0.209604 0.110973 -0.440264
v -0.213918 0.075638 -0.441026
v -0.209604 0.110973 -0.393819
v -0.213918 0.075638 -0.393057
v -0.193718 0.110973 -0.350172
v -0.197512 0.075638 -0.347984
v -0.163862 0.110973 -0.314590
v -0.166680 0.075638 -0.311236
v -0.123638 0.110973 -0.291368
v -0.125137 0.075638 -0.287252
v -0.077898 0.110973 -0.283301
v -0.077898 0.075638 -0.278922
v -0.032156 0.110973 -0.291368
v -0.030657 0.075638 -0.287252
v 0.008069 0.110973 -0.314590
v 0.010884 0.075638 -0.311236
v 0.037922 0.110973 -0.350172
v 0.041719 0.075638 -0.347984
v 0.053809 0.110973 -0.393819
v 0.058125 0.075638 -0.393057
v 0.053809 0.110973 -0.440264
v 0.058125 0.075638 -0.441026
v 0.037922 0.110973 -0.483912
v 0.041719 0.075638 -0.486099
v 0.008069 0.110973 -0.519493
v 0.010884 0.075638 -0.522847
v -0.121487 0.049331 -0.536802
v -0.077898 0.049331 -0.544488
v -0.159817 0.049331 -0.514669
v -0.188269 0.049331 -0.480762
v -0.203406 0.049331 -0.439171
v -0.203406 0.049331 -0.394913
v -0.188269 0.049331 -0.353321
v -0.159817 0.049331 -0.319415
v -0.121487 0.049331 -0.297281
v -0.077898 0.049331 -0.289595
v -0.034309 0.049331 -0.297281
v 0.004023 0.049331 -0.319415
v 0.032473 0.049331 -0.353321
v 0.047612 0.049331 -0.394913
v 0.047612 0.049331 -0.439171
v 0.032473 0.049331 -0.480762
v 0.004023 0.049331 -0.514669
v -0.034309 0.049331 -0.536802
v -0.119045 0.134657 -0.530098
v -0.077898 0.134657 -0.537354
v -0.036748 0.134657 -0.530098
v -0.155232 0.134657 -0.509205
v -0.182090 0.134657 -0.477198
v -0.196382 0.134657 -0.437935
v -0.196382 0.134657 -0.396148
v -0.182090 0.134657 -0.356885
v -0.155232 0.134657 -0.324879
v -0.119045 0.134657 -0.303985
v -0.077898 0.134657 -0.296729
v -0.036748 0.134657 -0.303985
v -0.000562 0.134657 -0.324879
v 0.026296 0.134657 -0.356885
v 0.040586 0.134657 -0.396148
v 0.040586 0.134657 -0.437935
v 0.026296 0.134657 -0.477198
v -0.000562 0.134657 -0.509205
v -0.119556 0.137221 -0.531500
v -0.077898 0.137221 -0.538843
v -0.036238 0.137221 -0.531500
v -0.156191 0.137221 -0.510347
v -0.183381 0.137221 -0.477945
v -0.197849 0.137221 -0.438194
v -0.197849 0.137221 -0.395889
v -0.183381 0.137221 -0.356138
v -0.156191 0.137221 -0.323736
v -0.119556 0.137221 -0.302584
v -0.077898 0.137221 -0.295240
v -0.036238 0.137221 -0.302584
v 0.000396 0.137221 -0.323736
v 0.027588 0.137221 -0.356138
v 0.042056 0.137221 -0.395889
v 0.042056 0.137221 -0.438194
v 0.027588 0.137221 -0.477945
v 0.000396 0.137221 -0.510347
v -0.047847 -0.000260 0.290372
v -0.020659 -0.000260 0.286065
v 0.006528 -0.000260 0.290372
v 0.031052 -0.000259 0.302867
v 0.050518 -0.000259 0.322330
v 0.063015 -0.000258 0.346856
v 0.067324 -0.000258 0.374044
v 0.063020 -0.000257 0.401231
v 0.050525 -0.000256 0.425757
v 0.031062 -0.000256 0.445220
v 0.006538 -0.000255 0.457715
v -0.020649 -0.000255 0.462022
v -0.047837 -0.000255 0.457715
v -0.072363 -0.000256 0.445220
v -0.091826 -0.000256 0.425757
v -0.104326 -0.000257 0.401231
v -0.108633 -0.000258 0.374044
v -0.104329 -0.000258 0.346856
v -0.091833 -0.000259 0.322330
v -0.072371 -0.000259 0.302867
v -0.047847 -0.000260 0.290372
v -0.072371 -0.000259 0.302867
v -0.098230 0.038381 0.267281
v -0.061443 0.038381 0.248536
v -0.091833 -0.000259 0.322330
v -0.127424 0.038382 0.296475
v -0.104329 -0.000258 0.346856
v -0.146165 0.038383 0.333262
v -0.108633 -0.000258 0.374044
v -0.152622 0.038384 0.374044
v -0.108633 -0.000258 0.374044
v -0.104326 -0.000257 0.401231
v -0.146160 0.038385 0.414825
v -0.152622 0.038384 0.374044
v -0.091826 -0.000256 0.425757
v -0.127415 0.038386 0.451612
v -0.072363 -0.000256 0.445220
v -0.098215 0.038387 0.480806
v -0.047837 -0.000255 0.457715
v -0.061426 0.038387 0.499551
v -0.020649 -0.000255 0.462022
v -0.020647 0.038387 0.506011
v 0.006538 -0.000255 0.457715
v 0.020134 0.038387 0.499551
v 0.031062 -0.000256 0.445220
v 0.056921 0.038387 0.480806
v 0.050525 -0.000256 0.425757
v 0.086113 0.038386 0.451612
v 0.063020 -0.000257 0.401231
v 0.104856 0.038385 0.414825
v 0.067324 -0.000258 0.374044
v 0.111313 0.038384 0.374044
v 0.063015 -0.000258 0.346856
v 0.104851 0.038383 0.333262
v 0.050518 -0.000259 0.322330
v 0.086106 0.038382 0.296475
v 0.031052 -0.000259 0.302867
v 0.056907 0.038381 0.267281
v 0.006528 -0.000260 0.290372
v 0.020117 0.038381 0.248536
v -0.020659 -0.000260 0.286065
v -0.020662 0.038380 0.242076
v -0.124087 0.087986 0.231690
v -0.075039 0.087986 0.206700
v -0.163013 0.087987 0.270621
v -0.188003 0.087989 0.319669
v -0.196611 0.087990 0.374044
v -0.187996 0.087992 0.428419
v -0.196611 0.087990 0.374044
v -0.163000 0.087993 0.477466
v -0.124070 0.087994 0.516397
v -0.075017 0.087995 0.541387
v -0.020642 0.087995 0.550001
v 0.033730 0.087995 0.541387
v 0.082778 0.087994 0.516397
v 0.121704 0.087993 0.477466
v 0.146694 0.087992 0.428419
v 0.155303 0.087990 0.374044
v 0.146687 0.087989 0.319669
v 0.121692 0.087987 0.270621
v 0.082761 0.087986 0.231690
v 0.033708 0.087986 0.206700
v -0.020664 0.087986 0.198087
v -0.075039 0.087986 0.206700
v -0.124087 0.087986 0.231690
v -0.112996 0.095308 0.246959
v -0.069207 0.095308 0.224644
v -0.163013 0.087987 0.270621
v -0.147747 0.095309 0.281710
v -0.188003 0.087989 0.319669
v -0.170056 0.095311 0.325504
v -0.196611 0.087990 0.374044
v -0.177742 0.095312 0.374044
v -0.196611 0.087990 0.374044
v -0.187996 0.087992 0.428419
v -0.170051 0.095313 0.422589
v -0.177742 0.095312 0.374044
v -0.163000 0.087993 0.477466
v -0.147734 0.095314 0.466378
v -0.124070 0.087994 0.516397
v -0.112981 0.095315 0.501129
v -0.075017 0.087995 0.541387
v -0.069187 0.095316 0.523443
v -0.020642 0.087995 0.550001
v -0.020645 0.095316 0.531133
v 0.033730 0.087995 0.541387
v 0.027898 0.095316 0.523443
v 0.082778 0.087994 0.516397
v 0.071687 0.095315 0.501129
v 0.121704 0.087993 0.477466
v 0.106438 0.095314 0.466378
v 0.146694 0.087992 0.428419
v 0.128748 0.095313 0.422589
v 0.155303 0.087990 0.374044
v 0.136433 0.095312 0.374044
v 0.146687 0.087989 0.319669
v 0.128740 0.095311 0.325504
v 0.121692 0.087987 0.270621
v 0.106426 0.095309 0.281710
v 0.082761 0.087986 0.231690
v 0.071672 0.095308 0.246959
v 0.033708 0.087986 0.206700
v 0.027878 0.095308 0.224644
v -0.020664 0.087986 0.198087
v -0.020664 0.095308 0.216959
v -0.069207 0.095308 0.224644
v -0.112996 0.095308 0.246959
v -0.098230 0.063042 0.267281
v -0.061443 0.063042 0.248536
v -0.147747 0.095309 0.281710
v -0.127422 0.063043 0.296475
v -0.170056 0.095311 0.325504
v -0.146165 0.063044 0.333262
v -0.177742 0.095312 0.374044
v -0.152622 0.063045 0.374044
v -0.177742 0.095312 0.374044
v -0.170051 0.095313 0.422589
v -0.146160 0.063046 0.414825
v -0.152622 0.063045 0.374044
v -0.147734 0.095314 0.466378
v -0.127415 0.063047 0.451612
v -0.112981 0.095315 0.501129
v -0.098215 0.063048 0.480806
v -0.069187 0.095316 0.523443
v -0.061426 0.063048 0.499551
v -0.020645 0.095316 0.531133
v -0.020647 0.063048 0.506011
v 0.027898 0.095316 0.523443
v 0.020134 0.063048 0.499551
v 0.071687 0.095315 0.501129
v 0.056921 0.063048 0.480806
v 0.106438 0.095314 0.466378
v 0.086113 0.063047 0.451612
v 0.128748 0.095313 0.422589
v 0.104856 0.063046 0.414825
v 0.136433 0.095312 0.374044
v 0.111313 0.063045 0.374044
v 0.128740 0.095311 0.325504
v 0.104851 0.063044 0.333262
v 0.106426 0.095309 0.281710
v 0.086106 0.063043 0.296475
v 0.071672 0.095308 0.246959
v 0.056907 0.063042 0.267281
v 0.027878 0.095308 0.224644
v 0.020117 0.063042 0.248536
v -0.020664 0.095308 0.216959
v -0.020662 0.063042 0.242076
v -0.072371 0.024402 0.302867
v -0.047847 0.024401 0.290372
v -0.091833 0.024402 0.322330
v -0.104329 0.024403 0.346856
v -0.108633 0.024403 0.374044
v -0.104326 0.024404 0.401231
v -0.108633 0.024403 0.374044
v -0.091826 0.024405 0.425757
v -0.072363 0.024405 0.445220
v -0.047837 0.024406 0.457715
v -0.020649 0.024406 0.462022
v 0.006538 0.024406 0.457715
v 0.031062 0.024405 0.445220
v 0.050525 0.024405 0.425757
v 0.063020 0.024404 0.401231
v 0.067324 0.024403 0.374044
v 0.063015 0.024403 0.346856
v 0.050518 0.024402 0.322330
v 0.031052 0.024402 0.302867
v 0.006528 0.024401 0.290372
v -0.020659 0.024401 0.286065
v -0.091833 0.024402 0.322330
v -0.104329 0.024403 0.346856
v -0.108633 0.024403 0.374044
v -0.104326 0.024404 0.401231
v -0.091826 0.024405 0.425757
v -0.072363 0.024405 0.445220
v -0.047837 0.024406 0.457715
v -0.020649 0.024406 0.462022
v 0.006538 0.024406 0.457715
v 0.031062 0.024405 0.445220
v 0.050525 0.024405 0.425757
v 0.063020 0.024404 0.401231
v 0.067324 0.024403 0.374044
v 0.063015 0.024403 0.346856
v 0.050518 0.024402 0.322330
v 0.031052 0.024402 0.302867
v 0.006528 0.024401 0.290372
v -0.020659 0.024401 0.286065
v -0.047847 0.024401 0.290372
v -0.072371 0.024402 0.302867
v -0.508569 0.010803 -0.577781
v -0.497605 0.010803 -0.584416
v -0.496895 -0.001286 -0.584030
v -0.496895 -0.001286 -0.584030
v -0.508557 -0.001286 -0.576973
v -0.508569 0.010803 -0.577781
v -0.314441 0.013456 -0.229106
v -0.316770 0.001673 -0.230391
v -0.314739 -0.000610 -0.205040
v -0.311025 0.010870 -0.202780
v -0.311025 0.010870 -0.202780
v -0.292534 0.010870 -0.213969
v -0.314441 0.013456 -0.229106
v -0.278835 0.001673 -0.253345
v -0.278777 0.013456 -0.250687
v -0.257041 0.010870 -0.235448
v -0.257322 -0.000610 -0.239787
v -0.277529 -0.000610 -0.227558
v -0.278835 0.001673 -0.253345
v -0.257322 -0.000610 -0.239787
v -0.304656 0.010696 -0.285827
v -0.278835 0.001673 -0.253345
v -0.316770 0.001673 -0.230391
v -0.333567 0.010696 -0.268333
v -0.304656 0.010696 -0.285827
v -0.305132 0.022782 -0.284660
v -0.278777 0.013456 -0.250687
v -0.278835 0.001673 -0.253345
v -0.305132 0.022782 -0.284660
v -0.332312 0.022782 -0.268213
v -0.314441 0.013456 -0.229106
v -0.278777 0.013456 -0.250687
v -0.332312 0.022782 -0.268213
v -0.333567 0.010696 -0.268333
v -0.316770 0.001673 -0.230391
v -0.314441 0.013456 -0.229106
v -0.446702 0.006183 -0.463013
v -0.424634 0.006183 -0.476367
v -0.424634 0.006183 -0.476367
v -0.462739 0.002884 -0.520185
v -0.442915 0.002884 -0.532182
v -0.446404 0.018273 -0.464010
v -0.446702 0.006183 -0.463013
v -0.486689 0.014973 -0.506508
v -0.487668 0.002884 -0.505101
v -0.446702 0.006183 -0.463013
v -0.446404 0.018273 -0.464010
v -0.516311 0.011673 -0.555456
v -0.517288 -0.000416 -0.554048
v -0.487668 0.002884 -0.505101
v -0.486689 0.014973 -0.506508
v -0.425657 0.018273 -0.476565
v -0.446404 0.018273 -0.464010
v -0.463101 0.014973 -0.520783
v -0.425657 0.018273 -0.476565
v -0.444617 0.014973 -0.531970
v -0.492158 0.012758 -0.548081
v -0.516311 0.011673 -0.555456
v -0.486689 0.014973 -0.506508
v -0.486689 0.014973 -0.506508
v -0.474739 0.014699 -0.519294
v -0.492158 0.012758 -0.548081
v -0.424634 0.006183 -0.476367
v -0.425657 0.018273 -0.476565
v -0.442915 0.002884 -0.532182
v -0.444617 0.014973 -0.531970
v -0.425657 0.018273 -0.476565
v -0.424634 0.006183 -0.476367
v -0.472537 -0.000416 -0.581129
v -0.474236 0.011673 -0.580917
v -0.444617 0.014973 -0.531970
v -0.442915 0.002884 -0.532182
v -0.472537 -0.000416 -0.581129
v -0.485083 0.000395 -0.557106
v -0.490186 0.000395 -0.554018
v -0.472537 -0.000416 -0.581129
v -0.490186 0.000395 -0.554018
v -0.517288 -0.000416 -0.554048
v -0.472537 -0.000416 -0.581129
v -0.517288 -0.000416 -0.554048
v -0.508557 -0.001286 -0.576973
v -0.472537 -0.000416 -0.581129
v -0.508557 -0.001286 -0.576973
v -0.496895 -0.001286 -0.584030
v -0.508569 0.010803 -0.577781
v -0.508557 -0.001286 -0.576973
v -0.517288 -0.000416 -0.554048
v -0.517288 -0.000416 -0.554048
v -0.516311 0.011673 -0.555456
v -0.508569 0.010803 -0.577781
v -0.516311 0.011673 -0.555456
v -0.490547 0.012484 -0.554615
v -0.485444 0.012484 -0.557703
v -0.516311 0.011673 -0.555456
v -0.485444 0.012484 -0.557703
v -0.474236 0.011673 -0.580917
v -0.516311 0.011673 -0.555456
v -0.474236 0.011673 -0.580917
v -0.497605 0.010803 -0.584416
v -0.516311 0.011673 -0.555456
v -0.497605 0.010803 -0.584416
v -0.508569 0.010803 -0.577781
v -0.496895 -0.001286 -0.584030
v -0.497605 0.010803 -0.584416
v -0.474236 0.011673 -0.580917
v -0.474236 0.011673 -0.580917
v -0.472537 -0.000416 -0.581129
v -0.496895 -0.001286 -0.584030
v -0.478545 0.000669 -0.555503
v -0.472537 -0.000416 -0.581129
v -0.442915 0.002884 -0.532182
v -0.442915 0.002884 -0.532182
v -0.461125 0.002610 -0.526716
v -0.478545 0.000669 -0.555503
v -0.491797 0.000669 -0.547484
v -0.492158 0.012758 -0.548081
v -0.474739 0.014699 -0.519294
v -0.474739 0.014699 -0.519294
v -0.474377 0.002610 -0.518697
v -0.491797 0.000669 -0.547484
v -0.485083 0.000395 -0.557106
v -0.485444 0.012484 -0.557703
v -0.490547 0.012484 -0.554615
v -0.490547 0.012484 -0.554615
v -0.490186 0.000395 -0.554018
v -0.485083 0.000395 -0.557106
v -0.461125 0.002610 -0.526716
v -0.461487 0.014699 -0.527313
v -0.478906 0.012758 -0.556100
v -0.478906 0.012758 -0.556100
v -0.478545 0.000669 -0.555503
v -0.461125 0.002610 -0.526716
v -0.467842 0.002884 -0.517097
v -0.468206 0.014973 -0.517695
v -0.463101 0.014973 -0.520783
v -0.463101 0.014973 -0.520783
v -0.462739 0.002884 -0.520185
v -0.467842 0.002884 -0.517097
v -0.474377 0.002610 -0.518697
v -0.487668 0.002884 -0.505101
v -0.517288 -0.000416 -0.554048
v -0.517288 -0.000416 -0.554048
v -0.491797 0.000669 -0.547484
v -0.474377 0.002610 -0.518697
v -0.461487 0.014699 -0.527313
v -0.444617 0.014973 -0.531970
v -0.474236 0.011673 -0.580917
v -0.474236 0.011673 -0.580917
v -0.478906 0.012758 -0.556100
v -0.461487 0.014699 -0.527313
v -0.491797 0.000669 -0.547484
v -0.490186 0.000395 -0.554018
v -0.490547 0.012484 -0.554615
v -0.490547 0.012484 -0.554615
v -0.492158 0.012758 -0.548081
v -0.491797 0.000669 -0.547484
v -0.467842 0.002884 -0.517097
v -0.474377 0.002610 -0.518697
v -0.474739 0.014699 -0.519294
v -0.474739 0.014699 -0.519294
v -0.468206 0.014973 -0.517695
v -0.467842 0.002884 -0.517097
v -0.485083 0.000395 -0.557106
v -0.478545 0.000669 -0.555503
v -0.478906 0.012758 -0.556100
v -0.478906 0.012758 -0.556100
v -0.485444 0.012484 -0.557703
v -0.485083 0.000395 -0.557106
v -0.461125 0.002610 -0.526716
v -0.462739 0.002884 -0.520185
v -0.463101 0.014973 -0.520783
v -0.463101 0.014973 -0.520783
v -0.461487 0.014699 -0.527313
v -0.461125 0.002610 -0.526716
v -0.490547 0.012484 -0.554615
v -0.516311 0.011673 -0.555456
v -0.492158 0.012758 -0.548081
v -0.491797 0.000669 -0.547484
v -0.517288 -0.000416 -0.554048
v -0.490186 0.000395 -0.554018
v -0.474739 0.014699 -0.519294
v -0.486689 0.014973 -0.506508
v -0.468206 0.014973 -0.517695
v -0.467842 0.002884 -0.517097
v -0.487668 0.002884 -0.505101
v -0.474377 0.002610 -0.518697
v -0.478906 0.012758 -0.556100
v -0.474236 0.011673 -0.580917
v -0.485444 0.012484 -0.557703
v -0.485083 0.000395 -0.557106
v -0.472537 -0.000416 -0.581129
v -0.478545 0.000669 -0.555503
v -0.463101 0.014973 -0.520783
v -0.444617 0.014973 -0.531970
v -0.461487 0.014699 -0.527313
v -0.461125 0.002610 -0.526716
v -0.442915 0.002884 -0.532182
v -0.462739 0.002884 -0.520185
v -0.467842 0.002884 -0.517097
v -0.446702 0.006183 -0.463013
v -0.487668 0.002884 -0.505101
v -0.467842 0.002884 -0.517097
v -0.462739 0.002884 -0.520185
v -0.446404 0.018273 -0.464010
v -0.468206 0.014973 -0.517695
v -0.486689 0.014973 -0.506508
v -0.463101 0.014973 -0.520783
v -0.468206 0.014973 -0.517695
v -0.252273 0.011297 -0.174703
v -0.253843 0.023020 -0.177297
v -0.260994 0.023020 -0.172969
v -0.260994 0.023020 -0.172969
v -0.259424 0.011297 -0.170375
v -0.252273 0.011297 -0.174703
v -0.292871 0.023022 -0.153737
v -0.278940 0.023021 -0.162131
v -0.274424 0.020618 -0.176719
v -0.294668 0.011298 -0.149105
v -0.292871 0.023022 -0.153737
v -0.311025 0.010870 -0.202780
v -0.314739 -0.000610 -0.205040
v -0.222017 0.023021 -0.196613
v -0.217080 0.011298 -0.196057
v -0.257322 -0.000610 -0.239787
v -0.257041 0.010870 -0.235448
v -0.257041 0.010870 -0.235448
v -0.275532 0.010870 -0.224258
v -0.250935 0.020618 -0.190934
v -0.235916 0.023020 -0.188168
v -0.222017 0.023021 -0.196613
v -0.260994 0.023020 -0.172969
v -0.253843 0.023020 -0.177297
v -0.294668 0.011298 -0.149105
v -0.263799 0.013918 -0.155897
v -0.250945 0.021257 -0.130562
v -0.277219 0.021258 -0.114719
v -0.232747 0.031923 -0.096848
v -0.255854 0.031924 -0.082914
v -0.214810 0.043001 -0.063099
v -0.232908 0.043002 -0.052187
v -0.195996 0.061447 -0.025618
v -0.252515 0.032980 -0.133157
v -0.250945 0.021257 -0.130562
v -0.263799 0.013918 -0.155897
v -0.265369 0.025642 -0.158491
v -0.234126 0.042233 -0.099128
v -0.232747 0.031923 -0.096848
v -0.215891 0.051075 -0.064887
v -0.214810 0.043001 -0.063099
v -0.214810 0.043001 -0.063099
v -0.215891 0.051075 -0.064887
v -0.195996 0.061447 -0.025618
v -0.254272 0.042235 -0.086987
v -0.234126 0.042233 -0.099128
v -0.252515 0.032980 -0.133157
v -0.275422 0.032981 -0.119351
v -0.231670 0.051077 -0.055378
v -0.215891 0.051075 -0.064887
v -0.195996 0.061447 -0.025618
v -0.277219 0.021258 -0.114719
v -0.275422 0.032981 -0.119351
v -0.255854 0.031924 -0.082914
v -0.254272 0.042235 -0.086987
v -0.232908 0.043002 -0.052187
v -0.231670 0.051077 -0.055378
v -0.231670 0.051077 -0.055378
v -0.232908 0.043002 -0.052187
v -0.195996 0.061447 -0.025618
v -0.219944 0.021257 -0.149323
v -0.221511 0.032980 -0.151917
v -0.238743 0.025635 -0.174638
v -0.237170 0.013912 -0.172040
v -0.197246 0.032153 -0.118398
v -0.198567 0.042004 -0.120579
v -0.176223 0.043240 -0.086524
v -0.177241 0.050838 -0.088207
v -0.177241 0.050838 -0.088207
v -0.176223 0.043240 -0.086524
v -0.149983 0.059983 -0.053023
v -0.175212 0.032154 -0.131783
v -0.197246 0.032153 -0.118398
v -0.219944 0.021257 -0.149323
v -0.193718 0.021258 -0.165250
v -0.159229 0.043241 -0.096848
v -0.176223 0.043240 -0.086524
v -0.149983 0.059983 -0.053023
v -0.198655 0.032981 -0.165806
v -0.193718 0.021258 -0.165250
v -0.179360 0.042005 -0.132252
v -0.175212 0.032154 -0.131783
v -0.162427 0.050839 -0.097207
v -0.159229 0.043241 -0.096848
v -0.149983 0.059983 -0.053023
v -0.238743 0.025635 -0.174638
v -0.221511 0.032980 -0.151917
v -0.198655 0.032981 -0.165806
v -0.198567 0.042004 -0.120579
v -0.179360 0.042005 -0.132252
v -0.177241 0.050838 -0.088207
v -0.162427 0.050839 -0.097207
v -0.149983 0.059983 -0.053023
v -0.265369 0.025642 -0.158491
v -0.217080 0.011298 -0.196057
v -0.252273 0.011297 -0.174703
v -0.260994 0.023020 -0.172969
v -0.265369 0.025642 -0.158491
v -0.263799 0.013918 -0.155897
v -0.263799 0.013918 -0.155897
v -0.259424 0.011297 -0.170375
v -0.260994 0.023020 -0.172969
v -0.252273 0.011297 -0.174703
v -0.237170 0.013912 -0.172040
v -0.238743 0.025635 -0.174638
v -0.238743 0.025635 -0.174638
v -0.253843 0.023020 -0.177297
v -0.252273 0.011297 -0.174703
v -0.294531 -0.000610 -0.217269
v -0.259424 0.011297 -0.170375
v -0.274424 0.020618 -0.176719
v -0.278940 0.023021 -0.162131
v -0.265369 0.025642 -0.158491
v -0.265369 0.025642 -0.158491
v -0.260994 0.023020 -0.172969
v -0.274424 0.020618 -0.176719
v -0.250935 0.020618 -0.190934
v -0.253843 0.023020 -0.177297
v -0.238743 0.025635 -0.174638
v -0.238743 0.025635 -0.174638
v -0.235916 0.023020 -0.188168
v -0.250935 0.020618 -0.190934
v -0.278777 0.013456 -0.250687
v -0.314739 -0.000610 -0.205040
v -0.316770 0.001673 -0.230391
v 0.442297 0.025642 0.162959
v 0.416377 0.013912 0.145440
v -0.237170 0.013912 -0.172040
v -0.522053 0.012548 0.010864
v -0.516311 0.011673 -0.555456
v -0.512998 0.012548 0.044658
v -0.512998 0.012548 -0.022930
v -0.511907 0.000152 0.044028
v -0.508738 0.082008 0.010864
v -0.508557 -0.001286 -0.576973
v -0.505647 0.079459 0.010864
v -0.501467 0.082008 0.038003
v -0.501467 0.082008 -0.016275
v -0.498789 0.079459 0.036455
v -0.498789 0.079459 -0.014727
v -0.497605 0.010803 -0.584416
v -0.496895 -0.001286 -0.584030
v -0.496895 -0.001286 -0.584030
v -0.492036 0.316504 0.016377
v -0.491797 0.000669 -0.547484
v -0.490273 0.309364 0.003374
v -0.489124 0.338884 0.012368
v -0.488257 0.012548 0.069399
v -0.488257 0.012548 -0.047671
v -0.488257 0.012548 -0.047671
v -0.486689 0.014973 -0.506508
v -0.486538 0.370314 0.012524
v -0.486074 0.295607 0.015947
v -0.485083 0.000395 -0.557106
v -0.483586 0.420465 0.010332
v -0.483586 0.420465 0.010332
v -0.481599 0.082008 0.057871
v -0.481599 0.082008 -0.036143
v -0.481599 0.082008 -0.036143
v -0.480054 0.079459 0.055190
v -0.480054 0.079459 -0.033462
v -0.480054 0.079459 -0.033462
v -0.479607 0.424824 0.018134
v -0.472969 0.309624 -0.019102
v -0.472969 0.309624 -0.019102
v -0.468206 0.014973 -0.517695
v -0.467842 0.002884 -0.517097
v -0.467842 0.002884 -0.517097
v -0.463101 0.014973 -0.520783
v -0.456338 0.421486 0.012153
v -0.455562 0.442094 0.008388
v -0.455083 0.431353 -0.014375
v -0.454463 0.012548 0.078457
v -0.454463 0.012548 -0.056729
v -0.454463 0.079459 0.062050
v -0.454463 0.079459 -0.040323
v -0.454463 0.082008 0.065141
v -0.454463 0.082008 -0.043413
v -0.454170 0.442094 0.010796
v -0.454043 0.421486 0.008174
v -0.454043 0.458463 0.010825
v -0.451746 0.421486 0.012153
v -0.446702 0.006183 -0.463013
v -0.446404 0.018273 -0.464010
v -0.444617 0.014973 -0.531970
v -0.444617 0.014973 -0.531970
v -0.442915 0.002884 -0.532182
v -0.442915 0.002884 -0.532182
v -0.428870 0.079459 0.055190
v -0.428870 0.079459 -0.033462
v -0.427324 0.082008 0.057871
v -0.427324 0.082008 -0.036143
v -0.425657 0.018273 -0.476565
v -0.424634 0.006183 -0.476367
v -0.420667 0.012548 0.069399
v -0.420667 0.012548 -0.047671
v -0.410134 0.079459 0.036455
v -0.410134 0.079459 -0.014727
v -0.407458 0.082008 0.038003
v -0.407458 0.082008 -0.016275
v -0.403276 0.079459 0.010864
v -0.400186 0.082008 0.010864
v -0.395928 0.012548 0.044658
v -0.395928 0.012548 -0.022930
v -0.386870 0.012548 0.010864
v -0.333567 0.010696 -0.268333
v -0.333567 0.010696 -0.268333
v -0.332312 0.022782 -0.268213
v -0.332312 0.022782 -0.268213
v -0.316770 0.001673 -0.230391
v -0.314739 -0.000610 -0.205040
v -0.314441 0.013456 -0.229106
v -0.311025 0.010870 -0.202780
v -0.311025 0.010870 -0.202780
v -0.305132 0.022782 -0.284660
v -0.305132 0.022782 -0.284660
v -0.305132 0.022782 -0.284660
v -0.304656 0.010696 -0.285827
v -0.304656 0.010696 -0.285827
v -0.304656 0.010696 -0.285827
v -0.294668 0.011298 -0.149105
v -0.278777 0.013456 -0.250687
v -0.277529 -0.000610 -0.227558
v -0.277529 -0.000610 -0.227558
v -0.277529 -0.000610 -0.227558
v -0.275422 0.032981 -0.119351
v -0.275422 0.032981 -0.119351
v -0.260994 0.023020 -0.172969
v -0.259424 0.011297 -0.170375
v -0.259424 0.011297 -0.170375
v -0.259424 0.011297 -0.170375
v -0.259424 0.011297 -0.170375
v -0.257041 0.010870 -0.235448
v -0.252273 0.011297 -0.174703
v -0.252273 0.011297 -0.174703
v -0.252273 0.011297 -0.174703
v -0.252273 0.011297 -0.174703
v -0.232747 0.031923 -0.096848
v -0.231670 0.051077 -0.055378
v -0.218801 0.075000 -0.392198
v -0.218801 0.075000 -0.392198
v -0.217080 0.011298 -0.196057
v -0.217080 0.011298 -0.196057
v -0.215891 0.051075 -0.064887
v -0.214292 0.112500 -0.392994
v -0.213918 0.075638 -0.393057
v -0.213918 0.075638 -0.393057
v -0.209604 0.110973 -0.393819
v -0.207432 0.046451 -0.394200
v -0.203406 0.049331 -0.394913
v -0.200674 0.137107 -0.395391
v -0.200674 0.137107 -0.395391
v -0.200674 0.137107 -0.438692
v -0.198567 0.042004 -0.120579
v -0.197849 0.137221 -0.395889
v -0.197849 0.137221 -0.395889
v -0.197849 0.137221 -0.395889
v -0.197849 0.137221 -0.438194
v -0.196382 0.134657 -0.396148
v -0.196382 0.134657 -0.396148
v -0.196382 0.134657 -0.437935
v -0.195996 0.061447 -0.025618
v -0.185864 0.137107 -0.354708
v -0.185864 0.137107 -0.479376
v -0.183381 0.137221 -0.356138
v -0.183381 0.137221 -0.477945
v -0.182090 0.134657 -0.356885
v -0.182090 0.134657 -0.477198
v -0.176260 0.019980 -0.399698
v -0.176260 0.019980 -0.399698
v -0.176223 0.043240 -0.086524
v -0.173638 0.024212 -0.400162
v -0.173638 0.024212 -0.400162
v -0.158035 0.137107 -0.321539
v -0.158035 0.137107 -0.512545
v -0.156191 0.137221 -0.323736
v -0.156191 0.137221 -0.510347
v -0.155232 0.134657 -0.324879
v -0.155232 0.134657 -0.509205
v -0.129592 0.000000 -0.407925
v -0.128513 0.004878 -0.408116
v -0.128513 0.004878 -0.425967
v -0.128513 0.004878 -0.425967
v -0.122407 0.004878 -0.391343
v -0.120537 0.137107 -0.299888
v -0.120537 0.137107 -0.534195
v -0.119556 0.137221 -0.302584
v -0.119556 0.137221 -0.531500
v -0.119045 0.134657 -0.303985
v -0.119045 0.134657 -0.530098
v -0.110935 0.004878 -0.456412
v -0.110935 0.004878 -0.456412
v -0.108633 0.024403 0.374044
v -0.108633 0.024403 0.374044
v -0.108633 0.024403 0.374044
v -0.095476 0.004878 -0.368746
v -0.095476 0.004878 -0.368746
v -0.091833 -0.000259 0.322330
v -0.091833 -0.000259 0.322330
v -0.091833 -0.000259 0.322330
v -0.091833 -0.000259 0.322330
v -0.091826 -0.000256 0.425757
v -0.091826 -0.000256 0.425757
v -0.091826 -0.000256 0.425757
v -0.077898 0.000000 -0.469532
v -0.077898 0.004878 -0.468438
v -0.077898 0.004878 -0.468438
v -0.077898 0.134657 -0.296729
v -0.077898 0.134657 -0.537354
v -0.077898 0.137107 -0.292374
v -0.077898 0.137107 -0.541710
v -0.077898 0.137221 -0.295240
v -0.077898 0.137221 -0.538843
v -0.077898 0.137221 -0.538843
v -0.072371 -0.000259 0.302867
v -0.060320 0.004878 -0.368746
v -0.060320 0.004878 -0.368746
v -0.047847 0.024401 0.290372
v -0.047847 0.024401 0.290372
v -0.047847 0.024401 0.290372
v -0.047837 0.024406 0.457715
v -0.047837 0.024406 0.457715
v -0.047837 0.024406 0.457715
v -0.044861 0.004878 -0.456412
v -0.044861 0.004878 -0.456412
v -0.044155 0.000000 -0.457252
v -0.036748 0.134657 -0.303985
v -0.036748 0.134657 -0.530098
v -0.036238 0.137221 -0.302584
v -0.036238 0.137221 -0.531500
v -0.036238 0.137221 -0.531500
v -0.035256 0.137107 -0.299888
v -0.035256 0.137107 -0.534195
v -0.033386 0.004878 -0.391343
v -0.033386 0.004878 -0.391343
v -0.027283 0.004878 -0.425967
v -0.027283 0.004878 -0.425967
v -0.027283 0.004878 -0.425967
v -0.026204 0.000000 -0.426158
v -0.026204 0.000000 -0.426158
v -0.000562 0.134657 -0.324879
v -0.000562 0.134657 -0.509205
v 0.000396 0.137221 -0.323736
v 0.000396 0.137221 -0.510347
v 0.002239 0.137107 -0.321539
v 0.002239 0.137107 -0.512545
v 0.006528 -0.000260 0.290372
v 0.006528 -0.000260 0.290372
v 0.006528 -0.000260 0.290372
v 0.006538 -0.000255 0.457715
v 0.006538 -0.000255 0.457715
v 0.017844 0.024212 -0.433922
v 0.017844 0.024212 -0.433922
v 0.020466 0.019980 -0.434385
v 0.020466 0.019980 -0.434385
v 0.026296 0.134657 -0.477198
v 0.026296 0.134657 -0.356885
v 0.027588 0.137221 -0.356138
v 0.027588 0.137221 -0.477945
v 0.030071 0.137107 -0.479376
v 0.030071 0.137107 -0.354708
v 0.040586 0.134657 -0.437935
v 0.040586 0.134657 -0.437935
v 0.040586 0.134657 -0.396148
v 0.042056 0.137221 -0.395889
v 0.042056 0.137221 -0.438194
v 0.042056 0.137221 -0.438194
v 0.042056 0.137221 -0.438194
v 0.044878 0.137107 -0.438692
v 0.044878 0.137107 -0.438692
v 0.044878 0.137107 -0.395391
v 0.047612 0.049331 -0.439171
v 0.050518 0.024402 0.322330
v 0.050518 0.024402 0.322330
v 0.050518 0.024402 0.322330
v 0.050525 0.024405 0.425757
v 0.050525 0.024405 0.425757
v 0.051638 0.046451 -0.439883
v 0.053809 0.110973 -0.440264
v 0.058125 0.075638 -0.441026
v 0.058125 0.075638 -0.441026
v 0.058499 0.112500 -0.441089
v 0.063008 0.075000 -0.441885
v 0.063008 0.075000 -0.441885
v 0.067324 -0.000258 0.374044
v 0.067324 -0.000258 0.374044
v 0.067324 0.024403 0.374044
v 0.191584 -0.001286 0.577484
v 0.191584 -0.001286 0.577484
v 0.191609 0.010803 0.578293
v 0.193040 0.349844 -0.002182
v 0.195657 0.341749 0.006142
v 0.199299 0.349844 0.003225
v 0.199299 0.349844 0.003225
v 0.203298 0.347017 -0.002451
v 0.203298 0.347017 -0.002451
v 0.203560 -0.001286 0.583996
v 0.209136 0.002884 0.504725
v 0.209136 0.002884 0.504725
v 0.210178 0.014973 0.506086
v 0.210178 0.014973 0.506086
v 0.214119 0.000395 0.556556
v 0.220574 0.000669 0.554653
v 0.222473 0.331917 -0.029931
v 0.222473 0.331917 -0.029931
v 0.226052 0.011673 0.579841
v 0.229160 0.014973 0.516408
v 0.234399 0.014973 0.519257
v 0.234734 0.002884 0.518644
v 0.234734 0.002884 0.518644
v 0.248115 0.006183 0.460792
v 0.248459 0.018273 0.461774
v 0.253381 0.014973 0.529579
v 0.269766 0.018273 0.473359
v 0.270776 0.006183 0.473114
v 0.294111 0.000137 0.004375
v 0.306375 0.257211 -0.160856
v 0.306375 0.257211 -0.160856
v 0.322756 0.280477 -0.167683
v 0.328694 0.013686 -0.024224
v 0.333574 0.069440 -0.179862
v 0.334216 0.275673 -0.159307
v 0.334216 0.275673 -0.159307
v 0.337769 0.287865 -0.184891
v 0.337769 0.287865 -0.184891
v 0.344158 0.064715 -0.170818
v 0.349185 0.117550 -0.176638
v 0.349185 0.117550 -0.176638
v 0.351289 0.159983 -0.200371
v 0.352151 0.010696 0.261100
v 0.352151 0.010696 0.261100
v 0.352151 0.010696 0.261100
v 0.353396 0.022782 0.260922
v 0.353396 0.022782 0.260922
v 0.353396 0.022782 0.260922
v 0.354561 0.273129 -0.204158
v 0.354561 0.273129 -0.204158
v 0.355837 0.277289 -0.184338
v 0.359011 0.287865 -0.166544
v 0.360398 0.124442 -0.210917
v 0.361477 0.118444 -0.169570
v 0.361477 0.118444 -0.169570
v 0.361851 0.311917 -0.169828
v 0.361851 0.311917 -0.169828
v 0.362449 0.268506 -0.191995
v 0.363796 0.140090 -0.214853
v 0.365461 0.196380 -0.216782
v 0.365664 0.178550 -0.195717
v 0.366025 0.293176 -0.217432
v 0.366414 0.240083 -0.217883
v 0.368125 0.282812 -0.177080
v 0.368125 0.282812 -0.177080
v 0.368423 0.083466 -0.177610
v 0.369443 0.013456 0.221031
v 0.371643 0.010870 0.194576
v 0.371643 0.010870 0.194576
v 0.371897 0.196538 -0.202933
v 0.372361 0.159983 -0.182170
v 0.374180 0.273604 -0.226848
v 0.374658 0.175506 -0.227427
v 0.378826 0.297134 -0.210955
v 0.381306 0.022782 0.276098
v 0.381306 0.022782 0.276098
v 0.381836 0.010696 0.277241
v 0.381836 0.010696 0.277241
v 0.382139 0.223645 -0.236091
v 0.385505 0.011298 0.140204
v 0.385505 0.011298 0.140204
v 0.386536 0.196380 -0.198582
v 0.386914 0.155799 -0.199021
v 0.387097 0.293176 -0.199232
v 0.387097 0.293176 -0.199232
v 0.387485 0.240083 -0.199683
v 0.387515 0.023021 0.144748
v 0.388787 -0.000610 0.208289
v 0.388787 -0.000610 0.208289
v 0.388787 -0.000610 0.208289
v 0.394663 0.118444 -0.124307
v 0.400798 0.251923 -0.215096
v 0.402224 0.195775 -0.216747
v 0.406064 0.013456 0.240945
v 0.406130 0.001673 0.243603
v 0.408088 0.010870 0.214394
v 0.408088 0.010870 0.214394
v 0.408088 0.010870 0.214394
v 0.420244 0.023020 0.162489
v 0.420244 0.023020 0.162489
v 0.420244 0.023020 0.162489
v 0.421692 0.011297 0.159825
v 0.421692 0.011297 0.159825
v 0.421692 0.011297 0.159825
v 0.421692 0.011297 0.159825
v 0.426997 -0.000610 0.229066
v 0.427075 0.010870 0.224719
v 0.427075 0.010870 0.224719
v 0.427588 0.023020 0.166483
v 0.427588 0.023020 0.166483
v 0.429038 0.011297 0.163819
v 0.429038 0.011297 0.163819
v 0.429038 0.011297 0.163819
v 0.429038 0.011297 0.163819
v 0.441348 0.042004 0.086154
v 0.459487 0.043240 0.049685
v 0.460271 0.023022 0.184310
v 0.460271 0.023022 0.184310
v 0.465178 0.011298 0.183526
v 0.479077 0.031923 0.103701
v 0.498176 0.051075 0.073030
v 0.514343 0.051077 0.081860
v 0.522053 0.061447 0.036047
vt 0.559114 0.171881
vt 0.559114 0.161242
vt 0.549269 0.161242
vt 0.549269 0.171881
vt 0.539423 0.161242
vt 0.539423 0.171881
vt 0.657567 0.171881
vt 0.657567 0.161242
vt 0.647722 0.161242
vt 0.647722 0.171881
vt 0.637876 0.161242
vt 0.637876 0.171881
vt 0.628031 0.161242
vt 0.628031 0.171881
vt 0.618185 0.161242
vt 0.618185 0.171881
vt 0.608340 0.161242
vt 0.608340 0.171881
vt 0.598495 0.161242
vt 0.598495 0.171881
vt 0.588650 0.161242
vt 0.588649 0.171881
vt 0.578804 0.161242
vt 0.578804 0.171881
vt 0.568959 0.161242
vt 0.568959 0.171881
vt 0.559114 0.145268
vt 0.549269 0.145268
vt 0.539423 0.145268
vt 0.657567 0.145268
vt 0.647722 0.145268
vt 0.637876 0.145268
vt 0.628031 0.145268
vt 0.618185 0.145268
vt 0.608340 0.145268
vt 0.598495 0.145268
vt 0.588650 0.145268
vt 0.578804 0.145268
vt 0.568959 0.145268
vt 0.559114 0.126400
vt 0.549269 0.126400
vt 0.539423 0.126400
vt 0.657567 0.126400
vt 0.647722 0.126400
vt 0.637876 0.126400
vt 0.628031 0.126400
vt 0.618185 0.126400
vt 0.608340 0.126400
vt 0.598495 0.126400
vt 0.588650 0.126400
vt 0.578804 0.126400
vt 0.568959 0.126400
vt 0.559114 0.107531
vt 0.549269 0.107531
vt 0.539423 0.107531
vt 0.657567 0.107531
vt 0.647722 0.107531
vt 0.637876 0.107531
vt 0.628031 0.107531
vt 0.618185 0.107531
vt 0.608340 0.107531
vt 0.598495 0.107531
vt 0.588650 0.107531
vt 0.578804 0.107531
vt 0.568959 0.107531
vt 0.559114 0.087622
vt 0.549269 0.087622
vt 0.539423 0.087622
vt 0.657567 0.087622
vt 0.647722 0.087622
vt 0.637876 0.087622
vt 0.628031 0.087622
vt 0.618185 0.087622
vt 0.608340 0.087622
vt 0.598495 0.087622
vt 0.588649 0.087622
vt 0.578804 0.087622
vt 0.568959 0.087622
vt 0.559114 0.070814
vt 0.549269 0.070814
vt 0.539423 0.070814
vt 0.657567 0.070814
vt 0.647722 0.070814
vt 0.637876 0.070814
vt 0.628031 0.070814
vt 0.618185 0.070814
vt 0.608340 0.070814
vt 0.598495 0.070814
vt 0.588650 0.070814
vt 0.578804 0.070814
vt 0.568959 0.070814
vt 0.612644 0.974969
vt 0.612731 0.964555
vt 0.607622 0.955505
vt 0.598684 0.950245
vt 0.588314 0.950183
vt 0.579289 0.955337
vt 0.574029 0.964326
vt 0.573941 0.974740
vt 0.579052 0.983790
vt 0.587988 0.989049
vt 0.598359 0.989111
vt 0.607383 0.983958
vt 0.559114 0.056655
vt 0.549269 0.056655
vt 0.559114 0.034065
vt 0.549269 0.034065
vt 0.559114 0.006723
vt 0.549269 0.006723
vt 0.539423 0.056655
vt 0.539423 0.034065
vt 0.539423 0.006723
vt 0.657567 0.056655
vt 0.647722 0.056655
vt 0.657567 0.034065
vt 0.647721 0.034065
vt 0.657567 0.006723
vt 0.647722 0.006723
vt 0.637876 0.056655
vt 0.637876 0.034065
vt 0.637876 0.006723
vt 0.628031 0.056655
vt 0.628031 0.035633
vt 0.628890 0.000000
vt 0.618185 0.056655
vt 0.618185 0.034065
vt 0.627378 0.000118
vt 0.618185 0.006723
vt 0.608340 0.056655
vt 0.608340 0.034065
vt 0.608340 0.006723
vt 0.598495 0.056655
vt 0.598495 0.034065
vt 0.598495 0.006723
vt 0.588650 0.056655
vt 0.588650 0.034065
vt 0.588650 0.006723
vt 0.578804 0.056655
vt 0.578804 0.034065
vt 0.578804 0.006723
vt 0.568959 0.056655
vt 0.568959 0.034065
vt 0.568959 0.006723
vt 0.441883 0.763867
vt 0.451205 0.763867
vt 0.451233 0.753358
vt 0.441898 0.753358
vt 0.460611 0.763867
vt 0.460643 0.753358
vt 0.470115 0.763867
vt 0.470144 0.753358
vt 0.356613 0.763867
vt 0.366208 0.763867
vt 0.366224 0.753358
vt 0.356642 0.753358
vt 0.375855 0.763867
vt 0.375855 0.753358
vt 0.385502 0.763867
vt 0.385486 0.753358
vt 0.395097 0.763867
vt 0.395068 0.753358
vt 0.404602 0.763867
vt 0.404569 0.753358
vt 0.414007 0.763867
vt 0.413979 0.753358
vt 0.423330 0.763867
vt 0.423314 0.753358
vt 0.432606 0.763867
vt 0.432606 0.753358
vt 0.451301 0.737631
vt 0.441937 0.737631
vt 0.460722 0.737631
vt 0.470214 0.737631
vt 0.366265 0.737631
vt 0.356712 0.737631
vt 0.375855 0.737631
vt 0.385445 0.737631
vt 0.394998 0.737631
vt 0.404489 0.737631
vt 0.413912 0.737631
vt 0.423276 0.737631
vt 0.432606 0.739420
vt 0.430567 0.737631
vt 0.434645 0.737631
vt 0.451317 0.719079
vt 0.441947 0.719079
vt 0.460742 0.719079
vt 0.470231 0.719079
vt 0.366275 0.719079
vt 0.356729 0.719079
vt 0.375855 0.719079
vt 0.385434 0.719079
vt 0.394980 0.719079
vt 0.404470 0.719079
vt 0.413895 0.719079
vt 0.423266 0.719079
vt 0.430726 0.719079
vt 0.434487 0.719079
vt 0.451312 0.700527
vt 0.441943 0.700527
vt 0.460736 0.700527
vt 0.470226 0.700527
vt 0.366272 0.700527
vt 0.356723 0.700527
vt 0.375855 0.700527
vt 0.385438 0.700527
vt 0.394986 0.700527
vt 0.404477 0.700527
vt 0.413901 0.700527
vt 0.423269 0.700527
vt 0.432606 0.719418
vt 0.432606 0.700527
vt 0.451281 0.681263
vt 0.441926 0.681263
vt 0.460699 0.681263
vt 0.470194 0.681263
vt 0.366253 0.681263
vt 0.356691 0.681263
vt 0.375855 0.681263
vt 0.385457 0.681263
vt 0.395018 0.681263
vt 0.404513 0.681263
vt 0.413932 0.681263
vt 0.423287 0.681263
vt 0.432606 0.681263
vt 0.451225 0.666546
vt 0.441894 0.666546
vt 0.460635 0.666546
vt 0.470137 0.666546
vt 0.366220 0.666546
vt 0.356635 0.666546
vt 0.375855 0.666546
vt 0.385489 0.666546
vt 0.395076 0.666546
vt 0.404577 0.666546
vt 0.413986 0.666546
vt 0.423318 0.666546
vt 0.432606 0.668075
vt 0.428288 0.666546
vt 0.436924 0.666546
vt 0.735832 0.352239
vt 0.747286 0.352307
vt 0.757255 0.346615
vt 0.763065 0.336687
vt 0.763162 0.325184
vt 0.757517 0.315188
vt 0.747646 0.309377
vt 0.736191 0.309309
vt 0.726223 0.315002
vt 0.720412 0.324930
vt 0.720316 0.336433
vt 0.725960 0.346429
vt 0.451069 0.655177
vt 0.441805 0.655177
vt 0.451126 0.638755
vt 0.441837 0.638755
vt 0.441868 0.632419
vt 0.451181 0.632419
vt 0.451163 0.627296
vt 0.441858 0.627296
vt 0.460450 0.655177
vt 0.460517 0.638755
vt 0.460582 0.632419
vt 0.460560 0.627296
vt 0.469973 0.655177
vt 0.470033 0.638755
vt 0.470090 0.632419
vt 0.470071 0.627296
vt 0.366124 0.655177
vt 0.356470 0.655177
vt 0.366159 0.638755
vt 0.356531 0.638755
vt 0.356588 0.632419
vt 0.366193 0.632419
vt 0.366182 0.627296
vt 0.356569 0.627296
vt 0.375855 0.655177
vt 0.375855 0.643494
vt 0.374918 0.641773
vt 0.375278 0.634520
vt 0.375134 0.631478
vt 0.385586 0.655177
vt 0.385551 0.638755
vt 0.376792 0.641773
vt 0.376403 0.634543
vt 0.385517 0.632419
vt 0.385528 0.627296
vt 0.376576 0.631478
vt 0.395239 0.655177
vt 0.395179 0.638755
vt 0.395122 0.632419
vt 0.395141 0.627296
vt 0.404762 0.655177
vt 0.404695 0.638755
vt 0.404630 0.632419
vt 0.404651 0.627296
vt 0.414143 0.655177
vt 0.414086 0.638755
vt 0.414032 0.632419
vt 0.414049 0.627296
vt 0.423406 0.655177
vt 0.423374 0.638755
vt 0.423344 0.632419
vt 0.423354 0.627296
vt 0.426001 0.655177
vt 0.432606 0.650730
vt 0.432606 0.638755
vt 0.432606 0.632419
vt 0.432606 0.627296
vt 0.439212 0.655177
vt 0.451060 0.616922
vt 0.441800 0.616922
vt 0.441858 0.627296
vt 0.451163 0.627296
vt 0.460440 0.616922
vt 0.460560 0.627296
vt 0.469963 0.616922
vt 0.470071 0.627296
vt 0.366118 0.616922
vt 0.356461 0.616922
vt 0.356569 0.627296
vt 0.366182 0.627296
vt 0.375013 0.622472
vt 0.375134 0.631478
vt 0.385592 0.616922
vt 0.376495 0.622577
vt 0.376576 0.631478
vt 0.385528 0.627296
vt 0.395249 0.616922
vt 0.395141 0.627296
vt 0.404773 0.616922
vt 0.404651 0.627296
vt 0.414151 0.616922
vt 0.414049 0.627296
vt 0.423412 0.616922
vt 0.423354 0.627296
vt 0.432606 0.616922
vt 0.432606 0.627296
vt 0.940836 0.230576
vt 0.940836 0.219598
vt 0.937338 0.219266
vt 0.937338 0.232016
vt 0.992207 0.536560
vt 0.986915 0.536560
vt 0.986177 0.540041
vt 0.992189 0.540041
vt 0.727109 0.437265
vt 0.732402 0.433507
vt 0.737416 0.422529
vt 0.729734 0.424136
vt 0.775315 0.424136
vt 0.767632 0.422529
vt 0.772646 0.433507
vt 0.777939 0.437265
vt 0.991035 0.467214
vt 0.985006 0.467214
vt 0.983719 0.470769
vt 0.989952 0.472762
vt 0.719029 0.386958
vt 0.723017 0.380724
vt 0.718236 0.375350
vt 0.710752 0.378912
vt 0.791768 0.366271
vt 0.787726 0.366271
vt 0.786850 0.369825
vt 0.794297 0.371819
vt 0.794297 0.378912
vt 0.786813 0.375350
vt 0.782031 0.380725
vt 0.786019 0.386958
vt 0.516712 0.903626
vt 0.516712 0.898061
vt 0.513215 0.897774
vt 0.513215 0.903602
vt 0.516712 0.893186
vt 0.516712 0.888310
vt 0.513215 0.888268
vt 0.513215 0.893021
vt 0.516712 0.882456
vt 0.516712 0.876601
vt 0.513215 0.877347
vt 0.513215 0.882807
vt 0.516712 0.872175
vt 0.516712 0.867748
vt 0.513215 0.868987
vt 0.513215 0.873167
vt 0.773223 0.418571
vt 0.771132 0.413007
vt 0.765539 0.414128
vt 0.766586 0.418329
vt 0.768408 0.408131
vt 0.765685 0.403256
vt 0.759655 0.403418
vt 0.762597 0.408773
vt 0.765502 0.397401
vt 0.765320 0.391547
vt 0.760204 0.388375
vt 0.759929 0.395896
vt 0.767597 0.387120
vt 0.769876 0.382694
vt 0.765469 0.377323
vt 0.762836 0.382849
vt 0.940836 0.215397
vt 0.940836 0.211197
vt 0.937338 0.211443
vt 0.937338 0.215354
vt 0.940836 0.205842
vt 0.940836 0.200487
vt 0.937338 0.200524
vt 0.937338 0.205983
vt 0.940836 0.192965
vt 0.940836 0.185444
vt 0.937338 0.184805
vt 0.937338 0.192665
vt 0.940836 0.179918
vt 0.940836 0.174392
vt 0.937338 0.173331
vt 0.937338 0.179069
vt 0.738463 0.418328
vt 0.739510 0.414128
vt 0.733916 0.413007
vt 0.731825 0.418571
vt 0.742452 0.408772
vt 0.745393 0.403417
vt 0.739363 0.403256
vt 0.736640 0.408131
vt 0.745120 0.395896
vt 0.744845 0.388375
vt 0.739729 0.391547
vt 0.739546 0.397401
vt 0.742212 0.382848
vt 0.739580 0.377322
vt 0.735173 0.382693
vt 0.737451 0.387120
vt 0.734712 0.374812
vt 0.729845 0.372302
vt 0.728753 0.378745
vt 0.731964 0.380719
vt 0.642210 0.649104
vt 0.642196 0.652299
vt 0.645722 0.652489
vt 0.645722 0.649705
vt 0.773085 0.380719
vt 0.776295 0.378745
vt 0.775204 0.372302
vt 0.770337 0.374812
vt 0.770454 0.369783
vt 0.775298 0.369797
vt 0.775056 0.366271
vt 0.769900 0.366271
vt 0.781051 0.369811
vt 0.781366 0.366271
vt 0.779151 0.379731
vt 0.780985 0.373819
vt 0.642182 0.655142
vt 0.642168 0.658008
vt 0.645722 0.657720
vt 0.645722 0.655093
vt 0.724063 0.373819
vt 0.725896 0.379731
vt 0.986915 0.543521
vt 0.992207 0.543521
vt 0.933842 0.219598
vt 0.933842 0.230576
vt 0.933842 0.211197
vt 0.933842 0.215397
vt 0.933842 0.200487
vt 0.933842 0.205842
vt 0.933842 0.185444
vt 0.933842 0.192965
vt 0.933842 0.174392
vt 0.933842 0.179918
vt 0.775298 0.362746
vt 0.770454 0.362760
vt 0.786850 0.362717
vt 0.781051 0.362732
vt 0.794297 0.360723
vt 0.509718 0.898061
vt 0.509718 0.903626
vt 0.509718 0.888310
vt 0.509718 0.893186
vt 0.509718 0.876601
vt 0.509718 0.882456
vt 0.509718 0.867748
vt 0.509718 0.872175
vt 0.649248 0.652299
vt 0.649234 0.649104
vt 0.649276 0.658008
vt 0.649262 0.655142
vt 0.989952 0.461667
vt 0.983719 0.463660
vt 0.642225 0.645911
vt 0.645722 0.646922
vt 0.649219 0.645911
vt 0.765610 0.369768
vt 0.764744 0.366271
vt 0.765610 0.362774
vt 0.516712 0.909191
vt 0.513215 0.909430
vt 0.509718 0.909191
vt 0.240210 0.884474
vt 0.243935 0.884448
vt 0.244077 0.887966
vt 0.244077 0.887966
vt 0.240116 0.887993
vt 0.240210 0.884474
vt 0.951370 0.857301
vt 0.954842 0.856786
vt 0.955702 0.864157
vt 0.952236 0.865003
vt 0.684773 0.551162
vt 0.690301 0.551519
vt 0.687143 0.557350
vt 0.352147 0.654328
vt 0.348677 0.653799
vt 0.349577 0.646099
vt 0.353038 0.646960
vt 0.717923 0.859811
vt 0.714915 0.865448
vt 0.711888 0.859908
vt 0.716489 0.875294
vt 0.714915 0.865448
vt 0.726242 0.865267
vt 0.725121 0.875157
vt 0.349847 0.666452
vt 0.346316 0.666365
vt 0.348677 0.653799
vt 0.352147 0.654328
vt 0.695919 0.568317
vt 0.687792 0.567793
vt 0.687143 0.557350
vt 0.697807 0.558038
vt 0.949064 0.844724
vt 0.952595 0.844652
vt 0.954842 0.856786
vt 0.951370 0.857301
vt 0.725167 0.931826
vt 0.718577 0.931932
vt 0.718577 0.931932
vt 0.721374 0.946396
vt 0.715454 0.946490
vt 0.952971 0.778956
vt 0.956480 0.779301
vt 0.939345 0.121660
vt 0.939426 0.125208
vt 0.922331 0.125112
vt 0.922300 0.121586
vt 0.233338 0.884468
vt 0.232982 0.887999
vt 0.216412 0.886329
vt 0.216767 0.882799
vt 0.691360 0.625571
vt 0.685156 0.625171
vt 0.688100 0.639987
vt 0.691360 0.625571
vt 0.693628 0.640344
vt 0.684738 0.649587
vt 0.680127 0.654100
vt 0.681047 0.639532
vt 0.681047 0.639532
vt 0.685280 0.641021
vt 0.684738 0.649587
vt 0.353448 0.731818
vt 0.349937 0.732148
vt 0.922301 0.167058
vt 0.922381 0.163509
vt 0.939426 0.163435
vt 0.939395 0.166961
vt 0.251210 0.887872
vt 0.250805 0.884346
vt 0.267352 0.882446
vt 0.267756 0.885971
vt 0.715718 0.960995
vt 0.721573 0.957336
vt 0.723097 0.957312
vt 0.715718 0.960995
vt 0.723097 0.957312
vt 0.729081 0.960781
vt 0.715718 0.960995
vt 0.729081 0.960781
vt 0.724211 0.964686
vt 0.715718 0.960995
vt 0.724211 0.964686
vt 0.720728 0.964742
vt 0.240210 0.884474
vt 0.240116 0.887993
vt 0.232982 0.887999
vt 0.232982 0.887999
vt 0.233338 0.884468
vt 0.240210 0.884474
vt 0.680127 0.654100
vt 0.685880 0.650877
vt 0.687406 0.650975
vt 0.680127 0.654100
vt 0.687406 0.650975
vt 0.692707 0.654911
vt 0.680127 0.654100
vt 0.692707 0.654911
vt 0.687813 0.658453
vt 0.680127 0.654100
vt 0.687813 0.658453
vt 0.684535 0.658241
vt 0.244077 0.887966
vt 0.243935 0.884448
vt 0.250805 0.884346
vt 0.250805 0.884346
vt 0.251210 0.887872
vt 0.244077 0.887966
vt 0.720334 0.956150
vt 0.715718 0.960995
vt 0.715454 0.946490
vt 0.715454 0.946490
vt 0.720179 0.947620
vt 0.720334 0.956150
vt 0.793287 0.923974
vt 0.793297 0.924001
vt 0.796391 0.931682
vt 0.796391 0.931682
vt 0.796380 0.931655
vt 0.793287 0.923974
vt 0.795294 0.921904
vt 0.795305 0.921931
vt 0.793946 0.922479
vt 0.793946 0.922479
vt 0.793935 0.922452
vt 0.795294 0.921904
vt 0.773025 0.362208
vt 0.773053 0.362209
vt 0.764772 0.362209
vt 0.764772 0.362209
vt 0.764744 0.362209
vt 0.773025 0.362208
vt 0.921554 0.752564
vt 0.921590 0.752564
vt 0.921590 0.754052
vt 0.921590 0.754052
vt 0.921554 0.754052
vt 0.921554 0.752564
vt 0.724136 0.947557
vt 0.728817 0.946277
vt 0.729081 0.960781
vt 0.729081 0.960781
vt 0.724292 0.956087
vt 0.724136 0.947557
vt 0.689242 0.641276
vt 0.693628 0.640344
vt 0.692707 0.654911
vt 0.692707 0.654911
vt 0.688700 0.649843
vt 0.689242 0.641276
vt 0.793287 0.923974
vt 0.793935 0.922452
vt 0.793946 0.922479
vt 0.793946 0.922479
vt 0.793297 0.924001
vt 0.793287 0.923974
vt 0.796405 0.923473
vt 0.794750 0.923440
vt 0.794770 0.923420
vt 0.794770 0.923420
vt 0.796426 0.923453
vt 0.796405 0.923473
vt 0.795294 0.921904
vt 0.796817 0.922552
vt 0.796828 0.922579
vt 0.796828 0.922579
vt 0.795305 0.921931
vt 0.795294 0.921904
vt 0.773025 0.362208
vt 0.774195 0.361038
vt 0.774222 0.361038
vt 0.774222 0.361038
vt 0.773053 0.362209
vt 0.773025 0.362208
vt 0.685880 0.650877
vt 0.680127 0.654100
vt 0.684738 0.649587
vt 0.724292 0.956087
vt 0.729081 0.960781
vt 0.723097 0.957312
vt 0.685280 0.641021
vt 0.681047 0.639532
vt 0.686575 0.639889
vt 0.722897 0.946371
vt 0.728817 0.946277
vt 0.724136 0.947557
vt 0.688700 0.649843
vt 0.692707 0.654911
vt 0.687406 0.650975
vt 0.721573 0.957336
vt 0.715718 0.960995
vt 0.720334 0.956150
vt 0.688100 0.639987
vt 0.693628 0.640344
vt 0.689242 0.641276
vt 0.720179 0.947620
vt 0.715454 0.946490
vt 0.721374 0.946396
vt 0.722897 0.946371
vt 0.725167 0.931826
vt 0.728817 0.946277
vt 0.722897 0.946371
vt 0.721374 0.946396
vt 0.685156 0.625171
vt 0.686575 0.639889
vt 0.681047 0.639532
vt 0.688100 0.639987
vt 0.686575 0.639889
vt 0.935381 0.840921
vt 0.945660 0.854815
vt 0.945624 0.865045
vt 0.945624 0.865045
vt 0.935346 0.851150
vt 0.935381 0.840921
vt 0.919457 0.928412
vt 0.928682 0.928828
vt 0.929932 0.966937
vt 0.922274 0.971354
vt 0.808132 0.845605
vt 0.817353 0.845310
vt 0.813982 0.888276
vt 0.806390 0.883751
vt 0.731804 0.844397
vt 0.724119 0.841840
vt 0.724548 0.834366
vt 0.732387 0.834252
vt 0.724881 0.824238
vt 0.731775 0.824138
vt 0.725277 0.814115
vt 0.730677 0.814038
vt 0.725983 0.802708
vt 0.936064 0.937642
vt 0.945379 0.927093
vt 0.945169 0.951435
vt 0.935854 0.961983
vt 0.936955 0.903027
vt 0.944979 0.898060
vt 0.938231 0.866494
vt 0.944211 0.870361
vt 0.776171 0.371561
vt 0.776292 0.371602
vt 0.764744 0.371819
vt 0.684062 0.517228
vt 0.690080 0.517606
vt 0.689901 0.527779
vt 0.683057 0.527350
vt 0.685484 0.507125
vt 0.690197 0.507421
vt 0.690101 0.495848
vt 0.920115 0.899692
vt 0.929340 0.900107
vt 0.922327 0.870931
vt 0.930441 0.871296
vt 0.925262 0.842158
vt 0.931616 0.842444
vt 0.685484 0.507125
vt 0.684777 0.506905
vt 0.690101 0.495848
vt 0.936371 0.793647
vt 0.946649 0.807541
vt 0.945952 0.832943
vt 0.935673 0.819050
vt 0.938032 0.763706
vt 0.946874 0.770146
vt 0.939833 0.736875
vt 0.946946 0.734342
vt 0.713781 0.814419
vt 0.713746 0.814303
vt 0.712294 0.802905
vt 0.707686 0.824526
vt 0.714272 0.824410
vt 0.715291 0.834513
vt 0.707452 0.834650
vt 0.708667 0.814392
vt 0.713746 0.814303
vt 0.712294 0.802905
vt 0.808109 0.816882
vt 0.817330 0.816587
vt 0.807655 0.788087
vt 0.815403 0.787839
vt 0.806711 0.759263
vt 0.812688 0.759072
vt 0.804465 0.726428
vt 0.704314 0.538891
vt 0.697919 0.535795
vt 0.699170 0.528376
vt 0.706011 0.528831
vt 0.700702 0.518287
vt 0.706451 0.518668
vt 0.701743 0.508161
vt 0.706177 0.508455
vt 0.703798 0.496702
vt 0.683130 0.537524
vt 0.692654 0.538126
vt 0.708636 0.844766
vt 0.719152 0.844586
vt 0.935346 0.983499
vt 0.935854 0.961983
vt 0.945169 0.951435
vt 0.945169 0.951435
vt 0.944662 0.972950
vt 0.935346 0.983499
vt 0.935381 0.840921
vt 0.935673 0.819050
vt 0.945952 0.832943
vt 0.945952 0.832943
vt 0.945660 0.854815
vt 0.935381 0.840921
vt 0.723000 0.859730
vt 0.721288 0.844552
vt 0.694792 0.538264
vt 0.695385 0.551847
vt 0.697807 0.558038
vt 0.700914 0.552204
vt 0.729034 0.859634
vt 0.726242 0.865267
vt 0.191296 0.526996
vt 0.191296 0.556404
vt 0.181187 0.556404
vt 0.181187 0.526996
vt 0.191296 0.585813
vt 0.181187 0.585813
vt 0.191296 0.615221
vt 0.181187 0.615221
vt 0.191296 0.644629
vt 0.181187 0.644629
vt 0.191296 0.674037
vt 0.181187 0.674037
vt 0.191296 0.703445
vt 0.181187 0.703445
vt 0.191296 0.732853
vt 0.181187 0.732853
vt 0.191296 0.762261
vt 0.181187 0.762261
vt 0.191296 0.791669
vt 0.181187 0.791669
vt 0.191296 0.821078
vt 0.181187 0.821078
vt 0.191296 0.850486
vt 0.181187 0.850486
vt 0.191296 0.879894
vt 0.181187 0.879894
vt 0.366484 0.324248
vt 0.393866 0.296866
vt 0.431270 0.286844
vt 0.468675 0.296866
vt 0.496057 0.324248
vt 0.506079 0.361652
vt 0.496057 0.399057
vt 0.468675 0.426439
vt 0.431270 0.436462
vt 0.393866 0.426439
vt 0.366484 0.399057
vt 0.356461 0.361652
vt 0.090210 0.732853
vt 0.090210 0.762261
vt 0.079797 0.762261
vt 0.079797 0.732853
vt 0.090210 0.703445
vt 0.079797 0.703445
vt 0.090210 0.674037
vt 0.079797 0.674037
vt 0.090210 0.644629
vt 0.079797 0.644629
vt 0.090210 0.615221
vt 0.079797 0.615221
vt 0.090210 0.585813
vt 0.079797 0.585813
vt 0.090210 0.556404
vt 0.079797 0.556404
vt 0.090210 0.526996
vt 0.079797 0.526996
vt 0.090210 0.850486
vt 0.090210 0.879894
vt 0.079797 0.879894
vt 0.079797 0.850486
vt 0.090210 0.821078
vt 0.079797 0.821078
vt 0.090210 0.791669
vt 0.079797 0.791669
vt 0.173000 0.762261
vt 0.173000 0.732853
vt 0.173000 0.703445
vt 0.173000 0.674037
vt 0.173000 0.644629
vt 0.173000 0.615221
vt 0.173000 0.585813
vt 0.173000 0.556404
vt 0.173000 0.526996
vt 0.173000 0.879894
vt 0.173000 0.850486
vt 0.173000 0.821078
vt 0.173000 0.791669
vt 0.099307 0.703445
vt 0.099307 0.732853
vt 0.099307 0.674037
vt 0.099307 0.644629
vt 0.099307 0.615221
vt 0.099307 0.585813
vt 0.099307 0.556404
vt 0.099307 0.526996
vt 0.099307 0.850486
vt 0.099307 0.879894
vt 0.099307 0.821078
vt 0.099307 0.791669
vt 0.099307 0.762261
vt 0.079797 0.526996
vt 0.079797 0.556404
vt 0.067328 0.556404
vt 0.067328 0.526996
vt 0.079797 0.585813
vt 0.067328 0.585813
vt 0.079797 0.615221
vt 0.067328 0.615221
vt 0.079797 0.644629
vt 0.067328 0.644629
vt 0.079797 0.674037
vt 0.067328 0.674037
vt 0.079797 0.703445
vt 0.067328 0.703445
vt 0.079797 0.732853
vt 0.067328 0.732853
vt 0.079797 0.762261
vt 0.067328 0.762261
vt 0.079797 0.791669
vt 0.067328 0.791669
vt 0.079797 0.821078
vt 0.067328 0.821078
vt 0.079797 0.850486
vt 0.067328 0.850486
vt 0.079797 0.879894
vt 0.067328 0.879894
vt 0.325427 0.481170
vt 0.355012 0.481170
vt 0.355012 0.525547
vt 0.325427 0.525547
vt 0.295844 0.481170
vt 0.295844 0.525547
vt 0.266259 0.481170
vt 0.266259 0.525547
vt 0.236675 0.481170
vt 0.236675 0.525547
vt 0.207090 0.481170
vt 0.207090 0.525547
vt 0.177506 0.481170
vt 0.177506 0.525547
vt 0.147921 0.481170
vt 0.147921 0.525547
vt 0.118337 0.481170
vt 0.118337 0.525547
vt 0.088753 0.481170
vt 0.088753 0.525547
vt 0.059168 0.481170
vt 0.059168 0.525547
vt 0.029584 0.481170
vt 0.029584 0.525547
vt 0.000000 0.481170
vt 0.000000 0.525547
vt 0.325427 0.436793
vt 0.355012 0.436793
vt 0.295844 0.436793
vt 0.266259 0.436793
vt 0.236675 0.436793
vt 0.207090 0.436793
vt 0.177506 0.436793
vt 0.147921 0.436793
vt 0.118337 0.436793
vt 0.088753 0.436793
vt 0.059168 0.436793
vt 0.029584 0.436793
vt 0.000000 0.436793
vt 0.325427 0.392417
vt 0.355012 0.392417
vt 0.295844 0.392417
vt 0.266259 0.392417
vt 0.236675 0.392417
vt 0.207090 0.392417
vt 0.177506 0.392417
vt 0.147921 0.392417
vt 0.118337 0.392417
vt 0.088753 0.392417
vt 0.059168 0.392417
vt 0.029584 0.392417
vt 0.000000 0.392417
vt 0.325427 0.348040
vt 0.355012 0.348040
vt 0.295844 0.348040
vt 0.266259 0.348040
vt 0.236675 0.348040
vt 0.207090 0.348040
vt 0.177506 0.348040
vt 0.147921 0.348040
vt 0.118337 0.348040
vt 0.088753 0.348040
vt 0.059168 0.348040
vt 0.029584 0.348040
vt 0.000000 0.348040
vt 0.325427 0.303664
vt 0.355012 0.303664
vt 0.295844 0.303664
vt 0.266259 0.303664
vt 0.236675 0.303664
vt 0.207090 0.303664
vt 0.177506 0.303664
vt 0.147921 0.303664
vt 0.118337 0.303664
vt 0.088753 0.303664
vt 0.059168 0.303664
vt 0.029584 0.303664
vt 0.000000 0.303664
vt 0.325427 0.219778
vt 0.355012 0.219778
vt 0.295844 0.219778
vt 0.266259 0.219778
vt 0.236675 0.219778
vt 0.207090 0.219778
vt 0.177506 0.219778
vt 0.147921 0.219778
vt 0.118337 0.219778
vt 0.088753 0.219778
vt 0.059168 0.219778
vt 0.029584 0.219778
vt 0.000000 0.219778
vt 0.325427 0.178736
vt 0.355012 0.178736
vt 0.325427 0.099297
vt 0.355012 0.099297
vt 0.325427 0.025156
vt 0.355012 0.025156
vt 0.355012 0.066198
vt 0.325427 0.066198
vt 0.295844 0.178736
vt 0.295844 0.099297
vt 0.295844 0.025156
vt 0.295844 0.066198
vt 0.266259 0.178736
vt 0.266259 0.099297
vt 0.266259 0.025156
vt 0.266259 0.066198
vt 0.236675 0.178736
vt 0.236675 0.099297
vt 0.236675 0.025156
vt 0.236675 0.066198
vt 0.207090 0.178736
vt 0.207090 0.099297
vt 0.207090 0.025156
vt 0.207090 0.066198
vt 0.177506 0.178736
vt 0.177506 0.099297
vt 0.177506 0.025156
vt 0.177506 0.066198
vt 0.147921 0.178736
vt 0.147921 0.099297
vt 0.147921 0.025156
vt 0.147921 0.066198
vt 0.118337 0.178736
vt 0.118337 0.099297
vt 0.118337 0.025156
vt 0.118337 0.066198
vt 0.088753 0.178736
vt 0.088753 0.099297
vt 0.088753 0.025156
vt 0.088753 0.066198
vt 0.059168 0.178736
vt 0.059168 0.099297
vt 0.059168 0.025156
vt 0.059168 0.066198
vt 0.029584 0.178736
vt 0.029584 0.099297
vt 0.029584 0.025156
vt 0.029584 0.066198
vt 0.000000 0.178736
vt 0.000000 0.099297
vt 0.000000 0.025156
vt 0.000000 0.066198
vt 0.355012 0.025156
vt 0.325427 0.025156
vt 0.325427 0.000000
vt 0.355012 0.000000
vt 0.295844 0.025156
vt 0.295844 0.000000
vt 0.266259 0.025156
vt 0.266259 0.000000
vt 0.236675 0.025156
vt 0.236675 0.000000
vt 0.207090 0.025156
vt 0.207090 0.000000
vt 0.177506 0.025156
vt 0.177506 0.000000
vt 0.147921 0.025156
vt 0.147921 0.000000
vt 0.118337 0.025156
vt 0.118337 0.000000
vt 0.088753 0.025156
vt 0.088753 0.000000
vt 0.059168 0.025156
vt 0.059168 0.000000
vt 0.029584 0.025156
vt 0.029584 0.000000
vt 0.000000 0.025156
vt 0.000000 0.000000
vt 0.211571 0.761770
vt 0.238287 0.760962
vt 0.238436 0.811264
vt 0.211661 0.811668
vt 0.192516 0.810241
vt 0.192263 0.762694
vt 0.612710 0.270337
vt 0.613649 0.317884
vt 0.600706 0.314543
vt 0.598089 0.270526
vt 0.585233 0.313219
vt 0.569325 0.316086
vt 0.572149 0.270474
vt 0.584915 0.270715
vt 0.539715 0.269223
vt 0.559379 0.270233
vt 0.559077 0.317800
vt 0.539423 0.319216
vt 0.343751 0.633046
vt 0.344022 0.683039
vt 0.317335 0.682518
vt 0.317212 0.632004
vt 0.290624 0.682207
vt 0.290623 0.631383
vt 0.612981 0.477424
vt 0.613212 0.528248
vt 0.593576 0.528145
vt 0.593352 0.477218
vt 0.566767 0.528240
vt 0.566569 0.477406
vt 0.539916 0.477822
vt 0.540024 0.528448
vt 0.265160 0.760631
vt 0.284898 0.760315
vt 0.284981 0.810940
vt 0.265290 0.811098
vt 0.211751 0.667957
vt 0.237667 0.663817
vt 0.632085 0.269414
vt 0.613714 0.179080
vt 0.632348 0.175601
vt 0.601929 0.184927
vt 0.573632 0.182250
vt 0.589330 0.189453
vt 0.542420 0.173331
vt 0.561890 0.178067
vt 0.314815 0.531152
vt 0.341128 0.537154
vt 0.288810 0.526996
vt 0.591665 0.371824
vt 0.610799 0.373879
vt 0.565483 0.372191
vt 0.539423 0.374275
vt 0.266516 0.659121
vt 0.286592 0.655930
vt 0.084726 0.967954
vt 0.061946 0.982603
vt 0.054155 0.957167
vt 0.065573 0.949980
vt 0.035912 0.983843
vt 0.041188 0.957727
vt 0.022928 0.979017
vt 0.030137 0.951534
vt 0.007833 0.976979
vt 0.003360 0.961388
vt 0.000958 0.948833
vt 0.000000 0.920800
vt 0.023306 0.925637
vt 0.023039 0.939006
vt 0.013191 0.896949
vt 0.030060 0.913781
vt 0.036142 0.882336
vt 0.041561 0.906574
vt 0.062719 0.880860
vt 0.054735 0.905937
vt 0.085593 0.892977
vt 0.066006 0.912067
vt 0.098709 0.917108
vt 0.072314 0.923359
vt 0.098246 0.943940
vt 0.071964 0.936804
vt 0.047128 0.931059
vt 0.702459 0.950150
vt 0.686713 0.951866
vt 0.686651 0.904357
vt 0.700830 0.904317
vt 0.267220 0.621797
vt 0.261506 0.653426
vt 0.248527 0.637288
vt 0.217666 0.623737
vt 0.233753 0.617717
vt 0.230974 0.652193
vt 0.238284 0.592618
vt 0.224580 0.593377
vt 0.233025 0.568397
vt 0.250334 0.573474
vt 0.251802 0.610478
vt 0.217670 0.561618
vt 0.231948 0.533598
vt 0.286295 0.545970
vt 0.266555 0.565710
vt 0.261659 0.526996
vt 0.286295 0.639380
vt 0.902130 0.369254
vt 0.902130 0.371795
vt 0.883223 0.371795
vt 0.883223 0.369254
vt 0.902130 0.374337
vt 0.902130 0.376878
vt 0.883223 0.376878
vt 0.883223 0.374337
vt 0.921038 0.371795
vt 0.921038 0.376878
vt 0.524225 0.931912
vt 0.530828 0.931912
vt 0.527526 0.903551
vt 0.238586 0.861565
vt 0.211707 0.836616
vt 0.265419 0.861565
vt 0.192643 0.834015
vt 0.614119 0.341658
vt 0.604567 0.359621
vt 0.586621 0.356756
vt 0.567383 0.362791
vt 0.704087 0.995983
vt 0.686775 0.999376
vt 0.559582 0.366494
vt 0.539746 0.370374
vt 0.344126 0.734197
vt 0.317459 0.733032
vt 0.289801 0.734197
vt 0.614030 0.580239
vt 0.594331 0.580269
vt 0.567098 0.580239
vt 0.540001 0.580239
vt 0.285063 0.861565
vt 0.261506 0.653426
vt 0.286295 0.639380
vt 0.238586 0.861565
vt 0.211752 0.861565
vt 0.192770 0.857788
vt 0.615942 0.366560
vt 0.212749 0.592678
vt 0.704525 0.253011
vt 0.719349 0.253011
vt 0.719349 0.272926
vt 0.704525 0.272926
vt 0.719349 0.292841
vt 0.704525 0.292841
vt 0.719349 0.312757
vt 0.704525 0.312757
vt 0.719349 0.332672
vt 0.704525 0.332672
vt 0.719349 0.352588
vt 0.704525 0.352588
vt 0.719349 0.332672
vt 0.704525 0.332672
vt 0.719349 0.312757
vt 0.704525 0.312757
vt 0.719349 0.292841
vt 0.704525 0.292841
vt 0.719349 0.272926
vt 0.704525 0.272926
vt 0.719349 0.253011
vt 0.704525 0.253011
vt 0.719349 0.233095
vt 0.704525 0.233095
vt 0.719349 0.213180
vt 0.704525 0.213180
vt 0.719349 0.193264
vt 0.704525 0.193264
vt 0.719349 0.173331
vt 0.704525 0.173331
vt 0.719349 0.193264
vt 0.704525 0.193264
vt 0.719349 0.213180
vt 0.704525 0.213180
vt 0.719349 0.233095
vt 0.704525 0.233095
vt 0.832344 0.510517
vt 0.843355 0.512459
vt 0.854366 0.510517
vt 0.864049 0.504927
vt 0.871236 0.496362
vt 0.875061 0.485855
vt 0.875061 0.474673
vt 0.871236 0.464167
vt 0.864049 0.455601
vt 0.854366 0.450011
vt 0.843355 0.448069
vt 0.832344 0.450011
vt 0.822660 0.455601
vt 0.815473 0.464167
vt 0.811649 0.474673
vt 0.811649 0.485855
vt 0.815473 0.496361
vt 0.822660 0.504927
vt 0.677204 0.253011
vt 0.677204 0.272926
vt 0.656132 0.272926
vt 0.656132 0.253011
vt 0.677204 0.292841
vt 0.656132 0.292841
vt 0.677204 0.233095
vt 0.656132 0.233095
vt 0.677204 0.312757
vt 0.656132 0.312757
vt 0.677204 0.332672
vt 0.656132 0.332672
vt 0.677204 0.352588
vt 0.656132 0.352588
vt 0.677204 0.332672
vt 0.656132 0.332672
vt 0.677204 0.312757
vt 0.656132 0.312757
vt 0.677204 0.292841
vt 0.656132 0.292841
vt 0.677204 0.272926
vt 0.656132 0.272926
vt 0.677204 0.253011
vt 0.656132 0.253011
vt 0.677204 0.233095
vt 0.656132 0.233095
vt 0.677204 0.213180
vt 0.656132 0.213180
vt 0.677204 0.193264
vt 0.656132 0.193264
vt 0.677204 0.173331
vt 0.656132 0.173331
vt 0.677204 0.193264
vt 0.656132 0.193264
vt 0.677204 0.213180
vt 0.656132 0.213180
vt 0.690115 0.253011
vt 0.690115 0.272926
vt 0.690115 0.292841
vt 0.690115 0.312757
vt 0.690115 0.332672
vt 0.690115 0.352588
vt 0.690115 0.332672
vt 0.690115 0.312757
vt 0.690115 0.292841
vt 0.690115 0.272926
vt 0.690115 0.253011
vt 0.690115 0.233095
vt 0.690115 0.213180
vt 0.690115 0.193264
vt 0.690115 0.173331
vt 0.690115 0.193264
vt 0.690115 0.213180
vt 0.690115 0.233095
vt 0.635059 0.272926
vt 0.635059 0.253011
vt 0.635059 0.233095
vt 0.635059 0.292841
vt 0.635059 0.312757
vt 0.635059 0.332672
vt 0.635059 0.352588
vt 0.635059 0.332672
vt 0.635059 0.312757
vt 0.635059 0.292841
vt 0.635059 0.272926
vt 0.635059 0.253011
vt 0.635059 0.233095
vt 0.635059 0.213180
vt 0.635059 0.193264
vt 0.635059 0.173331
vt 0.635059 0.193264
vt 0.635059 0.213180
vt 0.719349 0.272926
vt 0.719349 0.253011
vt 0.704525 0.253011
vt 0.704525 0.272926
vt 0.719349 0.292841
vt 0.704525 0.292841
vt 0.719349 0.312757
vt 0.704525 0.312757
vt 0.719349 0.332672
vt 0.704525 0.332672
vt 0.719349 0.352588
vt 0.704525 0.352588
vt 0.719349 0.332672
vt 0.704525 0.332672
vt 0.719349 0.312757
vt 0.704525 0.312757
vt 0.719349 0.292841
vt 0.704525 0.292841
vt 0.719349 0.272926
vt 0.704525 0.272926
vt 0.719349 0.253011
vt 0.704525 0.253011
vt 0.719349 0.233095
vt 0.704525 0.233095
vt 0.719349 0.213180
vt 0.704525 0.213180
vt 0.719349 0.193264
vt 0.704525 0.193264
vt 0.719349 0.173331
vt 0.704525 0.173331
vt 0.719349 0.193264
vt 0.704525 0.193264
vt 0.719349 0.213180
vt 0.704525 0.213180
vt 0.719349 0.233095
vt 0.704525 0.233095
vt 0.832344 0.510517
vt 0.822660 0.504927
vt 0.815473 0.496361
vt 0.811649 0.485855
vt 0.811649 0.474673
vt 0.815473 0.464167
vt 0.822660 0.455601
vt 0.832344 0.450011
vt 0.843355 0.448069
vt 0.854366 0.450011
vt 0.864049 0.455601
vt 0.871236 0.464167
vt 0.875061 0.474673
vt 0.875061 0.485855
vt 0.871236 0.496362
vt 0.864049 0.504927
vt 0.854366 0.510517
vt 0.843355 0.512459
vt 0.656132 0.272926
vt 0.677204 0.272926
vt 0.677204 0.253011
vt 0.656132 0.253011
vt 0.656132 0.292841
vt 0.677204 0.292841
vt 0.677204 0.233095
vt 0.656132 0.233095
vt 0.656132 0.312757
vt 0.677204 0.312757
vt 0.656132 0.332672
vt 0.677204 0.332672
vt 0.656132 0.352588
vt 0.677204 0.352588
vt 0.656132 0.332672
vt 0.677204 0.332672
vt 0.656132 0.312757
vt 0.677204 0.312757
vt 0.656132 0.292841
vt 0.677204 0.292841
vt 0.656132 0.272926
vt 0.677204 0.272926
vt 0.656132 0.253011
vt 0.677204 0.253011
vt 0.656132 0.233095
vt 0.677204 0.233095
vt 0.656132 0.213180
vt 0.677204 0.213180
vt 0.656132 0.193264
vt 0.677204 0.193264
vt 0.656132 0.173331
vt 0.677204 0.173331
vt 0.656132 0.193264
vt 0.677204 0.193264
vt 0.656132 0.213180
vt 0.677204 0.213180
vt 0.690115 0.272926
vt 0.690115 0.253011
vt 0.690115 0.292841
vt 0.690115 0.312757
vt 0.690115 0.332672
vt 0.690115 0.352588
vt 0.690115 0.332672
vt 0.690115 0.312757
vt 0.690115 0.292841
vt 0.690115 0.272926
vt 0.690115 0.253011
vt 0.690115 0.233095
vt 0.690115 0.213180
vt 0.690115 0.193264
vt 0.690115 0.173331
vt 0.690115 0.193264
vt 0.690115 0.213180
vt 0.690115 0.233095
vt 0.635059 0.272926
vt 0.635059 0.253011
vt 0.635059 0.233095
vt 0.635059 0.292841
vt 0.635059 0.312757
vt 0.635059 0.332672
vt 0.635059 0.352588
vt 0.635059 0.332672
vt 0.635059 0.312757
vt 0.635059 0.292841
vt 0.635059 0.272926
vt 0.635059 0.253011
vt 0.635059 0.233095
vt 0.635059 0.213180
vt 0.635059 0.193264
vt 0.635059 0.173331
vt 0.635059 0.193264
vt 0.635059 0.213180
vt 0.635059 0.272926
vt 0.635059 0.253011
vt 0.635059 0.233095
vt 0.635059 0.292841
vt 0.635059 0.312757
vt 0.635059 0.332672
vt 0.635059 0.352588
vt 0.635059 0.332672
vt 0.635059 0.312757
vt 0.635059 0.292841
vt 0.635059 0.272926
vt 0.635059 0.253011
vt 0.635059 0.233095
vt 0.635059 0.213180
vt 0.635059 0.193264
vt 0.635059 0.173331
vt 0.635059 0.193264
vt 0.635059 0.213180
vt 0.435912 0.915112
vt 0.431367 0.916594
vt 0.426586 0.916600
vt 0.422037 0.915128
vt 0.418166 0.912322
vt 0.415351 0.908458
vt 0.413868 0.903912
vt 0.413863 0.899131
vt 0.415335 0.894582
vt 0.418141 0.890710
vt 0.422006 0.887896
vt 0.426551 0.886414
vt 0.431332 0.886408
vt 0.435881 0.887881
vt 0.439752 0.890687
vt 0.442567 0.894551
vt 0.444049 0.899097
vt 0.444055 0.903878
vt 0.442582 0.908427
vt 0.439776 0.912297
vt 0.194963 0.614980
vt 0.194963 0.605851
vt 0.202358 0.605851
vt 0.202358 0.614980
vt 0.194963 0.596721
vt 0.202358 0.596721
vt 0.194963 0.587592
vt 0.202358 0.587592
vt 0.194963 0.578463
vt 0.202358 0.578463
vt 0.194963 0.761050
vt 0.194963 0.751920
vt 0.202358 0.751920
vt 0.202358 0.761050
vt 0.194963 0.742791
vt 0.202358 0.742791
vt 0.194963 0.733661
vt 0.202358 0.733661
vt 0.194963 0.724532
vt 0.202358 0.724532
vt 0.194963 0.715403
vt 0.202358 0.715403
vt 0.194963 0.706273
vt 0.202358 0.706273
vt 0.194963 0.697144
vt 0.202358 0.697144
vt 0.194963 0.688014
vt 0.202358 0.688014
vt 0.194963 0.678885
vt 0.202358 0.678885
vt 0.194963 0.669756
vt 0.202358 0.669756
vt 0.194963 0.660627
vt 0.202358 0.660627
vt 0.194963 0.651498
vt 0.202358 0.651498
vt 0.194963 0.642368
vt 0.202358 0.642368
vt 0.194963 0.633239
vt 0.202358 0.633239
vt 0.194963 0.624109
vt 0.202358 0.624109
vt 0.211852 0.605851
vt 0.211852 0.614980
vt 0.211852 0.596721
vt 0.211852 0.587592
vt 0.211852 0.578463
vt 0.211852 0.751920
vt 0.211852 0.761050
vt 0.211852 0.742791
vt 0.211852 0.733661
vt 0.211852 0.724532
vt 0.211852 0.715403
vt 0.211852 0.706273
vt 0.211852 0.697144
vt 0.211852 0.688014
vt 0.211852 0.678885
vt 0.211852 0.669756
vt 0.211852 0.660627
vt 0.211852 0.651498
vt 0.211852 0.642368
vt 0.211852 0.633239
vt 0.211852 0.624109
vt 0.788204 0.872499
vt 0.788204 0.881628
vt 0.784281 0.881627
vt 0.784282 0.872499
vt 0.788204 0.890757
vt 0.784281 0.890757
vt 0.788204 0.899886
vt 0.784281 0.899886
vt 0.788204 0.909015
vt 0.784281 0.909015
vt 0.788204 0.726428
vt 0.788203 0.735558
vt 0.784281 0.735558
vt 0.784281 0.726428
vt 0.788203 0.744688
vt 0.784281 0.744688
vt 0.788203 0.753817
vt 0.784280 0.753817
vt 0.788203 0.762947
vt 0.784280 0.762947
vt 0.788203 0.772076
vt 0.784280 0.772076
vt 0.788203 0.781205
vt 0.784280 0.781205
vt 0.788203 0.790335
vt 0.784280 0.790335
vt 0.788203 0.799464
vt 0.784281 0.799464
vt 0.788203 0.808593
vt 0.784281 0.808593
vt 0.788204 0.817722
vt 0.784281 0.817722
vt 0.788204 0.826851
vt 0.784281 0.826851
vt 0.788204 0.835981
vt 0.784281 0.835981
vt 0.788204 0.845111
vt 0.784281 0.845111
vt 0.788204 0.854240
vt 0.784282 0.854240
vt 0.788205 0.863369
vt 0.784282 0.863369
vt 0.784282 0.872499
vt 0.784281 0.881627
vt 0.794204 0.881628
vt 0.794204 0.872499
vt 0.784281 0.890757
vt 0.794204 0.890757
vt 0.784281 0.899886
vt 0.794204 0.899886
vt 0.784281 0.909015
vt 0.794204 0.909015
vt 0.784281 0.726428
vt 0.784281 0.735558
vt 0.794204 0.735558
vt 0.794204 0.726428
vt 0.784281 0.744688
vt 0.794204 0.744688
vt 0.784280 0.753817
vt 0.794204 0.753817
vt 0.784280 0.762947
vt 0.794204 0.762947
vt 0.784280 0.772076
vt 0.794204 0.772076
vt 0.784280 0.781205
vt 0.794204 0.781205
vt 0.784280 0.790335
vt 0.794204 0.790335
vt 0.784281 0.799464
vt 0.794204 0.799464
vt 0.784281 0.808593
vt 0.794204 0.808593
vt 0.784281 0.817722
vt 0.794204 0.817722
vt 0.784281 0.826851
vt 0.794204 0.826851
vt 0.784281 0.835981
vt 0.794204 0.835981
vt 0.784281 0.845111
vt 0.794204 0.845111
vt 0.784282 0.854240
vt 0.794204 0.854240
vt 0.784282 0.863369
vt 0.794204 0.863369
vt 0.803498 0.881627
vt 0.803499 0.872499
vt 0.803498 0.890757
vt 0.803498 0.899886
vt 0.803498 0.909015
vt 0.803498 0.735558
vt 0.803498 0.726428
vt 0.803498 0.744688
vt 0.803498 0.753817
vt 0.803498 0.762947
vt 0.803498 0.772076
vt 0.803498 0.781205
vt 0.803498 0.790335
vt 0.803498 0.799464
vt 0.803498 0.808593
vt 0.803498 0.817722
vt 0.803498 0.826851
vt 0.803498 0.835981
vt 0.803498 0.845111
vt 0.803499 0.854240
vt 0.803499 0.863369
vt 0.898968 0.406059
vt 0.895107 0.403239
vt 0.892306 0.399365
vt 0.890839 0.394814
vt 0.890851 0.390033
vt 0.892339 0.385490
vt 0.895159 0.381629
vt 0.899033 0.378827
vt 0.903584 0.377361
vt 0.908365 0.377373
vt 0.912909 0.378861
vt 0.916770 0.381680
vt 0.919571 0.385555
vt 0.921038 0.390105
vt 0.921026 0.394886
vt 0.919537 0.399431
vt 0.916718 0.403292
vt 0.912843 0.406092
vt 0.908292 0.407559
vt 0.903511 0.407548
vt 0.240210 0.884474
vt 0.243935 0.884448
vt 0.244077 0.887966
vt 0.244077 0.887966
vt 0.240116 0.887993
vt 0.240210 0.884474
vt 0.951370 0.857301
vt 0.954842 0.856786
vt 0.955702 0.864157
vt 0.952236 0.865003
vt 0.684773 0.551162
vt 0.690301 0.551519
vt 0.687143 0.557350
vt 0.352147 0.654328
vt 0.348677 0.653799
vt 0.349577 0.646099
vt 0.353038 0.646960
vt 0.717923 0.859811
vt 0.714915 0.865448
vt 0.711888 0.859908
vt 0.716489 0.875294
vt 0.714915 0.865448
vt 0.726242 0.865267
vt 0.725121 0.875157
vt 0.349847 0.666452
vt 0.346316 0.666365
vt 0.348677 0.653799
vt 0.352147 0.654328
vt 0.695919 0.568317
vt 0.687792 0.567793
vt 0.687143 0.557350
vt 0.697807 0.558038
vt 0.949064 0.844724
vt 0.952595 0.844652
vt 0.954842 0.856786
vt 0.951370 0.857301
vt 0.725167 0.931826
vt 0.718577 0.931932
vt 0.718577 0.931932
vt 0.721374 0.946396
vt 0.715454 0.946490
vt 0.952971 0.778956
vt 0.956480 0.779301
vt 0.939345 0.121660
vt 0.939426 0.125208
vt 0.922331 0.125112
vt 0.922300 0.121586
vt 0.233338 0.884468
vt 0.232982 0.887999
vt 0.216412 0.886329
vt 0.216767 0.882799
vt 0.691360 0.625571
vt 0.685156 0.625171
vt 0.688100 0.639987
vt 0.691360 0.625571
vt 0.693628 0.640344
vt 0.684738 0.649587
vt 0.680127 0.654100
vt 0.681047 0.639532
vt 0.681047 0.639532
vt 0.685280 0.641021
vt 0.684738 0.649587
vt 0.353448 0.731818
vt 0.349937 0.732148
vt 0.922301 0.167058
vt 0.922381 0.163509
vt 0.939426 0.163435
vt 0.939395 0.166961
vt 0.251210 0.887872
vt 0.250805 0.884346
vt 0.267352 0.882446
vt 0.267756 0.885971
vt 0.715718 0.960995
vt 0.721573 0.957336
vt 0.723097 0.957312
vt 0.715718 0.960995
vt 0.723097 0.957312
vt 0.729081 0.960781
vt 0.715718 0.960995
vt 0.729081 0.960781
vt 0.724211 0.964686
vt 0.715718 0.960995
vt 0.724211 0.964686
vt 0.720728 0.964742
vt 0.240210 0.884474
vt 0.240116 0.887993
vt 0.232982 0.887999
vt 0.232982 0.887999
vt 0.233338 0.884468
vt 0.240210 0.884474
vt 0.680127 0.654100
vt 0.685880 0.650877
vt 0.687406 0.650975
vt 0.680127 0.654100
vt 0.687406 0.650975
vt 0.692707 0.654911
vt 0.680127 0.654100
vt 0.692707 0.654911
vt 0.687813 0.658453
vt 0.680127 0.654100
vt 0.687813 0.658453
vt 0.684535 0.658241
vt 0.244077 0.887966
vt 0.243935 0.884448
vt 0.250805 0.884346
vt 0.250805 0.884346
vt 0.251210 0.887872
vt 0.244077 0.887966
vt 0.720334 0.956150
vt 0.715718 0.960995
vt 0.715454 0.946490
vt 0.715454 0.946490
vt 0.720179 0.947620
vt 0.720334 0.956150
vt 0.793287 0.923974
vt 0.793297 0.924001
vt 0.796391 0.931682
vt 0.796391 0.931682
vt 0.796380 0.931655
vt 0.793287 0.923974
vt 0.795294 0.921904
vt 0.795305 0.921931
vt 0.793946 0.922479
vt 0.793946 0.922479
vt 0.793935 0.922452
vt 0.795294 0.921904
vt 0.773025 0.362208
vt 0.773053 0.362209
vt 0.764772 0.362209
vt 0.764772 0.362209
vt 0.764744 0.362209
vt 0.773025 0.362208
vt 0.921554 0.752564
vt 0.921590 0.752564
vt 0.921590 0.754052
vt 0.921590 0.754052
vt 0.921554 0.754052
vt 0.921554 0.752564
vt 0.724136 0.947557
vt 0.728817 0.946277
vt 0.729081 0.960781
vt 0.729081 0.960781
vt 0.724292 0.956087
vt 0.724136 0.947557
vt 0.689242 0.641276
vt 0.693628 0.640344
vt 0.692707 0.654911
vt 0.692707 0.654911
vt 0.688700 0.649843
vt 0.689242 0.641276
vt 0.793287 0.923974
vt 0.793935 0.922452
vt 0.793946 0.922479
vt 0.793946 0.922479
vt 0.793297 0.924001
vt 0.793287 0.923974
vt 0.796405 0.923473
vt 0.794750 0.923440
vt 0.794770 0.923420
vt 0.794770 0.923420
vt 0.796426 0.923453
vt 0.796405 0.923473
vt 0.795294 0.921904
vt 0.796817 0.922552
vt 0.796828 0.922579
vt 0.796828 0.922579
vt 0.795305 0.921931
vt 0.795294 0.921904
vt 0.773025 0.362208
vt 0.774195 0.361038
vt 0.774222 0.361038
vt 0.774222 0.361038
vt 0.773053 0.362209
vt 0.773025 0.362208
vt 0.685880 0.650877
vt 0.680127 0.654100
vt 0.684738 0.649587
vt 0.724292 0.956087
vt 0.729081 0.960781
vt 0.723097 0.957312
vt 0.685280 0.641021
vt 0.681047 0.639532
vt 0.686575 0.639889
vt 0.722897 0.946371
vt 0.728817 0.946277
vt 0.724136 0.947557
vt 0.688700 0.649843
vt 0.692707 0.654911
vt 0.687406 0.650975
vt 0.721573 0.957336
vt 0.715718 0.960995
vt 0.720334 0.956150
vt 0.688100 0.639987
vt 0.693628 0.640344
vt 0.689242 0.641276
vt 0.720179 0.947620
vt 0.715454 0.946490
vt 0.721374 0.946396
vt 0.722897 0.946371
vt 0.725167 0.931826
vt 0.728817 0.946277
vt 0.722897 0.946371
vt 0.721374 0.946396
vt 0.685156 0.625171
vt 0.686575 0.639889
vt 0.681047 0.639532
vt 0.688100 0.639987
vt 0.686575 0.639889
vt 0.935381 0.840921
vt 0.945660 0.854815
vt 0.945624 0.865045
vt 0.945624 0.865045
vt 0.935346 0.851150
vt 0.935381 0.840921
vt 0.683130 0.537524
vt 0.687291 0.537785
vt 0.690037 0.540634
vt 0.919457 0.928412
vt 0.928682 0.928828
vt 0.929932 0.966937
vt 0.922274 0.971354
vt 0.808132 0.845605
vt 0.817353 0.845310
vt 0.813982 0.888276
vt 0.806390 0.883751
vt 0.700914 0.552204
vt 0.695385 0.551847
vt 0.697061 0.541087
vt 0.700155 0.538615
vt 0.704314 0.538891
vt 0.692654 0.538126
vt 0.694792 0.538264
vt 0.731804 0.844397
vt 0.724119 0.841840
vt 0.724548 0.834366
vt 0.732387 0.834252
vt 0.724881 0.824238
vt 0.731775 0.824138
vt 0.725277 0.814115
vt 0.730677 0.814038
vt 0.725983 0.802708
vt 0.936064 0.937642
vt 0.945379 0.927093
vt 0.945169 0.951435
vt 0.935854 0.961983
vt 0.936955 0.903027
vt 0.944979 0.898060
vt 0.938231 0.866494
vt 0.944211 0.870361
vt 0.776171 0.371561
vt 0.776292 0.371602
vt 0.764744 0.371819
vt 0.684062 0.517228
vt 0.690080 0.517606
vt 0.689901 0.527779
vt 0.683057 0.527350
vt 0.685484 0.507125
vt 0.690197 0.507421
vt 0.690101 0.495848
vt 0.920115 0.899692
vt 0.929340 0.900107
vt 0.922327 0.870931
vt 0.930441 0.871296
vt 0.925262 0.842158
vt 0.931616 0.842444
vt 0.685484 0.507125
vt 0.684777 0.506905
vt 0.690101 0.495848
vt 0.936371 0.793647
vt 0.946649 0.807541
vt 0.945952 0.832943
vt 0.935673 0.819050
vt 0.938032 0.763706
vt 0.946874 0.770146
vt 0.939833 0.736875
vt 0.946946 0.734342
vt 0.713781 0.814419
vt 0.713746 0.814303
vt 0.712294 0.802905
vt 0.707686 0.824526
vt 0.714272 0.824410
vt 0.715291 0.834513
vt 0.707452 0.834650
vt 0.708667 0.814392
vt 0.713746 0.814303
vt 0.712294 0.802905
vt 0.808109 0.816882
vt 0.817330 0.816587
vt 0.807655 0.788087
vt 0.815403 0.787839
vt 0.806711 0.759263
vt 0.812688 0.759072
vt 0.804465 0.726428
vt 0.697919 0.535795
vt 0.699170 0.528376
vt 0.706011 0.528831
vt 0.700702 0.518287
vt 0.706451 0.518668
vt 0.701743 0.508161
vt 0.706177 0.508455
vt 0.703798 0.496702
vt 0.689953 0.535275
vt 0.708636 0.844766
vt 0.719152 0.844586
vt 0.935346 0.983499
vt 0.935854 0.961983
vt 0.945169 0.951435
vt 0.945169 0.951435
vt 0.944662 0.972950
vt 0.935346 0.983499
vt 0.935381 0.840921
vt 0.935673 0.819050
vt 0.945952 0.832943
vt 0.945952 0.832943
vt 0.945660 0.854815
vt 0.935381 0.840921
vt 0.723000 0.859730
vt 0.721288 0.844552
vt 0.690037 0.540634
vt 0.687291 0.537785
vt 0.689953 0.535275
vt 0.689953 0.535275
vt 0.692654 0.538126
vt 0.690037 0.540634
vt 0.697061 0.541087
vt 0.694792 0.538264
vt 0.697919 0.535795
vt 0.697919 0.535795
vt 0.700155 0.538615
vt 0.697061 0.541087
vt 0.697807 0.558038
vt 0.729034 0.859634
vt 0.726242 0.865267
vt 0.689953 0.535275
vt 0.716164 0.841973
vt 0.716164 0.841973
vt 0.181187 0.585813
vt 0.233338 0.884468
vt 0.181187 0.615221
vt 0.181187 0.556404
vt 0.431270 0.436462
vt 0.090210 0.585813
vt 0.240116 0.887993
vt 0.099307 0.585813
vt 0.090210 0.615221
vt 0.090210 0.556404
vt 0.099307 0.615221
vt 0.099307 0.556404
vt 0.243935 0.884448
vt 0.244077 0.887966
vt 0.244077 0.887966
vt 0.238284 0.592618
vt 0.793287 0.923974
vt 0.251802 0.610478
vt 0.585233 0.313219
vt 0.181187 0.644629
vt 0.181187 0.879894
vt 0.181187 0.526996
vt 0.216767 0.882799
vt 0.584915 0.270715
vt 0.224580 0.593377
vt 0.721573 0.957336
vt 0.589330 0.189453
vt 0.007833 0.976979
vt 0.090210 0.644629
vt 0.090210 0.879894
vt 0.090210 0.526996
vt 0.099307 0.644629
vt 0.099307 0.879894
vt 0.099307 0.526996
vt 0.573632 0.182250
vt 0.211752 0.861565
vt 0.211752 0.861565
vt 0.686575 0.639889
vt 0.796405 0.923473
vt 0.796405 0.923473
vt 0.688100 0.639987
vt 0.530828 0.931912
vt 0.902130 0.371795
vt 0.084726 0.967954
vt 0.181187 0.674037
vt 0.181187 0.850486
vt 0.099307 0.674037
vt 0.099307 0.850486
vt 0.090210 0.674037
vt 0.090210 0.850486
vt 0.902130 0.374337
vt 0.883223 0.371795
vt 0.921038 0.371795
vt 0.883223 0.374337
vt 0.725167 0.931826
vt 0.685156 0.625171
vt 0.693628 0.640344
vt 0.693628 0.640344
vt 0.715454 0.946490
vt 0.715454 0.946490
vt 0.099307 0.703445
vt 0.099307 0.821078
vt 0.090210 0.703445
vt 0.090210 0.821078
vt 0.691360 0.625571
vt 0.718577 0.931932
vt 0.181187 0.703445
vt 0.181187 0.821078
vt 0.099307 0.732853
vt 0.099307 0.791669
vt 0.090210 0.732853
vt 0.090210 0.791669
vt 0.099307 0.762261
vt 0.090210 0.762261
vt 0.181187 0.732853
vt 0.181187 0.791669
vt 0.181187 0.762261
vt 0.952595 0.844652
vt 0.725121 0.875157
vt 0.949064 0.844724
vt 0.687792 0.567793
vt 0.726242 0.865267
vt 0.729034 0.859634
vt 0.687143 0.557350
vt 0.929932 0.966937
vt 0.929932 0.966937
vt 0.695919 0.568317
vt 0.695919 0.568317
vt 0.346316 0.666365
vt 0.716489 0.875294
vt 0.716489 0.875294
vt 0.349847 0.666452
vt 0.731804 0.844397
vt 0.697807 0.558038
vt 0.717923 0.859811
vt 0.717923 0.859811
vt 0.717923 0.859811
vt 0.683057 0.527350
vt 0.683057 0.527350
vt 0.692654 0.538126
vt 0.721288 0.844552
vt 0.721288 0.844552
vt 0.721288 0.844552
vt 0.721288 0.844552
vt 0.700914 0.552204
vt 0.719152 0.844586
vt 0.719152 0.844586
vt 0.935381 0.840921
vt 0.935381 0.840921
vt 0.944979 0.898060
vt 0.685484 0.507125
vt 0.677204 0.352588
vt 0.677204 0.352588
vt 0.708636 0.844766
vt 0.708636 0.844766
vt 0.938231 0.866494
vt 0.656132 0.352588
vt 0.677204 0.352588
vt 0.677204 0.352588
vt 0.656132 0.352588
vt 0.690115 0.352588
vt 0.690115 0.352588
vt 0.635059 0.352588
vt 0.635059 0.352588
vt 0.635059 0.332672
vt 0.946874 0.770146
vt 0.635059 0.352588
vt 0.635059 0.352588
vt 0.635059 0.352588
vt 0.635059 0.332672
vt 0.635059 0.352588
vt 0.635059 0.352588
vt 0.635059 0.332672
vt 0.690101 0.495848
vt 0.635059 0.332672
vt 0.635059 0.312757
vt 0.635059 0.332672
vt 0.635059 0.312757
vt 0.635059 0.332672
vt 0.635059 0.312757
vt 0.704525 0.352588
vt 0.704525 0.352588
vt 0.939833 0.736875
vt 0.704525 0.352588
vt 0.704525 0.352588
vt 0.635059 0.312757
vt 0.635059 0.292841
vt 0.635059 0.312757
vt 0.635059 0.292841
vt 0.635059 0.312757
vt 0.635059 0.292841
vt 0.719349 0.352588
vt 0.719349 0.352588
vt 0.875061 0.474673
vt 0.875061 0.474673
vt 0.871236 0.496362
vt 0.635059 0.292841
vt 0.635059 0.272926
vt 0.635059 0.292841
vt 0.635059 0.272926
vt 0.635059 0.292841
vt 0.635059 0.272926
vt 0.864049 0.455601
vt 0.864049 0.455601
vt 0.892306 0.399365
vt 0.892306 0.399365
vt 0.803498 0.726428
vt 0.854366 0.510517
vt 0.854366 0.510517
vt 0.442582 0.908427
vt 0.442582 0.908427
vt 0.194963 0.596721
vt 0.194963 0.596721
vt 0.439752 0.890687
vt 0.439752 0.890687
vt 0.194963 0.742791
vt 0.843355 0.448069
vt 0.843355 0.448069
vt 0.843355 0.448069
vt 0.635059 0.272926
vt 0.635059 0.253011
vt 0.635059 0.272926
vt 0.635059 0.253011
vt 0.635059 0.272926
vt 0.635059 0.253011
vt 0.635059 0.253011
vt 0.194963 0.605851
vt 0.832344 0.510517
vt 0.832344 0.510517
vt 0.908292 0.407559
vt 0.908292 0.407559
vt 0.908292 0.407559
vt 0.895159 0.381629
vt 0.895159 0.381629
vt 0.803498 0.762947
vt 0.822660 0.455601
vt 0.822660 0.455601
vt 0.822660 0.455601
vt 0.635059 0.253011
vt 0.635059 0.233095
vt 0.635059 0.253011
vt 0.635059 0.233095
vt 0.635059 0.233095
vt 0.635059 0.253011
vt 0.635059 0.233095
vt 0.815473 0.496361
vt 0.815473 0.496361
vt 0.811649 0.474673
vt 0.811649 0.474673
vt 0.719349 0.173331
vt 0.719349 0.173331
vt 0.811649 0.474673
vt 0.635059 0.233095
vt 0.635059 0.213180
vt 0.635059 0.233095
vt 0.635059 0.213180
vt 0.635059 0.233095
vt 0.635059 0.213180
vt 0.426586 0.916600
vt 0.426586 0.916600
vt 0.194963 0.633239
vt 0.422006 0.887896
vt 0.422006 0.887896
vt 0.704525 0.173331
vt 0.704525 0.173331
vt 0.704525 0.173331
vt 0.704525 0.173331
vt 0.635059 0.193264
vt 0.635059 0.213180
vt 0.635059 0.213180
vt 0.635059 0.193264
vt 0.635059 0.193264
vt 0.635059 0.213180
vt 0.635059 0.173331
vt 0.635059 0.173331
vt 0.635059 0.193264
vt 0.635059 0.193264
vt 0.635059 0.173331
vt 0.635059 0.173331
vt 0.635059 0.173331
vt 0.635059 0.173331
vt 0.635059 0.173331
vt 0.635059 0.193264
vt 0.690115 0.173331
vt 0.921026 0.394886
vt 0.921026 0.394886
vt 0.803498 0.835981
vt 0.912909 0.378861
vt 0.912909 0.378861
vt 0.690115 0.173331
vt 0.656132 0.173331
vt 0.677204 0.173331
vt 0.677204 0.173331
vt 0.656132 0.173331
vt 0.677204 0.173331
vt 0.677204 0.173331
vt 0.413868 0.903912
vt 0.413868 0.903912
vt 0.803498 0.817722
vt 0.244077 0.887966
vt 0.244077 0.887966
vt 0.243935 0.884448
vt 0.375134 0.631478
vt 0.376403 0.634543
vt 0.376576 0.631478
vt 0.376576 0.631478
vt 0.627378 0.000118
vt 0.376495 0.622577
vt 0.240116 0.887993
vt 0.715454 0.946490
vt 0.715454 0.946490
vt 0.693628 0.640344
vt 0.693628 0.640344
vt 0.793935 0.922452
vt 0.793287 0.923974
vt 0.628031 0.035633
vt 0.628031 0.035633
vt 0.233338 0.884468
vt 0.688100 0.639987
vt 0.686575 0.639889
vt 0.796405 0.923473
vt 0.796405 0.923473
vt 0.718577 0.931932
vt 0.691360 0.625571
vt 0.216767 0.882799
vt 0.685156 0.625171
vt 0.725167 0.931826
vt 0.763162 0.325184
vt 0.436924 0.666546
vt 0.436924 0.666546
vt 0.782031 0.380725
vt 0.574029 0.964326
vt 0.434645 0.737631
vt 0.985006 0.467214
vt 0.985006 0.467214
vt 0.776295 0.378745
vt 0.776295 0.378745
vt 0.432606 0.739420
vt 0.432606 0.719418
vt 0.513215 0.909430
vt 0.771132 0.413007
vt 0.716489 0.875294
vt 0.716489 0.875294
vt 0.349847 0.666452
vt 0.695919 0.568317
vt 0.695919 0.568317
vt 0.346316 0.666365
vt 0.769876 0.382694
vt 0.769876 0.382694
vt 0.645722 0.649705
vt 0.728753 0.378745
vt 0.940836 0.219598
vt 0.430726 0.719079
vt 0.729734 0.424136
vt 0.729845 0.372302
vt 0.729845 0.372302
vt 0.645722 0.646922
vt 0.766586 0.418329
vt 0.765685 0.403256
vt 0.513215 0.893021
vt 0.765469 0.377323
vt 0.765320 0.391547
vt 0.731964 0.380719
vt 0.731964 0.380719
vt 0.933842 0.230576
vt 0.697807 0.558038
vt 0.700914 0.552204
vt 0.700914 0.552204
vt 0.513215 0.888268
vt 0.516712 0.898061
vt 0.762836 0.382849
vt 0.762597 0.408773
vt 0.764744 0.366271
vt 0.949064 0.844724
vt 0.687792 0.567793
vt 0.952595 0.844652
vt 0.725121 0.875157
vt 0.759929 0.395896
vt 0.708636 0.844766
vt 0.708636 0.844766
vt 0.516712 0.888310
vt 0.739510 0.414128
vt 0.739580 0.377322
vt 0.739580 0.377322
vt 0.516712 0.876601
vt 0.704314 0.538891
vt 0.717923 0.859811
vt 0.717923 0.859811
vt 0.717923 0.859811
vt 0.423266 0.719079
vt 0.744845 0.388375
vt 0.745393 0.403417
vt 0.687143 0.557350
vt 0.726242 0.865267
vt 0.690301 0.551519
vt 0.690301 0.551519
vt 0.690301 0.551519
vt 0.694792 0.538264
vt 0.694792 0.538264
vt 0.694792 0.538264
vt 0.719152 0.844586
vt 0.719152 0.844586
vt 0.935381 0.840921
vt 0.935381 0.840921
vt 0.729034 0.859634
vt 0.929932 0.966937
vt 0.929932 0.966937
vt 0.692654 0.538126
vt 0.692654 0.538126
vt 0.721288 0.844552
vt 0.721288 0.844552
vt 0.721288 0.844552
vt 0.721288 0.844552
vt 0.946874 0.770146
vt 0.939833 0.736875
vt 0.683130 0.537524
vt 0.683130 0.537524
vt 0.731804 0.844397
vt 0.944979 0.898060
vt 0.938231 0.866494
vt 0.685484 0.507125
vt 0.690101 0.495848
vn -0.177388 0.326493 0.928405
vn -0.164071 0.485505 0.858700
vn 0.287264 0.485511 0.825687
vn 0.310571 0.326511 0.892713
vn 0.661612 0.485523 0.571434
vn 0.715320 0.326549 0.617805
vn 0.715320 0.326549 0.617805
vn 0.661612 0.485523 0.571434
vn 0.858691 0.485520 0.164073
vn 0.928391 0.326532 0.177390
vn 0.825700 0.485500 -0.287244
vn 0.892730 0.326477 -0.310559
vn 0.571455 0.485487 -0.661620
vn 0.617840 0.326464 -0.715329
vn 0.164076 0.485500 -0.858702
vn 0.177386 0.326480 -0.928410
vn -0.287254 0.485512 -0.825690
vn -0.310558 0.326512 -0.892717
vn -0.661598 0.485523 -0.571451
vn -0.715300 0.326538 -0.617834
vn -0.858686 0.485526 -0.164084
vn -0.928388 0.326537 -0.177396
vn -0.825699 0.485502 0.287243
vn -0.892730 0.326484 0.310552
vn -0.571455 0.485491 0.661618
vn -0.617842 0.326478 0.715321
vn -0.170946 0.412910 0.894585
vn 0.299268 0.412937 0.860187
vn 0.689268 0.412924 0.595319
vn 0.689268 0.412924 0.595319
vn 0.894576 0.412935 0.170937
vn 0.860188 0.412951 -0.299245
vn 0.595314 0.412959 -0.689250
vn 0.170928 0.412949 -0.894571
vn -0.299255 0.412935 -0.860193
vn -0.689252 0.412931 -0.595331
vn -0.894579 0.412926 -0.170943
vn -0.860203 0.412918 0.299248
vn -0.595311 0.412944 0.689262
vn -0.187208 0.070400 0.979794
vn 0.327755 0.070405 0.942136
vn 0.754925 0.070415 0.652020
vn 0.754925 0.070415 0.652020
vn 0.979793 0.070410 0.187214
vn 0.942138 0.070394 -0.327752
vn 0.652031 0.070406 -0.754916
vn 0.187219 0.070397 -0.979793
vn -0.327760 0.070409 -0.942134
vn -0.754912 0.070413 -0.652036
vn -0.979794 0.070411 -0.187204
vn -0.942141 0.070395 0.327743
vn -0.652031 0.070403 0.754917
vn -0.183619 -0.206593 0.961043
vn 0.321487 -0.206614 0.924098
vn 0.740473 -0.206609 0.639541
vn 0.740473 -0.206609 0.639541
vn 0.961036 -0.206612 0.183635
vn 0.924097 -0.206634 -0.321475
vn 0.639548 -0.206653 -0.740455
vn 0.183622 -0.206630 -0.961034
vn -0.321483 -0.206617 -0.924099
vn -0.740457 -0.206614 -0.639558
vn -0.961036 -0.206609 -0.183637
vn -0.924099 -0.206593 0.321497
vn -0.639555 -0.206640 0.740452
vn -0.165799 -0.468728 0.867643
vn 0.290246 -0.468732 0.834295
vn 0.668513 -0.468736 0.577388
vn 0.668513 -0.468736 0.577388
vn 0.867642 -0.468736 0.165783
vn 0.834298 -0.468717 -0.290261
vn 0.577406 -0.468729 -0.668502
vn 0.165799 -0.468729 -0.867643
vn -0.290238 -0.468731 -0.834298
vn -0.668497 -0.468740 -0.577404
vn -0.867640 -0.468737 -0.165792
vn -0.834297 -0.468718 0.290263
vn -0.577406 -0.468727 0.668504
vn -0.140648 -0.659145 0.738747
vn 0.247338 -0.661052 0.708402
vn 0.566786 -0.663588 0.488267
vn 0.566786 -0.663588 0.488267
vn 0.732791 -0.666065 0.139191
vn 0.725272 -0.648365 -0.231525
vn 0.495140 -0.621961 -0.606630
vn 0.140137 -0.667844 -0.730989
vn -0.244308 -0.666076 -0.704739
vn -0.565523 -0.663590 -0.489726
vn -0.736849 -0.661049 -0.141660
vn -0.710427 -0.659148 0.246610
vn -0.491963 -0.658425 0.569604
vn 0.000000 1.000000 -0.000000
vn 0.000000 1.000000 -0.000000
vn 0.000000 1.000000 -0.000000
vn 0.000000 1.000000 -0.000000
vn 0.000000 1.000000 -0.000000
vn 0.000000 1.000000 -0.000000
vn 0.000000 1.000000 -0.000000
vn 0.000000 1.000000 -0.000000
vn 0.000000 1.000000 -0.000000
vn 0.000000 1.000000 -0.000000
vn 0.000000 1.000000 -0.000000
vn 0.000000 1.000000 -0.000000
vn -0.172304 -0.406456 0.897277
vn 0.298356 -0.409371 0.862206
vn -0.178270 0.312906 0.932904
vn 0.312089 0.312934 0.897035
vn -0.055699 0.952645 0.298941
vn 0.103221 0.951486 0.289861
vn 0.687935 -0.413357 0.596559
vn 0.718768 0.312936 0.620841
vn 0.237944 0.949957 0.202394
vn 0.687935 -0.413357 0.596559
vn 0.892332 -0.417277 0.172112
vn 0.718768 0.312936 0.620841
vn 0.932890 0.312951 0.178267
vn 0.237944 0.949957 0.202394
vn 0.311403 0.948531 0.057594
vn 0.914378 -0.385117 -0.124889
vn 0.944459 0.327720 -0.024427
vn 0.432512 0.893804 0.118522
vn 0.550839 -0.361786 -0.752122
vn 0.458197 0.705257 -0.540988
vn 0.480215 0.876579 -0.031667
vn 0.038523 -0.369748 -0.928333
vn -0.104489 0.337320 -0.935573
vn 0.006637 0.877650 -0.479256
vn -0.163677 0.893422 -0.418339
vn -0.300085 -0.417249 -0.857818
vn -0.312102 0.312939 -0.897029
vn -0.102292 0.948526 -0.299726
vn -0.690292 -0.413347 -0.593836
vn -0.718796 0.312931 -0.620811
vn -0.234866 0.949950 -0.205994
vn -0.896432 -0.409384 -0.169749
vn -0.932897 0.312948 -0.178230
vn -0.301764 0.951496 -0.059945
vn -0.862650 -0.406480 0.301014
vn -0.897047 0.312924 0.312067
vn -0.287652 0.952647 0.098593
vn -0.597533 -0.405396 0.691816
vn -0.620830 0.312908 0.718790
vn -0.197819 0.953105 0.229036
vn 0.179320 -0.294437 -0.938696
vn -0.313975 -0.294344 -0.902652
vn -0.292602 -0.454978 -0.841059
vn 0.167115 -0.455010 -0.874665
vn -0.723272 -0.294383 -0.624673
vn -0.673931 -0.454983 -0.582072
vn -0.938718 -0.294351 -0.179349
vn -0.874684 -0.454966 -0.167135
vn -0.938718 -0.294351 -0.179349
vn -0.902609 -0.294423 0.314026
vn -0.841049 -0.454998 0.292597
vn -0.874684 -0.454966 -0.167135
vn -0.624725 -0.294339 0.723245
vn -0.582089 -0.454975 0.673921
vn -0.179387 -0.294299 0.938727
vn -0.167130 -0.454956 0.874690
vn 0.314007 -0.294365 0.902634
vn 0.292603 -0.454969 0.841063
vn 0.723249 -0.294399 0.624692
vn 0.673918 -0.454985 0.582085
vn 0.938713 -0.294364 0.179355
vn 0.874677 -0.454975 0.167144
vn 0.902621 -0.294396 -0.314015
vn 0.841219 -0.450494 -0.299009
vn 0.624709 -0.294372 -0.723246
vn 0.592190 -0.437955 -0.676392
vn -0.302281 -0.391925 -0.868919
vn 0.187510 -0.387624 -0.902545
vn -0.696247 -0.391937 -0.601353
vn -0.903640 -0.391950 -0.172655
vn -0.868904 -0.391953 0.302289
vn -0.903640 -0.391950 -0.172655
vn -0.601351 -0.391953 0.696239
vn -0.172673 -0.391942 0.903640
vn 0.302283 -0.391944 0.868910
vn 0.696241 -0.391930 0.601365
vn 0.903648 -0.391924 0.172675
vn 0.863171 -0.391522 -0.318820
vn 0.475844 -0.701456 -0.530595
vn 0.696011 -0.555826 -0.454560
vn 0.335579 -0.552685 -0.762841
vn -0.327870 -0.066395 -0.942387
vn 0.204914 -0.066734 -0.976502
vn -0.755126 -0.066389 -0.652209
vn -0.980065 -0.066381 -0.187258
vn -0.942395 -0.066362 0.327852
vn -0.980065 -0.066381 -0.187258
vn -0.652209 -0.066365 0.755128
vn -0.187279 -0.066363 0.980063
vn 0.327840 -0.066387 0.942398
vn 0.755124 -0.066395 0.652211
vn 0.980059 -0.066374 0.187292
vn 0.935305 -0.069677 -0.346914
vn 0.030580 0.960261 0.277425
vn 0.432811 0.066047 -0.899062
vn -0.322266 0.194999 -0.926348
vn 0.189329 0.190256 -0.963305
vn -0.742268 0.195003 -0.641102
vn -0.963375 0.195009 -0.184066
vn -0.926341 0.195023 0.322272
vn -0.963375 0.195009 -0.184066
vn -0.641103 0.195040 0.742258
vn -0.184083 0.195024 0.963369
vn 0.322254 0.195016 0.926348
vn 0.742263 0.195003 0.641108
vn 0.963380 0.194983 0.184068
vn 0.926346 0.195018 -0.322260
vn 0.471087 0.871229 0.137976
vn 0.647304 0.152401 -0.746841
vn -0.301158 0.399866 -0.865685
vn 0.172029 0.399836 -0.900298
vn -0.693664 0.399862 -0.599117
vn -0.900291 0.399860 -0.172011
vn -0.865686 0.399852 0.301176
vn -0.900291 0.399860 -0.172011
vn -0.599133 0.399824 0.693672
vn -0.172035 0.399827 0.900301
vn 0.301155 0.399851 0.865693
vn 0.693651 0.399862 0.599131
vn 0.900287 0.399861 0.172029
vn 0.863015 0.402837 -0.304840
vn 0.599649 0.416247 -0.683490
vn -0.260815 0.608291 -0.749638
vn 0.148965 0.608287 -0.779613
vn -0.600685 0.608285 -0.518813
vn -0.779624 0.608278 -0.148943
vn -0.760227 0.598152 0.253514
vn -0.779624 0.608278 -0.148943
vn -0.523480 0.581534 0.622725
vn -0.148973 0.608262 0.779631
vn 0.260793 0.608277 0.749657
vn 0.600684 0.608280 0.518820
vn 0.779593 0.608304 0.149001
vn 0.749649 0.608284 -0.260800
vn 0.667744 0.085654 -0.739447
vn 0.768769 0.328184 -0.548899
vn 0.413085 0.367910 -0.833068
vn 0.000000 -1.000000 -0.000000
vn 0.000000 -1.000000 -0.000000
vn 0.000000 -1.000000 -0.000000
vn 0.000001 -1.000000 0.000000
vn 0.000000 -1.000000 -0.000000
vn 0.000000 -1.000000 -0.000000
vn 0.000000 -1.000000 -0.000000
vn 0.000000 -1.000000 -0.000000
vn 0.000000 -1.000000 -0.000000
vn -0.000000 -1.000000 -0.000001
vn 0.000000 -1.000000 -0.000000
vn 0.000000 -1.000000 -0.000000
vn -0.309522 0.335723 -0.889655
vn 0.176619 0.335681 -0.925270
vn -0.300592 -0.403786 -0.864061
vn 0.171709 -0.403760 -0.898607
vn 0.185818 -0.139630 -0.972612
vn -0.325387 -0.139587 -0.935221
vn -0.313778 0.296710 -0.901946
vn 0.179260 0.296614 -0.938022
vn -0.712873 0.335738 -0.615705
vn -0.692360 -0.403789 -0.597990
vn -0.749394 -0.139549 -0.647252
vn -0.722684 0.296834 -0.624193
vn -0.925219 0.335737 -0.176779
vn -0.898609 -0.403765 -0.171685
vn -0.972613 -0.139588 -0.185847
vn -0.938010 0.296714 -0.179160
vn -0.919643 0.322927 0.223550
vn -0.925219 0.335737 -0.176779
vn -0.890740 -0.437546 0.123026
vn -0.898609 -0.403765 -0.171685
vn -0.972613 -0.139588 -0.185847
vn -0.989866 -0.128483 0.060478
vn -0.954181 0.288300 0.080130
vn -0.938010 0.296714 -0.179160
vn -0.600031 0.302637 0.740523
vn -0.668455 -0.187954 0.719612
vn -0.718032 -0.569731 0.399795
vn -0.841647 -0.248160 0.479633
vn -0.844054 0.413856 0.341022
vn -0.111878 0.308998 0.944459
vn 0.006230 -0.439766 0.898091
vn -0.288879 -0.563098 0.774254
vn -0.372193 -0.251770 0.893356
vn 0.085646 -0.129509 0.987873
vn 0.061211 0.289519 0.955213
vn -0.218643 0.416423 0.882489
vn 0.309512 0.335736 0.889654
vn 0.300595 -0.403749 0.864077
vn 0.325379 -0.139594 0.935223
vn 0.313748 0.296688 0.901964
vn 0.712863 0.335736 0.615718
vn 0.692350 -0.403782 0.598006
vn 0.749372 -0.139586 0.647270
vn 0.722697 0.296754 0.624217
vn 0.925222 0.335720 0.176794
vn 0.898601 -0.403782 0.171689
vn 0.972607 -0.139578 0.185886
vn 0.937991 0.296745 0.179209
vn 0.892934 0.332740 -0.303238
vn 0.864059 -0.403777 -0.300609
vn 0.935231 -0.139625 -0.325341
vn 0.901959 0.296613 -0.313834
vn 0.833158 0.301100 -0.463881
vn 0.416383 0.764794 -0.491647
vn 0.600041 -0.395497 -0.695365
vn 0.647265 -0.139596 -0.749374
vn 0.624239 0.296687 -0.722705
vn 0.315488 0.378018 -0.870385
vn 0.103221 0.951486 0.289861
vn -0.055699 0.952645 0.298941
vn 0.033568 0.982648 -0.182415
vn -0.060679 0.983888 -0.168175
vn 0.237944 0.949957 0.202394
vn -0.130370 0.985372 -0.109751
vn 0.311403 0.948531 0.057594
vn -0.160268 0.986651 -0.028891
vn 0.432512 0.893804 0.118522
vn 0.311403 0.948531 0.057594
vn -0.160268 0.986651 -0.028891
vn -0.067477 0.980997 0.181911
vn 0.480215 0.876579 -0.031667
vn 0.345790 0.933173 -0.098071
vn -0.163677 0.893422 -0.418339
vn 0.006637 0.877650 -0.479256
vn 0.010686 0.931877 -0.362616
vn -0.115436 0.984230 0.134035
vn -0.102292 0.948526 -0.299726
vn 0.051899 0.986652 0.154351
vn -0.234866 0.949950 -0.205994
vn 0.127525 0.985377 0.113000
vn -0.301764 0.951496 -0.059945
vn 0.175224 0.983886 0.035564
vn -0.287652 0.952647 0.098593
vn 0.175600 0.982647 -0.059743
vn -0.197819 0.953105 0.229036
vn 0.122967 0.982145 -0.142377
vn 0.177932 -0.591986 -0.786061
vn 0.290225 -0.361734 -0.885956
vn 0.607688 -0.370603 -0.702402
vn 0.479199 -0.694214 -0.537062
vn 0.335579 -0.552685 -0.762841
vn 0.177932 -0.591986 -0.786061
vn 0.479199 -0.694214 -0.537062
vn 0.475844 -0.701456 -0.530595
vn 0.756779 0.000022 0.653671
vn 0.756757 0.000048 0.653697
vn 0.761472 -0.007278 0.648156
vn 0.757681 -0.007049 0.652587
vn -0.754597 -0.005522 -0.656165
vn -0.756786 -0.000026 -0.653663
vn -0.756809 0.000000 -0.653636
vn -0.756817 -0.000003 -0.653627
vn 0.667744 0.085654 -0.739447
vn 0.467727 -0.686272 -0.557011
vn 0.667174 -0.674895 -0.315272
vn 0.768769 0.328184 -0.548899
vn 0.850995 0.190084 0.489566
vn 0.821636 0.105653 0.560136
vn 0.825805 0.127837 0.549276
vn 0.844433 0.189599 0.500984
vn 0.416383 0.764794 -0.491647
vn -0.206536 0.947077 0.245740
vn -0.438876 0.898225 0.024084
vn 0.315488 0.378018 -0.870385
vn -0.610766 0.187965 -0.769177
vn -0.665212 0.116195 -0.737558
vn -0.679833 0.107503 -0.725445
vn -0.607412 0.202238 -0.768213
vn -0.345511 0.336432 0.876034
vn -0.239934 0.460767 0.854474
vn -0.589556 0.464024 0.661140
vn -0.633964 0.322213 0.703042
vn -0.205862 0.468948 0.858900
vn -0.282439 0.262020 0.922808
vn -0.617067 0.314952 0.721134
vn -0.562991 0.521834 0.640882
vn -0.332853 0.036751 0.942263
vn -0.320680 -0.227043 0.919574
vn -0.639017 -0.213455 0.738982
vn -0.647213 0.072370 0.758867
vn -0.238086 -0.449316 0.861063
vn -0.143827 -0.617542 0.773276
vn -0.486233 -0.664869 0.567033
vn -0.573658 -0.480901 0.663061
vn -0.748785 -0.011888 -0.662707
vn -0.755418 0.010943 -0.655152
vn -0.754069 0.002693 -0.656790
vn -0.749627 -0.005826 -0.661835
vn -0.756785 0.000005 -0.653663
vn -0.756778 -0.000080 -0.653672
vn -0.756782 -0.000071 -0.653668
vn -0.756792 -0.000003 -0.653656
vn -0.756792 -0.000017 -0.653656
vn -0.756967 0.000347 -0.653453
vn -0.756962 0.000413 -0.653459
vn -0.756787 -0.000000 -0.653662
vn -0.756840 0.000143 -0.653601
vn -0.754704 -0.002410 -0.656061
vn -0.754813 -0.002668 -0.655935
vn -0.756751 -0.000034 -0.653704
vn 0.305609 -0.228345 -0.924371
vn 0.321739 -0.358059 -0.876515
vn 0.603543 -0.382594 -0.699541
vn 0.637749 -0.221546 -0.737695
vn 0.293664 -0.484455 -0.824054
vn 0.330555 -0.240307 -0.912681
vn 0.632803 -0.236984 -0.737156
vn 0.566150 -0.499204 -0.655950
vn 0.370043 0.038592 -0.928213
vn 0.367183 0.230292 -0.901189
vn 0.631527 0.258245 -0.731084
vn 0.650710 0.057550 -0.757142
vn 0.303375 0.422448 -0.854109
vn 0.181216 0.636617 -0.749586
vn 0.476412 0.685296 -0.550819
vn 0.582254 0.454561 -0.674058
vn 0.762952 0.001701 0.646452
vn 0.756794 0.000042 0.653653
vn 0.760370 0.005331 0.649468
vn 0.762970 -0.005086 0.646414
vn 0.756798 -0.000011 0.653649
vn 0.756798 -0.000077 0.653648
vn 0.756792 -0.000080 0.653656
vn 0.756800 0.000025 0.653647
vn 0.756802 0.000014 0.653645
vn 0.756600 0.000434 0.653878
vn 0.756664 0.000377 0.653804
vn 0.756802 -0.000011 0.653645
vn 0.756879 -0.000086 0.653555
vn 0.758973 -0.002598 0.651117
vn 0.758844 -0.002814 0.651267
vn 0.756788 0.000099 0.653660
vn 0.758191 -0.002000 0.652030
vn 0.747473 0.002320 0.664288
vn 0.746129 0.002678 0.665796
vn 0.758474 -0.002755 0.651698
vn -0.005138 -0.798305 0.602231
vn 0.217505 -0.919376 0.327778
vn -0.077375 -0.992661 0.092932
vn -0.338239 -0.853455 0.396496
vn -0.754854 -0.002360 -0.655889
vn -0.766835 0.002437 -0.641839
vn -0.765780 0.002280 -0.643098
vn -0.755458 -0.002401 -0.655192
vn -0.007759 0.843886 -0.536467
vn -0.204732 0.944421 -0.257205
vn 0.045931 0.997648 -0.050880
vn 0.278885 0.904673 -0.322166
vn -0.392888 0.918692 -0.040545
vn -0.152552 0.971906 0.179240
vn -0.757518 0.014085 -0.652663
vn -0.757253 0.013105 -0.652991
vn 0.443543 -0.896075 0.017838
vn 0.667174 -0.674895 -0.315272
vn 0.467727 -0.686272 -0.557011
vn 0.201066 -0.952184 -0.230040
vn 0.756621 0.014045 0.653703
vn 0.757270 0.013692 0.652958
vn 0.732842 -0.614501 -0.292116
vn 0.696011 -0.555826 -0.454560
vn 0.834198 -0.360983 -0.416899
vn 0.732842 -0.614501 -0.292116
vn 0.820572 -0.358734 -0.444939
vn 0.869292 -0.229615 -0.437732
vn 0.856121 -0.246263 -0.454325
vn 0.773498 -0.483366 -0.409948
vn 0.838101 0.230430 -0.494459
vn 0.867371 0.045631 -0.495565
vn 0.714190 0.637729 -0.288503
vn 0.800855 0.422334 -0.424576
vn 0.278867 0.945880 0.165968
vn 0.531973 0.843702 -0.071921
vn 0.031715 0.897380 0.440117
vn 0.097307 0.920823 0.377646
vn 0.833158 0.301100 -0.463881
vn -0.798943 0.461227 0.385954
vn -0.795962 0.333789 0.505004
vn -0.879034 0.250504 0.405643
vn -0.819399 0.462298 0.338920
vn -0.862660 -0.225928 0.452521
vn -0.887424 0.046249 0.458628
vn -0.744804 -0.619662 0.247561
vn -0.816390 -0.450529 0.361290
vn -0.356465 -0.918324 -0.172089
vn -0.600488 -0.794328 0.091958
vn 0.216892 -0.688773 -0.691773
vn -0.087822 -0.895635 -0.436034
vn 0.413085 0.367910 -0.833068
vn 0.216892 -0.688773 -0.691773
vn -0.143827 -0.617542 0.773276
vn -0.486233 -0.664869 0.567033
vn -0.744804 -0.619662 0.247561
vn 0.181216 0.636617 -0.749586
vn 0.476412 0.685296 -0.550819
vn 0.714190 0.637729 -0.288503
vn 0.030580 0.960261 0.277425
vn 0.471087 0.871229 0.137976
vn 0.432811 0.066047 -0.899062
vn -0.476921 -0.057664 0.877053
vn -0.476921 -0.057664 0.877053
vn -0.476921 -0.057664 0.877053
vn -0.476924 -0.057659 0.877051
vn -0.476924 -0.057659 0.877051
vn -0.476924 -0.057659 0.877051
vn 0.585397 0.209765 0.783141
vn 0.575353 0.182963 0.797178
vn 0.645426 0.250355 0.721628
vn 0.670039 0.259324 0.695557
vn -0.046827 0.995184 0.086113
vn -0.030140 0.998012 0.055351
vn 0.050569 0.994381 -0.092998
vn -0.974293 0.207549 -0.087620
vn -0.979318 0.176658 -0.098628
vn -0.953059 0.250059 -0.170730
vn -0.953347 0.272537 -0.129820
vn 0.024204 -0.998713 -0.044571
vn -0.047721 -0.994998 0.087760
vn 0.040834 -0.996340 -0.075095
vn -0.049153 -0.994692 0.090394
vn -0.102298 -0.976802 0.188129
vn -0.102298 -0.976802 0.188129
vn -0.049153 -0.994692 0.090394
vn -0.901460 0.090171 -0.423366
vn -0.900827 0.086227 -0.425529
vn -0.914214 0.123015 -0.386109
vn -0.913553 0.130160 -0.385331
vn 0.048765 0.994776 -0.089681
vn 0.048766 0.994776 -0.089683
vn 0.101908 0.976981 -0.187413
vn 0.101909 0.976981 -0.187412
vn 0.844832 0.090516 0.527320
vn 0.842887 0.086756 0.531051
vn 0.825286 0.121521 0.551485
vn 0.826521 0.128146 0.548125
vn 0.017975 -0.999292 -0.033054
vn 0.017975 -0.999292 -0.033054
vn 0.027503 -0.998341 -0.050578
vn 0.027503 -0.998341 -0.050578
vn 0.027503 -0.998341 -0.050578
vn 0.918271 0.069245 0.389850
vn 0.917537 0.072893 0.390912
vn 0.916560 0.129512 0.378345
vn 0.915509 0.133537 0.379487
vn 0.917537 0.072893 0.390912
vn 0.918271 0.069245 0.389850
vn 0.867750 0.127952 0.480248
vn 0.867750 0.127960 0.480247
vn 0.915509 0.133537 0.379487
vn 0.916560 0.129512 0.378345
vn -0.017982 0.999291 0.033071
vn -0.017982 0.999291 0.033071
vn -0.027503 0.998341 0.050579
vn -0.027503 0.998341 0.050579
vn -0.027503 0.998341 0.050579
vn -0.027503 0.998341 0.050586
vn -0.027503 0.998341 0.050586
vn -0.027503 0.998341 0.050586
vn -0.027515 0.998342 0.050571
vn -0.027515 0.998342 0.050571
vn -0.027515 0.998342 0.050571
vn -0.823422 0.069524 -0.563154
vn -0.822735 0.073406 -0.563666
vn -0.819668 0.129195 -0.558080
vn -0.818798 0.133335 -0.558383
vn -0.822735 0.073406 -0.563666
vn -0.823422 0.069524 -0.563154
vn -0.874805 0.127902 -0.467287
vn -0.874805 0.127902 -0.467287
vn -0.818798 0.133335 -0.558383
vn -0.819668 0.129195 -0.558080
vn 0.027509 -0.998341 -0.050593
vn 0.027509 -0.998341 -0.050593
vn 0.027509 -0.998341 -0.050593
vn 0.027509 -0.998341 -0.050590
vn 0.027509 -0.998341 -0.050590
vn 0.027509 -0.998341 -0.050590
vn 0.027499 -0.998342 -0.050571
vn 0.027499 -0.998342 -0.050571
vn 0.027499 -0.998342 -0.050571
vn 0.027500 -0.998342 -0.050573
vn 0.027500 -0.998342 -0.050573
vn 0.027500 -0.998342 -0.050573
vn 0.164743 -0.024694 0.986028
vn 0.164743 -0.024694 0.986028
vn 0.164743 -0.024694 0.986028
vn 0.192054 0.038032 0.980647
vn 0.192054 0.038032 0.980647
vn 0.192054 0.038032 0.980647
vn -0.027515 0.998340 0.050597
vn -0.027515 0.998340 0.050597
vn -0.027515 0.998340 0.050597
vn -0.027507 0.998341 0.050591
vn -0.027507 0.998341 0.050591
vn -0.027507 0.998341 0.050591
vn -0.027497 0.998342 0.050574
vn -0.027497 0.998342 0.050574
vn -0.027497 0.998342 0.050574
vn -0.027497 0.998342 0.050577
vn -0.027497 0.998342 0.050577
vn -0.027497 0.998342 0.050577
vn -0.928765 -0.022855 0.369964
vn -0.928765 -0.022855 0.369964
vn -0.928765 -0.022855 0.369964
vn -0.916099 0.033888 0.399518
vn -0.916099 0.033888 0.399518
vn -0.916099 0.033888 0.399518
vn 0.027504 -0.998341 -0.050585
vn 0.027504 -0.998341 -0.050585
vn 0.027504 -0.998341 -0.050585
vn 0.027496 -0.998341 -0.050585
vn 0.027496 -0.998341 -0.050585
vn 0.027496 -0.998341 -0.050585
vn -0.878511 -0.000022 -0.477721
vn -0.878511 -0.000022 -0.477721
vn -0.878511 -0.000022 -0.477721
vn -0.878520 0.000021 -0.477705
vn -0.878520 0.000021 -0.477705
vn -0.878520 0.000021 -0.477705
vn 0.476938 0.057670 -0.877043
vn 0.476938 0.057670 -0.877043
vn 0.476938 0.057670 -0.877043
vn 0.476891 0.057696 -0.877067
vn 0.476891 0.057696 -0.877067
vn 0.476891 0.057696 -0.877067
vn 0.878519 0.000023 0.477708
vn 0.878519 0.000023 0.477708
vn 0.878519 0.000023 0.477708
vn 0.878517 0.000011 0.477711
vn 0.878517 0.000011 0.477711
vn 0.878517 0.000011 0.477711
vn -0.476895 -0.057672 0.877066
vn -0.476895 -0.057672 0.877066
vn -0.476895 -0.057672 0.877066
vn -0.476853 -0.057648 0.877091
vn -0.476853 -0.057648 0.877091
vn -0.476853 -0.057648 0.877091
vn 0.027513 -0.998341 -0.050580
vn 0.027513 -0.998341 -0.050580
vn 0.027513 -0.998341 -0.050580
vn 0.027502 -0.998341 -0.050582
vn 0.027502 -0.998341 -0.050582
vn 0.027502 -0.998341 -0.050582
vn -0.027494 0.998341 0.050589
vn -0.027494 0.998341 0.050589
vn -0.027494 0.998341 0.050589
vn -0.027506 0.998341 0.050577
vn -0.027506 0.998341 0.050577
vn -0.027506 0.998341 0.050577
vn -0.284117 0.040744 -0.957923
vn -0.284117 0.040744 -0.957923
vn -0.284117 0.040744 -0.957923
vn -0.284093 0.040759 -0.957930
vn -0.284093 0.040759 -0.957930
vn -0.284093 0.040759 -0.957930
vn -0.958341 -0.040762 0.282704
vn -0.958341 -0.040762 0.282704
vn -0.958341 -0.040762 0.282704
vn -0.958315 -0.040814 0.282784
vn -0.958315 -0.040814 0.282784
vn -0.958315 -0.040814 0.282784
vn 0.958489 0.040796 -0.282196
vn 0.958489 0.040796 -0.282196
vn 0.958489 0.040796 -0.282196
vn 0.958466 0.040751 -0.282282
vn 0.958466 0.040751 -0.282282
vn 0.958466 0.040751 -0.282282
vn 0.283639 -0.040793 0.958063
vn 0.283639 -0.040793 0.958063
vn 0.283639 -0.040793 0.958063
vn 0.283615 -0.040780 0.958071
vn 0.283615 -0.040780 0.958071
vn 0.283615 -0.040780 0.958071
vn -0.027488 0.998342 0.050582
vn -0.027488 0.998342 0.050582
vn -0.027488 0.998342 0.050582
vn 0.027489 -0.998342 -0.050578
vn 0.027489 -0.998342 -0.050578
vn 0.027489 -0.998342 -0.050578
vn -0.027528 0.998338 0.050628
vn -0.027528 0.998338 0.050628
vn -0.027528 0.998338 0.050628
vn 0.027521 -0.998339 -0.050611
vn 0.027521 -0.998339 -0.050611
vn 0.027521 -0.998339 -0.050611
vn -0.027508 0.998342 0.050569
vn -0.027508 0.998342 0.050569
vn -0.027508 0.998342 0.050569
vn 0.027510 -0.998342 -0.050564
vn 0.027510 -0.998342 -0.050564
vn 0.027510 -0.998342 -0.050564
vn -0.027526 0.998338 0.050623
vn -0.027526 0.998338 0.050623
vn -0.027526 0.998338 0.050623
vn 0.027522 -0.998339 -0.050613
vn 0.027522 -0.998339 -0.050613
vn 0.027522 -0.998339 -0.050613
vn 0.027503 -0.998341 -0.050579
vn 0.027503 -0.998341 -0.050579
vn 0.027503 -0.998341 -0.050579
vn 0.027500 -0.998341 -0.050579
vn 0.027499 -0.998342 -0.050579
vn -0.027501 0.998341 0.050580
vn -0.027501 0.998341 0.050580
vn -0.027501 0.998341 0.050580
vn -0.027502 0.998341 0.050579
vn -0.027502 0.998341 0.050579
vn 0.462450 0.250409 -0.850550
vn 0.462450 0.250409 -0.850550
vn 0.462450 0.250409 -0.850550
vn 0.462484 0.250385 -0.850539
vn 0.462484 0.250385 -0.850539
vn 0.462484 0.250385 -0.850539
vn 0.739126 0.267493 0.618175
vn 0.736971 0.266939 0.620981
vn 0.670039 0.259324 0.695557
vn 0.645426 0.250355 0.721628
vn -0.926870 0.262382 -0.268455
vn -0.925798 0.263672 -0.270879
vn -0.953347 0.272537 -0.129820
vn -0.953059 0.250059 -0.170730
vn 0.109112 -0.973721 -0.199903
vn 0.120031 -0.968107 -0.219914
vn 0.124272 -0.965801 -0.227561
vn 0.124462 -0.965695 -0.227910
vn 0.131075 -0.961880 -0.240015
vn 0.131041 -0.961901 -0.239949
vn 0.162711 -0.940607 -0.297967
vn 0.158980 -0.943381 -0.291132
vn 0.193439 -0.914920 -0.354263
vn -0.849250 0.014960 -0.527780
vn -0.849247 0.014963 -0.527783
vn -0.842849 0.018030 -0.537849
vn -0.842847 0.018027 -0.537851
vn -0.854082 0.012592 -0.519986
vn -0.854083 0.012593 -0.519984
vn -0.847539 0.015809 -0.530498
vn -0.847782 0.015693 -0.530112
vn -0.847782 0.015693 -0.530112
vn -0.847539 0.015809 -0.530498
vn -0.842308 0.018319 -0.538685
vn -0.109299 0.973683 0.199990
vn -0.109287 0.973689 0.199965
vn -0.116121 0.970239 0.212492
vn -0.115911 0.970346 0.212117
vn -0.108243 0.974195 0.198058
vn -0.108419 0.974110 0.198380
vn -0.110260 0.973211 0.201751
vn 0.791106 0.295299 0.535677
vn 0.790956 0.295217 0.535943
vn 0.824042 0.313321 0.472002
vn 0.824264 0.313434 0.471537
vn 0.869843 0.340051 0.357405
vn 0.874462 0.342932 0.343095
vn 0.874462 0.342932 0.343095
vn 0.869843 0.340051 0.357405
vn 0.902404 0.361953 0.233788
vn 0.917850 0.023422 0.396236
vn 0.917848 0.023416 0.396240
vn 0.920781 0.025389 0.389254
vn 0.920781 0.025397 0.389253
vn 0.905436 0.015514 0.424200
vn 0.905432 0.015509 0.424209
vn 0.909970 0.018314 0.414269
vn 0.910342 0.018546 0.413440
vn 0.910342 0.018546 0.413440
vn 0.909970 0.018314 0.414269
vn 0.924949 0.028180 0.379045
vn 0.131639 -0.961012 -0.243159
vn 0.131643 -0.961006 -0.243184
vn 0.124646 -0.965121 -0.230228
vn 0.125095 -0.964871 -0.231032
vn 0.151164 -0.948247 -0.279244
vn 0.153255 -0.946764 -0.283109
vn 0.175369 -0.929680 -0.323945
vn -0.888164 0.290300 -0.356218
vn -0.887799 0.290514 -0.356952
vn -0.842155 0.314140 -0.438281
vn -0.842616 0.313928 -0.437548
vn -0.774149 0.339656 -0.534160
vn -0.779476 0.337970 -0.527440
vn -0.719859 0.354578 -0.596722
vn -0.114944 0.970433 0.212244
vn -0.119316 0.968105 0.220309
vn -0.114031 0.970872 0.210724
vn -0.113556 0.971112 0.209872
vn -0.106959 0.974403 0.197733
vn -0.106961 0.974403 0.197733
vn -0.101327 0.977076 0.187231
vn -0.101679 0.976919 0.187857
vn -0.096394 0.979280 0.178100
vn -0.115581 0.970465 0.211752
vn -0.111944 0.972246 0.205444
vn 0.108590 -0.973679 -0.200395
vn 0.100031 -0.977765 -0.184307
vn -0.259805 0.183302 -0.948104
vn -0.259805 0.183302 -0.948104
vn -0.259805 0.183302 -0.948104
vn -0.259796 0.183317 -0.948104
vn -0.259796 0.183317 -0.948104
vn -0.259796 0.183317 -0.948104
vn 0.932129 0.186113 -0.310640
vn 0.932129 0.186113 -0.310640
vn 0.932129 0.186113 -0.310640
vn 0.932083 0.185851 -0.310934
vn 0.932083 0.185851 -0.310934
vn 0.932083 0.185851 -0.310934
vn 0.024213 -0.998715 -0.044528
vn 0.100396 -0.977724 -0.184325
vn -0.111611 0.972249 0.205608
vn -0.030085 0.998015 0.055329
vn 0.050569 0.994381 -0.092999
vn -0.046705 0.995195 0.086058
vn 0.040849 -0.996347 -0.074989
vn -0.047720 -0.994998 0.087760
vn -0.497441 -0.100992 -0.861599
vn -0.861600 -0.101126 -0.497412
vn -0.797805 0.389052 -0.460593
vn -0.460618 0.389131 -0.797752
vn -0.994871 -0.101148 0.000003
vn -0.921235 0.389006 0.000004
vn -0.861595 -0.101112 0.497423
vn -0.797803 0.389049 0.460599
vn -0.497473 -0.100995 0.861580
vn -0.460640 0.389131 0.797739
vn 0.000024 -0.101084 0.994878
vn 0.000018 0.389057 0.921214
vn 0.497449 -0.100973 0.861597
vn 0.460613 0.389140 0.797750
vn 0.861599 -0.101126 0.497414
vn 0.797810 0.389033 0.460599
vn 0.994871 -0.101148 -0.000003
vn 0.921225 0.389030 -0.000000
vn 0.861592 -0.101108 -0.497429
vn 0.797805 0.389027 -0.460613
vn 0.497487 -0.100974 -0.861575
vn 0.460639 0.389141 -0.797735
vn -0.000022 -0.101085 -0.994878
vn -0.000015 0.389057 -0.921214
vn -0.497441 -0.100992 -0.861599
vn -0.460618 0.389131 -0.797752
vn 0.000000 -1.000000 -0.000000
vn 0.000000 -1.000000 -0.000000
vn 0.000000 -1.000000 -0.000000
vn 0.000000 -1.000000 -0.000000
vn 0.000000 -1.000000 -0.000000
vn 0.000000 -1.000000 -0.000000
vn 0.000000 -1.000000 -0.000000
vn 0.000000 -1.000000 -0.000000
vn 0.000000 -1.000000 -0.000000
vn 0.000000 -1.000000 -0.000000
vn 0.000000 -1.000000 -0.000000
vn 0.000000 -1.000000 -0.000000
vn 0.823010 -0.311212 0.475185
vn 0.950360 -0.311152 0.000001
vn 0.980524 0.196400 -0.000008
vn 0.849159 0.196484 0.490228
vn 0.475154 -0.311236 0.823019
vn 0.490250 0.196629 0.849112
vn -0.000019 -0.311007 0.950408
vn 0.000002 0.196649 0.980474
vn -0.475132 -0.311225 0.823036
vn -0.490257 0.196622 0.849110
vn -0.823014 -0.311199 0.475188
vn -0.849160 0.196470 0.490231
vn -0.950361 -0.311151 -0.000007
vn -0.980525 0.196394 -0.000001
vn -0.823013 -0.311200 -0.475189
vn -0.849175 0.196434 -0.490220
vn -0.475148 -0.311218 -0.823030
vn -0.490244 0.196629 -0.849116
vn 0.000019 -0.311007 -0.950408
vn -0.475148 -0.311218 -0.823030
vn -0.490244 0.196629 -0.849116
vn -0.000002 0.196649 -0.980474
vn 0.475139 -0.311243 -0.823025
vn 0.490264 0.196622 -0.849106
vn 0.823012 -0.311200 -0.475190
vn 0.849159 0.196470 -0.490234
vn 0.817895 0.575367 0.000001
vn 0.708333 0.575346 0.408951
vn 0.408971 0.575394 0.708283
vn 0.000008 0.575380 0.817886
vn -0.408982 0.575392 0.708279
vn -0.708318 0.575367 0.408949
vn -0.817914 0.575341 0.000003
vn -0.708315 0.575370 -0.408949
vn -0.408974 0.575393 -0.708282
vn -0.408974 0.575393 -0.708282
vn -0.000004 0.575380 -0.817886
vn 0.408981 0.575390 -0.708280
vn 0.708331 0.575346 -0.408956
vn 0.464648 -0.369753 0.804602
vn 0.804717 -0.369604 0.464568
vn -0.000026 -0.369473 0.929242
vn -0.464633 -0.369713 0.804630
vn -0.804718 -0.369612 0.464560
vn -0.929231 -0.369499 -0.000008
vn -0.804737 -0.369566 -0.464564
vn -0.464660 -0.369727 -0.804608
vn 0.000031 -0.369472 -0.929242
vn -0.464660 -0.369727 -0.804608
vn 0.464620 -0.369736 -0.804626
vn 0.804715 -0.369612 -0.464564
vn 0.929230 -0.369503 0.000005
vn 0.000000 1.000000 -0.000000
vn 0.000000 1.000000 -0.000000
vn 0.000000 1.000000 -0.000000
vn 0.000000 1.000000 -0.000000
vn 0.000000 1.000000 -0.000000
vn 0.000000 1.000000 -0.000000
vn 0.000000 1.000000 -0.000000
vn 0.000000 1.000000 -0.000000
vn 0.000000 1.000000 -0.000000
vn 0.000000 1.000000 -0.000000
vn 0.000000 1.000000 -0.000000
vn 0.000000 1.000000 -0.000000
vn 0.000000 1.000000 -0.000000
vn 0.000000 1.000000 -0.000000
vn 0.000000 1.000000 -0.000000
vn 0.000000 1.000000 -0.000000
vn 0.000000 1.000000 -0.000000
vn 0.000000 1.000000 -0.000000
vn 0.000000 1.000000 -0.000000
vn 0.000000 1.000000 -0.000000
vn 0.000000 1.000000 -0.000000
vn 0.000000 1.000000 -0.000000
vn 0.000000 1.000000 -0.000000
vn 0.000000 1.000000 -0.000000
vn 0.000000 1.000000 -0.000000
vn 0.000000 1.000000 -0.000000
vn -0.821401 -0.316907 -0.474206
vn -0.474197 -0.316902 -0.821407
vn -0.452544 -0.425110 -0.783892
vn -0.783863 -0.425095 -0.452607
vn -0.948455 -0.316912 0.000001
vn -0.905125 -0.425145 0.000012
vn -0.821403 -0.316899 0.474208
vn -0.783877 -0.425103 0.452576
vn -0.474200 -0.316891 0.821410
vn -0.452515 -0.425120 0.783903
vn -0.000001 -0.316881 0.948465
vn -0.000007 -0.425089 0.905152
vn 0.474205 -0.316908 0.821401
vn 0.452545 -0.425118 0.783886
vn 0.821401 -0.316912 0.474202
vn 0.783863 -0.425089 0.452613
vn 0.948455 -0.316911 -0.000001
vn 0.905134 -0.425127 -0.000004
vn 0.821406 -0.316896 -0.474204
vn 0.783871 -0.425106 -0.452583
vn 0.474206 -0.316895 -0.821405
vn 0.452510 -0.425130 -0.783900
vn 0.000002 -0.316881 -0.948465
vn 0.000012 -0.425087 -0.905153
vn -0.474197 -0.316902 -0.821407
vn -0.452544 -0.425110 -0.783892
vn -0.851390 -0.183006 -0.491573
vn -0.491518 -0.183029 -0.851417
vn -0.983109 -0.183023 0.000003
vn -0.851393 -0.183020 0.491562
vn -0.491521 -0.183062 0.851408
vn 0.000016 -0.183090 0.983096
vn 0.491523 -0.183027 0.851415
vn 0.851390 -0.183012 0.491571
vn 0.983108 -0.183024 0.000000
vn 0.851389 -0.183030 -0.491566
vn 0.491531 -0.183056 -0.851404
vn -0.000016 -0.183090 -0.983096
vn -0.491518 -0.183029 -0.851417
vn -0.865078 -0.047149 -0.499417
vn -0.499447 -0.047157 -0.865060
vn -0.998888 -0.047146 0.000002
vn -0.865079 -0.047130 0.499417
vn -0.499469 -0.047129 0.865049
vn 0.000027 -0.047214 0.998885
vn 0.499441 -0.047151 0.865064
vn 0.865080 -0.047159 0.499413
vn 0.998888 -0.047149 0.000000
vn 0.865078 -0.047135 -0.499418
vn 0.499467 -0.047126 -0.865050
vn -0.000022 -0.047213 -0.998885
vn -0.499447 -0.047157 -0.865060
vn -0.860389 0.113812 -0.496768
vn -0.496786 0.113801 -0.860380
vn -0.993503 0.113802 0.000000
vn -0.860391 0.113789 0.496768
vn -0.496786 0.113795 0.860380
vn 0.000002 0.113798 0.993504
vn 0.496783 0.113797 0.860382
vn 0.860386 0.113815 0.496771
vn 0.993504 0.113801 -0.000001
vn 0.860391 0.113784 -0.496771
vn 0.496781 0.113789 -0.860384
vn 0.000002 0.113799 -0.993504
vn -0.496786 0.113801 -0.860380
vn -0.830030 0.285351 -0.479192
vn -0.479260 0.285313 -0.830004
vn -0.958425 0.285345 0.000004
vn -0.830039 0.285361 0.479171
vn -0.479219 0.285327 0.830022
vn -0.000023 0.285359 0.958421
vn 0.479262 0.285309 0.830004
vn 0.830034 0.285348 0.479187
vn 0.958423 0.285351 -0.000001
vn 0.830041 0.285365 -0.479165
vn 0.479221 0.285325 -0.830023
vn 0.000024 0.285358 -0.958421
vn -0.479260 0.285313 -0.830004
vn -0.798559 0.387031 -0.460990
vn -0.460993 0.387087 -0.798529
vn -0.922059 0.387049 -0.000004
vn -0.798545 0.387047 0.460999
vn -0.461012 0.387060 0.798531
vn 0.000008 0.387036 0.922065
vn 0.460987 0.387088 0.798532
vn 0.798551 0.387041 0.460994
vn 0.922057 0.387054 0.000002
vn 0.798542 0.387049 -0.461002
vn 0.461006 0.387057 -0.798536
vn -0.000002 0.387037 -0.922064
vn -0.460993 0.387087 -0.798529
vn -0.850727 0.187086 -0.491184
vn -0.491166 0.187090 -0.850737
vn -0.792636 -0.402787 -0.457702
vn -0.457571 -0.402876 -0.792666
vn -0.865474 -0.035812 -0.499672
vn -0.499682 -0.035796 -0.865469
vn -0.464283 -0.371231 -0.804132
vn -0.804215 -0.371125 -0.464225
vn -0.982344 0.187086 -0.000001
vn -0.915277 -0.402825 0.000033
vn -0.999359 -0.035786 -0.000002
vn -0.928563 -0.371175 0.000002
vn -0.850712 0.187086 0.491210
vn -0.792657 -0.402835 0.457623
vn -0.865466 -0.035822 0.499685
vn -0.804160 -0.371215 0.464248
vn -0.491217 0.187122 0.850700
vn -0.457677 -0.402882 0.792602
vn -0.499677 -0.035829 0.865470
vn -0.464309 -0.371236 0.804115
vn 0.000034 0.187086 0.982344
vn 0.000003 -0.402879 0.915253
vn -0.000015 -0.035768 0.999360
vn -0.000005 -0.371211 0.928549
vn 0.491192 0.187103 0.850719
vn 0.457685 -0.402887 0.792595
vn 0.499681 -0.035781 0.865470
vn 0.464312 -0.371246 0.804109
vn 0.850721 0.187113 0.491186
vn 0.792656 -0.402846 0.457615
vn 0.865478 -0.035806 0.499665
vn 0.804167 -0.371213 0.464236
vn 0.982343 0.187091 0.000005
vn 0.915264 -0.402854 0.000040
vn 0.999361 -0.035760 0.000011
vn 0.928563 -0.371174 0.000031
vn 0.850718 0.187083 -0.491201
vn 0.792599 -0.402877 -0.457685
vn 0.865495 -0.035694 -0.499644
vn 0.804145 -0.371167 -0.464313
vn 0.491227 0.187123 -0.850694
vn 0.457603 -0.402887 -0.792643
vn 0.499640 -0.035766 -0.865494
vn 0.464243 -0.371238 -0.804152
vn -0.000033 0.187085 -0.982344
vn -0.000003 -0.402881 -0.915252
vn 0.000021 -0.035765 -0.999360
vn 0.000006 -0.371214 -0.928547
vn -0.491166 0.187090 -0.850737
vn -0.457571 -0.402876 -0.792666
vn -0.499682 -0.035796 -0.865469
vn -0.464283 -0.371231 -0.804132
vn -0.085586 0.985240 -0.148249
vn -0.148284 0.985233 -0.085601
vn -0.148269 0.985235 -0.085605
vn -0.085587 0.985239 -0.148255
vn -0.171213 0.985234 -0.000000
vn -0.171216 0.985234 0.000004
vn -0.148262 0.985237 0.085596
vn -0.148262 0.985235 0.085619
vn -0.085577 0.985243 0.148233
vn -0.085577 0.985241 0.148247
vn 0.000002 0.985243 0.171164
vn -0.000004 0.985243 0.171161
vn 0.085588 0.985238 0.148260
vn 0.085575 0.985240 0.148253
vn 0.148275 0.985234 0.085605
vn 0.148266 0.985235 0.085607
vn 0.171210 0.985235 0.000000
vn 0.171210 0.985235 0.000001
vn 0.148267 0.985235 -0.085605
vn 0.148266 0.985234 -0.085621
vn 0.085605 0.985238 -0.148251
vn 0.085623 0.985239 -0.148235
vn -0.000007 0.985234 -0.171212
vn -0.000019 0.985234 -0.171211
vn -0.085586 0.985240 -0.148249
vn -0.085587 0.985239 -0.148255
vn -0.477569 0.047570 -0.877306
vn -0.000084 0.000428 -1.000000
vn 0.085799 0.070935 -0.993784
vn -0.296457 0.162398 -0.941138
vn -0.763381 0.152824 -0.627610
vn -0.777564 0.096753 -0.621316
vn -0.777564 0.096753 -0.621316
vn -0.763381 0.152824 -0.627610
vn -0.924510 0.132337 -0.357447
vn -0.844692 0.074655 -0.530020
vn -0.981392 0.148116 0.122196
vn -0.814399 0.155539 0.559073
vn -0.821265 0.066113 0.566704
vn -0.994635 0.071289 0.074969
vn -0.499685 0.025926 0.865819
vn -0.784328 0.051402 0.618213
vn -0.711720 0.154716 0.685214
vn -0.424025 0.109913 0.898956
vn -0.499685 0.025926 0.865819
vn -0.424025 0.109913 0.898956
vn -0.000930 0.064635 0.997909
vn -0.004198 0.012333 0.999915
vn 0.500562 0.058024 0.863754
vn 0.499929 0.007405 0.866035
vn 0.499929 0.007405 0.866035
vn 0.500562 0.058024 0.863754
vn 0.865628 0.052544 0.497922
vn 0.866307 0.004271 0.499493
vn 0.998797 0.048997 -0.001940
vn 0.999993 0.002700 -0.002532
vn 0.862853 0.002376 -0.505449
vn 0.862934 0.048460 -0.502988
vn 0.495201 0.002089 -0.868776
vn 0.862853 0.002376 -0.505449
vn 0.862934 0.048460 -0.502988
vn 0.491529 0.047889 -0.869544
vn -0.473822 -0.000501 -0.880621
vn 0.030248 0.000947 -0.999542
vn -0.477569 0.047570 -0.877306
vn -0.810092 0.002437 -0.586297
vn -0.473822 -0.000501 -0.880621
vn -0.896748 0.015914 -0.442254
vn -0.872039 0.033209 0.488308
vn -0.998092 0.038267 -0.048449
vn -0.482346 0.031557 0.875412
vn -0.777116 0.033480 0.628467
vn 0.025285 0.021949 0.999439
vn -0.482346 0.031557 0.875412
vn 0.525440 0.010742 0.850763
vn 0.876776 0.003562 0.480886
vn 0.525440 0.010742 0.850763
vn 0.999933 0.000919 -0.011577
vn 0.863990 0.001117 -0.503507
vn 0.508965 0.001872 -0.860785
vn 0.863990 0.001117 -0.503507
vn -0.178700 0.925514 0.333900
vn -0.021799 0.950523 0.309890
vn -0.101338 0.971198 0.215649
vn -0.217129 0.949998 0.224406
vn -0.060925 0.951090 0.302847
vn -0.002553 0.992619 0.121249
vn -0.248273 0.907094 0.339913
vn -0.090953 0.995741 -0.015094
vn -0.209208 0.974243 -0.084162
vn -0.100805 0.928263 -0.358003
vn -0.004757 0.937207 -0.348740
vn -0.063083 0.940437 -0.334063
vn -0.121537 0.955862 -0.267501
vn -0.065557 0.978395 -0.196076
vn -0.205942 0.917741 -0.339617
vn -0.231889 0.932580 -0.276628
vn -0.322046 0.904163 -0.280671
vn -0.323958 0.917877 -0.229243
vn -0.399434 0.898789 -0.180640
vn -0.381691 0.912693 -0.145956
vn -0.433119 0.900133 -0.046574
vn -0.399311 0.915811 -0.042902
vn -0.412301 0.904022 0.112925
vn -0.377494 0.923499 0.068172
vn -0.322569 0.910902 0.257307
vn -0.314793 0.934450 0.166458
vn -0.241971 0.969659 -0.034816
vn -0.814399 0.155539 0.559073
vn -0.711720 0.154716 0.685214
vn -0.784328 0.051402 0.618213
vn -0.821265 0.066113 0.566704
vn -0.772406 -0.085327 -0.629371
vn -0.546064 -0.309658 -0.778412
vn -0.775880 -0.371756 -0.509713
vn -0.890263 -0.451412 0.060484
vn -0.957498 -0.286797 0.030730
vn -0.839429 -0.391157 -0.377299
vn -0.979357 -0.035383 0.199019
vn -0.832346 -0.304971 0.462810
vn -0.654183 -0.322880 0.683954
vn -0.840499 0.041493 0.540221
vn -0.971781 -0.052928 -0.229870
vn -0.578424 -0.355036 0.734422
vn -0.565602 -0.281507 0.775144
vn -0.365186 0.079567 0.927528
vn -0.648329 0.075774 0.757580
vn -0.569631 -0.145231 0.808968
vn -0.391949 0.051381 -0.918551
vn -0.883556 0.076781 0.461989
vn -0.042572 0.076452 -0.996164
vn 0.040170 0.013299 -0.999104
vn -0.845597 0.010012 0.533728
vn 0.863605 0.065738 0.499864
vn -0.883556 0.076781 0.461989
vn -0.845597 0.010012 0.533728
vn 0.858634 0.133639 0.494862
vn 0.091795 0.994507 0.050289
vn 0.091795 0.994507 0.050289
vn 0.000000 -1.000000 -0.000000
vn 0.000000 -1.000000 -0.000000
vn 0.000000 -1.000000 -0.000000
vn 0.125887 0.131780 -0.983253
vn -0.317637 0.197299 -0.927459
vn 0.440223 0.097743 -0.892552
vn -0.795728 0.125600 -0.592488
vn -0.795728 0.125600 -0.592488
vn -0.971781 -0.052928 -0.229870
vn -0.979357 -0.035383 0.199019
vn -0.840499 0.041493 0.540221
vn -0.840499 0.041493 0.540221
vn -0.648329 0.075774 0.757580
vn -0.648329 0.075774 0.757580
vn -0.365186 0.079567 0.927528
vn -0.365186 0.079567 0.927528
vn 0.013909 0.128205 0.991650
vn 0.493729 0.112350 0.862328
vn 0.493729 0.112350 0.862328
vn 0.860232 0.102392 0.499516
vn 0.995299 0.096847 0.000527
vn 0.852640 0.096421 -0.513525
vn 0.852640 0.096421 -0.513525
vn 0.056310 -0.318174 -0.946359
vn 0.056310 -0.318174 -0.946359
vn 0.056310 -0.318174 -0.946359
vn -0.391949 0.051381 -0.918551
vn -0.772406 -0.085327 -0.629371
vn -0.772406 -0.085327 -0.629371
vn -0.793785 -0.437070 0.422935
vn 0.000002 -0.846396 -0.532555
vn 0.000007 -0.975698 -0.219120
vn -0.074952 -0.975694 -0.205923
vn -0.182157 -0.846394 -0.500437
vn -0.140857 -0.975695 -0.167863
vn -0.342308 -0.846402 -0.407958
vn -0.189771 -0.975695 -0.109571
vn -0.461202 -0.846400 -0.266271
vn -0.215811 -0.975693 -0.038057
vn -0.524458 -0.846400 -0.092472
vn -0.215814 -0.975693 0.038061
vn -0.524455 -0.846402 0.092470
vn -0.189776 -0.975694 0.109571
vn -0.461199 -0.846401 0.266273
vn -0.140858 -0.975696 0.167859
vn -0.342313 -0.846403 0.407950
vn -0.074944 -0.975693 0.205929
vn -0.182147 -0.846397 0.500434
vn -0.000007 -0.975698 0.219120
vn -0.000002 -0.846396 0.532555
vn 0.074952 -0.975694 0.205923
vn 0.182157 -0.846394 0.500437
vn 0.140857 -0.975695 0.167863
vn 0.342308 -0.846402 0.407958
vn 0.189771 -0.975695 0.109571
vn 0.461202 -0.846400 0.266271
vn 0.215811 -0.975693 0.038057
vn 0.524458 -0.846400 0.092472
vn 0.215814 -0.975693 -0.038061
vn 0.524455 -0.846402 -0.092470
vn 0.189776 -0.975694 -0.109571
vn 0.461199 -0.846401 -0.266273
vn 0.140858 -0.975696 -0.167859
vn 0.342313 -0.846403 -0.407950
vn 0.074944 -0.975693 -0.205929
vn 0.182147 -0.846397 -0.500434
vn 0.074952 -0.975694 0.205923
vn -0.000007 -0.975698 0.219120
vn -0.074944 -0.975693 0.205929
vn -0.140858 -0.975696 0.167859
vn -0.189776 -0.975694 0.109571
vn -0.215814 -0.975693 0.038061
vn -0.215811 -0.975693 -0.038057
vn -0.189771 -0.975695 -0.109571
vn -0.140857 -0.975695 -0.167863
vn -0.074952 -0.975694 -0.205923
vn 0.000007 -0.975698 -0.219120
vn 0.074944 -0.975693 -0.205929
vn 0.140858 -0.975696 -0.167859
vn 0.189776 -0.975694 -0.109571
vn 0.215814 -0.975693 -0.038061
vn 0.215811 -0.975693 0.038057
vn 0.189771 -0.975695 0.109571
vn 0.140857 -0.975695 0.167863
vn 0.000001 -0.127578 -0.991829
vn -0.339212 -0.127578 -0.932019
vn -0.325692 0.305279 -0.894835
vn 0.000008 0.305313 -0.952252
vn -0.637533 -0.127571 -0.759788
vn -0.612095 0.305314 -0.729468
vn 0.339209 -0.127587 -0.932019
vn 0.325677 0.305290 -0.894836
vn -0.858957 -0.127555 -0.495905
vn -0.824683 0.305314 -0.476110
vn -0.976764 -0.127563 -0.172223
vn -0.937787 0.305313 -0.165347
vn -0.976764 -0.127558 0.172221
vn -0.937786 0.305313 0.165351
vn -0.858959 -0.127558 0.495901
vn -0.824684 0.305324 0.476103
vn -0.637530 -0.127571 0.759790
vn -0.612098 0.305313 0.729466
vn -0.339209 -0.127587 0.932019
vn -0.325677 0.305290 0.894837
vn -0.000001 -0.127578 0.991829
vn -0.000008 0.305313 0.952252
vn 0.339212 -0.127578 0.932019
vn 0.325692 0.305279 0.894835
vn 0.637533 -0.127571 0.759788
vn 0.612095 0.305314 0.729468
vn 0.858957 -0.127555 0.495905
vn 0.824683 0.305314 0.476111
vn 0.976764 -0.127563 0.172223
vn 0.937787 0.305313 0.165347
vn 0.976764 -0.127558 -0.172221
vn 0.937786 0.305313 -0.165351
vn 0.858959 -0.127558 -0.495901
vn 0.824684 0.305324 -0.476103
vn 0.637530 -0.127571 -0.759790
vn 0.612098 0.305313 -0.729466
vn 0.000011 -0.576089 -0.817387
vn -0.279558 -0.576123 -0.768069
vn -0.525375 -0.576116 -0.626157
vn -0.707860 -0.576124 -0.408676
vn -0.804943 -0.576124 -0.141944
vn -0.804943 -0.576125 0.141938
vn -0.707855 -0.576125 0.408682
vn -0.525383 -0.576117 0.626149
vn -0.279540 -0.576117 0.768080
vn -0.000011 -0.576089 0.817387
vn 0.279558 -0.576123 0.768069
vn 0.525375 -0.576116 0.626157
vn 0.707860 -0.576124 0.408676
vn 0.804943 -0.576124 0.141944
vn 0.804943 -0.576125 -0.141938
vn 0.707855 -0.576125 -0.408682
vn 0.525383 -0.576117 -0.626149
vn 0.279540 -0.576117 -0.768080
vn -0.191303 0.828955 -0.525582
vn 0.000025 0.829003 -0.559244
vn 0.191268 0.828951 -0.525601
vn -0.359500 0.828979 -0.428431
vn -0.484373 0.828965 -0.279643
vn -0.550802 0.828965 -0.097132
vn -0.550803 0.828963 0.097135
vn -0.484377 0.828961 0.279649
vn -0.359514 0.828982 0.428414
vn -0.191268 0.828951 0.525601
vn -0.000025 0.829003 0.559245
vn 0.191303 0.828955 0.525582
vn 0.359500 0.828979 0.428431
vn 0.484373 0.828965 0.279643
vn 0.550802 0.828965 0.097132
vn 0.550805 0.828963 -0.097136
vn 0.484377 0.828961 -0.279649
vn 0.359513 0.828983 -0.428413
vn 0.074998 0.975664 0.206048
vn 0.000008 0.975661 0.219287
vn -0.000008 0.847244 0.531204
vn 0.181690 0.847236 0.499179
vn 0.140945 0.975664 0.167972
vn 0.341477 0.847232 0.406929
vn 0.189903 0.975661 0.109646
vn 0.460053 0.847232 0.265611
vn 0.215950 0.975662 0.038079
vn 0.523146 0.847236 0.092243
vn 0.215951 0.975661 -0.038080
vn 0.523145 0.847237 -0.092241
vn 0.189905 0.975660 -0.109649
vn 0.460049 0.847233 -0.265613
vn 0.140948 0.975663 -0.167976
vn 0.341476 0.847235 -0.406924
vn 0.075007 0.975665 -0.206040
vn 0.181684 0.847231 -0.499190
vn -0.000008 0.975661 -0.219287
vn 0.000008 0.847244 -0.531204
vn -0.074998 0.975664 -0.206048
vn -0.181690 0.847236 -0.499179
vn -0.140945 0.975664 -0.167972
vn -0.341477 0.847232 -0.406929
vn -0.189903 0.975661 -0.109646
vn -0.460053 0.847232 -0.265612
vn -0.215950 0.975662 -0.038079
vn -0.523146 0.847236 -0.092243
vn -0.215951 0.975661 0.038080
vn -0.523145 0.847237 0.092241
vn -0.189904 0.975660 0.109653
vn -0.460049 0.847234 0.265613
vn -0.140946 0.975663 0.167974
vn -0.341476 0.847235 0.406924
vn -0.075008 0.975665 0.206040
vn -0.181684 0.847231 0.499190
vn -0.074998 0.975664 -0.206048
vn -0.140945 0.975664 -0.167972
vn -0.189903 0.975661 -0.109646
vn -0.215950 0.975662 -0.038079
vn -0.215951 0.975661 0.038080
vn -0.189904 0.975660 0.109653
vn -0.140946 0.975663 0.167974
vn -0.075008 0.975665 0.206040
vn 0.000008 0.975661 0.219287
vn 0.074998 0.975664 0.206048
vn 0.140945 0.975664 0.167972
vn 0.189903 0.975661 0.109646
vn 0.215950 0.975662 0.038079
vn 0.215951 0.975661 -0.038080
vn 0.189905 0.975660 -0.109649
vn 0.140948 0.975663 -0.167976
vn 0.075007 0.975665 -0.206040
vn -0.000008 0.975661 -0.219287
vn 0.325409 -0.307891 0.894042
vn 0.339244 0.127210 0.932057
vn 0.000004 0.127221 0.991874
vn 0.000000 -0.307887 0.951423
vn 0.611555 -0.307903 0.728832
vn 0.637582 0.127250 0.759801
vn -0.339259 0.127214 0.932051
vn -0.325407 -0.307886 0.894045
vn 0.823965 -0.307869 0.475709
vn 0.858993 0.127227 0.495928
vn 0.936971 -0.307882 0.165210
vn 0.976805 0.127207 0.172250
vn 0.936970 -0.307886 -0.165208
vn 0.976805 0.127211 -0.172248
vn 0.823957 -0.307877 -0.475717
vn 0.858994 0.127224 -0.495927
vn 0.611565 -0.307898 -0.728826
vn 0.637570 0.127248 -0.759811
vn 0.325408 -0.307886 -0.894045
vn 0.339259 0.127214 -0.932051
vn -0.000000 -0.307887 -0.951423
vn -0.000004 0.127221 -0.991874
vn -0.325410 -0.307891 -0.894042
vn -0.339244 0.127210 -0.932057
vn -0.611556 -0.307902 -0.728832
vn -0.637581 0.127250 -0.759801
vn -0.823964 -0.307869 -0.475709
vn -0.858993 0.127227 -0.495928
vn -0.936971 -0.307882 -0.165210
vn -0.976805 0.127207 -0.172250
vn -0.936970 -0.307886 0.165208
vn -0.976805 0.127211 0.172248
vn -0.823957 -0.307877 0.475717
vn -0.858994 0.127224 0.495927
vn -0.611565 -0.307898 0.728826
vn -0.637570 0.127248 0.759811
vn 0.279166 0.577777 0.766968
vn -0.000003 0.577793 0.816183
vn 0.524652 0.577807 0.625204
vn 0.706837 0.577786 0.408098
vn 0.803784 0.577792 0.141728
vn 0.803786 0.577790 -0.141729
vn 0.706840 0.577788 -0.408091
vn 0.524641 0.577804 -0.625216
vn 0.279172 0.577776 -0.766966
vn 0.000003 0.577793 -0.816183
vn -0.279166 0.577777 -0.766968
vn -0.524652 0.577807 -0.625204
vn -0.706837 0.577786 -0.408098
vn -0.803784 0.577792 -0.141728
vn -0.803786 0.577790 0.141729
vn -0.706840 0.577788 0.408091
vn -0.524641 0.577804 0.625216
vn -0.279172 0.577776 0.766966
vn 0.342021 0.005873 0.939674
vn 0.000009 0.005552 0.999985
vn -0.342020 0.005876 0.939674
vn 0.642771 0.005891 0.766036
vn 0.866016 0.005982 0.499980
vn 0.984790 0.005859 0.173651
vn 0.984789 0.005858 -0.173657
vn 0.866016 0.005989 -0.499980
vn 0.642783 0.005893 -0.766025
vn 0.342020 0.005876 -0.939674
vn -0.000009 0.005552 -0.999985
vn -0.342021 0.005873 -0.939674
vn -0.642771 0.005891 -0.766036
vn -0.866016 0.005982 -0.499980
vn -0.984790 0.005859 -0.173651
vn -0.984789 0.005857 0.173657
vn -0.866016 0.005989 0.499980
vn -0.642783 0.005894 0.766025
vn 0.148731 0.900500 0.408631
vn 0.000009 0.900373 0.435119
vn -0.148742 0.900496 0.408636
vn 0.279514 0.900505 0.333110
vn 0.376505 0.900543 0.217407
vn 0.428284 0.900484 0.075514
vn 0.428281 0.900485 -0.075517
vn 0.376507 0.900544 -0.217400
vn 0.279513 0.900505 -0.333113
vn 0.148741 0.900496 -0.408635
vn -0.000009 0.900373 -0.435119
vn -0.148731 0.900500 -0.408631
vn -0.279514 0.900505 -0.333110
vn -0.376505 0.900543 -0.217407
vn -0.428284 0.900484 -0.075514
vn -0.428280 0.900485 0.075517
vn -0.376507 0.900544 0.217400
vn -0.279513 0.900504 0.333114
vn -0.118273 -0.923869 -0.363974
vn 0.000002 -0.923868 -0.382712
vn 0.118268 -0.923868 -0.363979
vn 0.224955 -0.923863 -0.309634
vn 0.309638 -0.923859 -0.224963
vn 0.363997 -0.923861 -0.118269
vn 0.382727 -0.923861 -0.000003
vn 0.364001 -0.923859 0.118268
vn 0.309638 -0.923857 0.224973
vn 0.224964 -0.923850 0.309667
vn 0.118269 -0.923856 0.364011
vn -0.000001 -0.923854 0.382746
vn -0.118264 -0.923853 0.364017
vn -0.224962 -0.923846 0.309679
vn -0.309625 -0.923853 0.225008
vn -0.364003 -0.923853 0.118312
vn -0.382724 -0.923863 0.000048
vn -0.364011 -0.923862 -0.118217
vn -0.309647 -0.923864 -0.224933
vn -0.224962 -0.923865 -0.309623
vn -0.118273 -0.923869 -0.363974
vn -0.224962 -0.923865 -0.309623
vn -0.416480 -0.705688 -0.573192
vn -0.218963 -0.705685 -0.673842
vn -0.309647 -0.923864 -0.224933
vn -0.573234 -0.705677 -0.416440
vn -0.364011 -0.923862 -0.118217
vn -0.673875 -0.705677 -0.218891
vn -0.382724 -0.923863 0.000048
vn -0.708542 -0.705669 0.000060
vn -0.382724 -0.923863 0.000048
vn -0.364003 -0.923853 0.118312
vn -0.673855 -0.705659 0.219008
vn -0.708542 -0.705669 0.000060
vn -0.309625 -0.923853 0.225008
vn -0.573209 -0.705650 0.416520
vn -0.224962 -0.923846 0.309679
vn -0.416451 -0.705652 0.573257
vn -0.118264 -0.923853 0.364017
vn -0.218958 -0.705649 0.673882
vn -0.000001 -0.923854 0.382746
vn -0.000001 -0.705659 0.708551
vn 0.118269 -0.923856 0.364011
vn 0.218959 -0.705668 0.673862
vn 0.224964 -0.923850 0.309667
vn 0.416477 -0.705672 0.573213
vn 0.309638 -0.923857 0.224973
vn 0.573225 -0.705666 0.416471
vn 0.364001 -0.923859 0.118268
vn 0.673865 -0.705672 0.218934
vn 0.382727 -0.923861 -0.000003
vn 0.708542 -0.705669 -0.000025
vn 0.363997 -0.923861 -0.118269
vn 0.673860 -0.705665 -0.218976
vn 0.309638 -0.923859 -0.224963
vn 0.573216 -0.705662 -0.416490
vn 0.224955 -0.923863 -0.309634
vn 0.416462 -0.705667 -0.573231
vn 0.118268 -0.923868 -0.363979
vn 0.218962 -0.705668 -0.673860
vn 0.000002 -0.923868 -0.382712
vn -0.000001 -0.705678 -0.708533
vn -0.439788 -0.663509 -0.605262
vn -0.231209 -0.663490 -0.711564
vn -0.605320 -0.663492 -0.439734
vn -0.711588 -0.663485 -0.231150
vn -0.748197 -0.663477 0.000057
vn -0.711562 -0.663472 0.231268
vn -0.748197 -0.663477 0.000057
vn -0.605300 -0.663453 0.439820
vn -0.439752 -0.663472 0.605330
vn -0.231196 -0.663467 0.711590
vn 0.000004 -0.663469 0.748204
vn 0.231204 -0.663474 0.711581
vn 0.439782 -0.663493 0.605284
vn 0.605309 -0.663481 0.439767
vn 0.711578 -0.663481 0.231193
vn 0.748197 -0.663477 -0.000027
vn 0.711575 -0.663470 -0.231233
vn 0.605311 -0.663463 -0.439790
vn 0.439763 -0.663484 -0.605307
vn 0.231204 -0.663482 -0.711573
vn -0.000004 -0.663486 -0.748189
vn -0.111795 0.932268 -0.344061
vn -0.212599 0.932288 -0.292644
vn -0.212603 0.932288 -0.292642
vn -0.111790 0.932268 -0.344062
vn -0.292664 0.932276 -0.212625
vn -0.292660 0.932276 -0.212628
vn -0.344013 0.932286 -0.111790
vn -0.344022 0.932285 -0.111773
vn -0.361736 0.932281 -0.000008
vn -0.361734 0.932281 -0.000004
vn -0.361736 0.932281 -0.000008
vn -0.344040 0.932278 0.111780
vn -0.344036 0.932279 0.111786
vn -0.361734 0.932281 -0.000004
vn -0.292664 0.932275 0.212630
vn -0.292662 0.932272 0.212645
vn -0.212612 0.932295 0.292614
vn -0.212620 0.932295 0.292607
vn -0.111790 0.932275 0.344043
vn -0.111791 0.932279 0.344033
vn 0.000004 0.932275 0.361751
vn 0.000001 0.932275 0.361751
vn 0.111799 0.932284 0.344017
vn 0.111801 0.932280 0.344026
vn 0.212602 0.932302 0.292599
vn 0.212604 0.932302 0.292597
vn 0.292678 0.932279 0.212594
vn 0.292670 0.932281 0.212596
vn 0.344039 0.932282 0.111743
vn 0.344041 0.932282 0.111744
vn 0.361734 0.932281 -0.000048
vn 0.361736 0.932281 -0.000053
vn 0.344017 0.932281 -0.111825
vn 0.344017 0.932283 -0.111810
vn 0.292658 0.932267 -0.212671
vn 0.292653 0.932267 -0.212680
vn 0.212610 0.932280 -0.292661
vn 0.212618 0.932281 -0.292653
vn 0.111774 0.932264 -0.344080
vn 0.111772 0.932263 -0.344082
vn 0.000007 0.932285 -0.361724
vn 0.000015 0.932286 -0.361723
vn 0.243829 0.614326 0.750434
vn 0.463824 0.614317 0.638343
vn 0.430335 0.681201 0.592264
vn 0.226242 0.681201 0.696262
vn 0.638392 0.614308 0.463768
vn 0.592301 0.681199 0.430287
vn 0.750481 0.614293 0.243769
vn 0.696292 0.681191 0.226179
vn 0.789075 0.614297 -0.000056
vn 0.732111 0.681185 -0.000059
vn 0.789075 0.614297 -0.000056
vn 0.750438 0.614297 -0.243890
vn 0.696266 0.681182 -0.226285
vn 0.732111 0.681185 -0.000059
vn 0.638345 0.614284 -0.463865
vn 0.592268 0.681171 -0.430378
vn 0.463788 0.614288 -0.638397
vn 0.430306 0.681166 -0.592325
vn 0.243845 0.614305 -0.750446
vn 0.226242 0.681179 -0.696283
vn -0.000001 0.614322 -0.789056
vn 0.000003 0.681194 -0.732103
vn -0.243858 0.614311 -0.750437
vn -0.226246 0.681192 -0.696268
vn -0.463815 0.614303 -0.638363
vn -0.430332 0.681185 -0.592284
vn -0.638365 0.614313 -0.463800
vn -0.592287 0.681193 -0.430317
vn -0.750452 0.614308 -0.243817
vn -0.696276 0.681195 -0.226213
vn -0.789080 0.614291 0.000034
vn -0.732108 0.681188 0.000028
vn -0.750467 0.614272 0.243863
vn -0.696280 0.681173 0.226268
vn -0.638371 0.614291 0.463821
vn -0.592285 0.681175 0.430347
vn -0.463802 0.614295 0.638380
vn -0.430318 0.681181 0.592300
vn -0.243840 0.614304 0.750448
vn -0.226247 0.681196 0.696264
vn 0.000018 0.614279 0.789089
vn 0.000012 0.681183 0.732113
vn 0.224963 0.923866 0.309617
vn 0.118268 0.923871 0.363971
vn 0.309651 0.923862 0.224932
vn 0.364014 0.923860 0.118219
vn 0.382723 0.923863 -0.000044
vn 0.364000 0.923854 -0.118315
vn 0.382723 0.923863 -0.000044
vn 0.309626 0.923853 -0.225005
vn 0.224957 0.923845 -0.309684
vn 0.118270 0.923852 -0.364019
vn 0.000001 0.923853 -0.382746
vn -0.118262 0.923857 -0.364009
vn -0.224966 0.923851 -0.309660
vn -0.309642 0.923856 -0.224973
vn -0.364002 0.923859 -0.118271
vn -0.382728 0.923861 0.000004
vn -0.363996 0.923862 0.118263
vn -0.309634 0.923860 0.224966
vn -0.224955 0.923861 0.309638
vn -0.118273 0.923867 0.363980
vn -0.000002 0.923868 0.382712
vn 0.309651 0.923862 0.224932
vn 0.364014 0.923860 0.118219
vn 0.382723 0.923863 -0.000044
vn 0.364000 0.923854 -0.118315
vn 0.309626 0.923853 -0.225005
vn 0.224957 0.923845 -0.309684
vn 0.118270 0.923852 -0.364019
vn 0.000001 0.923853 -0.382746
vn -0.118262 0.923857 -0.364009
vn -0.224966 0.923851 -0.309660
vn -0.309642 0.923856 -0.224973
vn -0.364002 0.923859 -0.118271
vn -0.382728 0.923861 0.000004
vn -0.363996 0.923862 0.118263
vn -0.309634 0.923860 0.224966
vn -0.224955 0.923861 0.309638
vn -0.118273 0.923867 0.363980
vn -0.000002 0.923868 0.382712
vn 0.118268 0.923871 0.363971
vn 0.224963 0.923866 0.309617
vn -0.516855 -0.057671 -0.854128
vn -0.516855 -0.057671 -0.854128
vn -0.516855 -0.057671 -0.854128
vn -0.516866 -0.057685 -0.854120
vn -0.516866 -0.057685 -0.854120
vn -0.516866 -0.057685 -0.854120
vn -0.971471 0.209800 0.110577
vn -0.978533 0.182983 0.094815
vn -0.948616 0.250423 0.193435
vn -0.938512 0.259398 0.227833
vn -0.050752 0.995184 -0.083864
vn -0.032595 0.998013 -0.053929
vn 0.054807 0.994381 0.090567
vn 0.566998 0.207555 -0.797141
vn 0.579035 0.176673 -0.795930
vn 0.628066 0.250045 -0.736893
vn 0.592881 0.272524 -0.757775
vn 0.026283 -0.998713 0.043378
vn -0.051719 -0.994998 -0.085464
vn 0.044254 -0.996340 0.073128
vn -0.053271 -0.994692 -0.088030
vn -0.110867 -0.976802 -0.183209
vn -0.110868 -0.976802 -0.183209
vn -0.053272 -0.994692 -0.088030
vn 0.820183 0.090252 -0.564938
vn 0.821730 0.086313 -0.563302
vn 0.794446 0.123047 -0.594739
vn 0.793442 0.130180 -0.594561
vn 0.052851 0.994776 0.087338
vn 0.052848 0.994776 0.087336
vn 0.110446 0.976980 0.182513
vn 0.110448 0.976980 0.182513
vn -0.881393 0.090556 0.463623
vn -0.883634 0.086799 0.460061
vn -0.892406 0.121541 0.434556
vn -0.890129 0.128162 0.437316
vn 0.019479 -0.999292 0.032190
vn 0.019479 -0.999292 0.032190
vn 0.029807 -0.998341 0.049256
vn 0.029807 -0.998341 0.049256
vn 0.029807 -0.998341 0.049256
vn -0.799725 0.069302 0.596354
vn -0.800270 0.072951 0.595186
vn -0.788917 0.129590 0.600680
vn -0.789375 0.133613 0.599195
vn -0.800270 0.072951 0.595186
vn -0.799725 0.069302 0.596354
vn -0.852306 0.127985 0.507143
vn -0.852306 0.127985 0.507143
vn -0.789375 0.133613 0.599195
vn -0.788917 0.129590 0.600680
vn -0.019489 0.999291 -0.032206
vn -0.019489 0.999291 -0.032206
vn -0.029807 0.998341 -0.049256
vn -0.029807 0.998341 -0.049256
vn -0.029807 0.998341 -0.049256
vn -0.029812 0.998341 -0.049260
vn -0.029812 0.998341 -0.049260
vn -0.029812 0.998341 -0.049260
vn -0.029796 0.998341 -0.049262
vn -0.029796 0.998341 -0.049262
vn -0.029796 0.998341 -0.049262
vn 0.901541 0.069581 -0.427062
vn 0.901635 0.073458 -0.426215
vn 0.895271 0.129200 -0.426377
vn 0.895096 0.133337 -0.425471
vn 0.901635 0.073458 -0.426215
vn 0.901541 0.069581 -0.427062
vn 0.844675 0.127900 -0.519774
vn 0.844676 0.127899 -0.519774
vn 0.895096 0.133337 -0.425471
vn 0.895271 0.129200 -0.426377
vn 0.029820 -0.998340 0.049270
vn 0.029820 -0.998340 0.049270
vn 0.029820 -0.998340 0.049270
vn 0.029813 -0.998341 0.049266
vn 0.029813 -0.998341 0.049266
vn 0.029813 -0.998341 0.049266
vn 0.029803 -0.998342 0.049250
vn 0.029803 -0.998342 0.049250
vn 0.029803 -0.998342 0.049250
vn 0.029803 -0.998342 0.049250
vn 0.029803 -0.998342 0.049250
vn 0.029803 -0.998342 0.049250
vn -0.934543 -0.024738 -0.354991
vn -0.934543 -0.024738 -0.354991
vn -0.934543 -0.024738 -0.354991
vn -0.943680 0.038057 -0.328663
vn -0.943680 0.038057 -0.328663
vn -0.943680 0.038057 -0.328663
vn -0.029816 0.998340 -0.049270
vn -0.029816 0.998340 -0.049270
vn -0.029816 0.998340 -0.049270
vn -0.029815 0.998341 -0.049264
vn -0.029815 0.998341 -0.049264
vn -0.029815 0.998341 -0.049264
vn -0.029806 0.998342 -0.049249
vn -0.029806 0.998342 -0.049249
vn -0.029806 0.998342 -0.049249
vn -0.029808 0.998342 -0.049250
vn -0.029808 0.998342 -0.049250
vn -0.029808 0.998342 -0.049250
vn 0.148883 -0.022844 -0.988591
vn 0.148883 -0.022844 -0.988591
vn 0.148883 -0.022844 -0.988591
vn 0.116980 0.033887 -0.992556
vn 0.116980 0.033887 -0.992556
vn 0.116980 0.033887 -0.992556
vn 0.029812 -0.998341 0.049260
vn 0.029812 -0.998341 0.049260
vn 0.029812 -0.998341 0.049260
vn 0.029816 -0.998341 0.049253
vn 0.029816 -0.998341 0.049253
vn 0.029816 -0.998341 0.049253
vn 0.855557 -0.000011 -0.517708
vn 0.855557 -0.000011 -0.517708
vn 0.855557 -0.000011 -0.517708
vn 0.855545 0.000044 -0.517728
vn 0.855545 0.000044 -0.517728
vn 0.855545 0.000044 -0.517728
vn 0.516867 0.057633 0.854123
vn 0.516867 0.057633 0.854123
vn 0.516867 0.057633 0.854123
vn 0.516922 0.057665 0.854088
vn 0.516922 0.057665 0.854088
vn 0.516922 0.057665 0.854088
vn -0.855547 0.000019 0.517725
vn -0.855547 0.000019 0.517725
vn -0.855547 0.000019 0.517725
vn -0.855557 -0.000045 0.517709
vn -0.855557 -0.000045 0.517709
vn -0.855557 -0.000045 0.517709
vn -0.516858 -0.057670 -0.854126
vn -0.516858 -0.057670 -0.854126
vn -0.516858 -0.057670 -0.854126
vn -0.516866 -0.057665 -0.854122
vn -0.516866 -0.057665 -0.854122
vn -0.516866 -0.057665 -0.854122
vn 0.029803 -0.998341 0.049265
vn 0.029803 -0.998341 0.049265
vn 0.029803 -0.998341 0.049265
vn 0.029810 -0.998341 0.049257
vn 0.029810 -0.998341 0.049257
vn 0.029810 -0.998341 0.049257
vn -0.029820 0.998341 -0.049253
vn -0.029820 0.998341 -0.049253
vn -0.029820 0.998341 -0.049253
vn -0.029806 0.998341 -0.049257
vn -0.029806 0.998341 -0.049257
vn -0.029806 0.998341 -0.049257
vn 0.970465 0.040758 0.237773
vn 0.970465 0.040758 0.237773
vn 0.970465 0.040758 0.237773
vn 0.970467 0.040755 0.237768
vn 0.970467 0.040755 0.237768
vn 0.970467 0.040755 0.237768
vn 0.239124 -0.040755 -0.970133
vn 0.239124 -0.040755 -0.970133
vn 0.239124 -0.040755 -0.970133
vn 0.239103 -0.040768 -0.970138
vn 0.239103 -0.040768 -0.970138
vn 0.239103 -0.040768 -0.970138
vn -0.239615 0.040734 0.970013
vn -0.239615 0.040734 0.970013
vn -0.239615 0.040734 0.970013
vn -0.239637 0.040745 0.970007
vn -0.239637 0.040745 0.970007
vn -0.239637 0.040745 0.970007
vn -0.970367 -0.040775 -0.238170
vn -0.970367 -0.040775 -0.238170
vn -0.970367 -0.040775 -0.238170
vn -0.970367 -0.040775 -0.238170
vn -0.970367 -0.040775 -0.238170
vn -0.970367 -0.040775 -0.238170
vn -0.029816 0.998342 -0.049247
vn -0.029816 0.998342 -0.049247
vn -0.029816 0.998342 -0.049247
vn 0.029813 -0.998342 0.049244
vn 0.029813 -0.998342 0.049244
vn 0.029813 -0.998342 0.049244
vn -0.029837 0.998338 -0.049301
vn -0.029837 0.998338 -0.049301
vn -0.029837 0.998338 -0.049301
vn 0.029826 -0.998339 0.049288
vn 0.029826 -0.998339 0.049288
vn 0.029826 -0.998339 0.049288
vn -0.029798 0.998342 -0.049255
vn -0.029798 0.998342 -0.049255
vn -0.029798 0.998342 -0.049255
vn 0.029792 -0.998342 0.049256
vn 0.029792 -0.998342 0.049256
vn 0.029792 -0.998342 0.049256
vn -0.029833 0.998339 -0.049298
vn -0.029833 0.998339 -0.049298
vn -0.029833 0.998339 -0.049298
vn 0.029826 -0.998339 0.049287
vn 0.029826 -0.998339 0.049287
vn 0.029826 -0.998339 0.049287
vn 0.029807 -0.998341 0.049256
vn 0.029807 -0.998341 0.049256
vn 0.029807 -0.998341 0.049256
vn 0.029807 -0.998341 0.049256
vn 0.029807 -0.998341 0.049256
vn -0.029809 0.998341 -0.049255
vn -0.029809 0.998341 -0.049255
vn -0.029809 0.998341 -0.049255
vn -0.029806 0.998341 -0.049256
vn -0.029806 0.998341 -0.049256
vn 0.501254 0.250387 0.828282
vn 0.501254 0.250387 0.828282
vn 0.501254 0.250387 0.828282
vn 0.501264 0.250395 0.828273
vn 0.501264 0.250395 0.828273
vn 0.501264 0.250395 0.828273
vn -0.124522 0.970462 -0.206634
vn -0.123918 0.970732 -0.205729
vn -0.118860 0.973191 -0.196902
vn -0.906542 0.267522 0.326517
vn -0.907881 0.266960 0.323242
vn -0.938512 0.259398 0.227833
vn -0.948616 0.250423 0.193435
vn 0.699224 0.262394 -0.665008
vn 0.700773 0.263686 -0.662862
vn 0.592881 0.272524 -0.757775
vn 0.628066 0.250045 -0.736893
vn -0.050756 0.995196 -0.083722
vn -0.032605 0.998015 -0.053881
vn -0.119231 0.973174 -0.196767
vn -0.124775 0.970709 -0.205317
vn -0.125393 0.970426 -0.206275
vn -0.119081 0.973187 -0.196792
vn -0.119091 0.973186 -0.196788
vn 0.117597 -0.973721 0.195032
vn 0.129370 -0.968107 0.214553
vn 0.133837 -0.965801 0.222072
vn 0.134042 -0.965695 0.222410
vn 0.141163 -0.961880 0.234221
vn 0.141123 -0.961901 0.234158
vn 0.175250 -0.940607 0.290769
vn 0.171228 -0.943381 0.284101
vn 0.208365 -0.914920 0.345695
vn 0.884029 0.014981 -0.467191
vn 0.884031 0.014985 -0.467188
vn 0.889493 0.018074 -0.456591
vn 0.889491 0.018079 -0.456594
vn 0.879716 0.012666 -0.475332
vn 0.879714 0.012669 -0.475335
vn 0.885505 0.015835 -0.464360
vn 0.885296 0.015714 -0.464762
vn 0.885296 0.015714 -0.464762
vn 0.885505 0.015835 -0.464360
vn 0.889938 0.018340 -0.455712
vn -0.117579 0.973683 -0.195237
vn -0.117564 0.973689 -0.195214
vn -0.124940 0.970237 -0.207435
vn -0.124718 0.970345 -0.207067
vn -0.116444 0.974196 -0.193349
vn -0.116634 0.974110 -0.193663
vn -0.118617 0.973211 -0.196953
vn -0.861526 0.295286 0.413014
vn -0.861679 0.295204 0.412751
vn -0.823142 0.313346 0.473552
vn -0.822852 0.313463 0.473978
vn -0.747284 0.340068 0.570895
vn -0.737256 0.342947 0.582100
vn -0.737256 0.342947 0.582100
vn -0.747284 0.340068 0.570895
vn -0.656958 0.361969 0.661351
vn -0.805027 0.023469 0.592773
vn -0.805029 0.023469 0.592771
vn -0.800486 0.025375 0.598814
vn -0.800488 0.025360 0.598813
vn -0.822913 0.015508 0.567955
vn -0.822919 0.015493 0.567948
vn -0.816615 0.018268 0.576893
vn -0.816087 0.018497 0.577633
vn -0.816087 0.018497 0.577633
vn -0.816615 0.018268 0.576893
vn -0.793740 0.028136 0.607606
vn 0.143591 -0.961012 0.236298
vn 0.143610 -0.961006 0.236315
vn 0.135950 -0.965121 0.223738
vn 0.136419 -0.964871 0.224531
vn 0.164903 -0.948246 0.271359
vn 0.167185 -0.946764 0.275112
vn 0.191296 -0.929680 0.314804
vn 0.755487 0.290319 -0.587328
vn 0.755936 0.290539 -0.586642
vn 0.803124 0.314215 -0.506221
vn 0.802722 0.314003 -0.506991
vn 0.851657 0.339663 -0.399136
vn 0.848546 0.337971 -0.407119
vn 0.878304 0.354580 -0.320711
vn -0.130206 0.968066 -0.214228
vn -0.124468 0.970871 -0.204736
vn -0.123970 0.971112 -0.203897
vn -0.116803 0.974404 -0.192081
vn -0.116800 0.974403 -0.192083
vn -0.110581 0.977076 -0.181920
vn -0.110946 0.976919 -0.182540
vn -0.105184 0.979280 -0.173054
vn -0.129351 0.968064 -0.214759
vn 0.118287 -0.973679 0.194828
vn 0.108713 -0.977765 0.179324
vn 0.949737 0.183325 0.253755
vn 0.949737 0.183325 0.253755
vn 0.949737 0.183325 0.253755
vn 0.949737 0.183325 0.253755
vn 0.949737 0.183325 0.253755
vn 0.949737 0.183325 0.253755
vn -0.201755 0.186065 0.961600
vn -0.201755 0.186065 0.961600
vn -0.201755 0.186065 0.961600
vn -0.201551 0.185873 0.961680
vn -0.201551 0.185873 0.961680
vn -0.201551 0.185873 0.961680
vn 0.026242 -0.998715 0.043366
vn 0.108543 -0.977724 0.179649
vn -0.133443 0.970432 -0.201134
vn -0.133443 0.970432 -0.201134
vn -0.133443 0.970432 -0.201134
vn -0.114832 0.970829 -0.210489
vn -0.114832 0.970829 -0.210489
vn -0.114832 0.970829 -0.210489
vn -0.133023 0.970860 -0.199337
vn -0.133023 0.970860 -0.199337
vn -0.133023 0.970860 -0.199337
vn -0.116204 0.970386 -0.211774
vn -0.116204 0.970386 -0.211774
vn -0.116204 0.970386 -0.211774
vn 0.054806 0.994381 0.090567
vn 0.044154 -0.996347 0.073090
vn -0.051717 -0.994998 -0.085464
vn -0.120074 0.968110 0.219876
vn 0.119320 -0.968113 -0.220272
vn 0.130040 -0.968113 0.214121
vn -0.921235 0.389006 0.000004
vn -0.943680 0.038057 -0.328663
vn -0.797803 0.389049 0.460599
vn -0.797805 0.389052 -0.460593
vn 0.000000 -1.000000 -0.000000
vn -0.950361 -0.311151 -0.000007
vn -0.934543 -0.024738 -0.354991
vn -0.929231 -0.369499 -0.000008
vn -0.823014 -0.311199 0.475188
vn -0.823013 -0.311200 -0.475189
vn -0.804718 -0.369612 0.464560
vn -0.804737 -0.369566 -0.464564
vn 0.148883 -0.022844 -0.988591
vn 0.148883 -0.022844 -0.988591
vn 0.148883 -0.022844 -0.988591
vn -0.979357 -0.035383 0.199019
vn 0.970467 0.040755 0.237768
vn -0.971781 -0.052928 -0.229870
vn -0.981392 0.148116 0.122196
vn -0.460640 0.389131 0.797739
vn -0.460618 0.389131 -0.797752
vn -0.460618 0.389131 -0.797752
vn -0.788917 0.129590 0.600680
vn -0.994635 0.071289 0.074969
vn -0.832346 -0.304971 0.462810
vn 0.029792 -0.998342 0.049256
vn -0.998092 0.038267 -0.048449
vn -0.209208 0.974243 -0.084162
vn -0.475132 -0.311225 0.823036
vn -0.475148 -0.311218 -0.823030
vn -0.475148 -0.311218 -0.823030
vn -0.464633 -0.369713 0.804630
vn -0.464660 -0.369727 -0.804608
vn -0.464660 -0.369727 -0.804608
vn -0.872039 0.033209 0.488308
vn -0.391949 0.051381 -0.918551
vn -0.391949 0.051381 -0.918551
vn -0.029806 0.998341 -0.049256
vn 0.239103 -0.040768 -0.970138
vn 0.239103 -0.040768 -0.970138
vn -0.029806 0.998341 -0.049256
vn 0.000000 -1.000000 -0.000000
vn -0.042572 0.076452 -0.996164
vn -0.178700 0.925514 0.333900
vn 0.000018 0.389057 0.921214
vn -0.000015 0.389057 -0.921214
vn -0.000026 -0.369473 0.929242
vn 0.000031 -0.369472 -0.929242
vn -0.000019 -0.311007 0.950408
vn 0.000019 -0.311007 -0.950408
vn 0.863605 0.065738 0.499864
vn 0.040170 0.013299 -0.999104
vn 0.091795 0.994507 0.050289
vn 0.858634 0.133639 0.494862
vn 0.019479 -0.999292 0.032190
vn -0.019489 0.999291 -0.032206
vn -0.029833 0.998339 -0.049298
vn -0.029833 0.998339 -0.049298
vn 0.029826 -0.998339 0.049287
vn 0.029826 -0.998339 0.049287
vn 0.464648 -0.369753 0.804602
vn 0.464620 -0.369736 -0.804626
vn 0.475154 -0.311236 0.823019
vn 0.475139 -0.311243 -0.823025
vn -0.019489 0.999291 -0.032206
vn 0.019479 -0.999292 0.032190
vn 0.460613 0.389140 0.797750
vn 0.460639 0.389141 -0.797735
vn 0.804717 -0.369604 0.464568
vn 0.804715 -0.369612 -0.464564
vn 0.823010 -0.311212 0.475185
vn 0.823012 -0.311200 -0.475190
vn 0.929230 -0.369503 0.000005
vn 0.950360 -0.311152 0.000001
vn 0.797810 0.389033 0.460599
vn 0.797805 0.389027 -0.460613
vn 0.921225 0.389030 -0.000000
vn -0.883634 0.086799 0.460061
vn -0.053272 -0.994692 -0.088030
vn -0.881393 0.090556 0.463623
vn 0.052848 0.994776 0.087336
vn -0.110868 -0.976802 -0.183209
vn 0.044154 -0.996347 0.073090
vn 0.110446 0.976980 0.182513
vn -0.938512 0.259398 0.227833
vn -0.938512 0.259398 0.227833
vn 0.052851 0.994776 0.087338
vn 0.052851 0.994776 0.087338
vn 0.821730 0.086313 -0.563302
vn -0.053271 -0.994692 -0.088030
vn -0.053271 -0.994692 -0.088030
vn 0.820183 0.090252 -0.564938
vn 0.117597 -0.973721 0.195032
vn 0.054806 0.994381 0.090567
vn 0.026283 -0.998713 0.043378
vn 0.026283 -0.998713 0.043378
vn 0.026283 -0.998713 0.043378
vn -0.124718 0.970345 -0.207067
vn -0.124718 0.970345 -0.207067
vn -0.119081 0.973187 -0.196792
vn 0.108543 -0.977724 0.179649
vn 0.108543 -0.977724 0.179649
vn 0.108543 -0.977724 0.179649
vn 0.108543 -0.977724 0.179649
vn -0.050756 0.995196 -0.083722
vn 0.108713 -0.977765 0.179324
vn 0.108713 -0.977765 0.179324
vn -0.201551 0.185873 0.961680
vn -0.201551 0.185873 0.961680
vn 0.879714 0.012669 -0.475335
vn -0.116444 0.974196 -0.193349
vn -0.976764 -0.127558 0.172221
vn -0.976764 -0.127558 0.172221
vn 0.118287 -0.973679 0.194828
vn 0.118287 -0.973679 0.194828
vn 0.885505 0.015835 -0.464360
vn -0.937786 0.305313 0.165351
vn 0.976805 0.127211 -0.172248
vn 0.976805 0.127211 -0.172248
vn 0.936970 -0.307886 -0.165208
vn -0.804943 -0.576125 0.141938
vn 0.803786 0.577790 -0.141729
vn -0.550803 0.828963 0.097135
vn -0.550803 0.828963 0.097135
vn -0.550802 0.828965 -0.097132
vn -0.822919 0.015493 0.567948
vn 0.428281 0.900485 -0.075517
vn 0.428281 0.900485 -0.075517
vn 0.428281 0.900485 -0.075517
vn 0.428284 0.900484 0.075514
vn 0.984789 0.005858 -0.173657
vn 0.984789 0.005858 -0.173657
vn 0.984790 0.005859 0.173651
vn -0.656958 0.361969 0.661351
vn -0.484377 0.828961 0.279649
vn -0.484373 0.828965 -0.279643
vn 0.376507 0.900544 -0.217400
vn 0.376505 0.900543 0.217407
vn 0.866016 0.005989 -0.499980
vn 0.866016 0.005982 0.499980
vn -0.524455 -0.846402 0.092470
vn -0.524455 -0.846402 0.092470
vn -0.816615 0.018268 0.576893
vn 0.523145 0.847237 -0.092241
vn 0.523145 0.847237 -0.092241
vn -0.359514 0.828982 0.428414
vn -0.359500 0.828979 -0.428431
vn 0.279513 0.900505 -0.333113
vn 0.279514 0.900505 0.333110
vn 0.642783 0.005893 -0.766025
vn 0.642771 0.005891 0.766036
vn -0.215814 -0.975693 0.038061
vn 0.215951 0.975661 -0.038080
vn 0.215950 0.975662 0.038079
vn 0.215950 0.975662 0.038079
vn 0.189905 0.975660 -0.109649
vn -0.191268 0.828951 0.525601
vn -0.191303 0.828955 -0.525582
vn 0.148741 0.900496 -0.408635
vn 0.148731 0.900500 0.408631
vn 0.342020 0.005876 -0.939674
vn 0.342021 0.005873 0.939674
vn 0.140945 0.975664 0.167972
vn 0.140945 0.975664 0.167972
vn 0.382723 0.923863 -0.000044
vn 0.382723 0.923863 -0.000044
vn 0.382723 0.923863 -0.000044
vn 0.075007 0.975665 -0.206040
vn 0.075007 0.975665 -0.206040
vn -0.309647 -0.923864 -0.224933
vn -0.309647 -0.923864 -0.224933
vn -0.309647 -0.923864 -0.224933
vn -0.309647 -0.923864 -0.224933
vn -0.309625 -0.923853 0.225008
vn -0.309625 -0.923853 0.225008
vn -0.309625 -0.923853 0.225008
vn 0.000007 -0.975698 -0.219120
vn 0.000008 0.975661 0.219287
vn 0.000008 0.975661 0.219287
vn -0.000009 0.005552 -0.999985
vn 0.000009 0.005552 0.999985
vn -0.000025 0.829003 0.559245
vn 0.000025 0.829003 -0.559244
vn -0.000009 0.900373 -0.435119
vn 0.000009 0.900373 0.435119
vn 0.000009 0.900373 0.435119
vn -0.224962 -0.923865 -0.309623
vn -0.074998 0.975664 -0.206048
vn -0.074998 0.975664 -0.206048
vn 0.118268 0.923871 0.363971
vn 0.118268 0.923871 0.363971
vn 0.118268 0.923871 0.363971
vn 0.118270 0.923852 -0.364019
vn 0.118270 0.923852 -0.364019
vn 0.118270 0.923852 -0.364019
vn -0.140946 0.975663 0.167974
vn -0.140946 0.975663 0.167974
vn 0.140858 -0.975696 -0.167859
vn -0.342021 0.005873 -0.939674
vn -0.342020 0.005876 0.939674
vn -0.148731 0.900500 -0.408631
vn -0.148742 0.900496 0.408636
vn -0.148742 0.900496 0.408636
vn 0.191303 0.828955 0.525582
vn 0.191268 0.828951 -0.525601
vn -0.189903 0.975661 -0.109646
vn -0.189903 0.975661 -0.109646
vn -0.215951 0.975661 0.038080
vn -0.215951 0.975661 0.038080
vn -0.215951 0.975661 0.038080
vn 0.215814 -0.975693 -0.038061
vn 0.215814 -0.975693 -0.038061
vn -0.642771 0.005891 -0.766036
vn -0.642783 0.005894 0.766025
vn -0.279514 0.900505 -0.333110
vn -0.279513 0.900504 0.333114
vn 0.359500 0.828979 0.428431
vn 0.359513 0.828983 -0.428413
vn 0.118268 -0.923868 -0.363979
vn 0.118268 -0.923868 -0.363979
vn 0.118268 -0.923868 -0.363979
vn 0.118269 -0.923856 0.364011
vn 0.118269 -0.923856 0.364011
vn -0.523145 0.847237 0.092241
vn -0.523145 0.847237 0.092241
vn 0.524455 -0.846402 -0.092470
vn 0.524455 -0.846402 -0.092470
vn -0.866016 0.005989 0.499980
vn -0.866016 0.005982 -0.499980
vn -0.376505 0.900543 -0.217407
vn -0.376507 0.900544 0.217400
vn 0.484377 0.828961 -0.279649
vn 0.484373 0.828965 0.279643
vn -0.984789 0.005857 0.173657
vn -0.984789 0.005857 0.173657
vn -0.984790 0.005859 -0.173651
vn -0.428284 0.900484 -0.075514
vn -0.428280 0.900485 0.075517
vn -0.428280 0.900485 0.075517
vn -0.428280 0.900485 0.075517
vn 0.550805 0.828963 -0.097136
vn 0.550805 0.828963 -0.097136
vn 0.550802 0.828965 0.097132
vn -0.803786 0.577790 0.141729
vn -0.309634 0.923860 0.224966
vn -0.309634 0.923860 0.224966
vn -0.309634 0.923860 0.224966
vn -0.309642 0.923856 -0.224973
vn -0.309642 0.923856 -0.224973
vn 0.804943 -0.576125 -0.141938
vn -0.936970 -0.307886 0.165208
vn -0.976805 0.127211 0.172248
vn -0.976805 0.127211 0.172248
vn 0.937786 0.305313 -0.165351
vn 0.976764 -0.127558 -0.172221
vn 0.976764 -0.127558 -0.172221
vn 0.382727 -0.923861 -0.000003
vn 0.382727 -0.923861 -0.000003
vn -0.382728 0.923861 0.000004
vn -0.928765 -0.022855 0.369964
vn -0.928765 -0.022855 0.369964
vn -0.928765 -0.022855 0.369964
vn -0.844054 0.413856 0.341022
vn -0.372193 -0.251770 0.893356
vn 0.010686 0.931877 -0.362616
vn -0.218643 0.416423 0.882489
vn 0.006637 0.877650 -0.479256
vn 0.006637 0.877650 -0.479256
vn 0.164743 -0.024694 0.986028
vn 0.027522 -0.998339 -0.050613
vn 0.027522 -0.998339 -0.050613
vn -0.027526 0.998338 0.050623
vn -0.027526 0.998338 0.050623
vn 0.476891 0.057696 -0.877067
vn -0.284093 0.040759 -0.957930
vn 0.458197 0.705257 -0.540988
vn 0.458197 0.705257 -0.540988
vn 0.192054 0.038032 0.980647
vn -0.027502 0.998341 0.050579
vn -0.027502 0.998341 0.050579
vn -0.958315 -0.040814 0.282784
vn -0.958315 -0.040814 0.282784
vn 0.017975 -0.999292 -0.033054
vn -0.017982 0.999291 0.033071
vn 0.916560 0.129512 0.378345
vn -0.017982 0.999291 0.033071
vn 0.017975 -0.999292 -0.033054
vn 0.000000 -1.000000 -0.000000
vn 0.413085 0.367910 -0.833068
vn 0.413085 0.367910 -0.833068
vn -0.679833 0.107503 -0.725445
vn 0.000000 1.000000 -0.000000
vn 0.335579 -0.552685 -0.762841
vn 0.467727 -0.686272 -0.557011
vn 0.467727 -0.686272 -0.557011
vn -0.766835 0.002437 -0.641839
vn -0.766835 0.002437 -0.641839
vn 0.475844 -0.701456 -0.530595
vn 0.471087 0.871229 0.137976
vn 0.471087 0.871229 0.137976
vn -0.755418 0.010943 -0.655152
vn -0.049153 -0.994692 0.090394
vn -0.049153 -0.994692 0.090394
vn -0.901460 0.090171 -0.423366
vn 0.048765 0.994776 -0.089681
vn 0.048765 0.994776 -0.089681
vn -0.900827 0.086227 -0.425529
vn -0.754704 -0.002410 -0.656061
vn -0.754704 -0.002410 -0.656061
vn -0.338239 -0.853455 0.396496
vn 0.746129 0.002678 0.665796
vn 0.290225 -0.361734 -0.885956
vn 0.030580 0.960261 0.277425
vn 0.757681 -0.007049 0.652587
vn 0.747473 0.002320 0.664288
vn 0.747473 0.002320 0.664288
vn -0.486233 -0.664869 0.567033
vn -0.749627 -0.005826 -0.661835
vn -0.756778 -0.000080 -0.653672
vn -0.562991 0.521834 0.640882
vn -0.754813 -0.002668 -0.655935
vn -0.756967 0.000347 -0.653453
vn 0.758474 -0.002755 0.651698
vn 0.758474 -0.002755 0.651698
vn 0.732842 -0.614501 -0.292116
vn 0.050569 0.994381 -0.092999
vn -0.046705 0.995195 0.086058
vn -0.046705 0.995195 0.086058
vn -0.617067 0.314952 0.721134
vn -0.239934 0.460767 0.854474
vn -0.756751 -0.000034 -0.653704
vn -0.756792 -0.000003 -0.653656
vn 0.476412 0.685296 -0.550819
vn 0.844832 0.090516 0.527320
vn 0.048766 0.994776 -0.089683
vn 0.842887 0.086756 0.531051
vn -0.049153 -0.994692 0.090394
vn -0.756787 -0.000000 -0.653662
vn 0.108590 -0.973679 -0.200395
vn 0.108590 -0.973679 -0.200395
vn -0.282439 0.262020 0.922808
vn 0.756794 0.000042 0.653653
vn 0.758973 -0.002598 0.651117
vn 0.758973 -0.002598 0.651117
vn -0.320680 -0.227043 0.919574
vn -0.114944 0.970433 0.212244
vn 0.024204 -0.998713 -0.044571
vn 0.024204 -0.998713 -0.044571
vn 0.024204 -0.998713 -0.044571
vn 0.935305 -0.069677 -0.346914
vn 0.756600 0.000434 0.653878
vn 0.756798 -0.000077 0.653648
vn 0.101908 0.976981 -0.187413
vn -0.102298 -0.976802 0.188129
vn -0.030140 0.998012 0.055351
vn -0.030140 0.998012 0.055351
vn -0.030140 0.998012 0.055351
vn -0.111611 0.972249 0.205608
vn -0.111611 0.972249 0.205608
vn -0.111611 0.972249 0.205608
vn 0.100031 -0.977765 -0.184307
vn 0.100031 -0.977765 -0.184307
vn 0.932083 0.185851 -0.310934
vn 0.932083 0.185851 -0.310934
vn 0.040849 -0.996347 -0.074989
vn 0.670039 0.259324 0.695557
vn 0.670039 0.259324 0.695557
vn -0.111944 0.972246 0.205444
vn -0.111944 0.972246 0.205444
vn 0.100396 -0.977724 -0.184325
vn 0.100396 -0.977724 -0.184325
vn 0.100396 -0.977724 -0.184325
vn 0.100396 -0.977724 -0.184325
vn 0.905432 0.015509 0.424209
vn 0.909970 0.018314 0.414269
vn -0.115581 0.970465 0.211752
vn -0.115581 0.970465 0.211752
vn 0.109112 -0.973721 -0.199903
vn -0.854083 0.012593 -0.519984
vn -0.847539 0.015809 -0.530498
vn -0.108243 0.974195 0.198058
vn 0.902404 0.361953 0.233788
f 3/3/3 2/2/2 1/1/1
f 1/1/1 4/4/4 3/3/3
f 5/5/5 3/3/3 4/4/4
f 4/4/4 6/6/6 5/5/5
f 9/9/9 8/8/8 7/7/7
f 7/7/7 10/10/10 9/9/9
f 11/11/11 9/9/9 10/10/10
f 10/10/10 12/12/12 11/11/11
f 13/13/13 11/11/11 12/12/12
f 12/12/12 14/14/14 13/13/13
f 15/15/15 13/13/13 14/14/14
f 14/14/14 16/16/16 15/15/15
f 17/17/17 15/15/15 16/16/16
f 16/16/16 18/18/18 17/17/17
f 19/19/19 17/17/17 18/18/18
f 18/18/18 20/20/20 19/19/19
f 21/21/21 19/19/19 20/20/20
f 20/20/20 22/22/22 21/21/21
f 23/23/23 21/21/21 22/22/22
f 22/22/22 24/24/24 23/23/23
f 25/25/25 23/23/23 24/24/24
f 24/24/24 26/26/26 25/25/25
f 2/2/2 25/25/25 26/26/26
f 26/26/26 1/1/1 2/2/2
f 28/28/28 27/27/27 2/2/2
f 2/2/2 3/3/3 28/28/28
f 29/29/29 28/28/28 3/3/3
f 3/3/3 5/5/5 29/29/29
f 31/31/31 30/30/30 8/8/8
f 8/8/8 9/9/9 31/31/31
f 32/32/32 31/31/31 9/9/9
f 9/9/9 11/11/11 32/32/32
f 33/33/33 32/32/32 11/11/11
f 11/11/11 13/13/13 33/33/33
f 34/34/34 33/33/33 13/13/13
f 13/13/13 15/15/15 34/34/34
f 35/35/35 34/34/34 15/15/15
f 15/15/15 17/17/17 35/35/35
f 36/36/36 35/35/35 17/17/17
f 17/17/17 19/19/19 36/36/36
f 37/37/37 36/36/36 19/19/19
f 19/19/19 21/21/21 37/37/37
f 38/38/38 37/37/37 21/21/21
f 21/21/21 23/23/23 38/38/38
f 39/39/39 38/38/38 23/23/23
f 23/23/23 25/25/25 39/39/39
f 27/27/27 39/39/39 25/25/25
f 25/25/25 2/2/2 27/27/27
f 41/41/41 40/40/40 27/27/27
f 27/27/27 28/28/28 41/41/41
f 42/42/42 41/41/41 28/28/28
f 28/28/28 29/29/29 42/42/42
f 44/44/44 43/43/43 30/30/30
f 30/30/30 31/31/31 44/44/44
f 45/45/45 44/44/44 31/31/31
f 31/31/31 32/32/32 45/45/45
f 46/46/46 45/45/45 32/32/32
f 32/32/32 33/33/33 46/46/46
f 47/47/47 46/46/46 33/33/33
f 33/33/33 34/34/34 47/47/47
f 48/48/48 47/47/47 34/34/34
f 34/34/34 35/35/35 48/48/48
f 49/49/49 48/48/48 35/35/35
f 35/35/35 36/36/36 49/49/49
f 50/50/50 49/49/49 36/36/36
f 36/36/36 37/37/37 50/50/50
f 51/51/51 50/50/50 37/37/37
f 37/37/37 38/38/38 51/51/51
f 52/52/52 51/51/51 38/38/38
f 38/38/38 39/39/39 52/52/52
f 40/40/40 52/52/52 39/39/39
f 39/39/39 27/27/27 40/40/40
f 54/54/54 53/53/53 40/40/40
f 40/40/40 41/41/41 54/54/54
f 55/55/55 54/54/54 41/41/41
f 41/41/41 42/42/42 55/55/55
f 57/57/57 56/56/56 43/43/43
f 43/43/43 44/44/44 57/57/57
f 58/58/58 57/57/57 44/44/44
f 44/44/44 45/45/45 58/58/58
f 59/59/59 58/58/58 45/45/45
f 45/45/45 46/46/46 59/59/59
f 60/60/60 59/59/59 46/46/46
f 46/46/46 47/47/47 60/60/60
f 61/61/61 60/60/60 47/47/47
f 47/47/47 48/48/48 61/61/61
f 62/62/62 61/61/61 48/48/48
f 48/48/48 49/49/49 62/62/62
f 63/63/63 62/62/62 49/49/49
f 49/49/49 50/50/50 63/63/63
f 64/64/64 63/63/63 50/50/50
f 50/50/50 51/51/51 64/64/64
f 65/65/65 64/64/64 51/51/51
f 51/51/51 52/52/52 65/65/65
f 53/53/53 65/65/65 52/52/52
f 52/52/52 40/40/40 53/53/53
f 67/67/67 66/66/66 53/53/53
f 53/53/53 54/54/54 67/67/67
f 68/68/68 67/67/67 54/54/54
f 54/54/54 55/55/55 68/68/68
f 70/70/70 69/69/69 56/56/56
f 56/56/56 57/57/57 70/70/70
f 71/71/71 70/70/70 57/57/57
f 57/57/57 58/58/58 71/71/71
f 72/72/72 71/71/71 58/58/58
f 58/58/58 59/59/59 72/72/72
f 73/73/73 72/72/72 59/59/59
f 59/59/59 60/60/60 73/73/73
f 74/74/74 73/73/73 60/60/60
f 60/60/60 61/61/61 74/74/74
f 75/75/75 74/74/74 61/61/61
f 61/61/61 62/62/62 75/75/75
f 76/76/76 75/75/75 62/62/62
f 62/62/62 63/63/63 76/76/76
f 77/77/77 76/76/76 63/63/63
f 63/63/63 64/64/64 77/77/77
f 78/78/78 77/77/77 64/64/64
f 64/64/64 65/65/65 78/78/78
f 66/66/66 78/78/78 65/65/65
f 65/65/65 53/53/53 66/66/66
f 80/80/80 79/79/79 66/66/66
f 66/66/66 67/67/67 80/80/80
f 81/81/81 80/80/80 67/67/67
f 67/67/67 68/68/68 81/81/81
f 83/83/83 82/82/82 69/69/69
f 69/69/69 70/70/70 83/83/83
f 84/84/84 83/83/83 70/70/70
f 70/70/70 71/71/71 84/84/84
f 85/85/85 84/84/84 71/71/71
f 71/71/71 72/72/72 85/85/85
f 86/86/86 85/85/85 72/72/72
f 72/72/72 73/73/73 86/86/86
f 87/87/87 86/86/86 73/73/73
f 73/73/73 74/74/74 87/87/87
f 88/88/88 87/87/87 74/74/74
f 74/74/74 75/75/75 88/88/88
f 89/89/89 88/88/88 75/75/75
f 75/75/75 76/76/76 89/89/89
f 90/90/90 89/89/89 76/76/76
f 76/76/76 77/77/77 90/90/90
f 91/91/91 90/90/90 77/77/77
f 77/77/77 78/78/78 91/91/91
f 79/79/79 91/91/91 78/78/78
f 78/78/78 66/66/66 79/79/79
f 94/94/94 93/93/93 92/92/92
f 96/96/96 95/95/95 94/94/94
f 2350/2350/2350 97/97/97 96/96/96
f 2350/2350/2350 96/96/96 94/94/94
f 100/100/100 99/99/99 2350/2350/2350
f 102/102/102 101/101/101 100/100/100
f 102/102/102 100/100/100 2350/2350/2350
f 102/102/102 2350/2350/2350 94/94/94
f 102/102/102 94/94/94 92/92/92
f 102/102/102 92/92/92 103/103/103
f 105/105/105 104/104/104 79/79/79
f 79/79/79 80/80/80 105/105/105
f 107/107/107 106/106/106 104/104/104
f 104/104/104 105/105/105 107/107/107
f 109/109/109 108/108/108 106/106/106
f 106/106/106 107/107/107 109/109/109
f 110/110/110 105/105/105 80/80/80
f 80/80/80 81/81/81 110/110/110
f 111/111/111 107/107/107 105/105/105
f 105/105/105 110/110/110 111/111/111
f 112/112/112 109/109/109 107/107/107
f 107/107/107 111/111/111 112/112/112
f 114/114/114 113/113/113 82/82/82
f 82/82/82 83/83/83 114/114/114
f 116/116/116 115/115/115 113/113/113
f 113/113/113 114/114/114 116/116/116
f 118/118/118 117/117/117 115/115/115
f 115/115/115 116/116/116 118/118/118
f 119/119/119 114/114/114 83/83/83
f 83/83/83 84/84/84 119/119/119
f 120/120/120 116/116/116 114/114/114
f 114/114/114 119/119/119 120/120/120
f 121/121/121 118/118/118 116/116/116
f 116/116/116 120/120/120 121/121/121
f 122/122/122 119/119/119 84/84/84
f 84/84/84 85/85/85 122/122/122
f 123/123/123 120/120/120 119/119/119
f 119/119/119 122/122/122 123/123/123
f 124/124/124 121/121/121 120/120/120
f 120/120/120 2335/2335/2335 124/124/124
f 125/125/125 122/122/122 85/85/85
f 85/85/85 86/86/86 125/125/125
f 126/126/126 2334/2334/2334 122/122/122
f 122/122/122 125/125/125 126/126/126
f 126/126/126 128/128/128 127/127/127
f 127/127/127 2334/2334/2334 126/126/126
f 129/129/129 125/125/125 86/86/86
f 86/86/86 87/87/87 129/129/129
f 130/130/130 126/126/126 125/125/125
f 125/125/125 129/129/129 130/130/130
f 131/131/131 128/128/128 126/126/126
f 126/126/126 130/130/130 131/131/131
f 132/132/132 129/129/129 87/87/87
f 87/87/87 88/88/88 132/132/132
f 133/133/133 130/130/130 129/129/129
f 129/129/129 132/132/132 133/133/133
f 134/134/134 131/131/131 130/130/130
f 130/130/130 133/133/133 134/134/134
f 135/135/135 132/132/132 88/88/88
f 88/88/88 89/89/89 135/135/135
f 136/136/136 133/133/133 132/132/132
f 132/132/132 135/135/135 136/136/136
f 137/137/137 134/134/134 133/133/133
f 133/133/133 136/136/136 137/137/137
f 138/138/138 135/135/135 89/89/89
f 89/89/89 90/90/90 138/138/138
f 139/139/139 136/136/136 135/135/135
f 135/135/135 138/138/138 139/139/139
f 140/140/140 137/137/137 136/136/136
f 136/136/136 139/139/139 140/140/140
f 141/141/141 138/138/138 90/90/90
f 90/90/90 91/91/91 141/141/141
f 142/142/142 139/139/139 138/138/138
f 138/138/138 141/141/141 142/142/142
f 143/143/143 140/140/140 139/139/139
f 139/139/139 142/142/142 143/143/143
f 104/104/104 141/141/141 91/91/91
f 91/91/91 79/79/79 104/104/104
f 106/106/106 142/142/142 141/141/141
f 141/141/141 104/104/104 106/106/106
f 108/108/108 143/143/143 142/142/142
f 142/142/142 106/106/106 108/108/108
f 146/146/146 145/145/145 144/144/144
f 144/144/144 147/147/147 146/146/146
f 149/149/149 148/148/148 145/145/145
f 145/145/145 146/146/146 149/149/149
f 151/151/151 150/150/150 148/148/148
f 148/148/148 149/149/149 151/151/151
f 154/154/154 153/153/153 152/152/152
f 152/152/152 155/155/155 154/154/154
f 157/157/157 156/156/156 153/153/153
f 153/153/153 154/154/154 157/157/157
f 159/159/159 158/158/158 156/156/156
f 156/156/156 157/157/157 159/159/159
f 161/161/161 160/160/160 158/158/158
f 158/158/158 159/159/159 161/161/161
f 163/163/163 162/162/162 160/160/160
f 160/160/160 161/161/161 163/163/163
f 165/165/165 164/164/164 162/162/162
f 162/162/162 163/163/163 165/165/165
f 167/167/167 166/166/166 164/164/164
f 164/164/164 165/165/165 167/167/167
f 169/169/169 168/168/168 166/166/166
f 166/166/166 167/167/167 169/169/169
f 147/147/147 144/144/144 168/168/168
f 168/168/168 169/169/169 147/147/147
f 170/170/170 146/146/146 147/147/147
f 147/147/147 171/171/171 170/170/170
f 172/172/172 149/149/149 146/146/146
f 146/146/146 170/170/170 172/172/172
f 173/173/173 151/151/151 149/149/149
f 149/149/149 172/172/172 173/173/173
f 174/174/174 154/154/154 155/155/155
f 155/155/155 175/175/175 174/174/174
f 176/176/176 157/157/157 154/154/154
f 154/154/154 174/174/174 176/176/176
f 177/177/177 159/159/159 157/157/157
f 157/157/157 176/176/176 177/177/177
f 178/178/178 161/161/161 159/159/159
f 159/159/159 177/177/177 178/178/178
f 179/179/179 163/163/163 161/161/161
f 161/161/161 178/178/178 179/179/179
f 180/180/180 165/165/165 163/163/163
f 163/163/163 179/179/179 180/180/180
f 181/181/181 167/167/167 165/165/165
f 165/165/165 180/180/180 181/181/181
f 182/182/182 169/169/169 167/167/167
f 183/183/183 182/182/182 167/167/167
f 181/181/181 183/183/183 167/167/167
f 171/171/171 147/147/147 169/169/169
f 184/184/184 171/171/171 169/169/169
f 2356/2356/2356 184/184/184 169/169/169
f 185/185/185 170/170/170 171/171/171
f 171/171/171 186/186/186 185/185/185
f 187/187/187 172/172/172 170/170/170
f 170/170/170 185/185/185 187/187/187
f 188/188/188 173/173/173 172/172/172
f 172/172/172 187/187/187 188/188/188
f 189/189/189 174/174/174 175/175/175
f 175/175/175 190/190/190 189/189/189
f 191/191/191 176/176/176 174/174/174
f 174/174/174 189/189/189 191/191/191
f 192/192/192 177/177/177 176/176/176
f 176/176/176 191/191/191 192/192/192
f 193/193/193 178/178/178 177/177/177
f 177/177/177 192/192/192 193/193/193
f 194/194/194 179/179/179 178/178/178
f 178/178/178 193/193/193 194/194/194
f 195/195/195 180/180/180 179/179/179
f 179/179/179 194/194/194 195/195/195
f 196/196/196 181/181/181 180/180/180
f 180/180/180 195/195/195 196/196/196
f 197/197/197 183/183/183 181/181/181
f 181/181/181 196/196/196 197/197/197
f 186/186/186 171/171/171 2351/2351/2351
f 2351/2351/2351 198/198/198 186/186/186
f 199/199/199 185/185/185 186/186/186
f 186/186/186 200/200/200 199/199/199
f 201/201/201 187/187/187 185/185/185
f 185/185/185 199/199/199 201/201/201
f 202/202/202 188/188/188 187/187/187
f 187/187/187 201/201/201 202/202/202
f 203/203/203 189/189/189 190/190/190
f 190/190/190 204/204/204 203/203/203
f 205/205/205 191/191/191 189/189/189
f 189/189/189 203/203/203 205/205/205
f 206/206/206 192/192/192 191/191/191
f 191/191/191 205/205/205 206/206/206
f 207/207/207 193/193/193 192/192/192
f 192/192/192 206/206/206 207/207/207
f 208/208/208 194/194/194 193/193/193
f 193/193/193 207/207/207 208/208/208
f 209/209/209 195/195/195 194/194/194
f 194/194/194 208/208/208 209/209/209
f 210/210/210 196/196/196 195/195/195
f 195/195/195 209/209/209 210/210/210
f 211/211/211 2371/2371/2371 2408/2408/2408
f 212/212/212 2357/2357/2357 196/196/196
f 210/210/210 212/212/212 196/196/196
f 213/213/213 199/199/199 200/200/200
f 200/200/200 214/214/214 213/213/213
f 215/215/215 201/201/201 199/199/199
f 199/199/199 213/213/213 215/215/215
f 216/216/216 202/202/202 201/201/201
f 201/201/201 215/215/215 216/216/216
f 217/217/217 203/203/203 204/204/204
f 204/204/204 218/218/218 217/217/217
f 219/219/219 205/205/205 203/203/203
f 203/203/203 217/217/217 219/219/219
f 220/220/220 206/206/206 205/205/205
f 205/205/205 219/219/219 220/220/220
f 221/221/221 207/207/207 206/206/206
f 206/206/206 220/220/220 221/221/221
f 222/222/222 208/208/208 207/207/207
f 207/207/207 221/221/221 222/222/222
f 223/223/223 209/209/209 208/208/208
f 208/208/208 222/222/222 223/223/223
f 224/224/224 210/210/210 209/209/209
f 209/209/209 223/223/223 224/224/224
f 225/225/225 212/212/212 210/210/210
f 210/210/210 224/224/224 225/225/225
f 214/214/214 200/200/200 212/212/212
f 212/212/212 225/225/225 214/214/214
f 226/226/226 213/213/213 214/214/214
f 214/214/214 227/227/227 226/226/226
f 228/228/228 215/215/215 213/213/213
f 213/213/213 226/226/226 228/228/228
f 229/229/229 216/216/216 215/215/215
f 215/215/215 228/228/228 229/229/229
f 230/230/230 217/217/217 218/218/218
f 218/218/218 231/231/231 230/230/230
f 232/232/232 219/219/219 217/217/217
f 217/217/217 230/230/230 232/232/232
f 233/233/233 220/220/220 219/219/219
f 219/219/219 232/232/232 233/233/233
f 234/234/234 221/221/221 220/220/220
f 220/220/220 233/233/233 234/234/234
f 235/235/235 222/222/222 221/221/221
f 221/221/221 234/234/234 235/235/235
f 236/236/236 223/223/223 222/222/222
f 222/222/222 235/235/235 236/236/236
f 237/237/237 224/224/224 223/223/223
f 223/223/223 236/236/236 237/237/237
f 238/238/238 225/225/225 224/224/224
f 239/239/239 238/238/238 224/224/224
f 237/237/237 239/239/239 224/224/224
f 227/227/227 214/214/214 225/225/225
f 240/240/240 227/227/227 225/225/225
f 238/238/238 240/240/240 225/225/225
f 243/243/243 242/242/242 241/241/241
f 2346/2346/2346 244/244/244 243/243/243
f 247/247/247 246/246/246 2346/2346/2346
f 247/247/247 2346/2346/2346 243/243/243
f 249/249/249 248/248/248 247/247/247
f 251/251/251 250/250/250 249/249/249
f 251/251/251 249/249/249 247/247/247
f 251/251/251 247/247/247 243/243/243
f 251/251/251 243/243/243 241/241/241
f 251/251/251 241/241/241 252/252/252
f 253/253/253 226/226/226 227/227/227
f 227/227/227 254/254/254 253/253/253
f 255/255/255 253/253/253 254/254/254
f 254/254/254 256/256/256 255/255/255
f 259/259/259 258/258/258 257/257/257
f 257/257/257 260/260/260 259/259/259
f 261/261/261 228/228/228 226/226/226
f 226/226/226 253/253/253 261/261/261
f 262/262/262 261/261/261 253/253/253
f 253/253/253 255/255/255 262/262/262
f 264/264/264 263/263/263 258/258/258
f 258/258/258 259/259/259 264/264/264
f 265/265/265 229/229/229 228/228/228
f 228/228/228 261/261/261 265/265/265
f 266/266/266 265/265/265 261/261/261
f 261/261/261 262/262/262 266/266/266
f 268/268/268 267/267/267 263/263/263
f 263/263/263 264/264/264 268/268/268
f 269/269/269 230/230/230 231/231/231
f 231/231/231 270/270/270 269/269/269
f 271/271/271 269/269/269 270/270/270
f 270/270/270 272/272/272 271/271/271
f 275/275/275 274/274/274 273/273/273
f 273/273/273 276/276/276 275/275/275
f 277/277/277 232/232/232 230/230/230
f 230/230/230 269/269/269 277/277/277
f 278/278/278 277/277/277 269/269/269
f 279/279/279 278/278/278 269/269/269
f 271/271/271 279/279/279 269/269/269
f 281/281/281 280/280/280 274/274/274
f 274/274/274 275/275/275 281/281/281
f 282/282/282 233/233/233 232/232/232
f 232/232/232 277/277/277 282/282/282
f 283/283/283 282/282/282 277/277/277
f 284/284/284 283/283/283 277/277/277
f 278/278/278 284/284/284 277/277/277
f 287/287/287 286/286/286 285/285/285
f 285/285/285 288/288/288 287/287/287
f 289/289/289 234/234/234 233/233/233
f 233/233/233 282/282/282 289/289/289
f 290/290/290 289/289/289 282/282/282
f 282/282/282 283/283/283 290/290/290
f 292/292/292 291/291/291 286/286/286
f 286/286/286 287/287/287 292/292/292
f 293/293/293 235/235/235 234/234/234
f 234/234/234 289/289/289 293/293/293
f 294/294/294 293/293/293 289/289/289
f 289/289/289 290/290/290 294/294/294
f 296/296/296 295/295/295 291/291/291
f 291/291/291 292/292/292 296/296/296
f 297/297/297 236/236/236 235/235/235
f 235/235/235 293/293/293 297/297/297
f 298/298/298 297/297/297 293/293/293
f 293/293/293 294/294/294 298/298/298
f 300/300/300 299/299/299 295/295/295
f 295/295/295 296/296/296 300/300/300
f 301/301/301 237/237/237 236/236/236
f 236/236/236 297/297/297 301/301/301
f 302/302/302 301/301/301 297/297/297
f 297/297/297 298/298/298 302/302/302
f 304/304/304 303/303/303 299/299/299
f 299/299/299 300/300/300 304/304/304
f 305/305/305 239/239/239 237/237/237
f 237/237/237 301/301/301 305/305/305
f 306/306/306 305/305/305 301/301/301
f 307/307/307 306/306/306 301/301/301
f 302/302/302 307/307/307 301/301/301
f 309/309/309 308/308/308 303/303/303
f 303/303/303 304/304/304 309/309/309
f 254/254/254 227/227/227 2348/2348/2348
f 2348/2348/2348 310/310/310 254/254/254
f 260/260/260 257/257/257 308/308/308
f 308/308/308 309/309/309 260/260/260
f 313/313/313 312/312/312 311/311/311
f 311/311/311 314/314/314 313/313/313
f 257/257/257 258/258/258 255/255/255
f 255/255/255 256/256/256 257/257/257
f 314/314/314 311/311/311 315/315/315
f 315/315/315 316/316/316 314/314/314
f 258/258/258 263/263/263 262/262/262
f 262/262/262 255/255/255 258/258/258
f 316/316/316 315/315/315 317/317/317
f 317/317/317 318/318/318 316/316/316
f 263/263/263 267/267/267 266/266/266
f 266/266/266 262/262/262 263/263/263
f 321/321/321 320/320/320 319/319/319
f 319/319/319 322/322/322 321/321/321
f 273/273/273 274/274/274 271/271/271
f 271/271/271 272/272/272 273/273/273
f 322/322/322 319/319/319 323/323/323
f 323/323/323 324/324/324 322/322/322
f 271/271/271 274/274/274 280/280/280
f 280/280/280 279/279/279 271/271/271
f 327/327/327 2326/2326/2326 325/325/325
f 325/325/325 328/328/328 327/327/327
f 2322/2322/2322 286/286/286 283/283/283
f 283/283/283 284/284/284 2322/2322/2322
f 328/328/328 325/325/325 329/329/329
f 329/329/329 330/330/330 328/328/328
f 286/286/286 291/291/291 290/290/290
f 290/290/290 283/283/283 286/286/286
f 330/330/330 329/329/329 331/331/331
f 331/331/331 332/332/332 330/330/330
f 291/291/291 295/295/295 294/294/294
f 294/294/294 290/290/290 291/291/291
f 332/332/332 331/331/331 333/333/333
f 333/333/333 334/334/334 332/332/332
f 295/295/295 299/299/299 298/298/298
f 298/298/298 294/294/294 295/295/295
f 334/334/334 333/333/333 335/335/335
f 335/335/335 336/336/336 334/334/334
f 299/299/299 303/303/303 302/302/302
f 302/302/302 298/298/298 299/299/299
f 336/336/336 335/335/335 337/337/337
f 337/337/337 338/338/338 336/336/336
f 303/303/303 308/308/308 307/307/307
f 307/307/307 302/302/302 303/303/303
f 338/338/338 337/337/337 312/312/312
f 312/312/312 313/313/313 338/338/338
f 308/308/308 257/257/257 256/256/256
f 256/256/256 307/307/307 308/308/308
f 124/124/124 2335/2335/2335 2325/2325/2325
f 2323/2323/2323 324/324/324 323/323/323
f 323/323/323 326/326/326 2323/2323/2323
f 285/285/285 280/280/280 2321/2321/2321
f 2321/2321/2321 2324/2324/2324 285/285/285
f 280/280/280 2322/2322/2322 284/284/284
f 284/284/284 279/279/279 280/280/280
f 279/279/279 284/284/284 278/278/278
f 200/200/200 186/186/186 198/198/198
f 212/212/212 200/200/200 198/198/198
f 2357/2357/2357 212/212/212 198/198/198
f 256/256/256 254/254/254 310/310/310
f 307/307/307 256/256/256 310/310/310
f 306/306/306 307/307/307 310/310/310
f 341/341/341 340/340/340 339/339/339
f 339/339/339 342/342/342 341/341/341
f 345/345/345 344/344/344 343/343/343
f 343/343/343 346/346/346 345/345/345
f 349/349/349 348/348/348 347/347/347
f 347/347/347 2372/2372/2372 349/349/349
f 353/353/353 352/352/352 351/351/351
f 351/351/351 354/354/354 353/353/353
f 357/357/357 356/356/356 355/355/355
f 355/355/355 358/358/358 357/357/357
f 361/361/361 360/360/360 359/359/359
f 359/359/359 362/362/362 361/361/361
f 365/365/365 364/364/364 363/363/363
f 363/363/363 366/366/366 365/365/365
f 369/369/369 368/368/368 367/367/367
f 367/367/367 370/370/370 369/369/369
f 373/373/373 372/372/372 371/371/371
f 371/371/371 374/374/374 373/373/373
f 377/377/377 376/376/376 375/375/375
f 375/375/375 378/378/378 377/377/377
f 381/381/381 380/380/380 379/379/379
f 379/379/379 382/382/382 381/381/381
f 385/385/385 384/384/384 383/383/383
f 383/383/383 386/386/386 385/385/385
f 389/389/389 388/388/388 387/387/387
f 387/387/387 390/390/390 389/389/389
f 393/393/393 392/392/392 391/391/391
f 391/391/391 394/394/394 393/393/393
f 397/397/397 396/396/396 395/395/395
f 395/395/395 398/398/398 397/397/397
f 401/401/401 400/400/400 399/399/399
f 399/399/399 402/402/402 401/401/401
f 405/405/405 404/404/404 403/403/403
f 403/403/403 406/406/406 405/405/405
f 409/409/409 408/408/408 407/407/407
f 407/407/407 410/410/410 409/409/409
f 413/413/413 412/412/412 411/411/411
f 411/411/411 414/414/414 413/413/413
f 417/417/417 416/416/416 415/415/415
f 415/415/415 418/418/418 417/417/417
f 421/421/421 420/420/420 419/419/419
f 419/419/419 422/422/422 421/421/421
f 425/425/425 424/424/424 423/423/423
f 423/423/423 426/426/426 425/425/425
f 429/429/429 428/428/428 427/427/427
f 427/427/427 430/430/430 429/429/429
f 433/433/433 432/432/432 431/431/431
f 431/431/431 434/434/434 433/433/433
f 437/437/437 436/436/436 435/435/435
f 435/435/435 438/438/438 437/437/437
f 441/441/441 440/440/440 439/439/439
f 439/439/439 442/442/442 441/441/441
f 445/445/445 444/444/444 443/443/443
f 443/443/443 446/446/446 445/445/445
f 449/449/449 448/448/448 447/447/447
f 447/447/447 450/450/450 449/449/449
f 364/364/364 365/365/365 451/451/451
f 451/451/451 452/452/452 364/364/364
f 368/368/368 2349/2349/2349 453/453/453
f 453/453/453 454/454/454 368/368/368
f 457/457/457 456/456/456 455/455/455
f 455/455/455 458/458/458 457/457/457
f 360/360/360 361/361/361 459/459/459
f 459/459/459 460/460/460 360/360/360
f 461/461/461 345/345/345 346/346/346
f 346/346/346 462/462/462 461/461/461
f 2383/2383/2383 463/463/463 341/341/341
f 341/341/341 342/342/342 2383/2383/2383
f 466/466/466 465/465/465 405/405/405
f 405/405/405 406/406/406 466/466/466
f 468/468/468 467/467/467 409/409/409
f 409/409/409 410/410/410 468/468/468
f 470/470/470 469/469/469 413/413/413
f 413/413/413 414/414/414 470/470/470
f 472/472/472 471/471/471 417/417/417
f 417/417/417 418/418/418 472/472/472
f 474/474/474 473/473/473 449/449/449
f 449/449/449 450/450/450 474/474/474
f 476/476/476 475/475/475 364/364/364
f 364/364/364 452/452/452 476/476/476
f 364/364/364 475/475/475 477/477/477
f 477/477/477 363/363/363 364/364/364
f 478/478/478 373/373/373 374/374/374
f 374/374/374 479/479/479 478/478/478
f 481/481/481 480/480/480 2387/2387/2387
f 2387/2387/2387 2378/2378/2378 481/481/481
f 483/483/483 482/482/482 381/381/381
f 381/381/381 382/382/382 483/483/483
f 485/485/485 484/484/484 385/385/385
f 385/385/385 386/386/386 485/485/485
f 487/487/487 486/486/486 441/441/441
f 441/441/441 442/442/442 487/487/487
f 489/489/489 488/488/488 457/457/457
f 457/457/457 458/458/458 489/489/489
f 2353/2353/2353 491/491/491 490/490/490
f 490/490/490 355/355/355 2353/2353/2353
f 458/458/458 455/455/455 440/440/440
f 440/440/440 441/441/441 458/458/458
f 441/441/441 486/486/486 489/489/489
f 489/489/489 458/458/458 441/441/441
f 454/454/454 453/453/453 2355/2355/2355
f 2355/2355/2355 445/445/445 454/454/454
f 452/452/452 451/451/451 448/448/448
f 448/448/448 449/449/449 452/452/452
f 449/449/449 473/473/473 476/476/476
f 476/476/476 452/452/452 449/449/449
f 460/460/460 459/459/459 2374/2374/2374
f 2374/2374/2374 2369/2369/2369 460/460/460
f 2368/2368/2368 439/439/439 492/492/492
f 492/492/492 2375/2375/2375 2368/2368/2368
f 493/493/493 494/494/494 487/487/487
f 487/487/487 442/442/442 493/493/493
f 446/446/446 443/443/443 2367/2367/2367
f 2367/2367/2367 2379/2379/2379 446/446/446
f 450/450/450 447/447/447 495/495/495
f 495/495/495 2391/2391/2391 450/450/450
f 2391/2391/2391 497/497/497 474/474/474
f 474/474/474 450/450/450 2391/2391/2391
f 2382/2382/2382 435/435/435 2402/2402/2402
f 2402/2402/2402 433/433/433 2382/2382/2382
f 386/386/386 383/383/383 2403/2403/2403
f 2403/2403/2403 381/381/381 386/386/386
f 381/381/381 482/482/482 485/485/485
f 485/485/485 386/386/386 381/381/381
f 2389/2389/2389 399/399/399 2380/2380/2380
f 2380/2380/2380 397/397/397 2389/2389/2389
f 418/418/418 415/415/415 412/412/412
f 412/412/412 413/413/413 418/418/418
f 413/413/413 469/469/469 472/472/472
f 472/472/472 418/418/418 413/413/413
f 434/434/434 431/431/431 2409/2409/2409
f 2409/2409/2409 429/429/429 434/434/434
f 382/382/382 379/379/379 2399/2399/2399
f 2399/2399/2399 2387/2387/2387 382/382/382
f 2387/2387/2387 480/480/480 483/483/483
f 483/483/483 382/382/382 2387/2387/2387
f 2396/2396/2396 395/395/395 2377/2377/2377
f 2377/2377/2377 393/393/393 2396/2396/2396
f 414/414/414 411/411/411 408/408/408
f 408/408/408 409/409/409 414/414/414
f 409/409/409 467/467/467 470/470/470
f 470/470/470 414/414/414 409/409/409
f 430/430/430 427/427/427 2410/2410/2410
f 2410/2410/2410 425/425/425 430/430/430
f 2378/2378/2378 375/375/375 2388/2388/2388
f 2388/2388/2388 373/373/373 2378/2378/2378
f 373/373/373 478/478/478 481/481/481
f 481/481/481 2378/2378/2378 373/373/373
f 2390/2390/2390 391/391/391 2359/2359/2359
f 2359/2359/2359 389/389/389 2390/2390/2390
f 410/410/410 407/407/407 404/404/404
f 404/404/404 405/405/405 410/410/410
f 405/405/405 465/465/465 468/468/468
f 468/468/468 410/410/410 405/405/405
f 426/426/426 423/423/423 2400/2400/2400
f 2400/2400/2400 421/421/421 426/426/426
f 374/374/374 371/371/371 498/498/498
f 498/498/498 2358/2358/2358 374/374/374
f 479/479/479 374/374/374 2358/2358/2358
f 2358/2358/2358 500/500/500 479/479/479
f 2376/2376/2376 387/387/387 351/351/351
f 351/351/351 352/352/352 2376/2376/2376
f 406/406/406 403/403/403 2370/2370/2370
f 2370/2370/2370 341/341/341 406/406/406
f 341/341/341 463/463/463 466/466/466
f 466/466/466 406/406/406 341/341/341
f 422/422/422 419/419/419 349/349/349
f 349/349/349 2372/2372/2372 422/422/422
f 503/503/503 502/502/502 501/501/501
f 506/506/506 505/505/505 504/504/504
f 509/509/509 508/508/508 507/507/507
f 507/507/507 510/510/510 509/509/509
f 513/513/513 512/512/512 511/511/511
f 516/516/516 515/515/515 514/514/514
f 514/514/514 517/517/517 516/516/516
f 520/520/520 519/519/519 518/518/518
f 2412/2412/2412 522/522/522 521/521/521
f 2360/2360/2360 524/524/524 523/523/523
f 527/527/527 526/526/526 2362/2362/2362
f 2362/2362/2362 528/528/528 527/527/527
f 2411/2411/2411 530/530/530 2363/2363/2363
f 529/529/529 532/532/532 531/531/531
f 535/535/535 534/534/534 533/533/533
f 533/533/533 536/536/536 535/535/535
f 537/537/537 2395/2395/2395 2361/2361/2361
f 2361/2361/2361 538/538/538 537/537/537
f 541/541/541 540/540/540 539/539/539
f 542/542/542 2392/2392/2392 2394/2394/2394
f 2394/2394/2394 543/543/543 542/542/542
f 546/546/546 545/545/545 544/544/544
f 544/544/544 547/547/547 546/546/546
f 550/550/550 549/549/549 548/548/548
f 548/548/548 2343/2343/2343 550/550/550
f 2344/2344/2344 552/552/552 2364/2364/2364
f 2364/2364/2364 2393/2393/2393 2344/2344/2344
f 556/556/556 555/555/555 554/554/554
f 559/559/559 558/558/558 557/557/557
f 562/562/562 561/561/561 560/560/560
f 563/563/563 525/525/525 2365/2365/2365
f 2365/2365/2365 564/564/564 563/563/563
f 567/567/567 566/566/566 565/565/565
f 565/565/565 568/568/568 567/567/567
f 571/571/571 570/570/570 569/569/569
f 569/569/569 572/572/572 571/571/571
f 575/575/575 574/574/574 573/573/573
f 578/578/578 577/577/577 576/576/576
f 581/581/581 580/580/580 579/579/579
f 584/584/584 583/583/583 582/582/582
f 587/587/587 2327/2327/2327 585/585/585
f 590/590/590 2336/2336/2336 588/588/588
f 593/593/593 592/592/592 591/591/591
f 596/596/596 595/595/595 594/594/594
f 599/599/599 598/598/598 597/597/597
f 602/602/602 601/601/601 600/600/600
f 605/605/605 2320/2320/2320 2319/2319/2319
f 608/608/608 607/607/607 606/606/606
f 611/611/611 610/610/610 609/609/609
f 614/614/614 613/613/613 612/612/612
f 617/617/617 616/616/616 615/615/615
f 620/620/620 619/619/619 618/618/618
f 623/623/623 622/622/622 621/621/621
f 626/626/626 2332/2332/2332 624/624/624
f 629/629/629 628/628/628 627/627/627
f 632/632/632 631/631/631 630/630/630
f 635/635/635 634/634/634 633/633/633
f 638/638/638 637/637/637 636/636/636
f 641/641/641 640/640/640 639/639/639
f 644/644/644 643/643/643 642/642/642
f 647/647/647 646/646/646 645/645/645
f 650/650/650 649/649/649 648/648/648
f 653/653/653 652/652/652 651/651/651
f 2333/2333/2333 655/655/655 654/654/654
f 659/659/659 658/658/658 657/657/657
f 2340/2340/2340 661/661/661 660/660/660
f 665/665/665 664/664/664 663/663/663
f 668/668/668 667/667/667 666/666/666
f 671/671/671 670/670/670 669/669/669
f 674/674/674 673/673/673 672/672/672
f 677/677/677 676/676/676 675/675/675
f 680/680/680 679/679/679 678/678/678
f 683/683/683 682/682/682 681/681/681
f 686/686/686 685/685/685 684/684/684
f 689/689/689 688/688/688 687/687/687
f 692/692/692 691/691/691 690/690/690
f 695/695/695 2331/2331/2331 693/693/693
f 698/698/698 2329/2329/2329 696/696/696
f 701/701/701 700/700/700 699/699/699
f 2341/2341/2341 703/703/703 702/702/702
f 702/702/702 2345/2345/2345 2341/2341/2341
f 706/706/706 705/705/705 704/704/704
f 553/553/553 2338/2338/2338 2337/2337/2337
f 2337/2337/2337 2342/2342/2342 553/553/553
f 711/711/711 710/710/710 709/709/709
f 714/714/714 713/713/713 712/712/712
f 2425/2425/2425 716/716/716 715/715/715
f 715/715/715 718/718/718 2425/2425/2425
f 721/721/721 720/720/720 719/719/719
f 719/719/719 722/722/722 721/721/721
f 725/725/725 724/724/724 2436/2436/2436
f 2436/2436/2436 726/726/726 725/725/725
f 726/726/726 728/728/728 727/727/727
f 727/727/727 725/725/725 726/726/726
f 728/728/728 730/730/730 729/729/729
f 729/729/729 727/727/727 728/728/728
f 731/731/731 729/729/729 730/730/730
f 734/734/734 733/733/733 732/732/732
f 732/732/732 735/735/735 734/734/734
f 733/733/733 737/737/737 736/736/736
f 736/736/736 732/732/732 733/733/733
f 2437/2437/2437 739/739/739 738/738/738
f 2438/2438/2438 736/736/736 737/737/737
f 742/742/742 741/741/741 740/740/740
f 745/745/745 744/744/744 743/743/743
f 743/743/743 746/746/746 745/745/745
f 744/744/744 748/748/748 747/747/747
f 747/747/747 743/743/743 744/744/744
f 749/749/749 2439/2439/2439 748/748/748
f 716/716/716 751/751/751 750/750/750
f 750/750/750 715/715/715 716/716/716
f 751/751/751 753/753/753 752/752/752
f 752/752/752 750/750/750 751/751/751
f 753/753/753 755/755/755 754/754/754
f 754/754/754 752/752/752 753/753/753
f 2440/2440/2440 757/757/757 756/756/756
f 761/761/761 760/760/760 759/759/759
f 759/759/759 762/762/762 761/761/761
f 760/760/760 764/764/764 763/763/763
f 763/763/763 759/759/759 760/760/760
f 2432/2432/2432 766/766/766 765/765/765
f 2433/2433/2433 763/763/763 764/764/764
f 769/769/769 768/768/768 767/767/767
f 772/772/772 771/771/771 770/770/770
f 770/770/770 773/773/773 772/772/772
f 771/771/771 775/775/775 774/774/774
f 774/774/774 770/770/770 771/771/771
f 776/776/776 774/774/774 775/775/775
f 720/720/720 778/778/778 777/777/777
f 777/777/777 719/719/719 720/720/720
f 778/778/778 780/780/780 779/779/779
f 779/779/779 777/777/777 778/778/778
f 780/780/780 782/782/782 781/781/781
f 781/781/781 779/779/779 780/780/780
f 783/783/783 781/781/781 782/782/782
f 786/786/786 785/785/785 2404/2404/2404
f 2404/2404/2404 787/787/787 786/786/786
f 787/787/787 789/789/789 788/788/788
f 788/788/788 786/786/786 787/787/787
f 789/789/789 791/791/791 790/790/790
f 790/790/790 788/788/788 789/789/789
f 792/792/792 790/790/790 791/791/791
f 2413/2413/2413 2426/2426/2426 2434/2434/2434
f 2435/2435/2435 511/511/511 512/512/512
f 2405/2405/2405 2419/2419/2419 2397/2397/2397
f 2398/2398/2398 520/520/520 518/518/518
f 799/799/799 798/798/798 797/797/797
f 802/802/802 801/801/801 800/800/800
f 805/805/805 804/804/804 803/803/803
f 2422/2422/2422 807/807/807 806/806/806
f 796/796/796 2407/2407/2407 809/809/809
f 809/809/809 2431/2431/2431 796/796/796
f 2415/2415/2415 812/812/812 2418/2418/2418
f 2418/2418/2418 2427/2427/2427 2415/2415/2415
f 513/513/513 2384/2384/2384 812/812/812
f 812/812/812 2415/2415/2415 513/513/513
f 2386/2386/2386 812/812/812 2384/2384/2384
f 809/809/809 816/816/816 2423/2423/2423
f 809/809/809 2407/2407/2407 519/519/519
f 519/519/519 816/816/816 809/809/809
f 819/819/819 818/818/818 817/817/817
f 817/817/817 820/820/820 819/819/819
f 822/822/822 821/821/821 818/818/818
f 818/818/818 819/819/819 822/822/822
f 824/824/824 823/823/823 821/821/821
f 821/821/821 822/822/822 824/824/824
f 826/826/826 825/825/825 823/823/823
f 823/823/823 824/824/824 826/826/826
f 828/828/828 827/827/827 825/825/825
f 825/825/825 826/826/826 828/828/828
f 830/830/830 829/829/829 827/827/827
f 827/827/827 828/828/828 830/830/830
f 832/832/832 831/831/831 829/829/829
f 829/829/829 830/830/830 832/832/832
f 834/834/834 833/833/833 831/831/831
f 831/831/831 832/832/832 834/834/834
f 836/836/836 835/835/835 833/833/833
f 833/833/833 834/834/834 836/836/836
f 838/838/838 837/837/837 835/835/835
f 835/835/835 836/836/836 838/838/838
f 840/840/840 839/839/839 837/837/837
f 837/837/837 838/838/838 840/840/840
f 842/842/842 841/841/841 839/839/839
f 839/839/839 840/840/840 842/842/842
f 845/845/845 844/844/844 843/843/843
f 847/847/847 846/846/846 845/845/845
f 849/849/849 848/848/848 847/847/847
f 849/849/849 847/847/847 845/845/845
f 2063/2063/2063 850/850/850 849/849/849
f 853/853/853 852/852/852 2063/2063/2063
f 853/853/853 2063/2063/2063 849/849/849
f 853/853/853 849/849/849 845/845/845
f 853/853/853 845/845/845 843/843/843
f 853/853/853 843/843/843 854/854/854
f 857/857/857 856/856/856 855/855/855
f 855/855/855 858/858/858 857/857/857
f 858/858/858 855/855/855 859/859/859
f 859/859/859 860/860/860 858/858/858
f 860/860/860 859/859/859 861/861/861
f 861/861/861 862/862/862 860/860/860
f 862/862/862 861/861/861 863/863/863
f 863/863/863 864/864/864 862/862/862
f 864/864/864 863/863/863 865/865/865
f 865/865/865 866/866/866 864/864/864
f 866/866/866 865/865/865 867/867/867
f 867/867/867 868/868/868 866/866/866
f 868/868/868 867/867/867 869/869/869
f 869/869/869 870/870/870 868/868/868
f 870/870/870 869/869/869 871/871/871
f 871/871/871 872/872/872 870/870/870
f 875/875/875 874/874/874 873/873/873
f 873/873/873 876/876/876 875/875/875
f 876/876/876 873/873/873 877/877/877
f 877/877/877 878/878/878 876/876/876
f 878/878/878 877/877/877 879/879/879
f 879/879/879 880/880/880 878/878/878
f 880/880/880 879/879/879 856/856/856
f 856/856/856 857/857/857 880/880/880
f 881/881/881 2135/2135/2135 2133/2133/2133
f 2133/2133/2133 882/882/882 881/881/881
f 882/882/882 2133/2133/2133 2125/2125/2125
f 2125/2125/2125 883/883/883 882/882/882
f 883/883/883 2125/2125/2125 2103/2103/2103
f 2103/2103/2103 884/884/884 883/883/883
f 884/884/884 2103/2103/2103 2078/2078/2078
f 2078/2078/2078 885/885/885 884/884/884
f 885/885/885 2078/2078/2078 2061/2061/2061
f 2061/2061/2061 886/886/886 885/885/885
f 886/886/886 2061/2061/2061 2059/2059/2059
f 2059/2059/2059 887/887/887 886/886/886
f 887/887/887 2059/2059/2059 2062/2062/2062
f 2062/2062/2062 888/888/888 887/887/887
f 888/888/888 2062/2062/2062 2080/2080/2080
f 2080/2080/2080 889/889/889 888/888/888
f 890/890/890 2079/2079/2079 2104/2104/2104
f 2104/2104/2104 891/891/891 890/890/890
f 891/891/891 2104/2104/2104 2126/2126/2126
f 2126/2126/2126 892/892/892 891/891/891
f 892/892/892 2126/2126/2126 2134/2134/2134
f 2134/2134/2134 893/893/893 892/892/892
f 893/893/893 2134/2134/2134 2135/2135/2135
f 2135/2135/2135 881/881/881 893/893/893
f 2129/2129/2129 895/895/895 894/894/894
f 894/894/894 2121/2121/2121 2129/2129/2129
f 2121/2121/2121 894/894/894 896/896/896
f 896/896/896 2107/2107/2107 2121/2121/2121
f 2107/2107/2107 896/896/896 897/897/897
f 897/897/897 2087/2087/2087 2107/2107/2107
f 2087/2087/2087 897/897/897 898/898/898
f 898/898/898 2067/2067/2067 2087/2087/2087
f 2067/2067/2067 898/898/898 899/899/899
f 899/899/899 2064/2064/2064 2067/2067/2067
f 2064/2064/2064 899/899/899 900/900/900
f 900/900/900 2068/2068/2068 2064/2064/2064
f 2068/2068/2068 900/900/900 901/901/901
f 901/901/901 2089/2089/2089 2068/2068/2068
f 2088/2088/2088 903/903/903 902/902/902
f 902/902/902 2108/2108/2108 2088/2088/2088
f 2108/2108/2108 902/902/902 904/904/904
f 904/904/904 2122/2122/2122 2108/2108/2108
f 2122/2122/2122 904/904/904 905/905/905
f 905/905/905 2130/2130/2130 2122/2122/2122
f 2130/2130/2130 905/905/905 906/906/906
f 906/906/906 2132/2132/2132 2130/2130/2130
f 2132/2132/2132 906/906/906 895/895/895
f 895/895/895 2129/2129/2129 2132/2132/2132
f 2127/2127/2127 882/882/882 883/883/883
f 883/883/883 2119/2119/2119 2127/2127/2127
f 2119/2119/2119 883/883/883 884/884/884
f 884/884/884 2105/2105/2105 2119/2119/2119
f 2105/2105/2105 884/884/884 885/885/885
f 885/885/885 2090/2090/2090 2105/2105/2105
f 2090/2090/2090 885/885/885 886/886/886
f 886/886/886 2069/2069/2069 2090/2090/2090
f 2069/2069/2069 886/886/886 887/887/887
f 887/887/887 2066/2066/2066 2069/2069/2069
f 2066/2066/2066 887/887/887 888/888/888
f 888/888/888 2070/2070/2070 2066/2066/2066
f 2070/2070/2070 888/888/888 889/889/889
f 889/889/889 2092/2092/2092 2070/2070/2070
f 2091/2091/2091 890/890/890 891/891/891
f 891/891/891 2106/2106/2106 2091/2091/2091
f 2106/2106/2106 891/891/891 892/892/892
f 892/892/892 2120/2120/2120 2106/2106/2106
f 2120/2120/2120 892/892/892 893/893/893
f 893/893/893 2128/2128/2128 2120/2120/2120
f 2128/2128/2128 893/893/893 881/881/881
f 881/881/881 2131/2131/2131 2128/2128/2128
f 2131/2131/2131 881/881/881 882/882/882
f 882/882/882 2127/2127/2127 2131/2131/2131
f 909/909/909 908/908/908 907/907/907
f 907/907/907 910/910/910 909/909/909
f 912/912/912 911/911/911 908/908/908
f 908/908/908 909/909/909 912/912/912
f 914/914/914 913/913/913 911/911/911
f 911/911/911 912/912/912 914/914/914
f 916/916/916 915/915/915 913/913/913
f 913/913/913 914/914/914 916/916/916
f 918/918/918 917/917/917 915/915/915
f 915/915/915 916/916/916 918/918/918
f 920/920/920 919/919/919 917/917/917
f 917/917/917 918/918/918 920/920/920
f 922/922/922 921/921/921 919/919/919
f 919/919/919 920/920/920 922/922/922
f 924/924/924 923/923/923 921/921/921
f 921/921/921 922/922/922 924/924/924
f 926/926/926 925/925/925 923/923/923
f 923/923/923 924/924/924 926/926/926
f 928/928/928 927/927/927 925/925/925
f 925/925/925 926/926/926 928/928/928
f 930/930/930 929/929/929 927/927/927
f 927/927/927 928/928/928 930/930/930
f 932/932/932 931/931/931 929/929/929
f 929/929/929 930/930/930 932/932/932
f 935/935/935 934/934/934 933/933/933
f 933/933/933 936/936/936 935/935/935
f 936/936/936 933/933/933 937/937/937
f 937/937/937 938/938/938 936/936/936
f 938/938/938 937/937/937 939/939/939
f 939/939/939 940/940/940 938/938/938
f 940/940/940 939/939/939 941/941/941
f 941/941/941 942/942/942 940/940/940
f 942/942/942 941/941/941 943/943/943
f 943/943/943 944/944/944 942/942/942
f 944/944/944 943/943/943 945/945/945
f 945/945/945 946/946/946 944/944/944
f 946/946/946 945/945/945 947/947/947
f 947/947/947 948/948/948 946/946/946
f 948/948/948 947/947/947 949/949/949
f 949/949/949 950/950/950 948/948/948
f 950/950/950 949/949/949 951/951/951
f 951/951/951 952/952/952 950/950/950
f 952/952/952 951/951/951 953/953/953
f 953/953/953 954/954/954 952/952/952
f 954/954/954 953/953/953 955/955/955
f 955/955/955 956/956/956 954/954/954
f 956/956/956 955/955/955 957/957/957
f 957/957/957 958/958/958 956/956/956
f 934/934/934 960/960/960 959/959/959
f 959/959/959 933/933/933 934/934/934
f 933/933/933 959/959/959 961/961/961
f 961/961/961 937/937/937 933/933/933
f 937/937/937 961/961/961 962/962/962
f 962/962/962 939/939/939 937/937/937
f 939/939/939 962/962/962 963/963/963
f 963/963/963 941/941/941 939/939/939
f 941/941/941 963/963/963 964/964/964
f 964/964/964 943/943/943 941/941/941
f 943/943/943 964/964/964 965/965/965
f 965/965/965 945/945/945 943/943/943
f 945/945/945 965/965/965 966/966/966
f 966/966/966 947/947/947 945/945/945
f 947/947/947 966/966/966 967/967/967
f 967/967/967 949/949/949 947/947/947
f 949/949/949 967/967/967 968/968/968
f 968/968/968 951/951/951 949/949/949
f 951/951/951 968/968/968 969/969/969
f 969/969/969 953/953/953 951/951/951
f 953/953/953 969/969/969 970/970/970
f 970/970/970 955/955/955 953/953/953
f 955/955/955 970/970/970 971/971/971
f 971/971/971 957/957/957 955/955/955
f 960/960/960 973/973/973 972/972/972
f 972/972/972 959/959/959 960/960/960
f 959/959/959 972/972/972 974/974/974
f 974/974/974 961/961/961 959/959/959
f 961/961/961 974/974/974 975/975/975
f 975/975/975 962/962/962 961/961/961
f 962/962/962 975/975/975 976/976/976
f 976/976/976 963/963/963 962/962/962
f 963/963/963 976/976/976 977/977/977
f 977/977/977 964/964/964 963/963/963
f 964/964/964 977/977/977 978/978/978
f 978/978/978 965/965/965 964/964/964
f 965/965/965 978/978/978 979/979/979
f 979/979/979 966/966/966 965/965/965
f 966/966/966 979/979/979 980/980/980
f 980/980/980 967/967/967 966/966/966
f 967/967/967 980/980/980 981/981/981
f 981/981/981 968/968/968 967/967/967
f 968/968/968 981/981/981 982/982/982
f 982/982/982 969/969/969 968/968/968
f 969/969/969 982/982/982 983/983/983
f 983/983/983 970/970/970 969/969/969
f 970/970/970 983/983/983 984/984/984
f 984/984/984 971/971/971 970/970/970
f 973/973/973 986/986/986 985/985/985
f 985/985/985 972/972/972 973/973/973
f 972/972/972 985/985/985 987/987/987
f 987/987/987 974/974/974 972/972/972
f 974/974/974 987/987/987 988/988/988
f 988/988/988 975/975/975 974/974/974
f 975/975/975 988/988/988 989/989/989
f 989/989/989 976/976/976 975/975/975
f 976/976/976 989/989/989 990/990/990
f 990/990/990 977/977/977 976/976/976
f 977/977/977 990/990/990 991/991/991
f 991/991/991 978/978/978 977/977/977
f 978/978/978 991/991/991 992/992/992
f 992/992/992 979/979/979 978/978/978
f 979/979/979 992/992/992 993/993/993
f 993/993/993 980/980/980 979/979/979
f 980/980/980 993/993/993 994/994/994
f 994/994/994 981/981/981 980/980/980
f 981/981/981 994/994/994 995/995/995
f 995/995/995 982/982/982 981/981/981
f 982/982/982 995/995/995 996/996/996
f 996/996/996 983/983/983 982/982/982
f 983/983/983 996/996/996 997/997/997
f 997/997/997 984/984/984 983/983/983
f 986/986/986 999/999/999 998/998/998
f 998/998/998 985/985/985 986/986/986
f 985/985/985 998/998/998 1000/1000/1000
f 1000/1000/1000 987/987/987 985/985/985
f 987/987/987 1000/1000/1000 1001/1001/1001
f 1001/1001/1001 988/988/988 987/987/987
f 988/988/988 1001/1001/1001 1002/1002/1002
f 1002/1002/1002 989/989/989 988/988/988
f 989/989/989 1002/1002/1002 1003/1003/1003
f 1003/1003/1003 990/990/990 989/989/989
f 990/990/990 1003/1003/1003 1004/1004/1004
f 1004/1004/1004 991/991/991 990/990/990
f 991/991/991 1004/1004/1004 1005/1005/1005
f 1005/1005/1005 992/992/992 991/991/991
f 992/992/992 1005/1005/1005 1006/1006/1006
f 1006/1006/1006 993/993/993 992/992/992
f 993/993/993 1006/1006/1006 1007/1007/1007
f 1007/1007/1007 994/994/994 993/993/993
f 994/994/994 1007/1007/1007 1008/1008/1008
f 1008/1008/1008 995/995/995 994/994/994
f 995/995/995 1008/1008/1008 1009/1009/1009
f 1009/1009/1009 996/996/996 995/995/995
f 996/996/996 1009/1009/1009 1010/1010/1010
f 1010/1010/1010 997/997/997 996/996/996
f 999/999/999 1012/1012/1012 1011/1011/1011
f 1011/1011/1011 998/998/998 999/999/999
f 998/998/998 1011/1011/1011 1013/1013/1013
f 1013/1013/1013 1000/1000/1000 998/998/998
f 1000/1000/1000 1013/1013/1013 1014/1014/1014
f 1014/1014/1014 1001/1001/1001 1000/1000/1000
f 1001/1001/1001 1014/1014/1014 1015/1015/1015
f 1015/1015/1015 1002/1002/1002 1001/1001/1001
f 1002/1002/1002 1015/1015/1015 1016/1016/1016
f 1016/1016/1016 1003/1003/1003 1002/1002/1002
f 1003/1003/1003 1016/1016/1016 1017/1017/1017
f 1017/1017/1017 1004/1004/1004 1003/1003/1003
f 1004/1004/1004 1017/1017/1017 1018/1018/1018
f 1018/1018/1018 1005/1005/1005 1004/1004/1004
f 1005/1005/1005 1018/1018/1018 1019/1019/1019
f 1019/1019/1019 1006/1006/1006 1005/1005/1005
f 1006/1006/1006 1019/1019/1019 1020/1020/1020
f 1020/1020/1020 1007/1007/1007 1006/1006/1006
f 1007/1007/1007 1020/1020/1020 1021/1021/1021
f 1021/1021/1021 1008/1008/1008 1007/1007/1007
f 1008/1008/1008 1021/1021/1021 1022/1022/1022
f 1022/1022/1022 1009/1009/1009 1008/1008/1008
f 1009/1009/1009 1022/1022/1022 1023/1023/1023
f 1023/1023/1023 1010/1010/1010 1009/1009/1009
f 1012/1012/1012 1025/1025/1025 1024/1024/1024
f 1024/1024/1024 1011/1011/1011 1012/1012/1012
f 1025/1025/1025 1027/1027/1027 1026/1026/1026
f 1026/1026/1026 1024/1024/1024 1025/1025/1025
f 1030/1030/1030 1029/1029/1029 1028/1028/1028
f 1028/1028/1028 1031/1031/1031 1030/1030/1030
f 1011/1011/1011 1024/1024/1024 1032/1032/1032
f 1032/1032/1032 1013/1013/1013 1011/1011/1011
f 1024/1024/1024 1026/1026/1026 1033/1033/1033
f 1033/1033/1033 1032/1032/1032 1024/1024/1024
f 1031/1031/1031 1028/1028/1028 1034/1034/1034
f 1034/1034/1034 1035/1035/1035 1031/1031/1031
f 1013/1013/1013 1032/1032/1032 1036/1036/1036
f 1036/1036/1036 1014/1014/1014 1013/1013/1013
f 1032/1032/1032 1033/1033/1033 1037/1037/1037
f 1037/1037/1037 1036/1036/1036 1032/1032/1032
f 1035/1035/1035 1034/1034/1034 1038/1038/1038
f 1038/1038/1038 1039/1039/1039 1035/1035/1035
f 1014/1014/1014 1036/1036/1036 1040/1040/1040
f 1040/1040/1040 1015/1015/1015 1014/1014/1014
f 1036/1036/1036 1037/1037/1037 1041/1041/1041
f 1041/1041/1041 1040/1040/1040 1036/1036/1036
f 1039/1039/1039 1038/1038/1038 1042/1042/1042
f 1042/1042/1042 1043/1043/1043 1039/1039/1039
f 1015/1015/1015 1040/1040/1040 1044/1044/1044
f 1044/1044/1044 1016/1016/1016 1015/1015/1015
f 1040/1040/1040 1041/1041/1041 1045/1045/1045
f 1045/1045/1045 1044/1044/1044 1040/1040/1040
f 1043/1043/1043 1042/1042/1042 1046/1046/1046
f 1046/1046/1046 1047/1047/1047 1043/1043/1043
f 1016/1016/1016 1044/1044/1044 1048/1048/1048
f 1048/1048/1048 1017/1017/1017 1016/1016/1016
f 1044/1044/1044 1045/1045/1045 1049/1049/1049
f 1049/1049/1049 1048/1048/1048 1044/1044/1044
f 1047/1047/1047 1046/1046/1046 1050/1050/1050
f 1050/1050/1050 1051/1051/1051 1047/1047/1047
f 1017/1017/1017 1048/1048/1048 1052/1052/1052
f 1052/1052/1052 1018/1018/1018 1017/1017/1017
f 1048/1048/1048 1049/1049/1049 1053/1053/1053
f 1053/1053/1053 1052/1052/1052 1048/1048/1048
f 1051/1051/1051 1050/1050/1050 1054/1054/1054
f 1054/1054/1054 1055/1055/1055 1051/1051/1051
f 1018/1018/1018 1052/1052/1052 1056/1056/1056
f 1056/1056/1056 1019/1019/1019 1018/1018/1018
f 1052/1052/1052 1053/1053/1053 1057/1057/1057
f 1057/1057/1057 1056/1056/1056 1052/1052/1052
f 1055/1055/1055 1054/1054/1054 1058/1058/1058
f 1058/1058/1058 1059/1059/1059 1055/1055/1055
f 1019/1019/1019 1056/1056/1056 1060/1060/1060
f 1060/1060/1060 1020/1020/1020 1019/1019/1019
f 1056/1056/1056 1057/1057/1057 1061/1061/1061
f 1061/1061/1061 1060/1060/1060 1056/1056/1056
f 1059/1059/1059 1058/1058/1058 1062/1062/1062
f 1062/1062/1062 1063/1063/1063 1059/1059/1059
f 1020/1020/1020 1060/1060/1060 1064/1064/1064
f 1064/1064/1064 1021/1021/1021 1020/1020/1020
f 1060/1060/1060 1061/1061/1061 1065/1065/1065
f 1065/1065/1065 1064/1064/1064 1060/1060/1060
f 1063/1063/1063 1062/1062/1062 1066/1066/1066
f 1066/1066/1066 1067/1067/1067 1063/1063/1063
f 1021/1021/1021 1064/1064/1064 1068/1068/1068
f 1068/1068/1068 1022/1022/1022 1021/1021/1021
f 1064/1064/1064 1065/1065/1065 1069/1069/1069
f 1069/1069/1069 1068/1068/1068 1064/1064/1064
f 1067/1067/1067 1066/1066/1066 1070/1070/1070
f 1070/1070/1070 1071/1071/1071 1067/1067/1067
f 1022/1022/1022 1068/1068/1068 1072/1072/1072
f 1072/1072/1072 1023/1023/1023 1022/1022/1022
f 1068/1068/1068 1069/1069/1069 1073/1073/1073
f 1073/1073/1073 1072/1072/1072 1068/1068/1068
f 1071/1071/1071 1070/1070/1070 1074/1074/1074
f 1074/1074/1074 1075/1075/1075 1071/1071/1071
f 1078/1078/1078 1077/1077/1077 1076/1076/1076
f 1076/1076/1076 1079/1079/1079 1078/1078/1078
f 1026/1026/1026 1027/1027/1027 1030/1030/1030
f 1030/1030/1030 1031/1031/1031 1026/1026/1026
f 1081/1081/1081 1080/1080/1080 1077/1077/1077
f 1077/1077/1077 1078/1078/1078 1081/1081/1081
f 1033/1033/1033 1026/1026/1026 1031/1031/1031
f 1031/1031/1031 1035/1035/1035 1033/1033/1033
f 1083/1083/1083 1082/1082/1082 1080/1080/1080
f 1080/1080/1080 1081/1081/1081 1083/1083/1083
f 1037/1037/1037 1033/1033/1033 1035/1035/1035
f 1035/1035/1035 1039/1039/1039 1037/1037/1037
f 1085/1085/1085 1084/1084/1084 1082/1082/1082
f 1082/1082/1082 1083/1083/1083 1085/1085/1085
f 1041/1041/1041 1037/1037/1037 1039/1039/1039
f 1039/1039/1039 1043/1043/1043 1041/1041/1041
f 1087/1087/1087 1086/1086/1086 1084/1084/1084
f 1084/1084/1084 1085/1085/1085 1087/1087/1087
f 1045/1045/1045 1041/1041/1041 1043/1043/1043
f 1043/1043/1043 1047/1047/1047 1045/1045/1045
f 1089/1089/1089 1088/1088/1088 1086/1086/1086
f 1086/1086/1086 1087/1087/1087 1089/1089/1089
f 1049/1049/1049 1045/1045/1045 1047/1047/1047
f 1047/1047/1047 1051/1051/1051 1049/1049/1049
f 1091/1091/1091 1090/1090/1090 1088/1088/1088
f 1088/1088/1088 1089/1089/1089 1091/1091/1091
f 1053/1053/1053 1049/1049/1049 1051/1051/1051
f 1051/1051/1051 1055/1055/1055 1053/1053/1053
f 1093/1093/1093 1092/1092/1092 1090/1090/1090
f 1090/1090/1090 1091/1091/1091 1093/1093/1093
f 1057/1057/1057 1053/1053/1053 1055/1055/1055
f 1055/1055/1055 1059/1059/1059 1057/1057/1057
f 1095/1095/1095 1094/1094/1094 1092/1092/1092
f 1092/1092/1092 1093/1093/1093 1095/1095/1095
f 1061/1061/1061 1057/1057/1057 1059/1059/1059
f 1059/1059/1059 1063/1063/1063 1061/1061/1061
f 1097/1097/1097 1096/1096/1096 1094/1094/1094
f 1094/1094/1094 1095/1095/1095 1097/1097/1097
f 1065/1065/1065 1061/1061/1061 1063/1063/1063
f 1063/1063/1063 1067/1067/1067 1065/1065/1065
f 1099/1099/1099 1098/1098/1098 1096/1096/1096
f 1096/1096/1096 1097/1097/1097 1099/1099/1099
f 1069/1069/1069 1065/1065/1065 1067/1067/1067
f 1067/1067/1067 1071/1071/1071 1069/1069/1069
f 1101/1101/1101 1100/1100/1100 1098/1098/1098
f 1098/1098/1098 1099/1099/1099 1101/1101/1101
f 1073/1073/1073 1069/1069/1069 1071/1071/1071
f 1071/1071/1071 1075/1075/1075 1073/1073/1073
f 1104/1104/1104 1103/1103/1103 1102/1102/1102
f 1102/1102/1102 1105/1105/1105 1104/1104/1104
f 1106/1106/1106 1105/1105/1105 1102/1102/1102
f 1102/1102/1102 1107/1107/1107 1106/1106/1106
f 1110/1110/1110 1109/1109/1109 1108/1108/1108
f 1108/1108/1108 1111/1111/1111 1110/1110/1110
f 1114/1114/1114 1113/1113/1113 1112/1112/1112
f 1112/1112/1112 1115/1115/1115 1114/1114/1114
f 1118/1118/1118 1117/1117/1117 1116/1116/1116
f 1116/1116/1116 1119/1119/1119 1118/1118/1118
f 1122/1122/1122 1121/1121/1121 1120/1120/1120
f 1120/1120/1120 1123/1123/1123 1122/1122/1122
f 1124/1124/1124 1122/1122/1122 1123/1123/1123
f 1123/1123/1123 1125/1125/1125 1124/1124/1124
f 1128/1128/1128 1127/1127/1127 1126/1126/1126
f 1126/1126/1126 1129/1129/1129 1128/1128/1128
f 1130/1130/1130 1128/1128/1128 1129/1129/1129
f 1129/1129/1129 1131/1131/1131 1130/1130/1130
f 1130/1130/1130 1131/1131/1131 1132/1132/1132
f 1132/1132/1132 1133/1133/1133 1130/1130/1130
f 1136/1136/1136 1135/1135/1135 1134/1134/1134
f 1134/1134/1134 1137/1137/1137 1136/1136/1136
f 1137/1137/1137 1134/1134/1134 1103/1103/1103
f 1103/1103/1103 1104/1104/1104 1137/1137/1137
f 1138/1138/1138 1102/1102/1102 1103/1103/1103
f 1103/1103/1103 1139/1139/1139 1138/1138/1138
f 1141/1141/1141 1108/1108/1108 1140/1140/1140
f 1140/1140/1140 1142/1142/1142 1141/1141/1141
f 1143/1143/1143 1111/1111/1111 1108/1108/1108
f 1108/1108/1108 1141/1141/1141 1143/1143/1143
f 1145/1145/1145 1144/1144/1144 1114/1114/1114
f 1114/1114/1114 1115/1115/1115 1145/1145/1145
f 1146/1146/1146 1116/1116/1116 1117/1117/1117
f 1117/1117/1117 1147/1147/1147 1146/1146/1146
f 1148/1148/1148 1123/1123/1123 1120/1120/1120
f 1120/1120/1120 1149/1149/1149 1148/1148/1148
f 1150/1150/1150 1125/1125/1125 1123/1123/1123
f 1123/1123/1123 1148/1148/1148 1150/1150/1150
f 1151/1151/1151 1129/1129/1129 1126/1126/1126
f 1126/1126/1126 1152/1152/1152 1151/1151/1151
f 1153/1153/1153 1131/1131/1131 1129/1129/1129
f 1129/1129/1129 1151/1151/1151 1153/1153/1153
f 1154/1154/1154 1132/1132/1132 1131/1131/1131
f 1131/1131/1131 1153/1153/1153 1154/1154/1154
f 1155/1155/1155 1134/1134/1134 1135/1135/1135
f 1135/1135/1135 1156/1156/1156 1155/1155/1155
f 1139/1139/1139 1103/1103/1103 1134/1134/1134
f 1134/1134/1134 1155/1155/1155 1139/1139/1139
f 1159/1159/1159 1158/1158/1158 2102/2102/2102
f 2102/2102/2102 1160/1160/1160 1159/1159/1159
f 1162/1162/1162 1161/1161/1161 1158/1158/1158
f 1158/1158/1158 1159/1159/1159 1162/1162/1162
f 1164/1164/1164 1163/1163/1163 1161/1161/1161
f 1161/1161/1161 1162/1162/1162 1164/1164/1164
f 1164/1164/1164 1166/1166/1166 2086/2086/2086
f 1169/1169/1169 1168/1168/1168 1167/1167/1167
f 1167/1167/1167 1170/1170/1170 1169/1169/1169
f 1172/1172/1172 1171/1171/1171 1168/1168/1168
f 1168/1168/1168 1169/1169/1169 1172/1172/1172
f 1174/1174/1174 1173/1173/1173 1171/1171/1171
f 1171/1171/1171 1172/1172/1172 1174/1174/1174
f 1176/1176/1176 1175/1175/1175 1173/1173/1173
f 1173/1173/1173 1174/1174/1174 1176/1176/1176
f 1178/1178/1178 1177/1177/1177 1175/1175/1175
f 1175/1175/1175 1176/1176/1176 1178/1178/1178
f 1180/1180/1180 1179/1179/1179 1177/1177/1177
f 1177/1177/1177 1178/1178/1178 1180/1180/1180
f 1182/1182/1182 1181/1181/1181 1179/1179/1179
f 1179/1179/1179 1180/1180/1180 1182/1182/1182
f 1160/1160/1160 2102/2102/2102 1181/1181/1181
f 1181/1181/1181 1182/1182/1182 1160/1160/1160
f 1183/1183/1183 1159/1159/1159 1160/1160/1160
f 1183/1183/1183 1162/1162/1162 1159/1159/1159
f 1183/1183/1183 1164/1164/1164 1162/1162/1162
f 1183/1183/1183 1170/1170/1170 1164/1164/1164
f 1183/1183/1183 1169/1169/1169 1170/1170/1170
f 1183/1183/1183 1172/1172/1172 1169/1169/1169
f 1183/1183/1183 1174/1174/1174 1172/1172/1172
f 1183/1183/1183 1176/1176/1176 1174/1174/1174
f 1183/1183/1183 1178/1178/1178 1176/1176/1176
f 1183/1183/1183 1180/1180/1180 1178/1178/1178
f 1183/1183/1183 1182/1182/1182 1180/1180/1180
f 1183/1183/1183 1160/1160/1160 1182/1182/1182
f 2077/2077/2077 1110/1110/1110 1111/1111/1111
f 1111/1111/1111 2082/2082/2082 2077/2077/2077
f 2085/2085/2085 2082/2082/2082 1111/1111/1111
f 1111/1111/1111 1143/1143/1143 2085/2085/2085
f 1186/1186/1186 1185/1185/1185 1184/1184/1184
f 1184/1184/1184 1187/1187/1187 1186/1186/1186
f 2093/2093/2093 1147/1147/1147 1117/1117/1117
f 1117/1117/1117 1114/1114/1114 2093/2093/2093
f 1190/1190/1190 1189/1189/1189 1188/1188/1188
f 1190/1190/1190 1192/1192/1192 1191/1191/1191
f 1191/1191/1191 1193/1193/1193 1190/1190/1190
f 1196/1196/1196 1195/1195/1195 1194/1194/1194
f 1194/1194/1194 1197/1197/1197 1196/1196/1196
f 2083/2083/2083 1192/1192/1192 1198/1198/1198
f 1198/1198/1198 2074/2074/2074 2083/2083/2083
f 1196/1196/1196 1200/1200/1200 1199/1199/1199
f 1203/1203/1203 1202/1202/1202 1201/1201/1201
f 1189/1189/1189 1204/1204/1204 1188/1188/1188
f 1203/1203/1203 1200/1200/1200 1202/1202/1202
f 1170/1170/1170 1167/1167/1167 1166/1166/1166
f 1166/1166/1166 1164/1164/1164 1170/1170/1170
f 1164/1164/1164 2086/2086/2086 1163/1163/1163
f 1207/1207/1207 1206/1206/1206 1205/1205/1205
f 1205/1205/1205 1208/1208/1208 1207/1207/1207
f 1211/1211/1211 1210/1210/1210 1209/1209/1209
f 1209/1209/1209 1212/1212/1212 1211/1211/1211
f 2112/2112/2112 2109/2109/2109 2101/2101/2101
f 2101/2101/2101 2110/2110/2110 2112/2112/2112
f 1213/1213/1213 1205/1205/1205 1206/1206/1206
f 1214/1214/1214 1209/1209/1209 1210/1210/1210
f 2111/2111/2111 2101/2101/2101 2109/2109/2109
f 1217/1217/1217 2100/2100/2100 1215/1215/1215
f 1105/1105/1105 1219/1219/1219 1218/1218/1218
f 1218/1218/1218 1104/1104/1104 1105/1105/1105
f 1104/1104/1104 1218/1218/1218 1220/1220/1220
f 1220/1220/1220 1137/1137/1137 1104/1104/1104
f 1106/1106/1106 1221/1221/1221 1219/1219/1219
f 1219/1219/1219 1105/1105/1105 1106/1106/1106
f 1223/1223/1223 1222/1222/1222 1109/1109/1109
f 1109/1109/1109 1110/1110/1110 1223/1223/1223
f 1224/1224/1224 1223/1223/1223 1110/1110/1110
f 1110/1110/1110 2077/2077/2077 1224/1224/1224
f 1113/1113/1113 1225/1225/1225 1224/1224/1224
f 1224/1224/1224 2077/2077/2077 1113/1113/1113
f 1185/1185/1185 1227/1227/1227 1226/1226/1226
f 1226/1226/1226 1184/1184/1184 1185/1185/1185
f 1119/1119/1119 1229/1229/1229 1228/1228/1228
f 1228/1228/1228 1118/1118/1118 1119/1119/1119
f 1231/1231/1231 1230/1230/1230 1121/1121/1121
f 1121/1121/1121 1122/1122/1122 1231/1231/1231
f 1232/1232/1232 1231/1231/1231 1122/1122/1122
f 1122/1122/1122 1124/1124/1124 1232/1232/1232
f 1128/1128/1128 1234/1234/1234 1233/1233/1233
f 1233/1233/1233 1127/1127/1127 1128/1128/1128
f 1130/1130/1130 1235/1235/1235 1234/1234/1234
f 1234/1234/1234 1128/1128/1128 1130/1130/1130
f 1133/1133/1133 1236/1236/1236 1235/1235/1235
f 1235/1235/1235 1130/1130/1130 1133/1133/1133
f 1137/1137/1137 1220/1220/1220 1237/1237/1237
f 1237/1237/1237 1136/1136/1136 1137/1137/1137
f 1240/1240/1240 1239/1239/1239 1238/1238/1238
f 1221/1221/1221 1242/1242/1242 2095/2095/2095
f 2095/2095/2095 1219/1219/1219 1221/1221/1221
f 1223/1223/1223 1243/1243/1243 1222/1222/1222
f 1219/1219/1219 2095/2095/2095 1218/1218/1218
f 1188/1188/1188 2076/2076/2076 1192/1192/1192
f 1192/1192/1192 1190/1190/1190 1188/1188/1188
f 1244/1244/1244 1191/1191/1191 1192/1192/1192
f 1192/1192/1192 2083/2083/2083 1244/1244/1244
f 1190/1190/1190 1193/1193/1193 1189/1189/1189
f 1199/1199/1199 1244/1244/1244 2083/2083/2083
f 1196/1196/1196 1202/1202/1202 1200/1200/1200
f 1196/1196/1196 1199/1199/1199 2083/2083/2083
f 1196/1196/1196 1197/1197/1197 1202/1202/1202
f 1247/1247/1247 1246/1246/1246 1245/1245/1245
f 1245/1245/1245 1248/1248/1248 1247/1247/1247
f 1249/1249/1249 1247/1247/1247 1248/1248/1248
f 1248/1248/1248 1250/1250/1250 1249/1249/1249
f 1251/1251/1251 1249/1249/1249 1250/1250/1250
f 1250/1250/1250 1252/1252/1252 1251/1251/1251
f 1253/1253/1253 1251/1251/1251 1252/1252/1252
f 1252/1252/1252 1254/1254/1254 1253/1253/1253
f 1255/1255/1255 1253/1253/1253 1254/1254/1254
f 1254/1254/1254 1256/1256/1256 1255/1255/1255
f 1257/1257/1257 2210/2210/2210 2199/2199/2199
f 2199/2199/2199 1258/1258/1258 1257/1257/1257
f 1259/1259/1259 1257/1257/1257 1258/1258/1258
f 1258/1258/1258 1260/1260/1260 1259/1259/1259
f 1261/1261/1261 1259/1259/1259 1260/1260/1260
f 1260/1260/1260 1262/1262/1262 1261/1261/1261
f 1263/1263/1263 1261/1261/1261 1262/1262/1262
f 1262/1262/1262 1264/1264/1264 1263/1263/1263
f 1265/1265/1265 1263/1263/1263 1264/1264/1264
f 1264/1264/1264 1266/1266/1266 1265/1265/1265
f 1267/1267/1267 1265/1265/1265 1266/1266/1266
f 1266/1266/1266 1268/1268/1268 1267/1267/1267
f 1269/1269/1269 1267/1267/1267 1268/1268/1268
f 1268/1268/1268 1270/1270/1270 1269/1269/1269
f 1271/1271/1271 1269/1269/1269 1270/1270/1270
f 1270/1270/1270 1272/1272/1272 1271/1271/1271
f 1273/1273/1273 1271/1271/1271 1272/1272/1272
f 1272/1272/1272 1274/1274/1274 1273/1273/1273
f 1275/1275/1275 2269/2269/2269 2284/2284/2284
f 2284/2284/2284 1276/1276/1276 1275/1275/1275
f 1277/1277/1277 1275/1275/1275 1276/1276/1276
f 1276/1276/1276 1278/1278/1278 1277/1277/1277
f 1279/1279/1279 1277/1277/1277 1278/1278/1278
f 1278/1278/1278 1280/1280/1280 1279/1279/1279
f 1246/1246/1246 1279/1279/1279 1280/1280/1280
f 1280/1280/1280 1245/1245/1245 1246/1246/1246
f 1283/1283/1283 1282/1282/1282 1281/1281/1281
f 1285/1285/1285 1284/1284/1284 1283/1283/1283
f 1285/1285/1285 1283/1283/1283 1281/1281/1281
f 1287/1287/1287 1286/1286/1286 1285/1285/1285
f 1289/1289/1289 1288/1288/1288 1287/1287/1287
f 1289/1289/1289 1287/1287/1287 1285/1285/1285
f 1289/1289/1289 1285/1285/1285 1281/1281/1281
f 2235/2235/2235 1290/1290/1290 1289/1289/1289
f 2256/2256/2256 1292/1292/1292 2235/2235/2235
f 2270/2270/2270 1294/1294/1294 2256/2256/2256
f 2270/2270/2270 2256/2256/2256 2235/2235/2235
f 2270/2270/2270 2235/2235/2235 1289/1289/1289
f 2270/2270/2270 1289/1289/1289 1281/1281/1281
f 1297/1297/1297 1296/1296/1296 2270/2270/2270
f 1297/1297/1297 2270/2270/2270 1281/1281/1281
f 1298/1298/1298 1297/1297/1297 1281/1281/1281
f 1301/1301/1301 1300/1300/1300 1299/1299/1299
f 1299/1299/1299 1302/1302/1302 1301/1301/1301
f 1304/1304/1304 1303/1303/1303 1300/1300/1300
f 1300/1300/1300 1301/1301/1301 1304/1304/1304
f 1302/1302/1302 1299/1299/1299 1305/1305/1305
f 1305/1305/1305 1306/1306/1306 1302/1302/1302
f 1308/1308/1308 1307/1307/1307 1303/1303/1303
f 1303/1303/1303 1304/1304/1304 1308/1308/1308
f 1310/1310/1310 1309/1309/1309 1307/1307/1307
f 1307/1307/1307 1308/1308/1308 1310/1310/1310
f 1312/1312/1312 1311/1311/1311 1309/1309/1309
f 1309/1309/1309 1310/1310/1310 1312/1312/1312
f 1314/1314/1314 1313/1313/1313 2170/2170/2170
f 2170/2170/2170 2175/2175/2175 1314/1314/1314
f 1316/1316/1316 1315/1315/1315 1313/1313/1313
f 1313/1313/1313 1314/1314/1314 1316/1316/1316
f 1318/1318/1318 1317/1317/1317 1315/1315/1315
f 1315/1315/1315 1316/1316/1316 1318/1318/1318
f 1320/1320/1320 1319/1319/1319 1317/1317/1317
f 1317/1317/1317 1318/1318/1318 1320/1320/1320
f 1322/1322/1322 1321/1321/1321 1319/1319/1319
f 1319/1319/1319 1320/1320/1320 1322/1322/1322
f 1324/1324/1324 1323/1323/1323 1321/1321/1321
f 1321/1321/1321 1322/1322/1322 1324/1324/1324
f 1326/1326/1326 1325/1325/1325 1323/1323/1323
f 1323/1323/1323 1324/1324/1324 1326/1326/1326
f 1328/1328/1328 1327/1327/1327 1325/1325/1325
f 1325/1325/1325 1326/1326/1326 1328/1328/1328
f 1330/1330/1330 1329/1329/1329 1327/1327/1327
f 1327/1327/1327 1328/1328/1328 1330/1330/1330
f 1332/1332/1332 1331/1331/1331 2313/2313/2313
f 2313/2313/2313 2312/2312/2312 1332/1332/1332
f 1334/1334/1334 1333/1333/1333 1331/1331/1331
f 1331/1331/1331 1332/1332/1332 1334/1334/1334
f 1306/1306/1306 1305/1305/1305 1333/1333/1333
f 1333/1333/1333 1334/1334/1334 1306/1306/1306
f 1300/1300/1300 1336/1336/1336 1335/1335/1335
f 1335/1335/1335 1299/1299/1299 1300/1300/1300
f 1303/1303/1303 1337/1337/1337 1336/1336/1336
f 1336/1336/1336 1300/1300/1300 1303/1303/1303
f 1307/1307/1307 1338/1338/1338 1337/1337/1337
f 1337/1337/1337 1303/1303/1303 1307/1307/1307
f 1309/1309/1309 1339/1339/1339 1338/1338/1338
f 1338/1338/1338 1307/1307/1307 1309/1309/1309
f 2171/2171/2171 1340/1340/1340 1339/1339/1339
f 1339/1339/1339 1309/1309/1309 2171/2171/2171
f 1313/1313/1313 1341/1341/1341 2179/2179/2179
f 2179/2179/2179 2170/2170/2170 1313/1313/1313
f 1315/1315/1315 1342/1342/1342 1341/1341/1341
f 1341/1341/1341 1313/1313/1313 1315/1315/1315
f 1317/1317/1317 1343/1343/1343 1342/1342/1342
f 1342/1342/1342 1315/1315/1315 1317/1317/1317
f 1319/1319/1319 1344/1344/1344 1343/1343/1343
f 1343/1343/1343 1317/1317/1317 1319/1319/1319
f 1321/1321/1321 1345/1345/1345 1344/1344/1344
f 1344/1344/1344 1319/1319/1319 1321/1321/1321
f 1323/1323/1323 1346/1346/1346 1345/1345/1345
f 1345/1345/1345 1321/1321/1321 1323/1323/1323
f 1325/1325/1325 1347/1347/1347 1346/1346/1346
f 1346/1346/1346 1323/1323/1323 1325/1325/1325
f 1327/1327/1327 1348/1348/1348 1347/1347/1347
f 1347/1347/1347 1325/1325/1325 1327/1327/1327
f 2314/2314/2314 1349/1349/1349 1348/1348/1348
f 1348/1348/1348 1327/1327/1327 2314/2314/2314
f 1331/1331/1331 1350/1350/1350 2308/2308/2308
f 2308/2308/2308 2313/2313/2313 1331/1331/1331
f 1333/1333/1333 1351/1351/1351 1350/1350/1350
f 1350/1350/1350 1331/1331/1331 1333/1333/1333
f 1305/1305/1305 1352/1352/1352 1351/1351/1351
f 1351/1351/1351 1333/1333/1333 1305/1305/1305
f 1299/1299/1299 1335/1335/1335 1352/1352/1352
f 1352/1352/1352 1305/1305/1305 1299/1299/1299
f 1248/1248/1248 1245/1245/1245 1335/1335/1335
f 1335/1335/1335 1336/1336/1336 1248/1248/1248
f 1250/1250/1250 1248/1248/1248 1336/1336/1336
f 1336/1336/1336 1337/1337/1337 1250/1250/1250
f 1252/1252/1252 1250/1250/1250 1337/1337/1337
f 1337/1337/1337 1338/1338/1338 1252/1252/1252
f 1254/1254/1254 1252/1252/1252 1338/1338/1338
f 1338/1338/1338 1339/1339/1339 1254/1254/1254
f 2200/2200/2200 1254/1254/1254 1339/1339/1339
f 1339/1339/1339 1340/1340/1340 2200/2200/2200
f 1258/1258/1258 2199/2199/2199 2179/2179/2179
f 2179/2179/2179 1341/1341/1341 1258/1258/1258
f 1260/1260/1260 1258/1258/1258 1341/1341/1341
f 1341/1341/1341 1342/1342/1342 1260/1260/1260
f 1262/1262/1262 1260/1260/1260 1342/1342/1342
f 1342/1342/1342 1343/1343/1343 1262/1262/1262
f 1264/1264/1264 1262/1262/1262 1343/1343/1343
f 1343/1343/1343 1344/1344/1344 1264/1264/1264
f 1266/1266/1266 1264/1264/1264 1344/1344/1344
f 1344/1344/1344 1345/1345/1345 1266/1266/1266
f 1268/1268/1268 1266/1266/1266 1345/1345/1345
f 1345/1345/1345 1346/1346/1346 1268/1268/1268
f 1270/1270/1270 1268/1268/1268 1346/1346/1346
f 1346/1346/1346 1347/1347/1347 1270/1270/1270
f 1272/1272/1272 1270/1270/1270 1347/1347/1347
f 1347/1347/1347 1348/1348/1348 1272/1272/1272
f 2285/2285/2285 1272/1272/1272 1348/1348/1348
f 1348/1348/1348 1349/1349/1349 2285/2285/2285
f 1276/1276/1276 2284/2284/2284 2308/2308/2308
f 2308/2308/2308 1350/1350/1350 1276/1276/1276
f 1278/1278/1278 1276/1276/1276 1350/1350/1350
f 1350/1350/1350 1351/1351/1351 1278/1278/1278
f 1280/1280/1280 1278/1278/1278 1351/1351/1351
f 1351/1351/1351 1352/1352/1352 1280/1280/1280
f 1245/1245/1245 1280/1280/1280 1352/1352/1352
f 1352/1352/1352 1335/1335/1335 1245/1245/1245
f 1353/1353/1353 1301/1301/1301 1302/1302/1302
f 1302/1302/1302 1354/1354/1354 1353/1353/1353
f 1354/1354/1354 1302/1302/1302 1306/1306/1306
f 1306/1306/1306 1355/1355/1355 1354/1354/1354
f 1356/1356/1356 1304/1304/1304 1301/1301/1301
f 1301/1301/1301 1353/1353/1353 1356/1356/1356
f 1357/1357/1357 1308/1308/1308 1304/1304/1304
f 1304/1304/1304 1356/1356/1356 1357/1357/1357
f 1358/1358/1358 1310/1310/1310 1308/1308/1308
f 1308/1308/1308 1357/1357/1357 1358/1358/1358
f 1359/1359/1359 1312/1312/1312 1310/1310/1310
f 1310/1310/1310 1358/1358/1358 1359/1359/1359
f 1360/1360/1360 1314/1314/1314 2175/2175/2175
f 2175/2175/2175 1359/1359/1359 1360/1360/1360
f 1361/1361/1361 1316/1316/1316 1314/1314/1314
f 1314/1314/1314 1360/1360/1360 1361/1361/1361
f 1362/1362/1362 1318/1318/1318 1316/1316/1316
f 1316/1316/1316 1361/1361/1361 1362/1362/1362
f 1363/1363/1363 1320/1320/1320 1318/1318/1318
f 1318/1318/1318 1362/1362/1362 1363/1363/1363
f 1364/1364/1364 1322/1322/1322 1320/1320/1320
f 1320/1320/1320 1363/1363/1363 1364/1364/1364
f 1365/1365/1365 1324/1324/1324 1322/1322/1322
f 1322/1322/1322 1364/1364/1364 1365/1365/1365
f 1366/1366/1366 1326/1326/1326 1324/1324/1324
f 1324/1324/1324 1365/1365/1365 1366/1366/1366
f 1367/1367/1367 1328/1328/1328 1326/1326/1326
f 1326/1326/1326 1366/1366/1366 1367/1367/1367
f 1368/1368/1368 1330/1330/1330 1328/1328/1328
f 1328/1328/1328 1367/1367/1367 1368/1368/1368
f 1369/1369/1369 1332/1332/1332 2312/2312/2312
f 2312/2312/2312 1368/1368/1368 1369/1369/1369
f 1370/1370/1370 1334/1334/1334 1332/1332/1332
f 1332/1332/1332 1369/1369/1369 1370/1370/1370
f 1355/1355/1355 1306/1306/1306 1334/1334/1334
f 1334/1334/1334 1370/1370/1370 1355/1355/1355
f 1373/1373/1373 1372/1372/1372 1371/1371/1371
f 1371/1371/1371 1374/1374/1374 1373/1373/1373
f 1374/1374/1374 1371/1371/1371 1375/1375/1375
f 1375/1375/1375 1376/1376/1376 1374/1374/1374
f 1376/1376/1376 1375/1375/1375 1377/1377/1377
f 1377/1377/1377 1378/1378/1378 1376/1376/1376
f 1378/1378/1378 1377/1377/1377 1379/1379/1379
f 1379/1379/1379 1380/1380/1380 1378/1378/1378
f 1380/1380/1380 1379/1379/1379 1381/1381/1381
f 1381/1381/1381 1382/1382/1382 1380/1380/1380
f 2202/2202/2202 2211/2211/2211 1383/1383/1383
f 1383/1383/1383 1384/1384/1384 2202/2202/2202
f 1384/1384/1384 1383/1383/1383 1385/1385/1385
f 1385/1385/1385 1386/1386/1386 1384/1384/1384
f 1386/1386/1386 1385/1385/1385 1387/1387/1387
f 1387/1387/1387 1388/1388/1388 1386/1386/1386
f 1388/1388/1388 1387/1387/1387 1389/1389/1389
f 1389/1389/1389 1390/1390/1390 1388/1388/1388
f 1390/1390/1390 1389/1389/1389 1391/1391/1391
f 1391/1391/1391 1392/1392/1392 1390/1390/1390
f 1392/1392/1392 1391/1391/1391 1393/1393/1393
f 1393/1393/1393 1394/1394/1394 1392/1392/1392
f 1394/1394/1394 1393/1393/1393 1395/1395/1395
f 1395/1395/1395 1396/1396/1396 1394/1394/1394
f 1396/1396/1396 1395/1395/1395 1397/1397/1397
f 1397/1397/1397 1398/1398/1398 1396/1396/1396
f 1398/1398/1398 1397/1397/1397 1399/1399/1399
f 1399/1399/1399 1400/1400/1400 1398/1398/1398
f 2282/2282/2282 2268/2268/2268 1401/1401/1401
f 1401/1401/1401 1402/1402/1402 2282/2282/2282
f 1402/1402/1402 1401/1401/1401 1403/1403/1403
f 1403/1403/1403 1404/1404/1404 1402/1402/1402
f 1404/1404/1404 1403/1403/1403 1405/1405/1405
f 1405/1405/1405 1406/1406/1406 1404/1404/1404
f 1406/1406/1406 1405/1405/1405 1372/1372/1372
f 1372/1372/1372 1373/1373/1373 1406/1406/1406
f 2265/2265/2265 1408/1408/1408 1407/1407/1407
f 2267/2267/2267 1410/1410/1410 1409/1409/1409
f 2266/2266/2266 2264/2264/2264 2246/2246/2246
f 2255/2255/2255 1412/1412/1412 1411/1411/1411
f 1415/1415/1415 1414/1414/1414 1413/1413/1413
f 2236/2236/2236 2254/2254/2254 2266/2266/2266
f 2222/2222/2222 1416/1416/1416 2237/2237/2237
f 2221/2221/2221 2236/2236/2236 2266/2266/2266
f 2221/2221/2221 2266/2266/2266 2246/2246/2246
f 2213/2213/2213 1418/1418/1418 1417/1417/1417
f 1421/1421/1421 1420/1420/1420 1419/1419/1419
f 2214/2214/2214 2212/2212/2212 2221/2221/2221
f 2214/2214/2214 2221/2221/2221 2246/2246/2246
f 2227/2227/2227 1422/1422/1422 1421/1421/1421
f 2226/2226/2226 2214/2214/2214 2246/2246/2246
f 1424/1424/1424 1423/1423/1423 2247/2247/2247
f 1427/1427/1427 1426/1426/1426 1425/1425/1425
f 1425/1425/1425 1428/1428/1428 1427/1427/1427
f 1426/1426/1426 1430/1430/1430 1429/1429/1429
f 1429/1429/1429 1425/1425/1425 1426/1426/1426
f 1431/1431/1431 1427/1427/1427 1428/1428/1428
f 1428/1428/1428 1432/1432/1432 1431/1431/1431
f 1430/1430/1430 1434/1434/1434 1433/1433/1433
f 1433/1433/1433 1429/1429/1429 1430/1430/1430
f 1434/1434/1434 1436/1436/1436 1435/1435/1435
f 1435/1435/1435 1433/1433/1433 1434/1434/1434
f 1436/1436/1436 1438/1438/1438 1437/1437/1437
f 1437/1437/1437 1435/1435/1435 1436/1436/1436
f 2176/2176/2176 1440/1440/1440 1439/1439/1439
f 1439/1439/1439 2178/2178/2178 2176/2176/2176
f 1440/1440/1440 1442/1442/1442 1441/1441/1441
f 1441/1441/1441 1439/1439/1439 1440/1440/1440
f 1442/1442/1442 1444/1444/1444 1443/1443/1443
f 1443/1443/1443 1441/1441/1441 1442/1442/1442
f 1444/1444/1444 1446/1446/1446 1445/1445/1445
f 1445/1445/1445 1443/1443/1443 1444/1444/1444
f 1446/1446/1446 1448/1448/1448 1447/1447/1447
f 1447/1447/1447 1445/1445/1445 1446/1446/1446
f 1448/1448/1448 1450/1450/1450 1449/1449/1449
f 1449/1449/1449 1447/1447/1447 1448/1448/1448
f 1450/1450/1450 1452/1452/1452 1451/1451/1451
f 1451/1451/1451 1449/1449/1449 1450/1450/1450
f 1452/1452/1452 1454/1454/1454 1453/1453/1453
f 1453/1453/1453 1451/1451/1451 1452/1452/1452
f 1454/1454/1454 1456/1456/1456 1455/1455/1455
f 1455/1455/1455 1453/1453/1453 1454/1454/1454
f 2310/2310/2310 1458/1458/1458 1457/1457/1457
f 1457/1457/1457 2309/2309/2309 2310/2310/2310
f 1458/1458/1458 1460/1460/1460 1459/1459/1459
f 1459/1459/1459 1457/1457/1457 1458/1458/1458
f 1460/1460/1460 1431/1431/1431 1432/1432/1432
f 1432/1432/1432 1459/1459/1459 1460/1460/1460
f 1462/1462/1462 1461/1461/1461 1426/1426/1426
f 1426/1426/1426 1427/1427/1427 1462/1462/1462
f 1461/1461/1461 1463/1463/1463 1430/1430/1430
f 1430/1430/1430 1426/1426/1426 1461/1461/1461
f 1463/1463/1463 1464/1464/1464 1434/1434/1434
f 1434/1434/1434 1430/1430/1430 1463/1463/1463
f 1464/1464/1464 1465/1465/1465 1436/1436/1436
f 1436/1436/1436 1434/1434/1434 1464/1464/1464
f 1465/1465/1465 1466/1466/1466 2177/2177/2177
f 2177/2177/2177 1436/1436/1436 1465/1465/1465
f 2180/2180/2180 1467/1467/1467 1440/1440/1440
f 1440/1440/1440 2176/2176/2176 2180/2180/2180
f 1467/1467/1467 1468/1468/1468 1442/1442/1442
f 1442/1442/1442 1440/1440/1440 1467/1467/1467
f 1468/1468/1468 1469/1469/1469 1444/1444/1444
f 1444/1444/1444 1442/1442/1442 1468/1468/1468
f 1469/1469/1469 1470/1470/1470 1446/1446/1446
f 1446/1446/1446 1444/1444/1444 1469/1469/1469
f 1470/1470/1470 1471/1471/1471 1448/1448/1448
f 1448/1448/1448 1446/1446/1446 1470/1470/1470
f 1471/1471/1471 1472/1472/1472 1450/1450/1450
f 1450/1450/1450 1448/1448/1448 1471/1471/1471
f 1472/1472/1472 1473/1473/1473 1452/1452/1452
f 1452/1452/1452 1450/1450/1450 1472/1472/1472
f 1473/1473/1473 1474/1474/1474 1454/1454/1454
f 1454/1454/1454 1452/1452/1452 1473/1473/1473
f 1474/1474/1474 1475/1475/1475 2311/2311/2311
f 2311/2311/2311 1454/1454/1454 1474/1474/1474
f 2302/2302/2302 1476/1476/1476 1458/1458/1458
f 1458/1458/1458 2310/2310/2310 2302/2302/2302
f 1476/1476/1476 1477/1477/1477 1460/1460/1460
f 1460/1460/1460 1458/1458/1458 1476/1476/1476
f 1477/1477/1477 1478/1478/1478 1431/1431/1431
f 1431/1431/1431 1460/1460/1460 1477/1477/1477
f 1478/1478/1478 1462/1462/1462 1427/1427/1427
f 1427/1427/1427 1431/1431/1431 1478/1478/1478
f 1462/1462/1462 1373/1373/1373 1374/1374/1374
f 1374/1374/1374 1461/1461/1461 1462/1462/1462
f 1461/1461/1461 1374/1374/1374 1376/1376/1376
f 1376/1376/1376 1463/1463/1463 1461/1461/1461
f 1463/1463/1463 1376/1376/1376 1378/1378/1378
f 1378/1378/1378 1464/1464/1464 1463/1463/1463
f 1464/1464/1464 1378/1378/1378 1380/1380/1380
f 1380/1380/1380 1465/1465/1465 1464/1464/1464
f 1465/1465/1465 1380/1380/1380 2203/2203/2203
f 2203/2203/2203 1466/1466/1466 1465/1465/1465
f 2180/2180/2180 2202/2202/2202 1384/1384/1384
f 1384/1384/1384 1467/1467/1467 2180/2180/2180
f 1467/1467/1467 1384/1384/1384 1386/1386/1386
f 1386/1386/1386 1468/1468/1468 1467/1467/1467
f 1468/1468/1468 1386/1386/1386 1388/1388/1388
f 1388/1388/1388 1469/1469/1469 1468/1468/1468
f 1469/1469/1469 1388/1388/1388 1390/1390/1390
f 1390/1390/1390 1470/1470/1470 1469/1469/1469
f 1470/1470/1470 1390/1390/1390 1392/1392/1392
f 1392/1392/1392 1471/1471/1471 1470/1470/1470
f 1471/1471/1471 1392/1392/1392 1394/1394/1394
f 1394/1394/1394 1472/1472/1472 1471/1471/1471
f 1472/1472/1472 1394/1394/1394 1396/1396/1396
f 1396/1396/1396 1473/1473/1473 1472/1472/1472
f 1473/1473/1473 1396/1396/1396 1398/1398/1398
f 1398/1398/1398 1474/1474/1474 1473/1473/1473
f 1474/1474/1474 1398/1398/1398 2283/2283/2283
f 2283/2283/2283 1475/1475/1475 1474/1474/1474
f 2302/2302/2302 2282/2282/2282 1402/1402/1402
f 1402/1402/1402 1476/1476/1476 2302/2302/2302
f 1476/1476/1476 1402/1402/1402 1404/1404/1404
f 1404/1404/1404 1477/1477/1477 1476/1476/1476
f 1477/1477/1477 1404/1404/1404 1406/1406/1406
f 1406/1406/1406 1478/1478/1478 1477/1477/1477
f 1478/1478/1478 1406/1406/1406 1373/1373/1373
f 1373/1373/1373 1462/1462/1462 1478/1478/1478
f 1428/1428/1428 1425/1425/1425 1479/1479/1479
f 1479/1479/1479 1480/1480/1480 1428/1428/1428
f 1432/1432/1432 1428/1428/1428 1480/1480/1480
f 1480/1480/1480 1481/1481/1481 1432/1432/1432
f 1425/1425/1425 1429/1429/1429 1482/1482/1482
f 1482/1482/1482 1479/1479/1479 1425/1425/1425
f 1429/1429/1429 1433/1433/1433 1483/1483/1483
f 1483/1483/1483 1482/1482/1482 1429/1429/1429
f 1433/1433/1433 1435/1435/1435 1484/1484/1484
f 1484/1484/1484 1483/1483/1483 1433/1433/1433
f 1435/1435/1435 1437/1437/1437 1485/1485/1485
f 1485/1485/1485 1484/1484/1484 1435/1435/1435
f 2178/2178/2178 1439/1439/1439 1486/1486/1486
f 1486/1486/1486 1485/1485/1485 2178/2178/2178
f 1439/1439/1439 1441/1441/1441 1487/1487/1487
f 1487/1487/1487 1486/1486/1486 1439/1439/1439
f 1441/1441/1441 1443/1443/1443 1488/1488/1488
f 1488/1488/1488 1487/1487/1487 1441/1441/1441
f 1443/1443/1443 1445/1445/1445 1489/1489/1489
f 1489/1489/1489 1488/1488/1488 1443/1443/1443
f 1445/1445/1445 1447/1447/1447 1490/1490/1490
f 1490/1490/1490 1489/1489/1489 1445/1445/1445
f 1447/1447/1447 1449/1449/1449 1491/1491/1491
f 1491/1491/1491 1490/1490/1490 1447/1447/1447
f 1449/1449/1449 1451/1451/1451 1492/1492/1492
f 1492/1492/1492 1491/1491/1491 1449/1449/1449
f 1451/1451/1451 1453/1453/1453 1493/1493/1493
f 1493/1493/1493 1492/1492/1492 1451/1451/1451
f 1453/1453/1453 1455/1455/1455 1494/1494/1494
f 1494/1494/1494 1493/1493/1493 1453/1453/1453
f 2309/2309/2309 1457/1457/1457 1495/1495/1495
f 1495/1495/1495 1494/1494/1494 2309/2309/2309
f 1457/1457/1457 1459/1459/1459 1496/1496/1496
f 1496/1496/1496 1495/1495/1495 1457/1457/1457
f 1459/1459/1459 1432/1432/1432 1481/1481/1481
f 1481/1481/1481 1496/1496/1496 1459/1459/1459
f 2241/2241/2241 1498/1498/1498 1497/1497/1497
f 1497/1497/1497 2216/2216/2216 2241/2241/2241
f 2243/2243/2243 2239/2239/2239 2220/2220/2220
f 2220/2220/2220 2218/2218/2218 2243/2243/2243
f 2263/2263/2263 1499/1499/1499 2244/2244/2244
f 2244/2244/2244 2241/2241/2241 2263/2263/2263
f 2260/2260/2260 2258/2258/2258 2239/2239/2239
f 2239/2239/2239 2243/2243/2243 2260/2260/2260
f 2216/2216/2216 1497/1497/1497 1500/1500/1500
f 1500/1500/1500 2205/2205/2205 2216/2216/2216
f 2218/2218/2218 2220/2220/2220 2209/2209/2209
f 2209/2209/2209 2207/2207/2207 2218/2218/2218
f 2205/2205/2205 1500/1500/1500 1501/1501/1501
f 1501/1501/1501 2194/2194/2194 2205/2205/2205
f 2207/2207/2207 2209/2209/2209 2198/2198/2198
f 2198/2198/2198 2196/2196/2196 2207/2207/2207
f 2194/2194/2194 1501/1501/1501 1502/1502/1502
f 1502/1502/1502 2183/2183/2183 2194/2194/2194
f 2196/2196/2196 2198/2198/2198 2191/2191/2191
f 2191/2191/2191 2188/2188/2188 2196/2196/2196
f 2183/2183/2183 1502/1502/1502 1503/1503/1503
f 1503/1503/1503 2181/2181/2181 2183/2183/2183
f 2188/2188/2188 2191/2191/2191 2189/2189/2189
f 2189/2189/2189 2187/2187/2187 2188/2188/2188
f 2182/2182/2182 2185/2185/2185 1504/1504/1504
f 1504/1504/1504 2193/2193/2193 2182/2182/2182
f 2186/2186/2186 2190/2190/2190 2197/2197/2197
f 2197/2197/2197 2195/2195/2195 2186/2186/2186
f 2193/2193/2193 1504/1504/1504 1505/1505/1505
f 1505/1505/1505 2204/2204/2204 2193/2193/2193
f 2195/2195/2195 2197/2197/2197 2208/2208/2208
f 2208/2208/2208 2206/2206/2206 2195/2195/2195
f 2204/2204/2204 1505/1505/1505 1506/1506/1506
f 1506/1506/1506 2215/2215/2215 2204/2204/2204
f 2206/2206/2206 2208/2208/2208 2219/2219/2219
f 2219/2219/2219 2217/2217/2217 2206/2206/2206
f 2215/2215/2215 1506/1506/1506 1507/1507/1507
f 1507/1507/1507 2240/2240/2240 2215/2215/2215
f 2217/2217/2217 2219/2219/2219 2238/2238/2238
f 2238/2238/2238 2242/2242/2242 2217/2217/2217
f 2240/2240/2240 1507/1507/1507 1508/1508/1508
f 1508/1508/1508 2262/2262/2262 2240/2240/2240
f 2242/2242/2242 2238/2238/2238 2257/2257/2257
f 2257/2257/2257 2259/2259/2259 2242/2242/2242
f 2262/2262/2262 1508/1508/1508 1509/1509/1509
f 1509/1509/1509 2275/2275/2275 2262/2262/2262
f 2259/2259/2259 2257/2257/2257 2271/2271/2271
f 2271/2271/2271 2273/2273/2273 2259/2259/2259
f 2275/2275/2275 1509/1509/1509 1510/1510/1510
f 1510/1510/1510 2291/2291/2291 2275/2275/2275
f 2273/2273/2273 2271/2271/2271 2287/2287/2287
f 2287/2287/2287 2288/2288/2288 2273/2273/2273
f 2291/2291/2291 1510/1510/1510 1511/1511/1511
f 1511/1511/1511 2301/2301/2301 2291/2291/2291
f 2288/2288/2288 2287/2287/2287 2294/2294/2294
f 2294/2294/2294 2295/2295/2295 2288/2288/2288
f 2301/2301/2301 1511/1511/1511 1512/1512/1512
f 1512/1512/1512 2299/2299/2299 2301/2301/2301
f 2295/2295/2295 2294/2294/2294 2292/2292/2292
f 2292/2292/2292 2298/2298/2298 2295/2295/2295
f 2300/2300/2300 2296/2296/2296 1513/1513/1513
f 1513/1513/1513 2290/2290/2290 2300/2300/2300
f 2297/2297/2297 2293/2293/2293 2286/2286/2286
f 2286/2286/2286 2289/2289/2289 2297/2297/2297
f 2290/2290/2290 1513/1513/1513 1514/1514/1514
f 1514/1514/1514 2276/2276/2276 2290/2290/2290
f 2289/2289/2289 2286/2286/2286 2272/2272/2272
f 2272/2272/2272 2274/2274/2274 2289/2289/2289
f 2276/2276/2276 1514/1514/1514 2261/2261/2261
f 2261/2261/2261 2263/2263/2263 2276/2276/2276
f 2274/2274/2274 2272/2272/2272 2258/2258/2258
f 2258/2258/2258 2260/2260/2260 2274/2274/2274
f 1517/1517/1517 1516/1516/1516 1515/1515/1515
f 1519/1519/1519 1518/1518/1518 2278/2278/2278
f 1521/1521/1521 1520/1520/1520 1519/1519/1519
f 1521/1521/1521 1519/1519/1519 2278/2278/2278
f 1523/1523/1523 1522/1522/1522 2316/2316/2316
f 1525/1525/1525 1524/1524/1524 1523/1523/1523
f 1525/1525/1525 1523/1523/1523 2316/2316/2316
f 1527/1527/1527 1526/1526/1526 2281/2281/2281
f 1529/1529/1529 1528/1528/1528 1527/1527/1527
f 1529/1529/1529 1527/1527/1527 2281/2281/2281
f 1531/1531/1531 1530/1530/1530 2233/2233/2233
f 1533/1533/1533 1532/1532/1532 1531/1531/1531
f 1533/1533/1533 1531/1531/1531 2233/2233/2233
f 2228/2228/2228 2232/2232/2232 2280/2280/2280
f 2228/2228/2228 2280/2280/2280 2315/2315/2315
f 2228/2228/2228 2315/2315/2315 2277/2277/2277
f 2229/2229/2229 1517/1517/1517 1515/1515/1515
f 2229/2229/2229 1515/1515/1515 1534/1534/1534
f 1537/1537/1537 2245/2245/2245 1535/1535/1535
f 1535/1535/1535 1538/1538/1538 1537/1537/1537
f 1540/1540/1540 2231/2231/2231 2245/2245/2245
f 2245/2245/2245 1537/1537/1537 1540/1540/1540
f 1542/1542/1542 1541/1541/1541 2231/2231/2231
f 2231/2231/2231 1540/1540/1540 1542/1542/1542
f 1544/1544/1544 1543/1543/1543 1541/1541/1541
f 1541/1541/1541 1542/1542/1542 1544/1544/1544
f 1547/1547/1547 1546/1546/1546 1545/1545/1545
f 1545/1545/1545 1548/1548/1548 1547/1547/1547
f 1550/1550/1550 2234/2234/2234 1546/1546/1546
f 1546/1546/1546 1547/1547/1547 1550/1550/1550
f 1552/1552/1552 1551/1551/1551 2234/2234/2234
f 2234/2234/2234 1550/1550/1550 1552/1552/1552
f 1554/1554/1554 1553/1553/1553 1551/1551/1551
f 1551/1551/1551 1552/1552/1552 1554/1554/1554
f 1556/1556/1556 1555/1555/1555 1553/1553/1553
f 1553/1553/1553 1554/1554/1554 1556/1556/1556
f 1558/1558/1558 1557/1557/1557 1555/1555/1555
f 1555/1555/1555 1556/1556/1556 1558/1558/1558
f 1560/1560/1560 1559/1559/1559 1557/1557/1557
f 1557/1557/1557 1558/1558/1558 1560/1560/1560
f 1562/1562/1562 1561/1561/1561 1559/1559/1559
f 1559/1559/1559 1560/1560/1560 1562/1562/1562
f 1564/1564/1564 1563/1563/1563 1561/1561/1561
f 1561/1561/1561 1562/1562/1562 1564/1564/1564
f 1566/1566/1566 1565/1565/1565 1563/1563/1563
f 1563/1563/1563 1564/1564/1564 1566/1566/1566
f 1568/1568/1568 1567/1567/1567 1565/1565/1565
f 1565/1565/1565 1566/1566/1566 1568/1568/1568
f 1570/1570/1570 1569/1569/1569 1567/1567/1567
f 1567/1567/1567 1568/1568/1568 1570/1570/1570
f 1572/1572/1572 1571/1571/1571 1569/1569/1569
f 1569/1569/1569 1570/1570/1570 1572/1572/1572
f 1574/1574/1574 2279/2279/2279 1571/1571/1571
f 1571/1571/1571 1572/1572/1572 1574/1574/1574
f 1576/1576/1576 1575/1575/1575 2279/2279/2279
f 2279/2279/2279 1574/1574/1574 1576/1576/1576
f 1538/1538/1538 1535/1535/1535 1575/1575/1575
f 1575/1575/1575 1576/1576/1576 1538/1538/1538
f 1577/1577/1577 1537/1537/1537 1538/1538/1538
f 1538/1538/1538 1578/1578/1578 1577/1577/1577
f 1579/1579/1579 1540/1540/1540 1537/1537/1537
f 1537/1537/1537 1577/1577/1577 1579/1579/1579
f 1580/1580/1580 1542/1542/1542 1540/1540/1540
f 1540/1540/1540 1579/1579/1579 1580/1580/1580
f 1581/1581/1581 1544/1544/1544 1542/1542/1542
f 1542/1542/1542 1580/1580/1580 1581/1581/1581
f 1582/1582/1582 1547/1547/1547 1548/1548/1548
f 1548/1548/1548 1583/1583/1583 1582/1582/1582
f 1584/1584/1584 1550/1550/1550 1547/1547/1547
f 1547/1547/1547 1582/1582/1582 1584/1584/1584
f 1585/1585/1585 1552/1552/1552 1550/1550/1550
f 1550/1550/1550 1584/1584/1584 1585/1585/1585
f 1586/1586/1586 1554/1554/1554 1552/1552/1552
f 1552/1552/1552 1585/1585/1585 1586/1586/1586
f 1587/1587/1587 1556/1556/1556 1554/1554/1554
f 1554/1554/1554 1586/1586/1586 1587/1587/1587
f 1588/1588/1588 1558/1558/1558 1556/1556/1556
f 1556/1556/1556 1587/1587/1587 1588/1588/1588
f 1589/1589/1589 1560/1560/1560 1558/1558/1558
f 1558/1558/1558 1588/1588/1588 1589/1589/1589
f 1590/1590/1590 1562/1562/1562 1560/1560/1560
f 1560/1560/1560 1589/1589/1589 1590/1590/1590
f 1591/1591/1591 1564/1564/1564 1562/1562/1562
f 1562/1562/1562 1590/1590/1590 1591/1591/1591
f 1592/1592/1592 1566/1566/1566 1564/1564/1564
f 1564/1564/1564 1591/1591/1591 1592/1592/1592
f 1593/1593/1593 1568/1568/1568 1566/1566/1566
f 1566/1566/1566 1592/1592/1592 1593/1593/1593
f 1594/1594/1594 1570/1570/1570 1568/1568/1568
f 1568/1568/1568 1593/1593/1593 1594/1594/1594
f 1595/1595/1595 1572/1572/1572 1570/1570/1570
f 1570/1570/1570 1594/1594/1594 1595/1595/1595
f 1596/1596/1596 1574/1574/1574 1572/1572/1572
f 1572/1572/1572 1595/1595/1595 1596/1596/1596
f 1597/1597/1597 1576/1576/1576 1574/1574/1574
f 1574/1574/1574 1596/1596/1596 1597/1597/1597
f 1578/1578/1578 1538/1538/1538 1576/1576/1576
f 1576/1576/1576 1597/1597/1597 1578/1578/1578
f 1600/1600/1600 1599/1599/1599 1598/1598/1598
f 1598/1598/1598 1601/1601/1601 1600/1600/1600
f 1603/1603/1603 1602/1602/1602 1599/1599/1599
f 1599/1599/1599 1600/1600/1600 1603/1603/1603
f 1605/1605/1605 1604/1604/1604 1602/1602/1602
f 1602/1602/1602 1603/1603/1603 1605/1605/1605
f 1607/1607/1607 1606/1606/1606 1604/1604/1604
f 1604/1604/1604 1605/1605/1605 1607/1607/1607
f 1610/1610/1610 1609/1609/1609 1608/1608/1608
f 1608/1608/1608 1611/1611/1611 1610/1610/1610
f 1613/1613/1613 1612/1612/1612 1609/1609/1609
f 1609/1609/1609 1610/1610/1610 1613/1613/1613
f 1615/1615/1615 1614/1614/1614 1612/1612/1612
f 1612/1612/1612 1613/1613/1613 1615/1615/1615
f 1617/1617/1617 1616/1616/1616 1614/1614/1614
f 1614/1614/1614 1615/1615/1615 1617/1617/1617
f 1619/1619/1619 1618/1618/1618 1616/1616/1616
f 1616/1616/1616 1617/1617/1617 1619/1619/1619
f 1621/1621/1621 1620/1620/1620 1618/1618/1618
f 1618/1618/1618 1619/1619/1619 1621/1621/1621
f 1623/1623/1623 1622/1622/1622 1620/1620/1620
f 1620/1620/1620 1621/1621/1621 1623/1623/1623
f 1625/1625/1625 1624/1624/1624 1622/1622/1622
f 1622/1622/1622 1623/1623/1623 1625/1625/1625
f 1627/1627/1627 1626/1626/1626 1624/1624/1624
f 1624/1624/1624 1625/1625/1625 1627/1627/1627
f 1629/1629/1629 1628/1628/1628 1626/1626/1626
f 1626/1626/1626 1627/1627/1627 1629/1629/1629
f 1631/1631/1631 1630/1630/1630 1628/1628/1628
f 1628/1628/1628 1629/1629/1629 1631/1631/1631
f 1633/1633/1633 1632/1632/1632 1630/1630/1630
f 1630/1630/1630 1631/1631/1631 1633/1633/1633
f 1635/1635/1635 1634/1634/1634 1632/1632/1632
f 1632/1632/1632 1633/1633/1633 1635/1635/1635
f 1637/1637/1637 1636/1636/1636 1634/1634/1634
f 1634/1634/1634 1635/1635/1635 1637/1637/1637
f 1639/1639/1639 1638/1638/1638 1636/1636/1636
f 1636/1636/1636 1637/1637/1637 1639/1639/1639
f 1601/1601/1601 1598/1598/1598 1638/1638/1638
f 1638/1638/1638 1639/1639/1639 1601/1601/1601
f 1642/1642/1642 1641/1641/1641 1640/1640/1640
f 1640/1640/1640 1643/1643/1643 1642/1642/1642
f 1645/1645/1645 1644/1644/1644 1641/1641/1641
f 1641/1641/1641 1642/1642/1642 1645/1645/1645
f 1647/1647/1647 1646/1646/1646 1644/1644/1644
f 1644/1644/1644 1645/1645/1645 1647/1647/1647
f 1649/1649/1649 1648/1648/1648 1646/1646/1646
f 1646/1646/1646 1647/1647/1647 1649/1649/1649
f 1652/1652/1652 1651/1651/1651 1650/1650/1650
f 1650/1650/1650 1653/1653/1653 1652/1652/1652
f 1655/1655/1655 1654/1654/1654 1651/1651/1651
f 1651/1651/1651 1652/1652/1652 1655/1655/1655
f 1657/1657/1657 1656/1656/1656 1654/1654/1654
f 1654/1654/1654 1655/1655/1655 1657/1657/1657
f 1659/1659/1659 1658/1658/1658 1656/1656/1656
f 1656/1656/1656 1657/1657/1657 1659/1659/1659
f 1661/1661/1661 1660/1660/1660 1658/1658/1658
f 1658/1658/1658 1659/1659/1659 1661/1661/1661
f 1663/1663/1663 1662/1662/1662 1660/1660/1660
f 1660/1660/1660 1661/1661/1661 1663/1663/1663
f 1665/1665/1665 1664/1664/1664 1662/1662/1662
f 1662/1662/1662 1663/1663/1663 1665/1665/1665
f 1667/1667/1667 1666/1666/1666 1664/1664/1664
f 1664/1664/1664 1665/1665/1665 1667/1667/1667
f 1669/1669/1669 1668/1668/1668 1666/1666/1666
f 1666/1666/1666 1667/1667/1667 1669/1669/1669
f 1671/1671/1671 1670/1670/1670 1668/1668/1668
f 1668/1668/1668 1669/1669/1669 1671/1671/1671
f 1673/1673/1673 1672/1672/1672 1670/1670/1670
f 1670/1670/1670 1671/1671/1671 1673/1673/1673
f 1675/1675/1675 1674/1674/1674 1672/1672/1672
f 1672/1672/1672 1673/1673/1673 1675/1675/1675
f 1677/1677/1677 1676/1676/1676 1674/1674/1674
f 1674/1674/1674 1675/1675/1675 1677/1677/1677
f 1679/1679/1679 1678/1678/1678 1676/1676/1676
f 1676/1676/1676 1677/1677/1677 1679/1679/1679
f 1681/1681/1681 1680/1680/1680 1678/1678/1678
f 1678/1678/1678 1679/1679/1679 1681/1681/1681
f 1643/1643/1643 1640/1640/1640 1680/1680/1680
f 1680/1680/1680 1681/1681/1681 1643/1643/1643
f 1682/1682/1682 1642/1642/1642 1643/1643/1643
f 1643/1643/1643 1683/1683/1683 1682/1682/1682
f 1684/1684/1684 1645/1645/1645 1642/1642/1642
f 1642/1642/1642 1682/1682/1682 1684/1684/1684
f 1685/1685/1685 1647/1647/1647 1645/1645/1645
f 1645/1645/1645 1684/1684/1684 1685/1685/1685
f 1686/1686/1686 1649/1649/1649 1647/1647/1647
f 1647/1647/1647 1685/1685/1685 1686/1686/1686
f 1687/1687/1687 1652/1652/1652 1653/1653/1653
f 1653/1653/1653 2225/2225/2225 1687/1687/1687
f 1689/1689/1689 1655/1655/1655 1652/1652/1652
f 1652/1652/1652 1687/1687/1687 1689/1689/1689
f 1690/1690/1690 1657/1657/1657 1655/1655/1655
f 1655/1655/1655 1689/1689/1689 1690/1690/1690
f 1691/1691/1691 1659/1659/1659 1657/1657/1657
f 1657/1657/1657 1690/1690/1690 1691/1691/1691
f 1692/1692/1692 1661/1661/1661 1659/1659/1659
f 1659/1659/1659 2253/2253/2253 1692/1692/1692
f 1693/1693/1693 1663/1663/1663 1661/1661/1661
f 1661/1661/1661 1692/1692/1692 1693/1693/1693
f 1694/1694/1694 1665/1665/1665 1663/1663/1663
f 1663/1663/1663 1693/1693/1693 1694/1694/1694
f 1695/1695/1695 1667/1667/1667 1665/1665/1665
f 1665/1665/1665 1694/1694/1694 1695/1695/1695
f 1696/1696/1696 1669/1669/1669 1667/1667/1667
f 1667/1667/1667 1695/1695/1695 1696/1696/1696
f 1697/1697/1697 1671/1671/1671 1669/1669/1669
f 1669/1669/1669 1696/1696/1696 1697/1697/1697
f 1698/1698/1698 1673/1673/1673 1671/1671/1671
f 1671/1671/1671 2317/2317/2317 1698/1698/1698
f 1699/1699/1699 1675/1675/1675 1673/1673/1673
f 1673/1673/1673 1698/1698/1698 1699/1699/1699
f 1700/1700/1700 1677/1677/1677 1675/1675/1675
f 1675/1675/1675 2305/2305/2305 1700/1700/1700
f 1701/1701/1701 1679/1679/1679 1677/1677/1677
f 1677/1677/1677 1700/1700/1700 1701/1701/1701
f 1702/1702/1702 1681/1681/1681 1679/1679/1679
f 1679/1679/1679 1701/1701/1701 1702/1702/1702
f 1683/1683/1683 1643/1643/1643 1681/1681/1681
f 1681/1681/1681 1702/1702/1702 1683/1683/1683
f 1705/1705/1705 1704/1704/1704 1703/1703/1703
f 1707/1707/1707 1706/1706/1706 2224/2224/2224
f 1709/1709/1709 1708/1708/1708 1707/1707/1707
f 1709/1709/1709 1707/1707/1707 2224/2224/2224
f 1711/1711/1711 1710/1710/1710 2252/2252/2252
f 1713/1713/1713 1712/1712/1712 1711/1711/1711
f 1713/1713/1713 1711/1711/1711 2252/2252/2252
f 1715/1715/1715 1714/1714/1714 2307/2307/2307
f 1717/1717/1717 1716/1716/1716 1715/1715/1715
f 1717/1717/1717 1715/1715/1715 2307/2307/2307
f 1719/1719/1719 1718/1718/1718 2304/2304/2304
f 1721/1721/1721 1720/1720/1720 1719/1719/1719
f 1721/1721/1721 1719/1719/1719 2304/2304/2304
f 2248/2248/2248 2303/2303/2303 2306/2306/2306
f 2248/2248/2248 2306/2306/2306 2251/2251/2251
f 2248/2248/2248 2251/2251/2251 2223/2223/2223
f 2250/2250/2250 1705/1705/1705 1703/1703/1703
f 2250/2250/2250 1703/1703/1703 1722/1722/1722
f 1725/1725/1725 1724/1724/1724 1723/1723/1723
f 1728/1728/1728 1727/1727/1727 1726/1726/1726
f 1731/1731/1731 1730/1730/1730 1729/1729/1729
f 1729/1729/1729 1732/1732/1732 1731/1731/1731
f 1735/1735/1735 1734/1734/1734 1733/1733/1733
f 1738/1738/1738 1737/1737/1737 1736/1736/1736
f 1736/1736/1736 1739/1739/1739 1738/1738/1738
f 1742/1742/1742 1741/1741/1741 1740/1740/1740
f 2140/2140/2140 1744/1744/1744 1743/1743/1743
f 2148/2148/2148 1746/1746/1746 1745/1745/1745
f 1749/1749/1749 1748/1748/1748 2150/2150/2150
f 2150/2150/2150 1750/1750/1750 1749/1749/1749
f 2142/2142/2142 1752/1752/1752 2145/2145/2145
f 1751/1751/1751 1754/1754/1754 1753/1753/1753
f 1757/1757/1757 1756/1756/1756 1755/1755/1755
f 1755/1755/1755 1758/1758/1758 1757/1757/1757
f 1759/1759/1759 2137/2137/2137 2149/2149/2149
f 2149/2149/2149 1760/1760/1760 1759/1759/1759
f 1763/1763/1763 1762/1762/1762 1761/1761/1761
f 1764/1764/1764 2138/2138/2138 2136/2136/2136
f 2136/2136/2136 1765/1765/1765 1764/1764/1764
f 1768/1768/1768 1767/1767/1767 1766/1766/1766
f 1766/1766/1766 1769/1769/1769 1768/1768/1768
f 1772/1772/1772 1771/1771/1771 1770/1770/1770
f 1770/1770/1770 2081/2081/2081 1772/1772/1772
f 2114/2114/2114 1774/1774/1774 2146/2146/2146
f 2146/2146/2146 2139/2139/2139 2114/2114/2114
f 1778/1778/1778 1777/1777/1777 1776/1776/1776
f 1781/1781/1781 1780/1780/1780 1779/1779/1779
f 1784/1784/1784 1783/1783/1783 1782/1782/1782
f 1785/1785/1785 1747/1747/1747 2147/2147/2147
f 2147/2147/2147 1786/1786/1786 1785/1785/1785
f 1789/1789/1789 1788/1788/1788 1787/1787/1787
f 1787/1787/1787 1790/1790/1790 1789/1789/1789
f 1793/1793/1793 1792/1792/1792 1791/1791/1791
f 1791/1791/1791 1794/1794/1794 1793/1793/1793
f 1797/1797/1797 1796/1796/1796 1795/1795/1795
f 1800/1800/1800 1799/1799/1799 1798/1798/1798
f 1803/1803/1803 1802/1802/1802 1801/1801/1801
f 1806/1806/1806 1805/1805/1805 1804/1804/1804
f 1809/1809/1809 2065/2065/2065 1807/1807/1807
f 1812/1812/1812 2060/2060/2060 1810/1810/1810
f 1815/1815/1815 1814/1814/1814 1813/1813/1813
f 1818/1818/1818 1817/1817/1817 1816/1816/1816
f 1821/1821/1821 1820/1820/1820 1819/1819/1819
f 1824/1824/1824 1823/1823/1823 1822/1822/1822
f 1827/1827/1827 2071/2071/2071 2073/2073/2073
f 1830/1830/1830 1829/1829/1829 1828/1828/1828
f 1833/1833/1833 1832/1832/1832 1831/1831/1831
f 1836/1836/1836 1835/1835/1835 1834/1834/1834
f 1839/1839/1839 1838/1838/1838 1837/1837/1837
f 1842/1842/1842 1841/1841/1841 1840/1840/1840
f 1845/1845/1845 1844/1844/1844 1843/1843/1843
f 1848/1848/1848 1847/1847/1847 1846/1846/1846
f 1851/1851/1851 1850/1850/1850 1849/1849/1849
f 1854/1854/1854 1853/1853/1853 1852/1852/1852
f 1857/1857/1857 1856/1856/1856 1855/1855/1855
f 1860/1860/1860 1859/1859/1859 1858/1858/1858
f 1863/1863/1863 1862/1862/1862 1861/1861/1861
f 1866/1866/1866 1865/1865/1865 1864/1864/1864
f 1869/1869/1869 1868/1868/1868 1867/1867/1867
f 1872/1872/1872 1871/1871/1871 1870/1870/1870
f 1875/1875/1875 1874/1874/1874 1873/1873/1873
f 2075/2075/2075 1877/1877/1877 1876/1876/1876
f 1881/1881/1881 1880/1880/1880 1879/1879/1879
f 2098/2098/2098 1883/1883/1883 1882/1882/1882
f 1887/1887/1887 1886/1886/1886 1885/1885/1885
f 1890/1890/1890 1889/1889/1889 1888/1888/1888
f 1893/1893/1893 1892/1892/1892 1891/1891/1891
f 1896/1896/1896 1895/1895/1895 1894/1894/1894
f 1899/1899/1899 1898/1898/1898 1897/1897/1897
f 1902/1902/1902 1901/1901/1901 1900/1900/1900
f 1905/1905/1905 1904/1904/1904 1903/1903/1903
f 1908/1908/1908 1907/1907/1907 1906/1906/1906
f 1911/1911/1911 1910/1910/1910 1909/1909/1909
f 1914/1914/1914 1913/1913/1913 2084/2084/2084
f 1917/1917/1917 2116/2116/2116 1915/1915/1915
f 1920/1920/1920 2118/2118/2118 1918/1918/1918
f 1923/1923/1923 1922/1922/1922 1921/1921/1921
f 2124/2124/2124 1925/1925/1925 1924/1924/1924
f 1924/1924/1924 2113/2113/2113 2124/2124/2124
f 1928/1928/1928 1927/1927/1927 1926/1926/1926
f 1775/1775/1775 2096/2096/2096 2099/2099/2099
f 2099/2099/2099 2123/2123/2123 1775/1775/1775
f 1933/1933/1933 1932/1932/1932 1931/1931/1931
f 1936/1936/1936 1935/1935/1935 1934/1934/1934
f 1937/1937/1937 1733/1733/1733 1734/1734/1734
f 1938/1938/1938 1937/1937/1937 1734/1734/1734
f 1939/1939/1939 1938/1938/1938 1734/1734/1734
f 2144/2144/2144 1941/1941/1941 1940/1940/1940
f 1940/1940/1940 1943/1943/1943 2144/2144/2144
f 1946/1946/1946 1945/1945/1945 1944/1944/1944
f 1944/1944/1944 1947/1947/1947 1946/1946/1946
f 1950/1950/1950 1949/1949/1949 2163/2163/2163
f 1951/1951/1951 1950/1950/1950 2163/2163/2163
f 1952/1952/1952 1951/1951/1951 2163/2163/2163
f 1939/1939/1939 1734/1734/1734 1949/1949/1949
f 2158/2158/2158 1939/1939/1939 1949/1949/1949
f 1954/1954/1954 2158/2158/2158 1949/1949/1949
f 1950/1950/1950 1954/1954/1954 1949/1949/1949
f 1957/1957/1957 1956/1956/1956 2151/2151/2151
f 2151/2151/2151 1958/1958/1958 1957/1957/1957
f 1958/1958/1958 1960/1960/1960 1959/1959/1959
f 1959/1959/1959 1957/1957/1957 1958/1958/1958
f 1960/1960/1960 1962/1962/1962 1961/1961/1961
f 1961/1961/1961 1959/1959/1959 1960/1960/1960
f 1963/1963/1963 1961/1961/1961 1962/1962/1962
f 1966/1966/1966 1965/1965/1965 1964/1964/1964
f 1964/1964/1964 1967/1967/1967 1966/1966/1966
f 1965/1965/1965 1969/1969/1969 1968/1968/1968
f 1968/1968/1968 1964/1964/1964 1965/1965/1965
f 2168/2168/2168 1971/1971/1971 1970/1970/1970
f 2174/2174/2174 1968/1968/1968 1969/1969/1969
f 1974/1974/1974 1973/1973/1973 1972/1972/1972
f 1977/1977/1977 1976/1976/1976 1975/1975/1975
f 1975/1975/1975 1978/1978/1978 1977/1977/1977
f 1976/1976/1976 1980/1980/1980 1979/1979/1979
f 1979/1979/1979 1975/1975/1975 1976/1976/1976
f 1981/1981/1981 2169/2169/2169 1980/1980/1980
f 1941/1941/1941 1983/1983/1983 1982/1982/1982
f 1982/1982/1982 1940/1940/1940 1941/1941/1941
f 1983/1983/1983 1985/1985/1985 1984/1984/1984
f 1984/1984/1984 1982/1982/1982 1983/1983/1983
f 1985/1985/1985 1987/1987/1987 1986/1986/1986
f 1986/1986/1986 1984/1984/1984 1985/1985/1985
f 2192/2192/2192 1989/1989/1989 1988/1988/1988
f 1993/1993/1993 1992/1992/1992 1991/1991/1991
f 1991/1991/1991 1994/1994/1994 1993/1993/1993
f 1992/1992/1992 1996/1996/1996 1995/1995/1995
f 1995/1995/1995 1991/1991/1991 1992/1992/1992
f 2184/2184/2184 1998/1998/1998 1997/1997/1997
f 2201/2201/2201 1995/1995/1995 1996/1996/1996
f 2001/2001/2001 2000/2000/2000 1999/1999/1999
f 2004/2004/2004 2003/2003/2003 2002/2002/2002
f 2002/2002/2002 2005/2005/2005 2004/2004/2004
f 2003/2003/2003 2007/2007/2007 2006/2006/2006
f 2006/2006/2006 2002/2002/2002 2003/2003/2003
f 2008/2008/2008 2006/2006/2006 2007/2007/2007
f 1945/1945/1945 2010/2010/2010 2009/2009/2009
f 2009/2009/2009 1944/1944/1944 1945/1945/1945
f 2010/2010/2010 2012/2012/2012 2011/2011/2011
f 2011/2011/2011 2009/2009/2009 2010/2010/2010
f 2012/2012/2012 2014/2014/2014 2013/2013/2013
f 2013/2013/2013 2011/2011/2011 2012/2012/2012
f 2015/2015/2015 2013/2013/2013 2014/2014/2014
f 2016/2016/2016 1951/1951/1951 1952/1952/1952
f 2017/2017/2017 2016/2016/2016 1952/1952/1952
f 2018/2018/2018 2017/2017/2017 1952/1952/1952
f 2018/2018/2018 2020/2020/2020 2019/2019/2019
f 2019/2019/2019 2017/2017/2017 2018/2018/2018
f 2020/2020/2020 2022/2022/2022 2021/2021/2021
f 2021/2021/2021 2019/2019/2019 2020/2020/2020
f 2023/2023/2023 2021/2021/2021 2022/2022/2022
f 1937/1937/1937 1938/1938/1938 2024/2024/2024
f 2157/2157/2157 1937/1937/1937 2024/2024/2024
f 1977/1977/1977 2157/2157/2157 2024/2024/2024
f 2153/2153/2153 2164/2164/2164 2172/2172/2172
f 2173/2173/2173 1742/1742/1742 1740/1740/1740
f 2029/2029/2029 2028/2028/2028 2027/2027/2027
f 2032/2032/2032 2031/2031/2031 2030/2030/2030
f 2035/2035/2035 2034/2034/2034 2033/2033/2033
f 2167/2167/2167 2037/2037/2037 2036/2036/2036
f 2026/2026/2026 2155/2155/2155 2039/2039/2039
f 2039/2039/2039 2162/2162/2162 2026/2026/2026
f 2043/2043/2043 2042/2042/2042 2041/2041/2041
f 2046/2046/2046 2045/2045/2045 2044/2044/2044
f 2049/2049/2049 2048/2048/2048 2047/2047/2047
f 2052/2052/2052 2051/2051/2051 2050/2050/2050
f 1735/1735/1735 2152/2152/2152 1949/1949/1949
f 1949/1949/1949 1734/1734/1734 1735/1735/1735
f 2163/2163/2163 1949/1949/1949 2152/2152/2152
f 2039/2039/2039 2055/2055/2055 2141/2141/2141
f 2039/2039/2039 2155/2155/2155 1741/1741/1741
f 1741/1741/1741 2055/2055/2055 2039/2039/2039
f 814/814/814 784/784/784 2416/2416/2416
f 2418/2418/2418 812/812/812 2386/2386/2386
f 2404/2404/2404 785/785/785 811/811/811
f 794/794/794 2056/2056/2056 793/793/793
f 745/745/745 746/746/746 793/793/793
f 793/793/793 2056/2056/2056 745/745/745
f 815/815/815 723/723/723 2429/2429/2429
f 2431/2431/2431 809/809/809 2423/2423/2423
f 2436/2436/2436 724/724/724 2428/2428/2428
f 2420/2420/2420 2057/2057/2057 795/795/795
f 772/772/772 773/773/773 795/795/795
f 795/795/795 2057/2057/2057 772/772/772
f 2054/2054/2054 1955/1955/1955 2160/2160/2160
f 2162/2162/2162 2039/2039/2039 2141/2141/2141
f 2151/2151/2151 1956/1956/1956 2159/2159/2159
f 2165/2165/2165 2058/2058/2058 2025/2025/2025
f 2004/2004/2004 2005/2005/2005 2025/2025/2025
f 2025/2025/2025 2058/2058/2058 2004/2004/2004
