mtllib G3_Object_Latern_Oil_01.mtl
o G3_Object_Latern_Oil_01_0
usemtl G3_Architecture_Iron_01_A
v 0.019058 0.033007 0.006411
v 0.021387 0.037041 -0.000000
v 0.000000 0.042771 -0.000000
v 0.000000 0.038113 0.006411
v 0.015288 0.026480 -0.000000
v 0.019058 0.033007 0.006411
v 0.000000 0.038113 0.006411
v 0.000000 0.030576 -0.000000
v 0.019058 0.033007 -0.006411
v 0.015288 0.026480 -0.000000
v 0.000000 0.030576 -0.000000
v 0.000000 0.038113 -0.006411
v 0.019058 0.033007 -0.006411
v 0.000000 0.038113 -0.006411
v 0.033008 0.019057 0.006411
v 0.037041 0.021386 -0.000000
v 0.021387 0.037041 -0.000000
v 0.019058 0.033007 0.006411
v 0.026479 0.015288 -0.000000
v 0.033008 0.019057 0.006411
v 0.033008 0.019057 -0.006411
v 0.026479 0.015288 -0.000000
v 0.033008 0.019057 -0.006411
v 0.019058 0.033007 -0.006411
v 0.038115 -0.000000 0.006411
v 0.042773 0.000000 -0.000000
v 0.030576 0.000000 -0.000000
v 0.038115 -0.000000 0.006411
v 0.038115 0.000000 -0.006411
v 0.030576 0.000000 -0.000000
v 0.038115 0.000000 -0.006411
v 0.033008 -0.019057 0.006411
v 0.037041 -0.021386 -0.000000
v 0.026479 -0.015288 -0.000000
v 0.033008 -0.019057 0.006411
v 0.033008 -0.019057 -0.006411
v 0.026479 -0.015288 -0.000000
v 0.033008 -0.019057 -0.006411
v 0.019058 -0.033007 0.006411
v 0.021387 -0.037041 -0.000000
v 0.037041 -0.021386 -0.000000
v 0.033008 -0.019057 0.006411
v 0.015288 -0.026480 -0.000000
v 0.019058 -0.033007 0.006411
v 0.019058 -0.033007 -0.006411
v 0.015288 -0.026480 -0.000000
v 0.019058 -0.033007 -0.006411
v 0.033008 -0.019057 -0.006411
v 0.000000 -0.038113 0.006411
v 0.000000 -0.042771 -0.000000
v 0.000000 -0.030576 -0.000000
v 0.000000 -0.038113 0.006411
v 0.000000 -0.038113 -0.006411
v 0.000000 -0.030576 -0.000000
v 0.000000 -0.038113 -0.006411
v -0.019058 -0.033007 0.006411
v -0.021387 -0.037041 -0.000000
v -0.015288 -0.026480 -0.000000
v -0.019058 -0.033007 0.006411
v -0.019058 -0.033007 -0.006411
v -0.015288 -0.026480 -0.000000
v -0.019058 -0.033007 -0.006411
v -0.033008 -0.019057 0.006411
v -0.037041 -0.021386 -0.000000
v -0.021387 -0.037041 -0.000000
v -0.019058 -0.033007 0.006411
v -0.026479 -0.015288 -0.000000
v -0.033008 -0.019057 0.006411
v -0.033008 -0.019057 -0.006411
v -0.026479 -0.015288 -0.000000
v -0.033008 -0.019057 -0.006411
v -0.019058 -0.033007 -0.006411
v -0.038115 0.000000 0.006411
v -0.042773 0.000000 -0.000000
v -0.030576 0.000000 -0.000000
v -0.038115 0.000000 0.006411
v -0.038115 0.000000 -0.006411
v -0.030576 0.000000 -0.000000
v -0.038115 0.000000 -0.006411
v -0.033008 0.019057 0.006411
v -0.037041 0.021386 -0.000000
v -0.026479 0.015288 -0.000000
v -0.033008 0.019057 0.006411
v -0.033008 0.019057 -0.006411
v -0.026479 0.015288 -0.000000
v -0.033008 0.019057 -0.006411
v -0.019058 0.033007 0.006411
v -0.021387 0.037041 -0.000000
v -0.037041 0.021386 -0.000000
v -0.033008 0.019057 0.006411
v -0.015288 0.026480 -0.000000
v -0.019058 0.033007 0.006411
v -0.019058 0.033007 -0.006411
v -0.015288 0.026480 -0.000000
v -0.019058 0.033007 -0.006411
v -0.033008 0.019057 -0.006411
v -0.007832 -0.029834 0.010129
v -0.004683 -0.027252 0.012861
v 0.000000 -0.023585 -0.000000
v -0.003657 -0.026566 -0.001333
v -0.003345 -0.034012 0.009194
v -0.007832 -0.029834 0.010129
v -0.003657 -0.026566 -0.001333
v 0.000000 -0.031390 -0.000000
v -0.000513 -0.029834 0.012793
v -0.003345 -0.034012 0.009194
v 0.000000 -0.031390 -0.000000
v 0.003657 -0.026566 0.001333
v -0.000513 -0.029834 0.012793
v 0.003657 -0.026566 0.001333
v -0.010884 -0.038762 0.018518
v -0.008110 -0.037272 0.022278
v -0.004683 -0.027252 0.012861
v -0.007832 -0.029834 0.010129
v -0.005796 -0.041174 0.015925
v -0.010884 -0.038762 0.018518
v -0.003564 -0.038762 0.021182
v -0.005796 -0.041174 0.015925
v -0.003564 -0.038762 0.021182
v -0.000513 -0.029834 0.012793
v -0.010884 -0.077427 0.018521
v -0.008110 -0.078918 0.022278
v -0.005796 -0.075015 0.015925
v -0.010884 -0.077427 0.018521
v -0.003564 -0.077427 0.021184
v -0.005796 -0.075015 0.015925
v -0.008110 -0.078918 0.022278
v -0.003564 -0.077427 0.021184
v 0.008105 -0.078918 -0.022275
v 0.003564 -0.077427 -0.021182
v 0.003564 -0.038762 -0.021182
v 0.008110 -0.037272 -0.022278
v 0.005796 -0.075015 -0.015923
v 0.005796 -0.041174 -0.015925
v 0.003564 -0.038762 -0.021182
v 0.003564 -0.077427 -0.021182
v 0.005796 -0.075015 -0.015923
v 0.010884 -0.077427 -0.018518
v 0.010884 -0.038762 -0.018518
v 0.005796 -0.041174 -0.015925
v 0.010884 -0.077427 -0.018518
v 0.008110 -0.037272 -0.022278
v 0.010884 -0.038762 -0.018518
v 0.000513 -0.029834 -0.012793
v 0.004683 -0.027252 -0.012861
v 0.008110 -0.037272 -0.022278
v 0.003564 -0.038762 -0.021182
v 0.003345 -0.034012 -0.009194
v 0.000513 -0.029834 -0.012793
v 0.003564 -0.038762 -0.021182
v 0.005796 -0.041174 -0.015925
v 0.007832 -0.029834 -0.010129
v 0.003345 -0.034012 -0.009194
v 0.005796 -0.041174 -0.015925
v 0.010884 -0.038762 -0.018518
v 0.007832 -0.029834 -0.010129
v 0.010884 -0.038762 -0.018518
v -0.007832 -0.086356 0.010129
v -0.004683 -0.088937 0.012864
v -0.008110 -0.078918 0.022278
v -0.010884 -0.077427 0.018521
v -0.003345 -0.082178 0.009197
v -0.007832 -0.086356 0.010129
v -0.010884 -0.077427 0.018521
v -0.005796 -0.075015 0.015925
v -0.000513 -0.086356 0.012793
v -0.003345 -0.082178 0.009197
v -0.005796 -0.075015 0.015925
v -0.003564 -0.077427 0.021184
v -0.000513 -0.086356 0.012793
v -0.003564 -0.077427 0.021184
v -0.003662 -0.089624 -0.001331
v 0.000000 -0.092605 0.000002
v 0.000000 -0.084800 0.000002
v -0.003662 -0.089624 -0.001331
v 0.003657 -0.089624 0.001333
v 0.000000 -0.084800 0.000002
v 0.003657 -0.089624 0.001333
v 0.000513 -0.086356 -0.012791
v 0.004683 -0.088937 -0.012859
v 0.003345 -0.082178 -0.009192
v 0.000513 -0.086356 -0.012791
v 0.007832 -0.086356 -0.010127
v 0.003345 -0.082178 -0.009192
v 0.007832 -0.086356 -0.010127
v 0.004683 -0.088937 -0.012859
v 0.000513 -0.086356 -0.012791
v 0.007832 -0.086356 -0.010127
v 0.012197 -0.083832 0.003894
v 0.013687 -0.081250 -0.000000
v 0.000000 -0.077582 -0.000000
v 0.000000 -0.080564 0.003894
v 0.009785 -0.088009 -0.000000
v 0.012197 -0.083832 0.003894
v 0.000000 -0.080564 0.003894
v 0.000000 -0.085387 -0.000000
v 0.012197 -0.083832 -0.003894
v 0.009785 -0.088009 -0.000000
v 0.000000 -0.085387 -0.000000
v 0.000000 -0.080564 -0.003894
v 0.012197 -0.083832 -0.003894
v 0.000000 -0.080564 -0.003894
v 0.021123 -0.092760 0.003894
v 0.023706 -0.091269 -0.000000
v 0.013687 -0.081250 -0.000000
v 0.012197 -0.083832 0.003894
v 0.016948 -0.095172 -0.000000
v 0.021123 -0.092760 0.003894
v 0.021123 -0.092760 -0.003894
v 0.016948 -0.095172 -0.000000
v 0.021123 -0.092760 -0.003894
v 0.012197 -0.083832 -0.003894
v 0.021128 -0.131425 0.003894
v 0.023706 -0.132915 -0.000000
v 0.016948 -0.129013 -0.000000
v 0.021128 -0.131425 0.003894
v 0.021128 -0.131425 -0.003894
v 0.016948 -0.129013 -0.000000
v 0.023706 -0.132915 -0.000000
v 0.021128 -0.131425 -0.003894
v -0.023706 -0.132915 -0.000000
v -0.021123 -0.131425 0.003894
v -0.021123 -0.092760 0.003894
v -0.023706 -0.091269 -0.000000
v -0.016943 -0.129013 -0.000000
v -0.016948 -0.095172 -0.000000
v -0.021123 -0.092760 0.003894
v -0.021123 -0.131425 0.003894
v -0.016943 -0.129013 -0.000000
v -0.021123 -0.131425 -0.003894
v -0.021123 -0.092760 -0.003894
v -0.016948 -0.095172 -0.000000
v -0.021123 -0.131425 -0.003894
v -0.023706 -0.091269 -0.000000
v -0.021123 -0.092760 -0.003894
v -0.012197 -0.083832 0.003894
v -0.013687 -0.081250 -0.000000
v -0.023706 -0.091269 -0.000000
v -0.021123 -0.092760 0.003894
v -0.009785 -0.088009 -0.000000
v -0.012197 -0.083832 0.003894
v -0.021123 -0.092760 0.003894
v -0.016948 -0.095172 -0.000000
v -0.012197 -0.083832 -0.003894
v -0.009785 -0.088009 -0.000000
v -0.016948 -0.095172 -0.000000
v -0.021123 -0.092760 -0.003894
v -0.012197 -0.083832 -0.003894
v -0.021123 -0.092760 -0.003894
v 0.012197 -0.140353 0.003894
v 0.013687 -0.142935 -0.000000
v 0.023706 -0.132915 -0.000000
v 0.021128 -0.131425 0.003894
v 0.009785 -0.136176 -0.000000
v 0.012197 -0.140353 0.003894
v 0.021128 -0.131425 0.003894
v 0.016948 -0.129013 -0.000000
v 0.012197 -0.140353 -0.003894
v 0.009785 -0.136176 -0.000000
v 0.016948 -0.129013 -0.000000
v 0.021128 -0.131425 -0.003894
v 0.012197 -0.140353 -0.003894
v 0.021128 -0.131425 -0.003894
v 0.000000 -0.143621 0.003894
v 0.000000 -0.146602 -0.000000
v 0.000000 -0.138797 -0.000000
v 0.000000 -0.143621 0.003894
v 0.000000 -0.143621 -0.003894
v 0.000000 -0.138797 -0.000000
v 0.000000 -0.143621 -0.003894
v -0.012192 -0.140353 0.003894
v -0.013687 -0.142935 -0.000000
v -0.009785 -0.136176 -0.000000
v -0.012192 -0.140353 0.003894
v -0.012192 -0.140353 -0.003894
v -0.009785 -0.136176 -0.000000
v -0.012192 -0.140353 -0.003894
v -0.013687 -0.142935 -0.000000
v -0.012192 -0.140353 0.003894
v -0.012192 -0.140353 -0.003894
v -0.000605 -0.137742 0.012788
v 0.003540 -0.135160 0.013220
v 0.000000 -0.131492 -0.000000
v -0.003760 -0.134474 0.001008
v 0.002534 -0.141919 0.009451
v -0.000605 -0.137742 0.012788
v -0.003760 -0.134474 0.001008
v 0.000000 -0.139297 -0.000000
v 0.006919 -0.137742 0.010771
v 0.002534 -0.141919 0.009451
v 0.000000 -0.139297 -0.000000
v 0.003760 -0.134474 -0.001008
v 0.006919 -0.137742 0.010771
v 0.003760 -0.134474 -0.001008
v 0.001704 -0.146670 0.021414
v 0.006138 -0.145179 0.022898
v 0.003540 -0.135160 0.013220
v -0.000605 -0.137742 0.012788
v 0.004385 -0.149082 0.016370
v 0.001704 -0.146670 0.021414
v 0.009229 -0.146670 0.019397
v 0.004385 -0.149082 0.016370
v 0.009229 -0.146670 0.019397
v 0.006919 -0.137742 0.010771
v 0.001704 -0.185335 0.021414
v 0.006138 -0.186825 0.022900
v 0.004385 -0.182923 0.016372
v 0.001704 -0.185335 0.021414
v 0.009229 -0.185335 0.019399
v 0.004385 -0.182923 0.016372
v 0.006138 -0.186825 0.022900
v 0.009229 -0.185335 0.019399
v -0.006138 -0.186825 -0.022898
v -0.009229 -0.185335 -0.019395
v -0.009229 -0.146670 -0.019397
v -0.006138 -0.145179 -0.022898
v -0.004385 -0.182923 -0.016367
v -0.004385 -0.149082 -0.016370
v -0.009229 -0.146670 -0.019397
v -0.009229 -0.185335 -0.019395
v -0.004385 -0.182923 -0.016367
v -0.001704 -0.185335 -0.021411
v -0.001704 -0.146670 -0.021414
v -0.004385 -0.149082 -0.016370
v -0.001704 -0.185335 -0.021411
v -0.006138 -0.145179 -0.022898
v -0.001704 -0.146670 -0.021414
v -0.006919 -0.137742 -0.010771
v -0.003540 -0.135160 -0.013220
v -0.006138 -0.145179 -0.022898
v -0.009229 -0.146670 -0.019397
v -0.002534 -0.141919 -0.009451
v -0.006919 -0.137742 -0.010771
v -0.009229 -0.146670 -0.019397
v -0.004385 -0.149082 -0.016370
v 0.000605 -0.137742 -0.012788
v -0.002534 -0.141919 -0.009451
v -0.004385 -0.149082 -0.016370
v -0.001704 -0.146670 -0.021414
v 0.000605 -0.137742 -0.012788
v -0.001704 -0.146670 -0.021414
v -0.000605 -0.194263 0.012791
v 0.003545 -0.196845 0.013223
v 0.006138 -0.186825 0.022900
v 0.001704 -0.185335 0.021414
v 0.002534 -0.190086 0.009453
v -0.000605 -0.194263 0.012791
v 0.001704 -0.185335 0.021414
v 0.004385 -0.182923 0.016372
v 0.006919 -0.194263 0.010774
v 0.002534 -0.190086 0.009453
v 0.004385 -0.182923 0.016372
v 0.009229 -0.185335 0.019399
v 0.006919 -0.194263 0.010774
v 0.009229 -0.185335 0.019399
v -0.003760 -0.197531 0.001008
v 0.000000 -0.200512 0.000002
v 0.000000 -0.192707 0.000002
v -0.003760 -0.197531 0.001008
v 0.003765 -0.197531 -0.001006
v 0.000000 -0.192707 0.000002
v 0.003765 -0.197531 -0.001006
v -0.006919 -0.194263 -0.010771
v -0.003540 -0.196845 -0.013220
v -0.002534 -0.190086 -0.009451
v -0.006919 -0.194263 -0.010771
v 0.000605 -0.194263 -0.012788
v -0.002534 -0.190086 -0.009451
v 0.000605 -0.194263 -0.012788
v -0.003540 -0.196845 -0.013220
v -0.006919 -0.194263 -0.010771
v 0.000605 -0.194263 -0.012788
v 0.012197 -0.192165 0.003894
v 0.013687 -0.189583 -0.000000
v 0.000000 -0.185915 -0.000000
v 0.000000 -0.188897 0.003894
v 0.009785 -0.196342 -0.000000
v 0.012197 -0.192165 0.003894
v 0.000000 -0.188897 0.003894
v 0.000000 -0.193720 -0.000000
v 0.012197 -0.192165 -0.003894
v 0.009785 -0.196342 -0.000000
v 0.000000 -0.193720 -0.000000
v 0.000000 -0.188897 -0.003894
v 0.012197 -0.192165 -0.003894
v 0.000000 -0.188897 -0.003894
v 0.021123 -0.201093 0.003894
v 0.023706 -0.199602 -0.000000
v 0.013687 -0.189583 -0.000000
v 0.012197 -0.192165 0.003894
v 0.016948 -0.203505 -0.000000
v 0.021123 -0.201093 0.003894
v 0.021123 -0.201093 -0.003894
v 0.016948 -0.203505 -0.000000
v 0.021123 -0.201093 -0.003894
v 0.012197 -0.192165 -0.003894
v 0.021128 -0.239758 0.003894
v 0.023706 -0.241248 -0.000000
v 0.016948 -0.237346 -0.000000
v 0.021128 -0.239758 0.003894
v 0.021128 -0.239758 -0.003894
v 0.016948 -0.237346 -0.000000
v 0.023706 -0.241248 -0.000000
v 0.021128 -0.239758 -0.003894
v -0.023706 -0.241248 -0.000000
v -0.021123 -0.239758 0.003894
v -0.021123 -0.201093 0.003894
v -0.023706 -0.199602 -0.000000
v -0.016943 -0.237346 -0.000000
v -0.016948 -0.203505 -0.000000
v -0.021123 -0.201093 0.003894
v -0.021123 -0.239758 0.003894
v -0.016943 -0.237346 -0.000000
v -0.021123 -0.239758 -0.003894
v -0.021123 -0.201093 -0.003894
v -0.016948 -0.203505 -0.000000
v -0.021123 -0.239758 -0.003894
v -0.023706 -0.199602 -0.000000
v -0.021123 -0.201093 -0.003894
v -0.012197 -0.192165 0.003894
v -0.013687 -0.189583 -0.000000
v -0.023706 -0.199602 -0.000000
v -0.021123 -0.201093 0.003894
v -0.009785 -0.196342 -0.000000
v -0.012197 -0.192165 0.003894
v -0.021123 -0.201093 0.003894
v -0.016948 -0.203505 -0.000000
v -0.012197 -0.192165 -0.003894
v -0.009785 -0.196342 -0.000000
v -0.016948 -0.203505 -0.000000
v -0.021123 -0.201093 -0.003894
v -0.012197 -0.192165 -0.003894
v -0.021123 -0.201093 -0.003894
v 0.012197 -0.248686 0.003894
v 0.013687 -0.251268 -0.000000
v 0.023706 -0.241248 -0.000000
v 0.021128 -0.239758 0.003894
v 0.009785 -0.244509 -0.000000
v 0.012197 -0.248686 0.003894
v 0.021128 -0.239758 0.003894
v 0.016948 -0.237346 -0.000000
v 0.012197 -0.248686 -0.003894
v 0.009785 -0.244509 -0.000000
v 0.016948 -0.237346 -0.000000
v 0.021128 -0.239758 -0.003894
v 0.012197 -0.248686 -0.003894
v 0.021128 -0.239758 -0.003894
v 0.000000 -0.251954 0.003894
v 0.000000 -0.254935 -0.000000
v 0.000000 -0.247130 -0.000000
v 0.000000 -0.251954 0.003894
v 0.000000 -0.251954 -0.003894
v 0.000000 -0.247130 -0.000000
v 0.000000 -0.251954 -0.003894
v -0.012192 -0.248686 0.003894
v -0.013687 -0.251268 -0.000000
v -0.009785 -0.244509 -0.000000
v -0.012192 -0.248686 0.003894
v -0.012192 -0.248686 -0.003894
v -0.009785 -0.244509 -0.000000
v -0.012192 -0.248686 -0.003894
v -0.013687 -0.251268 -0.000000
v -0.012192 -0.248686 0.003894
v -0.012192 -0.248686 -0.003894
v -0.007832 -0.246250 0.010129
v -0.004683 -0.243669 0.012861
v 0.000000 -0.240001 -0.000000
v -0.003657 -0.242982 -0.001333
v -0.003345 -0.250428 0.009194
v -0.007832 -0.246250 0.010129
v -0.003657 -0.242982 -0.001333
v 0.000000 -0.247806 -0.000000
v -0.000513 -0.246250 0.012793
v -0.003345 -0.250428 0.009194
v 0.000000 -0.247806 -0.000000
v 0.003657 -0.242982 0.001333
v -0.000513 -0.246250 0.012793
v 0.003657 -0.242982 0.001333
v -0.010884 -0.255179 0.018518
v -0.008110 -0.253688 0.022278
v -0.004683 -0.243669 0.012861
v -0.007832 -0.246250 0.010129
v -0.005796 -0.257591 0.015925
v -0.010884 -0.255179 0.018518
v -0.003564 -0.255179 0.021182
v -0.005796 -0.257591 0.015925
v -0.003564 -0.255179 0.021182
v -0.000513 -0.246250 0.012793
v -0.010884 -0.293844 0.018521
v -0.008110 -0.295334 0.022278
v -0.005796 -0.291432 0.015925
v -0.010884 -0.293844 0.018521
v -0.003564 -0.293844 0.021184
v -0.005796 -0.291432 0.015925
v -0.008110 -0.295334 0.022278
v -0.003564 -0.293844 0.021184
v 0.008105 -0.295334 -0.022275
v 0.003564 -0.293844 -0.021182
v 0.003564 -0.255179 -0.021182
v 0.008110 -0.253688 -0.022278
v 0.005796 -0.291432 -0.015923
v 0.005796 -0.257591 -0.015925
v 0.003564 -0.255179 -0.021182
v 0.003564 -0.293844 -0.021182
v 0.005796 -0.291432 -0.015923
v 0.010884 -0.293844 -0.018518
v 0.010884 -0.255179 -0.018518
v 0.005796 -0.257591 -0.015925
v 0.010884 -0.293844 -0.018518
v 0.008110 -0.253688 -0.022278
v 0.010884 -0.255179 -0.018518
v 0.000513 -0.246250 -0.012793
v 0.004683 -0.243669 -0.012861
v 0.008110 -0.253688 -0.022278
v 0.003564 -0.255179 -0.021182
v 0.003345 -0.250428 -0.009194
v 0.000513 -0.246250 -0.012793
v 0.003564 -0.255179 -0.021182
v 0.005796 -0.257591 -0.015925
v 0.007832 -0.246250 -0.010129
v 0.003345 -0.250428 -0.009194
v 0.005796 -0.257591 -0.015925
v 0.010884 -0.255179 -0.018518
v 0.007832 -0.246250 -0.010129
v 0.010884 -0.255179 -0.018518
v -0.007832 -0.302772 0.010129
v -0.004683 -0.305354 0.012864
v -0.008110 -0.295334 0.022278
v -0.010884 -0.293844 0.018521
v -0.003345 -0.298594 0.009197
v -0.007832 -0.302772 0.010129
v -0.010884 -0.293844 0.018521
v -0.005796 -0.291432 0.015925
v -0.000513 -0.302772 0.012795
v -0.003345 -0.298594 0.009197
v -0.005796 -0.291432 0.015925
v -0.003564 -0.293844 0.021184
v -0.000513 -0.302772 0.012795
v -0.003564 -0.293844 0.021184
v -0.003662 -0.306040 -0.001331
v 0.000000 -0.309021 0.000002
v 0.000000 -0.301216 0.000002
v -0.003662 -0.306040 -0.001331
v 0.003657 -0.306040 0.001333
v 0.000000 -0.301216 0.000002
v 0.003657 -0.306040 0.001333
v 0.000513 -0.302772 -0.012791
v 0.004683 -0.305354 -0.012859
v 0.003345 -0.298594 -0.009192
v 0.000513 -0.302772 -0.012791
v 0.007832 -0.302772 -0.010127
v 0.003345 -0.298594 -0.009192
v 0.007832 -0.302772 -0.010127
v 0.004683 -0.305354 -0.012859
v 0.000513 -0.302772 -0.012791
v 0.007832 -0.302772 -0.010127
v 0.012490 -0.300259 0.002820
v 0.013633 -0.297677 -0.001191
v 0.000000 -0.294010 0.000002
v 0.000342 -0.296991 0.003882
v 0.009746 -0.304437 -0.000850
v 0.012490 -0.300259 0.002820
v 0.000342 -0.296991 0.003882
v 0.000000 -0.301815 0.000002
v 0.011812 -0.300259 -0.004941
v 0.009746 -0.304437 -0.000850
v 0.000000 -0.301815 0.000002
v -0.000342 -0.296991 -0.003877
v 0.011812 -0.300259 -0.004941
v -0.000342 -0.296991 -0.003877
v 0.021382 -0.309188 0.002041
v 0.023618 -0.307697 -0.002063
v 0.013633 -0.297677 -0.001191
v 0.012490 -0.300259 0.002820
v 0.016885 -0.311599 -0.001475
v 0.021382 -0.309188 0.002041
v 0.020703 -0.309188 -0.005718
v 0.016885 -0.311599 -0.001475
v 0.020703 -0.309188 -0.005718
v 0.011812 -0.300259 -0.004941
v 0.021387 -0.347852 0.002041
v 0.023618 -0.349343 -0.002065
v 0.016885 -0.345441 -0.001475
v 0.021387 -0.347852 0.002041
v 0.020708 -0.347852 -0.005718
v 0.016885 -0.345441 -0.001475
v 0.023618 -0.349343 -0.002065
v 0.020708 -0.347852 -0.005718
v -0.023613 -0.349343 0.002068
v -0.020703 -0.347852 0.005723
v -0.020703 -0.309188 0.005723
v -0.023618 -0.307697 0.002068
v -0.016880 -0.345441 0.001479
v -0.016885 -0.311599 0.001479
v -0.020703 -0.309188 0.005723
v -0.020703 -0.347852 0.005723
v -0.016880 -0.345441 0.001479
v -0.021382 -0.347852 -0.002036
v -0.021382 -0.309187 -0.002036
v -0.016885 -0.311599 0.001479
v -0.021382 -0.347852 -0.002036
v -0.023618 -0.307697 0.002068
v -0.021382 -0.309187 -0.002036
v -0.011812 -0.300259 0.004944
v -0.013633 -0.297677 0.001194
v -0.023618 -0.307697 0.002068
v -0.020703 -0.309188 0.005723
v -0.009746 -0.304437 0.000854
v -0.011812 -0.300259 0.004944
v -0.020703 -0.309188 0.005723
v -0.016885 -0.311599 0.001479
v -0.012490 -0.300259 -0.002815
v -0.009746 -0.304437 0.000854
v -0.016885 -0.311599 0.001479
v -0.021382 -0.309187 -0.002036
v -0.012490 -0.300259 -0.002815
v -0.021382 -0.309187 -0.002036
v 0.012490 -0.356781 0.002820
v 0.013638 -0.359363 -0.001191
v 0.023618 -0.349343 -0.002065
v 0.021387 -0.347852 0.002041
v 0.009751 -0.352603 -0.000852
v 0.012490 -0.356781 0.002820
v 0.021387 -0.347852 0.002041
v 0.016885 -0.345441 -0.001475
v 0.011812 -0.356781 -0.004941
v 0.009751 -0.352603 -0.000852
v 0.016885 -0.345441 -0.001475
v 0.020708 -0.347852 -0.005718
v 0.011812 -0.356781 -0.004941
v 0.020708 -0.347852 -0.005718
v 0.000342 -0.360049 0.003882
v 0.000000 -0.363030 0.000002
v 0.000000 -0.355225 0.000002
v 0.000342 -0.360049 0.003882
v -0.000337 -0.360049 -0.003877
v 0.000000 -0.355225 0.000002
v -0.000337 -0.360049 -0.003877
v -0.011807 -0.356781 0.004944
v -0.013633 -0.359363 0.001194
v -0.009746 -0.352603 0.000854
v -0.011807 -0.356781 0.004944
v -0.012485 -0.356781 -0.002815
v -0.009746 -0.352603 0.000854
v -0.012485 -0.356781 -0.002815
v -0.013633 -0.359363 0.001194
v -0.011807 -0.356781 0.004944
v -0.012485 -0.356781 -0.002815
v -0.010186 -0.353898 0.007756
v -0.007852 -0.351316 0.011211
v 0.000000 -0.347649 -0.000000
v -0.003188 -0.350630 -0.002234
v -0.005610 -0.358076 0.008015
v -0.010186 -0.353898 0.007756
v -0.003188 -0.350630 -0.002234
v 0.000000 -0.355454 -0.000000
v -0.003804 -0.353898 0.012224
v -0.005610 -0.358076 0.008015
v 0.000000 -0.355454 -0.000000
v 0.003188 -0.350630 0.002234
v -0.003804 -0.353898 0.012224
v 0.003188 -0.350630 0.002234
v -0.015308 -0.362827 0.015071
v -0.013599 -0.361336 0.019419
v -0.007852 -0.351316 0.011211
v -0.010186 -0.353898 0.007756
v -0.009722 -0.365238 0.013882
v -0.015308 -0.362827 0.015071
v -0.008926 -0.362827 0.019539
v -0.009722 -0.365238 0.013882
v -0.008926 -0.362827 0.019539
v -0.003804 -0.353898 0.012224
v -0.015308 -0.401491 0.015071
v -0.013599 -0.402982 0.019421
v -0.009722 -0.399080 0.013884
v -0.015308 -0.401491 0.015071
v -0.008926 -0.401491 0.019539
v -0.009722 -0.399080 0.013884
v -0.013599 -0.402982 0.019421
v -0.008926 -0.401491 0.019539
v 0.013599 -0.402982 -0.019417
v 0.008926 -0.401491 -0.019536
v 0.008926 -0.362827 -0.019539
v 0.013599 -0.361336 -0.019419
v 0.009722 -0.399080 -0.013882
v 0.009722 -0.365238 -0.013882
v 0.008926 -0.362827 -0.019539
v 0.008926 -0.401491 -0.019536
v 0.009722 -0.399080 -0.013882
v 0.015308 -0.401491 -0.015068
v 0.015308 -0.362827 -0.015071
v 0.009722 -0.365238 -0.013882
v 0.015308 -0.401491 -0.015068
v 0.013599 -0.361336 -0.019419
v 0.015308 -0.362827 -0.015071
v 0.003804 -0.353898 -0.012224
v 0.007852 -0.351316 -0.011211
v 0.013599 -0.361336 -0.019419
v 0.008926 -0.362827 -0.019539
v 0.005610 -0.358076 -0.008015
v 0.003804 -0.353898 -0.012224
v 0.008926 -0.362827 -0.019539
v 0.009722 -0.365238 -0.013882
v 0.010186 -0.353898 -0.007756
v 0.005610 -0.358076 -0.008015
v 0.009722 -0.365238 -0.013882
v 0.015308 -0.362827 -0.015071
v 0.010186 -0.353898 -0.007756
v 0.015308 -0.362827 -0.015071
v -0.010186 -0.410420 0.007759
v -0.007852 -0.413002 0.011213
v -0.013599 -0.402982 0.019421
v -0.015308 -0.401491 0.015071
v -0.005615 -0.406242 0.008015
v -0.010186 -0.410420 0.007759
v -0.015308 -0.401491 0.015071
v -0.009722 -0.399080 0.013884
v -0.003804 -0.410420 0.012227
v -0.005615 -0.406242 0.008015
v -0.009722 -0.399080 0.013884
v -0.008926 -0.401491 0.019539
v -0.003804 -0.410420 0.012227
v -0.008926 -0.401491 0.019539
v -0.003193 -0.413688 -0.002231
v 0.000000 -0.416669 0.000002
v 0.000000 -0.408864 0.000002
v -0.003193 -0.413688 -0.002231
v 0.003188 -0.413688 0.002236
v 0.000000 -0.408864 0.000002
v 0.003188 -0.413688 0.002236
v 0.003804 -0.410420 -0.012224
v 0.007852 -0.413002 -0.011211
v 0.005610 -0.406242 -0.008013
v 0.003804 -0.410420 -0.012224
v 0.010186 -0.410420 -0.007756
v 0.005610 -0.406242 -0.008013
v 0.010186 -0.410420 -0.007756
v 0.007852 -0.413002 -0.011211
v 0.003804 -0.410420 -0.012224
v 0.010186 -0.410420 -0.007756
v 0.010127 -0.407634 0.007832
v 0.012861 -0.405052 0.004680
v 0.000000 -0.401384 -0.000000
v -0.001333 -0.404366 0.003660
v 0.009194 -0.411811 0.003347
v 0.010127 -0.407634 0.007832
v -0.001333 -0.404366 0.003660
v 0.000000 -0.409189 -0.000000
v 0.012793 -0.407634 0.000513
v 0.009194 -0.411811 0.003347
v 0.000000 -0.409189 -0.000000
v 0.001333 -0.404366 -0.003660
v 0.012793 -0.407634 0.000513
v 0.001333 -0.404366 -0.003660
v 0.018521 -0.416562 0.010884
v 0.022275 -0.415071 0.008108
v 0.012861 -0.405052 0.004680
v 0.010127 -0.407634 0.007832
v 0.015923 -0.418974 0.005796
v 0.018521 -0.416562 0.010884
v 0.021182 -0.416562 0.003564
v 0.015923 -0.418974 0.005796
v 0.021182 -0.416562 0.003564
v 0.012793 -0.407634 0.000513
v 0.018521 -0.455227 0.010886
v 0.022280 -0.456718 0.008108
v 0.015928 -0.452815 0.005796
v 0.018521 -0.455227 0.010886
v 0.021182 -0.455227 0.003567
v 0.015928 -0.452815 0.005796
v 0.022280 -0.456718 0.008108
v 0.021182 -0.455227 0.003567
v -0.022275 -0.456718 -0.008108
v -0.021182 -0.455227 -0.003564
v -0.021182 -0.416562 -0.003564
v -0.022275 -0.415071 -0.008108
v -0.015923 -0.452815 -0.005796
v -0.015923 -0.418974 -0.005796
v -0.021182 -0.416562 -0.003564
v -0.021182 -0.455227 -0.003564
v -0.015923 -0.452815 -0.005796
v -0.018516 -0.455227 -0.010884
v -0.018521 -0.416562 -0.010884
v -0.015923 -0.418974 -0.005796
v -0.018516 -0.455227 -0.010884
v -0.022275 -0.415071 -0.008108
v -0.018521 -0.416562 -0.010884
v -0.012793 -0.407634 -0.000513
v -0.012861 -0.405052 -0.004680
v -0.022275 -0.415071 -0.008108
v -0.021182 -0.416562 -0.003564
v -0.009194 -0.411811 -0.003347
v -0.012793 -0.407634 -0.000513
v -0.021182 -0.416562 -0.003564
v -0.015923 -0.418974 -0.005796
v -0.010127 -0.407634 -0.007832
v -0.009194 -0.411811 -0.003347
v -0.015923 -0.418974 -0.005796
v -0.018521 -0.416562 -0.010884
v -0.010127 -0.407634 -0.007832
v -0.018521 -0.416562 -0.010884
v 0.010132 -0.464155 0.007832
v 0.012861 -0.466737 0.004683
v 0.022280 -0.456718 0.008108
v 0.018521 -0.455227 0.010886
v 0.009194 -0.459978 0.003347
v 0.010132 -0.464155 0.007832
v 0.018521 -0.455227 0.010886
v 0.015928 -0.452815 0.005796
v 0.012793 -0.464155 0.000513
v 0.009194 -0.459978 0.003347
v 0.015928 -0.452815 0.005796
v 0.021182 -0.455227 0.003567
v 0.012793 -0.464155 0.000513
v 0.021182 -0.455227 0.003567
v -0.001333 -0.467423 0.003660
v 0.000000 -0.470404 -0.000000
v 0.000000 -0.462599 -0.000000
v -0.001333 -0.467423 0.003660
v 0.001333 -0.467423 -0.003660
v 0.000000 -0.462599 -0.000000
v 0.001333 -0.467423 -0.003660
v -0.012793 -0.464155 -0.000510
v -0.012861 -0.466737 -0.004680
v -0.009194 -0.459978 -0.003345
v -0.012793 -0.464155 -0.000510
v -0.010127 -0.464155 -0.007830
v -0.009194 -0.459978 -0.003345
v -0.010127 -0.464155 -0.007830
v -0.012861 -0.466737 -0.004680
v -0.012793 -0.464155 -0.000510
v -0.010127 -0.464155 -0.007830
v -0.003896 -0.461330 0.012197
v 0.000000 -0.458748 0.013687
v 0.000000 -0.455081 -0.000000
v -0.003896 -0.458062 -0.000000
v 0.000000 -0.465507 0.009785
v -0.003896 -0.461330 0.012197
v -0.003896 -0.458062 -0.000000
v 0.000000 -0.462886 -0.000000
v 0.003896 -0.461330 0.012197
v 0.000000 -0.465507 0.009785
v 0.000000 -0.462886 -0.000000
v 0.003896 -0.458062 -0.000000
v 0.003896 -0.461330 0.012197
v 0.003896 -0.458062 -0.000000
v -0.003896 -0.470258 0.021125
v 0.000000 -0.468768 0.023706
v 0.000000 -0.458748 0.013687
v -0.003896 -0.461330 0.012197
v 0.000000 -0.472670 0.016948
v -0.003896 -0.470258 0.021125
v 0.003896 -0.470258 0.021125
v 0.000000 -0.472670 0.016948
v 0.003896 -0.470258 0.021125
v 0.003896 -0.461330 0.012197
v -0.003896 -0.508923 0.021125
v 0.000000 -0.510414 0.023708
v 0.000000 -0.506511 0.016948
v -0.003896 -0.508923 0.021125
v 0.003896 -0.508923 0.021125
v 0.000000 -0.506511 0.016948
v 0.000000 -0.510414 0.023708
v 0.003896 -0.508923 0.021125
v 0.000000 -0.510414 -0.023704
v -0.003896 -0.508923 -0.021123
v -0.003896 -0.470258 -0.021125
v 0.000000 -0.468768 -0.023706
v 0.000000 -0.506511 -0.016946
v 0.000000 -0.472670 -0.016946
v -0.003896 -0.470258 -0.021125
v -0.003896 -0.508923 -0.021123
v 0.000000 -0.506511 -0.016946
v 0.003896 -0.508923 -0.021123
v 0.003896 -0.470258 -0.021125
v 0.000000 -0.472670 -0.016946
v 0.003896 -0.508923 -0.021123
v 0.000000 -0.468768 -0.023706
v 0.003896 -0.470258 -0.021125
v -0.003896 -0.461330 -0.012197
v 0.000000 -0.458748 -0.013687
v 0.000000 -0.468768 -0.023706
v -0.003896 -0.470258 -0.021125
v 0.000000 -0.465507 -0.009785
v -0.003896 -0.461330 -0.012197
v -0.003896 -0.470258 -0.021125
v 0.000000 -0.472670 -0.016946
v 0.003896 -0.461330 -0.012197
v 0.000000 -0.465507 -0.009785
v 0.000000 -0.472670 -0.016946
v 0.003896 -0.470258 -0.021125
v 0.003896 -0.461330 -0.012197
v 0.003896 -0.470258 -0.021125
v -0.003896 -0.517851 0.012197
v 0.000000 -0.520433 0.013689
v 0.000000 -0.510414 0.023708
v -0.003896 -0.508923 0.021125
v 0.000000 -0.513674 0.009785
v -0.003896 -0.517851 0.012197
v -0.003896 -0.508923 0.021125
v 0.000000 -0.506511 0.016948
v 0.003896 -0.517851 0.012197
v 0.000000 -0.513674 0.009785
v 0.000000 -0.506511 0.016948
v 0.003896 -0.508923 0.021125
v 0.003896 -0.517851 0.012197
v 0.003896 -0.508923 0.021125
v -0.003896 -0.521119 0.000002
v 0.000000 -0.524101 0.000002
v 0.000000 -0.516296 0.000002
v -0.003896 -0.521119 0.000002
v 0.003896 -0.521119 0.000002
v 0.000000 -0.516296 0.000002
v 0.003896 -0.521119 0.000002
v -0.003896 -0.517851 -0.012195
v 0.000000 -0.520433 -0.013684
v 0.000000 -0.513674 -0.009783
v -0.003896 -0.517851 -0.012195
v 0.003896 -0.517851 -0.012195
v 0.000000 -0.513674 -0.009783
v 0.003896 -0.517851 -0.012195
v 0.000000 -0.520433 -0.013684
v -0.003896 -0.517851 -0.012195
v 0.003896 -0.517851 -0.012195
v 0.010127 -0.515112 0.007832
v 0.012861 -0.512530 0.004680
v 0.000000 -0.508863 -0.000000
v -0.001333 -0.511844 0.003660
v 0.009194 -0.519290 0.003347
v 0.010127 -0.515112 0.007832
v -0.001333 -0.511844 0.003660
v 0.000000 -0.516668 -0.000000
v 0.012793 -0.515112 0.000513
v 0.009194 -0.519290 0.003347
v 0.000000 -0.516668 -0.000000
v 0.001333 -0.511844 -0.003660
v 0.012793 -0.515112 0.000513
v 0.001333 -0.511844 -0.003660
v 0.018521 -0.524041 0.010884
v 0.022275 -0.522550 0.008108
v 0.012861 -0.512530 0.004680
v 0.010127 -0.515112 0.007832
v 0.015923 -0.526452 0.005796
v 0.018521 -0.524041 0.010884
v 0.021182 -0.524041 0.003564
v 0.015923 -0.526452 0.005796
v 0.021182 -0.524041 0.003564
v 0.012793 -0.515112 0.000513
v 0.018521 -0.562706 0.010886
v 0.022280 -0.564196 0.008108
v 0.015928 -0.560294 0.005796
v 0.018521 -0.562706 0.010886
v 0.021182 -0.562706 0.003567
v 0.015928 -0.560294 0.005796
v 0.022280 -0.564196 0.008108
v 0.021182 -0.562706 0.003567
v -0.022275 -0.564196 -0.008108
v -0.021182 -0.562706 -0.003564
v -0.021182 -0.524041 -0.003564
v -0.022275 -0.522550 -0.008108
v -0.015923 -0.560294 -0.005796
v -0.015923 -0.526452 -0.005796
v -0.021182 -0.524041 -0.003564
v -0.021182 -0.562706 -0.003564
v -0.015923 -0.560294 -0.005796
v -0.018516 -0.562706 -0.010884
v -0.018521 -0.524041 -0.010884
v -0.015923 -0.526452 -0.005796
v -0.018516 -0.562706 -0.010884
v -0.022275 -0.522550 -0.008108
v -0.018521 -0.524041 -0.010884
v -0.012793 -0.515112 -0.000513
v -0.012861 -0.512530 -0.004680
v -0.022275 -0.522550 -0.008108
v -0.021182 -0.524041 -0.003564
v -0.009194 -0.519290 -0.003347
v -0.012793 -0.515112 -0.000513
v -0.021182 -0.524041 -0.003564
v -0.015923 -0.526452 -0.005796
v -0.010127 -0.515112 -0.007832
v -0.009194 -0.519290 -0.003347
v -0.015923 -0.526452 -0.005796
v -0.018521 -0.524041 -0.010884
v -0.010127 -0.515112 -0.007832
v -0.018521 -0.524041 -0.010884
v 0.010132 -0.571634 0.007832
v 0.012861 -0.574216 0.004683
v 0.022280 -0.564196 0.008108
v 0.018521 -0.562706 0.010886
v 0.009194 -0.567456 0.003347
v 0.010132 -0.571634 0.007832
v 0.018521 -0.562706 0.010886
v 0.015928 -0.560294 0.005796
v 0.012793 -0.571634 0.000513
v 0.009194 -0.567456 0.003347
v 0.015928 -0.560294 0.005796
v 0.021182 -0.562706 0.003567
v 0.012793 -0.571634 0.000513
v 0.021182 -0.562706 0.003567
v -0.001333 -0.574902 0.003660
v 0.000000 -0.577883 -0.000000
v 0.000000 -0.570078 -0.000000
v -0.001333 -0.574902 0.003660
v 0.001333 -0.574902 -0.003660
v 0.000000 -0.570078 -0.000000
v 0.001333 -0.574902 -0.003660
v -0.012793 -0.571634 -0.000510
v -0.012861 -0.574216 -0.004680
v -0.009194 -0.567456 -0.003345
v -0.012793 -0.571634 -0.000510
v -0.010127 -0.571634 -0.007830
v -0.009194 -0.567456 -0.003345
v -0.010127 -0.571634 -0.007830
v -0.012861 -0.574216 -0.004680
v -0.012793 -0.571634 -0.000510
v -0.010127 -0.571634 -0.007830
v 0.012490 -0.622367 0.002817
v 0.013633 -0.619785 -0.001194
v 0.000000 -0.616118 -0.000000
v 0.000342 -0.619099 0.003879
v 0.009746 -0.626545 -0.000852
v 0.012490 -0.622367 0.002817
v 0.000342 -0.619099 0.003879
v 0.000000 -0.623923 -0.000000
v 0.011812 -0.622367 -0.004941
v 0.009746 -0.626545 -0.000852
v 0.000000 -0.623923 -0.000000
v -0.000342 -0.619099 -0.003879
v 0.011812 -0.622367 -0.004941
v -0.000342 -0.619099 -0.003879
v 0.021382 -0.631296 0.002039
v 0.023618 -0.629805 -0.002065
v 0.013633 -0.619785 -0.001194
v 0.012490 -0.622367 0.002817
v 0.016885 -0.633708 -0.001477
v 0.021382 -0.631296 0.002039
v 0.020703 -0.631296 -0.005720
v 0.016885 -0.633708 -0.001477
v 0.020703 -0.631296 -0.005720
v 0.011812 -0.622367 -0.004941
v 0.021387 -0.669961 0.002039
v 0.023618 -0.671451 -0.002065
v 0.016885 -0.667549 -0.001477
v 0.021387 -0.669961 0.002039
v 0.020708 -0.669961 -0.005720
v 0.016885 -0.667549 -0.001477
v 0.023618 -0.671451 -0.002065
v 0.020708 -0.669961 -0.005720
v -0.023613 -0.671451 0.002065
v -0.020703 -0.669961 0.005720
v -0.020703 -0.631296 0.005720
v -0.023618 -0.629805 0.002065
v -0.016880 -0.667549 0.001477
v -0.016885 -0.633708 0.001477
v -0.020703 -0.631296 0.005720
v -0.020703 -0.669961 0.005720
v -0.016880 -0.667549 0.001477
v -0.021382 -0.669961 -0.002039
v -0.021382 -0.631296 -0.002039
v -0.016885 -0.633708 0.001477
v -0.021382 -0.669961 -0.002039
v -0.023618 -0.629805 0.002065
v -0.021382 -0.631296 -0.002039
v -0.011812 -0.622367 0.004944
v -0.013633 -0.619785 0.001194
v -0.023618 -0.629805 0.002065
v -0.020703 -0.631296 0.005720
v -0.009746 -0.626545 0.000852
v -0.011812 -0.622367 0.004944
v -0.020703 -0.631296 0.005720
v -0.016885 -0.633708 0.001477
v -0.012490 -0.622367 -0.002817
v -0.009746 -0.626545 0.000852
v -0.016885 -0.633708 0.001477
v -0.021382 -0.631296 -0.002039
v -0.012490 -0.622367 -0.002817
v -0.021382 -0.631296 -0.002039
v 0.012490 -0.678889 0.002817
v 0.013638 -0.681471 -0.001194
v 0.023618 -0.671451 -0.002065
v 0.021387 -0.669961 0.002039
v 0.009751 -0.674711 -0.000852
v 0.012490 -0.678889 0.002817
v 0.021387 -0.669961 0.002039
v 0.016885 -0.667549 -0.001477
v 0.011812 -0.678889 -0.004941
v 0.009751 -0.674711 -0.000852
v 0.016885 -0.667549 -0.001477
v 0.020708 -0.669961 -0.005720
v 0.011812 -0.678889 -0.004941
v 0.020708 -0.669961 -0.005720
v 0.000342 -0.682157 0.003879
v 0.000000 -0.685138 -0.000000
v 0.000000 -0.677333 -0.000000
v 0.000342 -0.682157 0.003879
v -0.000337 -0.682157 -0.003879
v 0.000000 -0.677333 -0.000000
v -0.000337 -0.682157 -0.003879
v -0.011807 -0.678889 0.004944
v -0.013633 -0.681471 0.001194
v -0.009746 -0.674711 0.000852
v -0.011807 -0.678889 0.004944
v -0.012485 -0.678889 -0.002817
v -0.009746 -0.674711 0.000852
v -0.012485 -0.678889 -0.002817
v -0.013633 -0.681471 0.001194
v -0.011807 -0.678889 0.004944
v -0.012485 -0.678889 -0.002817
v -0.002817 -0.568794 0.012490
v 0.001191 -0.566212 0.013635
v 0.000000 -0.562544 -0.000000
v -0.003882 -0.565526 0.000339
v 0.000854 -0.572971 0.009749
v -0.002817 -0.568794 0.012490
v -0.003882 -0.565526 0.000339
v 0.000000 -0.570349 -0.000000
v 0.004941 -0.568794 0.011812
v 0.000854 -0.572971 0.009749
v 0.000000 -0.570349 -0.000000
v 0.003882 -0.565526 -0.000339
v 0.004941 -0.568794 0.011812
v 0.003882 -0.565526 -0.000339
v -0.002041 -0.577722 0.021384
v 0.002065 -0.576231 0.023616
v 0.001191 -0.566212 0.013635
v -0.002817 -0.568794 0.012490
v 0.001475 -0.580134 0.016882
v -0.002041 -0.577722 0.021384
v 0.005723 -0.577722 0.020706
v 0.001475 -0.580134 0.016882
v 0.005723 -0.577722 0.020706
v 0.004941 -0.568794 0.011812
v -0.002036 -0.616387 0.021384
v 0.002065 -0.617878 0.023618
v 0.001479 -0.613975 0.016885
v -0.002036 -0.616387 0.021384
v 0.005723 -0.616387 0.020706
v 0.001479 -0.613975 0.016885
v 0.002065 -0.617878 0.023618
v 0.005723 -0.616387 0.020706
v -0.002065 -0.617878 -0.023613
v -0.005723 -0.616387 -0.020703
v -0.005723 -0.577722 -0.020706
v -0.002065 -0.576231 -0.023616
v -0.001475 -0.613975 -0.016880
v -0.001475 -0.580134 -0.016882
v -0.005723 -0.577722 -0.020706
v -0.005723 -0.616387 -0.020703
v -0.001475 -0.613975 -0.016880
v 0.002041 -0.616387 -0.021382
v 0.002041 -0.577722 -0.021384
v -0.001475 -0.580134 -0.016882
v 0.002041 -0.616387 -0.021382
v -0.002065 -0.576231 -0.023616
v 0.002041 -0.577722 -0.021384
v -0.004941 -0.568794 -0.011809
v -0.001191 -0.566212 -0.013635
v -0.002065 -0.576231 -0.023616
v -0.005723 -0.577722 -0.020706
v -0.000854 -0.572971 -0.009746
v -0.004941 -0.568794 -0.011809
v -0.005723 -0.577722 -0.020706
v -0.001475 -0.580134 -0.016882
v 0.002817 -0.568794 -0.012490
v -0.000854 -0.572971 -0.009746
v -0.001475 -0.580134 -0.016882
v 0.002041 -0.577722 -0.021384
v 0.002817 -0.568794 -0.012490
v 0.002041 -0.577722 -0.021384
v -0.002817 -0.625315 0.012490
v 0.001191 -0.627897 0.013638
v 0.002065 -0.617878 0.023618
v -0.002036 -0.616387 0.021384
v 0.000854 -0.621138 0.009749
v -0.002817 -0.625315 0.012490
v -0.002036 -0.616387 0.021384
v 0.001479 -0.613975 0.016885
v 0.004941 -0.625315 0.011812
v 0.000854 -0.621138 0.009749
v 0.001479 -0.613975 0.016885
v 0.005723 -0.616387 0.020706
v 0.004941 -0.625315 0.011812
v 0.005723 -0.616387 0.020706
v -0.003882 -0.628583 0.000342
v 0.000000 -0.631564 0.000002
v 0.000000 -0.623759 0.000002
v -0.003882 -0.628583 0.000342
v 0.003882 -0.628583 -0.000337
v 0.000000 -0.623759 0.000002
v 0.003882 -0.628583 -0.000337
v -0.004941 -0.625315 -0.011809
v -0.001191 -0.627897 -0.013633
v -0.000854 -0.621138 -0.009746
v -0.004941 -0.625315 -0.011809
v 0.002817 -0.625315 -0.012488
v -0.000854 -0.621138 -0.009746
v 0.002817 -0.625315 -0.012488
v -0.001191 -0.627897 -0.013633
v -0.004941 -0.625315 -0.011809
v 0.002817 -0.625315 -0.012488
v 0.009409 -0.730607 0.008684
v 0.012402 -0.728025 0.005784
v 0.000000 -0.724357 -0.000000
v -0.001646 -0.727339 0.003530
v 0.008867 -0.734784 0.004136
v 0.009409 -0.730607 0.008684
v -0.001646 -0.727339 0.003530
v 0.000000 -0.732162 -0.000000
v 0.012700 -0.730607 0.001626
v 0.008867 -0.734784 0.004136
v 0.000000 -0.732162 -0.000000
v 0.001646 -0.727339 -0.003530
v 0.012700 -0.730607 0.001626
v 0.001646 -0.727339 -0.003530
v 0.017500 -0.739535 0.012458
v 0.021484 -0.738044 0.010020
v 0.012402 -0.728025 0.005784
v 0.009409 -0.730607 0.008684
v 0.015361 -0.741947 0.007163
v 0.017500 -0.739535 0.012458
v 0.020791 -0.739535 0.005398
v 0.015361 -0.741947 0.007163
v 0.020791 -0.739535 0.005398
v 0.012700 -0.730607 0.001626
v 0.017500 -0.778200 0.012458
v 0.021484 -0.779690 0.010020
v 0.015361 -0.775788 0.007163
v 0.017500 -0.778200 0.012458
v 0.020791 -0.778200 0.005398
v 0.015361 -0.775788 0.007163
v 0.021484 -0.779690 0.010020
v 0.020791 -0.778200 0.005398
v -0.021484 -0.779690 -0.010017
v -0.020791 -0.778200 -0.005398
v -0.020791 -0.739535 -0.005398
v -0.021484 -0.738044 -0.010020
v -0.015356 -0.775788 -0.007161
v -0.015361 -0.741947 -0.007161
v -0.020791 -0.739535 -0.005398
v -0.020791 -0.778200 -0.005398
v -0.015356 -0.775788 -0.007161
v -0.017500 -0.778200 -0.012456
v -0.017500 -0.739535 -0.012456
v -0.015361 -0.741947 -0.007161
v -0.017500 -0.778200 -0.012456
v -0.021484 -0.738044 -0.010020
v -0.017500 -0.739535 -0.012456
v -0.012700 -0.730607 -0.001624
v -0.012402 -0.728025 -0.005784
v -0.021484 -0.738044 -0.010020
v -0.020791 -0.739535 -0.005398
v -0.008867 -0.734784 -0.004136
v -0.012700 -0.730607 -0.001624
v -0.020791 -0.739535 -0.005398
v -0.015361 -0.741947 -0.007161
v -0.009409 -0.730607 -0.008684
v -0.008867 -0.734784 -0.004136
v -0.015361 -0.741947 -0.007161
v -0.017500 -0.739535 -0.012456
v -0.009409 -0.730607 -0.008684
v -0.017500 -0.739535 -0.012456
v 0.009409 -0.787128 0.008684
v 0.012407 -0.789710 0.005786
v 0.021484 -0.779690 0.010020
v 0.017500 -0.778200 0.012458
v 0.008867 -0.782951 0.004136
v 0.009409 -0.787128 0.008684
v 0.017500 -0.778200 0.012458
v 0.015361 -0.775788 0.007163
v 0.012700 -0.787128 0.001626
v 0.008867 -0.782951 0.004136
v 0.015361 -0.775788 0.007163
v 0.020791 -0.778200 0.005398
v 0.012700 -0.787128 0.001626
v 0.020791 -0.778200 0.005398
v -0.001646 -0.790396 0.003530
v 0.000000 -0.793377 -0.000000
v 0.000000 -0.785572 -0.000000
v -0.001646 -0.790396 0.003530
v 0.001646 -0.790396 -0.003528
v 0.000000 -0.785572 -0.000000
v 0.001646 -0.790396 -0.003528
v -0.012700 -0.787128 -0.001624
v -0.012402 -0.789710 -0.005784
v -0.008867 -0.782951 -0.004133
v -0.012700 -0.787128 -0.001624
v -0.009404 -0.787128 -0.008684
v -0.008867 -0.782951 -0.004133
v -0.009404 -0.787128 -0.008684
v -0.012402 -0.789710 -0.005784
v -0.012700 -0.787128 -0.001624
v -0.009404 -0.787128 -0.008684
v -0.002817 -0.676541 0.012490
v 0.001191 -0.673959 0.013635
v 0.000000 -0.670292 -0.000000
v -0.003882 -0.673273 0.000339
v 0.000854 -0.680719 0.009749
v -0.002817 -0.676541 0.012490
v -0.003882 -0.673273 0.000339
v 0.000000 -0.678097 -0.000000
v 0.004941 -0.676541 0.011812
v 0.000854 -0.680719 0.009749
v 0.000000 -0.678097 -0.000000
v 0.003882 -0.673273 -0.000339
v 0.004941 -0.676541 0.011812
v 0.003882 -0.673273 -0.000339
v -0.002041 -0.685469 0.021384
v 0.002065 -0.683979 0.023616
v 0.001191 -0.673959 0.013635
v -0.002817 -0.676541 0.012490
v 0.001475 -0.687881 0.016882
v -0.002041 -0.685469 0.021384
v 0.005723 -0.685469 0.020706
v 0.001475 -0.687881 0.016882
v 0.005723 -0.685469 0.020706
v 0.004941 -0.676541 0.011812
v -0.002036 -0.724134 0.021384
v 0.002065 -0.725625 0.023618
v 0.001479 -0.721722 0.016885
v -0.002036 -0.724134 0.021384
v 0.005723 -0.724134 0.020706
v 0.001479 -0.721722 0.016885
v 0.002065 -0.725625 0.023618
v 0.005723 -0.724134 0.020706
v -0.002065 -0.725625 -0.023613
v -0.005723 -0.724134 -0.020703
v -0.005723 -0.685469 -0.020706
v -0.002065 -0.683979 -0.023616
v -0.001475 -0.721722 -0.016880
v -0.001475 -0.687881 -0.016882
v -0.005723 -0.685469 -0.020706
v -0.005723 -0.724134 -0.020703
v -0.001475 -0.721722 -0.016880
v 0.002041 -0.724134 -0.021382
v 0.002041 -0.685469 -0.021384
v -0.001475 -0.687881 -0.016882
v 0.002041 -0.724134 -0.021382
v -0.002065 -0.683979 -0.023616
v 0.002041 -0.685469 -0.021384
v -0.004941 -0.676541 -0.011809
v -0.001191 -0.673959 -0.013635
v -0.002065 -0.683979 -0.023616
v -0.005723 -0.685469 -0.020706
v -0.000854 -0.680719 -0.009746
v -0.004941 -0.676541 -0.011809
v -0.005723 -0.685469 -0.020706
v -0.001475 -0.687881 -0.016882
v 0.002817 -0.676541 -0.012490
v -0.000854 -0.680719 -0.009746
v -0.001475 -0.687881 -0.016882
v 0.002041 -0.685469 -0.021384
v 0.002817 -0.676541 -0.012490
v 0.002041 -0.685469 -0.021384
v -0.002817 -0.733063 0.012490
v 0.001191 -0.735644 0.013638
v 0.002065 -0.725625 0.023618
v -0.002036 -0.724134 0.021384
v 0.000854 -0.728885 0.009749
v -0.002817 -0.733063 0.012490
v -0.002036 -0.724134 0.021384
v 0.001479 -0.721722 0.016885
v 0.004941 -0.733063 0.011812
v 0.000854 -0.728885 0.009749
v 0.001479 -0.721722 0.016885
v 0.005723 -0.724134 0.020706
v 0.004941 -0.733063 0.011812
v 0.005723 -0.724134 0.020706
v -0.003882 -0.736330 0.000342
v 0.000000 -0.739312 0.000002
v 0.000000 -0.731507 0.000002
v -0.003882 -0.736330 0.000342
v 0.003882 -0.736330 -0.000337
v 0.000000 -0.731507 0.000002
v 0.003882 -0.736330 -0.000337
v -0.004941 -0.733063 -0.011809
v -0.001191 -0.735644 -0.013633
v -0.000854 -0.728885 -0.009746
v -0.004941 -0.733063 -0.011809
v 0.002817 -0.733063 -0.012488
v -0.000854 -0.728885 -0.009746
v 0.002817 -0.733063 -0.012488
v -0.001191 -0.735644 -0.013633
v -0.004941 -0.733063 -0.011809
v 0.002817 -0.733063 -0.012488
v -0.008682 -0.784951 0.009407
v -0.005786 -0.782369 0.012405
v 0.000000 -0.778702 -0.000000
v -0.003530 -0.781683 -0.001646
v -0.004136 -0.789129 0.008867
v -0.008682 -0.784951 0.009407
v -0.003530 -0.781683 -0.001646
v 0.000000 -0.786507 -0.000000
v -0.001626 -0.784951 0.012700
v -0.004136 -0.789129 0.008867
v 0.000000 -0.786507 -0.000000
v 0.003530 -0.781683 0.001646
v -0.001626 -0.784951 0.012700
v 0.003530 -0.781683 0.001646
v -0.012456 -0.793880 0.017500
v -0.010020 -0.792389 0.021484
v -0.005786 -0.782369 0.012405
v -0.008682 -0.784951 0.009407
v -0.007163 -0.796291 0.015359
v -0.012456 -0.793880 0.017500
v -0.005400 -0.793880 0.020791
v -0.007163 -0.796291 0.015359
v -0.005400 -0.793880 0.020791
v -0.001626 -0.784951 0.012700
v 0.001626 -0.784951 -0.012700
v 0.005786 -0.782369 -0.012405
v 0.010020 -0.792389 -0.021484
v 0.005400 -0.793880 -0.020791
v 0.004136 -0.789129 -0.008867
v 0.001626 -0.784951 -0.012700
v 0.005400 -0.793880 -0.020791
v 0.007163 -0.796291 -0.015359
v 0.008682 -0.784951 -0.009407
v 0.004136 -0.789129 -0.008867
v 0.007163 -0.796291 -0.015359
v 0.012456 -0.793880 -0.017500
v 0.008682 -0.784951 -0.009407
v 0.012456 -0.793880 -0.017500
v -0.012456 -0.832545 0.017500
v -0.010020 -0.834035 0.021487
v -0.007163 -0.830133 0.015361
v -0.012456 -0.832545 0.017500
v -0.005400 -0.832545 0.020793
v -0.007163 -0.830133 0.015361
v -0.005400 -0.832545 0.020793
v -0.008687 -0.841473 0.009409
v -0.005786 -0.844055 0.012407
v -0.010020 -0.834035 0.021487
v -0.012456 -0.832545 0.017500
v -0.004136 -0.837295 0.008870
v -0.008687 -0.841473 0.009409
v -0.001626 -0.841473 0.012700
v -0.004136 -0.837295 0.008870
v -0.001626 -0.841473 0.012700
v -0.005400 -0.832545 0.020793
v -0.003530 -0.844741 -0.001643
v 0.000000 -0.847722 0.000002
v 0.000000 -0.839917 0.000002
v -0.003530 -0.844741 -0.001643
v 0.003530 -0.844741 0.001648
v 0.000000 -0.839917 0.000002
v 0.003530 -0.844741 0.001648
v 0.001626 -0.841473 -0.012698
v 0.005781 -0.844055 -0.012402
v 0.004136 -0.837295 -0.008867
v 0.001626 -0.841473 -0.012698
v 0.008682 -0.841473 -0.009407
v 0.004136 -0.837295 -0.008867
v 0.008682 -0.841473 -0.009407
v 0.005396 -0.832545 -0.020789
v 0.010020 -0.834035 -0.021484
v 0.005781 -0.844055 -0.012402
v 0.001626 -0.841473 -0.012698
v 0.007163 -0.830133 -0.015356
v 0.005396 -0.832545 -0.020789
v 0.012456 -0.832545 -0.017498
v 0.007163 -0.830133 -0.015356
v 0.012456 -0.832545 -0.017498
v 0.008682 -0.841473 -0.009407
v 0.005400 -0.793880 -0.020791
v 0.010020 -0.792389 -0.021484
v 0.012456 -0.793880 -0.017500
v 0.019058 -0.837791 0.006411
v 0.021387 -0.833757 -0.000000
v 0.000000 -0.828027 -0.000000
v 0.000000 -0.832685 0.006411
v 0.015288 -0.844318 -0.000000
v 0.019058 -0.837791 0.006411
v 0.000000 -0.832685 0.006411
v 0.000000 -0.840222 -0.000000
v 0.019058 -0.837791 -0.006411
v 0.015288 -0.844318 -0.000000
v 0.000000 -0.840222 -0.000000
v 0.000000 -0.832685 -0.006411
v 0.019058 -0.837791 -0.006411
v 0.000000 -0.832685 -0.006411
v 0.033008 -0.851741 0.006411
v 0.037041 -0.849412 -0.000000
v 0.021387 -0.833757 -0.000000
v 0.019058 -0.837791 0.006411
v 0.026479 -0.855510 -0.000000
v 0.033008 -0.851741 0.006411
v 0.033008 -0.851741 -0.006411
v 0.026479 -0.855510 -0.000000
v 0.033008 -0.851741 -0.006411
v 0.019058 -0.837791 -0.006411
v 0.038115 -0.870798 0.006411
v 0.042773 -0.870798 -0.000000
v 0.030576 -0.870798 -0.000000
v 0.038115 -0.870798 0.006411
v 0.038115 -0.870798 -0.006411
v 0.030576 -0.870798 -0.000000
v 0.038115 -0.870798 -0.006411
v -0.033008 -0.851741 0.006411
v -0.037041 -0.849412 -0.000000
v -0.042773 -0.870798 -0.000000
v -0.038115 -0.870798 0.006411
v -0.026479 -0.855510 -0.000000
v -0.033008 -0.851741 0.006411
v -0.038115 -0.870798 0.006411
v -0.030576 -0.870798 -0.000000
v -0.033008 -0.851741 -0.006411
v -0.026479 -0.855510 -0.000000
v -0.030576 -0.870798 -0.000000
v -0.038115 -0.870798 -0.006411
v -0.033008 -0.851741 -0.006411
v -0.038115 -0.870798 -0.006411
v -0.019058 -0.837791 0.006411
v -0.021387 -0.833757 -0.000000
v -0.037041 -0.849412 -0.000000
v -0.033008 -0.851741 0.006411
v -0.015288 -0.844318 -0.000000
v -0.019058 -0.837791 0.006411
v -0.019058 -0.837791 -0.006411
v -0.015288 -0.844318 -0.000000
v -0.019058 -0.837791 -0.006411
v -0.033008 -0.851741 -0.006411
v -0.038115 0.000000 0.006411
v -0.033008 -0.851741 -0.006411
v -0.033008 -0.851741 -0.006411
v -0.033008 0.019057 -0.006411
v -0.033008 0.019057 -0.006411
v -0.023706 -0.199602 -0.000000
v -0.023706 -0.199602 -0.000000
v -0.023706 -0.091269 -0.000000
v -0.023706 -0.091269 -0.000000
v -0.023618 -0.629805 0.002065
v -0.023618 -0.629805 0.002065
v -0.023618 -0.307697 0.002068
v -0.023618 -0.307697 0.002068
v -0.022275 -0.522550 -0.008108
v -0.022275 -0.522550 -0.008108
v -0.022275 -0.415071 -0.008108
v -0.022275 -0.415071 -0.008108
v -0.021484 -0.738044 -0.010020
v -0.021484 -0.738044 -0.010020
v -0.021382 -0.669961 -0.002039
v -0.021382 -0.669961 -0.002039
v -0.021382 -0.631296 -0.002039
v -0.021382 -0.347852 -0.002036
v -0.021382 -0.347852 -0.002036
v -0.021382 -0.309187 -0.002036
v -0.021182 -0.562706 -0.003564
v -0.021182 -0.562706 -0.003564
v -0.021182 -0.455227 -0.003564
v -0.021182 -0.455227 -0.003564
v -0.021123 -0.239758 0.003894
v -0.021123 -0.239758 0.003894
v -0.021123 -0.239758 -0.003894
v -0.021123 -0.239758 -0.003894
v -0.021123 -0.201093 -0.003894
v -0.021123 -0.131425 0.003894
v -0.021123 -0.131425 0.003894
v -0.021123 -0.131425 -0.003894
v -0.021123 -0.131425 -0.003894
v -0.021123 -0.092760 -0.003894
v -0.020791 -0.778200 -0.005398
v -0.020791 -0.778200 -0.005398
v -0.020703 -0.669961 0.005720
v -0.020703 -0.669961 0.005720
v -0.020703 -0.347852 0.005723
v -0.020703 -0.347852 0.005723
v -0.019058 -0.837791 0.006411
v -0.019058 0.033007 0.006411
v -0.018521 -0.524041 -0.010884
v -0.018521 -0.416562 -0.010884
v -0.018516 -0.562706 -0.010884
v -0.018516 -0.562706 -0.010884
v -0.018516 -0.455227 -0.010884
v -0.018516 -0.455227 -0.010884
v -0.017500 -0.778200 -0.012456
v -0.017500 -0.778200 -0.012456
v -0.017500 -0.739535 -0.012456
v -0.016943 -0.237346 -0.000000
v -0.016943 -0.129013 -0.000000
v -0.016880 -0.667549 0.001477
v -0.016880 -0.345441 0.001479
v -0.015923 -0.560294 -0.005796
v -0.015923 -0.452815 -0.005796
v -0.015356 -0.775788 -0.007161
v -0.015308 -0.362827 0.015071
v -0.013687 -0.251268 -0.000000
v -0.013687 -0.189583 -0.000000
v -0.013687 -0.142935 -0.000000
v -0.013687 -0.081250 -0.000000
v -0.013633 -0.681471 0.001194
v -0.013633 -0.619785 0.001194
v -0.013633 -0.359363 0.001194
v -0.013633 -0.297677 0.001194
v -0.013599 -0.402982 0.019421
v -0.013599 -0.402982 0.019421
v -0.013599 -0.361336 0.019419
v -0.012861 -0.574216 -0.004680
v -0.012861 -0.512530 -0.004680
v -0.012861 -0.466737 -0.004680
v -0.012861 -0.405052 -0.004680
v -0.012793 -0.515112 -0.000513
v -0.012793 -0.407634 -0.000513
v -0.012700 -0.730607 -0.001624
v -0.012456 -0.832545 0.017500
v -0.012402 -0.789710 -0.005784
v -0.012402 -0.728025 -0.005784
v -0.012197 -0.192165 0.003894
v -0.012197 -0.083832 0.003894
v -0.011812 -0.622367 0.004944
v -0.011812 -0.300259 0.004944
v -0.010884 -0.255179 0.018518
v -0.010884 -0.038762 0.018518
v -0.010020 -0.834035 0.021487
v -0.010020 -0.792389 0.021484
v -0.009722 -0.399080 0.013884
v -0.009722 -0.365238 0.013882
v -0.009229 -0.185335 -0.019395
v -0.009229 -0.185335 -0.019395
v -0.008926 -0.401491 0.019539
v -0.008926 -0.362827 0.019539
v -0.008110 -0.295334 0.022278
v -0.008110 -0.295334 0.022278
v -0.008110 -0.253688 0.022278
v -0.008110 -0.078918 0.022278
v -0.008110 -0.078918 0.022278
v -0.008110 -0.037272 0.022278
v -0.007852 -0.413002 0.011213
v -0.007852 -0.351316 0.011211
v -0.006919 -0.137742 -0.010771
v -0.006138 -0.145179 -0.022898
v -0.006138 -0.145179 -0.022898
v -0.005796 -0.291432 0.015925
v -0.005796 -0.257591 0.015925
v -0.005796 -0.075015 0.015925
v -0.005796 -0.041174 0.015925
v -0.005786 -0.844055 0.012407
v -0.005786 -0.782369 0.012405
v -0.005723 -0.724134 -0.020703
v -0.005723 -0.724134 -0.020703
v -0.005723 -0.616387 -0.020703
v -0.005723 -0.616387 -0.020703
v -0.004941 -0.676541 -0.011809
v -0.004941 -0.568794 -0.011809
v -0.004683 -0.305354 0.012864
v -0.004683 -0.243669 0.012861
v -0.004683 -0.088937 0.012864
v -0.004683 -0.027252 0.012861
v -0.004385 -0.182923 -0.016367
v -0.003896 -0.508923 -0.021123
v -0.003896 -0.508923 -0.021123
v -0.003896 -0.470258 0.021125
v -0.003896 -0.461330 -0.012197
v -0.003896 -0.458062 -0.000000
v -0.003882 -0.673273 0.000339
v -0.003882 -0.565526 0.000339
v -0.003804 -0.410420 0.012227
v -0.003760 -0.134474 0.001008
v -0.003657 -0.242982 -0.001333
v -0.003657 -0.026566 -0.001333
v -0.003564 -0.293844 0.021184
v -0.003564 -0.255179 0.021182
v -0.003564 -0.077427 0.021184
v -0.003564 -0.038762 0.021182
v -0.003540 -0.196845 -0.013220
v -0.003540 -0.135160 -0.013220
v -0.003530 -0.781683 -0.001646
v -0.003188 -0.350630 -0.002234
v -0.002065 -0.683979 -0.023616
v -0.002065 -0.683979 -0.023616
v -0.002065 -0.576231 -0.023616
v -0.002065 -0.576231 -0.023616
v -0.002041 -0.685469 0.021384
v -0.002041 -0.577722 0.021384
v -0.001704 -0.185335 -0.021411
v -0.001704 -0.185335 -0.021411
v -0.001704 -0.146670 -0.021414
v -0.001646 -0.727339 0.003530
v -0.001626 -0.841473 0.012700
v -0.001475 -0.721722 -0.016880
v -0.001475 -0.613975 -0.016880
v -0.001333 -0.511844 0.003660
v -0.001333 -0.404366 0.003660
v -0.001191 -0.735644 -0.013633
v -0.001191 -0.673959 -0.013635
v -0.001191 -0.627897 -0.013633
v -0.001191 -0.566212 -0.013635
v -0.000513 -0.302772 0.012795
v -0.000513 -0.086356 0.012793
v -0.000342 -0.619099 -0.003879
v -0.000342 -0.296991 -0.003877
v 0.000000 -0.840222 -0.000000
v 0.000000 -0.832685 0.006411
v 0.000000 -0.832685 -0.006411
v 0.000000 -0.786507 -0.000000
v 0.000000 -0.732162 -0.000000
v 0.000000 -0.678097 -0.000000
v 0.000000 -0.623923 -0.000000
v 0.000000 -0.570349 -0.000000
v 0.000000 -0.520433 0.013689
v 0.000000 -0.520433 -0.013684
v 0.000000 -0.516668 -0.000000
v 0.000000 -0.510414 0.023708
v 0.000000 -0.510414 0.023708
v 0.000000 -0.506511 0.016948
v 0.000000 -0.506511 -0.016946
v 0.000000 -0.472670 0.016948
v 0.000000 -0.468768 0.023706
v 0.000000 -0.468768 -0.023706
v 0.000000 -0.468768 -0.023706
v 0.000000 -0.462886 -0.000000
v 0.000000 -0.458748 0.013687
v 0.000000 -0.458748 -0.013687
v 0.000000 -0.409189 -0.000000
v 0.000000 -0.355454 -0.000000
v 0.000000 -0.301815 0.000002
v 0.000000 -0.247806 -0.000000
v 0.000000 -0.193720 -0.000000
v 0.000000 -0.188897 0.003894
v 0.000000 -0.188897 -0.003894
v 0.000000 -0.139297 -0.000000
v 0.000000 -0.085387 -0.000000
v 0.000000 -0.080564 0.003894
v 0.000000 -0.080564 -0.003894
v 0.000000 -0.031390 -0.000000
v 0.000000 0.030576 -0.000000
v 0.000000 0.038113 0.006411
v 0.000000 0.038113 -0.006411
v 0.000342 -0.619099 0.003879
v 0.000342 -0.296991 0.003882
v 0.000513 -0.246250 -0.012793
v 0.000513 -0.029834 -0.012793
v 0.001191 -0.735644 0.013638
v 0.001191 -0.673959 0.013635
v 0.001191 -0.627897 0.013638
v 0.001191 -0.566212 0.013635
v 0.001333 -0.511844 -0.003660
v 0.001333 -0.404366 -0.003660
v 0.001475 -0.687881 0.016882
v 0.001475 -0.580134 0.016882
v 0.001479 -0.721722 0.016885
v 0.001479 -0.613975 0.016885
v 0.001626 -0.784951 -0.012700
v 0.001646 -0.727339 -0.003530
v 0.001704 -0.146670 0.021414
v 0.002041 -0.724134 -0.021382
v 0.002041 -0.724134 -0.021382
v 0.002041 -0.685469 -0.021384
v 0.002041 -0.616387 -0.021382
v 0.002041 -0.616387 -0.021382
v 0.002041 -0.577722 -0.021384
v 0.002065 -0.725625 0.023618
v 0.002065 -0.725625 0.023618
v 0.002065 -0.683979 0.023616
v 0.002065 -0.617878 0.023618
v 0.002065 -0.617878 0.023618
v 0.002065 -0.576231 0.023616
v 0.003188 -0.350630 0.002234
v 0.003530 -0.781683 0.001646
v 0.003540 -0.135160 0.013220
v 0.003545 -0.196845 0.013223
v 0.003564 -0.293844 -0.021182
v 0.003564 -0.293844 -0.021182
v 0.003564 -0.077427 -0.021182
v 0.003564 -0.077427 -0.021182
v 0.003657 -0.242982 0.001333
v 0.003657 -0.026566 0.001333
v 0.003760 -0.134474 -0.001008
v 0.003804 -0.353898 -0.012224
v 0.003882 -0.673273 -0.000339
v 0.003882 -0.565526 -0.000339
v 0.003896 -0.517851 0.012197
v 0.003896 -0.508923 0.021125
v 0.003896 -0.508923 -0.021123
v 0.003896 -0.508923 -0.021123
v 0.003896 -0.470258 0.021125
v 0.003896 -0.470258 -0.021125
v 0.003896 -0.458062 -0.000000
v 0.004385 -0.182923 0.016372
v 0.004385 -0.149082 0.016370
v 0.004683 -0.305354 -0.012859
v 0.004683 -0.243669 -0.012861
v 0.004683 -0.088937 -0.012859
v 0.004683 -0.027252 -0.012861
v 0.004941 -0.733063 0.011812
v 0.004941 -0.625315 0.011812
v 0.005400 -0.793880 -0.020791
v 0.005400 -0.793880 -0.020791
v 0.005723 -0.724134 0.020706
v 0.005723 -0.685469 0.020706
v 0.005723 -0.616387 0.020706
v 0.005723 -0.577722 0.020706
v 0.005781 -0.844055 -0.012402
v 0.005786 -0.782369 -0.012405
v 0.005796 -0.291432 -0.015923
v 0.005796 -0.075015 -0.015923
v 0.006138 -0.186825 0.022900
v 0.006138 -0.186825 0.022900
v 0.006138 -0.145179 0.022898
v 0.006919 -0.194263 0.010774
v 0.007163 -0.830133 -0.015356
v 0.007852 -0.413002 -0.011211
v 0.007852 -0.351316 -0.011211
v 0.008110 -0.253688 -0.022278
v 0.008110 -0.253688 -0.022278
v 0.008110 -0.037272 -0.022278
v 0.008110 -0.037272 -0.022278
v 0.008926 -0.401491 -0.019536
v 0.008926 -0.401491 -0.019536
v 0.009229 -0.185335 0.019399
v 0.009229 -0.146670 0.019397
v 0.009722 -0.399080 -0.013882
v 0.010020 -0.834035 -0.021484
v 0.010884 -0.293844 -0.018518
v 0.010884 -0.293844 -0.018518
v 0.010884 -0.255179 -0.018518
v 0.010884 -0.077427 -0.018518
v 0.010884 -0.077427 -0.018518
v 0.010884 -0.038762 -0.018518
v 0.011812 -0.678889 -0.004941
v 0.011812 -0.356781 -0.004941
v 0.012197 -0.248686 -0.003894
v 0.012197 -0.140353 -0.003894
v 0.012402 -0.728025 0.005784
v 0.012407 -0.789710 0.005786
v 0.012456 -0.793880 -0.017500
v 0.012700 -0.787128 0.001626
v 0.012793 -0.571634 0.000513
v 0.012793 -0.464155 0.000513
v 0.012861 -0.574216 0.004683
v 0.012861 -0.512530 0.004680
v 0.012861 -0.466737 0.004683
v 0.012861 -0.405052 0.004680
v 0.013599 -0.361336 -0.019419
v 0.013599 -0.361336 -0.019419
v 0.013633 -0.619785 -0.001194
v 0.013633 -0.297677 -0.001191
v 0.013638 -0.681471 -0.001194
v 0.013638 -0.359363 -0.001191
v 0.013687 -0.251268 -0.000000
v 0.013687 -0.189583 -0.000000
v 0.013687 -0.142935 -0.000000
v 0.013687 -0.081250 -0.000000
v 0.015308 -0.401491 -0.015068
v 0.015308 -0.401491 -0.015068
v 0.015308 -0.362827 -0.015071
v 0.015361 -0.775788 0.007163
v 0.015361 -0.741947 0.007163
v 0.015923 -0.526452 0.005796
v 0.015923 -0.418974 0.005796
v 0.015928 -0.560294 0.005796
v 0.015928 -0.452815 0.005796
v 0.016885 -0.667549 -0.001477
v 0.016885 -0.633708 -0.001477
v 0.016885 -0.345441 -0.001475
v 0.016885 -0.311599 -0.001475
v 0.016948 -0.237346 -0.000000
v 0.016948 -0.203505 -0.000000
v 0.016948 -0.129013 -0.000000
v 0.016948 -0.095172 -0.000000
v 0.017500 -0.739535 0.012458
v 0.018521 -0.524041 0.010884
v 0.018521 -0.416562 0.010884
v 0.019058 -0.033007 -0.006411
v 0.020703 -0.631296 -0.005720
v 0.020703 -0.309188 -0.005718
v 0.020708 -0.669961 -0.005720
v 0.020708 -0.347852 -0.005718
v 0.020791 -0.778200 0.005398
v 0.020791 -0.739535 0.005398
v 0.021123 -0.201093 0.003894
v 0.021123 -0.201093 -0.003894
v 0.021123 -0.092760 0.003894
v 0.021123 -0.092760 -0.003894
v 0.021128 -0.239758 -0.003894
v 0.021128 -0.131425 -0.003894
v 0.021182 -0.562706 0.003567
v 0.021182 -0.524041 0.003564
v 0.021182 -0.455227 0.003567
v 0.021182 -0.416562 0.003564
v 0.021382 -0.631296 0.002039
v 0.021382 -0.309188 0.002041
v 0.021484 -0.779690 0.010020
v 0.021484 -0.779690 0.010020
v 0.021484 -0.738044 0.010020
v 0.022275 -0.522550 0.008108
v 0.022275 -0.415071 0.008108
v 0.022280 -0.564196 0.008108
v 0.022280 -0.564196 0.008108
v 0.022280 -0.456718 0.008108
v 0.022280 -0.456718 0.008108
v 0.023618 -0.671451 -0.002065
v 0.023618 -0.671451 -0.002065
v 0.023618 -0.629805 -0.002065
v 0.023618 -0.349343 -0.002065
v 0.023618 -0.349343 -0.002065
v 0.023618 -0.307697 -0.002063
v 0.023706 -0.241248 -0.000000
v 0.023706 -0.241248 -0.000000
v 0.023706 -0.199602 -0.000000
v 0.023706 -0.132915 -0.000000
v 0.023706 -0.132915 -0.000000
v 0.023706 -0.091269 -0.000000
v 0.033008 -0.019057 0.006411
v 0.033008 -0.019057 0.006411
v 0.038115 0.000000 -0.006411
vt 0.436478 0.521371
vt 0.428714 0.500000
vt 0.500000 0.500000
vt 0.500000 0.521371
vt 0.550960 0.588266
vt 0.563522 0.610023
vt 0.500000 0.627044
vt 0.500000 0.601920
vt 0.436478 0.610023
vt 0.449040 0.588266
vt 0.500000 0.601920
vt 0.500000 0.627044
vt 0.436478 0.478628
vt 0.500000 0.478628
vt 0.563522 0.521371
vt 0.571286 0.500000
vt 0.623471 0.500000
vt 0.610023 0.521371
vt 0.588266 0.550960
vt 0.610024 0.563522
vt 0.389976 0.563522
vt 0.411734 0.550960
vt 0.563522 0.478628
vt 0.610023 0.478628
vt 0.500000 0.521371
vt 0.500000 0.500000
vt 0.601920 0.500000
vt 0.627044 0.500000
vt 0.372956 0.500000
vt 0.398079 0.500000
vt 0.500000 0.478628
vt 0.436478 0.521371
vt 0.428714 0.500000
vt 0.588266 0.449040
vt 0.610023 0.436478
vt 0.389977 0.436478
vt 0.411734 0.449040
vt 0.436478 0.478628
vt 0.563522 0.521371
vt 0.571286 0.500000
vt 0.623471 0.500000
vt 0.610023 0.521371
vt 0.550960 0.411734
vt 0.563522 0.389976
vt 0.436478 0.389976
vt 0.449040 0.411734
vt 0.563522 0.478628
vt 0.610023 0.478628
vt 0.500000 0.521371
vt 0.500000 0.500000
vt 0.500000 0.398079
vt 0.500000 0.372956
vt 0.500000 0.372956
vt 0.500000 0.398079
vt 0.500000 0.478628
vt 0.436478 0.521371
vt 0.428714 0.500000
vt 0.449040 0.411734
vt 0.436478 0.389977
vt 0.563522 0.389977
vt 0.550960 0.411734
vt 0.436478 0.478628
vt 0.563522 0.521371
vt 0.571286 0.500000
vt 0.623471 0.500000
vt 0.610023 0.521371
vt 0.411734 0.449040
vt 0.389976 0.436478
vt 0.610024 0.436478
vt 0.588266 0.449040
vt 0.563522 0.478628
vt 0.610023 0.478628
vt 0.500000 0.521371
vt 0.500000 0.500000
vt 0.398079 0.500000
vt 0.372956 0.500000
vt 0.627044 0.500000
vt 0.601920 0.500000
vt 0.500000 0.478628
vt 0.436478 0.521371
vt 0.428714 0.500000
vt 0.411734 0.550960
vt 0.389977 0.563522
vt 0.610023 0.563522
vt 0.588266 0.550960
vt 0.436478 0.478628
vt 0.563522 0.521371
vt 0.571286 0.500000
vt 0.623471 0.500000
vt 0.610023 0.521371
vt 0.449040 0.588266
vt 0.436478 0.610024
vt 0.563522 0.610024
vt 0.550960 0.588266
vt 0.563522 0.478628
vt 0.610023 0.478628
vt 0.436486 0.521371
vt 0.428723 0.500000
vt 0.500008 0.500000
vt 0.500008 0.521371
vt 0.550952 0.625434
vt 0.563514 0.647191
vt 0.499992 0.664212
vt 0.499992 0.639088
vt 0.436486 0.647191
vt 0.449048 0.625434
vt 0.500008 0.639088
vt 0.500008 0.664212
vt 0.436486 0.478628
vt 0.500008 0.478628
vt 0.600690 0.521371
vt 0.608454 0.500000
vt 0.660638 0.500000
vt 0.647191 0.521371
vt 0.588257 0.588128
vt 0.610015 0.600690
vt 0.389985 0.600690
vt 0.411743 0.588128
vt 0.600690 0.478628
vt 0.647191 0.478628
vt 0.399310 0.521371
vt 0.391546 0.500000
vt 0.599408 0.420299
vt 0.623300 0.444908
vt 0.377237 0.471870
vt 0.401078 0.511401
vt 0.466583 0.481296
vt 0.505477 0.461619
vt 0.608454 0.500000
vt 0.600690 0.521371
vt 0.399310 0.521371
vt 0.391546 0.500000
vt 0.411734 0.411872
vt 0.400589 0.579688
vt 0.376698 0.555078
vt 0.389976 0.399310
vt 0.588266 0.411872
vt 0.610024 0.399310
vt 0.622765 0.528148
vt 0.598924 0.488615
vt 0.600690 0.478628
vt 0.466566 0.481305
vt 0.505460 0.461628
vt 0.563530 0.521371
vt 0.571294 0.500000
vt 0.623479 0.500000
vt 0.610032 0.521371
vt 0.449031 0.625434
vt 0.436470 0.647191
vt 0.389968 0.600690
vt 0.411726 0.588128
vt 0.563530 0.647191
vt 0.550969 0.625434
vt 0.588274 0.588128
vt 0.610032 0.600690
vt 0.563530 0.478628
vt 0.610032 0.478628
vt 0.563522 0.521371
vt 0.571285 0.500000
vt 0.623470 0.500000
vt 0.610023 0.521371
vt 0.550960 0.374566
vt 0.563522 0.352809
vt 0.610023 0.399310
vt 0.588265 0.411872
vt 0.436478 0.352809
vt 0.449040 0.374566
vt 0.411735 0.411872
vt 0.389977 0.399310
vt 0.563522 0.478628
vt 0.610023 0.478628
vt 0.500000 0.521371
vt 0.500000 0.500000
vt 0.500000 0.360912
vt 0.500000 0.335788
vt 0.500000 0.335788
vt 0.500000 0.360912
vt 0.500000 0.478628
vt 0.436477 0.521371
vt 0.428714 0.500000
vt 0.449039 0.374566
vt 0.436477 0.352809
vt 0.563523 0.352809
vt 0.550961 0.374566
vt 0.436477 0.478628
vt 0.660638 0.500000
vt 0.647191 0.521371
vt 0.647191 0.478628
vt 0.436486 0.521371
vt 0.428723 0.500000
vt 0.500008 0.500000
vt 0.500008 0.521371
vt 0.550952 0.625434
vt 0.563514 0.647191
vt 0.499992 0.664212
vt 0.499992 0.639088
vt 0.436486 0.647191
vt 0.449048 0.625434
vt 0.500008 0.639088
vt 0.500008 0.664212
vt 0.436486 0.478628
vt 0.500008 0.478628
vt 0.600690 0.521371
vt 0.608454 0.500000
vt 0.660638 0.500000
vt 0.647191 0.521371
vt 0.588257 0.588128
vt 0.610015 0.600690
vt 0.389985 0.600690
vt 0.411743 0.588128
vt 0.600690 0.478628
vt 0.647191 0.478628
vt 0.399310 0.521371
vt 0.391546 0.500000
vt 0.599408 0.420299
vt 0.623300 0.444908
vt 0.377237 0.471870
vt 0.401078 0.511401
vt 0.466583 0.481296
vt 0.505477 0.461619
vt 0.608454 0.500000
vt 0.600690 0.521371
vt 0.399310 0.521371
vt 0.391546 0.500000
vt 0.411734 0.411872
vt 0.400589 0.579688
vt 0.376698 0.555078
vt 0.389976 0.399310
vt 0.588266 0.411872
vt 0.610024 0.399310
vt 0.622765 0.528148
vt 0.598924 0.488615
vt 0.600690 0.478628
vt 0.466566 0.481305
vt 0.505460 0.461628
vt 0.563530 0.521371
vt 0.571294 0.500000
vt 0.623479 0.500000
vt 0.610032 0.521371
vt 0.449031 0.625434
vt 0.436470 0.647191
vt 0.389968 0.600690
vt 0.411726 0.588128
vt 0.563530 0.647191
vt 0.550969 0.625434
vt 0.588274 0.588128
vt 0.610032 0.600690
vt 0.563530 0.478628
vt 0.610032 0.478628
vt 0.563522 0.521371
vt 0.571285 0.500000
vt 0.623470 0.500000
vt 0.610023 0.521371
vt 0.550960 0.374566
vt 0.563522 0.352809
vt 0.610023 0.399310
vt 0.588265 0.411872
vt 0.436478 0.352809
vt 0.449040 0.374566
vt 0.411735 0.411872
vt 0.389977 0.399310
vt 0.563522 0.478628
vt 0.610023 0.478628
vt 0.500000 0.521371
vt 0.500000 0.500000
vt 0.500000 0.360912
vt 0.500000 0.335788
vt 0.500000 0.335788
vt 0.500000 0.360912
vt 0.500000 0.478628
vt 0.436477 0.521371
vt 0.428714 0.500000
vt 0.449039 0.374566
vt 0.436477 0.352809
vt 0.563523 0.352809
vt 0.550961 0.374566
vt 0.436477 0.478628
vt 0.660638 0.500000
vt 0.647191 0.521371
vt 0.647191 0.478628
vt 0.436486 0.521371
vt 0.428723 0.500000
vt 0.500008 0.500000
vt 0.500008 0.521371
vt 0.550952 0.625434
vt 0.563514 0.647191
vt 0.499992 0.664212
vt 0.499992 0.639088
vt 0.436486 0.647191
vt 0.449048 0.625434
vt 0.500008 0.639088
vt 0.500008 0.664212
vt 0.436486 0.478628
vt 0.500008 0.478628
vt 0.600690 0.521371
vt 0.608454 0.500000
vt 0.660638 0.500000
vt 0.647191 0.521371
vt 0.588257 0.588128
vt 0.610015 0.600690
vt 0.389985 0.600690
vt 0.411743 0.588128
vt 0.600690 0.478628
vt 0.647191 0.478628
vt 0.399310 0.521371
vt 0.391546 0.500000
vt 0.599408 0.420299
vt 0.623300 0.444908
vt 0.377237 0.471870
vt 0.401078 0.511401
vt 0.466583 0.481296
vt 0.505477 0.461619
vt 0.608454 0.500000
vt 0.600690 0.521371
vt 0.399310 0.521371
vt 0.391546 0.500000
vt 0.411734 0.411872
vt 0.400589 0.579688
vt 0.376698 0.555078
vt 0.389976 0.399310
vt 0.588266 0.411872
vt 0.610024 0.399310
vt 0.622765 0.528148
vt 0.598924 0.488615
vt 0.600690 0.478628
vt 0.466566 0.481305
vt 0.505460 0.461628
vt 0.563530 0.521371
vt 0.571294 0.500000
vt 0.623479 0.500000
vt 0.610032 0.521371
vt 0.449031 0.625434
vt 0.436470 0.647191
vt 0.389968 0.600690
vt 0.411726 0.588128
vt 0.563530 0.647191
vt 0.550969 0.625434
vt 0.588274 0.588128
vt 0.610032 0.600690
vt 0.563530 0.478628
vt 0.610032 0.478628
vt 0.563522 0.521371
vt 0.571285 0.500000
vt 0.623470 0.500000
vt 0.610023 0.521371
vt 0.550960 0.374566
vt 0.563522 0.352809
vt 0.610023 0.399310
vt 0.588265 0.411872
vt 0.436478 0.352809
vt 0.449040 0.374566
vt 0.411735 0.411872
vt 0.389977 0.399310
vt 0.563522 0.478628
vt 0.610023 0.478628
vt 0.500000 0.521371
vt 0.500000 0.500000
vt 0.500000 0.360912
vt 0.500000 0.335788
vt 0.500000 0.335788
vt 0.500000 0.360912
vt 0.500000 0.478628
vt 0.436477 0.521371
vt 0.428714 0.500000
vt 0.449039 0.374566
vt 0.436477 0.352809
vt 0.563523 0.352809
vt 0.550961 0.374566
vt 0.436477 0.478628
vt 0.660638 0.500000
vt 0.647191 0.521371
vt 0.647191 0.478628
vt 0.436486 0.521371
vt 0.428723 0.500000
vt 0.500008 0.500000
vt 0.500008 0.521371
vt 0.550952 0.625434
vt 0.563514 0.647191
vt 0.499992 0.664212
vt 0.499992 0.639088
vt 0.436486 0.647191
vt 0.449048 0.625434
vt 0.500008 0.639088
vt 0.500008 0.664212
vt 0.436486 0.478628
vt 0.500008 0.478628
vt 0.600690 0.521371
vt 0.608454 0.500000
vt 0.660638 0.500000
vt 0.647191 0.521371
vt 0.588257 0.588128
vt 0.610015 0.600690
vt 0.389985 0.600690
vt 0.411743 0.588128
vt 0.600690 0.478628
vt 0.647191 0.478628
vt 0.399310 0.521371
vt 0.391546 0.500000
vt 0.599408 0.420299
vt 0.623300 0.444908
vt 0.377237 0.471870
vt 0.401078 0.511402
vt 0.466583 0.481296
vt 0.505477 0.461619
vt 0.608454 0.500000
vt 0.600690 0.521371
vt 0.399310 0.521371
vt 0.391546 0.500000
vt 0.411734 0.411872
vt 0.400589 0.579688
vt 0.376698 0.555078
vt 0.389976 0.399310
vt 0.588266 0.411872
vt 0.610024 0.399310
vt 0.622765 0.528148
vt 0.598924 0.488615
vt 0.600690 0.478628
vt 0.466566 0.481305
vt 0.505460 0.461628
vt 0.563530 0.521371
vt 0.571294 0.500000
vt 0.623479 0.500000
vt 0.610032 0.521371
vt 0.449031 0.625434
vt 0.436470 0.647191
vt 0.389968 0.600690
vt 0.411726 0.588128
vt 0.563530 0.647191
vt 0.550969 0.625434
vt 0.588274 0.588128
vt 0.610032 0.600690
vt 0.563530 0.478628
vt 0.610032 0.478628
vt 0.563522 0.521371
vt 0.571285 0.500000
vt 0.623470 0.500000
vt 0.610023 0.521371
vt 0.550960 0.374566
vt 0.563522 0.352809
vt 0.610023 0.399310
vt 0.588265 0.411872
vt 0.436478 0.352809
vt 0.449040 0.374566
vt 0.411735 0.411872
vt 0.389977 0.399310
vt 0.563522 0.478628
vt 0.610023 0.478628
vt 0.500000 0.521371
vt 0.500000 0.500000
vt 0.500000 0.360912
vt 0.500000 0.335788
vt 0.500000 0.335788
vt 0.500000 0.360912
vt 0.500000 0.478628
vt 0.436477 0.521371
vt 0.428714 0.500000
vt 0.449039 0.374566
vt 0.436477 0.352809
vt 0.563523 0.352809
vt 0.550961 0.374566
vt 0.436477 0.478628
vt 0.660638 0.500000
vt 0.647191 0.521371
vt 0.647191 0.478628
vt 0.436486 0.521371
vt 0.428723 0.500000
vt 0.500008 0.500000
vt 0.500008 0.521371
vt 0.550952 0.625434
vt 0.563514 0.647191
vt 0.499992 0.664212
vt 0.499992 0.639088
vt 0.436486 0.647191
vt 0.449048 0.625434
vt 0.500008 0.639088
vt 0.500008 0.664212
vt 0.436486 0.478628
vt 0.500008 0.478628
vt 0.600690 0.521371
vt 0.608454 0.500000
vt 0.660638 0.500000
vt 0.647191 0.521371
vt 0.588257 0.588128
vt 0.610015 0.600690
vt 0.389985 0.600690
vt 0.411743 0.588128
vt 0.600690 0.478628
vt 0.647191 0.478628
vt 0.399310 0.521371
vt 0.391546 0.500000
vt 0.599408 0.420299
vt 0.623300 0.444908
vt 0.377237 0.471870
vt 0.401078 0.511402
vt 0.466583 0.481296
vt 0.505477 0.461619
vt 0.608454 0.500000
vt 0.600690 0.521371
vt 0.399310 0.521371
vt 0.391546 0.500000
vt 0.411734 0.411872
vt 0.400589 0.579688
vt 0.376698 0.555078
vt 0.389976 0.399310
vt 0.588266 0.411872
vt 0.610024 0.399310
vt 0.622765 0.528148
vt 0.598924 0.488615
vt 0.600690 0.478628
vt 0.466566 0.481305
vt 0.505460 0.461628
vt 0.563530 0.521371
vt 0.571294 0.500000
vt 0.623479 0.500000
vt 0.610032 0.521371
vt 0.449031 0.625434
vt 0.436470 0.647191
vt 0.389968 0.600690
vt 0.411726 0.588128
vt 0.563530 0.647191
vt 0.550969 0.625434
vt 0.588274 0.588128
vt 0.610032 0.600690
vt 0.563530 0.478628
vt 0.610032 0.478628
vt 0.563522 0.521371
vt 0.571285 0.500000
vt 0.623470 0.500000
vt 0.610023 0.521371
vt 0.550960 0.374566
vt 0.563522 0.352809
vt 0.610023 0.399310
vt 0.588265 0.411872
vt 0.436478 0.352809
vt 0.449040 0.374566
vt 0.411735 0.411872
vt 0.389977 0.399310
vt 0.563522 0.478628
vt 0.610023 0.478628
vt 0.500000 0.521371
vt 0.500000 0.500000
vt 0.500000 0.360912
vt 0.500000 0.335788
vt 0.500000 0.335788
vt 0.500000 0.360912
vt 0.500000 0.478628
vt 0.436477 0.521371
vt 0.428714 0.500000
vt 0.449039 0.374566
vt 0.436477 0.352809
vt 0.563523 0.352809
vt 0.550961 0.374566
vt 0.436477 0.478628
vt 0.660638 0.500000
vt 0.647191 0.521371
vt 0.647191 0.478628
vt 0.436486 0.521371
vt 0.428723 0.500000
vt 0.500008 0.500000
vt 0.500008 0.521371
vt 0.550952 0.625434
vt 0.563514 0.647191
vt 0.499992 0.664212
vt 0.499992 0.639088
vt 0.436486 0.647191
vt 0.449048 0.625434
vt 0.500008 0.639088
vt 0.500008 0.664212
vt 0.436486 0.478628
vt 0.500008 0.478628
vt 0.600690 0.521371
vt 0.608454 0.500000
vt 0.660638 0.500000
vt 0.647191 0.521371
vt 0.588257 0.588128
vt 0.610015 0.600690
vt 0.389985 0.600690
vt 0.411743 0.588128
vt 0.600690 0.478628
vt 0.647191 0.478628
vt 0.399310 0.521371
vt 0.391546 0.500000
vt 0.599408 0.420299
vt 0.623300 0.444908
vt 0.377237 0.471870
vt 0.401078 0.511402
vt 0.466583 0.481296
vt 0.505477 0.461619
vt 0.608454 0.500000
vt 0.600690 0.521371
vt 0.399310 0.521371
vt 0.391546 0.500000
vt 0.411734 0.411872
vt 0.400589 0.579688
vt 0.376698 0.555078
vt 0.389976 0.399310
vt 0.588266 0.411872
vt 0.610024 0.399310
vt 0.622765 0.528148
vt 0.598924 0.488615
vt 0.600690 0.478628
vt 0.466566 0.481305
vt 0.505460 0.461628
vt 0.563530 0.521371
vt 0.571294 0.500000
vt 0.623479 0.500000
vt 0.610032 0.521371
vt 0.449031 0.625434
vt 0.436470 0.647191
vt 0.389968 0.600690
vt 0.411726 0.588128
vt 0.563530 0.647191
vt 0.550969 0.625434
vt 0.588274 0.588128
vt 0.610032 0.600690
vt 0.563530 0.478628
vt 0.610032 0.478628
vt 0.563522 0.521371
vt 0.571285 0.500000
vt 0.623470 0.500000
vt 0.610023 0.521371
vt 0.550960 0.374566
vt 0.563522 0.352809
vt 0.610023 0.399310
vt 0.588265 0.411872
vt 0.436478 0.352809
vt 0.449040 0.374566
vt 0.411735 0.411872
vt 0.389977 0.399310
vt 0.563522 0.478628
vt 0.610023 0.478628
vt 0.500000 0.521371
vt 0.500000 0.500000
vt 0.500000 0.360912
vt 0.500000 0.335788
vt 0.500000 0.335788
vt 0.500000 0.360912
vt 0.500000 0.478628
vt 0.436477 0.521371
vt 0.428714 0.500000
vt 0.449039 0.374566
vt 0.436477 0.352809
vt 0.563523 0.352809
vt 0.550961 0.374566
vt 0.436477 0.478628
vt 0.660638 0.500000
vt 0.647191 0.521371
vt 0.647191 0.478628
vt 0.436486 0.521371
vt 0.428723 0.500000
vt 0.500008 0.500000
vt 0.500008 0.521371
vt 0.550952 0.625434
vt 0.563514 0.647191
vt 0.499992 0.664212
vt 0.499992 0.639088
vt 0.436486 0.647191
vt 0.449048 0.625434
vt 0.500008 0.639088
vt 0.500008 0.664212
vt 0.436486 0.478628
vt 0.500008 0.478628
vt 0.600690 0.521371
vt 0.608454 0.500000
vt 0.660638 0.500000
vt 0.647191 0.521371
vt 0.588257 0.588128
vt 0.610015 0.600690
vt 0.389985 0.600690
vt 0.411743 0.588128
vt 0.600690 0.478628
vt 0.647191 0.478628
vt 0.399310 0.521371
vt 0.391546 0.500000
vt 0.599408 0.420299
vt 0.623300 0.444908
vt 0.377237 0.471870
vt 0.401078 0.511401
vt 0.466583 0.481296
vt 0.505477 0.461619
vt 0.608454 0.500000
vt 0.600690 0.521371
vt 0.399310 0.521371
vt 0.391546 0.500000
vt 0.411734 0.411872
vt 0.400589 0.579688
vt 0.376698 0.555078
vt 0.389976 0.399310
vt 0.588266 0.411872
vt 0.610024 0.399310
vt 0.622765 0.528148
vt 0.598924 0.488615
vt 0.600690 0.478628
vt 0.466566 0.481305
vt 0.505460 0.461628
vt 0.563530 0.521371
vt 0.571294 0.500000
vt 0.623479 0.500000
vt 0.610032 0.521371
vt 0.449031 0.625434
vt 0.436470 0.647191
vt 0.389968 0.600690
vt 0.411726 0.588128
vt 0.563530 0.647191
vt 0.550969 0.625434
vt 0.588274 0.588128
vt 0.610032 0.600690
vt 0.563530 0.478628
vt 0.610032 0.478628
vt 0.563522 0.521371
vt 0.571285 0.500000
vt 0.623470 0.500000
vt 0.610023 0.521371
vt 0.550960 0.374566
vt 0.563522 0.352809
vt 0.610023 0.399310
vt 0.588265 0.411872
vt 0.436478 0.352809
vt 0.449040 0.374566
vt 0.411735 0.411872
vt 0.389977 0.399310
vt 0.563522 0.478628
vt 0.610023 0.478628
vt 0.500000 0.521371
vt 0.500000 0.500000
vt 0.500000 0.360912
vt 0.500000 0.335788
vt 0.500000 0.335788
vt 0.500000 0.360912
vt 0.500000 0.478628
vt 0.436477 0.521371
vt 0.428714 0.500000
vt 0.449039 0.374566
vt 0.436477 0.352809
vt 0.563523 0.352809
vt 0.550961 0.374566
vt 0.436477 0.478628
vt 0.660638 0.500000
vt 0.647191 0.521371
vt 0.647191 0.478628
vt 0.436486 0.521371
vt 0.428723 0.500000
vt 0.500008 0.500000
vt 0.500008 0.521371
vt 0.550952 0.625434
vt 0.563514 0.647191
vt 0.499992 0.664212
vt 0.499992 0.639088
vt 0.436486 0.647191
vt 0.449048 0.625434
vt 0.500008 0.639088
vt 0.500008 0.664212
vt 0.436486 0.478628
vt 0.500008 0.478628
vt 0.600690 0.521371
vt 0.608454 0.500000
vt 0.660638 0.500000
vt 0.647191 0.521371
vt 0.588257 0.588128
vt 0.610015 0.600690
vt 0.389985 0.600690
vt 0.411743 0.588128
vt 0.600690 0.478628
vt 0.647191 0.478628
vt 0.399310 0.521371
vt 0.391546 0.500000
vt 0.599408 0.420299
vt 0.623300 0.444908
vt 0.377237 0.471870
vt 0.401078 0.511401
vt 0.466583 0.481296
vt 0.505477 0.461619
vt 0.608454 0.500000
vt 0.600690 0.521371
vt 0.399310 0.521371
vt 0.391546 0.500000
vt 0.411734 0.411872
vt 0.400589 0.579688
vt 0.376698 0.555078
vt 0.389976 0.399310
vt 0.588266 0.411872
vt 0.610024 0.399310
vt 0.622765 0.528148
vt 0.598924 0.488615
vt 0.600690 0.478628
vt 0.466566 0.481305
vt 0.505460 0.461628
vt 0.563530 0.521371
vt 0.571294 0.500000
vt 0.623479 0.500000
vt 0.610032 0.521371
vt 0.449031 0.625434
vt 0.436470 0.647191
vt 0.389968 0.600690
vt 0.411726 0.588128
vt 0.563530 0.647191
vt 0.550969 0.625434
vt 0.588274 0.588128
vt 0.610032 0.600690
vt 0.563530 0.478628
vt 0.610032 0.478628
vt 0.563522 0.521371
vt 0.571285 0.500000
vt 0.623470 0.500000
vt 0.610023 0.521371
vt 0.550960 0.374566
vt 0.563522 0.352809
vt 0.610023 0.399310
vt 0.588265 0.411872
vt 0.436478 0.352809
vt 0.449040 0.374566
vt 0.411735 0.411872
vt 0.389977 0.399310
vt 0.563522 0.478628
vt 0.610023 0.478628
vt 0.500000 0.521371
vt 0.500000 0.500000
vt 0.500000 0.360912
vt 0.500000 0.335788
vt 0.500000 0.335788
vt 0.500000 0.360912
vt 0.500000 0.478628
vt 0.436477 0.521371
vt 0.428714 0.500000
vt 0.449039 0.374566
vt 0.436477 0.352809
vt 0.563523 0.352809
vt 0.550961 0.374566
vt 0.436477 0.478628
vt 0.660638 0.500000
vt 0.647191 0.521371
vt 0.647191 0.478628
vt 0.436486 0.521371
vt 0.428723 0.500000
vt 0.500008 0.500000
vt 0.500008 0.521371
vt 0.550952 0.625434
vt 0.563514 0.647191
vt 0.499992 0.664212
vt 0.499992 0.639088
vt 0.436486 0.647191
vt 0.449048 0.625434
vt 0.500008 0.639088
vt 0.500008 0.664212
vt 0.436486 0.478628
vt 0.500008 0.478628
vt 0.600690 0.521371
vt 0.608454 0.500000
vt 0.660638 0.500000
vt 0.647191 0.521371
vt 0.588257 0.588128
vt 0.610015 0.600690
vt 0.389985 0.600690
vt 0.411743 0.588128
vt 0.600690 0.478628
vt 0.647191 0.478628
vt 0.399310 0.521371
vt 0.391546 0.500000
vt 0.599408 0.420299
vt 0.623300 0.444908
vt 0.377237 0.471870
vt 0.401078 0.511401
vt 0.466583 0.481296
vt 0.505477 0.461619
vt 0.608454 0.500000
vt 0.600690 0.521371
vt 0.399310 0.521371
vt 0.391546 0.500000
vt 0.411734 0.411872
vt 0.400589 0.579688
vt 0.376698 0.555078
vt 0.389976 0.399310
vt 0.588266 0.411872
vt 0.610024 0.399310
vt 0.622765 0.528148
vt 0.598924 0.488615
vt 0.600690 0.478628
vt 0.466566 0.481305
vt 0.505460 0.461628
vt 0.563530 0.521371
vt 0.571294 0.500000
vt 0.623479 0.500000
vt 0.610032 0.521371
vt 0.449031 0.625434
vt 0.436470 0.647191
vt 0.389968 0.600690
vt 0.411726 0.588128
vt 0.563530 0.647191
vt 0.550969 0.625434
vt 0.588274 0.588128
vt 0.610032 0.600690
vt 0.563530 0.478628
vt 0.610032 0.478628
vt 0.563522 0.521371
vt 0.571285 0.500000
vt 0.623470 0.500000
vt 0.610023 0.521371
vt 0.550960 0.374566
vt 0.563522 0.352809
vt 0.610023 0.399310
vt 0.588265 0.411872
vt 0.436478 0.352809
vt 0.449040 0.374566
vt 0.411735 0.411872
vt 0.389977 0.399310
vt 0.563522 0.478628
vt 0.610023 0.478628
vt 0.500000 0.521371
vt 0.500000 0.500000
vt 0.500000 0.360912
vt 0.500000 0.335788
vt 0.500000 0.335788
vt 0.500000 0.360912
vt 0.500000 0.478628
vt 0.436477 0.521371
vt 0.428714 0.500000
vt 0.449039 0.374566
vt 0.436477 0.352809
vt 0.563523 0.352809
vt 0.550961 0.374566
vt 0.436477 0.478628
vt 0.660638 0.500000
vt 0.647191 0.521371
vt 0.647191 0.478628
vt 0.436486 0.521371
vt 0.428723 0.500000
vt 0.500008 0.500000
vt 0.500008 0.521371
vt 0.550952 0.625434
vt 0.563514 0.647191
vt 0.499992 0.664212
vt 0.499992 0.639088
vt 0.436486 0.647191
vt 0.449048 0.625434
vt 0.500008 0.639088
vt 0.500008 0.664212
vt 0.436486 0.478628
vt 0.500008 0.478628
vt 0.600690 0.521371
vt 0.608454 0.500000
vt 0.660638 0.500000
vt 0.647191 0.521371
vt 0.588257 0.588128
vt 0.610015 0.600690
vt 0.389985 0.600690
vt 0.411743 0.588128
vt 0.600690 0.478628
vt 0.647191 0.478628
vt 0.399310 0.521371
vt 0.391546 0.500000
vt 0.599408 0.420299
vt 0.623300 0.444908
vt 0.377237 0.471870
vt 0.401078 0.511401
vt 0.466583 0.481296
vt 0.505477 0.461619
vt 0.608454 0.500000
vt 0.600690 0.521371
vt 0.399310 0.521371
vt 0.391546 0.500000
vt 0.411734 0.411872
vt 0.400589 0.579688
vt 0.376698 0.555078
vt 0.389976 0.399310
vt 0.588266 0.411872
vt 0.610024 0.399310
vt 0.622765 0.528148
vt 0.598924 0.488615
vt 0.600690 0.478628
vt 0.466566 0.481305
vt 0.505460 0.461628
vt 0.563530 0.521371
vt 0.571294 0.500000
vt 0.623479 0.500000
vt 0.610032 0.521371
vt 0.449031 0.625434
vt 0.436470 0.647191
vt 0.389968 0.600690
vt 0.411726 0.588128
vt 0.563530 0.647191
vt 0.550969 0.625434
vt 0.588274 0.588128
vt 0.610032 0.600690
vt 0.563530 0.478628
vt 0.610032 0.478628
vt 0.563522 0.521371
vt 0.571285 0.500000
vt 0.623470 0.500000
vt 0.610023 0.521371
vt 0.550960 0.374566
vt 0.563522 0.352809
vt 0.610023 0.399310
vt 0.588265 0.411872
vt 0.436478 0.352809
vt 0.449040 0.374566
vt 0.411735 0.411872
vt 0.389977 0.399310
vt 0.563522 0.478628
vt 0.610023 0.478628
vt 0.500000 0.521371
vt 0.500000 0.500000
vt 0.500000 0.360912
vt 0.500000 0.335788
vt 0.500000 0.335788
vt 0.500000 0.360912
vt 0.500000 0.478628
vt 0.436477 0.521371
vt 0.428714 0.500000
vt 0.449039 0.374566
vt 0.436477 0.352809
vt 0.563523 0.352809
vt 0.550961 0.374566
vt 0.436477 0.478628
vt 0.660638 0.500000
vt 0.647191 0.521371
vt 0.647191 0.478628
vt 0.436486 0.521371
vt 0.428723 0.500000
vt 0.500008 0.500000
vt 0.500008 0.521371
vt 0.550952 0.625434
vt 0.563514 0.647191
vt 0.499992 0.664212
vt 0.499992 0.639088
vt 0.436486 0.647191
vt 0.449048 0.625434
vt 0.500008 0.639088
vt 0.500008 0.664212
vt 0.436486 0.478628
vt 0.500008 0.478628
vt 0.600690 0.521371
vt 0.608454 0.500000
vt 0.660638 0.500000
vt 0.647191 0.521371
vt 0.588257 0.588128
vt 0.610015 0.600690
vt 0.389985 0.600690
vt 0.411743 0.588128
vt 0.600690 0.478628
vt 0.647191 0.478628
vt 0.399310 0.521371
vt 0.391546 0.500000
vt 0.599408 0.420299
vt 0.623300 0.444908
vt 0.377237 0.471870
vt 0.401078 0.511401
vt 0.466583 0.481296
vt 0.505477 0.461619
vt 0.608454 0.500000
vt 0.600690 0.521371
vt 0.399310 0.521371
vt 0.391546 0.500000
vt 0.411734 0.411872
vt 0.400589 0.579687
vt 0.376698 0.555077
vt 0.389976 0.399310
vt 0.588266 0.411872
vt 0.610024 0.399310
vt 0.622765 0.528148
vt 0.598924 0.488615
vt 0.600690 0.478628
vt 0.466566 0.481305
vt 0.505460 0.461628
vt 0.563530 0.521371
vt 0.571294 0.500000
vt 0.623479 0.500000
vt 0.610032 0.521371
vt 0.449031 0.625434
vt 0.436470 0.647191
vt 0.389968 0.600690
vt 0.411726 0.588128
vt 0.563530 0.647191
vt 0.550969 0.625434
vt 0.588274 0.588128
vt 0.610032 0.600690
vt 0.563530 0.478628
vt 0.610032 0.478628
vt 0.563522 0.521371
vt 0.571285 0.500000
vt 0.623470 0.500000
vt 0.610023 0.521371
vt 0.550960 0.374566
vt 0.563522 0.352809
vt 0.610023 0.399310
vt 0.588265 0.411872
vt 0.436478 0.352809
vt 0.449040 0.374566
vt 0.411735 0.411872
vt 0.389977 0.399310
vt 0.563522 0.478628
vt 0.610023 0.478628
vt 0.500000 0.521371
vt 0.500000 0.500000
vt 0.500000 0.360912
vt 0.500000 0.335788
vt 0.500000 0.335788
vt 0.500000 0.360912
vt 0.500000 0.478628
vt 0.436477 0.521371
vt 0.428714 0.500000
vt 0.449039 0.374566
vt 0.436477 0.352809
vt 0.563523 0.352809
vt 0.550961 0.374566
vt 0.436477 0.478628
vt 0.660638 0.500000
vt 0.647191 0.521371
vt 0.647191 0.478628
vt 0.436486 0.521371
vt 0.428723 0.500000
vt 0.500008 0.500000
vt 0.500008 0.521371
vt 0.550952 0.625434
vt 0.563514 0.647191
vt 0.499992 0.664212
vt 0.499992 0.639088
vt 0.436486 0.647191
vt 0.449048 0.625434
vt 0.500008 0.639088
vt 0.500008 0.664212
vt 0.436486 0.478628
vt 0.500008 0.478628
vt 0.600690 0.521371
vt 0.608454 0.500000
vt 0.660638 0.500000
vt 0.647191 0.521371
vt 0.588257 0.588128
vt 0.610015 0.600690
vt 0.389985 0.600690
vt 0.411743 0.588128
vt 0.600690 0.478628
vt 0.647191 0.478628
vt 0.399310 0.521371
vt 0.391546 0.500000
vt 0.599408 0.420299
vt 0.623300 0.444908
vt 0.377237 0.471870
vt 0.401078 0.511401
vt 0.466583 0.481296
vt 0.505477 0.461619
vt 0.608454 0.500000
vt 0.600690 0.521371
vt 0.399310 0.521371
vt 0.391546 0.500000
vt 0.411734 0.411872
vt 0.400589 0.579688
vt 0.376698 0.555078
vt 0.389976 0.399310
vt 0.588266 0.411872
vt 0.610024 0.399310
vt 0.622765 0.528148
vt 0.598924 0.488615
vt 0.600690 0.478628
vt 0.466566 0.481305
vt 0.505460 0.461628
vt 0.563530 0.521371
vt 0.571294 0.500000
vt 0.623479 0.500000
vt 0.610032 0.521371
vt 0.449031 0.625434
vt 0.436470 0.647191
vt 0.389968 0.600690
vt 0.411726 0.588128
vt 0.563530 0.647191
vt 0.550969 0.625434
vt 0.588274 0.588128
vt 0.610032 0.600690
vt 0.563530 0.478628
vt 0.610032 0.478628
vt 0.563522 0.521371
vt 0.571285 0.500000
vt 0.623470 0.500000
vt 0.610023 0.521371
vt 0.550960 0.374566
vt 0.563522 0.352809
vt 0.610023 0.399310
vt 0.588265 0.411872
vt 0.436478 0.352809
vt 0.449040 0.374566
vt 0.411735 0.411872
vt 0.389977 0.399310
vt 0.563522 0.478628
vt 0.610023 0.478628
vt 0.500000 0.521371
vt 0.500000 0.500000
vt 0.500000 0.360912
vt 0.500000 0.335788
vt 0.500000 0.335788
vt 0.500000 0.360912
vt 0.500000 0.478628
vt 0.436477 0.521371
vt 0.428714 0.500000
vt 0.449039 0.374566
vt 0.436477 0.352809
vt 0.563523 0.352809
vt 0.550961 0.374566
vt 0.436477 0.478628
vt 0.660638 0.500000
vt 0.647191 0.521371
vt 0.647191 0.478628
vt 0.436486 0.521371
vt 0.428723 0.500000
vt 0.500008 0.500000
vt 0.500008 0.521371
vt 0.550952 0.625434
vt 0.563514 0.647191
vt 0.499992 0.664212
vt 0.499992 0.639088
vt 0.436486 0.647191
vt 0.449048 0.625434
vt 0.500008 0.639088
vt 0.500008 0.664212
vt 0.436486 0.478628
vt 0.500008 0.478628
vt 0.600690 0.521371
vt 0.608454 0.500000
vt 0.660638 0.500000
vt 0.647191 0.521371
vt 0.588257 0.588128
vt 0.610015 0.600690
vt 0.389985 0.600690
vt 0.411743 0.588128
vt 0.600690 0.478628
vt 0.647191 0.478628
vt 0.399310 0.521371
vt 0.391546 0.500000
vt 0.599408 0.420299
vt 0.623300 0.444908
vt 0.377237 0.471870
vt 0.401078 0.511401
vt 0.466584 0.481296
vt 0.505477 0.461619
vt 0.608454 0.500000
vt 0.600690 0.521371
vt 0.399310 0.521371
vt 0.391546 0.500000
vt 0.411734 0.411872
vt 0.400589 0.579688
vt 0.376698 0.555078
vt 0.389976 0.399310
vt 0.588266 0.411872
vt 0.610024 0.399310
vt 0.622765 0.528148
vt 0.598924 0.488615
vt 0.600690 0.478628
vt 0.466566 0.481305
vt 0.505460 0.461628
vt 0.563530 0.521371
vt 0.571294 0.500000
vt 0.623479 0.500000
vt 0.610032 0.521371
vt 0.449031 0.625434
vt 0.436470 0.647191
vt 0.389968 0.600690
vt 0.411726 0.588128
vt 0.563530 0.647191
vt 0.550969 0.625434
vt 0.588274 0.588128
vt 0.610032 0.600690
vt 0.563530 0.478628
vt 0.610032 0.478628
vt 0.563522 0.521371
vt 0.571285 0.500000
vt 0.623470 0.500000
vt 0.610023 0.521371
vt 0.550960 0.374566
vt 0.563522 0.352809
vt 0.610023 0.399310
vt 0.588265 0.411872
vt 0.436478 0.352809
vt 0.449040 0.374566
vt 0.411735 0.411872
vt 0.389977 0.399310
vt 0.563522 0.478628
vt 0.610023 0.478628
vt 0.500000 0.521371
vt 0.500000 0.500000
vt 0.500000 0.360912
vt 0.500000 0.335788
vt 0.500000 0.335788
vt 0.500000 0.360912
vt 0.500000 0.478628
vt 0.436477 0.521371
vt 0.428714 0.500000
vt 0.449039 0.374566
vt 0.436477 0.352809
vt 0.563523 0.352809
vt 0.550961 0.374566
vt 0.436477 0.478628
vt 0.660638 0.500000
vt 0.647191 0.521371
vt 0.647191 0.478628
vt 0.436486 0.521371
vt 0.428723 0.500000
vt 0.500008 0.500000
vt 0.500008 0.521371
vt 0.550952 0.625434
vt 0.563514 0.647191
vt 0.499992 0.664212
vt 0.499992 0.639088
vt 0.436486 0.647191
vt 0.449048 0.625434
vt 0.500008 0.639088
vt 0.500008 0.664212
vt 0.436486 0.478628
vt 0.500008 0.478628
vt 0.600690 0.521371
vt 0.608454 0.500000
vt 0.660638 0.500000
vt 0.647191 0.521371
vt 0.588257 0.588128
vt 0.610015 0.600690
vt 0.389985 0.600690
vt 0.411743 0.588128
vt 0.600690 0.478628
vt 0.647191 0.478628
vt 0.399310 0.521371
vt 0.391546 0.500000
vt 0.599408 0.420299
vt 0.623300 0.444908
vt 0.377237 0.471870
vt 0.401078 0.511401
vt 0.466584 0.481296
vt 0.505477 0.461619
vt 0.608454 0.500000
vt 0.600690 0.521371
vt 0.399310 0.521371
vt 0.391546 0.500000
vt 0.411734 0.411872
vt 0.400589 0.579688
vt 0.376698 0.555078
vt 0.389976 0.399310
vt 0.588266 0.411872
vt 0.610024 0.399310
vt 0.622765 0.528148
vt 0.598924 0.488615
vt 0.600690 0.478628
vt 0.466566 0.481305
vt 0.505460 0.461628
vt 0.563530 0.521371
vt 0.571294 0.500000
vt 0.623479 0.500000
vt 0.610032 0.521371
vt 0.449031 0.625434
vt 0.436470 0.647191
vt 0.389968 0.600690
vt 0.411726 0.588128
vt 0.563530 0.647191
vt 0.550969 0.625434
vt 0.588274 0.588128
vt 0.610032 0.600690
vt 0.563530 0.478628
vt 0.610032 0.478628
vt 0.563522 0.521371
vt 0.571285 0.500000
vt 0.623470 0.500000
vt 0.610023 0.521371
vt 0.550960 0.374566
vt 0.563522 0.352809
vt 0.610023 0.399310
vt 0.588265 0.411872
vt 0.436478 0.352809
vt 0.449040 0.374566
vt 0.411735 0.411872
vt 0.389977 0.399310
vt 0.563522 0.478628
vt 0.610023 0.478628
vt 0.500000 0.521371
vt 0.500000 0.500000
vt 0.500000 0.360912
vt 0.500000 0.335788
vt 0.500000 0.335788
vt 0.500000 0.360912
vt 0.500000 0.478628
vt 0.436477 0.521371
vt 0.428714 0.500000
vt 0.449039 0.374566
vt 0.436477 0.352809
vt 0.563523 0.352809
vt 0.550961 0.374566
vt 0.436477 0.478628
vt 0.660638 0.500000
vt 0.647191 0.521371
vt 0.647191 0.478628
vt 0.436486 0.521371
vt 0.428723 0.500000
vt 0.500008 0.500000
vt 0.500008 0.521371
vt 0.550952 0.625434
vt 0.563514 0.647191
vt 0.499992 0.664212
vt 0.499992 0.639088
vt 0.436486 0.647191
vt 0.449048 0.625434
vt 0.500008 0.639088
vt 0.500008 0.664212
vt 0.436486 0.478628
vt 0.500008 0.478628
vt 0.600690 0.521371
vt 0.608454 0.500000
vt 0.660638 0.500000
vt 0.647191 0.521371
vt 0.588257 0.588128
vt 0.610015 0.600690
vt 0.389985 0.600690
vt 0.411743 0.588128
vt 0.600690 0.478628
vt 0.647191 0.478628
vt 0.563530 0.521371
vt 0.571294 0.500000
vt 0.623479 0.500000
vt 0.610032 0.521371
vt 0.449031 0.625434
vt 0.436470 0.647191
vt 0.389968 0.600690
vt 0.411726 0.588128
vt 0.563530 0.647191
vt 0.550969 0.625434
vt 0.588274 0.588128
vt 0.610032 0.600690
vt 0.563530 0.478628
vt 0.610032 0.478628
vt 0.399310 0.521371
vt 0.391546 0.500000
vt 0.588265 0.411872
vt 0.610023 0.399310
vt 0.389977 0.399310
vt 0.411735 0.411872
vt 0.399310 0.478628
vt 0.563522 0.521371
vt 0.571285 0.500000
vt 0.623470 0.500000
vt 0.610023 0.521371
vt 0.550960 0.374566
vt 0.563522 0.352809
vt 0.436478 0.352809
vt 0.449040 0.374566
vt 0.563522 0.478628
vt 0.610023 0.478628
vt 0.500000 0.521371
vt 0.500000 0.500000
vt 0.500000 0.360912
vt 0.500000 0.335788
vt 0.500000 0.335788
vt 0.500000 0.360912
vt 0.500000 0.478628
vt 0.436477 0.521371
vt 0.428714 0.500000
vt 0.449039 0.374566
vt 0.436477 0.352809
vt 0.563523 0.352809
vt 0.550961 0.374566
vt 0.436477 0.478628
vt 0.600690 0.521371
vt 0.608454 0.500000
vt 0.660638 0.500000
vt 0.647191 0.521371
vt 0.411734 0.411872
vt 0.389976 0.399310
vt 0.610024 0.399310
vt 0.588266 0.411872
vt 0.600690 0.478628
vt 0.647191 0.478628
vt 0.399310 0.521371
vt 0.391546 0.500000
vt 0.399310 0.478628
vt 0.436478 0.521371
vt 0.428714 0.500000
vt 0.500000 0.500000
vt 0.500000 0.521371
vt 0.550960 0.588266
vt 0.563522 0.610023
vt 0.500000 0.627044
vt 0.500000 0.601920
vt 0.436478 0.610023
vt 0.449040 0.588266
vt 0.500000 0.601920
vt 0.500000 0.627044
vt 0.436478 0.478628
vt 0.500000 0.478628
vt 0.563522 0.521371
vt 0.571286 0.500000
vt 0.623471 0.500000
vt 0.610023 0.521371
vt 0.588266 0.550960
vt 0.610024 0.563522
vt 0.389976 0.563522
vt 0.411734 0.550960
vt 0.563522 0.478628
vt 0.610023 0.478628
vt 0.500000 0.521371
vt 0.500000 0.500000
vt 0.601920 0.500000
vt 0.627044 0.500000
vt 0.372956 0.500000
vt 0.398079 0.500000
vt 0.500000 0.478628
vt 0.436478 0.521371
vt 0.428714 0.500000
vt 0.500000 0.500000
vt 0.500000 0.521371
vt 0.411734 0.550960
vt 0.389977 0.563522
vt 0.372956 0.500000
vt 0.398079 0.500000
vt 0.610023 0.563522
vt 0.588266 0.550960
vt 0.601920 0.500000
vt 0.627044 0.500000
vt 0.436478 0.478628
vt 0.500000 0.478628
vt 0.563522 0.521371
vt 0.571286 0.500000
vt 0.623471 0.500000
vt 0.610023 0.521371
vt 0.449040 0.588266
vt 0.436478 0.610024
vt 0.563522 0.610024
vt 0.550960 0.588266
vt 0.563522 0.478628
vt 0.610023 0.478628
vt 0.500000 0.521371
vt 0.610023 0.563522
vt 0.610023 0.563522
vt 0.610023 0.563522
vt 0.610023 0.563522
vt 0.623479 0.500000
vt 0.623479 0.500000
vt 0.623479 0.500000
vt 0.623479 0.500000
vt 0.623479 0.500000
vt 0.623479 0.500000
vt 0.623479 0.500000
vt 0.623479 0.500000
vt 0.623479 0.500000
vt 0.623479 0.500000
vt 0.623479 0.500000
vt 0.623479 0.500000
vt 0.623479 0.500000
vt 0.623479 0.500000
vt 0.610024 0.399310
vt 0.610024 0.399310
vt 0.622765 0.528148
vt 0.610024 0.399310
vt 0.610024 0.399310
vt 0.622765 0.528148
vt 0.600690 0.521371
vt 0.600690 0.521371
vt 0.600690 0.521371
vt 0.600690 0.521371
vt 0.600690 0.521371
vt 0.600690 0.521371
vt 0.610024 0.399310
vt 0.610024 0.399310
vt 0.622765 0.528148
vt 0.600690 0.521371
vt 0.600690 0.521371
vt 0.610024 0.399310
vt 0.610024 0.399310
vt 0.622765 0.528148
vt 0.600690 0.521371
vt 0.600690 0.521371
vt 0.600690 0.521371
vt 0.600690 0.521371
vt 0.600690 0.521371
vt 0.600690 0.521371
vt 0.563522 0.521371
vt 0.563522 0.521371
vt 0.622765 0.528148
vt 0.622765 0.528148
vt 0.610024 0.399310
vt 0.610024 0.399310
vt 0.610024 0.399310
vt 0.610024 0.399310
vt 0.610024 0.399310
vt 0.610024 0.399310
vt 0.622765 0.528148
vt 0.588266 0.411872
vt 0.588266 0.411872
vt 0.588266 0.411872
vt 0.588266 0.411872
vt 0.588266 0.411872
vt 0.588266 0.411872
vt 0.588266 0.411872
vt 0.610015 0.600690
vt 0.660638 0.500000
vt 0.571294 0.500000
vt 0.660638 0.500000
vt 0.571294 0.500000
vt 0.660638 0.500000
vt 0.571294 0.500000
vt 0.660638 0.500000
vt 0.571294 0.500000
vt 0.623470 0.500000
vt 0.623470 0.500000
vt 0.608454 0.500000
vt 0.660638 0.500000
vt 0.571294 0.500000
vt 0.660638 0.500000
vt 0.571294 0.500000
vt 0.563530 0.521371
vt 0.563530 0.521371
vt 0.563530 0.521371
vt 0.610023 0.521371
vt 0.660638 0.500000
vt 0.571294 0.500000
vt 0.563530 0.521371
vt 0.563530 0.521371
vt 0.563530 0.521371
vt 0.563530 0.521371
vt 0.610015 0.600690
vt 0.610015 0.600690
vt 0.623470 0.500000
vt 0.608454 0.500000
vt 0.599408 0.420299
vt 0.411743 0.588128
vt 0.600690 0.521371
vt 0.600690 0.521371
vt 0.377237 0.471870
vt 0.389985 0.600690
vt 0.623470 0.500000
vt 0.623470 0.500000
vt 0.608454 0.500000
vt 0.623470 0.500000
vt 0.623470 0.500000
vt 0.608454 0.500000
vt 0.571285 0.500000
vt 0.660638 0.500000
vt 0.563530 0.521371
vt 0.623479 0.500000
vt 0.623479 0.500000
vt 0.599408 0.420299
vt 0.411743 0.588128
vt 0.599408 0.420299
vt 0.411743 0.588128
vt 0.571285 0.500000
vt 0.660638 0.500000
vt 0.600690 0.521371
vt 0.600690 0.521371
vt 0.600690 0.521371
vt 0.600690 0.521371
vt 0.563530 0.521371
vt 0.563530 0.521371
vt 0.571285 0.500000
vt 0.660638 0.500000
vt 0.571285 0.500000
vt 0.660638 0.500000
vt 0.588266 0.411872
vt 0.600690 0.521371
vt 0.600690 0.521371
vt 0.610015 0.600690
vt 0.563530 0.521371
vt 0.500008 0.521371
vt 0.500008 0.521371
vt 0.500008 0.521371
vt 0.436478 0.352809
vt 0.500008 0.521371
vt 0.500008 0.521371
vt 0.500008 0.521371
vt 0.377237 0.471870
vt 0.389985 0.600690
vt 0.377237 0.471870
vt 0.389985 0.600690
vt 0.660638 0.500000
vt 0.571294 0.500000
vt 0.500008 0.521371
vt 0.500008 0.521371
vt 0.623479 0.500000
vt 0.623479 0.500000
vt 0.623479 0.500000
vt 0.623479 0.500000
vt 0.610015 0.600690
vt 0.610015 0.600690
vt 0.610024 0.399310
vt 0.610024 0.399310
vt 0.622765 0.528148
vt 0.500008 0.521371
vt 0.436478 0.352809
vt 0.588266 0.411872
vt 0.588266 0.411872
vt 0.500008 0.521371
vt 0.500008 0.521371
vt 0.660638 0.500000
vt 0.571294 0.500000
vt 0.660638 0.500000
vt 0.571294 0.500000
vt 0.436478 0.352809
vt 0.436478 0.352809
vt 0.500008 0.664212
vt 0.500008 0.664212
vt 0.500000 0.601920
vt 0.500000 0.521371
vt 0.500000 0.627044
vt 0.499992 0.639088
vt 0.499992 0.639088
vt 0.499992 0.639088
vt 0.499992 0.639088
vt 0.499992 0.639088
vt 0.571285 0.500000
vt 0.660638 0.500000
vt 0.499992 0.639088
vt 0.623470 0.500000
vt 0.623470 0.500000
vt 0.599408 0.420299
vt 0.588266 0.411872
vt 0.411743 0.588128
vt 0.608454 0.500000
vt 0.623479 0.500000
vt 0.623479 0.500000
vt 0.499992 0.639088
vt 0.660638 0.500000
vt 0.571294 0.500000
vt 0.499992 0.639088
vt 0.499992 0.639088
vt 0.499992 0.639088
vt 0.499992 0.639088
vt 0.499992 0.639088
vt 0.500008 0.521371
vt 0.500008 0.664212
vt 0.499992 0.639088
vt 0.499992 0.639088
vt 0.500008 0.521371
vt 0.500008 0.664212
vt 0.499992 0.639088
vt 0.500000 0.601920
vt 0.500000 0.521371
vt 0.500000 0.627044
vt 0.500008 0.521371
vt 0.500008 0.521371
vt 0.563530 0.521371
vt 0.563530 0.521371
vt 0.571285 0.500000
vt 0.660638 0.500000
vt 0.571285 0.500000
vt 0.660638 0.500000
vt 0.500008 0.664212
vt 0.500008 0.664212
vt 0.411743 0.588128
vt 0.411743 0.588128
vt 0.599408 0.420299
vt 0.599408 0.420299
vt 0.563530 0.521371
vt 0.500008 0.664212
vt 0.610015 0.600690
vt 0.610024 0.399310
vt 0.610024 0.399310
vt 0.622765 0.528148
vt 0.610024 0.399310
vt 0.610024 0.399310
vt 0.622765 0.528148
vt 0.623470 0.500000
vt 0.623470 0.500000
vt 0.608454 0.500000
vt 0.623470 0.500000
vt 0.623470 0.500000
vt 0.608454 0.500000
vt 0.500008 0.664212
vt 0.500008 0.664212
vt 0.660638 0.500000
vt 0.571285 0.500000
vt 0.600690 0.521371
vt 0.600690 0.521371
vt 0.600690 0.521371
vt 0.600690 0.521371
vt 0.500008 0.664212
vt 0.500008 0.664212
vt 0.500008 0.664212
vt 0.563530 0.521371
vt 0.500008 0.664212
vt 0.500008 0.664212
vt 0.436478 0.352809
vt 0.377237 0.471870
vt 0.610024 0.399310
vt 0.610024 0.399310
vt 0.389985 0.600690
vt 0.622765 0.528148
vt 0.500008 0.664212
vt 0.599408 0.420299
vt 0.411743 0.588128
vt 0.660638 0.500000
vt 0.571294 0.500000
vt 0.660638 0.500000
vt 0.571294 0.500000
vt 0.436478 0.352809
vt 0.436478 0.352809
vt 0.399310 0.521371
vt 0.399310 0.521371
vt 0.377237 0.471870
vt 0.389985 0.600690
vt 0.377237 0.471870
vt 0.389985 0.600690
vt 0.660638 0.500000
vt 0.571294 0.500000
vt 0.588266 0.411872
vt 0.588266 0.411872
vt 0.623470 0.500000
vt 0.623470 0.500000
vt 0.608454 0.500000
vt 0.436478 0.352809
vt 0.411734 0.411872
vt 0.660638 0.500000
vt 0.571294 0.500000
vt 0.623479 0.500000
vt 0.623479 0.500000
vt 0.623479 0.500000
vt 0.623479 0.500000
vt 0.600690 0.521371
vt 0.600690 0.521371
vt 0.377237 0.471870
vt 0.389985 0.600690
vt 0.588266 0.411872
vt 0.608454 0.500000
vt 0.610024 0.399310
vt 0.610024 0.399310
vt 0.622765 0.528148
vt 0.610024 0.399310
vt 0.610024 0.399310
vt 0.622765 0.528148
vt 0.436478 0.352809
vt 0.436478 0.352809
vt 0.436478 0.352809
vt 0.436478 0.352809
vt 0.660638 0.500000
vt 0.571285 0.500000
vt 0.610032 0.600690
vt 0.436478 0.352809
vt 0.436478 0.352809
vt 0.436478 0.352809
vt 0.571285 0.500000
vt 0.660638 0.500000
vt 0.571285 0.500000
vt 0.660638 0.500000
vt 0.623479 0.500000
vt 0.623479 0.500000
vt 0.660638 0.500000
vt 0.660638 0.500000
vt 0.571285 0.500000
vt 0.571285 0.500000
vt 0.571285 0.500000
vt 0.660638 0.500000
vt 0.571285 0.500000
vt 0.660638 0.500000
vt 0.610024 0.399310
vt 0.610024 0.399310
vt 0.622765 0.528148
vt 0.599408 0.420299
vt 0.411743 0.588128
vt 0.411743 0.588128
vt 0.411743 0.588128
vt 0.599408 0.420299
vt 0.599408 0.420299
vt 0.599408 0.420299
vt 0.411743 0.588128
vt 0.599408 0.420299
vt 0.411743 0.588128
vt 0.599408 0.420299
vt 0.411743 0.588128
vt 0.599408 0.420299
vt 0.411743 0.588128
vt 0.610015 0.600690
vt 0.610015 0.600690
vt 0.610015 0.600690
vt 0.436478 0.389976
vt 0.389985 0.600690
vt 0.389985 0.600690
vt 0.377237 0.471870
vt 0.377237 0.471870
vt 0.377237 0.471870
vt 0.389985 0.600690
vt 0.610015 0.600690
vt 0.389985 0.600690
vt 0.610015 0.600690
vt 0.389985 0.600690
vt 0.377237 0.471870
vt 0.377237 0.471870
vt 0.377237 0.471870
vt 0.389985 0.600690
vt 0.377237 0.471870
vt 0.389985 0.600690
vt 0.610015 0.600690
vt 0.610015 0.600690
vt 0.623470 0.500000
vt 0.623470 0.500000
vt 0.608454 0.500000
vt 0.608454 0.500000
vt 0.608454 0.500000
vt 0.623470 0.500000
vt 0.623470 0.500000
vt 0.623470 0.500000
vt 0.623470 0.500000
vt 0.623470 0.500000
vt 0.623470 0.500000
vt 0.608454 0.500000
vt 0.623470 0.500000
vt 0.623470 0.500000
vt 0.608454 0.500000
vt 0.623470 0.500000
vt 0.623470 0.500000
vt 0.608454 0.500000
vt 0.623470 0.500000
vt 0.623470 0.500000
vt 0.608454 0.500000
vt 0.610023 0.521371
vt 0.610023 0.521371
vt 0.372956 0.500000
vn 0.117100 0.202824 0.972188
vn 0.500000 0.866025 0.000000
vn -0.000000 1.000000 0.000000
vn -0.000000 0.234201 0.972188
vn -0.500000 -0.866025 -0.000000
vn 0.117100 0.202824 0.972188
vn -0.000000 0.234201 0.972188
vn 0.000000 -1.000000 -0.000000
vn 0.117100 0.202824 -0.972188
vn -0.500000 -0.866025 -0.000000
vn 0.000000 -1.000000 -0.000000
vn -0.000000 0.234201 -0.972188
vn 0.117100 0.202824 -0.972188
vn -0.000000 0.234201 -0.972188
vn 0.202824 0.117100 0.972188
vn 0.866025 0.500000 0.000000
vn 0.500000 0.866025 0.000000
vn 0.117100 0.202824 0.972188
vn -0.866025 -0.500000 -0.000000
vn 0.202824 0.117100 0.972188
vn 0.202824 0.117100 -0.972188
vn -0.866025 -0.500000 -0.000000
vn 0.202824 0.117100 -0.972188
vn 0.117100 0.202824 -0.972188
vn 0.234201 -0.000000 0.972188
vn 1.000000 -0.000000 0.000000
vn -1.000000 -0.000000 -0.000000
vn 0.234201 -0.000000 0.972188
vn 0.234201 0.000000 -0.972188
vn -1.000000 -0.000000 -0.000000
vn 0.234201 0.000000 -0.972188
vn 0.202824 -0.117100 0.972188
vn 0.866025 -0.500000 0.000000
vn -0.866025 0.500000 -0.000000
vn 0.202824 -0.117100 0.972188
vn 0.202824 -0.117100 -0.972188
vn -0.866025 0.500000 -0.000000
vn 0.202824 -0.117100 -0.972188
vn 0.117100 -0.202824 0.972188
vn 0.500000 -0.866025 0.000000
vn 0.866025 -0.500000 0.000000
vn 0.202824 -0.117100 0.972188
vn -0.500000 0.866025 -0.000000
vn 0.117100 -0.202824 0.972188
vn 0.117101 -0.202824 -0.972188
vn -0.500000 0.866025 -0.000000
vn 0.117101 -0.202824 -0.972188
vn 0.202824 -0.117100 -0.972188
vn -0.000000 -0.234201 0.972188
vn -0.000000 -1.000000 0.000000
vn -0.000000 1.000000 -0.000000
vn -0.000000 -0.234201 0.972188
vn -0.000000 -0.234201 -0.972188
vn -0.000000 1.000000 -0.000000
vn -0.000000 -0.234201 -0.972188
vn -0.117100 -0.202824 0.972188
vn -0.500000 -0.866025 0.000000
vn 0.500000 0.866025 -0.000000
vn -0.117100 -0.202824 0.972188
vn -0.117100 -0.202824 -0.972188
vn 0.500000 0.866025 -0.000000
vn -0.117100 -0.202824 -0.972188
vn -0.202824 -0.117100 0.972188
vn -0.866025 -0.500000 0.000000
vn -0.500000 -0.866025 0.000000
vn -0.117100 -0.202824 0.972188
vn 0.866026 0.500000 -0.000000
vn -0.202824 -0.117100 0.972188
vn -0.202824 -0.117100 -0.972188
vn 0.866026 0.500000 -0.000000
vn -0.202824 -0.117100 -0.972188
vn -0.117100 -0.202824 -0.972188
vn -0.234201 -0.000000 0.972188
vn -1.000000 0.000000 0.000000
vn 1.000000 -0.000000 -0.000000
vn -0.234201 -0.000000 0.972188
vn -0.234201 0.000000 -0.972188
vn 1.000000 -0.000000 -0.000000
vn -0.234201 0.000000 -0.972188
vn -0.202824 0.117100 0.972188
vn -0.866025 0.500000 0.000000
vn 0.866025 -0.500000 -0.000000
vn -0.202824 0.117100 0.972188
vn -0.202824 0.117100 -0.972188
vn 0.866025 -0.500000 -0.000000
vn -0.202824 0.117100 -0.972188
vn -0.117100 0.202824 0.972188
vn -0.500000 0.866025 0.000000
vn -0.866025 0.500000 0.000000
vn -0.202824 0.117100 0.972188
vn 0.500000 -0.866025 -0.000000
vn -0.117100 0.202824 0.972188
vn -0.117101 0.202824 -0.972188
vn 0.500000 -0.866025 -0.000000
vn -0.117101 0.202824 -0.972188
vn -0.202824 0.117100 -0.972188
vn -0.953734 0.200819 -0.223747
vn -0.171010 0.866025 0.469846
vn -0.000000 1.000000 -0.000000
vn -0.914080 0.231885 -0.332698
vn 0.171010 -0.866025 -0.469846
vn -0.953734 0.200819 -0.223747
vn -0.914080 0.231885 -0.332698
vn 0.000000 -1.000000 0.000000
vn 0.874425 0.200819 0.441648
vn 0.171010 -0.866025 -0.469846
vn 0.000000 -1.000000 0.000000
vn 0.914079 0.231885 0.332698
vn 0.874425 0.200819 0.441648
vn 0.914079 0.231885 0.332698
vn -0.993600 0.087442 -0.071504
vn -0.313858 0.397368 0.862318
vn -0.171010 0.866025 0.469846
vn -0.953734 0.200819 -0.223747
vn 0.320297 -0.350701 -0.880010
vn -0.993600 0.087442 -0.071504
vn 0.807103 0.087442 0.583900
vn 0.320297 -0.350701 -0.880010
vn 0.807103 0.087442 0.583900
vn 0.874425 0.200819 0.441648
vn -0.993603 -0.087429 -0.071482
vn -0.313862 -0.397339 0.862330
vn 0.320304 0.350647 -0.880030
vn -0.993603 -0.087429 -0.071482
vn 0.807090 -0.087430 0.583919
vn 0.320304 0.350647 -0.880030
vn -0.313862 -0.397339 0.862330
vn 0.807090 -0.087430 0.583919
vn 0.313858 -0.397368 -0.862318
vn -0.807103 -0.087443 -0.583899
vn -0.807091 0.087431 -0.583918
vn 0.313863 0.397339 -0.862330
vn -0.320298 0.350700 0.880011
vn -0.320305 -0.350645 0.880030
vn -0.807091 0.087431 -0.583918
vn -0.807103 -0.087443 -0.583899
vn -0.320298 0.350700 0.880011
vn 0.993600 -0.087442 0.071502
vn 0.993603 0.087430 0.071481
vn -0.320305 -0.350645 0.880030
vn 0.993600 -0.087442 0.071502
vn 0.313863 0.397339 -0.862330
vn 0.993603 0.087430 0.071481
vn -0.874425 0.200819 -0.441648
vn 0.171010 0.866025 -0.469846
vn 0.313863 0.397339 -0.862330
vn -0.807091 0.087431 -0.583918
vn -0.171010 -0.866025 0.469846
vn -0.874425 0.200819 -0.441648
vn -0.807091 0.087431 -0.583918
vn -0.320305 -0.350645 0.880030
vn 0.953734 0.200819 0.223747
vn -0.171010 -0.866025 0.469846
vn -0.320305 -0.350645 0.880030
vn 0.993603 0.087430 0.071481
vn 0.953734 0.200819 0.223747
vn 0.993603 0.087430 0.071481
vn -0.953734 -0.200819 -0.223747
vn -0.171010 -0.866025 0.469846
vn -0.313862 -0.397339 0.862330
vn -0.993603 -0.087429 -0.071482
vn 0.171010 0.866026 -0.469846
vn -0.953734 -0.200819 -0.223747
vn -0.993603 -0.087429 -0.071482
vn 0.320304 0.350647 -0.880030
vn 0.874425 -0.200819 0.441649
vn 0.171010 0.866026 -0.469846
vn 0.320304 0.350647 -0.880030
vn 0.807090 -0.087430 0.583919
vn 0.874425 -0.200819 0.441649
vn 0.807090 -0.087430 0.583919
vn -0.914079 -0.231886 -0.332698
vn -0.000000 -1.000000 -0.000000
vn 0.000000 1.000000 0.000000
vn -0.914079 -0.231886 -0.332698
vn 0.914079 -0.231886 0.332698
vn 0.000000 1.000000 0.000000
vn 0.914079 -0.231886 0.332698
vn -0.874424 -0.200819 -0.441649
vn 0.171010 -0.866025 -0.469847
vn -0.171010 0.866026 0.469846
vn -0.874424 -0.200819 -0.441649
vn 0.953734 -0.200819 0.223747
vn -0.171010 0.866026 0.469846
vn 0.953734 -0.200819 0.223747
vn 0.171010 -0.866025 -0.469847
vn -0.874424 -0.200819 -0.441649
vn 0.953734 -0.200819 0.223747
vn 0.115943 0.200819 0.972743
vn 0.500000 0.866025 0.000000
vn -0.000000 1.000000 0.000000
vn -0.000000 0.231886 0.972743
vn -0.500000 -0.866025 -0.000000
vn 0.115943 0.200819 0.972743
vn -0.000000 0.231886 0.972743
vn 0.000000 -1.000000 -0.000000
vn 0.115943 0.200819 -0.972743
vn -0.500000 -0.866025 -0.000000
vn 0.000000 -1.000000 -0.000000
vn 0.000000 0.231886 -0.972743
vn 0.115943 0.200819 -0.972743
vn 0.000000 0.231886 -0.972743
vn 0.272640 0.087442 0.958134
vn 0.917659 0.397368 -0.000000
vn 0.500000 0.866025 0.000000
vn 0.115943 0.200819 0.972743
vn -0.936487 -0.350701 0.000001
vn 0.272640 0.087442 0.958134
vn 0.272641 0.087442 -0.958134
vn -0.936487 -0.350701 0.000001
vn 0.272641 0.087442 -0.958134
vn 0.115943 0.200819 -0.972743
vn 0.272661 -0.087429 0.958129
vn 0.917672 -0.397339 -0.000000
vn -0.936508 0.350647 0.000001
vn 0.272661 -0.087429 0.958129
vn 0.272663 -0.087430 -0.958129
vn -0.936508 0.350647 0.000001
vn 0.917672 -0.397339 -0.000000
vn 0.272663 -0.087430 -0.958129
vn -0.917659 -0.397368 -0.000000
vn -0.272640 -0.087443 0.958134
vn -0.272662 0.087431 0.958129
vn -0.917672 0.397339 -0.000000
vn 0.936488 0.350700 -0.000000
vn 0.936509 -0.350644 -0.000000
vn -0.272662 0.087431 0.958129
vn -0.272640 -0.087443 0.958134
vn 0.936488 0.350700 -0.000000
vn -0.272641 -0.087442 -0.958134
vn -0.272663 0.087430 -0.958129
vn 0.936509 -0.350644 -0.000000
vn -0.272641 -0.087442 -0.958134
vn -0.917672 0.397339 -0.000000
vn -0.272663 0.087430 -0.958129
vn -0.115943 0.200819 0.972743
vn -0.500000 0.866025 -0.000000
vn -0.917672 0.397339 -0.000000
vn -0.272662 0.087431 0.958129
vn 0.500000 -0.866025 -0.000000
vn -0.115943 0.200819 0.972743
vn -0.272662 0.087431 0.958129
vn 0.936509 -0.350644 -0.000000
vn -0.115943 0.200819 -0.972743
vn 0.500000 -0.866025 -0.000000
vn 0.936509 -0.350644 -0.000000
vn -0.272663 0.087430 -0.958129
vn -0.115943 0.200819 -0.972743
vn -0.272663 0.087430 -0.958129
vn 0.115942 -0.200818 0.972743
vn 0.500000 -0.866026 -0.000000
vn 0.917672 -0.397339 -0.000000
vn 0.272661 -0.087429 0.958129
vn -0.500000 0.866026 -0.000000
vn 0.115942 -0.200818 0.972743
vn 0.272661 -0.087429 0.958129
vn -0.936508 0.350647 0.000001
vn 0.115943 -0.200818 -0.972743
vn -0.500000 0.866026 -0.000000
vn -0.936508 0.350647 0.000001
vn 0.272663 -0.087430 -0.958129
vn 0.115943 -0.200818 -0.972743
vn 0.272663 -0.087430 -0.958129
vn -0.000000 -0.231885 0.972743
vn -0.000000 -1.000000 -0.000000
vn 0.000000 1.000000 -0.000000
vn -0.000000 -0.231885 0.972743
vn 0.000000 -0.231885 -0.972743
vn 0.000000 1.000000 -0.000000
vn 0.000000 -0.231885 -0.972743
vn -0.115942 -0.200818 0.972743
vn -0.500000 -0.866025 -0.000000
vn 0.500000 0.866026 0.000000
vn -0.115942 -0.200818 0.972743
vn -0.115943 -0.200818 -0.972743
vn 0.500000 0.866026 0.000000
vn -0.115943 -0.200818 -0.972743
vn -0.500000 -0.866025 -0.000000
vn -0.115942 -0.200818 0.972743
vn -0.115943 -0.200818 -0.972743
vn -0.909590 0.200819 0.363757
vn 0.129410 0.866025 0.482963
vn 0.000000 1.000000 -0.000000
vn -0.939598 0.231885 0.251764
vn -0.129409 -0.866025 -0.482963
vn -0.909590 0.200819 0.363757
vn -0.939598 0.231885 0.251764
vn 0.000000 -1.000000 -0.000000
vn 0.969606 0.200819 -0.139772
vn -0.129409 -0.866025 -0.482963
vn 0.000000 -1.000000 -0.000000
vn 0.939598 0.231886 -0.251764
vn 0.969606 0.200819 -0.139772
vn 0.939598 0.231886 -0.251764
vn -0.854922 0.087442 0.511334
vn 0.237508 0.397368 0.886391
vn 0.129410 0.866025 0.482963
vn -0.909590 0.200819 0.363757
vn -0.242382 -0.350701 -0.904577
vn -0.854922 0.087442 0.511334
vn 0.996051 0.087442 0.015368
vn -0.242382 -0.350701 -0.904577
vn 0.996051 0.087442 0.015368
vn 0.969606 0.200819 -0.139772
vn -0.854912 -0.087429 0.511353
vn 0.237511 -0.397339 0.886403
vn -0.242387 0.350646 -0.904597
vn -0.854912 -0.087429 0.511353
vn 0.996052 -0.087430 0.015390
vn -0.242387 0.350646 -0.904597
vn 0.237511 -0.397339 0.886403
vn 0.996052 -0.087430 0.015390
vn -0.237508 -0.397368 -0.886391
vn -0.996051 -0.087442 -0.015367
vn -0.996052 0.087431 -0.015389
vn -0.237511 0.397338 -0.886403
vn 0.242381 0.350699 0.904578
vn 0.242386 -0.350644 0.904598
vn -0.996052 0.087431 -0.015389
vn -0.996051 -0.087442 -0.015367
vn 0.242381 0.350699 0.904578
vn 0.854922 -0.087441 -0.511334
vn 0.854911 0.087430 -0.511354
vn 0.242386 -0.350644 0.904598
vn 0.854922 -0.087441 -0.511334
vn -0.237511 0.397338 -0.886403
vn 0.854911 0.087430 -0.511354
vn -0.969606 0.200819 0.139772
vn -0.129410 0.866025 -0.482963
vn -0.237511 0.397338 -0.886403
vn -0.996052 0.087431 -0.015389
vn 0.129410 -0.866025 0.482963
vn -0.969606 0.200819 0.139772
vn -0.996052 0.087431 -0.015389
vn 0.242386 -0.350644 0.904598
vn 0.909589 0.200819 -0.363757
vn 0.129410 -0.866025 0.482963
vn 0.242386 -0.350644 0.904598
vn 0.854911 0.087430 -0.511354
vn 0.909589 0.200819 -0.363757
vn 0.854911 0.087430 -0.511354
vn -0.909589 -0.200819 0.363757
vn 0.129410 -0.866025 0.482963
vn 0.237511 -0.397339 0.886403
vn -0.854912 -0.087429 0.511353
vn -0.129409 0.866025 -0.482963
vn -0.909589 -0.200819 0.363757
vn -0.854912 -0.087429 0.511353
vn -0.242387 0.350646 -0.904597
vn 0.969606 -0.200819 -0.139772
vn -0.129409 0.866025 -0.482963
vn -0.242387 0.350646 -0.904597
vn 0.996052 -0.087430 0.015390
vn 0.969606 -0.200819 -0.139772
vn 0.996052 -0.087430 0.015390
vn -0.939598 -0.231886 0.251765
vn 0.000000 -1.000000 -0.000000
vn 0.000000 1.000000 -0.000000
vn -0.939598 -0.231886 0.251765
vn 0.939598 -0.231886 -0.251765
vn 0.000000 1.000000 -0.000000
vn 0.939598 -0.231886 -0.251765
vn -0.969606 -0.200819 0.139772
vn -0.129410 -0.866025 -0.482963
vn 0.129410 0.866025 0.482963
vn -0.969606 -0.200819 0.139772
vn 0.909589 -0.200819 -0.363757
vn 0.129410 0.866025 0.482963
vn 0.909589 -0.200819 -0.363757
vn -0.129410 -0.866025 -0.482963
vn -0.969606 -0.200819 0.139772
vn 0.909589 -0.200819 -0.363757
vn 0.115943 0.200819 0.972743
vn 0.500000 0.866025 0.000000
vn -0.000000 1.000000 0.000000
vn -0.000000 0.231886 0.972743
vn -0.500000 -0.866026 0.000000
vn 0.115943 0.200819 0.972743
vn -0.000000 0.231886 0.972743
vn 0.000000 -1.000000 -0.000000
vn 0.115943 0.200819 -0.972743
vn -0.500000 -0.866026 0.000000
vn 0.000000 -1.000000 -0.000000
vn 0.000000 0.231886 -0.972743
vn 0.115943 0.200819 -0.972743
vn 0.000000 0.231886 -0.972743
vn 0.272640 0.087441 0.958135
vn 0.917659 0.397368 -0.000000
vn 0.500000 0.866025 0.000000
vn 0.115943 0.200819 0.972743
vn -0.936487 -0.350702 0.000001
vn 0.272640 0.087441 0.958135
vn 0.272641 0.087441 -0.958134
vn -0.936487 -0.350702 0.000001
vn 0.272641 0.087441 -0.958134
vn 0.115943 0.200819 -0.972743
vn 0.272662 -0.087429 0.958129
vn 0.917672 -0.397339 -0.000000
vn -0.936508 0.350646 0.000001
vn 0.272662 -0.087429 0.958129
vn 0.272663 -0.087430 -0.958129
vn -0.936508 0.350646 0.000001
vn 0.917672 -0.397339 -0.000000
vn 0.272663 -0.087430 -0.958129
vn -0.917659 -0.397368 -0.000000
vn -0.272640 -0.087442 0.958134
vn -0.272662 0.087430 0.958129
vn -0.917672 0.397339 0.000000
vn 0.936488 0.350699 -0.000000
vn 0.936508 -0.350645 -0.000000
vn -0.272662 0.087430 0.958129
vn -0.272640 -0.087442 0.958134
vn 0.936488 0.350699 -0.000000
vn -0.272641 -0.087441 -0.958134
vn -0.272663 0.087430 -0.958129
vn 0.936508 -0.350645 -0.000000
vn -0.272641 -0.087441 -0.958134
vn -0.917672 0.397339 0.000000
vn -0.272663 0.087430 -0.958129
vn -0.115943 0.200819 0.972743
vn -0.500000 0.866025 0.000000
vn -0.917672 0.397339 0.000000
vn -0.272662 0.087430 0.958129
vn 0.500000 -0.866026 -0.000000
vn -0.115943 0.200819 0.972743
vn -0.272662 0.087430 0.958129
vn 0.936508 -0.350645 -0.000000
vn -0.115943 0.200819 -0.972743
vn 0.500000 -0.866026 -0.000000
vn 0.936508 -0.350645 -0.000000
vn -0.272663 0.087430 -0.958129
vn -0.115943 0.200819 -0.972743
vn -0.272663 0.087430 -0.958129
vn 0.115943 -0.200819 0.972743
vn 0.500000 -0.866025 -0.000000
vn 0.917672 -0.397339 -0.000000
vn 0.272662 -0.087429 0.958129
vn -0.500000 0.866025 -0.000000
vn 0.115943 -0.200819 0.972743
vn 0.272662 -0.087429 0.958129
vn -0.936508 0.350646 0.000001
vn 0.115943 -0.200819 -0.972743
vn -0.500000 0.866025 -0.000000
vn -0.936508 0.350646 0.000001
vn 0.272663 -0.087430 -0.958129
vn 0.115943 -0.200819 -0.972743
vn 0.272663 -0.087430 -0.958129
vn 0.000000 -0.231886 0.972743
vn -0.000000 -1.000000 -0.000000
vn 0.000000 1.000000 -0.000000
vn 0.000000 -0.231886 0.972743
vn -0.000000 -0.231886 -0.972743
vn 0.000000 1.000000 -0.000000
vn -0.000000 -0.231886 -0.972743
vn -0.115943 -0.200819 0.972743
vn -0.500000 -0.866025 0.000000
vn 0.500000 0.866025 -0.000000
vn -0.115943 -0.200819 0.972743
vn -0.115943 -0.200819 -0.972743
vn 0.500000 0.866025 -0.000000
vn -0.115943 -0.200819 -0.972743
vn -0.500000 -0.866025 0.000000
vn -0.115943 -0.200819 0.972743
vn -0.115943 -0.200819 -0.972743
vn -0.953734 0.200819 -0.223747
vn -0.171010 0.866025 0.469846
vn 0.000000 1.000000 -0.000000
vn -0.914079 0.231886 -0.332698
vn 0.171010 -0.866026 -0.469846
vn -0.953734 0.200819 -0.223747
vn -0.914079 0.231886 -0.332698
vn 0.000000 -1.000000 0.000000
vn 0.874424 0.200819 0.441649
vn 0.171010 -0.866026 -0.469846
vn 0.000000 -1.000000 0.000000
vn 0.914079 0.231886 0.332698
vn 0.874424 0.200819 0.441649
vn 0.914079 0.231886 0.332698
vn -0.993600 0.087441 -0.071504
vn -0.313858 0.397368 0.862318
vn -0.171010 0.866025 0.469846
vn -0.953734 0.200819 -0.223747
vn 0.320297 -0.350702 -0.880010
vn -0.993600 0.087441 -0.071504
vn 0.807103 0.087441 0.583900
vn 0.320297 -0.350702 -0.880010
vn 0.807103 0.087441 0.583900
vn 0.874424 0.200819 0.441649
vn -0.993603 -0.087429 -0.071482
vn -0.313862 -0.397339 0.862330
vn 0.320304 0.350646 -0.880030
vn -0.993603 -0.087429 -0.071482
vn 0.807091 -0.087430 0.583918
vn 0.320304 0.350646 -0.880030
vn -0.313862 -0.397339 0.862330
vn 0.807091 -0.087430 0.583918
vn 0.313858 -0.397368 -0.862318
vn -0.807103 -0.087442 -0.583899
vn -0.807091 0.087430 -0.583918
vn 0.313862 0.397339 -0.862330
vn -0.320298 0.350699 0.880011
vn -0.320304 -0.350645 0.880030
vn -0.807091 0.087430 -0.583918
vn -0.807103 -0.087442 -0.583899
vn -0.320298 0.350699 0.880011
vn 0.993600 -0.087441 0.071502
vn 0.993603 0.087430 0.071480
vn -0.320304 -0.350645 0.880030
vn 0.993600 -0.087441 0.071502
vn 0.313862 0.397339 -0.862330
vn 0.993603 0.087430 0.071480
vn -0.874425 0.200819 -0.441648
vn 0.171010 0.866025 -0.469846
vn 0.313862 0.397339 -0.862330
vn -0.807091 0.087430 -0.583918
vn -0.171010 -0.866026 0.469846
vn -0.874425 0.200819 -0.441648
vn -0.807091 0.087430 -0.583918
vn -0.320304 -0.350645 0.880030
vn 0.953734 0.200819 0.223747
vn -0.171010 -0.866026 0.469846
vn -0.320304 -0.350645 0.880030
vn 0.993603 0.087430 0.071480
vn 0.953734 0.200819 0.223747
vn 0.993603 0.087430 0.071480
vn -0.953734 -0.200819 -0.223747
vn -0.171010 -0.866025 0.469846
vn -0.313862 -0.397339 0.862330
vn -0.993603 -0.087429 -0.071482
vn 0.171010 0.866025 -0.469846
vn -0.953734 -0.200819 -0.223747
vn -0.993603 -0.087429 -0.071482
vn 0.320304 0.350646 -0.880030
vn 0.874424 -0.200819 0.441649
vn 0.171010 0.866025 -0.469846
vn 0.320304 0.350646 -0.880030
vn 0.807091 -0.087430 0.583918
vn 0.874424 -0.200819 0.441649
vn 0.807091 -0.087430 0.583918
vn -0.914079 -0.231886 -0.332698
vn 0.000000 -1.000000 0.000000
vn 0.000000 1.000000 0.000000
vn -0.914079 -0.231886 -0.332698
vn 0.914079 -0.231886 0.332698
vn 0.000000 1.000000 0.000000
vn 0.914079 -0.231886 0.332698
vn -0.874424 -0.200819 -0.441649
vn 0.171010 -0.866025 -0.469847
vn -0.171010 0.866025 0.469847
vn -0.874424 -0.200819 -0.441649
vn 0.953734 -0.200819 0.223747
vn -0.171010 0.866025 0.469847
vn 0.953734 -0.200819 0.223747
vn 0.171010 -0.866025 -0.469847
vn -0.874424 -0.200819 -0.441649
vn 0.953734 -0.200819 0.223747
vn 0.200282 0.200819 0.958936
vn 0.498098 0.866025 -0.043578
vn -0.000000 1.000000 -0.000000
vn 0.084780 0.231886 0.969041
vn -0.498097 -0.866026 0.043578
vn 0.200282 0.200819 0.958936
vn 0.084780 0.231886 0.969041
vn -0.000000 -1.000000 -0.000000
vn 0.030722 0.200819 -0.979146
vn -0.498097 -0.866026 0.043578
vn -0.000000 -1.000000 -0.000000
vn -0.084780 0.231886 -0.969041
vn 0.030722 0.200819 -0.979146
vn -0.084780 0.231886 -0.969041
vn 0.355109 0.087441 0.930726
vn 0.914167 0.397368 -0.079979
vn 0.498098 0.866025 -0.043578
vn 0.200282 0.200819 0.958936
vn -0.932923 -0.350702 0.081621
vn 0.355109 0.087441 0.930726
vn 0.188096 0.087441 -0.978250
vn -0.932923 -0.350702 0.081621
vn 0.188096 0.087441 -0.978250
vn 0.030722 0.200819 -0.979146
vn 0.355130 -0.087429 0.930720
vn 0.914180 -0.397338 -0.079980
vn -0.932945 0.350645 0.081623
vn 0.355130 -0.087429 0.930720
vn 0.188119 -0.087429 -0.978247
vn -0.932945 0.350645 0.081623
vn 0.914180 -0.397338 -0.079980
vn 0.188119 -0.087429 -0.978247
vn -0.914167 -0.397368 0.079979
vn -0.188095 -0.087443 0.978250
vn -0.188118 0.087430 0.978247
vn -0.914180 0.397339 0.079981
vn 0.932925 0.350698 -0.081621
vn 0.932945 -0.350645 -0.081623
vn -0.188118 0.087430 0.978247
vn -0.188095 -0.087443 0.978250
vn 0.932925 0.350698 -0.081621
vn -0.355110 -0.087441 -0.930726
vn -0.355132 0.087430 -0.930719
vn 0.932945 -0.350645 -0.081623
vn -0.355110 -0.087441 -0.930726
vn -0.914180 0.397339 0.079981
vn -0.355132 0.087430 -0.930719
vn -0.030722 0.200819 0.979146
vn -0.498097 0.866025 0.043578
vn -0.914180 0.397339 0.079981
vn -0.188118 0.087430 0.978247
vn 0.498097 -0.866026 -0.043578
vn -0.030722 0.200819 0.979146
vn -0.188118 0.087430 0.978247
vn 0.932945 -0.350645 -0.081623
vn -0.200282 0.200819 -0.958936
vn 0.498097 -0.866026 -0.043578
vn 0.932945 -0.350645 -0.081623
vn -0.355132 0.087430 -0.930719
vn -0.200282 0.200819 -0.958936
vn -0.355132 0.087430 -0.930719
vn 0.200282 -0.200816 0.958937
vn 0.498098 -0.866025 -0.043578
vn 0.914180 -0.397338 -0.079980
vn 0.355130 -0.087429 0.930720
vn -0.498098 0.866025 0.043578
vn 0.200282 -0.200816 0.958937
vn 0.355130 -0.087429 0.930720
vn -0.932945 0.350645 0.081623
vn 0.030720 -0.200817 -0.979147
vn -0.498098 0.866025 0.043578
vn -0.932945 0.350645 0.081623
vn 0.188119 -0.087429 -0.978247
vn 0.030720 -0.200817 -0.979147
vn 0.188119 -0.087429 -0.978247
vn 0.084780 -0.231884 0.969042
vn -0.000002 -1.000000 -0.000000
vn -0.000000 1.000000 -0.000000
vn 0.084780 -0.231884 0.969042
vn -0.084781 -0.231885 -0.969042
vn -0.000000 1.000000 -0.000000
vn -0.084781 -0.231885 -0.969042
vn -0.030723 -0.200821 0.979146
vn -0.498099 -0.866024 0.043578
vn 0.498098 0.866025 -0.043578
vn -0.030723 -0.200821 0.979146
vn -0.200282 -0.200822 -0.958936
vn 0.498098 0.866025 -0.043578
vn -0.200282 -0.200822 -0.958936
vn -0.498099 -0.866024 0.043578
vn -0.030723 -0.200821 0.979146
vn -0.200282 -0.200822 -0.958936
vn -0.863326 0.200816 -0.462969
vn -0.286788 0.866026 0.409576
vn 0.000000 1.000000 0.000000
vn -0.796825 0.231883 -0.557943
vn 0.286789 -0.866025 -0.409576
vn -0.863326 0.200816 -0.462969
vn -0.796825 0.231883 -0.557943
vn 0.000000 -1.000000 0.000000
vn 0.730324 0.200816 0.652917
vn 0.286789 -0.866025 -0.409576
vn 0.000000 -1.000000 0.000000
vn 0.796825 0.231883 0.557943
vn 0.730324 0.200816 0.652917
vn 0.796825 0.231883 0.557943
vn -0.941238 0.087441 -0.326230
vn -0.526347 0.397368 0.751703
vn -0.286788 0.866026 0.409576
vn -0.863326 0.200816 -0.462969
vn 0.537147 -0.350701 -0.767126
vn -0.941238 0.087441 -0.326230
vn 0.628477 0.087441 0.772897
vn 0.537147 -0.350701 -0.767126
vn 0.628477 0.087441 0.772897
vn 0.730324 0.200816 0.652917
vn -0.941246 -0.087430 -0.326209
vn -0.526355 -0.397339 0.751713
vn 0.537158 0.350646 -0.767143
vn -0.941246 -0.087430 -0.326209
vn 0.628461 -0.087429 0.772912
vn 0.537158 0.350646 -0.767143
vn -0.526355 -0.397339 0.751713
vn 0.628461 -0.087429 0.772912
vn 0.526348 -0.397369 -0.751702
vn -0.628478 -0.087442 -0.772897
vn -0.628461 0.087431 -0.772912
vn 0.526355 0.397339 -0.751713
vn -0.537147 0.350699 0.767127
vn -0.537159 -0.350644 0.767143
vn -0.628461 0.087431 -0.772912
vn -0.628478 -0.087442 -0.772897
vn -0.537147 0.350699 0.767127
vn 0.941238 -0.087441 0.326229
vn 0.941246 0.087429 0.326208
vn -0.537159 -0.350644 0.767143
vn 0.941238 -0.087441 0.326229
vn 0.526355 0.397339 -0.751713
vn 0.941246 0.087429 0.326208
vn -0.730324 0.200816 -0.652917
vn 0.286788 0.866026 -0.409576
vn 0.526355 0.397339 -0.751713
vn -0.628461 0.087431 -0.772912
vn -0.286789 -0.866025 0.409576
vn -0.730324 0.200816 -0.652917
vn -0.628461 0.087431 -0.772912
vn -0.537159 -0.350644 0.767143
vn 0.863326 0.200816 0.462969
vn -0.286789 -0.866025 0.409576
vn -0.537159 -0.350644 0.767143
vn 0.941246 0.087429 0.326208
vn 0.863326 0.200816 0.462969
vn 0.941246 0.087429 0.326208
vn -0.863327 -0.200816 -0.462969
vn -0.286788 -0.866026 0.409576
vn -0.526355 -0.397339 0.751713
vn -0.941246 -0.087430 -0.326209
vn 0.286788 0.866025 -0.409576
vn -0.863327 -0.200816 -0.462969
vn -0.941246 -0.087430 -0.326209
vn 0.537158 0.350646 -0.767143
vn 0.730324 -0.200816 0.652916
vn 0.286788 0.866025 -0.409576
vn 0.537158 0.350646 -0.767143
vn 0.628461 -0.087429 0.772912
vn 0.730324 -0.200816 0.652916
vn 0.628461 -0.087429 0.772912
vn -0.796825 -0.231883 -0.557943
vn 0.000001 -1.000000 -0.000000
vn 0.000000 1.000000 0.000000
vn -0.796825 -0.231883 -0.557943
vn 0.796826 -0.231883 0.557942
vn 0.000000 1.000000 0.000000
vn 0.796826 -0.231883 0.557942
vn -0.730323 -0.200818 -0.652917
vn 0.286788 -0.866025 -0.409576
vn -0.286788 0.866025 0.409577
vn -0.730323 -0.200818 -0.652917
vn 0.863326 -0.200819 0.462968
vn -0.286788 0.866025 0.409577
vn 0.863326 -0.200819 0.462968
vn 0.286788 -0.866025 -0.409576
vn -0.730323 -0.200818 -0.652917
vn 0.863326 -0.200819 0.462968
vn -0.223749 0.200816 0.953734
vn 0.469846 0.866026 0.171010
vn -0.000000 1.000000 0.000000
vn -0.332698 0.231883 0.914080
vn -0.469847 -0.866025 -0.171011
vn -0.223749 0.200816 0.953734
vn -0.332698 0.231883 0.914080
vn 0.000000 -1.000000 -0.000000
vn 0.441648 0.200816 -0.874426
vn -0.469847 -0.866025 -0.171011
vn 0.000000 -1.000000 -0.000000
vn 0.332698 0.231883 -0.914080
vn 0.441648 0.200816 -0.874426
vn 0.332698 0.231883 -0.914080
vn -0.071503 0.087441 0.993600
vn 0.862318 0.397368 0.313858
vn 0.469846 0.866026 0.171010
vn -0.223749 0.200816 0.953734
vn -0.880011 -0.350701 -0.320297
vn -0.071503 0.087441 0.993600
vn 0.583900 0.087441 -0.807103
vn -0.880011 -0.350701 -0.320297
vn 0.583900 0.087441 -0.807103
vn 0.441648 0.200816 -0.874426
vn -0.071481 -0.087430 0.993603
vn 0.862330 -0.397339 0.313862
vn -0.880030 0.350646 -0.320304
vn -0.071481 -0.087430 0.993603
vn 0.583919 -0.087429 -0.807090
vn -0.880030 0.350646 -0.320304
vn 0.862330 -0.397339 0.313862
vn 0.583919 -0.087429 -0.807090
vn -0.862317 -0.397369 -0.313858
vn -0.583899 -0.087442 0.807103
vn -0.583918 0.087430 0.807091
vn -0.862330 0.397339 -0.313862
vn 0.880011 0.350699 0.320298
vn 0.880030 -0.350644 0.320305
vn -0.583918 0.087430 0.807091
vn -0.583899 -0.087442 0.807103
vn 0.880011 0.350699 0.320298
vn 0.071502 -0.087441 -0.993600
vn 0.071480 0.087429 -0.993603
vn 0.880030 -0.350644 0.320305
vn 0.071502 -0.087441 -0.993600
vn -0.862330 0.397339 -0.313862
vn 0.071480 0.087429 -0.993603
vn -0.441647 0.200816 0.874426
vn -0.469846 0.866026 -0.171010
vn -0.862330 0.397339 -0.313862
vn -0.583918 0.087430 0.807091
vn 0.469847 -0.866025 0.171010
vn -0.441647 0.200816 0.874426
vn -0.583918 0.087430 0.807091
vn 0.880030 -0.350644 0.320305
vn 0.223749 0.200816 -0.953734
vn 0.469847 -0.866025 0.171010
vn 0.880030 -0.350644 0.320305
vn 0.071480 0.087429 -0.993603
vn 0.223749 0.200816 -0.953734
vn 0.071480 0.087429 -0.993603
vn -0.223748 -0.200816 0.953735
vn 0.469846 -0.866026 0.171010
vn 0.862330 -0.397339 0.313862
vn -0.071481 -0.087430 0.993603
vn -0.469847 0.866025 -0.171010
vn -0.223748 -0.200816 0.953735
vn -0.071481 -0.087430 0.993603
vn -0.880030 0.350646 -0.320304
vn 0.441647 -0.200816 -0.874426
vn -0.469847 0.866025 -0.171010
vn -0.880030 0.350646 -0.320304
vn 0.583919 -0.087429 -0.807090
vn 0.441647 -0.200816 -0.874426
vn 0.583919 -0.087429 -0.807090
vn -0.332698 -0.231883 0.914080
vn -0.000001 -1.000000 -0.000001
vn 0.000000 1.000000 -0.000000
vn -0.332698 -0.231883 0.914080
vn 0.332697 -0.231883 -0.914080
vn 0.000000 1.000000 -0.000000
vn 0.332697 -0.231883 -0.914080
vn -0.441648 -0.200818 0.874425
vn -0.469847 -0.866025 -0.171010
vn 0.469847 0.866025 0.171010
vn -0.441648 -0.200818 0.874425
vn 0.223748 -0.200819 -0.953734
vn 0.469847 0.866025 0.171010
vn 0.223748 -0.200819 -0.953734
vn -0.469847 -0.866025 -0.171010
vn -0.441648 -0.200818 0.874425
vn 0.223748 -0.200819 -0.953734
vn -0.972744 0.200816 0.115941
vn 0.000000 0.866026 0.499999
vn -0.000000 1.000000 -0.000000
vn -0.972744 0.231883 0.000000
vn 0.000000 -0.866025 -0.500000
vn -0.972744 0.200816 0.115941
vn -0.972744 0.231883 0.000000
vn 0.000000 -1.000000 0.000000
vn 0.972744 0.200816 0.115942
vn 0.000000 -0.866025 -0.500000
vn 0.000000 -1.000000 0.000000
vn 0.972744 0.231883 -0.000000
vn 0.972744 0.200816 0.115942
vn 0.972744 0.231883 -0.000000
vn -0.958134 0.087441 0.272640
vn 0.000000 0.397368 0.917659
vn 0.000000 0.866026 0.499999
vn -0.972744 0.200816 0.115941
vn -0.000001 -0.350701 -0.936487
vn -0.958134 0.087441 0.272640
vn 0.958134 0.087441 0.272641
vn -0.000001 -0.350701 -0.936487
vn 0.958134 0.087441 0.272641
vn 0.972744 0.200816 0.115942
vn -0.958129 -0.087430 0.272662
vn 0.000000 -0.397339 0.917672
vn -0.000001 0.350646 -0.936508
vn -0.958129 -0.087430 0.272662
vn 0.958129 -0.087429 0.272663
vn -0.000001 0.350646 -0.936508
vn 0.000000 -0.397339 0.917672
vn 0.958129 -0.087429 0.272663
vn 0.000000 -0.397369 -0.917659
vn -0.958134 -0.087442 -0.272640
vn -0.958129 0.087431 -0.272662
vn 0.000000 0.397339 -0.917672
vn 0.000000 0.350699 0.936488
vn -0.000000 -0.350644 0.936509
vn -0.958129 0.087431 -0.272662
vn -0.958134 -0.087442 -0.272640
vn 0.000000 0.350699 0.936488
vn 0.958134 -0.087441 -0.272641
vn 0.958129 0.087429 -0.272663
vn -0.000000 -0.350644 0.936509
vn 0.958134 -0.087441 -0.272641
vn 0.000000 0.397339 -0.917672
vn 0.958129 0.087429 -0.272663
vn -0.972744 0.200816 -0.115942
vn -0.000000 0.866026 -0.500000
vn 0.000000 0.397339 -0.917672
vn -0.958129 0.087431 -0.272662
vn -0.000000 -0.866025 0.500000
vn -0.972744 0.200816 -0.115942
vn -0.958129 0.087431 -0.272662
vn -0.000000 -0.350644 0.936509
vn 0.972744 0.200816 -0.115941
vn -0.000000 -0.866025 0.500000
vn -0.000000 -0.350644 0.936509
vn 0.958129 0.087429 -0.272663
vn 0.972744 0.200816 -0.115941
vn 0.958129 0.087429 -0.272663
vn -0.972744 -0.200816 0.115942
vn -0.000000 -0.866026 0.499999
vn 0.000000 -0.397339 0.917672
vn -0.958129 -0.087430 0.272662
vn -0.000000 0.866025 -0.500000
vn -0.972744 -0.200816 0.115942
vn -0.958129 -0.087430 0.272662
vn -0.000001 0.350646 -0.936508
vn 0.972744 -0.200816 0.115941
vn -0.000000 0.866025 -0.500000
vn -0.000001 0.350646 -0.936508
vn 0.958129 -0.087429 0.272663
vn 0.972744 -0.200816 0.115941
vn 0.958129 -0.087429 0.272663
vn -0.972744 -0.231883 -0.000000
vn 0.000000 -1.000000 -0.000001
vn 0.000000 1.000000 -0.000000
vn -0.972744 -0.231883 -0.000000
vn 0.972744 -0.231883 -0.000001
vn 0.000000 1.000000 -0.000000
vn 0.972744 -0.231883 -0.000001
vn -0.972743 -0.200818 -0.115943
vn 0.000000 -0.866025 -0.500000
vn 0.000000 0.866025 0.500000
vn -0.972743 -0.200818 -0.115943
vn 0.972743 -0.200819 -0.115942
vn 0.000000 0.866025 0.500000
vn 0.972743 -0.200819 -0.115942
vn 0.000000 -0.866025 -0.500000
vn -0.972743 -0.200818 -0.115943
vn 0.972743 -0.200819 -0.115942
vn -0.223749 0.200816 0.953734
vn 0.469846 0.866026 0.171010
vn -0.000000 1.000000 -0.000000
vn -0.332698 0.231883 0.914080
vn -0.469847 -0.866025 -0.171011
vn -0.223749 0.200816 0.953734
vn -0.332698 0.231883 0.914080
vn 0.000000 -1.000000 -0.000000
vn 0.441648 0.200816 -0.874426
vn -0.469847 -0.866025 -0.171011
vn 0.000000 -1.000000 -0.000000
vn 0.332698 0.231883 -0.914080
vn 0.441648 0.200816 -0.874426
vn 0.332698 0.231883 -0.914080
vn -0.071503 0.087441 0.993600
vn 0.862318 0.397368 0.313858
vn 0.469846 0.866026 0.171010
vn -0.223749 0.200816 0.953734
vn -0.880011 -0.350701 -0.320297
vn -0.071503 0.087441 0.993600
vn 0.583900 0.087442 -0.807103
vn -0.880011 -0.350701 -0.320297
vn 0.583900 0.087442 -0.807103
vn 0.441648 0.200816 -0.874426
vn -0.071482 -0.087430 0.993603
vn 0.862330 -0.397339 0.313862
vn -0.880030 0.350646 -0.320304
vn -0.071482 -0.087430 0.993603
vn 0.583919 -0.087429 -0.807091
vn -0.880030 0.350646 -0.320304
vn 0.862330 -0.397339 0.313862
vn 0.583919 -0.087429 -0.807091
vn -0.862317 -0.397369 -0.313858
vn -0.583899 -0.087442 0.807103
vn -0.583918 0.087431 0.807091
vn -0.862330 0.397339 -0.313862
vn 0.880011 0.350699 0.320298
vn 0.880030 -0.350644 0.320305
vn -0.583918 0.087431 0.807091
vn -0.583899 -0.087442 0.807103
vn 0.880011 0.350699 0.320298
vn 0.071502 -0.087441 -0.993600
vn 0.071480 0.087429 -0.993603
vn 0.880030 -0.350644 0.320305
vn 0.071502 -0.087441 -0.993600
vn -0.862330 0.397339 -0.313862
vn 0.071480 0.087429 -0.993603
vn -0.441647 0.200816 0.874426
vn -0.469846 0.866026 -0.171010
vn -0.862330 0.397339 -0.313862
vn -0.583918 0.087431 0.807091
vn 0.469847 -0.866025 0.171010
vn -0.441647 0.200816 0.874426
vn -0.583918 0.087431 0.807091
vn 0.880030 -0.350644 0.320305
vn 0.223749 0.200816 -0.953734
vn 0.469847 -0.866025 0.171010
vn 0.880030 -0.350644 0.320305
vn 0.071480 0.087429 -0.993603
vn 0.223749 0.200816 -0.953734
vn 0.071480 0.087429 -0.993603
vn -0.223749 -0.200816 0.953735
vn 0.469846 -0.866026 0.171010
vn 0.862330 -0.397339 0.313862
vn -0.071482 -0.087430 0.993603
vn -0.469847 0.866025 -0.171010
vn -0.223749 -0.200816 0.953735
vn -0.071482 -0.087430 0.993603
vn -0.880030 0.350646 -0.320304
vn 0.441647 -0.200816 -0.874426
vn -0.469847 0.866025 -0.171010
vn -0.880030 0.350646 -0.320304
vn 0.583919 -0.087429 -0.807091
vn 0.441647 -0.200816 -0.874426
vn 0.583919 -0.087429 -0.807091
vn -0.332698 -0.231883 0.914080
vn -0.000001 -1.000000 -0.000001
vn 0.000000 1.000000 -0.000000
vn -0.332698 -0.231883 0.914080
vn 0.332697 -0.231883 -0.914080
vn 0.000000 1.000000 -0.000000
vn 0.332697 -0.231883 -0.914080
vn -0.441648 -0.200818 0.874425
vn -0.469846 -0.866025 -0.171010
vn 0.469847 0.866025 0.171010
vn -0.441648 -0.200818 0.874425
vn 0.223748 -0.200819 -0.953734
vn 0.469847 0.866025 0.171010
vn 0.223748 -0.200819 -0.953734
vn -0.469846 -0.866025 -0.171010
vn -0.441648 -0.200818 0.874425
vn 0.223748 -0.200819 -0.953734
vn 0.200280 0.200816 0.958937
vn 0.498097 0.866026 -0.043578
vn -0.000000 1.000000 0.000000
vn 0.084780 0.231883 0.969042
vn -0.498098 -0.866025 0.043577
vn 0.200280 0.200816 0.958937
vn 0.084780 0.231883 0.969042
vn 0.000000 -1.000000 -0.000000
vn 0.030720 0.200816 -0.979147
vn -0.498098 -0.866025 0.043577
vn 0.000000 -1.000000 -0.000000
vn -0.084780 0.231883 -0.969042
vn 0.030720 0.200816 -0.979147
vn -0.084780 0.231883 -0.969042
vn 0.355109 0.087441 0.930726
vn 0.914167 0.397368 -0.079980
vn 0.498097 0.866026 -0.043578
vn 0.200280 0.200816 0.958937
vn -0.932924 -0.350701 0.081621
vn 0.355109 0.087441 0.930726
vn 0.188097 0.087441 -0.978250
vn -0.932924 -0.350701 0.081621
vn 0.188097 0.087441 -0.978250
vn 0.030720 0.200816 -0.979147
vn 0.355134 -0.087437 0.930717
vn 0.914182 -0.397333 -0.079980
vn -0.932945 0.350644 0.081623
vn 0.355134 -0.087437 0.930717
vn 0.188123 -0.087435 -0.978246
vn -0.932945 0.350644 0.081623
vn 0.914182 -0.397333 -0.079980
vn 0.188123 -0.087435 -0.978246
vn -0.914170 -0.397363 0.079979
vn -0.188100 -0.087448 0.978249
vn -0.188118 0.087431 0.978247
vn -0.914180 0.397339 0.079980
vn 0.932925 0.350697 -0.081621
vn 0.932945 -0.350644 -0.081622
vn -0.188118 0.087431 0.978247
vn -0.188100 -0.087448 0.978249
vn 0.932925 0.350697 -0.081621
vn -0.355114 -0.087449 -0.930724
vn -0.355132 0.087429 -0.930719
vn 0.932945 -0.350644 -0.081622
vn -0.355114 -0.087449 -0.930724
vn -0.914180 0.397339 0.079980
vn -0.355132 0.087429 -0.930719
vn -0.030720 0.200816 0.979147
vn -0.498097 0.866026 0.043578
vn -0.914180 0.397339 0.079980
vn -0.188118 0.087431 0.978247
vn 0.498098 -0.866025 -0.043578
vn -0.030720 0.200816 0.979147
vn -0.188118 0.087431 0.978247
vn 0.932945 -0.350644 -0.081622
vn -0.200280 0.200816 -0.958937
vn 0.498098 -0.866025 -0.043578
vn 0.932945 -0.350644 -0.081622
vn -0.355132 0.087429 -0.930719
vn -0.200280 0.200816 -0.958937
vn -0.355132 0.087429 -0.930719
vn 0.200284 -0.200823 0.958935
vn 0.498099 -0.866024 -0.043577
vn 0.914182 -0.397333 -0.079980
vn 0.355134 -0.087437 0.930717
vn -0.498099 0.866025 0.043579
vn 0.200284 -0.200823 0.958935
vn 0.355134 -0.087437 0.930717
vn -0.932945 0.350644 0.081623
vn 0.030724 -0.200822 -0.979146
vn -0.498099 0.866025 0.043579
vn -0.932945 0.350644 0.081623
vn 0.188123 -0.087435 -0.978246
vn 0.030724 -0.200822 -0.979146
vn 0.188123 -0.087435 -0.978246
vn 0.084782 -0.231885 0.969042
vn -0.000000 -1.000000 -0.000000
vn -0.000000 1.000000 -0.000000
vn 0.084782 -0.231885 0.969042
vn -0.084782 -0.231885 -0.969042
vn -0.000000 1.000000 -0.000000
vn -0.084782 -0.231885 -0.969042
vn -0.030724 -0.200822 0.979146
vn -0.498099 -0.866024 0.043577
vn 0.498099 0.866025 -0.043579
vn -0.030724 -0.200822 0.979146
vn -0.200284 -0.200823 -0.958935
vn 0.498099 0.866025 -0.043579
vn -0.200284 -0.200823 -0.958935
vn -0.498099 -0.866024 0.043577
vn -0.030724 -0.200822 0.979146
vn -0.200284 -0.200823 -0.958935
vn -0.958937 0.200816 0.200280
vn 0.043578 0.866026 0.498097
vn 0.000000 1.000000 -0.000000
vn -0.969042 0.231883 0.084780
vn -0.043578 -0.866025 -0.498098
vn -0.958937 0.200816 0.200280
vn -0.969042 0.231883 0.084780
vn 0.000000 -1.000000 0.000000
vn 0.979147 0.200816 0.030720
vn -0.043578 -0.866025 -0.498098
vn 0.000000 -1.000000 0.000000
vn 0.969042 0.231883 -0.084780
vn 0.979147 0.200816 0.030720
vn 0.969042 0.231883 -0.084780
vn -0.930726 0.087441 0.355110
vn 0.079980 0.397368 0.914167
vn 0.043578 0.866026 0.498097
vn -0.958937 0.200816 0.200280
vn -0.081621 -0.350701 -0.932924
vn -0.930726 0.087441 0.355110
vn 0.978250 0.087441 0.188097
vn -0.081621 -0.350701 -0.932924
vn 0.978250 0.087441 0.188097
vn 0.979147 0.200816 0.030720
vn -0.930719 -0.087430 0.355131
vn 0.079981 -0.397339 0.914180
vn -0.081623 0.350646 -0.932944
vn -0.930719 -0.087430 0.355131
vn 0.978247 -0.087429 0.188119
vn -0.081623 0.350646 -0.932944
vn 0.079981 -0.397339 0.914180
vn 0.978247 -0.087429 0.188119
vn -0.079979 -0.397369 -0.914167
vn -0.978250 -0.087442 -0.188096
vn -0.978247 0.087431 -0.188118
vn -0.079980 0.397339 -0.914180
vn 0.081621 0.350699 0.932925
vn 0.081622 -0.350644 0.932945
vn -0.978247 0.087431 -0.188118
vn -0.978250 -0.087442 -0.188096
vn 0.081621 0.350699 0.932925
vn 0.930726 -0.087441 -0.355110
vn 0.930719 0.087429 -0.355132
vn 0.081622 -0.350644 0.932945
vn 0.930726 -0.087441 -0.355110
vn -0.079980 0.397339 -0.914180
vn 0.930719 0.087429 -0.355132
vn -0.979147 0.200816 -0.030720
vn -0.043578 0.866026 -0.498097
vn -0.079980 0.397339 -0.914180
vn -0.978247 0.087431 -0.188118
vn 0.043578 -0.866025 0.498098
vn -0.979147 0.200816 -0.030720
vn -0.978247 0.087431 -0.188118
vn 0.081622 -0.350644 0.932945
vn 0.958937 0.200816 -0.200280
vn 0.043578 -0.866025 0.498098
vn 0.081622 -0.350644 0.932945
vn 0.930719 0.087429 -0.355132
vn 0.958937 0.200816 -0.200280
vn 0.930719 0.087429 -0.355132
vn -0.958937 -0.200816 0.200281
vn 0.043578 -0.866026 0.498097
vn 0.079981 -0.397339 0.914180
vn -0.930719 -0.087430 0.355131
vn -0.043578 0.866025 -0.498098
vn -0.958937 -0.200816 0.200281
vn -0.930719 -0.087430 0.355131
vn -0.081623 0.350646 -0.932944
vn 0.979147 -0.200816 0.030720
vn -0.043578 0.866025 -0.498098
vn -0.081623 0.350646 -0.932944
vn 0.978247 -0.087429 0.188119
vn 0.979147 -0.200816 0.030720
vn 0.978247 -0.087429 0.188119
vn -0.969042 -0.231883 0.084780
vn 0.000000 -1.000000 -0.000001
vn 0.000000 1.000000 -0.000000
vn -0.969042 -0.231883 0.084780
vn 0.969042 -0.231883 -0.084781
vn 0.000000 1.000000 -0.000000
vn 0.969042 -0.231883 -0.084781
vn -0.979147 -0.200818 -0.030721
vn -0.043578 -0.866025 -0.498098
vn 0.043578 0.866025 0.498098
vn -0.979147 -0.200818 -0.030721
vn 0.958937 -0.200819 -0.200281
vn 0.043578 0.866025 0.498098
vn 0.958937 -0.200819 -0.200281
vn -0.043578 -0.866025 -0.498098
vn -0.979147 -0.200818 -0.030721
vn 0.958937 -0.200819 -0.200281
vn -0.306021 0.200816 0.930604
vn 0.453154 0.866026 0.211309
vn -0.000000 1.000000 -0.000000
vn -0.411099 0.231884 0.881605
vn -0.453152 -0.866027 -0.211308
vn -0.306021 0.200816 0.930604
vn -0.411099 0.231884 0.881605
vn 0.000000 -1.000000 -0.000000
vn 0.516179 0.200816 -0.832606
vn -0.453152 -0.866027 -0.211308
vn 0.000000 -1.000000 -0.000000
vn 0.411099 0.231884 -0.881605
vn 0.516179 0.200816 -0.832606
vn 0.411099 0.231884 -0.881605
vn -0.157828 0.087444 0.983587
vn 0.831683 0.397366 0.387819
vn 0.453154 0.866026 0.211309
vn -0.306021 0.200816 0.930604
vn -0.848746 -0.350702 -0.395776
vn -0.157828 0.087444 0.983587
vn 0.652022 0.087445 -0.753140
vn -0.848746 -0.350702 -0.395776
vn 0.652022 0.087445 -0.753140
vn 0.516179 0.200816 -0.832606
vn -0.157806 -0.087434 0.983592
vn 0.831694 -0.397336 0.387826
vn -0.848764 0.350647 -0.395784
vn -0.157806 -0.087434 0.983592
vn 0.652040 -0.087432 -0.753126
vn -0.848764 0.350647 -0.395784
vn 0.831694 -0.397336 0.387826
vn 0.652040 -0.087432 -0.753126
vn -0.831682 -0.397365 -0.387821
vn -0.652022 -0.087445 0.753141
vn -0.652039 0.087434 0.753127
vn -0.831695 0.397336 -0.387825
vn 0.848746 0.350701 0.395777
vn 0.848765 -0.350646 0.395785
vn -0.652039 0.087434 0.753127
vn -0.652022 -0.087445 0.753141
vn 0.848746 0.350701 0.395777
vn 0.157827 -0.087445 -0.983587
vn 0.157805 0.087432 -0.983592
vn 0.848765 -0.350646 0.395785
vn 0.157827 -0.087445 -0.983587
vn -0.831695 0.397336 -0.387825
vn 0.157805 0.087432 -0.983592
vn -0.516179 0.200815 0.832606
vn -0.453154 0.866026 -0.211309
vn -0.831695 0.397336 -0.387825
vn -0.652039 0.087434 0.753127
vn 0.453152 -0.866027 0.211308
vn -0.516179 0.200815 0.832606
vn -0.652039 0.087434 0.753127
vn 0.848765 -0.350646 0.395785
vn 0.306021 0.200816 -0.930604
vn 0.453152 -0.866027 0.211308
vn 0.848765 -0.350646 0.395785
vn 0.157805 0.087432 -0.983592
vn 0.306021 0.200816 -0.930604
vn 0.157805 0.087432 -0.983592
vn -0.306019 -0.200816 0.930605
vn 0.453153 -0.866026 0.211309
vn 0.831694 -0.397336 0.387826
vn -0.157806 -0.087434 0.983592
vn -0.453152 0.866027 -0.211309
vn -0.306019 -0.200816 0.930605
vn -0.157806 -0.087434 0.983592
vn -0.848764 0.350647 -0.395784
vn 0.516177 -0.200816 -0.832607
vn -0.453152 0.866027 -0.211309
vn -0.848764 0.350647 -0.395784
vn 0.652040 -0.087432 -0.753126
vn 0.516177 -0.200816 -0.832607
vn 0.652040 -0.087432 -0.753126
vn -0.411100 -0.231884 0.881605
vn 0.000000 -1.000000 -0.000000
vn 0.000000 1.000000 -0.000000
vn -0.411100 -0.231884 0.881605
vn 0.411100 -0.231884 -0.881605
vn 0.000000 1.000000 -0.000000
vn 0.411100 -0.231884 -0.881605
vn -0.516177 -0.200816 0.832607
vn -0.453153 -0.866026 -0.211310
vn 0.453152 0.866027 0.211308
vn -0.516177 -0.200816 0.832607
vn 0.306019 -0.200816 -0.930605
vn 0.453152 0.866027 0.211308
vn 0.306019 -0.200816 -0.930605
vn -0.453153 -0.866026 -0.211310
vn -0.516177 -0.200816 0.832607
vn 0.306019 -0.200816 -0.930605
vn -0.958937 0.200816 0.200280
vn 0.043578 0.866026 0.498097
vn 0.000000 1.000000 -0.000000
vn -0.969042 0.231884 0.084781
vn -0.043578 -0.866027 -0.498095
vn -0.958937 0.200816 0.200280
vn -0.969042 0.231884 0.084781
vn 0.000000 -1.000000 0.000000
vn 0.979147 0.200816 0.030721
vn -0.043578 -0.866027 -0.498095
vn 0.000000 -1.000000 0.000000
vn 0.969042 0.231884 -0.084781
vn 0.979147 0.200816 0.030721
vn 0.969042 0.231884 -0.084781
vn -0.930725 0.087444 0.355111
vn 0.079980 0.397366 0.914168
vn 0.043578 0.866026 0.498097
vn -0.958937 0.200816 0.200280
vn -0.081621 -0.350702 -0.932923
vn -0.930725 0.087444 0.355111
vn 0.978250 0.087445 0.188098
vn -0.081621 -0.350702 -0.932923
vn 0.978250 0.087445 0.188098
vn 0.979147 0.200816 0.030721
vn -0.930718 -0.087434 0.355132
vn 0.079980 -0.397336 0.914181
vn -0.081623 0.350647 -0.932944
vn -0.930718 -0.087434 0.355132
vn 0.978247 -0.087432 0.188120
vn -0.081623 0.350647 -0.932944
vn 0.079980 -0.397336 0.914181
vn 0.978247 -0.087432 0.188120
vn -0.079979 -0.397365 -0.914169
vn -0.978250 -0.087445 -0.188097
vn -0.978247 0.087435 -0.188119
vn -0.079981 0.397336 -0.914181
vn 0.081620 0.350701 0.932924
vn 0.081622 -0.350646 0.932944
vn -0.978247 0.087435 -0.188119
vn -0.978250 -0.087445 -0.188097
vn 0.081620 0.350701 0.932924
vn 0.930725 -0.087445 -0.355112
vn 0.930718 0.087432 -0.355133
vn 0.081622 -0.350646 0.932944
vn 0.930725 -0.087445 -0.355112
vn -0.079981 0.397336 -0.914181
vn 0.930718 0.087432 -0.355133
vn -0.979147 0.200815 -0.030721
vn -0.043578 0.866026 -0.498097
vn -0.079981 0.397336 -0.914181
vn -0.978247 0.087435 -0.188119
vn 0.043578 -0.866027 0.498095
vn -0.979147 0.200815 -0.030721
vn -0.978247 0.087435 -0.188119
vn 0.081622 -0.350646 0.932944
vn 0.958937 0.200816 -0.200280
vn 0.043578 -0.866027 0.498095
vn 0.081622 -0.350646 0.932944
vn 0.930718 0.087432 -0.355133
vn 0.958937 0.200816 -0.200280
vn 0.930718 0.087432 -0.355133
vn -0.958937 -0.200816 0.200282
vn 0.043577 -0.866026 0.498097
vn 0.079980 -0.397336 0.914181
vn -0.930718 -0.087434 0.355132
vn -0.043577 0.866027 -0.498095
vn -0.958937 -0.200816 0.200282
vn -0.930718 -0.087434 0.355132
vn -0.081623 0.350647 -0.932944
vn 0.979147 -0.200816 0.030719
vn -0.043577 0.866027 -0.498095
vn -0.081623 0.350647 -0.932944
vn 0.978247 -0.087432 0.188120
vn 0.979147 -0.200816 0.030719
vn 0.978247 -0.087432 0.188120
vn -0.969042 -0.231884 0.084780
vn 0.000000 -1.000000 -0.000000
vn 0.000000 1.000000 -0.000000
vn -0.969042 -0.231884 0.084780
vn 0.969042 -0.231884 -0.084780
vn 0.000000 1.000000 -0.000000
vn 0.969042 -0.231884 -0.084780
vn -0.979147 -0.200816 -0.030719
vn -0.043577 -0.866026 -0.498097
vn 0.043578 0.866027 0.498095
vn -0.979147 -0.200816 -0.030719
vn 0.958937 -0.200816 -0.200282
vn 0.043578 0.866027 0.498095
vn 0.958937 -0.200816 -0.200282
vn -0.043577 -0.866026 -0.498097
vn -0.979147 -0.200816 -0.030719
vn 0.958937 -0.200816 -0.200282
vn -0.930604 0.200816 -0.306021
vn -0.211309 0.866026 0.453154
vn 0.000000 1.000000 -0.000000
vn -0.881605 0.231884 -0.411099
vn 0.211308 -0.866027 -0.453152
vn -0.930604 0.200816 -0.306021
vn -0.881605 0.231884 -0.411099
vn 0.000000 -1.000000 0.000000
vn 0.832606 0.200816 0.516179
vn 0.211308 -0.866027 -0.453152
vn 0.000000 -1.000000 0.000000
vn 0.881605 0.231884 0.411099
vn 0.832606 0.200816 0.516179
vn 0.881605 0.231884 0.411099
vn -0.983587 0.087444 -0.157828
vn -0.387819 0.397366 0.831683
vn -0.211309 0.866026 0.453154
vn -0.930604 0.200816 -0.306021
vn 0.395776 -0.350702 -0.848746
vn -0.983587 0.087444 -0.157828
vn 0.753140 0.087445 0.652022
vn 0.395776 -0.350702 -0.848746
vn 0.753140 0.087445 0.652022
vn 0.832606 0.200816 0.516179
vn -0.832606 0.200816 -0.516179
vn 0.211309 0.866026 -0.453154
vn 0.387825 0.397336 -0.831694
vn -0.753127 0.087435 -0.652039
vn -0.211308 -0.866027 0.453152
vn -0.832606 0.200816 -0.516179
vn -0.753127 0.087435 -0.652039
vn -0.395786 -0.350646 0.848765
vn 0.930604 0.200816 0.306021
vn -0.211308 -0.866027 0.453152
vn -0.395786 -0.350646 0.848765
vn 0.983592 0.087432 0.157805
vn 0.930604 0.200816 0.306021
vn 0.983592 0.087432 0.157805
vn -0.983592 -0.087434 -0.157806
vn -0.387826 -0.397336 0.831694
vn 0.395784 0.350647 -0.848764
vn -0.983592 -0.087434 -0.157806
vn 0.753126 -0.087432 0.652040
vn 0.395784 0.350647 -0.848764
vn 0.753126 -0.087432 0.652040
vn -0.930605 -0.200816 -0.306020
vn -0.211309 -0.866026 0.453153
vn -0.387826 -0.397336 0.831694
vn -0.983592 -0.087434 -0.157806
vn 0.211309 0.866027 -0.453152
vn -0.930605 -0.200816 -0.306020
vn 0.832607 -0.200816 0.516177
vn 0.211309 0.866027 -0.453152
vn 0.832607 -0.200816 0.516177
vn 0.753126 -0.087432 0.652040
vn -0.881605 -0.231884 -0.411100
vn -0.000000 -1.000000 -0.000000
vn 0.000000 1.000000 0.000000
vn -0.881605 -0.231884 -0.411100
vn 0.881605 -0.231884 0.411100
vn 0.000000 1.000000 0.000000
vn 0.881605 -0.231884 0.411100
vn -0.832607 -0.200816 -0.516177
vn 0.211309 -0.866026 -0.453153
vn -0.211308 0.866027 0.453152
vn -0.832607 -0.200816 -0.516177
vn 0.930605 -0.200816 0.306019
vn -0.211308 0.866027 0.453152
vn 0.930605 -0.200816 0.306019
vn -0.753141 -0.087445 -0.652022
vn 0.387821 -0.397365 -0.831682
vn 0.211309 -0.866026 -0.453153
vn -0.832607 -0.200816 -0.516177
vn -0.395777 0.350700 0.848746
vn -0.753141 -0.087445 -0.652022
vn 0.983587 -0.087445 0.157827
vn -0.395777 0.350700 0.848746
vn 0.983587 -0.087445 0.157827
vn 0.930605 -0.200816 0.306019
vn -0.753127 0.087435 -0.652039
vn 0.387825 0.397336 -0.831694
vn 0.983592 0.087432 0.157805
vn 0.117100 0.202823 0.972188
vn 0.500000 0.866026 -0.000000
vn -0.000000 1.000000 -0.000000
vn -0.000000 0.234199 0.972189
vn -0.500000 -0.866025 -0.000000
vn 0.117100 0.202823 0.972188
vn -0.000000 0.234199 0.972189
vn 0.000000 -1.000000 -0.000000
vn 0.117100 0.202824 -0.972188
vn -0.500000 -0.866025 -0.000000
vn 0.000000 -1.000000 -0.000000
vn 0.000000 0.234199 -0.972189
vn 0.117100 0.202824 -0.972188
vn 0.000000 0.234199 -0.972189
vn 0.202823 0.117100 0.972188
vn 0.866025 0.500000 0.000000
vn 0.500000 0.866026 -0.000000
vn 0.117100 0.202823 0.972188
vn -0.866025 -0.500000 -0.000000
vn 0.202823 0.117100 0.972188
vn 0.202824 0.117100 -0.972188
vn -0.866025 -0.500000 -0.000000
vn 0.202824 0.117100 -0.972188
vn 0.117100 0.202824 -0.972188
vn 0.233741 0.062631 0.970280
vn 0.965926 0.258819 0.000000
vn -0.965926 -0.258819 -0.000000
vn 0.233741 0.062631 0.970280
vn 0.233741 0.062631 -0.970280
vn -0.965926 -0.258819 -0.000000
vn 0.233741 0.062631 -0.970280
vn -0.202824 0.117100 0.972188
vn -0.866025 0.500000 -0.000000
vn -0.965926 0.258819 0.000000
vn -0.233741 0.062631 0.970280
vn 0.866025 -0.500000 0.000000
vn -0.202824 0.117100 0.972188
vn -0.233741 0.062631 0.970280
vn 0.965926 -0.258819 -0.000000
vn -0.202823 0.117100 -0.972188
vn 0.866025 -0.500000 0.000000
vn 0.965926 -0.258819 -0.000000
vn -0.233741 0.062631 -0.970280
vn -0.202823 0.117100 -0.972188
vn -0.233741 0.062631 -0.970280
vn -0.117100 0.202824 0.972188
vn -0.500000 0.866025 0.000000
vn -0.866025 0.500000 -0.000000
vn -0.202824 0.117100 0.972188
vn 0.500000 -0.866025 0.000000
vn -0.117100 0.202824 0.972188
vn -0.117100 0.202823 -0.972188
vn 0.500000 -0.866025 0.000000
vn -0.117100 0.202823 -0.972188
vn -0.202823 0.117100 -0.972188
vn -0.234201 -0.000000 0.972188
vn -0.202823 0.117100 -0.972188
vn -0.202823 0.117100 -0.972188
vn -0.202824 0.117100 -0.972188
vn -0.202824 0.117100 -0.972188
vn -0.917672 0.397339 0.000000
vn -0.917672 0.397339 0.000000
vn -0.917672 0.397339 -0.000000
vn -0.917672 0.397339 -0.000000
vn -0.914180 0.397339 0.079980
vn -0.914180 0.397339 0.079980
vn -0.914180 0.397339 0.079981
vn -0.914180 0.397339 0.079981
vn -0.862330 0.397339 -0.313862
vn -0.862330 0.397339 -0.313862
vn -0.862330 0.397339 -0.313862
vn -0.862330 0.397339 -0.313862
vn -0.831695 0.397336 -0.387825
vn -0.831695 0.397336 -0.387825
vn -0.355114 -0.087449 -0.930724
vn -0.355114 -0.087449 -0.930724
vn -0.355132 0.087429 -0.930719
vn -0.355110 -0.087441 -0.930726
vn -0.355110 -0.087441 -0.930726
vn -0.355132 0.087430 -0.930719
vn -0.583899 -0.087442 0.807103
vn -0.583899 -0.087442 0.807103
vn -0.583899 -0.087442 0.807103
vn -0.583899 -0.087442 0.807103
vn -0.272640 -0.087442 0.958134
vn -0.272640 -0.087442 0.958134
vn -0.272641 -0.087441 -0.958134
vn -0.272641 -0.087441 -0.958134
vn -0.272663 0.087430 -0.958129
vn -0.272640 -0.087443 0.958134
vn -0.272640 -0.087443 0.958134
vn -0.272641 -0.087442 -0.958134
vn -0.272641 -0.087442 -0.958134
vn -0.272663 0.087430 -0.958129
vn -0.652022 -0.087445 0.753141
vn -0.652022 -0.087445 0.753141
vn -0.188100 -0.087448 0.978249
vn -0.188100 -0.087448 0.978249
vn -0.188095 -0.087443 0.978250
vn -0.188095 -0.087443 0.978250
vn -0.117100 0.202824 0.972188
vn -0.117100 0.202824 0.972188
vn 0.071480 0.087429 -0.993603
vn 0.071480 0.087429 -0.993603
vn 0.071502 -0.087441 -0.993600
vn 0.071502 -0.087441 -0.993600
vn 0.071502 -0.087441 -0.993600
vn 0.071502 -0.087441 -0.993600
vn 0.157827 -0.087445 -0.983587
vn 0.157827 -0.087445 -0.983587
vn 0.157805 0.087432 -0.983592
vn 0.936488 0.350699 -0.000000
vn 0.936488 0.350700 -0.000000
vn 0.932925 0.350697 -0.081621
vn 0.932925 0.350698 -0.081621
vn 0.880011 0.350699 0.320298
vn 0.880011 0.350699 0.320298
vn 0.848746 0.350701 0.395777
vn -0.941238 0.087441 -0.326230
vn -0.500000 -0.866025 0.000000
vn -0.500000 0.866025 0.000000
vn -0.500000 -0.866025 -0.000000
vn -0.500000 0.866025 -0.000000
vn -0.498099 -0.866024 0.043577
vn -0.498097 0.866026 0.043578
vn -0.498099 -0.866024 0.043578
vn -0.498097 0.866025 0.043578
vn -0.526355 -0.397339 0.751713
vn -0.526355 -0.397339 0.751713
vn -0.526347 0.397368 0.751703
vn -0.469846 -0.866025 -0.171010
vn -0.469846 0.866026 -0.171010
vn -0.469847 -0.866025 -0.171010
vn -0.469846 0.866026 -0.171010
vn -0.441647 0.200816 0.874426
vn -0.441647 0.200816 0.874426
vn -0.516179 0.200815 0.832606
vn -0.983592 -0.087434 -0.157806
vn -0.453153 -0.866026 -0.211310
vn -0.453154 0.866026 -0.211309
vn -0.115943 0.200819 0.972743
vn -0.115943 0.200819 0.972743
vn -0.030720 0.200816 0.979147
vn -0.030722 0.200819 0.979146
vn -0.993600 0.087441 -0.071504
vn -0.993600 0.087442 -0.071504
vn -0.387826 -0.397336 0.831694
vn -0.387819 0.397366 0.831683
vn 0.537158 0.350646 -0.767143
vn 0.537147 -0.350701 -0.767126
vn -0.996051 -0.087442 -0.015367
vn -0.996051 -0.087442 -0.015367
vn 0.628461 -0.087429 0.772912
vn 0.628477 0.087441 0.772897
vn -0.313862 -0.397339 0.862330
vn -0.313862 -0.397339 0.862330
vn -0.313858 0.397368 0.862318
vn -0.313862 -0.397339 0.862330
vn -0.313862 -0.397339 0.862330
vn -0.313858 0.397368 0.862318
vn -0.286788 -0.866026 0.409576
vn -0.286788 0.866026 0.409576
vn -0.969606 0.200819 0.139772
vn -0.237511 0.397338 -0.886403
vn -0.237511 0.397338 -0.886403
vn 0.320304 0.350646 -0.880030
vn 0.320297 -0.350702 -0.880010
vn 0.320304 0.350647 -0.880030
vn 0.320297 -0.350701 -0.880010
vn -0.211309 -0.866026 0.453153
vn -0.211309 0.866026 0.453154
vn -0.978250 -0.087445 -0.188097
vn -0.978250 -0.087445 -0.188097
vn -0.978250 -0.087442 -0.188096
vn -0.978250 -0.087442 -0.188096
vn -0.979147 0.200815 -0.030721
vn -0.979147 0.200816 -0.030720
vn -0.171010 -0.866025 0.469846
vn -0.171010 0.866025 0.469846
vn -0.171010 -0.866025 0.469846
vn -0.171010 0.866025 0.469846
vn 0.242381 0.350699 0.904578
vn -0.958134 -0.087442 -0.272640
vn -0.958134 -0.087442 -0.272640
vn -0.958134 0.087441 0.272640
vn -0.972744 0.200816 -0.115942
vn -0.972744 0.231883 0.000000
vn -0.969042 0.231884 0.084781
vn -0.969042 0.231883 0.084780
vn 0.730324 -0.200816 0.652916
vn -0.939598 0.231885 0.251764
vn -0.914079 0.231886 -0.332698
vn -0.914080 0.231885 -0.332698
vn 0.807091 -0.087430 0.583918
vn 0.807103 0.087441 0.583900
vn 0.807090 -0.087430 0.583919
vn 0.807103 0.087442 0.583900
vn -0.129410 -0.866025 -0.482963
vn -0.129410 0.866025 -0.482963
vn -0.881605 0.231884 -0.411099
vn -0.796825 0.231883 -0.557943
vn -0.079981 0.397336 -0.914181
vn -0.079981 0.397336 -0.914181
vn -0.079980 0.397339 -0.914180
vn -0.079980 0.397339 -0.914180
vn -0.930725 0.087444 0.355111
vn -0.930726 0.087441 0.355110
vn 0.854922 -0.087441 -0.511334
vn 0.854922 -0.087441 -0.511334
vn 0.854911 0.087430 -0.511354
vn -0.411099 0.231884 0.881605
vn 0.832607 -0.200816 0.516177
vn 0.081620 0.350701 0.932924
vn 0.081621 0.350699 0.932925
vn -0.332698 0.231883 0.914080
vn -0.332698 0.231883 0.914080
vn -0.043577 -0.866026 -0.498097
vn -0.043578 0.866026 -0.498097
vn -0.043578 -0.866025 -0.498098
vn -0.043578 0.866026 -0.498097
vn 0.874424 -0.200819 0.441649
vn 0.874425 -0.200819 0.441649
vn -0.084780 0.231883 -0.969042
vn -0.084780 0.231886 -0.969041
vn 0.000000 -1.000000 -0.000000
vn -0.000000 0.234199 0.972189
vn 0.000000 0.234199 -0.972189
vn 0.000000 -1.000000 0.000000
vn 0.000000 -1.000000 -0.000000
vn 0.000000 -1.000000 0.000000
vn 0.000000 -1.000000 -0.000000
vn 0.000000 -1.000000 0.000000
vn -0.000000 -0.866026 0.499999
vn 0.000000 -0.866025 -0.500000
vn 0.000000 -1.000000 -0.000000
vn 0.000000 -0.397339 0.917672
vn 0.000000 -0.397339 0.917672
vn -0.000001 0.350646 -0.936508
vn 0.000000 0.350699 0.936488
vn -0.000001 -0.350701 -0.936487
vn 0.000000 0.397368 0.917659
vn 0.000000 0.397339 -0.917672
vn 0.000000 0.397339 -0.917672
vn 0.000000 -1.000000 0.000000
vn 0.000000 0.866026 0.499999
vn -0.000000 0.866026 -0.500000
vn 0.000000 -1.000000 -0.000000
vn 0.000000 -1.000000 0.000000
vn -0.000000 -1.000000 -0.000000
vn 0.000000 -1.000000 0.000000
vn 0.000000 -1.000000 -0.000000
vn -0.000000 0.231886 0.972743
vn 0.000000 0.231886 -0.972743
vn 0.000000 -1.000000 -0.000000
vn 0.000000 -1.000000 -0.000000
vn -0.000000 0.231886 0.972743
vn 0.000000 0.231886 -0.972743
vn 0.000000 -1.000000 0.000000
vn 0.000000 -1.000000 -0.000000
vn -0.000000 0.234201 0.972188
vn -0.000000 0.234201 -0.972188
vn 0.084780 0.231883 0.969042
vn 0.084780 0.231886 0.969041
vn -0.874425 0.200819 -0.441648
vn -0.874425 0.200819 -0.441648
vn 0.043577 -0.866026 0.498097
vn 0.043578 0.866026 0.498097
vn 0.043578 -0.866026 0.498097
vn 0.043578 0.866026 0.498097
vn 0.332698 0.231883 -0.914080
vn 0.332698 0.231883 -0.914080
vn -0.081621 -0.350702 -0.932923
vn -0.081621 -0.350701 -0.932924
vn -0.081623 0.350647 -0.932944
vn -0.081623 0.350646 -0.932944
vn -0.832606 0.200816 -0.516179
vn 0.411099 0.231884 -0.881605
vn -0.854922 0.087442 0.511334
vn 0.930725 -0.087445 -0.355112
vn 0.930725 -0.087445 -0.355112
vn 0.930718 0.087432 -0.355133
vn 0.930726 -0.087441 -0.355110
vn 0.930726 -0.087441 -0.355110
vn 0.930719 0.087429 -0.355132
vn 0.079980 -0.397336 0.914181
vn 0.079980 -0.397336 0.914181
vn 0.079980 0.397366 0.914168
vn 0.079981 -0.397339 0.914180
vn 0.079981 -0.397339 0.914180
vn 0.079980 0.397368 0.914167
vn 0.796825 0.231883 0.557943
vn 0.881605 0.231884 0.411099
vn 0.129410 0.866025 0.482963
vn 0.129410 -0.866025 0.482963
vn -0.807103 -0.087442 -0.583899
vn -0.807103 -0.087442 -0.583899
vn -0.807103 -0.087443 -0.583899
vn -0.807103 -0.087443 -0.583899
vn 0.914079 0.231886 0.332698
vn 0.914079 0.231885 0.332698
vn 0.939598 0.231886 -0.251764
vn -0.730324 0.200816 -0.652917
vn 0.969042 0.231884 -0.084781
vn 0.969042 0.231883 -0.084780
vn 0.972744 -0.200816 0.115941
vn 0.958129 -0.087429 0.272663
vn 0.958134 -0.087441 -0.272641
vn 0.958134 -0.087441 -0.272641
vn 0.958134 0.087441 0.272641
vn 0.958129 0.087429 -0.272663
vn 0.972744 0.231883 -0.000000
vn -0.242387 0.350646 -0.904597
vn -0.242382 -0.350701 -0.904577
vn 0.171010 -0.866025 -0.469847
vn 0.171010 0.866025 -0.469846
vn 0.171010 -0.866025 -0.469847
vn 0.171010 0.866025 -0.469846
vn 0.979147 -0.200816 0.030719
vn 0.979147 -0.200816 0.030720
vn -0.753127 0.087435 -0.652039
vn -0.753127 0.087435 -0.652039
vn 0.978247 -0.087432 0.188120
vn 0.978250 0.087445 0.188098
vn 0.978247 -0.087429 0.188119
vn 0.978250 0.087441 0.188097
vn 0.211309 -0.866026 -0.453153
vn 0.211309 0.866026 -0.453154
vn -0.320298 0.350699 0.880011
vn -0.320298 0.350700 0.880011
vn 0.237511 -0.397339 0.886403
vn 0.237511 -0.397339 0.886403
vn 0.237508 0.397368 0.886391
vn 0.969606 -0.200819 -0.139772
vn -0.395777 0.350700 0.848746
vn 0.286788 -0.866025 -0.409576
vn 0.286788 0.866026 -0.409576
vn 0.313862 0.397339 -0.862330
vn 0.313862 0.397339 -0.862330
vn 0.313863 0.397339 -0.862330
vn 0.313863 0.397339 -0.862330
vn -0.628478 -0.087442 -0.772897
vn -0.628478 -0.087442 -0.772897
vn 0.996052 -0.087430 0.015390
vn 0.996051 0.087442 0.015368
vn -0.537147 0.350699 0.767127
vn 0.387821 -0.397365 -0.831682
vn 0.993600 -0.087441 0.071502
vn 0.993600 -0.087441 0.071502
vn 0.993603 0.087430 0.071480
vn 0.993600 -0.087442 0.071502
vn 0.993600 -0.087442 0.071502
vn 0.993603 0.087430 0.071481
vn 0.030724 -0.200822 -0.979146
vn 0.030720 -0.200817 -0.979147
vn 0.115943 -0.200819 -0.972743
vn 0.115943 -0.200818 -0.972743
vn 0.453154 0.866026 0.211309
vn 0.453153 -0.866026 0.211309
vn 0.983592 0.087432 0.157805
vn 0.516177 -0.200816 -0.832607
vn 0.441647 -0.200816 -0.874426
vn 0.441647 -0.200816 -0.874426
vn 0.469846 -0.866026 0.171010
vn 0.469846 0.866026 0.171010
vn 0.469846 -0.866026 0.171010
vn 0.469846 0.866026 0.171010
vn 0.526355 0.397339 -0.751713
vn 0.526355 0.397339 -0.751713
vn 0.498097 0.866026 -0.043578
vn 0.498098 0.866025 -0.043578
vn 0.498099 -0.866024 -0.043577
vn 0.498098 -0.866025 -0.043578
vn 0.500000 -0.866025 -0.000000
vn 0.500000 0.866025 0.000000
vn 0.500000 -0.866026 -0.000000
vn 0.500000 0.866025 0.000000
vn 0.941238 -0.087441 0.326229
vn 0.941238 -0.087441 0.326229
vn 0.941246 0.087429 0.326208
vn -0.848764 0.350647 -0.395784
vn -0.848746 -0.350702 -0.395776
vn -0.880011 -0.350701 -0.320297
vn -0.880011 -0.350701 -0.320297
vn -0.880030 0.350646 -0.320304
vn -0.880030 0.350646 -0.320304
vn -0.932945 0.350644 0.081623
vn -0.932924 -0.350701 0.081621
vn -0.932945 0.350645 0.081623
vn -0.932923 -0.350702 0.081621
vn -0.936508 0.350646 0.000001
vn -0.936487 -0.350702 0.000001
vn -0.936508 0.350647 0.000001
vn -0.936487 -0.350701 0.000001
vn -0.157828 0.087444 0.983587
vn -0.071503 0.087441 0.993600
vn -0.071503 0.087441 0.993600
vn 0.117101 -0.202824 -0.972188
vn 0.188097 0.087441 -0.978250
vn 0.188096 0.087441 -0.978250
vn 0.188123 -0.087435 -0.978246
vn 0.188119 -0.087429 -0.978247
vn 0.652040 -0.087432 -0.753126
vn 0.652022 0.087445 -0.753140
vn 0.272640 0.087441 0.958135
vn 0.272641 0.087441 -0.958134
vn 0.272640 0.087442 0.958134
vn 0.272641 0.087442 -0.958134
vn 0.272663 -0.087430 -0.958129
vn 0.272663 -0.087430 -0.958129
vn 0.583919 -0.087429 -0.807091
vn 0.583900 0.087442 -0.807103
vn 0.583919 -0.087429 -0.807090
vn 0.583900 0.087441 -0.807103
vn 0.355109 0.087441 0.930726
vn 0.355109 0.087441 0.930726
vn 0.831694 -0.397336 0.387826
vn 0.831694 -0.397336 0.387826
vn 0.831683 0.397366 0.387819
vn 0.862318 0.397368 0.313858
vn 0.862318 0.397368 0.313858
vn 0.862330 -0.397339 0.313862
vn 0.862330 -0.397339 0.313862
vn 0.862330 -0.397339 0.313862
vn 0.862330 -0.397339 0.313862
vn 0.914182 -0.397333 -0.079980
vn 0.914182 -0.397333 -0.079980
vn 0.914167 0.397368 -0.079980
vn 0.914180 -0.397338 -0.079980
vn 0.914180 -0.397338 -0.079980
vn 0.914167 0.397368 -0.079979
vn 0.917672 -0.397339 -0.000000
vn 0.917672 -0.397339 -0.000000
vn 0.917659 0.397368 -0.000000
vn 0.917672 -0.397339 -0.000000
vn 0.917672 -0.397339 -0.000000
vn 0.917659 0.397368 -0.000000
vn 0.202824 -0.117100 0.972188
vn 0.202824 -0.117100 0.972188
vn 0.234201 0.000000 -0.972188
f 3/3/3 2/2/2 1/1/1
f 1/1/1 4/4/4 3/3/3
f 7/7/7 6/6/6 5/5/5
f 5/5/5 8/8/8 7/7/7
f 11/11/11 10/10/10 9/9/9
f 9/9/9 12/12/12 11/11/11
f 14/14/14 13/13/13 2/2/2
f 2/2/2 3/3/3 14/14/14
f 17/17/17 16/16/16 15/15/15
f 15/15/15 18/18/18 17/17/17
f 6/6/6 20/20/20 19/19/19
f 19/19/19 5/5/5 6/6/6
f 10/10/10 22/22/22 21/21/21
f 21/21/21 9/9/9 10/10/10
f 24/24/24 23/23/23 16/16/16
f 16/16/16 17/17/17 24/24/24
f 16/16/16 26/26/26 25/25/25
f 25/25/25 15/15/15 16/16/16
f 20/20/20 28/28/28 27/27/27
f 27/27/27 19/19/19 20/20/20
f 22/22/22 30/30/30 29/29/29
f 29/29/29 21/21/21 22/22/22
f 23/23/23 31/31/31 26/26/26
f 26/26/26 16/16/16 23/23/23
f 26/26/26 33/33/33 32/32/32
f 32/32/32 25/25/25 26/26/26
f 28/28/28 35/35/35 34/34/34
f 34/34/34 27/27/27 28/28/28
f 30/30/30 37/37/37 36/36/36
f 36/36/36 1905/1905/1905 30/30/30
f 31/31/31 38/38/38 33/33/33
f 33/33/33 26/26/26 31/31/31
f 41/41/41 40/40/40 39/39/39
f 39/39/39 1904/1904/1904 41/41/41
f 35/35/35 44/44/44 43/43/43
f 43/43/43 34/34/34 35/35/35
f 37/37/37 46/46/46 45/45/45
f 45/45/45 36/36/36 37/37/37
f 48/48/48 47/47/47 40/40/40
f 40/40/40 41/41/41 48/48/48
f 40/40/40 50/50/50 49/49/49
f 49/49/49 39/39/39 40/40/40
f 44/44/44 52/52/52 51/51/51
f 51/51/51 43/43/43 44/44/44
f 46/46/46 54/54/54 53/53/53
f 53/53/53 1863/1863/1863 46/46/46
f 47/47/47 55/55/55 50/50/50
f 50/50/50 40/40/40 47/47/47
f 50/50/50 57/57/57 56/56/56
f 56/56/56 49/49/49 50/50/50
f 52/52/52 59/59/59 58/58/58
f 58/58/58 51/51/51 52/52/52
f 54/54/54 61/61/61 60/60/60
f 60/60/60 53/53/53 54/54/54
f 55/55/55 62/62/62 57/57/57
f 57/57/57 50/50/50 55/55/55
f 65/65/65 64/64/64 63/63/63
f 63/63/63 66/66/66 65/65/65
f 59/59/59 68/68/68 67/67/67
f 67/67/67 58/58/58 59/59/59
f 61/61/61 70/70/70 69/69/69
f 69/69/69 60/60/60 61/61/61
f 72/72/72 71/71/71 64/64/64
f 64/64/64 65/65/65 72/72/72
f 64/64/64 74/74/74 73/73/73
f 73/73/73 63/63/63 64/64/64
f 68/68/68 76/76/76 75/75/75
f 75/75/75 67/67/67 68/68/68
f 70/70/70 78/78/78 77/77/77
f 77/77/77 69/69/69 70/70/70
f 71/71/71 79/79/79 74/74/74
f 74/74/74 64/64/64 71/71/71
f 74/74/74 81/81/81 80/80/80
f 80/80/80 1522/1522/1522 74/74/74
f 76/76/76 83/83/83 82/82/82
f 82/82/82 75/75/75 76/76/76
f 78/78/78 85/85/85 84/84/84
f 84/84/84 77/77/77 78/78/78
f 79/79/79 86/86/86 81/81/81
f 81/81/81 74/74/74 79/79/79
f 89/89/89 88/88/88 87/87/87
f 87/87/87 90/90/90 89/89/89
f 83/83/83 92/92/92 91/91/91
f 91/91/91 82/82/82 83/83/83
f 85/85/85 94/94/94 93/93/93
f 93/93/93 1526/1526/1526 85/85/85
f 96/96/96 95/95/95 88/88/88
f 88/88/88 89/89/89 96/96/96
f 88/88/88 3/3/3 1726/1726/1726
f 1726/1726/1726 1568/1568/1568 88/88/88
f 92/92/92 7/7/7 1725/1725/1725
f 1725/1725/1725 91/91/91 92/92/92
f 94/94/94 11/11/11 1727/1727/1727
f 1727/1727/1727 93/93/93 94/94/94
f 95/95/95 14/14/14 3/3/3
f 3/3/3 88/88/88 95/95/95
f 99/99/99 98/98/98 97/97/97
f 97/97/97 100/100/100 99/99/99
f 103/103/103 102/102/102 101/101/101
f 101/101/101 104/104/104 103/103/103
f 107/107/107 106/106/106 105/105/105
f 105/105/105 108/108/108 107/107/107
f 110/110/110 109/109/109 98/98/98
f 98/98/98 99/99/99 110/110/110
f 1647/1647/1647 112/112/112 111/111/111
f 111/111/111 114/114/114 1647/1647/1647
f 102/102/102 116/116/116 115/115/115
f 115/115/115 101/101/101 102/102/102
f 106/106/106 118/118/118 117/117/117
f 117/117/117 105/105/105 106/106/106
f 120/120/120 119/119/119 1626/1626/1626
f 1626/1626/1626 113/113/113 120/120/120
f 121/121/121 111/111/111 1626/1626/1626
f 1626/1626/1626 122/122/122 121/121/121
f 123/123/123 115/115/115 116/116/116
f 1612/1612/1612 124/124/124 1634/1634/1634
f 125/125/125 1663/1663/1663 118/118/118
f 1635/1635/1635 126/126/126 1662/1662/1662
f 127/127/127 1626/1626/1626 119/119/119
f 119/119/119 128/128/128 127/127/127
f 131/131/131 130/130/130 129/129/129
f 129/129/129 132/132/132 131/131/131
f 135/135/135 134/134/134 133/133/133
f 133/133/133 136/136/136 135/135/135
f 139/139/139 138/138/138 1795/1795/1795
f 137/137/137 140/140/140 1818/1818/1818
f 142/142/142 129/129/129 141/141/141
f 141/141/141 143/143/143 142/142/142
f 1806/1806/1806 145/145/145 144/144/144
f 144/144/144 147/147/147 1806/1806/1806
f 150/150/150 149/149/149 148/148/148
f 148/148/148 151/151/151 150/150/150
f 154/154/154 153/153/153 152/152/152
f 152/152/152 155/155/155 154/154/154
f 157/157/157 156/156/156 1783/1783/1783
f 1783/1783/1783 1805/1805/1805 157/157/157
f 1783/1783/1783 99/99/99 1659/1659/1659
f 1659/1659/1659 1731/1731/1731 1783/1783/1783
f 149/149/149 103/103/103 1724/1724/1724
f 1724/1724/1724 148/148/148 149/149/149
f 153/153/153 107/107/107 1766/1766/1766
f 1766/1766/1766 152/152/152 153/153/153
f 156/156/156 110/110/110 99/99/99
f 99/99/99 1783/1783/1783 156/156/156
f 1625/1625/1625 159/159/159 158/158/158
f 158/158/158 161/161/161 1625/1625/1625
f 164/164/164 163/163/163 162/162/162
f 162/162/162 165/165/165 164/164/164
f 168/168/168 167/167/167 166/166/166
f 166/166/166 169/169/169 168/168/168
f 171/171/171 170/170/170 1646/1646/1646
f 1646/1646/1646 1624/1624/1624 171/171/171
f 1646/1646/1646 173/173/173 172/172/172
f 172/172/172 158/158/158 1646/1646/1646
f 163/163/163 175/175/175 174/174/174
f 174/174/174 162/162/162 163/163/163
f 167/167/167 177/177/177 176/176/176
f 176/176/176 1688/1688/1688 167/167/167
f 170/170/170 178/178/178 173/173/173
f 173/173/173 1646/1646/1646 170/170/170
f 173/173/173 180/180/180 179/179/179
f 179/179/179 172/172/172 173/173/173
f 175/175/175 182/182/182 181/181/181
f 181/181/181 174/174/174 175/175/175
f 177/177/177 184/184/184 183/183/183
f 183/183/183 176/176/176 177/177/177
f 178/178/178 185/185/185 180/180/180
f 180/180/180 173/173/173 178/178/178
f 1782/1782/1782 129/129/129 1764/1764/1764
f 1764/1764/1764 187/187/187 1782/1782/1782
f 182/182/182 136/136/136 133/133/133
f 133/133/133 181/181/181 182/182/182
f 184/184/184 1795/1795/1795 1817/1817/1817
f 1817/1817/1817 183/183/183 184/184/184
f 188/188/188 141/141/141 129/129/129
f 129/129/129 186/186/186 188/188/188
f 191/191/191 190/190/190 189/189/189
f 189/189/189 192/192/192 191/191/191
f 195/195/195 194/194/194 193/193/193
f 193/193/193 196/196/196 195/195/195
f 199/199/199 198/198/198 197/197/197
f 197/197/197 200/200/200 199/199/199
f 202/202/202 201/201/201 190/190/190
f 190/190/190 191/191/191 202/202/202
f 1842/1842/1842 204/204/204 203/203/203
f 203/203/203 206/206/206 1842/1842/1842
f 194/194/194 208/208/208 207/207/207
f 207/207/207 193/193/193 194/194/194
f 198/198/198 210/210/210 209/209/209
f 209/209/209 197/197/197 198/198/198
f 212/212/212 211/211/211 1902/1902/1902
f 1902/1902/1902 205/205/205 212/212/212
f 213/213/213 203/203/203 1902/1902/1902
f 1902/1902/1902 214/214/214 213/213/213
f 215/215/215 207/207/207 208/208/208
f 1872/1872/1872 216/216/216 1858/1858/1858
f 217/217/217 1873/1873/1873 210/210/210
f 1859/1859/1859 218/218/218 1875/1875/1875
f 219/219/219 1902/1902/1902 211/211/211
f 211/211/211 220/220/220 219/219/219
f 223/223/223 222/222/222 221/221/221
f 221/221/221 224/224/224 223/223/223
f 227/227/227 226/226/226 225/225/225
f 225/225/225 228/228/228 227/227/227
f 231/231/231 230/230/230 1579/1579/1579
f 229/229/229 232/232/232 1560/1560/1560
f 234/234/234 221/221/221 233/233/233
f 233/233/233 235/235/235 234/234/234
f 1530/1530/1530 237/237/237 236/236/236
f 236/236/236 239/239/239 1530/1530/1530
f 242/242/242 241/241/241 240/240/240
f 240/240/240 243/243/243 242/242/242
f 246/246/246 245/245/245 244/244/244
f 244/244/244 247/247/247 246/246/246
f 249/249/249 248/248/248 1589/1589/1589
f 1589/1589/1589 1529/1529/1529 249/249/249
f 1589/1589/1589 191/191/191 1722/1722/1722
f 1722/1722/1722 1608/1608/1608 1589/1589/1589
f 241/241/241 195/195/195 1721/1721/1721
f 1721/1721/1721 240/240/240 241/241/241
f 245/245/245 199/199/199 1723/1723/1723
f 1723/1723/1723 244/244/244 245/245/245
f 248/248/248 202/202/202 191/191/191
f 191/191/191 1589/1589/1589 248/248/248
f 1901/1901/1901 251/251/251 250/250/250
f 250/250/250 253/253/253 1901/1901/1901
f 256/256/256 255/255/255 254/254/254
f 254/254/254 257/257/257 256/256/256
f 260/260/260 259/259/259 258/258/258
f 258/258/258 261/261/261 260/260/260
f 263/263/263 262/262/262 1841/1841/1841
f 1841/1841/1841 1900/1900/1900 263/263/263
f 1841/1841/1841 265/265/265 264/264/264
f 264/264/264 250/250/250 1841/1841/1841
f 255/255/255 267/267/267 266/266/266
f 266/266/266 254/254/254 255/255/255
f 259/259/259 269/269/269 268/268/268
f 268/268/268 1822/1822/1822 259/259/259
f 262/262/262 270/270/270 265/265/265
f 265/265/265 1841/1841/1841 262/262/262
f 265/265/265 272/272/272 271/271/271
f 271/271/271 264/264/264 265/265/265
f 267/267/267 274/274/274 273/273/273
f 273/273/273 266/266/266 267/267/267
f 269/269/269 276/276/276 275/275/275
f 275/275/275 268/268/268 269/269/269
f 270/270/270 277/277/277 272/272/272
f 272/272/272 265/265/265 270/270/270
f 1588/1588/1588 221/221/221 1557/1557/1557
f 1557/1557/1557 279/279/279 1588/1588/1588
f 274/274/274 228/228/228 225/225/225
f 225/225/225 273/273/273 274/274/274
f 276/276/276 1579/1579/1579 1559/1559/1559
f 1559/1559/1559 275/275/275 276/276/276
f 280/280/280 233/233/233 221/221/221
f 221/221/221 278/278/278 280/280/280
f 283/283/283 282/282/282 281/281/281
f 281/281/281 284/284/284 283/283/283
f 287/287/287 286/286/286 285/285/285
f 285/285/285 288/288/288 287/287/287
f 291/291/291 290/290/290 289/289/289
f 289/289/289 292/292/292 291/291/291
f 294/294/294 293/293/293 282/282/282
f 282/282/282 283/283/283 294/294/294
f 1759/1759/1759 296/296/296 295/295/295
f 295/295/295 298/298/298 1759/1759/1759
f 286/286/286 300/300/300 299/299/299
f 299/299/299 285/285/285 286/286/286
f 290/290/290 302/302/302 301/301/301
f 301/301/301 289/289/289 290/290/290
f 304/304/304 303/303/303 1798/1798/1798
f 1798/1798/1798 297/297/297 304/304/304
f 305/305/305 295/295/295 1798/1798/1798
f 1798/1798/1798 306/306/306 305/305/305
f 307/307/307 299/299/299 300/300/300
f 1744/1744/1744 308/308/308 1778/1778/1778
f 309/309/309 1810/1810/1810 302/302/302
f 1779/1779/1779 310/310/310 1809/1809/1809
f 311/311/311 1798/1798/1798 303/303/303
f 303/303/303 312/312/312 311/311/311
f 315/315/315 314/314/314 313/313/313
f 313/313/313 316/316/316 315/315/315
f 319/319/319 318/318/318 317/317/317
f 317/317/317 320/320/320 319/319/319
f 323/323/323 322/322/322 1648/1648/1648
f 321/321/321 324/324/324 1676/1676/1676
f 326/326/326 313/313/313 325/325/325
f 325/325/325 327/327/327 326/326/326
f 1631/1631/1631 329/329/329 328/328/328
f 328/328/328 331/331/331 1631/1631/1631
f 334/334/334 333/333/333 332/332/332
f 332/332/332 335/335/335 334/334/334
f 338/338/338 337/337/337 336/336/336
f 336/336/336 339/339/339 338/338/338
f 341/341/341 340/340/340 1665/1665/1665
f 1665/1665/1665 1630/1630/1630 341/341/341
f 1665/1665/1665 283/283/283 1657/1657/1657
f 1657/1657/1657 1629/1629/1629 1665/1665/1665
f 333/333/333 287/287/287 1720/1720/1720
f 1720/1720/1720 332/332/332 333/333/333
f 337/337/337 291/291/291 1767/1767/1767
f 1767/1767/1767 336/336/336 337/337/337
f 340/340/340 294/294/294 283/283/283
f 283/283/283 1665/1665/1665 340/340/340
f 1797/1797/1797 343/343/343 342/342/342
f 342/342/342 345/345/345 1797/1797/1797
f 348/348/348 347/347/347 346/346/346
f 346/346/346 349/349/349 348/348/348
f 352/352/352 351/351/351 350/350/350
f 350/350/350 353/353/353 352/352/352
f 355/355/355 354/354/354 1760/1760/1760
f 1760/1760/1760 1796/1796/1796 355/355/355
f 1760/1760/1760 357/357/357 356/356/356
f 356/356/356 342/342/342 1760/1760/1760
f 347/347/347 359/359/359 358/358/358
f 358/358/358 346/346/346 347/347/347
f 351/351/351 361/361/361 360/360/360
f 360/360/360 1799/1799/1799 351/351/351
f 354/354/354 362/362/362 357/357/357
f 357/357/357 1760/1760/1760 354/354/354
f 357/357/357 364/364/364 363/363/363
f 363/363/363 356/356/356 357/357/357
f 359/359/359 366/366/366 365/365/365
f 365/365/365 358/358/358 359/359/359
f 361/361/361 368/368/368 367/367/367
f 367/367/367 360/360/360 361/361/361
f 362/362/362 369/369/369 364/364/364
f 364/364/364 357/357/357 362/362/362
f 1664/1664/1664 313/313/313 1618/1618/1618
f 1618/1618/1618 371/371/371 1664/1664/1664
f 366/366/366 320/320/320 317/317/317
f 317/317/317 365/365/365 366/366/366
f 368/368/368 1648/1648/1648 1675/1675/1675
f 1675/1675/1675 367/367/367 368/368/368
f 372/372/372 325/325/325 313/313/313
f 313/313/313 370/370/370 372/372/372
f 375/375/375 374/374/374 373/373/373
f 373/373/373 376/376/376 375/375/375
f 379/379/379 378/378/378 377/377/377
f 377/377/377 380/380/380 379/379/379
f 383/383/383 382/382/382 381/381/381
f 381/381/381 384/384/384 383/383/383
f 386/386/386 385/385/385 374/374/374
f 374/374/374 375/375/375 386/386/386
f 1840/1840/1840 388/388/388 387/387/387
f 387/387/387 390/390/390 1840/1840/1840
f 378/378/378 392/392/392 391/391/391
f 391/391/391 377/377/377 378/378/378
f 382/382/382 394/394/394 393/393/393
f 393/393/393 381/381/381 382/382/382
f 396/396/396 395/395/395 1899/1899/1899
f 1899/1899/1899 389/389/389 396/396/396
f 397/397/397 387/387/387 1899/1899/1899
f 1899/1899/1899 398/398/398 397/397/397
f 399/399/399 391/391/391 392/392/392
f 1870/1870/1870 400/400/400 1856/1856/1856
f 401/401/401 1871/1871/1871 394/394/394
f 1857/1857/1857 402/402/402 1874/1874/1874
f 403/403/403 1899/1899/1899 395/395/395
f 395/395/395 404/404/404 403/403/403
f 407/407/407 406/406/406 405/405/405
f 405/405/405 408/408/408 407/407/407
f 411/411/411 410/410/410 409/409/409
f 409/409/409 412/412/412 411/411/411
f 415/415/415 414/414/414 1578/1578/1578
f 413/413/413 416/416/416 1555/1555/1555
f 418/418/418 405/405/405 417/417/417
f 417/417/417 419/419/419 418/418/418
f 1528/1528/1528 421/421/421 420/420/420
f 420/420/420 423/423/423 1528/1528/1528
f 426/426/426 425/425/425 424/424/424
f 424/424/424 427/427/427 426/426/426
f 430/430/430 429/429/429 428/428/428
f 428/428/428 431/431/431 430/430/430
f 433/433/433 432/432/432 1587/1587/1587
f 1587/1587/1587 1527/1527/1527 433/433/433
f 1587/1587/1587 375/375/375 1718/1718/1718
f 1718/1718/1718 1607/1607/1607 1587/1587/1587
f 425/425/425 379/379/379 1717/1717/1717
f 1717/1717/1717 424/424/424 425/425/425
f 429/429/429 383/383/383 1719/1719/1719
f 1719/1719/1719 428/428/428 429/429/429
f 432/432/432 386/386/386 375/375/375
f 375/375/375 1587/1587/1587 432/432/432
f 1898/1898/1898 435/435/435 434/434/434
f 434/434/434 437/437/437 1898/1898/1898
f 440/440/440 439/439/439 438/438/438
f 438/438/438 441/441/441 440/440/440
f 444/444/444 443/443/443 442/442/442
f 442/442/442 445/445/445 444/444/444
f 447/447/447 446/446/446 1839/1839/1839
f 1839/1839/1839 1897/1897/1897 447/447/447
f 1839/1839/1839 449/449/449 448/448/448
f 448/448/448 434/434/434 1839/1839/1839
f 439/439/439 451/451/451 450/450/450
f 450/450/450 438/438/438 439/439/439
f 443/443/443 453/453/453 452/452/452
f 452/452/452 1821/1821/1821 443/443/443
f 446/446/446 454/454/454 449/449/449
f 449/449/449 1839/1839/1839 446/446/446
f 449/449/449 456/456/456 455/455/455
f 455/455/455 448/448/448 449/449/449
f 451/451/451 458/458/458 457/457/457
f 457/457/457 450/450/450 451/451/451
f 453/453/453 460/460/460 459/459/459
f 459/459/459 452/452/452 453/453/453
f 454/454/454 461/461/461 456/456/456
f 456/456/456 449/449/449 454/454/454
f 1586/1586/1586 405/405/405 1552/1552/1552
f 1552/1552/1552 463/463/463 1586/1586/1586
f 458/458/458 412/412/412 409/409/409
f 409/409/409 457/457/457 458/458/458
f 460/460/460 1578/1578/1578 1554/1554/1554
f 1554/1554/1554 459/459/459 460/460/460
f 464/464/464 417/417/417 405/405/405
f 405/405/405 462/462/462 464/464/464
f 467/467/467 466/466/466 465/465/465
f 465/465/465 468/468/468 467/467/467
f 471/471/471 470/470/470 469/469/469
f 469/469/469 472/472/472 471/471/471
f 475/475/475 474/474/474 473/473/473
f 473/473/473 476/476/476 475/475/475
f 478/478/478 477/477/477 466/466/466
f 466/466/466 467/467/467 478/478/478
f 1645/1645/1645 480/480/480 479/479/479
f 479/479/479 482/482/482 1645/1645/1645
f 470/470/470 484/484/484 483/483/483
f 483/483/483 469/469/469 470/470/470
f 474/474/474 486/486/486 485/485/485
f 485/485/485 473/473/473 474/474/474
f 488/488/488 487/487/487 1623/1623/1623
f 1623/1623/1623 481/481/481 488/488/488
f 489/489/489 479/479/479 1623/1623/1623
f 1623/1623/1623 490/490/490 489/489/489
f 491/491/491 483/483/483 484/484/484
f 1611/1611/1611 492/492/492 1632/1632/1632
f 493/493/493 1661/1661/1661 486/486/486
f 1633/1633/1633 494/494/494 1660/1660/1660
f 495/495/495 1623/1623/1623 487/487/487
f 487/487/487 496/496/496 495/495/495
f 499/499/499 498/498/498 497/497/497
f 497/497/497 500/500/500 499/499/499
f 503/503/503 502/502/502 501/501/501
f 501/501/501 504/504/504 503/503/503
f 507/507/507 506/506/506 1794/1794/1794
f 505/505/505 508/508/508 1815/1815/1815
f 510/510/510 497/497/497 509/509/509
f 509/509/509 511/511/511 510/510/510
f 1804/1804/1804 513/513/513 512/512/512
f 512/512/512 515/515/515 1804/1804/1804
f 518/518/518 517/517/517 516/516/516
f 516/516/516 519/519/519 518/518/518
f 522/522/522 521/521/521 520/520/520
f 520/520/520 523/523/523 522/522/522
f 525/525/525 524/524/524 1781/1781/1781
f 1781/1781/1781 1803/1803/1803 525/525/525
f 1781/1781/1781 467/467/467 1658/1658/1658
f 1658/1658/1658 1730/1730/1730 1781/1781/1781
f 517/517/517 471/471/471 1716/1716/1716
f 1716/1716/1716 516/516/516 517/517/517
f 521/521/521 475/475/475 1765/1765/1765
f 1765/1765/1765 520/520/520 521/521/521
f 524/524/524 478/478/478 467/467/467
f 467/467/467 1781/1781/1781 524/524/524
f 1622/1622/1622 527/527/527 526/526/526
f 526/526/526 529/529/529 1622/1622/1622
f 532/532/532 531/531/531 530/530/530
f 530/530/530 533/533/533 532/532/532
f 536/536/536 535/535/535 534/534/534
f 534/534/534 537/537/537 536/536/536
f 539/539/539 538/538/538 1644/1644/1644
f 1644/1644/1644 1621/1621/1621 539/539/539
f 1644/1644/1644 541/541/541 540/540/540
f 540/540/540 526/526/526 1644/1644/1644
f 531/531/531 543/543/543 542/542/542
f 542/542/542 530/530/530 531/531/531
f 535/535/535 545/545/545 544/544/544
f 544/544/544 1687/1687/1687 535/535/535
f 538/538/538 546/546/546 541/541/541
f 541/541/541 1644/1644/1644 538/538/538
f 541/541/541 548/548/548 547/547/547
f 547/547/547 540/540/540 541/541/541
f 543/543/543 550/550/550 549/549/549
f 549/549/549 542/542/542 543/543/543
f 545/545/545 552/552/552 551/551/551
f 551/551/551 544/544/544 545/545/545
f 546/546/546 553/553/553 548/548/548
f 548/548/548 541/541/541 546/546/546
f 1780/1780/1780 497/497/497 1762/1762/1762
f 1762/1762/1762 555/555/555 1780/1780/1780
f 550/550/550 504/504/504 501/501/501
f 501/501/501 549/549/549 550/550/550
f 552/552/552 1794/1794/1794 1814/1814/1814
f 1814/1814/1814 551/551/551 552/552/552
f 556/556/556 509/509/509 497/497/497
f 497/497/497 554/554/554 556/556/556
f 559/559/559 558/558/558 557/557/557
f 557/557/557 560/560/560 559/559/559
f 563/563/563 562/562/562 561/561/561
f 561/561/561 564/564/564 563/563/563
f 567/567/567 566/566/566 565/565/565
f 565/565/565 568/568/568 567/567/567
f 570/570/570 569/569/569 558/558/558
f 558/558/558 559/559/559 570/570/570
f 1836/1836/1836 572/572/572 571/571/571
f 571/571/571 574/574/574 1836/1836/1836
f 562/562/562 576/576/576 575/575/575
f 575/575/575 561/561/561 562/562/562
f 566/566/566 578/578/578 577/577/577
f 577/577/577 565/565/565 566/566/566
f 580/580/580 579/579/579 1896/1896/1896
f 1896/1896/1896 573/573/573 580/580/580
f 581/581/581 571/571/571 1896/1896/1896
f 1896/1896/1896 582/582/582 581/581/581
f 583/583/583 575/575/575 576/576/576
f 1881/1881/1881 584/584/584 1854/1854/1854
f 585/585/585 1865/1865/1865 578/578/578
f 1855/1855/1855 586/586/586 1867/1867/1867
f 587/587/587 1896/1896/1896 579/579/579
f 579/579/579 588/588/588 587/587/587
f 591/591/591 590/590/590 589/589/589
f 589/589/589 592/592/592 591/591/591
f 595/595/595 594/594/594 593/593/593
f 593/593/593 596/596/596 595/595/595
f 599/599/599 598/598/598 1581/1581/1581
f 597/597/597 600/600/600 1546/1546/1546
f 602/602/602 589/589/589 601/601/601
f 601/601/601 603/603/603 602/602/602
f 1534/1534/1534 605/605/605 604/604/604
f 604/604/604 607/607/607 1534/1534/1534
f 610/610/610 609/609/609 608/608/608
f 608/608/608 611/611/611 610/610/610
f 614/614/614 613/613/613 612/612/612
f 612/612/612 615/615/615 614/614/614
f 617/617/617 616/616/616 1593/1593/1593
f 1593/1593/1593 1533/1533/1533 617/617/617
f 1593/1593/1593 559/559/559 1729/1729/1729
f 1729/1729/1729 1610/1610/1610 1593/1593/1593
f 609/609/609 563/563/563 1715/1715/1715
f 1715/1715/1715 608/608/608 609/609/609
f 613/613/613 567/567/567 1690/1690/1690
f 1690/1690/1690 612/612/612 613/613/613
f 616/616/616 570/570/570 559/559/559
f 559/559/559 1593/1593/1593 616/616/616
f 1895/1895/1895 619/619/619 618/618/618
f 618/618/618 621/621/621 1895/1895/1895
f 624/624/624 623/623/623 622/622/622
f 622/622/622 625/625/625 624/624/624
f 628/628/628 627/627/627 626/626/626
f 626/626/626 629/629/629 628/628/628
f 631/631/631 630/630/630 1838/1838/1838
f 1838/1838/1838 1894/1894/1894 631/631/631
f 1838/1838/1838 633/633/633 632/632/632
f 632/632/632 618/618/618 1838/1838/1838
f 623/623/623 635/635/635 634/634/634
f 634/634/634 622/622/622 623/623/623
f 627/627/627 637/637/637 636/636/636
f 636/636/636 1820/1820/1820 627/627/627
f 630/630/630 638/638/638 633/633/633
f 633/633/633 1838/1838/1838 630/630/630
f 633/633/633 640/640/640 639/639/639
f 639/639/639 632/632/632 633/633/633
f 635/635/635 642/642/642 641/641/641
f 641/641/641 634/634/634 635/635/635
f 637/637/637 644/644/644 643/643/643
f 643/643/643 636/636/636 637/637/637
f 638/638/638 645/645/645 640/640/640
f 640/640/640 633/633/633 638/638/638
f 1592/1592/1592 589/589/589 1566/1566/1566
f 1566/1566/1566 647/647/647 1592/1592/1592
f 642/642/642 596/596/596 593/593/593
f 593/593/593 641/641/641 642/642/642
f 644/644/644 1581/1581/1581 1545/1545/1545
f 1545/1545/1545 643/643/643 644/644/644
f 648/648/648 601/601/601 589/589/589
f 589/589/589 646/646/646 648/648/648
f 651/651/651 650/650/650 649/649/649
f 649/649/649 652/652/652 651/651/651
f 655/655/655 654/654/654 653/653/653
f 653/653/653 656/656/656 655/655/655
f 659/659/659 658/658/658 657/657/657
f 657/657/657 660/660/660 659/659/659
f 662/662/662 661/661/661 650/650/650
f 650/650/650 651/651/651 662/662/662
f 1628/1628/1628 664/664/664 663/663/663
f 663/663/663 666/666/666 1628/1628/1628
f 654/654/654 668/668/668 667/667/667
f 667/667/667 653/653/653 654/654/654
f 658/658/658 670/670/670 669/669/669
f 669/669/669 657/657/657 658/658/658
f 672/672/672 671/671/671 1596/1596/1596
f 1596/1596/1596 665/665/665 672/672/672
f 673/673/673 663/663/663 1596/1596/1596
f 1596/1596/1596 674/674/674 673/673/673
f 675/675/675 667/667/667 668/668/668
f 1585/1585/1585 676/676/676 1615/1615/1615
f 677/677/677 1620/1620/1620 670/670/670
f 1616/1616/1616 678/678/678 1619/1619/1619
f 679/679/679 1596/1596/1596 671/671/671
f 671/671/671 680/680/680 679/679/679
f 683/683/683 682/682/682 681/681/681
f 681/681/681 684/684/684 683/683/683
f 687/687/687 686/686/686 685/685/685
f 685/685/685 688/688/688 687/687/687
f 691/691/691 690/690/690 1811/1811/1811
f 689/689/689 692/692/692 1845/1845/1845
f 694/694/694 681/681/681 693/693/693
f 693/693/693 695/695/695 694/694/694
f 1834/1834/1834 697/697/697 696/696/696
f 696/696/696 699/699/699 1834/1834/1834
f 702/702/702 701/701/701 700/700/700
f 700/700/700 703/703/703 702/702/702
f 706/706/706 705/705/705 704/704/704
f 704/704/704 707/707/707 706/706/706
f 709/709/709 708/708/708 1802/1802/1802
f 1802/1802/1802 1833/1833/1833 709/709/709
f 1802/1802/1802 651/651/651 1667/1667/1667
f 1667/1667/1667 1768/1768/1768 1802/1802/1802
f 701/701/701 655/655/655 1714/1714/1714
f 1714/1714/1714 700/700/700 701/701/701
f 705/705/705 659/659/659 1757/1757/1757
f 1757/1757/1757 704/704/704 705/705/705
f 708/708/708 662/662/662 651/651/651
f 651/651/651 1802/1802/1802 708/708/708
f 1595/1595/1595 711/711/711 710/710/710
f 710/710/710 713/713/713 1595/1595/1595
f 716/716/716 715/715/715 714/714/714
f 714/714/714 717/717/717 716/716/716
f 720/720/720 719/719/719 718/718/718
f 718/718/718 721/721/721 720/720/720
f 723/723/723 722/722/722 1627/1627/1627
f 1627/1627/1627 1594/1594/1594 723/723/723
f 1627/1627/1627 725/725/725 724/724/724
f 724/724/724 710/710/710 1627/1627/1627
f 715/715/715 727/727/727 726/726/726
f 726/726/726 714/714/714 715/715/715
f 719/719/719 729/729/729 728/728/728
f 728/728/728 1656/1656/1656 719/719/719
f 722/722/722 730/730/730 725/725/725
f 725/725/725 1627/1627/1627 722/722/722
f 725/725/725 732/732/732 731/731/731
f 731/731/731 724/724/724 725/725/725
f 727/727/727 734/734/734 733/733/733
f 733/733/733 726/726/726 727/727/727
f 729/729/729 736/736/736 735/735/735
f 735/735/735 728/728/728 729/729/729
f 730/730/730 737/737/737 732/732/732
f 732/732/732 725/725/725 730/730/730
f 1801/1801/1801 681/681/681 1808/1808/1808
f 1808/1808/1808 739/739/739 1801/1801/1801
f 734/734/734 688/688/688 685/685/685
f 685/685/685 733/733/733 734/734/734
f 736/736/736 1811/1811/1811 1844/1844/1844
f 1844/1844/1844 735/735/735 736/736/736
f 740/740/740 693/693/693 681/681/681
f 681/681/681 738/738/738 740/740/740
f 743/743/743 742/742/742 741/741/741
f 741/741/741 744/744/744 743/743/743
f 747/747/747 746/746/746 745/745/745
f 745/745/745 748/748/748 747/747/747
f 751/751/751 750/750/750 749/749/749
f 749/749/749 752/752/752 751/751/751
f 754/754/754 753/753/753 742/742/742
f 742/742/742 743/743/743 754/754/754
f 1832/1832/1832 756/756/756 755/755/755
f 755/755/755 758/758/758 1832/1832/1832
f 746/746/746 760/760/760 759/759/759
f 759/759/759 745/745/745 746/746/746
f 750/750/750 762/762/762 761/761/761
f 761/761/761 749/749/749 750/750/750
f 764/764/764 763/763/763 1886/1886/1886
f 1886/1886/1886 757/757/757 764/764/764
f 765/765/765 755/755/755 1886/1886/1886
f 1886/1886/1886 766/766/766 765/765/765
f 767/767/767 759/759/759 760/760/760
f 1862/1862/1862 768/768/768 1851/1851/1851
f 769/769/769 1879/1879/1879 762/762/762
f 1849/1849/1849 770/770/770 1878/1878/1878
f 771/771/771 1886/1886/1886 763/763/763
f 763/763/763 772/772/772 771/771/771
f 775/775/775 774/774/774 773/773/773
f 773/773/773 776/776/776 775/775/775
f 779/779/779 778/778/778 777/777/777
f 777/777/777 780/780/780 779/779/779
f 783/783/783 782/782/782 1583/1583/1583
f 781/781/781 784/784/784 1570/1570/1570
f 786/786/786 773/773/773 785/785/785
f 785/785/785 787/787/787 786/786/786
f 1538/1538/1538 789/789/789 788/788/788
f 788/788/788 791/791/791 1538/1538/1538
f 794/794/794 793/793/793 792/792/792
f 792/792/792 795/795/795 794/794/794
f 798/798/798 797/797/797 796/796/796
f 796/796/796 799/799/799 798/798/798
f 801/801/801 800/800/800 1600/1600/1600
f 1600/1600/1600 1537/1537/1537 801/801/801
f 1600/1600/1600 743/743/743 1682/1682/1682
f 1682/1682/1682 1602/1602/1602 1600/1600/1600
f 793/793/793 747/747/747 1713/1713/1713
f 1713/1713/1713 792/792/792 793/793/793
f 797/797/797 751/751/751 1737/1737/1737
f 1737/1737/1737 796/796/796 797/797/797
f 800/800/800 754/754/754 743/743/743
f 743/743/743 1600/1600/1600 800/800/800
f 1890/1890/1890 803/803/803 802/802/802
f 802/802/802 805/805/805 1890/1890/1890
f 808/808/808 807/807/807 806/806/806
f 806/806/806 809/809/809 808/808/808
f 812/812/812 811/811/811 810/810/810
f 810/810/810 813/813/813 812/812/812
f 815/815/815 814/814/814 1831/1831/1831
f 1831/1831/1831 1889/1889/1889 815/815/815
f 1831/1831/1831 817/817/817 816/816/816
f 816/816/816 802/802/802 1831/1831/1831
f 807/807/807 819/819/819 818/818/818
f 818/818/818 806/806/806 807/807/807
f 811/811/811 821/821/821 820/820/820
f 820/820/820 1828/1828/1828 811/811/811
f 814/814/814 822/822/822 817/817/817
f 817/817/817 1831/1831/1831 814/814/814
f 817/817/817 824/824/824 823/823/823
f 823/823/823 816/816/816 817/817/817
f 819/819/819 826/826/826 825/825/825
f 825/825/825 818/818/818 819/819/819
f 821/821/821 828/828/828 827/827/827
f 827/827/827 820/820/820 821/821/821
f 822/822/822 829/829/829 824/824/824
f 824/824/824 817/817/817 822/822/822
f 1599/1599/1599 773/773/773 1550/1550/1550
f 1550/1550/1550 831/831/831 1599/1599/1599
f 826/826/826 780/780/780 777/777/777
f 777/777/777 825/825/825 826/826/826
f 828/828/828 1583/1583/1583 1574/1574/1574
f 1574/1574/1574 827/827/827 828/828/828
f 832/832/832 785/785/785 773/773/773
f 773/773/773 830/830/830 832/832/832
f 835/835/835 834/834/834 833/833/833
f 833/833/833 836/836/836 835/835/835
f 839/839/839 838/838/838 837/837/837
f 837/837/837 840/840/840 839/839/839
f 843/843/843 842/842/842 841/841/841
f 841/841/841 844/844/844 843/843/843
f 846/846/846 845/845/845 834/834/834
f 834/834/834 835/835/835 846/846/846
f 1711/1711/1711 848/848/848 847/847/847
f 847/847/847 850/850/850 1711/1711/1711
f 838/838/838 852/852/852 851/851/851
f 851/851/851 837/837/837 838/838/838
f 842/842/842 854/854/854 853/853/853
f 853/853/853 841/841/841 842/842/842
f 856/856/856 855/855/855 1707/1707/1707
f 1707/1707/1707 849/849/849 856/856/856
f 857/857/857 847/847/847 1707/1707/1707
f 1707/1707/1707 858/858/858 857/857/857
f 859/859/859 851/851/851 852/852/852
f 1651/1651/1651 860/860/860 1704/1704/1704
f 861/861/861 1775/1775/1775 854/854/854
f 1706/1706/1706 862/862/862 1772/1772/1772
f 863/863/863 1707/1707/1707 855/855/855
f 855/855/855 864/864/864 863/863/863
f 867/867/867 866/866/866 865/865/865
f 865/865/865 868/868/868 867/867/867
f 871/871/871 870/870/870 869/869/869
f 869/869/869 872/872/872 871/871/871
f 875/875/875 874/874/874 1705/1705/1705
f 873/873/873 876/876/876 1776/1776/1776
f 878/878/878 865/865/865 877/877/877
f 877/877/877 879/879/879 878/878/878
f 1709/1709/1709 881/881/881 880/880/880
f 880/880/880 883/883/883 1709/1709/1709
f 886/886/886 885/885/885 884/884/884
f 884/884/884 887/887/887 886/886/886
f 890/890/890 889/889/889 888/888/888
f 888/888/888 891/891/891 890/890/890
f 893/893/893 892/892/892 1712/1712/1712
f 1712/1712/1712 1708/1708/1708 893/893/893
f 1712/1712/1712 835/835/835 1653/1653/1653
f 1653/1653/1653 1652/1652/1652 1712/1712/1712
f 885/885/885 839/839/839 1710/1710/1710
f 1710/1710/1710 884/884/884 885/885/885
f 889/889/889 843/843/843 1777/1777/1777
f 1777/1777/1777 888/888/888 889/889/889
f 892/892/892 846/846/846 835/835/835
f 835/835/835 1712/1712/1712 892/892/892
f 1703/1703/1703 895/895/895 894/894/894
f 894/894/894 897/897/897 1703/1703/1703
f 900/900/900 899/899/899 898/898/898
f 898/898/898 901/901/901 900/900/900
f 904/904/904 903/903/903 902/902/902
f 902/902/902 905/905/905 904/904/904
f 907/907/907 906/906/906 1699/1699/1699
f 1699/1699/1699 1702/1702/1702 907/907/907
f 1699/1699/1699 909/909/909 908/908/908
f 908/908/908 894/894/894 1699/1699/1699
f 899/899/899 911/911/911 910/910/910
f 910/910/910 898/898/898 899/899/899
f 903/903/903 913/913/913 912/912/912
f 912/912/912 1771/1771/1771 903/903/903
f 906/906/906 914/914/914 909/909/909
f 909/909/909 1699/1699/1699 906/906/906
f 909/909/909 916/916/916 915/915/915
f 915/915/915 908/908/908 909/909/909
f 911/911/911 918/918/918 917/917/917
f 917/917/917 910/910/910 911/911/911
f 913/913/913 920/920/920 919/919/919
f 919/919/919 912/912/912 913/913/913
f 914/914/914 921/921/921 916/916/916
f 916/916/916 909/909/909 914/914/914
f 1700/1700/1700 865/865/865 1650/1650/1650
f 1650/1650/1650 923/923/923 1700/1700/1700
f 918/918/918 872/872/872 869/869/869
f 869/869/869 917/917/917 918/918/918
f 920/920/920 1705/1705/1705 1774/1774/1774
f 1774/1774/1774 919/919/919 920/920/920
f 924/924/924 877/877/877 865/865/865
f 865/865/865 922/922/922 924/924/924
f 927/927/927 926/926/926 925/925/925
f 925/925/925 928/928/928 927/927/927
f 931/931/931 930/930/930 929/929/929
f 929/929/929 932/932/932 931/931/931
f 935/935/935 934/934/934 933/933/933
f 933/933/933 936/936/936 935/935/935
f 938/938/938 937/937/937 926/926/926
f 926/926/926 927/927/927 938/938/938
f 1830/1830/1830 940/940/940 939/939/939
f 939/939/939 942/942/942 1830/1830/1830
f 930/930/930 944/944/944 943/943/943
f 943/943/943 929/929/929 930/930/930
f 934/934/934 946/946/946 945/945/945
f 945/945/945 933/933/933 934/934/934
f 948/948/948 947/947/947 1885/1885/1885
f 1885/1885/1885 941/941/941 948/948/948
f 949/949/949 939/939/939 1885/1885/1885
f 1885/1885/1885 950/950/950 949/949/949
f 951/951/951 943/943/943 944/944/944
f 1861/1861/1861 952/952/952 1850/1850/1850
f 953/953/953 1877/1877/1877 946/946/946
f 1848/1848/1848 954/954/954 1876/1876/1876
f 955/955/955 1885/1885/1885 947/947/947
f 947/947/947 956/956/956 955/955/955
f 959/959/959 958/958/958 957/957/957
f 957/957/957 960/960/960 959/959/959
f 963/963/963 962/962/962 961/961/961
f 961/961/961 964/964/964 963/963/963
f 967/967/967 966/966/966 1582/1582/1582
f 965/965/965 968/968/968 1569/1569/1569
f 970/970/970 957/957/957 969/969/969
f 969/969/969 971/971/971 970/970/970
f 1536/1536/1536 973/973/973 972/972/972
f 972/972/972 975/975/975 1536/1536/1536
f 978/978/978 977/977/977 976/976/976
f 976/976/976 979/979/979 978/978/978
f 982/982/982 981/981/981 980/980/980
f 980/980/980 983/983/983 982/982/982
f 985/985/985 984/984/984 1598/1598/1598
f 1598/1598/1598 1535/1535/1535 985/985/985
f 1598/1598/1598 927/927/927 1681/1681/1681
f 1681/1681/1681 1601/1601/1601 1598/1598/1598
f 977/977/977 931/931/931 1701/1701/1701
f 1701/1701/1701 976/976/976 977/977/977
f 981/981/981 935/935/935 1736/1736/1736
f 1736/1736/1736 980/980/980 981/981/981
f 984/984/984 938/938/938 927/927/927
f 927/927/927 1598/1598/1598 984/984/984
f 1888/1888/1888 987/987/987 986/986/986
f 986/986/986 989/989/989 1888/1888/1888
f 992/992/992 991/991/991 990/990/990
f 990/990/990 993/993/993 992/992/992
f 996/996/996 995/995/995 994/994/994
f 994/994/994 997/997/997 996/996/996
f 999/999/999 998/998/998 1829/1829/1829
f 1829/1829/1829 1887/1887/1887 999/999/999
f 1829/1829/1829 1001/1001/1001 1000/1000/1000
f 1000/1000/1000 986/986/986 1829/1829/1829
f 991/991/991 1003/1003/1003 1002/1002/1002
f 1002/1002/1002 990/990/990 991/991/991
f 995/995/995 1005/1005/1005 1004/1004/1004
f 1004/1004/1004 1827/1827/1827 995/995/995
f 998/998/998 1006/1006/1006 1001/1001/1001
f 1001/1001/1001 1829/1829/1829 998/998/998
f 1001/1001/1001 1008/1008/1008 1007/1007/1007
f 1007/1007/1007 1000/1000/1000 1001/1001/1001
f 1003/1003/1003 1010/1010/1010 1009/1009/1009
f 1009/1009/1009 1002/1002/1002 1003/1003/1003
f 1005/1005/1005 1012/1012/1012 1011/1011/1011
f 1011/1011/1011 1004/1004/1004 1005/1005/1005
f 1006/1006/1006 1013/1013/1013 1008/1008/1008
f 1008/1008/1008 1001/1001/1001 1006/1006/1006
f 1597/1597/1597 957/957/957 1548/1548/1548
f 1548/1548/1548 1015/1015/1015 1597/1597/1597
f 1010/1010/1010 964/964/964 961/961/961
f 961/961/961 1009/1009/1009 1010/1010/1010
f 1012/1012/1012 1582/1582/1582 1572/1572/1572
f 1572/1572/1572 1011/1011/1011 1012/1012/1012
f 1016/1016/1016 969/969/969 957/957/957
f 957/957/957 1014/1014/1014 1016/1016/1016
f 1019/1019/1019 1018/1018/1018 1017/1017/1017
f 1017/1017/1017 1020/1020/1020 1019/1019/1019
f 1023/1023/1023 1022/1022/1022 1021/1021/1021
f 1021/1021/1021 1024/1024/1024 1023/1023/1023
f 1027/1027/1027 1026/1026/1026 1025/1025/1025
f 1025/1025/1025 1028/1028/1028 1027/1027/1027
f 1030/1030/1030 1029/1029/1029 1018/1018/1018
f 1018/1018/1018 1019/1019/1019 1030/1030/1030
f 1835/1835/1835 1032/1032/1032 1031/1031/1031
f 1031/1031/1031 1034/1034/1034 1835/1835/1835
f 1022/1022/1022 1036/1036/1036 1035/1035/1035
f 1035/1035/1035 1021/1021/1021 1022/1022/1022
f 1026/1026/1026 1038/1038/1038 1037/1037/1037
f 1037/1037/1037 1025/1025/1025 1026/1026/1026
f 1040/1040/1040 1039/1039/1039 1893/1893/1893
f 1893/1893/1893 1033/1033/1033 1040/1040/1040
f 1041/1041/1041 1031/1031/1031 1893/1893/1893
f 1893/1893/1893 1042/1042/1042 1041/1041/1041
f 1043/1043/1043 1035/1035/1035 1036/1036/1036
f 1880/1880/1880 1044/1044/1044 1852/1852/1852
f 1045/1045/1045 1864/1864/1864 1038/1038/1038
f 1853/1853/1853 1046/1046/1046 1866/1866/1866
f 1047/1047/1047 1893/1893/1893 1039/1039/1039
f 1039/1039/1039 1048/1048/1048 1047/1047/1047
f 1051/1051/1051 1050/1050/1050 1049/1049/1049
f 1049/1049/1049 1052/1052/1052 1051/1051/1051
f 1055/1055/1055 1054/1054/1054 1053/1053/1053
f 1053/1053/1053 1056/1056/1056 1055/1055/1055
f 1059/1059/1059 1058/1058/1058 1580/1580/1580
f 1057/1057/1057 1060/1060/1060 1543/1543/1543
f 1062/1062/1062 1049/1049/1049 1061/1061/1061
f 1061/1061/1061 1063/1063/1063 1062/1062/1062
f 1532/1532/1532 1065/1065/1065 1064/1064/1064
f 1064/1064/1064 1067/1067/1067 1532/1532/1532
f 1070/1070/1070 1069/1069/1069 1068/1068/1068
f 1068/1068/1068 1071/1071/1071 1070/1070/1070
f 1074/1074/1074 1073/1073/1073 1072/1072/1072
f 1072/1072/1072 1075/1075/1075 1074/1074/1074
f 1077/1077/1077 1076/1076/1076 1591/1591/1591
f 1591/1591/1591 1531/1531/1531 1077/1077/1077
f 1591/1591/1591 1019/1019/1019 1728/1728/1728
f 1728/1728/1728 1609/1609/1609 1591/1591/1591
f 1069/1069/1069 1023/1023/1023 1697/1697/1697
f 1697/1697/1697 1068/1068/1068 1069/1069/1069
f 1073/1073/1073 1027/1027/1027 1689/1689/1689
f 1689/1689/1689 1072/1072/1072 1073/1073/1073
f 1076/1076/1076 1030/1030/1030 1019/1019/1019
f 1019/1019/1019 1591/1591/1591 1076/1076/1076
f 1892/1892/1892 1079/1079/1079 1078/1078/1078
f 1078/1078/1078 1081/1081/1081 1892/1892/1892
f 1084/1084/1084 1083/1083/1083 1082/1082/1082
f 1082/1082/1082 1085/1085/1085 1084/1084/1084
f 1088/1088/1088 1087/1087/1087 1086/1086/1086
f 1086/1086/1086 1089/1089/1089 1088/1088/1088
f 1091/1091/1091 1090/1090/1090 1837/1837/1837
f 1837/1837/1837 1891/1891/1891 1091/1091/1091
f 1837/1837/1837 1093/1093/1093 1092/1092/1092
f 1092/1092/1092 1078/1078/1078 1837/1837/1837
f 1083/1083/1083 1095/1095/1095 1094/1094/1094
f 1094/1094/1094 1082/1082/1082 1083/1083/1083
f 1087/1087/1087 1097/1097/1097 1096/1096/1096
f 1096/1096/1096 1819/1819/1819 1087/1087/1087
f 1090/1090/1090 1098/1098/1098 1093/1093/1093
f 1093/1093/1093 1837/1837/1837 1090/1090/1090
f 1093/1093/1093 1100/1100/1100 1099/1099/1099
f 1099/1099/1099 1092/1092/1092 1093/1093/1093
f 1095/1095/1095 1102/1102/1102 1101/1101/1101
f 1101/1101/1101 1094/1094/1094 1095/1095/1095
f 1097/1097/1097 1104/1104/1104 1103/1103/1103
f 1103/1103/1103 1096/1096/1096 1097/1097/1097
f 1098/1098/1098 1105/1105/1105 1100/1100/1100
f 1100/1100/1100 1093/1093/1093 1098/1098/1098
f 1590/1590/1590 1049/1049/1049 1564/1564/1564
f 1564/1564/1564 1107/1107/1107 1590/1590/1590
f 1102/1102/1102 1056/1056/1056 1053/1053/1053
f 1053/1053/1053 1101/1101/1101 1102/1102/1102
f 1104/1104/1104 1580/1580/1580 1542/1542/1542
f 1542/1542/1542 1103/1103/1103 1104/1104/1104
f 1108/1108/1108 1061/1061/1061 1049/1049/1049
f 1049/1049/1049 1106/1106/1106 1108/1108/1108
f 1111/1111/1111 1110/1110/1110 1109/1109/1109
f 1109/1109/1109 1112/1112/1112 1111/1111/1111
f 1115/1115/1115 1114/1114/1114 1113/1113/1113
f 1113/1113/1113 1116/1116/1116 1115/1115/1115
f 1119/1119/1119 1118/1118/1118 1117/1117/1117
f 1117/1117/1117 1120/1120/1120 1119/1119/1119
f 1122/1122/1122 1121/1121/1121 1110/1110/1110
f 1110/1110/1110 1111/1111/1111 1122/1122/1122
f 1735/1735/1735 1124/1124/1124 1123/1123/1123
f 1123/1123/1123 1126/1126/1126 1735/1735/1735
f 1114/1114/1114 1128/1128/1128 1127/1127/1127
f 1127/1127/1127 1113/1113/1113 1114/1114/1114
f 1118/1118/1118 1130/1130/1130 1129/1129/1129
f 1129/1129/1129 1117/1117/1117 1118/1118/1118
f 1132/1132/1132 1131/1131/1131 1756/1756/1756
f 1756/1756/1756 1125/1125/1125 1132/1132/1132
f 1133/1133/1133 1123/1123/1123 1756/1756/1756
f 1756/1756/1756 1134/1134/1134 1133/1133/1133
f 1135/1135/1135 1127/1127/1127 1128/1128/1128
f 1673/1673/1673 1136/1136/1136 1741/1741/1741
f 1137/1137/1137 1791/1791/1791 1130/1130/1130
f 1739/1739/1739 1138/1138/1138 1790/1790/1790
f 1139/1139/1139 1756/1756/1756 1131/1131/1131
f 1131/1131/1131 1140/1140/1140 1139/1139/1139
f 1143/1143/1143 1142/1142/1142 1141/1141/1141
f 1141/1141/1141 1144/1144/1144 1143/1143/1143
f 1147/1147/1147 1146/1146/1146 1145/1145/1145
f 1145/1145/1145 1148/1148/1148 1147/1147/1147
f 1151/1151/1151 1150/1150/1150 1680/1680/1680
f 1149/1149/1149 1152/1152/1152 1750/1750/1750
f 1154/1154/1154 1141/1141/1141 1153/1153/1153
f 1153/1153/1153 1155/1155/1155 1154/1154/1154
f 1671/1671/1671 1157/1157/1157 1156/1156/1156
f 1156/1156/1156 1159/1159/1159 1671/1671/1671
f 1162/1162/1162 1161/1161/1161 1160/1160/1160
f 1160/1160/1160 1163/1163/1163 1162/1162/1162
f 1166/1166/1166 1165/1165/1165 1164/1164/1164
f 1164/1164/1164 1167/1167/1167 1166/1166/1166
f 1169/1169/1169 1168/1168/1168 1686/1686/1686
f 1686/1686/1686 1670/1670/1670 1169/1169/1169
f 1686/1686/1686 1111/1111/1111 1655/1655/1655
f 1655/1655/1655 1643/1643/1643 1686/1686/1686
f 1161/1161/1161 1115/1115/1115 1698/1698/1698
f 1698/1698/1698 1160/1160/1160 1161/1161/1161
f 1165/1165/1165 1119/1119/1119 1770/1770/1770
f 1770/1770/1770 1164/1164/1164 1165/1165/1165
f 1168/1168/1168 1122/1122/1122 1111/1111/1111
f 1111/1111/1111 1686/1686/1686 1168/1168/1168
f 1755/1755/1755 1171/1171/1171 1170/1170/1170
f 1170/1170/1170 1173/1173/1173 1755/1755/1755
f 1176/1176/1176 1175/1175/1175 1174/1174/1174
f 1174/1174/1174 1177/1177/1177 1176/1176/1176
f 1180/1180/1180 1179/1179/1179 1178/1178/1178
f 1178/1178/1178 1181/1181/1181 1180/1180/1180
f 1183/1183/1183 1182/1182/1182 1734/1734/1734
f 1734/1734/1734 1754/1754/1754 1183/1183/1183
f 1734/1734/1734 1185/1185/1185 1184/1184/1184
f 1184/1184/1184 1170/1170/1170 1734/1734/1734
f 1175/1175/1175 1187/1187/1187 1186/1186/1186
f 1186/1186/1186 1174/1174/1174 1175/1175/1175
f 1179/1179/1179 1189/1189/1189 1188/1188/1188
f 1188/1188/1188 1785/1785/1785 1179/1179/1179
f 1182/1182/1182 1190/1190/1190 1185/1185/1185
f 1185/1185/1185 1734/1734/1734 1182/1182/1182
f 1185/1185/1185 1192/1192/1192 1191/1191/1191
f 1191/1191/1191 1184/1184/1184 1185/1185/1185
f 1187/1187/1187 1194/1194/1194 1193/1193/1193
f 1193/1193/1193 1186/1186/1186 1187/1187/1187
f 1189/1189/1189 1196/1196/1196 1195/1195/1195
f 1195/1195/1195 1188/1188/1188 1189/1189/1189
f 1190/1190/1190 1197/1197/1197 1192/1192/1192
f 1192/1192/1192 1185/1185/1185 1190/1190/1190
f 1685/1685/1685 1141/1141/1141 1641/1641/1641
f 1641/1641/1641 1199/1199/1199 1685/1685/1685
f 1194/1194/1194 1148/1148/1148 1145/1145/1145
f 1145/1145/1145 1193/1193/1193 1194/1194/1194
f 1196/1196/1196 1680/1680/1680 1749/1749/1749
f 1749/1749/1749 1195/1195/1195 1196/1196/1196
f 1200/1200/1200 1153/1153/1153 1141/1141/1141
f 1141/1141/1141 1198/1198/1198 1200/1200/1200
f 1203/1203/1203 1202/1202/1202 1201/1201/1201
f 1201/1201/1201 1204/1204/1204 1203/1203/1203
f 1207/1207/1207 1206/1206/1206 1205/1205/1205
f 1205/1205/1205 1208/1208/1208 1207/1207/1207
f 1211/1211/1211 1210/1210/1210 1209/1209/1209
f 1209/1209/1209 1212/1212/1212 1211/1211/1211
f 1214/1214/1214 1213/1213/1213 1202/1202/1202
f 1202/1202/1202 1203/1203/1203 1214/1214/1214
f 1823/1823/1823 1216/1216/1216 1215/1215/1215
f 1215/1215/1215 1218/1218/1218 1823/1823/1823
f 1206/1206/1206 1220/1220/1220 1219/1219/1219
f 1219/1219/1219 1205/1205/1205 1206/1206/1206
f 1210/1210/1210 1222/1222/1222 1221/1221/1221
f 1221/1221/1221 1209/1209/1209 1210/1210/1210
f 1224/1224/1224 1223/1223/1223 1884/1884/1884
f 1884/1884/1884 1217/1217/1217 1224/1224/1224
f 1225/1225/1225 1215/1215/1215 1884/1884/1884
f 1884/1884/1884 1226/1226/1226 1225/1225/1225
f 1227/1227/1227 1219/1219/1219 1220/1220/1220
f 1860/1860/1860 1228/1228/1228 1846/1846/1846
f 1229/1229/1229 1869/1869/1869 1222/1222/1222
f 1847/1847/1847 1230/1230/1230 1868/1868/1868
f 1231/1231/1231 1884/1884/1884 1223/1223/1223
f 1223/1223/1223 1232/1232/1232 1231/1231/1231
f 1235/1235/1235 1234/1234/1234 1233/1233/1233
f 1233/1233/1233 1236/1236/1236 1235/1235/1235
f 1239/1239/1239 1238/1238/1238 1237/1237/1237
f 1237/1237/1237 1240/1240/1240 1239/1239/1239
f 1243/1243/1243 1242/1242/1242 1584/1584/1584
f 1241/1241/1241 1244/1244/1244 1577/1577/1577
f 1246/1246/1246 1233/1233/1233 1245/1245/1245
f 1245/1245/1245 1247/1247/1247 1246/1246/1246
f 1540/1540/1540 1249/1249/1249 1248/1248/1248
f 1248/1248/1248 1251/1251/1251 1540/1540/1540
f 1254/1254/1254 1253/1253/1253 1252/1252/1252
f 1252/1252/1252 1255/1255/1255 1254/1254/1254
f 1258/1258/1258 1257/1257/1257 1256/1256/1256
f 1256/1256/1256 1259/1259/1259 1258/1258/1258
f 1261/1261/1261 1260/1260/1260 1606/1606/1606
f 1606/1606/1606 1539/1539/1539 1261/1261/1261
f 1606/1606/1606 1203/1203/1203 1677/1677/1677
f 1677/1677/1677 1603/1603/1603 1606/1606/1606
f 1253/1253/1253 1207/1207/1207 1695/1695/1695
f 1695/1695/1695 1252/1252/1252 1253/1253/1253
f 1257/1257/1257 1211/1211/1211 1743/1743/1743
f 1743/1743/1743 1256/1256/1256 1257/1257/1257
f 1260/1260/1260 1214/1214/1214 1203/1203/1203
f 1203/1203/1203 1606/1606/1606 1260/1260/1260
f 1883/1883/1883 1263/1263/1263 1262/1262/1262
f 1262/1262/1262 1265/1265/1265 1883/1883/1883
f 1268/1268/1268 1267/1267/1267 1266/1266/1266
f 1266/1266/1266 1269/1269/1269 1268/1268/1268
f 1272/1272/1272 1271/1271/1271 1270/1270/1270
f 1270/1270/1270 1273/1273/1273 1272/1272/1272
f 1275/1275/1275 1274/1274/1274 1824/1824/1824
f 1824/1824/1824 1882/1882/1882 1275/1275/1275
f 1824/1824/1824 1277/1277/1277 1276/1276/1276
f 1276/1276/1276 1262/1262/1262 1824/1824/1824
f 1267/1267/1267 1279/1279/1279 1278/1278/1278
f 1278/1278/1278 1266/1266/1266 1267/1267/1267
f 1271/1271/1271 1281/1281/1281 1280/1280/1280
f 1280/1280/1280 1826/1826/1826 1271/1271/1271
f 1274/1274/1274 1282/1282/1282 1277/1277/1277
f 1277/1277/1277 1824/1824/1824 1274/1274/1274
f 1277/1277/1277 1284/1284/1284 1283/1283/1283
f 1283/1283/1283 1276/1276/1276 1277/1277/1277
f 1279/1279/1279 1286/1286/1286 1285/1285/1285
f 1285/1285/1285 1278/1278/1278 1279/1279/1279
f 1281/1281/1281 1288/1288/1288 1287/1287/1287
f 1287/1287/1287 1280/1280/1280 1281/1281/1281
f 1282/1282/1282 1289/1289/1289 1284/1284/1284
f 1284/1284/1284 1277/1277/1277 1282/1282/1282
f 1605/1605/1605 1233/1233/1233 1562/1562/1562
f 1562/1562/1562 1291/1291/1291 1605/1605/1605
f 1286/1286/1286 1240/1240/1240 1237/1237/1237
f 1237/1237/1237 1285/1285/1285 1286/1286/1286
f 1288/1288/1288 1584/1584/1584 1576/1576/1576
f 1576/1576/1576 1287/1287/1287 1288/1288/1288
f 1292/1292/1292 1245/1245/1245 1233/1233/1233
f 1233/1233/1233 1290/1290/1290 1292/1292/1292
f 1295/1295/1295 1294/1294/1294 1293/1293/1293
f 1293/1293/1293 1296/1296/1296 1295/1295/1295
f 1299/1299/1299 1298/1298/1298 1297/1297/1297
f 1297/1297/1297 1300/1300/1300 1299/1299/1299
f 1303/1303/1303 1302/1302/1302 1301/1301/1301
f 1301/1301/1301 1304/1304/1304 1303/1303/1303
f 1306/1306/1306 1305/1305/1305 1294/1294/1294
f 1294/1294/1294 1295/1295/1295 1306/1306/1306
f 1733/1733/1733 1308/1308/1308 1307/1307/1307
f 1307/1307/1307 1310/1310/1310 1733/1733/1733
f 1298/1298/1298 1312/1312/1312 1311/1311/1311
f 1311/1311/1311 1297/1297/1297 1298/1298/1298
f 1302/1302/1302 1314/1314/1314 1313/1313/1313
f 1313/1313/1313 1301/1301/1301 1302/1302/1302
f 1316/1316/1316 1315/1315/1315 1753/1753/1753
f 1753/1753/1753 1309/1309/1309 1316/1316/1316
f 1317/1317/1317 1307/1307/1307 1753/1753/1753
f 1753/1753/1753 1318/1318/1318 1317/1317/1317
f 1319/1319/1319 1311/1311/1311 1312/1312/1312
f 1672/1672/1672 1320/1320/1320 1740/1740/1740
f 1321/1321/1321 1789/1789/1789 1314/1314/1314
f 1738/1738/1738 1322/1322/1322 1788/1788/1788
f 1323/1323/1323 1753/1753/1753 1315/1315/1315
f 1315/1315/1315 1324/1324/1324 1323/1323/1323
f 1327/1327/1327 1326/1326/1326 1325/1325/1325
f 1325/1325/1325 1328/1328/1328 1327/1327/1327
f 1331/1331/1331 1330/1330/1330 1329/1329/1329
f 1329/1329/1329 1332/1332/1332 1331/1331/1331
f 1335/1335/1335 1334/1334/1334 1679/1679/1679
f 1333/1333/1333 1336/1336/1336 1747/1747/1747
f 1338/1338/1338 1325/1325/1325 1337/1337/1337
f 1337/1337/1337 1339/1339/1339 1338/1338/1338
f 1669/1669/1669 1341/1341/1341 1340/1340/1340
f 1340/1340/1340 1343/1343/1343 1669/1669/1669
f 1346/1346/1346 1345/1345/1345 1344/1344/1344
f 1344/1344/1344 1347/1347/1347 1346/1346/1346
f 1350/1350/1350 1349/1349/1349 1348/1348/1348
f 1348/1348/1348 1351/1351/1351 1350/1350/1350
f 1353/1353/1353 1352/1352/1352 1684/1684/1684
f 1684/1684/1684 1668/1668/1668 1353/1353/1353
f 1684/1684/1684 1295/1295/1295 1654/1654/1654
f 1654/1654/1654 1642/1642/1642 1684/1684/1684
f 1345/1345/1345 1299/1299/1299 1696/1696/1696
f 1696/1696/1696 1344/1344/1344 1345/1345/1345
f 1349/1349/1349 1303/1303/1303 1769/1769/1769
f 1769/1769/1769 1348/1348/1348 1349/1349/1349
f 1352/1352/1352 1306/1306/1306 1295/1295/1295
f 1295/1295/1295 1684/1684/1684 1352/1352/1352
f 1752/1752/1752 1355/1355/1355 1354/1354/1354
f 1354/1354/1354 1357/1357/1357 1752/1752/1752
f 1360/1360/1360 1359/1359/1359 1358/1358/1358
f 1358/1358/1358 1361/1361/1361 1360/1360/1360
f 1364/1364/1364 1363/1363/1363 1362/1362/1362
f 1362/1362/1362 1365/1365/1365 1364/1364/1364
f 1367/1367/1367 1366/1366/1366 1732/1732/1732
f 1732/1732/1732 1751/1751/1751 1367/1367/1367
f 1732/1732/1732 1369/1369/1369 1368/1368/1368
f 1368/1368/1368 1354/1354/1354 1732/1732/1732
f 1359/1359/1359 1371/1371/1371 1370/1370/1370
f 1370/1370/1370 1358/1358/1358 1359/1359/1359
f 1363/1363/1363 1373/1373/1373 1372/1372/1372
f 1372/1372/1372 1784/1784/1784 1363/1363/1363
f 1366/1366/1366 1374/1374/1374 1369/1369/1369
f 1369/1369/1369 1732/1732/1732 1366/1366/1366
f 1369/1369/1369 1376/1376/1376 1375/1375/1375
f 1375/1375/1375 1368/1368/1368 1369/1369/1369
f 1371/1371/1371 1378/1378/1378 1377/1377/1377
f 1377/1377/1377 1370/1370/1370 1371/1371/1371
f 1373/1373/1373 1380/1380/1380 1379/1379/1379
f 1379/1379/1379 1372/1372/1372 1373/1373/1373
f 1374/1374/1374 1381/1381/1381 1376/1376/1376
f 1376/1376/1376 1369/1369/1369 1374/1374/1374
f 1683/1683/1683 1325/1325/1325 1639/1639/1639
f 1639/1639/1639 1383/1383/1383 1683/1683/1683
f 1378/1378/1378 1332/1332/1332 1329/1329/1329
f 1329/1329/1329 1377/1377/1377 1378/1378/1378
f 1380/1380/1380 1679/1679/1679 1746/1746/1746
f 1746/1746/1746 1379/1379/1379 1380/1380/1380
f 1384/1384/1384 1337/1337/1337 1325/1325/1325
f 1325/1325/1325 1382/1382/1382 1384/1384/1384
f 1387/1387/1387 1386/1386/1386 1385/1385/1385
f 1385/1385/1385 1388/1388/1388 1387/1387/1387
f 1391/1391/1391 1390/1390/1390 1389/1389/1389
f 1389/1389/1389 1392/1392/1392 1391/1391/1391
f 1395/1395/1395 1394/1394/1394 1393/1393/1393
f 1393/1393/1393 1396/1396/1396 1395/1395/1395
f 1398/1398/1398 1397/1397/1397 1386/1386/1386
f 1386/1386/1386 1387/1387/1387 1398/1398/1398
f 1637/1637/1637 1400/1400/1400 1399/1399/1399
f 1399/1399/1399 1402/1402/1402 1637/1637/1637
f 1390/1390/1390 1404/1404/1404 1403/1403/1403
f 1403/1403/1403 1389/1389/1389 1390/1390/1390
f 1394/1394/1394 1406/1406/1406 1405/1405/1405
f 1405/1405/1405 1393/1393/1393 1394/1394/1394
f 1408/1408/1408 1407/1407/1407 1614/1614/1614
f 1614/1614/1614 1401/1401/1401 1408/1408/1408
f 1411/1411/1411 1410/1410/1410 1409/1409/1409
f 1409/1409/1409 1412/1412/1412 1411/1411/1411
f 1415/1415/1415 1414/1414/1414 1413/1413/1413
f 1413/1413/1413 1416/1416/1416 1415/1415/1415
f 1419/1419/1419 1418/1418/1418 1417/1417/1417
f 1417/1417/1417 1420/1420/1420 1419/1419/1419
f 1422/1422/1422 1421/1421/1421 1793/1793/1793
f 1793/1793/1793 1411/1411/1411 1422/1422/1422
f 1793/1793/1793 1387/1387/1387 1666/1666/1666
f 1666/1666/1666 1742/1742/1742 1793/1793/1793
f 1414/1414/1414 1391/1391/1391 1694/1694/1694
f 1694/1694/1694 1413/1413/1413 1414/1414/1414
f 1418/1418/1418 1395/1395/1395 1758/1758/1758
f 1758/1758/1758 1417/1417/1417 1418/1418/1418
f 1421/1421/1421 1398/1398/1398 1387/1387/1387
f 1387/1387/1387 1793/1793/1793 1421/1421/1421
f 1614/1614/1614 1424/1424/1424 1423/1423/1423
f 1423/1423/1423 1399/1399/1399 1614/1614/1614
f 1404/1404/1404 1426/1426/1426 1425/1425/1425
f 1425/1425/1425 1403/1403/1403 1404/1404/1404
f 1406/1406/1406 1428/1428/1428 1427/1427/1427
f 1427/1427/1427 1405/1405/1405 1406/1406/1406
f 1407/1407/1407 1429/1429/1429 1424/1424/1424
f 1424/1424/1424 1614/1614/1614 1407/1407/1407
f 1613/1613/1613 1431/1431/1431 1430/1430/1430
f 1430/1430/1430 1604/1604/1604 1613/1613/1613
f 1426/1426/1426 1435/1435/1435 1434/1434/1434
f 1434/1434/1434 1425/1425/1425 1426/1426/1426
f 1428/1428/1428 1437/1437/1437 1436/1436/1436
f 1436/1436/1436 1427/1427/1427 1428/1428/1428
f 1439/1439/1439 1438/1438/1438 1636/1636/1636
f 1636/1636/1636 1432/1432/1432 1439/1439/1439
f 1636/1636/1636 1441/1441/1441 1440/1440/1440
f 1440/1440/1440 1430/1430/1430 1636/1636/1636
f 1435/1435/1435 1443/1443/1443 1442/1442/1442
f 1442/1442/1442 1434/1434/1434 1435/1435/1435
f 1437/1437/1437 1445/1445/1445 1444/1444/1444
f 1444/1444/1444 1678/1678/1678 1437/1437/1437
f 1438/1438/1438 1446/1446/1446 1441/1441/1441
f 1441/1441/1441 1636/1636/1636 1438/1438/1438
f 1441/1441/1441 1448/1448/1448 1447/1447/1447
f 1447/1447/1447 1440/1440/1440 1441/1441/1441
f 1443/1443/1443 1450/1450/1450 1449/1449/1449
f 1449/1449/1449 1442/1442/1442 1443/1443/1443
f 1445/1445/1445 1452/1452/1452 1451/1451/1451
f 1451/1451/1451 1444/1444/1444 1445/1445/1445
f 1446/1446/1446 1453/1453/1453 1448/1448/1448
f 1448/1448/1448 1441/1441/1441 1446/1446/1446
f 1792/1792/1792 1455/1455/1455 1454/1454/1454
f 1454/1454/1454 1457/1457/1457 1792/1792/1792
f 1450/1450/1450 1459/1459/1459 1458/1458/1458
f 1458/1458/1458 1449/1449/1449 1450/1450/1450
f 1452/1452/1452 1461/1461/1461 1460/1460/1460
f 1460/1460/1460 1451/1451/1451 1452/1452/1452
f 1463/1463/1463 1462/1462/1462 1812/1812/1812
f 1812/1812/1812 1456/1456/1456 1463/1463/1463
f 1787/1787/1787 1454/1454/1454 1812/1812/1812
f 1812/1812/1812 1465/1465/1465 1787/1787/1787
f 1415/1415/1415 1416/1416/1416 1800/1800/1800
f 1800/1800/1800 1459/1459/1459 1415/1415/1415
f 1825/1825/1825 1460/1460/1460 1461/1461/1461
f 1461/1461/1461 1419/1419/1419 1825/1825/1825
f 1465/1465/1465 1812/1812/1812 1462/1462/1462
f 1462/1462/1462 1466/1466/1466 1465/1465/1465
f 1469/1469/1469 1468/1468/1468 1467/1467/1467
f 1467/1467/1467 1470/1470/1470 1469/1469/1469
f 1473/1473/1473 1472/1472/1472 1471/1471/1471
f 1471/1471/1471 1474/1474/1474 1473/1473/1473
f 1477/1477/1477 1476/1476/1476 1475/1475/1475
f 1475/1475/1475 1478/1478/1478 1477/1477/1477
f 1480/1480/1480 1479/1479/1479 1468/1468/1468
f 1468/1468/1468 1469/1469/1469 1480/1480/1480
f 1483/1483/1483 1482/1482/1482 1481/1481/1481
f 1481/1481/1481 1484/1484/1484 1483/1483/1483
f 1472/1472/1472 1486/1486/1486 1485/1485/1485
f 1485/1485/1485 1471/1471/1471 1472/1472/1472
f 1476/1476/1476 1488/1488/1488 1487/1487/1487
f 1487/1487/1487 1475/1475/1475 1476/1476/1476
f 1490/1490/1490 1489/1489/1489 1482/1482/1482
f 1482/1482/1482 1483/1483/1483 1490/1490/1490
f 1482/1482/1482 1492/1492/1492 1491/1491/1491
f 1491/1491/1491 1481/1481/1481 1482/1482/1482
f 1486/1486/1486 1494/1494/1494 1493/1493/1493
f 1493/1493/1493 1485/1485/1485 1486/1486/1486
f 1488/1488/1488 1496/1496/1496 1495/1495/1495
f 1495/1495/1495 1487/1487/1487 1488/1488/1488
f 1489/1489/1489 1497/1497/1497 1492/1492/1492
f 1492/1492/1492 1482/1482/1482 1489/1489/1489
f 1500/1500/1500 1499/1499/1499 1498/1498/1498
f 1498/1498/1498 1501/1501/1501 1500/1500/1500
f 1504/1504/1504 1503/1503/1503 1502/1502/1502
f 1502/1502/1502 1505/1505/1505 1504/1504/1504
f 1508/1508/1508 1507/1507/1507 1506/1506/1506
f 1506/1506/1506 1509/1509/1509 1508/1508/1508
f 1511/1511/1511 1510/1510/1510 1499/1499/1499
f 1499/1499/1499 1500/1500/1500 1511/1511/1511
f 1514/1514/1514 1513/1513/1513 1512/1512/1512
f 1512/1512/1512 1515/1515/1515 1514/1514/1514
f 1503/1503/1503 1517/1517/1517 1516/1516/1516
f 1516/1516/1516 1502/1502/1502 1503/1503/1503
f 1507/1507/1507 1519/1519/1519 1518/1518/1518
f 1518/1518/1518 1524/1524/1524 1507/1507/1507
f 1521/1521/1521 1520/1520/1520 1513/1513/1513
f 1513/1513/1513 1514/1514/1514 1521/1521/1521
f 1513/1513/1513 1469/1469/1469 1692/1692/1692
f 1692/1692/1692 1567/1567/1567 1513/1513/1513
f 1517/1517/1517 1473/1473/1473 1691/1691/1691
f 1691/1691/1691 1516/1516/1516 1517/1517/1517
f 1519/1519/1519 1477/1477/1477 1693/1693/1693
f 1693/1693/1693 1518/1518/1518 1519/1519/1519
f 1520/1520/1520 1480/1480/1480 1469/1469/1469
f 1469/1469/1469 1513/1513/1513 1520/1520/1520
o G3_Object_Latern_Oil_01_1
usemtl G3_Architecture_Rope_01_01_A
v 0.056807 -0.860574 0.000637
v 0.054731 -0.867008 -0.001438
v 0.006689 -0.867773 0.036311
v 0.006973 -0.860723 0.036772
v 0.054731 -0.867008 -0.001438
v 0.059072 -0.869940 0.003311
v 0.010073 -0.868313 0.042498
v 0.006689 -0.867773 0.036311
v 0.061147 -0.863507 0.005386
v 0.010356 -0.861263 0.042959
v -0.020967 -0.868785 0.046006
v -0.021118 -0.861796 0.044946
v -0.021465 -0.867739 0.052981
v -0.020967 -0.868785 0.046006
v -0.021616 -0.860750 0.051921
v -0.050503 -0.870963 0.029353
v -0.048989 -0.864361 0.027322
v -0.054941 -0.868440 0.034246
v -0.050503 -0.870963 0.029353
v -0.053428 -0.861838 0.032214
v -0.069937 -0.872658 -0.002925
v -0.066582 -0.866808 -0.005051
v -0.074834 -0.868686 0.000273
v -0.069937 -0.872658 -0.002925
v -0.071479 -0.862836 -0.001853
v -0.084189 -0.871398 -0.011467
v -0.083115 -0.865886 -0.015771
v -0.084009 -0.867040 -0.005881
v -0.084189 -0.871398 -0.011467
v -0.082935 -0.861527 -0.010186
v -0.139727 -0.855497 0.002021
v -0.138521 -0.851560 -0.003870
v -0.138052 -0.849856 0.005930
v -0.139727 -0.855497 0.002021
v -0.136846 -0.845920 0.000039
v -0.157607 -0.844515 0.000110
v -0.155889 -0.842624 -0.004226
v -0.156333 -0.840236 0.002371
v -0.157607 -0.844515 0.000110
v -0.154614 -0.838346 -0.001965
v -0.171152 -0.830757 -0.006345
v -0.171152 -0.830757 -0.006345
v 0.056807 -0.860574 0.000637
v 0.061147 -0.863507 0.005386
v 0.059072 -0.869940 0.003311
v 0.054731 -0.867008 -0.001438
v -0.171152 -0.830757 -0.006345
v -0.171152 -0.830757 -0.006345
v -0.156333 -0.840236 0.002371
v -0.155889 -0.842624 -0.004226
v -0.154614 -0.838346 -0.001965
v -0.138521 -0.851560 -0.003870
v -0.138521 -0.851560 -0.003870
v -0.138052 -0.849856 0.005930
v -0.136846 -0.845920 0.000039
v -0.084009 -0.867040 -0.005881
v -0.083115 -0.865886 -0.015771
v -0.083115 -0.865886 -0.015771
v -0.082935 -0.861527 -0.010186
v -0.074834 -0.868686 0.000273
v -0.071479 -0.862836 -0.001853
v -0.066582 -0.866808 -0.005051
v -0.066582 -0.866808 -0.005051
v -0.054941 -0.868440 0.034246
v -0.053428 -0.861838 0.032214
v -0.048989 -0.864361 0.027322
v -0.048989 -0.864361 0.027322
v -0.021616 -0.860750 0.051921
v -0.021465 -0.867739 0.052981
v -0.021118 -0.861796 0.044946
v -0.021118 -0.861796 0.044946
v 0.006973 -0.860723 0.036772
v 0.006973 -0.860723 0.036772
v 0.010073 -0.868313 0.042498
v 0.010356 -0.861263 0.042959
v 0.056807 -0.860574 0.000637
v 0.059072 -0.869940 0.003311
v 0.059072 -0.869940 0.003311
v 0.061147 -0.863507 0.005386
vt 0.750000 0.000000
vt 1.000000 0.000000
vt 1.000000 0.200000
vt 0.750000 0.200000
vt 0.000000 0.000000
vt 0.250000 0.000000
vt 0.250000 0.200000
vt 0.000000 0.200000
vt 0.500000 0.000000
vt 0.500000 0.200000
vt 1.000000 0.333333
vt 0.750000 0.333333
vt 0.250000 0.333333
vt 0.000000 0.333333
vt 0.500000 0.333333
vt 1.000000 0.466667
vt 0.750000 0.466667
vt 0.250000 0.466667
vt 0.000000 0.466667
vt 0.500000 0.466667
vt 1.000000 0.600000
vt 0.750000 0.600000
vt 0.250000 0.600000
vt 0.000000 0.600000
vt 0.500000 0.600000
vt 1.000000 0.666667
vt 0.750000 0.666667
vt 0.250000 0.666667
vt 0.000000 0.666667
vt 0.500000 0.666667
vt 1.000000 0.866667
vt 0.750000 0.866667
vt 0.250000 0.866667
vt 0.000000 0.866667
vt 0.500000 0.866667
vt 1.000000 0.933333
vt 0.750000 0.933333
vt 0.250000 0.933333
vt 0.000000 0.933333
vt 0.500000 0.933333
vt 0.750000 1.000000
vt 0.125000 1.000000
vt 0.500000 1.000000
vt 1.000000 0.500000
vt 0.500000 0.000000
vt 0.000000 0.500000
vt 0.125000 1.000000
vt 0.750000 1.000000
vt 0.250000 0.933333
vt 0.750000 0.933333
vt 0.500000 0.933333
vt 0.750000 0.866667
vt 0.750000 0.866667
vt 0.250000 0.866667
vt 0.500000 0.866667
vt 0.250000 0.666667
vt 0.750000 0.666667
vt 0.750000 0.666667
vt 0.500000 0.666667
vt 0.250000 0.600000
vt 0.500000 0.600000
vt 0.750000 0.600000
vt 0.750000 0.600000
vt 0.250000 0.466667
vt 0.500000 0.466667
vt 0.750000 0.466667
vt 0.750000 0.466667
vt 0.500000 0.333333
vt 0.250000 0.333333
vt 0.750000 0.333333
vt 0.750000 0.333333
vt 0.750000 0.200000
vt 0.750000 0.200000
vt 0.250000 0.200000
vt 0.500000 0.200000
vt 0.750000 0.000000
vt 0.250000 0.000000
vt 0.500000 0.000000
vt 0.500000 0.000000
vn -0.203802 0.950404 -0.234942
vn -0.592283 -0.362898 -0.719379
vn -0.338403 -0.687887 -0.642102
vn -0.280292 0.799583 -0.531134
vn -0.592283 -0.362898 -0.719379
vn 0.205332 -0.918792 0.337134
vn 0.314330 -0.720264 0.618399
vn -0.338403 -0.687887 -0.642102
vn 0.549342 0.338185 0.764104
vn 0.359283 0.617838 0.699423
vn 0.079147 -0.892611 -0.443826
vn 0.063927 0.707213 -0.704104
vn -0.077909 -0.518324 0.851628
vn 0.079147 -0.892611 -0.443826
vn -0.101627 0.726928 0.679152
vn 0.246851 -0.950738 -0.187516
vn 0.629859 0.455795 -0.628911
vn -0.644759 -0.373180 0.667101
vn 0.246851 -0.950738 -0.187516
vn -0.382529 0.865479 0.323447
vn 0.176815 -0.959055 -0.221245
vn 0.735262 0.150185 -0.660935
vn -0.712825 -0.247299 0.656296
vn 0.176815 -0.959055 -0.221245
vn -0.059944 0.996307 0.061479
vn -0.108356 -0.956146 -0.272111
vn 0.178501 0.055209 -0.982390
vn -0.239784 -0.169740 0.955872
vn -0.108356 -0.956146 -0.272111
vn 0.232756 0.971586 -0.042967
vn -0.362380 -0.900568 0.240122
vn -0.174674 -0.195557 -0.965011
vn 0.066010 0.122482 0.990273
vn -0.362380 -0.900568 0.240122
vn 0.337732 0.932701 -0.126517
vn -0.620413 -0.736773 0.268799
vn -0.109129 -0.294553 -0.949384
vn -0.141420 0.341960 0.929012
vn -0.620413 -0.736773 0.268799
vn 0.442153 0.861306 -0.250305
vn -0.785689 0.551594 -0.280067
vn -0.785689 0.551594 -0.280067
vn 0.732745 -0.017065 -0.680289
vn 0.732744 -0.017065 -0.680290
vn 0.732745 -0.017065 -0.680290
vn 0.732745 -0.017064 -0.680289
vn -0.785689 0.551594 -0.280067
vn -0.785689 0.551594 -0.280067
vn -0.141420 0.341960 0.929012
vn -0.109129 -0.294553 -0.949384
vn 0.442153 0.861306 -0.250305
vn -0.174674 -0.195557 -0.965011
vn -0.174674 -0.195557 -0.965011
vn 0.066010 0.122482 0.990273
vn 0.337732 0.932701 -0.126517
vn -0.239784 -0.169740 0.955872
vn 0.178501 0.055209 -0.982390
vn 0.178501 0.055209 -0.982390
vn 0.232756 0.971586 -0.042967
vn -0.712825 -0.247299 0.656296
vn -0.059944 0.996307 0.061479
vn 0.735262 0.150185 -0.660935
vn 0.735262 0.150185 -0.660935
vn -0.644759 -0.373180 0.667101
vn -0.382529 0.865479 0.323447
vn 0.629859 0.455795 -0.628911
vn 0.629859 0.455795 -0.628911
vn -0.101627 0.726928 0.679152
vn -0.077909 -0.518324 0.851628
vn 0.063927 0.707213 -0.704104
vn 0.063927 0.707213 -0.704104
vn -0.280292 0.799583 -0.531134
vn -0.280292 0.799583 -0.531134
vn 0.314330 -0.720264 0.618399
vn 0.359283 0.617838 0.699423
vn -0.203802 0.950404 -0.234942
vn 0.205332 -0.918792 0.337134
vn 0.732745 -0.017065 -0.680290
vn 0.549342 0.338185 0.764104
f 1908/1908/1908 1907/1907/1907 1906/1906/1906
f 1906/1906/1906 1909/1909/1909 1908/1908/1908
f 1912/1912/1912 1911/1911/1911 1910/1910/1910
f 1910/1910/1910 1913/1913/1913 1912/1912/1912
f 1915/1915/1915 1914/1914/1914 1982/1982/1982
f 1982/1982/1982 1979/1979/1979 1915/1915/1915
f 1977/1977/1977 1981/1981/1981 1984/1984/1984
f 1984/1984/1984 1980/1980/1980 1977/1977/1977
f 1916/1916/1916 1908/1908/1908 1978/1978/1978
f 1978/1978/1978 1917/1917/1917 1916/1916/1916
f 1918/1918/1918 1912/1912/1912 1913/1913/1913
f 1913/1913/1913 1919/1919/1919 1918/1918/1918
f 1920/1920/1920 1915/1915/1915 1979/1979/1979
f 1979/1979/1979 1974/1974/1974 1920/1920/1920
f 1975/1975/1975 1977/1977/1977 1980/1980/1980
f 1980/1980/1980 1973/1973/1973 1975/1975/1975
f 1921/1921/1921 1916/1916/1916 1976/1976/1976
f 1976/1976/1976 1922/1922/1922 1921/1921/1921
f 1923/1923/1923 1918/1918/1918 1919/1919/1919
f 1919/1919/1919 1924/1924/1924 1923/1923/1923
f 1925/1925/1925 1920/1920/1920 1974/1974/1974
f 1974/1974/1974 1969/1969/1969 1925/1925/1925
f 1971/1971/1971 1975/1975/1975 1973/1973/1973
f 1973/1973/1973 1970/1970/1970 1971/1971/1971
f 1926/1926/1926 1921/1921/1921 1972/1972/1972
f 1972/1972/1972 1927/1927/1927 1926/1926/1926
f 1928/1928/1928 1923/1923/1923 1924/1924/1924
f 1924/1924/1924 1929/1929/1929 1928/1928/1928
f 1930/1930/1930 1925/1925/1925 1969/1969/1969
f 1969/1969/1969 1965/1965/1965 1930/1930/1930
f 1967/1967/1967 1971/1971/1971 1970/1970/1970
f 1970/1970/1970 1966/1966/1966 1967/1967/1967
f 1968/1968/1968 1932/1932/1932 1931/1931/1931
f 1931/1931/1931 1926/1926/1926 1968/1968/1968
f 1929/1929/1929 1934/1934/1934 1933/1933/1933
f 1933/1933/1933 1928/1928/1928 1929/1929/1929
f 1965/1965/1965 1961/1961/1961 1935/1935/1935
f 1935/1935/1935 1930/1930/1930 1965/1965/1965
f 1966/1966/1966 1964/1964/1964 1962/1962/1962
f 1962/1962/1962 1967/1967/1967 1966/1966/1966
f 1936/1936/1936 1931/1931/1931 1963/1963/1963
f 1963/1963/1963 1937/1937/1937 1936/1936/1936
f 1938/1938/1938 1933/1933/1933 1934/1934/1934
f 1934/1934/1934 1939/1939/1939 1938/1938/1938
f 1940/1940/1940 1935/1935/1935 1961/1961/1961
f 1961/1961/1961 1959/1959/1959 1940/1940/1940
f 1957/1957/1957 1962/1962/1962 1964/1964/1964
f 1964/1964/1964 1960/1960/1960 1957/1957/1957
f 1958/1958/1958 1942/1942/1942 1941/1941/1941
f 1941/1941/1941 1936/1936/1936 1958/1958/1958
f 1939/1939/1939 1944/1944/1944 1943/1943/1943
f 1943/1943/1943 1938/1938/1938 1939/1939/1939
f 1959/1959/1959 1954/1954/1954 1945/1945/1945
f 1945/1945/1945 1940/1940/1940 1959/1959/1959
f 1960/1960/1960 1956/1956/1956 1955/1955/1955
f 1955/1955/1955 1957/1957/1957 1960/1960/1960
f 1946/1946/1946 1941/1941/1941 1942/1942/1942
f 1947/1947/1947 1943/1943/1943 1944/1944/1944
f 1952/1952/1952 1945/1945/1945 1954/1954/1954
f 1953/1953/1953 1955/1955/1955 1956/1956/1956
f 1983/1983/1983 1949/1949/1949 1948/1948/1948
f 1948/1948/1948 1951/1951/1951 1983/1983/1983
o G3_Object_Latern_Oil_01_2
usemtl G3_Objects_Items_02_A
v 0.151982 -0.833574 -0.052495
v 0.076401 -0.867222 -0.026570
v 0.081328 -0.867222 -0.000242
v 0.161763 -0.833574 -0.000242
v 0.123833 -0.833574 -0.098447
v 0.062222 -0.867222 -0.049700
v 0.080703 -0.833573 -0.132537
v 0.040586 -0.867223 -0.066714
v 0.028003 -0.833572 -0.150044
v 0.014263 -0.867223 -0.075273
v -0.027002 -0.833591 -0.146794
v -0.013579 -0.867242 -0.074109
v -0.076523 -0.833821 -0.120754
v -0.039985 -0.867417 -0.063723
v -0.114292 -0.835662 -0.076631
v -0.062749 -0.867912 -0.046477
v -0.158735 -0.839658 -0.042102
v -0.079609 -0.868658 -0.024841
v -0.188628 -0.847350 -0.000276
v -0.086758 -0.869108 -0.000225
v -0.158828 -0.839567 0.041736
v -0.079634 -0.868654 0.024375
v -0.114233 -0.835631 0.076245
v -0.062769 -0.867911 0.045986
v -0.076514 -0.833849 0.120222
v -0.039985 -0.867419 0.063230
v -0.027007 -0.833595 0.146301
v -0.013569 -0.867244 0.073618
v 0.028003 -0.833571 0.149563
v 0.014263 -0.867223 0.074788
v 0.080708 -0.833572 0.132053
v 0.040586 -0.867223 0.066230
v 0.123833 -0.833574 0.097964
v 0.062222 -0.867222 0.049216
v 0.151982 -0.833574 0.052012
v 0.076401 -0.867222 0.026086
v 0.162671 -0.835974 -0.000242
v 0.081660 -0.878970 -0.000242
v 0.076709 -0.878970 -0.026677
v 0.152837 -0.835974 -0.052788
v 0.062476 -0.878970 -0.049902
v 0.124526 -0.835974 -0.098997
v 0.040752 -0.878970 -0.066987
v 0.081157 -0.835974 -0.133281
v 0.014307 -0.878970 -0.075586
v 0.028130 -0.835973 -0.150889
v -0.013652 -0.878988 -0.074424
v -0.027246 -0.835985 -0.147629
v -0.040156 -0.879159 -0.064021
v -0.077119 -0.836174 -0.121497
v -0.062979 -0.879653 -0.046738
v -0.115059 -0.837844 -0.077534
v -0.079849 -0.880411 -0.025017
v -0.159419 -0.841983 -0.042832
v -0.086978 -0.880873 -0.000242
v -0.189155 -0.849912 -0.000242
v -0.079849 -0.880411 0.024534
v -0.159419 -0.841983 0.042349
v -0.062979 -0.879653 0.046255
v -0.115059 -0.837844 0.077051
v -0.040156 -0.879159 0.063538
v -0.077119 -0.836174 0.121013
v -0.013652 -0.878988 0.073940
v -0.027246 -0.835985 0.147146
v 0.014307 -0.878970 0.075103
v 0.028130 -0.835973 0.150405
v 0.040752 -0.878970 0.066504
v 0.081157 -0.835974 0.132798
v 0.062476 -0.878970 0.049419
v 0.124526 -0.835974 0.098513
v 0.076714 -0.878970 0.026194
v 0.152837 -0.835974 0.052305
v 0.153359 -0.834219 -0.052966
v 0.163223 -0.834219 -0.000242
v 0.124951 -0.834219 -0.099331
v 0.081431 -0.834218 -0.133733
v 0.028237 -0.834218 -0.151406
v -0.027305 -0.834222 -0.148157
v -0.077339 -0.834382 -0.121929
v -0.115493 -0.836010 -0.077510
v -0.160186 -0.840263 -0.042686
v -0.190137 -0.848313 -0.000259
v -0.160229 -0.840217 0.042263
v -0.115464 -0.835994 0.077078
v -0.077334 -0.834396 0.121421
v -0.027310 -0.834224 0.147668
v 0.028237 -0.834217 0.150925
v 0.081436 -0.834218 0.133250
v 0.124951 -0.834219 0.098848
v 0.153359 -0.834219 0.052483
v -0.190137 -0.848313 -0.000259
v -0.190137 -0.848313 -0.000259
v -0.189155 -0.849912 -0.000242
v -0.188628 -0.847350 -0.000276
v -0.160229 -0.840217 0.042263
v -0.160229 -0.840217 0.042263
v -0.160186 -0.840263 -0.042686
v -0.158828 -0.839567 0.041736
v -0.158735 -0.839658 -0.042102
v -0.115493 -0.836010 -0.077510
v -0.115464 -0.835994 0.077078
v -0.114292 -0.835662 -0.076631
v -0.114292 -0.835662 -0.076631
v -0.114292 -0.835662 -0.076631
v -0.114233 -0.835631 0.076245
v -0.114233 -0.835631 0.076245
v -0.114233 -0.835631 0.076245
v -0.086758 -0.869108 -0.000225
v -0.086758 -0.869108 -0.000225
v -0.086758 -0.869108 -0.000225
v -0.079634 -0.868654 0.024375
v -0.079609 -0.868658 -0.024841
v -0.077339 -0.834382 -0.121929
v -0.077334 -0.834396 0.121421
v -0.077334 -0.834396 0.121421
v -0.076523 -0.833821 -0.120754
v -0.076514 -0.833849 0.120222
v -0.062769 -0.867911 0.045986
v -0.062769 -0.867911 0.045986
v -0.062769 -0.867911 0.045986
v -0.062749 -0.867912 -0.046477
v -0.062749 -0.867912 -0.046477
v -0.062749 -0.867912 -0.046477
v -0.039985 -0.867419 0.063230
v -0.039985 -0.867417 -0.063723
v -0.027310 -0.834224 0.147668
v -0.027305 -0.834222 -0.148157
v -0.027007 -0.833595 0.146301
v -0.027002 -0.833591 -0.146794
v -0.013579 -0.867242 -0.074109
v -0.013579 -0.867242 -0.074109
v -0.013579 -0.867242 -0.074109
v -0.013569 -0.867244 0.073618
v -0.013569 -0.867244 0.073618
v -0.013569 -0.867244 0.073618
v 0.014263 -0.867223 0.074788
v 0.014263 -0.867223 -0.075273
v 0.028003 -0.833572 -0.150044
v 0.028003 -0.833571 0.149563
v 0.028237 -0.834218 -0.151406
v 0.028237 -0.834217 0.150925
v 0.040586 -0.867223 0.066230
v 0.040586 -0.867223 0.066230
v 0.040586 -0.867223 0.066230
v 0.040586 -0.867223 -0.066714
v 0.040586 -0.867223 -0.066714
v 0.040586 -0.867223 -0.066714
v 0.062222 -0.867222 0.049216
v 0.062222 -0.867222 -0.049700
v 0.076401 -0.867222 0.026086
v 0.076401 -0.867222 0.026086
v 0.076401 -0.867222 0.026086
v 0.076401 -0.867222 0.026086
v 0.076401 -0.867222 0.026086
v 0.076401 -0.867222 -0.026570
v 0.076401 -0.867222 -0.026570
v 0.076401 -0.867222 -0.026570
v 0.080703 -0.833573 -0.132537
v 0.080708 -0.833572 0.132053
v 0.081328 -0.867222 -0.000242
v 0.081431 -0.834218 -0.133733
v 0.081431 -0.834218 -0.133733
v 0.081436 -0.834218 0.133250
v 0.123833 -0.833574 -0.098447
v 0.123833 -0.833574 0.097964
v 0.124951 -0.834219 -0.099331
v 0.124951 -0.834219 0.098848
v 0.151982 -0.833574 0.052012
v 0.151982 -0.833574 -0.052495
v 0.151982 -0.833574 -0.052495
v 0.151982 -0.833574 -0.052495
v 0.153359 -0.834219 0.052483
v 0.153359 -0.834219 -0.052966
v 0.161763 -0.833574 -0.000242
v 0.163223 -0.834219 -0.000242
vt 0.585416 0.933408
vt 0.568233 0.926525
vt 0.569350 0.919556
vt 0.587636 0.919556
vt 0.579026 0.945589
vt 0.565020 0.932647
vt 0.569236 0.954627
vt 0.560116 0.937151
vt 0.557267 0.959269
vt 0.554147 0.939418
vt 0.544767 0.958410
vt 0.547836 0.939112
vt 0.533509 0.951520
vt 0.541852 0.936370
vt 0.524947 0.939931
vt 0.536700 0.931813
vt 0.514934 0.930783
vt 0.532893 0.926087
vt 0.508221 0.919556
vt 0.531284 0.919556
vt 0.514933 0.908328
vt 0.532893 0.913024
vt 0.524947 0.899180
vt 0.536700 0.907298
vt 0.533509 0.887591
vt 0.541852 0.902742
vt 0.544767 0.880701
vt 0.547836 0.899999
vt 0.557267 0.879842
vt 0.554147 0.899693
vt 0.569236 0.884484
vt 0.560116 0.901960
vt 0.579026 0.893522
vt 0.565020 0.906464
vt 0.585416 0.905703
vt 0.568233 0.912587
vt 0.587636 0.919556
vt 0.569350 0.919556
vt 0.568233 0.926525
vt 0.585417 0.933408
vt 0.565020 0.932647
vt 0.579027 0.945590
vt 0.560116 0.937151
vt 0.569236 0.954628
vt 0.554147 0.939418
vt 0.557267 0.959270
vt 0.547836 0.939112
vt 0.544767 0.958411
vt 0.541852 0.936370
vt 0.533509 0.951521
vt 0.536700 0.931813
vt 0.524945 0.939932
vt 0.532893 0.926087
vt 0.514931 0.930783
vt 0.531284 0.919556
vt 0.508219 0.919556
vt 0.532893 0.913024
vt 0.514931 0.908328
vt 0.536700 0.907298
vt 0.524945 0.899179
vt 0.541852 0.902742
vt 0.533509 0.887590
vt 0.547836 0.899999
vt 0.544767 0.880700
vt 0.554147 0.899693
vt 0.557267 0.879841
vt 0.560116 0.901960
vt 0.569236 0.884483
vt 0.565020 0.906464
vt 0.579027 0.893521
vt 0.568233 0.912587
vt 0.585417 0.905703
vt 0.585631 0.933494
vt 0.587864 0.919556
vt 0.579201 0.945751
vt 0.569350 0.954845
vt 0.557305 0.959518
vt 0.544726 0.958660
vt 0.533391 0.951733
vt 0.524761 0.940045
vt 0.514682 0.930842
vt 0.507939 0.919556
vt 0.514682 0.908269
vt 0.524761 0.899066
vt 0.533391 0.887378
vt 0.544726 0.880451
vt 0.557305 0.879593
vt 0.569350 0.884266
vt 0.579201 0.893360
vt 0.585631 0.905617
vt 0.507939 0.919556
vt 0.507939 0.919556
vt 0.508219 0.919556
vt 0.508221 0.919556
vt 0.514682 0.908269
vt 0.514682 0.908269
vt 0.514682 0.930842
vt 0.514933 0.908328
vt 0.514934 0.930783
vt 0.524761 0.940045
vt 0.524761 0.899066
vt 0.524947 0.939931
vt 0.524947 0.939931
vt 0.524947 0.939931
vt 0.524947 0.899180
vt 0.524947 0.899180
vt 0.524947 0.899180
vt 0.531284 0.919556
vt 0.531284 0.919556
vt 0.531284 0.919556
vt 0.532893 0.913024
vt 0.532893 0.926087
vt 0.533391 0.951733
vt 0.533391 0.887378
vt 0.533391 0.887378
vt 0.533509 0.951520
vt 0.533509 0.887591
vt 0.536700 0.907298
vt 0.536700 0.907298
vt 0.536700 0.907298
vt 0.536700 0.931813
vt 0.536700 0.931813
vt 0.536700 0.931813
vt 0.541852 0.902742
vt 0.541852 0.936370
vt 0.544726 0.880451
vt 0.544726 0.958660
vt 0.544767 0.880701
vt 0.544767 0.958410
vt 0.547836 0.939112
vt 0.547836 0.939112
vt 0.547836 0.939112
vt 0.547836 0.899999
vt 0.547836 0.899999
vt 0.547836 0.899999
vt 0.554147 0.899693
vt 0.554147 0.939418
vt 0.557267 0.959269
vt 0.557267 0.879842
vt 0.557305 0.959518
vt 0.557305 0.879593
vt 0.560116 0.901960
vt 0.560116 0.901960
vt 0.560116 0.901960
vt 0.560116 0.937151
vt 0.560116 0.937151
vt 0.560116 0.937151
vt 0.565020 0.906464
vt 0.565020 0.932647
vt 0.568233 0.912587
vt 0.568233 0.912587
vt 0.568233 0.912587
vt 0.568233 0.912587
vt 0.568233 0.912587
vt 0.568233 0.926525
vt 0.568233 0.926525
vt 0.568233 0.926525
vt 0.569236 0.954627
vt 0.569236 0.884484
vt 0.569350 0.919556
vt 0.569350 0.954845
vt 0.569350 0.954845
vt 0.569350 0.884266
vt 0.579026 0.945589
vt 0.579026 0.893522
vt 0.579201 0.945751
vt 0.579201 0.893360
vt 0.585416 0.905703
vt 0.585416 0.933408
vt 0.585416 0.933408
vt 0.585416 0.933408
vt 0.585631 0.905617
vt 0.585631 0.933494
vt 0.587636 0.919556
vt 0.587864 0.919556
vn 0.051249 0.998452 -0.021612
vn -0.204959 0.975497 0.079991
vn -0.218876 0.975753 -0.000000
vn 0.055859 0.998439 -0.000000
vn 0.039358 0.998487 -0.038408
vn -0.165510 0.974833 0.149353
vn 0.024432 0.998442 -0.050160
vn -0.107079 0.973609 0.201543
vn 0.005234 0.998227 -0.059298
vn -0.030698 0.973090 0.228374
vn -0.021065 0.998649 -0.047504
vn 0.046805 0.970662 0.235848
vn -0.019751 0.999691 0.015067
vn 0.121718 0.965692 0.229399
vn 0.073586 0.986962 0.143145
vn 0.173900 0.966407 0.189254
vn -0.072884 0.996128 0.049167
vn 0.168708 0.974986 0.144707
vn -0.317554 0.948235 -0.003141
vn 0.128786 0.991307 0.026918
vn -0.070853 0.996090 -0.052771
vn 0.132102 0.983340 -0.124869
vn 0.066917 0.985040 -0.158802
vn 0.154210 0.964857 -0.212767
vn -0.020131 0.999715 -0.012843
vn 0.134064 0.961416 -0.240222
vn -0.020785 0.998533 0.050008
vn 0.053622 0.968998 -0.241181
vn 0.005525 0.998183 0.059994
vn -0.029541 0.972928 -0.229211
vn 0.024423 0.998437 0.050266
vn -0.107066 0.973706 -0.201079
vn 0.039350 0.998486 0.038429
vn -0.165491 0.974863 -0.149181
vn 0.051244 0.998452 0.021612
vn -0.204953 0.975499 -0.079978
vn 0.785740 -0.618556 -0.000000
vn 0.267954 -0.963432 -0.000000
vn 0.250835 -0.963074 -0.097828
vn 0.734523 -0.616942 -0.282592
vn 0.202392 -0.962149 -0.182503
vn 0.591024 -0.612946 -0.524393
vn 0.130455 -0.960504 -0.245793
vn 0.376760 -0.608438 -0.698466
vn 0.037427 -0.959751 -0.278348
vn 0.104236 -0.603684 -0.790380
vn -0.057465 -0.956702 -0.285339
vn -0.213374 -0.592903 -0.776490
vn -0.147619 -0.950398 -0.273774
vn -0.503326 -0.565515 -0.653342
vn -0.213582 -0.950328 -0.226407
vn -0.569034 -0.540110 -0.620066
vn -0.215969 -0.961245 -0.171363
vn -0.540928 -0.586047 -0.603279
vn -0.178505 -0.983510 -0.029066
vn -0.673084 -0.739551 -0.004660
vn -0.175881 -0.972899 0.150113
vn -0.544417 -0.577435 0.608423
vn -0.191238 -0.948406 0.252893
vn -0.556753 -0.532062 0.637915
vn -0.162269 -0.944281 0.286359
vn -0.503443 -0.569652 0.649647
vn -0.065258 -0.954343 0.291499
vn -0.215020 -0.595219 0.774261
vn 0.036070 -0.959535 0.279270
vn 0.103709 -0.604164 0.790082
vn 0.130439 -0.960642 0.245261
vn 0.376853 -0.608417 0.698434
vn 0.202370 -0.962191 0.182304
vn 0.591071 -0.612924 0.524366
vn 0.250829 -0.963077 0.097813
vn 0.734529 -0.616936 0.282589
vn 0.861599 0.385913 -0.329725
vn 0.922601 0.385756 -0.000000
vn 0.691598 0.386211 -0.610355
vn 0.440246 0.385267 -0.811019
vn 0.123267 0.381759 -0.916005
vn -0.242078 0.385831 -0.890243
vn -0.563102 0.425848 -0.708215
vn -0.576807 0.589754 -0.565229
vn -0.698077 0.448926 -0.557812
vn -0.990943 0.134175 -0.005369
vn -0.705794 0.417351 0.572428
vn -0.577190 0.581896 0.572930
vn -0.561301 0.435509 0.703757
vn -0.242755 0.387737 0.889230
vn 0.123125 0.381395 0.916176
vn 0.440363 0.384908 0.811127
vn 0.691643 0.386126 0.610357
vn 0.861599 0.385914 0.329722
vn -0.990943 0.134175 -0.005369
vn -0.990943 0.134175 -0.005369
vn -0.673084 -0.739551 -0.004660
vn -0.317554 0.948235 -0.003141
vn -0.705794 0.417351 0.572428
vn -0.705794 0.417351 0.572428
vn -0.698077 0.448926 -0.557812
vn -0.070853 0.996090 -0.052771
vn -0.072884 0.996128 0.049167
vn -0.576807 0.589754 -0.565229
vn -0.577190 0.581896 0.572930
vn 0.073586 0.986962 0.143145
vn 0.073586 0.986962 0.143145
vn 0.073586 0.986962 0.143145
vn 0.066917 0.985040 -0.158802
vn 0.066917 0.985040 -0.158802
vn 0.066917 0.985040 -0.158802
vn 0.128786 0.991307 0.026918
vn 0.128786 0.991307 0.026918
vn 0.128786 0.991307 0.026918
vn 0.132102 0.983340 -0.124869
vn 0.168708 0.974986 0.144707
vn -0.563102 0.425848 -0.708215
vn -0.561301 0.435509 0.703757
vn -0.561301 0.435509 0.703757
vn -0.019751 0.999691 0.015067
vn -0.020131 0.999715 -0.012843
vn 0.154210 0.964857 -0.212767
vn 0.154210 0.964857 -0.212767
vn 0.154210 0.964857 -0.212767
vn 0.173900 0.966407 0.189254
vn 0.173900 0.966407 0.189254
vn 0.173900 0.966407 0.189254
vn 0.134064 0.961416 -0.240222
vn 0.121718 0.965692 0.229399
vn -0.242755 0.387737 0.889230
vn -0.242078 0.385831 -0.890243
vn -0.020785 0.998533 0.050008
vn -0.021065 0.998649 -0.047504
vn 0.046805 0.970662 0.235848
vn 0.046805 0.970662 0.235848
vn 0.046805 0.970662 0.235848
vn 0.053622 0.968998 -0.241181
vn 0.053622 0.968998 -0.241181
vn 0.053622 0.968998 -0.241181
vn -0.029541 0.972928 -0.229211
vn -0.030698 0.973090 0.228374
vn 0.005234 0.998227 -0.059298
vn 0.005525 0.998183 0.059994
vn 0.123267 0.381759 -0.916005
vn 0.123125 0.381395 0.916176
vn -0.107066 0.973706 -0.201079
vn -0.107066 0.973706 -0.201079
vn -0.107066 0.973706 -0.201079
vn -0.107079 0.973609 0.201543
vn -0.107079 0.973609 0.201543
vn -0.107079 0.973609 0.201543
vn -0.165491 0.974863 -0.149181
vn -0.165510 0.974833 0.149353
vn -0.204953 0.975499 -0.079978
vn -0.204953 0.975499 -0.079978
vn -0.204953 0.975499 -0.079978
vn -0.204953 0.975499 -0.079978
vn -0.204953 0.975499 -0.079978
vn -0.204959 0.975497 0.079991
vn -0.204959 0.975497 0.079991
vn -0.204959 0.975497 0.079991
vn 0.024432 0.998442 -0.050160
vn 0.024423 0.998437 0.050266
vn -0.218876 0.975753 -0.000000
vn 0.440246 0.385267 -0.811019
vn 0.440246 0.385267 -0.811019
vn 0.440363 0.384908 0.811127
vn 0.039358 0.998487 -0.038408
vn 0.039350 0.998486 0.038429
vn 0.691598 0.386211 -0.610355
vn 0.691643 0.386126 0.610357
vn 0.051244 0.998452 0.021612
vn 0.051249 0.998452 -0.021612
vn 0.051249 0.998452 -0.021612
vn 0.051249 0.998452 -0.021612
vn 0.861599 0.385914 0.329722
vn 0.861599 0.385913 -0.329725
vn 0.055859 0.998439 -0.000000
vn 0.922601 0.385756 -0.000000
f 1987/1987/1987 1986/1986/1986 1985/1985/1985
f 1985/1985/1985 1988/1988/1988 1987/1987/1987
f 1990/1990/1990 1989/1989/1989 2155/2155/2155
f 2155/2155/2155 1986/1986/1986 1990/1990/1990
f 1992/1992/1992 1991/1991/1991 1989/1989/1989
f 1989/1989/1989 1990/1990/1990 1992/1992/1992
f 1994/1994/1994 1993/1993/1993 1991/1991/1991
f 1991/1991/1991 1992/1992/1992 1994/1994/1994
f 1996/1996/1996 1995/1995/1995 1993/1993/1993
f 1993/1993/1993 1994/1994/1994 1996/1996/1996
f 1998/1998/1998 1997/1997/1997 1995/1995/1995
f 1995/1995/1995 1996/1996/1996 1998/1998/1998
f 2000/2000/2000 1999/1999/1999 1997/1997/1997
f 1997/1997/1997 1998/1998/1998 2000/2000/2000
f 2002/2002/2002 2001/2001/2001 2087/2087/2087
f 2086/2086/2086 2107/2107/2107 2096/2096/2096
f 2004/2004/2004 2003/2003/2003 2001/2001/2001
f 2001/2001/2001 2002/2002/2002 2004/2004/2004
f 2006/2006/2006 2005/2005/2005 2003/2003/2003
f 2003/2003/2003 2004/2004/2004 2006/2006/2006
f 2008/2008/2008 2007/2007/2007 2005/2005/2005
f 2005/2005/2005 2006/2006/2006 2008/2008/2008
f 2010/2010/2010 2009/2009/2009 2090/2090/2090
f 2089/2089/2089 2104/2104/2104 2108/2108/2108
f 2012/2012/2012 2011/2011/2011 2009/2009/2009
f 2009/2009/2009 2010/2010/2010 2012/2012/2012
f 2014/2014/2014 2013/2013/2013 2011/2011/2011
f 2011/2011/2011 2012/2012/2012 2014/2014/2014
f 2016/2016/2016 2015/2015/2015 2013/2013/2013
f 2013/2013/2013 2014/2014/2014 2016/2016/2016
f 2018/2018/2018 2017/2017/2017 2015/2015/2015
f 2015/2015/2015 2016/2016/2016 2018/2018/2018
f 2020/2020/2020 2019/2019/2019 2017/2017/2017
f 2017/2017/2017 2018/2018/2018 2020/2020/2020
f 2138/2138/2138 1987/1987/1987 1988/1988/1988
f 1988/1988/1988 2019/2019/2019 2138/2138/2138
f 2117/2117/2117 2108/2108/2108 2104/2104/2104
f 2126/2126/2126 2120/2120/2120 2119/2119/2119
f 2127/2127/2127 2118/2118/2118 2103/2103/2103
f 2134/2134/2134 2132/2132/2132 2128/2128/2128
f 2141/2141/2141 2144/2144/2144 2136/2136/2136
f 2129/2129/2129 2133/2133/2133 2139/2139/2139
f 2130/2130/2130 2140/2140/2140 2135/2135/2135
f 2130/2130/2130 2135/2135/2135 2127/2127/2127
f 2114/2114/2114 2121/2121/2121 2131/2131/2131
f 2105/2105/2105 2109/2109/2109 2116/2116/2116
f 2106/2106/2106 2115/2115/2115 2130/2130/2130
f 2106/2106/2106 2130/2130/2130 2127/2127/2127
f 2106/2106/2106 2127/2127/2127 2103/2103/2103
f 2092/2092/2092 2096/2096/2096 2107/2107/2107
f 2093/2093/2093 2106/2106/2106 2103/2103/2103
f 2095/2095/2095 2094/2094/2094 2102/2102/2102
f 2023/2023/2023 2022/2022/2022 2021/2021/2021
f 2021/2021/2021 2024/2024/2024 2023/2023/2023
f 2025/2025/2025 2023/2023/2023 2024/2024/2024
f 2024/2024/2024 2026/2026/2026 2025/2025/2025
f 2027/2027/2027 2025/2025/2025 2026/2026/2026
f 2026/2026/2026 2028/2028/2028 2027/2027/2027
f 2029/2029/2029 2027/2027/2027 2028/2028/2028
f 2028/2028/2028 2030/2030/2030 2029/2029/2029
f 2031/2031/2031 2029/2029/2029 2030/2030/2030
f 2030/2030/2030 2032/2032/2032 2031/2031/2031
f 2033/2033/2033 2031/2031/2031 2032/2032/2032
f 2032/2032/2032 2034/2034/2034 2033/2033/2033
f 2035/2035/2035 2033/2033/2033 2034/2034/2034
f 2034/2034/2034 2036/2036/2036 2035/2035/2035
f 2037/2037/2037 2035/2035/2035 2036/2036/2036
f 2036/2036/2036 2038/2038/2038 2037/2037/2037
f 2039/2039/2039 2037/2037/2037 2038/2038/2038
f 2038/2038/2038 2040/2040/2040 2039/2039/2039
f 2041/2041/2041 2039/2039/2039 2040/2040/2040
f 2040/2040/2040 2042/2042/2042 2041/2041/2041
f 2043/2043/2043 2041/2041/2041 2042/2042/2042
f 2042/2042/2042 2044/2044/2044 2043/2043/2043
f 2045/2045/2045 2043/2043/2043 2044/2044/2044
f 2044/2044/2044 2046/2046/2046 2045/2045/2045
f 2047/2047/2047 2045/2045/2045 2046/2046/2046
f 2046/2046/2046 2048/2048/2048 2047/2047/2047
f 2049/2049/2049 2047/2047/2047 2048/2048/2048
f 2048/2048/2048 2050/2050/2050 2049/2049/2049
f 2051/2051/2051 2049/2049/2049 2050/2050/2050
f 2050/2050/2050 2052/2052/2052 2051/2051/2051
f 2053/2053/2053 2051/2051/2051 2052/2052/2052
f 2052/2052/2052 2054/2054/2054 2053/2053/2053
f 2055/2055/2055 2053/2053/2053 2054/2054/2054
f 2054/2054/2054 2056/2056/2056 2055/2055/2055
f 2022/2022/2022 2055/2055/2055 2056/2056/2056
f 2056/2056/2056 2021/2021/2021 2022/2022/2022
f 2031/2031/2031 2033/2033/2033 2035/2035/2035
f 2027/2027/2027 2029/2029/2029 2031/2031/2031
f 2027/2027/2027 2031/2031/2031 2035/2035/2035
f 2023/2023/2023 2025/2025/2025 2027/2027/2027
f 2055/2055/2055 2022/2022/2022 2023/2023/2023
f 2051/2051/2051 2053/2053/2053 2055/2055/2055
f 2051/2051/2051 2055/2055/2055 2023/2023/2023
f 2051/2051/2051 2023/2023/2023 2027/2027/2027
f 2047/2047/2047 2049/2049/2049 2051/2051/2051
f 2043/2043/2043 2045/2045/2045 2047/2047/2047
f 2043/2043/2043 2047/2047/2047 2051/2051/2051
f 2043/2043/2043 2051/2051/2051 2027/2027/2027
f 2043/2043/2043 2027/2027/2027 2035/2035/2035
f 2039/2039/2039 2041/2041/2041 2043/2043/2043
f 2039/2039/2039 2043/2043/2043 2035/2035/2035
f 2037/2037/2037 2039/2039/2039 2035/2035/2035
f 2158/2158/2158 2153/2153/2153 2057/2057/2057
f 2057/2057/2057 2058/2058/2058 2158/2158/2158
f 2153/2153/2153 2148/2148/2148 2059/2059/2059
f 2059/2059/2059 2057/2057/2057 2153/2153/2153
f 2148/2148/2148 2142/2142/2142 2060/2060/2060
f 2060/2060/2060 2059/2059/2059 2148/2148/2148
f 2142/2142/2142 2122/2122/2122 2061/2061/2061
f 2061/2061/2061 2146/2146/2146 2142/2142/2142
f 2122/2122/2122 2113/2113/2113 2062/2062/2062
f 2062/2062/2062 2061/2061/2061 2122/2122/2122
f 2113/2113/2113 2100/2100/2100 2063/2063/2063
f 2063/2063/2063 2062/2062/2062 2113/2113/2113
f 2100/2100/2100 2088/2088/2088 2064/2064/2064
f 2064/2064/2064 2063/2063/2063 2100/2100/2100
f 2088/2088/2088 2083/2083/2083 2065/2065/2065
f 2065/2065/2065 2064/2064/2064 2088/2088/2088
f 2083/2083/2083 2078/2078/2078 2066/2066/2066
f 2066/2066/2066 2065/2065/2065 2083/2083/2083
f 2078/2078/2078 2082/2082/2082 2067/2067/2067
f 2067/2067/2067 2066/2066/2066 2078/2078/2078
f 2082/2082/2082 2091/2091/2091 2068/2068/2068
f 2068/2068/2068 2080/2080/2080 2082/2082/2082
f 2091/2091/2091 2101/2101/2101 2069/2069/2069
f 2069/2069/2069 2068/2068/2068 2091/2091/2091
f 2101/2101/2101 2112/2112/2112 2070/2070/2070
f 2070/2070/2070 2099/2099/2099 2101/2101/2101
f 2112/2112/2112 2123/2123/2123 2071/2071/2071
f 2071/2071/2071 2070/2070/2070 2112/2112/2112
f 2123/2123/2123 2143/2143/2143 2072/2072/2072
f 2072/2072/2072 2071/2071/2071 2123/2123/2123
f 2143/2143/2143 2149/2149/2149 2073/2073/2073
f 2073/2073/2073 2072/2072/2072 2143/2143/2143
f 2149/2149/2149 2152/2152/2152 2074/2074/2074
f 2074/2074/2074 2073/2073/2073 2149/2149/2149
f 2152/2152/2152 2158/2158/2158 2058/2058/2058
f 2058/2058/2058 2074/2074/2074 2152/2152/2152
f 2024/2024/2024 2021/2021/2021 2159/2159/2159
f 2159/2159/2159 2157/2157/2157 2024/2024/2024
f 2026/2026/2026 2024/2024/2024 2157/2157/2157
f 2157/2157/2157 2150/2150/2150 2026/2026/2026
f 2028/2028/2028 2026/2026/2026 2150/2150/2150
f 2150/2150/2150 2145/2145/2145 2028/2028/2028
f 2030/2030/2030 2028/2028/2028 2145/2145/2145
f 2145/2145/2145 2124/2124/2124 2030/2030/2030
f 2032/2032/2032 2030/2030/2030 2124/2124/2124
f 2124/2124/2124 2111/2111/2111 2032/2032/2032
f 2034/2034/2034 2032/2032/2032 2111/2111/2111
f 2111/2111/2111 2097/2097/2097 2034/2034/2034
f 2036/2036/2036 2034/2034/2034 2097/2097/2097
f 2097/2097/2097 2084/2084/2084 2036/2036/2036
f 2038/2038/2038 2036/2036/2036 2084/2084/2084
f 2084/2084/2084 2081/2081/2081 2038/2038/2038
f 2077/2077/2077 2038/2038/2038 2081/2081/2081
f 2081/2081/2081 2075/2075/2075 2077/2077/2077
f 2042/2042/2042 2040/2040/2040 2076/2076/2076
f 2076/2076/2076 2079/2079/2079 2042/2042/2042
f 2044/2044/2044 2042/2042/2042 2079/2079/2079
f 2079/2079/2079 2085/2085/2085 2044/2044/2044
f 2046/2046/2046 2044/2044/2044 2085/2085/2085
f 2085/2085/2085 2098/2098/2098 2046/2046/2046
f 2048/2048/2048 2046/2046/2046 2098/2098/2098
f 2098/2098/2098 2110/2110/2110 2048/2048/2048
f 2050/2050/2050 2048/2048/2048 2110/2110/2110
f 2110/2110/2110 2125/2125/2125 2050/2050/2050
f 2052/2052/2052 2050/2050/2050 2125/2125/2125
f 2125/2125/2125 2147/2147/2147 2052/2052/2052
f 2054/2054/2054 2052/2052/2052 2147/2147/2147
f 2147/2147/2147 2151/2151/2151 2054/2054/2054
f 2056/2056/2056 2054/2054/2054 2151/2151/2151
f 2151/2151/2151 2156/2156/2156 2056/2056/2056
f 2021/2021/2021 2056/2056/2056 2156/2156/2156
f 2156/2156/2156 2159/2159/2159 2021/2021/2021
