mtllib G3_Hero_Body_FatSmith_S00.mtl

o FatSmith

v -0.000000 1.011757 -0.254580
v -0.074334 1.021377 -0.251737
v 0.074334 1.021377 -0.251737
v 0.217880 1.073410 -0.192358
v -0.206246 1.065479 -0.195087
v -0.250758 1.107085 -0.111863
v -0.094042 1.076449 0.185790
v -0.202070 1.105672 0.114514
v -0.241430 1.123809 0.055018
v 0.251274 1.130397 0.013819
v 0.250758 1.107085 -0.111863
v 0.094042 1.076450 0.185790
v 0.223343 1.117221 0.096801
v -0.210656 0.989252 -0.187625
v -0.213491 0.988535 -0.198587
v -0.156685 0.997288 -0.239170
v -0.076281 0.946185 -0.263123
v -0.000000 0.940612 -0.273477
v -0.000000 0.939421 -0.262671
v -0.075233 0.945662 -0.252649
v -0.148635 0.960706 -0.234903
v -0.224915 0.884627 -0.189360
v -0.229395 0.882779 -0.195300
v -0.161866 0.870165 -0.247088
v -0.000000 0.884333 -0.280901
v -0.000000 0.868619 -0.269687
v -0.078851 0.870250 -0.256045
v -0.158040 0.874171 -0.233578
v -0.225669 0.797117 -0.203451
v -0.229814 0.795270 -0.209514
v -0.161124 0.782670 -0.261362
v -0.080419 0.797676 -0.280943
v -0.000000 0.781114 -0.283732
v -0.077177 0.782758 -0.270050
v -0.157708 0.786675 -0.247616
v -0.225299 0.718818 -0.208938
v -0.229841 0.716973 -0.214796
v -0.160524 0.704385 -0.266592
v -0.078308 0.683920 -0.289286
v -0.000000 0.698931 -0.303020
v -0.000000 0.702819 -0.289332
v -0.075356 0.687970 -0.275641
v -0.156757 0.708389 -0.253204
v 0.210656 0.989253 -0.187625
v 0.213491 0.988535 -0.198587
v 0.158582 0.995754 -0.239459
v 0.076281 0.946185 -0.263123
v 0.075232 0.945662 -0.252649
v 0.148635 0.960707 -0.234903
v 0.209123 0.884627 -0.192705
v 0.213603 0.882779 -0.198645
v 0.161866 0.870165 -0.247088
v 0.051073 0.860465 -0.274938
v 0.078851 0.870250 -0.256045
v 0.158040 0.874171 -0.233578
v 0.217007 0.797117 -0.203452
v 0.221152 0.795270 -0.209514
v 0.161124 0.782670 -0.261362
v 0.080017 0.778708 -0.284033
v 0.077177 0.782758 -0.270050
v 0.157708 0.786675 -0.247616
v 0.210548 0.718818 -0.208938
v 0.215090 0.716973 -0.214796
v 0.160524 0.704385 -0.266592
v 0.078308 0.700426 -0.289286
v 0.075356 0.704476 -0.275641
v 0.156757 0.708389 -0.253204
v -0.135033 0.730608 -0.277939
v -0.131673 0.734635 -0.264422
v -0.000000 0.817219 -0.290397
v -0.078691 0.905714 -0.265995
v -0.123909 0.947491 -0.253537
v -0.161596 0.919794 -0.246584
v -0.178994 0.970994 -0.226892
v 0.018464 0.865060 -0.285584
v -0.000000 0.846250 -0.283906
v -0.079680 0.760016 -0.285068
v 0.179592 0.971299 -0.226402
v 0.159557 0.918663 -0.250378
v 0.132200 0.949324 -0.252175
v 0.079941 0.888621 -0.267484
v 0.108554 0.854200 -0.266636
v 0.083669 0.825689 -0.277510
v 0.000490 0.779856 -0.296686
v -0.086181 0.845196 -0.271141
v -0.139256 0.944463 -0.257845
v -0.166654 0.984141 -0.240816
v -0.093443 0.774695 -0.284408
v 0.166971 0.983526 -0.240715
v 0.142605 0.943192 -0.257178
v 0.093090 0.880609 -0.272962
v 0.066214 0.853767 -0.282125
v -0.000000 0.801189 -0.301644
v -0.080176 0.890441 -0.275550
v -0.139161 1.045973 -0.202336
v -0.069847 1.031722 -0.241027
v -0.000000 1.021582 -0.243380
v 0.139161 1.045973 -0.202336
v 0.069847 1.031722 -0.241027
v -0.095930 1.067001 0.021420
v -0.000000 1.021080 -0.217622
v -0.144614 1.056841 -0.183927
v -0.231312 1.106892 -0.090554
v -0.248725 1.129869 0.013845
v -0.296103 1.034834 0.011888
v -0.271274 1.019320 -0.128739
v -0.139378 0.959804 -0.228306
v -0.000000 0.940034 -0.258264
v -0.000000 0.943131 -0.232694
v -0.153176 0.972488 -0.199226
v -0.252141 1.022975 -0.094137
v -0.280948 1.036525 0.011939
v -0.246404 1.023583 0.112749
v -0.263541 1.032425 0.094947
v -0.000692 0.634607 -0.263264
v 0.000089 0.637702 -0.237091
v -0.310120 0.728649 0.126871
v -0.335397 0.726515 0.109088
v -0.323430 0.844665 0.014314
v -0.282900 0.808913 -0.143773
v -0.154353 0.787677 -0.224472
v -0.000000 0.784068 -0.254733
v -0.000000 0.787148 -0.229162
v -0.154100 0.791180 -0.191714
v -0.263101 0.816954 -0.113421
v -0.307844 0.844665 0.014893
v -0.255231 0.860834 0.128182
v -0.278409 0.858700 0.110474
v -0.072337 1.038960 -0.200398
v -0.070141 0.949919 -0.243285
v -0.076792 0.957809 -0.215960
v -0.072729 0.785872 -0.232959
v -0.072659 0.789164 -0.203795
v -0.187963 1.086998 -0.137675
v -0.172327 1.098435 0.017334
v -0.205741 0.989563 -0.178523
v -0.202788 0.997731 -0.153442
v -0.224082 0.793671 -0.184231
v -0.213753 0.796938 -0.159030
v -0.120272 1.061921 -0.080922
v -0.000000 1.038055 -0.095192
v -0.240019 1.123512 -0.037822
v -0.280455 1.027077 -0.051672
v -0.263293 1.029750 -0.040924
v -0.303148 0.836561 -0.057453
v -0.285542 0.837589 -0.048725
v -0.062243 1.049988 -0.087622
v -0.180145 1.092716 -0.059662
v -0.225397 1.117771 0.064114
v -0.265218 1.030054 0.062342
v -0.283667 1.033630 0.053366
v -0.301798 0.713705 0.078928
v -0.322755 0.712639 0.070225
v -0.280559 0.852749 0.071358
v -0.299926 0.851682 0.062159
v -0.316963 0.929390 0.015120
v -0.280185 0.910226 -0.134392
v -0.148611 0.873741 -0.224672
v -0.000000 0.862051 -0.254631
v -0.000000 0.865139 -0.229060
v -0.155620 0.881834 -0.193754
v -0.260392 0.914512 -0.102087
v -0.301170 0.929893 0.015117
v -0.259413 0.935013 0.122355
v -0.282315 0.936961 0.104642
v -0.072184 0.867896 -0.233156
v -0.075760 0.873487 -0.204912
v -0.217134 0.891617 -0.179532
v -0.210554 0.897091 -0.154518
v -0.294640 0.921552 -0.052942
v -0.276890 0.923002 -0.043247
v -0.284301 0.932394 0.068793
v -0.303656 0.933249 0.059890
v -0.332978 0.773389 0.003043
v -0.295482 0.738077 -0.146953
v -0.157982 0.707294 -0.229716
v -0.000000 0.707114 -0.259777
v -0.000000 0.710195 -0.233825
v -0.157796 0.710797 -0.198381
v -0.275125 0.743287 -0.129785
v -0.316732 0.773215 0.002820
v -0.274265 0.793541 0.122877
v -0.298517 0.791374 0.105164
v -0.073868 0.705489 -0.238183
v -0.073778 0.708781 -0.209505
v -0.233225 0.713613 -0.188678
v -0.222839 0.717332 -0.164410
v -0.313932 0.765426 -0.070204
v -0.295691 0.766133 -0.061609
v -0.288867 0.781872 0.070299
v -0.308304 0.780188 0.061266
v 0.095929 1.067001 0.021420
v 0.144614 1.056841 -0.183927
v 0.231312 1.106892 -0.090554
v 0.248725 1.129869 0.013845
v 0.301709 1.034835 0.011888
v 0.271274 1.019320 -0.128740
v 0.139378 0.959805 -0.228306
v 0.153176 0.972488 -0.199226
v 0.252141 1.022975 -0.094137
v 0.286554 1.036525 0.011939
v 0.244245 1.023583 0.112749
v 0.261383 1.032425 0.094947
v 0.273371 0.728649 0.126871
v 0.298649 0.726515 0.109088
v 0.323430 0.844665 0.014314
v 0.282900 0.808913 -0.143773
v 0.154353 0.787677 -0.224472
v 0.154100 0.791180 -0.191714
v 0.263101 0.816954 -0.113421
v 0.307844 0.844665 0.014892
v 0.255231 0.860834 0.128182
v 0.278409 0.858700 0.110474
v 0.072337 1.038961 -0.200398
v 0.070141 0.949919 -0.243285
v 0.076792 0.957810 -0.215960
v 0.063844 0.629239 -0.225612
v 0.072729 0.785872 -0.239454
v 0.072659 0.789164 -0.210291
v 0.187963 1.086998 -0.137675
v 0.172327 1.098435 0.017334
v 0.205741 0.989562 -0.178523
v 0.202788 0.997731 -0.153442
v 0.223037 0.636077 -0.176656
v 0.224082 0.793671 -0.184231
v 0.213753 0.796938 -0.159030
v 0.120272 1.061921 -0.080922
v 0.240019 1.123512 -0.037822
v 0.280455 1.027077 -0.051672
v 0.263293 1.029750 -0.040924
v 0.330169 0.698977 -0.058963
v 0.304403 0.693913 -0.076471
v 0.303148 0.836561 -0.057453
v 0.285542 0.837589 -0.048725
v 0.062243 1.049988 -0.087622
v 0.180145 1.092716 -0.059662
v 0.225397 1.117771 0.064114
v 0.263059 1.030054 0.062342
v 0.281509 1.033630 0.053366
v 0.301798 0.713705 0.078928
v 0.322755 0.712638 0.070225
v 0.280560 0.852749 0.071357
v 0.299926 0.851682 0.062158
v 0.322569 0.929390 0.015120
v 0.280185 0.910227 -0.134392
v 0.148611 0.873741 -0.224672
v 0.139829 0.881834 -0.197099
v 0.260392 0.914512 -0.102087
v 0.306776 0.929893 0.015117
v 0.257255 0.935013 0.122355
v 0.280156 0.936961 0.104642
v 0.072184 0.867896 -0.239651
v 0.075760 0.873487 -0.211407
v 0.217134 0.891617 -0.179532
v 0.210554 0.897091 -0.154518
v 0.306795 0.921552 -0.052942
v 0.276890 0.923002 -0.043247
v 0.282143 0.932394 0.068793
v 0.301498 0.933249 0.059890
v 0.332978 0.773389 0.003043
v 0.295482 0.738077 -0.146953
v 0.157982 0.707294 -0.229716
v 0.157796 0.710797 -0.198381
v 0.275125 0.743287 -0.129785
v 0.316732 0.773215 0.002820
v 0.262069 0.793541 0.122877
v 0.286321 0.791374 0.105164
v 0.073868 0.705489 -0.244678
v 0.073778 0.708781 -0.216001
v 0.233226 0.713613 -0.188679
v 0.222839 0.717332 -0.164410
v 0.313932 0.765427 -0.070204
v 0.295691 0.766133 -0.061609
v 0.288867 0.781872 0.070299
v 0.308304 0.780188 0.061266
v -0.275509 1.112730 0.013462
v -0.269552 1.094907 -0.114205
v -0.148895 1.014665 -0.191576
v -0.241727 1.064933 -0.092346
v -0.264837 1.083197 0.012892
v -0.074565 0.998385 -0.208179
v -0.198966 1.051137 -0.172727
v -0.195376 1.042365 -0.145558
v -0.275570 1.106724 -0.049048
v -0.251656 1.076631 -0.039373
v -0.245308 1.073912 0.063228
v 0.276238 1.112406 0.013455
v 0.269074 1.094907 -0.114205
v 0.148895 1.014665 -0.191577
v 0.241727 1.064934 -0.092346
v 0.267640 1.083197 0.012892
v 0.074564 0.998385 -0.208179
v 0.195376 1.042365 -0.145558
v 0.275094 1.106713 -0.049048
v 0.251656 1.076631 -0.039373
v 0.244228 1.073913 0.063228
v 0.264881 1.094246 0.054476
v -0.289196 1.083554 0.012872
v -0.277116 1.062551 -0.120427
v -0.283795 1.075278 -0.050084
v -0.265908 1.094245 0.054476
v 0.291294 1.083878 0.012879
v 0.276637 1.062551 -0.120427
v 0.216038 1.051137 -0.178991
v 0.283314 1.075289 -0.050083
v -0.266405 1.098142 0.013167
v -0.257387 1.078729 -0.117316
v -0.263735 1.091001 -0.049566
v 0.268297 1.098142 0.013167
v 0.257387 1.078729 -0.117316
v 0.263735 1.091001 -0.049566
v -0.287643 0.586965 -0.109698
v -0.303849 0.580983 -0.124682
v -0.266566 0.572845 -0.169015
v -0.262609 0.577803 -0.146980
v -0.060384 0.557890 -0.234331
v -0.060363 0.560625 -0.211427
v -0.323394 0.625611 -0.069520
v -0.307571 0.625915 -0.063221
v 0.259534 0.568044 -0.151963
v 0.265352 0.563756 -0.171084
v 0.055169 0.551414 -0.240296
v 0.055179 0.554148 -0.217390
v -0.003625 0.547426 -0.229845
v -0.004912 0.544885 -0.251463
v 0.324024 0.620195 -0.070153
v 0.307911 0.620670 -0.064245
v 0.289856 0.584140 -0.108147
v 0.307157 0.582494 -0.122693
v 0.227370 0.559012 -0.183095
v 0.222008 0.562164 -0.163617
v 0.163865 0.545698 -0.196383
v 0.163599 0.542771 -0.220729
v 0.094910 0.553574 -0.214605
v 0.094962 0.550838 -0.237509
v -0.095786 0.558261 -0.231588
v -0.095754 0.560997 -0.208683
v -0.163319 0.552914 -0.197034
v -0.163013 0.549987 -0.221379
v -0.216415 0.569452 -0.166158
v -0.222288 0.566300 -0.185636
v -0.328411 0.623749 -0.046874
v -0.312521 0.624566 -0.041288
v -0.341462 0.622218 0.008414
v -0.327654 0.622229 0.008618
v -0.305520 0.637945 0.071239
v -0.322775 0.637094 0.065862
v 0.323394 0.637328 0.066696
v 0.306404 0.638257 0.071919
v 0.330061 0.620473 0.008002
v 0.343824 0.620403 0.007966
v 0.312543 0.625557 -0.042026
v 0.328419 0.624870 -0.047797
v -0.342237 0.710112 0.001670
v -0.304939 0.670631 -0.150300
v -0.163287 0.639129 -0.233115
v -0.163192 0.642672 -0.203834
v -0.284518 0.676307 -0.133394
v -0.325218 0.710138 0.001494
v -0.075867 0.646292 -0.242603
v -0.063053 0.632095 -0.247495
v -0.090102 0.632785 -0.242293
v -0.075803 0.649567 -0.214835
v -0.090013 0.636109 -0.214466
v -0.063070 0.635352 -0.220188
v -0.243608 0.654549 -0.192616
v -0.233694 0.639951 -0.199773
v -0.256962 0.645332 -0.186310
v -0.233049 0.658247 -0.169402
v -0.245938 0.650192 -0.163497
v -0.223037 0.643473 -0.176656
v -0.324192 0.711107 -0.071875
v -0.323882 0.692551 -0.084884
v -0.330169 0.698978 -0.058963
v -0.305489 0.712151 -0.063460
v -0.312169 0.699964 -0.050823
v -0.304403 0.693913 -0.076471
v 0.342237 0.710112 0.001669
v 0.305058 0.670259 -0.150222
v 0.163367 0.631738 -0.233477
v 0.163278 0.635284 -0.204206
v 0.284679 0.675917 -0.133287
v 0.325218 0.710138 0.001494
v 0.075910 0.638904 -0.249192
v 0.089969 0.625386 -0.247793
v 0.063839 0.625987 -0.252903
v 0.089861 0.628710 -0.219973
v 0.075846 0.642182 -0.221443
v 0.233694 0.632555 -0.199773
v 0.243822 0.647194 -0.192698
v 0.256606 0.639050 -0.186544
v 0.245457 0.643968 -0.163819
v 0.233259 0.650894 -0.169505
v 0.323882 0.692551 -0.084884
v 0.324192 0.711107 -0.071875
v 0.312169 0.699964 -0.050823
v 0.305489 0.712151 -0.063460
v -0.578252 1.178351 0.046744
v -0.566278 1.171365 0.037364
v -0.557399 1.168003 0.021652
v -0.554079 1.169222 0.001264
v -0.557797 1.177388 -0.023024
v -0.567024 1.186621 -0.038558
v -0.579286 1.193946 -0.039288
v -0.591882 1.200530 -0.030327
v -0.601042 1.205219 -0.014409
v -0.604245 1.204097 0.008073
v -0.599599 1.197032 0.027327
v -0.509873 1.224233 0.060869
v -0.493034 1.215851 0.040994
v -0.484693 1.215609 0.013799
v -0.492557 1.226156 -0.013400
v -0.510183 1.240694 -0.032963
v -0.527571 1.257784 -0.038241
v -0.545894 1.273882 -0.033147
v -0.561117 1.284648 -0.009379
v -0.566558 1.280685 0.025107
v -0.562433 1.267813 0.049107
v -0.548342 1.253585 0.066442
v -0.566393 1.180971 0.026666
v -0.575068 1.186293 0.031348
v -0.583815 1.192974 0.029200
v -0.590302 1.199147 0.020595
v -0.592795 1.203505 0.008123
v -0.590554 1.204321 -0.005282
v -0.584274 1.201432 -0.015706
v -0.575612 1.196035 -0.022044
v -0.566829 1.189645 -0.021230
v -0.560221 1.183261 -0.010752
v -0.557712 1.179112 0.003223
v -0.560072 1.178359 0.016392
v -0.535031 1.233152 0.049419
v -0.523193 1.224250 0.043509
v -0.512767 1.218987 0.032231
v -0.507782 1.218688 0.016935
v -0.512084 1.224718 0.001594
v -0.522455 1.234179 -0.008463
v -0.532516 1.244822 -0.010763
v -0.543036 1.254558 -0.004729
v -0.553011 1.260087 0.008055
v -0.557655 1.258941 0.023506
v -0.555969 1.252542 0.037328
v -0.547068 1.243527 0.047130
v -0.529052 1.237630 0.070815
v -0.508993 1.242698 -0.028832
v -0.525341 1.259473 -0.033815
v -0.542618 1.275261 -0.027957
v -0.557122 1.284728 -0.005109
v -0.578622 1.178903 0.042192
v -0.591973 1.202900 -0.035926
v -0.602621 1.207978 -0.018711
v -0.590614 1.188064 0.040767
v 0.577615 1.174111 0.059353
v 0.563461 1.162839 0.050870
v 0.520699 1.237779 0.083184
v 0.553223 1.157796 0.029390
v 0.548599 1.158680 0.004476
v 0.551253 1.165954 -0.019675
v 0.480625 1.220802 -0.014055
v 0.559822 1.177850 -0.039251
v 0.494994 1.238329 -0.035313
v 0.573414 1.191446 -0.044712
v 0.515654 1.258532 -0.041449
v 0.587791 1.203162 -0.042091
v 0.537318 1.276242 -0.036125
v 0.600259 1.210478 -0.021770
v 0.555296 1.287639 -0.011272
v 0.603715 1.207943 0.010455
v 0.599904 1.199612 0.034474
v 0.591205 1.187709 0.053896
v 0.564351 1.164197 0.046064
v 0.577830 1.174721 0.053767
v 0.572004 1.182840 0.040485
v 0.562180 1.174903 0.035187
v 0.590530 1.187641 0.048913
v 0.581486 1.192191 0.037287
v 0.588084 1.200452 0.026449
v 0.590032 1.205408 0.010875
v 0.598934 1.207414 -0.016597
v 0.586807 1.205731 -0.005262
v 0.588173 1.200597 -0.035339
v 0.579273 1.201335 -0.017638
v 0.574186 1.190071 -0.039085
v 0.569449 1.193399 -0.022936
v 0.561175 1.177476 -0.034110
v 0.559968 1.184047 -0.019738
v 0.553369 1.175787 -0.008900
v 0.551421 1.170831 0.006674
v 0.554647 1.170507 0.022811
v 0.519281 1.240233 0.079841
v 0.499238 1.222013 0.071212
v 0.517468 1.222793 0.048589
v 0.529945 1.233087 0.054309
v 0.483555 1.212246 0.047580
v 0.507972 1.216713 0.035643
v 0.476896 1.212319 0.017120
v 0.504014 1.216479 0.018939
v 0.481160 1.223688 -0.010536
v 0.506655 1.222155 0.002953
v 0.494403 1.240638 -0.030513
v 0.515186 1.232219 -0.008032
v 0.514006 1.260156 -0.036353
v 0.527323 1.243975 -0.011072
v 0.534664 1.277216 -0.030328
v 0.539813 1.254273 -0.005353
v 0.551762 1.287124 -0.006695
v 0.549309 1.260353 0.007594
v 0.559971 1.286561 0.026144
v 0.553267 1.260586 0.024298
v 0.554294 1.275309 0.055123
v 0.550614 1.254908 0.040284
v 0.540203 1.258528 0.075519
v 0.538388 1.243961 0.051385
v 0.000000 1.076742 0.189152
v -0.051230 1.076596 0.187471
v -0.270146 1.189286 -0.004390
v -0.267838 1.181620 -0.063907
v -0.256304 1.164652 -0.123084
v -0.212553 1.121879 -0.206355
v -0.150321 1.088465 -0.249908
v -0.071933 1.062919 -0.285695
v -0.000000 1.055125 -0.290047
v -0.264114 1.108229 -0.119046
v -0.270330 1.124221 -0.049523
v -0.266111 1.130610 0.017376
v -0.255031 1.126422 0.061538
v -0.233935 1.121293 0.106969
v -0.210913 1.108352 0.126630
v -0.167790 1.090133 0.161018
v -0.097614 1.077446 0.200569
v -0.051830 1.077508 0.202669
v 0.000000 1.077673 0.204349
v -0.050286 1.135388 0.198513
v -0.094990 1.138415 0.196457
v -0.160830 1.150226 0.160569
v -0.191319 1.162489 0.128855
v -0.222555 1.177621 0.096190
v -0.250018 1.184533 0.048348
v -0.223978 1.075539 -0.197506
v -0.000000 1.004127 -0.263198
v -0.077060 1.013470 -0.259839
v -0.159089 1.031365 -0.240299
v 0.051230 1.076596 0.187471
v 0.270146 1.189286 -0.004390
v 0.267838 1.181620 -0.063907
v 0.256304 1.164652 -0.123084
v 0.212553 1.121879 -0.206355
v 0.150321 1.088464 -0.249908
v 0.071932 1.062919 -0.285695
v 0.264114 1.108229 -0.119046
v 0.270330 1.124221 -0.049523
v 0.266110 1.130610 0.017385
v 0.255031 1.126422 0.061546
v 0.233937 1.121296 0.106980
v 0.210915 1.108354 0.126638
v 0.167790 1.090133 0.161018
v 0.097614 1.077446 0.200569
v 0.051830 1.077508 0.202669
v 0.094990 1.138415 0.196457
v 0.160830 1.150226 0.160569
v 0.191319 1.162490 0.128855
v 0.222555 1.177621 0.096190
v 0.250018 1.184533 0.048348
v 0.224107 1.075494 -0.197640
v 0.077060 1.013470 -0.259839
v 0.159088 1.031365 -0.240299
v 0.000000 1.135536 0.200045
v 0.050286 1.135388 0.198513
v -0.153387 1.036634 -0.231755
v 0.153387 1.036634 -0.231755
v -0.242484 1.163331 -0.116838
v -0.211168 1.173535 0.086927
v 0.000000 1.134605 0.184847
v -0.091019 1.137407 0.181780
v -0.142107 1.091718 -0.241132
v -0.251274 1.130397 0.013819
v -0.223343 1.117221 0.096801
v -0.160305 1.088106 0.147901
v -0.068138 1.066648 -0.275238
v -0.200133 1.124290 -0.197797
v -0.252860 1.181659 -0.061162
v -0.255138 1.123871 -0.048483
v 0.254994 1.189725 -0.005935
v 0.211168 1.173535 0.086927
v 0.091019 1.137407 0.181780
v 0.202070 1.105672 0.114514
v 0.151552 1.148492 0.148607
v 0.160305 1.088106 0.147901
v 0.068138 1.066648 -0.275238
v 0.200133 1.124290 -0.197797
v 0.205717 1.081660 -0.179224
v 0.255136 1.123871 -0.048479
v 0.237202 1.181630 0.040633
v 0.241430 1.123809 0.055018
v 0.181360 1.159317 0.117767
v -0.202225 1.070075 -0.182865
v -0.017967 1.484895 -0.134422
v -0.020300 1.458444 -0.143290
v -0.122281 1.634609 -0.054995
v -0.071970 1.623913 -0.123273
v -0.121646 1.710772 -0.007801
v -0.076843 1.662504 -0.075364
v -0.089704 1.695799 -0.006365
v -0.113225 1.712929 0.017798
v -0.022640 1.613424 -0.116124
v -0.031253 1.646467 -0.079588
v -0.043748 1.686135 -0.010050
v -0.013408 1.673860 -0.006932
v -0.075298 1.650308 -0.098975
v -0.117682 1.671900 -0.029891
v -0.023972 1.635759 -0.096809
v -0.074661 1.608930 -0.084217
v -0.126373 1.604464 -0.076568
v -0.020143 1.575082 -0.137061
v -0.072184 1.535674 -0.131471
v -0.018281 1.536223 -0.111404
v -0.121841 1.723650 -0.006044
v -0.072307 1.676640 -0.081237
v -0.030288 1.660277 -0.079357
v -0.023770 1.442711 -0.146122
v -0.000009 1.470948 -0.182171
v -0.000009 1.451428 -0.189155
v -0.000009 1.588907 -0.105092
v -0.012326 1.633956 -0.079258
v -0.000542 1.662646 -0.007548
v -0.000009 1.611606 -0.089202
v -0.000009 1.565469 -0.132122
v -0.000009 1.521468 -0.158106
v -0.000009 1.445499 -0.139167
v -0.000009 1.621141 -0.073697
v 0.017951 1.485320 -0.134933
v 0.020285 1.458743 -0.143388
v 0.124889 1.602603 -0.056720
v 0.073220 1.603963 -0.130676
v 0.124374 1.653757 0.003213
v 0.078636 1.625367 -0.080979
v 0.088827 1.669819 0.001903
v 0.126657 1.654894 0.046137
v 0.022626 1.608639 -0.119303
v 0.031299 1.628268 -0.083113
v 0.026254 1.664953 -0.007170
v 0.012231 1.666531 -0.005740
v 0.076815 1.619670 -0.105711
v 0.120546 1.625491 -0.026466
v 0.023960 1.624070 -0.100196
v 0.075757 1.598128 -0.087652
v 0.128580 1.583512 -0.079354
v 0.020128 1.575545 -0.139001
v 0.072582 1.533108 -0.135026
v 0.018266 1.536810 -0.112377
v 0.124396 1.665761 0.006379
v 0.073626 1.638271 -0.085296
v 0.030291 1.638552 -0.081879
v 0.023755 1.442929 -0.146200
v 0.012310 1.625397 -0.081045
v -0.015471 0.851003 0.150373
v -0.259618 0.969886 0.075724
v 0.000003 1.131655 0.163608
v -0.215726 1.120394 0.074590
v -0.219690 0.936682 -0.153392
v 0.000003 1.028038 -0.205304
v -0.202359 1.097163 -0.132970
v -0.152516 0.432782 0.163126
v -0.330493 0.466873 0.034738
v -0.205171 0.417462 -0.143440
v -0.083647 0.403840 -0.034526
v -0.169369 0.379117 0.137695
v -0.313265 0.387715 0.057777
v -0.224778 0.368052 -0.085032
v -0.106318 0.360563 -0.005858
v -0.168783 1.029628 0.185670
v -0.105864 0.995328 -0.172338
v -0.241283 1.059207 -0.024584
v -0.253592 0.663192 0.087112
v -0.283999 0.741465 -0.078840
v -0.123736 0.618183 -0.155439
v -0.077880 0.587575 0.002168
v -0.314529 0.418052 0.122175
v -0.296599 0.424417 -0.033513
v -0.125800 0.386206 -0.085904
v -0.091306 0.392643 0.076407
v 0.000003 1.015195 0.204929
v -0.163544 1.130897 0.144129
v -0.232988 1.067529 0.082644
v -0.193686 0.909162 0.184347
v -0.110396 0.858446 -0.160443
v -0.203285 1.048276 -0.129932
v -0.115952 1.047989 -0.175825
v 0.000003 0.972750 -0.180909
v -0.253042 0.964163 -0.052188
v -0.233655 1.124172 -0.016319
v -0.321772 0.469460 0.131394
v -0.293779 0.453133 -0.056912
v -0.123734 0.415976 -0.088949
v -0.113219 0.605515 0.091653
v -0.301746 0.724043 0.031783
v -0.203763 0.686753 -0.168365
v -0.076145 0.580807 -0.087907
v -0.306203 0.386002 0.114088
v -0.292619 0.382381 -0.007952
v -0.142918 0.357065 -0.064810
v -0.107013 0.364019 0.076377
v -0.156147 0.414895 0.156007
v -0.321389 0.416266 0.048738
v -0.212415 0.399358 -0.122178
v -0.089928 0.390225 -0.025507
v -0.200140 0.350608 0.101039
v -0.274526 0.357696 0.091647
v -0.286973 0.357163 0.052975
v -0.265340 0.345266 0.001442
v -0.223127 0.333222 -0.017509
v -0.174449 0.334738 -0.003972
v -0.138314 0.336447 0.017254
v -0.231522 0.352821 0.100542
v -0.144357 0.334365 0.067687
v -0.270161 0.624794 0.095118
v -0.300167 0.568743 0.024993
v -0.141146 0.495197 0.148475
v -0.271397 0.623649 -0.088242
v -0.201451 0.511861 -0.158610
v -0.121526 0.546576 -0.109075
v -0.074966 0.466435 -0.052181
v -0.296930 0.541396 0.121579
v -0.297794 0.621793 0.027552
v -0.123681 0.560838 0.104521
v -0.278790 0.542463 -0.083167
v -0.196198 0.585607 -0.159474
v -0.115332 0.475595 -0.108999
v -0.081895 0.510606 -0.053619
v -0.082708 0.439467 0.039256
v -0.236725 0.736148 0.116025
v -0.097848 0.651490 0.092802
v -0.284027 0.813038 0.058775
v -0.276078 0.844792 -0.071391
v -0.218622 0.802141 -0.166416
v -0.105391 0.703793 -0.167379
v -0.062735 0.637171 -0.088813
v -0.053871 0.629844 0.008901
v -0.170384 1.073665 0.160526
v 0.000003 1.103774 0.168012
v -0.226942 1.101162 0.089693
v -0.107489 1.023402 -0.166964
v -0.207334 1.083552 -0.133021
v 0.000003 1.006520 -0.179434
v -0.236035 1.091795 -0.022177
v -0.170276 1.105332 0.146490
v 0.000003 1.071068 0.188059
v -0.226323 1.079497 0.091128
v -0.117303 1.034741 -0.171801
v -0.200955 1.066373 -0.127584
v 0.000003 1.011672 -0.198864
v -0.241363 1.102588 -0.017584
v -0.100983 0.902763 -0.154401
v -0.217781 0.972156 -0.147058
v -0.254681 1.027190 -0.033616
v 0.000003 0.846671 -0.152447
v -0.106703 0.946737 -0.164854
v -0.210897 1.009660 -0.137753
v -0.255709 0.988455 -0.043238
v -0.194194 0.873779 0.158852
v -0.252064 0.938928 0.075730
v -0.030268 0.714845 0.005025
v -0.033372 0.833499 0.135687
v -0.208779 0.804477 0.149354
v -0.277914 0.847631 0.067694
v -0.011129 0.817914 -0.027915
v -0.060117 0.716044 0.099317
v -0.197299 0.842046 0.161568
v -0.265598 0.904293 0.064869
v -0.021068 0.779771 -0.023900
v -0.049165 0.788138 0.101820
v -0.265218 0.896189 -0.061862
v -0.222105 0.865914 -0.160963
v -0.118455 0.794285 -0.181443
v -0.030913 0.726799 -0.116610
v -0.248798 1.029771 0.071017
v -0.181007 0.994683 0.185531
v 0.000003 0.948475 0.203822
v -0.256290 0.988157 0.070227
v -0.189930 0.943632 0.184603
v 0.000003 0.881277 0.172392
v -0.022074 0.786119 -0.139654
v 0.000003 0.917212 -0.182562
v 0.000003 0.846488 0.008258
v 0.015477 0.850593 0.150377
v 0.259626 0.955052 0.075822
v 0.216723 1.120311 0.074565
v 0.219696 0.925586 -0.153357
v 0.206707 1.102145 -0.122134
v 0.162034 0.439264 0.169037
v 0.329302 0.457724 0.036811
v 0.205441 0.416685 -0.152724
v 0.086444 0.403086 -0.035246
v 0.196677 0.336844 0.111801
v 0.305632 0.353408 0.055100
v 0.226895 0.328446 -0.054055
v 0.122036 0.319216 0.013212
v 0.175577 1.024417 0.185689
v 0.106518 0.992737 -0.182942
v 0.240980 1.056250 -0.024583
v 0.249682 0.646896 0.087168
v 0.287706 0.731827 -0.070735
v 0.123894 0.610108 -0.155383
v 0.076092 0.583961 0.002215
v 0.311213 0.410914 0.122698
v 0.301440 0.413750 -0.041114
v 0.140358 0.373039 -0.073115
v 0.104652 0.374568 0.077096
v 0.167876 1.130897 0.145911
v 0.232995 1.065776 0.082646
v 0.193693 0.900720 0.184371
v 0.110403 0.855519 -0.160396
v 0.202982 1.048298 -0.132142
v 0.110583 1.050991 -0.190765
v 0.253052 0.949954 -0.052137
v 0.233661 1.124130 -0.016319
v 0.325035 0.446749 0.132086
v 0.301928 0.451101 -0.064735
v 0.127382 0.404044 -0.092576
v 0.090886 0.414091 0.077860
v 0.116841 0.600480 0.091709
v 0.286674 0.702643 0.032300
v 0.224610 0.674561 -0.167958
v 0.076493 0.577061 -0.103505
v 0.284132 0.351645 0.102094
v 0.297464 0.346657 -0.009014
v 0.154476 0.319474 -0.019443
v 0.142606 0.324248 0.095514
v 0.170235 0.397359 0.148391
v 0.312807 0.423177 0.053843
v 0.218758 0.381720 -0.104495
v 0.103246 0.369607 -0.013542
v 0.273986 0.605631 0.095372
v 0.305078 0.530113 0.020172
v 0.147505 0.490262 0.146329
v 0.280298 0.630411 -0.083327
v 0.199089 0.495387 -0.156928
v 0.113897 0.530920 -0.108686
v 0.072750 0.463055 -0.058626
v 0.084623 0.508183 0.002614
v 0.303347 0.529156 0.101086
v 0.126385 0.557470 0.104447
v 0.284793 0.517968 -0.067293
v 0.207586 0.577161 -0.159418
v 0.112899 0.468052 -0.113628
v 0.069959 0.505730 -0.052720
v 0.083818 0.465951 0.039637
v 0.228864 0.724355 0.116024
v 0.095721 0.648146 0.092858
v 0.273710 0.806640 0.066316
v 0.283369 0.826326 -0.055679
v 0.231198 0.790053 -0.166374
v 0.107164 0.697769 -0.167323
v 0.064508 0.635538 -0.114510
v 0.060527 0.627316 0.008957
v 0.176257 1.072974 0.161787
v 0.226948 1.100491 0.089637
v 0.107495 1.027025 -0.178998
v 0.207340 1.088033 -0.121554
v 0.235732 1.088624 -0.022177
v 0.176730 1.105178 0.148277
v 0.226313 1.078183 0.091083
v 0.111933 1.036720 -0.186741
v 0.200651 1.073800 -0.127052
v 0.241369 1.101805 -0.017585
v 0.100837 0.900257 -0.155216
v 0.213039 0.962059 -0.145345
v 0.254688 1.017889 -0.033598
v 0.106657 0.943827 -0.175781
v 0.206156 1.001854 -0.139607
v 0.255718 0.975109 -0.043197
v 0.252071 0.923596 0.075864
v 0.031286 0.713658 0.005081
v 0.033568 0.832353 0.135555
v 0.208574 0.793420 0.149410
v 0.269669 0.842444 0.067784
v 0.010883 0.817107 -0.007015
v 0.074370 0.713690 0.099373
v 0.197096 0.832431 0.161620
v 0.256097 0.889323 0.064994
v 0.021077 0.778785 0.001885
v 0.049171 0.786551 0.101857
v 0.274696 0.879664 -0.051879
v 0.232521 0.854040 -0.160907
v 0.118461 0.788993 -0.181387
v 0.033106 0.725684 -0.116554
v 0.247122 1.021036 0.071063
v 0.184634 0.987349 0.185533
v 0.256300 0.974524 0.070317
v 0.189937 0.934635 0.184615
v 0.022175 0.785453 -0.139615
v -0.081065 0.971903 0.211208
v -0.071543 1.022411 0.206759
v -0.070111 1.131276 0.163253
v -0.077402 1.104553 0.165946
v -0.113280 0.836744 0.174870
v -0.099557 0.880716 0.196586
v -0.247289 0.446715 0.169440
v -0.228415 0.510282 0.160864
v -0.245208 0.396255 0.152162
v -0.244221 0.383823 0.146849
v -0.215948 0.546113 0.141883
v -0.169249 0.631982 0.119466
v -0.150956 0.696579 0.134498
v -0.068570 1.072728 0.185165
v -0.131078 0.760802 0.154420
v -0.112470 0.815395 0.161778
v -0.090039 0.912671 0.207747
v 0.081075 0.970251 0.211209
v 0.072085 1.021480 0.206759
v 0.070478 1.131276 0.163576
v 0.078778 1.104553 0.166359
v 0.108710 0.857148 0.187610
v 0.099563 0.877821 0.196600
v 0.249127 0.446464 0.175882
v 0.227188 0.492742 0.158787
v 0.244497 0.400937 0.156456
v 0.234471 0.345589 0.124357
v 0.190623 0.567332 0.130607
v 0.170144 0.623310 0.119522
v 0.152189 0.690139 0.134525
v 0.069285 1.072582 0.185189
v 0.139507 0.755596 0.154476
v 0.112477 0.812034 0.161823
v 0.090045 0.910309 0.207753
v -0.283204 0.588444 0.105325
v -0.082599 0.515030 0.006366
v -0.131063 0.531745 0.119714
v 0.291942 0.582050 0.099680
v 0.293498 0.610818 0.011077
v 0.134078 0.527724 0.118018
v -0.201725 0.576676 0.130615
v 0.203990 0.537090 0.139925
v -0.267730 0.595649 0.079633
v -0.136717 0.542714 0.090071
v 0.265076 0.573999 0.070539
v 0.136060 0.534902 0.082117
v -0.208199 0.555966 0.111245
v 0.192719 0.543024 0.102419
v -0.278767 0.557244 0.085184
v -0.136104 0.518530 0.105826
v 0.285572 0.558045 0.066892
v 0.146911 0.502918 0.098682
v -0.222182 0.533256 0.123105
v 0.215589 0.512613 0.115865
v -0.116208 0.592754 0.102251
v -0.071751 0.571652 0.003663
v 0.119494 0.588526 0.105952
v 0.068095 0.556813 0.002358
v -0.180229 0.613284 0.130158
v 0.183831 0.585898 0.126931
v -0.120693 0.573599 0.100846
v -0.074294 0.540880 0.011874
v 0.123732 0.569424 0.100907
v 0.071537 0.524297 0.002471
v -0.190745 0.595374 0.126846
v 0.176936 0.604744 0.133902
v -0.134648 0.582919 0.064514
v -0.099592 0.554111 -0.006973
v 0.130294 0.578420 0.063812
v 0.087802 0.542230 -0.019028
v -0.195236 0.602037 0.088875
v 0.181187 0.592575 0.087181
v -0.044869 0.812021 0.119101
v 0.194673 0.864855 0.158993
v 0.044837 0.810875 0.119286
v -0.108606 0.860732 0.187677
v 0.113291 0.833344 0.174991
v -0.043454 0.824290 0.105044
v 0.042808 0.822729 0.105341
v -0.108367 0.847769 0.153741
v 0.108855 0.844467 0.154905
v -0.309840 0.397493 0.117425
v -0.295806 0.403151 -0.019254
v -0.135926 0.368133 -0.072808
v -0.101466 0.374128 0.076388
v -0.162632 0.394426 0.146264
v -0.316006 0.396055 0.054966
v -0.219133 0.382489 -0.102240
v -0.100090 0.371039 -0.012798
v -0.246276 0.417196 0.160005
v -0.292941 0.404799 0.102827
v -0.279795 0.409489 -0.013975
v -0.146511 0.381547 -0.056301
v -0.118499 0.386758 0.068148
v -0.168906 0.403703 0.127864
v -0.297658 0.403428 0.048536
v -0.215290 0.391582 -0.082550
v -0.117180 0.384559 -0.008198
v -0.239161 0.404261 0.131818
v 0.309981 0.387316 0.122848
v 0.302217 0.394851 -0.035308
v 0.138229 0.352308 -0.059858
v 0.112982 0.352929 0.095665
v 0.177090 0.376471 0.145424
v 0.313661 0.400037 0.058904
v 0.224400 0.360555 -0.096814
v 0.102797 0.345779 0.003169
v 0.243723 0.378333 0.155068
v 0.283798 0.393962 0.100167
v 0.289078 0.396006 -0.016741
v 0.159621 0.367833 -0.037485
v 0.125930 0.366375 0.073181
v 0.184249 0.387160 0.117767
v 0.289610 0.406454 0.051863
v 0.222246 0.375416 -0.062078
v 0.122013 0.362392 0.006850
v 0.235575 0.392068 0.124135
v -0.152618 1.738449 0.032782
v -0.160791 1.701551 -0.030908
v -0.140265 1.701959 0.117100
v -0.243262 1.431123 0.040834
v -0.206865 1.471139 -0.118089
v -0.199235 1.482941 0.211620
v -0.239470 1.266981 0.010905
v -0.201369 1.274077 0.118698
v 0.000000 1.269850 0.202960
v -0.074158 1.575559 0.203188
v -0.299452 1.490930 0.059316
v -0.165873 1.604919 0.224634
v -0.192927 1.601069 -0.112643
v -0.000000 1.562264 -0.175266
v -0.224985 1.451587 -0.036656
v -0.388574 1.530622 0.055626
v -0.374777 1.477108 -0.022089
v -0.345820 1.441076 -0.052084
v -0.292835 1.360491 -0.023242
v -0.266778 1.342911 0.044465
v -0.281999 1.380597 0.142488
v -0.340968 1.456150 0.159810
v -0.379678 1.504109 0.130347
v -0.245091 1.695540 0.063688
v -0.346122 1.636350 0.085956
v -0.213519 1.669059 -0.047074
v -0.320783 1.563138 -0.012980
v -0.218663 1.568915 -0.105216
v -0.293202 1.501842 -0.057535
v -0.223921 1.405608 -0.040509
v -0.275167 1.390161 -0.030074
v -0.233590 1.374957 0.041525
v -0.251235 1.353299 0.042838
v -0.207344 1.418921 0.191810
v -0.240933 1.404872 0.167535
v -0.208379 1.559046 0.241565
v -0.288190 1.516224 0.198705
v -0.219365 1.692299 0.166542
v -0.326547 1.588005 0.159263
v -0.243908 1.363915 0.024049
v -0.206883 1.440897 0.190325
v -0.216191 1.367117 -0.120189
v -0.126489 1.619471 0.207322
v -0.136966 1.541281 0.208791
v -0.146715 1.366928 0.197330
v -0.139399 1.269009 0.164219
v -0.214679 1.287867 -0.115116
v -0.037084 1.591361 0.201555
v -0.039143 1.263001 0.201390
v -0.057575 1.572086 -0.181312
v 0.000000 1.372489 0.211314
v -0.229774 1.270235 -0.052105
v -0.243078 1.358016 -0.091948
v -0.149274 1.732730 0.065260
v -0.223274 1.433899 0.119162
v -0.221216 1.263340 0.064802
v -0.299959 1.493256 0.108837
v -0.274342 1.351664 0.093477
v -0.384162 1.516145 0.091035
v -0.260664 1.375566 0.100605
v -0.220463 1.385721 0.106151
v -0.329592 1.640301 0.123139
v -0.232302 1.708451 0.105845
v -0.230291 1.359312 0.091081
v -0.147612 1.613200 0.215799
v -0.181383 1.355845 0.178243
v -0.379121 1.480127 -0.027260
v -0.395294 1.533527 0.055082
v -0.390235 1.520086 0.093776
v -0.383991 1.507427 0.136784
v -0.342948 1.455420 0.167168
v -0.281421 1.374905 0.147570
v -0.271293 1.344948 0.096385
v -0.261975 1.336990 0.044225
v -0.290798 1.355301 -0.028478
v -0.346497 1.441529 -0.059667
v -0.345769 1.659421 0.078585
v -0.315711 1.575322 -0.026025
v -0.283255 1.508811 -0.069321
v -0.262308 1.383653 -0.044314
v -0.247566 1.348752 0.042475
v -0.243040 1.364319 0.106778
v -0.241856 1.401918 0.172348
v -0.321787 1.606127 0.167762
v -0.333682 1.642391 0.124857
v -0.359793 1.559499 0.054667
v -0.350986 1.508537 -0.029354
v -0.317792 1.460562 -0.053981
v -0.263721 1.377020 -0.030110
v -0.239703 1.363271 0.040055
v -0.247759 1.373930 0.089497
v -0.256256 1.402593 0.137978
v -0.314509 1.486697 0.158139
v -0.355675 1.545430 0.128956
v -0.357018 1.552141 0.093003
v -0.341558 1.460664 -0.051197
v -0.340267 1.459826 -0.043889
v -0.153056 1.724911 0.004291
v -0.234124 1.435270 0.002178
v -0.308548 1.469127 0.002667
v -0.381699 1.500080 0.016768
v -0.279780 1.341457 0.010612
v -0.333580 1.604060 0.036216
v -0.235498 1.686400 0.013308
v -0.270740 1.366969 0.006905
v -0.228755 1.382235 0.002237
v -0.387237 1.503393 0.013911
v -0.276370 1.335602 0.007874
v -0.330817 1.622048 0.024160
v -0.254862 1.356709 -0.000919
v -0.355368 1.532641 0.012657
v -0.251711 1.360968 0.004972
v -0.000000 1.413078 -0.232311
v -0.252994 1.289422 0.012189
v -0.225597 1.332851 0.082559
v -0.225799 1.416646 -0.123577
v -0.213596 1.446678 -0.096500
v -0.223989 1.357182 0.122102
v -0.227994 1.304020 0.144414
v -0.203493 1.354980 0.169860
v -0.246261 1.316410 -0.049315
v -0.235959 1.349545 -0.017317
v -0.228422 1.384855 -0.062545
v -0.183957 1.408115 0.186733
v -0.167791 1.520522 0.213256
v -0.235670 1.288371 0.068233
v -0.206897 1.429581 -0.110039
v -0.211585 1.340046 0.133258
v -0.196093 1.394591 0.171505
v -0.226703 1.326666 -0.033316
v -0.221343 1.369549 -0.077247
v -0.190111 1.444343 0.189649
v -0.232123 1.308661 0.015552
v -0.216226 1.308725 0.075396
v -0.250467 1.543562 -0.084547
v -0.237351 1.399028 -0.038976
v -0.238828 1.369294 0.041922
v -0.217932 1.411591 0.171559
v -0.243650 1.550518 0.223176
v -0.238958 1.375310 0.104924
v -0.247965 1.368334 0.002557
v -0.261914 1.530657 -0.077365
v -0.248640 1.393603 -0.037425
v -0.247110 1.360340 0.042550
v -0.230026 1.408148 0.167468
v -0.254774 1.543170 0.213303
v -0.227875 1.381544 0.105659
v -0.237964 1.375571 0.002398
v -0.254648 1.541708 -0.070237
v -0.242669 1.409284 -0.029236
v -0.242655 1.380827 0.043655
v -0.225498 1.421130 0.158136
v -0.248381 1.551426 0.209472
v -0.234018 1.393124 0.100646
v -0.242651 1.387276 0.007720
v -0.202727 1.502152 -0.108284
v -0.173642 1.598232 -0.115106
v -0.224868 1.449429 -0.066129
v -0.246473 1.356711 0.019035
v -0.245246 1.360145 0.009328
v -0.229517 1.417755 -0.047082
v -0.196999 1.541983 -0.104352
v -0.221800 1.446141 -0.083997
v -0.239959 1.337358 0.019509
v -0.242709 1.355171 -0.006463
v -0.231978 1.394846 -0.058425
v -0.195092 1.520658 -0.102333
v -0.211527 1.449061 -0.073784
v -0.232169 1.364857 0.001432
v -0.218940 1.407471 -0.048877
v -0.047371 1.652541 -0.087873
v -0.016684 1.647504 -0.093046
v 0.000153 1.470136 -0.148853
v -0.013316 1.563788 -0.094303
v -0.038764 1.577825 -0.084227
v -0.107391 1.618177 -0.035294
v -0.106988 1.647866 0.004615
v -0.106574 1.666676 0.039994
v -0.100713 1.641627 0.080369
v -0.055032 1.625640 0.114554
v -0.027044 1.618607 0.123724
v 0.000153 1.609601 0.129070
v -0.000000 1.553011 -0.163556
v -0.017180 1.639297 -0.091414
v -0.047958 1.643944 -0.085849
v -0.084607 1.673703 -0.044630
v -0.083254 1.704825 -0.010433
v -0.081910 1.728978 0.013668
v -0.082269 1.730846 0.045064
v -0.068763 1.705157 0.087670
v -0.034589 1.692175 0.101028
v 0.000000 1.688951 0.106531
v -0.340805 1.658261 0.080129
v -0.312497 1.574266 -0.021683
v -0.282079 1.508726 -0.064725
v -0.262216 1.386275 -0.039255
v -0.266491 1.360742 0.043863
v -0.255322 1.407122 0.157302
v -0.277836 1.525342 0.202562
v -0.318599 1.603663 0.164510
v -0.245639 1.369630 0.104952
v -0.336447 1.620527 0.124354
v -0.326729 1.620634 0.027420
v -0.256555 1.360326 0.001707
v -0.197859 1.715076 0.048556
v -0.187631 1.677072 -0.022220
v -0.209863 1.577889 -0.092600
v -0.224453 1.421387 -0.039219
v -0.238426 1.395552 0.041180
v -0.203285 1.437162 0.181331
v -0.194052 1.578716 0.214021
v -0.179808 1.690980 0.150207
v -0.221868 1.402174 0.112852
v -0.188901 1.717399 0.087518
v -0.192787 1.704280 0.010969
v -0.231440 1.401826 0.002214
v -0.269979 1.632944 -0.026424
v -0.284158 1.647644 0.031554
v -0.294144 1.668896 0.083333
v -0.287523 1.672262 0.125208
v -0.273562 1.649108 0.169548
v 0.152300 1.727659 0.052641
v 0.164742 1.716465 -0.036166
v 0.139943 1.690234 0.137486
v 0.243339 1.429930 0.041891
v 0.206652 1.470630 -0.120501
v 0.199726 1.495453 0.198694
v 0.239376 1.266954 0.011778
v 0.197639 1.274153 0.118974
v 0.074170 1.576278 0.202902
v 0.078877 1.259266 0.185447
v 0.299345 1.474635 0.059952
v 0.165809 1.624949 0.196131
v 0.197886 1.602541 -0.112187
v 0.224496 1.450998 -0.036467
v 0.394794 1.520368 0.053375
v 0.372369 1.474391 -0.037340
v 0.343990 1.437458 -0.051801
v 0.317327 1.385754 -0.037447
v 0.266871 1.343070 0.046303
v 0.283242 1.381186 0.144030
v 0.342601 1.451839 0.159989
v 0.380568 1.494018 0.122508
v 0.242614 1.694971 0.074443
v 0.336773 1.596676 0.054411
v 0.210878 1.689602 -0.033994
v 0.318218 1.574106 -0.015648
v 0.220120 1.573327 -0.091727
v 0.291460 1.499188 -0.049484
v 0.223428 1.404755 -0.035843
v 0.274337 1.414718 -0.034596
v 0.233657 1.375087 0.043120
v 0.251312 1.353281 0.044646
v 0.207772 1.424636 0.186733
v 0.241535 1.404037 0.168446
v 0.207370 1.573827 0.218328
v 0.288662 1.510123 0.170078
v 0.218153 1.665365 0.165775
v 0.325747 1.566456 0.117874
v 0.243811 1.363927 0.025673
v 0.207390 1.445058 0.185724
v 0.215502 1.366617 -0.119267
v 0.077912 1.403664 0.193153
v 0.126487 1.634247 0.181884
v 0.137079 1.550428 0.198907
v 0.146847 1.367024 0.197548
v 0.149559 1.206720 0.172197
v 0.214330 1.287622 -0.114496
v 0.039673 1.205285 0.212734
v 0.067531 1.569184 -0.188715
v 0.038628 1.393136 0.195513
v 0.229498 1.270059 -0.051289
v 0.242308 1.357464 -0.090818
v 0.147726 1.722155 0.091242
v 0.223978 1.433097 0.120301
v 0.221258 1.263399 0.065257
v 0.300963 1.474718 0.109435
v 0.275027 1.352287 0.095321
v 0.388824 1.508747 0.088399
v 0.261384 1.375826 0.102353
v 0.220980 1.386203 0.107445
v 0.327658 1.611095 0.088455
v 0.230356 1.705975 0.117127
v 0.230722 1.359738 0.092562
v 0.147595 1.630172 0.186995
v 0.181602 1.356023 0.178615
v 0.376584 1.477742 -0.042655
v 0.401480 1.524256 0.052594
v 0.394930 1.513053 0.090121
v 0.384957 1.497971 0.128237
v 0.344705 1.451888 0.167307
v 0.282558 1.375397 0.148954
v 0.271965 1.345552 0.098207
v 0.262056 1.337114 0.046016
v 0.315254 1.380532 -0.042622
v 0.344561 1.437701 -0.059395
v 0.343217 1.633646 0.054047
v 0.312973 1.586774 -0.026880
v 0.281425 1.506532 -0.062815
v 0.264395 1.390598 -0.043107
v 0.247633 1.348765 0.044228
v 0.243659 1.364639 0.108313
v 0.242460 1.401184 0.173208
v 0.279335 1.514346 0.184962
v 0.320861 1.588252 0.126004
v 0.331818 1.614164 0.091472
v 0.351683 1.531829 0.053351
v 0.339460 1.496470 -0.022941
v 0.316430 1.457984 -0.053617
v 0.263200 1.376404 -0.028905
v 0.239753 1.363405 0.041765
v 0.248354 1.374503 0.091270
v 0.257369 1.403417 0.139397
v 0.316122 1.474052 0.158424
v 0.346026 1.522107 0.120383
v 0.357299 1.520115 0.091781
v 0.342585 1.463075 -0.055065
v 0.341377 1.462370 -0.047732
v 0.150726 1.725356 0.013218
v 0.233914 1.434966 0.003124
v 0.307680 1.462559 0.003229
v 0.389900 1.506438 0.014870
v 0.279505 1.341164 0.012342
v 0.330988 1.586254 0.019308
v 0.233351 1.706071 0.024538
v 0.270419 1.366085 0.008480
v 0.228513 1.381959 0.003639
v 0.395344 1.509967 0.011824
v 0.276079 1.335238 0.009600
v 0.327898 1.613612 0.013556
v 0.254514 1.355958 0.000679
v 0.353942 1.510291 0.011572
v 0.251437 1.360815 0.006562
v 0.252852 1.289378 0.013447
v 0.225870 1.333140 0.083843
v 0.225052 1.416091 -0.122894
v 0.213470 1.446531 -0.096796
v 0.224498 1.357653 0.123273
v 0.228301 1.305473 0.145095
v 0.203784 1.355251 0.170350
v 0.245696 1.316037 -0.047902
v 0.235583 1.349324 -0.015897
v 0.227788 1.384414 -0.061365
v 0.177497 1.409621 0.193414
v 0.167853 1.533360 0.199602
v 0.235802 1.288536 0.069306
v 0.206789 1.429468 -0.110108
v 0.211977 1.340409 0.134166
v 0.196394 1.404845 0.177580
v 0.226288 1.326409 -0.031960
v 0.220694 1.369095 -0.076091
v 0.181504 1.450252 0.182651
v 0.232012 1.308640 0.016768
v 0.216361 1.308880 0.076260
v 0.249635 1.549720 -0.076526
v 0.236798 1.397941 -0.035964
v 0.238901 1.369414 0.043629
v 0.218303 1.413877 0.169712
v 0.243814 1.557135 0.192448
v 0.239569 1.375689 0.106427
v 0.247683 1.367698 0.004070
v 0.260781 1.535303 -0.068521
v 0.247986 1.391978 -0.036100
v 0.247188 1.360377 0.044337
v 0.230493 1.407630 0.168218
v 0.254927 1.542903 0.187320
v 0.228443 1.382058 0.107065
v 0.237708 1.375195 0.003816
v 0.253609 1.548728 -0.061630
v 0.242133 1.407996 -0.026989
v 0.242758 1.380917 0.045383
v 0.226064 1.421692 0.158438
v 0.248480 1.553641 0.178634
v 0.234638 1.393633 0.102142
v 0.242432 1.386793 0.009090
v 0.202710 1.501843 -0.112443
v 0.173618 1.598565 -0.121805
v 0.224274 1.448998 -0.066419
v 0.246330 1.356687 0.020660
v 0.245022 1.360053 0.010907
v 0.228917 1.417340 -0.045938
v 0.196988 1.541372 -0.109500
v 0.221167 1.445687 -0.083977
v 0.239834 1.337345 0.021072
v 0.242375 1.354988 -0.004959
v 0.231316 1.394384 -0.057216
v 0.195078 1.520291 -0.107129
v 0.210949 1.448709 -0.074314
v 0.231917 1.364735 0.002881
v 0.218396 1.407100 -0.047740
v 0.047371 1.639850 -0.094498
v 0.009871 1.631603 -0.090804
v 0.013622 1.562917 -0.096131
v 0.039070 1.571864 -0.090901
v 0.107697 1.601363 -0.035736
v 0.113593 1.649044 0.012542
v 0.106791 1.660162 0.052629
v 0.100987 1.636915 0.091664
v 0.061182 1.623501 0.121739
v 0.027351 1.621641 0.126160
v 0.010366 1.620489 -0.090367
v 0.047958 1.627833 -0.093573
v 0.089426 1.669387 -0.046966
v 0.083254 1.702708 -0.008329
v 0.081910 1.720658 0.022895
v 0.085352 1.722944 0.057673
v 0.075925 1.703778 0.098303
v 0.034308 1.698351 0.104519
v 0.338222 1.631418 0.054254
v 0.309806 1.584786 -0.022709
v 0.280250 1.506123 -0.057737
v 0.264341 1.393161 -0.038053
v 0.266596 1.360655 0.045749
v 0.256167 1.406447 0.158541
v 0.277142 1.514756 0.180051
v 0.317586 1.585353 0.122440
v 0.246278 1.369908 0.106528
v 0.334798 1.587498 0.084931
v 0.323831 1.610732 0.015708
v 0.256219 1.359524 0.003301
v 0.196156 1.709783 0.073919
v 0.186810 1.700219 -0.028288
v 0.213356 1.624363 -0.092817
v 0.223984 1.420737 -0.030002
v 0.238504 1.395697 0.042701
v 0.203767 1.448112 0.171787
v 0.193853 1.596403 0.192731
v 0.179060 1.682435 0.157054
v 0.222483 1.403140 0.113951
v 0.187573 1.712542 0.113761
v 0.191371 1.708955 0.024056
v 0.231193 1.401648 0.003510
v 0.267732 1.647429 -0.021786
v 0.281288 1.679003 0.017089
v 0.291197 1.673898 0.058884
v 0.285171 1.673904 0.096526
v 0.272331 1.623395 0.147189
v -0.210466 1.257982 0.114845
v -0.172500 1.266145 0.162574
v -0.080236 1.273127 0.191181
v 0.000000 1.595186 0.202131
v 0.175377 1.222599 0.121608
v 0.000000 1.203437 0.207148
v -0.083247 1.229581 0.191359
v -0.149234 1.285612 0.190113
v -0.039764 1.222368 0.205458
v -0.038200 1.467129 0.212758
v -0.038889 1.306212 0.198106
v 0.080174 1.203924 0.211046
v 0.149516 1.252173 0.181091
v 0.038304 1.486570 0.213782
v 0.039127 1.271490 0.201751
v -0.074677 1.401844 0.209291
v 0.182207 1.247999 0.153920
v 0.202171 1.229080 0.086690
v 0.000000 1.236969 0.181197
v -0.158110 1.252275 0.145117
v -0.039454 1.247296 0.179564
v -0.051373 1.370252 0.191205
v 0.079526 1.237189 0.178504
v 0.147889 1.235233 0.165314
v 0.041092 1.591479 0.202758
v 0.039400 1.238548 0.180052
v -0.078206 1.349726 0.187771
v 0.169533 1.241903 0.130957
v -0.111766 1.239602 0.184261
v -0.027538 1.406635 0.193765
v -0.221990 1.246440 0.062366
v -0.148785 1.210214 0.153576
v -0.201463 1.237424 0.093000
v -0.173176 1.235526 0.129342
v 0.000002 1.475222 0.196746
v -0.380287 1.587066 0.060233
v -0.353739 1.559833 0.151565
v -0.372746 1.571883 0.107018
v -0.369638 1.556625 0.014281
v -0.366173 1.615740 0.063623
v -0.348464 1.531613 -0.023903
v -0.356584 1.600692 0.108863
v -0.353844 1.583115 0.014868
v -0.365899 1.592349 0.060520
v -0.358229 1.575970 0.102566
v -0.355600 1.561397 0.018465
v 0.369441 1.564367 0.053279
v 0.347981 1.514618 -0.027730
v 0.319823 1.477139 -0.055953
v 0.356639 1.528028 0.127554
v 0.363001 1.548210 0.090739
v 0.358387 1.541488 0.012652
v 0.360522 1.585280 0.053599
v 0.334419 1.533936 -0.027339
v 0.319156 1.488173 0.170708
v 0.342007 1.545089 0.126755
v 0.351724 1.568376 0.091079
v 0.347673 1.563281 0.013025
v 0.355988 1.556420 0.053607
v 0.334952 1.509850 -0.017668
v 0.342168 1.521246 0.118587
v 0.349288 1.541104 0.086646
v 0.345445 1.536008 0.017857
v 0.087112 1.578246 -0.181837
v 0.074714 1.564449 -0.175850
v -0.068447 1.647863 -0.093178
v -0.085489 1.645382 -0.107112
v -0.070300 1.639062 -0.089859
v -0.078242 1.573588 -0.186224
v -0.066558 1.561835 -0.172590
v -0.193070 1.281320 -0.162922
v 0.000000 1.698464 0.141605
v -0.071441 1.699593 0.130896
v -0.225234 1.223487 -0.122021
v -0.238332 1.219113 -0.000333
v 0.000000 1.159075 0.167017
v -0.085669 1.166404 0.163839
v -0.000000 1.433771 -0.235911
v -0.109889 1.580125 -0.165208
v -0.084242 1.681025 -0.046343
v -0.084108 1.739747 0.008264
v -0.142983 1.734083 0.028527
v -0.143010 1.694843 -0.036033
v -0.151370 1.591256 -0.145162
v -0.164782 1.447289 -0.165216
v -0.177510 1.365379 -0.170672
v -0.064068 1.711930 0.086406
v 0.000000 1.699926 0.103772
v -0.147707 1.177547 0.132311
v -0.042246 1.159044 0.165428
v -0.060751 1.443499 -0.230277
v -0.034168 1.699100 0.099606
v -0.234834 1.219654 -0.060461
v -0.224895 1.210542 0.035772
v -0.140260 1.730942 0.061102
v -0.079913 1.741442 0.040382
v -0.082688 1.713683 -0.014851
v -0.144240 1.719864 0.001607
v -0.114744 1.445075 -0.217158
v -0.045108 1.421219 -0.236171
v 0.193070 1.281320 -0.162922
v 0.069826 1.697730 0.132470
v 0.225138 1.223421 -0.121837
v 0.238285 1.219094 0.000005
v 0.205771 1.199612 0.071876
v 0.085669 1.166404 0.163839
v 0.115139 1.570333 -0.172943
v 0.091404 1.680021 -0.049433
v 0.084578 1.732814 0.015616
v 0.142826 1.725752 0.046840
v 0.151365 1.585615 -0.155147
v 0.164771 1.445907 -0.164821
v 0.177451 1.365336 -0.171560
v 0.064086 1.709096 0.096651
v 0.099854 1.701957 0.121620
v 0.147707 1.177547 0.132311
v 0.035399 1.699794 0.140389
v 0.042246 1.159044 0.165428
v 0.063206 1.442908 -0.235780
v 0.234734 1.219591 -0.060161
v 0.224892 1.210549 0.035943
v 0.138840 1.721522 0.085484
v 0.080979 1.734698 0.051800
v 0.176739 1.186648 0.102094
v 0.082688 1.711843 -0.013386
v 0.142046 1.721974 0.009180
v 0.120313 1.429442 -0.216104
v 0.060168 1.421219 -0.236170
v -0.121398 1.710250 0.097836
v -0.103412 1.704637 0.114389
v -0.035399 1.699917 0.140795
v 0.069509 1.696304 0.137181
v 0.115118 1.703313 0.112824
v -0.205734 1.199799 0.072090
v -0.176739 1.186648 0.102094
v -0.254994 1.189725 -0.005935
v -0.151552 1.148492 0.148607
v -0.049719 1.134477 0.183314
v -0.237202 1.181630 0.040633
v -0.181360 1.159317 0.117767
v -0.000000 1.058308 -0.279097
v 0.242484 1.163331 -0.116838
v 0.142107 1.091718 -0.241133
v 0.049719 1.134477 0.183314
v 0.252861 1.181659 -0.061162
v -0.000000 1.434493 -0.244056
v -0.000033 1.240806 -0.313040
v -0.085942 1.685418 -0.050760
v -0.085733 1.754947 0.002962
v -0.066338 1.742488 0.071745
v -0.130132 1.278272 -0.253422
v -0.111161 1.584069 -0.176684
v -0.000000 1.376382 -0.267252
v -0.127389 1.368649 -0.239182
v -0.000000 1.147064 -0.292919
v -0.135829 1.166313 -0.255784
v -0.115839 1.469524 -0.215257
v -0.143070 1.740318 0.023996
v -0.163351 1.590076 -0.151685
v -0.174500 1.453479 -0.166664
v -0.187452 1.371726 -0.174603
v -0.209959 1.285179 -0.162982
v -0.234202 1.231623 -0.124319
v -0.253618 1.229808 -0.005159
v -0.213163 1.206097 0.084571
v -0.087543 1.172879 0.179763
v 0.000000 1.169150 0.182666
v 0.000000 1.729072 0.090874
v -0.127036 1.720128 0.096232
v -0.103678 1.709214 0.119253
v -0.070421 1.704105 0.133746
v 0.000000 1.706868 0.144972
v -0.102918 1.702855 0.118767
v -0.152107 1.183023 0.146432
v -0.062631 1.442801 -0.238652
v -0.084440 1.257555 -0.283246
v -0.035477 1.701564 0.146038
v -0.087033 1.355613 -0.270395
v -0.067805 1.153299 -0.283206
v -0.044414 1.169485 0.181215
v -0.034895 1.731935 0.084391
v -0.035539 1.706337 0.144081
v -0.111888 1.735236 0.015288
v -0.100510 1.728502 0.090590
v -0.113654 1.688552 -0.045275
v -0.139882 1.584323 -0.164713
v -0.152168 1.372426 -0.217145
v -0.164234 1.284656 -0.216869
v -0.211811 1.182874 -0.191300
v -0.251410 1.230715 -0.064737
v -0.081454 1.749037 0.038866
v -0.236234 1.217952 0.039706
v -0.139998 1.737914 0.060896
v -0.106218 1.739413 0.048698
v -0.182635 1.194560 0.115501
v -0.084345 1.724511 -0.020280
v -0.144217 1.723535 -0.004529
v -0.112769 1.720811 -0.013008
v -0.114782 1.475487 -0.202380
v -0.243059 1.182454 -0.127289
v -0.255672 1.184457 -0.069893
v -0.249514 1.198586 -0.008466
v -0.148816 1.455599 -0.200533
v -0.161630 1.372184 -0.195260
v -0.181218 1.286041 -0.197928
v -0.232975 1.160514 -0.177907
v -0.220444 1.210223 -0.161026
v -0.237967 1.205672 -0.120748
v -0.252246 1.202976 -0.063304
v -0.150189 1.372305 -0.202263
v -0.162189 1.284726 -0.201512
v -0.202975 1.198638 -0.163980
v -0.227163 1.191515 -0.119706
v -0.247249 1.192650 -0.061935
v 0.093104 1.686623 -0.054672
v 0.086184 1.747091 0.009909
v 0.066356 1.735036 0.086303
v 0.125247 1.449822 -0.222090
v 0.130132 1.278272 -0.253423
v 0.116411 1.574859 -0.184664
v 0.128115 1.372897 -0.241149
v 0.135829 1.166313 -0.255784
v 0.121408 1.451421 -0.213169
v 0.142982 1.732356 0.040653
v 0.146467 1.708594 -0.039560
v 0.163342 1.585251 -0.160820
v 0.174456 1.452176 -0.166230
v 0.187382 1.371674 -0.175446
v 0.209820 1.285079 -0.162790
v 0.234082 1.231540 -0.124103
v 0.253520 1.229762 -0.004570
v 0.213173 1.206109 0.084646
v 0.087544 1.172879 0.179765
v 0.118037 1.712744 0.112420
v 0.068597 1.703492 0.135099
v 0.152107 1.183023 0.146432
v 0.062631 1.442060 -0.245314
v 0.079456 1.259023 -0.277741
v 0.077598 1.375531 -0.264141
v 0.067805 1.153299 -0.276407
v 0.044414 1.169485 0.181215
v 0.034895 1.731727 0.089898
v 0.035564 1.706183 0.143174
v 0.111669 1.727012 0.027759
v 0.096671 1.725618 0.107851
v 0.119029 1.698999 -0.048693
v 0.136794 1.577303 -0.164061
v 0.152161 1.372421 -0.218420
v 0.164232 1.284654 -0.216866
v 0.211809 1.182873 -0.191298
v 0.100402 1.703994 0.125050
v 0.251246 1.230608 -0.064301
v 0.082509 1.741844 0.050995
v 0.236233 1.217961 0.039877
v 0.138634 1.729691 0.083299
v 0.109622 1.737735 0.065714
v 0.182635 1.194560 0.115501
v 0.084341 1.723634 -0.019742
v 0.142096 1.726616 0.000659
v 0.112663 1.724739 -0.011486
v 0.120349 1.455864 -0.199953
v 0.243059 1.182454 -0.127289
v 0.255626 1.184428 -0.069767
v 0.249514 1.198586 -0.008466
v 0.150063 1.453324 -0.198694
v 0.161609 1.372168 -0.196465
v 0.181214 1.286038 -0.197923
v 0.232974 1.160514 -0.177906
v 0.220419 1.210205 -0.160986
v 0.237904 1.205629 -0.120626
v 0.252171 1.202928 -0.063088
v 0.150181 1.372299 -0.203535
v 0.162189 1.284726 -0.201512
v 0.202968 1.198633 -0.163967
v 0.227131 1.191493 -0.119640
v 0.247193 1.192615 -0.061768
v 0.000000 1.701129 0.146882
v -0.070702 1.699166 0.136021
v -0.127543 1.713684 0.094338
v 0.118511 1.706956 0.111332
v 0.098949 1.699711 0.125177
v 0.035477 1.700895 0.145546
v -0.238163 1.172013 -0.117318
v -0.000000 1.087942 -0.278151
v -0.136330 1.111250 -0.241314
v -0.066681 1.095091 -0.271494
v -0.212443 1.142970 -0.177288
v 0.238163 1.172013 -0.117318
v 0.136330 1.111249 -0.241314
v 0.066681 1.095092 -0.268159
v 0.212443 1.142971 -0.177288
v -0.000000 1.116283 -0.298781
v 0.137398 1.139072 -0.261438
v 0.067888 1.123044 -0.285432
v -0.137398 1.139072 -0.261438
v -0.067888 1.123044 -0.290531
v -0.118877 1.468162 -0.220880
v -0.000033 1.345221 -0.272454
v -0.072180 1.396051 -0.258610
v 0.087713 1.355741 -0.272039
v -0.124341 1.401328 -0.231136
v 0.001923 1.363486 -0.261836
v -0.065818 1.377855 -0.251622
v 0.075626 1.368514 -0.257877
v -0.115761 1.424649 -0.219550
v -0.127223 1.452169 -0.206135
v -0.000088 1.317971 -0.279001
v -0.000203 1.348925 -0.283011
v -0.091153 1.363092 -0.289036
v -0.000370 1.351113 -0.298109
v 0.092444 1.361407 -0.290984
v -0.000027 1.233753 -0.296618
v -0.132455 1.216374 -0.246959
v 0.132409 1.218997 -0.241682
v 0.131645 1.234020 -0.254050
v 0.133371 1.200088 -0.254765
v -0.131906 1.229733 -0.254158
v -0.133411 1.200153 -0.254782
v -0.107726 1.744884 0.012099
v -0.119408 1.742547 0.014669
v 0.105329 1.736493 0.022713
v 0.119928 1.736173 0.027137
v 0.130544 1.579422 -0.177195
v 0.147682 1.581550 -0.169338
v -0.064756 1.445402 -0.229190
v -0.001378 1.151122 0.191213
v 0.001449 1.139828 0.187265
v 0.018814 1.149124 0.183655
v -0.007159 1.164409 0.187612
v -0.007100 1.174096 0.178440
v 0.013065 1.173174 0.178459
v 0.014497 1.161953 0.187618
v 0.007937 1.181758 0.194990
v 0.013734 1.199627 0.188598
v 0.028293 1.191605 0.185896
v 0.022496 1.173736 0.192288
v 0.029554 1.170266 0.203398
v 0.046126 1.181428 0.200487
v 0.043954 1.182744 0.192208
v 0.027382 1.171582 0.195119
v 0.041262 1.153132 0.203839
v 0.056583 1.163335 0.198394
v 0.043750 1.172343 0.191378
v 0.028429 1.162140 0.196822
v 0.043518 1.141492 0.201174
v 0.057796 1.152180 0.195148
v 0.043518 1.162871 0.189124
v 0.029239 1.152182 0.195149
v 0.043758 1.132024 0.198920
v 0.056582 1.141027 0.191899
v 0.041254 1.151226 0.186458
v 0.028430 1.142223 0.193479
v 0.043965 1.121625 0.198086
v 0.046104 1.122911 0.189812
v 0.029542 1.134090 0.186902
v 0.027404 1.132804 0.195177
v 0.028293 1.112757 0.204401
v 0.013715 1.104737 0.201708
v 0.007936 1.122604 0.195307
v 0.022515 1.130625 0.198000
v 0.013064 1.131194 0.211839
v -0.007102 1.130299 0.211857
v -0.007158 1.139948 0.202685
v 0.018814 1.155254 0.206638
v 0.001451 1.164546 0.203022
v -0.001378 1.153224 0.199088
v 0.014497 1.142388 0.202685
v 0.027254 1.167707 0.197966
v 0.009693 1.173460 0.193479
v 0.007030 1.155550 0.194393
v 0.024591 1.149796 0.198880
v 0.035068 1.171502 0.191446
v 0.017975 1.176984 0.186569
v 0.014714 1.158433 0.188464
v 0.031807 1.152951 0.193341
v 0.042129 1.175278 0.186027
v 0.028531 1.178210 0.179542
v 0.027727 1.158885 0.182539
v 0.041324 1.155952 0.189024
v 0.053350 1.177324 0.182987
v 0.057063 1.172842 0.176298
v 0.050862 1.154458 0.181751
v 0.047149 1.158940 0.188440
v 0.067147 1.164451 0.195049
v 0.081425 1.152174 0.195156
v 0.067147 1.139912 0.195248
v 0.052868 1.152188 0.195142
v 0.050854 1.149901 0.208550
v 0.057025 1.131507 0.214006
v 0.053358 1.127043 0.207308
v 0.047187 1.145436 0.201852
v 0.027714 1.145470 0.207759
v 0.028527 1.126147 0.210751
v 0.042142 1.129093 0.204270
v 0.041328 1.148416 0.201279
v 0.014710 1.145928 0.201832
v 0.017974 1.127378 0.203727
v 0.035072 1.132861 0.198853
v 0.031808 1.151412 0.196958
v 0.007030 1.148812 0.195904
v 0.009692 1.130903 0.196817
v 0.027254 1.136656 0.192331
v 0.024593 1.154565 0.191419
v 0.040653 0.897875 0.239572
v 0.030828 0.957948 0.219849
v 0.029436 1.018022 0.217764
v 0.019610 1.078096 0.201798
v 0.022423 1.138169 0.195339
v 0.056793 0.901026 0.238126
v 0.046968 0.961100 0.218403
v 0.045576 1.021173 0.216318
v 0.035750 1.081247 0.200352
v 0.038564 1.141320 0.193893
v 0.041096 0.899239 0.246817
v 0.031270 0.959313 0.227093
v 0.029878 1.019386 0.225009
v 0.020053 1.079460 0.209043
v 0.022866 1.139533 0.202584
v 0.057236 0.902390 0.245371
v 0.047410 0.962464 0.225648
v 0.046018 1.022537 0.223563
v 0.036193 1.082611 0.207597
v 0.039006 1.142684 0.201138
v -0.000267 0.927179 0.220212
v 0.009097 0.980160 0.219849
v 0.010830 1.033141 0.211679
v 0.010861 1.086123 0.198128
v 0.020225 1.139104 0.195339
v -0.016431 0.929813 0.218767
v -0.007066 0.982794 0.218403
v -0.005334 1.035775 0.210233
v -0.005303 1.088757 0.196683
v 0.004062 1.141738 0.193893
v -0.000720 0.928376 0.227457
v 0.008644 0.981357 0.227093
v 0.010377 1.034339 0.218923
v 0.010408 1.087320 0.205373
v 0.019772 1.140301 0.202584
v -0.016884 0.931010 0.226012
v -0.007519 0.983991 0.225648
v -0.005787 1.036973 0.217478
v -0.005756 1.089954 0.203927
v 0.003609 1.142935 0.201138
v -0.209705 -0.010862 0.090215
v -0.192932 0.381072 0.182166
v -0.280811 0.379406 0.140855
v -0.321834 0.381970 0.054345
v -0.297972 0.368209 -0.040262
v -0.243912 0.358235 -0.098466
v -0.169978 0.347068 -0.075899
v -0.099424 0.348693 -0.001601
v -0.104939 0.360074 0.109964
v -0.194766 0.085888 0.154024
v -0.262007 0.090389 0.138957
v -0.309416 0.100610 0.043938
v -0.258392 0.163805 -0.072361
v -0.211399 0.151129 -0.067098
v -0.154076 0.087135 0.005879
v -0.152072 0.069282 0.125368
v -0.196846 0.219868 0.186616
v -0.278059 0.220195 0.140288
v -0.323177 0.229697 0.060947
v -0.309334 0.223745 -0.030931
v -0.263637 0.224011 -0.083525
v -0.192728 0.220181 -0.059907
v -0.132433 0.207552 -0.006244
v -0.129279 0.216992 0.117688
v -0.189992 0.174278 0.195773
v -0.320960 0.151981 0.066514
v -0.315366 0.187610 -0.035124
v -0.260584 0.197240 -0.079716
v -0.190755 0.188026 -0.068182
v -0.198475 0.007096 0.158056
v -0.273511 0.003060 0.143529
v -0.305819 0.000802 0.036749
v -0.231904 -0.011596 0.013565
v -0.165845 -0.000847 -0.001321
v -0.157458 0.000957 0.119618
v -0.349657 0.044780 -0.137488
v -0.332996 0.054609 -0.199926
v -0.292313 0.057230 -0.232944
v -0.229832 0.055991 -0.232865
v -0.199204 0.031906 -0.183053
v -0.194417 -0.001364 -0.176452
v -0.226424 0.004911 -0.223744
v -0.291947 0.002272 -0.226250
v -0.335109 0.002717 -0.193324
v -0.351244 -0.002348 -0.125312
v -0.309235 0.101227 -0.113736
v -0.344740 0.056313 -0.094814
v -0.270939 0.109996 -0.122838
v -0.186396 0.073856 -0.135333
v -0.189959 -0.013395 -0.122022
v -0.203828 -0.013286 -0.120099
v -0.259136 -0.013117 -0.104474
v -0.311621 -0.013025 -0.094726
v -0.343734 -0.001640 -0.075522
v -0.276140 -0.011467 0.025613
v -0.254227 -0.010654 0.108174
v -0.204455 -0.010485 0.147212
v -0.173896 -0.010878 0.087031
v -0.191959 -0.011667 0.006103
v -0.228491 -0.014026 -0.173506
v -0.278010 -0.014055 -0.159631
v -0.319753 -0.013668 -0.141878
v -0.290598 0.144778 -0.052199
v -0.219664 0.103916 -0.133919
v -0.199958 -0.010293 0.156973
v -0.271436 -0.010591 0.143159
v -0.303031 -0.011373 0.034119
v -0.167403 -0.011672 0.004352
v -0.159879 -0.010902 0.113813
v -0.198798 -0.014027 -0.175289
v -0.227181 -0.008352 -0.217358
v -0.290601 -0.008473 -0.221158
v -0.332481 -0.008046 -0.187446
v -0.347132 -0.013488 -0.127192
v -0.186584 -0.000742 -0.123164
v -0.341044 -0.012908 -0.077517
v -0.195475 -0.004829 0.165755
v -0.194141 0.002922 0.166209
v -0.273422 -0.007895 0.150866
v -0.274165 -0.000414 0.151032
v -0.307953 -0.008011 0.039602
v -0.308952 -0.001340 0.040566
v -0.159654 -0.009760 0.006794
v -0.160641 -0.003003 0.001115
v -0.151445 -0.010070 0.119844
v -0.150581 -0.002508 0.119699
v -0.193217 -0.010123 -0.180631
v -0.191638 -0.003432 -0.180989
v -0.225936 -0.003731 -0.226219
v -0.225659 0.002899 -0.228397
v -0.294318 -0.005879 -0.229830
v -0.294799 0.000563 -0.231570
v -0.339425 -0.005811 -0.194762
v -0.340367 0.000810 -0.196781
v -0.356016 -0.011180 -0.129131
v -0.357492 -0.004432 -0.128439
v -0.182315 -0.003015 -0.125476
v -0.183533 -0.009884 -0.125121
v -0.348727 -0.010455 -0.077367
v -0.349692 -0.003730 -0.076632
v -0.323796 0.075934 -0.015823
v -0.262027 0.123900 -0.080522
v -0.211708 0.110862 -0.081205
v -0.178532 0.060296 -0.058232
v -0.177126 -0.000794 -0.062178
v -0.206691 -0.012426 -0.049317
v -0.295764 -0.012250 -0.031276
v -0.320827 -0.012101 -0.018833
v -0.247575 -0.012353 -0.041586
v -0.299104 0.106762 -0.063381
v -0.178383 -0.012493 -0.055904
v -0.323566 -0.000419 -0.016520
v -0.171295 -0.009822 -0.056232
v -0.172390 -0.003009 -0.062116
v -0.328112 -0.002535 -0.015167
v -0.327130 -0.009233 -0.016016
v -0.267906 0.029440 0.149115
v -0.197342 0.033935 0.164759
v -0.308279 0.022505 0.042134
v -0.339173 0.028851 -0.203622
v -0.358329 0.020813 -0.131925
v -0.296251 0.029561 -0.238498
v -0.227533 0.030018 -0.237003
v -0.192211 0.009572 -0.186141
v -0.146809 0.026594 0.123246
v -0.153876 0.018265 0.004042
v -0.182670 0.011290 -0.123699
v -0.345332 0.011810 -0.074447
v -0.173680 0.013699 -0.054440
v -0.226218 0.063220 -0.178345
v -0.280799 0.073983 -0.171209
v -0.285350 0.314966 0.163707
v -0.200483 0.307975 0.200793
v -0.322765 0.316226 0.065044
v -0.296308 0.296211 -0.035334
v -0.250808 0.282260 -0.095870
v -0.181267 0.281787 -0.074785
v -0.107496 0.293461 -0.026153
v -0.110681 0.286057 0.143719
v -0.205900 0.357900 0.028310
v -0.225210 0.076362 -0.169940
v -0.279664 0.091798 -0.164742
v -0.317066 0.060712 -0.146976
v -0.346882 0.046040 -0.108752
v -0.313667 0.078304 -0.139137
v -0.276853 0.094975 -0.154315
v -0.222898 0.094884 -0.162007
v -0.193386 0.049250 -0.156731
v -0.224433 0.069792 -0.163457
v -0.278555 0.074698 -0.158419
v -0.314850 0.062667 -0.134674
v -0.277683 0.079235 -0.153445
v -0.314258 0.074446 -0.133956
v -0.324008 0.147322 0.052945
v -0.294864 0.165114 -0.036308
v -0.258599 0.170909 -0.075455
v -0.202766 0.156275 -0.066614
v -0.296267 0.158070 -0.055757
v -0.257831 0.187743 -0.072052
v -0.200566 0.171202 -0.059261
v -0.130005 0.114581 0.019830
v -0.290889 0.161598 -0.036228
v -0.257257 0.174555 -0.066111
v -0.206160 0.161401 -0.058605
v -0.291395 0.156342 -0.038846
v -0.256964 0.179856 -0.063471
v -0.209023 0.163649 -0.047327
v -0.296147 0.135622 -0.061214
v -0.257924 0.157516 -0.081734
v -0.205726 0.140388 -0.077775
v -0.309442 0.085997 0.010432
v -0.161518 0.055476 -0.028698
v -0.297762 0.117665 -0.061672
v -0.260061 0.144905 -0.092204
v -0.208862 0.122511 -0.078378
v -0.315577 0.082585 -0.010218
v -0.168678 0.056799 -0.048412
v -0.296552 0.121308 -0.042029
v -0.258461 0.150033 -0.074327
v -0.206514 0.133423 -0.070995
v -0.310983 0.064401 0.025507
v -0.163316 0.050781 -0.023612
v -0.297357 0.116019 -0.048413
v -0.259524 0.143756 -0.079537
v -0.208075 0.120844 -0.065083
v -0.314036 0.064494 0.015229
v -0.166879 0.042937 -0.023199
v -0.202606 0.290461 0.183144
v -0.279065 0.291713 0.139357
v -0.297522 0.274814 -0.025087
v -0.254510 0.257680 -0.075478
v -0.180798 0.262732 -0.055674
v -0.128561 0.258251 -0.029894
v -0.268560 0.106476 -0.110087
v -0.306122 0.095282 -0.098268
v -0.217142 0.098580 -0.117211
v -0.338090 0.063536 -0.069734
v -0.183920 0.060278 -0.111061
v -0.264093 0.116385 -0.093273
v -0.302216 0.101672 -0.078849
v -0.214230 0.105163 -0.097913
v -0.330301 0.015269 -0.004495
v -0.330446 0.061970 -0.040903
v -0.181008 0.068758 -0.082504
v -0.265830 0.119669 -0.106549
v -0.306670 0.106715 -0.093428
v -0.213261 0.110110 -0.112431
v -0.342216 0.071965 -0.060188
v -0.172294 0.068693 -0.101652
v -0.202843 0.100569 0.157363
v -0.264275 0.076483 0.139531
v -0.317061 0.086595 0.040359
v -0.142203 0.074173 0.000835
v -0.167686 0.084039 0.126286
v -0.199516 0.094123 0.168682
v -0.267963 0.082909 0.150953
v -0.321362 0.091980 0.048122
v -0.145450 0.078694 0.003701
v -0.158152 0.075151 0.135588
v -0.272886 0.104643 0.155421
v -0.205742 0.131745 0.185964
v -0.164500 0.114922 0.138730
v -0.320871 0.104231 0.057602
v -0.140699 0.082965 0.013214
v -0.264957 0.116710 0.153364
v -0.200572 0.121666 0.189248
v -0.156022 0.101822 0.139058
v -0.313189 0.115286 0.064319
v -0.131177 0.110133 0.030337
v -0.268874 0.378975 0.120074
v -0.195835 0.388421 0.154409
v -0.123801 0.370335 0.090076
v -0.118117 0.357046 0.001674
v -0.176757 0.359581 -0.060078
v -0.238206 0.371752 -0.078834
v -0.283137 0.380039 -0.030459
v -0.302970 0.390041 0.048173
v -0.268995 0.364817 0.126301
v -0.195956 0.375298 0.160635
v -0.123922 0.358941 0.096302
v -0.118238 0.339074 0.007900
v -0.176878 0.341505 -0.053852
v -0.238327 0.342924 -0.072607
v -0.283258 0.356230 -0.024233
v -0.303091 0.366232 0.054399
v -0.252041 0.272877 -0.088067
v -0.296103 0.287172 -0.032357
v -0.320957 0.302515 0.063429
v -0.282113 0.306557 0.151930
v -0.201842 0.299665 0.191250
v -0.133205 0.286517 0.138838
v -0.119491 0.286783 -0.028984
v -0.181749 0.274372 -0.067764
v -0.321829 0.238298 0.061023
v -0.267655 0.279872 -0.068326
v -0.296916 0.276724 -0.028192
v -0.321541 0.245228 0.061273
v -0.277608 0.232595 0.138445
v -0.194932 0.204245 0.189462
v -0.131152 0.177894 0.139610
v -0.135256 0.166548 0.145311
v -0.175060 0.138012 -0.030672
v -0.188389 0.146994 -0.036780
v -0.257962 0.248906 -0.077491
v -0.303311 0.269243 -0.003476
v -0.320907 0.289867 0.062698
v -0.127491 0.148815 0.016475
v -0.144827 0.147364 -0.000702
v -0.196955 0.213554 -0.062463
v -0.219817 0.224194 -0.072194
v -0.260114 0.242164 -0.078746
v -0.300056 0.268415 -0.026341
v -0.303662 0.262359 -0.003332
v -0.308226 0.259384 0.013987
v -0.320852 0.275600 0.061873
v -0.279950 0.301143 0.143637
v -0.130142 0.140564 0.049469
v -0.158119 0.125764 0.139912
v -0.128606 0.133010 0.018453
v -0.276346 0.166742 0.139859
v -0.321663 0.160881 0.069207
v -0.277753 0.185324 0.142168
v -0.220214 0.207817 0.177781
v -0.186540 0.213554 0.177112
v -0.126999 0.263239 0.129116
v -0.123419 0.277335 -0.030924
v -0.128815 0.278043 0.133312
v -0.123948 0.268130 0.104164
v -0.121651 0.275564 0.075195
v -0.129559 0.227871 -0.007681
v -0.178515 0.202763 -0.046986
v -0.262571 0.211324 -0.082961
v -0.305998 0.173570 -0.035825
v -0.319192 0.171150 0.033285
v -0.268163 0.130792 0.149563
v -0.200974 0.144611 0.188939
v -0.200553 0.311769 0.191361
v -0.278933 0.319242 0.156509
v -0.313625 0.316545 0.064001
v -0.287689 0.296604 -0.031249
v -0.248870 0.285949 -0.086544
v -0.186415 0.285792 -0.067166
v -0.117464 0.296858 -0.026324
v -0.118131 0.291390 0.137907
v -0.288815 0.273709 -0.023251
v -0.294100 0.272200 -0.016369
v -0.253929 0.247891 -0.069017
v -0.197736 0.220740 -0.051926
v -0.138388 0.228717 -0.004672
v -0.130995 0.276650 0.075161
v -0.132709 0.279649 -0.031004
v -0.135779 0.290343 0.108106
v -0.186638 0.278238 -0.060177
v -0.247972 0.276020 -0.080168
v -0.311285 0.151037 0.063735
v -0.268960 0.167589 0.133074
v -0.196530 0.204948 0.178744
v -0.143599 0.167953 0.140952
v -0.139876 0.142390 0.048251
v -0.166113 0.128910 0.135278
v -0.202611 0.146332 0.179234
v -0.260863 0.130660 0.142602
v -0.309252 0.171895 0.034719
v -0.307573 0.190836 -0.029577
v -0.261832 0.213368 -0.072798
v -0.222429 0.224300 -0.062357
v -0.259006 0.241545 -0.069397
v -0.292065 0.264826 -0.021585
v -0.294533 0.260355 -0.000942
v -0.312574 0.237305 0.059128
v -0.271606 0.220109 0.133982
v -0.215200 0.208729 0.168681
v -0.271197 0.186194 0.134583
v -0.312226 0.163917 0.065721
v -0.314600 0.143396 0.056047
v -0.282455 0.157182 -0.031308
v -0.254427 0.177329 -0.054265
v -0.203338 0.172837 -0.051106
v -0.138323 0.143642 -0.006746
v -0.201771 0.214066 -0.054267
v -0.257955 0.199187 -0.070305
v -0.298553 0.176524 -0.030178
v -0.314019 0.144363 0.051698
v -0.258047 0.116463 0.146022
v -0.206167 0.133223 0.176065
v -0.172415 0.118051 0.133944
v -0.138199 0.134188 0.021185
v -0.182015 0.138973 -0.023546
v -0.211420 0.157414 -0.050228
v -0.254462 0.171756 -0.057112
v -0.282880 0.151957 -0.034046
v -0.287605 0.287571 -0.028259
v -0.312104 0.302811 0.063360
v -0.275577 0.310477 0.145313
v -0.311631 0.289951 0.060909
v -0.294195 0.267999 -0.001000
v -0.260155 0.281127 -0.062706
v -0.270914 0.232485 0.132918
v -0.312114 0.245106 0.060672
v -0.317181 0.258721 0.011108
v -0.311404 0.275618 0.061843
v -0.273240 0.303551 0.137462
v -0.202160 0.303113 0.182096
v -0.135584 0.281907 0.129047
v -0.198468 0.220326 0.177327
v -0.136705 0.149650 0.020441
v -0.140262 0.178159 0.135291
v -0.192929 0.213515 0.170153
v -0.134505 0.264251 0.125377
v -0.132930 0.268611 0.104142
v -0.140309 0.208367 -0.001132
v -0.171741 0.199073 -0.054560
v 0.209705 -0.010862 0.090215
v 0.190360 0.375743 0.172079
v 0.285578 0.370545 0.135135
v 0.330028 0.371191 0.054345
v 0.304172 0.362186 -0.040263
v 0.245597 0.353754 -0.098466
v 0.165489 0.347230 -0.075900
v 0.089042 0.336227 -0.001601
v 0.116324 0.340206 0.109939
v 0.194766 0.085888 0.154024
v 0.262007 0.090389 0.138957
v 0.309416 0.098496 0.043938
v 0.258392 0.142136 -0.072361
v 0.211399 0.129460 -0.067099
v 0.154076 0.087134 0.005879
v 0.152072 0.069282 0.125368
v 0.194783 0.216576 0.197772
v 0.280214 0.217799 0.136725
v 0.328287 0.205789 0.063166
v 0.314393 0.199046 -0.034453
v 0.264639 0.200806 -0.087139
v 0.189891 0.202047 -0.065895
v 0.144257 0.203371 -0.031303
v 0.141075 0.213314 0.124231
v 0.194600 0.174265 0.195796
v 0.320960 0.141586 0.066514
v 0.315544 0.165762 -0.035248
v 0.260584 0.175571 -0.079716
v 0.190434 0.165768 -0.068835
v 0.198475 0.007096 0.158056
v 0.273511 0.003060 0.143529
v 0.305819 0.000802 0.036749
v 0.231904 -0.011597 0.013564
v 0.165845 -0.000847 -0.001321
v 0.157458 0.000957 0.119618
v 0.349657 0.044780 -0.137488
v 0.332997 0.054609 -0.199926
v 0.292313 0.057230 -0.232944
v 0.229832 0.055991 -0.232865
v 0.199204 0.031906 -0.183053
v 0.194417 -0.001364 -0.176452
v 0.226424 0.004911 -0.223744
v 0.291947 0.002272 -0.226250
v 0.335109 0.002717 -0.193324
v 0.351244 -0.002348 -0.125312
v 0.309235 0.079557 -0.113736
v 0.344740 0.052205 -0.094814
v 0.270939 0.088327 -0.122838
v 0.186396 0.052186 -0.135333
v 0.189959 -0.013395 -0.122022
v 0.203828 -0.013286 -0.120099
v 0.259136 -0.013117 -0.104474
v 0.311621 -0.013026 -0.094726
v 0.343734 -0.001640 -0.075522
v 0.276140 -0.011467 0.025613
v 0.254227 -0.010654 0.108174
v 0.204455 -0.010485 0.147212
v 0.173896 -0.010878 0.087031
v 0.191959 -0.011667 0.006103
v 0.228491 -0.014026 -0.173506
v 0.278010 -0.014055 -0.159632
v 0.319753 -0.013668 -0.141878
v 0.290598 0.123109 -0.052199
v 0.219664 0.082247 -0.133919
v 0.199958 -0.010293 0.156973
v 0.271436 -0.010591 0.143159
v 0.303031 -0.011373 0.034119
v 0.167403 -0.011672 0.004352
v 0.159879 -0.010902 0.113813
v 0.198798 -0.014028 -0.175289
v 0.227181 -0.008352 -0.217358
v 0.290601 -0.008473 -0.221158
v 0.332481 -0.008046 -0.187446
v 0.347132 -0.013488 -0.127192
v 0.186584 -0.000742 -0.123164
v 0.341044 -0.012909 -0.077517
v 0.195475 -0.004830 0.165755
v 0.194141 0.002922 0.166209
v 0.273422 -0.007895 0.150866
v 0.274165 -0.000415 0.151032
v 0.307953 -0.008011 0.039602
v 0.308952 -0.001341 0.040566
v 0.159654 -0.009760 0.006794
v 0.160641 -0.003004 0.001114
v 0.151445 -0.010070 0.119844
v 0.150581 -0.002508 0.119699
v 0.193217 -0.010123 -0.180631
v 0.191638 -0.003433 -0.180989
v 0.225936 -0.003732 -0.226219
v 0.225659 0.002898 -0.228397
v 0.294318 -0.005879 -0.229830
v 0.294799 0.000563 -0.231570
v 0.339425 -0.005811 -0.194762
v 0.340367 0.000809 -0.196781
v 0.356016 -0.011181 -0.129131
v 0.357492 -0.004432 -0.128439
v 0.182315 -0.003016 -0.125476
v 0.183533 -0.009884 -0.125121
v 0.348727 -0.010455 -0.077367
v 0.349692 -0.003731 -0.076632
v 0.323796 0.054265 -0.015823
v 0.262027 0.102231 -0.080522
v 0.211708 0.089192 -0.081205
v 0.178532 0.049816 -0.058232
v 0.177126 -0.000794 -0.062178
v 0.206691 -0.012426 -0.049317
v 0.295764 -0.012250 -0.031276
v 0.320827 -0.012101 -0.018833
v 0.247575 -0.012353 -0.041587
v 0.299104 0.085092 -0.063381
v 0.178383 -0.012493 -0.055904
v 0.323567 -0.000419 -0.016520
v 0.171295 -0.009822 -0.056232
v 0.172390 -0.003010 -0.062116
v 0.328112 -0.002536 -0.015167
v 0.327130 -0.009233 -0.016016
v 0.267906 0.029440 0.149115
v 0.197342 0.033934 0.164759
v 0.308279 0.022505 0.042134
v 0.339173 0.028851 -0.203622
v 0.358329 0.020813 -0.131926
v 0.296251 0.029561 -0.238499
v 0.227533 0.030017 -0.237003
v 0.192211 0.009572 -0.186141
v 0.146809 0.026593 0.123246
v 0.153876 0.018265 0.004042
v 0.182670 0.011290 -0.123699
v 0.345332 0.011809 -0.074447
v 0.173680 0.013698 -0.054440
v 0.226218 0.055282 -0.178345
v 0.280799 0.061845 -0.171209
v 0.290760 0.333278 0.154305
v 0.197089 0.362197 0.197762
v 0.331875 0.320565 0.066773
v 0.302946 0.303257 -0.038503
v 0.252170 0.288387 -0.102843
v 0.176980 0.295651 -0.079538
v 0.097268 0.293192 -0.008525
v 0.121068 0.295574 0.136477
v 0.204410 0.329776 0.028310
v 0.225210 0.061198 -0.169940
v 0.279664 0.072383 -0.164742
v 0.317066 0.059870 -0.146977
v 0.346882 0.046040 -0.108752
v 0.313667 0.070317 -0.139137
v 0.222898 0.073215 -0.162007
v 0.193386 0.040427 -0.156732
v 0.224433 0.056917 -0.163457
v 0.278555 0.059921 -0.158419
v 0.314850 0.058502 -0.134674
v 0.277683 0.062446 -0.153445
v 0.314258 0.065779 -0.133956
v 0.276853 0.073436 -0.154315
v 0.324008 0.125652 0.052945
v 0.294864 0.143444 -0.036308
v 0.258599 0.149240 -0.075455
v 0.202766 0.134606 -0.066614
v 0.296267 0.136400 -0.055757
v 0.257831 0.166074 -0.072053
v 0.200566 0.149533 -0.059261
v 0.130005 0.114581 0.019830
v 0.290889 0.139929 -0.036228
v 0.257257 0.152886 -0.066111
v 0.206160 0.139731 -0.058605
v 0.291395 0.134673 -0.038846
v 0.256964 0.158186 -0.063472
v 0.209023 0.146852 -0.047327
v 0.296147 0.113953 -0.061214
v 0.257924 0.135847 -0.081734
v 0.205726 0.118718 -0.077775
v 0.309442 0.064328 0.010432
v 0.161518 0.055475 -0.028699
v 0.297762 0.095996 -0.061672
v 0.260061 0.123235 -0.092204
v 0.208863 0.100841 -0.078378
v 0.315577 0.060916 -0.010219
v 0.168678 0.053969 -0.048412
v 0.296553 0.099639 -0.042030
v 0.258461 0.128363 -0.074327
v 0.206514 0.111753 -0.070996
v 0.310983 0.052061 0.025507
v 0.163316 0.050781 -0.023612
v 0.297357 0.094349 -0.048414
v 0.259524 0.122087 -0.079538
v 0.208075 0.099174 -0.065083
v 0.314036 0.050362 0.015229
v 0.166879 0.042937 -0.023199
v 0.199490 0.307186 0.184034
v 0.284427 0.293141 0.137281
v 0.301781 0.259170 -0.028213
v 0.255857 0.255544 -0.082017
v 0.177077 0.260168 -0.060889
v 0.124362 0.248920 -0.017771
v 0.268560 0.084806 -0.110087
v 0.306122 0.073612 -0.098268
v 0.217142 0.076911 -0.117211
v 0.338090 0.045327 -0.069735
v 0.183920 0.043879 -0.111061
v 0.264093 0.094716 -0.093273
v 0.302216 0.080002 -0.078849
v 0.214230 0.083493 -0.097913
v 0.330301 0.015269 -0.004495
v 0.330446 0.050107 -0.040903
v 0.181008 0.047088 -0.082504
v 0.265830 0.098000 -0.106549
v 0.306670 0.085046 -0.093428
v 0.213261 0.088441 -0.112431
v 0.342216 0.050296 -0.060188
v 0.172294 0.047024 -0.101652
v 0.202843 0.100569 0.157363
v 0.264275 0.076483 0.139531
v 0.317062 0.085272 0.040359
v 0.142203 0.074173 0.000835
v 0.167686 0.084039 0.126286
v 0.199516 0.094123 0.168682
v 0.267963 0.082909 0.150953
v 0.321362 0.091553 0.048122
v 0.145450 0.078693 0.003701
v 0.158152 0.075150 0.135588
v 0.272886 0.104643 0.155421
v 0.207003 0.131745 0.185963
v 0.169321 0.114922 0.138730
v 0.320871 0.099644 0.057602
v 0.140699 0.082965 0.013214
v 0.264957 0.116710 0.153364
v 0.201138 0.121666 0.189248
v 0.157860 0.101822 0.139058
v 0.313189 0.107285 0.064319
v 0.131177 0.110133 0.030337
v 0.272644 0.376058 0.116707
v 0.193505 0.375717 0.144322
v 0.130616 0.353926 0.091855
v 0.109296 0.349599 0.001674
v 0.172834 0.359743 -0.060078
v 0.239415 0.365807 -0.078834
v 0.288098 0.373459 -0.030459
v 0.309588 0.378822 0.048173
v 0.272775 0.352249 0.119317
v 0.193637 0.357444 0.150548
v 0.141790 0.319804 0.095240
v 0.111568 0.315296 0.007900
v 0.172965 0.335934 -0.053852
v 0.239546 0.343834 -0.072607
v 0.288229 0.341045 -0.024233
v 0.309719 0.350926 0.054399
v 0.253370 0.276704 -0.095459
v 0.302018 0.289186 -0.035976
v 0.329716 0.304799 0.065899
v 0.288737 0.317526 0.147632
v 0.197607 0.346601 0.192689
v 0.124056 0.286400 0.137914
v 0.101756 0.286371 -0.007959
v 0.177078 0.284679 -0.073780
v 0.327734 0.230135 0.063410
v 0.270207 0.280174 -0.074381
v 0.301459 0.271075 -0.031529
v 0.327427 0.243654 0.063738
v 0.280518 0.230164 0.136308
v 0.194875 0.201269 0.197263
v 0.150083 0.177894 0.139610
v 0.154188 0.166548 0.145311
v 0.175060 0.136899 -0.030672
v 0.259542 0.232869 -0.084166
v 0.307976 0.264090 -0.005139
v 0.327996 0.291284 0.065086
v 0.127491 0.148815 0.016475
v 0.144827 0.147363 -0.000702
v 0.194705 0.188599 -0.067526
v 0.219528 0.201562 -0.074014
v 0.261840 0.218543 -0.085506
v 0.304487 0.246457 -0.029552
v 0.308338 0.252045 -0.004985
v 0.313210 0.258510 0.013507
v 0.326794 0.276082 0.064385
v 0.286409 0.303905 0.141851
v 0.130417 0.140564 0.049469
v 0.166805 0.125763 0.139912
v 0.128607 0.133010 0.018453
v 0.276346 0.166742 0.138496
v 0.321663 0.158242 0.069207
v 0.277753 0.185324 0.137782
v 0.220207 0.206349 0.179620
v 0.129900 0.267606 0.112775
v 0.186405 0.209834 0.187680
v 0.134887 0.247759 0.136612
v 0.109867 0.270628 -0.007924
v 0.133835 0.262360 0.141600
v 0.134170 0.246076 0.109906
v 0.155889 0.304754 0.159136
v 0.126297 0.277862 0.139728
v 0.132931 0.253866 0.078860
v 0.140708 0.222235 -0.030636
v 0.179014 0.190910 -0.051126
v 0.262779 0.189230 -0.083734
v 0.305998 0.151900 -0.035825
v 0.319192 0.149480 0.033285
v 0.268163 0.130791 0.149563
v 0.203796 0.144611 0.188938
v 0.197165 0.362363 0.187972
v 0.283774 0.335073 0.147071
v 0.321874 0.320542 0.065212
v 0.293684 0.303017 -0.034189
v 0.250377 0.291250 -0.093832
v 0.182355 0.297458 -0.071542
v 0.107545 0.292172 -0.005194
v 0.131755 0.295026 0.128149
v 0.292565 0.256390 -0.025983
v 0.298128 0.258133 -0.018904
v 0.255236 0.231904 -0.075118
v 0.195237 0.202619 -0.057448
v 0.149339 0.223335 -0.026769
v 0.142407 0.256003 0.078823
v 0.119746 0.271960 -0.007993
v 0.140116 0.270553 0.110791
v 0.134802 0.279880 0.131453
v 0.161632 0.305771 0.148903
v 0.134226 0.287631 0.130016
v 0.111538 0.286645 -0.003741
v 0.182233 0.286822 -0.065679
v 0.249094 0.279039 -0.087024
v 0.311285 0.142095 0.063735
v 0.268960 0.167589 0.131757
v 0.197240 0.201511 0.187224
v 0.162530 0.167952 0.140952
v 0.140189 0.142390 0.048251
v 0.175028 0.128910 0.135278
v 0.206466 0.146332 0.179234
v 0.260864 0.130660 0.142602
v 0.309253 0.150225 0.034719
v 0.307953 0.168762 -0.029841
v 0.262161 0.191031 -0.073935
v 0.222149 0.201516 -0.064273
v 0.260656 0.217863 -0.075524
v 0.295955 0.244997 -0.024473
v 0.298590 0.251563 -0.002433
v 0.317852 0.230024 0.061229
v 0.273226 0.217989 0.129678
v 0.215794 0.206986 0.171095
v 0.271198 0.186194 0.130285
v 0.312226 0.158823 0.065721
v 0.314600 0.124172 0.056047
v 0.282455 0.137959 -0.031308
v 0.254427 0.155659 -0.054265
v 0.203338 0.153614 -0.051106
v 0.138323 0.143642 -0.006746
v 0.199805 0.189133 -0.058891
v 0.257955 0.177518 -0.070305
v 0.298553 0.154854 -0.030178
v 0.314019 0.125140 0.051698
v 0.258047 0.116463 0.146022
v 0.208260 0.133223 0.176065
v 0.177396 0.118050 0.133944
v 0.138199 0.134188 0.021185
v 0.182015 0.138157 -0.023546
v 0.188389 0.138907 -0.036780
v 0.211420 0.138190 -0.050229
v 0.254462 0.150086 -0.057112
v 0.282880 0.132734 -0.034046
v 0.292898 0.289149 -0.031600
v 0.319669 0.304734 0.065179
v 0.281409 0.319441 0.140721
v 0.318185 0.291293 0.063005
v 0.298251 0.263823 -0.002494
v 0.292771 0.271407 -0.026522
v 0.262237 0.280859 -0.068379
v 0.273077 0.230338 0.129754
v 0.317361 0.243523 0.062871
v 0.322772 0.257864 0.010433
v 0.316753 0.276076 0.064113
v 0.278849 0.305785 0.135258
v 0.197976 0.346828 0.182915
v 0.142651 0.265026 0.136604
v 0.197060 0.217064 0.187614
v 0.136705 0.149650 0.020441
v 0.159193 0.178159 0.135291
v 0.193363 0.209793 0.180141
v 0.143887 0.247808 0.132073
v 0.144235 0.247604 0.109494
v 0.151616 0.204223 -0.024675
v 0.172793 0.188818 -0.058135
v -0.546752 1.208237 0.056590
v -0.529236 1.193509 0.006793
v -0.330741 1.419036 0.141387
v -0.299333 1.365495 0.086045
v -0.440735 1.282363 0.114643
v -0.406978 1.273423 0.085391
v -0.490288 1.221033 0.055910
v -0.516173 1.237719 0.076819
v -0.273066 1.477650 0.139322
v -0.260328 1.410928 0.094474
v -0.405306 1.262691 0.027220
v -0.498768 1.216831 0.007276
v -0.257036 1.530632 0.134197
v -0.252071 1.437313 0.086942
v -0.220477 1.453368 0.026698
v -0.367496 1.324319 0.075615
v -0.380990 1.339016 0.122987
v -0.379988 1.314450 0.045150
v -0.529511 1.193139 0.037378
v -0.391817 1.326015 0.115660
v -0.368406 1.331039 0.101974
v -0.365221 1.369408 0.127740
v -0.294802 1.453220 0.142329
v -0.271231 1.392640 0.099380
v -0.438325 1.240769 0.074642
v -0.467410 1.257012 0.100136
v -0.439639 1.234514 0.020732
v -0.336969 1.341371 0.081868
v -0.382655 1.303024 0.093274
v -0.382501 1.289339 0.038157
v -0.571412 1.177307 0.039880
v -0.587300 1.158427 0.035551
v -0.565283 1.156660 0.000432
v -0.554988 1.174484 0.000836
v -0.569802 1.149630 0.035350
v -0.563687 1.152503 0.016713
v -0.558851 1.173041 0.024084
v -0.353830 1.389594 0.121813
v -0.320348 1.348359 0.086956
v -0.335886 1.379049 0.118495
v -0.404157 1.447247 0.093805
v -0.507360 1.264744 0.085439
v -0.339311 1.547791 0.113726
v -0.545471 1.288748 0.030521
v -0.337174 1.557572 0.043926
v -0.575270 1.223650 0.041765
v -0.581827 1.239426 0.027588
v -0.394410 1.345183 0.129839
v -0.429258 1.390314 0.089012
v -0.364836 1.505186 0.100832
v -0.483843 1.317656 0.083038
v -0.505981 1.332860 0.049356
v -0.422595 1.417688 0.073910
v -0.602740 1.200575 0.003657
v -0.592671 1.196878 0.029490
v -0.610154 1.171451 0.022031
v -0.617154 1.180857 0.000279
v -0.464960 1.303599 0.110540
v -0.532749 1.279347 0.060172
v -0.584138 1.239484 0.012238
v -0.420636 1.332315 0.110841
v -0.408353 1.365678 0.118534
v -0.392288 1.379592 0.114586
v -0.425252 1.404551 0.083135
v -0.451435 1.355107 0.101515
v -0.412114 1.353645 0.114237
v -0.367182 1.401118 0.123188
v -0.385755 1.498896 0.050154
v -0.412889 1.423918 0.087297
v -0.324206 1.580581 0.040490
v -0.317223 1.350910 0.037526
v -0.308888 1.355069 0.039057
v -0.259205 1.399823 0.035205
v -0.238706 1.427281 0.018996
v -0.274812 1.370164 0.036823
v -0.361630 1.328988 0.036735
v -0.322595 1.572444 0.108574
v -0.305988 1.582633 0.118600
v -0.352870 1.534682 0.043830
v -0.310492 1.610131 0.039960
v -0.331791 1.586603 0.065574
v -0.321398 1.613092 0.073225
v -0.368102 1.437275 0.118264
v -0.314999 1.523265 0.130185
v -0.335898 1.492779 0.125513
v -0.384387 1.409591 0.112469
v -0.293349 1.595272 0.125773
v -0.254343 1.544107 0.144484
v -0.386432 1.387244 0.107803
v -0.530405 1.210767 -0.017560
v -0.330617 1.367252 -0.014208
v -0.360782 1.397313 -0.031644
v -0.420557 1.269039 -0.012518
v -0.498949 1.229676 -0.018738
v -0.279081 1.475978 -0.031837
v -0.258711 1.448542 -0.027424
v -0.315389 1.359347 0.014510
v -0.252368 1.417653 0.010798
v -0.254099 1.512883 -0.031167
v -0.222503 1.497620 -0.032139
v -0.315602 1.440359 -0.040998
v -0.278820 1.403891 -0.020325
v -0.274131 1.389609 0.012219
v -0.453599 1.245380 -0.019400
v -0.393531 1.366848 -0.017510
v -0.379026 1.346742 -0.002859
v -0.367748 1.336349 0.021629
v -0.400912 1.295044 -0.001727
v -0.575098 1.174367 -0.041690
v -0.570258 1.165999 -0.023489
v -0.564174 1.188127 -0.028442
v -0.580289 1.196480 -0.034479
v -0.592832 1.173676 -0.041964
v -0.561243 1.236968 -0.027689
v -0.382218 1.428535 -0.025197
v -0.477290 1.357525 -0.000783
v -0.474539 1.367704 0.063104
v -0.548997 1.288923 0.000791
v -0.302128 1.510841 -0.026933
v -0.485293 1.370863 0.018693
v -0.580843 1.239048 -0.013522
v -0.345990 1.471083 -0.036617
v -0.374487 1.497298 0.024927
v -0.507745 1.324486 -0.014217
v -0.405526 1.391877 -0.006581
v -0.466820 1.389719 0.040465
v -0.457511 1.360252 -0.003293
v -0.593256 1.210792 -0.012412
v -0.611954 1.177261 -0.021545
v -0.450236 1.314060 -0.024791
v -0.529875 1.275057 -0.030994
v -0.455323 1.393152 0.036704
v -0.487404 1.303537 -0.030990
v -0.547404 1.285023 -0.016376
v -0.515067 1.339597 0.014855
v -0.372754 1.485180 0.002340
v -0.407161 1.435986 0.009651
v -0.316881 1.525654 -0.006403
v -0.293953 1.522644 -0.021038
v -0.285309 1.583798 -0.021889
v -0.322239 1.594191 0.012885
v -0.252433 1.550668 -0.043553
v -0.329018 1.567603 0.015414
v -0.293170 1.554289 -0.024106
v -0.255677 1.502665 -0.028868
v -0.235713 1.485124 -0.026503
v -0.405304 1.328915 -0.003593
v -0.383088 1.333542 0.031126
v -0.400125 1.439604 -0.009108
v -0.296927 1.517853 -0.023044
v -0.322694 1.516399 -0.018180
v -0.364753 1.479764 -0.021544
v -0.432344 1.390381 0.006243
v -0.408945 1.345980 -0.003523
v -0.443108 1.293470 -0.018302
v -0.436043 1.282542 -0.015553
v -0.514953 1.255602 -0.027952
v -0.537615 1.242680 -0.027108
v -0.527210 1.234631 -0.024499
v -0.505527 1.246821 -0.026165
v -0.480181 1.270762 -0.028944
v -0.471089 1.259513 -0.022585
v -0.423844 1.322869 -0.005081
v -0.415000 1.307869 -0.007142
v -0.444315 1.370035 -0.000289
v -0.413916 1.456964 0.044769
v -0.255553 1.524814 -0.032877
v -0.256476 1.537485 -0.038374
v -0.292337 1.532978 -0.020894
v -0.292159 1.537889 -0.021261
v -0.322256 1.545501 0.007736
v -0.314018 1.530873 -0.000770
v -0.435012 1.407254 0.044702
v -0.414120 1.359708 -0.000363
v -0.658003 1.011354 -0.035517
v -0.658651 1.012752 -0.043691
v -0.653096 1.014128 -0.036335
v -0.653720 1.015128 -0.043976
v -0.637541 1.077201 0.021219
v -0.633566 1.030803 0.020985
v -0.617772 1.107870 0.039160
v -0.638365 1.032925 0.017700
v -0.630807 1.073576 0.036859
v -0.621264 1.080083 0.022863
v -0.618044 1.088301 0.022958
v -0.618291 1.089620 0.035591
v -0.634370 1.044573 0.011916
v -0.628183 1.041531 0.016640
v -0.639084 1.045741 0.020953
v -0.629366 1.082401 0.016440
v -0.638901 1.075816 0.032033
v -0.623288 1.072456 0.032180
v -0.638894 1.046569 0.014964
v -0.599312 1.098405 0.022735
v -0.631094 1.033945 0.016796
v -0.630961 1.097165 0.018233
v -0.626274 1.110627 0.032988
v -0.633839 1.042711 0.025337
v -0.636321 1.036556 0.012689
v -0.628085 1.041383 0.022975
v -0.624003 1.091019 0.015245
v -0.625781 1.095859 0.036748
v -0.632396 1.099254 0.031024
v -0.597074 1.102363 0.037520
v -0.648456 1.090998 -0.064557
v -0.643051 1.121070 -0.039366
v -0.656394 1.036460 -0.061296
v -0.639552 1.088197 -0.050596
v -0.632118 1.095629 -0.044193
v -0.639321 1.103578 -0.037139
v -0.647947 1.045957 -0.067130
v -0.647942 1.045092 -0.058441
v -0.656376 1.049273 -0.066126
v -0.639381 1.089670 -0.060118
v -0.648067 1.087541 -0.046242
v -0.652259 1.049072 -0.069624
v -0.643469 1.116017 -0.024614
v -0.626797 1.092196 -0.026692
v -0.651481 1.037974 -0.060113
v -0.639159 1.106734 -0.060140
v -0.641125 1.121526 -0.052773
v -0.656727 1.048026 -0.056755
v -0.651485 1.038611 -0.067589
v -0.651898 1.046553 -0.054573
v -0.631503 1.098082 -0.056152
v -0.649570 1.112305 -0.042204
v -0.648144 1.113305 -0.054996
v -0.637519 1.097999 -0.032691
v -0.642832 1.116665 -0.033210
v -0.647574 1.082380 -0.036605
v -0.645106 1.117079 -0.004762
v -0.659120 1.070864 -0.021350
v -0.638607 1.074457 -0.021352
v -0.625034 1.089770 -0.013712
v -0.639253 1.099652 -0.007063
v -0.650492 1.023957 -0.043457
v -0.649842 1.022524 -0.034371
v -0.659527 1.027285 -0.041478
v -0.639634 1.077074 -0.034167
v -0.658794 1.073440 -0.031940
v -0.647519 1.068250 -0.016918
v -0.655393 1.027311 -0.045510
v -0.639402 1.113920 0.004563
v -0.623165 1.089286 -0.003972
v -0.645090 1.117936 -0.016789
v -0.659342 1.025090 -0.031895
v -0.653712 1.023813 -0.029930
v -0.649686 1.101438 -0.009679
v -0.649543 1.102440 -0.023734
v -0.640389 1.099184 -0.001704
v -0.640967 1.113976 -0.002570
v -0.576142 1.103114 -0.048811
v -0.583109 1.052129 -0.083196
v -0.601708 1.113841 -0.056404
v -0.569920 1.121705 0.017240
v -0.573536 1.048672 -0.067448
v -0.628210 1.118168 -0.055998
v -0.570226 1.126233 -0.069126
v -0.612175 1.167831 -0.024402
v -0.590558 1.118093 -0.006564
v -0.566029 1.149733 -0.003185
v -0.586519 1.112558 -0.070286
v -0.573881 1.051285 -0.082670
v -0.611874 1.165546 0.020000
v -0.588356 1.123022 -0.070269
v -0.569726 1.065950 -0.063786
v -0.586716 1.064259 -0.061308
v -0.575223 1.129792 0.036284
v -0.568706 1.124249 -0.025937
v -0.586386 1.070933 -0.076812
v -0.564173 1.140255 0.014176
v -0.602544 1.104777 -0.044011
v -0.585871 1.050796 -0.072553
v -0.615105 1.103478 -0.007302
v -0.616545 1.105895 -0.033298
v -0.630532 1.151722 -0.004328
v -0.567431 1.135130 -0.044493
v -0.574339 1.169720 -0.047587
v -0.611666 1.141609 -0.048262
v -0.569200 1.158746 -0.030394
v -0.591762 1.106271 -0.060397
v -0.569699 1.118630 -0.056632
v -0.574805 1.061222 -0.055928
v -0.594247 1.147075 -0.054857
v -0.628928 1.148933 -0.032826
v -0.605358 1.141233 0.035283
v -0.621338 1.148598 0.016392
v -0.596875 1.164950 -0.047164
v -0.635136 1.114626 0.017507
v -0.569939 1.106823 -0.058170
v -0.590506 1.108789 -0.032386
v -0.587125 1.103469 -0.052083
v -0.570331 1.112543 -0.070420
v -0.572569 1.070737 -0.076537
v -0.590806 1.069748 -0.067911
v -0.619767 1.089526 0.006312
v -0.620384 1.172856 -0.000886
v -0.570510 1.144481 -0.055765
v -0.615005 1.110396 -0.051649
v -0.574564 1.111858 -0.043081
v -0.570491 1.144837 0.034652
v -0.637883 1.115632 0.013012
v -0.646945 1.080087 -0.006987
v -0.650584 1.014978 -0.007086
v -0.654051 1.017569 -0.015310
v -0.649092 1.066014 0.010258
v -0.633530 1.071180 0.003690
v -0.645341 1.029618 -0.017074
v -0.641232 1.027000 -0.007810
v -0.654367 1.032437 -0.011336
v -0.638084 1.074716 -0.007412
v -0.654866 1.069829 0.000322
v -0.640154 1.064115 0.009924
v -0.651393 1.033353 -0.017132
v -0.631681 1.111950 0.022175
v -0.645316 1.018800 -0.009440
v -0.649141 1.028652 -0.001444
v -0.648771 1.020736 -0.017273
v -0.643839 1.027539 -0.001312
v -0.642010 1.099526 0.017744
v -0.646125 1.100790 0.008597
v -0.608264 1.102246 0.006047
v -0.587174 1.097187 -0.073216
v -0.571431 1.094206 -0.073796
v -0.586612 1.082836 -0.056700
v -0.575430 1.090409 -0.050246
v -0.569458 1.081353 -0.061259
v -0.587179 1.087394 -0.074650
v -0.571738 1.086651 -0.074492
v -0.586534 1.091392 -0.054163
v -0.575170 1.080354 -0.052201
v -0.592046 1.082984 -0.065080
v -0.587109 1.092517 -0.074523
v -0.585913 1.087790 -0.057822
v -0.575568 1.086295 -0.054155
v -0.569627 1.088919 -0.060319
v -0.592172 1.090054 -0.063722
v -0.656812 1.090258 -0.049703
v -0.643554 1.083918 -0.051722
v -0.643562 1.085268 -0.061438
v -0.656930 1.091604 -0.059705
v -0.649656 1.073569 -0.037888
v -0.657340 1.080101 -0.018113
v -0.641614 1.068350 -0.023076
v -0.658471 1.082537 -0.030088
v -0.646341 1.076951 -0.014447
v -0.649266 1.077942 -0.037712
v -0.658284 1.075789 -0.018921
v -0.642625 1.070708 -0.034737
v -0.659514 1.078158 -0.031111
v -0.647139 1.072559 -0.015470
v -0.648483 1.071126 -0.008168
v -0.648463 1.074449 0.012894
v -0.636156 1.063292 0.001719
v -0.640705 1.066575 -0.008351
v -0.654609 1.078731 0.002542
v -0.637739 1.072209 0.012742
v -0.648999 1.075789 -0.007362
v -0.649884 1.070374 0.012318
v -0.637092 1.067511 0.002717
v -0.640781 1.070552 -0.006114
v -0.656023 1.074449 0.001960
v -0.640234 1.068117 0.012167
v -0.636448 1.086173 0.021285
v -0.630611 1.080210 0.037897
v -0.622787 1.071454 0.022541
v -0.631077 1.073803 0.016539
v -0.622141 1.081147 0.033346
v -0.637276 1.081731 0.021885
v -0.623302 1.076167 0.023824
v -0.630568 1.078076 0.018300
v -0.638679 1.082515 0.033364
v -0.622997 1.076832 0.033291
v -0.657722 1.060154 -0.064484
v -0.651386 1.060363 -0.068589
v -0.645928 1.056254 -0.056215
v -0.646009 1.057480 -0.065616
v -0.657582 1.058826 -0.054418
v -0.650595 1.057469 -0.051669
v -0.649496 1.040698 -0.030251
v -0.650044 1.038354 -0.040521
v -0.661914 1.046108 -0.037327
v -0.661262 1.044173 -0.027473
v -0.655773 1.046091 -0.042036
v -0.649590 1.046409 -0.038929
v -0.653856 1.042159 -0.025189
v -0.651226 1.042375 -0.039265
v -0.639281 1.044183 -0.003325
v -0.655346 1.050156 -0.005440
v -0.649915 1.046234 0.004471
v -0.650380 1.051157 -0.012553
v -0.642456 1.044767 0.004230
v -0.643324 1.047088 -0.012509
v -0.640399 1.058175 0.025883
v -0.639669 1.059837 0.017987
v -0.627663 1.054468 0.019021
v -0.634218 1.057041 0.014265
v -0.633502 1.055295 0.029929
v -0.627627 1.054482 0.026794
v 0.539980 1.206325 0.063307
v 0.523633 1.187857 0.044661
v 0.484542 1.219928 0.061185
v 0.513280 1.238360 0.080394
v 0.564694 1.183000 0.037118
v 0.568728 1.225416 0.047768
v 0.591708 1.199324 0.031864
v 0.332642 1.419129 0.142258
v 0.337569 1.379822 0.119970
v 0.321258 1.348949 0.088986
v 0.300132 1.365706 0.087943
v 0.369095 1.401946 0.123712
v 0.355714 1.390446 0.122823
v 0.272033 1.392239 0.101080
v 0.296071 1.445982 0.143242
v 0.317243 1.350952 0.039200
v 0.308934 1.355081 0.040766
v 0.442689 1.283987 0.115823
v 0.468738 1.258355 0.101274
v 0.437840 1.241928 0.077467
v 0.408157 1.274489 0.087667
v 0.506821 1.266194 0.086536
v 0.466822 1.305089 0.110633
v 0.528961 1.281765 0.061691
v 0.435747 1.234087 0.023689
v 0.404932 1.262543 0.029782
v 0.384074 1.304280 0.095542
v 0.393844 1.327690 0.117195
v 0.273803 1.462822 0.140178
v 0.261026 1.409901 0.096196
v 0.315758 1.497537 0.130185
v 0.337072 1.475516 0.125450
v 0.252515 1.432133 0.088493
v 0.256990 1.509212 0.134663
v 0.274838 1.369834 0.038614
v 0.259218 1.399035 0.036811
v 0.382463 1.289439 0.040529
v 0.489644 1.213316 0.010204
v 0.521673 1.186938 0.010388
v 0.339568 1.523008 0.112933
v 0.322057 1.554101 0.107765
v 0.305086 1.571761 0.117960
v 0.368318 1.325077 0.077476
v 0.337818 1.342046 0.083790
v 0.367294 1.370714 0.128882
v 0.370072 1.332428 0.104004
v 0.380134 1.314666 0.046963
v 0.383214 1.340761 0.124520
v 0.396822 1.347066 0.130895
v 0.382947 1.333504 0.032457
v 0.361611 1.329065 0.038413
v 0.549005 1.163700 0.002799
v 0.422548 1.333824 0.111498
v 0.394282 1.380650 0.114990
v 0.410488 1.367085 0.118810
v 0.388068 1.387855 0.108171
v 0.386050 1.409851 0.112478
v 0.369777 1.436069 0.118171
v 0.405276 1.445844 0.092672
v 0.365596 1.486878 0.099959
v 0.578312 1.243902 0.030608
v 0.579768 1.245164 0.013904
v 0.385194 1.488990 0.048665
v 0.484987 1.318530 0.082350
v 0.541970 1.291013 0.030267
v 0.329655 1.597678 0.064201
v 0.335331 1.561616 0.042695
v 0.321813 1.593289 0.039336
v 0.351592 1.529336 0.042548
v 0.601914 1.201427 0.003767
v 0.414132 1.355085 0.114668
v 0.430567 1.390623 0.088257
v 0.453121 1.356219 0.100887
v 0.413566 1.454548 0.043164
v 0.506243 1.332982 0.047781
v 0.426359 1.404447 0.082204
v 0.413885 1.423132 0.086359
v 0.238557 1.425784 0.020089
v 0.220407 1.450248 0.027606
v 0.318939 1.627546 0.071852
v 0.307581 1.631550 0.038819
v 0.292061 1.594340 0.125176
v 0.254023 1.526827 0.144775
v 0.423381 1.417046 0.072815
v 0.521943 1.206725 -0.017786
v 0.549473 1.237900 -0.030843
v 0.528351 1.242466 -0.029066
v 0.519081 1.233215 -0.025517
v 0.498147 1.245631 -0.026526
v 0.490255 1.227164 -0.018260
v 0.557693 1.182549 -0.027264
v 0.329902 1.366294 -0.012917
v 0.278203 1.402066 -0.019192
v 0.273891 1.388674 0.013608
v 0.315110 1.358975 0.015966
v 0.378253 1.346039 -0.001748
v 0.392239 1.365447 -0.016855
v 0.359550 1.395453 -0.030984
v 0.314534 1.437554 -0.040442
v 0.380753 1.425790 -0.025397
v 0.344423 1.466397 -0.036690
v 0.419105 1.268059 -0.010461
v 0.448808 1.244225 -0.017786
v 0.466798 1.258559 -0.021782
v 0.434551 1.281427 -0.014178
v 0.399908 1.294345 0.000131
v 0.278014 1.471857 -0.031325
v 0.300517 1.508923 -0.026857
v 0.295268 1.517343 -0.022987
v 0.254606 1.498165 -0.028326
v 0.234925 1.481504 -0.025829
v 0.257903 1.445502 -0.026576
v 0.252096 1.416105 0.011934
v 0.367443 1.336173 0.023101
v 0.252914 1.508102 -0.030680
v 0.292228 1.523830 -0.021009
v 0.290563 1.536461 -0.020970
v 0.254202 1.520172 -0.032478
v 0.221688 1.493987 -0.031492
v 0.404285 1.328065 -0.002488
v 0.407877 1.344941 -0.002798
v 0.404377 1.390157 -0.006692
v 0.413785 1.306975 -0.005769
v 0.422681 1.321971 -0.004241
v 0.576465 1.194388 -0.036129
v 0.575951 1.243116 -0.015506
v 0.590287 1.211077 -0.013858
v 0.544408 1.291283 -0.000470
v 0.540198 1.288330 -0.018335
v 0.520941 1.276704 -0.033204
v 0.413095 1.358529 -0.000042
v 0.398745 1.436979 -0.010018
v 0.363005 1.473783 -0.022149
v 0.476260 1.356604 -0.002091
v 0.482648 1.303356 -0.031694
v 0.504452 1.324961 -0.015661
v 0.484775 1.370261 0.016883
v 0.475216 1.368057 0.061619
v 0.466809 1.389218 0.038746
v 0.513864 1.339810 0.013027
v 0.326609 1.584862 0.014216
v 0.320159 1.556342 0.006916
v 0.434955 1.406195 0.043482
v 0.455166 1.392391 0.035225
v 0.431383 1.389001 0.005447
v 0.443249 1.368868 -0.000980
v 0.320782 1.517179 -0.018565
v 0.456395 1.359181 -0.004130
v 0.448519 1.312736 -0.024453
v 0.441446 1.292368 -0.017346
v 0.474304 1.269837 -0.028824
v 0.506067 1.255019 -0.029038
v 0.371236 1.477430 0.001398
v 0.406119 1.433753 0.008615
v 0.373320 1.487930 0.023731
v 0.314929 1.529949 -0.006879
v 0.312041 1.537204 -0.001292
v 0.282874 1.605166 -0.022060
v 0.291122 1.564855 -0.024410
v 0.319401 1.620709 0.011687
v 0.290315 1.543113 -0.021393
v 0.251063 1.548065 -0.043188
v 0.255153 1.533428 -0.038179
v -0.036241 1.649046 0.185559
v -0.073713 1.637097 0.179697
v 0.000000 1.649560 0.185722
v 0.038246 1.641339 0.184664
v 0.076649 1.635965 0.179805
v 0.609465 1.170852 0.021127
v 0.569455 1.149387 0.035967
v 0.562852 1.151877 0.017441
v 0.564021 1.155687 0.001040
v 0.615898 1.179785 -0.000997
v 0.568372 1.164510 -0.023196
v 0.572738 1.172485 -0.041692
v 0.590457 1.171756 -0.042420
v 0.610117 1.175738 -0.022594
v 0.650661 1.012258 -0.035017
v 0.655586 1.009493 -0.034271
v 0.656019 1.010717 -0.042486
v 0.651084 1.013096 -0.042691
v 0.594351 1.162916 -0.047540
v 0.571817 1.167714 -0.047468
v 0.570120 1.144579 0.035352
v 0.586962 1.158156 0.035519
v 0.567122 1.157115 -0.029916
v 0.564663 1.148683 -0.002449
v 0.563256 1.139577 0.015151
v 0.610252 1.166249 -0.025256
v 0.611124 1.164902 0.019176
v 0.619087 1.171755 -0.002078
v 0.629664 1.077383 0.018832
v 0.630121 1.073074 0.017148
v 0.636710 1.076559 0.021583
v 0.636468 1.081102 0.022159
v 0.639669 1.057630 0.026570
v 0.638355 1.075399 0.032383
v 0.638209 1.045097 0.021941
v 0.637389 1.032217 0.018980
v 0.632676 1.030172 0.022434
v 0.633078 1.042169 0.026525
v 0.617460 1.107633 0.039388
v 0.604986 1.140928 0.035137
v 0.625798 1.110245 0.032936
v 0.630098 1.033230 0.018247
v 0.635217 1.035745 0.013949
v 0.630389 1.073276 0.037469
v 0.630228 1.079931 0.038371
v 0.622747 1.072071 0.033015
v 0.623035 1.090271 0.015678
v 0.617279 1.087727 0.023601
v 0.620486 1.079503 0.023595
v 0.628418 1.081670 0.016912
v 0.622544 1.075605 0.024585
v 0.621642 1.080786 0.034026
v 0.617862 1.089311 0.036193
v 0.596718 1.102129 0.038413
v 0.598560 1.097856 0.023661
v 0.607072 1.101328 0.006665
v 0.633256 1.043747 0.013058
v 0.637862 1.045799 0.015942
v 0.627192 1.040817 0.018008
v 0.627263 1.040802 0.024345
v 0.626920 1.053979 0.027897
v 0.638731 1.059127 0.018663
v 0.635630 1.085531 0.021488
v 0.622491 1.076470 0.034040
v 0.626751 1.053801 0.020127
v 0.621990 1.070867 0.023415
v 0.574875 1.129564 0.037176
v 0.569060 1.121086 0.018454
v 0.589056 1.116937 -0.005806
v 0.618562 1.088597 0.006894
v 0.630078 1.096467 0.018351
v 0.630919 1.111330 0.021959
v 0.638176 1.082126 0.033578
v 0.631853 1.098822 0.031052
v 0.625388 1.095560 0.037019
v 0.640549 1.082869 -0.061356
v 0.654594 1.057673 -0.064245
v 0.653193 1.046761 -0.065621
v 0.653323 1.034053 -0.060523
v 0.653790 1.045711 -0.056238
v 0.640665 1.119130 -0.040040
v 0.626753 1.147149 -0.033719
v 0.638386 1.119306 -0.053399
v 0.648445 1.035600 -0.059243
v 0.648252 1.036079 -0.066728
v 0.654111 1.088083 -0.050084
v 0.628650 1.095813 -0.056025
v 0.629579 1.093611 -0.044038
v 0.636831 1.086033 -0.050477
v 0.636410 1.087306 -0.060020
v 0.640798 1.081725 -0.051617
v 0.645458 1.085455 -0.046337
v 0.636975 1.101696 -0.037346
v 0.635285 1.096214 -0.032735
v 0.624719 1.090558 -0.026334
v 0.614312 1.104132 -0.032954
v 0.644736 1.043440 -0.066330
v 0.648984 1.046494 -0.069003
v 0.644960 1.042758 -0.057628
v 0.649019 1.044294 -0.053898
v 0.647806 1.055271 -0.051192
v 0.648152 1.057805 -0.068184
v 0.636208 1.104365 -0.060397
v 0.645366 1.088523 -0.064724
v 0.643019 1.053968 -0.055586
v 0.640604 1.114856 -0.033789
v 0.641468 1.114389 -0.025201
v 0.629115 1.150536 -0.005339
v 0.645215 1.080499 -0.036583
v 0.637336 1.075260 -0.033825
v 0.613558 1.102267 -0.006884
v 0.623297 1.088409 -0.013263
v 0.612292 1.108248 -0.051349
v 0.625386 1.115903 -0.056209
v 0.653966 1.089217 -0.060113
v 0.645334 1.111028 -0.055633
v 0.647097 1.110296 -0.042865
v 0.609080 1.139531 -0.048535
v 0.643298 1.116469 -0.017464
v 0.647548 1.100822 -0.024196
v 0.656281 1.080775 -0.030362
v 0.657290 1.076373 -0.031319
v 0.646872 1.076036 -0.037640
v 0.656969 1.025293 -0.040605
v 0.657035 1.023301 -0.030977
v 0.643632 1.115866 -0.005426
v 0.656543 1.071640 -0.032028
v 0.657147 1.069287 -0.021398
v 0.656381 1.074264 -0.019054
v 0.645664 1.066788 -0.016608
v 0.636645 1.072915 -0.020934
v 0.639598 1.066768 -0.022607
v 0.644562 1.075540 -0.014290
v 0.637700 1.098405 -0.007203
v 0.638976 1.098048 -0.001867
v 0.621687 1.088134 -0.003469
v 0.647882 1.021939 -0.042274
v 0.652730 1.025241 -0.044526
v 0.647471 1.020699 -0.033145
v 0.647528 1.036396 -0.039632
v 0.651458 1.022075 -0.028836
v 0.651750 1.040517 -0.024490
v 0.653224 1.044090 -0.041461
v 0.647252 1.071659 -0.037734
v 0.645328 1.071127 -0.015242
v 0.647255 1.038957 -0.029403
v 0.639548 1.112818 -0.003061
v 0.638173 1.112914 0.004111
v 0.620470 1.147866 0.015678
v 0.636880 1.114807 0.012559
v 0.645367 1.078833 -0.006917
v 0.636492 1.073469 -0.006993
v 0.648062 1.100116 -0.010131
v 0.655464 1.078593 -0.018312
v 0.644985 1.099861 0.008243
v 0.588309 1.107090 -0.031415
v 0.584402 1.101361 -0.050899
v 0.573509 1.101095 -0.047330
v 0.572093 1.109960 -0.041747
v 0.566675 1.086672 -0.058360
v 0.567065 1.104617 -0.056599
v 0.572744 1.088363 -0.048478
v 0.569165 1.068146 -0.074262
v 0.570291 1.048567 -0.080015
v 0.579502 1.049384 -0.080802
v 0.582969 1.068313 -0.074907
v 0.587622 1.067308 -0.066103
v 0.582544 1.048271 -0.070210
v 0.591499 1.144887 -0.054782
v 0.585174 1.120525 -0.069521
v 0.598877 1.111615 -0.055823
v 0.600031 1.102813 -0.043267
v 0.588820 1.103979 -0.059390
v 0.583703 1.061967 -0.059279
v 0.570346 1.046276 -0.064738
v 0.571935 1.059064 -0.053522
v 0.583324 1.110065 -0.069267
v 0.567085 1.123791 -0.067966
v 0.567138 1.110076 -0.068973
v 0.564953 1.133210 -0.043461
v 0.566879 1.116453 -0.055305
v 0.567743 1.142316 -0.055006
v 0.566706 1.122721 -0.024720
v 0.589123 1.087695 -0.062381
v 0.583883 1.094635 -0.071888
v 0.566654 1.063634 -0.061341
v 0.572420 1.078270 -0.050211
v 0.566471 1.079088 -0.059134
v 0.588953 1.080598 -0.063586
v 0.583742 1.080637 -0.055063
v 0.568407 1.084102 -0.072533
v 0.583839 1.084814 -0.073115
v 0.583741 1.089244 -0.052707
v 0.634252 1.113900 0.017145
v 0.641112 1.098797 0.017519
v 0.632229 1.070176 0.004297
v 0.636678 1.071389 0.013211
v 0.653280 1.077664 0.002433
v 0.654672 1.073369 0.001904
v 0.647405 1.074524 -0.007255
v 0.652615 1.031088 -0.010453
v 0.652177 1.016141 -0.014102
v 0.648926 1.013730 -0.005736
v 0.647649 1.027522 -0.000348
v 0.643602 1.017510 -0.008030
v 0.646851 1.019275 -0.015991
v 0.653468 1.068717 0.000395
v 0.647954 1.065123 0.010558
v 0.648805 1.069524 0.012504
v 0.639008 1.063232 0.010501
v 0.639218 1.069329 -0.005680
v 0.635760 1.066482 0.003308
v 0.643437 1.028165 -0.015889
v 0.649491 1.031886 -0.016186
v 0.639572 1.025749 -0.006466
v 0.642351 1.026422 -0.000052
v 0.641136 1.043764 0.005159
v 0.648620 1.049786 -0.011959
v 0.646863 1.069846 -0.007949
v 0.639153 1.067281 0.012657
v 0.637761 1.043027 -0.002296
v 0.634794 1.062244 0.002425
v 0.647405 1.073612 0.013032
v 0.583779 1.089938 -0.073094
v 0.568127 1.091670 -0.071989
v 0.583020 1.085567 -0.056271
v 0.572774 1.084168 -0.052301
v 0.642853 1.054996 -0.065010
v 0.640303 1.068877 -0.034338
v 0.647125 1.044483 -0.038199
v 0.639078 1.065305 -0.007830
v 0.641563 1.045730 -0.011642
v 0.633181 1.056263 0.015147
v 0.654720 1.056557 -0.054153
v 0.659488 1.044195 -0.036917
v 0.659095 1.042469 -0.027011
v 0.648748 1.040441 -0.038493
v 0.653771 1.048926 -0.004961
v 0.648600 1.045223 0.005172
v 0.632878 1.054849 0.030858

vt 0.504707 -0.462143 0.000000
vt 0.647968 -0.619585 0.000000
vt 0.531826 -0.458665 0.000000
vt 0.677440 -0.619583 0.000000
vt 0.477696 -0.458492 0.000000
vt 0.618496 -0.619583 0.000000
vt 0.426564 -0.438069 0.000000
vt 0.564402 -0.617688 0.000000
vt 0.580936 -0.441510 0.000000
vt 0.728564 -0.619576 0.000000
vt 0.755421 -0.075933 0.000000
vt 0.760226 -0.619570 0.000000
vt 0.619491 -0.004000 0.000000
vt 0.885150 -0.619574 0.000000
vt 0.593264 -0.021305 0.000000
vt 0.858710 -0.076472 0.000000
vt 0.840417 -0.619570 0.000000
vt 0.826615 -0.069553 0.000000
vt 0.816578 -0.619567 0.000000
vt 0.477814 -0.067039 0.000000
vt 0.493437 -0.619566 0.000000
vt 0.530344 -0.075933 0.000000
vt 0.535710 -0.619570 0.000000
vt 0.665155 -0.004000 0.000000
vt 0.410786 -0.619574 0.000000
vt 0.438081 -0.072066 0.000000
vt 0.464387 -0.619568 0.000000
vt 0.582684 -0.469090 0.000000
vt 0.583507 -0.469598 0.000000
vt 0.562050 -0.467248 0.000000
vt 0.532318 -0.486284 0.000000
vt 0.504346 -0.488454 0.000000
vt 0.504552 -0.488647 0.000000
vt 0.532136 -0.486241 0.000000
vt 0.559200 -0.480457 0.000000
vt 0.587843 -0.507221 0.000000
vt 0.589361 -0.508030 0.000000
vt 0.563785 -0.513693 0.000000
vt 0.504204 -0.509100 0.000000
vt 0.504418 -0.514569 0.000000
vt 0.533388 -0.513765 0.000000
vt 0.562650 -0.511931 0.000000
vt 0.587848 -0.539381 0.000000
vt 0.589242 -0.540193 0.000000
vt 0.563243 -0.545851 0.000000
vt 0.533484 -0.540731 0.000000
vt 0.504150 -0.546726 0.000000
vt 0.532511 -0.545914 0.000000
vt 0.562261 -0.544084 0.000000
vt 0.587609 -0.567997 0.000000
vt 0.589151 -0.568804 0.000000
vt 0.562924 -0.574456 0.000000
vt 0.532556 -0.582312 0.000000
vt 0.503782 -0.577063 0.000000
vt 0.504043 -0.575344 0.000000
vt 0.531742 -0.580531 0.000000
vt 0.561808 -0.572697 0.000000
vt 0.429285 -0.468599 0.000000
vt 0.428043 -0.469100 0.000000
vt 0.447256 -0.467446 0.000000
vt 0.476770 -0.486107 0.000000
vt 0.477351 -0.486066 0.000000
vt 0.450964 -0.480111 0.000000
vt 0.429745 -0.506789 0.000000
vt 0.428001 -0.507588 0.000000
vt 0.445914 -0.513316 0.000000
vt 0.485722 -0.517594 0.000000
vt 0.475969 -0.513581 0.000000
vt 0.447565 -0.511562 0.000000
vt 0.426670 -0.538865 0.000000
vt 0.425045 -0.539667 0.000000
vt 0.445912 -0.545475 0.000000
vt 0.475010 -0.547515 0.000000
vt 0.476311 -0.545734 0.000000
vt 0.447418 -0.543716 0.000000
vt 0.428917 -0.567489 0.000000
vt 0.427151 -0.568286 0.000000
vt 0.446030 -0.574081 0.000000
vt 0.475532 -0.576122 0.000000
vt 0.476868 -0.574349 0.000000
vt 0.447658 -0.572331 0.000000
vt 0.553426 -0.565135 0.000000
vt 0.552461 -0.563365 0.000000
vt 0.504023 -0.533735 0.000000
vt 0.533140 -0.501080 0.000000
vt 0.549842 -0.485652 0.000000
vt 0.563696 -0.495621 0.000000
vt 0.570407 -0.476570 0.000000
vt 0.497392 -0.516196 0.000000
vt 0.504147 -0.523026 0.000000
vt 0.533136 -0.554527 0.000000
vt 0.439855 -0.476031 0.000000
vt 0.446692 -0.495742 0.000000
vt 0.456618 -0.484656 0.000000
vt 0.475354 -0.507148 0.000000
vt 0.464952 -0.519623 0.000000
vt 0.473805 -0.530269 0.000000
vt 0.503725 -0.547472 0.000000
vt 0.535769 -0.523226 0.000000
vt 0.555347 -0.486867 0.000000
vt 0.565648 -0.472081 0.000000
vt 0.538160 -0.549186 0.000000
vt 0.444177 -0.471914 0.000000
vt 0.452735 -0.486986 0.000000
vt 0.470462 -0.510170 0.000000
vt 0.480072 -0.520174 0.000000
vt 0.503809 -0.539819 0.000000
vt 0.533499 -0.506852 0.000000
vt 0.556372 -0.448692 0.000000
vt 0.699253 -0.099250 0.000000
vt 0.530397 -0.454657 0.000000
vt 0.668978 -0.104687 0.000000
vt 0.504920 -0.458318 0.000000
vt 0.643048 -0.108556 0.000000
vt 0.455035 -0.448368 0.000000
vt 0.586767 -0.099250 0.000000
vt 0.479534 -0.454495 0.000000
vt 0.617087 -0.104687 0.000000
vt 0.619033 -0.043907 0.000000
vt 0.642323 -0.101943 0.000000
vt 0.643083 -0.108747 0.000000
vt 0.705401 -0.095103 0.000000
vt 0.607213 -0.093762 0.000000
vt 0.586164 -0.071093 0.000000
vt 0.760200 -0.076007 0.000000
vt 0.581936 -0.045746 0.000000
vt 0.807711 -0.067240 0.000000
vt 0.806430 -0.103499 0.000000
vt 0.753081 -0.109419 0.000000
vt 0.694098 -0.132126 0.000000
vt 0.643031 -0.139669 0.000000
vt 0.643062 -0.138488 0.000000
vt 0.704433 -0.127287 0.000000
vt 0.762100 -0.108024 0.000000
vt 0.806563 -0.102854 0.000000
vt 0.849654 -0.107792 0.000000
vt 0.840528 -0.104419 0.000000
vt 0.643267 -0.256200 0.000000
vt 0.643022 -0.255020 0.000000
vt 0.845640 -0.220320 0.000000
vt 0.837562 -0.221134 0.000000
vt 0.807096 -0.176056 0.000000
vt 0.750285 -0.189696 0.000000
vt 0.699356 -0.197799 0.000000
vt 0.643035 -0.199176 0.000000
vt 0.643066 -0.198001 0.000000
vt 0.706520 -0.196462 0.000000
vt 0.756864 -0.186629 0.000000
vt 0.807447 -0.176056 0.000000
vt 0.853763 -0.169887 0.000000
vt 0.844228 -0.170701 0.000000
vt 0.624761 -0.097761 0.000000
vt 0.674874 -0.101925 0.000000
vt 0.668854 -0.135898 0.000000
vt 0.674472 -0.132887 0.000000
vt 0.670874 -0.198487 0.000000
vt 0.674518 -0.197231 0.000000
vt 0.596688 -0.082533 0.000000
vt 0.732706 -0.083597 0.000000
vt 0.600485 -0.044899 0.000000
vt 0.724544 -0.120772 0.000000
vt 0.731272 -0.117655 0.000000
vt 0.727352 -0.195512 0.000000
vt 0.732190 -0.194265 0.000000
vt 0.613123 -0.068754 0.000000
vt 0.642323 -0.072219 0.000000
vt 0.584050 -0.058290 0.000000
vt 0.783927 -0.069666 0.000000
vt 0.781463 -0.106459 0.000000
vt 0.784407 -0.105439 0.000000
vt 0.781076 -0.179148 0.000000
vt 0.782965 -0.178755 0.000000
vt 0.627211 -0.070381 0.000000
vt 0.598586 -0.063593 0.000000
vt 0.587600 -0.033541 0.000000
vt 0.832389 -0.071856 0.000000
vt 0.827641 -0.105323 0.000000
vt 0.822755 -0.103959 0.000000
vt 0.830762 -0.226022 0.000000
vt 0.826240 -0.226429 0.000000
vt 0.829831 -0.172971 0.000000
vt 0.824962 -0.173378 0.000000
vt 0.807438 -0.143730 0.000000
vt 0.752702 -0.151042 0.000000
vt 0.697603 -0.164962 0.000000
vt 0.643035 -0.169423 0.000000
vt 0.643066 -0.168244 0.000000
vt 0.706496 -0.161874 0.000000
vt 0.760418 -0.149407 0.000000
vt 0.807599 -0.143538 0.000000
vt 0.851065 -0.141585 0.000000
vt 0.841717 -0.140842 0.000000
vt 0.670654 -0.167192 0.000000
vt 0.675607 -0.165059 0.000000
vt 0.727023 -0.158142 0.000000
vt 0.732831 -0.156053 0.000000
vt 0.782066 -0.146721 0.000000
vt 0.784451 -0.146167 0.000000
vt 0.828553 -0.142584 0.000000
vt 0.823907 -0.142258 0.000000
vt 0.803212 -0.203250 0.000000
vt 0.751281 -0.216723 0.000000
vt 0.699386 -0.228468 0.000000
vt 0.643030 -0.228536 0.000000
vt 0.643060 -0.227361 0.000000
vt 0.706057 -0.227131 0.000000
vt 0.753354 -0.214735 0.000000
vt 0.803076 -0.203317 0.000000
vt 0.849028 -0.195561 0.000000
vt 0.840028 -0.196388 0.000000
vt 0.670708 -0.229156 0.000000
vt 0.674171 -0.227900 0.000000
vt 0.728213 -0.226057 0.000000
vt 0.732670 -0.224638 0.000000
vt 0.777540 -0.206288 0.000000
vt 0.779021 -0.206018 0.000000
vt 0.828740 -0.200014 0.000000
vt 0.824103 -0.200656 0.000000
vt 0.665613 -0.043907 0.000000
vt 0.580628 -0.095103 0.000000
vt 0.677433 -0.093762 0.000000
vt 0.698482 -0.071093 0.000000
vt 0.525568 -0.076007 0.000000
vt 0.702710 -0.045746 0.000000
vt 0.477768 -0.067240 0.000000
vt 0.479098 -0.103499 0.000000
vt 0.532672 -0.109419 0.000000
vt 0.591892 -0.132126 0.000000
vt 0.581562 -0.127287 0.000000
vt 0.523638 -0.108024 0.000000
vt 0.478968 -0.102854 0.000000
vt 0.435237 -0.107792 0.000000
vt 0.444494 -0.104419 0.000000
vt 0.434769 -0.220320 0.000000
vt 0.444006 -0.221134 0.000000
vt 0.478390 -0.176056 0.000000
vt 0.535465 -0.189696 0.000000
vt 0.586614 -0.197799 0.000000
vt 0.579480 -0.196462 0.000000
vt 0.528884 -0.186629 0.000000
vt 0.478037 -0.176056 0.000000
vt 0.431474 -0.169887 0.000000
vt 0.441067 -0.170701 0.000000
vt 0.659885 -0.097761 0.000000
vt 0.611280 -0.101925 0.000000
vt 0.617206 -0.135898 0.000000
vt 0.611637 -0.132887 0.000000
vt 0.617734 -0.258249 0.000000
vt 0.615899 -0.198487 0.000000
vt 0.612506 -0.197231 0.000000
vt 0.687958 -0.082533 0.000000
vt 0.553221 -0.083597 0.000000
vt 0.684162 -0.044899 0.000000
vt 0.561353 -0.120772 0.000000
vt 0.554626 -0.117655 0.000000
vt 0.556673 -0.255639 0.000000
vt 0.558511 -0.195512 0.000000
vt 0.553686 -0.194265 0.000000
vt 0.671523 -0.068754 0.000000
vt 0.700596 -0.058290 0.000000
vt 0.501704 -0.069666 0.000000
vt 0.504162 -0.106459 0.000000
vt 0.501210 -0.105439 0.000000
vt 0.503176 -0.231641 0.000000
vt 0.511044 -0.233573 0.000000
vt 0.504542 -0.179148 0.000000
vt 0.502651 -0.178755 0.000000
vt 0.657435 -0.070381 0.000000
vt 0.686060 -0.063593 0.000000
vt 0.697046 -0.033541 0.000000
vt 0.452922 -0.071856 0.000000
vt 0.457537 -0.105323 0.000000
vt 0.462505 -0.103959 0.000000
vt 0.454605 -0.226022 0.000000
vt 0.459155 -0.226429 0.000000
vt 0.455530 -0.172971 0.000000
vt 0.460432 -0.173378 0.000000
vt 0.478101 -0.143730 0.000000
vt 0.533044 -0.151042 0.000000
vt 0.588376 -0.164962 0.000000
vt 0.585381 -0.161874 0.000000
vt 0.525319 -0.149407 0.000000
vt 0.477944 -0.143538 0.000000
vt 0.433844 -0.141585 0.000000
vt 0.443326 -0.140842 0.000000
vt 0.616114 -0.167192 0.000000
vt 0.611432 -0.165059 0.000000
vt 0.558852 -0.158142 0.000000
vt 0.553051 -0.156053 0.000000
vt 0.502688 -0.146721 0.000000
vt 0.501160 -0.146167 0.000000
vt 0.456636 -0.142584 0.000000
vt 0.461355 -0.142258 0.000000
vt 0.482293 -0.203250 0.000000
vt 0.534456 -0.216723 0.000000
vt 0.586573 -0.228468 0.000000
vt 0.579930 -0.227131 0.000000
vt 0.532394 -0.214735 0.000000
vt 0.482430 -0.203317 0.000000
vt 0.434419 -0.195561 0.000000
vt 0.443893 -0.196388 0.000000
vt 0.616035 -0.229156 0.000000
vt 0.612806 -0.227900 0.000000
vt 0.557635 -0.226057 0.000000
vt 0.553190 -0.224638 0.000000
vt 0.508090 -0.206288 0.000000
vt 0.506610 -0.206018 0.000000
vt 0.456631 -0.200014 0.000000
vt 0.461297 -0.200656 0.000000
vt 0.807228 -0.073779 0.000000
vt 0.757583 -0.080580 0.000000
vt 0.704900 -0.111195 0.000000
vt 0.761187 -0.092016 0.000000
vt 0.807102 -0.085047 0.000000
vt 0.674666 -0.117406 0.000000
vt 0.724466 -0.097279 0.000000
vt 0.731958 -0.100626 0.000000
vt 0.782091 -0.076071 0.000000
vt 0.784178 -0.087553 0.000000
vt 0.829837 -0.088590 0.000000
vt 0.478266 -0.073903 0.000000
vt 0.528229 -0.080580 0.000000
vt 0.581112 -0.111195 0.000000
vt 0.524565 -0.092016 0.000000
vt 0.478410 -0.085047 0.000000
vt 0.611465 -0.117406 0.000000
vt 0.553955 -0.100626 0.000000
vt 0.503571 -0.076075 0.000000
vt 0.501446 -0.087553 0.000000
vt 0.455395 -0.088590 0.000000
vt 0.460902 -0.080832 0.000000
vt 0.806862 -0.084911 0.000000
vt 0.756655 -0.092924 0.000000
vt 0.782323 -0.088069 0.000000
vt 0.824405 -0.080832 0.000000
vt 0.478640 -0.084788 0.000000
vt 0.529153 -0.092924 0.000000
vt 0.558963 -0.097279 0.000000
vt 0.503333 -0.088065 0.000000
vt 0.807202 -0.079345 0.000000
vt 0.754618 -0.086752 0.000000
vt 0.780919 -0.082070 0.000000
vt 0.478301 -0.079345 0.000000
vt 0.531143 -0.086752 0.000000
vt 0.504717 -0.082070 0.000000
vt 0.761623 -0.274377 0.000000
vt 0.759032 -0.276660 0.000000
vt 0.740235 -0.279765 0.000000
vt 0.745932 -0.277873 0.000000
vt 0.666201 -0.285471 0.000000
vt 0.668561 -0.284427 0.000000
vt 0.778511 -0.259633 0.000000
vt 0.779403 -0.259517 0.000000
vt 0.541916 -0.281597 0.000000
vt 0.546354 -0.283233 0.000000
vt 0.622323 -0.287942 0.000000
vt 0.620291 -0.286898 0.000000
vt 0.644506 -0.289463 0.000000
vt 0.644827 -0.290433 0.000000
vt 0.507269 -0.261699 0.000000
vt 0.506548 -0.261518 0.000000
vt 0.523287 -0.275455 0.000000
vt 0.525643 -0.276083 0.000000
vt 0.557455 -0.285043 0.000000
vt 0.553144 -0.283840 0.000000
vt 0.577605 -0.290122 0.000000
vt 0.583142 -0.291239 0.000000
vt 0.604607 -0.287117 0.000000
vt 0.607891 -0.288161 0.000000
vt 0.679248 -0.285329 0.000000
vt 0.682758 -0.284285 0.000000
vt 0.708050 -0.287369 0.000000
vt 0.702512 -0.288486 0.000000
vt 0.730673 -0.281060 0.000000
vt 0.726564 -0.282262 0.000000
vt 0.786296 -0.260343 0.000000
vt 0.787350 -0.260031 0.000000
vt 0.805009 -0.260927 0.000000
vt 0.805107 -0.260923 0.000000
vt 0.827787 -0.254927 0.000000
vt 0.824783 -0.255252 0.000000
vt 0.460378 -0.255162 0.000000
vt 0.457423 -0.254808 0.000000
vt 0.480606 -0.261593 0.000000
vt 0.480640 -0.261620 0.000000
vt 0.498493 -0.259653 0.000000
vt 0.499596 -0.259915 0.000000
vt 0.802792 -0.227392 0.000000
vt 0.751714 -0.242456 0.000000
vt 0.700242 -0.254475 0.000000
vt 0.706405 -0.253123 0.000000
vt 0.753669 -0.240290 0.000000
vt 0.802650 -0.227383 0.000000
vt 0.670935 -0.251742 0.000000
vt 0.665963 -0.257159 0.000000
vt 0.675879 -0.256896 0.000000
vt 0.674242 -0.250493 0.000000
vt 0.679687 -0.255627 0.000000
vt 0.668657 -0.255916 0.000000
vt 0.729411 -0.248592 0.000000
vt 0.725476 -0.254161 0.000000
vt 0.733749 -0.252108 0.000000
vt 0.733471 -0.247181 0.000000
vt 0.737861 -0.250254 0.000000
vt 0.729191 -0.252818 0.000000
vt 0.777807 -0.227013 0.000000
vt 0.773609 -0.234093 0.000000
vt 0.782427 -0.231641 0.000000
vt 0.779157 -0.226614 0.000000
vt 0.784010 -0.231264 0.000000
vt 0.774603 -0.233573 0.000000
vt 0.482715 -0.227392 0.000000
vt 0.533976 -0.242598 0.000000
vt 0.585753 -0.257295 0.000000
vt 0.579626 -0.255942 0.000000
vt 0.532014 -0.240439 0.000000
vt 0.482858 -0.227383 0.000000
vt 0.615785 -0.254561 0.000000
vt 0.610866 -0.259718 0.000000
vt 0.620282 -0.259489 0.000000
vt 0.607276 -0.258450 0.000000
vt 0.612700 -0.253310 0.000000
vt 0.560373 -0.256983 0.000000
vt 0.556397 -0.251398 0.000000
vt 0.552194 -0.254505 0.000000
vt 0.548149 -0.252629 0.000000
vt 0.552357 -0.249986 0.000000
vt 0.512033 -0.234093 0.000000
vt 0.507818 -0.227013 0.000000
vt 0.501591 -0.231264 0.000000
vt 0.506469 -0.226614 0.000000
vt 0.982102 -0.456131 0.000000
vt 0.982102 -0.456131 0.000000
vt 0.983255 -0.443433 0.000000
vt 0.983255 -0.443433 0.000000
vt 0.983250 -0.430574 0.000000
vt 0.983250 -0.430574 0.000000
vt 0.983253 -0.416550 0.000000
vt 0.983252 -0.581127 0.000000
vt 0.983252 -0.581127 0.000000
vt 0.983253 -0.416550 0.000000
vt 0.983346 -0.566942 0.000000
vt 0.983346 -0.566942 0.000000
vt 0.983256 -0.553757 0.000000
vt 0.983256 -0.553757 0.000000
vt 0.983260 -0.541211 0.000000
vt 0.983260 -0.541211 0.000000
vt 0.984424 -0.528149 0.000000
vt 0.984401 -0.512859 0.000000
vt 0.983235 -0.496686 0.000000
vt 0.983235 -0.496686 0.000000
vt 0.983235 -0.482006 0.000000
vt 0.983235 -0.482006 0.000000
vt 0.930274 -0.442998 0.000000
vt 0.930274 -0.442998 0.000000
vt 0.930285 -0.429850 0.000000
vt 0.930285 -0.429850 0.000000
vt 0.930292 -0.416003 0.000000
vt 0.930287 -0.581488 0.000000
vt 0.930292 -0.416003 0.000000
vt 0.930287 -0.581488 0.000000
vt 0.930276 -0.567523 0.000000
vt 0.930276 -0.567523 0.000000
vt 0.931511 -0.554019 0.000000
vt 0.931511 -0.554019 0.000000
vt 0.931507 -0.541120 0.000000
vt 0.931507 -0.541120 0.000000
vt 0.931523 -0.528016 0.000000
vt 0.931523 -0.528016 0.000000
vt 0.931501 -0.512875 0.000000
vt 0.931501 -0.512875 0.000000
vt 0.930276 -0.496343 0.000000
vt 0.930276 -0.496343 0.000000
vt 0.930284 -0.482127 0.000000
vt 0.930284 -0.482127 0.000000
vt 0.930274 -0.468879 0.000000
vt 0.930274 -0.468879 0.000000
vt 0.992608 -0.442827 0.000000
vt 0.992683 -0.456257 0.000000
vt 0.992608 -0.469506 0.000000
vt 0.992496 -0.482930 0.000000
vt 0.992499 -0.496373 0.000000
vt 0.992638 -0.511931 0.000000
vt 0.992813 -0.527511 0.000000
vt 0.992731 -0.541490 0.000000
vt 0.992627 -0.554483 0.000000
vt 0.992507 -0.567782 0.000000
vt 0.992449 -0.581010 0.000000
vt 0.992446 -0.416722 0.000000
vt 0.992490 -0.429802 0.000000
vt 0.912812 -0.455548 0.000000
vt 0.912842 -0.442628 0.000000
vt 0.912953 -0.429256 0.000000
vt 0.912995 -0.416360 0.000000
vt 0.912925 -0.581499 0.000000
vt 0.912789 -0.568597 0.000000
vt 0.912529 -0.554638 0.000000
vt 0.912383 -0.541193 0.000000
vt 0.912355 -0.527062 0.000000
vt 0.912724 -0.511435 0.000000
vt 0.913034 -0.495434 0.000000
vt 0.913121 -0.482439 0.000000
vt 0.912958 -0.469288 0.000000
vt 0.930269 -0.455572 0.000000
vt 0.930269 -0.455572 0.000000
vt 0.929007 -0.553948 0.000000
vt 0.928997 -0.540881 0.000000
vt 0.928980 -0.527642 0.000000
vt 0.929011 -0.512375 0.000000
vt 0.984411 -0.456432 0.000000
vt 0.982098 -0.528463 0.000000
vt 0.982098 -0.528463 0.000000
vt 0.982094 -0.513325 0.000000
vt 0.982094 -0.513325 0.000000
vt 0.983240 -0.468716 0.000000
vt 0.983240 -0.468716 0.000000
vt 0.982102 -0.456131 0.000000
vt 0.982102 -0.456131 0.000000
vt 0.982110 -0.443514 0.000000
vt 0.982110 -0.443514 0.000000
vt 0.931507 -0.455802 0.000000
vt 0.931507 -0.455802 0.000000
vt 0.983250 -0.430574 0.000000
vt 0.983250 -0.430574 0.000000
vt 0.983253 -0.416550 0.000000
vt 0.983252 -0.581127 0.000000
vt 0.983252 -0.581127 0.000000
vt 0.983253 -0.416550 0.000000
vt 0.983346 -0.566942 0.000000
vt 0.983346 -0.566942 0.000000
vt 0.931518 -0.567441 0.000000
vt 0.931518 -0.567441 0.000000
vt 0.982110 -0.553615 0.000000
vt 0.982110 -0.553615 0.000000
vt 0.931511 -0.554019 0.000000
vt 0.931511 -0.554019 0.000000
vt 0.982103 -0.541176 0.000000
vt 0.982103 -0.541176 0.000000
vt 0.931507 -0.541120 0.000000
vt 0.931507 -0.541120 0.000000
vt 0.982098 -0.528463 0.000000
vt 0.982098 -0.528463 0.000000
vt 0.931523 -0.528016 0.000000
vt 0.931523 -0.528016 0.000000
vt 0.982094 -0.513325 0.000000
vt 0.982094 -0.513325 0.000000
vt 0.931501 -0.512875 0.000000
vt 0.931501 -0.512875 0.000000
vt 0.983235 -0.496686 0.000000
vt 0.983235 -0.496686 0.000000
vt 0.983235 -0.482006 0.000000
vt 0.983235 -0.482006 0.000000
vt 0.982082 -0.468532 0.000000
vt 0.982082 -0.468532 0.000000
vt 0.984400 -0.443352 0.000000
vt 0.984411 -0.456432 0.000000
vt 0.992683 -0.456257 0.000000
vt 0.992608 -0.442827 0.000000
vt 0.984398 -0.468901 0.000000
vt 0.992608 -0.469506 0.000000
vt 0.992496 -0.482930 0.000000
vt 0.992499 -0.496373 0.000000
vt 0.984401 -0.512859 0.000000
vt 0.992638 -0.511931 0.000000
vt 0.984424 -0.528149 0.000000
vt 0.992813 -0.527511 0.000000
vt 0.984417 -0.541247 0.000000
vt 0.992731 -0.541490 0.000000
vt 0.984403 -0.553899 0.000000
vt 0.992627 -0.554483 0.000000
vt 0.992507 -0.567782 0.000000
vt 0.992449 -0.581010 0.000000
vt 0.992446 -0.416722 0.000000
vt 0.992490 -0.429802 0.000000
vt 0.929031 -0.455341 0.000000
vt 0.930274 -0.442998 0.000000
vt 0.930274 -0.442998 0.000000
vt 0.912842 -0.442628 0.000000
vt 0.912812 -0.455548 0.000000
vt 0.930285 -0.429850 0.000000
vt 0.930285 -0.429850 0.000000
vt 0.912953 -0.429256 0.000000
vt 0.930292 -0.416003 0.000000
vt 0.930287 -0.581488 0.000000
vt 0.930292 -0.416003 0.000000
vt 0.930287 -0.581488 0.000000
vt 0.912995 -0.416360 0.000000
vt 0.912925 -0.581499 0.000000
vt 0.929034 -0.567605 0.000000
vt 0.912789 -0.568597 0.000000
vt 0.929007 -0.553948 0.000000
vt 0.912529 -0.554638 0.000000
vt 0.928997 -0.540881 0.000000
vt 0.912383 -0.541193 0.000000
vt 0.928980 -0.527642 0.000000
vt 0.912355 -0.527062 0.000000
vt 0.929011 -0.512375 0.000000
vt 0.912724 -0.511435 0.000000
vt 0.930276 -0.496343 0.000000
vt 0.930276 -0.496343 0.000000
vt 0.913034 -0.495434 0.000000
vt 0.930284 -0.482127 0.000000
vt 0.930284 -0.482127 0.000000
vt 0.913121 -0.482439 0.000000
vt 0.930274 -0.468879 0.000000
vt 0.930274 -0.468879 0.000000
vt 0.912958 -0.469288 0.000000
vt 0.918789 -0.619574 0.000000
vt 0.377147 -0.619574 0.000000
vt 0.899922 -0.619574 0.000000
vt 0.795569 -0.594316 0.000000
vt 0.776615 -0.594319 0.000000
vt 0.757226 -0.594325 0.000000
vt 0.726853 -0.594339 0.000000
vt 0.702101 -0.594351 0.000000
vt 0.672793 -0.594360 0.000000
vt 0.647968 -0.594362 0.000000
vt 0.759166 -0.614791 0.000000
vt 0.781251 -0.614790 0.000000
vt 0.802565 -0.614789 0.000000
vt 0.816870 -0.614789 0.000000
vt 0.832482 -0.614790 0.000000
vt 0.841731 -0.614791 0.000000
vt 0.859426 -0.614793 0.000000
vt 0.885912 -0.614794 0.000000
vt 0.900854 -0.614794 0.000000
vt 0.918789 -0.614794 0.000000
vt 0.377147 -0.614897 0.000000
vt 0.901082 -0.594335 0.000000
vt 0.886215 -0.594334 0.000000
vt 0.861117 -0.594330 0.000000
vt 0.846431 -0.594326 0.000000
vt 0.831517 -0.594320 0.000000
vt 0.813530 -0.594318 0.000000
vt 0.731283 -0.614763 0.000000
vt 0.647968 -0.614770 0.000000
vt 0.677385 -0.614769 0.000000
vt 0.706434 -0.614768 0.000000
vt 0.396015 -0.619574 0.000000
vt 0.500367 -0.594316 0.000000
vt 0.519322 -0.594319 0.000000
vt 0.538711 -0.594325 0.000000
vt 0.569083 -0.594339 0.000000
vt 0.593836 -0.594351 0.000000
vt 0.623144 -0.594360 0.000000
vt 0.536771 -0.614925 0.000000
vt 0.514686 -0.614892 0.000000
vt 0.493372 -0.614892 0.000000
vt 0.479067 -0.614892 0.000000
vt 0.463454 -0.614893 0.000000
vt 0.454206 -0.614894 0.000000
vt 0.436511 -0.614896 0.000000
vt 0.410024 -0.614897 0.000000
vt 0.395082 -0.614897 0.000000
vt 0.409721 -0.594334 0.000000
vt 0.434819 -0.594330 0.000000
vt 0.449506 -0.594326 0.000000
vt 0.464420 -0.594320 0.000000
vt 0.482407 -0.594318 0.000000
vt 0.564665 -0.614741 0.000000
vt 0.618552 -0.614769 0.000000
vt 0.589503 -0.614768 0.000000
vt 0.918789 -0.594335 0.000000
vt 0.376380 -0.594335 0.000000
vt 0.376380 -0.594335 0.000000
vt 0.395621 -0.594335 0.000000
vt 0.395621 -0.594335 0.000000
vt 0.560991 -0.452761 0.000000
vt 0.706760 -0.619581 0.000000
vt 0.449294 -0.452403 0.000000
vt 0.589176 -0.619581 0.000000
vt 0.757849 -0.589131 0.000000
vt 0.357337 -0.567364 0.000000
vt 0.830883 -0.589131 0.000000
vt 0.316531 -0.027245 0.000000
vt 0.918789 -0.589132 0.000000
vt 0.381297 -0.589251 0.000000
vt 0.212302 -0.012867 0.000000
vt 0.885602 -0.589131 0.000000
vt 0.253932 -0.018956 0.000000
vt 0.701574 -0.589133 0.000000
vt 0.293114 -0.602453 0.000000
vt 0.807665 -0.067039 0.000000
vt 0.802500 -0.619566 0.000000
vt 0.847148 -0.072066 0.000000
vt 0.831550 -0.619568 0.000000
vt 0.603403 -0.013199 0.000000
vt 0.858541 -0.619573 0.000000
vt 0.672555 -0.589133 0.000000
vt 0.254220 -0.613748 0.000000
vt 0.726585 -0.589132 0.000000
vt 0.322916 -0.580612 0.000000
vt 0.777146 -0.589130 0.000000
vt 0.374798 -0.549298 0.000000
vt 0.780612 -0.069528 0.000000
vt 0.781475 -0.619567 0.000000
vt 0.500165 -0.589130 0.000000
vt 0.085183 -0.039143 0.000000
vt 0.058181 -0.527866 0.000000
vt 0.465054 -0.589131 0.000000
vt 0.124716 -0.038357 0.000000
vt 0.410334 -0.589131 0.000000
vt 0.174091 -0.017229 0.000000
vt 0.691383 -0.021305 0.000000
vt 0.426437 -0.076472 0.000000
vt 0.455520 -0.619570 0.000000
vt 0.434869 -0.589131 0.000000
vt 0.155891 -0.033480 0.000000
vt 0.681243 -0.013199 0.000000
vt 0.437395 -0.619573 0.000000
vt 0.623382 -0.589133 0.000000
vt 0.194942 -0.612315 0.000000
vt 0.569352 -0.589132 0.000000
vt 0.129000 -0.575475 0.000000
vt 0.431243 -0.434789 0.000000
vt 0.561553 -0.085634 0.000000
vt 0.563023 -0.625600 0.000000
vt 0.505031 -0.069528 0.000000
vt 0.514461 -0.619567 0.000000
vt 0.483386 -0.589130 0.000000
vt 0.104322 -0.038553 0.000000
vt 0.458743 -0.069553 0.000000
vt 0.479358 -0.619567 0.000000
vt 0.450075 -0.589131 0.000000
vt 0.141630 -0.035537 0.000000
vt 0.579705 -0.439561 0.000000
vt 0.722467 -0.090054 0.000000
vt 0.731174 -0.623294 0.000000
vt 0.937348 -0.275236 0.000000
vt 0.936505 -0.284568 0.000000
vt 0.988118 -0.232815 0.000000
vt 0.965089 -0.233426 0.000000
vt 0.989998 -0.202595 0.000000
vt 0.969606 -0.209713 0.000000
vt 0.956958 -0.188521 0.000000
vt 0.989117 -0.180130 0.000000
vt 0.944606 -0.229427 0.000000
vt 0.949212 -0.211372 0.000000
vt 0.946611 -0.195022 0.000000
vt 0.938167 -0.197926 0.000000
vt 0.969489 -0.221105 0.000000
vt 0.990270 -0.218029 0.000000
vt 0.946424 -0.220125 0.000000
vt 0.963577 -0.244436 0.000000
vt 0.986760 -0.244265 0.000000
vt 0.940224 -0.240808 0.000000
vt 0.956736 -0.266889 0.000000
vt 0.937734 -0.257065 0.000000
vt 0.991964 -0.199043 0.000000
vt 0.968381 -0.204389 0.000000
vt 0.948717 -0.206949 0.000000
vt 0.937108 -0.290899 0.000000
vt 0.930268 -0.270855 0.000000
vt 0.929663 -0.278273 0.000000
vt 0.931520 -0.227550 0.000000
vt 0.938490 -0.211583 0.000000
vt 0.931902 -0.198749 0.000000
vt 0.931893 -0.218518 0.000000
vt 0.931200 -0.238621 0.000000
vt 0.930741 -0.251571 0.000000
vt 0.929633 -0.283285 0.000000
vt 0.931822 -0.213046 0.000000
vt 0.922598 -0.273712 0.000000
vt 0.921732 -0.283025 0.000000
vt 0.873258 -0.229690 0.000000
vt 0.896945 -0.231452 0.000000
vt 0.871000 -0.199788 0.000000
vt 0.892618 -0.208259 0.000000
vt 0.906322 -0.187948 0.000000
vt 0.873713 -0.177468 0.000000
vt 0.918234 -0.228645 0.000000
vt 0.913774 -0.210861 0.000000
vt 0.916940 -0.194665 0.000000
vt 0.925663 -0.197746 0.000000
vt 0.893043 -0.219054 0.000000
vt 0.871489 -0.214944 0.000000
vt 0.916694 -0.219268 0.000000
vt 0.897933 -0.242475 0.000000
vt 0.874209 -0.241079 0.000000
vt 0.921945 -0.240197 0.000000
vt 0.903748 -0.265247 0.000000
vt 0.923443 -0.256519 0.000000
vt 0.869831 -0.195331 0.000000
vt 0.894159 -0.203174 0.000000
vt 0.914472 -0.206594 0.000000
vt 0.920815 -0.289287 0.000000
vt 0.925023 -0.211297 0.000000
vt 0.669439 -0.744827 0.000000
vt 0.562408 -0.695822 0.000000
vt 0.672769 -0.639554 0.000000
vt 0.585131 -0.637042 0.000000
vt 0.480499 -0.693688 0.000000
vt 0.428324 -0.627954 0.000000
vt 0.931794 -0.631923 0.000000
vt 0.502950 -0.633693 0.000000
vt 0.576893 -0.920747 0.000000
vt 0.503135 -0.882691 0.000000
vt 0.434931 -0.863341 0.000000
vt 0.378096 -0.846545 0.000000
vt 0.563854 -0.950489 0.000000
vt 0.498051 -0.922888 0.000000
vt 0.436403 -0.905109 0.000000
vt 0.381316 -0.877689 0.000000
vt 0.614638 -0.677143 0.000000
vt 0.453890 -0.653781 0.000000
vt 0.535076 -0.656151 0.000000
vt 0.557543 -0.808692 0.000000
vt 0.493762 -0.778430 0.000000
vt 0.420111 -0.783093 0.000000
vt 0.357818 -0.778873 0.000000
vt 0.641875 -0.854783 0.000000
vt 0.521644 -0.908199 0.000000
vt 0.471909 -0.887844 0.000000
vt 0.403310 -0.863181 0.000000
vt 0.617168 -0.936048 0.000000
vt 0.341798 -0.846652 0.000000
vt 0.673939 -0.682914 0.000000
vt 0.615320 -0.639811 0.000000
vt 0.574667 -0.658365 0.000000
vt 0.605629 -0.718715 0.000000
vt 0.436407 -0.705296 0.000000
vt 0.494366 -0.654012 0.000000
vt 0.469374 -0.635962 0.000000
vt 0.415245 -0.650632 0.000000
vt 0.936248 -0.653187 0.000000
vt 0.519177 -0.694737 0.000000
vt 0.548653 -0.633993 0.000000
vt 0.531523 -0.893551 0.000000
vt 0.472437 -0.873286 0.000000
vt 0.400670 -0.852849 0.000000
vt 0.618453 -0.831643 0.000000
vt 0.529338 -0.791467 0.000000
vt 0.455851 -0.779272 0.000000
vt 0.389737 -0.783701 0.000000
vt 0.513813 -0.940423 0.000000
vt 0.472249 -0.917200 0.000000
vt 0.404363 -0.890883 0.000000
vt 0.596709 -0.956140 0.000000
vt 0.342673 -0.870947 0.000000
vt 0.574546 -0.927384 0.000000
vt 0.498905 -0.901333 0.000000
vt 0.436758 -0.874535 0.000000
vt 0.378298 -0.852880 0.000000
vt 0.552245 -0.965930 0.000000
vt 0.511500 -0.955509 0.000000
vt 0.489118 -0.933525 0.000000
vt 0.466182 -0.931694 0.000000
vt 0.439914 -0.929483 0.000000
vt 0.409532 -0.916886 0.000000
vt 0.385274 -0.894783 0.000000
vt 0.541323 -0.965213 0.000000
vt 0.346598 -0.889597 0.000000
vt 0.583297 -0.968434 0.000000
vt 0.556093 -0.822759 0.000000
vt 0.519449 -0.845897 0.000000
vt 0.579884 -0.898770 0.000000
vt 0.489449 -0.818137 0.000000
vt 0.445107 -0.831112 0.000000
vt 0.417946 -0.809179 0.000000
vt 0.383240 -0.825077 0.000000
vt 0.541207 -0.866985 0.000000
vt 0.528081 -0.827988 0.000000
vt 0.600301 -0.862245 0.000000
vt 0.481324 -0.842426 0.000000
vt 0.454001 -0.809939 0.000000
vt 0.406941 -0.830424 0.000000
vt 0.389777 -0.809975 0.000000
vt 0.633093 -0.917107 0.000000
vt 0.350112 -0.828078 0.000000
vt 0.569801 -0.781006 0.000000
vt 0.627886 -0.818795 0.000000
vt 0.543893 -0.756746 0.000000
vt 0.501764 -0.742182 0.000000
vt 0.464957 -0.741763 0.000000
vt 0.418973 -0.757088 0.000000
vt 0.386809 -0.767148 0.000000
vt 0.352748 -0.761098 0.000000
vt 0.652580 -0.840468 0.000000
vt 0.613286 -0.659747 0.000000
vt 0.673019 -0.649353 0.000000
vt 0.584139 -0.646262 0.000000
vt 0.459250 -0.644195 0.000000
vt 0.499975 -0.638652 0.000000
vt 0.420483 -0.640269 0.000000
vt 0.933050 -0.643703 0.000000
vt 0.539783 -0.644657 0.000000
vt 0.612979 -0.648190 0.000000
vt 0.673387 -0.662674 0.000000
vt 0.580513 -0.653649 0.000000
vt 0.465402 -0.639971 0.000000
vt 0.497182 -0.646712 0.000000
vt 0.422577 -0.633228 0.000000
vt 0.933573 -0.637141 0.000000
vt 0.543584 -0.640646 0.000000
vt 0.439878 -0.686776 0.000000
vt 0.484430 -0.680477 0.000000
vt 0.528577 -0.668015 0.000000
vt 0.402341 -0.694918 0.000000
vt 0.943688 -0.691926 0.000000
vt 0.446308 -0.669971 0.000000
vt 0.488372 -0.666948 0.000000
vt 0.523342 -0.682534 0.000000
vt 0.601116 -0.732225 0.000000
vt 0.563975 -0.707315 0.000000
vt 0.349206 -0.729091 0.000000
vt 0.668598 -0.815045 0.000000
vt 0.663691 -0.752948 0.000000
vt 0.591246 -0.756093 0.000000
vt 0.550523 -0.743480 0.000000
vt 0.671707 -0.772909 0.000000
vt 0.361689 -0.690288 0.000000
vt 0.646283 -0.801462 0.000000
vt 0.600222 -0.743192 0.000000
vt 0.558798 -0.720317 0.000000
vt 0.362744 -0.705376 0.000000
vt 0.672312 -0.790426 0.000000
vt 0.655020 -0.778060 0.000000
vt 0.511200 -0.722661 0.000000
vt 0.473069 -0.719625 0.000000
vt 0.431002 -0.729421 0.000000
vt 0.388834 -0.734436 0.000000
vt 0.565218 -0.672564 0.000000
vt 0.610060 -0.689127 0.000000
vt 0.674557 -0.706072 0.000000
vt 0.562044 -0.688417 0.000000
vt 0.606884 -0.706829 0.000000
vt 0.673985 -0.731518 0.000000
vt 0.397745 -0.715238 0.000000
vt 0.406560 -0.669289 0.000000
vt 0.939579 -0.668075 0.000000
vt 0.675016 -0.755658 0.000000
vt 0.351811 -0.675715 0.000000
vt 0.994955 -0.699834 0.000000
vt 0.678006 -0.745015 0.000000
vt 0.787099 -0.704890 0.000000
vt 0.761299 -0.631912 0.000000
vt 0.869570 -0.698153 0.000000
vt 0.852985 -0.635584 0.000000
vt 0.756435 -0.935783 0.000000
vt 0.830402 -0.886349 0.000000
vt 0.891355 -0.879849 0.000000
vt 0.950378 -0.874355 0.000000
vt 0.752019 -0.989558 0.000000
vt 0.819000 -0.960852 0.000000
vt 0.877306 -0.939914 0.000000
vt 0.938105 -0.930809 0.000000
vt 0.735535 -0.676745 0.000000
vt 0.900554 -0.652409 0.000000
vt 0.815015 -0.654270 0.000000
vt 0.776390 -0.815644 0.000000
vt 0.835559 -0.787284 0.000000
vt 0.911599 -0.792139 0.000000
vt 0.977512 -0.801483 0.000000
vt 0.691404 -0.858671 0.000000
vt 0.809413 -0.927321 0.000000
vt 0.854002 -0.903079 0.000000
vt 0.917571 -0.895876 0.000000
vt 0.978511 -0.892570 0.000000
vt 0.717348 -0.953960 0.000000
vt 0.731537 -0.636884 0.000000
vt 0.773409 -0.656544 0.000000
vt 0.742883 -0.724423 0.000000
vt 0.909877 -0.702013 0.000000
vt 0.859578 -0.652789 0.000000
vt 0.895547 -0.633231 0.000000
vt 0.830876 -0.701136 0.000000
vt 0.802295 -0.631869 0.000000
vt 0.811433 -0.910939 0.000000
vt 0.860893 -0.885210 0.000000
vt 0.922154 -0.877143 0.000000
vt 0.715611 -0.939589 0.000000
vt 0.987100 -0.878056 0.000000
vt 0.720687 -0.840067 0.000000
vt 0.800006 -0.797103 0.000000
vt 0.875752 -0.789400 0.000000
vt 0.943141 -0.788315 0.000000
vt 0.799991 -0.976209 0.000000
vt 0.847155 -0.948209 0.000000
vt 0.909008 -0.935438 0.000000
vt 0.729229 -0.984388 0.000000
vt 0.969839 -0.928035 0.000000
vt 0.754764 -0.950666 0.000000
vt 0.826025 -0.908846 0.000000
vt 0.883871 -0.899162 0.000000
vt 0.946828 -0.894305 0.000000
vt 0.779441 -0.830729 0.000000
vt 0.822880 -0.856158 0.000000
vt 0.750211 -0.916826 0.000000
vt 0.839377 -0.823790 0.000000
vt 0.884963 -0.852304 0.000000
vt 0.913400 -0.825142 0.000000
vt 0.947956 -0.844078 0.000000
vt 0.701912 -0.899552 0.000000
vt 0.969702 -0.835932 0.000000
vt 0.803002 -0.878024 0.000000
vt 0.733783 -0.874526 0.000000
vt 0.853476 -0.861371 0.000000
vt 0.876476 -0.825062 0.000000
vt 0.919497 -0.847046 0.000000
vt 0.944893 -0.822596 0.000000
vt 0.705511 -0.919594 0.000000
vt 0.981877 -0.855031 0.000000
vt 0.765255 -0.788333 0.000000
vt 0.711118 -0.824744 0.000000
vt 0.789496 -0.759655 0.000000
vt 0.832212 -0.753439 0.000000
vt 0.874436 -0.749229 0.000000
vt 0.914983 -0.760427 0.000000
vt 0.945392 -0.766611 0.000000
vt 0.985056 -0.780579 0.000000
vt 0.684774 -0.842530 0.000000
vt 0.735204 -0.657193 0.000000
vt 0.762734 -0.641904 0.000000
vt 0.897250 -0.642016 0.000000
vt 0.854798 -0.639638 0.000000
vt 0.810708 -0.642892 0.000000
vt 0.735048 -0.645285 0.000000
vt 0.767059 -0.650686 0.000000
vt 0.896865 -0.637755 0.000000
vt 0.857014 -0.644165 0.000000
vt 0.807113 -0.638414 0.000000
vt 0.907848 -0.685959 0.000000
vt 0.866763 -0.682910 0.000000
vt 0.820946 -0.669889 0.000000
vt 0.904159 -0.669585 0.000000
vt 0.864125 -0.668332 0.000000
vt 0.826551 -0.686648 0.000000
vt 0.784915 -0.717112 0.000000
vt 0.987125 -0.748512 0.000000
vt 0.675615 -0.812911 0.000000
vt 0.683250 -0.753675 0.000000
vt 0.752867 -0.763688 0.000000
vt 0.788678 -0.746931 0.000000
vt 0.673605 -0.772942 0.000000
vt 0.989458 -0.709844 0.000000
vt 0.701386 -0.803100 0.000000
vt 0.747161 -0.749929 0.000000
vt 0.787237 -0.729785 0.000000
vt 0.990153 -0.725009 0.000000
vt 0.674479 -0.790580 0.000000
vt 0.690039 -0.779208 0.000000
vt 0.829515 -0.730519 0.000000
vt 0.871455 -0.726366 0.000000
vt 0.911120 -0.726867 0.000000
vt 0.948337 -0.735529 0.000000
vt 0.782649 -0.674759 0.000000
vt 0.739138 -0.690798 0.000000
vt 0.787120 -0.694847 0.000000
vt 0.742153 -0.711253 0.000000
vt 0.944965 -0.714957 0.000000
vt 0.646252 -0.697525 0.000000
vt 0.649018 -0.681436 0.000000
vt 0.648421 -0.640242 0.000000
vt 0.645991 -0.649626 0.000000
vt 0.626531 -0.753079 0.000000
vt 0.638636 -0.728439 0.000000
vt 0.544790 -0.915971 0.000000
vt 0.550975 -0.890495 0.000000
vt 0.538341 -0.941380 0.000000
vt 0.537334 -0.945586 0.000000
vt 0.559434 -0.870080 0.000000
vt 0.592935 -0.820673 0.000000
vt 0.602114 -0.799450 0.000000
vt 0.649554 -0.662419 0.000000
vt 0.615256 -0.778202 0.000000
vt 0.626937 -0.761469 0.000000
vt 0.642395 -0.716970 0.000000
vt 0.702400 -0.698159 0.000000
vt 0.698933 -0.680377 0.000000
vt 0.697245 -0.638981 0.000000
vt 0.700498 -0.648220 0.000000
vt 0.713291 -0.738296 0.000000
vt 0.709453 -0.730513 0.000000
vt 0.785260 -0.925751 0.000000
vt 0.779307 -0.908295 0.000000
vt 0.783919 -0.942487 0.000000
vt 0.772370 -0.984079 0.000000
vt 0.761798 -0.867596 0.000000
vt 0.744709 -0.829225 0.000000
vt 0.737181 -0.805861 0.000000
vt 0.697415 -0.661164 0.000000
vt 0.730559 -0.782786 0.000000
vt 0.719043 -0.764564 0.000000
vt 0.706395 -0.718653 0.000000
vt 0.550205 -0.842795 0.000000
vt 0.627744 -0.888381 0.000000
vt 0.370346 -0.814128 0.000000
vt 0.588997 -0.878302 0.000000
vt 0.792014 -0.856062 0.000000
vt 0.808070 -0.829986 0.000000
vt 0.746599 -0.892572 0.000000
vt 0.570204 -0.855611 0.000000
vt 0.773052 -0.887204 0.000000
vt 0.551124 -0.833779 0.000000
vt 0.594133 -0.868959 0.000000
vt 0.785742 -0.844319 0.000000
vt 0.735441 -0.885402 0.000000
vt 0.564535 -0.860272 0.000000
vt 0.765606 -0.875230 0.000000
vt 0.541478 -0.853897 0.000000
vt 0.586572 -0.884086 0.000000
vt 0.803303 -0.859941 0.000000
vt 0.747212 -0.902985 0.000000
vt 0.555771 -0.874801 0.000000
vt 0.778953 -0.893532 0.000000
vt 0.614303 -0.834942 0.000000
vt 0.640411 -0.860524 0.000000
vt 0.362242 -0.786637 0.000000
vt 0.725130 -0.844835 0.000000
vt 0.690324 -0.868358 0.000000
vt 0.977228 -0.809627 0.000000
vt 0.589590 -0.827284 0.000000
vt 0.755832 -0.863513 0.000000
vt 0.603502 -0.859308 0.000000
vt 0.633410 -0.877723 0.000000
vt 0.363532 -0.811963 0.000000
vt 0.729905 -0.871085 0.000000
vt 0.693570 -0.894486 0.000000
vt 0.969546 -0.829535 0.000000
vt 0.576174 -0.851092 0.000000
vt 0.745572 -0.837212 0.000000
vt 0.608795 -0.847415 0.000000
vt 0.631466 -0.865759 0.000000
vt 0.365647 -0.800264 0.000000
vt 0.723622 -0.860004 0.000000
vt 0.692056 -0.879230 0.000000
vt 0.971587 -0.818593 0.000000
vt 0.583645 -0.840231 0.000000
vt 0.750063 -0.852478 0.000000
vt 0.655844 -0.768010 0.000000
vt 0.746680 -0.738181 0.000000
vt 0.689929 -0.768850 0.000000
vt 0.634701 -0.735871 0.000000
vt 0.719913 -0.755408 0.000000
vt 0.661270 -0.764325 0.000000
vt 0.684690 -0.765069 0.000000
vt 0.632811 -0.747934 0.000000
vt 0.714096 -0.750111 0.000000
vt 0.517292 -0.926397 0.000000
vt 0.471944 -0.908394 0.000000
vt 0.401604 -0.883025 0.000000
vt 0.602735 -0.952691 0.000000
vt 0.338905 -0.864385 0.000000
vt 0.567073 -0.944660 0.000000
vt 0.496858 -0.918180 0.000000
vt 0.437635 -0.896129 0.000000
vt 0.379216 -0.869632 0.000000
vt 0.541722 -0.924978 0.000000
vt 0.516357 -0.917864 0.000000
vt 0.474529 -0.900072 0.000000
vt 0.405989 -0.875612 0.000000
vt 0.341779 -0.857399 0.000000
vt 0.604054 -0.944117 0.000000
vt 0.567836 -0.937189 0.000000
vt 0.496801 -0.910731 0.000000
vt 0.440291 -0.888116 0.000000
vt 0.384636 -0.862924 0.000000
vt 0.538549 -0.932698 0.000000
vt 0.806468 -0.958102 0.000000
vt 0.851380 -0.928243 0.000000
vt 0.915321 -0.921222 0.000000
vt 0.724188 -0.971074 0.000000
vt 0.977148 -0.912763 0.000000
vt 0.755569 -0.971651 0.000000
vt 0.822622 -0.941700 0.000000
vt 0.882568 -0.923917 0.000000
vt 0.942884 -0.919307 0.000000
vt 0.781049 -0.967605 0.000000
vt 0.806049 -0.943902 0.000000
vt 0.849546 -0.918214 0.000000
vt 0.912362 -0.909895 0.000000
vt 0.971005 -0.900250 0.000000
vt 0.722983 -0.960881 0.000000
vt 0.754370 -0.961377 0.000000
vt 0.822528 -0.927368 0.000000
vt 0.878440 -0.912769 0.000000
vt 0.942369 -0.907202 0.000000
vt 0.780657 -0.955067 0.000000
vt 0.297835 -0.291931 0.000000
vt 0.296674 -0.335980 0.000000
vt 0.299608 -0.246239 0.000000
vt 0.360788 -0.104771 0.000000
vt 0.378952 -0.432103 0.000000
vt 0.333863 -0.426345 0.000000
vt 0.312625 -0.154813 0.000000
vt 0.347702 -0.058256 0.000000
vt 0.398133 -0.505308 0.000000
vt 0.319210 -0.086124 0.000000
vt 0.212830 -0.086816 0.000000
vt 0.258798 -0.157011 0.000000
vt 0.388406 -0.071662 0.000000
vt 0.303451 -0.200780 0.000000
vt 0.323341 -0.379242 0.000000
vt 0.225959 -0.400681 0.000000
vt 0.358659 -0.408066 0.000000
vt 0.434205 -0.290701 0.000000
vt 0.382861 -0.091477 0.000000
vt 0.424258 -0.340607 0.000000
vt 0.408966 -0.090833 0.000000
vt 0.421984 -0.365230 0.000000
vt 0.419500 -0.082622 0.000000
vt 0.422649 -0.404171 0.000000
vt 0.419557 -0.052936 0.000000
vt 0.410641 -0.135078 0.000000
vt 0.424162 -0.434500 0.000000
vt 0.405456 -0.044684 0.000000
vt 0.405697 -0.178858 0.000000
vt 0.372447 -0.044045 0.000000
vt 0.418746 -0.214545 0.000000
vt 0.358713 -0.063347 0.000000
vt 0.427233 -0.243537 0.000000
vt 0.365469 -0.079548 0.000000
vt 0.336255 -0.289991 0.000000
vt 0.382126 -0.294020 0.000000
vt 0.324089 -0.333324 0.000000
vt 0.376280 -0.331476 0.000000
vt 0.339481 -0.366412 0.000000
vt 0.377694 -0.357035 0.000000
vt 0.371675 -0.407539 0.000000
vt 0.396760 -0.397503 0.000000
vt 0.391895 -0.434959 0.000000
vt 0.373210 -0.114451 0.000000
vt 0.399411 -0.128836 0.000000
vt 0.412436 -0.434080 0.000000
vt 0.338531 -0.159307 0.000000
vt 0.378441 -0.168718 0.000000
vt 0.329502 -0.199643 0.000000
vt 0.372779 -0.209652 0.000000
vt 0.333445 -0.249288 0.000000
vt 0.383789 -0.248282 0.000000
vt 0.363021 -0.090851 0.000000
vt 0.384709 -0.440791 0.000000
vt 0.310673 -0.141308 0.000000
vt 0.341508 -0.469066 0.000000
vt 0.286660 -0.198501 0.000000
vt 0.283489 -0.159475 0.000000
vt 0.284488 -0.120561 0.000000
vt 0.279980 -0.082640 0.000000
vt 0.349186 -0.497724 0.000000
vt 0.243851 -0.157172 0.000000
vt 0.227393 -0.079688 0.000000
vt 0.247920 -0.400146 0.000000
vt 0.220608 -0.114710 0.000000
vt 0.374334 -0.500475 0.000000
vt 0.356577 -0.467462 0.000000
vt 0.296197 -0.271048 0.000000
vt 0.339194 -0.129188 0.000000
vt 0.331686 -0.069958 0.000000
vt 0.377431 -0.068371 0.000000
vt 0.404915 -0.154790 0.000000
vt 0.390849 -0.041644 0.000000
vt 0.434102 -0.264255 0.000000
vt 0.375555 -0.088058 0.000000
vt 0.380318 -0.141742 0.000000
vt 0.356194 -0.133098 0.000000
vt 0.389842 -0.273371 0.000000
vt 0.332484 -0.274001 0.000000
vt 0.345726 -0.107004 0.000000
vt 0.296027 -0.199073 0.000000
vt 0.299432 -0.119595 0.000000
vt 0.421398 -0.340632 0.000000
vt 0.431535 -0.292605 0.000000
vt 0.431622 -0.265729 0.000000
vt 0.424682 -0.244574 0.000000
vt 0.416193 -0.215294 0.000000
vt 0.402905 -0.179487 0.000000
vt 0.401814 -0.154831 0.000000
vt 0.421337 -0.435028 0.000000
vt 0.408495 -0.132648 0.000000
vt 0.419970 -0.404669 0.000000
vt 0.418823 -0.364665 0.000000
vt 0.390082 -0.291321 0.000000
vt 0.384282 -0.330700 0.000000
vt 0.385992 -0.359137 0.000000
vt 0.404003 -0.401140 0.000000
vt 0.414218 -0.435281 0.000000
vt 0.401813 -0.128967 0.000000
vt 0.387276 -0.144681 0.000000
vt 0.380494 -0.169375 0.000000
vt 0.391065 -0.250465 0.000000
vt 0.391871 -0.271775 0.000000
vt 0.385142 -0.085325 0.000000
vt 0.405609 -0.084338 0.000000
vt 0.414431 -0.076586 0.000000
vt 0.414854 -0.056686 0.000000
vt 0.400370 -0.048713 0.000000
vt 0.388835 -0.047550 0.000000
vt 0.376230 -0.050121 0.000000
vt 0.365702 -0.067056 0.000000
vt 0.368936 -0.079247 0.000000
vt 0.376873 -0.081969 0.000000
vt 0.413663 -0.358379 0.000000
vt 0.416976 -0.358477 0.000000
vt 0.414438 -0.083102 0.000000
vt 0.294966 -0.312201 0.000000
vt 0.375978 -0.421447 0.000000
vt 0.401600 -0.073290 0.000000
vt 0.431342 -0.318852 0.000000
vt 0.394459 -0.093284 0.000000
vt 0.423212 -0.420528 0.000000
vt 0.413345 -0.046586 0.000000
vt 0.379565 -0.313359 0.000000
vt 0.331467 -0.308499 0.000000
vt 0.405163 -0.414648 0.000000
vt 0.388224 -0.420302 0.000000
vt 0.428468 -0.320369 0.000000
vt 0.420488 -0.420488 0.000000
vt 0.387765 -0.311221 0.000000
vt 0.409768 -0.418863 0.000000
vt 0.395278 -0.085952 0.000000
vt 0.408232 -0.050814 0.000000
vt 0.225723 -0.448199 0.000000
vt 0.395393 -0.494455 0.000000
vt 0.345818 -0.069661 0.000000
vt 0.339633 -0.095807 0.000000
vt 0.340552 -0.449206 0.000000
vt 0.346085 -0.429494 0.000000
vt 0.337943 -0.110952 0.000000
vt 0.322936 -0.099617 0.000000
vt 0.307860 -0.120005 0.000000
vt 0.374281 -0.480600 0.000000
vt 0.382175 -0.462495 0.000000
vt 0.364490 -0.446992 0.000000
vt 0.300321 -0.134414 0.000000
vt 0.295449 -0.161026 0.000000
vt 0.331379 -0.077689 0.000000
vt 0.343718 -0.439046 0.000000
vt 0.329319 -0.109243 0.000000
vt 0.309293 -0.130865 0.000000
vt 0.380952 -0.472009 0.000000
vt 0.362957 -0.456014 0.000000
vt 0.303415 -0.143841 0.000000
vt 0.398768 -0.484060 0.000000
vt 0.350435 -0.077285 0.000000
vt 0.335545 -0.088002 0.000000
vt 0.353802 -0.360665 0.000000
vt 0.377563 -0.405633 0.000000
vt 0.394807 -0.435006 0.000000
vt 0.376954 -0.121829 0.000000
vt 0.346792 -0.165296 0.000000
vt 0.347846 -0.212407 0.000000
vt 0.371922 -0.144123 0.000000
vt 0.399334 -0.416396 0.000000
vt 0.363494 -0.359439 0.000000
vt 0.387293 -0.401289 0.000000
vt 0.388500 -0.125233 0.000000
vt 0.401976 -0.433605 0.000000
vt 0.362672 -0.169730 0.000000
vt 0.358540 -0.212708 0.000000
vt 0.359565 -0.140569 0.000000
vt 0.392168 -0.420078 0.000000
vt 0.358468 -0.358249 0.000000
vt 0.380804 -0.401103 0.000000
vt 0.396896 -0.433250 0.000000
vt 0.380762 -0.126990 0.000000
vt 0.357472 -0.171161 0.000000
vt 0.354075 -0.214506 0.000000
vt 0.365757 -0.145383 0.000000
vt 0.394241 -0.417835 0.000000
vt 0.332393 -0.411598 0.000000
vt 0.319447 -0.387165 0.000000
vt 0.352682 -0.413587 0.000000
vt 0.361761 -0.089564 0.000000
vt 0.389034 -0.448694 0.000000
vt 0.383329 -0.444522 0.000000
vt 0.361522 -0.422205 0.000000
vt 0.330622 -0.395442 0.000000
vt 0.348896 -0.423480 0.000000
vt 0.356925 -0.084803 0.000000
vt 0.392388 -0.458137 0.000000
vt 0.383975 -0.456476 0.000000
vt 0.364018 -0.440841 0.000000
vt 0.331911 -0.403163 0.000000
vt 0.349485 -0.417341 0.000000
vt 0.379904 -0.448250 0.000000
vt 0.360890 -0.429894 0.000000
vt 0.242569 -0.361136 0.000000
vt 0.232917 -0.368198 0.000000
vt 0.226040 -0.387340 0.000000
vt 0.227993 -0.365591 0.000000
vt 0.228368 -0.352927 0.000000
vt 0.244509 -0.329931 0.000000
vt 0.241912 -0.307804 0.000000
vt 0.242640 -0.284648 0.000000
vt 0.246183 -0.269831 0.000000
vt 0.245112 -0.256271 0.000000
vt 0.237217 -0.252485 0.000000
vt 0.227368 -0.251208 0.000000
vt 0.225936 -0.397967 0.000000
vt 0.229855 -0.367283 0.000000
vt 0.239524 -0.359235 0.000000
vt 0.256324 -0.337642 0.000000
vt 0.256157 -0.313447 0.000000
vt 0.256321 -0.289957 0.000000
vt 0.259824 -0.266927 0.000000
vt 0.253384 -0.245361 0.000000
vt 0.239338 -0.242155 0.000000
vt 0.225575 -0.242499 0.000000
vt 0.388090 -0.292619 0.000000
vt 0.382148 -0.331099 0.000000
vt 0.383823 -0.358443 0.000000
vt 0.401745 -0.401005 0.000000
vt 0.395264 -0.123825 0.000000
vt 0.407954 -0.432053 0.000000
vt 0.371989 -0.167681 0.000000
vt 0.380487 -0.210807 0.000000
vt 0.389050 -0.248859 0.000000
vt 0.385241 -0.144769 0.000000
vt 0.384155 -0.274232 0.000000
vt 0.385635 -0.312209 0.000000
vt 0.408260 -0.417913 0.000000
vt 0.315209 -0.292793 0.000000
vt 0.310223 -0.336222 0.000000
vt 0.333403 -0.370535 0.000000
vt 0.366665 -0.408265 0.000000
vt 0.366535 -0.109983 0.000000
vt 0.387730 -0.437212 0.000000
vt 0.329721 -0.152958 0.000000
vt 0.315305 -0.196548 0.000000
vt 0.313971 -0.244327 0.000000
vt 0.349442 -0.133843 0.000000
vt 0.312217 -0.271162 0.000000
vt 0.311378 -0.316046 0.000000
vt 0.384478 -0.422232 0.000000
vt 0.351544 -0.330733 0.000000
vt 0.353979 -0.309809 0.000000
vt 0.358195 -0.292910 0.000000
vt 0.359147 -0.276008 0.000000
vt 0.359305 -0.250976 0.000000
vt 0.160556 -0.288496 0.000000
vt 0.158501 -0.332041 0.000000
vt 0.164064 -0.248783 0.000000
vt 0.070162 -0.116731 0.000000
vt 0.057474 -0.424731 0.000000
vt 0.115571 -0.422534 0.000000
vt 0.133816 -0.158429 0.000000
vt 0.084451 -0.078758 0.000000
vt 0.061314 -0.486833 0.000000
vt 0.126327 -0.093202 0.000000
vt 0.194292 -0.157390 0.000000
vt 0.182461 -0.086433 0.000000
vt 0.040681 -0.084072 0.000000
vt 0.146184 -0.210608 0.000000
vt 0.123199 -0.375159 0.000000
vt 0.088261 -0.410879 0.000000
vt 0.022293 -0.289502 0.000000
vt 0.038751 -0.061518 0.000000
vt 0.031916 -0.334455 0.000000
vt 0.060828 -0.063395 0.000000
vt 0.037958 -0.352148 0.000000
vt 0.074860 -0.079057 0.000000
vt 0.049432 -0.371229 0.000000
vt 0.069988 -0.102641 0.000000
vt 0.022823 -0.146427 0.000000
vt 0.042076 -0.381500 0.000000
vt 0.047677 -0.111346 0.000000
vt 0.050160 -0.182731 0.000000
vt 0.019077 -0.101787 0.000000
vt 0.029802 -0.225420 0.000000
vt 0.011085 -0.082078 0.000000
vt 0.026531 -0.257090 0.000000
vt 0.019836 -0.068388 0.000000
vt 0.125804 -0.293431 0.000000
vt 0.080100 -0.289464 0.000000
vt 0.133491 -0.338318 0.000000
vt 0.082857 -0.322452 0.000000
vt 0.112062 -0.369603 0.000000
vt 0.078156 -0.349364 0.000000
vt 0.081988 -0.403525 0.000000
vt 0.073116 -0.377643 0.000000
vt 0.053307 -0.412535 0.000000
vt 0.061341 -0.130204 0.000000
vt 0.034172 -0.139936 0.000000
vt 0.047617 -0.393222 0.000000
vt 0.122097 -0.168744 0.000000
vt 0.086944 -0.185038 0.000000
vt 0.120151 -0.216325 0.000000
vt 0.078911 -0.227905 0.000000
vt 0.134630 -0.255712 0.000000
vt 0.080330 -0.262151 0.000000
vt 0.078251 -0.107667 0.000000
vt 0.055649 -0.439449 0.000000
vt 0.130796 -0.141488 0.000000
vt 0.115268 -0.467128 0.000000
vt 0.189128 -0.122635 0.000000
vt 0.166299 -0.204743 0.000000
vt 0.169485 -0.164113 0.000000
vt 0.165087 -0.126772 0.000000
vt 0.156737 -0.070062 0.000000
vt 0.109464 -0.493878 0.000000
vt 0.192553 -0.057315 0.000000
vt 0.200261 -0.399887 0.000000
vt 0.203020 -0.120461 0.000000
vt 0.085431 -0.490004 0.000000
vt 0.099968 -0.466134 0.000000
vt 0.165380 -0.270747 0.000000
vt 0.105635 -0.135372 0.000000
vt 0.104458 -0.082167 0.000000
vt 0.029271 -0.084069 0.000000
vt 0.039986 -0.166194 0.000000
vt 0.034578 -0.109955 0.000000
vt 0.023595 -0.272429 0.000000
vt 0.030990 -0.064034 0.000000
vt 0.067358 -0.161789 0.000000
vt 0.093688 -0.149353 0.000000
vt 0.073256 -0.276799 0.000000
vt 0.132241 -0.277300 0.000000
vt 0.099266 -0.120171 0.000000
vt 0.155939 -0.204883 0.000000
vt 0.157932 -0.127061 0.000000
vt 0.033925 -0.333300 0.000000
vt 0.024927 -0.290014 0.000000
vt 0.026359 -0.273440 0.000000
vt 0.029647 -0.256241 0.000000
vt 0.033859 -0.221158 0.000000
vt 0.055023 -0.182425 0.000000
vt 0.043110 -0.166457 0.000000
vt 0.041651 -0.382646 0.000000
vt 0.025826 -0.145299 0.000000
vt 0.050908 -0.370635 0.000000
vt 0.040197 -0.351728 0.000000
vt 0.069560 -0.289844 0.000000
vt 0.075620 -0.321466 0.000000
vt 0.071145 -0.343124 0.000000
vt 0.066141 -0.373708 0.000000
vt 0.045416 -0.390596 0.000000
vt 0.032084 -0.140502 0.000000
vt 0.056760 -0.163039 0.000000
vt 0.083222 -0.183865 0.000000
vt 0.069230 -0.225482 0.000000
vt 0.071945 -0.261114 0.000000
vt 0.071057 -0.276107 0.000000
vt 0.040100 -0.069765 0.000000
vt 0.058252 -0.071810 0.000000
vt 0.066985 -0.078634 0.000000
vt 0.065159 -0.100147 0.000000
vt 0.049840 -0.105370 0.000000
vt 0.038169 -0.105128 0.000000
vt 0.025504 -0.101286 0.000000
vt 0.018230 -0.085404 0.000000
vt 0.024729 -0.074269 0.000000
vt 0.031124 -0.071995 0.000000
vt 0.044716 -0.344643 0.000000
vt 0.042210 -0.344726 0.000000
vt 0.066898 -0.071175 0.000000
vt 0.162148 -0.307991 0.000000
vt 0.075017 -0.421723 0.000000
vt 0.054062 -0.082819 0.000000
vt 0.024878 -0.307932 0.000000
vt 0.047787 -0.061361 0.000000
vt 0.047320 -0.380762 0.000000
vt 0.055716 -0.111032 0.000000
vt 0.080820 -0.304258 0.000000
vt 0.128858 -0.314950 0.000000
vt 0.061602 -0.393158 0.000000
vt 0.066322 -0.408092 0.000000
vt 0.027579 -0.307669 0.000000
vt 0.047908 -0.381541 0.000000
vt 0.073269 -0.305185 0.000000
vt 0.057944 -0.387531 0.000000
vt 0.049903 -0.070421 0.000000
vt 0.058054 -0.104611 0.000000
vt 0.061578 -0.477111 0.000000
vt 0.086268 -0.082915 0.000000
vt 0.100457 -0.111410 0.000000
vt 0.111315 -0.446855 0.000000
vt 0.102129 -0.425011 0.000000
vt 0.112769 -0.128950 0.000000
vt 0.128980 -0.112737 0.000000
vt 0.149217 -0.127066 0.000000
vt 0.083726 -0.471354 0.000000
vt 0.073218 -0.452536 0.000000
vt 0.092871 -0.450260 0.000000
vt 0.153234 -0.142119 0.000000
vt 0.156493 -0.167121 0.000000
vt 0.103012 -0.092474 0.000000
vt 0.105903 -0.434783 0.000000
vt 0.118075 -0.123067 0.000000
vt 0.141752 -0.136297 0.000000
vt 0.077464 -0.462904 0.000000
vt 0.096064 -0.457183 0.000000
vt 0.144122 -0.150293 0.000000
vt 0.060437 -0.466482 0.000000
vt 0.084833 -0.091513 0.000000
vt 0.102149 -0.102372 0.000000
vt 0.101043 -0.362008 0.000000
vt 0.080817 -0.401056 0.000000
vt 0.052736 -0.408671 0.000000
vt 0.058667 -0.132822 0.000000
vt 0.116114 -0.175535 0.000000
vt 0.104736 -0.220751 0.000000
vt 0.075239 -0.161119 0.000000
vt 0.066439 -0.400586 0.000000
vt 0.091599 -0.355373 0.000000
vt 0.077197 -0.394858 0.000000
vt 0.047781 -0.137749 0.000000
vt 0.051907 -0.402695 0.000000
vt 0.103837 -0.180578 0.000000
vt 0.094495 -0.223403 0.000000
vt 0.087347 -0.154031 0.000000
vt 0.066415 -0.405649 0.000000
vt 0.096445 -0.358963 0.000000
vt 0.079429 -0.397301 0.000000
vt 0.051845 -0.405877 0.000000
vt 0.055440 -0.136736 0.000000
vt 0.110062 -0.181579 0.000000
vt 0.100077 -0.223346 0.000000
vt 0.081679 -0.158642 0.000000
vt 0.067231 -0.402596 0.000000
vt 0.117011 -0.408358 0.000000
vt 0.132599 -0.380674 0.000000
vt 0.092933 -0.416021 0.000000
vt 0.077751 -0.105065 0.000000
vt 0.056881 -0.445200 0.000000
vt 0.060229 -0.442970 0.000000
vt 0.088795 -0.431318 0.000000
vt 0.115243 -0.392588 0.000000
vt 0.099125 -0.422420 0.000000
vt 0.081156 -0.099883 0.000000
vt 0.059302 -0.455093 0.000000
vt 0.068856 -0.448715 0.000000
vt 0.092604 -0.445337 0.000000
vt 0.115118 -0.399788 0.000000
vt 0.096701 -0.418399 0.000000
vt 0.065966 -0.443617 0.000000
vt 0.090342 -0.437388 0.000000
vt 0.209036 -0.361773 0.000000
vt 0.221298 -0.367476 0.000000
vt 0.226464 -0.364919 0.000000
vt 0.221366 -0.352214 0.000000
vt 0.208774 -0.334039 0.000000
vt 0.217494 -0.311721 0.000000
vt 0.216432 -0.285145 0.000000
vt 0.213111 -0.269391 0.000000
vt 0.212909 -0.257155 0.000000
vt 0.218915 -0.251714 0.000000
vt 0.224456 -0.366771 0.000000
vt 0.211759 -0.360167 0.000000
vt 0.196889 -0.335986 0.000000
vt 0.200980 -0.311527 0.000000
vt 0.201300 -0.290253 0.000000
vt 0.201229 -0.268155 0.000000
vt 0.200485 -0.246770 0.000000
vt 0.212829 -0.238698 0.000000
vt 0.212829 -0.238698 0.000000
vt 0.071872 -0.289506 0.000000
vt 0.077256 -0.322079 0.000000
vt 0.072885 -0.345427 0.000000
vt 0.067993 -0.375036 0.000000
vt 0.040654 -0.139434 0.000000
vt 0.050032 -0.397657 0.000000
vt 0.093733 -0.188442 0.000000
vt 0.071801 -0.226230 0.000000
vt 0.074186 -0.261686 0.000000
vt 0.059857 -0.162232 0.000000
vt 0.079027 -0.277049 0.000000
vt 0.075076 -0.304697 0.000000
vt 0.059313 -0.389126 0.000000
vt 0.143094 -0.290826 0.000000
vt 0.145501 -0.335560 0.000000
vt 0.119930 -0.365031 0.000000
vt 0.083133 -0.405837 0.000000
vt 0.065847 -0.123569 0.000000
vt 0.054023 -0.416068 0.000000
vt 0.125332 -0.164758 0.000000
vt 0.132848 -0.213250 0.000000
vt 0.149051 -0.251104 0.000000
vt 0.101135 -0.144729 0.000000
vt 0.148943 -0.273147 0.000000
vt 0.145033 -0.312165 0.000000
vt 0.069537 -0.412981 0.000000
vt 0.107312 -0.329718 0.000000
vt 0.107766 -0.306792 0.000000
vt 0.103793 -0.291354 0.000000
vt 0.105780 -0.278147 0.000000
vt 0.107151 -0.258710 0.000000
vt 0.318581 -0.079453 0.000000
vt 0.295940 -0.082059 0.000000
vt 0.249953 -0.080705 0.000000
vt 0.228740 -0.157009 0.000000
vt 0.136867 -0.070815 0.000000
vt 0.207120 -0.056903 0.000000
vt 0.246657 -0.065423 0.000000
vt 0.285496 -0.093898 0.000000
vt 0.225960 -0.057310 0.000000
vt 0.244154 -0.138014 0.000000
vt 0.230529 -0.094335 0.000000
vt 0.180441 -0.060522 0.000000
vt 0.158308 -0.088387 0.000000
vt 0.209930 -0.140334 0.000000
vt 0.198442 -0.089241 0.000000
vt 0.255966 -0.119990 0.000000
vt 0.146316 -0.089275 0.000000
vt 0.120010 -0.069697 0.000000
vt 0.209865 -0.072293 0.000000
vt 0.286556 -0.073015 0.000000
vt 0.226213 -0.069634 0.000000
vt 0.242828 -0.110828 0.000000
vt 0.181008 -0.078230 0.000000
vt 0.156266 -0.079684 0.000000
vt 0.210188 -0.157930 0.000000
vt 0.195259 -0.074839 0.000000
vt 0.254248 -0.103820 0.000000
vt 0.140023 -0.078845 0.000000
vt 0.265124 -0.071446 0.000000
vt 0.236061 -0.121526 0.000000
vt 0.328976 -0.064290 0.000000
vt 0.279439 -0.056901 0.000000
vt 0.313901 -0.066009 0.000000
vt 0.295098 -0.065177 0.000000
vt 0.228401 -0.138368 0.000000
vt 0.416948 -0.290458 0.000000
vt 0.408335 -0.247359 0.000000
vt 0.418472 -0.268862 0.000000
vt 0.415281 -0.314308 0.000000
vt 0.405031 -0.289191 0.000000
vt 0.404107 -0.333030 0.000000
vt 0.406479 -0.271027 0.000000
vt 0.403925 -0.310228 0.000000
vt 0.411602 -0.290152 0.000000
vt 0.412998 -0.270038 0.000000
vt 0.410006 -0.312537 0.000000
vt 0.040902 -0.285619 0.000000
vt 0.046921 -0.322773 0.000000
vt 0.054718 -0.343195 0.000000
vt 0.044081 -0.252096 0.000000
vt 0.041583 -0.268628 0.000000
vt 0.043342 -0.304382 0.000000
vt 0.054452 -0.285886 0.000000
vt 0.060445 -0.322412 0.000000
vt 0.048660 -0.227750 0.000000
vt 0.059033 -0.255516 0.000000
vt 0.056365 -0.270529 0.000000
vt 0.057668 -0.303648 0.000000
vt 0.046783 -0.286860 0.000000
vt 0.052557 -0.322149 0.000000
vt 0.051076 -0.253777 0.000000
vt 0.047962 -0.268555 0.000000
vt 0.049619 -0.306111 0.000000
vt 0.187520 -0.395939 0.000000
vt 0.194464 -0.398374 0.000000
vt 0.250459 -0.362085 0.000000
vt 0.262850 -0.368017 0.000000
vt 0.253882 -0.363483 0.000000
vt 0.261932 -0.401803 0.000000
vt 0.254159 -0.401449 0.000000
vt 0.330171 -0.503856 0.000000
vt 0.330171 -0.503856 0.000000
vt 0.228766 -0.204889 0.000000
vt 0.228766 -0.204889 0.000000
vt 0.263690 -0.211780 0.000000
vt 0.263690 -0.211780 0.000000
vt 0.350607 -0.522492 0.000000
vt 0.350607 -0.522492 0.000000
vt 0.347665 -0.038964 0.000000
vt 0.399665 -0.524540 0.000000
vt 0.399665 -0.524540 0.000000
vt 0.347665 -0.038964 0.000000
vt 0.210477 -0.033241 0.000000
vt 0.210477 -0.033241 0.000000
vt 0.252891 -0.040018 0.000000
vt 0.252891 -0.040018 0.000000
vt 0.225983 -0.455598 0.000000
vt 0.225983 -0.455598 0.000000
vt 0.275196 -0.397336 0.000000
vt 0.275196 -0.397336 0.000000
vt 0.259787 -0.339493 0.000000
vt 0.259787 -0.339493 0.000000
vt 0.260174 -0.290053 0.000000
vt 0.260174 -0.290053 0.000000
vt 0.294428 -0.291214 0.000000
vt 0.294428 -0.291214 0.000000
vt 0.288259 -0.337448 0.000000
vt 0.288259 -0.337448 0.000000
vt 0.305416 -0.394127 0.000000
vt 0.305416 -0.394127 0.000000
vt 0.311772 -0.440397 0.000000
vt 0.311772 -0.440397 0.000000
vt 0.318160 -0.474001 0.000000
vt 0.318160 -0.474001 0.000000
vt 0.254976 -0.243825 0.000000
vt 0.254976 -0.243825 0.000000
vt 0.225353 -0.238897 0.000000
vt 0.225353 -0.238897 0.000000
vt 0.280839 -0.042149 0.000000
vt 0.280839 -0.042149 0.000000
vt 0.233011 -0.031711 0.000000
vt 0.233011 -0.031711 0.000000
vt 0.251817 -0.450334 0.000000
vt 0.251817 -0.450334 0.000000
vt 0.240413 -0.240193 0.000000
vt 0.240413 -0.240193 0.000000
vt 0.375705 -0.520787 0.000000
vt 0.375705 -0.520787 0.000000
vt 0.331054 -0.044534 0.000000
vt 0.331054 -0.044534 0.000000
vt 0.292516 -0.269165 0.000000
vt 0.292516 -0.269165 0.000000
vt 0.263757 -0.267889 0.000000
vt 0.263757 -0.267889 0.000000
vt 0.260028 -0.314322 0.000000
vt 0.260028 -0.314322 0.000000
vt 0.290958 -0.313961 0.000000
vt 0.290958 -0.313961 0.000000
vt 0.270591 -0.440247 0.000000
vt 0.270591 -0.440247 0.000000
vt 0.242944 -0.446079 0.000000
vt 0.242944 -0.446079 0.000000
vt 0.127203 -0.500249 0.000000
vt 0.127203 -0.500249 0.000000
vt 0.195850 -0.212212 0.000000
vt 0.195850 -0.212212 0.000000
vt 0.105427 -0.515646 0.000000
vt 0.105427 -0.515646 0.000000
vt 0.089401 -0.060318 0.000000
vt 0.061706 -0.505424 0.000000
vt 0.061706 -0.505424 0.000000
vt 0.089401 -0.060318 0.000000
vt 0.120917 -0.056328 0.000000
vt 0.120917 -0.056328 0.000000
vt 0.178135 -0.038712 0.000000
vt 0.178135 -0.038712 0.000000
vt 0.176540 -0.394041 0.000000
vt 0.176540 -0.394041 0.000000
vt 0.193391 -0.337022 0.000000
vt 0.193391 -0.337022 0.000000
vt 0.197337 -0.290325 0.000000
vt 0.197337 -0.290325 0.000000
vt 0.163909 -0.288258 0.000000
vt 0.163909 -0.288258 0.000000
vt 0.145718 -0.391005 0.000000
vt 0.145718 -0.391005 0.000000
vt 0.137292 -0.437260 0.000000
vt 0.137292 -0.437260 0.000000
vt 0.136395 -0.470149 0.000000
vt 0.136395 -0.470149 0.000000
vt 0.199669 -0.243945 0.000000
vt 0.199669 -0.243945 0.000000
vt 0.180549 -0.226799 0.000000
vt 0.180549 -0.226799 0.000000
vt 0.155553 -0.052107 0.000000
vt 0.155553 -0.052107 0.000000
vt 0.212177 -0.207344 0.000000
vt 0.212177 -0.207344 0.000000
vt 0.193164 -0.031825 0.000000
vt 0.193164 -0.031825 0.000000
vt 0.199547 -0.453108 0.000000
vt 0.199547 -0.453108 0.000000
vt 0.084048 -0.509530 0.000000
vt 0.084048 -0.509530 0.000000
vt 0.103899 -0.057812 0.000000
vt 0.103899 -0.057812 0.000000
vt 0.169375 -0.268451 0.000000
vt 0.169375 -0.268451 0.000000
vt 0.197131 -0.268680 0.000000
vt 0.197131 -0.268680 0.000000
vt 0.139081 -0.054806 0.000000
vt 0.139081 -0.054806 0.000000
vt 0.197333 -0.311897 0.000000
vt 0.197333 -0.311897 0.000000
vt 0.166144 -0.309397 0.000000
vt 0.166144 -0.309397 0.000000
vt 0.178756 -0.442227 0.000000
vt 0.178756 -0.442227 0.000000
vt 0.202736 -0.445865 0.000000
vt 0.202736 -0.445865 0.000000
vt 0.293121 -0.244647 0.000000
vt 0.293121 -0.244647 0.000000
vt 0.283343 -0.226779 0.000000
vt 0.283343 -0.226779 0.000000
vt 0.246239 -0.207000 0.000000
vt 0.246239 -0.207000 0.000000
vt 0.198961 -0.213452 0.000000
vt 0.170121 -0.245470 0.000000
vt 0.170121 -0.245470 0.000000
vt 0.315302 -0.047074 0.000000
vt 0.315302 -0.047074 0.000000
vt 0.298633 -0.042892 0.000000
vt 0.298633 -0.042892 0.000000
vt 0.795772 -0.589130 0.000000
vt 0.352412 -0.018028 0.000000
vt 0.396555 -0.545780 0.000000
vt 0.861068 -0.589131 0.000000
vt 0.280776 -0.023389 0.000000
vt 0.900135 -0.589132 0.000000
vt 0.232334 -0.011910 0.000000
vt 0.812551 -0.589130 0.000000
vt 0.334638 -0.024460 0.000000
vt 0.845861 -0.589131 0.000000
vt 0.298709 -0.023528 0.000000
vt 0.647968 -0.589134 0.000000
vt 0.224180 -0.616187 0.000000
vt 0.538088 -0.589131 0.000000
vt 0.095614 -0.562126 0.000000
vt 0.594363 -0.589133 0.000000
vt 0.157406 -0.598889 0.000000
vt 0.396499 -0.589140 0.000000
vt 0.396499 -0.589140 0.000000
vt 0.192267 -0.011958 0.000000
vt 0.518790 -0.589130 0.000000
vt 0.077338 -0.540255 0.000000
vt 0.225965 -0.458544 0.000000
vt 0.227508 -0.545997 0.000000
vt 0.263531 -0.339981 0.000000
vt 0.266058 -0.290327 0.000000
vt 0.257857 -0.242933 0.000000
vt 0.278719 -0.525398 0.000000
vt 0.279781 -0.398443 0.000000
vt 0.226177 -0.482319 0.000000
vt 0.277772 -0.484918 0.000000
vt 0.224808 -0.580720 0.000000
vt 0.289261 -0.572441 0.000000
vt 0.275801 -0.442451 0.000000
vt 0.291773 -0.292500 0.000000
vt 0.300351 -0.396449 0.000000
vt 0.307616 -0.440062 0.000000
vt 0.313676 -0.474543 0.000000
vt 0.325694 -0.508326 0.000000
vt 0.348412 -0.525764 0.000000
vt 0.399115 -0.531545 0.000000
vt 0.348756 -0.032022 0.000000
vt 0.315437 -0.040517 0.000000
vt 0.253034 -0.032829 0.000000
vt 0.211617 -0.026021 0.000000
vt 0.224989 -0.236120 0.000000
vt 0.289004 -0.248134 0.000000
vt 0.278478 -0.226478 0.000000
vt 0.260009 -0.216295 0.000000
vt 0.228686 -0.210197 0.000000
vt 0.280046 -0.225252 0.000000
vt 0.280214 -0.036376 0.000000
vt 0.251390 -0.454277 0.000000
vt 0.260151 -0.542124 0.000000
vt 0.244597 -0.209982 0.000000
vt 0.259819 -0.492770 0.000000
vt 0.258109 -0.578186 0.000000
vt 0.232421 -0.025250 0.000000
vt 0.240575 -0.237702 0.000000
vt 0.243931 -0.212349 0.000000
vt 0.278961 -0.292833 0.000000
vt 0.277429 -0.246214 0.000000
vt 0.275099 -0.341077 0.000000
vt 0.290909 -0.402577 0.000000
vt 0.290488 -0.481526 0.000000
vt 0.297386 -0.517180 0.000000
vt 0.323657 -0.552958 0.000000
vt 0.374280 -0.526620 0.000000
vt 0.266967 -0.268746 0.000000
vt 0.332247 -0.038068 0.000000
vt 0.289501 -0.270807 0.000000
vt 0.276794 -0.270329 0.000000
vt 0.297797 -0.036640 0.000000
vt 0.264516 -0.312367 0.000000
vt 0.287827 -0.314366 0.000000
vt 0.275708 -0.314267 0.000000
vt 0.274040 -0.431090 0.000000
vt 0.353061 -0.553620 0.000000
vt 0.372064 -0.546641 0.000000
vt 0.352082 -0.021292 0.000000
vt 0.396631 -0.542500 0.000000
vt 0.292710 -0.447366 0.000000
vt 0.301715 -0.478984 0.000000
vt 0.309129 -0.511412 0.000000
vt 0.334397 -0.559753 0.000000
vt 0.333345 -0.535385 0.000000
vt 0.349129 -0.532850 0.000000
vt 0.373804 -0.536204 0.000000
vt 0.296175 -0.479771 0.000000
vt 0.302559 -0.513928 0.000000
vt 0.329097 -0.541628 0.000000
vt 0.348604 -0.540468 0.000000
vt 0.373742 -0.541566 0.000000
vt 0.190062 -0.337887 0.000000
vt 0.191274 -0.289367 0.000000
vt 0.198062 -0.243277 0.000000
vt 0.166333 -0.452421 0.000000
vt 0.176203 -0.522924 0.000000
vt 0.172153 -0.395181 0.000000
vt 0.175902 -0.483293 0.000000
vt 0.162986 -0.569279 0.000000
vt 0.171072 -0.447085 0.000000
vt 0.165597 -0.290540 0.000000
vt 0.167031 -0.334113 0.000000
vt 0.167031 -0.334113 0.000000
vt 0.150750 -0.392051 0.000000
vt 0.141061 -0.436950 0.000000
vt 0.140884 -0.470754 0.000000
vt 0.130357 -0.505134 0.000000
vt 0.107418 -0.518622 0.000000
vt 0.061849 -0.512736 0.000000
vt 0.083660 -0.054617 0.000000
vt 0.121828 -0.050399 0.000000
vt 0.175520 -0.031495 0.000000
vt 0.173632 -0.247695 0.000000
vt 0.200319 -0.215691 0.000000
vt 0.154917 -0.046894 0.000000
vt 0.200775 -0.456724 0.000000
vt 0.194961 -0.540435 0.000000
vt 0.196748 -0.483094 0.000000
vt 0.192877 -0.576625 0.000000
vt 0.192553 -0.025311 0.000000
vt 0.211341 -0.236805 0.000000
vt 0.214617 -0.212892 0.000000
vt 0.178364 -0.291375 0.000000
vt 0.185074 -0.246134 0.000000
vt 0.179308 -0.338395 0.000000
vt 0.160741 -0.395689 0.000000
vt 0.163047 -0.482359 0.000000
vt 0.157741 -0.515910 0.000000
vt 0.129327 -0.548387 0.000000
vt 0.184770 -0.227548 0.000000
vt 0.083982 -0.517477 0.000000
vt 0.194095 -0.269158 0.000000
vt 0.102290 -0.052283 0.000000
vt 0.172632 -0.269077 0.000000
vt 0.183706 -0.271950 0.000000
vt 0.139150 -0.048558 0.000000
vt 0.192787 -0.311044 0.000000
vt 0.169612 -0.311329 0.000000
vt 0.181240 -0.310790 0.000000
vt 0.172901 -0.440652 0.000000
vt 0.099753 -0.549114 0.000000
vt 0.080350 -0.538761 0.000000
vt 0.084462 -0.042510 0.000000
vt 0.060264 -0.524619 0.000000
vt 0.155962 -0.443498 0.000000
vt 0.152483 -0.478172 0.000000
vt 0.146296 -0.511344 0.000000
vt 0.118981 -0.555177 0.000000
vt 0.118733 -0.531090 0.000000
vt 0.103123 -0.528085 0.000000
vt 0.080852 -0.528091 0.000000
vt 0.157373 -0.479989 0.000000
vt 0.152595 -0.513938 0.000000
vt 0.123061 -0.537440 0.000000
vt 0.103454 -0.536709 0.000000
vt 0.079927 -0.533027 0.000000
vt 0.228877 -0.207839 0.000000
vt 0.260761 -0.213646 0.000000
vt 0.291390 -0.247186 0.000000
vt 0.171152 -0.246926 0.000000
vt 0.183404 -0.225982 0.000000
vt 0.213968 -0.210448 0.000000
vt 0.356409 -0.564112 0.000000
vt 0.225187 -0.605069 0.000000
vt 0.294097 -0.593986 0.000000
vt 0.255327 -0.602791 0.000000
vt 0.329785 -0.570273 0.000000
vt 0.096575 -0.558805 0.000000
vt 0.156960 -0.590422 0.000000
vt 0.194414 -0.601134 0.000000
vt 0.122777 -0.564975 0.000000
vt 0.225967 -0.592248 0.000000
vt 0.161892 -0.579699 0.000000
vt 0.195129 -0.588740 0.000000
vt 0.289700 -0.582968 0.000000
vt 0.255416 -0.590064 0.000000
vt 0.278924 -0.444473 0.000000
vt 0.226485 -0.495536 0.000000
vt 0.252832 -0.473536 0.000000
vt 0.193012 -0.495070 0.000000
vt 0.277367 -0.469982 0.000000
vt 0.225774 -0.487589 0.000000
vt 0.252409 -0.480845 0.000000
vt 0.196953 -0.486640 0.000000
vt 0.275796 -0.460504 0.000000
vt 0.285179 -0.446923 0.000000
vt 0.226734 -0.498310 0.000000
vt 0.227074 -0.503420 0.000000
vt 0.256247 -0.501086 0.000000
vt 0.227186 -0.508199 0.000000
vt 0.196857 -0.502852 0.000000
vt 0.226849 -0.549723 0.000000
vt 0.285784 -0.552025 0.000000
vt 0.167105 -0.547711 0.000000
vt 0.171010 -0.540125 0.000000
vt 0.167347 -0.557172 0.000000
vt 0.283472 -0.544877 0.000000
vt 0.285685 -0.559895 0.000000
vt 0.274816 -0.292124 0.000000
vt 0.283035 -0.292152 0.000000
vt 0.183617 -0.290752 0.000000
vt 0.173779 -0.290790 0.000000
vt 0.166034 -0.395749 0.000000
vt 0.156863 -0.395269 0.000000
vt 0.253976 -0.449498 0.000000
vt 0.313380 -0.615771 0.000000
vt 0.314603 -0.620656 0.000000
vt 0.322114 -0.616635 0.000000
vt 0.310879 -0.610023 0.000000
vt 0.310905 -0.605833 0.000000
vt 0.319628 -0.606232 0.000000
vt 0.320247 -0.611086 0.000000
vt 0.317409 -0.602519 0.000000
vt 0.319917 -0.594789 0.000000
vt 0.326215 -0.598259 0.000000
vt 0.323707 -0.605989 0.000000
vt 0.326760 -0.607490 0.000000
vt 0.333929 -0.602661 0.000000
vt 0.332989 -0.602092 0.000000
vt 0.325820 -0.606921 0.000000
vt 0.331825 -0.614902 0.000000
vt 0.338452 -0.610488 0.000000
vt 0.332901 -0.606591 0.000000
vt 0.326273 -0.611005 0.000000
vt 0.332800 -0.619937 0.000000
vt 0.338977 -0.615313 0.000000
vt 0.332800 -0.610689 0.000000
vt 0.326624 -0.615312 0.000000
vt 0.332904 -0.624032 0.000000
vt 0.338451 -0.620138 0.000000
vt 0.331821 -0.615726 0.000000
vt 0.326274 -0.619620 0.000000
vt 0.332994 -0.628531 0.000000
vt 0.333919 -0.627974 0.000000
vt 0.326755 -0.623138 0.000000
vt 0.325830 -0.623695 0.000000
vt 0.326215 -0.632366 0.000000
vt 0.319909 -0.635836 0.000000
vt 0.317409 -0.628107 0.000000
vt 0.323715 -0.624637 0.000000
vt 0.319627 -0.624391 0.000000
vt 0.310904 -0.624779 0.000000
vt 0.310880 -0.620604 0.000000
vt 0.322114 -0.613983 0.000000
vt 0.314604 -0.609964 0.000000
vt 0.313380 -0.614862 0.000000
vt 0.320247 -0.619549 0.000000
vt 0.325765 -0.608597 0.000000
vt 0.318169 -0.606108 0.000000
vt 0.317017 -0.613856 0.000000
vt 0.324613 -0.616344 0.000000
vt 0.329145 -0.606955 0.000000
vt 0.321751 -0.604584 0.000000
vt 0.320341 -0.612608 0.000000
vt 0.327735 -0.614980 0.000000
vt 0.332200 -0.605322 0.000000
vt 0.326318 -0.604053 0.000000
vt 0.325970 -0.612413 0.000000
vt 0.331851 -0.613682 0.000000
vt 0.337054 -0.604437 0.000000
vt 0.338660 -0.606375 0.000000
vt 0.335977 -0.614328 0.000000
vt 0.334371 -0.612389 0.000000
vt 0.343022 -0.610005 0.000000
vt 0.349198 -0.615316 0.000000
vt 0.343022 -0.620620 0.000000
vt 0.336845 -0.615310 0.000000
vt 0.335974 -0.616299 0.000000
vt 0.338643 -0.624256 0.000000
vt 0.337057 -0.626187 0.000000
vt 0.334388 -0.618231 0.000000
vt 0.325964 -0.618216 0.000000
vt 0.326316 -0.626574 0.000000
vt 0.332205 -0.625300 0.000000
vt 0.331853 -0.616942 0.000000
vt 0.320339 -0.618018 0.000000
vt 0.321751 -0.626042 0.000000
vt 0.329147 -0.623670 0.000000
vt 0.327735 -0.615646 0.000000
vt 0.317017 -0.616770 0.000000
vt 0.318168 -0.624517 0.000000
vt 0.325765 -0.622029 0.000000
vt 0.324614 -0.614282 0.000000
vt 0.331561 -0.725318 0.000000
vt 0.331561 -0.725318 0.000000
vt 0.331561 -0.725318 0.000000
vt 0.327311 -0.699332 0.000000
vt 0.327311 -0.699332 0.000000
vt 0.326709 -0.673346 0.000000
vt 0.326709 -0.673346 0.000000
vt 0.322459 -0.647360 0.000000
vt 0.322459 -0.647360 0.000000
vt 0.323676 -0.621374 0.000000
vt 0.323676 -0.621374 0.000000
vt 0.323676 -0.621374 0.000000
vt 0.338543 -0.723955 0.000000
vt 0.338543 -0.723955 0.000000
vt 0.338543 -0.723955 0.000000
vt 0.334293 -0.697969 0.000000
vt 0.334293 -0.697969 0.000000
vt 0.333691 -0.671983 0.000000
vt 0.333691 -0.671983 0.000000
vt 0.329441 -0.645997 0.000000
vt 0.329441 -0.645997 0.000000
vt 0.330657 -0.620011 0.000000
vt 0.330657 -0.620011 0.000000
vt 0.330657 -0.620011 0.000000
vt 0.331753 -0.724728 0.000000
vt 0.331753 -0.724728 0.000000
vt 0.331753 -0.724728 0.000000
vt 0.327502 -0.698742 0.000000
vt 0.327502 -0.698742 0.000000
vt 0.326900 -0.672756 0.000000
vt 0.326900 -0.672756 0.000000
vt 0.322650 -0.646770 0.000000
vt 0.322650 -0.646770 0.000000
vt 0.323867 -0.620784 0.000000
vt 0.323867 -0.620784 0.000000
vt 0.323867 -0.620784 0.000000
vt 0.338735 -0.723365 0.000000
vt 0.338735 -0.723365 0.000000
vt 0.338735 -0.723365 0.000000
vt 0.334484 -0.697379 0.000000
vt 0.334484 -0.697379 0.000000
vt 0.333882 -0.671393 0.000000
vt 0.333882 -0.671393 0.000000
vt 0.329632 -0.645407 0.000000
vt 0.329632 -0.645407 0.000000
vt 0.330849 -0.619421 0.000000
vt 0.330849 -0.619421 0.000000
vt 0.330849 -0.619421 0.000000
vt 0.313860 -0.712642 0.000000
vt 0.313860 -0.712642 0.000000
vt 0.313860 -0.712642 0.000000
vt 0.317911 -0.689724 0.000000
vt 0.317911 -0.689724 0.000000
vt 0.318661 -0.666806 0.000000
vt 0.318661 -0.666806 0.000000
vt 0.318674 -0.643888 0.000000
vt 0.318674 -0.643888 0.000000
vt 0.322725 -0.620970 0.000000
vt 0.322725 -0.620970 0.000000
vt 0.322725 -0.620970 0.000000
vt 0.306869 -0.711503 0.000000
vt 0.306869 -0.711503 0.000000
vt 0.306869 -0.711503 0.000000
vt 0.310919 -0.688585 0.000000
vt 0.310919 -0.688585 0.000000
vt 0.311669 -0.665666 0.000000
vt 0.311669 -0.665666 0.000000
vt 0.311682 -0.642748 0.000000
vt 0.311682 -0.642748 0.000000
vt 0.315733 -0.619830 0.000000
vt 0.315733 -0.619830 0.000000
vt 0.315733 -0.619830 0.000000
vt 0.313665 -0.712124 0.000000
vt 0.313665 -0.712124 0.000000
vt 0.313665 -0.712124 0.000000
vt 0.317715 -0.689206 0.000000
vt 0.317715 -0.689206 0.000000
vt 0.318465 -0.666288 0.000000
vt 0.318465 -0.666288 0.000000
vt 0.318478 -0.643370 0.000000
vt 0.318478 -0.643370 0.000000
vt 0.322529 -0.620452 0.000000
vt 0.322529 -0.620452 0.000000
vt 0.322529 -0.620452 0.000000
vt 0.306673 -0.710985 0.000000
vt 0.306673 -0.710985 0.000000
vt 0.306673 -0.710985 0.000000
vt 0.310723 -0.688067 0.000000
vt 0.310723 -0.688067 0.000000
vt 0.311473 -0.665149 0.000000
vt 0.311473 -0.665149 0.000000
vt 0.311486 -0.642231 0.000000
vt 0.311486 -0.642231 0.000000
vt 0.315537 -0.619312 0.000000
vt 0.315537 -0.619312 0.000000
vt 0.315537 -0.619312 0.000000
vt 0.315477 -0.829578 0.000000
vt 0.924659 -0.306230 0.000000
vt 0.712945 -0.306367 0.000000
vt 0.897742 -0.306920 0.000000
vt 0.867905 -0.306069 0.000000
vt 0.839487 -0.310635 0.000000
vt 0.821145 -0.313944 0.000000
vt 0.803309 -0.317650 0.000000
vt 0.775876 -0.317111 0.000000
vt 0.744114 -0.313334 0.000000
vt 0.870768 -0.414398 0.000000
vt 0.789706 -0.415174 0.000000
vt 0.925363 -0.404313 0.000000
vt 0.713650 -0.404313 0.000000
vt 0.902332 -0.402819 0.000000
vt 0.864444 -0.399428 0.000000
vt 0.826177 -0.378459 0.000000
vt 0.828895 -0.471597 0.000000
vt 0.813913 -0.382665 0.000000
vt 0.817087 -0.479036 0.000000
vt 0.783513 -0.403899 0.000000
vt 0.787948 -0.433128 0.000000
vt 0.730959 -0.409823 0.000000
vt 0.923544 -0.359857 0.000000
vt 0.711831 -0.359857 0.000000
vt 0.898299 -0.359748 0.000000
vt 0.869882 -0.356595 0.000000
vt 0.843371 -0.358570 0.000000
vt 0.826401 -0.358482 0.000000
vt 0.808298 -0.359753 0.000000
vt 0.782192 -0.363943 0.000000
vt 0.738197 -0.360811 0.000000
vt 0.924884 -0.374984 0.000000
vt 0.713171 -0.374984 0.000000
vt 0.871636 -0.382383 0.000000
vt 0.843539 -0.370560 0.000000
vt 0.826044 -0.367365 0.000000
vt 0.808145 -0.370422 0.000000
vt 0.763530 -0.420517 0.000000
vt 0.897480 -0.417567 0.000000
vt 0.896389 -0.443261 0.000000
vt 0.891584 -0.480905 0.000000
vt 0.317019 -0.805269 0.000000
vt 0.769475 -0.480439 0.000000
vt 0.765743 -0.439502 0.000000
vt 0.857477 -0.536024 0.000000
vt 0.845676 -0.554327 0.000000
vt 0.829855 -0.561624 0.000000
vt 0.809478 -0.557567 0.000000
vt 0.797924 -0.539948 0.000000
vt 0.787378 -0.541605 0.000000
vt 0.800082 -0.564423 0.000000
vt 0.831641 -0.575377 0.000000
vt 0.855199 -0.564972 0.000000
vt 0.872810 -0.540048 0.000000
vt 0.841988 -0.515928 0.000000
vt 0.859109 -0.521405 0.000000
vt 0.830624 -0.510695 0.000000
vt 0.805011 -0.521024 0.000000
vt 0.295547 -0.767643 0.000000
vt 0.776786 -0.523525 0.000000
vt 0.299806 -0.767298 0.000000
vt 0.317321 -0.768293 0.000000
vt 0.333606 -0.767724 0.000000
vt 0.878686 -0.520844 0.000000
vt 0.330997 -0.805931 0.000000
vt 0.329932 -0.831983 0.000000
vt 0.317685 -0.846909 0.000000
vt 0.304596 -0.830999 0.000000
vt 0.304622 -0.805689 0.000000
vt 0.303621 -0.749751 0.000000
vt 0.319295 -0.750608 0.000000
vt 0.332908 -0.753136 0.000000
vt 0.835968 -0.384773 0.000000
vt 0.840901 -0.478393 0.000000
vt 0.815802 -0.517474 0.000000
vt 0.316991 -0.850116 0.000000
vt 0.754415 -0.422734 0.000000
vt 0.905901 -0.418845 0.000000
vt 0.337376 -0.841269 0.000000
vt 0.903192 -0.443543 0.000000
vt 0.339574 -0.806686 0.000000
vt 0.897355 -0.483150 0.000000
vt 0.297189 -0.806792 0.000000
vt 0.762804 -0.480339 0.000000
vt 0.302192 -0.839907 0.000000
vt 0.758265 -0.442361 0.000000
vt 0.294655 -0.751185 0.000000
vt 0.782166 -0.545360 0.000000
vt 0.300322 -0.736658 0.000000
vt 0.797351 -0.569159 0.000000
vt 0.318992 -0.731365 0.000000
vt 0.830488 -0.581270 0.000000
vt 0.333718 -0.738614 0.000000
vt 0.861085 -0.568688 0.000000
vt 0.342039 -0.755698 0.000000
vt 0.879482 -0.543269 0.000000
vt 0.783077 -0.521429 0.000000
vt 0.343512 -0.770905 0.000000
vt 0.885104 -0.523247 0.000000
vt 0.757608 -0.420901 0.000000
vt 0.902899 -0.416621 0.000000
vt 0.760180 -0.420391 0.000000
vt 0.900365 -0.415936 0.000000
vt 0.901135 -0.442236 0.000000
vt 0.898641 -0.442248 0.000000
vt 0.895242 -0.481411 0.000000
vt 0.893210 -0.480391 0.000000
vt 0.764968 -0.478667 0.000000
vt 0.767583 -0.479995 0.000000
vt 0.761151 -0.441016 0.000000
vt 0.763654 -0.440663 0.000000
vt 0.784890 -0.545245 0.000000
vt 0.786997 -0.544412 0.000000
vt 0.798336 -0.567534 0.000000
vt 0.799337 -0.566064 0.000000
vt 0.830649 -0.578836 0.000000
vt 0.831027 -0.576845 0.000000
vt 0.858834 -0.567064 0.000000
vt 0.857165 -0.565763 0.000000
vt 0.876610 -0.542534 0.000000
vt 0.874591 -0.541454 0.000000
vt 0.781686 -0.522942 0.000000
vt 0.779432 -0.523493 0.000000
vt 0.882430 -0.522953 0.000000
vt 0.880334 -0.522070 0.000000
vt 0.863730 -0.492981 0.000000
vt 0.831346 -0.493850 0.000000
vt 0.814625 -0.497553 0.000000
vt 0.794896 -0.493629 0.000000
vt 0.776946 -0.500656 0.000000
vt 0.305344 -0.788200 0.000000
vt 0.333080 -0.787680 0.000000
vt 0.341372 -0.789729 0.000000
vt 0.892750 -0.502965 0.000000
vt 0.318038 -0.787798 0.000000
vt 0.845902 -0.497308 0.000000
vt 0.296473 -0.788110 0.000000
vt 0.770228 -0.501024 0.000000
vt 0.886948 -0.500153 0.000000
vt 0.772502 -0.499938 0.000000
vt 0.775279 -0.501112 0.000000
vt 0.888608 -0.500577 0.000000
vt 0.890430 -0.502120 0.000000
vt 0.887883 -0.439970 0.000000
vt 0.888403 -0.415873 0.000000
vt 0.772142 -0.417216 0.000000
vt 0.884840 -0.477889 0.000000
vt 0.851171 -0.560090 0.000000
vt 0.865688 -0.537614 0.000000
vt 0.831346 -0.569542 0.000000
vt 0.804974 -0.562576 0.000000
vt 0.790584 -0.541912 0.000000
vt 0.774895 -0.438100 0.000000
vt 0.775936 -0.476285 0.000000
vt 0.787093 -0.519898 0.000000
vt 0.874753 -0.518769 0.000000
vt 0.780648 -0.496408 0.000000
vt 0.811793 -0.539377 0.000000
vt 0.830430 -0.540026 0.000000
vt 0.900338 -0.328302 0.000000
vt 0.922385 -0.330622 0.000000
vt 0.710671 -0.330622 0.000000
vt 0.871122 -0.327884 0.000000
vt 0.840092 -0.334525 0.000000
vt 0.822759 -0.339154 0.000000
vt 0.806010 -0.339311 0.000000
vt 0.782582 -0.335438 0.000000
vt 0.736086 -0.337894 0.000000
vt 0.832519 -0.438623 0.000000
vt 0.813678 -0.535197 0.000000
vt 0.830172 -0.533952 0.000000
vt 0.845450 -0.535880 0.000000
vt 0.859365 -0.526675 0.000000
vt 0.842423 -0.527064 0.000000
vt 0.830493 -0.522868 0.000000
vt 0.814932 -0.526036 0.000000
vt 0.800108 -0.530249 0.000000
vt 0.812474 -0.532467 0.000000
vt 0.830211 -0.530125 0.000000
vt 0.845208 -0.531611 0.000000
vt 0.831444 -0.528621 0.000000
vt 0.843772 -0.528231 0.000000
vt 0.867466 -0.383928 0.000000
vt 0.839614 -0.378025 0.000000
vt 0.825952 -0.376102 0.000000
vt 0.811448 -0.380958 0.000000
vt 0.836549 -0.380362 0.000000
vt 0.826070 -0.370516 0.000000
vt 0.810613 -0.376005 0.000000
vt 0.773413 -0.394792 0.000000
vt 0.838806 -0.379191 0.000000
vt 0.826484 -0.374892 0.000000
vt 0.812299 -0.379257 0.000000
vt 0.838419 -0.380935 0.000000
vt 0.826671 -0.373133 0.000000
vt 0.813082 -0.378511 0.000000
vt 0.841739 -0.482707 0.000000
vt 0.829367 -0.474917 0.000000
vt 0.817131 -0.485953 0.000000
vt 0.865189 -0.479092 0.000000
vt 0.788103 -0.480163 0.000000
vt 0.843913 -0.494762 0.000000
vt 0.829931 -0.485780 0.000000
vt 0.815948 -0.494852 0.000000
vt 0.863187 -0.489489 0.000000
vt 0.791019 -0.489615 0.000000
vt 0.845153 -0.489756 0.000000
vt 0.830543 -0.479276 0.000000
vt 0.816692 -0.487820 0.000000
vt 0.870975 -0.479651 0.000000
vt 0.786704 -0.481476 0.000000
vt 0.845790 -0.491867 0.000000
vt 0.830289 -0.482171 0.000000
vt 0.814902 -0.491776 0.000000
vt 0.871357 -0.483498 0.000000
vt 0.784968 -0.482260 0.000000
vt 0.922182 -0.336433 0.000000
vt 0.710469 -0.336433 0.000000
vt 0.897885 -0.336018 0.000000
vt 0.842452 -0.341625 0.000000
vt 0.824983 -0.347310 0.000000
vt 0.804512 -0.345634 0.000000
vt 0.787109 -0.347121 0.000000
vt 0.830848 -0.506941 0.000000
vt 0.844382 -0.511343 0.000000
vt 0.814014 -0.512110 0.000000
vt 0.860781 -0.513084 0.000000
vt 0.799319 -0.512548 0.000000
vt 0.830891 -0.498493 0.000000
vt 0.845408 -0.502546 0.000000
vt 0.814579 -0.503264 0.000000
vt 0.882256 -0.495082 0.000000
vt 0.864807 -0.502768 0.000000
vt 0.799388 -0.501278 0.000000
vt 0.830374 -0.502393 0.000000
vt 0.843326 -0.507161 0.000000
vt 0.815309 -0.508132 0.000000
vt 0.860658 -0.509680 0.000000
vt 0.799544 -0.508132 0.000000
vt 0.710955 -0.399442 0.000000
vt 0.922669 -0.399442 0.000000
vt 0.872026 -0.438238 0.000000
vt 0.901780 -0.407434 0.000000
vt 0.864789 -0.473658 0.000000
vt 0.863488 -0.404078 0.000000
vt 0.793574 -0.470006 0.000000
vt 0.782190 -0.408200 0.000000
vt 0.726010 -0.404927 0.000000
vt 0.923346 -0.401581 0.000000
vt 0.711632 -0.401581 0.000000
vt 0.902565 -0.405301 0.000000
vt 0.865997 -0.402292 0.000000
vt 0.782018 -0.406700 0.000000
vt 0.727197 -0.407876 0.000000
vt 0.901981 -0.398090 0.000000
vt 0.921352 -0.389097 0.000000
vt 0.709639 -0.389097 0.000000
vt 0.724809 -0.394679 0.000000
vt 0.868917 -0.398226 0.000000
vt 0.777612 -0.405283 0.000000
vt 0.903677 -0.394086 0.000000
vt 0.710860 -0.392441 0.000000
vt 0.922574 -0.392441 0.000000
vt 0.727177 -0.399026 0.000000
vt 0.871276 -0.394558 0.000000
vt 0.769601 -0.396268 0.000000
vt 0.896528 -0.303199 0.000000
vt 0.816233 -0.408381 0.000000
vt 0.925003 -0.302563 0.000000
vt 0.713289 -0.301744 0.000000
vt 0.796418 -0.423186 0.000000
vt 0.747034 -0.309930 0.000000
vt 0.804140 -0.452764 0.000000
vt 0.777464 -0.313520 0.000000
vt 0.827886 -0.467258 0.000000
vt 0.803743 -0.313498 0.000000
vt 0.853286 -0.459638 0.000000
vt 0.820777 -0.309459 0.000000
vt 0.867144 -0.444804 0.000000
vt 0.838225 -0.306710 0.000000
vt 0.860037 -0.425352 0.000000
vt 0.865828 -0.302572 0.000000
vt 0.840996 -0.408494 0.000000
vt 0.819429 -0.416289 0.000000
vt 0.805276 -0.426828 0.000000
vt 0.810792 -0.447896 0.000000
vt 0.827753 -0.458475 0.000000
vt 0.845896 -0.453036 0.000000
vt 0.855794 -0.442810 0.000000
vt 0.850718 -0.428743 0.000000
vt 0.837117 -0.416702 0.000000
vt 0.823502 -0.342268 0.000000
vt 0.840641 -0.337524 0.000000
vt 0.870699 -0.332433 0.000000
vt 0.899313 -0.331092 0.000000
vt 0.922231 -0.333379 0.000000
vt 0.710518 -0.333379 0.000000
vt 0.732755 -0.337741 0.000000
vt 0.785182 -0.337653 0.000000
vt 0.805686 -0.341771 0.000000
vt 0.869941 -0.353741 0.000000
vt 0.828757 -0.339946 0.000000
vt 0.841664 -0.340991 0.000000
vt 0.870025 -0.351442 0.000000
vt 0.898071 -0.355634 0.000000
vt 0.712216 -0.365040 0.000000
vt 0.923929 -0.365040 0.000000
vt 0.733041 -0.373784 0.000000
vt 0.731130 -0.377549 0.000000
vt 0.799813 -0.387018 0.000000
vt 0.805270 -0.384037 0.000000
vt 0.825631 -0.350221 0.000000
vt 0.848808 -0.343473 0.000000
vt 0.870478 -0.336630 0.000000
vt 0.774239 -0.383433 0.000000
vt 0.783299 -0.383915 0.000000
vt 0.809650 -0.361952 0.000000
vt 0.816213 -0.358421 0.000000
vt 0.826020 -0.352459 0.000000
vt 0.842666 -0.343748 0.000000
vt 0.848904 -0.345758 0.000000
vt 0.854542 -0.346745 0.000000
vt 0.870228 -0.341364 0.000000
vt 0.898440 -0.332888 0.000000
vt 0.761775 -0.386171 0.000000
vt 0.726453 -0.391082 0.000000
vt 0.773710 -0.388677 0.000000
vt 0.898642 -0.377485 0.000000
vt 0.872413 -0.379429 0.000000
vt 0.898708 -0.371319 0.000000
vt 0.917602 -0.363855 0.000000
vt 0.714794 -0.361952 0.000000
vt 0.736011 -0.345466 0.000000
vt 0.786312 -0.340788 0.000000
vt 0.734764 -0.340553 0.000000
vt 0.742770 -0.343843 0.000000
vt 0.752289 -0.341376 0.000000
vt 0.782018 -0.357201 0.000000
vt 0.803012 -0.365532 0.000000
vt 0.826215 -0.362692 0.000000
vt 0.841822 -0.375219 0.000000
vt 0.861377 -0.376022 0.000000
vt 0.902311 -0.389413 0.000000
vt 0.922482 -0.384828 0.000000
vt 0.710768 -0.384828 0.000000
vt 0.922537 -0.329362 0.000000
vt 0.710824 -0.329362 0.000000
vt 0.900723 -0.326883 0.000000
vt 0.871154 -0.327778 0.000000
vt 0.839098 -0.334395 0.000000
vt 0.822883 -0.337930 0.000000
vt 0.806905 -0.337982 0.000000
vt 0.784260 -0.334310 0.000000
vt 0.735888 -0.336125 0.000000
vt 0.841064 -0.341992 0.000000
vt 0.843795 -0.342492 0.000000
vt 0.825385 -0.350558 0.000000
vt 0.809462 -0.359567 0.000000
vt 0.783003 -0.356921 0.000000
vt 0.751338 -0.341016 0.000000
vt 0.788200 -0.340021 0.000000
vt 0.739395 -0.336472 0.000000
vt 0.806538 -0.340489 0.000000
vt 0.823079 -0.341225 0.000000
vt 0.871164 -0.382696 0.000000
vt 0.899307 -0.377203 0.000000
vt 0.923852 -0.364807 0.000000
vt 0.712138 -0.364807 0.000000
vt 0.730015 -0.377083 0.000000
vt 0.762440 -0.385565 0.000000
vt 0.724886 -0.390038 0.000000
vt 0.922252 -0.384257 0.000000
vt 0.710538 -0.384257 0.000000
vt 0.903242 -0.389457 0.000000
vt 0.861304 -0.375775 0.000000
vt 0.843345 -0.369490 0.000000
vt 0.826949 -0.362014 0.000000
vt 0.817174 -0.358386 0.000000
vt 0.826599 -0.352664 0.000000
vt 0.842139 -0.344939 0.000000
vt 0.848009 -0.346423 0.000000
vt 0.869587 -0.354071 0.000000
vt 0.898764 -0.359777 0.000000
vt 0.918861 -0.363553 0.000000
vt 0.898988 -0.371030 0.000000
vt 0.871778 -0.378422 0.000000
vt 0.868530 -0.385231 0.000000
vt 0.837892 -0.380657 0.000000
vt 0.826973 -0.373972 0.000000
vt 0.811249 -0.375462 0.000000
vt 0.783584 -0.385149 0.000000
vt 0.810834 -0.361782 0.000000
vt 0.826259 -0.366719 0.000000
vt 0.841568 -0.374239 0.000000
vt 0.867108 -0.384910 0.000000
vt 0.904551 -0.394168 0.000000
vt 0.921356 -0.388607 0.000000
vt 0.709642 -0.388607 0.000000
vt 0.723082 -0.393641 0.000000
vt 0.774122 -0.388286 0.000000
vt 0.801253 -0.386699 0.000000
vt 0.813905 -0.380580 0.000000
vt 0.826673 -0.375821 0.000000
vt 0.837449 -0.382390 0.000000
vt 0.839701 -0.337392 0.000000
vt 0.871005 -0.332335 0.000000
vt 0.899777 -0.329791 0.000000
vt 0.870208 -0.336602 0.000000
vt 0.847930 -0.343886 0.000000
vt 0.827556 -0.339530 0.000000
vt 0.898743 -0.355670 0.000000
vt 0.870113 -0.351482 0.000000
vt 0.854701 -0.346965 0.000000
vt 0.870528 -0.341358 0.000000
vt 0.898991 -0.332089 0.000000
vt 0.922315 -0.332235 0.000000
vt 0.710601 -0.332235 0.000000
vt 0.734227 -0.339271 0.000000
vt 0.923385 -0.359705 0.000000
vt 0.711672 -0.359705 0.000000
vt 0.774173 -0.383156 0.000000
vt 0.731872 -0.373696 0.000000
vt 0.713423 -0.361965 0.000000
vt 0.735278 -0.345130 0.000000
vt 0.741128 -0.343683 0.000000
vt 0.782374 -0.363673 0.000000
vt 0.801823 -0.366757 0.000000
vt 0.265640 -0.827923 0.000000
vt 0.474538 -0.300115 0.000000
vt 0.508752 -0.301929 0.000000
vt 0.540464 -0.301704 0.000000
vt 0.572374 -0.304845 0.000000
vt 0.595309 -0.307787 0.000000
vt 0.618392 -0.310063 0.000000
vt 0.651377 -0.313902 0.000000
vt 0.689595 -0.312514 0.000000
vt 0.442034 -0.312514 0.000000
vt 0.613801 -0.414990 0.000000
vt 0.725224 -0.417408 0.000000
vt 0.475078 -0.401245 0.000000
vt 0.501054 -0.399674 0.000000
vt 0.544132 -0.396846 0.000000
vt 0.589626 -0.381620 0.000000
vt 0.670147 -0.477274 0.000000
vt 0.604295 -0.386043 0.000000
vt 0.682408 -0.484331 0.000000
vt 0.641470 -0.400810 0.000000
vt 0.723077 -0.436251 0.000000
vt 0.703058 -0.407038 0.000000
vt 0.455498 -0.407038 0.000000
vt 0.476744 -0.355648 0.000000
vt 0.506975 -0.355221 0.000000
vt 0.537509 -0.359412 0.000000
vt 0.569028 -0.361764 0.000000
vt 0.589541 -0.361150 0.000000
vt 0.611691 -0.360717 0.000000
vt 0.632157 -0.360255 0.000000
vt 0.699443 -0.356786 0.000000
vt 0.451883 -0.356786 0.000000
vt 0.476642 -0.370410 0.000000
vt 0.536002 -0.381812 0.000000
vt 0.569002 -0.373377 0.000000
vt 0.589827 -0.369955 0.000000
vt 0.611337 -0.373375 0.000000
vt 0.746703 -0.432245 0.000000
vt 0.589485 -0.425148 0.000000
vt 0.595641 -0.449817 0.000000
vt 0.606517 -0.484601 0.000000
vt 0.264650 -0.804075 0.000000
vt 0.726650 -0.489272 0.000000
vt 0.740883 -0.450779 0.000000
vt 0.638783 -0.536584 0.000000
vt 0.650884 -0.553262 0.000000
vt 0.663851 -0.559530 0.000000
vt 0.681923 -0.559662 0.000000
vt 0.694266 -0.543592 0.000000
vt 0.704232 -0.546938 0.000000
vt 0.690452 -0.567643 0.000000
vt 0.660526 -0.574984 0.000000
vt 0.638813 -0.563078 0.000000
vt 0.623503 -0.539928 0.000000
vt 0.653315 -0.518467 0.000000
vt 0.637207 -0.522412 0.000000
vt 0.667676 -0.514689 0.000000
vt 0.694121 -0.526448 0.000000
vt 0.286492 -0.767675 0.000000
vt 0.716776 -0.530667 0.000000
vt 0.282326 -0.767246 0.000000
vt 0.265146 -0.767846 0.000000
vt 0.249205 -0.766940 0.000000
vt 0.618676 -0.522030 0.000000
vt 0.250942 -0.804425 0.000000
vt 0.251427 -0.829969 0.000000
vt 0.263106 -0.844854 0.000000
vt 0.276269 -0.829548 0.000000
vt 0.276786 -0.804753 0.000000
vt 0.278965 -0.749974 0.000000
vt 0.263592 -0.750478 0.000000
vt 0.250201 -0.752663 0.000000
vt 0.577935 -0.388258 0.000000
vt 0.656619 -0.479108 0.000000
vt 0.682256 -0.523293 0.000000
vt 0.263717 -0.848010 0.000000
vt 0.753986 -0.437827 0.000000
vt 0.581849 -0.428489 0.000000
vt 0.243937 -0.838907 0.000000
vt 0.589201 -0.451647 0.000000
vt 0.242524 -0.804981 0.000000
vt 0.601175 -0.487079 0.000000
vt 0.284044 -0.805993 0.000000
vt 0.733234 -0.490108 0.000000
vt 0.278434 -0.838327 0.000000
vt 0.746905 -0.455713 0.000000
vt 0.287718 -0.751572 0.000000
vt 0.709080 -0.551023 0.000000
vt 0.282477 -0.737218 0.000000
vt 0.692830 -0.572386 0.000000
vt 0.264299 -0.731634 0.000000
vt 0.660956 -0.581055 0.000000
vt 0.249718 -0.738420 0.000000
vt 0.634632 -0.568233 0.000000
vt 0.241201 -0.754978 0.000000
vt 0.617731 -0.544370 0.000000
vt 0.710795 -0.528207 0.000000
vt 0.239432 -0.769843 0.000000
vt 0.612494 -0.524811 0.000000
vt 0.751891 -0.434890 0.000000
vt 0.584089 -0.425594 0.000000
vt 0.749808 -0.433385 0.000000
vt 0.586298 -0.424275 0.000000
vt 0.590938 -0.449976 0.000000
vt 0.593292 -0.449284 0.000000
vt 0.603050 -0.485218 0.000000
vt 0.604955 -0.484312 0.000000
vt 0.731378 -0.488133 0.000000
vt 0.728624 -0.489019 0.000000
vt 0.744602 -0.453463 0.000000
vt 0.742420 -0.452330 0.000000
vt 0.706413 -0.550635 0.000000
vt 0.704435 -0.549608 0.000000
vt 0.690959 -0.570990 0.000000
vt 0.690575 -0.569206 0.000000
vt 0.660997 -0.578590 0.000000
vt 0.661256 -0.576619 0.000000
vt 0.636910 -0.566579 0.000000
vt 0.638576 -0.565272 0.000000
vt 0.620500 -0.543596 0.000000
vt 0.622445 -0.542498 0.000000
vt 0.712034 -0.529716 0.000000
vt 0.714194 -0.530430 0.000000
vt 0.615112 -0.524609 0.000000
vt 0.617194 -0.523807 0.000000
vt 0.630011 -0.496310 0.000000
vt 0.667426 -0.498796 0.000000
vt 0.684923 -0.503132 0.000000
vt 0.702906 -0.501046 0.000000
vt 0.717278 -0.508431 0.000000
vt 0.276453 -0.787604 0.000000
vt 0.249293 -0.786501 0.000000
vt 0.241126 -0.788331 0.000000
vt 0.606525 -0.504758 0.000000
vt 0.264026 -0.786938 0.000000
vt 0.650458 -0.499391 0.000000
vt 0.285146 -0.787706 0.000000
vt 0.723843 -0.509093 0.000000
vt 0.612356 -0.502157 0.000000
vt 0.721673 -0.507919 0.000000
vt 0.718900 -0.508929 0.000000
vt 0.610804 -0.502882 0.000000
vt 0.608785 -0.503841 0.000000
vt 0.602994 -0.444736 0.000000
vt 0.597601 -0.421178 0.000000
vt 0.740366 -0.425829 0.000000
vt 0.612959 -0.480925 0.000000
vt 0.644996 -0.559198 0.000000
vt 0.630629 -0.538227 0.000000
vt 0.662185 -0.568247 0.000000
vt 0.686731 -0.564783 0.000000
vt 0.701046 -0.546405 0.000000
vt 0.732880 -0.446311 0.000000
vt 0.721302 -0.484680 0.000000
vt 0.707128 -0.526203 0.000000
vt 0.622627 -0.519926 0.000000
vt 0.714005 -0.503841 0.000000
vt 0.682558 -0.541771 0.000000
vt 0.664697 -0.538956 0.000000
vt 0.506233 -0.314931 0.000000
vt 0.477343 -0.304842 0.000000
vt 0.536515 -0.319367 0.000000
vt 0.572235 -0.325406 0.000000
vt 0.593953 -0.330594 0.000000
vt 0.614774 -0.328059 0.000000
vt 0.648410 -0.328917 0.000000
vt 0.697370 -0.328086 0.000000
vt 0.449810 -0.328086 0.000000
vt 0.668601 -0.441132 0.000000
vt 0.682281 -0.538592 0.000000
vt 0.664879 -0.534917 0.000000
vt 0.651222 -0.535364 0.000000
vt 0.636430 -0.527477 0.000000
vt 0.652922 -0.527475 0.000000
vt 0.682962 -0.532382 0.000000
vt 0.694437 -0.534369 0.000000
vt 0.683155 -0.536296 0.000000
vt 0.664382 -0.530882 0.000000
vt 0.650169 -0.531488 0.000000
vt 0.664450 -0.529468 0.000000
vt 0.651310 -0.529199 0.000000
vt 0.665744 -0.525825 0.000000
vt 0.540829 -0.387371 0.000000
vt 0.573526 -0.381163 0.000000
vt 0.589911 -0.379141 0.000000
vt 0.607272 -0.384247 0.000000
vt 0.577293 -0.383621 0.000000
vt 0.589750 -0.373268 0.000000
vt 0.608260 -0.379039 0.000000
vt 0.653473 -0.391234 0.000000
vt 0.574457 -0.382390 0.000000
vt 0.589219 -0.377869 0.000000
vt 0.606215 -0.382459 0.000000
vt 0.574939 -0.384224 0.000000
vt 0.588978 -0.376020 0.000000
vt 0.605216 -0.379974 0.000000
vt 0.656406 -0.483417 0.000000
vt 0.669910 -0.480815 0.000000
vt 0.683488 -0.489114 0.000000
vt 0.630305 -0.481328 0.000000
vt 0.708654 -0.486701 0.000000
vt 0.652327 -0.496561 0.000000
vt 0.669269 -0.491533 0.000000
vt 0.683891 -0.500042 0.000000
vt 0.631551 -0.493111 0.000000
vt 0.704602 -0.496481 0.000000
vt 0.651842 -0.490029 0.000000
vt 0.669023 -0.484181 0.000000
vt 0.684753 -0.491900 0.000000
vt 0.625591 -0.483088 0.000000
vt 0.707310 -0.488316 0.000000
vt 0.652001 -0.492634 0.000000
vt 0.668558 -0.486587 0.000000
vt 0.684106 -0.495986 0.000000
vt 0.627084 -0.487062 0.000000
vt 0.709319 -0.489835 0.000000
vt 0.477681 -0.324035 0.000000
vt 0.507983 -0.328935 0.000000
vt 0.569993 -0.340787 0.000000
vt 0.591332 -0.342053 0.000000
vt 0.616394 -0.340439 0.000000
vt 0.640961 -0.344364 0.000000
vt 0.666950 -0.511177 0.000000
vt 0.651065 -0.513635 0.000000
vt 0.684347 -0.517991 0.000000
vt 0.633134 -0.514862 0.000000
vt 0.699142 -0.519573 0.000000
vt 0.667671 -0.503321 0.000000
vt 0.650883 -0.504708 0.000000
vt 0.684628 -0.509004 0.000000
vt 0.616951 -0.497143 0.000000
vt 0.631801 -0.504384 0.000000
vt 0.701057 -0.508865 0.000000
vt 0.668101 -0.507093 0.000000
vt 0.652420 -0.509456 0.000000
vt 0.683570 -0.513894 0.000000
vt 0.633104 -0.511523 0.000000
vt 0.700547 -0.515568 0.000000
vt 0.478113 -0.396122 0.000000
vt 0.617444 -0.438765 0.000000
vt 0.501680 -0.404526 0.000000
vt 0.630295 -0.472505 0.000000
vt 0.545351 -0.401460 0.000000
vt 0.707949 -0.474996 0.000000
vt 0.642895 -0.405332 0.000000
vt 0.461249 -0.401890 0.000000
vt 0.708810 -0.401890 0.000000
vt 0.477291 -0.398372 0.000000
vt 0.500822 -0.402284 0.000000
vt 0.542495 -0.399268 0.000000
vt 0.643164 -0.403755 0.000000
vt 0.707293 -0.404991 0.000000
vt 0.459733 -0.404991 0.000000
vt 0.501496 -0.394701 0.000000
vt 0.479856 -0.385245 0.000000
vt 0.711714 -0.391115 0.000000
vt 0.464154 -0.391115 0.000000
vt 0.539121 -0.396445 0.000000
vt 0.648526 -0.402264 0.000000
vt 0.499565 -0.390491 0.000000
vt 0.478252 -0.388762 0.000000
vt 0.460300 -0.395685 0.000000
vt 0.707860 -0.395685 0.000000
vt 0.536322 -0.393779 0.000000
vt 0.658126 -0.392785 0.000000
vt 0.509670 -0.296010 0.000000
vt 0.696647 -0.417965 0.000000
vt 0.474012 -0.294287 0.000000
vt 0.705369 -0.442995 0.000000
vt 0.438941 -0.307727 0.000000
vt 0.686502 -0.307727 0.000000
vt 0.688423 -0.464025 0.000000
vt 0.649762 -0.308224 0.000000
vt 0.659448 -0.470849 0.000000
vt 0.617879 -0.303544 0.000000
vt 0.639744 -0.450103 0.000000
vt 0.595739 -0.301428 0.000000
vt 0.633843 -0.428712 0.000000
vt 0.573746 -0.298759 0.000000
vt 0.649451 -0.412989 0.000000
vt 0.542447 -0.294558 0.000000
vt 0.674720 -0.406030 0.000000
vt 0.690814 -0.423912 0.000000
vt 0.698301 -0.442632 0.000000
vt 0.684787 -0.456628 0.000000
vt 0.663515 -0.463937 0.000000
vt 0.648586 -0.448264 0.000000
vt 0.644115 -0.431977 0.000000
vt 0.655939 -0.420531 0.000000
vt 0.675083 -0.415058 0.000000
vt 0.593127 -0.334670 0.000000
vt 0.571847 -0.330315 0.000000
vt 0.536686 -0.324867 0.000000
vt 0.506975 -0.320427 0.000000
vt 0.477361 -0.310283 0.000000
vt 0.450795 -0.331287 0.000000
vt 0.698355 -0.331287 0.000000
vt 0.647931 -0.331297 0.000000
vt 0.615204 -0.331887 0.000000
vt 0.537404 -0.350917 0.000000
vt 0.586656 -0.333459 0.000000
vt 0.570895 -0.336634 0.000000
vt 0.537282 -0.346201 0.000000
vt 0.507148 -0.350907 0.000000
vt 0.476754 -0.360960 0.000000
vt 0.705545 -0.369144 0.000000
vt 0.457985 -0.369144 0.000000
vt 0.460276 -0.373103 0.000000
vt 0.707836 -0.373103 0.000000
vt 0.621379 -0.383447 0.000000
vt 0.590556 -0.349964 0.000000
vt 0.562220 -0.339071 0.000000
vt 0.536865 -0.329583 0.000000
vt 0.652424 -0.379290 0.000000
vt 0.641564 -0.379796 0.000000
vt 0.609983 -0.365409 0.000000
vt 0.601683 -0.360886 0.000000
vt 0.590090 -0.354962 0.000000
vt 0.569768 -0.345223 0.000000
vt 0.562111 -0.343273 0.000000
vt 0.555305 -0.341017 0.000000
vt 0.537038 -0.334887 0.000000
vt 0.507536 -0.325179 0.000000
vt 0.667495 -0.382168 0.000000
vt 0.463457 -0.387332 0.000000
vt 0.711017 -0.387332 0.000000
vt 0.653088 -0.384804 0.000000
vt 0.505523 -0.373035 0.000000
vt 0.535121 -0.376000 0.000000
vt 0.506069 -0.366552 0.000000
vt 0.483740 -0.359216 0.000000
vt 0.693350 -0.337844 0.000000
vt 0.474145 -0.358001 0.000000
vt 0.453134 -0.344768 0.000000
vt 0.700694 -0.344768 0.000000
vt 0.646678 -0.336790 0.000000
vt 0.453920 -0.339674 0.000000
vt 0.693534 -0.345356 0.000000
vt 0.462930 -0.324883 0.000000
vt 0.451702 -0.334266 0.000000
vt 0.699262 -0.334266 0.000000
vt 0.681669 -0.342638 0.000000
vt 0.633341 -0.353674 0.000000
vt 0.616784 -0.364603 0.000000
vt 0.589668 -0.365189 0.000000
vt 0.570979 -0.378213 0.000000
vt 0.547838 -0.379058 0.000000
vt 0.501107 -0.385578 0.000000
vt 0.478985 -0.380756 0.000000
vt 0.477122 -0.304784 0.000000
vt 0.505839 -0.314305 0.000000
vt 0.536505 -0.319375 0.000000
vt 0.573298 -0.325490 0.000000
vt 0.593770 -0.329595 0.000000
vt 0.613756 -0.327429 0.000000
vt 0.647875 -0.329273 0.000000
vt 0.697944 -0.328277 0.000000
vt 0.450383 -0.328277 0.000000
vt 0.571483 -0.341757 0.000000
vt 0.568260 -0.341149 0.000000
vt 0.590820 -0.350300 0.000000
vt 0.610296 -0.360518 0.000000
vt 0.631759 -0.353290 0.000000
vt 0.683522 -0.341892 0.000000
vt 0.644889 -0.336325 0.000000
vt 0.695388 -0.336816 0.000000
vt 0.451948 -0.333561 0.000000
vt 0.699508 -0.333561 0.000000
vt 0.463163 -0.324529 0.000000
vt 0.699021 -0.330858 0.000000
vt 0.451461 -0.330858 0.000000
vt 0.647689 -0.331201 0.000000
vt 0.614251 -0.331140 0.000000
vt 0.593597 -0.333855 0.000000
vt 0.536425 -0.381634 0.000000
vt 0.504743 -0.372739 0.000000
vt 0.477123 -0.360904 0.000000
vt 0.709734 -0.372613 0.000000
vt 0.462173 -0.372613 0.000000
vt 0.666950 -0.381531 0.000000
vt 0.713289 -0.386234 0.000000
vt 0.465728 -0.386234 0.000000
vt 0.479645 -0.380156 0.000000
vt 0.500035 -0.385624 0.000000
vt 0.547784 -0.378798 0.000000
vt 0.569143 -0.372330 0.000000
vt 0.588755 -0.364561 0.000000
vt 0.600512 -0.360902 0.000000
vt 0.589351 -0.355199 0.000000
vt 0.570289 -0.345732 0.000000
vt 0.563027 -0.343441 0.000000
vt 0.537706 -0.350956 0.000000
vt 0.506531 -0.355155 0.000000
vt 0.482538 -0.358994 0.000000
vt 0.505770 -0.366248 0.000000
vt 0.535735 -0.375798 0.000000
vt 0.539489 -0.387887 0.000000
vt 0.575443 -0.383077 0.000000
vt 0.588545 -0.376902 0.000000
vt 0.607460 -0.377615 0.000000
vt 0.641117 -0.381094 0.000000
vt 0.608553 -0.365223 0.000000
vt 0.589515 -0.369275 0.000000
vt 0.571192 -0.377182 0.000000
vt 0.541119 -0.387550 0.000000
vt 0.498562 -0.390577 0.000000
vt 0.480165 -0.384730 0.000000
vt 0.714011 -0.390023 0.000000
vt 0.466451 -0.390023 0.000000
vt 0.652766 -0.384393 0.000000
vt 0.619630 -0.383008 0.000000
vt 0.614710 -0.382747 0.000000
vt 0.604231 -0.382996 0.000000
vt 0.588926 -0.378846 0.000000
vt 0.575998 -0.384900 0.000000
vt 0.572851 -0.330328 0.000000
vt 0.536393 -0.324890 0.000000
vt 0.506464 -0.319759 0.000000
vt 0.537084 -0.329580 0.000000
vt 0.563113 -0.339164 0.000000
vt 0.571577 -0.336518 0.000000
vt 0.588058 -0.333220 0.000000
vt 0.506468 -0.350847 0.000000
vt 0.537089 -0.346246 0.000000
vt 0.555277 -0.341243 0.000000
vt 0.536607 -0.334889 0.000000
vt 0.506914 -0.324524 0.000000
vt 0.477218 -0.310204 0.000000
vt 0.455216 -0.338744 0.000000
vt 0.702777 -0.338744 0.000000
vt 0.477083 -0.355478 0.000000
vt 0.652671 -0.378998 0.000000
vt 0.460021 -0.369052 0.000000
vt 0.707582 -0.369052 0.000000
vt 0.475790 -0.358015 0.000000
vt 0.454572 -0.344752 0.000000
vt 0.702133 -0.344752 0.000000
vt 0.696166 -0.344823 0.000000
vt 0.631577 -0.359958 0.000000
vt 0.618118 -0.365333 0.000000
vt 0.194852 -0.841228 0.000000
vt 0.074613 -0.830693 0.000000
vt 0.218206 -0.698636 0.000000
vt 0.250787 -0.717594 0.000000
vt 0.030501 -0.706949 0.000000
vt 0.208733 -0.781517 0.000000
vt 0.227544 -0.777510 0.000000
vt 0.037136 -0.763067 0.000000
vt 0.222933 -0.821480 0.000000
vt 0.046916 -0.807562 0.000000
vt 0.200046 -0.820991 0.000000
vt 0.232152 -0.667560 0.000000
vt 0.256169 -0.689742 0.000000
vt 0.014749 -0.684496 0.000000
vt 0.062929 -0.767358 0.000000
vt 0.070711 -0.812210 0.000000
vt 0.230134 -0.647655 0.000000
vt 0.254873 -0.677650 0.000000
vt 0.012643 -0.673316 0.000000
vt 0.038122 -0.643541 0.000000
vt 0.230915 -0.751658 0.000000
vt 0.050420 -0.737056 0.000000
vt 0.210743 -0.744532 0.000000
vt 0.065633 -0.738925 0.000000
vt 0.214559 -0.844764 0.000000
vt 0.058452 -0.830682 0.000000
vt 0.210181 -0.751120 0.000000
vt 0.221885 -0.744634 0.000000
vt 0.210281 -0.726980 0.000000
vt 0.226681 -0.679710 0.000000
vt 0.253442 -0.699126 0.000000
vt 0.016955 -0.694213 0.000000
vt 0.229894 -0.797533 0.000000
vt 0.040624 -0.783666 0.000000
vt 0.209778 -0.799829 0.000000
vt 0.065209 -0.785718 0.000000
vt 0.236824 -0.737184 0.000000
vt 0.040130 -0.723987 0.000000
vt 0.219824 -0.760126 0.000000
vt 0.041079 -0.745015 0.000000
vt 0.064836 -0.750966 0.000000
vt 0.190274 -0.862118 0.000000
vt 0.182276 -0.873991 0.000000
vt 0.082540 -0.861814 0.000000
vt 0.236906 -0.878256 0.000000
vt 0.080442 -0.848697 0.000000
vt 0.194103 -0.875337 0.000000
vt 0.213440 -0.881052 0.000000
vt 0.071642 -0.864086 0.000000
vt 0.205374 -0.878116 0.000000
vt 0.225360 -0.877008 0.000000
vt 0.205940 -0.863425 0.000000
vt 0.065607 -0.849628 0.000000
vt 0.212745 -0.716789 0.000000
vt 0.241450 -0.729595 0.000000
vt 0.035130 -0.717755 0.000000
vt 0.223406 -0.718228 0.000000
vt 0.176368 -0.701870 0.000000
vt 0.189158 -0.804364 0.000000
vt 0.192182 -0.659532 0.000000
vt 0.150251 -0.804523 0.000000
vt 0.162453 -0.648067 0.000000
vt 0.162453 -0.648067 0.000000
vt 0.170395 -0.840439 0.000000
vt 0.154300 -0.833247 0.000000
vt 0.203020 -0.745705 0.000000
vt 0.173193 -0.731015 0.000000
vt 0.184819 -0.677184 0.000000
vt 0.172958 -0.779610 0.000000
vt 0.155110 -0.781441 0.000000
vt 0.167258 -0.717806 0.000000
vt 0.140892 -0.855617 0.000000
vt 0.168135 -0.858221 0.000000
vt 0.161834 -0.871828 0.000000
vt 0.142352 -0.868110 0.000000
vt 0.190533 -0.778106 0.000000
vt 0.169192 -0.805181 0.000000
vt 0.144436 -0.831689 0.000000
vt 0.190195 -0.754900 0.000000
vt 0.191680 -0.740239 0.000000
vt 0.194992 -0.729695 0.000000
vt 0.170773 -0.724250 0.000000
vt 0.172737 -0.750361 0.000000
vt 0.191132 -0.745944 0.000000
vt 0.204198 -0.713551 0.000000
vt 0.159985 -0.678405 0.000000
vt 0.174072 -0.713061 0.000000
vt 0.163165 -0.638514 0.000000
vt 0.054699 -0.706930 0.000000
vt 0.052381 -0.703195 0.000000
vt 0.041735 -0.673145 0.000000
vt 0.048536 -0.654652 0.000000
vt 0.046365 -0.687493 0.000000
vt 0.063898 -0.727490 0.000000
vt 0.193276 -0.648224 0.000000
vt 0.199689 -0.641741 0.000000
vt 0.160170 -0.658490 0.000000
vt 0.165764 -0.627059 0.000000
vt 0.173357 -0.638767 0.000000
vt 0.173357 -0.638767 0.000000
vt 0.177630 -0.629488 0.000000
vt 0.177630 -0.629488 0.000000
vt 0.196588 -0.699459 0.000000
vt 0.207738 -0.663563 0.000000
vt 0.202794 -0.676127 0.000000
vt 0.193513 -0.713727 0.000000
vt 0.204172 -0.634907 0.000000
vt 0.229461 -0.640334 0.000000
vt 0.193755 -0.724424 0.000000
vt 0.089606 -0.821222 0.000000
vt 0.078721 -0.699053 0.000000
vt 0.099444 -0.696414 0.000000
vt 0.082529 -0.766574 0.000000
vt 0.083904 -0.805192 0.000000
vt 0.092473 -0.646134 0.000000
vt 0.075038 -0.649368 0.000000
vt 0.063640 -0.700494 0.000000
vt 0.054408 -0.662513 0.000000
vt 0.096937 -0.629494 0.000000
vt 0.074948 -0.626764 0.000000
vt 0.096579 -0.667924 0.000000
vt 0.071570 -0.671010 0.000000
vt 0.057040 -0.678222 0.000000
vt 0.085040 -0.782323 0.000000
vt 0.100807 -0.717731 0.000000
vt 0.086281 -0.722133 0.000000
vt 0.072141 -0.725296 0.000000
vt 0.085056 -0.750929 0.000000
vt 0.104104 -0.861372 0.000000
vt 0.097939 -0.857087 0.000000
vt 0.246768 -0.873259 0.000000
vt 0.097867 -0.840581 0.000000
vt 0.112094 -0.847290 0.000000
vt 0.113717 -0.863862 0.000000
vt 0.113504 -0.821467 0.000000
vt 0.116367 -0.692622 0.000000
vt 0.127427 -0.749308 0.000000
vt 0.153943 -0.747834 0.000000
vt 0.137781 -0.806329 0.000000
vt 0.113198 -0.643317 0.000000
vt 0.136596 -0.748578 0.000000
vt 0.129271 -0.831396 0.000000
vt 0.115866 -0.667004 0.000000
vt 0.148461 -0.673444 0.000000
vt 0.128568 -0.773693 0.000000
vt 0.115341 -0.714108 0.000000
vt 0.146625 -0.737478 0.000000
vt 0.123228 -0.741637 0.000000
vt 0.132330 -0.848479 0.000000
vt 0.126999 -0.866151 0.000000
vt 0.106243 -0.757515 0.000000
vt 0.113450 -0.796871 0.000000
vt 0.145249 -0.732497 0.000000
vt 0.113723 -0.772553 0.000000
vt 0.126110 -0.803516 0.000000
vt 0.140441 -0.775935 0.000000
vt 0.137413 -0.674419 0.000000
vt 0.135892 -0.701691 0.000000
vt 0.133363 -0.645372 0.000000
vt 0.120810 -0.638859 0.000000
vt 0.131527 -0.621438 0.000000
vt 0.155333 -0.626400 0.000000
vt 0.155333 -0.626400 0.000000
vt 0.110821 -0.619907 0.000000
vt 0.152760 -0.636921 0.000000
vt 0.152760 -0.636921 0.000000
vt 0.128391 -0.631259 0.000000
vt 0.091036 -0.632641 0.000000
vt 0.075066 -0.633555 0.000000
vt 0.093316 -0.734994 0.000000
vt 0.072181 -0.733086 0.000000
vt 0.128043 -0.695649 0.000000
vt 0.116166 -0.640080 0.000000
vt 0.126139 -0.647750 0.000000
vt 0.126357 -0.671263 0.000000
vt 0.127040 -0.724238 0.000000
vt 0.102126 -0.730657 0.000000
vt 0.096306 -0.759357 0.000000
vt 0.091294 -0.763992 0.000000
vt 0.099437 -0.797836 0.000000
vt 0.103811 -0.808582 0.000000
vt 0.097622 -0.809857 0.000000
vt 0.093013 -0.799708 0.000000
vt 0.100574 -0.778843 0.000000
vt 0.094933 -0.781416 0.000000
vt 0.101213 -0.742631 0.000000
vt 0.093208 -0.748837 0.000000
vt 0.123819 -0.734192 0.000000
vt 0.154320 -0.698038 0.000000
vt 0.107780 -0.628730 0.000000
vt 0.111343 -0.625232 0.000000
vt 0.124005 -0.637264 0.000000
vt 0.125881 -0.636377 0.000000
vt 0.144880 -0.642606 0.000000
vt 0.136654 -0.643931 0.000000
vt 0.150459 -0.722310 0.000000
vt 0.109485 -0.727918 0.000000
vt 0.235385 -0.989617 0.000000
vt 0.141412 -0.991601 0.000000
vt 0.240322 -0.990907 0.000000
vt 0.135949 -0.991572 0.000000
vt 0.236784 -0.986415 0.000000
vt 0.236784 -0.986415 0.000000
vt 0.144769 -0.990626 0.000000
vt 0.241347 -0.987705 0.000000
vt 0.241347 -0.987705 0.000000
vt 0.132755 -0.990410 0.000000
vt 0.220752 -0.945544 0.000000
vt 0.179330 -0.946892 0.000000
vt 0.196491 -0.968933 0.000000
vt 0.206506 -0.966791 0.000000
vt 0.182680 -0.912531 0.000000
vt 0.192441 -0.969250 0.000000
vt 0.210185 -0.967763 0.000000
vt 0.191255 -0.943946 0.000000
vt 0.211885 -0.938126 0.000000
vt 0.214378 -0.926173 0.000000
vt 0.208119 -0.924676 0.000000
vt 0.191293 -0.922127 0.000000
vt 0.213774 -0.960080 0.000000
vt 0.213774 -0.960080 0.000000
vt 0.208772 -0.959069 0.000000
vt 0.189941 -0.961585 0.000000
vt 0.217649 -0.939939 0.000000
vt 0.217649 -0.939939 0.000000
vt 0.185220 -0.944710 0.000000
vt 0.196707 -0.944029 0.000000
vt 0.205611 -0.940479 0.000000
vt 0.217040 -0.961309 0.000000
vt 0.186666 -0.963168 0.000000
vt 0.218437 -0.918620 0.000000
vt 0.207792 -0.963670 0.000000
vt 0.199434 -0.967656 0.000000
vt 0.224670 -0.933097 0.000000
vt 0.224670 -0.933097 0.000000
vt 0.172914 -0.923660 0.000000
vt 0.176877 -0.912877 0.000000
vt 0.194811 -0.961434 0.000000
vt 0.212065 -0.964511 0.000000
vt 0.212065 -0.964511 0.000000
vt 0.188477 -0.969205 0.000000
vt 0.205442 -0.957846 0.000000
vt 0.198857 -0.961713 0.000000
vt 0.221446 -0.928110 0.000000
vt 0.221446 -0.928110 0.000000
vt 0.184697 -0.920699 0.000000
vt 0.178991 -0.920912 0.000000
vt 0.208666 -0.916598 0.000000
vt 0.195331 -0.909830 0.000000
vt 0.104688 -0.942084 0.000000
vt 0.121909 -0.912870 0.000000
vt 0.106859 -0.976708 0.000000
vt 0.254988 -0.981711 0.000000
vt 0.258897 -0.947820 0.000000
vt 0.260921 -0.937151 0.000000
vt 0.256725 -0.941537 0.000000
vt 0.125284 -0.927332 0.000000
vt 0.098839 -0.969514 0.000000
vt 0.260191 -0.974276 0.000000
vt 0.254792 -0.972734 0.000000
vt 0.254792 -0.972734 0.000000
vt 0.105237 -0.967553 0.000000
vt 0.265601 -0.949329 0.000000
vt 0.098115 -0.938891 0.000000
vt 0.123505 -0.946538 0.000000
vt 0.255080 -0.949328 0.000000
vt 0.102363 -0.967551 0.000000
vt 0.132478 -0.915327 0.000000
vt 0.253316 -0.935777 0.000000
vt 0.253961 -0.977892 0.000000
vt 0.253961 -0.977892 0.000000
vt 0.113014 -0.976991 0.000000
vt 0.106626 -0.923395 0.000000
vt 0.118052 -0.912017 0.000000
vt 0.111649 -0.968833 0.000000
vt 0.258583 -0.979277 0.000000
vt 0.101771 -0.974889 0.000000
vt 0.251327 -0.971873 0.000000
vt 0.115041 -0.970263 0.000000
vt 0.267612 -0.938201 0.000000
vt 0.098590 -0.925072 0.000000
vt 0.120367 -0.923201 0.000000
vt 0.115360 -0.922122 0.000000
vt 0.255360 -0.940935 0.000000
vt 0.130114 -0.928174 0.000000
vt 0.127704 -0.915264 0.000000
vt 0.254150 -0.953129 0.000000
vt 0.128497 -0.946727 0.000000
vt 0.143738 -0.915483 0.000000
vt 0.143684 -0.956342 0.000000
vt 0.242216 -0.951003 0.000000
vt 0.244940 -0.933988 0.000000
vt 0.241934 -0.938128 0.000000
vt 0.149210 -0.926620 0.000000
vt 0.243135 -0.982213 0.000000
vt 0.243135 -0.982213 0.000000
vt 0.237650 -0.980827 0.000000
vt 0.237650 -0.980827 0.000000
vt 0.135770 -0.981868 0.000000
vt 0.249032 -0.952355 0.000000
vt 0.137260 -0.954282 0.000000
vt 0.150798 -0.955675 0.000000
vt 0.238331 -0.953589 0.000000
vt 0.246837 -0.982855 0.000000
vt 0.131055 -0.981750 0.000000
vt 0.154577 -0.914973 0.000000
vt 0.238040 -0.932824 0.000000
vt 0.137537 -0.913972 0.000000
vt 0.142219 -0.982147 0.000000
vt 0.234326 -0.979340 0.000000
vt 0.145843 -0.983175 0.000000
vt 0.143761 -0.926358 0.000000
vt 0.136711 -0.925066 0.000000
vt 0.239384 -0.937883 0.000000
vt 0.154018 -0.926550 0.000000
vt 0.149446 -0.915848 0.000000
vt 0.268137 -0.904438 0.000000
vt 0.051611 -0.931105 0.000000
vt 0.307796 -0.918528 0.000000
vt 0.095265 -0.905465 0.000000
vt 0.265533 -0.924021 0.000000
vt 0.219290 -0.895788 0.000000
vt 0.302997 -0.909500 0.000000
vt 0.302997 -0.909500 0.000000
vt 0.042787 -0.920465 0.000000
vt 0.302997 -0.909500 0.000000
vt 0.109021 -0.910822 0.000000
vt 0.077292 -0.895267 0.000000
vt 0.125419 -0.872501 0.000000
vt 0.237180 -0.905611 0.000000
vt 0.237576 -0.883370 0.000000
vt 0.079714 -0.907565 0.000000
vt 0.046569 -0.927395 0.000000
vt 0.309597 -0.912961 0.000000
vt 0.160930 -0.873270 0.000000
vt 0.087385 -0.901324 0.000000
vt 0.050208 -0.912253 0.000000
vt 0.294448 -0.902254 0.000000
vt 0.290003 -0.915758 0.000000
vt 0.290003 -0.915758 0.000000
vt 0.205548 -0.895166 0.000000
vt 0.197970 -0.887170 0.000000
vt 0.252216 -0.895575 0.000000
vt 0.061530 -0.923818 0.000000
vt 0.224608 -0.885093 0.000000
vt 0.259671 -0.917958 0.000000
vt 0.057724 -0.935706 0.000000
vt 0.300593 -0.917833 0.000000
vt 0.300593 -0.917833 0.000000
vt 0.300593 -0.917833 0.000000
vt 0.240263 -0.922523 0.000000
vt 0.256994 -0.925793 0.000000
vt 0.141775 -0.890270 0.000000
vt 0.079001 -0.876345 0.000000
vt 0.261687 -0.887105 0.000000
vt 0.102848 -0.866363 0.000000
vt 0.110866 -0.889614 0.000000
vt 0.249149 -0.878853 0.000000
vt 0.095777 -0.860872 0.000000
vt 0.268187 -0.917900 0.000000
vt 0.085852 -0.912794 0.000000
vt 0.072075 -0.888976 0.000000
vt 0.268654 -0.897295 0.000000
vt 0.292177 -0.907752 0.000000
vt 0.292177 -0.907752 0.000000
vt 0.099846 -0.884454 0.000000
vt 0.125773 -0.890521 0.000000
vt 0.181025 -0.887261 0.000000
vt 0.159529 -0.886735 0.000000
vt 0.112736 -0.871267 0.000000
vt 0.163547 -0.912081 0.000000
vt 0.273955 -0.900155 0.000000
vt 0.066613 -0.894990 0.000000
vt 0.251218 -0.909975 0.000000
vt 0.265646 -0.911841 0.000000
vt 0.071327 -0.901066 0.000000
vt 0.055115 -0.917626 0.000000
vt 0.067169 -0.928032 0.000000
vt 0.288805 -0.921204 0.000000
vt 0.229827 -0.930710 0.000000
vt 0.142193 -0.874067 0.000000
vt 0.087432 -0.881376 0.000000
vt 0.100261 -0.910797 0.000000
vt 0.265381 -0.929874 0.000000
vt 0.260915 -0.901894 0.000000
vt 0.194235 -0.877102 0.000000
vt 0.210195 -0.884778 0.000000
vt 0.159891 -0.912743 0.000000
vt 0.239051 -0.947951 0.000000
vt 0.154831 -0.946041 0.000000
vt 0.173543 -0.983447 0.000000
vt 0.222995 -0.981085 0.000000
vt 0.168238 -0.984152 0.000000
vt 0.227943 -0.981851 0.000000
vt 0.169869 -0.951223 0.000000
vt 0.228122 -0.946705 0.000000
vt 0.230414 -0.972728 0.000000
vt 0.230414 -0.972728 0.000000
vt 0.224854 -0.971776 0.000000
vt 0.224854 -0.971776 0.000000
vt 0.166225 -0.974527 0.000000
vt 0.234854 -0.947463 0.000000
vt 0.162870 -0.951908 0.000000
vt 0.174673 -0.951844 0.000000
vt 0.223035 -0.949642 0.000000
vt 0.234162 -0.972785 0.000000
vt 0.162677 -0.975514 0.000000
vt 0.171526 -0.912556 0.000000
vt 0.224184 -0.977551 0.000000
vt 0.224184 -0.977551 0.000000
vt 0.176490 -0.981850 0.000000
vt 0.173044 -0.973833 0.000000
vt 0.228821 -0.978482 0.000000
vt 0.228821 -0.978482 0.000000
vt 0.164769 -0.983493 0.000000
vt 0.221290 -0.970648 0.000000
vt 0.175570 -0.974445 0.000000
vt 0.165772 -0.922363 0.000000
vt 0.159998 -0.923490 0.000000
vt 0.230806 -0.920459 0.000000
vt 0.072751 -0.914174 0.000000
vt 0.063423 -0.908469 0.000000
vt 0.278555 -0.913519 0.000000
vt 0.278555 -0.913519 0.000000
vt 0.274969 -0.904836 0.000000
vt 0.286278 -0.900289 0.000000
vt 0.055086 -0.905714 0.000000
vt 0.068757 -0.917602 0.000000
vt 0.060661 -0.911229 0.000000
vt 0.272787 -0.912351 0.000000
vt 0.280830 -0.905743 0.000000
vt 0.280830 -0.905743 0.000000
vt 0.279646 -0.920126 0.000000
vt 0.074383 -0.923011 0.000000
vt 0.070710 -0.915852 0.000000
vt 0.276215 -0.912756 0.000000
vt 0.276215 -0.912756 0.000000
vt 0.278180 -0.905745 0.000000
vt 0.278180 -0.905745 0.000000
vt 0.282892 -0.900400 0.000000
vt 0.058023 -0.902452 0.000000
vt 0.077799 -0.920441 0.000000
vt 0.276254 -0.919038 0.000000
vt 0.117131 -0.944483 0.000000
vt 0.258249 -0.951944 0.000000
vt 0.258249 -0.951944 0.000000
vt 0.264385 -0.953419 0.000000
vt 0.099681 -0.945021 0.000000
vt 0.264385 -0.953419 0.000000
vt 0.110254 -0.943272 0.000000
vt 0.129252 -0.953040 0.000000
vt 0.252744 -0.957822 0.000000
vt 0.144405 -0.949126 0.000000
vt 0.241815 -0.955045 0.000000
vt 0.241815 -0.955045 0.000000
vt 0.137455 -0.948912 0.000000
vt 0.238781 -0.950539 0.000000
vt 0.151302 -0.949091 0.000000
vt 0.128521 -0.949847 0.000000
vt 0.252767 -0.955420 0.000000
vt 0.144313 -0.951702 0.000000
vt 0.248017 -0.956283 0.000000
vt 0.248017 -0.956283 0.000000
vt 0.137249 -0.951535 0.000000
vt 0.151188 -0.952498 0.000000
vt 0.238788 -0.952291 0.000000
vt 0.156736 -0.953076 0.000000
vt 0.237308 -0.951407 0.000000
vt 0.169312 -0.945883 0.000000
vt 0.227694 -0.951459 0.000000
vt 0.227694 -0.951459 0.000000
vt 0.233851 -0.952335 0.000000
vt 0.233851 -0.952335 0.000000
vt 0.161914 -0.946410 0.000000
vt 0.222729 -0.945855 0.000000
vt 0.174929 -0.945337 0.000000
vt 0.155415 -0.949472 0.000000
vt 0.237810 -0.949568 0.000000
vt 0.169575 -0.948401 0.000000
vt 0.228426 -0.949252 0.000000
vt 0.228426 -0.949252 0.000000
vt 0.233882 -0.950058 0.000000
vt 0.233882 -0.950058 0.000000
vt 0.162106 -0.949061 0.000000
vt 0.174742 -0.948495 0.000000
vt 0.223029 -0.947860 0.000000
vt 0.222705 -0.941367 0.000000
vt 0.177115 -0.939685 0.000000
vt 0.190362 -0.940114 0.000000
vt 0.210220 -0.942872 0.000000
vt 0.215999 -0.944687 0.000000
vt 0.215999 -0.944687 0.000000
vt 0.206363 -0.936584 0.000000
vt 0.195496 -0.937101 0.000000
vt 0.221015 -0.943384 0.000000
vt 0.178179 -0.943393 0.000000
vt 0.211387 -0.940531 0.000000
vt 0.216472 -0.942262 0.000000
vt 0.216472 -0.942262 0.000000
vt 0.184403 -0.940816 0.000000
vt 0.196234 -0.940851 0.000000
vt 0.206514 -0.938521 0.000000
vt 0.106719 -0.959729 0.000000
vt 0.102591 -0.959637 0.000000
vt 0.256127 -0.965718 0.000000
vt 0.256127 -0.965718 0.000000
vt 0.261772 -0.967121 0.000000
vt 0.098343 -0.960926 0.000000
vt 0.113228 -0.960886 0.000000
vt 0.117712 -0.963144 0.000000
vt 0.252522 -0.964132 0.000000
vt 0.239723 -0.969461 0.000000
vt 0.239723 -0.969461 0.000000
vt 0.244933 -0.973373 0.000000
vt 0.244933 -0.973373 0.000000
vt 0.136324 -0.969004 0.000000
vt 0.143116 -0.969159 0.000000
vt 0.130036 -0.969082 0.000000
vt 0.249535 -0.971677 0.000000
vt 0.246015 -0.968139 0.000000
vt 0.246015 -0.968139 0.000000
vt 0.148110 -0.970760 0.000000
vt 0.236202 -0.967435 0.000000
vt 0.245284 -0.970714 0.000000
vt 0.245284 -0.970714 0.000000
vt 0.226261 -0.962193 0.000000
vt 0.226261 -0.962193 0.000000
vt 0.164602 -0.963737 0.000000
vt 0.171522 -0.963116 0.000000
vt 0.159859 -0.965371 0.000000
vt 0.236139 -0.962678 0.000000
vt 0.175366 -0.964086 0.000000
vt 0.222309 -0.960497 0.000000
vt 0.231831 -0.963007 0.000000
vt 0.231831 -0.963007 0.000000
vt 0.187673 -0.953665 0.000000
vt 0.183191 -0.955648 0.000000
vt 0.219115 -0.953442 0.000000
vt 0.209875 -0.951436 0.000000
vt 0.214918 -0.952776 0.000000
vt 0.214918 -0.952776 0.000000
vt 0.193321 -0.953339 0.000000
vt 0.197718 -0.953639 0.000000
vt 0.206168 -0.949100 0.000000
vt 0.194852 -0.841228 0.000000
vt 0.214559 -0.844764 0.000000
vt 0.058452 -0.830682 0.000000
vt 0.222933 -0.821480 0.000000
vt 0.046916 -0.807562 0.000000
vt 0.200046 -0.820991 0.000000
vt 0.190274 -0.862118 0.000000
vt 0.065607 -0.849628 0.000000
vt 0.205940 -0.863425 0.000000
vt 0.170395 -0.840439 0.000000
vt 0.168135 -0.858221 0.000000
vt 0.218206 -0.698636 0.000000
vt 0.223406 -0.718228 0.000000
vt 0.241450 -0.729595 0.000000
vt 0.035130 -0.717755 0.000000
vt 0.250787 -0.717594 0.000000
vt 0.030501 -0.706949 0.000000
vt 0.204198 -0.713551 0.000000
vt 0.212745 -0.716789 0.000000
vt 0.253442 -0.699126 0.000000
vt 0.016955 -0.694213 0.000000
vt 0.226681 -0.679710 0.000000
vt 0.054699 -0.706930 0.000000
vt 0.052381 -0.703195 0.000000
vt 0.208733 -0.781517 0.000000
vt 0.209778 -0.799829 0.000000
vt 0.229894 -0.797533 0.000000
vt 0.040624 -0.783666 0.000000
vt 0.227544 -0.777510 0.000000
vt 0.037136 -0.763067 0.000000
vt 0.189158 -0.804364 0.000000
vt 0.190533 -0.778106 0.000000
vt 0.169192 -0.805181 0.000000
vt 0.065209 -0.785718 0.000000
vt 0.062929 -0.767358 0.000000
vt 0.219824 -0.760126 0.000000
vt 0.041079 -0.745015 0.000000
vt 0.210181 -0.751120 0.000000
vt 0.232152 -0.667560 0.000000
vt 0.256169 -0.689742 0.000000
vt 0.014749 -0.684496 0.000000
vt 0.207738 -0.663563 0.000000
vt 0.202794 -0.676127 0.000000
vt 0.254873 -0.677650 0.000000
vt 0.012643 -0.673316 0.000000
vt 0.230134 -0.647655 0.000000
vt 0.046365 -0.687493 0.000000
vt 0.041735 -0.673145 0.000000
vt 0.064836 -0.750966 0.000000
vt 0.070711 -0.812210 0.000000
vt 0.074613 -0.830693 0.000000
vt 0.192182 -0.659532 0.000000
vt 0.193276 -0.648224 0.000000
vt 0.199689 -0.641741 0.000000
vt 0.230915 -0.751658 0.000000
vt 0.050420 -0.737056 0.000000
vt 0.236824 -0.737184 0.000000
vt 0.040130 -0.723987 0.000000
vt 0.210281 -0.726980 0.000000
vt 0.221885 -0.744634 0.000000
vt 0.065633 -0.738925 0.000000
vt 0.210743 -0.744532 0.000000
vt 0.203020 -0.745705 0.000000
vt 0.072181 -0.733086 0.000000
vt 0.063898 -0.727490 0.000000
vt 0.080442 -0.848697 0.000000
vt 0.190195 -0.754900 0.000000
vt 0.194992 -0.729695 0.000000
vt 0.191680 -0.740239 0.000000
vt 0.193755 -0.724424 0.000000
vt 0.193513 -0.713727 0.000000
vt 0.196588 -0.699459 0.000000
vt 0.176368 -0.701870 0.000000
vt 0.184819 -0.677184 0.000000
vt 0.154300 -0.833247 0.000000
vt 0.144436 -0.831689 0.000000
vt 0.159985 -0.678405 0.000000
vt 0.172958 -0.779610 0.000000
vt 0.150251 -0.804523 0.000000
vt 0.173357 -0.638767 0.000000
vt 0.173357 -0.638767 0.000000
vt 0.162453 -0.648067 0.000000
vt 0.162453 -0.648067 0.000000
vt 0.163165 -0.638514 0.000000
vt 0.160170 -0.658490 0.000000
vt 0.140892 -0.855617 0.000000
vt 0.191132 -0.745944 0.000000
vt 0.173193 -0.731015 0.000000
vt 0.172737 -0.750361 0.000000
vt 0.154320 -0.698038 0.000000
vt 0.155110 -0.781441 0.000000
vt 0.170773 -0.724250 0.000000
vt 0.174072 -0.713061 0.000000
vt 0.048536 -0.654652 0.000000
vt 0.038122 -0.643541 0.000000
vt 0.177630 -0.629488 0.000000
vt 0.177630 -0.629488 0.000000
vt 0.165764 -0.627059 0.000000
vt 0.204172 -0.634907 0.000000
vt 0.229461 -0.640334 0.000000
vt 0.167258 -0.717806 0.000000
vt 0.089606 -0.821222 0.000000
vt 0.113504 -0.821467 0.000000
vt 0.103811 -0.808582 0.000000
vt 0.097622 -0.809857 0.000000
vt 0.093013 -0.799708 0.000000
vt 0.083904 -0.805192 0.000000
vt 0.097867 -0.840581 0.000000
vt 0.078721 -0.699053 0.000000
vt 0.071570 -0.671010 0.000000
vt 0.057040 -0.678222 0.000000
vt 0.063640 -0.700494 0.000000
vt 0.086281 -0.722133 0.000000
vt 0.100807 -0.717731 0.000000
vt 0.099444 -0.696414 0.000000
vt 0.096579 -0.667924 0.000000
vt 0.116367 -0.692622 0.000000
vt 0.115866 -0.667004 0.000000
vt 0.082529 -0.766574 0.000000
vt 0.085040 -0.782323 0.000000
vt 0.094933 -0.781416 0.000000
vt 0.091294 -0.763992 0.000000
vt 0.085056 -0.750929 0.000000
vt 0.092473 -0.646134 0.000000
vt 0.113198 -0.643317 0.000000
vt 0.116166 -0.640080 0.000000
vt 0.091036 -0.632641 0.000000
vt 0.075066 -0.633555 0.000000
vt 0.075038 -0.649368 0.000000
vt 0.054408 -0.662513 0.000000
vt 0.072141 -0.725296 0.000000
vt 0.096937 -0.629494 0.000000
vt 0.120810 -0.638859 0.000000
vt 0.124005 -0.637264 0.000000
vt 0.107780 -0.628730 0.000000
vt 0.074948 -0.626764 0.000000
vt 0.093316 -0.734994 0.000000
vt 0.102126 -0.730657 0.000000
vt 0.115341 -0.714108 0.000000
vt 0.093208 -0.748837 0.000000
vt 0.101213 -0.742631 0.000000
vt 0.112094 -0.847290 0.000000
vt 0.129271 -0.831396 0.000000
vt 0.132330 -0.848479 0.000000
vt 0.137781 -0.806329 0.000000
vt 0.126110 -0.803516 0.000000
vt 0.113450 -0.796871 0.000000
vt 0.109485 -0.727918 0.000000
vt 0.128043 -0.695649 0.000000
vt 0.126357 -0.671263 0.000000
vt 0.127427 -0.749308 0.000000
vt 0.113723 -0.772553 0.000000
vt 0.128568 -0.773693 0.000000
vt 0.136596 -0.748578 0.000000
vt 0.153943 -0.747834 0.000000
vt 0.146625 -0.737478 0.000000
vt 0.140441 -0.775935 0.000000
vt 0.152760 -0.636921 0.000000
vt 0.152760 -0.636921 0.000000
vt 0.144880 -0.642606 0.000000
vt 0.150459 -0.722310 0.000000
vt 0.145249 -0.732497 0.000000
vt 0.127040 -0.724238 0.000000
vt 0.123819 -0.734192 0.000000
vt 0.126139 -0.647750 0.000000
vt 0.123228 -0.741637 0.000000
vt 0.106243 -0.757515 0.000000
vt 0.096306 -0.759357 0.000000
vt 0.100574 -0.778843 0.000000
vt 0.099437 -0.797836 0.000000
vt 0.137413 -0.674419 0.000000
vt 0.135892 -0.701691 0.000000
vt 0.148461 -0.673444 0.000000
vt 0.133363 -0.645372 0.000000
vt 0.136654 -0.643931 0.000000
vt 0.131527 -0.621438 0.000000
vt 0.128391 -0.631259 0.000000
vt 0.155333 -0.626400 0.000000
vt 0.155333 -0.626400 0.000000
vt 0.125881 -0.636377 0.000000
vt 0.110821 -0.619907 0.000000
vt 0.111343 -0.625232 0.000000
vt 0.245045 -0.182086 0.000000
vt 0.261244 -0.184396 0.000000
vt 0.228753 -0.180949 0.000000
vt 0.211182 -0.182637 0.000000
vt 0.195071 -0.184801 0.000000
vt 0.161834 -0.871828 0.000000
vt 0.194103 -0.875337 0.000000
vt 0.213440 -0.881052 0.000000
vt 0.071642 -0.864086 0.000000
vt 0.205374 -0.878116 0.000000
vt 0.225360 -0.877008 0.000000
vt 0.082540 -0.861814 0.000000
vt 0.236906 -0.878256 0.000000
vt 0.142352 -0.868110 0.000000
vt 0.097939 -0.857087 0.000000
vt 0.246768 -0.873259 0.000000
vt 0.104104 -0.861372 0.000000
vt 0.113717 -0.863862 0.000000
vt 0.126999 -0.866151 0.000000
vt 0.236784 -0.986415 0.000000
vt 0.236784 -0.986415 0.000000
vt 0.144769 -0.990626 0.000000
vt 0.235385 -0.989617 0.000000
vt 0.141412 -0.991601 0.000000
vt 0.240322 -0.990907 0.000000
vt 0.135949 -0.991572 0.000000
vt 0.241347 -0.987705 0.000000
vt 0.241347 -0.987705 0.000000
vt 0.132755 -0.990410 0.000000
vt 0.112736 -0.871267 0.000000
vt 0.102848 -0.866363 0.000000
vt 0.194235 -0.877102 0.000000
vt 0.210195 -0.884778 0.000000
vt 0.182276 -0.873991 0.000000
vt 0.249149 -0.878853 0.000000
vt 0.095777 -0.860872 0.000000
vt 0.237576 -0.883370 0.000000
vt 0.224608 -0.885093 0.000000
vt 0.125419 -0.872501 0.000000
vt 0.160930 -0.873270 0.000000
vt 0.142193 -0.874067 0.000000
vt 0.216472 -0.942262 0.000000
vt 0.216472 -0.942262 0.000000
vt 0.215999 -0.944687 0.000000
vt 0.215999 -0.944687 0.000000
vt 0.220752 -0.945544 0.000000
vt 0.179330 -0.946892 0.000000
vt 0.221015 -0.943384 0.000000
vt 0.178179 -0.943393 0.000000
vt 0.187673 -0.953665 0.000000
vt 0.185220 -0.944710 0.000000
vt 0.189941 -0.961585 0.000000
vt 0.192441 -0.969250 0.000000
vt 0.210185 -0.967763 0.000000
vt 0.196491 -0.968933 0.000000
vt 0.206506 -0.966791 0.000000
vt 0.194811 -0.961434 0.000000
vt 0.182680 -0.912531 0.000000
vt 0.181025 -0.887261 0.000000
vt 0.176877 -0.912877 0.000000
vt 0.207792 -0.963670 0.000000
vt 0.199434 -0.967656 0.000000
vt 0.212065 -0.964511 0.000000
vt 0.212065 -0.964511 0.000000
vt 0.188477 -0.969205 0.000000
vt 0.191255 -0.943946 0.000000
vt 0.190362 -0.940114 0.000000
vt 0.196707 -0.944029 0.000000
vt 0.205611 -0.940479 0.000000
vt 0.221446 -0.928110 0.000000
vt 0.221446 -0.928110 0.000000
vt 0.214378 -0.926173 0.000000
vt 0.211885 -0.938126 0.000000
vt 0.217649 -0.939939 0.000000
vt 0.217649 -0.939939 0.000000
vt 0.211387 -0.940531 0.000000
vt 0.206363 -0.936584 0.000000
vt 0.195496 -0.937101 0.000000
vt 0.208119 -0.924676 0.000000
vt 0.191293 -0.922127 0.000000
vt 0.208666 -0.916598 0.000000
vt 0.195331 -0.909830 0.000000
vt 0.218437 -0.918620 0.000000
vt 0.230806 -0.920459 0.000000
vt 0.213774 -0.960080 0.000000
vt 0.213774 -0.960080 0.000000
vt 0.217040 -0.961309 0.000000
vt 0.186666 -0.963168 0.000000
vt 0.208772 -0.959069 0.000000
vt 0.205442 -0.957846 0.000000
vt 0.198857 -0.961713 0.000000
vt 0.197718 -0.953639 0.000000
vt 0.206168 -0.949100 0.000000
vt 0.183191 -0.955648 0.000000
vt 0.219115 -0.953442 0.000000
vt 0.222705 -0.941367 0.000000
vt 0.177115 -0.939685 0.000000
vt 0.196234 -0.940851 0.000000
vt 0.206514 -0.938521 0.000000
vt 0.209875 -0.951436 0.000000
vt 0.210220 -0.942872 0.000000
vt 0.205548 -0.895166 0.000000
vt 0.197970 -0.887170 0.000000
vt 0.219290 -0.895788 0.000000
vt 0.237180 -0.905611 0.000000
vt 0.229827 -0.930710 0.000000
vt 0.224670 -0.933097 0.000000
vt 0.224670 -0.933097 0.000000
vt 0.172914 -0.923660 0.000000
vt 0.171526 -0.912556 0.000000
vt 0.184403 -0.940816 0.000000
vt 0.178991 -0.920912 0.000000
vt 0.184697 -0.920699 0.000000
vt 0.264385 -0.953419 0.000000
vt 0.099681 -0.945021 0.000000
vt 0.264385 -0.953419 0.000000
vt 0.106719 -0.959729 0.000000
vt 0.105237 -0.967553 0.000000
vt 0.106859 -0.976708 0.000000
vt 0.254988 -0.981711 0.000000
vt 0.111649 -0.968833 0.000000
vt 0.121909 -0.912870 0.000000
vt 0.125773 -0.890521 0.000000
vt 0.118052 -0.912017 0.000000
vt 0.253961 -0.977892 0.000000
vt 0.253961 -0.977892 0.000000
vt 0.113014 -0.976991 0.000000
vt 0.258583 -0.979277 0.000000
vt 0.101771 -0.974889 0.000000
vt 0.117131 -0.944483 0.000000
vt 0.267612 -0.938201 0.000000
vt 0.098590 -0.925072 0.000000
vt 0.260921 -0.937151 0.000000
vt 0.258897 -0.947820 0.000000
vt 0.265601 -0.949329 0.000000
vt 0.098115 -0.938891 0.000000
vt 0.258249 -0.951944 0.000000
vt 0.258249 -0.951944 0.000000
vt 0.123505 -0.946538 0.000000
vt 0.255080 -0.949328 0.000000
vt 0.256725 -0.941537 0.000000
vt 0.125284 -0.927332 0.000000
vt 0.255360 -0.940935 0.000000
vt 0.130114 -0.928174 0.000000
vt 0.253316 -0.935777 0.000000
vt 0.256994 -0.925793 0.000000
vt 0.098839 -0.969514 0.000000
vt 0.260191 -0.974276 0.000000
vt 0.102363 -0.967551 0.000000
vt 0.254792 -0.972734 0.000000
vt 0.254792 -0.972734 0.000000
vt 0.251327 -0.971873 0.000000
vt 0.115041 -0.970263 0.000000
vt 0.117712 -0.963144 0.000000
vt 0.252522 -0.964132 0.000000
vt 0.102591 -0.959637 0.000000
vt 0.106626 -0.923395 0.000000
vt 0.104688 -0.942084 0.000000
vt 0.256127 -0.965718 0.000000
vt 0.256127 -0.965718 0.000000
vt 0.127704 -0.915264 0.000000
vt 0.132478 -0.915327 0.000000
vt 0.141775 -0.890270 0.000000
vt 0.254150 -0.953129 0.000000
vt 0.128497 -0.946727 0.000000
vt 0.249032 -0.952355 0.000000
vt 0.240263 -0.922523 0.000000
vt 0.244940 -0.933988 0.000000
vt 0.100261 -0.910797 0.000000
vt 0.265381 -0.929874 0.000000
vt 0.109021 -0.910822 0.000000
vt 0.110254 -0.943272 0.000000
vt 0.115360 -0.922122 0.000000
vt 0.120367 -0.923201 0.000000
vt 0.110866 -0.889614 0.000000
vt 0.137537 -0.913972 0.000000
vt 0.136711 -0.925066 0.000000
vt 0.137455 -0.948912 0.000000
vt 0.137249 -0.951535 0.000000
vt 0.128521 -0.949847 0.000000
vt 0.252767 -0.955420 0.000000
vt 0.135770 -0.981868 0.000000
vt 0.142219 -0.982147 0.000000
vt 0.143738 -0.915483 0.000000
vt 0.137260 -0.954282 0.000000
vt 0.143684 -0.956342 0.000000
vt 0.144313 -0.951702 0.000000
vt 0.150798 -0.955675 0.000000
vt 0.238331 -0.953589 0.000000
vt 0.242216 -0.951003 0.000000
vt 0.241815 -0.955045 0.000000
vt 0.241815 -0.955045 0.000000
vt 0.238781 -0.950539 0.000000
vt 0.151302 -0.949091 0.000000
vt 0.241934 -0.938128 0.000000
vt 0.149210 -0.926620 0.000000
vt 0.239384 -0.937883 0.000000
vt 0.154018 -0.926550 0.000000
vt 0.238040 -0.932824 0.000000
vt 0.243135 -0.982213 0.000000
vt 0.243135 -0.982213 0.000000
vt 0.246837 -0.982855 0.000000
vt 0.131055 -0.981750 0.000000
vt 0.237650 -0.980827 0.000000
vt 0.237650 -0.980827 0.000000
vt 0.244933 -0.973373 0.000000
vt 0.244933 -0.973373 0.000000
vt 0.234326 -0.979340 0.000000
vt 0.145843 -0.983175 0.000000
vt 0.148110 -0.970760 0.000000
vt 0.236202 -0.967435 0.000000
vt 0.130036 -0.969082 0.000000
vt 0.249535 -0.971677 0.000000
vt 0.129252 -0.953040 0.000000
vt 0.252744 -0.957822 0.000000
vt 0.151188 -0.952498 0.000000
vt 0.238788 -0.952291 0.000000
vt 0.239723 -0.969461 0.000000
vt 0.239723 -0.969461 0.000000
vt 0.149446 -0.915848 0.000000
vt 0.154577 -0.914973 0.000000
vt 0.159529 -0.886735 0.000000
vt 0.159891 -0.912743 0.000000
vt 0.239051 -0.947951 0.000000
vt 0.154831 -0.946041 0.000000
vt 0.234854 -0.947463 0.000000
vt 0.143761 -0.926358 0.000000
vt 0.144405 -0.949126 0.000000
vt 0.159998 -0.923490 0.000000
vt 0.251218 -0.909975 0.000000
vt 0.265646 -0.911841 0.000000
vt 0.268137 -0.904438 0.000000
vt 0.260915 -0.901894 0.000000
vt 0.282892 -0.900400 0.000000
vt 0.058023 -0.902452 0.000000
vt 0.273955 -0.900155 0.000000
vt 0.066613 -0.894990 0.000000
vt 0.274969 -0.904836 0.000000
vt 0.055115 -0.917626 0.000000
vt 0.046569 -0.927395 0.000000
vt 0.309597 -0.912961 0.000000
vt 0.051611 -0.931105 0.000000
vt 0.307796 -0.918528 0.000000
vt 0.061530 -0.923818 0.000000
vt 0.067169 -0.928032 0.000000
vt 0.288805 -0.921204 0.000000
vt 0.057724 -0.935706 0.000000
vt 0.300593 -0.917833 0.000000
vt 0.300593 -0.917833 0.000000
vt 0.300593 -0.917833 0.000000
vt 0.099846 -0.884454 0.000000
vt 0.087385 -0.901324 0.000000
vt 0.095265 -0.905465 0.000000
vt 0.265533 -0.924021 0.000000
vt 0.259671 -0.917958 0.000000
vt 0.268187 -0.917900 0.000000
vt 0.085852 -0.912794 0.000000
vt 0.290003 -0.915758 0.000000
vt 0.290003 -0.915758 0.000000
vt 0.302997 -0.909500 0.000000
vt 0.302997 -0.909500 0.000000
vt 0.042787 -0.920465 0.000000
vt 0.302997 -0.909500 0.000000
vt 0.292177 -0.907752 0.000000
vt 0.292177 -0.907752 0.000000
vt 0.079714 -0.907565 0.000000
vt 0.077292 -0.895267 0.000000
vt 0.071327 -0.901066 0.000000
vt 0.079001 -0.876345 0.000000
vt 0.261687 -0.887105 0.000000
vt 0.072075 -0.888976 0.000000
vt 0.268654 -0.897295 0.000000
vt 0.087432 -0.881376 0.000000
vt 0.252216 -0.895575 0.000000
vt 0.077799 -0.920441 0.000000
vt 0.276254 -0.919038 0.000000
vt 0.072751 -0.914174 0.000000
vt 0.050208 -0.912253 0.000000
vt 0.294448 -0.902254 0.000000
vt 0.280830 -0.905743 0.000000
vt 0.280830 -0.905743 0.000000
vt 0.286278 -0.900289 0.000000
vt 0.055086 -0.905714 0.000000
vt 0.279646 -0.920126 0.000000
vt 0.074383 -0.923011 0.000000
vt 0.278555 -0.913519 0.000000
vt 0.278555 -0.913519 0.000000
vt 0.060661 -0.911229 0.000000
vt 0.068757 -0.917602 0.000000
vt 0.272787 -0.912351 0.000000
vt 0.163547 -0.912081 0.000000
vt 0.165772 -0.922363 0.000000
vt 0.228122 -0.946705 0.000000
vt 0.222729 -0.945855 0.000000
vt 0.174929 -0.945337 0.000000
vt 0.161914 -0.946410 0.000000
vt 0.162106 -0.949061 0.000000
vt 0.155415 -0.949472 0.000000
vt 0.237810 -0.949568 0.000000
vt 0.166225 -0.974527 0.000000
vt 0.168238 -0.984152 0.000000
vt 0.227943 -0.981851 0.000000
vt 0.173543 -0.983447 0.000000
vt 0.222995 -0.981085 0.000000
vt 0.173044 -0.973833 0.000000
vt 0.224184 -0.977551 0.000000
vt 0.224184 -0.977551 0.000000
vt 0.176490 -0.981850 0.000000
vt 0.228821 -0.978482 0.000000
vt 0.228821 -0.978482 0.000000
vt 0.164769 -0.983493 0.000000
vt 0.162870 -0.951908 0.000000
vt 0.169869 -0.951223 0.000000
vt 0.169575 -0.948401 0.000000
vt 0.174673 -0.951844 0.000000
vt 0.223035 -0.949642 0.000000
vt 0.233882 -0.950058 0.000000
vt 0.233882 -0.950058 0.000000
vt 0.228426 -0.949252 0.000000
vt 0.228426 -0.949252 0.000000
vt 0.230414 -0.972728 0.000000
vt 0.230414 -0.972728 0.000000
vt 0.234162 -0.972785 0.000000
vt 0.162677 -0.975514 0.000000
vt 0.224854 -0.971776 0.000000
vt 0.224854 -0.971776 0.000000
vt 0.221290 -0.970648 0.000000
vt 0.175570 -0.974445 0.000000
vt 0.175366 -0.964086 0.000000
vt 0.222309 -0.960497 0.000000
vt 0.159859 -0.965371 0.000000
vt 0.236139 -0.962678 0.000000
vt 0.156736 -0.953076 0.000000
vt 0.237308 -0.951407 0.000000
vt 0.174742 -0.948495 0.000000
vt 0.223029 -0.947860 0.000000
vt 0.226261 -0.962193 0.000000
vt 0.226261 -0.962193 0.000000
vt 0.227694 -0.951459 0.000000
vt 0.227694 -0.951459 0.000000
vt 0.169312 -0.945883 0.000000
vt 0.070710 -0.915852 0.000000
vt 0.063423 -0.908469 0.000000
vt 0.276215 -0.912756 0.000000
vt 0.276215 -0.912756 0.000000
vt 0.278180 -0.905745 0.000000
vt 0.278180 -0.905745 0.000000
vt 0.261772 -0.967121 0.000000
vt 0.098343 -0.960926 0.000000
vt 0.248017 -0.956283 0.000000
vt 0.248017 -0.956283 0.000000
vt 0.246015 -0.968139 0.000000
vt 0.246015 -0.968139 0.000000
vt 0.233851 -0.952335 0.000000
vt 0.233851 -0.952335 0.000000
vt 0.231831 -0.963007 0.000000
vt 0.231831 -0.963007 0.000000
vt 0.214918 -0.952776 0.000000
vt 0.214918 -0.952776 0.000000
vt 0.113228 -0.960886 0.000000
vt 0.136324 -0.969004 0.000000
vt 0.143116 -0.969159 0.000000
vt 0.245284 -0.970714 0.000000
vt 0.245284 -0.970714 0.000000
vt 0.164602 -0.963737 0.000000
vt 0.171522 -0.963116 0.000000
vt 0.193321 -0.953339 0.000000

vn 0.000001 -0.840078 -0.542466
vn 0.000001 -0.840078 -0.542466
vn -0.275707 -0.877290 -0.392871
vn -0.275707 -0.877290 -0.392871
vn 0.275706 -0.877289 -0.392875
vn 0.275706 -0.877289 -0.392875
vn 0.618641 -0.729236 0.292401
vn 0.618641 -0.729236 0.292401
vn -0.827237 -0.559227 0.054261
vn -0.827237 -0.559227 0.054261
vn -0.470004 0.775746 -0.421086
vn -0.207924 -0.943738 0.257149
vn -0.205316 -0.976945 0.058518
vn -0.095403 -0.994496 0.043303
vn -0.214238 -0.962221 0.168027
vn -0.214238 -0.962221 0.168027
vn -0.381530 -0.921287 -0.075274
vn -0.727018 0.595715 0.341421
vn -0.230059 -0.971371 -0.059259
vn 0.625944 0.756271 0.190391
vn 0.030286 -0.999463 0.012520
vn 0.489722 0.781758 -0.386040
vn 0.183335 -0.948945 0.256693
vn 0.205316 -0.976945 0.058518
vn 0.095403 -0.994497 0.043298
vn 0.677371 0.320466 0.662171
vn 0.389249 -0.920208 -0.041267
vn -0.404583 -0.059287 0.912577
vn -0.932113 0.118695 -0.342166
vn -0.239403 0.260503 -0.935321
vn -0.165167 0.123603 -0.978490
vn -0.000000 0.165623 -0.986189
vn -0.000000 -0.147776 0.989021
vn 0.164278 -0.101816 0.981145
vn 0.397132 -0.163497 0.903081
vn -0.196152 -0.050405 0.979277
vn -0.993858 0.051137 -0.098143
vn -0.459034 0.084975 -0.884346
vn 0.021249 0.187023 -0.982126
vn 0.000000 -0.128420 0.991720
vn 0.212726 -0.108746 0.971042
vn 0.409722 -0.094596 0.907293
vn -0.198995 -0.115658 0.973152
vn -0.983206 0.030887 -0.179865
vn -0.448190 0.099696 -0.888361
vn -0.160684 0.234275 -0.958799
vn 0.001668 -0.111077 0.993810
vn 0.199272 -0.118272 0.972781
vn 0.414206 -0.118510 0.902435
vn -0.132623 -0.488762 0.862278
vn -0.797742 -0.598404 -0.074299
vn -0.037285 -0.799700 -0.599240
vn -0.303069 -0.811980 -0.498837
vn 0.061404 -0.708296 -0.703240
vn 0.072539 -0.643189 0.762263
vn -0.044613 -0.683245 0.728825
vn 0.519654 -0.668170 0.532455
vn 0.403576 -0.158539 0.901106
vn 0.946433 -0.002355 -0.322891
vn 0.218276 0.234216 -0.947364
vn 0.162534 0.127479 -0.978433
vn -0.164278 -0.101815 0.981145
vn -0.411027 -0.153925 0.898534
vn 0.109524 -0.084748 0.990365
vn 0.996993 0.025310 -0.073245
vn 0.523452 0.049339 -0.850625
vn 0.012117 0.313161 -0.949623
vn -0.212726 -0.108746 0.971042
vn -0.448029 -0.099104 0.888509
vn 0.201875 -0.083197 0.975871
vn 0.991291 0.024042 -0.129475
vn 0.462582 0.099039 -0.881027
vn 0.216059 0.094753 -0.971772
vn -0.215879 -0.107947 0.970435
vn -0.436585 -0.091619 0.894986
vn 0.063328 -0.491249 0.868714
vn 0.778585 -0.627404 -0.013044
vn 0.379370 -0.732434 -0.565349
vn 0.163647 -0.770963 -0.615496
vn -0.148467 -0.637114 0.756336
vn -0.268042 -0.677859 0.684588
vn -0.081570 -0.368121 -0.926193
vn 0.294575 -0.445510 0.845427
vn -0.165991 0.406027 -0.898660
vn -0.005086 0.339658 -0.940535
vn 0.001760 0.294925 -0.955519
vn -0.530097 -0.002908 -0.847932
vn -0.677909 0.052293 -0.733283
vn 0.183156 0.231616 -0.955410
vn -0.189743 0.129268 -0.973287
vn -0.203938 -0.034721 -0.978368
vn 0.663033 0.001471 -0.748588
vn 0.574435 0.012998 -0.818447
vn 0.000825 0.296427 -0.955055
vn 0.006568 0.253771 -0.967242
vn 0.345384 0.033662 -0.937858
vn 0.278926 0.062130 -0.958301
vn 0.052441 -0.061563 -0.996725
vn -0.215914 0.086029 -0.972615
vn -0.171380 0.184348 -0.967804
vn -0.502954 0.157246 -0.849889
vn -0.268899 -0.032306 -0.962627
vn 0.469586 0.091018 -0.878182
vn 0.183564 0.246319 -0.951647
vn 0.114265 0.193613 -0.974401
vn 0.061010 0.254049 -0.965265
vn -0.005526 0.141253 -0.989958
vn -0.135057 0.192114 -0.972035
vn 0.376513 -0.280924 0.882791
vn -0.280013 0.277667 -0.918963
vn 0.179618 -0.211341 0.960766
vn -0.202985 0.103763 -0.973668
vn 0.000000 -0.177395 0.984140
vn -0.000000 0.096746 -0.995309
vn -0.376539 -0.279547 0.883217
vn 0.272000 0.278313 -0.921172
vn -0.179618 -0.211341 0.960766
vn 0.202985 0.103764 -0.973668
vn -0.352116 -0.934305 0.055568
vn 0.000001 -0.638386 0.769717
vn 0.000001 -0.638386 0.769717
vn 0.164203 -0.688446 0.706456
vn 0.164203 -0.688446 0.706456
vn 0.443258 -0.772179 0.455260
vn 0.443258 -0.772179 0.455260
vn 0.473751 -0.874284 -0.105769
vn 0.473751 -0.874284 -0.105769
vn -0.988576 0.145957 0.037594
vn -0.832687 0.066911 -0.549686
vn -0.393445 0.078746 -0.915969
vn -0.012306 0.047450 -0.998798
vn 0.012728 -0.043749 0.998962
vn 0.421790 -0.089638 0.902252
vn 0.867879 -0.177531 0.463971
vn 0.968518 -0.248910 0.004108
vn 0.494140 -0.123268 0.860599
vn -0.763024 0.284844 0.580223
vn -0.038476 -0.031386 -0.998767
vn 0.044612 0.005535 0.998989
vn 0.175332 -0.402635 0.898412
vn -0.868396 -0.328001 0.371893
vn -0.990563 0.108261 0.084049
vn -0.791714 0.126757 -0.597596
vn -0.305540 0.050169 -0.950857
vn -0.041952 0.034807 -0.998513
vn 0.040999 -0.035419 0.998531
vn 0.311723 -0.037964 0.949414
vn 0.808380 -0.158636 0.566883
vn 0.992666 -0.109514 -0.051199
vn 0.646252 -0.046979 0.761677
vn -0.768297 0.084670 0.634469
vn -0.018233 -0.732247 0.680795
vn -0.018233 -0.732247 0.680795
vn -0.176753 -0.007637 -0.984226
vn 0.195358 -0.043299 0.979776
vn -0.194334 0.033214 -0.980373
vn 0.234022 -0.030550 0.971751
vn 0.164572 -0.797364 0.580627
vn 0.164572 -0.797364 0.580627
vn -0.391225 -0.919793 0.030377
vn -0.565173 0.109151 -0.817719
vn 0.675825 -0.153885 0.720819
vn -0.521682 0.089951 -0.848384
vn 0.550954 -0.098427 0.828711
vn -0.342799 -0.932382 0.114685
vn 0.000000 -0.992564 0.121722
vn 0.386418 -0.883642 0.264307
vn 0.386418 -0.883642 0.264307
vn -0.982136 0.039111 -0.184063
vn 0.938966 -0.191622 0.285699
vn -0.955677 0.135376 -0.261449
vn 0.929742 -0.139962 0.340575
vn -0.187230 -0.976561 0.106176
vn -0.402633 -0.906994 0.123487
vn 0.313093 -0.885951 -0.342147
vn 0.313093 -0.885951 -0.342147
vn 0.888721 -0.286448 -0.357941
vn -0.891530 0.228949 0.390841
vn 0.797025 -0.528049 0.293112
vn -0.886432 -0.177138 0.427621
vn 0.921953 -0.072792 -0.380400
vn -0.921756 0.078408 0.379761
vn -0.994237 0.107172 0.002605
vn -0.834267 0.090496 -0.543883
vn -0.344708 0.004702 -0.938698
vn -0.042286 -0.022058 -0.998862
vn 0.040255 0.028123 0.998794
vn 0.374458 0.031318 0.926715
vn 0.858443 -0.093987 0.504225
vn 0.993623 -0.109754 0.025823
vn 0.582299 0.044093 0.811778
vn -0.782351 0.108311 0.613348
vn -0.191514 -0.048656 -0.980283
vn 0.216872 0.065218 0.974019
vn -0.555387 0.071823 -0.828485
vn 0.651479 -0.051168 0.756939
vn -0.963411 0.108617 -0.245033
vn 0.938504 -0.107844 0.327995
vn 0.932738 -0.082561 -0.350976
vn -0.932296 0.089129 0.350542
vn -0.987099 0.158251 0.024321
vn -0.782342 0.152304 -0.603941
vn -0.282566 0.077610 -0.956103
vn -0.040522 0.056909 -0.997557
vn 0.040653 -0.052694 0.997783
vn 0.289115 -0.099584 0.952101
vn 0.755245 -0.181397 0.629842
vn 0.988886 -0.148395 0.009128
vn 0.575996 -0.160461 0.801549
vn -0.806167 0.304048 0.507591
vn -0.189766 0.066966 -0.979543
vn 0.218626 -0.075616 0.972874
vn -0.499383 0.120200 -0.858003
vn 0.482824 -0.127601 0.866371
vn -0.944350 0.183970 -0.272685
vn 0.924210 -0.186799 0.333080
vn 0.947359 -0.200841 -0.249346
vn -0.950555 0.218663 0.220527
vn 0.352115 -0.934305 0.055569
vn -0.164203 -0.688446 0.706456
vn -0.164203 -0.688446 0.706456
vn -0.443256 -0.772180 0.455261
vn -0.443256 -0.772180 0.455261
vn -0.451916 -0.885901 -0.104646
vn -0.451916 -0.885901 -0.104646
vn 0.981446 0.175168 0.077969
vn 0.850873 0.047507 -0.523218
vn 0.385197 0.070338 -0.920150
vn -0.423669 -0.080312 0.902250
vn -0.867878 -0.177531 0.463971
vn -0.963453 -0.267262 -0.018159
vn -0.500663 -0.119141 0.857404
vn 0.765490 0.276110 0.581196
vn -0.495942 -0.481642 0.722539
vn 0.650948 -0.383816 0.654944
vn 0.992955 0.063924 0.099769
vn 0.791714 0.126758 -0.597596
vn 0.342510 0.051207 -0.938118
vn -0.355004 -0.051527 0.933444
vn -0.808379 -0.158636 0.566884
vn -0.995079 -0.088130 -0.045292
vn -0.619976 -0.008248 0.784578
vn 0.773507 0.028402 0.633151
vn 0.018234 -0.732247 0.680795
vn 0.018234 -0.732247 0.680795
vn 0.183457 0.020251 -0.982819
vn -0.201503 -0.069041 0.977052
vn 0.108869 -0.413390 0.904022
vn 0.191200 0.033615 -0.980975
vn -0.230985 -0.030646 0.972475
vn -0.164571 -0.797364 0.580626
vn -0.164571 -0.797364 0.580626
vn 0.391225 -0.919793 0.030377
vn 0.604910 -0.015589 -0.796141
vn -0.675825 -0.153884 0.720819
vn -0.042962 -0.325902 0.944427
vn 0.521682 0.089952 -0.848385
vn -0.543594 -0.106877 0.832516
vn 0.342798 -0.932382 0.114685
vn -0.377435 -0.884979 0.272682
vn -0.377435 -0.884979 0.272682
vn 0.974386 0.080157 -0.210111
vn -0.925625 -0.189412 0.327629
vn 0.853172 -0.269616 -0.446548
vn -0.672709 -0.376539 0.636931
vn 0.957336 0.086143 -0.275838
vn -0.929742 -0.139963 0.340574
vn 0.187230 -0.976561 0.106175
vn 0.402633 -0.906994 0.123487
vn -0.310018 -0.883004 -0.352411
vn -0.310018 -0.883004 -0.352411
vn -0.867269 -0.281291 -0.410755
vn 0.861358 0.227544 0.454187
vn -0.706273 -0.684435 0.180905
vn 0.819854 -0.018121 0.572286
vn -0.907144 -0.043852 -0.418529
vn 0.906492 0.044944 0.419825
vn 0.989759 0.109824 0.091189
vn 0.808460 0.070440 -0.584321
vn 0.373250 0.016997 -0.927575
vn -0.358128 0.031431 0.933143
vn -0.858442 -0.093987 0.504225
vn -0.995486 -0.093912 0.013753
vn -0.588356 0.035202 0.807835
vn 0.780753 0.118705 0.613460
vn 0.198590 -0.019158 -0.979895
vn -0.225483 0.037110 0.973540
vn 0.555387 0.071823 -0.828485
vn -0.630636 -0.041578 0.774964
vn 0.960724 0.090635 -0.262287
vn -0.929163 -0.098181 0.356394
vn -0.907582 -0.096501 -0.408635
vn 0.901685 0.101506 0.420311
vn 0.987099 0.158251 0.024321
vn 0.780976 0.154052 -0.605264
vn 0.320011 0.078133 -0.944186
vn -0.326862 -0.096771 0.940105
vn -0.756448 -0.179659 0.628896
vn -0.988886 -0.148396 0.009128
vn -0.653682 -0.113765 0.748170
vn 0.774916 0.115422 0.621436
vn 0.185820 0.065379 -0.980406
vn -0.215141 -0.073123 0.973842
vn 0.499103 0.112475 -0.859212
vn -0.482447 -0.123690 0.867148
vn 0.944602 0.183240 -0.272304
vn -0.923890 -0.187460 0.333596
vn -0.903128 -0.148006 -0.403056
vn 0.902089 0.159890 0.400836
vn -0.952424 0.260443 0.158295
vn -0.910693 0.149586 -0.385050
vn 0.406077 -0.206767 0.890140
vn 0.844970 -0.233823 0.480991
vn 0.939548 -0.333707 -0.076743
vn 0.177441 -0.194569 0.964706
vn -0.746857 -0.152325 -0.647303
vn 0.655980 -0.229005 0.719199
vn -0.987199 0.134463 -0.085783
vn 0.932835 -0.250661 0.258820
vn 0.825999 -0.366319 -0.428411
vn 0.946631 0.275882 0.166670
vn 0.925871 0.166697 -0.339081
vn -0.406077 -0.206766 0.890140
vn -0.844969 -0.233824 0.480992
vn -0.928334 -0.361106 -0.088305
vn -0.177441 -0.194569 0.964706
vn -0.655979 -0.229005 0.719200
vn 0.985293 0.140245 -0.097620
vn -0.923250 -0.254956 0.287416
vn -0.821898 -0.343710 -0.454255
vn 0.790515 0.392791 0.469894
vn -0.853248 0.514914 0.082651
vn -0.811248 0.345753 -0.471521
vn -0.886230 0.428692 -0.175555
vn -0.796255 0.402551 0.451587
vn 0.839229 0.533230 0.106589
vn 0.838476 0.353126 -0.415041
vn 0.591631 0.082376 -0.801990
vn 0.877245 0.434868 -0.203303
vn -0.984952 0.172688 -0.006898
vn -0.833306 0.117280 -0.540228
vn -0.988719 0.116742 -0.093840
vn 0.977897 0.208490 0.015785
vn 0.914862 0.093836 -0.392712
vn 0.986464 0.120616 -0.111091
vn 0.437695 -0.627322 0.644119
vn -0.641201 -0.765808 -0.048977
vn 0.182382 -0.748026 -0.638117
vn 0.693876 -0.660825 0.286087
vn -0.699137 -0.602565 -0.384867
vn -0.509772 -0.442855 0.737572
vn -0.801883 -0.305894 0.513237
vn 0.304169 -0.260559 0.916292
vn -0.710001 -0.636174 0.301962
vn -0.097303 -0.744304 -0.660714
vn 0.613777 -0.654650 -0.441260
vn 0.494430 -0.487902 0.719368
vn -0.002750 -0.728619 0.684914
vn -0.068440 -0.772325 -0.631530
vn 0.791516 -0.310483 0.526406
vn -0.306122 -0.270130 0.912863
vn -0.412967 -0.660324 0.627241
vn 0.729711 -0.675328 -0.107026
vn 0.771868 -0.603573 -0.199797
vn 0.313397 -0.392459 0.864730
vn -0.187014 -0.700877 0.688329
vn 0.246785 -0.785821 -0.567082
vn -0.657854 -0.507331 0.556635
vn -0.521458 -0.619593 -0.586674
vn 0.548063 -0.624379 -0.556577
vn 0.634765 -0.506382 0.583652
vn 0.155750 -0.725343 0.670537
vn -0.212611 -0.785883 -0.580676
vn -0.311311 -0.414187 0.855298
vn -0.773778 -0.614051 -0.155591
vn -0.390254 -0.624298 -0.676723
vn 0.750128 -0.574931 -0.326746
vn -0.725931 -0.681614 0.091799
vn 0.585456 -0.806749 0.079980
vn 0.609562 -0.523692 0.595132
vn -0.558601 -0.547816 0.622786
vn 0.563851 -0.522648 0.639462
vn -0.621112 -0.501101 0.602592
vn -0.563100 -0.821715 0.087766
vn 0.727172 -0.680211 0.092380
vn -0.752600 -0.564454 -0.339094
vn 0.358871 -0.606916 -0.709130
vn -0.997096 0.074879 0.013892
vn -0.814260 0.023299 -0.580033
vn -0.282004 -0.021374 -0.959175
vn 0.293205 -0.002978 0.956045
vn 0.785084 -0.035430 0.618375
vn 0.996094 -0.088301 -0.000459
vn -0.175892 0.104539 -0.978843
vn -0.507792 -0.240315 -0.827282
vn 0.193707 -0.364960 -0.910649
vn 0.210135 -0.119163 0.970383
vn 0.402737 -0.319214 0.857849
vn -0.076417 -0.390245 0.917534
vn -0.475122 0.125942 -0.870860
vn -0.728587 -0.280368 -0.624944
vn -0.295294 -0.399688 -0.867785
vn 0.472551 -0.148961 0.868623
vn 0.684891 -0.385011 0.618620
vn 0.044231 -0.345935 0.937215
vn -0.941755 0.182131 -0.282711
vn -0.994076 -0.094445 0.053789
vn -0.850732 -0.291412 -0.437417
vn 0.932937 -0.183925 0.309515
vn 0.915663 -0.399676 0.042654
vn 0.693937 -0.349268 0.629654
vn 0.996019 0.086606 0.021105
vn 0.804303 0.013437 -0.594067
vn 0.326541 -0.040830 -0.944301
vn -0.321355 -0.014759 0.946844
vn -0.808455 -0.096816 0.580540
vn -0.995385 -0.095463 0.009764
vn 0.199700 0.081163 -0.976490
vn -0.157679 -0.378021 -0.912270
vn 0.433209 -0.307114 -0.847355
vn -0.455115 -0.297793 0.839160
vn -0.195913 -0.098967 0.975614
vn 0.725506 -0.285731 -0.626098
vn 0.481361 0.124394 -0.867650
vn 0.459716 -0.573979 -0.677650
vn -0.091895 -0.679576 0.727826
vn -0.458649 -0.125288 0.879741
vn 0.990055 -0.117907 0.076735
vn 0.946041 0.188326 -0.263702
vn -0.922765 -0.383048 0.042171
vn -0.926010 -0.177554 0.333136
vn -0.128603 -0.313765 0.940751
vn -0.569710 -0.820128 -0.053110
vn 0.350023 -0.696308 0.626609
vn -0.696024 -0.561107 -0.448006
vn 0.512118 -0.821640 0.250285
vn -0.871087 -0.386255 -0.303338
vn 0.581495 -0.796245 -0.166908
vn 0.581495 -0.796245 -0.166908
vn -0.939419 -0.334153 -0.076372
vn -0.939419 -0.334153 -0.076372
vn 0.577335 -0.625791 -0.524471
vn -0.839331 -0.534954 0.096686
vn 0.314988 -0.274844 -0.908429
vn -0.619247 -0.771874 0.144024
vn -0.062844 0.065753 -0.995855
vn -0.482506 -0.867348 0.122048
vn -0.558490 -0.826477 -0.070884
vn -0.512935 -0.856099 -0.063184
vn -0.898217 0.402744 0.176077
vn -0.077959 -0.977714 -0.194930
vn -0.815482 0.287435 0.502365
vn -0.103008 -0.901544 -0.420248
vn 0.274994 -0.599660 0.751522
vn 0.339864 0.902552 -0.264371
vn 0.491311 -0.781633 0.384269
vn 0.187412 0.979337 -0.075996
vn 0.579797 -0.802569 -0.140424
vn 0.579797 -0.802569 -0.140424
vn 0.156461 0.969221 0.190081
vn 0.156461 0.969221 0.190081
vn 0.528812 -0.618964 -0.580725
vn 0.283212 0.875541 0.391431
vn 0.354712 -0.309699 -0.882194
vn 0.737910 0.498813 -0.454614
vn 0.006356 0.027672 -0.999597
vn 0.580067 0.623506 -0.524178
vn -0.443340 0.321426 -0.836741
vn 0.347823 0.827315 -0.441100
vn -0.800963 0.484454 -0.351800
vn 0.112679 0.983972 -0.138213
vn -0.895056 0.426611 0.129917
vn 0.890979 0.403729 0.207747
vn -0.810526 0.264951 0.522349
vn 0.886128 0.453456 -0.095681
vn -0.541008 0.008055 0.840979
vn 0.733656 0.620433 -0.277149
vn -0.746797 -0.494879 -0.444285
vn -0.499592 -0.643176 -0.580287
vn -0.294264 -0.797188 -0.527162
vn -0.082183 -0.916100 -0.392438
vn -0.045791 -0.977858 -0.204198
vn -0.108843 -0.993817 0.021950
vn -0.274565 -0.941684 0.194539
vn -0.470731 -0.854098 0.221197
vn -0.695863 -0.702682 0.148368
vn -0.867230 -0.494059 0.061795
vn -0.937096 -0.339629 -0.080643
vn -0.937096 -0.339629 -0.080643
vn -0.890882 -0.363486 -0.272408
vn 0.561812 0.765091 -0.314648
vn 0.355498 0.898004 -0.259250
vn 0.202001 0.974835 -0.094299
vn 0.154597 0.973844 0.166517
vn 0.154597 0.973844 0.166517
vn 0.231371 0.891492 0.389499
vn 0.401674 0.731019 0.551606
vn 0.615708 0.555902 0.558459
vn 0.748212 0.475929 0.462245
vn 0.870474 0.351280 0.344787
vn 0.917887 0.354841 0.177683
vn 0.881833 0.459892 -0.104264
vn 0.739166 0.614434 -0.275869
vn -0.113274 -0.311195 0.943571
vn 0.549661 0.770291 -0.323302
vn 0.722847 0.690985 0.005632
vn 0.705071 0.705629 -0.070442
vn 0.568595 0.820175 -0.063351
vn 0.478178 0.861862 0.168935
vn -0.564869 -0.770718 -0.294817
vn -0.454569 0.315490 -0.832967
vn -0.649993 -0.706069 -0.281027
vn -0.830486 0.468378 -0.301522
vn -0.691373 -0.696310 -0.192758
vn -0.600275 0.103674 0.793046
vn -0.375808 -0.784221 -0.493727
vn 0.117612 -0.255182 0.959713
vn 0.667446 -0.742329 -0.058845
vn -0.333567 -0.638753 0.693345
vn 0.640533 -0.761823 -0.096664
vn 0.124604 -0.248838 0.960496
vn -0.555698 0.540110 0.632045
vn -0.547922 -0.796677 0.255122
vn 0.897273 -0.298178 -0.325563
vn -0.605818 -0.788490 -0.106148
vn -0.605818 -0.788490 -0.106148
vn 0.973571 -0.215332 -0.076098
vn 0.973571 -0.215332 -0.076098
vn -0.584296 -0.664295 -0.466166
vn 0.905548 -0.400640 0.139535
vn -0.551331 -0.653818 -0.518223
vn -0.914883 0.369059 -0.163658
vn -0.417017 -0.379149 -0.826040
vn 0.620290 -0.751825 -0.223607
vn -0.339794 -0.338249 -0.877569
vn -0.790270 0.511020 -0.338129
vn -0.078903 -0.011270 -0.996819
vn 0.626745 -0.730703 -0.270671
vn -0.029989 0.014060 -0.999451
vn -0.611427 0.676469 -0.410545
vn 0.384700 0.319766 -0.865884
vn 0.687848 -0.667501 -0.285145
vn 0.388287 0.332950 -0.859289
vn -0.411521 0.847892 -0.334259
vn 0.794477 0.502075 -0.341653
vn 0.742660 -0.642120 -0.190098
vn 0.774830 0.513715 -0.368423
vn -0.254858 0.961552 -0.102295
vn 0.874433 0.469563 0.121977
vn 0.192480 -0.967540 -0.163762
vn 0.805906 0.393391 0.442447
vn 0.257629 -0.878040 -0.403326
vn 0.588328 0.184177 0.787369
vn 0.705229 -0.704195 -0.082224
vn 0.712867 -0.636415 -0.294612
vn 0.655287 -0.701014 -0.281387
vn 0.571595 -0.563378 -0.596560
vn 0.780927 -0.368383 -0.504427
vn 0.594075 -0.744997 -0.303404
vn 0.325034 -0.767878 -0.552011
vn 0.184630 -0.906246 -0.380303
vn 0.168232 -0.969436 -0.178583
vn 0.584249 -0.810339 -0.044771
vn 0.203015 -0.977715 0.053459
vn 0.648245 -0.757816 -0.074123
vn 0.378774 -0.898205 0.223065
vn 0.649186 -0.760560 -0.010300
vn 0.619105 -0.716476 0.321515
vn 0.717913 -0.696120 0.004168
vn 0.823183 -0.487372 0.291270
vn 0.936889 -0.326220 0.125773
vn 0.973371 -0.214380 -0.081184
vn 0.973371 -0.214380 -0.081184
vn 0.925501 -0.248205 -0.286081
vn -0.655550 0.728320 0.199511
vn -0.309581 -0.591211 0.744734
vn -0.436906 0.859489 -0.265314
vn -0.401376 0.861419 -0.311216
vn -0.601548 0.696902 -0.390471
vn -0.537019 -0.768767 0.347287
vn -0.219290 0.971419 -0.090872
vn -0.230082 0.968711 -0.093067
vn -0.610236 -0.788419 -0.077513
vn -0.610236 -0.788419 -0.077513
vn -0.193038 0.962131 0.192459
vn -0.193038 0.962131 0.192459
vn -0.163804 0.972740 0.164147
vn -0.163804 0.972740 0.164147
vn -0.725481 0.670258 0.156305
vn -0.194032 0.877894 0.437782
vn -0.727839 0.681631 0.075029
vn -0.342631 0.726755 0.595341
vn -0.678258 0.732755 0.055113
vn -0.552158 0.537241 0.637569
vn -0.589187 0.806497 0.049211
vn -0.747766 0.392161 0.535776
vn -0.573025 0.801971 0.168773
vn -0.907544 0.258360 0.331082
vn 0.874682 0.468151 0.125564
vn -0.955539 0.280081 0.092191
vn -0.967966 0.239489 0.075416
vn 0.795502 0.334868 0.505015
vn -0.910353 0.360382 -0.203427
vn -0.898515 0.355734 -0.257144
vn 0.567146 0.133254 0.812766
vn -0.785414 0.559992 -0.263693
vn -0.813902 0.503841 -0.289323
vn -0.000000 -0.998126 0.061192
vn -0.000000 -0.998126 0.061192
vn 0.001112 -0.998193 0.060072
vn -0.712200 0.693487 0.108845
vn -0.670703 0.710909 -0.211579
vn -0.527641 0.715144 -0.458436
vn -0.433382 0.565516 -0.701692
vn -0.247651 0.458490 -0.853496
vn -0.156978 0.313766 -0.936434
vn -0.000001 0.330718 -0.943730
vn -0.837481 -0.537624 -0.097912
vn -0.756411 -0.648052 0.088716
vn -0.751512 -0.639139 0.163496
vn -0.801181 -0.546724 0.243312
vn -0.793076 -0.396428 0.462466
vn -0.687413 -0.541180 0.484343
vn -0.551672 -0.613798 0.564722
vn -0.252033 -0.625891 0.738065
vn -0.026661 -0.657578 0.752915
vn 0.000000 -0.650048 0.759893
vn 0.000000 -0.650048 0.759893
vn -0.001755 0.743436 0.668805
vn -0.124309 0.696133 0.707069
vn -0.267236 0.718592 0.642037
vn -0.209494 0.806455 0.552940
vn -0.323105 0.838572 0.438634
vn -0.509613 0.802714 0.309750
vn -0.776591 -0.508201 -0.372342
vn 0.000000 -0.981526 -0.191331
vn -0.252325 -0.945689 -0.204952
vn -0.461985 -0.819124 -0.340009
vn -0.001110 -0.998193 0.060072
vn 0.712196 0.693492 0.108835
vn 0.670696 0.710915 -0.211581
vn 0.527641 0.715144 -0.458437
vn 0.432552 0.566462 -0.701440
vn 0.247654 0.458485 -0.853498
vn 0.156981 0.313758 -0.936436
vn 0.834040 -0.542449 -0.100636
vn 0.756433 -0.648027 0.088711
vn 0.751528 -0.639123 0.163486
vn 0.801212 -0.546671 0.243333
vn 0.793100 -0.396303 0.462532
vn 0.687399 -0.541106 0.484444
vn 0.551637 -0.613822 0.564729
vn 0.252033 -0.625892 0.738064
vn 0.026663 -0.657578 0.752914
vn 0.124310 0.696131 0.707070
vn 0.267204 0.718596 0.642045
vn 0.209431 0.806492 0.552910
vn 0.323075 0.838604 0.438596
vn 0.509603 0.802723 0.309742
vn 0.776744 -0.490713 -0.394803
vn 0.252324 -0.945688 -0.204955
vn 0.448973 -0.821432 -0.351672
vn -0.000472 0.503702 0.863877
vn -0.000472 0.503702 0.863877
vn 0.001078 0.998126 -0.061176
vn 0.001859 0.499397 0.866371
vn 0.000794 0.998190 -0.060132
vn -0.531037 -0.755508 -0.383675
vn -0.531037 -0.755508 -0.383675
vn 0.465864 -0.773867 -0.429068
vn 0.465864 -0.773867 -0.429068
vn 0.219738 0.926135 -0.306577
vn -0.831986 0.369654 -0.413709
vn 0.339665 0.940407 0.016185
vn -0.783309 -0.000018 0.621632
vn -0.001012 0.998141 -0.060938
vn 0.000460 0.509552 0.860440
vn 0.000460 0.509552 0.860440
vn 0.128920 0.991129 -0.032283
vn -0.243512 0.072009 0.967221
vn 0.122729 0.889139 -0.440873
vn -0.451833 0.129760 -0.882615
vn -0.626732 0.757048 0.184622
vn -0.030294 -0.999463 0.012464
vn -0.669197 0.334246 0.663668
vn -0.389180 -0.920233 -0.041344
vn -0.282520 -0.959124 0.016249
vn -0.276421 -0.960978 -0.010580
vn 0.108523 0.924828 -0.364576
vn -0.208527 0.123335 -0.970209
vn 0.120736 0.895831 -0.427679
vn -0.466255 0.475486 -0.746003
vn 0.046511 0.977958 -0.203557
vn -0.789002 -0.614337 0.008079
vn -0.625750 0.766148 -0.146471
vn -0.031697 -0.984377 0.173199
vn 0.021262 0.999397 0.027448
vn 0.820632 0.535922 0.198370
vn 0.820632 0.535922 0.198370
vn -0.339655 0.940411 0.016197
vn 0.783244 -0.001229 0.621713
vn -0.128919 0.991130 -0.032277
vn 0.243521 0.071976 0.967221
vn 0.214235 -0.961596 0.171569
vn 0.214235 -0.961596 0.171569
vn 0.381600 -0.921263 -0.075204
vn -0.239103 0.970340 0.035631
vn 0.579488 0.041951 0.813901
vn 0.282519 -0.959124 0.016250
vn 0.276415 -0.960980 -0.010587
vn -0.108517 0.924822 -0.364594
vn 0.203280 0.215558 -0.955098
vn -0.120728 0.895830 -0.427684
vn 0.466248 0.475493 -0.746002
vn 0.054425 -0.575117 0.816259
vn 0.514697 0.256594 -0.818075
vn 0.054425 -0.575117 0.816259
vn 0.632283 0.760304 -0.148849
vn 0.031760 -0.984380 0.173169
vn -0.213008 0.976529 0.031919
vn 0.912825 0.029788 0.407264
vn 0.739047 0.579985 0.342676
vn 0.230141 -0.971353 -0.059234
vn -0.349409 0.935921 0.044335
vn 0.711702 0.022766 0.702113
vn -0.484881 -0.581213 0.653515
vn -0.717114 -0.211948 -0.663947
vn -0.484881 -0.581213 0.653515
vn -0.900115 0.178679 -0.397324
vn -0.680325 -0.177132 -0.711183
vn -0.676421 0.471404 -0.565892
vn -0.230274 -0.104781 -0.967468
vn -0.791343 0.115603 -0.600343
vn -0.405254 0.506001 -0.761402
vn 0.521798 0.850223 -0.069619
vn 0.652069 0.751247 0.102144
vn 0.282257 0.465897 -0.838613
vn 0.212150 0.483066 -0.849494
vn 0.302646 0.923032 -0.237526
vn 0.537396 0.781340 -0.317354
vn -0.213694 0.745118 -0.631771
vn -0.663567 0.393285 -0.636401
vn 0.474749 0.703441 -0.528946
vn -0.176061 -0.703662 -0.688377
vn -0.676147 0.169498 -0.717004
vn -0.314777 0.180160 -0.931911
vn 0.292154 0.525367 -0.799147
vn -0.753098 0.009007 -0.657847
vn 0.274125 0.914344 -0.298044
vn -0.214011 0.496041 -0.841512
vn 0.429258 0.524081 -0.735579
vn 0.266828 0.113473 -0.957041
vn -0.003114 0.360166 -0.932883
vn -0.000746 -0.419270 -0.907861
vn 0.023552 0.712454 -0.701323
vn 0.695438 0.598214 -0.398128
vn 0.232109 0.852162 -0.468983
vn 0.088808 0.709856 -0.698726
vn -0.032912 0.556100 -0.830464
vn -0.007298 0.273592 -0.961818
vn 0.002450 -0.803595 -0.595171
vn 0.145811 0.840314 -0.522123
vn 0.898926 0.175843 -0.401262
vn 0.682374 -0.181731 -0.708053
vn 0.643433 0.641777 -0.417272
vn 0.200600 -0.184160 -0.962208
vn 0.826755 0.208615 -0.522452
vn 0.465272 0.689738 -0.554783
vn 0.081338 0.967489 -0.239476
vn 0.077277 0.962841 0.258777
vn -0.262909 0.576961 -0.773302
vn -0.074993 0.641164 -0.763730
vn 0.025634 0.942726 -0.332581
vn -0.114730 0.904254 -0.411293
vn 0.345567 0.832739 -0.432586
vn 0.674024 0.547971 -0.495398
vn -0.287215 0.847354 -0.446653
vn -0.037734 -0.826396 -0.561824
vn 0.695991 0.416904 -0.584626
vn 0.252637 0.197614 -0.947166
vn -0.281516 0.574000 -0.768942
vn 0.745466 -0.000133 -0.666543
vn 0.396125 0.905992 -0.149210
vn 0.317560 0.418274 -0.851001
vn -0.224543 0.631942 -0.741774
vn -0.271023 0.110540 -0.956205
vn -0.471906 0.758305 -0.449755
vn 0.547554 -0.703679 0.452792
vn -0.951313 0.051795 0.303843
vn -0.002285 0.156018 0.987752
vn -0.763081 0.602758 0.233217
vn -0.535422 0.160956 -0.829106
vn -0.041885 -0.365854 -0.929729
vn -0.041885 -0.365854 -0.929729
vn -0.716784 0.265039 -0.644962
vn 0.437442 -0.138207 0.888563
vn -0.988742 0.046487 -0.142225
vn -0.154358 -0.414914 -0.896672
vn 0.903539 -0.339021 -0.262073
vn 0.240474 -0.691213 0.681466
vn -0.876453 -0.478878 -0.050057
vn -0.362110 -0.730197 -0.579387
vn 0.700934 -0.700159 -0.135901
vn -0.466999 0.292871 0.834349
vn -0.216899 0.029494 -0.975748
vn -0.943666 0.301760 -0.135775
vn -0.474808 0.132935 0.869992
vn -0.919472 0.000907 -0.393155
vn 0.422616 -0.287954 -0.859347
vn 0.983600 -0.043054 0.175147
vn 0.983600 -0.043054 0.175147
vn -0.697474 -0.566244 0.439200
vn -0.750580 -0.552919 -0.361815
vn 0.461333 -0.702446 -0.541980
vn 0.729366 -0.587912 0.349836
vn 0.729366 -0.587912 0.349836
vn 0.001149 0.147495 0.989062
vn -0.439210 0.243768 0.864680
vn -0.898558 0.323462 0.296590
vn -0.587990 -0.215798 0.779550
vn 0.108153 0.156871 -0.981679
vn -0.654718 0.234547 -0.718563
vn -0.380751 -0.223214 -0.897332
vn -0.049453 0.035767 -0.998136
vn -0.049453 0.035767 -0.998136
vn -0.978490 0.071120 -0.193648
vn -0.940270 0.338090 -0.039849
vn -0.823107 0.084168 0.561615
vn -0.851006 -0.129671 -0.508895
vn 0.659321 -0.231465 -0.715346
vn 0.754421 -0.001010 0.656390
vn -0.975957 0.027085 0.216275
vn -0.381276 -0.071101 -0.921723
vn 0.871917 -0.268419 -0.409526
vn -0.673564 -0.581971 0.455654
vn -0.786009 -0.493751 -0.372021
vn 0.292496 -0.816421 -0.497899
vn 0.678335 -0.619444 0.395159
vn 0.678335 -0.619444 0.395159
vn 0.270410 -0.668785 0.692536
vn -0.812665 -0.577641 -0.076857
vn -0.343422 -0.781227 -0.521292
vn 0.624781 -0.774940 -0.095482
vn 0.075302 -0.783235 0.617149
vn -0.392150 -0.799537 0.454927
vn -0.733812 -0.678050 -0.042038
vn -0.607572 -0.585340 -0.536873
vn -0.213247 -0.845351 -0.489804
vn 0.118252 -0.935194 -0.333810
vn 0.495480 -0.863303 -0.095953
vn -0.124468 -0.812446 0.569596
vn 0.476515 -0.738485 0.477046
vn 0.476515 -0.738485 0.477046
vn -0.656863 -0.005898 0.753987
vn -0.984865 0.173023 -0.010235
vn 0.567352 0.438194 0.697207
vn -0.873407 -0.016893 -0.486698
vn -0.131965 -0.062412 -0.989288
vn 0.603793 -0.220624 -0.766002
vn 0.952484 -0.053120 -0.299921
vn -0.528180 0.658845 0.535676
vn -0.996806 0.008596 0.079399
vn 0.532092 -0.321431 0.783301
vn -0.864125 0.027262 -0.502538
vn -0.205929 -0.137966 -0.968792
vn 0.667355 -0.112960 -0.736123
vn 0.958467 -0.008892 -0.285064
vn 0.972316 0.042580 0.229756
vn 0.972316 0.042580 0.229756
vn -0.578082 -0.155726 0.800981
vn 0.601511 -0.336913 0.724344
vn -0.938983 0.090269 0.331906
vn -0.942774 0.171303 -0.286065
vn -0.514771 0.003008 -0.857323
vn 0.363763 -0.174155 -0.915066
vn 0.884630 -0.314478 -0.344287
vn 0.900852 -0.400363 0.167854
vn 0.900852 -0.400363 0.167854
vn -0.506204 0.381577 0.773406
vn -0.001496 0.340425 0.940270
vn -0.867124 0.295386 0.401053
vn -0.270656 -0.192739 -0.943184
vn -0.787093 -0.066073 -0.613285
vn -0.056523 -0.536604 -0.841939
vn -0.056523 -0.536604 -0.841939
vn -0.980077 -0.154882 -0.124339
vn -0.508785 0.271309 0.817025
vn 0.000861 0.427726 0.903908
vn -0.882468 0.076787 0.464063
vn -0.424803 -0.475055 -0.770626
vn -0.776126 -0.172922 -0.606405
vn -0.040673 -0.740502 -0.670822
vn -0.040673 -0.740502 -0.670822
vn -0.997456 -0.002362 -0.071246
vn -0.046759 -0.059298 -0.997145
vn -0.589268 0.200351 -0.782702
vn -0.957569 0.235767 -0.165759
vn -0.008797 -0.386433 -0.922275
vn -0.008797 -0.386433 -0.922275
vn -0.217392 -0.188289 -0.957752
vn -0.619906 0.246498 -0.744953
vn -0.980753 0.041539 -0.190783
vn -0.609309 -0.158153 0.777000
vn -0.956182 -0.038060 0.290289
vn 0.972697 -0.194388 0.126784
vn 0.972697 -0.194388 0.126784
vn 0.275613 -0.880655 0.385337
vn -0.488465 -0.148168 0.859912
vn -0.921953 0.140023 0.361103
vn 0.940097 -0.335540 0.060249
vn 0.940097 -0.335540 0.060249
vn 0.734952 -0.274361 0.620138
vn -0.445146 -0.033743 0.894822
vn -0.925142 0.246853 0.288403
vn 0.980343 -0.177039 0.087095
vn 0.980343 -0.177039 0.087095
vn 0.810269 -0.297863 0.504719
vn -0.955967 0.210781 -0.204202
vn -0.533770 0.116850 -0.837517
vn 0.155562 0.028409 -0.987418
vn 0.847010 -0.300330 -0.438607
vn -0.935289 0.229614 0.269281
vn -0.573743 0.131035 0.808486
vn -0.001953 -0.186810 0.982394
vn -0.944643 0.192330 0.265818
vn -0.585245 0.066811 0.808099
vn -0.007828 -0.613594 0.789583
vn 0.727044 -0.298260 -0.618424
vn -0.043827 -0.239686 -0.969861
vn -0.043827 -0.239686 -0.969861
vn -0.041861 -0.981592 0.186348
vn -0.041861 -0.981592 0.186348
vn -0.041861 -0.981592 0.186348
vn -0.559817 -0.693463 0.453557
vn 0.954559 0.039203 0.295433
vn 0.794976 0.561941 0.228553
vn 0.520335 0.234751 -0.821062
vn 0.836239 0.037826 -0.547059
vn -0.413223 -0.085164 0.906639
vn 0.995279 -0.042471 -0.087274
vn 0.133672 -0.409463 -0.902481
vn -0.883462 -0.407098 -0.231877
vn -0.176676 -0.635128 0.751929
vn 0.961874 -0.273372 0.008182
vn 0.243323 -0.742077 -0.624592
vn -0.728112 -0.672077 -0.134776
vn 0.504618 0.249983 0.826359
vn 0.212440 0.001456 -0.977173
vn 0.954261 0.270267 -0.127834
vn 0.507648 0.218371 0.833431
vn 0.965745 0.012306 -0.259202
vn -0.345534 -0.275039 -0.897196
vn -0.980197 -0.021142 0.196891
vn -0.980197 -0.021142 0.196891
vn 0.676404 -0.650697 0.345068
vn 0.796983 -0.509703 -0.324069
vn -0.319481 -0.853510 -0.411646
vn -0.675076 -0.653024 0.343267
vn -0.675076 -0.653024 0.343267
vn 0.438740 0.268092 0.857691
vn 0.916413 0.294981 0.270506
vn 0.578403 -0.216195 0.786581
vn -0.095759 0.143981 -0.984936
vn 0.697494 0.193212 -0.690051
vn 0.417723 -0.209775 -0.884026
vn 0.968460 0.128510 -0.213472
vn 0.943925 0.328009 -0.037616
vn 0.843136 -0.023416 0.537190
vn 0.858654 -0.052479 -0.509861
vn -0.604452 -0.484710 -0.632213
vn -0.920152 -0.123061 0.371720
vn -0.920152 -0.123061 0.371720
vn -0.768253 0.069646 0.636346
vn 0.963288 0.039204 0.265594
vn 0.457072 -0.076392 -0.886143
vn -0.844854 -0.263160 -0.465799
vn 0.540805 -0.686549 0.485984
vn 0.861087 -0.306328 -0.405824
vn -0.332998 -0.792903 -0.510311
vn -0.467915 -0.487180 0.737368
vn -0.467915 -0.487180 0.737368
vn -0.223057 -0.713244 0.664476
vn 0.783010 -0.620122 -0.048416
vn 0.284962 -0.841150 -0.459634
vn -0.614416 -0.776579 -0.139351
vn 0.726060 -0.096004 0.680896
vn 0.969487 0.238531 -0.056553
vn -0.516616 0.587469 0.622887
vn 0.918023 -0.024901 -0.395744
vn 0.117970 -0.013563 -0.992925
vn -0.576723 -0.190639 -0.794385
vn -0.945296 -0.159538 -0.284540
vn -0.905379 -0.215354 0.365938
vn -0.905379 -0.215354 0.365938
vn 0.608951 0.639668 0.469046
vn -0.548007 -0.326883 0.769958
vn 0.872128 0.081011 -0.482525
vn 0.284116 -0.161767 -0.945045
vn -0.650647 -0.134408 -0.747391
vn -0.982128 -0.089652 -0.165492
vn -0.938101 0.189084 0.290196
vn -0.938101 0.189084 0.290196
vn 0.593820 -0.168284 0.786802
vn -0.667226 -0.309782 0.677381
vn 0.922037 0.045195 0.384455
vn 0.978209 0.121619 -0.168273
vn 0.552130 0.018238 -0.833558
vn -0.334361 -0.137835 -0.932311
vn -0.846476 -0.285182 -0.449610
vn -0.917266 -0.340161 0.207157
vn -0.917266 -0.340161 0.207157
vn 0.525224 0.348237 0.776447
vn 0.884295 0.277829 0.375277
vn 0.347686 -0.321227 -0.880868
vn 0.836794 -0.112386 -0.535859
vn 0.984183 -0.114605 -0.135094
vn 0.539011 0.279337 0.794631
vn 0.901258 0.090927 0.423635
vn 0.438236 -0.452232 -0.776811
vn 0.740827 0.053583 -0.669556
vn 0.997207 0.006899 -0.074362
vn 0.112638 -0.141276 -0.983541
vn 0.538354 0.229935 -0.810744
vn 0.960461 0.213107 -0.179163
vn 0.312714 -0.300481 -0.901066
vn 0.644072 0.129706 -0.753888
vn 0.975895 0.034109 -0.215558
vn 0.950596 -0.109703 0.290399
vn -0.954725 -0.249748 0.161636
vn -0.954725 -0.249748 0.161636
vn -0.290000 -0.871784 0.394832
vn 0.510087 -0.148265 0.847248
vn 0.910767 0.174041 0.374450
vn -0.943111 -0.324453 0.072605
vn -0.943111 -0.324453 0.072605
vn -0.705295 -0.289952 0.646905
vn 0.462918 -0.036718 0.885640
vn 0.928275 0.128392 0.349029
vn -0.972479 -0.193714 0.129456
vn -0.972479 -0.193714 0.129456
vn -0.772044 -0.364067 0.520964
vn 0.965187 0.220564 -0.140591
vn 0.574312 0.146281 -0.805461
vn -0.165258 0.028988 -0.985824
vn -0.861236 -0.270096 -0.430489
vn 0.939220 0.209413 0.272051
vn 0.592156 0.090149 0.800765
vn 0.946274 0.179326 0.269088
vn 0.584009 0.049420 0.810242
vn -0.729365 -0.303852 -0.612944
vn -0.081360 0.019206 0.996500
vn -0.077662 0.238920 0.967929
vn -0.096091 0.132321 0.986538
vn -0.128715 0.314021 0.940650
vn 0.292693 0.148465 0.944611
vn 0.009378 -0.420717 0.907144
vn -0.223756 -0.060645 0.972757
vn -0.020705 0.513646 0.857753
vn -0.196156 0.347946 0.916764
vn -0.178821 -0.623011 0.761499
vn -0.049975 0.067201 0.996487
vn 0.111674 0.087237 0.989908
vn 0.038283 -0.287724 0.956948
vn -0.098871 0.453307 0.885854
vn 0.157844 -0.256959 0.953445
vn 0.242822 -0.393043 0.886879
vn -0.017891 -0.213278 0.976828
vn 0.078530 0.016561 0.996774
vn 0.078713 0.236885 0.968344
vn 0.081854 0.134618 0.987511
vn 0.116077 0.310465 0.943471
vn 0.062404 -0.653802 0.754088
vn -0.027655 -0.419524 0.907323
vn 0.239775 0.010768 0.970769
vn 0.036504 0.635021 0.771632
vn 0.178182 -0.723354 0.667091
vn 0.106133 -0.696554 0.709611
vn 0.110063 -0.314248 0.942939
vn -0.143042 0.195377 0.970241
vn -0.064700 -0.270883 0.960436
vn 0.095003 0.443809 0.891071
vn -0.134490 -0.269200 0.953648
vn -0.261613 -0.413142 0.872280
vn 0.010462 -0.211163 0.977395
vn -0.576906 0.422533 0.699032
vn 0.963120 -0.108350 0.246291
vn 0.963120 -0.108350 0.246291
vn 0.604256 0.101841 0.790255
vn 0.606088 0.413640 0.679382
vn 0.993531 0.101342 0.051239
vn -0.630844 0.202521 0.749013
vn -0.168600 -0.244243 0.954945
vn 0.022418 0.199007 0.979742
vn -0.408587 0.479625 0.776542
vn 0.666412 0.107072 0.737855
vn 0.286847 0.587378 0.756773
vn -0.726743 0.109097 0.678190
vn 0.064708 0.403246 0.912801
vn -0.122569 0.375863 0.918534
vn -0.702147 0.477981 0.527754
vn 0.760342 -0.116528 0.638985
vn 0.935345 0.124965 0.330929
vn -0.738216 0.172107 0.652240
vn -0.169307 0.215143 0.961794
vn 0.155295 0.422355 0.893028
vn 0.509045 -0.423324 0.749446
vn 0.892922 -0.249496 0.374757
vn 0.892922 -0.249496 0.374757
vn -0.523354 -0.354286 0.774972
vn -0.836378 -0.374564 0.400218
vn -0.836378 -0.374564 0.400218
vn -0.077103 -0.270326 0.959676
vn -0.189686 0.629488 0.753501
vn 0.680447 0.526456 0.509741
vn 0.950105 0.292475 0.108441
vn 0.950105 0.292475 0.108441
vn -0.681355 0.518192 0.516945
vn -0.969158 0.041530 0.242918
vn -0.969158 0.041530 0.242918
vn 0.227283 0.621651 0.749595
vn -0.029477 -0.254193 0.966704
vn 0.802474 -0.185421 0.567146
vn 0.874245 -0.063291 0.481343
vn 0.874245 -0.063291 0.481343
vn -0.738607 -0.310872 0.598179
vn -0.714763 -0.251052 0.652753
vn -0.714763 -0.251052 0.652753
vn 0.246816 0.042161 0.968145
vn -0.280826 -0.056219 0.958111
vn 0.788169 -0.069857 0.611481
vn 0.623840 -0.170573 0.762712
vn -0.778718 -0.063112 0.624192
vn -0.091343 -0.657151 0.748204
vn -0.289564 0.158441 0.943954
vn 0.792032 -0.472031 0.387134
vn -0.785656 -0.464522 0.408612
vn 0.332686 -0.243579 0.911037
vn -0.333743 -0.245063 0.910253
vn -0.768802 0.353542 0.532871
vn -0.788098 0.408162 -0.460766
vn 0.615632 0.040598 -0.786987
vn 0.924998 0.184601 0.332116
vn 0.924998 0.184601 0.332116
vn 0.459039 0.252567 0.851759
vn -0.929479 0.357048 -0.092654
vn -0.152241 0.132422 -0.979432
vn 0.949323 0.122810 -0.289317
vn -0.194696 -0.633527 0.748824
vn -0.869024 0.066817 0.490237
vn -0.856372 0.007901 -0.516299
vn 0.643715 -0.224489 -0.731598
vn 0.913782 -0.169559 0.369124
vn 0.913782 -0.169559 0.369124
vn 0.452257 -0.165706 0.876359
vn -0.989090 0.107582 -0.100631
vn -0.357336 -0.058615 -0.932135
vn 0.935358 -0.277196 -0.219701
vn -0.215498 0.031372 0.976000
vn 0.735853 0.257313 0.626347
vn 0.651199 0.504894 -0.566588
vn -0.622202 0.079670 -0.778792
vn -0.851460 0.073257 0.519277
vn -0.851460 0.073257 0.519277
vn -0.402532 0.240271 0.883311
vn 0.822104 0.568337 0.033734
vn 0.096449 0.062432 -0.993378
vn -0.973198 0.053065 -0.223761
vn 0.142422 0.153831 0.977779
vn 0.785814 0.283731 0.549539
vn 0.768160 0.468937 -0.435923
vn -0.580837 -0.183465 -0.793076
vn -0.907152 -0.102260 0.408188
vn -0.907152 -0.102260 0.408188
vn -0.333092 -0.125821 0.934462
vn 0.994738 0.095979 0.035839
vn 0.101899 -0.059179 -0.993033
vn -0.965413 -0.168540 -0.198928
vn 0.070105 -0.102425 0.992267
vn -0.071616 0.986414 -0.147849
vn -0.257511 0.748393 -0.611224
vn 0.258360 0.777867 0.572864
vn -0.199110 0.965651 0.166952
vn -0.199110 0.965651 0.166952
vn -0.861856 0.192492 -0.469203
vn -0.517217 -0.230965 0.824100
vn -0.957680 -0.282200 0.056676
vn -0.957680 -0.282200 0.056676
vn -0.818172 -0.188948 0.543040
vn 0.048337 -0.290630 0.955614
vn 0.054323 0.151014 0.987038
vn -0.822204 -0.548629 0.151616
vn -0.067638 0.290843 0.954377
vn -0.508616 0.316535 -0.800697
vn 0.002508 0.601537 -0.798841
vn -0.019590 0.773944 0.632951
vn 0.169493 -0.976715 0.131529
vn 0.169493 -0.976715 0.131529
vn -0.132469 -0.870350 0.474282
vn -0.132469 -0.870350 0.474282
vn -0.790051 -0.148433 0.594801
vn -0.790051 -0.148433 0.594801
vn -0.794247 0.005672 0.607568
vn -0.794247 0.005672 0.607568
vn -0.991358 0.104332 0.079531
vn -0.991358 0.104332 0.079531
vn -0.991358 0.104332 0.079531
vn -0.809340 -0.030161 -0.586566
vn -0.809340 -0.030161 -0.586566
vn -0.485254 -0.469223 -0.737806
vn -0.485254 -0.469223 -0.737806
vn -0.222344 -0.816421 -0.532935
vn -0.222344 -0.816421 -0.532935
vn -0.492155 0.853185 -0.172796
vn 0.748197 0.625329 -0.221732
vn -0.046956 0.701661 -0.710962
vn 0.644918 0.664964 -0.376700
vn 0.135207 0.088632 -0.986845
vn 0.938885 -0.276533 -0.205000
vn 0.744888 -0.397336 -0.535972
vn 0.986236 -0.035486 -0.161490
vn 0.941986 -0.332361 -0.046891
vn 0.941986 -0.332361 -0.046891
vn 0.637438 0.763307 -0.105049
vn 0.637438 0.763307 -0.105049
vn 0.292994 -0.684386 0.667660
vn 0.952767 0.253975 -0.166525
vn 0.282103 0.036968 0.958672
vn -0.850636 -0.502798 -0.153665
vn -0.065448 0.745619 0.663150
vn 0.680908 0.698944 0.218727
vn -0.990815 0.015421 0.134346
vn -0.990815 0.015421 0.134346
vn -0.610284 -0.251849 0.751083
vn -0.731861 -0.047949 -0.679764
vn 0.186274 0.427739 0.884501
vn 0.118038 -0.048299 0.991834
vn -0.276785 -0.085815 0.957092
vn -0.176036 -0.449917 0.875549
vn -0.928608 0.003050 -0.371049
vn -0.063588 0.207311 0.976206
vn -0.068498 -0.337384 0.938872
vn -0.321267 0.480421 -0.816078
vn -0.003795 0.002257 0.999990
vn -0.978894 -0.085725 -0.185521
vn -0.973829 0.211668 -0.082789
vn 0.071351 0.949124 0.306714
vn -0.169245 0.882873 -0.438054
vn -0.929758 -0.227272 0.289650
vn -0.812543 -0.570652 -0.118872
vn -0.973857 0.102603 -0.202670
vn -0.973857 0.102603 -0.202670
vn 0.105379 -0.943187 -0.315110
vn 0.105379 -0.943187 -0.315110
vn 0.975750 -0.212796 -0.051291
vn 0.887127 -0.461525 0.000165
vn 0.931618 0.363375 -0.006771
vn -0.351475 0.929555 0.111323
vn -0.972984 -0.115449 0.199932
vn 0.215724 0.398325 0.891516
vn -0.436390 -0.198128 0.877672
vn -0.850025 -0.254435 -0.461217
vn -0.974981 -0.219236 -0.036716
vn -0.946250 -0.319827 0.048178
vn -0.915606 -0.170335 0.364214
vn -0.690420 -0.476331 0.544453
vn -0.479288 -0.747395 0.460091
vn -0.307795 -0.921942 0.235128
vn 0.022583 -0.994896 0.098345
vn 0.022583 -0.994896 0.098345
vn -0.364446 -0.792058 -0.489717
vn -0.765245 -0.149470 -0.626146
vn -0.424760 0.901905 -0.078397
vn 0.059670 0.666833 -0.742814
vn 0.403280 0.331428 -0.852948
vn 0.650176 -0.280842 -0.705974
vn 0.977683 -0.195847 -0.076018
vn 0.977683 -0.195847 -0.076018
vn 0.915257 -0.368535 0.162750
vn 0.546770 -0.369374 0.751403
vn -0.031836 0.640007 0.767709
vn -0.219609 0.820372 0.527979
vn 0.021098 -0.989367 0.143901
vn 0.028762 -0.715548 0.697972
vn -0.379388 -0.385433 0.841134
vn -0.704659 0.147104 0.694130
vn -0.969559 0.236415 0.063741
vn -0.941795 0.226725 -0.248230
vn -0.826154 0.011797 -0.563320
vn -0.385043 -0.406942 -0.828336
vn 0.118961 -0.845931 -0.519855
vn 0.055915 -0.979534 -0.193358
vn -0.834757 0.154299 -0.528558
vn -0.075925 -0.608265 0.790094
vn -0.075925 -0.608265 0.790094
vn -0.083888 0.875278 -0.476289
vn -0.040305 0.943433 0.329103
vn -0.804049 -0.531510 0.266462
vn 0.076915 -0.826076 0.558285
vn 0.076915 -0.826076 0.558285
vn -0.929942 0.066422 0.361656
vn -0.929942 0.066422 0.361656
vn 0.545853 0.798667 -0.253326
vn -0.495196 0.779161 -0.384304
vn 0.981378 -0.092044 -0.168595
vn 0.900518 -0.427745 -0.078112
vn -0.965682 -0.255282 -0.047855
vn -0.180457 -0.971018 -0.156711
vn -0.046017 0.776087 -0.628945
vn 0.916288 -0.279077 -0.287286
vn -0.024262 -0.835377 0.549142
vn -0.871188 0.316350 0.375438
vn 0.096394 0.991978 0.081776
vn -0.995188 0.042288 0.088392
vn -0.995188 0.042288 0.088392
vn -0.913404 -0.339024 0.225290
vn -0.936677 0.225930 -0.267567
vn -0.869001 -0.134004 -0.476319
vn -0.915932 -0.194526 0.351038
vn -0.777354 -0.285722 0.560432
vn -0.755367 -0.021430 0.654952
vn -0.988191 0.152836 0.010979
vn -0.913910 -0.286184 -0.287868
vn -0.916260 -0.123232 -0.381159
vn -0.506174 -0.112298 0.855089
vn 0.215543 -0.192712 0.957290
vn -0.964920 0.035872 0.260082
vn -0.964685 0.158862 0.210107
vn -0.975703 0.078970 0.204371
vn -0.759291 -0.140379 0.635430
vn -0.933279 0.347819 0.089511
vn -0.943728 0.291482 0.156255
vn -0.147898 -0.305797 0.940539
vn -0.932530 0.321449 0.164496
vn -0.932530 0.321449 0.164496
vn -0.968126 0.218045 0.123244
vn -0.716327 -0.080734 -0.693079
vn -0.382693 -0.654257 -0.652299
vn -0.230048 -0.972922 0.022363
vn -0.230048 -0.972922 0.022363
vn -0.574240 -0.694921 0.432819
vn -0.711243 -0.096712 0.696262
vn 0.552545 -0.798257 0.239750
vn 0.570256 -0.756645 -0.319839
vn 0.073714 0.064777 -0.995173
vn 0.459659 -0.503409 -0.731637
vn 0.570289 -0.821332 -0.013569
vn 0.570289 -0.821332 -0.013569
vn 0.481196 -0.569769 0.666193
vn 0.078729 0.005425 0.996881
vn -0.281885 -0.909229 0.306338
vn -0.272898 -0.916110 -0.293716
vn -0.523324 0.127633 -0.842521
vn -0.075420 -0.526351 -0.846916
vn 0.119043 -0.992369 0.032124
vn 0.119043 -0.992369 0.032124
vn -0.045850 -0.626582 0.778005
vn -0.559086 -0.006793 0.829082
vn 0.095306 -0.939800 0.328166
vn 0.040598 -0.926391 -0.374368
vn -0.942093 0.302368 -0.145032
vn -0.447288 0.412733 -0.793464
vn -0.861935 -0.069712 -0.502203
vn -0.972020 -0.094975 0.214841
vn -0.972020 -0.094975 0.214841
vn -0.866753 -0.182208 -0.464262
vn -0.848139 -0.180348 -0.498132
vn -0.636132 -0.052748 -0.769775
vn -0.972872 0.230768 0.016311
vn -0.969009 -0.245575 0.026726
vn -0.969009 -0.245575 0.026726
vn -0.997836 0.060448 0.025877
vn -0.978595 0.179049 -0.101459
vn -0.942211 0.115562 -0.314458
vn -0.968601 0.152536 -0.196330
vn -0.900707 -0.170435 -0.399599
vn -0.985192 0.067312 -0.157688
vn 0.436914 0.898511 0.042233
vn 0.613039 0.759676 0.216969
vn 0.039241 0.174612 0.983855
vn 0.898626 0.026874 0.437891
vn 0.423116 0.032645 0.905487
vn 0.803433 -0.166279 0.571706
vn 0.918630 -0.332448 0.213534
vn 0.940301 -0.331016 -0.079137
vn 0.721995 -0.261879 -0.640423
vn 0.346713 -0.240900 -0.906508
vn 0.154018 -0.270697 -0.950264
vn 0.059316 -0.272653 -0.960282
vn -0.010936 0.357151 0.933982
vn 0.682109 0.066187 0.728249
vn 0.487744 0.087412 0.868599
vn 0.886853 -0.125458 0.444693
vn 0.975504 -0.184969 0.119071
vn 0.997547 -0.069096 -0.011243
vn 0.891669 -0.357517 -0.277684
vn 0.562863 -0.370069 -0.739077
vn 0.200723 -0.245908 -0.948282
vn 0.069875 -0.261810 -0.962587
vn 0.711667 0.702296 0.017623
vn 0.950709 0.298690 0.083289
vn 0.939182 0.246691 0.238914
vn 0.922662 0.325181 0.207250
vn 0.987682 -0.107755 -0.113463
vn 0.987682 -0.107755 -0.113463
vn 0.980787 -0.072828 0.180980
vn -0.547639 -0.781238 -0.299599
vn 0.949520 0.286767 -0.127184
vn 0.730300 0.612386 -0.302729
vn 0.643450 0.743919 0.180434
vn 0.935786 0.350775 -0.035515
vn 0.757933 0.637290 0.139281
vn -0.419683 0.894404 -0.154621
vn -0.394410 0.732562 -0.554791
vn 0.056364 0.092620 -0.994105
vn 0.985679 0.017839 0.167688
vn 0.984224 0.175132 -0.025144
vn 0.984224 0.175132 -0.025144
vn 0.996698 -0.052987 -0.061520
vn 0.196167 0.258223 0.945959
vn 0.233956 0.749347 0.619471
vn 0.963397 0.122953 -0.238218
vn -0.177115 0.961018 0.212307
vn -0.451236 0.781589 -0.430702
vn 0.973978 0.109089 0.198659
vn -0.625615 0.540638 -0.562420
vn -0.619386 0.678176 -0.395523
vn -0.536258 0.827073 -0.168457
vn -0.568559 0.770154 0.289144
vn -0.505031 0.498338 0.704700
vn 0.086048 0.996176 0.015164
vn 0.182465 0.850270 -0.493708
vn -0.268467 0.696507 0.665435
vn 0.205205 0.964757 0.164727
vn 0.205205 0.964757 0.164727
vn 0.864548 0.163522 -0.475202
vn 0.586324 -0.079302 0.806186
vn 0.957304 -0.283549 0.056301
vn 0.957304 -0.283549 0.056301
vn 0.838260 -0.504919 0.205856
vn 0.102650 0.158612 0.981990
vn 0.110881 -0.240216 0.964366
vn 0.789644 -0.607297 0.087484
vn -0.001388 0.319450 0.947602
vn 0.545691 0.227096 -0.806628
vn 0.269791 0.568690 0.777049
vn 0.204173 -0.978640 0.024002
vn 0.204173 -0.978640 0.024002
vn 0.332830 -0.899942 0.281653
vn 0.332830 -0.899942 0.281653
vn 0.770148 -0.110982 0.628137
vn 0.770148 -0.110982 0.628137
vn 0.728069 -0.130360 0.672994
vn 0.728069 -0.130360 0.672994
vn 0.992293 0.104610 0.066420
vn 0.992293 0.104610 0.066420
vn 0.992293 0.104610 0.066420
vn 0.794464 -0.042524 -0.605820
vn 0.794464 -0.042524 -0.605820
vn 0.458579 -0.577765 -0.675199
vn 0.458579 -0.577765 -0.675199
vn 0.291942 -0.861141 -0.416180
vn 0.291942 -0.861141 -0.416180
vn 0.390365 0.920489 0.017733
vn -0.370950 0.916240 -0.151330
vn 0.365210 0.700648 -0.612955
vn -0.663985 0.731416 -0.155414
vn -0.253584 0.069023 -0.964848
vn -0.932361 -0.096897 -0.348301
vn -0.769560 -0.373943 -0.517634
vn -0.906321 -0.183745 -0.380551
vn -0.942765 -0.331456 -0.036485
vn -0.942765 -0.331456 -0.036485
vn -0.632292 0.767178 -0.107911
vn -0.632292 0.767178 -0.107911
vn -0.333132 -0.561565 0.757408
vn -0.963026 0.231191 -0.138317
vn -0.219952 0.089705 0.971377
vn -0.917334 0.098147 0.385832
vn 0.278884 0.542225 0.792601
vn -0.565915 0.809167 0.158082
vn 0.991830 0.013951 0.126803
vn 0.991830 0.013951 0.126803
vn 0.585595 -0.126080 0.800739
vn 0.740336 -0.046526 -0.670625
vn 0.015582 -0.025567 0.999552
vn -0.036769 0.471292 0.881211
vn 0.038496 0.066218 0.997062
vn 0.167216 -0.107799 0.980009
vn 0.676520 -0.269074 0.685507
vn 0.930824 0.009456 -0.365345
vn -0.017146 0.001590 0.999852
vn 0.375891 0.490007 -0.786511
vn 0.252051 -0.062224 0.965711
vn 0.979320 -0.080328 -0.185686
vn 0.973325 0.213895 -0.082993
vn -0.118851 0.932998 0.339690
vn 0.263110 0.770207 -0.580995
vn 0.868951 -0.326626 0.371806
vn 0.777623 -0.623417 -0.081572
vn 0.971684 0.100134 -0.214018
vn 0.971684 0.100134 -0.214018
vn 0.175214 -0.941075 -0.289273
vn 0.175214 -0.941075 -0.289273
vn -0.977363 -0.206545 -0.045834
vn -0.883398 -0.468298 0.017483
vn -0.943128 0.331861 -0.019417
vn 0.355470 0.874478 0.330044
vn 0.973231 -0.116689 0.198003
vn -0.220544 0.398936 0.890062
vn 0.383729 -0.221354 0.896524
vn 0.762029 -0.191598 -0.618549
vn 0.999776 -0.005733 -0.020352
vn 0.978648 -0.107744 0.175040
vn 0.901202 -0.057786 0.429530
vn 0.609294 -0.407123 0.680450
vn 0.490816 -0.723716 0.485113
vn 0.311803 -0.920274 0.236377
vn -0.020768 -0.993603 0.111007
vn -0.020768 -0.993603 0.111007
vn 0.500586 -0.663701 -0.555801
vn 0.692627 -0.170699 -0.700806
vn 0.418440 0.908221 0.006519
vn -0.011124 0.690511 -0.723236
vn -0.452940 0.277870 -0.847132
vn -0.664488 -0.284553 -0.691003
vn -0.978981 -0.193611 -0.064122
vn -0.978981 -0.193611 -0.064122
vn -0.915285 -0.366748 0.166580
vn -0.520751 -0.324821 0.789500
vn -0.249616 0.353527 0.901505
vn 0.006572 0.754510 0.656255
vn 0.113301 0.833830 0.540269
vn 0.267535 -0.961425 0.063928
vn 0.319494 -0.836617 0.444967
vn 0.443623 -0.379655 0.811826
vn 0.696655 0.202107 0.688349
vn 0.975621 0.211923 0.057028
vn 0.947066 0.195361 -0.254757
vn 0.834324 -0.037679 -0.549986
vn 0.335901 -0.472568 -0.814770
vn 0.109235 -0.939515 -0.324623
vn 0.062776 -0.978269 -0.197610
vn 0.607350 -0.036151 -0.793611
vn 0.272119 -0.547350 0.791428
vn 0.272119 -0.547350 0.791428
vn 0.022147 0.993308 -0.113356
vn 0.072981 0.911694 0.404337
vn 0.797717 -0.575944 0.178708
vn 0.272628 -0.898530 0.343972
vn 0.272628 -0.898530 0.343972
vn 0.900981 0.048067 0.431188
vn 0.900981 0.048067 0.431188
vn -0.414079 0.908454 -0.057007
vn 0.308772 0.943406 -0.121018
vn -0.969807 0.041405 -0.240332
vn -0.900984 -0.428099 -0.070424
vn 0.975505 -0.023761 -0.218689
vn 0.167921 -0.962750 -0.211930
vn 0.137356 0.834369 -0.533818
vn -0.870636 -0.298777 -0.390802
vn 0.260268 -0.896458 0.358640
vn 0.883431 0.301639 0.358558
vn 0.995335 0.043507 0.086117
vn 0.995335 0.043507 0.086117
vn 0.911953 -0.344062 0.223523
vn 0.938862 0.219812 -0.264991
vn 0.877848 -0.147772 -0.455573
vn 0.916579 -0.190911 0.351334
vn 0.910574 -0.130176 0.392313
vn 0.747578 -0.058662 0.661578
vn 0.987475 0.157498 0.009374
vn 0.913908 -0.284318 -0.289715
vn 0.917969 -0.125531 -0.376265
vn 0.430378 -0.009549 0.902598
vn 0.006189 -0.002649 0.999977
vn 0.962440 0.025478 0.270298
vn 0.966533 0.163100 0.198021
vn 0.976592 0.073940 0.201991
vn 0.665002 -0.114661 0.737987
vn 0.933588 0.348570 0.083145
vn 0.945229 0.288939 0.151841
vn 0.421609 -0.094494 0.901841
vn 0.933262 0.322623 0.157915
vn 0.933262 0.322623 0.157915
vn 0.968805 0.218779 0.116417
vn 0.696106 -0.072947 -0.714224
vn 0.341235 -0.637758 -0.690524
vn 0.228980 -0.972980 0.029637
vn 0.228980 -0.972980 0.029637
vn 0.404553 -0.728034 0.553448
vn 0.755582 -0.062735 0.652044
vn -0.557444 -0.795474 0.237649
vn -0.530490 -0.751889 -0.391463
vn -0.094397 0.050573 -0.994249
vn -0.293493 -0.628684 -0.720152
vn -0.575393 -0.817877 0.000554
vn -0.575393 -0.817877 0.000554
vn -0.467727 -0.504400 0.725819
vn -0.095344 0.161147 0.982314
vn 0.280129 -0.904268 0.322221
vn 0.265353 -0.919249 -0.290806
vn 0.546668 0.122348 -0.828363
vn 0.049813 -0.485397 -0.872874
vn -0.121853 -0.991431 0.047084
vn -0.121853 -0.991431 0.047084
vn 0.007938 -0.483940 0.875065
vn 0.429133 0.106631 0.896925
vn -0.104228 -0.937736 0.331343
vn -0.047159 -0.931848 -0.359772
vn 0.944226 0.290447 -0.155171
vn 0.536421 0.390155 -0.748353
vn 0.865906 -0.090943 -0.491871
vn 0.972850 -0.094949 0.211064
vn 0.972850 -0.094949 0.211064
vn 0.866138 -0.181526 -0.465676
vn 0.851430 -0.186219 -0.490295
vn 0.632037 -0.078645 -0.770937
vn 0.968944 0.244295 0.038298
vn 0.969042 -0.245783 0.023404
vn 0.969042 -0.245783 0.023404
vn 0.997834 0.062540 0.020419
vn 0.978734 0.179561 -0.099183
vn 0.953391 0.110083 -0.280941
vn 0.971394 0.142265 -0.190141
vn 0.900048 -0.170198 -0.401180
vn 0.984699 0.063569 -0.162252
vn -0.526427 0.847556 0.067257
vn -0.590413 0.690561 0.417779
vn -0.842854 -0.072497 0.533237
vn -0.305564 0.012340 0.952092
vn -0.811139 -0.073054 0.580273
vn -0.909083 -0.390122 0.146198
vn -0.926237 -0.355553 -0.125165
vn -0.753516 -0.213875 -0.621669
vn -0.280393 -0.221592 -0.933957
vn -0.033769 -0.268608 -0.962658
vn -0.620141 -0.016227 0.784323
vn -0.370117 0.053848 0.927423
vn -0.924322 -0.017235 0.381224
vn -0.971928 -0.233752 0.026751
vn -0.996101 -0.085457 0.021895
vn -0.871417 -0.429605 -0.236795
vn -0.517006 -0.483645 -0.706253
vn -0.053666 -0.275853 -0.959701
vn -0.035594 -0.393571 -0.918605
vn -0.721753 0.690209 0.051804
vn -0.941655 0.311121 0.128409
vn -0.941838 0.202278 0.268376
vn -0.960172 0.252776 0.119054
vn -0.989270 -0.106538 -0.099977
vn -0.989270 -0.106538 -0.099977
vn -0.992272 0.008047 0.123823
vn -0.914598 0.391112 -0.102674
vn -0.949455 0.270045 -0.160033
vn -0.724194 0.620601 -0.300663
vn -0.536996 0.790383 0.294839
vn -0.932228 0.340564 0.122340
vn -0.766399 0.624095 0.152111
vn 0.291174 0.956586 -0.012670
vn 0.454399 0.775489 -0.438337
vn 0.670011 0.399919 -0.625420
vn -0.984639 0.022461 0.173152
vn -0.983917 0.177398 -0.020934
vn -0.983917 0.177398 -0.020934
vn -0.992362 -0.008956 -0.123035
vn -0.202864 0.281986 0.937726
vn -0.012779 0.681068 0.732108
vn -0.958844 0.127100 -0.253898
vn 0.094345 0.928739 0.358530
vn 0.251533 0.963893 -0.087414
vn -0.970412 0.106382 0.216758
vn 0.587928 0.417935 -0.692583
vn 0.657750 0.677821 -0.328518
vn 0.703712 0.710025 0.025564
vn 0.678966 0.659707 0.322168
vn 0.648476 0.359880 0.670795
vn -0.879764 -0.149894 0.451162
vn -0.496419 -0.530137 0.687403
vn -0.300616 0.063777 0.951611
vn 0.005465 0.155299 0.987852
vn 0.828826 -0.172204 0.532346
vn -0.149866 -0.116801 0.981783
vn -0.240269 -0.193585 0.951208
vn -0.077426 -0.491100 0.867656
vn -0.078955 0.159287 0.984070
vn 0.153281 -0.066084 0.985970
vn -0.317398 0.061580 0.946291
vn 0.224739 -0.062523 0.972411
vn 0.334877 -0.376163 0.863920
vn 0.110341 -0.019843 0.993696
vn 0.154520 -0.247093 0.956592
vn 0.115109 -0.174846 0.977844
vn 0.614849 -0.620233 0.487105
vn 0.825342 -0.256456 0.503032
vn 0.023992 0.078688 0.996611
vn -0.341222 -0.476445 0.810289
vn 0.133107 -0.215166 0.967464
vn -0.063165 -0.108128 0.992128
vn 0.084846 0.215854 0.972732
vn 0.567314 -0.278352 0.775032
vn 0.042896 0.202922 0.978255
vn 0.069823 0.107432 0.991758
vn 0.079656 -0.205181 0.975477
vn 0.606932 -0.650983 0.455912
vn -0.429399 -0.103547 0.897159
vn -0.073224 -0.037097 0.996625
vn -0.937633 -0.130518 0.322194
vn -0.621896 -0.266685 0.736291
vn -0.756693 -0.450857 0.473438
vn -0.669638 -0.400780 0.625268
vn -0.043944 0.013929 0.998937
vn -0.685739 0.720490 -0.103229
vn -0.727744 0.234942 0.644353
vn -0.655977 0.650061 0.383556
vn -0.553817 0.594989 -0.582474
vn -0.945327 0.301700 -0.123828
vn -0.606883 0.360811 -0.708172
vn -0.931427 0.214031 0.294337
vn -0.826341 0.304211 -0.473937
vn -0.883430 0.457831 -0.099715
vn -0.740368 0.601411 0.300268
vn -0.687709 0.527824 -0.498456
vn 0.214311 0.975611 -0.047484
vn -0.028686 0.774161 -0.632339
vn 0.155663 0.163391 -0.974203
vn 0.086504 0.809064 0.581320
vn 0.112652 0.889257 0.443318
vn 0.059551 0.857083 -0.511725
vn 0.984802 0.169837 -0.036344
vn 0.804463 0.123183 -0.581089
vn 0.349055 0.122407 0.929073
vn 0.848488 0.155085 0.505982
vn 0.935716 0.139523 0.323990
vn 0.921347 0.113875 -0.371689
vn 0.608845 0.790197 -0.069974
vn 0.396484 0.652650 -0.645638
vn 0.378863 0.721368 0.579733
vn 0.497674 0.703773 0.506974
vn 0.485321 0.649727 -0.585080
vn -0.186695 0.608256 -0.771472
vn 0.156093 0.534485 -0.830639
vn -0.576447 0.566106 -0.589265
vn -0.058041 0.847730 -0.527243
vn -0.286516 0.708870 -0.644524
vn 0.248327 0.554527 -0.794251
vn 0.035274 0.507649 -0.860841
vn -0.877955 0.081138 -0.471816
vn 0.073040 0.306895 0.948937
vn 0.031864 0.647035 0.761794
vn 0.012597 -0.896114 0.443645
vn -0.160508 0.678125 0.717205
vn -0.033638 -0.995520 -0.088360
vn -0.953057 0.167611 -0.252170
vn 0.484488 0.706455 0.515938
vn -0.996012 -0.022541 0.086329
vn -0.996012 -0.022541 0.086329
vn 0.568029 0.822929 0.011444
vn 0.568029 0.822929 0.011444
vn -0.069559 -0.639520 0.765621
vn 0.000000 0.840797 -0.541351
vn -0.257746 -0.403331 0.878004
vn 0.241404 0.910086 -0.336851
vn 0.045679 0.171242 0.984170
vn 0.013168 0.997321 0.071949
vn -0.399402 0.565665 -0.721458
vn 0.989970 -0.051940 -0.131387
vn 0.970623 0.213294 0.111336
vn 0.962966 0.126223 -0.238252
vn 0.982780 0.140224 -0.120335
vn 0.992719 0.087539 -0.082740
vn 0.320549 0.913494 -0.250555
vn -0.997066 0.034989 0.068085
vn 0.023651 0.718449 -0.695178
vn -0.128155 0.723569 -0.678251
vn -0.708448 0.337330 -0.619927
vn -0.386713 -0.467564 0.794882
vn -0.678344 0.148468 -0.719588
vn -0.191307 -0.057399 0.979850
vn -0.785134 0.127886 -0.605978
vn -0.279719 0.102924 0.954549
vn 0.489647 -0.466246 -0.736791
vn 0.390593 -0.368989 -0.843377
vn 0.070949 -0.240895 -0.967955
vn 0.064054 -0.406306 -0.911489
vn -0.609512 -0.446527 0.655064
vn 0.417354 0.880961 -0.222988
vn -0.112213 -0.487241 0.866028
vn 0.061115 0.849058 -0.524752
vn -0.046713 -0.159214 0.986138
vn 0.376692 0.746558 0.548411
vn 0.210972 -0.217479 -0.952992
vn 0.158592 -0.412708 -0.896951
vn -0.987719 0.116078 -0.104580
vn 0.540622 0.837451 0.080024
vn -0.919912 -0.182630 0.346999
vn 0.541703 0.840297 -0.021432
vn 0.295280 0.914290 0.277280
vn -0.970809 0.014687 0.239403
vn 0.962118 -0.221764 -0.158584
vn 0.967415 0.156473 -0.199058
vn 0.999319 -0.036571 -0.004903
vn 0.987934 0.095484 -0.121939
vn 0.277480 0.802529 -0.528159
vn -0.999867 0.014463 0.007556
vn -0.208670 0.284498 -0.935691
vn 0.386114 -0.045997 0.921304
vn -0.327772 0.261140 -0.907949
vn 0.226371 -0.088306 0.970030
vn 0.883958 0.085279 -0.459723
vn -0.082775 0.308864 0.947497
vn 0.157302 0.642516 0.749953
vn -0.053400 -0.960574 -0.272847
vn 0.952950 0.173250 -0.248738
vn -0.486190 0.705913 0.515078
vn 0.995441 -0.017172 0.093823
vn 0.995441 -0.017172 0.093823
vn -0.568406 0.822667 0.011600
vn -0.568406 0.822667 0.011600
vn 0.833840 -0.163205 0.527328
vn -0.547212 0.831176 -0.098514
vn 0.279862 -0.746624 0.603514
vn -0.241403 0.910086 -0.336850
vn 0.387334 0.505036 -0.771305
vn -0.991806 -0.037533 -0.122113
vn -0.923925 0.359031 -0.132138
vn -0.967919 0.049385 -0.246362
vn -0.982609 0.166777 -0.081641
vn -0.993582 0.100302 -0.052281
vn -0.207425 0.978219 -0.007956
vn 0.996442 0.042874 0.072555
vn 0.723377 0.289339 -0.626904
vn 0.382162 -0.400818 0.832645
vn 0.679837 0.120197 -0.723447
vn 0.180197 -0.044162 0.982639
vn 0.799733 0.134016 -0.585207
vn 0.276332 0.102862 0.955542
vn -0.202557 -0.617905 -0.759713
vn -0.351570 -0.313434 -0.882132
vn 0.207712 0.716950 0.665461
vn -0.065217 -0.858627 -0.508436
vn 0.673710 -0.556566 0.486157
vn -0.417360 0.880956 -0.222997
vn 0.106658 0.608207 0.786580
vn -0.002662 -0.975260 0.221044
vn 0.061830 -0.732297 0.678173
vn -0.061112 0.849060 -0.524750
vn 0.045853 0.018993 0.998768
vn -0.281095 0.889331 0.360660
vn 0.987117 0.120837 -0.104875
vn -0.541054 0.837179 0.079946
vn 0.918613 -0.131409 0.372667
vn -0.542305 0.839963 -0.019182
vn -0.212195 0.929885 0.300479
vn 0.876569 0.121410 0.465710
vn -0.937476 -0.324043 -0.127025
vn -0.962747 0.183786 -0.198345
vn 0.753940 -0.275324 0.596466
vn -0.530182 0.815649 -0.231567
vn -0.995875 -0.062467 -0.065806
vn -0.986864 0.059993 -0.150002
vn -0.291141 0.937375 -0.191218
vn 0.999972 -0.007198 0.001826
vn 0.280821 0.274448 -0.919684
vn -0.396340 -0.089841 0.913697
vn 0.175603 0.673257 -0.718254
vn -0.351790 0.000432 0.936079
vn 0.023508 0.843438 0.536711
vn -0.600298 -0.720394 0.347383
vn -0.243037 0.761926 0.600335
vn -0.025123 -0.931630 -0.362538
vn -0.030120 -0.958159 0.284647
vn -0.128513 0.643848 0.754284
vn 0.166818 -0.730131 0.662631
vn 0.023700 0.799103 0.600727
vn 0.570777 -0.206100 0.794819
vn -0.819591 -0.230292 0.524630
vn 0.542311 0.835050 -0.092689
vn -0.761155 -0.287532 0.581351
vn 0.530091 0.815945 -0.230732
vn -0.021268 0.999397 0.027451
vn -0.820673 0.535703 0.198789
vn -0.820673 0.535703 0.198789
vn 0.239106 0.970340 0.035623
vn -0.579487 0.041950 0.813901
vn 0.034816 0.997726 -0.057706
vn -0.030639 0.063311 0.997523
vn 0.213027 0.976525 0.031906
vn -0.912660 0.031716 0.407487
vn 0.349409 0.935921 0.044339
vn -0.711702 0.022765 0.702113
vn -0.000001 0.960273 -0.279062
vn -0.000000 0.031907 -0.999491
vn -0.219738 0.926135 -0.306577
vn 0.831985 0.369656 -0.413709
vn -0.122722 0.889135 -0.440884
vn 0.433333 0.137926 -0.890617
vn -0.070560 0.995967 -0.055424
vn 0.027535 0.511939 0.858581
vn 0.027535 0.511939 0.858581
vn -0.046527 0.977957 -0.203558
vn 0.790199 -0.612800 0.007799
vn -0.002497 0.825333 -0.564641
vn 0.034460 -0.490029 -0.871025
vn 0.616348 0.510963 -0.599192
vn 0.372448 0.858582 -0.352307
vn 0.572368 0.813932 -0.099549
vn -0.613667 0.097583 -0.783512
vn 0.478679 0.461411 -0.746971
vn -0.047289 -0.051184 -0.997569
vn -0.600699 0.175231 -0.780035
vn 0.043730 0.091186 -0.994873
vn -0.497248 0.133510 -0.857275
vn 0.938441 0.311566 -0.149180
vn -0.702166 0.706761 -0.086318
vn -0.922569 0.375801 -0.087407
vn -0.937136 0.082635 0.339039
vn -0.967319 0.218054 0.129409
vn -0.843260 0.466805 0.266469
vn -0.668125 0.728973 0.149025
vn -0.548307 0.821007 0.159080
vn -0.548307 0.821007 0.159080
vn -0.330091 0.811806 0.481674
vn -0.048807 0.801289 0.596283
vn 0.000000 0.884997 0.465597
vn 0.078087 0.715061 -0.694688
vn -0.649223 0.470501 0.597611
vn -0.464912 0.391115 0.794283
vn -0.217056 0.664021 0.715516
vn 0.009113 0.682959 0.730400
vn -0.453348 -0.816302 0.357948
vn -0.254465 0.795474 0.549972
vn 0.096323 0.754729 -0.648927
vn -0.397200 -0.009921 -0.917678
vn -0.137117 -0.389144 0.910915
vn -0.540331 0.648732 -0.535900
vn -0.252285 0.102667 -0.962191
vn 0.025520 0.889204 0.456799
vn 0.274428 0.706356 -0.652495
vn -0.134012 0.686450 0.714722
vn -0.193420 0.941454 -0.276139
vn -0.148437 0.889266 0.432635
vn -0.082550 0.713839 -0.695427
vn -0.361976 0.510256 -0.780136
vn -0.915879 0.122991 -0.382151
vn -0.905257 0.229636 -0.357460
vn -0.796565 0.359109 -0.486338
vn -0.516687 0.855317 -0.038307
vn 0.506539 0.861151 0.042869
vn -0.376933 0.841642 0.386729
vn -0.631628 0.703545 0.325684
vn -0.155771 0.963829 0.216261
vn -0.188507 0.856792 0.479971
vn 0.574677 0.532470 -0.621468
vn -0.742146 0.523250 -0.418842
vn -0.217686 0.711984 -0.667601
vn 0.161730 0.356956 -0.920014
vn -0.929000 0.319349 -0.187015
vn -0.984838 -0.042860 -0.168096
vn -0.975041 0.187999 0.118117
vn -0.975041 0.187999 0.118117
vn -0.558500 0.238934 -0.794348
vn -0.577915 0.102425 -0.809644
vn -0.470979 -0.038303 -0.881312
vn -0.912059 -0.171730 -0.372367
vn -0.709188 -0.306247 -0.635031
vn -0.903642 -0.275063 -0.328284
vn -0.968759 -0.217989 -0.118268
vn -0.905995 0.071123 -0.417271
vn -0.844994 0.178877 -0.503972
vn -0.847272 0.218409 -0.484178
vn -0.899390 0.266081 -0.346841
vn -0.953262 0.246972 -0.174060
vn -0.689188 0.444894 -0.571918
vn -0.402009 0.882983 -0.242342
vn -0.540564 0.835356 -0.099854
vn 0.266923 0.498838 -0.824569
vn 0.553851 0.095791 -0.827087
vn -0.469099 0.364321 -0.804497
vn 0.556297 0.188299 -0.809368
vn 0.459322 0.134022 -0.878101
vn -0.954490 0.297773 -0.016714
vn 0.756131 0.654356 0.009172
vn -0.140622 0.752848 -0.642997
vn 0.043065 0.807079 -0.588870
vn 0.934154 0.341785 -0.102662
vn 0.922923 0.092042 0.373820
vn 0.968543 0.214253 0.126574
vn 0.837864 0.472013 0.274204
vn 0.665349 0.731239 0.150331
vn 0.547371 0.821370 0.160427
vn 0.547371 0.821370 0.160427
vn 0.328520 0.813543 0.479814
vn 0.048816 0.801276 0.596300
vn 0.563412 0.394046 0.726151
vn 0.215464 0.609694 0.762790
vn 0.254464 0.795478 0.549966
vn 0.023786 0.744020 -0.667734
vn 0.380063 -0.026469 -0.924582
vn 0.222926 -0.187544 -0.956625
vn 0.256541 0.126098 -0.958272
vn -0.025531 0.889205 0.456796
vn -0.057319 0.742297 -0.667615
vn 0.134087 0.690321 0.710970
vn 0.075708 0.983196 -0.166115
vn 0.023898 0.793278 0.608391
vn -0.066228 0.736077 -0.673650
vn 0.285956 0.515384 -0.807842
vn 0.921913 0.122007 -0.367684
vn 0.908153 0.224263 -0.353502
vn 0.795112 0.360252 -0.487869
vn 0.386069 0.284111 0.877628
vn 0.514551 0.856623 -0.037860
vn -0.577420 0.816270 0.017006
vn 0.376232 0.840924 0.388968
vn 0.645233 0.660828 0.383381
vn 0.143254 0.973570 0.177874
vn 0.188326 0.856779 0.480066
vn -0.639010 0.578326 -0.507154
vn 0.688047 0.701789 -0.184617
vn 0.141548 0.886259 -0.441032
vn -0.010598 0.260622 -0.965383
vn 0.928815 0.320265 -0.186367
vn 0.984950 -0.041487 -0.167786
vn 0.975051 0.188787 0.116768
vn 0.975051 0.188787 0.116768
vn 0.726048 0.175517 -0.664867
vn 0.581839 0.106090 -0.806355
vn 0.474092 -0.043100 -0.879420
vn 0.912076 -0.171659 -0.372359
vn 0.710741 -0.304894 -0.633946
vn 0.904743 -0.272620 -0.327288
vn 0.969296 -0.215382 -0.118643
vn 0.910992 0.069738 -0.406485
vn 0.844443 0.174700 -0.506355
vn 0.847406 0.218817 -0.483758
vn 0.899353 0.267754 -0.345647
vn 0.952662 0.248776 -0.174774
vn 0.013879 -0.383023 0.923634
vn -0.293122 -0.581051 0.759249
vn -0.767059 -0.617649 0.173582
vn 0.755755 -0.343166 0.557738
vn 0.335880 -0.882943 0.328018
vn 0.124379 -0.425808 0.896224
vn -0.960774 -0.114527 -0.252581
vn 0.013270 -0.259758 -0.965583
vn -0.541473 -0.178999 -0.821441
vn -0.288876 -0.217690 -0.932288
vn -0.804011 -0.412647 -0.428123
vn 0.960774 -0.114522 -0.252583
vn 0.522212 -0.184070 -0.832714
vn 0.295638 -0.145284 -0.944188
vn 0.804012 -0.412636 -0.428131
vn 0.030132 -0.226721 -0.973494
vn 0.504542 -0.157127 -0.848969
vn 0.292202 -0.148747 -0.944718
vn -0.537941 -0.159159 -0.827821
vn -0.278004 -0.184028 -0.942787
vn -0.387572 0.410607 -0.825342
vn -0.007779 0.362276 -0.932038
vn -0.426975 -0.086842 -0.900084
vn 0.570410 0.677328 -0.464606
vn -0.317391 0.380681 -0.868531
vn -0.033631 0.124499 -0.991650
vn -0.210975 0.202160 -0.956358
vn 0.129685 0.074223 -0.988773
vn -0.421126 0.228880 -0.877649
vn -0.546193 0.189512 -0.815940
vn 0.001054 0.996705 0.081111
vn -0.000884 0.710283 0.703915
vn -0.608542 0.687732 -0.395854
vn 0.003845 0.716504 -0.697573
vn 0.645824 0.619259 -0.446575
vn 0.047216 -0.521661 -0.851845
vn -0.597268 -0.013600 -0.801927
vn 0.532075 -0.075908 -0.843288
vn 0.363614 -0.315146 -0.876623
vn 0.548451 0.200898 -0.811690
vn -0.466521 -0.213906 -0.858255
vn -0.581183 0.153533 -0.799158
vn -0.687774 0.715274 -0.123894
vn 0.212324 0.925413 -0.313895
vn 0.684821 0.723796 -0.084489
vn -0.249674 0.958130 -0.140175
vn 0.556292 0.499752 -0.663918
vn -0.033997 0.419207 -0.907254
vn 0.466266 0.623865 0.627206
vn -0.735649 -0.035432 0.676436
vn -0.661532 -0.660081 -0.355906
vn 0.555442 -0.082282 -0.827474
vn -0.885574 -0.208540 0.415054
vn -0.780278 0.262234 -0.567802
vn 0.374755 -0.048057 -0.925878
vn 0.700455 0.113281 0.704649
vn -0.448800 0.131674 0.883878
vn -0.240824 0.970443 -0.015605
vn 0.518378 0.493483 -0.698397
vn 0.264497 -0.924365 -0.274937
vn -0.456619 -0.225157 0.860699
vn 0.649360 0.533223 0.542222
vn 0.655602 0.388606 -0.647434
vn -0.291527 -0.727125 -0.621531
vn -0.098744 -0.148870 0.983914
vn 0.935253 0.274079 0.224013
vn 0.195981 0.240818 -0.950578
vn -0.997410 0.067695 0.024301
vn 0.023951 -0.234028 0.971935
vn 1.000000 -0.000079 -0.000040
vn 0.024096 0.233846 -0.971975
vn -1.000000 -0.000237 -0.000180
vn 0.196370 -0.241204 0.950400
vn 0.935161 -0.274087 -0.224389
vn -0.099254 0.148955 -0.983850
vn -0.997373 -0.068365 -0.023951
vn 0.656577 -0.387733 0.646969
vn 0.648491 -0.533604 -0.542887
vn -0.456897 0.225738 -0.860400
vn -0.295468 0.726045 0.620933
vn 0.518475 -0.494143 0.697858
vn -0.241309 -0.970313 0.016232
vn -0.448586 -0.131371 -0.884032
vn 0.262098 0.924525 0.276691
vn 0.374546 0.047895 0.925970
vn -0.780140 -0.261305 0.568420
vn -0.885251 0.207896 -0.416064
vn 0.554559 0.082920 0.828003
vn -0.661911 0.660019 0.355315
vn -0.735408 0.034818 -0.676730
vn 0.701084 -0.112005 -0.704227
vn 0.379305 0.418932 0.824999
vn -0.611592 0.790952 -0.018688
vn -0.456679 -0.396872 -0.796201
vn 0.449382 -0.831485 0.326632
vn 0.405148 0.485229 0.774860
vn -0.433889 0.843174 -0.317488
vn -0.402659 -0.437793 -0.803868
vn 0.507427 -0.844227 0.172625
vn 0.236788 0.749043 0.618761
vn -0.221076 0.759666 -0.611583
vn -0.219811 -0.604390 -0.765764
vn 0.570147 -0.780703 0.255801
vn 0.038046 0.989096 0.142277
vn 0.376059 0.404393 -0.833694
vn -0.189155 -0.723582 -0.663814
vn -0.438849 -0.236670 0.866833
vn 0.275565 0.756110 0.593601
vn 1.000000 -0.000145 0.000359
vn 0.275046 -0.756019 -0.593957
vn -0.999999 -0.000715 0.001197
vn -0.188978 0.723605 0.663840
vn 0.374591 -0.404550 0.834279
vn 0.039271 -0.988825 -0.143816
vn -0.441722 0.235393 -0.865720
vn -0.220044 0.603643 0.766287
vn -0.220934 -0.760059 0.611145
vn 0.236928 -0.748447 -0.619428
vn 0.569545 0.781326 -0.255243
vn -0.402801 0.437687 0.803854
vn -0.433968 -0.843218 0.317263
vn 0.404897 -0.485207 -0.775005
vn 0.507101 0.844379 -0.172836
vn -0.456918 0.397251 0.795875
vn -0.611717 -0.790861 0.018487
vn 0.379207 -0.418888 -0.825067
vn 0.448895 0.831627 -0.326938
vn -0.023409 -0.315306 -0.948701
vn -0.987367 -0.133451 0.085419
vn 0.203438 -0.964366 0.169150
vn -0.051066 -0.188359 -0.980772
vn -0.994144 -0.077502 0.075301
vn -0.060666 -0.142491 -0.987935
vn -0.994042 -0.078607 0.075502
vn -0.050417 -0.191452 -0.980206
vn -0.996675 -0.043308 0.069016
vn -0.068669 -0.103473 -0.992259
vn -0.997330 0.052196 0.051074
vn -0.203429 0.964368 -0.169151
vn -0.023409 -0.315306 -0.948701
vn 0.987368 0.133452 -0.085417
vn 0.203426 -0.964372 0.169127
vn -0.055377 -0.167876 -0.984252
vn 0.994145 0.077502 -0.075299
vn -0.057298 -0.158694 -0.985664
vn 0.994042 0.078607 -0.075502
vn -0.053621 -0.176264 -0.982881
vn 0.996675 0.043309 -0.069018
vn -0.068670 -0.103473 -0.992259
vn -0.203441 0.964371 -0.169119
vn 0.997330 -0.052196 -0.051075
vn 0.023414 0.315306 0.948701
vn -0.987367 -0.133451 0.085419
vn 0.203433 -0.964368 0.169142
vn 0.051071 0.188359 0.980772
vn -0.994181 -0.077100 0.075228
vn 0.060667 0.142491 0.987935
vn -0.993802 -0.081159 0.075968
vn 0.050413 0.191453 0.980206
vn -0.996674 -0.043336 0.069021
vn 0.068673 0.103472 0.992259
vn -0.997330 0.052196 0.051074
vn -0.203424 0.964366 -0.169162
vn 0.023414 0.315306 0.948701
vn 0.987368 0.133452 -0.085417
vn 0.203421 -0.964375 0.169119
vn 0.055381 0.167877 0.984251
vn 0.994181 0.077100 -0.075226
vn 0.057300 0.158694 0.985664
vn 0.993802 0.081160 -0.075968
vn 0.053618 0.176264 0.982881
vn 0.996674 0.043334 -0.069022
vn 0.068672 0.103472 0.992259
vn -0.203436 0.964370 -0.169130
vn 0.997330 -0.052196 -0.051075
vn 0.085510 -0.021952 -0.996095
vn 0.980858 -0.172750 0.089858
vn -0.172076 -0.973576 0.150133
vn 0.074939 -0.085405 -0.993524
vn 0.991727 -0.101379 0.078742
vn 0.055571 -0.196277 -0.978972
vn 0.998011 -0.003395 0.062944
vn 0.061654 -0.162164 -0.984836
vn 0.994217 -0.076985 0.074868
vn 0.078182 -0.066187 -0.994740
vn 0.981601 -0.168799 0.089254
vn 0.172077 0.973574 -0.150144
vn 0.085510 -0.021952 -0.996095
vn -0.980858 0.172749 -0.089862
vn -0.172084 -0.973572 0.150148
vn 0.074024 -0.090798 -0.993114
vn -0.991726 0.101380 -0.078746
vn 0.053864 -0.205739 -0.977123
vn -0.998011 0.003395 -0.062943
vn 0.063382 -0.152354 -0.986292
vn -0.994217 0.076986 -0.074868
vn 0.078181 -0.066187 -0.994740
vn 0.172077 0.973574 -0.150144
vn -0.981601 0.168799 -0.089253
vn -0.085509 0.021953 0.996096
vn 0.980858 -0.172750 0.089858
vn -0.172079 -0.973574 0.150138
vn -0.074939 0.085405 0.993524
vn 0.992538 -0.094066 0.077584
vn -0.055571 0.196277 0.978973
vn 0.997998 -0.004317 0.063095
vn -0.061658 0.162163 0.984836
vn 0.994154 -0.077694 0.074981
vn -0.078180 0.066188 0.994740
vn 0.981601 -0.168799 0.089254
vn 0.172077 0.973574 -0.150144
vn -0.085508 0.021953 0.996096
vn -0.980858 0.172749 -0.089862
vn -0.172087 -0.973571 0.150153
vn -0.074023 0.090799 0.993114
vn -0.992538 0.094064 -0.077587
vn -0.053863 0.205739 0.977123
vn -0.997998 0.004317 -0.063095
vn -0.063386 0.152353 0.986291
vn -0.994154 0.077694 -0.074981
vn -0.078181 0.066188 0.994740
vn 0.172077 0.973574 -0.150144
vn -0.981601 0.168799 -0.089253
vn -0.000388 -0.999965 0.008325
vn 0.163438 0.636435 0.753816
vn 0.163438 0.636435 0.753816
vn -0.511735 0.724650 0.461530
vn -0.829730 0.555560 0.053860
vn -0.769075 0.422005 -0.480037
vn -0.199914 0.401405 -0.893817
vn 0.478079 0.382677 -0.790568
vn 0.856557 0.453588 -0.246108
vn 0.818002 0.502023 0.280796
vn 0.092616 -0.558882 0.824059
vn 0.092616 -0.558882 0.824059
vn 0.092616 -0.558882 0.824059
vn 0.092616 -0.558882 0.824059
vn -0.643377 0.135883 0.753394
vn -0.984316 0.169908 0.047464
vn -0.247696 0.132960 -0.959671
vn -0.247696 0.132960 -0.959671
vn 0.466156 0.224922 -0.855633
vn 0.466156 0.224922 -0.855633
vn 0.877797 0.343110 -0.334287
vn 0.870917 0.286399 0.399349
vn 0.870917 0.286399 0.399349
vn 0.172027 -0.673681 0.718722
vn 0.172027 -0.673681 0.718722
vn -0.473102 0.660491 0.583031
vn -0.981870 0.093637 0.164810
vn -0.895381 0.189537 -0.402950
vn -0.319311 0.110194 -0.941221
vn 0.208117 -0.731799 -0.648967
vn 0.685992 0.494516 -0.533731
vn 0.952627 -0.016912 0.303669
vn 0.159714 -0.012395 0.987086
vn 0.159714 -0.012395 0.987086
vn -0.848101 0.046823 -0.527761
vn -0.596455 -0.665502 -0.448719
vn -0.409966 0.294919 -0.863105
vn 0.542328 -0.092926 -0.835012
vn 0.208468 0.480347 0.851943
vn 0.208468 0.480347 0.851943
vn -0.697916 0.491572 0.520837
vn -0.856886 0.408224 0.314802
vn 0.000351 -0.999932 0.011629
vn 0.926159 0.338246 -0.166791
vn 0.840863 0.422921 0.337768
vn -0.795439 0.605608 -0.022692
vn -0.662360 0.650803 -0.371127
vn -0.247963 0.650728 -0.717682
vn 0.440264 0.616462 -0.652795
vn 0.806265 0.428023 -0.408329
vn 0.891513 0.378361 -0.249094
vn 0.536260 0.371350 -0.757974
vn -0.269706 0.495993 -0.825379
vn -0.744475 0.510649 -0.430110
vn -0.862824 0.505459 0.006797
vn -0.502070 0.862040 -0.069373
vn -0.917839 0.396767 0.012109
vn -0.108778 0.990279 -0.086689
vn 0.846388 0.494370 -0.198054
vn 0.227279 -0.973305 -0.031964
vn 0.227279 -0.973305 -0.031964
vn -0.002176 -0.999910 0.013254
vn 0.000812 -0.999909 0.013451
vn 0.001481 -0.999923 0.012322
vn -0.826274 0.522447 0.210526
vn 0.000193 -0.999931 0.011706
vn 0.002325 -0.999975 0.006716
vn -0.007637 -0.999794 0.018782
vn -0.017251 -0.999782 0.011777
vn 0.000077 -0.999937 0.011186
vn -0.011550 -0.997981 -0.062452
vn -0.019240 -0.998876 -0.043311
vn -0.030571 -0.998408 -0.047406
vn -0.888891 0.104686 -0.445997
vn -0.888891 0.104686 -0.445997
vn 0.381758 0.921705 -0.068713
vn 0.063072 -0.946227 0.317296
vn 0.063072 -0.946227 0.317296
vn 0.063072 -0.946227 0.317296
vn -0.232647 -0.959947 0.156133
vn -0.232647 -0.959947 0.156133
vn -0.218092 -0.972279 0.084321
vn -0.218092 -0.972279 0.084321
vn 0.132193 -0.991150 -0.012110
vn 0.132193 -0.991150 -0.012110
vn 0.051017 -0.998578 0.015496
vn 0.051017 -0.998578 0.015496
vn 0.253203 -0.959770 -0.121367
vn 0.253203 -0.959770 -0.121367
vn 0.148478 -0.937061 -0.316023
vn 0.148478 -0.937061 -0.316023
vn -0.045528 -0.979183 -0.197806
vn -0.045528 -0.979183 -0.197806
vn -0.125761 -0.984406 -0.122998
vn -0.125761 -0.984406 -0.122998
vn -0.143514 -0.989103 -0.032851
vn -0.143514 -0.989103 -0.032851
vn 0.912771 0.383734 -0.139987
vn -0.161264 -0.985308 0.056227
vn -0.161264 -0.985308 0.056227
vn 0.238830 -0.478438 0.845019
vn 0.238830 -0.478438 0.845019
vn 0.315097 0.445233 0.838141
vn 0.315097 0.445233 0.838141
vn -0.536638 -0.534310 0.653095
vn -0.598194 0.409349 0.688911
vn -0.763690 -0.593939 0.253008
vn -0.855050 0.441181 0.272488
vn 0.810288 -0.580224 -0.082301
vn 0.831413 0.542221 -0.121445
vn 0.717659 -0.639632 0.275384
vn 0.869153 0.415034 0.268922
vn 0.721646 -0.598120 -0.348538
vn 0.859352 0.373336 -0.349478
vn 0.380432 -0.581278 -0.719296
vn 0.415914 0.376896 -0.827626
vn -0.218288 -0.660451 -0.718439
vn -0.274446 0.425570 -0.862305
vn -0.624279 -0.668732 -0.403823
vn -0.748160 0.435775 -0.500356
vn -0.737933 -0.670641 -0.075461
vn -0.893035 0.449091 -0.028379
vn 0.882524 0.447767 -0.143721
vn 0.793071 -0.594924 -0.130782
vn -0.747713 -0.636205 0.190180
vn -0.850321 0.485905 0.202115
vn -0.876452 0.433857 0.208804
vn -0.256727 0.197895 -0.946007
vn 0.514895 0.483085 -0.708175
vn 0.918251 0.119893 -0.377414
vn 0.877984 0.459540 -0.134043
vn 0.000605 -0.999918 0.012825
vn 0.000855 -0.999916 0.012969
vn -0.182524 -0.980288 0.075638
vn -0.182524 -0.980288 0.075638
vn 0.000613 -0.999918 0.012777
vn -0.790656 0.499498 -0.354069
vn 0.177764 -0.983897 -0.018613
vn 0.177764 -0.983897 -0.018613
vn -0.914858 0.306618 0.262717
vn 0.811065 -0.567899 -0.140229
vn 0.831572 0.535737 -0.146540
vn -0.838824 0.467448 0.279046
vn -0.733087 -0.627096 0.263313
vn -0.590948 0.043228 0.805550
vn 0.206118 -0.024940 0.978209
vn 0.206118 -0.024940 0.978209
vn -0.934027 -0.097505 0.343637
vn -0.828488 -0.028897 -0.559262
vn -0.999371 0.033675 -0.011085
vn -0.333162 -0.098478 -0.937713
vn 0.469342 -0.082473 -0.879157
vn 0.886972 -0.158436 -0.433796
vn 0.896941 -0.166178 0.409733
vn 0.927583 -0.317994 -0.196137
vn 0.980535 -0.136406 -0.141226
vn -0.973464 -0.025366 0.227431
vn 0.979328 -0.067781 -0.190582
vn 0.456305 0.728132 -0.511478
vn -0.247885 0.773087 -0.583857
vn -0.510403 -0.638482 0.576047
vn -0.006191 -0.614078 0.789221
vn -0.006191 -0.614078 0.789221
vn -0.777590 -0.618111 0.115293
vn -0.688140 -0.686288 -0.235525
vn -0.290066 -0.712458 -0.638956
vn 0.268553 -0.840991 -0.469694
vn 0.627209 -0.684974 -0.370700
vn 0.513288 -0.722237 0.463582
vn 0.091588 0.986443 -0.136169
vn 0.415201 0.888542 -0.195195
vn -0.199142 0.979356 -0.034701
vn -0.430046 0.902226 -0.032376
vn -0.944101 0.326112 -0.048213
vn -0.460143 -0.071924 -0.884927
vn -0.313727 0.536571 -0.783369
vn 0.277930 0.568353 -0.774422
vn 0.475958 0.562356 -0.676181
vn 0.572372 0.799063 -0.184089
vn -0.181356 0.931163 0.316300
vn -0.626588 0.599170 -0.498381
vn -0.387963 0.399022 -0.830822
vn -0.182967 -0.475182 -0.860654
vn -0.785616 0.600784 0.147874
vn -0.513882 -0.632908 -0.579097
vn -0.195161 0.445293 -0.873857
vn 0.558979 0.256066 -0.788653
vn -0.748719 0.397649 -0.530373
vn -0.136611 -0.666233 -0.733124
vn 0.028661 -0.862736 -0.504842
vn 0.689934 -0.605195 -0.397152
vn -0.353102 -0.743937 -0.567342
vn -0.129744 0.989097 -0.069671
vn 0.369835 0.928888 0.019723
vn 0.037706 0.968373 0.246641
vn -0.063373 -0.840256 -0.538473
vn 0.236140 -0.125229 -0.963616
vn -0.736285 -0.145824 -0.660772
vn -0.199024 0.234542 -0.951514
vn 0.550193 0.056854 -0.833100
vn -0.969687 -0.035403 -0.241772
vn 0.427052 -0.490309 -0.759752
vn -0.748215 0.544223 -0.379468
vn -0.146557 0.595819 -0.789633
vn 0.568067 0.607203 -0.555522
vn -0.532024 0.718293 0.448336
vn 0.912300 -0.216137 -0.347842
vn -0.460134 -0.432641 -0.775305
vn -0.186281 -0.270638 -0.944486
vn -0.184495 -0.561860 -0.806396
vn -0.999166 0.038380 0.013958
vn 0.617639 -0.398850 -0.677821
vn -0.823422 0.565592 -0.045621
vn -0.229160 0.920841 -0.315496
vn 0.645259 0.148026 -0.749486
vn -0.883595 0.351105 0.309815
vn 0.894951 0.030579 -0.445115
vn -0.031175 -0.387829 0.921204
vn -0.031175 -0.387829 0.921204
vn -0.705347 -0.206804 0.678025
vn -0.935652 0.350936 0.037412
vn -0.286598 -0.140543 -0.947686
vn 0.367088 -0.448198 -0.815086
vn 0.749625 -0.368757 -0.549618
vn -0.174173 0.869794 -0.461651
vn -0.681056 0.693852 -0.233949
vn 0.466707 0.726932 -0.503741
vn -0.971345 0.204769 -0.120661
vn 0.926733 0.238709 -0.290146
vn -0.094041 0.992299 -0.080622
vn -0.472371 0.861937 0.184202
vn 0.501097 0.865134 0.021107
vn -0.931537 -0.195887 0.306377
vn -0.767445 0.516557 0.379733
vn 0.841690 0.498462 0.207593
vn -0.130210 0.878965 -0.458765
vn -0.559348 0.778132 -0.285726
vn 0.402289 0.810959 -0.424864
vn -0.902553 0.416519 0.109130
vn 0.921616 0.255334 -0.292282
vn 0.213654 -0.129723 0.968258
vn 0.213654 -0.129723 0.968258
vn -0.579660 -0.434430 0.689395
vn -0.579660 -0.434430 0.689395
vn -0.966341 -0.246603 -0.073297
vn -0.966341 -0.246603 -0.073297
vn 0.953680 0.185762 -0.236615
vn 0.953680 0.185762 -0.236615
vn 0.898247 0.177195 0.402187
vn 0.236303 0.109622 0.965476
vn 0.236303 0.109622 0.965476
vn -0.571719 -0.061073 0.818173
vn -0.971386 0.035307 0.234868
vn 0.777693 0.628110 0.025923
vn 0.706716 -0.080139 0.702944
vn -0.659901 -0.219984 0.718427
vn 0.021307 0.708695 0.705193
vn 0.021307 0.708695 0.705193
vn 0.662688 0.707963 0.244197
vn -0.933583 -0.350152 0.076267
vn 0.573899 -0.648850 -0.499633
vn -0.431620 0.783619 0.446818
vn 0.291126 -0.130746 0.947708
vn 0.291126 -0.130746 0.947708
vn 0.870961 -0.136291 0.472071
vn -0.945526 0.156621 0.285395
vn 0.959761 -0.280782 0.004508
vn 0.545536 0.661570 -0.514504
vn 0.545536 0.661570 -0.514504
vn 0.041442 0.860093 -0.508451
vn 0.041442 0.860093 -0.508451
vn 0.041442 0.860093 -0.508451
vn -0.341090 0.888710 -0.306352
vn -0.341090 0.888710 -0.306352
vn -0.280400 0.955280 0.093891
vn -0.280400 0.955280 0.093891
vn -0.010369 0.972931 0.230864
vn -0.010369 0.972931 0.230864
vn 0.178038 0.982896 0.047104
vn 0.178038 0.982896 0.047104
vn 0.308102 0.949374 0.061340
vn 0.308102 0.949374 0.061340
vn 0.381719 0.923414 -0.039961
vn 0.381719 0.923414 -0.039961
vn 0.546221 0.523225 -0.654124
vn -0.115092 0.340733 -0.933089
vn -0.679099 0.531520 -0.506271
vn -0.657005 0.745257 0.113739
vn -0.316132 0.806100 0.500263
vn 0.257243 0.732785 0.629962
vn 0.693540 0.679195 0.240200
vn 0.802936 0.578127 -0.145131
vn -0.267388 0.223603 -0.937286
vn -0.658054 0.596701 -0.459253
vn -0.773823 0.633354 0.007737
vn 0.003733 -0.079338 0.996841
vn 0.081490 0.228236 0.970189
vn 0.081490 0.228236 0.970189
vn 0.280364 -0.873487 0.398016
vn 0.778488 -0.420495 -0.465983
vn 0.342205 0.199061 -0.918298
vn -0.683920 0.689828 0.237467
vn 0.085277 -0.106768 -0.990620
vn -0.706191 -0.575231 -0.412801
vn -0.779630 -0.626238 -0.001427
vn -0.591434 -0.659524 0.463934
vn 0.044317 0.738980 0.672268
vn 0.044317 0.738980 0.672268
vn 0.602373 -0.538550 0.589161
vn 0.911669 0.322968 0.254071
vn -0.679843 0.404265 0.611869
vn 0.423238 0.839849 0.339886
vn -0.455208 -0.423676 -0.783125
vn -0.678962 -0.715773 -0.163340
vn -0.765018 -0.621375 0.169238
vn 0.596772 -0.749154 -0.287457
vn -0.092650 0.167214 -0.981558
vn 0.433305 0.788670 -0.436173
vn 0.941390 -0.060148 -0.331914
vn -0.030275 0.724912 -0.688176
vn -0.425813 0.870002 -0.248554
vn -0.552136 0.821872 0.140257
vn -0.756335 -0.017608 0.653947
vn -0.777332 0.626781 -0.053852
vn -0.675900 0.442130 0.589644
vn 0.648217 -0.149147 -0.746706
vn 0.310067 -0.915826 0.255190
vn 0.810480 0.556011 -0.184319
vn -0.685921 0.586915 0.430165
vn -0.597514 -0.782469 0.175268
vn -0.399399 -0.660984 0.635280
vn 0.442837 0.019627 0.896387
vn -0.243928 -0.036974 0.969088
vn 0.621421 0.545773 0.562110
vn 0.802106 0.433383 -0.410858
vn 0.977101 -0.026189 -0.211159
vn 0.705676 0.700925 -0.103563
vn 0.577687 0.139970 0.804168
vn 0.644866 -0.761130 -0.069490
vn 0.891143 -0.406002 0.202551
vn -0.079349 -0.681834 -0.727191
vn -0.910271 0.166971 -0.378850
vn -0.653823 -0.704734 -0.275437
vn -0.498518 -0.679637 0.538120
vn -0.068145 -0.643484 0.762420
vn -0.068145 -0.643484 0.762420
vn -0.163586 -0.986179 0.026298
vn -0.163586 -0.986179 0.026298
vn -0.016669 -0.999807 0.010390
vn -0.514503 -0.844812 0.146902
vn -0.579763 -0.802391 -0.141576
vn -0.106987 -0.993789 -0.030599
vn 0.107774 -0.980944 -0.161658
vn 0.294820 -0.945658 0.137158
vn -0.223282 -0.973976 -0.038931
vn -0.887588 -0.220798 -0.404272
vn -0.241886 -0.126656 0.962003
vn -0.545000 -0.669738 -0.504407
vn 0.232118 -0.656816 -0.717435
vn 0.585507 -0.810413 0.020305
vn 0.976564 -0.002848 0.215207
vn 0.642279 0.266042 -0.718818
vn 0.509048 -0.860704 0.007687
vn 0.375575 0.238566 -0.895561
vn -0.322561 0.501678 -0.802667
vn -0.975278 -0.155742 0.156769
vn -0.666725 0.673473 0.319235
vn 0.149887 0.786812 0.598716
vn 0.149887 0.786812 0.598716
vn 0.703267 0.710116 0.033924
vn 0.947581 -0.319403 0.008508
vn 0.252295 -0.948164 0.193215
vn 0.032409 -0.970650 0.238304
vn 0.032409 -0.970650 0.238304
vn -0.527288 -0.703120 0.477064
vn -0.735263 -0.646788 -0.202619
vn -0.074427 -0.911300 -0.404961
vn 0.246963 -0.886421 -0.391494
vn 0.536852 0.071136 -0.840672
vn 0.268039 0.849499 -0.454430
vn -0.300119 0.936485 -0.181449
vn -0.674445 0.736572 0.050851
vn -0.496291 0.763652 0.412954
vn -0.309369 0.788904 0.530962
vn -0.372114 0.015989 0.928049
vn -0.191068 -0.794808 0.575997
vn -0.471346 -0.872273 0.130280
vn -0.184460 0.295177 -0.937467
vn -0.704785 -0.348111 -0.618140
vn -0.073735 -0.620780 -0.780510
vn -0.106526 -0.902490 -0.417330
vn 0.644227 -0.472941 -0.601081
vn 0.473239 0.565992 -0.675054
vn -0.411366 0.615309 -0.672438
vn -0.875637 0.391038 -0.283460
vn -0.428664 0.856258 0.288218
vn -0.379150 0.825844 0.417405
vn 0.124910 0.652846 0.747121
vn 0.124910 0.652846 0.747121
vn 0.784880 0.476855 0.395694
vn 0.775101 0.631154 0.029398
vn 0.693116 0.631080 -0.348322
vn 0.413267 0.882884 -0.222993
vn -0.185250 0.951148 -0.246980
vn -0.366041 0.929350 0.048198
vn -0.603721 0.679688 -0.416588
vn -0.681675 0.729207 -0.059810
vn -0.507386 -0.699880 0.502720
vn -0.551837 -0.784042 0.284172
vn -0.783658 -0.558283 -0.272399
vn -0.781975 -0.325171 -0.531770
vn -0.576881 -0.724201 0.377811
vn -0.667110 -0.742654 0.058564
vn -0.823339 -0.223413 -0.521728
vn -0.625859 0.741624 -0.241443
vn -0.739636 0.174884 0.649888
vn 0.075534 0.164281 0.983517
vn 0.075534 0.164281 0.983517
vn 0.988257 -0.143221 0.053260
vn 0.319382 -0.781312 0.536233
vn 0.319382 -0.781312 0.536233
vn 0.725462 -0.684480 -0.072051
vn 0.397717 -0.744790 0.535825
vn 0.516296 0.106742 0.849732
vn 0.499664 0.628853 0.595717
vn 0.782779 0.620782 -0.043430
vn 0.425755 0.716547 -0.552533
vn 0.362285 -0.279669 -0.889120
vn 0.000388 -0.999965 0.008325
vn -0.268731 0.904845 0.330210
vn 0.499305 0.739199 0.451973
vn 0.829179 0.557671 0.038289
vn 0.753171 0.450217 -0.479623
vn 0.197862 0.457276 -0.867035
vn -0.491538 0.409969 -0.768320
vn -0.918233 0.338548 -0.205509
vn -0.845088 0.440581 0.302844
vn -0.845088 0.440581 0.302844
vn -0.092616 -0.558882 0.824059
vn -0.092616 -0.558882 0.824059
vn -0.092616 -0.558882 0.824059
vn 0.639365 0.121760 0.759202
vn 0.996302 0.060709 -0.060794
vn 0.247697 0.132962 -0.959670
vn 0.247697 0.132962 -0.959670
vn -0.475284 0.245466 -0.844897
vn -0.475284 0.245466 -0.844897
vn -0.855690 0.313229 -0.411925
vn -0.870917 0.286400 0.399349
vn -0.870917 0.286400 0.399349
vn -0.870917 0.286400 0.399349
vn -0.154100 -0.634530 0.757380
vn 0.490047 0.647184 0.583957
vn 0.981692 -0.012576 0.190059
vn 0.896177 0.100365 -0.432197
vn 0.289789 -0.083359 -0.953453
vn -0.263238 -0.762673 -0.590793
vn -0.587796 0.479071 -0.651910
vn -0.948540 -0.150655 0.278522
vn -0.948540 -0.150655 0.278522
vn -0.178570 -0.152416 0.972051
vn 0.847159 -0.098883 -0.522057
vn 0.552838 -0.712922 -0.431409
vn 0.411908 0.301930 -0.859750
vn -0.521056 -0.224621 -0.823436
vn -0.208468 0.480347 0.851944
vn -0.208468 0.480347 0.851944
vn 0.697915 0.491572 0.520837
vn 0.856886 0.408223 0.314802
vn -0.000351 -0.999932 0.011629
vn -0.926159 0.338246 -0.166791
vn -0.840863 0.422921 0.337767
vn 0.776879 0.629562 -0.010527
vn 0.618523 0.699084 -0.358764
vn 0.232457 0.707646 -0.667234
vn -0.428007 0.669402 -0.607216
vn -0.802327 0.495026 -0.333498
vn -0.891513 0.378362 -0.249093
vn -0.536260 0.371350 -0.757974
vn 0.269706 0.495992 -0.825379
vn 0.744475 0.510649 -0.430110
vn 0.862824 0.505459 0.006797
vn 0.395191 0.916180 0.066625
vn 0.813165 0.562200 0.150643
vn 0.058995 0.996561 -0.058189
vn -0.847007 0.497402 -0.187539
vn -0.227279 -0.973305 -0.031964
vn -0.227279 -0.973305 -0.031964
vn 0.002176 -0.999910 0.013254
vn -0.000812 -0.999909 0.013451
vn -0.001481 -0.999923 0.012322
vn 0.826273 0.522447 0.210526
vn -0.000193 -0.999931 0.011706
vn -0.002326 -0.999975 0.006716
vn 0.007637 -0.999794 0.018782
vn 0.017251 -0.999782 0.011777
vn -0.000077 -0.999937 0.011186
vn 0.011550 -0.997981 -0.062452
vn 0.019240 -0.998876 -0.043311
vn 0.030571 -0.998408 -0.047406
vn 0.902318 0.120748 -0.413814
vn 0.902318 0.120748 -0.413814
vn -0.371312 0.925421 -0.075651
vn -0.063072 -0.946227 0.317296
vn -0.063072 -0.946227 0.317296
vn -0.063072 -0.946227 0.317296
vn 0.232648 -0.959947 0.156133
vn 0.232648 -0.959947 0.156133
vn 0.218092 -0.972279 0.084321
vn 0.218092 -0.972279 0.084321
vn -0.132194 -0.991150 -0.012110
vn -0.132194 -0.991150 -0.012110
vn -0.051017 -0.998578 0.015496
vn -0.051017 -0.998578 0.015496
vn -0.253203 -0.959770 -0.121367
vn -0.253203 -0.959770 -0.121367
vn -0.148478 -0.937061 -0.316023
vn -0.148478 -0.937061 -0.316023
vn 0.045528 -0.979183 -0.197806
vn 0.045528 -0.979183 -0.197806
vn 0.125761 -0.984406 -0.122998
vn 0.125761 -0.984406 -0.122998
vn 0.143514 -0.989103 -0.032851
vn 0.143514 -0.989103 -0.032851
vn -0.912771 0.383734 -0.139987
vn 0.161264 -0.985308 0.056227
vn 0.161264 -0.985308 0.056227
vn -0.238829 -0.478438 0.845019
vn -0.238829 -0.478438 0.845019
vn -0.315098 0.445233 0.838142
vn -0.315098 0.445233 0.838142
vn 0.536638 -0.534310 0.653095
vn 0.598194 0.409349 0.688910
vn 0.763691 -0.593938 0.253008
vn 0.855050 0.441181 0.272488
vn -0.810288 -0.580224 -0.082301
vn -0.831413 0.542221 -0.121445
vn -0.717659 -0.639632 0.275384
vn -0.869153 0.415034 0.268922
vn -0.721647 -0.598120 -0.348538
vn -0.859352 0.373336 -0.349478
vn -0.380432 -0.581278 -0.719296
vn -0.415914 0.376896 -0.827626
vn 0.218288 -0.660451 -0.718439
vn 0.274446 0.425570 -0.862305
vn 0.624279 -0.668732 -0.403823
vn 0.748160 0.435775 -0.500356
vn 0.737933 -0.670642 -0.075461
vn 0.893035 0.449091 -0.028379
vn -0.882524 0.447767 -0.143720
vn -0.793071 -0.594924 -0.130782
vn 0.747713 -0.636205 0.190180
vn 0.850321 0.485905 0.202115
vn 0.852445 0.472832 0.223086
vn 0.256728 0.197891 -0.946007
vn -0.505966 0.488236 -0.711072
vn -0.902376 0.130148 -0.410826
vn -0.877984 0.459540 -0.134042
vn -0.000605 -0.999918 0.012825
vn -0.000855 -0.999916 0.012969
vn 0.182524 -0.980288 0.075638
vn 0.182524 -0.980288 0.075638
vn -0.000613 -0.999918 0.012777
vn 0.767962 0.533914 -0.353794
vn -0.177763 -0.983897 -0.018613
vn -0.177763 -0.983897 -0.018613
vn 0.914858 0.306617 0.262717
vn -0.811066 -0.567898 -0.140229
vn -0.831571 0.535738 -0.146540
vn 0.838825 0.467446 0.279046
vn 0.733087 -0.627096 0.263312
vn 0.591020 0.043423 0.805487
vn -0.206118 -0.024940 0.978209
vn -0.206118 -0.024940 0.978209
vn 0.936321 -0.095631 0.337871
vn 0.828487 -0.028897 -0.559262
vn 0.999371 0.033674 -0.011085
vn 0.333161 -0.098478 -0.937713
vn -0.469342 -0.082473 -0.879157
vn -0.891979 -0.147630 -0.427292
vn -0.896941 -0.166179 0.409733
vn -0.927419 -0.317285 -0.198053
vn -0.981683 -0.127767 -0.141327
vn 0.971764 -0.006003 0.235878
vn -0.980023 -0.052490 -0.191835
vn -0.393836 0.869642 -0.297684
vn 0.129891 0.889536 -0.438011
vn 0.465732 -0.543841 0.698091
vn -0.058294 -0.026849 0.997938
vn 0.776989 -0.603966 0.177518
vn 0.701118 -0.654182 -0.283689
vn 0.258442 -0.680047 -0.686108
vn -0.322803 -0.716060 -0.618915
vn -0.724174 -0.633204 -0.273175
vn -0.537521 -0.607454 0.584868
vn -0.537521 -0.607454 0.584868
vn -0.161674 0.986470 -0.027175
vn -0.353534 0.928756 -0.111471
vn 0.086439 0.995681 -0.033865
vn 0.235362 0.969634 0.066441
vn 0.905084 0.424128 -0.030635
vn 0.566501 0.196668 -0.800249
vn -0.285750 0.575249 -0.766444
vn -0.642499 0.609794 -0.464054
vn -0.487443 0.824696 -0.286839
vn -0.011556 0.947050 0.320878
vn 0.546475 0.706427 -0.449807
vn 0.294804 0.558241 -0.775537
vn 0.358221 -0.397102 -0.844978
vn 0.244379 0.504518 -0.828094
vn 0.907937 0.411060 0.081733
vn 0.513881 -0.632909 -0.579096
vn 0.195161 0.445293 -0.873857
vn -0.550712 0.202906 -0.809657
vn 0.765520 0.385325 -0.515270
vn 0.141152 -0.667962 -0.730687
vn -0.061927 -0.936913 -0.344034
vn -0.768271 -0.526339 -0.364318
vn 0.292131 -0.796330 -0.529639
vn 0.125404 0.989022 -0.078163
vn -0.309161 0.938072 -0.156337
vn 0.038883 0.980225 0.194029
vn 0.055893 -0.843153 -0.534761
vn -0.313835 -0.198018 -0.928599
vn 0.737539 -0.148066 -0.658872
vn 0.199023 0.234544 -0.951514
vn -0.509269 0.056707 -0.858737
vn 0.897161 -0.255546 -0.360274
vn -0.519151 -0.464845 -0.717218
vn 0.748215 0.544223 -0.379467
vn 0.146557 0.595817 -0.789635
vn -0.538007 0.619961 -0.571136
vn 0.673444 0.679645 0.290786
vn -0.966259 0.067768 -0.248499
vn 0.709749 -0.340330 -0.616792
vn 0.186280 -0.270639 -0.944486
vn 0.052850 -0.581395 -0.811903
vn 0.997231 0.053272 0.051892
vn -0.644013 -0.412171 -0.644487
vn 0.821884 0.567246 -0.052327
vn 0.229160 0.920840 -0.315500
vn -0.694386 0.243308 -0.677221
vn 0.884461 0.404959 0.231813
vn -0.867413 -0.044842 -0.495564
vn -0.005250 -0.084903 0.996375
vn 0.677078 -0.222443 0.701488
vn 0.924339 0.254563 0.284245
vn 0.316543 -0.192897 -0.928758
vn -0.453708 -0.248232 -0.855880
vn -0.843647 -0.390748 -0.368206
vn 0.174173 0.869796 -0.461648
vn 0.592176 0.778921 -0.206421
vn -0.435810 0.755171 -0.489680
vn 0.966796 0.255111 -0.014957
vn -0.888966 0.338344 -0.308647
vn 0.094041 0.992299 -0.080620
vn 0.460309 0.873458 0.158704
vn -0.501097 0.865134 0.021108
vn 0.938042 -0.162480 0.306066
vn 0.750811 0.598781 0.278827
vn -0.832363 0.539738 0.125917
vn 0.130210 0.878966 -0.458765
vn 0.556124 0.780335 -0.286012
vn -0.397794 0.814456 -0.422400
vn 0.959626 0.281244 0.004485
vn -0.943223 0.116518 -0.311053
vn -0.220318 -0.126854 0.967144
vn 0.578629 -0.435791 0.689402
vn 0.578629 -0.435791 0.689402
vn 0.969717 -0.240025 -0.045129
vn 0.969717 -0.240025 -0.045129
vn -0.944692 0.209772 -0.252099
vn -0.944692 0.209772 -0.252099
vn -0.897922 0.203067 0.390513
vn -0.897922 0.203067 0.390513
vn -0.236307 0.109624 0.965475
vn 0.574876 -0.059305 0.816089
vn 0.965343 0.122093 0.230665
vn -0.761538 0.647271 -0.033171
vn -0.706716 -0.080138 0.702945
vn -0.706716 -0.080138 0.702945
vn 0.667639 -0.207882 0.714873
vn -0.016055 0.707122 0.706910
vn -0.611895 0.768284 0.187949
vn -0.611895 0.768284 0.187949
vn 0.938441 -0.339241 0.065142
vn -0.579146 -0.649742 -0.492368
vn 0.453482 0.797781 0.397365
vn -0.309982 -0.114980 0.943764
vn -0.879437 -0.055895 0.472723
vn -0.879437 -0.055895 0.472723
vn 0.934968 0.180920 0.305127
vn -0.957433 -0.284278 0.050077
vn -0.357110 0.855096 -0.375876
vn -0.357110 0.855096 -0.375876
vn 0.024582 0.799252 -0.600493
vn 0.024582 0.799252 -0.600493
vn 0.088006 0.943202 -0.320352
vn 0.088006 0.943202 -0.320352
vn 0.088006 0.943202 -0.320352
vn 0.121537 0.987292 0.102389
vn 0.121537 0.987292 0.102389
vn 0.001023 0.967414 0.253197
vn 0.001023 0.967414 0.253197
vn -0.133272 0.987011 0.089713
vn -0.133272 0.987011 0.089713
vn -0.314893 0.943075 0.107014
vn -0.314893 0.943075 0.107014
vn -0.393728 0.916471 -0.071132
vn -0.393728 0.916471 -0.071132
vn -0.531723 0.545418 -0.647912
vn 0.174835 0.336169 -0.925431
vn 0.369324 0.782031 -0.502023
vn 0.667980 0.719060 0.191717
vn 0.279329 0.704584 0.652332
vn -0.223272 0.657547 0.719571
vn -0.664603 0.667310 0.336155
vn -0.824075 0.539618 -0.172376
vn 0.324219 0.339831 -0.882835
vn 0.651384 0.604904 -0.458028
vn 0.814020 0.580433 0.021629
vn 0.005414 0.085907 0.996288
vn -0.155868 0.646057 0.747205
vn -0.852175 0.429025 0.299558
vn -0.852175 0.429025 0.299558
vn -0.500856 0.043549 -0.864434
vn -0.432002 0.453230 -0.779716
vn 0.759981 0.611713 0.219627
vn -0.086922 -0.039490 -0.995432
vn 0.584183 -0.707799 -0.397179
vn 0.783336 -0.621252 0.020745
vn 0.583655 -0.690321 0.427555
vn -0.147215 0.652816 0.743074
vn -0.527159 -0.669550 0.523265
vn -0.527159 -0.669550 0.523265
vn -0.878877 0.411664 0.241056
vn -0.878877 0.411664 0.241056
vn -0.455562 0.175979 -0.872637
vn 0.429862 -0.495984 -0.754466
vn 0.609870 -0.780766 -0.135878
vn 0.714353 -0.660804 0.230300
vn -0.688024 -0.696648 -0.203233
vn 0.132122 -0.031428 -0.990735
vn -0.411448 0.724783 -0.552630
vn -0.950468 -0.047076 -0.307237
vn 0.021696 0.652278 -0.757670
vn 0.472199 0.764830 -0.438250
vn 0.552016 0.830585 -0.073531
vn 0.757370 -0.009509 0.652916
vn 0.787013 0.615604 -0.040528
vn 0.748454 0.381257 0.542642
vn -0.709143 -0.134019 -0.692210
vn -0.359063 -0.890547 0.279284
vn -0.359063 -0.890547 0.279284
vn -0.811029 0.557624 -0.176881
vn 0.691247 0.611796 0.384557
vn 0.632221 -0.686441 0.359299
vn 0.374226 -0.680371 0.630119
vn -0.421640 0.023939 0.906447
vn -0.286918 -0.941066 0.179091
vn 0.146982 -0.014212 0.989037
vn -0.680995 0.581993 0.444443
vn -0.680995 0.581993 0.444443
vn -0.917588 0.386109 -0.094621
vn -0.959027 -0.169896 -0.226722
vn -0.802928 0.582200 -0.127870
vn 0.350142 0.415503 0.839498
vn -0.423215 -0.700719 0.574354
vn -0.423215 -0.700719 0.574354
vn -0.480863 -0.092584 0.871894
vn -0.630924 -0.721042 -0.286414
vn -0.964992 -0.212458 0.153790
vn 0.042509 -0.760954 -0.647412
vn 0.906800 0.167147 -0.387009
vn 0.587684 -0.805115 -0.080105
vn 0.490277 -0.663207 0.565495
vn 0.020674 -0.635098 0.772154
vn 0.177341 -0.909575 0.375797
vn 0.084512 -0.900059 0.427494
vn 0.521872 -0.828144 0.204515
vn 0.602051 -0.781076 -0.165695
vn 0.090142 -0.989978 -0.108710
vn -0.198541 -0.927643 -0.316322
vn -0.350858 -0.927304 -0.130406
vn -0.422899 -0.745624 0.514977
vn -0.422899 -0.745624 0.514977
vn 0.610184 0.790392 0.054373
vn 0.270417 0.132742 0.953548
vn 0.567612 -0.704448 -0.426110
vn -0.229211 -0.668218 -0.707777
vn -0.540323 -0.837060 0.085919
vn -0.921271 -0.334073 0.199136
vn -0.721207 0.675799 -0.152174
vn -0.611501 -0.784644 0.101983
vn -0.002521 -0.800590 0.599208
vn -0.002521 -0.800590 0.599208
vn -0.622061 -0.010851 0.782893
vn -0.641871 0.738450 0.206625
vn -0.641871 0.738450 0.206625
vn -0.776397 -0.535015 -0.333117
vn -0.497053 0.435633 -0.750441
vn 0.470468 0.556252 -0.685013
vn 0.987638 -0.081112 0.134137
vn 0.682648 0.669011 0.293966
vn -0.152114 0.822588 0.547914
vn -0.755706 0.652010 0.061575
vn -0.755706 0.652010 0.061575
vn -0.984075 -0.165386 0.065146
vn -0.385887 -0.871175 0.303555
vn -0.385887 -0.871175 0.303555
vn -0.059572 -0.973590 0.220394
vn 0.496598 -0.712645 0.495508
vn 0.816029 -0.577915 0.010471
vn 0.068169 -0.915782 -0.395849
vn -0.223566 -0.899457 -0.375494
vn -0.410189 -0.051443 -0.910548
vn -0.312918 0.812386 -0.492048
vn 0.318226 0.828834 -0.460182
vn 0.734903 0.657000 -0.168130
vn 0.530144 0.760050 0.375860
vn 0.407609 0.733128 0.544406
vn 0.513435 0.005239 0.858113
vn 0.257406 -0.759249 0.597731
vn 0.449039 -0.789807 0.417815
vn 0.221107 0.180887 -0.958328
vn 0.635684 -0.464151 -0.616823
vn 0.060651 -0.603654 -0.794936
vn 0.045018 -0.986801 -0.155553
vn -0.744610 -0.368648 -0.556466
vn -0.395859 0.620864 -0.676627
vn 0.413539 0.555896 -0.721086
vn 0.875278 0.383733 -0.294342
vn 0.536273 0.809303 0.239667
vn 0.459823 0.807448 0.369581
vn -0.161800 0.676084 0.718840
vn -0.743333 0.564301 0.359196
vn -0.743333 0.564301 0.359196
vn -0.783615 0.618733 0.055827
vn -0.630085 0.546481 -0.551681
vn -0.576197 0.701463 -0.419461
vn -0.266477 0.877882 -0.397885
vn 0.169640 0.951532 -0.256532
vn 0.449113 0.893223 -0.021191
vn 0.568962 0.696897 -0.436596
vn 0.656749 0.748594 -0.091034
vn 0.555103 -0.352702 0.753301
vn 0.505820 -0.779731 0.369006
vn 0.752511 -0.591822 -0.288919
vn 0.474579 -0.765828 -0.433914
vn 0.756270 -0.155420 -0.635532
vn 0.565797 -0.740891 0.361878
vn 0.656549 -0.751944 0.059354
vn 0.847153 -0.037576 -0.530018
vn 0.647720 0.718320 -0.253919
vn 0.775423 0.504940 0.379151
vn -0.263509 0.363100 0.893712
vn -0.987116 -0.151387 -0.051798
vn -0.987116 -0.151387 -0.051798
vn -0.244661 -0.882168 0.402394
vn -0.710589 -0.703553 -0.008752
vn -0.486178 -0.719115 0.496491
vn -0.486178 -0.719115 0.496491
vn -0.620181 -0.081907 0.780171
vn -0.619192 0.668905 0.411300
vn -0.619192 0.668905 0.411300
vn -0.836729 0.536125 -0.111599
vn -0.422397 0.708041 -0.565914
vn -0.411179 -0.346307 -0.843210
vn -0.171385 -0.405837 0.897732
vn 0.603625 -0.758696 -0.244986
vn -0.034172 -0.160350 0.986469
vn 0.584185 -0.711661 0.390214
vn 0.584185 -0.711661 0.390214
vn 0.083290 -0.347090 0.934126
vn 0.608546 -0.665282 0.432519
vn 0.608546 -0.665282 0.432519
vn 0.256482 -0.884793 0.389049
vn 0.256482 -0.884793 0.389049
vn -0.235280 -0.432832 0.870230
vn 0.412949 -0.083676 0.906902
vn 0.881689 -0.326420 0.340696
vn 0.881689 -0.326420 0.340696
vn 0.716355 -0.686390 -0.125316
vn 0.460388 -0.854182 -0.241694
vn -0.167085 -0.068027 0.983593
vn 0.910968 -0.283844 0.299282
vn 0.910968 -0.283844 0.299282
vn 0.825121 -0.526674 -0.204424
vn 0.723025 -0.666955 0.180016
vn 0.723025 -0.666955 0.180016
vn 0.429247 -0.517891 0.739957
vn 0.832577 -0.310502 -0.458698
vn 0.449620 -0.814485 0.366682
vn 0.449620 -0.814485 0.366682
vn 0.221780 -0.526081 0.821007
vn 0.847094 -0.396630 0.353719
vn 0.153127 -0.103337 0.982789
vn 0.125510 -0.123224 0.984410
vn 0.588796 -0.590283 0.552164
vn 0.588796 -0.590283 0.552164
vn 0.432115 -0.815387 0.385255
vn 0.432115 -0.815387 0.385255
vn -0.094884 -0.512887 0.853196
vn 0.502550 -0.852188 -0.145669
vn 0.353736 -0.882577 0.309722
vn 0.353736 -0.882577 0.309722
vn 0.683341 -0.577309 0.446944
vn 0.683341 -0.577309 0.446944
vn 0.901462 -0.395469 -0.175983
vn -0.012978 -0.258226 0.965997
vn -0.260809 0.078399 0.962202
vn 0.947764 -0.249746 -0.198420
vn 0.947764 -0.249746 -0.198420
vn 0.768726 -0.592646 -0.240480
vn 0.543550 -0.198150 0.815653
vn 0.543550 -0.198150 0.815653
vn 0.972834 -0.207993 0.101647
vn 0.972834 -0.207993 0.101647
vn 0.972834 -0.207993 0.101647
vn 0.740258 -0.582143 0.336346
vn 0.740258 -0.582143 0.336346
vn 0.042749 -0.142191 0.988916
vn 0.460037 -0.799203 0.386835
vn 0.460037 -0.799203 0.386835
vn 0.356994 -0.441566 0.823149
vn -0.768991 0.265080 0.581709
vn -0.519232 0.011822 0.854551
vn -0.626858 0.427677 0.651261
vn -0.784448 0.548224 0.289985
vn -0.904108 0.398784 -0.153490
vn -0.865503 0.457284 -0.204441
vn -0.663023 0.123030 0.738420
vn -0.799287 0.464722 0.381016
vn -0.180925 -0.178314 0.967197
vn -0.583371 0.497945 0.641661
vn -0.737471 0.363508 0.569209
vn -0.687218 0.368113 0.626278
vn -0.758789 0.463321 0.457792
vn -0.823243 0.365773 0.434145
vn -0.866487 0.491814 0.085555
vn -0.696732 0.210535 0.685740
vn -0.723417 0.151130 0.673668
vn -0.884669 0.463566 0.049677
vn -0.420689 0.118033 0.899494
vn -0.688520 0.384800 0.614710
vn -0.845257 0.534027 0.018852
vn -0.255190 0.047617 0.965718
vn -0.536561 0.267652 0.800291
vn -0.189251 0.611143 0.768562
vn -0.576526 0.548013 0.606053
vn -0.482282 0.380076 0.789270
vn -0.573834 0.097497 0.813147
vn -0.416777 -0.023539 0.908704
vn -0.812964 0.579225 -0.059892
vn -0.798672 0.096007 0.594059
vn -0.898570 0.412477 -0.149780
vn 0.462551 -0.877132 -0.129175
vn 0.481676 -0.872716 -0.079719
vn 0.868096 -0.495778 0.024780
vn 0.782521 -0.562802 -0.266299
vn 0.608287 -0.780041 -0.146709
vn 0.343507 -0.865314 -0.365013
vn -0.657996 0.462672 0.594118
vn -0.653522 0.221514 0.723769
vn -0.744025 0.603764 -0.286173
vn -0.899008 0.414706 -0.140723
vn -0.924437 0.170245 0.341224
vn -0.832812 0.425553 -0.354018
vn -0.849382 0.409092 -0.333456
vn -0.840387 0.182308 0.510405
vn -0.484358 0.152610 0.861457
vn -0.259659 0.230472 0.937795
vn -0.413364 0.168449 0.894849
vn -0.596578 0.025882 0.802138
vn -0.645920 0.161400 0.746148
vn -0.612312 -0.341879 0.712877
vn -0.433420 0.362258 0.825177
vn 0.404709 -0.488364 -0.773118
vn 0.265004 -0.670046 -0.693406
vn -0.103999 -0.234466 -0.966545
vn 0.552894 -0.335020 -0.762935
vn 0.279662 -0.625748 -0.728168
vn 0.104894 0.085633 -0.990790
vn 0.496220 -0.287598 -0.819178
vn 0.450720 -0.808051 -0.379349
vn 0.724365 -0.559846 -0.402327
vn -0.214655 -0.154802 -0.964344
vn 0.121982 -0.499155 -0.857884
vn 0.072987 -0.092119 -0.993069
vn 0.495088 -0.523310 -0.693567
vn 0.606947 -0.669866 -0.427662
vn 0.358478 -0.521229 -0.774476
vn -0.321459 -0.243548 -0.915067
vn 0.295930 -0.657601 -0.692811
vn 0.225290 -0.884850 -0.407780
vn 0.718797 -0.098682 -0.688181
vn 0.580161 0.398807 -0.710187
vn 0.962941 -0.052003 -0.264653
vn 0.962941 -0.052003 -0.264653
vn 0.641134 -0.180213 -0.745969
vn -0.154059 0.363662 -0.918703
vn -0.347423 0.519881 -0.780398
vn -0.215862 0.150544 -0.964749
vn -0.491840 0.073770 -0.867555
vn -0.259229 0.655917 -0.708924
vn -0.700838 0.559800 0.442098
vn -0.821815 0.568624 -0.035875
vn 0.003828 0.397856 -0.917440
vn -0.535709 0.795295 -0.283764
vn -0.769762 0.460039 -0.442529
vn -0.266381 0.250092 -0.930857
vn -0.692160 0.597070 -0.405490
vn -0.416228 0.568582 -0.709556
vn -0.550142 -0.001571 -0.835070
vn -0.551109 0.834189 -0.020183
vn -0.075712 0.554073 -0.829018
vn -0.800871 0.438033 -0.408330
vn -0.818802 0.346439 -0.457760
vn 0.337588 0.181881 -0.923555
vn -0.213372 0.172243 -0.961668
vn -0.407237 0.869725 -0.278812
vn -0.044502 0.233771 -0.971273
vn -0.651616 0.516911 -0.555158
vn -0.771724 0.631612 -0.074224
vn -0.705570 0.607366 -0.365071
vn -0.805002 0.494730 -0.327435
vn -0.483688 0.745956 -0.457816
vn -0.280892 0.310665 -0.908068
vn -0.677478 0.194568 -0.709342
vn -0.667070 0.099833 -0.738276
vn -0.935632 0.338453 0.100215
vn -0.436344 -0.209872 -0.874962
vn -0.818189 -0.011185 -0.574841
vn -0.934492 0.355951 -0.004888
vn -0.630666 -0.032826 -0.775360
vn -0.074391 -0.083293 -0.993745
vn 0.312288 -0.422030 -0.851098
vn 0.336952 -0.219050 -0.915686
vn 0.437797 -0.753159 -0.491005
vn -0.755932 0.351145 -0.552507
vn -0.090299 0.408882 -0.908109
vn -0.387645 0.682570 -0.619541
vn -0.596302 0.511721 -0.618519
vn -0.649766 0.344020 -0.677830
vn -0.375343 0.018528 -0.926701
vn 0.385862 -0.041835 -0.921607
vn 0.295163 0.005780 -0.955429
vn 0.057925 -0.140673 -0.988360
vn 0.063083 -0.196254 -0.978522
vn 0.059693 -0.259319 -0.963945
vn 0.107164 -0.201385 -0.973632
vn 0.167191 -0.195066 -0.966435
vn 0.203960 -0.150915 -0.967277
vn 0.251558 0.181741 -0.950625
vn 0.480062 0.282981 -0.830339
vn -0.135915 0.465151 -0.874735
vn -0.866245 0.493840 -0.075775
vn -0.352088 -0.271758 -0.895646
vn -0.408559 -0.274251 -0.870555
vn -0.495786 0.016967 -0.868279
vn -0.573705 -0.104637 -0.812351
vn -0.781396 0.005969 -0.624007
vn -0.666510 0.414611 -0.619566
vn -0.798210 0.601544 -0.031708
vn -0.333749 0.061378 -0.940662
vn 0.460060 -0.868399 -0.185006
vn -0.718445 -0.218677 0.660316
vn 0.437332 -0.884050 -0.164911
vn -0.851506 0.028438 -0.523573
vn 0.741062 -0.652706 -0.157487
vn 0.247859 -0.338687 0.907665
vn 0.247859 -0.338687 0.907665
vn 0.739807 -0.656729 -0.146259
vn -0.134418 0.045064 -0.989900
vn -0.134418 0.045064 -0.989900
vn -0.435524 0.220936 -0.872643
vn -0.989326 0.100168 -0.105828
vn 0.174780 -0.877643 0.446313
vn 0.174780 -0.877643 0.446313
vn -0.219409 0.068653 0.973215
vn -0.746782 -0.662072 -0.063061
vn -0.746782 -0.662072 -0.063061
vn -0.012953 -0.245992 0.969185
vn 0.811584 -0.447019 -0.376172
vn 0.689111 -0.672559 -0.269797
vn 0.372026 -0.531551 0.760954
vn 0.372026 -0.531551 0.760954
vn -0.526024 0.097788 -0.844829
vn 0.595638 -0.017536 -0.803061
vn 0.872589 -0.152157 -0.464151
vn -0.934114 -0.210201 0.288524
vn 0.480548 -0.433236 -0.762483
vn -0.509740 -0.036854 -0.859539
vn -0.896850 -0.063824 0.437706
vn 0.825331 -0.251995 0.505299
vn 0.825331 -0.251995 0.505299
vn -0.512671 0.131794 -0.848409
vn -0.987613 -0.148131 -0.051748
vn 0.556945 -0.824446 -0.100507
vn 0.686514 -0.647422 -0.330973
vn 0.686514 -0.647422 -0.330973
vn -0.439394 0.061424 -0.896192
vn -0.605766 -0.116193 0.787113
vn -0.605766 -0.116193 0.787113
vn -0.679586 0.340782 0.649639
vn -0.203554 -0.414872 0.886818
vn -0.253056 -0.445580 -0.858732
vn -0.542402 0.051102 -0.838563
vn -0.253056 -0.445580 -0.858732
vn 0.745741 -0.423412 0.514386
vn 0.745741 -0.423412 0.514386
vn 0.088468 -0.884721 -0.457649
vn -0.334520 0.077974 -0.939157
vn -0.289245 0.036751 0.956549
vn -0.873162 0.254635 0.415630
vn 0.494372 -0.514047 0.700965
vn 0.494372 -0.514047 0.700965
vn -0.045593 0.197066 -0.979330
vn -0.864149 0.488471 0.121005
vn -0.886343 -0.391806 0.246745
vn 0.311154 -0.946912 -0.080872
vn 0.619883 -0.748286 0.236248
vn 0.402315 -0.910348 0.097003
vn -0.788031 -0.430164 0.440416
vn -0.788031 -0.430164 0.440416
vn 0.459071 -0.073403 -0.885362
vn 0.952441 -0.302868 -0.033564
vn 0.954105 -0.298085 -0.028797
vn 0.581777 -0.362941 0.727880
vn -0.866088 -0.068891 -0.495121
vn 0.692039 -0.409616 -0.594387
vn 0.692039 -0.409616 -0.594387
vn -0.037237 -0.356103 0.933704
vn -0.037237 -0.356103 0.933704
vn -0.119713 -0.036103 -0.992152
vn -0.989698 0.050258 -0.134061
vn 0.684730 -0.625326 -0.374316
vn 0.690205 -0.720971 -0.061794
vn -0.030128 -0.436248 0.899322
vn -0.030128 -0.436248 0.899322
vn 0.057457 0.216521 -0.974586
vn -0.529847 0.575920 -0.622558
vn -0.830693 -0.240175 0.502261
vn 0.775603 -0.628694 -0.056430
vn -0.510363 -0.240631 -0.825607
vn 0.051177 -0.405818 0.912520
vn 0.051177 -0.405818 0.912520
vn 0.641587 -0.464302 -0.610565
vn 0.641587 -0.464302 -0.610565
vn -0.895718 0.237893 0.375629
vn -0.659013 0.524841 -0.538742
vn -0.616111 -0.287604 -0.733274
vn -0.616111 -0.287604 -0.733274
vn -0.969459 0.110298 0.219050
vn -0.073311 0.289940 -0.954233
vn -0.073311 0.289940 -0.954233
vn -0.801183 0.209599 0.560512
vn -0.850227 -0.108224 0.515171
vn 0.732579 -0.613066 0.295767
vn 0.601916 -0.792000 0.102144
vn -0.610764 -0.544998 0.574408
vn -0.610764 -0.544998 0.574408
vn 0.397366 0.019154 -0.917460
vn 0.980512 -0.172887 -0.093306
vn 0.982048 -0.162382 -0.095985
vn 0.672363 -0.306033 0.673997
vn -0.898923 -0.048420 -0.435422
vn 0.681966 -0.224104 -0.696204
vn -0.863036 0.065444 -0.500885
vn 0.207426 -0.338102 0.917966
vn 0.207426 -0.338102 0.917966
vn -0.170223 0.033574 -0.984833
vn -0.170223 0.033574 -0.984833
vn -0.967581 0.152681 0.201186
vn 0.575890 -0.702843 -0.417567
vn -0.921936 0.344463 -0.177143
vn -0.790247 -0.277309 0.546452
vn 0.172263 -0.385457 0.906503
vn 0.172263 -0.385457 0.906503
vn -0.798166 0.027662 0.601803
vn -0.771071 0.450885 -0.449613
vn -0.859854 0.067045 -0.506119
vn -0.859854 0.067045 -0.506119
vn -0.801068 0.028206 0.597908
vn 0.509202 -0.461661 0.726349
vn -0.465130 0.154121 -0.871723
vn -0.081902 -0.986068 -0.144779
vn -0.417086 -0.390575 -0.820665
vn -0.417086 -0.390575 -0.820665
vn 0.831177 -0.553343 -0.054375
vn -0.414925 -0.614978 0.670552
vn -0.100140 -0.981003 -0.166149
vn 0.971104 -0.228651 0.068376
vn 0.971104 -0.228651 0.068376
vn 0.031099 0.214402 -0.976250
vn 0.619240 0.274645 -0.735603
vn -0.699244 0.467340 -0.540972
vn 0.612141 -0.790744 -0.002643
vn 0.972691 -0.210851 -0.097027
vn -0.485649 0.040108 -0.873233
vn 0.672916 0.127424 -0.728661
vn -0.091748 -0.983436 -0.156321
vn -0.733151 0.122261 0.668986
vn -0.381527 0.179073 -0.906846
vn 0.982175 -0.105441 0.155610
vn 0.982175 -0.105441 0.155610
vn -0.447535 -0.422384 0.788229
vn -0.894219 -0.244444 0.374993
vn 0.533956 -0.260586 0.804354
vn 0.533956 -0.260586 0.804354
vn 0.862274 -0.439387 0.251839
vn -0.549681 0.126412 -0.825755
vn 0.962268 -0.266901 -0.052951
vn -0.087598 -0.986096 -0.141211
vn -0.965405 -0.215375 -0.146992
vn -0.391256 -0.604248 0.694121
vn -0.093593 -0.982916 -0.158481
vn -0.965405 -0.215375 -0.146992
vn 0.632332 -0.753813 -0.178667
vn 0.394876 -0.908259 -0.138339
vn -0.906058 0.386227 0.172877
vn 0.998462 0.027477 -0.048145
vn 0.998462 0.027477 -0.048145
vn 0.506027 0.554724 -0.660468
vn -0.325003 0.470191 -0.820545
vn 0.981804 0.153226 -0.112170
vn 0.981804 0.153226 -0.112170
vn -0.914508 -0.338521 -0.221537
vn -0.914508 -0.338521 -0.221537
vn 0.993663 -0.107703 0.032141
vn 0.993663 -0.107703 0.032141
vn -0.451756 -0.437912 0.777270
vn 0.872223 -0.183930 0.453207
vn -0.325289 0.379095 -0.866299
vn -0.692565 0.594762 -0.408180
vn -0.365405 0.293252 0.883449
vn -0.749109 0.335175 0.571397
vn -0.502917 0.413801 -0.758843
vn -0.717042 0.233559 0.656735
vn 0.978903 -0.076485 0.189470
vn 0.978903 -0.076485 0.189470
vn 0.265443 -0.924028 0.275158
vn -0.525276 -0.731762 0.434292
vn 0.704503 0.075919 -0.705629
vn 0.662434 0.134811 -0.736890
vn -0.990930 -0.132671 -0.021374
vn -0.990930 -0.132671 -0.021374
vn 0.735369 -0.663714 0.136810
vn -0.905350 0.419585 0.065491
vn 0.680178 0.384333 -0.624216
vn 0.138647 -0.749649 -0.647150
vn 0.138647 -0.749649 -0.647150
vn 0.752130 -0.549314 0.364081
vn 0.622960 -0.133270 0.770818
vn 0.622960 -0.133270 0.770818
vn -0.881641 0.376517 0.284508
vn -0.388265 0.310869 -0.867531
vn -0.388265 0.310869 -0.867531
vn -0.497943 -0.316866 0.807247
vn 0.399714 -0.812439 -0.424466
vn -0.976218 0.036430 -0.213710
vn 0.383207 -0.834842 -0.395211
vn -0.516232 -0.341173 0.785561
vn 0.764141 -0.644075 -0.035438
vn 0.072670 0.102314 -0.992094
vn 0.886360 -0.154771 -0.436363
vn 0.887750 -0.153435 -0.434001
vn 0.856588 -0.354295 0.375142
vn -0.995395 -0.049402 -0.082148
vn 0.386426 -0.287647 -0.876318
vn -0.990050 -0.080678 -0.115294
vn 0.510727 -0.351132 0.784770
vn 0.510727 -0.351132 0.784770
vn -0.489452 0.097656 -0.866545
vn -0.489452 0.097656 -0.866545
vn -0.854248 0.174942 0.489546
vn 0.648965 -0.611402 -0.452804
vn 0.555846 -0.467902 0.687098
vn 0.555846 -0.467902 0.687098
vn -0.515853 -0.356846 0.778817
vn 0.651774 -0.615223 -0.443499
vn -0.456887 0.109537 -0.882755
vn -0.456887 0.109537 -0.882755
vn 0.438306 -0.484028 0.757367
vn 0.438306 -0.484028 0.757367
vn -0.541648 0.098094 0.834863
vn -0.913822 0.405364 -0.024693
vn 0.519361 -0.779882 -0.349354
vn -0.553778 0.195601 -0.809364
vn 0.658252 0.089391 -0.747471
vn -0.789190 -0.015741 0.613948
vn -0.366165 0.046713 0.929377
vn 0.310991 -0.369042 0.875838
vn 0.975123 -0.008498 0.221501
vn 0.975123 -0.008498 0.221501
vn -0.531028 0.060887 -0.845164
vn 0.659776 0.060694 -0.749007
vn -0.589338 -0.385005 0.710247
vn 0.844288 0.054990 0.533060
vn -0.361039 0.005429 0.932535
vn -0.997029 -0.057667 0.051064
vn -0.997029 -0.057667 0.051064
vn -0.502092 0.127404 -0.855378
vn -0.614786 -0.360672 0.701394
vn -0.299996 0.260307 0.917738
vn 0.541029 -0.401359 0.739052
vn -0.283956 0.282402 0.916307
vn 0.967804 -0.049777 0.246733
vn 0.967804 -0.049777 0.246733
vn -0.995716 -0.023418 0.089454
vn -0.995716 -0.023418 0.089454
vn -0.856772 0.046600 0.513585
vn 0.706862 -0.495306 0.504992
vn 0.996272 -0.085108 -0.014086
vn 0.649677 -0.230210 -0.724516
vn 0.649677 -0.230210 -0.724516
vn 0.996228 -0.085835 -0.012695
vn -0.842300 0.273702 -0.464346
vn -0.055947 0.094601 -0.993942
vn -0.055947 0.094601 -0.993942
vn -0.798212 0.079644 0.597089
vn 0.798529 -0.419214 0.431986
vn 0.958785 -0.246747 -0.140878
vn -0.841197 0.382545 -0.382160
vn 0.039651 -0.361112 0.931679
vn 0.039651 -0.361112 0.931679
vn -0.121692 0.158589 -0.979817
vn -0.121692 0.158589 -0.979817
vn -0.774100 -0.050021 0.631084
vn 0.637456 -0.160383 -0.753610
vn 0.958508 -0.251580 -0.134049
vn -0.889419 0.154628 -0.430143
vn 0.186647 -0.289415 0.938830
vn 0.186647 -0.289415 0.938830
vn -0.326216 0.211459 -0.921341
vn -0.326216 0.211459 -0.921341
vn -0.475424 0.010827 0.879690
vn 0.900258 -0.142822 0.411262
vn 0.919427 0.114723 -0.376154
vn 0.159822 0.304340 -0.939060
vn 0.922551 0.088687 -0.375544
vn -0.941537 0.336439 -0.017815
vn 0.427767 -0.422103 0.799277
vn 0.427767 -0.422103 0.799277
vn -0.476584 0.177728 -0.860976
vn -0.476584 0.177728 -0.860976
vn -0.553226 -0.196726 0.809469
vn 0.919118 -0.388670 0.064476
vn 0.911620 0.258565 -0.319521
vn 0.385249 -0.147599 -0.910932
vn 0.926887 0.197273 -0.319317
vn -0.997489 0.067632 -0.021012
vn 0.381661 -0.399752 0.833387
vn 0.381661 -0.399752 0.833387
vn -0.557705 0.019011 -0.829822
vn -0.934859 0.348612 -0.067146
vn -0.047452 -0.028038 0.998480
vn 0.912582 -0.016319 -0.408568
vn -0.459231 0.279021 -0.843359
vn 0.608876 0.118860 -0.784310
vn 0.780529 -0.276491 0.560649
vn 0.780529 -0.276491 0.560649
vn -0.504418 0.021134 -0.863201
vn -0.985489 0.115361 -0.124509
vn 0.901713 -0.117223 -0.416140
vn -0.479314 0.106341 -0.871177
vn 0.582751 -0.126537 -0.802739
vn -0.863175 0.166433 0.476686
vn 0.815172 -0.184412 0.549078
vn 0.815172 -0.184412 0.549078
vn -0.881928 0.040686 -0.469625
vn -0.027786 0.108747 -0.993681
vn 0.992116 -0.123366 -0.022065
vn 0.651046 -0.227416 0.724170
vn 0.992133 -0.122890 -0.023876
vn 0.509196 0.055740 -0.858844
vn -0.831730 -0.112147 0.543735
vn 0.156064 -0.223413 0.962149
vn 0.156064 -0.223413 0.962149
vn 0.985708 -0.101929 -0.134126
vn 0.698693 -0.250026 0.670309
vn 0.992305 0.098229 -0.075374
vn 0.513506 0.214677 -0.830798
vn -0.912005 0.091411 -0.399863
vn -0.813422 -0.125714 0.567927
vn -0.113457 0.154641 -0.981435
vn -0.113457 0.154641 -0.981435
vn 0.942540 -0.277128 -0.186594
vn 0.449823 -0.024333 -0.892786
vn 0.159901 -0.294749 0.942101
vn 0.159901 -0.294749 0.942101
vn 0.629653 0.213424 -0.746986
vn 0.981529 -0.013231 -0.190856
vn 0.912542 -0.019726 -0.408507
vn 0.891222 -0.215979 0.398843
vn -0.997762 0.012992 -0.065597
vn -0.540259 -0.251979 0.802886
vn -0.420173 0.223019 -0.879612
vn -0.420173 0.223019 -0.879612
vn 0.510183 -0.301810 0.805372
vn 0.510183 -0.301810 0.805372
vn 0.912158 -0.019023 -0.409397
vn 0.134892 0.220562 -0.966000
vn -0.914638 -0.121613 0.385550
vn -0.996437 0.037271 -0.075656
vn -0.487360 0.193873 -0.851407
vn 0.889613 -0.032923 -0.455528
vn 0.602018 0.063084 -0.795987
vn -0.490206 0.180586 -0.852694
vn -0.114582 -0.333393 0.935799
vn 0.814725 -0.277094 0.509354
vn 0.814725 -0.277094 0.509354
vn 0.211375 -0.428166 0.878632
vn -0.337254 -0.824898 0.453655
vn -0.337254 -0.824898 0.453655
vn -0.296523 -0.837963 0.458140
vn -0.296523 -0.837963 0.458140
vn 0.240960 -0.360016 0.901292
vn 0.054141 -0.484715 0.872995
vn 0.054141 -0.484715 0.872995
vn 0.054141 -0.484715 0.872995
vn 0.649073 0.116559 0.751744
vn 0.696777 0.167423 0.697475
vn 0.075447 -0.120018 0.989901
vn -0.334054 -0.439199 0.833974
vn -0.447142 -0.798043 0.403969
vn -0.447142 -0.798043 0.403969
vn -0.567281 -0.719810 0.400082
vn -0.567281 -0.719810 0.400082
vn 0.435314 -0.001610 0.900277
vn -0.021971 -0.127334 0.991616
vn -0.588822 -0.603683 0.537453
vn -0.588822 -0.603683 0.537453
vn -0.090045 -0.097106 0.991192
vn -0.460462 -0.880870 -0.109742
vn -0.476417 -0.876939 -0.063288
vn -0.060005 -0.323217 0.944421
vn 0.105405 -0.475841 0.873192
vn -0.444721 -0.782231 0.436278
vn -0.444721 -0.782231 0.436278
vn -0.603571 -0.646797 0.466215
vn -0.603571 -0.646797 0.466215
vn 0.535092 0.050286 0.843296
vn 0.444195 0.138963 0.885087
vn 0.693021 0.412425 0.591293
vn -0.552383 -0.826455 -0.108836
vn -0.737448 -0.668753 -0.094549
vn -0.670964 -0.567664 0.477038
vn -0.670964 -0.567664 0.477038
vn -0.200230 -0.509877 0.836620
vn -0.406594 -0.106249 0.907410
vn -0.873230 -0.353116 0.335825
vn -0.873230 -0.353116 0.335825
vn 0.271737 0.233493 0.933617
vn 0.414952 0.236039 0.878693
vn -0.901220 -0.322130 0.289888
vn -0.901220 -0.322130 0.289888
vn 0.138572 -0.021188 0.990126
vn -0.604655 -0.785664 -0.130857
vn -0.859745 -0.509512 0.035150
vn -0.905638 -0.398139 -0.145965
vn -0.508745 -0.835718 -0.206771
vn -0.637101 -0.741703 -0.209709
vn 0.603871 0.377408 0.702071
vn 0.687354 0.305827 0.658798
vn 0.645230 0.128524 0.753100
vn -0.714478 -0.666400 0.213148
vn -0.714478 -0.666400 0.213148
vn -0.344752 -0.879618 0.327747
vn -0.344752 -0.879618 0.327747
vn -0.134201 -0.086054 0.987211
vn -0.833280 -0.394999 0.386808
vn -0.841722 -0.321278 -0.433918
vn -0.406745 -0.505574 0.760890
vn 0.205530 -0.155130 0.966278
vn -0.447825 -0.762250 -0.467362
vn -0.346383 -0.872704 -0.344102
vn -0.636607 -0.760959 -0.125193
vn 0.280446 0.067627 0.957485
vn 0.199478 0.635948 0.745505
vn 0.555123 0.288558 0.780111
vn 0.447614 0.387961 0.805685
vn 0.614454 0.046339 0.787590
vn 0.495368 0.201445 0.845003
vn 0.761029 0.341270 0.551697
vn 0.694823 0.439161 0.569524
vn 0.795862 0.461170 0.392335
vn 0.827518 0.561424 -0.004082
vn 0.787350 0.616015 -0.024616
vn 0.704993 0.378957 0.599480
vn 0.786671 0.557950 0.264274
vn 0.899122 0.161802 0.406695
vn 0.862990 0.375138 -0.338407
vn 0.958257 0.274823 -0.078842
vn 0.916072 0.376286 -0.138641
vn 0.934783 0.342328 -0.094829
vn 0.810192 0.552679 -0.195283
vn 0.869253 0.492916 0.037860
vn 0.595605 0.115079 0.794992
vn 0.595608 0.518709 0.613345
vn 0.501723 0.399165 0.767425
vn 0.831592 0.546985 -0.096236
vn 0.774413 0.467169 0.426659
vn 0.586644 0.570901 0.574387
vn 0.812397 0.110960 0.572450
vn -0.772743 -0.577648 -0.263040
vn -0.810693 -0.545543 -0.212510
vn 0.886883 0.355023 -0.295630
vn 0.835413 0.165466 0.524125
vn 0.936933 0.348092 -0.031443
vn 0.698862 0.153209 0.698655
vn 0.616590 -0.256493 0.744330
vn 0.827817 0.391387 0.401915
vn -0.427324 -0.504019 -0.750572
vn 0.127967 0.086680 -0.987983
vn -0.116490 -0.208138 -0.971138
vn -0.106430 -0.270868 -0.956715
vn -0.152865 -0.214821 -0.964616
vn -0.327731 -0.612118 -0.719655
vn -0.602045 -0.318892 -0.732018
vn -0.270983 -0.684769 -0.676506
vn -0.497909 -0.540567 -0.678140
vn -0.605600 -0.683903 -0.406847
vn -0.451549 -0.817354 -0.357821
vn -0.308455 -0.672109 -0.673146
vn 0.305155 -0.262279 -0.915473
vn 0.093010 -0.250649 -0.963600
vn -0.080811 -0.104217 -0.991266
vn 0.475820 0.066904 -0.876995
vn 0.265122 0.232084 -0.935867
vn -0.583745 -0.328604 -0.742470
vn -0.411716 -0.509027 -0.755898
vn -0.253082 -0.165500 -0.953184
vn -0.331765 -0.008336 -0.943325
vn -0.734254 -0.109897 -0.669921
vn -0.117896 0.073677 -0.990289
vn -0.020850 0.341687 -0.939582
vn 0.077243 0.325149 -0.942503
vn 0.066462 -0.086599 -0.994024
vn -0.318137 -0.433612 -0.843071
vn -0.503439 -0.302657 -0.809289
vn -0.725527 -0.573568 -0.380304
vn -0.231683 -0.892756 -0.386405
vn 0.215686 -0.160154 -0.963239
vn 0.260024 0.239936 -0.935317
vn 0.497765 0.013490 -0.867207
vn 0.394180 -0.256386 -0.882546
vn -0.131931 -0.509114 -0.850527
vn -0.356989 -0.236456 -0.903686
vn 0.356696 0.001046 -0.934220
vn 0.531381 -0.017370 -0.846955
vn -0.498845 0.267121 -0.824500
vn -0.274293 0.163600 -0.947628
vn 0.119450 0.306233 -0.944433
vn 0.733107 0.460122 -0.500841
vn 0.774209 0.436137 -0.458677
vn 0.816087 0.571326 -0.087114
vn 0.615249 0.497837 -0.611250
vn 0.177274 0.153521 -0.972114
vn 0.311055 0.042497 -0.949441
vn 0.736858 0.370318 -0.565601
vn 0.610979 0.500559 -0.613307
vn 0.235838 0.646592 -0.725465
vn 0.002274 0.223430 -0.974717
vn 0.392297 0.554637 -0.733813
vn 0.522153 0.793283 -0.313143
vn 0.708797 0.573098 0.411299
vn 0.539694 0.840222 -0.052513
vn 0.773620 0.624174 -0.109170
vn 0.781405 0.021835 -0.623642
vn 0.952434 0.293074 0.083533
vn 0.788671 0.015244 -0.614626
vn 0.785722 0.614793 -0.068338
vn 0.385351 0.870159 -0.307129
vn 0.630329 0.337753 -0.699005
vn 0.110344 0.451758 -0.885290
vn 0.421998 0.605854 -0.674432
vn 0.050345 0.542320 -0.838663
vn -0.374315 0.169571 -0.911665
vn -0.428382 -0.050841 -0.902166
vn -0.224752 -0.211592 -0.951165
vn -0.108676 -0.159077 -0.981267
vn 0.713120 0.613584 -0.339079
vn 0.782590 0.516579 -0.347419
vn 0.704170 0.591605 -0.392616
vn 0.544876 0.628513 -0.555051
vn 0.685606 0.320273 -0.653735
vn 0.670384 0.143240 -0.728057
vn 0.646030 -0.023060 -0.762964
vn 0.657999 0.079480 -0.748813
vn 0.934283 0.290546 0.206635
vn 0.582214 -0.080836 -0.809007
vn 0.474114 -0.163591 -0.865132
vn 0.454047 -0.254708 -0.853795
vn -0.148975 0.485749 0.861310
vn 0.015402 0.495331 0.868568
vn 0.056080 0.505570 0.860961
vn 0.140864 0.484037 0.863635
vn 0.076513 0.486771 0.870172
vn 0.734200 0.143940 0.663500
vn -0.533409 -0.140189 0.834160
vn -0.533409 -0.140189 0.834160
vn -0.945429 -0.240706 0.219601
vn -0.945429 -0.240706 0.219601
vn -0.945429 -0.240706 0.219601
vn -0.849067 -0.477495 -0.226016
vn -0.849067 -0.477495 -0.226016
vn 0.898001 0.439910 0.008584
vn -0.933230 -0.181123 -0.310284
vn -0.933230 -0.181123 -0.310284
vn -0.573258 0.346821 -0.742354
vn 0.331831 0.502763 -0.798197
vn 0.805082 0.333121 -0.490789
vn -0.745744 -0.654592 -0.123996
vn -0.224132 -0.319031 0.920860
vn -0.224132 -0.319031 0.920860
vn -0.465831 -0.871304 -0.154375
vn 0.735426 -0.205944 0.645550
vn -0.442598 -0.886567 -0.134562
vn 0.837376 0.015905 -0.546396
vn -0.744197 -0.658380 -0.112722
vn 0.108207 0.023936 -0.993840
vn 0.108207 0.023936 -0.993840
vn 0.483131 0.396834 -0.780453
vn -0.522692 0.541537 -0.658430
vn -0.602489 -0.115887 0.789669
vn -0.602489 -0.115887 0.789669
vn 0.254442 0.158264 0.954050
vn -0.984249 0.152534 -0.089372
vn -0.984249 0.152534 -0.089372
vn -0.975166 -0.211167 -0.066780
vn -0.963647 -0.266286 -0.021825
vn 0.685223 0.454603 -0.569039
vn 0.750752 0.135077 0.646626
vn 0.907265 0.419291 0.032635
vn 0.456193 0.087116 -0.885606
vn -0.603955 -0.142422 -0.784191
vn 0.437053 0.260370 -0.860925
vn -0.629293 0.103347 -0.770266
vn 0.412511 0.201730 -0.888335
vn 0.986293 0.096213 -0.134050
vn 0.481404 0.002052 -0.876496
vn 0.981980 0.111012 -0.152946
vn 0.924385 -0.115041 0.363701
vn 0.908051 -0.056125 0.415081
vn 0.941181 -0.205688 0.268089
vn 0.744074 -0.664546 -0.068793
vn 0.744074 -0.664546 -0.068793
vn -0.163930 -0.867732 0.469221
vn -0.163930 -0.867732 0.469221
vn 0.226481 -0.396423 0.889694
vn 0.245190 0.088788 0.965401
vn 0.389017 0.311189 0.867079
vn 0.696948 0.353222 0.624097
vn -0.695799 -0.653067 -0.298943
vn -0.695799 -0.653067 -0.298943
vn 0.229700 -0.464028 -0.855521
vn 0.520065 0.032457 -0.853510
vn 0.229700 -0.464028 -0.855521
vn 0.038319 -0.225511 0.973487
vn 0.073854 -0.007050 0.997244
vn -0.811963 -0.239828 0.532164
vn -0.811963 -0.239828 0.532164
vn -0.101604 -0.894018 -0.436358
vn 0.309614 0.057564 -0.949118
vn -0.696808 -0.676902 -0.237196
vn -0.821789 -0.453441 -0.345042
vn -0.501083 -0.448390 -0.740177
vn 0.486756 -0.055864 -0.871750
vn -0.912558 -0.124408 -0.389565
vn -0.765728 -0.263257 0.586819
vn -0.765728 -0.263257 0.586819
vn -0.352365 -0.514731 0.781595
vn -0.352365 -0.514731 0.781595
vn -0.476238 -0.498287 0.724505
vn -0.476238 -0.498287 0.724505
vn -0.560380 -0.825415 -0.068294
vn -0.529351 -0.786176 -0.318927
vn 0.503580 0.079030 -0.860326
vn -0.616718 -0.033441 -0.786473
vn 0.490175 0.112978 -0.864271
vn 0.985721 -0.150904 -0.074720
vn -0.884754 -0.160402 -0.437587
vn -0.732356 -0.411169 0.542767
vn -0.732356 -0.411169 0.542767
vn -0.801274 -0.264875 0.536472
vn -0.801274 -0.264875 0.536472
vn 0.994127 0.033934 -0.102763
vn 0.464862 0.175020 -0.867912
vn 0.535560 0.000531 -0.844497
vn 0.933166 0.345480 -0.099220
vn -0.800556 -0.171374 0.574231
vn -0.800556 -0.171374 0.574231
vn -0.901404 -0.040984 -0.431035
vn -0.923101 -0.023352 -0.383847
vn -0.512773 -0.242632 0.823525
vn -0.512773 -0.242632 0.823525
vn -0.832977 -0.552921 -0.020663
vn -0.612927 -0.789559 0.030264
vn -0.732266 -0.659404 0.170214
vn 0.415574 0.041742 -0.908601
vn 0.626265 -0.100617 0.773090
vn 0.626265 -0.100617 0.773090
vn 0.867123 0.183744 0.462965
vn 0.875692 0.174960 0.450058
vn 0.884161 0.261826 0.386918
vn 0.314520 0.056421 0.947573
vn -0.668917 -0.244299 -0.702046
vn -0.668917 -0.244299 -0.702046
vn -0.996315 -0.084355 0.015493
vn 0.869229 0.029240 -0.493544
vn 0.852589 -0.080826 -0.516294
vn 0.892105 -0.388055 0.231435
vn -0.314313 -0.947862 -0.052580
vn 0.843419 -0.230968 0.485076
vn 0.867621 0.489423 0.087745
vn 0.682211 0.584816 -0.438838
vn 0.513843 0.561741 -0.648392
vn -0.692450 -0.720912 -0.028259
vn 0.053420 -0.417229 0.907230
vn 0.053420 -0.417229 0.907230
vn -0.777570 -0.628391 -0.022593
vn 0.488030 -0.258883 -0.833550
vn 0.870132 0.055934 0.489634
vn -0.658081 -0.475956 -0.583435
vn -0.658081 -0.475956 -0.583435
vn -0.400682 -0.907396 0.126832
vn -0.614288 -0.742051 0.268349
vn -0.708031 -0.420826 -0.567096
vn -0.708031 -0.420826 -0.567096
vn -0.693797 -0.483331 0.533888
vn -0.996395 -0.083657 0.014087
vn 0.061549 -0.336387 0.939710
vn 0.061549 -0.336387 0.939710
vn 0.798903 -0.422150 0.428420
vn 0.798903 -0.422150 0.428420
vn 0.596142 -0.304089 -0.743064
vn 0.596142 -0.304089 -0.743064
vn -0.695140 -0.631890 -0.342776
vn -0.399469 -0.910289 -0.108624
vn -0.482451 -0.091269 -0.871155
vn -0.953353 -0.301850 -0.001951
vn 0.093347 -0.057236 -0.993987
vn -0.954884 -0.296967 0.002756
vn -0.562719 -0.346495 0.750526
vn -0.027469 -0.386386 0.921928
vn -0.027469 -0.386386 0.921928
vn -0.130795 -0.202792 0.970447
vn -0.130795 -0.202792 0.970447
vn 0.001588 0.087712 -0.996145
vn -0.082991 0.196014 -0.977083
vn 0.019875 0.176284 -0.984139
vn -0.992497 -0.122082 0.006804
vn -0.631907 -0.210954 0.745782
vn 0.975049 0.113214 0.190949
vn 0.985859 0.045697 -0.161224
vn 0.910773 0.388218 0.140641
vn 0.048353 0.269615 -0.961753
vn 0.048353 0.269615 -0.961753
vn -0.700426 -0.237552 -0.673032
vn -0.637732 -0.756314 -0.145902
vn -0.599927 -0.788624 0.134759
vn -0.156615 -0.762904 -0.627256
vn -0.156615 -0.762904 -0.627256
vn -0.056698 0.193808 -0.979400
vn 0.830029 0.262373 -0.492151
vn 0.645129 0.512212 -0.566963
vn 0.905634 0.244210 0.346682
vn 0.303716 0.452209 -0.838608
vn 0.917328 0.339042 -0.208709
vn 0.759426 0.439959 -0.479280
vn 0.831231 0.372931 -0.412283
vn 0.877898 0.143960 -0.456696
vn 0.095889 0.137673 -0.985825
vn 0.095889 0.137673 -0.985825
vn 0.887016 -0.059155 -0.457933
vn 0.804116 -0.267091 0.531094
vn 0.815995 0.219982 0.534565
vn 0.849545 0.053360 -0.524811
vn 0.863442 -0.098814 0.494675
vn 0.790489 -0.038045 0.611293
vn -0.183438 -0.318293 0.930075
vn -0.183438 -0.318293 0.930075
vn -0.725202 -0.605427 0.327932
vn -0.787288 -0.408642 0.461724
vn -0.962470 -0.248002 -0.110210
vn -0.015381 -0.341311 0.939825
vn -0.015381 -0.341311 0.939825
vn 0.625103 -0.533820 0.569458
vn 0.625103 -0.533820 0.569458
vn 0.846241 0.054858 -0.529969
vn 0.846241 0.054858 -0.529969
vn -0.587570 -0.710500 -0.387235
vn -0.421506 0.000482 -0.906825
vn -0.982842 -0.173118 -0.063658
vn 0.144113 0.012494 -0.989482
vn 0.144113 0.012494 -0.989482
vn -0.984436 -0.162668 -0.066517
vn -0.654638 -0.290580 0.697863
vn -0.993837 0.098339 -0.051153
vn -0.535076 0.197996 -0.821274
vn -0.148648 -0.365949 0.918687
vn -0.148648 -0.365949 0.918687
vn -0.135244 -0.274530 0.952020
vn -0.135244 -0.274530 0.952020
vn 0.087602 0.133704 -0.987142
vn 0.087602 0.133704 -0.987142
vn 0.029723 0.073515 -0.996851
vn 0.029723 0.073515 -0.996851
vn -0.162051 -0.269221 0.949347
vn -0.162051 -0.269221 0.949347
vn -0.989034 -0.103027 -0.105814
vn -0.680990 -0.234616 0.693691
vn 0.816654 0.039421 0.575780
vn 0.972749 0.155210 0.172250
vn 0.764373 0.345860 0.544165
vn 0.889310 0.380901 0.253066
vn 0.365528 0.291820 -0.883872
vn 0.365528 0.291820 -0.883872
vn -0.409841 -0.305404 -0.859511
vn 0.813854 0.038964 0.579762
vn 0.813843 0.090833 0.573941
vn 0.913326 0.403163 -0.057407
vn -0.259154 -0.917555 0.301551
vn 0.535733 -0.723346 0.435616
vn -0.490335 -0.445342 0.749161
vn -0.742863 -0.540210 0.395384
vn -0.960988 -0.042881 0.273245
vn -0.960988 -0.042881 0.273245
vn -0.973629 -0.070776 0.216879
vn -0.973629 -0.070776 0.216879
vn -0.288125 -0.349952 0.891357
vn -0.681556 0.120389 -0.721795
vn -0.691830 0.113196 -0.713133
vn 0.086422 -0.986673 -0.137870
vn 0.442056 0.134888 -0.886787
vn 0.076877 -0.989045 -0.126013
vn 0.527763 0.108008 -0.842496
vn 0.989859 -0.134812 -0.044775
vn 0.989859 -0.134812 -0.044775
vn 0.960918 -0.220108 -0.167897
vn 0.408794 -0.590152 0.696138
vn 0.088210 -0.986202 -0.140091
vn 0.960918 -0.220108 -0.167897
vn 0.302681 0.360170 -0.882418
vn 0.357589 0.159235 -0.920204
vn 0.394747 -0.408530 -0.822969
vn 0.394747 -0.408530 -0.822969
vn 0.082671 -0.989007 -0.122600
vn 0.907919 -0.344708 -0.238453
vn 0.907919 -0.344708 -0.238453
vn 0.467755 -0.406440 0.784864
vn 0.903549 -0.238032 0.356287
vn 0.431815 -0.601418 0.672185
vn 0.094558 -0.984461 -0.147971
vn -0.969222 -0.225467 0.098859
vn -0.969222 -0.225467 0.098859
vn 0.471666 -0.422203 0.774129
vn -0.860132 -0.172810 0.479905
vn 0.462395 0.020833 -0.886429
vn -0.638173 0.260148 -0.724609
vn -0.722856 0.062238 -0.688190
vn -0.999354 0.028190 -0.022286
vn -0.999354 0.028190 -0.022286
vn -0.992589 -0.105277 0.060687
vn -0.992589 -0.105277 0.060687
vn -0.696019 0.372259 -0.613987
vn -0.855815 -0.432484 0.283792
vn 0.997708 -0.023257 0.063551
vn 0.997708 -0.023257 0.063551
vn 0.532377 0.177519 -0.827685
vn -0.977834 -0.100424 0.183728
vn -0.977834 -0.100424 0.183728
vn -0.829811 0.067691 0.553924
vn 0.385618 0.024473 0.922334
vn -0.968925 -0.002128 0.247347
vn -0.968925 -0.002128 0.247347
vn 0.997963 -0.058306 0.025885
vn 0.997963 -0.058306 0.025885
vn 0.805156 -0.004164 0.593049
vn 0.390712 0.065660 0.918168
vn -0.679307 0.046019 -0.732410
vn 0.508533 0.042127 -0.860011
vn 0.607486 -0.370969 0.702383
vn 0.734475 0.246113 0.632435
vn 0.563680 0.114741 0.817985
vn -0.765576 -0.643344 -0.001593
vn -0.406944 -0.404411 0.819053
vn -0.406944 -0.404411 0.819053
vn 0.941129 0.334357 -0.049814
vn 0.996661 0.065448 -0.048813
vn 0.453820 0.158687 -0.876850
vn 0.453820 0.158687 -0.876850
vn 0.992811 -0.052854 -0.107387
vn 0.970256 0.030219 -0.240189
vn -0.394520 -0.842330 -0.367197
vn 0.518776 -0.300631 0.800307
vn -0.411767 -0.820525 -0.396468
vn 0.535876 -0.341232 0.772267
vn -0.661449 -0.619694 -0.422451
vn -0.538000 -0.452338 0.711300
vn -0.538000 -0.452338 0.711300
vn -0.664015 -0.623311 -0.412998
vn 0.433476 0.090096 -0.896650
vn 0.433476 0.090096 -0.896650
vn 0.986552 -0.084809 -0.139721
vn 0.536455 -0.325417 0.778665
vn 0.574245 -0.180557 0.798525
vn -0.490180 -0.333597 0.805256
vn -0.490180 -0.333597 0.805256
vn -0.409419 -0.166119 -0.897096
vn -0.934790 0.192087 -0.298783
vn -0.917554 -0.385605 0.096971
vn -0.919456 0.253356 -0.300686
vn -0.098799 0.081488 -0.991765
vn -0.897788 -0.162400 -0.409394
vn 0.466445 0.078502 -0.881060
vn 0.466445 0.078502 -0.881060
vn -0.899114 -0.161014 -0.407024
vn -0.846766 -0.344814 0.405081
vn -0.418664 -0.467177 0.778759
vn -0.418664 -0.467177 0.778759
vn -0.489027 -0.283865 0.824787
vn -0.489027 -0.283865 0.824787
vn 0.396991 0.203682 -0.894937
vn 0.396991 0.203682 -0.894937
vn 0.301946 0.191408 -0.933912
vn 0.301946 0.191408 -0.933912
vn -0.359917 -0.381414 0.851460
vn -0.359917 -0.381414 0.851460
vn -0.923063 -0.026755 -0.383718
vn -0.880597 -0.205969 0.426762
vn -0.889217 -0.132548 0.437864
vn -0.928930 0.108363 -0.354044
vn 0.498566 0.028561 0.866381
vn 0.479411 0.108456 -0.870863
vn -0.677719 0.074737 -0.731513
vn 0.632720 -0.346880 0.692343
vn 0.324517 0.279077 0.903773
vn -0.521738 -0.384760 0.761413
vn 0.308466 0.301170 0.902300
vn -0.992561 -0.121648 0.004986
vn -0.531696 0.038494 -0.846060
vn -0.657375 -0.175140 -0.732928
vn -0.962018 -0.252691 -0.103289
vn -0.947479 -0.279366 -0.155690
vn -0.473338 -0.042380 -0.879861
vn -0.184281 0.284733 -0.940727
vn -0.932069 0.082341 -0.352800
vn -0.922702 -0.026070 -0.384633
vn -0.160173 0.200365 -0.966539
vn -0.622815 0.047322 -0.780937
vn 0.467658 0.161705 -0.868992
vn 0.845704 -0.102095 0.523795
vn 0.901202 0.081373 -0.425692
vn 0.828028 -0.115114 0.548743
vn -0.648964 0.198718 -0.734409
vn -0.986255 -0.015542 -0.164495
vn 0.995689 0.009873 -0.092229
vn 0.561037 -0.235921 0.793460
vn 0.138937 -0.313778 0.939276

usemtl G3_Animation_Body_FatSmith_01_A|
f 42/56/56 39/53/53 41/55/55
f 40/54/54 41/55/55 39/53/53
f 39/53/53 42/56/56 68/82/82
f 69/83/83 68/82/82 42/56/56
f 39/53/53 68/82/82 31/45/45
f 77/91/91 39/53/53 31/45/45
f 88/102/102 77/91/91 31/45/45
f 31/45/45 24/38/38 88/102/102
f 24/38/38 31/45/45 23/37/37
f 24/38/38 23/37/37 15/29/29
f 15/29/29 23/37/37 14/28/28
f 15/29/29 14/28/28 5/9/9
f 596/726/726 5/9/9 14/28/28
f 596/726/726 14/28/28 95/109/109
f 21/35/35 95/109/109 14/28/28
f 95/109/109 21/35/35 96/111/111
f 20/34/34 96/111/111 21/35/35
f 96/111/111 20/34/34 97/113/113
f 19/33/33 97/113/113 20/34/34
f 20/34/34 27/41/41 19/33/33
f 26/40/40 19/33/33 27/41/41
f 21/35/35 28/42/42 20/34/34
f 27/41/41 20/34/34 28/42/42
f 28/42/42 21/35/35 22/36/36
f 14/28/28 22/36/36 21/35/35
f 22/36/36 14/28/28 23/37/37
f 23/37/37 30/44/44 22/36/36
f 29/43/43 22/36/36 30/44/44
f 22/36/36 29/43/43 28/42/42
f 30/44/44 23/37/37 31/45/45
f 35/49/49 28/42/42 29/43/43
f 30/44/44 37/51/51 29/43/43
f 36/50/50 29/43/43 37/51/51
f 29/43/43 36/50/50 35/49/49
f 36/50/50 37/51/51 43/57/57
f 43/57/57 35/49/49 36/50/50
f 38/52/52 43/57/57 37/51/51
f 31/45/45 38/52/52 30/44/44
f 37/51/51 30/44/44 38/52/52
f 68/82/82 38/52/52 31/45/45
f 35/49/49 43/57/57 69/83/83
f 43/57/57 38/52/52 69/83/83
f 68/82/82 69/83/83 38/52/52
f 34/48/48 35/49/49 69/83/83
f 34/48/48 27/41/41 35/49/49
f 27/41/41 34/48/48 26/40/40
f 33/47/47 26/40/40 34/48/48
f 34/48/48 42/56/56 33/47/47
f 42/56/56 34/48/48 69/83/83
f 41/55/55 33/47/47 42/56/56
f 33/47/47 60/74/74 26/40/40
f 54/68/68 26/40/40 60/74/74
f 26/40/40 54/68/68 19/33/33
f 48/62/62 19/33/33 54/68/68
f 19/33/33 48/62/62 97/113/113
f 99/117/117 97/113/113 48/62/62
f 48/62/62 49/63/63 99/117/117
f 98/115/115 99/117/117 49/63/63
f 49/63/63 44/58/58 98/115/115
f 591/715/715 98/115/115 44/58/58
f 591/715/715 44/58/58 4/7/7
f 45/59/59 4/7/7 44/58/58
f 45/59/59 78/92/92 4/7/7
f 45/59/59 44/58/58 51/65/65
f 50/64/64 51/65/65 44/58/58
f 78/92/92 45/59/59 52/66/66
f 45/59/59 51/65/65 52/66/66
f 79/93/93 78/92/92 52/66/66
f 51/65/65 50/64/64 57/71/71
f 56/70/70 57/71/71 50/64/64
f 57/71/71 58/72/72 51/65/65
f 52/66/66 51/65/65 58/72/72
f 52/66/66 58/72/72 59/73/73
f 82/96/96 52/66/66 59/73/73
f 52/66/66 82/96/96 79/93/93
f 83/97/97 82/96/96 59/73/73
f 57/71/71 56/70/70 63/77/77
f 62/76/76 63/77/77 56/70/70
f 62/76/76 67/81/81 63/77/77
f 64/78/78 63/77/77 67/81/81
f 67/81/81 66/80/80 64/78/78
f 65/79/79 64/78/78 66/80/80
f 66/80/80 41/55/55 65/79/79
f 40/54/54 65/79/79 41/55/55
f 63/77/77 64/78/78 57/71/71
f 58/72/72 57/71/71 64/78/78
f 64/78/78 65/79/79 58/72/72
f 59/73/73 58/72/72 65/79/79
f 65/79/79 40/54/54 59/73/73
f 84/98/98 59/73/73 40/54/54
f 40/54/54 39/53/53 84/98/98
f 77/91/91 84/98/98 39/53/53
f 59/73/73 84/98/98 83/97/97
f 84/98/98 93/107/107 83/97/97
f 84/98/98 77/91/91 93/107/107
f 92/106/106 83/97/97 93/107/107
f 93/107/107 70/84/84 92/106/106
f 53/67/67 92/106/106 70/84/84
f 53/67/67 70/84/84 75/89/89
f 53/67/67 75/89/89 25/39/39
f 47/61/61 53/67/67 25/39/39
f 18/32/32 47/61/61 25/39/39
f 18/32/32 25/39/39 17/31/31
f 17/31/31 2/3/3 18/32/32
f 569/668/668 2/3/3 17/31/31
f 16/30/30 569/668/668 17/31/31
f 569/668/668 16/30/30 5/9/9
f 72/86/86 16/30/30 17/31/31
f 1/1/1 18/32/32 2/3/3
f 17/31/31 71/85/85 72/86/86
f 71/85/85 17/31/31 25/39/39
f 72/86/86 86/100/100 16/30/30
f 72/86/86 71/85/85 86/100/100
f 87/101/101 16/30/30 86/100/100
f 94/108/108 86/100/100 71/85/85
f 71/85/85 25/39/39 94/108/108
f 86/100/100 73/87/87 87/101/101
f 86/100/100 94/108/108 73/87/87
f 74/88/88 87/101/101 73/87/87
f 74/88/88 73/87/87 15/29/29
f 73/87/87 24/38/38 15/29/29
f 24/38/38 73/87/87 85/99/99
f 85/99/99 73/87/87 94/108/108
f 24/38/38 85/99/99 88/102/102
f 85/99/99 32/46/46 88/102/102
f 32/46/46 85/99/99 70/84/84
f 76/90/90 70/84/84 85/99/99
f 76/90/90 75/89/89 70/84/84
f 70/84/84 93/107/107 32/46/46
f 88/102/102 32/46/46 93/107/107
f 85/99/99 94/108/108 76/90/90
f 75/89/89 76/90/90 94/108/108
f 88/102/102 93/107/107 77/91/91
f 75/89/89 94/108/108 25/39/39
f 28/42/42 35/49/49 27/41/41
f 46/60/60 80/94/94 570/670/670
f 80/94/94 47/61/61 570/670/670
f 47/61/61 3/5/5 570/670/670
f 47/61/61 18/32/32 3/5/5
f 1/1/1 3/5/5 18/32/32
f 81/95/95 47/61/61 80/94/94
f 81/95/95 53/67/67 47/61/61
f 46/60/60 89/103/103 80/94/94
f 53/67/67 81/95/95 92/106/106
f 91/105/105 92/106/106 81/95/95
f 91/105/105 81/95/95 90/104/104
f 90/104/104 80/94/94 89/103/103
f 80/94/94 90/104/104 81/95/95
f 89/103/103 78/92/92 90/104/104
f 89/103/103 4/7/7 78/92/92
f 79/93/93 90/104/104 78/92/92
f 90/104/104 79/93/93 91/105/105
f 92/106/106 91/105/105 83/97/97
f 82/96/96 83/97/97 91/105/105
f 82/96/96 91/105/105 79/93/93
f 570/670/670 4/7/7 46/60/60
f 46/60/60 4/7/7 89/103/103
f 54/68/68 55/69/69 48/62/62
f 49/63/63 48/62/62 55/69/69
f 55/69/69 50/64/64 49/63/63
f 44/58/58 49/63/63 50/64/64
f 55/69/69 54/68/68 61/75/75
f 60/74/74 61/75/75 54/68/68
f 61/75/75 56/70/70 55/69/69
f 50/64/64 55/69/69 56/70/70
f 61/75/75 60/74/74 67/81/81
f 66/80/80 67/81/81 60/74/74
f 60/74/74 33/47/47 66/80/80
f 41/55/55 66/80/80 33/47/47
f 67/81/81 62/76/76 61/75/75
f 56/70/70 61/75/75 62/76/76
f 15/29/29 5/9/9 74/88/88
f 74/88/88 5/9/9 87/101/101
f 87/101/101 5/9/9 16/30/30
f 313/347/347 314/348/348 312/346/346
f 315/349/349 312/346/346 314/348/348
f 313/347/347 312/346/346 318/352/352
f 319/353/353 318/352/352 312/346/346
f 313/347/347 355/389/389 314/348/348
f 368/402/402 314/348/348 355/389/389
f 314/348/348 368/402/402 315/349/349
f 368/402/402 355/389/389 186/213/213
f 366/400/400 368/402/402 186/213/213
f 355/389/389 175/202/202 186/213/213
f 175/202/202 355/389/389 372/406/406
f 188/215/215 175/202/202 372/406/406
f 175/202/202 188/215/215 120/143/143
f 145/171/171 120/143/143 188/215/215
f 372/406/406 374/408/408 188/215/215
f 374/408/408 354/388/388 188/215/215
f 354/388/388 174/201/201 188/215/215
f 188/215/215 174/201/201 145/171/171
f 120/143/143 145/171/171 157/184/184
f 157/184/184 168/195/195 120/143/143
f 168/195/195 157/184/184 136/161/161
f 106/129/129 136/161/161 157/184/184
f 136/161/161 107/130/130 168/195/195
f 136/161/161 282/316/316 107/130/130
f 136/161/161 106/129/129 282/316/316
f 282/316/316 596/727/727 107/130/130
f 282/316/316 277/311/311 596/727/727
f 6/11/11 596/727/727 277/311/311
f 596/727/727 95/110/110 107/130/130
f 95/110/110 96/112/112 107/130/130
f 130/154/154 107/130/130 96/112/112
f 107/130/130 130/154/154 158/185/185
f 166/193/193 158/185/185 130/154/154
f 96/112/112 97/114/114 130/154/154
f 108/131/131 130/154/154 97/114/114
f 130/154/154 108/131/131 166/193/193
f 159/186/186 166/193/193 108/131/131
f 158/185/185 168/195/195 107/130/130
f 158/185/185 166/193/193 121/144/144
f 132/156/156 121/144/144 166/193/193
f 166/193/193 159/186/186 132/156/156
f 122/145/145 132/156/156 159/186/186
f 132/156/156 122/145/145 184/211/211
f 177/204/204 184/211/211 122/145/145
f 184/211/211 177/204/204 115/138/138
f 360/394/394 184/211/211 115/138/138
f 360/394/394 362/396/396 184/211/211
f 362/396/396 356/390/390 184/211/211
f 356/390/390 176/203/203 184/211/211
f 176/203/203 356/390/390 366/400/400
f 186/213/213 176/203/203 366/400/400
f 176/203/203 186/213/213 121/144/144
f 138/163/163 121/144/144 186/213/213
f 121/144/144 138/163/163 158/185/185
f 168/195/195 158/185/185 138/163/163
f 138/163/163 120/143/143 168/195/195
f 121/144/144 132/156/156 176/203/203
f 120/143/143 138/163/163 175/202/202
f 186/213/213 175/202/202 138/163/163
f 184/211/211 176/203/203 132/156/156
f 147/173/173 129/152/152 141/166/166
f 101/120/120 141/166/166 129/152/152
f 129/152/152 147/173/173 102/123/123
f 140/165/165 102/123/123 147/173/173
f 102/123/123 140/165/165 134/158/158
f 148/174/174 134/158/158 140/165/165
f 134/158/158 148/174/174 103/124/124
f 142/167/167 103/124/124 148/174/174
f 148/174/174 135/160/160 142/167/167
f 148/174/174 140/165/165 135/160/160
f 104/126/126 142/167/167 135/160/160
f 104/126/126 135/160/160 149/175/175
f 135/160/160 8/15/15 149/175/175
f 100/119/119 8/15/15 135/160/160
f 578/687/687 8/15/15 100/119/119
f 7/13/13 578/687/687 100/119/119
f 100/119/119 135/160/160 140/165/165
f 284/318/318 276/310/310 582/695/695
f 576/683/683 582/695/695 276/310/310
f 582/695/695 6/11/11 284/318/318
f 277/311/311 284/318/318 6/11/11
f 276/310/310 301/335/335 576/683/683
f 9/18/18 576/683/683 301/335/335
f 9/18/18 301/335/335 577/685/685
f 301/335/335 151/178/178 577/685/685
f 151/178/178 114/137/137 577/685/685
f 577/685/685 114/137/137 8/16/16
f 113/136/136 8/16/16 114/137/137
f 114/137/137 165/192/192 113/136/136
f 164/191/191 113/136/136 165/192/192
f 151/178/178 173/200/200 114/137/137
f 165/192/192 114/137/137 173/200/200
f 113/136/136 150/177/177 8/16/16
f 150/177/177 286/320/320 8/16/16
f 286/320/320 149/176/176 8/16/16
f 286/320/320 280/314/314 149/176/176
f 286/320/320 150/177/177 280/314/314
f 104/127/127 149/176/176 280/314/314
f 104/127/127 280/314/314 142/168/168
f 285/319/319 142/168/168 280/314/314
f 142/168/168 285/319/319 103/125/125
f 279/313/313 103/125/125 285/319/319
f 103/125/125 279/313/313 134/159/159
f 283/317/317 134/159/159 279/313/313
f 134/159/159 283/317/317 102/122/122
f 278/312/312 102/122/122 283/317/317
f 102/122/122 278/312/312 129/153/153
f 281/315/315 129/153/153 278/312/312
f 129/153/153 281/315/315 101/121/121
f 281/315/315 131/155/155 101/121/121
f 131/155/155 109/132/132 101/121/121
f 131/155/155 167/194/194 109/132/132
f 160/187/187 109/132/132 167/194/194
f 167/194/194 131/155/155 161/188/188
f 110/133/133 161/188/188 131/155/155
f 131/155/155 281/315/315 110/133/133
f 161/188/188 110/133/133 169/196/196
f 137/162/162 169/196/196 110/133/133
f 169/196/196 137/162/162 162/189/189
f 111/134/134 162/189/189 137/162/162
f 162/189/189 111/134/134 171/198/198
f 144/170/170 171/198/198 111/134/134
f 171/198/198 144/170/170 163/190/190
f 112/135/135 163/190/190 144/170/170
f 112/135/135 150/177/177 163/190/190
f 172/199/199 163/190/190 150/177/177
f 150/177/177 113/136/136 172/199/199
f 164/191/191 172/199/199 113/136/136
f 172/199/199 154/181/181 163/190/190
f 126/149/149 163/190/190 154/181/181
f 163/190/190 126/149/149 171/198/198
f 146/172/172 171/198/198 126/149/149
f 126/149/149 181/208/208 146/172/172
f 189/216/216 146/172/172 181/208/208
f 171/198/198 146/172/172 162/189/189
f 125/148/148 162/189/189 146/172/172
f 146/172/172 189/216/216 125/148/148
f 162/189/189 125/148/148 169/196/196
f 139/164/164 169/196/196 125/148/148
f 125/148/148 180/207/207 139/164/164
f 180/207/207 125/148/148 189/216/216
f 187/214/214 139/164/164 180/207/207
f 180/207/207 189/216/216 377/411/411
f 358/392/392 180/207/207 377/411/411
f 187/214/214 180/207/207 358/392/392
f 169/196/196 139/164/164 161/188/188
f 124/147/147 161/188/188 139/164/164
f 139/164/164 187/214/214 124/147/147
f 161/188/188 124/147/147 167/194/194
f 133/157/157 167/194/194 124/147/147
f 124/147/147 179/206/206 133/157/157
f 179/206/206 124/147/147 187/214/214
f 185/212/212 133/157/157 179/206/206
f 167/194/194 133/157/157 160/187/187
f 123/146/146 160/187/187 133/157/157
f 133/157/157 185/212/212 123/146/146
f 185/212/212 179/206/206 357/391/391
f 357/391/391 179/206/206 371/405/405
f 179/206/206 187/214/214 371/405/405
f 187/214/214 369/403/403 371/405/405
f 363/397/397 185/212/212 357/391/391
f 363/397/397 365/399/399 185/212/212
f 364/398/398 363/397/397 357/391/391
f 364/398/398 365/399/399 363/397/397
f 369/403/403 187/214/214 358/392/392
f 370/404/404 369/403/403 358/392/392
f 370/404/404 371/405/405 369/403/403
f 358/392/392 312/346/346 370/404/404
f 315/349/349 370/404/404 312/346/346
f 370/404/404 315/349/349 368/402/402
f 312/346/346 358/392/392 319/353/353
f 377/411/411 319/353/353 358/392/392
f 319/353/353 377/411/411 318/352/352
f 373/407/407 318/352/352 377/411/411
f 318/352/352 373/407/407 313/347/347
f 355/389/389 313/347/347 373/407/407
f 355/389/389 373/407/407 372/406/406
f 373/407/407 374/408/408 372/406/406
f 373/407/407 377/411/411 374/408/408
f 376/410/410 374/408/408 377/411/411
f 376/410/410 343/377/377 374/408/408
f 342/376/376 374/408/408 343/377/377
f 343/377/377 345/379/379 342/376/376
f 343/377/377 376/410/410 345/379/379
f 344/378/378 342/376/376 345/379/379
f 344/378/378 345/379/379 347/381/381
f 346/380/380 347/381/381 345/379/379
f 359/393/393 345/379/379 376/410/410
f 345/379/379 359/393/393 346/380/380
f 376/410/410 375/409/409 359/393/393
f 375/409/409 189/216/216 359/393/393
f 189/216/216 375/409/409 377/411/411
f 376/410/410 377/411/411 375/409/409
f 189/216/216 181/208/208 359/393/393
f 359/393/393 181/208/208 152/179/179
f 152/179/179 346/380/380 359/393/393
f 190/217/217 152/179/179 181/208/208
f 152/179/179 190/217/217 117/140/140
f 117/140/140 118/141/141 152/179/179
f 153/180/180 152/179/179 118/141/141
f 153/180/180 118/141/141 191/218/218
f 183/210/210 191/218/218 118/141/141
f 118/141/141 117/140/140 183/210/210
f 182/209/209 117/140/140 190/217/217
f 182/209/209 183/210/210 117/140/140
f 190/217/217 154/181/181 182/209/209
f 127/150/150 182/209/209 154/181/181
f 183/210/210 182/209/209 128/151/151
f 127/150/150 128/151/151 182/209/209
f 127/150/150 164/191/191 128/151/151
f 165/192/192 128/151/151 164/191/191
f 165/192/192 173/200/200 128/151/151
f 155/182/182 128/151/151 173/200/200
f 154/181/181 172/199/199 127/150/150
f 164/191/191 127/150/150 172/199/199
f 173/200/200 156/183/183 155/182/182
f 156/183/183 173/200/200 105/128/128
f 105/128/128 143/169/169 156/183/183
f 170/197/197 156/183/183 143/169/169
f 143/169/169 106/129/129 170/197/197
f 157/184/184 170/197/197 106/129/129
f 156/183/183 170/197/197 119/142/142
f 145/171/171 119/142/142 170/197/197
f 170/197/197 157/184/184 145/171/171
f 119/142/142 155/182/182 156/183/183
f 155/182/182 119/142/142 191/218/218
f 174/201/201 191/218/218 119/142/142
f 119/142/142 145/171/171 174/201/201
f 191/218/218 174/201/201 153/180/180
f 354/388/388 153/180/180 174/201/201
f 191/218/218 183/210/210 155/182/182
f 128/151/151 155/182/182 183/210/210
f 354/388/388 344/378/378 153/180/180
f 344/378/378 354/388/388 342/376/376
f 374/408/408 342/376/376 354/388/388
f 347/381/381 153/180/180 344/378/378
f 153/180/180 347/381/381 152/179/179
f 346/380/380 152/179/179 347/381/381
f 325/359/359 324/358/358 316/350/350
f 317/351/351 316/350/350 324/358/358
f 325/359/359 322/356/356 324/358/358
f 323/357/357 324/358/358 322/356/356
f 316/350/350 361/395/395 325/359/359
f 115/138/138 325/359/359 361/395/395
f 325/359/359 115/138/138 322/356/356
f 361/395/395 360/394/394 115/138/138
f 324/358/358 116/139/139 317/351/351
f 365/399/399 317/351/351 116/139/139
f 365/399/399 116/139/139 185/212/212
f 116/139/139 178/205/205 185/212/212
f 178/205/205 123/146/146 185/212/212
f 269/303/303 178/205/205 116/139/139
f 178/205/205 269/303/303 123/146/146
f 388/422/422 269/303/303 116/139/139
f 217/248/248 388/422/422 116/139/139
f 388/422/422 387/421/421 269/303/303
f 387/421/421 388/422/422 217/248/248
f 387/421/421 381/415/415 269/303/303
f 381/415/415 263/297/297 269/303/303
f 269/303/303 263/297/297 219/250/250
f 219/250/250 123/146/146 269/303/303
f 209/239/239 219/250/250 263/297/297
f 263/297/297 381/415/415 393/427/427
f 271/305/305 263/297/297 393/427/427
f 263/297/297 271/305/305 209/239/239
f 381/415/415 224/256/256 393/427/427
f 219/250/250 209/239/239 253/287/287
f 253/287/287 160/187/187 219/250/250
f 160/187/187 253/287/287 109/132/132
f 216/247/247 109/132/132 253/287/287
f 109/132/132 216/247/247 101/121/121
f 216/247/247 292/326/326 101/121/121
f 292/326/326 214/245/245 101/121/121
f 292/326/326 289/323/323 214/245/245
f 193/220/220 214/245/245 289/323/323
f 289/323/323 293/327/327 193/220/220
f 220/252/252 193/220/220 293/327/327
f 293/327/327 290/324/324 220/252/252
f 194/223/223 220/252/252 290/324/324
f 290/324/324 295/329/329 194/223/223
f 228/261/261 194/223/223 295/329/329
f 295/329/329 291/325/325 228/261/261
f 195/225/225 228/261/261 291/325/325
f 195/225/225 291/325/325 237/271/271
f 296/330/330 237/271/271 291/325/325
f 237/271/271 296/330/330 586/705/705
f 296/330/330 238/272/272 586/705/705
f 296/330/330 291/325/325 238/272/272
f 238/272/272 202/232/232 586/705/705
f 202/232/232 203/233/233 586/705/705
f 13/26/26 586/705/705 203/233/233
f 203/233/233 239/273/273 13/26/26
f 239/273/273 297/331/331 13/26/26
f 297/331/331 594/722/722 13/26/26
f 203/233/233 202/232/232 251/285/285
f 250/284/284 251/285/285 202/232/232
f 251/285/285 259/293/293 203/233/233
f 239/273/273 203/233/233 259/293/293
f 594/722/722 297/331/331 10/20/20
f 287/321/321 10/20/20 297/331/331
f 10/20/20 287/321/321 592/718/718
f 294/328/328 592/718/718 287/321/321
f 592/718/718 294/328/328 11/22/22
f 288/322/322 11/22/22 294/328/328
f 11/22/22 288/322/322 591/716/716
f 304/338/338 591/716/716 288/322/322
f 591/716/716 304/338/338 198/228/228
f 98/116/116 591/716/716 198/228/228
f 98/116/116 198/228/228 99/118/118
f 215/246/246 99/118/118 198/228/228
f 198/228/228 246/280/280 215/246/246
f 252/286/286 215/246/246 246/280/280
f 99/118/118 215/246/246 97/114/114
f 108/131/131 97/114/114 215/246/246
f 215/246/246 252/286/286 108/131/131
f 159/186/186 108/131/131 252/286/286
f 246/280/280 208/238/238 252/286/286
f 218/249/249 252/286/286 208/238/238
f 252/286/286 218/249/249 159/186/186
f 122/145/145 159/186/186 218/249/249
f 218/249/249 268/302/302 122/145/145
f 177/204/204 122/145/145 268/302/302
f 115/138/138 177/204/204 268/302/302
f 386/420/420 115/138/138 268/302/302
f 384/418/418 386/420/420 268/302/302
f 384/418/418 268/302/302 380/414/414
f 385/419/419 384/418/418 380/414/414
f 385/419/419 386/420/420 384/418/418
f 268/302/302 262/296/296 380/414/414
f 380/414/414 262/296/296 389/423/423
f 262/296/296 270/304/304 389/423/423
f 262/296/296 208/238/238 270/304/304
f 225/257/257 270/304/304 208/238/238
f 208/238/238 246/280/280 225/257/257
f 254/288/288 225/257/257 246/280/280
f 246/280/280 198/228/228 254/288/288
f 222/254/254 254/288/288 198/228/228
f 254/288/288 222/254/254 245/279/279
f 197/227/227 245/279/279 222/254/254
f 304/338/338 222/254/254 198/228/228
f 222/254/254 304/338/338 197/227/227
f 245/279/279 197/227/227 256/290/290
f 229/262/262 256/290/290 197/227/227
f 256/290/290 229/262/262 244/278/278
f 196/226/226 244/278/278 229/262/262
f 244/278/278 196/226/226 259/293/293
f 239/273/273 259/293/293 196/226/226
f 244/278/278 206/236/236 256/290/290
f 233/266/266 256/290/290 206/236/236
f 256/290/290 233/266/266 245/279/279
f 207/237/237 245/279/279 233/266/266
f 233/266/266 272/306/306 207/237/237
f 261/295/295 207/237/237 272/306/306
f 245/279/279 207/237/237 254/288/288
f 225/257/257 254/288/288 207/237/237
f 207/237/237 261/295/295 225/257/257
f 261/295/295 272/306/306 394/428/428
f 379/413/413 261/295/295 394/428/428
f 270/304/304 261/295/295 379/413/413
f 270/304/304 225/257/257 261/295/295
f 390/424/424 270/304/304 379/413/413
f 391/425/425 390/424/424 379/413/413
f 270/304/304 390/424/424 389/423/423
f 389/423/423 390/424/424 391/425/425
f 379/413/413 329/363/363 391/425/425
f 321/355/355 391/425/425 329/363/363
f 329/363/363 328/362/362 321/355/355
f 320/354/354 321/355/355 328/362/362
f 321/355/355 320/354/354 391/425/425
f 329/363/363 326/360/360 328/362/362
f 327/361/361 328/362/362 326/360/360
f 391/425/425 320/354/354 382/416/416
f 320/354/354 328/362/362 382/416/416
f 392/426/426 391/425/425 382/416/416
f 392/426/426 382/416/416 271/305/305
f 393/427/427 392/426/426 271/305/305
f 382/416/416 264/298/298 271/305/305
f 271/305/305 264/298/298 226/258/258
f 210/240/240 226/258/258 264/298/298
f 264/298/298 382/416/416 397/431/431
f 273/307/307 264/298/298 397/431/431
f 264/298/298 273/307/307 210/240/240
f 382/416/416 232/265/265 397/431/431
f 226/258/258 210/240/240 255/289/289
f 255/289/289 247/281/281 226/258/258
f 247/281/281 255/289/289 199/229/229
f 223/255/255 199/229/229 255/289/289
f 199/229/229 216/247/247 247/281/281
f 253/287/287 247/281/281 216/247/247
f 255/289/289 248/282/282 223/255/255
f 200/230/230 223/255/255 248/282/282
f 248/282/282 257/291/291 200/230/230
f 230/263/263 200/230/230 257/291/291
f 257/291/291 249/283/283 230/263/263
f 201/231/231 230/263/263 249/283/283
f 201/231/231 249/283/283 238/272/272
f 258/292/292 238/272/272 249/283/283
f 238/272/272 258/292/292 202/232/232
f 250/284/284 202/232/232 258/292/292
f 258/292/292 249/283/283 242/276/276
f 211/241/241 242/276/276 249/283/283
f 249/283/283 257/291/291 211/241/241
f 234/267/267 211/241/241 257/291/291
f 211/241/241 234/267/267 265/299/299
f 273/307/307 265/299/299 234/267/267
f 257/291/291 248/282/282 234/267/267
f 210/240/240 234/267/267 248/282/282
f 234/267/267 210/240/240 273/307/307
f 248/282/282 255/289/289 210/240/240
f 383/417/417 265/299/299 273/307/307
f 383/417/417 240/274/274 265/299/299
f 274/308/308 265/299/299 240/274/274
f 396/430/430 383/417/417 273/307/307
f 397/431/431 396/430/430 273/307/307
f 240/274/274 204/234/234 274/308/308
f 204/234/234 240/274/274 205/235/235
f 241/275/275 205/235/235 240/274/274
f 241/275/275 275/309/309 205/235/235
f 267/301/301 205/235/235 275/309/309
f 205/235/235 267/301/301 204/234/234
f 266/300/300 274/308/308 204/234/234
f 266/300/300 204/234/234 267/301/301
f 267/301/301 213/243/243 266/300/300
f 212/242/242 266/300/300 213/243/243
f 212/242/242 242/276/276 266/300/300
f 274/308/308 266/300/300 242/276/276
f 212/242/242 213/243/243 250/284/284
f 251/285/285 250/284/284 213/243/243
f 251/285/285 213/243/243 259/293/293
f 243/277/277 259/293/293 213/243/243
f 250/284/284 258/292/292 212/242/242
f 242/276/276 212/242/242 258/292/292
f 259/293/293 243/277/277 244/278/278
f 206/236/236 244/278/278 243/277/277
f 243/277/277 275/309/309 206/236/236
f 260/294/294 206/236/236 275/309/309
f 275/309/309 241/275/275 260/294/294
f 378/412/412 260/294/294 241/275/275
f 272/306/306 260/294/294 378/412/412
f 395/429/429 272/306/306 378/412/412
f 231/264/264 395/429/429 378/412/412
f 272/306/306 395/429/429 394/428/428
f 394/428/428 395/429/429 231/264/264
f 272/306/306 233/266/266 260/294/294
f 206/236/236 260/294/294 233/266/266
f 241/275/275 348/382/382 378/412/412
f 348/382/382 241/275/275 349/383/383
f 349/383/383 350/384/384 348/382/382
f 351/385/385 348/382/382 350/384/384
f 351/385/385 350/384/384 353/387/387
f 352/386/386 353/387/387 350/384/384
f 240/274/274 349/383/383 241/275/275
f 349/383/383 240/274/274 350/384/384
f 383/417/417 350/384/384 240/274/274
f 350/384/384 383/417/417 352/386/386
f 396/430/430 352/386/386 383/417/417
f 352/386/386 396/430/430 353/387/387
f 231/264/264 353/387/387 396/430/430
f 353/387/387 231/264/264 351/385/385
f 378/412/412 351/385/385 231/264/264
f 351/385/385 378/412/412 348/382/382
f 231/264/264 396/430/430 394/428/428
f 232/265/265 394/428/428 396/430/430
f 232/265/265 327/361/361 394/428/428
f 326/360/360 394/428/428 327/361/361
f 327/361/361 232/265/265 328/362/362
f 382/416/416 328/362/362 232/265/265
f 394/428/428 326/360/360 379/413/413
f 329/363/363 379/413/413 326/360/360
f 396/430/430 397/431/431 232/265/265
f 151/178/178 105/128/128 173/200/200
f 105/128/128 151/178/178 298/332/332
f 298/332/332 300/334/334 105/128/128
f 143/169/169 105/128/128 300/334/334
f 300/334/334 299/333/333 143/169/169
f 106/129/129 143/169/169 299/333/333
f 299/333/333 282/316/316 106/129/129
f 301/335/335 298/332/332 151/178/178
f 300/334/334 298/332/332 308/342/342
f 306/340/340 308/342/342 298/332/332
f 308/342/342 306/340/340 284/318/318
f 276/310/310 284/318/318 306/340/340
f 306/340/340 301/335/335 276/310/310
f 284/318/318 277/311/311 308/342/342
f 307/341/341 277/311/311 282/316/316
f 307/341/341 308/342/342 277/311/311
f 299/333/333 307/341/341 282/316/316
f 299/333/333 300/334/334 307/341/341
f 308/342/342 307/341/341 300/334/334
f 298/332/332 301/335/335 306/340/340
f 356/390/390 367/401/401 366/400/400
f 356/390/390 339/373/373 367/401/401
f 339/373/373 356/390/390 336/370/370
f 336/370/370 337/371/371 339/373/373
f 338/372/372 339/373/373 337/371/371
f 339/373/373 338/372/372 341/375/375
f 341/375/375 367/401/401 339/373/373
f 340/374/374 341/375/375 338/372/372
f 336/370/370 362/396/396 337/371/371
f 362/396/396 336/370/370 356/390/390
f 364/398/398 337/371/371 362/396/396
f 337/371/371 364/398/398 338/372/372
f 357/391/391 338/372/372 364/398/398
f 338/372/372 357/391/391 340/374/374
f 371/405/405 340/374/374 357/391/391
f 340/374/374 371/405/405 341/375/375
f 367/401/401 341/375/375 371/405/405
f 364/398/398 362/396/396 365/399/399
f 361/395/395 365/399/399 362/396/396
f 361/395/395 316/350/350 365/399/399
f 317/351/351 365/399/399 316/350/350
f 367/401/401 371/405/405 368/402/402
f 367/401/401 368/402/402 366/400/400
f 370/404/404 368/402/402 371/405/405
f 361/395/395 362/396/396 360/394/394
f 154/181/181 190/217/217 126/149/149
f 181/208/208 126/149/149 190/217/217
f 101/120/120 214/244/244 141/166/166
f 235/268/268 141/166/166 214/244/244
f 214/244/244 193/221/221 235/268/268
f 227/259/259 235/268/268 193/221/221
f 193/221/221 220/251/251 227/259/259
f 236/269/269 227/259/259 220/251/251
f 220/251/251 194/222/222 236/269/269
f 228/260/260 236/269/269 194/222/222
f 236/269/269 228/260/260 221/253/253
f 236/269/269 221/253/253 227/259/259
f 195/224/224 221/253/253 228/260/260
f 195/224/224 237/270/270 221/253/253
f 237/270/270 586/704/704 221/253/253
f 586/704/704 192/219/219 221/253/253
f 588/709/709 192/219/219 586/704/704
f 12/24/24 192/219/219 588/709/709
f 192/219/219 227/259/259 221/253/253
f 123/146/146 219/250/250 160/187/187
f 209/239/239 226/258/258 247/281/281
f 247/281/281 253/287/287 209/239/239
f 226/258/258 209/239/239 271/305/305
f 268/302/302 218/249/249 262/296/296
f 208/238/238 262/296/296 218/249/249
f 265/299/299 274/308/308 211/241/241
f 242/276/276 211/241/241 274/308/308
f 275/309/309 243/277/277 267/301/301
f 213/243/243 267/301/301 243/277/277
f 110/133/133 278/312/312 137/162/162
f 283/317/317 137/162/162 278/312/312
f 278/312/312 110/133/133 281/315/315
f 137/162/162 283/317/317 111/134/134
f 279/313/313 111/134/134 283/317/317
f 111/134/134 279/313/313 144/170/170
f 285/319/319 144/170/170 279/313/313
f 144/170/170 285/319/319 112/135/135
f 280/314/314 112/135/135 285/319/319
f 112/135/135 280/314/314 150/177/177
f 229/262/262 305/339/339 196/226/226
f 302/336/336 196/226/226 305/339/339
f 305/339/339 229/262/262 303/337/337
f 197/227/227 303/337/337 229/262/262
f 303/337/337 197/227/227 304/338/338
f 196/226/226 302/336/336 239/273/273
f 297/331/331 239/273/273 302/336/336
f 305/339/339 311/345/345 302/336/336
f 309/343/343 302/336/336 311/345/345
f 311/345/345 294/328/328 309/343/343
f 287/321/321 309/343/343 294/328/328
f 309/343/343 287/321/321 297/331/331
f 294/328/328 311/345/345 288/322/322
f 310/344/344 288/322/322 311/345/345
f 311/345/345 305/339/339 310/344/344
f 310/344/344 304/338/338 288/322/322
f 303/337/337 304/338/338 310/344/344
f 303/337/337 310/344/344 305/339/339
f 302/336/336 309/343/343 297/331/331
f 199/229/229 223/255/255 289/323/323
f 293/327/327 289/323/323 223/255/255
f 289/323/323 292/326/326 199/229/229
f 216/247/247 199/229/229 292/326/326
f 223/255/255 200/230/230 293/327/327
f 290/324/324 293/327/327 200/230/230
f 200/230/230 230/263/263 290/324/324
f 295/329/329 290/324/324 230/263/263
f 230/263/263 201/231/231 295/329/329
f 291/325/325 295/329/329 201/231/231
f 201/231/231 238/272/272 291/325/325
f 331/365/365 332/366/366 330/364/364
f 333/367/367 330/364/364 332/366/366
f 332/366/366 334/368/368 333/367/367
f 335/369/369 333/367/367 334/368/368
f 330/364/364 389/423/423 331/365/365
f 224/256/256 331/365/365 389/423/423
f 331/365/365 224/256/256 332/366/366
f 381/415/415 332/366/366 224/256/256
f 332/366/366 381/415/415 334/368/368
f 387/421/421 334/368/368 381/415/415
f 334/368/368 387/421/421 335/369/369
f 385/419/419 335/369/369 387/421/421
f 335/369/369 385/419/419 333/367/367
f 380/414/414 333/367/367 385/419/419
f 389/423/423 330/364/364 380/414/414
f 333/367/367 380/414/414 330/364/364
f 385/419/419 387/421/421 386/420/420
f 217/248/248 386/420/420 387/421/421
f 217/248/248 323/357/357 386/420/420
f 322/356/356 386/420/420 323/357/357
f 323/357/357 217/248/248 324/358/358
f 116/139/139 324/358/358 217/248/248
f 386/420/420 322/356/356 115/138/138
f 391/425/425 392/426/426 224/256/256
f 393/427/427 224/256/256 392/426/426
f 224/256/256 389/423/423 391/425/425
f 399/434/434 409/454/454 398/432/432
f 444/504/504 398/432/432 409/454/454
f 409/454/454 399/434/434 410/456/456
f 400/436/436 410/456/456 399/434/434
f 410/456/456 400/436/436 411/458/458
f 401/438/438 411/458/458 400/436/436
f 398/432/432 444/504/504 452/515/515
f 419/476/476 452/515/515 444/504/504
f 452/515/515 419/476/476 408/452/452
f 418/474/474 408/452/452 419/476/476
f 408/452/452 418/474/474 407/450/450
f 417/472/472 407/450/450 418/474/474
f 407/450/450 417/472/472 451/513/513
f 416/470/470 451/513/513 417/472/472
f 451/513/513 416/470/470 450/511/511
f 415/468/468 450/511/511 416/470/470
f 450/511/511 415/468/468 404/446/446
f 414/466/466 404/446/446 415/468/468
f 404/446/446 414/466/466 403/444/444
f 413/464/464 403/444/444 414/466/466
f 403/444/444 413/464/464 402/442/442
f 412/462/462 402/442/442 413/464/464
f 402/442/442 412/462/462 401/439/439
f 411/459/459 401/439/439 412/462/462
f 449/510/510 421/479/479 399/435/435
f 420/478/478 399/435/435 421/479/479
f 421/479/479 449/510/510 422/480/480
f 452/516/516 422/480/480 449/510/510
f 422/480/480 452/516/516 423/481/481
f 408/453/453 423/481/481 452/516/516
f 423/481/481 408/453/453 424/482/482
f 407/451/451 424/482/482 408/453/453
f 424/482/482 407/451/451 425/483/483
f 406/449/449 425/483/483 407/451/451
f 425/483/483 406/449/449 426/484/484
f 405/448/448 426/484/484 406/449/449
f 426/484/484 405/448/448 427/485/485
f 404/447/447 427/485/485 405/448/448
f 427/485/485 404/447/447 428/486/486
f 403/445/445 428/486/486 404/447/447
f 428/486/486 403/445/445 429/487/487
f 402/443/443 429/487/487 403/445/445
f 429/487/487 402/443/443 430/488/488
f 401/440/440 430/488/488 402/443/443
f 405/448/448 450/512/512 404/447/447
f 405/448/448 406/449/449 450/512/512
f 451/514/514 450/512/512 406/449/449
f 406/449/449 407/451/451 451/514/514
f 400/437/437 431/490/490 401/441/441
f 430/489/489 401/441/441 431/490/490
f 431/490/490 400/437/437 420/478/478
f 399/435/435 420/478/478 400/437/437
f 449/510/510 399/435/435 398/433/433
f 449/510/510 398/433/433 452/516/516
f 409/455/455 433/492/492 444/505/505
f 432/491/491 444/505/505 433/492/492
f 433/492/492 409/455/455 434/493/493
f 410/457/457 434/493/493 409/455/455
f 434/493/493 410/457/457 435/494/494
f 411/460/460 435/494/494 410/457/457
f 444/505/505 432/491/491 419/477/477
f 443/503/503 419/477/477 432/491/491
f 419/477/477 443/503/503 418/475/475
f 442/502/502 418/475/475 443/503/503
f 418/475/475 442/502/502 417/473/473
f 441/501/501 417/473/473 442/502/502
f 417/473/473 441/501/501 448/509/509
f 440/500/500 448/509/509 441/501/501
f 448/509/509 440/500/500 447/508/508
f 439/499/499 447/508/508 440/500/500
f 447/508/508 439/499/499 446/507/507
f 438/498/498 446/507/507 439/499/499
f 446/507/507 438/498/498 445/506/506
f 437/497/497 445/506/506 438/498/498
f 445/506/506 437/497/497 412/463/463
f 436/496/496 412/463/463 437/497/497
f 412/463/463 436/496/496 411/461/461
f 435/495/495 411/461/461 436/496/496
f 445/506/506 412/463/463 413/465/465
f 413/465/465 414/467/467 445/506/506
f 446/507/507 445/506/506 414/467/467
f 414/467/467 415/469/469 446/507/507
f 447/508/508 446/507/507 415/469/469
f 415/469/469 416/471/471 447/508/508
f 448/509/509 447/508/508 416/471/471
f 448/509/509 416/471/471 417/473/473
f 455/521/521 491/576/576 453/517/517
f 454/519/519 453/517/517 491/576/576
f 491/576/576 494/580/580 454/519/519
f 456/523/523 454/519/519 494/580/580
f 494/580/580 496/583/583 456/523/523
f 457/525/525 456/523/523 496/583/583
f 453/517/517 470/553/553 455/521/521
f 512/605/605 455/521/521 470/553/553
f 470/553/553 469/551/551 512/605/605
f 510/602/602 512/605/605 469/551/551
f 469/551/551 468/549/549 510/602/602
f 508/599/599 510/602/602 468/549/549
f 468/549/549 466/545/545 508/599/599
f 467/547/547 508/599/599 466/545/545
f 466/545/545 464/541/541 467/547/547
f 465/543/543 467/547/547 464/541/541
f 464/541/541 462/537/537 465/543/543
f 463/539/539 465/543/543 462/537/537
f 462/537/537 460/533/533 463/539/539
f 461/535/535 463/539/539 460/533/533
f 460/533/533 458/529/529 461/535/535
f 459/531/531 461/535/535 458/529/529
f 458/529/529 457/526/526 459/531/531
f 496/584/584 459/531/531 457/526/526
f 474/558/558 473/557/557 471/555/555
f 472/556/556 471/555/555 473/557/557
f 473/557/557 476/560/560 472/556/556
f 475/559/559 472/556/556 476/560/560
f 476/560/560 477/561/561 475/559/559
f 469/552/552 475/559/559 477/561/561
f 477/561/561 478/562/562 469/552/552
f 468/550/550 469/552/552 478/562/562
f 478/562/562 480/564/564 468/550/550
f 479/563/563 468/550/550 480/564/564
f 480/564/564 482/566/566 479/563/563
f 481/565/565 479/563/563 482/566/566
f 482/566/566 484/568/568 481/565/565
f 483/567/567 481/565/565 484/568/568
f 484/568/568 486/570/570 483/567/567
f 485/569/569 483/567/567 486/570/570
f 486/570/570 487/571/571 485/569/569
f 458/530/530 485/569/569 487/571/571
f 487/571/571 488/572/572 458/530/530
f 457/527/527 458/530/530 488/572/572
f 460/534/534 485/569/569 458/530/530
f 485/569/569 460/534/534 483/567/567
f 462/538/538 483/567/567 460/534/534
f 483/567/567 462/538/538 481/565/565
f 464/542/542 481/565/565 462/538/538
f 481/565/565 464/542/542 479/563/563
f 466/546/546 479/563/563 464/542/542
f 468/550/550 479/563/563 466/546/546
f 488/573/573 489/574/574 457/528/528
f 456/524/524 457/528/528 489/574/574
f 489/574/574 474/558/558 456/524/524
f 471/555/555 456/524/524 474/558/558
f 456/524/524 471/555/555 454/520/520
f 454/520/520 471/555/555 453/518/518
f 472/556/556 453/518/518 471/555/555
f 453/518/518 472/556/556 470/554/554
f 475/559/559 470/554/554 472/556/556
f 470/554/554 475/559/559 469/552/552
f 493/579/579 492/578/578 490/575/575
f 491/577/577 490/575/575 492/578/578
f 492/578/578 495/582/582 491/577/577
f 494/581/581 491/577/577 495/582/582
f 495/582/582 497/587/587 494/581/581
f 496/585/585 494/581/581 497/587/587
f 490/575/575 512/606/606 493/579/579
f 513/607/607 493/579/579 512/606/606
f 512/606/606 510/603/603 513/607/607
f 511/604/604 513/607/607 510/603/603
f 510/603/603 508/600/600 511/604/604
f 509/601/601 511/604/604 508/600/600
f 508/600/600 506/597/597 509/601/601
f 507/598/598 509/601/601 506/597/597
f 506/597/597 504/595/595 507/598/598
f 505/596/596 507/598/598 504/595/595
f 504/595/595 502/593/593 505/596/596
f 503/594/594 505/596/596 502/593/593
f 502/593/593 500/591/591 503/594/594
f 501/592/592 503/594/594 500/591/591
f 500/591/591 498/589/589 501/592/592
f 499/590/590 501/592/592 498/589/589
f 498/589/589 496/586/586 499/590/590
f 497/588/588 499/590/590 496/586/586
f 496/586/586 498/589/589 459/532/532
f 500/591/591 461/536/536 498/589/589
f 459/532/532 498/589/589 461/536/536
f 461/536/536 500/591/591 463/540/540
f 502/593/593 463/540/540 500/591/591
f 463/540/540 502/593/593 465/544/544
f 504/595/595 465/544/544 502/593/593
f 465/544/544 504/595/595 467/548/548
f 506/597/597 467/548/548 504/595/595
f 506/597/597 508/600/600 467/548/548
f 490/575/575 491/577/577 455/522/522
f 512/606/606 490/575/575 455/522/522
f 517/612/612 524/619/619 516/611/611
f 525/620/620 516/611/611 524/619/619
f 524/619/619 517/612/612 523/618/618
f 518/613/613 523/618/618 517/612/612
f 516/611/611 525/620/620 538/634/634
f 526/621/621 538/634/634 525/620/620
f 538/634/634 526/621/621 537/633/633
f 527/622/622 537/633/633 526/621/621
f 537/633/633 527/622/622 536/632/632
f 528/623/623 536/632/632 527/622/622
f 536/632/632 528/623/623 535/631/631
f 529/624/624 535/631/631 528/623/623
f 529/624/624 530/625/625 535/631/631
f 534/630/630 535/631/631 530/625/625
f 530/625/625 531/626/626 534/630/630
f 533/629/629 534/630/630 531/626/626
f 531/626/626 532/627/627 533/629/629
f 567/663/663 533/629/629 532/627/627
f 529/624/624 578/688/688 530/625/625
f 578/688/688 529/624/624 8/17/17
f 528/623/623 8/17/17 529/624/624
f 8/17/17 528/623/623 577/686/686
f 527/622/622 577/686/686 528/623/623
f 577/686/686 527/622/622 9/19/19
f 526/621/621 9/19/19 527/622/622
f 9/19/19 526/621/621 576/684/684
f 525/620/620 576/684/684 526/621/621
f 576/684/684 525/620/620 582/696/696
f 524/619/619 582/696/696 525/620/620
f 582/696/696 524/619/619 6/12/12
f 523/618/618 6/12/12 524/619/619
f 6/12/12 523/618/618 596/728/728
f 596/728/728 523/618/618 539/635/635
f 539/635/635 523/618/618 519/614/614
f 539/635/635 519/614/614 542/638/638
f 520/615/615 542/638/638 519/614/614
f 542/638/638 520/615/615 541/637/637
f 521/616/616 541/637/637 520/615/615
f 541/637/637 521/616/616 540/636/636
f 522/617/617 540/636/636 521/616/616
f 519/614/614 580/691/691 520/615/615
f 580/691/691 519/614/614 571/672/672
f 518/613/613 571/672/672 519/614/614
f 571/672/672 518/613/613 581/693/693
f 517/612/612 581/693/693 518/613/613
f 581/693/693 517/612/612 1581/1880/1880
f 516/611/611 1581/1880/1880 517/612/612
f 1581/1880/1880 516/611/611 1584/1887/1887
f 538/634/634 1584/1887/1887 516/611/611
f 1584/1887/1887 538/634/634 572/674/674
f 537/633/633 572/674/674 538/634/634
f 572/674/674 537/633/633 1585/1889/1889
f 536/632/632 1585/1889/1889 537/633/633
f 1585/1889/1889 536/632/632 1582/1883/1883
f 535/631/631 1582/1883/1883 536/632/632
f 1582/1883/1883 535/631/631 574/679/679
f 534/630/630 574/679/679 535/631/631
f 574/679/679 534/630/630 1583/1885/1885
f 533/629/629 1583/1885/1885 534/630/630
f 1583/1885/1885 533/629/629 573/676/676
f 567/663/663 573/676/676 533/629/629
f 575/681/681 520/615/615 580/691/691
f 520/615/615 575/681/681 521/616/616
f 579/689/689 521/616/616 575/681/681
f 521/616/616 579/689/689 522/617/617
f 1586/1891/1891 522/617/617 579/689/689
f 1586/1891/1891 589/711/711 522/617/617
f 549/645/645 522/617/617 589/711/711
f 522/617/617 549/645/645 540/636/636
f 565/661/661 540/636/636 549/645/645
f 549/645/645 548/644/644 565/661/661
f 566/662/662 565/661/661 548/644/644
f 548/644/644 547/643/643 566/662/662
f 564/660/660 566/662/662 547/643/643
f 547/643/643 548/644/644 590/713/713
f 590/713/713 1587/1893/1893 547/643/643
f 546/642/642 547/643/643 1587/1893/1893
f 1587/1893/1893 1590/1900/1900 546/642/642
f 545/641/641 546/642/642 1590/1900/1900
f 546/642/642 545/641/641 550/646/646
f 546/642/642 550/646/646 547/643/643
f 564/660/660 547/643/643 550/646/646
f 551/647/647 550/646/646 545/641/641
f 545/641/641 544/640/640 551/647/647
f 552/648/648 551/647/647 544/640/640
f 544/640/640 563/659/659 552/648/648
f 553/649/649 552/648/648 563/659/659
f 563/659/659 562/658/658 553/649/649
f 554/650/650 553/649/649 562/658/658
f 562/658/658 561/657/657 554/650/650
f 555/651/651 554/650/650 561/657/657
f 561/657/657 560/656/656 555/651/651
f 556/652/652 555/651/651 560/656/656
f 556/652/652 560/656/656 557/653/653
f 559/655/655 557/653/653 560/656/656
f 557/653/653 559/655/655 558/654/654
f 568/666/666 558/654/654 559/655/655
f 558/654/654 568/666/666 532/628/628
f 567/664/664 532/628/628 568/666/666
f 556/652/652 557/653/653 588/710/710
f 588/710/710 586/706/706 556/652/652
f 12/25/25 588/710/710 557/653/653
f 557/653/653 558/654/654 12/25/25
f 543/639/639 12/25/25 558/654/654
f 558/654/654 532/628/628 543/639/639
f 514/609/609 543/639/639 532/628/628
f 586/706/706 13/27/27 555/651/651
f 554/650/650 555/651/651 13/27/27
f 13/27/27 594/723/723 554/650/650
f 553/649/649 554/650/650 594/723/723
f 594/723/723 10/21/21 553/649/649
f 552/648/648 553/649/649 10/21/21
f 10/21/21 592/719/719 552/648/648
f 551/647/647 552/648/648 592/719/719
f 592/719/719 11/23/23 551/647/647
f 550/646/646 551/647/647 11/23/23
f 550/646/646 11/23/23 4/8/8
f 591/717/717 4/8/8 11/23/23
f 550/646/646 4/8/8 564/660/660
f 564/660/660 4/8/8 566/662/662
f 570/671/671 566/662/662 4/8/8
f 570/671/671 3/6/6 566/662/662
f 565/661/661 566/662/662 3/6/6
f 3/6/6 1/2/2 565/661/661
f 540/636/636 565/661/661 1/2/2
f 540/636/636 1/2/2 541/637/637
f 2/4/4 541/637/637 1/2/2
f 541/637/637 2/4/4 542/638/638
f 569/669/669 542/638/638 2/4/4
f 542/638/638 569/669/669 539/635/635
f 5/10/10 539/635/635 569/669/669
f 5/10/10 596/728/728 539/635/635
f 7/14/14 530/625/625 578/688/688
f 530/625/625 7/14/14 531/626/626
f 515/610/610 531/626/626 7/14/14
f 531/626/626 515/610/610 532/627/627
f 514/608/608 532/627/627 515/610/610
f 518/613/613 519/614/614 523/618/618
f 544/640/640 545/641/641 583/697/697
f 1590/1900/1900 583/697/697 545/641/641
f 583/697/697 593/720/720 544/640/640
f 563/659/659 544/640/640 593/720/720
f 593/720/720 584/700/700 563/659/659
f 562/658/658 563/659/659 584/700/700
f 584/700/700 595/724/724 562/658/658
f 561/657/657 562/658/658 595/724/724
f 595/724/724 587/707/707 561/657/657
f 560/656/656 561/657/657 587/707/707
f 587/707/707 585/702/702 560/656/656
f 559/655/655 560/656/656 585/702/702
f 585/702/702 1589/1897/1897 559/655/655
f 568/666/666 559/655/655 1589/1897/1897
f 1588/1895/1895 590/713/713 548/644/644
f 548/644/644 549/645/645 1588/1895/1895
f 589/711/711 1588/1895/1895 549/645/645
f 555/651/651 556/652/652 586/706/706
f 567/665/665 568/667/667 573/677/677
f 1589/1898/1898 573/677/677 568/667/667
f 621/753/753 622/754/754 597/729/729
f 598/730/730 597/729/729 622/754/754
f 622/754/754 629/761/761 598/730/730
f 620/752/752 598/730/730 629/761/761
f 597/729/729 616/748/748 621/753/753
f 628/760/760 621/753/753 616/748/748
f 616/748/748 614/746/746 628/760/760
f 627/759/759 628/760/760 614/746/746
f 614/746/746 605/737/737 627/759/759
f 614/746/746 612/744/744 605/737/737
f 614/746/746 616/748/748 612/744/744
f 600/732/732 605/737/737 612/744/744
f 605/737/737 600/732/732 611/743/743
f 609/741/741 611/743/743 600/732/732
f 600/732/732 599/731/731 609/741/741
f 610/742/742 609/741/741 599/731/731
f 599/731/731 600/732/732 613/745/745
f 612/744/744 613/745/745 600/732/732
f 609/741/741 610/742/742 602/734/734
f 601/733/733 602/734/734 610/742/742
f 602/734/734 601/733/733 618/750/750
f 617/749/749 618/750/750 601/733/733
f 618/750/750 617/749/749 603/735/735
f 603/735/735 607/739/739 618/750/750
f 619/751/751 618/750/750 607/739/739
f 604/736/736 603/735/735 617/749/749
f 607/739/739 608/740/740 619/751/751
f 624/756/756 619/751/751 608/740/740
f 619/751/751 624/756/756 606/738/738
f 606/738/738 624/756/756 611/743/743
f 626/758/758 611/743/743 624/756/756
f 611/743/743 609/741/741 606/738/738
f 602/734/734 606/738/738 609/741/741
f 625/757/757 624/756/756 608/740/740
f 626/758/758 623/755/755 611/743/743
f 605/737/737 611/743/743 623/755/755
f 623/755/755 627/759/759 605/737/737
f 623/755/755 639/771/771 627/759/759
f 648/780/780 627/759/759 639/771/771
f 648/780/780 639/771/771 646/778/778
f 634/766/766 646/778/778 639/771/771
f 639/771/771 645/777/777 634/766/766
f 639/771/771 623/755/755 645/777/777
f 643/775/775 634/766/766 645/777/777
f 634/766/766 643/775/775 633/765/765
f 644/776/776 633/765/765 643/775/775
f 633/765/765 647/779/779 634/766/766
f 646/778/778 634/766/766 647/779/779
f 643/775/775 636/768/768 644/776/776
f 635/767/767 644/776/776 636/768/768
f 636/768/768 652/784/784 635/767/767
f 651/783/783 635/767/767 652/784/784
f 652/784/784 637/769/769 651/783/783
f 637/769/769 652/784/784 641/773/773
f 653/785/785 641/773/773 652/784/784
f 638/770/770 651/783/783 637/769/769
f 641/773/773 653/785/785 642/774/774
f 655/787/787 642/774/774 653/785/785
f 655/787/787 653/785/785 640/772/772
f 640/772/772 645/777/777 655/787/787
f 626/758/758 655/787/787 645/777/777
f 645/777/777 640/772/772 643/775/775
f 636/768/768 643/775/775 640/772/772
f 655/787/787 625/757/757 642/774/774
f 626/758/758 645/777/777 623/755/755
f 636/768/768 640/772/772 652/784/784
f 653/785/785 652/784/784 640/772/772
f 624/756/756 625/757/757 630/762/762
f 630/762/762 626/758/758 624/756/756
f 625/757/757 655/787/787 630/762/762
f 626/758/758 630/762/762 655/787/787
f 619/751/751 606/738/738 618/750/750
f 602/734/734 618/750/750 606/738/738
f 615/747/747 612/744/744 616/748/748
f 621/753/753 631/763/763 622/754/754
f 632/764/764 622/754/754 631/763/763
f 622/754/754 632/764/764 629/761/761
f 654/786/786 629/761/761 632/764/764
f 631/763/763 621/753/753 650/782/782
f 628/760/760 650/782/782 621/753/753
f 650/782/782 628/760/760 648/780/780
f 627/759/759 648/780/780 628/760/760
f 648/780/780 646/778/778 650/782/782
f 649/781/781 650/782/782 646/778/778
f 777/923/923 892/1051/1051 671/804/804
f 893/1052/1052 671/804/804 892/1051/1051
f 671/804/804 684/819/819 777/923/923
f 776/922/922 777/923/923 684/819/819
f 684/819/819 673/806/806 776/922/922
f 755/897/897 776/922/922 673/806/806
f 673/806/806 687/822/822 755/897/897
f 758/901/901 755/897/897 687/822/822
f 687/822/822 672/805/805 758/901/901
f 757/900/900 758/901/901 672/805/805
f 672/805/805 687/822/822 742/882/882
f 750/891/891 742/882/882 687/822/822
f 687/822/822 673/806/806 750/891/891
f 742/882/882 744/884/884 672/805/805
f 689/824/824 672/805/805 744/884/884
f 742/882/882 750/891/891 749/890/890
f 742/882/882 749/890/890 744/884/884
f 743/883/883 749/890/890 750/891/891
f 749/890/890 743/883/883 688/823/823
f 662/795/795 688/823/823 743/883/883
f 749/890/890 688/823/823 751/892/892
f 751/892/892 744/884/884 749/890/890
f 661/793/793 751/892/892 688/823/823
f 743/883/883 752/894/894 662/795/795
f 691/827/827 662/795/795 752/894/894
f 691/827/827 752/894/894 659/791/791
f 741/881/881 659/791/791 752/894/894
f 659/791/791 741/881/881 683/818/818
f 746/887/887 683/818/818 741/881/881
f 741/881/881 748/889/889 746/887/887
f 741/881/881 752/894/894 748/889/889
f 739/879/879 746/887/887 748/889/889
f 748/889/889 684/819/819 739/879/879
f 671/804/804 739/879/879 684/819/819
f 684/819/819 748/889/889 673/806/806
f 745/886/886 673/806/806 748/889/889
f 745/886/886 750/891/891 673/806/806
f 745/886/886 748/889/889 752/894/894
f 745/886/886 752/894/894 750/891/891
f 743/883/883 750/891/891 752/894/894
f 739/879/879 671/804/804 905/1064/1064
f 893/1052/1052 905/1064/1064 671/804/804
f 905/1064/1064 893/1052/1052 747/888/888
f 682/817/817 747/888/888 893/1052/1052
f 747/888/888 740/880/880 905/1064/1064
f 895/1054/1054 905/1064/1064 740/880/880
f 905/1064/1064 895/1054/1054 739/879/879
f 895/1054/1054 740/880/880 894/1053/1053
f 658/790/790 894/1053/1053 740/880/880
f 893/1052/1052 892/1051/1051 682/817/817
f 778/924/924 682/817/817 892/1051/1051
f 892/1051/1051 908/1067/1067 778/924/924
f 781/927/927 778/924/924 908/1067/1067
f 908/1067/1067 897/1056/1056 781/927/927
f 656/788/788 781/927/927 897/1056/1056
f 781/927/927 656/788/788 784/931/931
f 784/931/931 656/788/788 766/910/910
f 763/907/907 766/910/910 656/788/788
f 656/788/788 897/1056/1056 763/907/907
f 785/934/934 781/927/927 784/931/931
f 784/931/931 877/1034/1034 785/934/934
f 874/1031/1031 785/934/934 877/1034/1034
f 785/934/934 874/1031/1031 914/1073/1073
f 913/1072/1072 914/1073/1073 874/1031/1031
f 913/1072/1072 965/1131/1131 914/1073/1073
f 811/962/962 914/1073/1073 965/1131/1131
f 965/1131/1131 872/1028/1028 811/962/962
f 786/935/935 811/962/962 872/1028/1028
f 872/1028/1028 965/1131/1131 880/1038/1038
f 879/1037/1037 880/1038/1038 965/1131/1131
f 965/1131/1131 968/1134/1134 879/1037/1037
f 924/1083/1083 879/1037/1037 968/1134/1134
f 879/1037/1037 924/1083/1083 875/1032/1032
f 923/1082/1082 875/1032/1032 924/1083/1083
f 875/1032/1032 923/1082/1082 848/1003/1003
f 921/1080/1080 848/1003/1003 923/1082/1082
f 848/1003/1003 921/1080/1080 801/950/950
f 920/1079/1079 801/950/950 921/1080/1080
f 801/950/950 822/974/974 848/1003/1003
f 801/950/950 833/986/986 822/974/974
f 930/1090/1090 822/974/974 833/986/986
f 930/1090/1090 836/989/989 822/974/974
f 802/951/951 822/974/974 836/989/989
f 802/951/951 836/989/989 823/975/975
f 844/998/998 823/975/975 836/989/989
f 823/975/975 844/998/998 803/952/952
f 838/991/991 803/952/952 844/998/998
f 803/952/952 838/991/991 824/976/976
f 846/1000/1000 824/976/976 838/991/991
f 836/989/989 843/997/997 844/998/998
f 837/990/990 844/998/998 843/997/997
f 844/998/998 837/990/990 838/991/991
f 843/997/997 818/969/969 837/990/990
f 792/941/941 837/990/990 818/969/969
f 843/997/997 834/987/987 818/969/969
f 843/997/997 836/989/989 834/987/987
f 791/940/940 818/969/969 834/987/987
f 834/987/987 841/995/995 791/940/940
f 817/968/968 791/940/940 841/995/995
f 837/990/990 792/941/941 845/999/999
f 819/970/970 845/999/999 792/941/941
f 819/970/970 793/942/942 845/999/999
f 839/992/992 845/999/999 793/942/942
f 839/992/992 793/942/942 847/1002/1002
f 820/972/972 847/1002/1002 793/942/942
f 819/970/970 807/957/957 793/942/942
f 819/970/970 792/941/941 807/957/957
f 831/984/984 807/957/957 792/941/941
f 831/984/984 792/941/941 806/956/956
f 818/969/969 806/956/956 792/941/941
f 818/969/969 791/940/940 806/956/956
f 830/983/983 806/956/956 791/940/940
f 830/983/983 791/940/940 805/955/955
f 817/968/968 805/955/955 791/940/940
f 817/968/968 915/1074/1074 805/955/955
f 817/968/968 841/995/995 915/1074/1074
f 916/1075/1075 915/1074/1074 841/995/995
f 915/1074/1074 916/1075/1075 790/939/939
f 835/988/988 790/939/939 916/1075/1075
f 790/939/939 835/988/988 820/971/971
f 847/1001/1001 820/971/971 835/988/988
f 915/1074/1074 790/939/939 917/1076/1076
f 829/982/982 917/1076/1076 790/939/939
f 820/971/971 808/959/959 790/939/939
f 829/982/982 790/939/939 808/959/959
f 916/1075/1075 945/1105/1105 835/988/988
f 943/1103/1103 835/988/988 945/1105/1105
f 835/988/988 943/1103/1103 847/1001/1001
f 840/993/993 847/1001/1001 943/1103/1103
f 916/1075/1075 841/995/995 945/1105/1105
f 942/1102/1102 945/1105/1105 841/995/995
f 945/1105/1105 933/1093/1093 943/1103/1103
f 945/1105/1105 942/1102/1102 933/1093/1093
f 931/1091/1091 943/1103/1103 933/1093/1093
f 931/1091/1091 840/993/993 943/1103/1103
f 933/1093/1093 939/1099/1099 931/1091/1091
f 937/1097/1097 931/1091/1091 939/1099/1099
f 931/1091/1091 937/1097/1097 840/993/993
f 939/1099/1099 919/1078/1078 937/1097/1097
f 842/996/996 937/1097/1097 919/1078/1078
f 919/1078/1078 951/1113/1113 842/996/996
f 954/1117/1117 842/996/996 951/1113/1113
f 954/1117/1117 955/1118/1118 842/996/996
f 840/993/993 842/996/996 955/1118/1118
f 937/1097/1097 842/996/996 840/993/993
f 939/1099/1099 936/1096/1096 919/1078/1078
f 833/986/986 919/1078/1078 936/1096/1096
f 936/1096/1096 930/1090/1090 833/986/986
f 929/1089/1089 930/1090/1090 936/1096/1096
f 936/1096/1096 939/1099/1099 929/1089/1089
f 929/1089/1089 942/1102/1102 930/1090/1090
f 933/1093/1093 929/1089/1089 939/1099/1099
f 929/1089/1089 933/1093/1093 942/1102/1102
f 930/1090/1090 942/1102/1102 834/987/987
f 930/1090/1090 834/987/987 836/989/989
f 841/995/995 834/987/987 942/1102/1102
f 833/986/986 801/950/950 957/1121/1121
f 920/1079/1079 957/1121/1121 801/950/950
f 920/1079/1079 821/973/973 957/1121/1121
f 821/973/973 920/1079/1079 849/1004/1004
f 849/1004/1004 855/1011/1011 821/973/973
f 804/954/954 821/973/973 855/1011/1011
f 849/1004/1004 878/1036/1036 855/1011/1011
f 873/1030/1030 855/1011/1011 878/1036/1036
f 878/1036/1036 882/1041/1041 873/1030/1030
f 881/1040/1040 873/1030/1030 882/1041/1041
f 882/1041/1041 966/1132/1132 881/1040/1040
f 877/1034/1034 881/1040/1040 966/1132/1132
f 882/1041/1041 924/1083/1083 966/1132/1132
f 968/1134/1134 966/1132/1132 924/1083/1083
f 878/1036/1036 923/1082/1082 882/1041/1041
f 924/1083/1083 882/1041/1041 923/1082/1082
f 923/1082/1082 878/1036/1036 921/1080/1080
f 849/1004/1004 921/1080/1080 878/1036/1036
f 921/1080/1080 849/1004/1004 920/1079/1079
f 970/1136/1136 874/1031/1031 877/1034/1034
f 970/1136/1136 972/1138/1138 874/1031/1031
f 913/1072/1072 874/1031/1031 972/1138/1138
f 972/1138/1138 965/1131/1131 913/1072/1072
f 972/1138/1138 970/1136/1136 968/1134/1134
f 968/1134/1134 965/1131/1131 972/1138/1138
f 966/1132/1132 968/1134/1134 970/1136/1136
f 966/1132/1132 970/1136/1136 877/1034/1034
f 783/929/929 756/898/898 757/900/900
f 753/895/895 757/900/900 756/898/898
f 753/895/895 756/898/898 686/821/821
f 782/928/928 686/821/821 756/898/898
f 756/898/898 766/911/911 782/928/928
f 770/915/915 782/928/928 766/911/911
f 782/928/928 770/915/915 775/921/921
f 762/905/905 775/921/921 770/915/915
f 775/921/921 762/905/905 737/876/876
f 737/876/876 736/875/875 775/921/921
f 774/920/920 775/921/921 736/875/875
f 775/921/921 774/920/920 782/928/928
f 736/875/875 735/874/874 774/920/920
f 773/919/919 774/920/920 735/874/874
f 735/874/874 734/873/873 773/919/919
f 772/918/918 773/919/919 734/873/873
f 734/873/873 733/872/872 772/918/918
f 765/909/909 772/918/918 733/872/872
f 733/872/872 734/873/873 696/832/832
f 733/872/872 696/832/832 731/870/870
f 674/807/807 731/870/870 696/832/832
f 674/807/807 696/832/832 716/854/854
f 724/862/862 716/854/854 696/832/832
f 724/862/862 696/832/832 719/857/857
f 675/808/808 719/857/857 696/832/832
f 675/808/808 697/833/833 719/857/857
f 727/865/865 719/857/857 697/833/833
f 697/833/833 676/809/809 727/865/865
f 721/859/859 727/865/865 676/809/809
f 676/809/809 698/834/834 721/859/859
f 729/867/867 721/859/859 698/834/834
f 729/867/867 698/834/834 947/1108/1108
f 677/810/810 947/1108/1108 698/834/834
f 698/834/834 737/876/876 677/810/810
f 698/834/834 676/809/809 737/876/876
f 738/877/877 677/810/810 737/876/876
f 721/859/859 729/867/867 728/866/866
f 722/860/860 728/866/866 729/867/867
f 722/860/860 666/799/799 728/866/866
f 694/830/830 728/866/866 666/799/799
f 694/830/830 665/798/798 728/866/866
f 720/858/858 728/866/866 665/798/798
f 665/798/798 693/829/829 720/858/858
f 726/864/864 720/858/858 693/829/829
f 726/864/864 693/829/829 717/855/855
f 664/797/797 717/855/855 693/829/829
f 717/855/855 664/797/797 723/861/861
f 692/828/828 723/861/861 664/797/797
f 692/828/828 898/1057/1057 723/861/861
f 899/1058/1058 723/861/861 898/1057/1057
f 692/828/828 678/812/812 898/1057/1057
f 692/828/828 664/797/797 678/812/812
f 981/1148/1148 898/1057/1057 678/812/812
f 704/841/841 678/812/812 664/797/797
f 704/841/841 664/797/797 679/813/813
f 693/829/829 679/813/813 664/797/797
f 693/829/829 665/798/798 679/813/813
f 705/842/842 679/813/813 665/798/798
f 705/842/842 665/798/798 680/814/814
f 694/830/830 680/814/814 665/798/798
f 694/830/830 666/799/799 680/814/814
f 706/843/843 680/814/814 666/799/799
f 666/799/799 681/816/816 706/843/843
f 681/816/816 666/799/799 730/869/869
f 722/860/860 730/869/869 666/799/799
f 730/869/869 722/860/860 927/1087/1087
f 729/867/867 927/1087/1087 722/860/860
f 927/1087/1087 729/867/867 953/1116/1116
f 953/1116/1116 729/867/867 959/1124/1124
f 959/1124/1124 729/867/867 947/1108/1108
f 985/1152/1152 989/1157/1157 681/816/816
f 989/1157/1157 985/1152/1152 980/1147/1147
f 980/1147/1147 975/1141/1141 989/1157/1157
f 980/1147/1147 670/803/803 975/1141/1141
f 701/837/837 975/1141/1141 670/803/803
f 701/837/837 669/802/802 975/1141/1141
f 979/1146/1146 975/1141/1141 669/802/802
f 979/1146/1146 669/802/802 974/1140/1140
f 700/836/836 974/1140/1140 669/802/802
f 700/836/836 668/801/801 974/1140/1140
f 978/1145/1145 974/1140/1140 668/801/801
f 978/1145/1145 668/801/801 973/1139/1139
f 699/835/835 973/1139/1139 668/801/801
f 668/801/801 709/846/846 699/835/835
f 708/845/845 699/835/835 709/846/846
f 699/835/835 708/845/845 714/851/851
f 901/1060/1060 699/835/835 714/851/851
f 667/800/800 901/1060/1060 714/851/851
f 667/800/800 977/1144/1144 901/1060/1060
f 900/1059/1059 901/1060/1060 977/1144/1144
f 901/1060/1060 900/1059/1059 699/835/835
f 977/1144/1144 667/800/800 976/1142/1142
f 702/838/838 976/1142/1142 667/800/800
f 707/844/844 667/800/800 714/851/851
f 667/800/800 707/844/844 702/838/838
f 715/853/853 702/838/838 707/844/844
f 976/1142/1142 985/1153/1153 977/1144/1144
f 986/1154/1154 977/1144/1144 985/1153/1153
f 977/1144/1144 986/1154/1154 900/1059/1059
f 985/1153/1153 681/815/815 986/1154/1154
f 703/840/840 986/1154/1154 681/815/815
f 703/840/840 681/815/815 663/796/796
f 663/796/796 681/815/815 718/856/856
f 730/868/868 718/856/856 681/815/815
f 718/856/856 899/1058/1058 663/796/796
f 898/1057/1057 663/796/796 899/1058/1058
f 703/840/840 663/796/796 981/1148/1148
f 898/1057/1057 981/1148/1148 663/796/796
f 899/1058/1058 718/856/856 944/1104/1104
f 941/1101/1101 944/1104/1104 718/856/856
f 718/856/856 730/868/868 941/1101/1101
f 899/1058/1058 944/1104/1104 723/861/861
f 940/1100/1100 723/861/861 944/1104/1104
f 723/861/861 940/1100/1100 717/855/855
f 724/862/862 717/855/855 940/1100/1100
f 944/1104/1104 902/1061/1061 940/1100/1100
f 944/1104/1104 941/1101/1101 902/1061/1061
f 926/1085/1085 940/1100/1100 902/1061/1061
f 926/1085/1085 724/862/862 940/1100/1100
f 724/862/862 719/857/857 717/855/855
f 726/864/864 717/855/855 719/857/857
f 719/857/857 727/865/865 726/864/864
f 720/858/858 726/864/864 727/865/865
f 727/865/865 721/859/859 720/858/858
f 728/866/866 720/858/858 721/859/859
f 902/1061/1061 938/1098/1098 926/1085/1085
f 902/1061/1061 928/1088/1088 938/1098/1098
f 935/1095/1095 938/1098/1098 928/1088/1088
f 938/1098/1098 935/1095/1095 932/1092/1092
f 938/1098/1098 932/1092/1092 934/1094/1094
f 716/854/854 934/1094/1094 932/1092/1092
f 932/1092/1092 956/1120/1120 716/854/854
f 932/1092/1092 725/863/863 956/1120/1120
f 725/863/863 932/1092/1092 935/1095/1095
f 952/1114/1114 956/1120/1120 725/863/863
f 934/1094/1094 716/854/854 724/862/862
f 935/1095/1095 927/1086/1086 725/863/863
f 926/1085/1085 934/1094/1094 724/862/862
f 928/1088/1088 927/1086/1086 935/1095/1095
f 941/1101/1101 927/1086/1086 928/1088/1088
f 928/1088/1088 902/1061/1061 941/1101/1101
f 927/1086/1086 941/1101/1101 730/868/868
f 934/1094/1094 926/1085/1085 938/1098/1098
f 967/1133/1133 897/1056/1056 760/903/903
f 685/820/820 760/903/903 897/1056/1056
f 760/903/903 685/820/820 761/904/904
f 657/789/789 761/904/904 685/820/820
f 761/904/904 769/914/914 760/903/903
f 768/913/913 760/903/903 769/914/914
f 769/914/914 765/909/909 768/913/913
f 764/908/908 768/913/913 765/909/909
f 765/909/909 733/872/872 764/908/908
f 731/870/870 764/908/908 733/872/872
f 769/914/914 761/904/904 772/918/918
f 769/914/914 772/918/918 765/909/909
f 690/826/826 772/918/918 761/904/904
f 690/826/826 660/792/792 772/918/918
f 660/792/792 690/826/826 754/896/896
f 754/896/896 753/895/895 660/792/792
f 686/821/821 660/792/792 753/895/895
f 759/902/902 754/896/896 690/826/826
f 753/895/895 754/896/896 757/900/900
f 758/901/901 757/900/900 754/896/896
f 754/896/896 759/902/902 758/901/901
f 755/897/897 758/901/901 759/902/902
f 660/792/792 686/821/821 773/919/919
f 773/919/919 772/918/918 660/792/792
f 774/920/920 773/919/919 686/821/821
f 755/897/897 759/902/902 776/922/922
f 779/925/925 776/922/922 759/902/902
f 779/925/925 780/926/926 776/922/922
f 777/923/923 776/922/922 780/926/926
f 779/925/925 759/902/902 657/789/789
f 690/826/826 657/789/789 759/902/902
f 657/789/789 685/820/820 779/925/925
f 780/926/926 779/925/925 685/820/820
f 777/923/923 780/926/926 892/1051/1051
f 908/1067/1067 892/1051/1051 780/926/926
f 780/926/926 685/820/820 908/1067/1067
f 897/1056/1056 908/1067/1067 685/820/820
f 657/789/789 690/826/826 761/904/904
f 967/1133/1133 763/907/907 897/1056/1056
f 967/1133/1133 971/1137/1137 763/907/907
f 971/1137/1137 967/1133/1133 760/903/903
f 969/1135/1135 763/907/907 971/1137/1137
f 969/1135/1135 766/910/910 763/907/907
f 896/1055/1055 971/1137/1137 760/903/903
f 971/1137/1137 896/1055/1055 969/1135/1135
f 760/903/903 768/913/913 896/1055/1055
f 907/1066/1066 896/1055/1055 768/913/913
f 896/1055/1055 907/1066/1066 964/1130/1130
f 964/1130/1130 766/910/910 969/1135/1135
f 964/1130/1130 969/1135/1135 896/1055/1055
f 771/917/917 964/1130/1130 907/1066/1066
f 771/917/917 770/916/916 964/1130/1130
f 766/910/910 964/1130/1130 770/916/916
f 907/1066/1066 906/1065/1065 771/917/917
f 767/912/912 771/917/917 906/1065/1065
f 906/1065/1065 904/1063/1063 767/912/912
f 732/871/871 767/912/912 904/1063/1063
f 904/1063/1063 903/1062/1062 732/871/871
f 695/831/831 732/871/871 903/1062/1062
f 732/871/871 695/831/831 738/878/878
f 732/871/871 738/878/878 767/912/912
f 677/811/811 738/878/878 695/831/831
f 695/831/831 946/1106/1106 677/811/811
f 947/1107/1107 677/811/811 946/1106/1106
f 903/1062/1062 904/1063/1063 674/807/807
f 731/870/870 674/807/807 904/1063/1063
f 904/1063/1063 906/1065/1065 731/870/870
f 764/908/908 731/870/870 906/1065/1065
f 906/1065/1065 907/1066/1066 764/908/908
f 768/913/913 764/908/908 907/1066/1066
f 959/1123/1123 947/1107/1107 958/1122/1122
f 946/1106/1106 958/1122/1122 947/1107/1107
f 958/1122/1122 952/1114/1114 959/1123/1123
f 952/1114/1114 958/1122/1122 956/1120/1120
f 962/1128/1128 956/1120/1120 958/1122/1122
f 958/1122/1122 946/1106/1106 962/1128/1128
f 953/1115/1115 959/1123/1123 952/1114/1114
f 952/1114/1114 725/863/863 953/1115/1115
f 927/1086/1086 953/1115/1115 725/863/863
f 950/1112/1112 962/1128/1128 946/1106/1106
f 946/1106/1106 695/831/831 950/1112/1112
f 903/1062/1062 950/1112/1112 695/831/831
f 950/1112/1112 716/854/854 962/1128/1128
f 950/1112/1112 903/1062/1062 716/854/854
f 674/807/807 716/854/854 903/1062/1062
f 962/1128/1128 716/854/854 956/1120/1120
f 702/839/839 670/803/803 976/1143/1143
f 980/1147/1147 976/1143/1143 670/803/803
f 702/839/839 715/852/852 670/803/803
f 713/850/850 670/803/803 715/852/852
f 670/803/803 713/850/850 701/837/837
f 712/849/849 701/837/837 713/850/850
f 701/837/837 712/849/849 669/802/802
f 711/848/848 669/802/802 712/849/849
f 669/802/802 711/848/848 700/836/836
f 710/847/847 700/836/836 711/848/848
f 700/836/836 710/847/847 668/801/801
f 709/846/846 668/801/801 710/847/847
f 675/808/808 696/832/832 734/873/873
f 734/873/873 735/874/874 675/808/808
f 697/833/833 675/808/808 735/874/874
f 735/874/874 736/875/875 697/833/833
f 676/809/809 697/833/833 736/875/875
f 736/875/875 737/876/876 676/809/809
f 738/877/877 737/876/876 762/905/905
f 762/906/906 767/912/912 738/878/878
f 767/912/912 762/906/906 771/917/917
f 770/916/916 771/917/917 762/906/906
f 686/821/821 782/928/928 774/920/920
f 689/824/824 783/929/929 672/805/805
f 757/900/900 672/805/805 783/929/929
f 756/898/898 784/932/932 766/911/911
f 910/1069/1069 682/817/817 909/1068/1068
f 778/924/924 909/1068/1068 682/817/817
f 910/1069/1069 909/1068/1068 798/947/947
f 910/1069/1069 798/947/947 922/1081/1081
f 856/1012/1012 922/1081/1081 798/947/947
f 798/947/947 810/961/961 856/1012/1012
f 798/947/947 888/1047/1047 810/961/961
f 887/1046/1046 810/961/961 888/1047/1047
f 810/961/961 887/1046/1046 800/949/949
f 868/1024/1024 800/949/949 887/1046/1046
f 800/949/949 868/1024/1024 813/964/964
f 870/1026/1026 813/964/964 868/1024/1024
f 813/964/964 870/1026/1026 799/948/948
f 869/1025/1025 799/948/948 870/1026/1026
f 799/948/948 858/1014/1014 813/964/964
f 864/1020/1020 813/964/964 858/1014/1014
f 813/964/964 864/1020/1020 800/949/949
f 858/1014/1014 799/948/948 744/885/885
f 689/825/825 744/885/885 799/948/948
f 858/1014/1014 863/1019/1019 864/1020/1020
f 859/1015/1015 864/1020/1020 863/1019/1019
f 863/1019/1019 814/965/965 859/1015/1015
f 789/938/938 859/1015/1015 814/965/965
f 863/1019/1019 751/893/893 814/965/965
f 661/794/794 814/965/965 751/893/893
f 859/1015/1015 789/938/938 865/1021/1021
f 816/967/967 865/1021/1021 789/938/938
f 816/967/967 787/936/936 865/1021/1021
f 857/1013/1013 865/1021/1021 787/936/936
f 787/936/936 809/960/960 857/1013/1013
f 861/1017/1017 857/1013/1013 809/960/960
f 861/1017/1017 809/960/960 912/1071/1071
f 911/1070/1070 912/1071/1071 809/960/960
f 861/1017/1017 912/1071/1071 856/1012/1012
f 922/1081/1081 856/1012/1012 912/1071/1071
f 856/1012/1012 862/1018/1018 861/1017/1017
f 857/1013/1013 861/1017/1017 862/1018/1018
f 862/1018/1018 856/1012/1012 810/961/961
f 810/961/961 800/949/949 862/1018/1018
f 860/1016/1016 862/1018/1018 800/949/949
f 860/1016/1016 800/949/949 864/1020/1020
f 860/1016/1016 865/1021/1021 862/1018/1018
f 860/1016/1016 864/1020/1020 865/1021/1021
f 857/1013/1013 862/1018/1018 865/1021/1021
f 859/1015/1015 865/1021/1021 864/1020/1020
f 869/1025/1025 866/1022/1022 783/930/930
f 756/899/899 783/930/930 866/1022/1022
f 866/1022/1022 812/963/963 756/899/899
f 891/1050/1050 756/899/899 812/963/963
f 756/899/899 891/1050/1050 877/1035/1035
f 881/1039/1039 877/1035/1035 891/1050/1050
f 891/1050/1050 886/1045/1045 881/1039/1039
f 873/1029/1029 881/1039/1039 886/1045/1045
f 886/1045/1045 854/1009/1009 873/1029/1029
f 854/1009/1009 886/1045/1045 853/1008/1008
f 885/1044/1044 853/1008/1008 886/1045/1045
f 886/1045/1045 891/1050/1050 885/1044/1044
f 853/1008/1008 885/1044/1044 852/1007/1007
f 884/1043/1043 852/1007/1007 885/1044/1044
f 852/1007/1007 884/1043/1043 851/1006/1006
f 883/1042/1042 851/1006/1006 884/1043/1043
f 851/1006/1006 802/951/951 852/1007/1007
f 802/951/951 851/1006/1006 822/974/974
f 850/1005/1005 822/974/974 851/1006/1006
f 851/1006/1006 883/1042/1042 850/1005/1005
f 850/1005/1005 848/1003/1003 822/974/974
f 823/975/975 852/1007/1007 802/951/951
f 848/1003/1003 850/1005/1005 875/1032/1032
f 876/1033/1033 875/1032/1032 850/1005/1005
f 876/1033/1033 850/1005/1005 883/1042/1042
f 880/1038/1038 876/1033/1033 883/1042/1042
f 875/1032/1032 876/1033/1033 879/1037/1037
f 880/1038/1038 879/1037/1037 876/1033/1033
f 803/952/952 853/1008/1008 823/975/975
f 852/1007/1007 823/975/975 853/1008/1008
f 853/1008/1008 803/952/952 854/1009/1009
f 824/976/976 854/1009/1009 803/952/952
f 824/976/976 804/953/953 854/1009/1009
f 855/1010/1010 854/1009/1009 804/953/953
f 855/1010/1010 873/1029/1029 854/1009/1009
f 804/953/953 824/976/976 949/1111/1111
f 846/1000/1000 949/1111/1111 824/976/976
f 949/1111/1111 846/1000/1000 961/1127/1127
f 961/1127/1127 846/1000/1000 955/1119/1119
f 840/994/994 955/1119/1119 846/1000/1000
f 846/1000/1000 839/992/992 840/994/994
f 839/992/992 846/1000/1000 845/999/999
f 838/991/991 845/999/999 846/1000/1000
f 845/999/999 838/991/991 837/990/990
f 847/1002/1002 840/994/994 839/992/992
f 996/1165/1165 991/1159/1159 795/944/944
f 825/977/977 795/944/944 991/1159/1159
f 991/1159/1159 999/1168/1168 825/977/977
f 918/1077/1077 825/977/977 999/1168/1168
f 996/1165/1165 795/944/944 992/1160/1160
f 826/978/978 992/1160/1160 795/944/944
f 826/978/978 796/945/945 992/1160/1160
f 997/1166/1166 992/1160/1160 796/945/945
f 997/1166/1166 796/945/945 993/1161/1161
f 827/979/979 993/1161/1161 796/945/945
f 827/979/979 797/946/946 993/1161/1161
f 998/1167/1167 993/1161/1161 797/946/946
f 998/1167/1167 797/946/946 994/1163/1163
f 828/981/981 994/1163/1163 797/946/946
f 993/1161/1161 1002/1171/1171 997/1166/1166
f 1006/1176/1176 997/1166/1166 1002/1171/1171
f 1002/1171/1171 807/957/957 1006/1176/1176
f 831/984/984 1006/1176/1176 807/957/957
f 1006/1176/1176 831/984/984 1001/1170/1170
f 806/956/956 1001/1170/1170 831/984/984
f 806/956/956 830/983/983 1001/1170/1170
f 1005/1175/1175 1001/1170/1170 830/983/983
f 1005/1175/1175 830/983/983 1000/1169/1169
f 805/955/955 1000/1169/1169 830/983/983
f 805/955/955 917/1076/1076 1000/1169/1169
f 917/1076/1076 805/955/955 915/1074/1074
f 1008/1178/1178 1000/1169/1169 917/1076/1076
f 917/1076/1076 829/982/982 1008/1178/1178
f 1004/1174/1174 1008/1178/1178 829/982/982
f 1004/1174/1174 829/982/982 1003/1173/1173
f 808/959/959 1003/1173/1173 829/982/982
f 1008/1178/1178 1004/1174/1174 999/1168/1168
f 995/1164/1164 999/1168/1168 1004/1174/1174
f 999/1168/1168 995/1164/1164 918/1077/1077
f 794/943/943 918/1077/1077 995/1164/1164
f 995/1164/1164 994/1162/1162 794/943/943
f 995/1164/1164 1004/1174/1174 994/1162/1162
f 1003/1173/1173 994/1162/1162 1004/1174/1174
f 828/980/980 794/943/943 994/1162/1162
f 999/1168/1168 991/1159/1159 1008/1178/1178
f 1000/1169/1169 1008/1178/1178 991/1159/1159
f 1000/1169/1169 991/1159/1159 1005/1175/1175
f 996/1165/1165 1005/1175/1175 991/1159/1159
f 996/1165/1165 992/1160/1160 1005/1175/1175
f 1001/1170/1170 1005/1175/1175 992/1160/1160
f 1001/1170/1170 992/1160/1160 1006/1176/1176
f 997/1166/1166 1006/1176/1176 992/1160/1160
f 832/985/985 793/942/942 807/957/957
f 793/942/942 832/985/985 820/972/972
f 808/958/958 820/972/972 832/985/985
f 807/957/957 1002/1171/1171 832/985/985
f 1007/1177/1177 832/985/985 1002/1171/1171
f 832/985/985 1007/1177/1177 808/958/958
f 1003/1172/1172 808/958/958 1007/1177/1177
f 1002/1171/1171 993/1161/1161 1007/1177/1177
f 998/1167/1167 1007/1177/1177 993/1161/1161
f 1007/1177/1177 998/1167/1167 1003/1172/1172
f 994/1163/1163 1003/1172/1172 998/1167/1167
f 863/1019/1019 858/1014/1014 751/893/893
f 744/885/885 751/893/893 858/1014/1014
f 812/963/963 866/1022/1022 788/937/937
f 867/1023/1023 788/937/937 866/1022/1022
f 788/937/937 867/1023/1023 815/966/966
f 871/1027/1027 815/966/966 867/1023/1023
f 867/1023/1023 866/1022/1022 870/1026/1026
f 867/1023/1023 870/1026/1026 871/1027/1027
f 869/1025/1025 870/1026/1026 866/1022/1022
f 868/1024/1024 871/1027/1027 870/1026/1026
f 871/1027/1027 868/1024/1024 889/1048/1048
f 887/1046/1046 889/1048/1048 868/1024/1024
f 887/1046/1046 888/1047/1047 889/1048/1048
f 890/1049/1049 889/1048/1048 888/1047/1047
f 888/1047/1047 909/1068/1068 890/1049/1049
f 925/1084/1084 890/1049/1049 909/1068/1068
f 890/1049/1049 811/962/962 889/1048/1048
f 890/1049/1049 925/1084/1084 811/962/962
f 786/935/935 889/1048/1048 811/962/962
f 889/1048/1048 786/935/935 871/1027/1027
f 815/966/966 871/1027/1027 786/935/935
f 815/966/966 786/935/935 872/1028/1028
f 914/1073/1073 811/962/962 925/1084/1084
f 925/1084/1084 781/927/927 914/1073/1073
f 781/927/927 925/1084/1084 778/924/924
f 909/1068/1068 778/924/924 925/1084/1084
f 785/934/934 914/1073/1073 781/927/927
f 815/966/966 872/1028/1028 883/1042/1042
f 815/966/966 883/1042/1042 788/937/937
f 884/1043/1043 788/937/937 883/1042/1042
f 788/937/937 884/1043/1043 812/963/963
f 885/1044/1044 812/963/963 884/1043/1043
f 812/963/963 885/1044/1044 891/1050/1050
f 880/1038/1038 883/1042/1042 872/1028/1028
f 689/825/825 799/948/948 783/930/930
f 869/1025/1025 783/930/930 799/948/948
f 784/933/933 756/899/899 877/1035/1035
f 746/887/887 895/1054/1054 683/818/818
f 894/1053/1053 683/818/818 895/1054/1054
f 746/887/887 739/879/879 895/1054/1054
f 973/1139/1139 699/835/835 900/1059/1059
f 900/1059/1059 990/1158/1158 973/1139/1139
f 982/1149/1149 973/1139/1139 990/1158/1158
f 990/1158/1158 981/1148/1148 982/1149/1149
f 678/812/812 982/1149/1149 981/1148/1148
f 982/1149/1149 678/812/812 987/1155/1155
f 704/841/841 987/1155/1155 678/812/812
f 987/1155/1155 704/841/841 983/1150/1150
f 679/813/813 983/1150/1150 704/841/841
f 983/1150/1150 679/813/813 988/1156/1156
f 705/842/842 988/1156/1156 679/813/813
f 705/842/842 680/814/814 988/1156/1156
f 984/1151/1151 988/1156/1156 680/814/814
f 680/814/814 706/843/843 984/1151/1151
f 989/1157/1157 984/1151/1151 706/843/843
f 706/843/843 681/816/816 989/1157/1157
f 988/1156/1156 984/1151/1151 979/1146/1146
f 988/1156/1156 979/1146/1146 983/1150/1150
f 974/1140/1140 983/1150/1150 979/1146/1146
f 983/1150/1150 974/1140/1140 987/1155/1155
f 978/1145/1145 987/1155/1155 974/1140/1140
f 987/1155/1155 978/1145/1145 982/1149/1149
f 973/1139/1139 982/1149/1149 978/1145/1145
f 975/1141/1141 979/1146/1146 984/1151/1151
f 984/1151/1151 989/1157/1157 975/1141/1141
f 888/1047/1047 798/947/947 909/1068/1068
f 658/790/790 740/880/880 911/1070/1070
f 912/1071/1071 911/1070/1070 740/880/880
f 912/1071/1071 740/880/880 922/1081/1081
f 747/888/888 922/1081/1081 740/880/880
f 922/1081/1081 747/888/888 910/1069/1069
f 682/817/817 910/1069/1069 747/888/888
f 948/1109/1109 957/1121/1121 821/973/973
f 821/973/973 804/954/954 948/1109/1109
f 949/1110/1110 948/1109/1109 804/954/954
f 957/1121/1121 948/1109/1109 963/1129/1129
f 960/1125/1125 963/1129/1129 948/1109/1109
f 948/1109/1109 949/1110/1110 960/1125/1125
f 963/1129/1129 960/1125/1125 951/1113/1113
f 954/1117/1117 951/1113/1113 960/1125/1125
f 960/1125/1125 961/1126/1126 954/1117/1117
f 961/1126/1126 960/1125/1125 949/1110/1110
f 955/1118/1118 954/1117/1117 961/1126/1126
f 951/1113/1113 833/986/986 963/1129/1129
f 919/1078/1078 833/986/986 951/1113/1113
f 963/1129/1129 833/986/986 957/1121/1121
f 986/1154/1154 703/840/840 990/1158/1158
f 981/1148/1148 990/1158/1158 703/840/840
f 990/1158/1158 900/1059/1059 986/1154/1154
f 976/1143/1143 980/1147/1147 985/1152/1152
f 1543/1803/1803 1106/1295/1295 1527/1771/1771
f 1009/1179/1179 1527/1771/1771 1106/1295/1295
f 1527/1771/1771 1009/1179/1179 1540/1797/1797
f 1062/1246/1246 1540/1797/1797 1009/1179/1179
f 1062/1246/1246 1009/1179/1179 1222/1422/1422
f 1213/1412/1412 1222/1422/1422 1009/1179/1179
f 1009/1179/1179 1106/1295/1295 1213/1412/1412
f 1062/1246/1246 1011/1181/1181 1540/1797/1797
f 1574/1867/1867 1540/1797/1797 1011/1181/1181
f 1574/1867/1867 1011/1181/1181 1073/1259/1259
f 1020/1192/1192 1073/1259/1259 1011/1181/1181
f 1073/1259/1259 1020/1192/1192 1133/1325/1325
f 1133/1325/1325 1052/1236/1236 1073/1259/1259
f 1051/1235/1235 1073/1259/1259 1052/1236/1236
f 1052/1236/1236 1018/1190/1190 1051/1235/1235
f 1018/1190/1190 1052/1236/1236 1461/1692/1692
f 1053/1237/1237 1461/1692/1692 1052/1236/1236
f 3204/3856/3856 1051/1235/1235 1018/1190/1190
f 1018/1190/1190 1056/1240/1240 3204/3856/3856
f 3203/3855/3855 3204/3856/3856 1056/1240/1240
f 1461/1692/1692 1053/1237/1237 1453/1684/1684
f 1053/1237/1237 1074/1260/1260 1453/1684/1684
f 1074/1260/1260 1053/1237/1237 1132/1324/1324
f 1053/1237/1237 1052/1236/1236 1132/1324/1324
f 1052/1236/1236 1133/1325/1325 1132/1324/1324
f 1447/1678/1678 1453/1684/1684 1074/1260/1260
f 1056/1240/1240 1449/1680/1680 3203/3855/3855
f 1056/1240/1240 1455/1686/1686 1449/1680/1680
f 1056/1240/1240 1018/1190/1190 1455/1686/1686
f 1461/1692/1692 1455/1686/1686 1018/1190/1190
f 1449/1680/1680 1455/1686/1686 1480/1711/1711
f 1475/1706/1706 1480/1711/1711 1455/1686/1686
f 1480/1711/1711 1470/1701/1701 1449/1680/1680
f 1461/1692/1692 1467/1698/1698 1455/1686/1686
f 1475/1706/1706 1455/1686/1686 1467/1698/1698
f 1472/1703/1703 1467/1698/1698 1461/1692/1692
f 1461/1692/1692 1453/1684/1684 1472/1703/1703
f 1054/1238/1238 1472/1703/1703 1453/1684/1684
f 1054/1238/1238 1453/1684/1684 1465/1696/1696
f 1447/1678/1678 1465/1696/1696 1453/1684/1684
f 1479/1710/1710 1465/1696/1696 1447/1678/1678
f 1447/1678/1678 1446/1677/1677 1479/1710/1710
f 1446/1677/1677 1447/1678/1678 1016/1188/1188
f 1016/1188/1188 1064/1248/1248 1446/1677/1677
f 1476/1707/1707 1446/1677/1677 1064/1248/1248
f 1476/1707/1707 1064/1248/1248 1520/1755/1755
f 1539/1795/1795 1476/1707/1707 1520/1755/1755
f 1064/1248/1248 1015/1186/1186 1520/1755/1755
f 1015/1186/1186 1064/1248/1248 1122/1314/1314
f 1134/1326/1326 1122/1314/1314 1064/1248/1248
f 1064/1248/1248 1016/1188/1188 1134/1326/1326
f 1127/1319/1319 1134/1326/1326 1016/1188/1188
f 1122/1314/1314 1134/1326/1326 1141/1334/1334
f 1142/1335/1335 1141/1334/1334 1134/1326/1326
f 1134/1326/1326 1127/1319/1319 1142/1335/1335
f 1141/1334/1334 1142/1335/1335 1172/1369/1369
f 1123/1315/1315 1172/1369/1369 1142/1335/1335
f 1172/1369/1369 1123/1315/1315 1048/1231/1231
f 1167/1363/1363 1172/1369/1369 1048/1231/1231
f 1123/1315/1315 1072/1258/1258 1048/1231/1231
f 1048/1231/1231 1072/1258/1258 1012/1182/1182
f 1063/1247/1247 1012/1182/1182 1072/1258/1258
f 1063/1247/1247 1072/1258/1258 1049/1233/1233
f 1014/1185/1185 1063/1247/1247 1049/1233/1233
f 1072/1258/1258 1126/1318/1318 1049/1233/1233
f 1014/1185/1185 1218/1418/1418 1063/1247/1247
f 1221/1421/1421 1063/1247/1247 1218/1418/1418
f 1063/1247/1247 1221/1421/1421 1012/1182/1182
f 1072/1258/1258 1123/1315/1315 1126/1318/1318
f 1049/1233/1233 1126/1318/1318 1137/1329/1329
f 1136/1328/1328 1137/1329/1329 1126/1318/1318
f 1126/1318/1318 1123/1315/1315 1136/1328/1328
f 1142/1335/1335 1136/1328/1328 1123/1315/1315
f 1137/1329/1329 1136/1328/1328 1128/1320/1320
f 1127/1319/1319 1128/1320/1320 1136/1328/1328
f 1136/1328/1328 1142/1335/1335 1127/1319/1319
f 1128/1320/1320 1127/1319/1319 1074/1260/1260
f 1016/1188/1188 1074/1260/1260 1127/1319/1319
f 1074/1260/1260 1132/1324/1324 1128/1320/1320
f 1128/1320/1320 1132/1324/1324 1137/1329/1329
f 1140/1332/1332 1137/1329/1329 1132/1324/1324
f 1132/1324/1324 1133/1325/1325 1140/1332/1332
f 1140/1332/1332 1133/1325/1325 1014/1185/1185
f 1014/1185/1185 1133/1325/1325 1020/1192/1192
f 1014/1185/1185 1049/1233/1233 1140/1332/1332
f 1137/1329/1329 1140/1332/1332 1049/1233/1233
f 1020/1192/1192 1219/1419/1419 1014/1185/1185
f 1218/1418/1418 1014/1185/1185 1219/1419/1419
f 1219/1419/1419 1044/1227/1227 1218/1418/1418
f 1042/1225/1225 1218/1418/1418 1044/1227/1227
f 1044/1227/1227 1147/1341/1341 1042/1225/1225
f 1146/1340/1340 1042/1225/1225 1147/1341/1341
f 1042/1225/1225 1146/1340/1340 1069/1255/1255
f 1155/1350/1350 1069/1255/1255 1146/1340/1340
f 1044/1227/1227 1219/1419/1419 1046/1229/1229
f 1220/1420/1420 1046/1229/1229 1219/1419/1419
f 1220/1420/1420 1222/1422/1422 1046/1229/1229
f 1071/1257/1257 1046/1229/1229 1222/1422/1422
f 1071/1257/1257 1228/1428/1428 1046/1229/1229
f 1071/1257/1257 1032/1213/1213 1228/1428/1428
f 1227/1427/1427 1228/1428/1428 1032/1213/1213
f 1229/1429/1429 1046/1229/1229 1228/1428/1428
f 1032/1213/1213 1112/1303/1303 1227/1427/1427
f 1032/1213/1213 1213/1412/1412 1112/1303/1303
f 1032/1213/1213 1071/1257/1257 1213/1412/1412
f 1222/1422/1422 1213/1412/1412 1071/1257/1257
f 1223/1423/1423 1112/1303/1303 1213/1412/1412
f 1226/1426/1426 1227/1427/1427 1112/1303/1303
f 1112/1303/1303 1034/1215/1215 1226/1426/1426
f 1225/1425/1425 1226/1426/1426 1034/1215/1215
f 1225/1425/1425 1034/1215/1215 1143/1336/1336
f 1036/1217/1217 1143/1336/1336 1034/1215/1215
f 1036/1217/1217 1038/1219/1219 1143/1336/1336
f 1144/1337/1337 1143/1336/1336 1038/1219/1219
f 1036/1217/1217 1034/1215/1215 1215/1414/1414
f 1214/1413/1413 1215/1414/1414 1034/1215/1215
f 1038/1219/1219 1036/1217/1217 1216/1415/1415
f 1215/1414/1414 1216/1415/1415 1036/1217/1217
f 1216/1415/1415 1224/1424/1424 1038/1219/1219
f 1114/1305/1305 1038/1219/1219 1224/1424/1424
f 1038/1219/1219 1114/1305/1305 1144/1337/1337
f 1156/1351/1351 1144/1337/1337 1114/1305/1305
f 1114/1305/1305 1040/1221/1221 1156/1351/1351
f 1145/1338/1338 1156/1351/1351 1040/1221/1221
f 1156/1351/1351 1145/1338/1338 1163/1359/1359
f 1159/1354/1354 1163/1359/1359 1145/1338/1338
f 1163/1359/1359 1159/1354/1354 1149/1343/1343
f 1149/1343/1343 1151/1345/1345 1163/1359/1359
f 1151/1345/1345 1149/1343/1343 1039/1220/1220
f 1113/1304/1304 1039/1220/1220 1149/1343/1343
f 1039/1220/1220 1037/1218/1218 1151/1345/1345
f 1150/1344/1344 1151/1345/1345 1037/1218/1218
f 1149/1343/1343 1152/1347/1347 1113/1304/1304
f 1152/1347/1347 1149/1343/1343 1159/1354/1354
f 1205/1404/1404 1113/1304/1304 1152/1347/1347
f 1151/1345/1345 1150/1344/1344 1158/1353/1353
f 1158/1353/1353 1163/1359/1359 1151/1345/1345
f 1157/1352/1352 1158/1353/1353 1150/1344/1344
f 1158/1353/1353 1157/1352/1352 1144/1337/1337
f 1143/1336/1336 1144/1337/1337 1157/1352/1352
f 1144/1337/1337 1156/1351/1351 1158/1353/1353
f 1163/1359/1359 1158/1353/1353 1156/1351/1351
f 1157/1352/1352 1225/1425/1425 1143/1336/1336
f 1150/1344/1344 1225/1425/1425 1157/1352/1352
f 1225/1425/1425 1150/1344/1344 1035/1216/1216
f 1035/1216/1216 1111/1302/1302 1225/1425/1425
f 1111/1302/1302 1035/1216/1216 1211/1410/1410
f 1211/1410/1410 1201/1399/1399 1111/1302/1302
f 1211/1410/1410 1117/1308/1308 1201/1399/1399
f 1085/1272/1272 1201/1399/1399 1117/1308/1308
f 1201/1399/1399 1085/1272/1272 1070/1256/1256
f 1093/1281/1281 1070/1256/1256 1085/1272/1272
f 1085/1272/1272 1485/1716/1716 1093/1281/1281
f 1085/1272/1272 1117/1308/1308 1485/1716/1716
f 1487/1718/1718 1093/1281/1281 1485/1716/1716
f 1070/1256/1256 1093/1281/1281 1208/1407/1407
f 1092/1280/1280 1208/1407/1407 1093/1281/1281
f 1093/1281/1281 1487/1718/1718 1092/1280/1280
f 1207/1406/1406 1208/1407/1407 1092/1280/1280
f 1079/1265/1265 1207/1406/1406 1092/1280/1280
f 1079/1265/1265 1080/1266/1266 1207/1406/1406
f 1091/1279/1279 1207/1406/1406 1080/1266/1266
f 1091/1279/1279 1080/1266/1266 1090/1278/1278
f 1081/1267/1267 1090/1278/1278 1080/1266/1266
f 1078/1264/1264 1079/1265/1265 1092/1280/1280
f 1482/1713/1713 1078/1264/1264 1092/1280/1280
f 1090/1278/1278 1081/1267/1267 1089/1277/1277
f 1082/1269/1269 1089/1277/1277 1081/1267/1267
f 1078/1264/1264 1482/1713/1713 1077/1263/1263
f 1483/1714/1714 1077/1263/1263 1482/1713/1713
f 1077/1263/1263 1067/1252/1252 1078/1264/1264
f 1067/1252/1252 1077/1263/1263 1024/1196/1196
f 1076/1262/1262 1024/1196/1196 1077/1263/1263
f 1077/1263/1263 1483/1714/1714 1076/1262/1262
f 1076/1262/1262 1115/1306/1306 1024/1196/1196
f 1115/1306/1306 1076/1262/1262 1484/1715/1715
f 1481/1712/1712 1484/1715/1715 1076/1262/1262
f 1481/1712/1712 1076/1262/1262 1483/1714/1714
f 1109/1298/1298 1024/1196/1196 1115/1306/1306
f 1109/1298/1298 1115/1306/1306 1025/1198/1198
f 1075/1261/1261 1025/1198/1198 1115/1306/1306
f 1025/1198/1198 1075/1261/1261 1105/1293/1293
f 1104/1292/1292 1105/1293/1293 1075/1261/1261
f 1104/1292/1292 1075/1261/1261 1486/1717/1717
f 1087/1274/1274 1104/1292/1292 1486/1717/1717
f 1086/1273/1273 1087/1274/1274 1486/1717/1717
f 1486/1717/1717 1488/1719/1719 1086/1273/1273
f 1117/1308/1308 1086/1273/1273 1488/1719/1719
f 1084/1271/1271 1104/1292/1292 1087/1274/1274
f 1087/1274/1274 1088/1275/1275 1084/1271/1271
f 1083/1270/1270 1084/1271/1271 1088/1275/1275
f 1083/1270/1270 1027/1202/1202 1084/1271/1271
f 1026/1200/1200 1084/1271/1271 1027/1202/1202
f 1084/1271/1271 1026/1200/1200 1104/1292/1292
f 1105/1293/1293 1104/1292/1292 1026/1200/1200
f 1088/1275/1275 1118/1309/1309 1083/1270/1270
f 1088/1275/1275 1204/1402/1402 1118/1309/1309
f 1204/1402/1402 1088/1275/1275 1203/1401/1401
f 1087/1274/1274 1203/1401/1401 1088/1275/1275
f 1203/1401/1401 1087/1274/1274 1202/1400/1400
f 1086/1273/1273 1202/1400/1400 1087/1274/1274
f 1212/1411/1411 1118/1309/1309 1204/1402/1402
f 1086/1273/1273 1117/1308/1308 1202/1400/1400
f 1211/1410/1410 1202/1400/1400 1117/1308/1308
f 1203/1401/1401 1202/1400/1400 1037/1218/1218
f 1035/1216/1216 1037/1218/1218 1202/1400/1400
f 1202/1400/1400 1211/1410/1410 1035/1216/1216
f 1037/1218/1218 1039/1220/1220 1203/1401/1401
f 1204/1402/1402 1203/1401/1401 1039/1220/1220
f 1039/1220/1220 1113/1304/1304 1204/1402/1402
f 1212/1411/1411 1204/1402/1402 1113/1304/1304
f 1113/1304/1304 1205/1404/1404 1212/1411/1411
f 1041/1224/1224 1212/1411/1411 1205/1404/1404
f 1212/1411/1411 1041/1224/1224 1118/1309/1309
f 1089/1276/1276 1118/1309/1309 1041/1224/1224
f 1118/1309/1309 1089/1276/1276 1116/1307/1307
f 1082/1268/1268 1116/1307/1307 1089/1276/1276
f 1082/1268/1268 1028/1205/1205 1116/1307/1307
f 1110/1300/1300 1116/1307/1307 1028/1205/1205
f 1116/1307/1307 1083/1270/1270 1118/1309/1309
f 1083/1270/1270 1116/1307/1307 1027/1202/1202
f 1110/1300/1300 1027/1202/1202 1116/1307/1307
f 1065/1249/1249 1103/1291/1291 1019/1191/1191
f 1094/1282/1282 1019/1191/1191 1103/1291/1291
f 1065/1249/1249 1019/1191/1191 1099/1287/1287
f 1098/1286/1286 1099/1287/1287 1019/1191/1191
f 1098/1286/1286 1019/1191/1191 1120/1311/1311
f 1108/1297/1297 1120/1311/1311 1019/1191/1191
f 1094/1282/1282 1119/1310/1310 1019/1191/1191
f 1108/1297/1297 1019/1191/1191 1119/1310/1310
f 1099/1287/1287 1100/1288/1288 1065/1249/1249
f 1094/1282/1282 1024/1197/1197 1119/1310/1310
f 1109/1299/1299 1119/1310/1310 1024/1197/1197
f 1024/1197/1197 1094/1282/1282 1067/1253/1253
f 1103/1291/1291 1067/1253/1253 1094/1282/1282
f 1067/1253/1253 1103/1291/1291 1031/1212/1212
f 1102/1290/1290 1031/1212/1212 1103/1291/1291
f 1103/1291/1291 1065/1249/1249 1102/1290/1290
f 1101/1289/1289 1102/1290/1290 1065/1249/1249
f 1101/1289/1289 1065/1249/1249 1100/1288/1288
f 1100/1288/1288 1029/1208/1208 1101/1289/1289
f 1029/1208/1208 1100/1288/1288 1066/1251/1251
f 1099/1287/1287 1066/1251/1251 1100/1288/1288
f 1066/1251/1251 1099/1287/1287 1028/1206/1206
f 1098/1286/1286 1028/1206/1206 1099/1287/1287
f 1030/1210/1210 1101/1289/1289 1029/1208/1208
f 1101/1289/1289 1030/1210/1210 1102/1290/1290
f 1031/1212/1212 1102/1290/1290 1030/1210/1210
f 1098/1286/1286 1120/1311/1311 1028/1206/1206
f 1110/1301/1301 1028/1206/1206 1120/1311/1311
f 1120/1311/1311 1097/1285/1285 1110/1301/1301
f 1027/1203/1203 1110/1301/1301 1097/1285/1285
f 1027/1203/1203 1097/1285/1285 1026/1201/1201
f 1096/1284/1284 1026/1201/1201 1097/1285/1285
f 1105/1294/1294 1026/1201/1201 1096/1284/1284
f 1025/1199/1199 1105/1294/1294 1096/1284/1284
f 1095/1283/1283 1025/1199/1199 1096/1284/1284
f 1096/1284/1284 1097/1285/1285 1108/1297/1297
f 1096/1284/1284 1108/1297/1297 1095/1283/1283
f 1120/1311/1311 1108/1297/1297 1097/1285/1285
f 1119/1310/1310 1095/1283/1283 1108/1297/1297
f 1025/1199/1199 1095/1283/1283 1109/1299/1299
f 1119/1310/1310 1109/1299/1299 1095/1283/1283
f 1530/1777/1777 1013/1184/1184 1529/1775/1775
f 1013/1184/1184 1164/1360/1360 1529/1775/1775
f 1164/1360/1360 1165/1361/1361 1529/1775/1775
f 1529/1775/1775 1165/1361/1361 1528/1773/1773
f 1165/1361/1361 1021/1193/1193 1528/1773/1773
f 1021/1193/1193 1010/1180/1180 1528/1773/1773
f 1124/1316/1316 1013/1184/1184 1530/1777/1777
f 1050/1234/1234 1124/1316/1316 1530/1777/1777
f 1531/1779/1779 1050/1234/1234 1530/1777/1777
f 1531/1779/1779 1516/1747/1747 1050/1234/1234
f 1055/1239/1239 1050/1234/1234 1516/1747/1747
f 1050/1234/1234 1055/1239/1239 1061/1245/1245
f 1050/1234/1234 1061/1245/1245 1124/1316/1316
f 1055/1239/1239 1060/1244/1244 1061/1245/1245
f 1060/1244/1244 1129/1321/1321 1061/1245/1245
f 1516/1747/1747 1519/1753/1753 1055/1239/1239
f 1055/1239/1239 1519/1753/1753 1060/1244/1244
f 1538/1793/1793 1060/1244/1244 1519/1753/1753
f 1538/1793/1793 1520/1756/1756 1060/1244/1244
f 1015/1187/1187 1060/1244/1244 1520/1756/1756
f 1060/1244/1244 1015/1187/1187 1129/1321/1321
f 1122/1313/1313 1129/1321/1321 1015/1187/1187
f 1061/1245/1245 1129/1321/1321 1139/1331/1331
f 1138/1330/1330 1139/1331/1331 1129/1321/1321
f 1139/1331/1331 1138/1330/1330 1131/1323/1323
f 1139/1331/1331 1131/1323/1323 1135/1327/1327
f 1125/1317/1317 1135/1327/1327 1131/1323/1323
f 1135/1327/1327 1125/1317/1317 1013/1184/1184
f 1124/1316/1316 1135/1327/1327 1013/1184/1184
f 1061/1245/1245 1139/1331/1331 1124/1316/1316
f 1135/1327/1327 1124/1316/1316 1139/1331/1331
f 1130/1322/1322 1131/1323/1323 1138/1330/1330
f 1130/1322/1322 1138/1330/1330 1172/1370/1370
f 1173/1371/1371 1130/1322/1322 1172/1370/1370
f 1130/1322/1322 1173/1371/1371 1131/1323/1323
f 1125/1317/1317 1171/1368/1368 1013/1184/1184
f 1164/1360/1360 1013/1184/1184 1171/1368/1368
f 1125/1317/1317 1131/1323/1323 1171/1368/1368
f 1174/1372/1372 1131/1323/1323 1173/1371/1371
f 1174/1372/1372 1171/1368/1368 1131/1323/1323
f 1177/1375/1375 1173/1371/1371 1172/1370/1370
f 1173/1371/1371 1177/1375/1375 1174/1372/1372
f 1171/1368/1368 1176/1374/1374 1164/1360/1360
f 1175/1373/1373 1164/1360/1360 1176/1374/1374
f 1175/1373/1373 1165/1361/1361 1164/1360/1360
f 1176/1374/1374 1166/1362/1362 1175/1373/1373
f 1170/1367/1367 1175/1373/1373 1166/1362/1362
f 1170/1367/1367 1165/1361/1361 1175/1373/1373
f 1166/1362/1362 1023/1195/1195 1170/1367/1367
f 1021/1193/1193 1170/1367/1367 1023/1195/1195
f 1021/1193/1193 1165/1361/1361 1170/1367/1367
f 1166/1362/1362 1169/1366/1366 1023/1195/1195
f 1166/1362/1362 1176/1374/1374 1169/1366/1366
f 1107/1296/1296 1023/1195/1195 1169/1366/1366
f 1048/1232/1232 1107/1296/1296 1169/1366/1366
f 1168/1365/1365 1048/1232/1232 1169/1366/1366
f 1012/1183/1183 1107/1296/1296 1048/1232/1232
f 1107/1296/1296 1012/1183/1183 1224/1424/1424
f 1217/1417/1417 1224/1424/1424 1012/1183/1183
f 1048/1232/1232 1168/1365/1365 1167/1364/1364
f 1169/1366/1366 1178/1376/1376 1168/1365/1365
f 1177/1375/1375 1168/1365/1365 1178/1376/1376
f 1178/1376/1376 1169/1366/1366 1176/1374/1374
f 1178/1376/1376 1174/1372/1372 1177/1375/1375
f 1174/1372/1372 1178/1376/1376 1171/1368/1368
f 1176/1374/1374 1171/1368/1368 1178/1376/1376
f 1167/1364/1364 1168/1365/1365 1172/1370/1370
f 1177/1375/1375 1172/1370/1370 1168/1365/1365
f 1141/1333/1333 1172/1370/1370 1138/1330/1330
f 1138/1330/1330 1129/1321/1321 1141/1333/1333
f 1122/1313/1313 1141/1333/1333 1129/1321/1321
f 1534/1785/1785 1522/1761/1761 1477/1708/1708
f 1522/1761/1761 1452/1683/1683 1477/1708/1708
f 1452/1683/1683 1474/1705/1705 1477/1708/1708
f 1522/1761/1761 1535/1787/1787 1452/1683/1683
f 1454/1685/1685 1452/1683/1683 1535/1787/1787
f 1535/1787/1787 1521/1759/1759 1454/1685/1685
f 1451/1682/1682 1454/1685/1685 1521/1759/1759
f 1451/1682/1682 1521/1759/1759 1277/1491/1491
f 1563/1845/1845 1277/1491/1491 1521/1759/1759
f 1277/1491/1491 1563/1845/1845 1457/1688/1688
f 1551/1821/1821 1457/1688/1688 1563/1845/1845
f 1457/1688/1688 1551/1821/1821 1275/1489/1489
f 1561/1841/1841 1275/1489/1489 1551/1821/1821
f 1275/1489/1489 1561/1841/1841 1450/1681/1681
f 1569/1857/1857 1450/1681/1681 1561/1841/1841
f 1450/1681/1681 1569/1857/1857 1463/1694/1694
f 1550/1819/1819 1463/1694/1694 1569/1857/1857
f 1463/1694/1694 1550/1819/1819 1566/1851/1851
f 1237/1439/1439 1463/1694/1694 1566/1851/1851
f 1284/1498/1498 1237/1439/1439 1566/1851/1851
f 1284/1498/1498 1566/1851/1851 1236/1437/1437
f 1549/1815/1815 1236/1437/1437 1566/1851/1851
f 1463/1694/1694 1237/1439/1439 1462/1693/1693
f 1462/1693/1693 1237/1439/1439 1347/1569/1569
f 1294/1510/1510 1462/1693/1693 1347/1569/1569
f 1294/1510/1510 1274/1488/1488 1462/1693/1693
f 1274/1488/1488 1294/1510/1510 1352/1574/1574
f 1273/1487/1487 1274/1488/1488 1352/1574/1574
f 1274/1488/1488 1273/1487/1487 1271/1485/1485
f 1238/1440/1440 1271/1485/1485 1273/1487/1487
f 1273/1487/1487 1272/1486/1486 1238/1440/1440
f 3207/3859/3859 1238/1440/1440 1272/1486/1486
f 1271/1485/1485 1239/1441/1441 1274/1488/1488
f 1239/1441/1441 1271/1485/1485 1460/1691/1691
f 1279/1493/1493 1460/1691/1691 1271/1485/1485
f 1271/1485/1485 1238/1440/1440 1279/1493/1493
f 1272/1486/1486 1273/1487/1487 1293/1509/1509
f 1353/1575/1575 1293/1509/1509 1273/1487/1487
f 1353/1575/1575 1273/1487/1487 1352/1574/1574
f 1460/1691/1691 1279/1493/1493 1017/1189/1189
f 1059/1243/1243 1017/1189/1189 1279/1493/1493
f 1017/1189/1189 1059/1243/1243 1057/1241/1241
f 1456/1687/1687 1057/1241/1241 1059/1243/1243
f 1293/1509/1509 1353/1575/1575 1241/1443/1443
f 1241/1443/1443 1232/1432/1432 1293/1509/1509
f 1578/1874/1874 1293/1509/1509 1232/1432/1432
f 1578/1874/1874 1232/1432/1432 1567/1853/1853
f 1282/1496/1496 1567/1853/1853 1232/1432/1432
f 1282/1496/1496 1230/1430/1430 1567/1853/1853
f 1555/1829/1829 1567/1853/1853 1230/1430/1430
f 1230/1430/1430 1327/1546/1546 1555/1829/1829
f 1571/1861/1861 1555/1829/1829 1327/1546/1546
f 1282/1496/1496 1438/1669/1669 1230/1430/1430
f 1429/1659/1659 1230/1430/1430 1438/1669/1669
f 1230/1430/1430 1429/1659/1659 1327/1546/1546
f 1327/1546/1546 1231/1431/1431 1571/1861/1861
f 1670/1983/1983 1571/1861/1861 1231/1431/1431
f 1231/1431/1431 1242/1444/1444 1670/1983/1983
f 1242/1444/1444 1385/1611/1611 1670/1983/1983
f 1385/1611/1611 1556/1831/1831 1670/1983/1983
f 1385/1611/1611 1384/1610/1610 1556/1831/1831
f 1384/1610/1610 1234/1435/1435 1556/1831/1831
f 1234/1435/1435 1557/1833/1833 1556/1831/1831
f 1234/1435/1435 1344/1566/1566 1557/1833/1833
f 1344/1566/1566 1270/1484/1484 1557/1833/1833
f 1270/1484/1484 1558/1835/1835 1557/1833/1833
f 1558/1835/1835 1270/1484/1484 1546/1809/1809
f 1276/1490/1490 1546/1809/1809 1270/1484/1484
f 1276/1490/1490 1270/1484/1484 1281/1495/1495
f 1281/1495/1495 1270/1484/1484 1344/1566/1566
f 1280/1494/1494 1276/1490/1490 1281/1495/1495
f 1349/1571/1571 1280/1494/1494 1281/1495/1495
f 1548/1813/1813 1546/1809/1809 1276/1490/1490
f 1276/1490/1490 1280/1494/1494 1548/1813/1813
f 1565/1849/1849 1548/1813/1813 1280/1494/1494
f 1565/1849/1849 1280/1494/1494 1549/1816/1816
f 1236/1438/1438 1549/1816/1816 1280/1494/1494
f 1280/1494/1494 1349/1571/1571 1236/1438/1438
f 1342/1563/1563 1236/1438/1438 1349/1571/1571
f 1281/1495/1495 1359/1581/1581 1349/1571/1571
f 1358/1580/1580 1349/1571/1571 1359/1581/1581
f 1359/1581/1581 1351/1573/1573 1358/1580/1580
f 1359/1581/1581 1355/1577/1577 1351/1573/1573
f 1345/1567/1567 1351/1573/1573 1355/1577/1577
f 1345/1567/1567 1355/1577/1577 1234/1435/1435
f 1355/1577/1577 1344/1566/1566 1234/1435/1435
f 1355/1577/1577 1359/1581/1581 1344/1566/1566
f 1281/1495/1495 1344/1566/1566 1359/1581/1581
f 1350/1572/1572 1358/1580/1580 1351/1573/1573
f 1350/1572/1572 1392/1620/1620 1358/1580/1580
f 1350/1572/1572 1393/1621/1621 1392/1620/1620
f 1350/1572/1572 1351/1573/1573 1393/1621/1621
f 1345/1567/1567 1234/1435/1435 1391/1618/1618
f 1384/1610/1610 1391/1618/1618 1234/1435/1435
f 1345/1567/1567 1391/1618/1618 1351/1573/1573
f 1394/1622/1622 1393/1621/1621 1351/1573/1573
f 1394/1622/1622 1351/1573/1573 1391/1618/1618
f 1393/1621/1621 1397/1625/1625 1392/1620/1620
f 1393/1621/1621 1394/1622/1622 1397/1625/1625
f 1391/1618/1618 1384/1610/1610 1396/1624/1624
f 1395/1623/1623 1396/1624/1624 1384/1610/1610
f 1385/1611/1611 1395/1623/1623 1384/1610/1610
f 1396/1624/1624 1395/1623/1623 1386/1612/1612
f 1390/1617/1617 1386/1612/1612 1395/1623/1623
f 1385/1611/1611 1390/1617/1617 1395/1623/1623
f 1386/1612/1612 1390/1617/1617 1243/1445/1445
f 1242/1444/1444 1243/1445/1445 1390/1617/1617
f 1385/1611/1611 1242/1444/1444 1390/1617/1617
f 1389/1616/1616 1386/1612/1612 1243/1445/1445
f 1386/1612/1612 1389/1616/1616 1396/1624/1624
f 1389/1616/1616 1243/1445/1445 1328/1547/1547
f 1268/1482/1482 1389/1616/1616 1328/1547/1547
f 1233/1434/1434 1268/1482/1482 1328/1547/1547
f 1388/1615/1615 1389/1616/1616 1268/1482/1482
f 1328/1547/1547 1440/1671/1671 1233/1434/1434
f 1433/1664/1664 1233/1434/1434 1440/1671/1671
f 1388/1615/1615 1268/1482/1482 1387/1614/1614
f 1389/1616/1616 1388/1615/1615 1398/1626/1626
f 1397/1625/1625 1398/1626/1626 1388/1615/1615
f 1398/1626/1626 1396/1624/1624 1389/1616/1616
f 1398/1626/1626 1397/1625/1625 1394/1622/1622
f 1396/1624/1624 1398/1626/1626 1391/1618/1618
f 1394/1622/1622 1391/1618/1618 1398/1626/1626
f 1397/1625/1625 1388/1615/1615 1392/1620/1620
f 1387/1614/1614 1392/1620/1620 1388/1615/1615
f 1361/1583/1583 1358/1580/1580 1392/1620/1620
f 1358/1580/1580 1361/1583/1583 1349/1571/1571
f 1342/1563/1563 1349/1571/1571 1361/1583/1583
f 1121/1312/1312 1545/1807/1807 1022/1194/1194
f 1058/1242/1242 1022/1194/1194 1545/1807/1807
f 1545/1807/1807 1121/1312/1312 1536/1789/1789
f 1523/1763/1763 1536/1789/1789 1121/1312/1312
f 1022/1194/1194 1058/1242/1242 1180/1378/1378
f 1179/1377/1377 1180/1378/1378 1058/1242/1242
f 1180/1378/1378 1192/1390/1390 1022/1194/1194
f 1179/1377/1377 1193/1391/1391 1180/1378/1378
f 1192/1390/1390 1180/1378/1378 1193/1391/1391
f 1193/1391/1391 1179/1377/1377 1194/1392/1392
f 1525/1767/1767 1194/1392/1392 1179/1377/1377
f 1194/1392/1392 1525/1767/1767 1195/1393/1393
f 1542/1801/1801 1195/1393/1393 1525/1767/1767
f 1195/1393/1393 1542/1801/1801 1196/1394/1394
f 1526/1769/1769 1196/1394/1394 1542/1801/1801
f 1526/1769/1769 1541/1799/1799 1196/1394/1394
f 1197/1395/1395 1196/1394/1394 1541/1799/1799
f 1541/1799/1799 1532/1781/1781 1197/1395/1395
f 1198/1396/1396 1197/1395/1395 1532/1781/1781
f 1532/1781/1781 1537/1791/1791 1198/1396/1396
f 1199/1397/1397 1198/1396/1396 1537/1791/1791
f 1537/1791/1791 1533/1783/1783 1199/1397/1397
f 1200/1398/1398 1199/1397/1397 1533/1783/1783
f 1197/1395/1395 1198/1396/1396 1187/1385/1385
f 1187/1385/1385 1186/1384/1384 1197/1395/1395
f 1188/1386/1386 1187/1385/1385 1198/1396/1396
f 1198/1396/1396 1199/1397/1397 1188/1386/1386
f 1189/1387/1387 1188/1386/1386 1199/1397/1397
f 1199/1397/1397 1200/1398/1398 1189/1387/1387
f 1190/1388/1388 1189/1387/1387 1200/1398/1398
f 1200/1398/1398 1533/1783/1783 1416/1644/1644
f 1416/1644/1644 1408/1636/1636 1200/1398/1398
f 1190/1388/1388 1200/1398/1398 1408/1636/1636
f 1408/1636/1636 1416/1644/1644 1407/1635/1635
f 1415/1643/1643 1407/1635/1635 1416/1644/1644
f 1559/1837/1837 1415/1643/1643 1416/1644/1644
f 1415/1643/1643 1559/1837/1837 1414/1642/1642
f 1568/1855/1855 1414/1642/1642 1559/1837/1837
f 1414/1642/1642 1568/1855/1855 1413/1641/1641
f 1554/1827/1827 1413/1641/1641 1568/1855/1855
f 1554/1827/1827 1570/1859/1859 1413/1641/1641
f 1412/1640/1640 1413/1641/1641 1570/1859/1859
f 1570/1859/1859 1553/1825/1825 1412/1640/1640
f 1411/1639/1639 1412/1640/1640 1553/1825/1825
f 1553/1825/1825 1399/1627/1627 1411/1639/1639
f 1410/1638/1638 1411/1639/1639 1399/1627/1627
f 1399/1627/1627 1400/1628/1628 1410/1638/1638
f 1399/1627/1627 1278/1492/1492 1400/1628/1628
f 1399/1627/1627 1553/1825/1825 1278/1492/1492
f 1022/1194/1194 1400/1628/1628 1278/1492/1492
f 1278/1492/1492 1573/1865/1865 1022/1194/1194
f 1121/1312/1312 1022/1194/1194 1573/1865/1865
f 1278/1492/1492 1510/1741/1741 1573/1865/1865
f 1573/1865/1865 1564/1847/1847 1121/1312/1312
f 1523/1763/1763 1121/1312/1312 1564/1847/1847
f 1400/1628/1628 1022/1194/1194 1409/1637/1637
f 1191/1389/1389 1409/1637/1637 1022/1194/1194
f 1409/1637/1637 1410/1638/1638 1400/1628/1628
f 1409/1637/1637 1191/1389/1389 1401/1629/1629
f 1181/1379/1379 1401/1629/1629 1191/1389/1389
f 1181/1379/1379 1191/1389/1389 1182/1380/1380
f 1192/1390/1390 1182/1380/1380 1191/1389/1389
f 1191/1389/1389 1022/1194/1194 1192/1390/1390
f 1182/1380/1380 1192/1390/1390 1183/1381/1381
f 1193/1391/1391 1183/1381/1381 1192/1390/1390
f 1183/1381/1381 1193/1391/1391 1184/1382/1382
f 1194/1392/1392 1184/1382/1382 1193/1391/1391
f 1184/1382/1382 1194/1392/1392 1185/1383/1383
f 1195/1393/1393 1185/1383/1383 1194/1392/1392
f 1185/1383/1383 1195/1393/1393 1186/1384/1384
f 1196/1394/1394 1186/1384/1384 1195/1393/1393
f 1196/1394/1394 1197/1395/1395 1186/1384/1384
f 1161/1357/1357 1147/1341/1341 1229/1429/1429
f 1147/1341/1341 1161/1357/1357 1146/1340/1340
f 1160/1356/1356 1146/1340/1340 1161/1357/1357
f 1146/1340/1340 1160/1356/1356 1155/1350/1350
f 1162/1358/1358 1155/1350/1350 1160/1356/1356
f 1160/1356/1356 1153/1348/1348 1162/1358/1358
f 1148/1342/1342 1162/1358/1358 1153/1348/1348
f 1153/1348/1348 1206/1405/1405 1148/1342/1342
f 1068/1254/1254 1148/1342/1342 1206/1405/1405
f 1148/1342/1342 1068/1254/1254 1152/1346/1346
f 1205/1403/1403 1152/1346/1346 1068/1254/1254
f 1206/1405/1405 1153/1348/1348 1045/1228/1228
f 1154/1349/1349 1045/1228/1228 1153/1348/1348
f 1152/1346/1346 1159/1355/1355 1148/1342/1342
f 1162/1358/1358 1148/1342/1342 1159/1355/1355
f 1159/1355/1355 1145/1339/1339 1162/1358/1358
f 1155/1350/1350 1162/1358/1358 1145/1339/1339
f 1145/1339/1339 1040/1222/1222 1155/1350/1350
f 1069/1255/1255 1155/1350/1350 1040/1222/1222
f 1040/1222/1222 1217/1416/1416 1069/1255/1255
f 1221/1421/1421 1069/1255/1255 1217/1416/1416
f 1217/1416/1416 1012/1182/1182 1221/1421/1421
f 1069/1255/1255 1221/1421/1421 1042/1225/1225
f 1218/1418/1418 1042/1225/1225 1221/1421/1421
f 1051/1235/1235 1518/1751/1751 1575/1869/1869
f 1051/1235/1235 1575/1869/1869 1073/1259/1259
f 1574/1867/1867 1073/1259/1259 1575/1869/1869
f 1518/1751/1751 1051/1235/1235 3204/3856/3856
f 1518/1751/1751 3204/3856/3856 1576/1872/1872
f 3203/3855/3855 1576/1872/1872 3204/3856/3856
f 3203/3855/3855 3205/3857/3857 1576/1872/1872
f 3205/3857/3857 3203/3855/3855 1449/1680/1680
f 1517/1749/1749 1576/1872/1872 3205/3857/3857
f 3205/3857/3857 3206/3858/3858 1517/1749/1749
f 1562/1843/1843 1517/1749/1749 3206/3858/3858
f 3206/3858/3858 3207/3859/3859 1562/1843/1843
f 1547/1811/1811 1562/1843/1843 3207/3859/3859
f 3206/3858/3858 1470/1701/1701 3207/3859/3859
f 3206/3858/3858 3205/3857/3857 1470/1701/1701
f 1449/1680/1680 1470/1701/1701 3205/3857/3857
f 1238/1440/1440 3207/3859/3859 1470/1701/1701
f 1459/1690/1690 1238/1440/1440 1470/1701/1701
f 1470/1701/1701 1480/1711/1711 1459/1690/1690
f 1059/1243/1243 1459/1690/1690 1480/1711/1711
f 1279/1493/1493 1459/1690/1690 1059/1243/1243
f 1459/1690/1690 1279/1493/1493 1238/1440/1440
f 1059/1243/1243 1480/1711/1711 1475/1706/1706
f 1475/1706/1706 1467/1698/1698 1059/1243/1243
f 1456/1687/1687 1059/1243/1243 1467/1698/1698
f 1467/1698/1698 1472/1703/1703 1456/1687/1687
f 1448/1679/1679 1456/1687/1687 1472/1703/1703
f 1456/1687/1687 1448/1679/1679 1057/1241/1241
f 1452/1683/1683 1057/1241/1241 1448/1679/1679
f 1452/1683/1683 1448/1679/1679 1474/1705/1705
f 1466/1697/1697 1057/1241/1241 1452/1683/1683
f 1466/1697/1697 1464/1695/1695 1057/1241/1241
f 1017/1189/1189 1057/1241/1241 1464/1695/1695
f 1464/1695/1695 1471/1702/1702 1017/1189/1189
f 1460/1691/1691 1017/1189/1189 1471/1702/1702
f 1460/1691/1691 1471/1702/1702 1239/1441/1441
f 1468/1699/1699 1239/1441/1441 1471/1702/1702
f 1239/1441/1441 1468/1699/1699 1458/1689/1689
f 1458/1689/1689 1274/1488/1488 1239/1441/1441
f 1458/1689/1689 1462/1693/1693 1274/1488/1488
f 1469/1700/1700 1458/1689/1689 1468/1699/1699
f 1462/1693/1693 1458/1689/1689 1469/1700/1700
f 1473/1704/1704 1462/1693/1693 1469/1700/1700
f 1473/1704/1704 1463/1694/1694 1462/1693/1693
f 1468/1699/1699 1457/1688/1688 1469/1700/1700
f 1457/1688/1688 1468/1699/1699 1277/1491/1491
f 1471/1702/1702 1277/1491/1491 1468/1699/1699
f 1275/1489/1489 1469/1700/1700 1457/1688/1688
f 1469/1700/1700 1275/1489/1489 1473/1704/1704
f 1471/1702/1702 1464/1695/1695 1277/1491/1491
f 1451/1682/1682 1277/1491/1491 1464/1695/1695
f 1464/1695/1695 1466/1697/1697 1451/1682/1682
f 1454/1685/1685 1451/1682/1682 1466/1697/1697
f 1454/1685/1685 1466/1697/1697 1452/1683/1683
f 1450/1681/1681 1473/1704/1704 1275/1489/1489
f 1450/1681/1681 1463/1694/1694 1473/1704/1704
f 1524/1765/1765 1514/1745/1745 1544/1805/1805
f 1545/1807/1807 1544/1805/1805 1514/1745/1745
f 1515/1746/1746 1545/1807/1807 1514/1745/1745
f 1514/1745/1745 1512/1743/1743 1515/1746/1746
f 1524/1765/1765 1512/1743/1743 1514/1745/1745
f 1524/1765/1765 1525/1767/1767 1512/1743/1743
f 1513/1744/1744 1512/1743/1743 1525/1767/1767
f 1513/1744/1744 1525/1767/1767 1511/1742/1742
f 1179/1377/1377 1511/1742/1742 1525/1767/1767
f 1058/1242/1242 1511/1742/1742 1179/1377/1377
f 1058/1242/1242 1513/1744/1744 1511/1742/1742
f 1058/1242/1242 1512/1743/1743 1513/1744/1744
f 1058/1242/1242 1515/1746/1746 1512/1743/1743
f 1058/1242/1242 1545/1807/1807 1515/1746/1746
f 1031/1211/1211 1078/1264/1264 1067/1252/1252
f 1078/1264/1264 1031/1211/1211 1079/1265/1265
f 1030/1209/1209 1079/1265/1265 1031/1211/1211
f 1079/1265/1265 1030/1209/1209 1080/1266/1266
f 1029/1207/1207 1080/1266/1266 1030/1209/1209
f 1080/1266/1266 1029/1207/1207 1081/1267/1267
f 1066/1250/1250 1081/1267/1267 1029/1207/1207
f 1081/1267/1267 1066/1250/1250 1082/1269/1269
f 1028/1204/1204 1082/1269/1269 1066/1250/1250
f 1209/1408/1408 1090/1278/1278 1041/1223/1223
f 1089/1277/1277 1041/1223/1223 1090/1278/1278
f 1090/1278/1278 1209/1408/1408 1091/1279/1279
f 1043/1226/1226 1091/1279/1279 1209/1408/1408
f 1043/1226/1226 1207/1406/1406 1091/1279/1279
f 1043/1226/1226 1209/1408/1408 1206/1405/1405
f 1068/1254/1254 1206/1405/1405 1209/1408/1408
f 1206/1405/1405 1045/1228/1228 1043/1226/1226
f 1207/1406/1406 1043/1226/1226 1045/1228/1228
f 1045/1228/1228 1047/1230/1230 1207/1406/1406
f 1208/1407/1407 1207/1406/1406 1047/1230/1230
f 1047/1230/1230 1210/1409/1409 1208/1407/1407
f 1070/1256/1256 1208/1407/1407 1210/1409/1409
f 1210/1409/1409 1033/1214/1214 1070/1256/1256
f 1201/1399/1399 1070/1256/1256 1033/1214/1214
f 1033/1214/1214 1111/1302/1302 1201/1399/1399
f 1111/1302/1302 1033/1214/1214 1226/1426/1426
f 1226/1426/1426 1225/1425/1425 1111/1302/1302
f 1227/1427/1427 1226/1426/1426 1033/1214/1214
f 1210/1409/1409 1228/1428/1428 1033/1214/1214
f 1227/1427/1427 1033/1214/1214 1228/1428/1428
f 1228/1428/1428 1210/1409/1409 1229/1429/1429
f 1047/1230/1230 1229/1429/1429 1210/1409/1409
f 1229/1429/1429 1047/1230/1230 1154/1349/1349
f 1045/1228/1228 1154/1349/1349 1047/1230/1230
f 1161/1357/1357 1229/1429/1429 1154/1349/1349
f 1161/1357/1357 1154/1349/1349 1160/1356/1356
f 1153/1348/1348 1160/1356/1356 1154/1349/1349
f 1046/1229/1229 1229/1429/1429 1044/1227/1227
f 1147/1341/1341 1044/1227/1227 1229/1429/1429
f 1528/1773/1773 1010/1180/1180 1543/1803/1803
f 1106/1295/1295 1543/1803/1803 1010/1180/1180
f 1106/1295/1295 1010/1180/1180 1223/1423/1423
f 1214/1413/1413 1223/1423/1423 1010/1180/1180
f 1223/1423/1423 1213/1412/1412 1106/1295/1295
f 1010/1180/1180 1021/1193/1193 1214/1413/1413
f 1215/1414/1414 1214/1413/1413 1021/1193/1193
f 1021/1193/1193 1023/1195/1195 1215/1414/1414
f 1216/1415/1415 1215/1414/1414 1023/1195/1195
f 1023/1195/1195 1107/1296/1296 1216/1415/1415
f 1224/1424/1424 1216/1415/1415 1107/1296/1296
f 1034/1215/1215 1112/1303/1303 1214/1413/1413
f 1223/1423/1423 1214/1413/1413 1112/1303/1303
f 1224/1424/1424 1217/1417/1417 1114/1305/1305
f 1040/1221/1221 1114/1305/1305 1217/1417/1417
f 1205/1403/1403 1068/1254/1254 1041/1223/1223
f 1209/1408/1408 1041/1223/1223 1068/1254/1254
f 1011/1181/1181 1220/1420/1420 1020/1192/1192
f 1219/1419/1419 1020/1192/1192 1220/1420/1420
f 1011/1181/1181 1062/1246/1246 1220/1420/1420
f 1222/1422/1422 1220/1420/1420 1062/1246/1246
f 1037/1218/1218 1035/1216/1216 1150/1344/1344
f 1315/1533/1533 1324/1542/1542 1240/1442/1442
f 1285/1499/1499 1240/1442/1442 1324/1542/1542
f 1285/1499/1499 1320/1538/1538 1240/1442/1442
f 1319/1537/1537 1240/1442/1442 1320/1538/1538
f 1319/1537/1537 1341/1562/1562 1240/1442/1442
f 1329/1548/1548 1240/1442/1442 1341/1562/1562
f 1329/1548/1548 1340/1561/1561 1240/1442/1442
f 1315/1533/1533 1240/1442/1442 1340/1561/1561
f 1320/1538/1538 1285/1499/1499 1321/1539/1539
f 1322/1540/1540 1321/1539/1539 1285/1499/1499
f 1319/1537/1537 1320/1538/1538 1248/1456/1456
f 1286/1501/1501 1248/1456/1456 1320/1538/1538
f 1320/1538/1538 1321/1539/1539 1286/1501/1501
f 1249/1458/1458 1286/1501/1501 1321/1539/1539
f 1321/1539/1539 1322/1540/1540 1249/1458/1458
f 1250/1460/1460 1249/1458/1458 1322/1540/1540
f 1322/1540/1540 1323/1541/1541 1250/1460/1460
f 1322/1540/1540 1285/1499/1499 1323/1541/1541
f 1324/1542/1542 1323/1541/1541 1285/1499/1499
f 1251/1462/1462 1250/1460/1460 1323/1541/1541
f 1323/1541/1541 1324/1542/1542 1251/1462/1462
f 1287/1503/1503 1251/1462/1462 1324/1542/1542
f 1324/1542/1542 1315/1533/1533 1287/1503/1503
f 1244/1447/1447 1287/1503/1503 1315/1533/1533
f 1315/1533/1533 1340/1561/1561 1244/1447/1447
f 1330/1550/1550 1244/1447/1447 1340/1561/1561
f 1340/1561/1561 1316/1534/1534 1330/1550/1550
f 1340/1561/1561 1329/1548/1548 1316/1534/1534
f 1317/1535/1535 1316/1534/1534 1329/1548/1548
f 1245/1449/1449 1316/1534/1534 1317/1535/1535
f 1245/1449/1449 1330/1550/1550 1316/1534/1534
f 1326/1545/1545 1245/1449/1449 1317/1535/1535
f 1246/1451/1451 1326/1545/1545 1317/1535/1535
f 1317/1535/1535 1318/1536/1536 1246/1451/1451
f 1317/1535/1535 1329/1548/1548 1318/1536/1536
f 1247/1453/1453 1246/1451/1451 1318/1536/1536
f 1247/1453/1453 1318/1536/1536 1331/1552/1552
f 1341/1562/1562 1331/1552/1552 1318/1536/1536
f 1341/1562/1562 1318/1536/1536 1329/1548/1548
f 1331/1552/1552 1341/1562/1562 1248/1456/1456
f 1319/1537/1537 1248/1456/1456 1341/1562/1562
f 1283/1497/1497 1292/1508/1508 1233/1433/1433
f 1268/1481/1481 1233/1433/1433 1292/1508/1508
f 1292/1508/1508 1343/1565/1565 1268/1481/1481
f 1343/1565/1565 1392/1619/1619 1268/1481/1481
f 1392/1619/1619 1387/1613/1613 1268/1481/1481
f 1292/1508/1508 1283/1497/1497 1269/1483/1483
f 1346/1568/1568 1292/1508/1508 1269/1483/1483
f 1343/1565/1565 1292/1508/1508 1346/1568/1568
f 1283/1497/1497 1235/1436/1436 1269/1483/1483
f 1235/1436/1436 1283/1497/1497 1434/1665/1665
f 1437/1668/1668 1434/1665/1665 1283/1497/1497
f 1269/1483/1483 1357/1579/1579 1346/1568/1568
f 1356/1578/1578 1346/1568/1568 1357/1579/1579
f 1346/1568/1568 1356/1578/1578 1343/1565/1565
f 1362/1585/1585 1343/1565/1565 1356/1578/1578
f 1343/1565/1565 1362/1585/1585 1392/1619/1619
f 1361/1584/1584 1392/1619/1619 1362/1585/1585
f 1357/1579/1579 1348/1570/1570 1356/1578/1578
f 1347/1569/1569 1356/1578/1578 1348/1570/1570
f 1356/1578/1578 1347/1569/1569 1362/1585/1585
f 1348/1570/1570 1294/1510/1510 1347/1569/1569
f 1352/1574/1574 1294/1510/1510 1348/1570/1570
f 1362/1585/1585 1354/1576/1576 1361/1584/1584
f 1354/1576/1576 1362/1585/1585 1347/1569/1569
f 1347/1569/1569 1237/1439/1439 1354/1576/1576
f 1284/1498/1498 1354/1576/1576 1237/1439/1439
f 1354/1576/1576 1284/1498/1498 1342/1564/1564
f 1236/1437/1437 1342/1564/1564 1284/1498/1498
f 1342/1564/1564 1361/1584/1584 1354/1576/1576
f 1353/1575/1575 1352/1574/1574 1360/1582/1582
f 1353/1575/1575 1360/1582/1582 1235/1436/1436
f 1235/1436/1436 1241/1443/1443 1353/1575/1575
f 1235/1436/1436 1360/1582/1582 1269/1483/1483
f 1357/1579/1579 1269/1483/1483 1360/1582/1582
f 1360/1582/1582 1352/1574/1574 1357/1579/1579
f 1348/1570/1570 1357/1579/1579 1352/1574/1574
f 1241/1443/1443 1235/1436/1436 1435/1666/1666
f 1434/1665/1665 1435/1666/1666 1235/1436/1436
f 1435/1666/1666 1434/1665/1665 1264/1477/1477
f 1262/1475/1475 1264/1477/1477 1434/1665/1665
f 1264/1477/1477 1262/1475/1475 1367/1591/1591
f 1366/1590/1590 1367/1591/1591 1262/1475/1475
f 1262/1475/1475 1289/1505/1505 1366/1590/1590
f 1375/1600/1600 1366/1590/1590 1289/1505/1505
f 1264/1477/1477 1266/1479/1479 1435/1666/1666
f 1289/1505/1505 1260/1472/1472 1375/1600/1600
f 1260/1472/1472 1289/1505/1505 1433/1663/1663
f 1437/1668/1668 1433/1663/1663 1289/1505/1505
f 1365/1589/1589 1375/1600/1600 1260/1472/1472
f 1366/1590/1590 1375/1600/1600 1380/1606/1606
f 1382/1608/1608 1380/1606/1606 1375/1600/1600
f 1380/1606/1606 1381/1607/1607 1366/1590/1590
f 1367/1591/1591 1366/1590/1590 1381/1607/1607
f 1367/1591/1591 1381/1607/1607 1445/1676/1676
f 1380/1606/1606 1382/1608/1608 1373/1598/1598
f 1368/1592/1592 1373/1598/1598 1382/1608/1608
f 1373/1598/1598 1368/1592/1592 1422/1652/1652
f 1288/1504/1504 1422/1652/1652 1368/1592/1592
f 1368/1592/1592 1372/1596/1596 1288/1504/1504
f 1421/1650/1650 1288/1504/1504 1372/1596/1596
f 1422/1652/1652 1265/1478/1478 1373/1598/1598
f 1374/1599/1599 1373/1598/1598 1265/1478/1478
f 1372/1596/1596 1368/1592/1592 1379/1605/1605
f 1382/1608/1608 1379/1605/1605 1368/1592/1592
f 1379/1605/1605 1382/1608/1608 1365/1589/1589
f 1375/1600/1600 1365/1589/1589 1382/1608/1608
f 1265/1478/1478 1267/1480/1480 1374/1599/1599
f 1265/1478/1478 1423/1653/1653 1267/1480/1480
f 1423/1653/1653 1265/1478/1478 1263/1476/1476
f 1423/1653/1653 1263/1476/1476 1312/1530/1530
f 1311/1529/1529 1312/1530/1530 1263/1476/1476
f 1312/1530/1530 1311/1529/1529 1300/1516/1516
f 1311/1529/1529 1310/1528/1528 1300/1516/1516
f 1301/1517/1517 1300/1516/1516 1310/1528/1528
f 1500/1731/1731 1312/1530/1530 1300/1516/1516
f 1299/1515/1515 1500/1731/1731 1300/1516/1516
f 1500/1731/1731 1501/1732/1732 1312/1530/1530
f 1313/1531/1531 1312/1530/1530 1501/1732/1732
f 1310/1528/1528 1309/1527/1527 1301/1517/1517
f 1302/1519/1519 1301/1517/1517 1309/1527/1527
f 1301/1517/1517 1302/1519/1519 1286/1500/1500
f 1286/1500/1500 1249/1457/1457 1301/1517/1517
f 1248/1454/1454 1286/1500/1500 1302/1519/1519
f 1501/1732/1732 1502/1733/1733 1313/1531/1531
f 1314/1532/1532 1313/1531/1531 1502/1733/1733
f 1502/1733/1733 1498/1729/1729 1314/1532/1532
f 1305/1522/1522 1314/1532/1532 1498/1729/1729
f 1314/1532/1532 1305/1522/1522 1290/1506/1506
f 1290/1506/1506 1424/1654/1654 1314/1532/1532
f 1313/1531/1531 1314/1532/1532 1424/1654/1654
f 1424/1654/1654 1423/1653/1653 1313/1531/1531
f 1312/1530/1530 1313/1531/1531 1423/1653/1653
f 1417/1646/1646 1290/1506/1506 1305/1522/1522
f 1305/1522/1522 1338/1559/1559 1417/1646/1646
f 1427/1657/1657 1417/1646/1646 1338/1559/1559
f 1427/1657/1657 1338/1559/1559 1418/1647/1647
f 1306/1523/1523 1418/1647/1647 1338/1559/1559
f 1338/1559/1559 1503/1734/1734 1306/1523/1523
f 1499/1730/1730 1306/1523/1523 1503/1734/1734
f 1306/1523/1523 1499/1730/1730 1307/1524/1524
f 1306/1523/1523 1307/1524/1524 1418/1647/1647
f 1494/1725/1725 1307/1524/1524 1499/1730/1730
f 1307/1524/1524 1494/1725/1725 1308/1525/1525
f 1494/1725/1725 1304/1521/1521 1308/1525/1525
f 1304/1521/1521 1303/1520/1520 1308/1525/1525
f 1303/1520/1520 1304/1521/1521 1247/1452/1452
f 1246/1450/1450 1247/1452/1452 1304/1521/1521
f 1307/1524/1524 1308/1525/1525 1419/1648/1648
f 1419/1648/1648 1418/1647/1647 1307/1524/1524
f 1420/1649/1649 1419/1648/1648 1308/1525/1525
f 1308/1525/1525 1339/1560/1560 1420/1649/1649
f 1308/1525/1525 1303/1520/1520 1339/1560/1560
f 1428/1658/1658 1420/1649/1649 1339/1560/1560
f 1428/1658/1658 1339/1560/1560 1261/1474/1474
f 1309/1526/1526 1261/1474/1474 1339/1560/1560
f 1339/1560/1560 1337/1558/1558 1309/1526/1526
f 1302/1518/1518 1309/1526/1526 1337/1558/1558
f 1302/1518/1518 1337/1558/1558 1248/1455/1455
f 1331/1551/1551 1248/1455/1455 1337/1558/1558
f 1331/1551/1551 1337/1558/1558 1247/1452/1452
f 1303/1520/1520 1247/1452/1452 1337/1558/1558
f 1337/1558/1558 1339/1560/1560 1303/1520/1520
f 1333/1554/1554 1442/1673/1673 1254/1465/1465
f 1441/1672/1672 1254/1465/1465 1442/1673/1673
f 1441/1672/1672 1363/1586/1586 1254/1465/1465
f 1256/1467/1467 1254/1465/1465 1363/1586/1586
f 1256/1467/1467 1363/1586/1586 1258/1469/1469
f 1364/1587/1587 1258/1469/1469 1363/1586/1586
f 1256/1467/1467 1431/1661/1661 1254/1465/1465
f 1431/1661/1661 1256/1467/1467 1432/1662/1662
f 1258/1469/1469 1432/1662/1662 1256/1467/1467
f 1432/1662/1662 1258/1469/1469 1440/1671/1671
f 1335/1556/1556 1440/1671/1671 1258/1469/1469
f 1258/1469/1469 1364/1587/1587 1335/1556/1556
f 1376/1601/1601 1335/1556/1556 1364/1587/1587
f 1335/1556/1556 1376/1601/1601 1260/1471/1471
f 1365/1588/1588 1260/1471/1471 1376/1601/1601
f 1376/1601/1601 1383/1609/1609 1365/1588/1588
f 1379/1604/1604 1365/1588/1588 1383/1609/1609
f 1383/1609/1609 1369/1593/1593 1379/1604/1604
f 1369/1593/1593 1383/1609/1609 1371/1595/1595
f 1371/1595/1595 1259/1470/1470 1369/1593/1593
f 1334/1555/1555 1369/1593/1593 1259/1470/1470
f 1259/1470/1470 1371/1595/1595 1257/1468/1468
f 1370/1594/1594 1257/1468/1468 1371/1595/1595
f 1369/1593/1593 1334/1555/1555 1372/1597/1597
f 1372/1597/1597 1379/1604/1604 1369/1593/1593
f 1421/1651/1651 1372/1597/1597 1334/1555/1555
f 1371/1595/1595 1378/1603/1603 1370/1594/1594
f 1378/1603/1603 1371/1595/1595 1383/1609/1609
f 1377/1602/1602 1370/1594/1594 1378/1603/1603
f 1378/1603/1603 1364/1587/1587 1377/1602/1602
f 1363/1586/1586 1377/1602/1602 1364/1587/1587
f 1383/1609/1609 1376/1601/1601 1378/1603/1603
f 1364/1587/1587 1378/1603/1603 1376/1601/1601
f 1441/1672/1672 1377/1602/1602 1363/1586/1586
f 1441/1672/1672 1370/1594/1594 1377/1602/1602
f 1441/1672/1672 1255/1466/1466 1370/1594/1594
f 1255/1466/1466 1441/1672/1672 1332/1553/1553
f 1332/1553/1553 1427/1657/1657 1255/1466/1466
f 1427/1657/1657 1332/1553/1553 1417/1646/1646
f 1253/1464/1464 1417/1646/1646 1332/1553/1553
f 1417/1646/1646 1253/1464/1464 1290/1506/1506
f 1426/1656/1656 1290/1506/1506 1253/1464/1464
f 1290/1506/1506 1426/1656/1656 1424/1654/1654
f 1267/1480/1480 1424/1654/1654 1426/1656/1656
f 1424/1654/1654 1267/1480/1480 1423/1653/1653
f 1426/1656/1656 1253/1464/1464 1444/1675/1675
f 1443/1674/1674 1444/1675/1675 1253/1464/1464
f 1443/1674/1674 1252/1463/1463 1444/1675/1675
f 1291/1507/1507 1444/1675/1675 1252/1463/1463
f 1291/1507/1507 1266/1479/1479 1444/1675/1675
f 1291/1507/1507 1438/1669/1669 1266/1479/1479
f 1436/1667/1667 1266/1479/1479 1438/1669/1669
f 1436/1667/1667 1435/1666/1666 1266/1479/1479
f 1445/1676/1676 1444/1675/1675 1266/1479/1479
f 1252/1463/1463 1443/1674/1674 1333/1554/1554
f 1252/1463/1463 1333/1554/1554 1429/1659/1659
f 1439/1670/1670 1429/1659/1659 1333/1554/1554
f 1442/1673/1673 1333/1554/1554 1443/1674/1674
f 1439/1670/1670 1327/1546/1546 1429/1659/1659
f 1327/1546/1546 1439/1670/1670 1231/1431/1431
f 1430/1660/1660 1231/1431/1431 1439/1670/1670
f 1231/1431/1431 1430/1660/1660 1242/1444/1444
f 1431/1661/1661 1242/1444/1444 1430/1660/1660
f 1430/1660/1660 1254/1465/1465 1431/1661/1661
f 1242/1444/1444 1431/1661/1661 1243/1445/1445
f 1432/1662/1662 1243/1445/1445 1431/1661/1661
f 1243/1445/1445 1432/1662/1662 1328/1547/1547
f 1440/1671/1671 1328/1547/1547 1432/1662/1662
f 1254/1465/1465 1430/1660/1660 1333/1554/1554
f 1439/1670/1670 1333/1554/1554 1430/1660/1660
f 1440/1671/1671 1335/1556/1556 1433/1664/1664
f 1260/1471/1471 1433/1664/1664 1335/1556/1556
f 1547/1811/1811 1272/1486/1486 1560/1839/1839
f 1272/1486/1486 1293/1509/1509 1560/1839/1839
f 1578/1874/1874 1560/1839/1839 1293/1509/1509
f 1547/1811/1811 3207/3859/3859 1272/1486/1486
f 1496/1727/1727 1495/1726/1726 1297/1513/1513
f 1298/1514/1514 1297/1513/1513 1495/1726/1726
f 1297/1513/1513 1298/1514/1514 1287/1502/1502
f 1287/1502/1502 1244/1446/1446 1297/1513/1513
f 1296/1512/1512 1297/1513/1513 1244/1446/1446
f 1297/1513/1513 1296/1512/1512 1496/1727/1727
f 1251/1461/1461 1287/1502/1502 1298/1514/1514
f 1298/1514/1514 1299/1515/1515 1251/1461/1461
f 1250/1459/1459 1251/1461/1461 1299/1515/1515
f 1299/1515/1515 1300/1516/1516 1250/1459/1459
f 1249/1457/1457 1250/1459/1459 1300/1516/1516
f 1300/1516/1516 1301/1517/1517 1249/1457/1457
f 1296/1512/1512 1244/1446/1446 1336/1557/1557
f 1336/1557/1557 1497/1728/1728 1296/1512/1512
f 1492/1723/1723 1296/1512/1512 1497/1728/1728
f 1330/1549/1549 1336/1557/1557 1244/1446/1446
f 1330/1549/1549 1245/1448/1448 1336/1557/1557
f 1295/1511/1511 1336/1557/1557 1245/1448/1448
f 1245/1448/1448 1326/1544/1544 1295/1511/1511
f 1325/1543/1543 1295/1511/1511 1326/1544/1544
f 1326/1544/1544 1246/1450/1450 1325/1543/1543
f 1304/1521/1521 1325/1543/1543 1246/1450/1450
f 1295/1511/1511 1325/1543/1543 1494/1725/1725
f 1325/1543/1543 1304/1521/1521 1494/1725/1725
f 1493/1724/1724 1295/1511/1511 1494/1725/1725
f 1295/1511/1511 1493/1724/1724 1336/1557/1557
f 1497/1728/1728 1336/1557/1557 1493/1724/1724
f 1493/1724/1724 1505/1736/1736 1497/1728/1728
f 1493/1724/1724 1494/1725/1725 1505/1736/1736
f 1505/1736/1736 1494/1725/1725 1499/1730/1730
f 1505/1736/1736 1499/1730/1730 1508/1739/1739
f 1508/1739/1739 1497/1728/1728 1505/1736/1736
f 1503/1734/1734 1508/1739/1739 1499/1730/1730
f 1497/1728/1728 1508/1739/1739 1492/1723/1723
f 1504/1735/1735 1492/1723/1723 1508/1739/1739
f 1508/1739/1739 1503/1734/1734 1504/1735/1735
f 1504/1735/1735 1507/1738/1738 1492/1723/1723
f 1507/1738/1738 1504/1735/1735 1502/1733/1733
f 1498/1729/1729 1502/1733/1733 1504/1735/1735
f 1498/1729/1729 1504/1735/1735 1503/1734/1734
f 1503/1734/1734 1338/1559/1559 1498/1729/1729
f 1305/1522/1522 1498/1729/1729 1338/1559/1559
f 1496/1727/1727 1492/1723/1723 1507/1738/1738
f 1492/1723/1723 1496/1727/1727 1296/1512/1512
f 1507/1738/1738 1506/1737/1737 1496/1727/1727
f 1495/1726/1726 1496/1727/1727 1506/1737/1737
f 1495/1726/1726 1506/1737/1737 1500/1731/1731
f 1495/1726/1726 1500/1731/1731 1298/1514/1514
f 1299/1515/1515 1298/1514/1514 1500/1731/1731
f 1506/1737/1737 1501/1732/1732 1500/1731/1731
f 1506/1737/1737 1507/1738/1738 1501/1732/1732
f 1502/1733/1733 1501/1732/1732 1507/1738/1738
f 1309/1527/1527 1310/1528/1528 1261/1473/1473
f 1425/1655/1655 1261/1473/1473 1310/1528/1528
f 1310/1528/1528 1311/1529/1529 1425/1655/1655
f 1263/1476/1476 1425/1655/1655 1311/1529/1529
f 1263/1476/1476 1422/1652/1652 1425/1655/1655
f 1288/1504/1504 1425/1655/1655 1422/1652/1652
f 1425/1655/1655 1288/1504/1504 1261/1473/1473
f 1422/1652/1652 1263/1476/1476 1265/1478/1478
f 1421/1650/1650 1261/1473/1473 1288/1504/1504
f 1381/1607/1607 1380/1606/1606 1374/1599/1599
f 1373/1598/1598 1374/1599/1599 1380/1606/1606
f 1445/1676/1676 1381/1607/1607 1374/1599/1599
f 1445/1676/1676 1374/1599/1599 1267/1480/1480
f 1267/1480/1480 1426/1656/1656 1445/1676/1676
f 1444/1675/1675 1445/1676/1676 1426/1656/1656
f 1367/1591/1591 1445/1676/1676 1264/1477/1477
f 1266/1479/1479 1264/1477/1477 1445/1676/1676
f 1509/1740/1740 1510/1741/1741 1553/1825/1825
f 1552/1823/1823 1509/1740/1740 1553/1825/1825
f 1552/1823/1823 1572/1863/1863 1509/1740/1740
f 1573/1865/1865 1509/1740/1740 1572/1863/1863
f 1509/1740/1740 1573/1865/1865 1510/1741/1741
f 1278/1492/1492 1553/1825/1825 1510/1741/1741
f 1410/1638/1638 1409/1637/1637 1402/1630/1630
f 1401/1629/1629 1402/1630/1630 1409/1637/1637
f 1402/1630/1630 1403/1631/1631 1410/1638/1638
f 1411/1639/1639 1410/1638/1638 1403/1631/1631
f 1403/1631/1631 1404/1632/1632 1411/1639/1639
f 1412/1640/1640 1411/1639/1639 1404/1632/1632
f 1404/1632/1632 1405/1633/1633 1412/1640/1640
f 1413/1641/1641 1412/1640/1640 1405/1633/1633
f 1413/1641/1641 1405/1633/1633 1414/1642/1642
f 1406/1634/1634 1414/1642/1642 1405/1633/1633
f 1414/1642/1642 1406/1634/1634 1415/1643/1643
f 1407/1635/1635 1415/1643/1643 1406/1634/1634
f 1419/1648/1648 1257/1468/1468 1418/1647/1647
f 1255/1466/1466 1418/1647/1647 1257/1468/1468
f 1257/1468/1468 1419/1648/1648 1259/1470/1470
f 1420/1649/1649 1259/1470/1470 1419/1648/1648
f 1259/1470/1470 1420/1649/1649 1334/1555/1555
f 1428/1658/1658 1334/1555/1555 1420/1649/1649
f 1418/1647/1647 1255/1466/1466 1427/1657/1657
f 1334/1555/1555 1428/1658/1658 1421/1651/1651
f 1261/1474/1474 1421/1651/1651 1428/1658/1658
f 1433/1663/1663 1437/1668/1668 1233/1433/1433
f 1283/1497/1497 1233/1433/1433 1437/1668/1668
f 1434/1665/1665 1437/1668/1668 1262/1475/1475
f 1289/1505/1505 1262/1475/1475 1437/1668/1668
f 1435/1666/1666 1436/1667/1667 1241/1443/1443
f 1232/1432/1432 1241/1443/1443 1436/1667/1667
f 1232/1432/1432 1436/1667/1667 1282/1496/1496
f 1438/1669/1669 1282/1496/1496 1436/1667/1667
f 1438/1669/1669 1291/1507/1507 1429/1659/1659
f 1252/1463/1463 1429/1659/1659 1291/1507/1507
f 1442/1673/1673 1332/1553/1553 1441/1672/1672
f 1332/1553/1553 1442/1673/1673 1253/1464/1464
f 1443/1674/1674 1253/1464/1464 1442/1673/1673
f 1257/1468/1468 1370/1594/1594 1255/1466/1466
f 1534/1785/1785 1477/1708/1708 1580/1878/1878
f 1580/1878/1878 1477/1708/1708 1479/1710/1710
f 1479/1710/1710 1478/1709/1709 1580/1878/1878
f 1478/1709/1709 1479/1710/1710 1446/1677/1677
f 1478/1709/1709 1446/1677/1677 1476/1707/1707
f 1478/1709/1709 1476/1707/1707 1579/1876/1876
f 1579/1876/1876 1580/1878/1878 1478/1709/1709
f 1539/1795/1795 1579/1876/1876 1476/1707/1707
f 1465/1696/1696 1479/1710/1710 1477/1708/1708
f 1477/1708/1708 1474/1705/1705 1465/1696/1696
f 1054/1238/1238 1465/1696/1696 1474/1705/1705
f 1474/1705/1705 1448/1679/1679 1054/1238/1238
f 1472/1703/1703 1054/1238/1238 1448/1679/1679
f 1447/1678/1678 1074/1260/1260 1016/1188/1188
f 1075/1261/1261 1115/1306/1306 1486/1717/1717
f 1484/1715/1715 1486/1717/1717 1115/1306/1306
f 1484/1715/1715 1491/1722/1722 1486/1717/1717
f 1491/1722/1722 1488/1719/1719 1486/1717/1717
f 1484/1715/1715 1481/1712/1712 1491/1722/1722
f 1489/1720/1720 1491/1722/1722 1481/1712/1712
f 1491/1722/1722 1489/1720/1720 1488/1719/1719
f 1489/1720/1720 1481/1712/1712 1490/1721/1721
f 1490/1721/1721 1487/1718/1718 1489/1720/1720
f 1485/1716/1716 1489/1720/1720 1487/1718/1718
f 1485/1716/1716 1488/1719/1719 1489/1720/1720
f 1488/1719/1719 1485/1716/1716 1117/1308/1308
f 1483/1714/1714 1490/1721/1721 1481/1712/1712
f 1490/1721/1721 1483/1714/1714 1482/1713/1713
f 1487/1718/1718 1490/1721/1721 1482/1713/1713
f 1482/1713/1713 1092/1280/1280 1487/1718/1718
f 1520/1757/1757 1538/1794/1794 1609/1920/1920
f 1635/1947/1947 1609/1920/1920 1538/1794/1794
f 1538/1794/1794 1519/1754/1754 1635/1947/1947
f 1608/1919/1919 1635/1947/1947 1519/1754/1754
f 1519/1754/1754 1516/1748/1748 1608/1919/1919
f 1607/1918/1918 1608/1919/1919 1516/1748/1748
f 1516/1748/1748 1531/1780/1780 1607/1918/1918
f 1606/1917/1917 1607/1918/1918 1531/1780/1780
f 1606/1917/1917 1531/1780/1780 1605/1916/1916
f 1530/1778/1778 1605/1916/1916 1531/1780/1780
f 1605/1916/1916 1530/1778/1778 1604/1915/1915
f 1529/1776/1776 1604/1915/1915 1530/1778/1778
f 1528/1774/1774 1604/1915/1915 1529/1776/1776
f 1528/1774/1774 1630/1942/1942 1604/1915/1915
f 1631/1943/1943 1604/1915/1915 1630/1942/1942
f 1604/1915/1915 1631/1943/1943 1605/1916/1916
f 1648/1961/1961 1605/1916/1916 1631/1943/1943
f 1648/1961/1961 1649/1962/1962 1605/1916/1916
f 1630/1942/1942 1593/1904/1904 1631/1943/1943
f 1597/1908/1908 1631/1943/1943 1593/1904/1904
f 1593/1904/1904 1525/1768/1768 1597/1908/1908
f 1524/1766/1766 1597/1908/1908 1525/1768/1768
f 1597/1908/1908 1524/1766/1766 1644/1956/1956
f 1644/1956/1956 1602/1913/1913 1597/1908/1908
f 1742/2058/2058 1597/1908/1908 1602/1913/1913
f 1544/1806/1806 1644/1956/1956 1524/1766/1766
f 1644/1956/1956 1544/1806/1806 1602/1913/1913
f 1525/1768/1768 1593/1904/1904 1542/1802/1802
f 1641/1953/1953 1542/1802/1802 1593/1904/1904
f 1742/2058/2058 1602/1913/1913 1620/1932/1932
f 1620/1932/1932 1744/2060/2060 1742/2058/2058
f 1620/1932/1932 1591/1902/1902 1744/2060/2060
f 1591/1902/1902 1620/1932/1932 1523/1764/1764
f 1536/1790/1790 1523/1764/1764 1620/1932/1932
f 1598/1909/1909 1744/2060/2060 1591/1902/1902
f 1770/2086/2086 1536/1790/1790 1620/1932/1932
f 1602/1913/1913 1770/2086/2086 1620/1932/1932
f 1770/2086/2086 1602/1913/1913 1545/1808/1808
f 1536/1790/1790 1770/2086/2086 1545/1808/1808
f 1544/1806/1806 1545/1808/1808 1602/1913/1913
f 1591/1902/1902 1523/1764/1764 1682/1997/1997
f 1682/1997/1997 1684/1999/1999 1591/1902/1902
f 1598/1909/1909 1591/1902/1902 1684/1999/1999
f 1684/1999/1999 1682/1997/1997 1666/1979/1979
f 1663/1976/1976 1666/1979/1979 1682/1997/1997
f 1663/1976/1976 1682/1997/1997 1668/1981/1981
f 1663/1976/1976 1668/1981/1981 1665/1978/1978
f 1706/2021/2021 1665/1978/1978 1668/1981/1981
f 1706/2021/2021 1572/1864/1864 1665/1978/1978
f 1572/1864/1864 1706/2021/2021 1668/1981/1981
f 1552/1824/1824 1665/1978/1978 1572/1864/1864
f 1552/1824/1824 1553/1826/1826 1665/1978/1978
f 1660/1973/1973 1665/1978/1978 1553/1826/1826
f 1553/1826/1826 1570/1860/1860 1660/1973/1973
f 1703/2018/2018 1660/1973/1973 1570/1860/1860
f 1665/1978/1978 1660/1973/1973 1768/2084/2084
f 1691/2006/2006 1768/2084/2084 1660/1973/1973
f 1660/1973/1973 1703/2018/2018 1691/2006/2006
f 1768/2084/2084 1710/2026/2026 1665/1978/1978
f 1663/1976/1976 1665/1978/1978 1710/2026/2026
f 1710/2026/2026 1693/2008/2008 1663/1976/1976
f 1666/1979/1979 1663/1976/1976 1693/2008/2008
f 1693/2008/2008 1694/2009/2009 1666/1979/1979
f 1664/1977/1977 1666/1979/1979 1694/2009/2009
f 1664/1977/1977 1683/1998/1998 1666/1979/1979
f 1745/2061/2061 1666/1979/1979 1683/1998/1998
f 1717/2033/2033 1693/2008/2008 1710/2026/2026
f 1693/2008/2008 1717/2033/2033 1694/2009/2009
f 1718/2034/2034 1694/2009/2009 1717/2033/2033
f 1717/2033/2033 1711/2027/2027 1718/2034/2034
f 1711/2027/2027 1717/2033/2033 1710/2026/2026
f 1710/2026/2026 1672/1986/1986 1711/2027/2027
f 1710/2026/2026 1769/2085/2085 1672/1986/1986
f 1671/1985/1985 1672/1986/1986 1769/2085/2085
f 1672/1986/1986 1671/1985/1985 1557/1834/1834
f 1556/1832/1832 1557/1834/1834 1671/1985/1985
f 1671/1985/1985 1670/1984/1984 1556/1832/1832
f 1557/1834/1834 1558/1836/1836 1672/1986/1986
f 1673/1987/1987 1672/1986/1986 1558/1836/1836
f 1673/1987/1987 1558/1836/1836 1674/1988/1988
f 1546/1810/1810 1674/1988/1988 1558/1836/1836
f 1674/1988/1988 1546/1810/1810 1675/1989/1989
f 1548/1814/1814 1675/1989/1989 1546/1810/1810
f 1674/1988/1988 1712/2028/2028 1673/1987/1987
f 1711/2027/2027 1673/1987/1987 1712/2028/2028
f 1673/1987/1987 1711/2027/2027 1672/1986/1986
f 1675/1989/1989 1714/2030/2030 1674/1988/1988
f 1712/2028/2028 1674/1988/1988 1714/2030/2030
f 1715/2031/2031 1714/2030/2030 1675/1989/1989
f 1675/1989/1989 1697/2012/2012 1715/2031/2031
f 1675/1989/1989 1548/1814/1814 1697/2012/2012
f 1716/2032/2032 1715/2031/2031 1697/2012/2012
f 1565/1850/1850 1697/2012/2012 1548/1814/1814
f 1697/2012/2012 1565/1850/1850 1676/1990/1990
f 1549/1817/1817 1676/1990/1990 1565/1850/1850
f 1716/2032/2032 1697/2012/2012 1709/2025/2025
f 1676/1990/1990 1709/2025/2025 1697/2012/2012
f 1715/2031/2031 1720/2036/2036 1714/2030/2030
f 1715/2031/2031 1716/2032/2032 1720/2036/2036
f 1721/2037/2037 1720/2036/2036 1716/2032/2032
f 1709/2025/2025 1721/2037/2037 1716/2032/2032
f 1720/2036/2036 1721/2037/2037 1707/2022/2022
f 1720/2036/2036 1707/2022/2022 1719/2035/2035
f 1719/2035/2035 1714/2030/2030 1720/2036/2036
f 1714/2030/2030 1719/2035/2035 1712/2028/2028
f 1718/2034/2034 1712/2028/2028 1719/2035/2035
f 1712/2028/2028 1718/2034/2034 1711/2027/2027
f 1719/2035/2035 1695/2010/2010 1718/2034/2034
f 1719/2035/2035 1713/2029/2029 1695/2010/2010
f 1713/2029/2029 1719/2035/2035 1707/2022/2022
f 1707/2022/2022 1733/2049/2049 1713/2029/2029
f 1736/2052/2052 1713/2029/2029 1733/2049/2049
f 1713/2029/2029 1736/2052/2052 1738/2054/2054
f 1713/2029/2029 1738/2054/2054 1695/2010/2010
f 1734/2050/2050 1738/2054/2054 1736/2052/2052
f 1733/2049/2049 1707/2022/2022 1590/1901/1901
f 1587/1894/1894 1733/2049/2049 1590/1901/1901
f 1733/2049/2049 1587/1894/1894 1736/2052/2052
f 1707/2022/2022 1708/2023/2023 1590/1901/1901
f 1590/1901/1901 1708/2023/2023 583/699/699
f 1709/2025/2025 583/699/699 1708/2023/2023
f 1709/2025/2025 1708/2023/2023 1721/2037/2037
f 1708/2023/2023 1707/2022/2022 1721/2037/2037
f 1734/2050/2050 1588/1896/1896 1735/2051/2051
f 589/712/712 1735/2051/2051 1588/1896/1896
f 1735/2051/2051 589/712/712 1729/2045/2045
f 1586/1892/1892 1729/2045/2045 589/712/712
f 1586/1892/1892 579/690/690 1729/2045/2045
f 1731/2047/2047 1729/2045/2045 579/690/690
f 579/690/690 575/682/682 1731/2047/2047
f 1730/2046/2046 1731/2047/2047 575/682/682
f 1729/2045/2045 1731/2047/2047 1737/2053/2053
f 1741/2057/2057 1737/2053/2053 1731/2047/2047
f 1731/2047/2047 1730/2046/2046 1741/2057/2057
f 1740/2056/2056 1741/2057/2057 1730/2046/2046
f 575/682/682 580/692/692 1730/2046/2046
f 1732/2048/2048 1730/2046/2046 580/692/692
f 1730/2046/2046 1732/2048/2048 1740/2056/2056
f 580/692/692 571/673/673 1732/2048/2048
f 1728/2044/2044 1732/2048/2048 571/673/673
f 1732/2048/2048 1728/2044/2044 1651/1964/1964
f 1651/1964/1964 1740/2056/2056 1732/2048/2048
f 1651/1964/1964 1634/1946/1946 1740/2056/2056
f 1601/1912/1912 1740/2056/2056 1634/1946/1946
f 1645/1957/1957 1651/1964/1964 1728/2044/2044
f 1645/1957/1957 1728/2044/2044 581/694/694
f 1728/2044/2044 571/673/673 581/694/694
f 1646/1958/1958 1645/1957/1957 581/694/694
f 581/694/694 1581/1882/1882 1646/1958/1958
f 1647/1960/1960 1646/1958/1958 1581/1882/1882
f 1651/1964/1964 1657/1970/1970 1634/1946/1946
f 1651/1964/1964 1645/1957/1957 1657/1970/1970
f 1658/1971/1971 1657/1970/1970 1645/1957/1957
f 1657/1970/1970 1658/1971/1971 1652/1965/1965
f 1652/1965/1965 1650/1963/1963 1657/1970/1970
f 1650/1963/1963 1652/1965/1965 1607/1918/1918
f 1607/1918/1918 1606/1917/1917 1650/1963/1963
f 1649/1962/1962 1650/1963/1963 1606/1917/1917
f 1606/1917/1917 1605/1916/1916 1649/1962/1962
f 1608/1919/1919 1607/1918/1918 1652/1965/1965
f 1652/1965/1965 1653/1966/1966 1608/1919/1919
f 1608/1919/1919 1653/1966/1966 1635/1947/1947
f 1654/1967/1967 1635/1947/1947 1653/1966/1966
f 1654/1967/1967 1647/1960/1960 1635/1947/1947
f 1609/1920/1920 1635/1947/1947 1647/1960/1960
f 1653/1966/1966 1658/1971/1971 1654/1967/1967
f 1653/1966/1966 1652/1965/1965 1658/1971/1971
f 1659/1972/1972 1654/1967/1967 1658/1971/1971
f 1659/1972/1972 1647/1960/1960 1654/1967/1967
f 1658/1971/1971 1645/1957/1957 1659/1972/1972
f 1646/1958/1958 1659/1972/1972 1645/1957/1957
f 1646/1958/1958 1647/1960/1960 1659/1972/1972
f 1629/1941/1941 1615/1927/1927 1595/1906/1906
f 1616/1928/1928 1595/1906/1906 1615/1927/1927
f 1595/1906/1906 1616/1928/1928 1626/1938/1938
f 1626/1938/1938 1537/1792/1792 1595/1906/1906
f 1532/1782/1782 1595/1906/1906 1537/1792/1792
f 1627/1939/1939 1626/1938/1938 1616/1928/1928
f 1616/1928/1928 1615/1927/1927 1723/2039/2039
f 1616/1928/1928 1723/2039/2039 1627/1939/1939
f 1618/1930/1930 1723/2039/2039 1615/1927/1927
f 1622/1934/1934 1627/1939/1939 1723/2039/2039
f 1537/1792/1792 1626/1938/1938 1533/1784/1784
f 1613/1925/1925 1533/1784/1784 1626/1938/1938
f 1617/1929/1929 1613/1925/1925 1627/1939/1939
f 1627/1939/1939 1622/1934/1934 1617/1929/1929
f 1626/1938/1938 1627/1939/1939 1613/1925/1925
f 1722/2038/2038 1617/1929/1929 1622/1934/1934
f 1613/1925/1925 1687/2002/2002 1533/1784/1784
f 1416/1645/1645 1533/1784/1784 1687/2002/2002
f 1687/2002/2002 1662/1975/1975 1416/1645/1645
f 1559/1838/1838 1416/1645/1645 1662/1975/1975
f 1662/1975/1975 1687/2002/2002 1680/1995/1995
f 1680/1995/1995 1696/2011/2011 1662/1975/1975
f 1690/2005/2005 1662/1975/1975 1696/2011/2011
f 1688/2003/2003 1680/1995/1995 1687/2002/2002
f 1680/1995/1995 1577/1873/1873 1696/2011/2011
f 1680/1995/1995 1688/2003/2003 1577/1873/1873
f 1726/2042/2042 1696/2011/2011 1577/1873/1873
f 1726/2042/2042 1725/2041/2041 1696/2011/2011
f 1679/1994/1994 1696/2011/2011 1725/2041/2041
f 1696/2011/2011 1679/1994/1994 1690/2005/2005
f 1727/2043/2043 1577/1873/1873 1688/2003/2003
f 1688/2003/2003 1617/1929/1929 1727/2043/2043
f 1617/1929/1929 1688/2003/2003 1613/1925/1925
f 1687/2002/2002 1613/1925/1925 1688/2003/2003
f 1722/2038/2038 1727/2043/2043 1617/1929/1929
f 1725/2041/2041 1567/1854/1854 1679/1994/1994
f 1700/2015/2015 1679/1994/1994 1567/1854/1854
f 1567/1854/1854 1555/1830/1830 1700/2015/2015
f 1669/1982/1982 1700/2015/2015 1555/1830/1830
f 1555/1830/1830 1571/1862/1862 1669/1982/1982
f 1704/2019/2019 1669/1982/1982 1571/1862/1862
f 1669/1982/1982 1704/2019/2019 1767/2083/2083
f 1669/1982/1982 1767/2083/2083 1700/2015/2015
f 1705/2020/2020 1767/2083/2083 1704/2019/2019
f 1701/2016/2016 1700/2015/2015 1767/2083/2083
f 1700/2015/2015 1701/2016/2016 1679/1994/1994
f 1690/2005/2005 1679/1994/1994 1701/2016/2016
f 1701/2016/2016 1698/2013/2013 1690/2005/2005
f 1698/2013/2013 1701/2016/2016 1661/1974/1974
f 1766/2082/2082 1661/1974/1974 1701/2016/2016
f 1766/2082/2082 1705/2020/2020 1661/1974/1974
f 1661/1974/1974 1554/1828/1828 1698/2013/2013
f 1568/1856/1856 1698/2013/2013 1554/1828/1828
f 1662/1975/1975 1690/2005/2005 1698/2013/2013
f 1662/1975/1975 1698/2013/2013 1559/1838/1838
f 1568/1856/1856 1559/1838/1838 1698/2013/2013
f 1661/1974/1974 1703/2018/2018 1554/1828/1828
f 1703/2018/2018 1661/1974/1974 1705/2020/2020
f 1570/1860/1860 1554/1828/1828 1703/2018/2018
f 1705/2020/2020 1691/2006/2006 1703/2018/2018
f 1691/2006/2006 1705/2020/2020 1670/1984/1984
f 1670/1984/1984 1671/1985/1985 1691/2006/2006
f 1769/2085/2085 1691/2006/2006 1671/1985/1985
f 1704/2019/2019 1670/1984/1984 1705/2020/2020
f 1704/2019/2019 1571/1862/1862 1670/1984/1984
f 1692/2007/2007 1691/2006/2006 1769/2085/2085
f 1692/2007/2007 1768/2084/2084 1691/2006/2006
f 1692/2007/2007 1710/2026/2026 1768/2084/2084
f 1692/2007/2007 1769/2085/2085 1710/2026/2026
f 1764/2080/2080 1639/1951/1951 1594/1905/1905
f 1636/1948/1948 1594/1905/1905 1639/1951/1951
f 1594/1905/1905 1636/1948/1948 1526/1770/1770
f 1541/1800/1800 1526/1770/1770 1636/1948/1948
f 1764/2080/2080 1594/1905/1905 1643/1955/1955
f 1641/1953/1953 1643/1955/1955 1594/1905/1905
f 1594/1905/1905 1526/1770/1770 1641/1953/1953
f 1639/1951/1951 1629/1941/1941 1636/1948/1948
f 1595/1906/1906 1636/1948/1948 1629/1941/1941
f 1541/1800/1800 1636/1948/1948 1532/1782/1782
f 1595/1906/1906 1532/1782/1782 1636/1948/1948
f 1542/1802/1802 1641/1953/1953 1526/1770/1770
f 1643/1955/1955 1641/1953/1953 1630/1942/1942
f 1630/1942/1942 1528/1774/1774 1643/1955/1955
f 1642/1954/1954 1643/1955/1955 1528/1774/1774
f 1543/1804/1804 1642/1954/1954 1528/1774/1774
f 1642/1954/1954 1543/1804/1804 1603/1914/1914
f 1527/1772/1772 1603/1914/1914 1543/1804/1804
f 1603/1914/1914 1765/2081/2081 1642/1954/1954
f 1643/1955/1955 1642/1954/1954 1765/2081/2081
f 1603/1914/1914 1527/1772/1772 1638/1950/1950
f 1603/1914/1914 1638/1950/1950 1765/2081/2081
f 1540/1798/1798 1638/1950/1950 1527/1772/1772
f 1639/1951/1951 1765/2081/2081 1638/1950/1950
f 1638/1950/1950 1614/1926/1926 1639/1951/1951
f 1638/1950/1950 1540/1798/1798 1614/1926/1926
f 1629/1941/1941 1639/1951/1951 1614/1926/1926
f 1614/1926/1926 1615/1927/1927 1629/1941/1941
f 1614/1926/1926 1724/2040/2040 1615/1927/1927
f 1724/2040/2040 1614/1926/1926 1540/1798/1798
f 1618/1930/1930 1615/1927/1927 1724/2040/2040
f 1574/1868/1868 1724/2040/2040 1540/1798/1798
f 1574/1868/1868 1575/1870/1870 1724/2040/2040
f 1618/1930/1930 1724/2040/2040 1575/1870/1870
f 1575/1870/1870 1518/1752/1752 1618/1930/1930
f 1723/2039/2039 1618/1930/1930 1518/1752/1752
f 1518/1752/1752 1576/1871/1871 1723/2039/2039
f 1622/1934/1934 1723/2039/2039 1576/1871/1871
f 1576/1871/1871 1517/1750/1750 1622/1934/1934
f 1722/2038/2038 1622/1934/1934 1517/1750/1750
f 1517/1750/1750 1562/1844/1844 1722/2038/2038
f 1727/2043/2043 1722/2038/2038 1562/1844/1844
f 1562/1844/1844 1547/1812/1812 1727/2043/2043
f 1577/1873/1873 1727/2043/2043 1547/1812/1812
f 1547/1812/1812 1560/1840/1840 1577/1873/1873
f 1726/2042/2042 1577/1873/1873 1560/1840/1840
f 1726/2042/2042 1560/1840/1840 1725/2041/2041
f 1578/1875/1875 1725/2041/2041 1560/1840/1840
f 1578/1875/1875 1567/1854/1854 1725/2041/2041
f 1521/1760/1760 1535/1788/1788 1612/1924/1924
f 1625/1937/1937 1612/1924/1924 1535/1788/1788
f 1625/1937/1937 1535/1788/1788 1611/1923/1923
f 1625/1937/1937 1611/1923/1923 1583/1886/1886
f 574/680/680 1583/1886/1886 1611/1923/1923
f 1611/1923/1923 1619/1931/1931 574/680/680
f 1611/1923/1923 1522/1762/1762 1619/1931/1931
f 1522/1762/1762 1611/1923/1923 1535/1788/1788
f 1534/1786/1786 1619/1931/1931 1522/1762/1762
f 1582/1884/1884 574/680/680 1619/1931/1931
f 1619/1931/1931 1534/1786/1786 1640/1952/1952
f 1580/1879/1879 1640/1952/1952 1534/1786/1786
f 1640/1952/1952 1585/1890/1890 1619/1931/1931
f 1582/1884/1884 1619/1931/1931 1585/1890/1890
f 1640/1952/1952 1580/1879/1879 1610/1922/1922
f 1579/1877/1877 1610/1922/1922 1580/1879/1879
f 1610/1922/1922 1579/1877/1877 1637/1949/1949
f 1539/1796/1796 1637/1949/1949 1579/1877/1877
f 1539/1796/1796 1520/1758/1758 1637/1949/1949
f 1609/1921/1921 1637/1949/1949 1520/1758/1758
f 1637/1949/1949 1609/1921/1921 1584/1888/1888
f 1637/1949/1949 1584/1888/1888 1610/1922/1922
f 1609/1921/1921 1647/1959/1959 1584/1888/1888
f 1647/1959/1959 1581/1881/1881 1584/1888/1888
f 572/675/675 1610/1922/1922 1584/1888/1888
f 1610/1922/1922 572/675/675 1640/1952/1952
f 1585/1890/1890 1640/1952/1952 572/675/675
f 1592/1903/1903 1621/1933/1933 1755/2071/2071
f 1754/2070/2070 1755/2071/2071 1621/1933/1933
f 1592/1903/1903 1757/2073/2073 1621/1933/1933
f 1592/1903/1903 1755/2071/2071 1683/1998/1998
f 1757/2073/2073 1592/1903/1903 1683/1998/1998
f 1756/2072/2072 1683/1998/1998 1755/2071/2071
f 1623/1935/1935 1754/2070/2070 1621/1933/1933
f 1754/2070/2070 1623/1935/1935 1755/2071/2071
f 1621/1933/1933 1596/1907/1907 1623/1935/1935
f 1596/1907/1907 1621/1933/1933 1762/2078/2078
f 1599/1910/1910 1623/1935/1935 1596/1907/1907
f 1596/1907/1907 1633/1945/1945 1599/1910/1910
f 1632/1944/1944 1599/1910/1910 1633/1945/1945
f 1762/2078/2078 1634/1946/1946 1596/1907/1907
f 1633/1945/1945 1596/1907/1907 1634/1946/1946
f 1632/1944/1944 1633/1945/1945 1655/1968/1968
f 1632/1944/1944 1655/1968/1968 1648/1961/1961
f 1632/1944/1944 1648/1961/1961 1599/1910/1910
f 1655/1968/1968 1649/1962/1962 1648/1961/1961
f 1655/1968/1968 1656/1969/1969 1649/1962/1962
f 1656/1969/1969 1655/1968/1968 1633/1945/1945
f 1633/1945/1945 1634/1946/1946 1656/1969/1969
f 1650/1963/1963 1649/1962/1962 1656/1969/1969
f 1656/1969/1969 1657/1970/1970 1650/1963/1963
f 1657/1970/1970 1656/1969/1969 1634/1946/1946
f 1746/2062/2062 1599/1910/1910 1648/1961/1961
f 1599/1910/1910 1746/2062/2062 1623/1935/1935
f 1623/1935/1935 1746/2062/2062 1748/2064/2064
f 1748/2064/2064 1747/2063/2063 1623/1935/1935
f 1747/2063/2063 1748/2064/2064 1598/1909/1909
f 1744/2060/2060 1598/1909/1909 1748/2064/2064
f 1747/2063/2063 1598/1909/1909 1749/2065/2065
f 1684/1999/1999 1749/2065/2065 1598/1909/1909
f 1748/2064/2064 1750/2066/2066 1744/2060/2060
f 1742/2058/2058 1744/2060/2060 1750/2066/2066
f 1750/2066/2066 1751/2067/2067 1742/2058/2058
f 1751/2067/2067 1631/1943/1943 1742/2058/2058
f 1597/1908/1908 1742/2058/2058 1631/1943/1943
f 1751/2067/2067 1750/2066/2066 1648/1961/1961
f 1648/1961/1961 1631/1943/1943 1751/2067/2067
f 1746/2062/2062 1648/1961/1961 1750/2066/2066
f 1750/2066/2066 1748/2064/2064 1746/2062/2062
f 1612/1924/1924 1625/1937/1937 573/678/678
f 1583/1886/1886 573/678/678 1625/1937/1937
f 1612/1924/1924 573/678/678 1686/2001/2001
f 1686/2001/2001 1563/1846/1846 1612/1924/1924
f 1521/1760/1760 1612/1924/1924 1563/1846/1846
f 1686/2001/2001 1678/1993/1993 1563/1846/1846
f 1686/2001/2001 1589/1899/1899 1678/1993/1993
f 585/703/703 1678/1993/1993 1589/1899/1899
f 1678/1993/1993 585/703/703 1681/1996/1996
f 1678/1993/1993 1681/1996/1996 1551/1822/1822
f 1551/1822/1822 1563/1846/1846 1678/1993/1993
f 1561/1842/1842 1551/1822/1822 1681/1996/1996
f 587/708/708 1681/1996/1996 585/703/703
f 1681/1996/1996 1702/2017/2017 1561/1842/1842
f 1569/1858/1858 1561/1842/1842 1702/2017/2017
f 587/708/708 595/725/725 1681/1996/1996
f 1702/2017/2017 1681/1996/1996 595/725/725
f 1702/2017/2017 1677/1992/1992 1569/1858/1858
f 1550/1820/1820 1569/1858/1858 1677/1992/1992
f 1677/1992/1992 1699/2014/2014 1550/1820/1820
f 1566/1852/1852 1550/1820/1820 1699/2014/2014
f 1566/1852/1852 1699/2014/2014 1549/1818/1818
f 1676/1991/1991 1549/1818/1818 1699/2014/2014
f 1676/1991/1991 1699/2014/2014 593/721/721
f 1699/2014/2014 1677/1992/1992 593/721/721
f 1709/2024/2024 1676/1991/1991 593/721/721
f 583/698/698 1709/2024/2024 593/721/721
f 584/701/701 593/721/721 1677/1992/1992
f 1677/1992/1992 1702/2017/2017 584/701/701
f 595/725/725 584/701/701 1702/2017/2017
f 1593/1904/1904 1630/1942/1942 1641/1953/1953
f 1759/2075/2075 1761/2077/2077 1683/1998/1998
f 1761/2077/2077 1759/2075/2075 1695/2010/2010
f 1760/2076/2076 1759/2075/2075 1683/1998/1998
f 1760/2076/2076 1695/2010/2010 1759/2075/2075
f 1664/1977/1977 1760/2076/2076 1683/1998/1998
f 1760/2076/2076 1664/1977/1977 1695/2010/2010
f 1694/2009/2009 1695/2010/2010 1664/1977/1977
f 1694/2009/2009 1718/2034/2034 1695/2010/2010
f 1667/1980/1980 1761/2077/2077 1695/2010/2010
f 1667/1980/1980 1695/2010/2010 1738/2054/2054
f 1667/1980/1980 1738/2054/2054 1685/2000/2000
f 1739/2055/2055 1685/2000/2000 1738/2054/2054
f 1738/2054/2054 1734/2050/2050 1739/2055/2055
f 1735/2051/2051 1739/2055/2055 1734/2050/2050
f 1739/2055/2055 1735/2051/2051 1737/2053/2053
f 1729/2045/2045 1737/2053/2053 1735/2051/2051
f 1685/2000/2000 1739/2055/2055 1600/1911/1911
f 1737/2053/2053 1600/1911/1911 1739/2055/2055
f 1737/2053/2053 1741/2057/2057 1600/1911/1911
f 1624/1936/1936 1600/1911/1911 1741/2057/2057
f 1741/2057/2057 1740/2056/2056 1624/1936/1936
f 1601/1912/1912 1624/1936/1936 1740/2056/2056
f 1600/1911/1911 1624/1936/1936 1757/2073/2073
f 1600/1911/1911 1757/2073/2073 1685/2000/2000
f 1683/1998/1998 1685/2000/2000 1757/2073/2073
f 1621/1933/1933 1757/2073/2073 1624/1936/1936
f 1601/1912/1912 1763/2079/2079 1624/1936/1936
f 1621/1933/1933 1624/1936/1936 1763/2079/2079
f 1601/1912/1912 1634/1946/1946 1763/2079/2079
f 1683/1998/1998 1761/2077/2077 1685/2000/2000
f 1667/1980/1980 1685/2000/2000 1761/2077/2077
f 1758/2074/2074 1763/2079/2079 1634/1946/1946
f 1758/2074/2074 1621/1933/1933 1763/2079/2079
f 1758/2074/2074 1762/2078/2078 1621/1933/1933
f 1758/2074/2074 1634/1946/1946 1762/2078/2078
f 1683/1998/1998 1756/2072/2072 1745/2061/2061
f 1745/2061/2061 1756/2072/2072 1753/2069/2069
f 1745/2061/2061 1753/2069/2069 1752/2068/2068
f 1745/2061/2061 1752/2068/2068 1743/2059/2059
f 1743/2059/2059 1747/2063/2063 1745/2061/2061
f 1743/2059/2059 1623/1935/1935 1747/2063/2063
f 1743/2059/2059 1752/2068/2068 1623/1935/1935
f 1752/2068/2068 1753/2069/2069 1623/1935/1935
f 1749/2065/2065 1745/2061/2061 1747/2063/2063
f 1753/2069/2069 1755/2071/2071 1623/1935/1935
f 1755/2071/2071 1753/2069/2069 1756/2072/2072
f 1745/2061/2061 1749/2065/2065 1666/1979/1979
f 1684/1999/1999 1666/1979/1979 1749/2065/2065
f 1564/1848/1848 1682/1997/1997 1523/1764/1764
f 1564/1848/1848 1668/1981/1981 1682/1997/1997
f 1564/1848/1848 1573/1866/1866 1668/1981/1981
f 1572/1864/1864 1668/1981/1981 1573/1866/1866
f 1589/1899/1899 1686/2001/2001 573/678/678
f 1588/1896/1896 1734/2050/2050 590/714/714
f 1736/2052/2052 590/714/714 1734/2050/2050
f 590/714/714 1736/2052/2052 1587/1894/1894
f 1628/1940/1940 1764/2080/2080 1643/1955/1955
f 1628/1940/1940 1639/1951/1951 1764/2080/2080
f 1628/1940/1940 1765/2081/2081 1639/1951/1951
f 1628/1940/1940 1643/1955/1955 1765/2081/2081
f 1689/2004/2004 1766/2082/2082 1701/2016/2016
f 1689/2004/2004 1705/2020/2020 1766/2082/2082
f 1689/2004/2004 1767/2083/2083 1705/2020/2020
f 1689/2004/2004 1701/2016/2016 1767/2083/2083
f 1774/2090/2090 1775/2091/2091 1771/2087/2087
f 1772/2088/2088 1771/2087/2087 1775/2091/2091
f 1775/2091/2091 1776/2092/2092 1772/2088/2088
f 1773/2089/2089 1772/2088/2088 1776/2092/2092
f 1773/2089/2089 1776/2092/2092 1777/2093/2093
f 1771/2087/2087 1777/2093/2093 1774/2090/2090
f 1775/2091/2091 1774/2090/2090 1779/2095/2095
f 1778/2094/2094 1779/2095/2095 1774/2090/2090
f 1774/2090/2090 1777/2093/2093 1778/2094/2094
f 1779/2095/2095 1780/2096/2096 1775/2091/2091
f 1776/2092/2092 1775/2091/2091 1780/2096/2096
f 1780/2096/2096 1781/2097/2097 1776/2092/2092
f 1777/2093/2093 1776/2092/2092 1781/2097/2097
f 1781/2097/2097 1778/2094/2094 1777/2093/2093
f 1779/2095/2095 1778/2094/2094 1783/2099/2099
f 1782/2098/2098 1783/2099/2099 1778/2094/2094
f 1778/2094/2094 1781/2097/2097 1782/2098/2098
f 1783/2099/2099 1784/2100/2100 1779/2095/2095
f 1780/2096/2096 1779/2095/2095 1784/2100/2100
f 1784/2100/2100 1785/2101/2101 1780/2096/2096
f 1781/2097/2097 1780/2096/2096 1785/2101/2101
f 1785/2101/2101 1782/2098/2098 1781/2097/2097
f 1783/2099/2099 1782/2098/2098 1787/2103/2103
f 1786/2102/2102 1787/2103/2103 1782/2098/2098
f 1782/2098/2098 1785/2101/2101 1786/2102/2102
f 1787/2103/2103 1788/2104/2104 1783/2099/2099
f 1784/2100/2100 1783/2099/2099 1788/2104/2104
f 1788/2104/2104 1789/2105/2105 1784/2100/2100
f 1785/2101/2101 1784/2100/2100 1789/2105/2105
f 1789/2105/2105 1786/2102/2102 1785/2101/2101
f 1787/2103/2103 1786/2102/2102 1791/2107/2107
f 1790/2106/2106 1791/2107/2107 1786/2102/2102
f 1786/2102/2102 1789/2105/2105 1790/2106/2106
f 1791/2107/2107 1792/2108/2108 1787/2103/2103
f 1788/2104/2104 1787/2103/2103 1792/2108/2108
f 1792/2108/2108 1793/2109/2109 1788/2104/2104
f 1789/2105/2105 1788/2104/2104 1793/2109/2109
f 1793/2109/2109 1790/2106/2106 1789/2105/2105
f 1791/2107/2107 1790/2106/2106 1795/2111/2111
f 1794/2110/2110 1795/2111/2111 1790/2106/2106
f 1790/2106/2106 1793/2109/2109 1794/2110/2110
f 1795/2111/2111 1796/2112/2112 1791/2107/2107
f 1792/2108/2108 1791/2107/2107 1796/2112/2112
f 1796/2112/2112 1797/2113/2113 1792/2108/2108
f 1793/2109/2109 1792/2108/2108 1797/2113/2113
f 1797/2113/2113 1794/2110/2110 1793/2109/2109
f 1795/2111/2111 1794/2110/2110 1799/2115/2115
f 1798/2114/2114 1799/2115/2115 1794/2110/2110
f 1794/2110/2110 1797/2113/2113 1798/2114/2114
f 1799/2115/2115 1800/2116/2116 1795/2111/2111
f 1796/2112/2112 1795/2111/2111 1800/2116/2116
f 1800/2116/2116 1801/2117/2117 1796/2112/2112
f 1797/2113/2113 1796/2112/2112 1801/2117/2117
f 1801/2117/2117 1798/2114/2114 1797/2113/2113
f 1799/2115/2115 1798/2114/2114 1803/2119/2119
f 1802/2118/2118 1803/2119/2119 1798/2114/2114
f 1798/2114/2114 1801/2117/2117 1802/2118/2118
f 1803/2119/2119 1804/2120/2120 1799/2115/2115
f 1800/2116/2116 1799/2115/2115 1804/2120/2120
f 1804/2120/2120 1805/2121/2121 1800/2116/2116
f 1801/2117/2117 1800/2116/2116 1805/2121/2121
f 1805/2121/2121 1802/2118/2118 1801/2117/2117
f 1803/2119/2119 1802/2118/2118 1807/2123/2123
f 1806/2122/2122 1807/2123/2123 1802/2118/2118
f 1802/2118/2118 1805/2121/2121 1806/2122/2122
f 1807/2123/2123 1808/2124/2124 1803/2119/2119
f 1804/2120/2120 1803/2119/2119 1808/2124/2124
f 1808/2124/2124 1812/2128/2128 1804/2120/2120
f 1805/2121/2121 1804/2120/2120 1812/2128/2128
f 1812/2128/2128 1806/2122/2122 1805/2121/2121
f 1807/2123/2123 1806/2122/2122 1810/2126/2126
f 1809/2125/2125 1810/2126/2126 1806/2122/2122
f 1806/2122/2122 1812/2128/2128 1809/2125/2125
f 1810/2126/2126 1811/2127/2127 1807/2123/2123
f 1808/2124/2124 1807/2123/2123 1811/2127/2127
f 1808/2124/2124 1811/2127/2127 1812/2128/2128
f 1810/2126/2126 1809/2125/2125 1814/2130/2130
f 1813/2129/2129 1814/2130/2130 1809/2125/2125
f 1809/2125/2125 1812/2128/2128 1813/2129/2129
f 1814/2130/2130 1815/2131/2131 1810/2126/2126
f 1811/2127/2127 1810/2126/2126 1815/2131/2131
f 1815/2131/2131 1816/2132/2132 1811/2127/2127
f 1812/2128/2128 1811/2127/2127 1816/2132/2132
f 1816/2132/2132 1813/2129/2129 1812/2128/2128
f 1814/2130/2130 1813/2129/2129 1818/2134/2134
f 1817/2133/2133 1818/2134/2134 1813/2129/2129
f 1813/2129/2129 1816/2132/2132 1817/2133/2133
f 1818/2134/2134 1819/2135/2135 1814/2130/2130
f 1815/2131/2131 1814/2130/2130 1819/2135/2135
f 1819/2135/2135 1820/2136/2136 1815/2131/2131
f 1816/2132/2132 1815/2131/2131 1820/2136/2136
f 1820/2136/2136 1817/2133/2133 1816/2132/2132
f 1818/2134/2134 1817/2133/2133 1822/2138/2138
f 1821/2137/2137 1822/2138/2138 1817/2133/2133
f 1817/2133/2133 1820/2136/2136 1821/2137/2137
f 1822/2138/2138 1823/2139/2139 1818/2134/2134
f 1819/2135/2135 1818/2134/2134 1823/2139/2139
f 1823/2139/2139 1824/2140/2140 1819/2135/2135
f 1820/2136/2136 1819/2135/2135 1824/2140/2140
f 1824/2140/2140 1821/2137/2137 1820/2136/2136
f 1822/2138/2138 1821/2137/2137 1826/2142/2142
f 1825/2141/2141 1826/2142/2142 1821/2137/2137
f 1821/2137/2137 1824/2140/2140 1825/2141/2141
f 1826/2142/2142 1827/2143/2143 1822/2138/2138
f 1823/2139/2139 1822/2138/2138 1827/2143/2143
f 1827/2143/2143 1828/2144/2144 1823/2139/2139
f 1824/2140/2140 1823/2139/2139 1828/2144/2144
f 1828/2144/2144 1825/2141/2141 1824/2140/2140
f 1826/2142/2142 1825/2141/2141 1830/2146/2146
f 1829/2145/2145 1830/2146/2146 1825/2141/2141
f 1825/2141/2141 1828/2144/2144 1829/2145/2145
f 1830/2146/2146 1831/2147/2147 1826/2142/2142
f 1827/2143/2143 1826/2142/2142 1831/2147/2147
f 1831/2147/2147 1832/2148/2148 1827/2143/2143
f 1828/2144/2144 1827/2143/2143 1832/2148/2148
f 1832/2148/2148 1829/2145/2145 1828/2144/2144
f 1830/2146/2146 1829/2145/2145 1834/2150/2150
f 1833/2149/2149 1834/2150/2150 1829/2145/2145
f 1829/2145/2145 1832/2148/2148 1833/2149/2149
f 1834/2150/2150 1835/2151/2151 1830/2146/2146
f 1831/2147/2147 1830/2146/2146 1835/2151/2151
f 1835/2151/2151 1836/2152/2152 1831/2147/2147
f 1832/2148/2148 1831/2147/2147 1836/2152/2152
f 1836/2152/2152 1833/2149/2149 1832/2148/2148
f 1834/2150/2150 1833/2149/2149 1838/2154/2154
f 1837/2153/2153 1838/2154/2154 1833/2149/2149
f 1833/2149/2149 1836/2152/2152 1837/2153/2153
f 1838/2154/2154 1839/2155/2155 1834/2150/2150
f 1835/2151/2151 1834/2150/2150 1839/2155/2155
f 1839/2155/2155 1840/2156/2156 1835/2151/2151
f 1836/2152/2152 1835/2151/2151 1840/2156/2156
f 1840/2156/2156 1837/2153/2153 1836/2152/2152
f 1838/2154/2154 1837/2153/2153 1842/2158/2158
f 1841/2157/2157 1842/2158/2158 1837/2153/2153
f 1837/2153/2153 1840/2156/2156 1841/2157/2157
f 1842/2158/2158 1843/2159/2159 1838/2154/2154
f 1839/2155/2155 1838/2154/2154 1843/2159/2159
f 1843/2159/2159 1844/2160/2160 1839/2155/2155
f 1840/2156/2156 1839/2155/2155 1844/2160/2160
f 1844/2160/2160 1841/2157/2157 1840/2156/2156
f 1842/2158/2158 1841/2157/2157 1846/2162/2162
f 1845/2161/2161 1846/2162/2162 1841/2157/2157
f 1841/2157/2157 1844/2160/2160 1845/2161/2161
f 1846/2162/2162 1847/2163/2163 1842/2158/2158
f 1843/2159/2159 1842/2158/2158 1847/2163/2163
f 1847/2163/2163 1848/2164/2164 1843/2159/2159
f 1844/2160/2160 1843/2159/2159 1848/2164/2164
f 1848/2164/2164 1845/2161/2161 1844/2160/2160
f 1846/2162/2162 1845/2161/2161 1772/2088/2088
f 1771/2087/2087 1772/2088/2088 1845/2161/2161
f 1845/2161/2161 1848/2164/2164 1771/2087/2087
f 1772/2088/2088 1773/2089/2089 1846/2162/2162
f 1847/2163/2163 1846/2162/2162 1773/2089/2089
f 1773/2089/2089 1777/2093/2093 1847/2163/2163
f 1848/2164/2164 1847/2163/2163 1777/2093/2093
f 1777/2093/2093 1771/2087/2087 1848/2164/2164
f 1854/2177/2177 1849/2165/2165 1855/2180/2180
f 1850/2168/2168 1855/2180/2180 1849/2165/2165
f 1855/2180/2180 1850/2168/2168 1856/2182/2182
f 1851/2170/2170 1856/2182/2182 1850/2168/2168
f 1856/2182/2182 1851/2170/2170 1857/2184/2184
f 1852/2172/2172 1857/2184/2184 1851/2170/2170
f 1857/2184/2184 1852/2172/2172 1858/2186/2186
f 1853/2174/2174 1858/2186/2186 1852/2172/2172
f 1860/2192/2192 1859/2189/2189 1865/2204/2204
f 1864/2201/2201 1865/2204/2204 1859/2189/2189
f 1865/2204/2204 1866/2206/2206 1860/2192/2192
f 1861/2194/2194 1860/2192/2192 1866/2206/2206
f 1866/2206/2206 1867/2208/2208 1861/2194/2194
f 1862/2196/2196 1861/2194/2194 1867/2208/2208
f 1867/2208/2208 1868/2210/2210 1862/2196/2196
f 1863/2198/2198 1862/2196/2196 1868/2210/2210
f 1850/2169/2169 1849/2166/2166 1860/2193/2193
f 1859/2190/2190 1860/2193/2193 1849/2166/2166
f 1860/2193/2193 1861/2195/2195 1850/2169/2169
f 1851/2171/2171 1850/2169/2169 1861/2195/2195
f 1861/2195/2195 1862/2197/2197 1851/2171/2171
f 1852/2173/2173 1851/2171/2171 1862/2197/2197
f 1862/2197/2197 1863/2199/2199 1852/2173/2173
f 1853/2175/2175 1852/2173/2173 1863/2199/2199
f 1858/2187/2187 1853/2176/2176 1868/2211/2211
f 1863/2200/2200 1868/2211/2211 1853/2176/2176
f 1857/2185/2185 1858/2188/2188 1867/2209/2209
f 1868/2212/2212 1867/2209/2209 1858/2188/2188
f 1867/2209/2209 1866/2207/2207 1857/2185/2185
f 1856/2183/2183 1857/2185/2185 1866/2207/2207
f 1866/2207/2207 1865/2205/2205 1856/2183/2183
f 1855/2181/2181 1856/2183/2183 1865/2205/2205
f 1865/2205/2205 1864/2202/2202 1855/2181/2181
f 1854/2178/2178 1855/2181/2181 1864/2202/2202
f 1849/2167/2167 1854/2179/2179 1859/2191/2191
f 1864/2203/2203 1859/2191/2191 1854/2179/2179
f 1870/2216/2216 1869/2213/2213 1875/2228/2228
f 1874/2225/2225 1875/2228/2228 1869/2213/2213
f 1875/2228/2228 1876/2230/2230 1870/2216/2216
f 1871/2218/2218 1870/2216/2216 1876/2230/2230
f 1876/2230/2230 1877/2232/2232 1871/2218/2218
f 1872/2220/2220 1871/2218/2218 1877/2232/2232
f 1877/2232/2232 1878/2234/2234 1872/2220/2220
f 1873/2222/2222 1872/2220/2220 1878/2234/2234
f 1884/2249/2249 1879/2237/2237 1885/2252/2252
f 1880/2240/2240 1885/2252/2252 1879/2237/2237
f 1885/2252/2252 1880/2240/2240 1886/2254/2254
f 1881/2242/2242 1886/2254/2254 1880/2240/2240
f 1886/2254/2254 1881/2242/2242 1887/2256/2256
f 1882/2244/2244 1887/2256/2256 1881/2242/2242
f 1887/2256/2256 1882/2244/2244 1888/2258/2258
f 1883/2246/2246 1888/2258/2258 1882/2244/2244
f 1879/2238/2238 1869/2214/2214 1880/2241/2241
f 1870/2217/2217 1880/2241/2241 1869/2214/2214
f 1880/2241/2241 1870/2217/2217 1881/2243/2243
f 1871/2219/2219 1881/2243/2243 1870/2217/2217
f 1881/2243/2243 1871/2219/2219 1882/2245/2245
f 1872/2221/2221 1882/2245/2245 1871/2219/2219
f 1882/2245/2245 1872/2221/2221 1883/2247/2247
f 1873/2223/2223 1883/2247/2247 1872/2221/2221
f 1883/2248/2248 1873/2224/2224 1888/2259/2259
f 1878/2235/2235 1888/2259/2259 1873/2224/2224
f 1888/2260/2260 1878/2236/2236 1887/2257/2257
f 1877/2233/2233 1887/2257/2257 1878/2236/2236
f 1887/2257/2257 1877/2233/2233 1886/2255/2255
f 1876/2231/2231 1886/2255/2255 1877/2233/2233
f 1886/2255/2255 1876/2231/2231 1885/2253/2253
f 1875/2229/2229 1885/2253/2253 1876/2231/2231
f 1885/2253/2253 1875/2229/2229 1884/2250/2250
f 1874/2226/2226 1884/2250/2250 1875/2229/2229
f 1884/2251/2251 1874/2227/2227 1879/2239/2239
f 1869/2215/2215 1879/2239/2239 1874/2227/2227
f 1953/2337/2337 1945/2328/2328 1957/2346/2346
f 1946/2329/2329 1957/2346/2346 1945/2328/2328
f 1945/2328/2328 1953/2337/2337 1944/2327/2327
f 1954/2340/2340 1944/2327/2327 1953/2337/2337
f 1954/2340/2340 1955/2342/2342 1944/2327/2327
f 1943/2326/2326 1944/2327/2327 1955/2342/2342
f 1946/2329/2329 1947/2330/2330 1957/2346/2346
f 1944/2327/2327 1943/2326/2326 1889/2261/2261
f 1921/2303/2303 1889/2261/2261 1943/2326/2326
f 1889/2261/2261 1921/2303/2303 1946/2329/2329
f 1947/2330/2330 1946/2329/2329 1921/2303/2303
f 1921/2303/2303 1943/2326/2326 1997/2396/2396
f 1921/2303/2303 1997/2396/2396 1947/2330/2330
f 1995/2393/2393 1997/2396/2396 1943/2326/2326
f 1955/2342/2342 1996/2394/2394 1943/2326/2326
f 1995/2393/2393 1943/2326/2326 1996/2394/2394
f 1996/2394/2394 1964/2359/2359 1995/2393/2393
f 1941/2324/2324 1995/2393/2393 1964/2359/2359
f 1964/2359/2359 1962/2356/2356 1941/2324/2324
f 1950/2333/2333 1941/2324/2324 1962/2356/2356
f 1961/2354/2354 1950/2333/2333 1962/2356/2356
f 1950/2333/2333 1961/2354/2354 1949/2332/2332
f 1960/2352/2352 1949/2332/2332 1961/2354/2354
f 1960/2352/2352 1959/2350/2350 1949/2332/2332
f 1948/2331/2331 1949/2332/2332 1959/2350/2350
f 1959/2350/2350 1958/2348/2348 1948/2331/2331
f 1948/2331/2331 1958/2348/2348 1939/2322/2322
f 1938/2320/2320 1939/2322/2322 1958/2348/2348
f 1938/2320/2320 1999/2398/2398 1939/2322/2322
f 1994/2392/2392 1939/2322/2322 1999/2398/2398
f 1939/2322/2322 1994/2392/2392 1940/2323/2323
f 1939/2322/2322 1940/2323/2323 1948/2331/2331
f 1997/2396/2396 1940/2323/2323 1994/2392/2392
f 1949/2332/2332 1948/2331/2331 1940/2323/2323
f 1949/2332/2332 1940/2323/2323 1950/2333/2333
f 1941/2324/2324 1950/2333/2333 1940/2323/2323
f 1999/2398/2398 1956/2344/2344 1994/2392/2392
f 1947/2330/2330 1994/2392/2392 1956/2344/2344
f 1994/2392/2392 1947/2330/2330 1997/2396/2396
f 1956/2344/2344 1957/2346/2346 1947/2330/2330
f 1941/2324/2324 1940/2323/2323 1995/2393/2393
f 1997/2396/2396 1995/2393/2393 1940/2323/2323
f 2126/2545/2545 2127/2546/2546 2028/2430/2430
f 2133/2552/2552 2126/2545/2545 2028/2430/2430
f 2132/2551/2551 2133/2552/2552 2028/2430/2430
f 2131/2550/2550 2132/2551/2551 2028/2430/2430
f 2130/2549/2549 2131/2550/2550 2028/2430/2430
f 2129/2548/2548 2130/2549/2549 2028/2430/2430
f 2128/2547/2547 2129/2548/2548 2028/2430/2430
f 2128/2547/2547 2028/2430/2430 2127/2546/2546
f 2128/2547/2547 2120/2534/2534 2129/2548/2548
f 2120/2534/2534 2128/2547/2547 2119/2532/2532
f 2127/2546/2546 2119/2532/2532 2128/2547/2547
f 2119/2532/2532 2127/2546/2546 2118/2529/2529
f 2126/2545/2545 2118/2529/2529 2127/2546/2546
f 2121/2536/2536 2129/2548/2548 2120/2534/2534
f 2118/2529/2529 2126/2545/2545 2125/2544/2544
f 2133/2552/2552 2125/2544/2544 2126/2545/2545
f 2125/2544/2544 2133/2552/2552 2124/2542/2542
f 2132/2551/2551 2124/2542/2542 2133/2552/2552
f 2124/2542/2542 2132/2551/2551 2123/2540/2540
f 2131/2550/2550 2123/2540/2540 2132/2551/2551
f 2123/2540/2540 2131/2550/2550 2122/2538/2538
f 2122/2538/2538 2130/2549/2549 2121/2536/2536
f 2130/2549/2549 2122/2538/2538 2131/2550/2550
f 2129/2548/2548 2121/2536/2536 2130/2549/2549
f 2020/2421/2421 2021/2422/2422 1891/2264/2264
f 1890/2262/2262 1891/2264/2264 2021/2422/2422
f 1891/2264/2264 1892/2265/2265 2020/2421/2421
f 2022/2424/2424 2020/2421/2421 1892/2265/2265
f 1892/2265/2265 1893/2266/2266 2022/2424/2424
f 2023/2425/2425 2022/2424/2424 1893/2266/2266
f 1893/2266/2266 1894/2267/2267 2023/2425/2425
f 2024/2426/2426 2023/2425/2425 1894/2267/2267
f 2024/2426/2426 1894/2267/2267 2025/2427/2427
f 1895/2268/2268 2025/2427/2427 1894/2267/2267
f 2025/2427/2427 1895/2268/2268 2026/2428/2428
f 1896/2269/2269 2026/2428/2428 1895/2268/2268
f 1896/2269/2269 1897/2270/2270 2026/2428/2428
f 2027/2429/2429 2026/2428/2428 1897/2270/2270
f 2027/2429/2429 1897/2270/2270 2021/2423/2423
f 1890/2263/2263 2021/2423/2423 1897/2270/2270
f 1897/2270/2270 2120/2533/2533 1890/2263/2263
f 2119/2531/2531 1890/2263/2263 2120/2533/2533
f 1896/2269/2269 2121/2535/2535 1897/2270/2270
f 2120/2533/2533 1897/2270/2270 2121/2535/2535
f 2121/2535/2535 1896/2269/2269 2122/2537/2537
f 1895/2268/2268 2122/2537/2537 1896/2269/2269
f 2122/2537/2537 1895/2268/2268 2123/2539/2539
f 1894/2267/2267 2123/2539/2539 1895/2268/2268
f 2123/2539/2539 1894/2267/2267 2124/2541/2541
f 1893/2266/2266 2124/2541/2541 1894/2267/2267
f 2124/2541/2541 1893/2266/2266 2125/2543/2543
f 1892/2265/2265 2125/2543/2543 1893/2266/2266
f 2125/2543/2543 1892/2265/2265 2118/2528/2528
f 1891/2264/2264 2118/2528/2528 1892/2265/2265
f 2118/2528/2528 1891/2264/2264 2119/2530/2530
f 1890/2262/2262 2119/2530/2530 1891/2264/2264
f 2076/2478/2478 2077/2480/2480 1905/2284/2284
f 2146/2566/2566 1905/2284/2284 2077/2480/2480
f 2077/2480/2480 2163/2584/2584 2146/2566/2566
f 2145/2565/2565 2146/2566/2566 2163/2584/2584
f 2145/2565/2565 2163/2584/2584 2162/2583/2583
f 2077/2480/2480 2164/2585/2585 2163/2584/2584
f 2077/2480/2480 2076/2478/2478 2164/2585/2585
f 2138/2557/2557 2164/2585/2585 2076/2478/2478
f 2145/2565/2565 2247/2673/2673 2146/2566/2566
f 2246/2672/2672 2146/2566/2566 2247/2673/2673
f 2247/2673/2673 2218/2643/2643 2246/2672/2672
f 2247/2673/2673 2248/2674/2674 2218/2643/2643
f 2162/2583/2583 2248/2674/2674 2145/2565/2565
f 2247/2673/2673 2145/2565/2565 2248/2674/2674
f 2218/2643/2643 2248/2674/2674 2244/2670/2670
f 2244/2670/2670 2248/2674/2674 2249/2675/2675
f 2217/2642/2642 2218/2643/2643 2244/2670/2670
f 2193/2616/2616 2217/2642/2642 2244/2670/2670
f 2217/2642/2642 2193/2616/2616 2216/2641/2641
f 2194/2617/2617 2216/2641/2641 2193/2616/2616
f 2194/2617/2617 2195/2618/2618 2216/2641/2641
f 2215/2640/2640 2216/2641/2641 2195/2618/2618
f 2215/2640/2640 2195/2618/2618 2214/2639/2639
f 2196/2619/2619 2214/2639/2639 2195/2618/2618
f 2196/2619/2619 2228/2653/2653 2214/2639/2639
f 2228/2653/2653 2196/2619/2619 2227/2652/2652
f 2196/2619/2619 2260/2688/2688 2227/2652/2652
f 2260/2688/2688 2254/2682/2682 2227/2652/2652
f 2227/2652/2652 2254/2682/2682 2235/2661/2661
f 2235/2661/2661 2254/2682/2682 2207/2631/2631
f 2206/2630/2630 2207/2631/2631 2254/2682/2682
f 2206/2630/2630 2254/2682/2682 2255/2683/2683
f 2206/2630/2630 2255/2683/2683 2205/2629/2629
f 2255/2683/2683 2256/2684/2684 2205/2629/2629
f 2256/2684/2684 2253/2681/2681 2205/2629/2629
f 2235/2661/2661 2207/2631/2631 2234/2660/2660
f 2208/2632/2632 2234/2660/2660 2207/2631/2631
f 2253/2681/2681 2256/2684/2684 2252/2679/2679
f 2257/2685/2685 2252/2679/2679 2256/2684/2684
f 2257/2685/2685 2258/2686/2686 2252/2679/2679
f 2252/2679/2679 2258/2686/2686 2200/2623/2623
f 2198/2621/2621 2200/2623/2623 2258/2686/2686
f 2252/2679/2679 2200/2623/2623 2139/2559/2559
f 2200/2623/2623 2140/2560/2560 2139/2559/2559
f 2200/2623/2623 2198/2621/2621 2140/2560/2560
f 2140/2560/2560 2191/2614/2614 2139/2559/2559
f 2191/2614/2614 2140/2560/2560 2190/2613/2613
f 2201/2624/2624 2190/2613/2613 2140/2560/2560
f 2190/2613/2613 2201/2624/2624 2189/2612/2612
f 2202/2625/2625 2189/2612/2612 2201/2624/2624
f 2189/2612/2612 2202/2625/2625 2188/2611/2611
f 2202/2625/2625 2245/2671/2671 2188/2611/2611
f 2245/2671/2671 2240/2666/2666 2188/2611/2611
f 2240/2666/2666 2241/2667/2667 2188/2611/2611
f 2187/2610/2610 2188/2611/2611 2241/2667/2667
f 2241/2667/2667 2242/2668/2668 2187/2610/2610
f 2186/2609/2609 2187/2610/2610 2242/2668/2668
f 2242/2668/2668 2251/2677/2677 2186/2609/2609
f 2185/2607/2607 2186/2609/2609 2251/2677/2677
f 2250/2676/2676 2251/2677/2677 2242/2668/2668
f 2250/2676/2676 2242/2668/2668 2249/2675/2675
f 2243/2669/2669 2249/2675/2675 2242/2668/2668
f 2249/2675/2675 2243/2669/2669 2244/2670/2670
f 2185/2607/2607 2021/2422/2422 2186/2609/2609
f 2020/2421/2421 2186/2609/2609 2021/2422/2422
f 2243/2669/2669 2154/2575/2575 2244/2670/2670
f 2154/2575/2575 2243/2669/2669 2137/2556/2556
f 2154/2575/2575 2137/2556/2556 2136/2555/2555
f 2153/2574/2574 2154/2575/2575 2136/2555/2555
f 2153/2574/2574 2244/2670/2670 2154/2575/2575
f 2144/2564/2564 2153/2574/2574 2136/2555/2555
f 2135/2554/2554 2144/2564/2564 2136/2555/2555
f 2135/2554/2554 2143/2563/2563 2144/2564/2564
f 2136/2555/2555 2241/2667/2667 2135/2554/2554
f 2240/2666/2666 2135/2554/2554 2241/2667/2667
f 2135/2554/2554 2240/2666/2666 2143/2563/2563
f 2137/2556/2556 2242/2668/2668 2136/2555/2555
f 2241/2667/2667 2136/2555/2555 2242/2668/2668
f 2242/2668/2668 2137/2556/2556 2243/2669/2669
f 2245/2671/2671 2143/2563/2563 2240/2666/2666
f 2143/2563/2563 2245/2671/2671 2144/2564/2564
f 2193/2616/2616 2144/2564/2564 2245/2671/2671
f 2245/2671/2671 2202/2625/2625 2193/2616/2616
f 2202/2625/2625 2134/2553/2553 2193/2616/2616
f 2134/2553/2553 2202/2625/2625 2141/2561/2561
f 2141/2561/2561 2080/2483/2483 2134/2553/2553
f 2079/2482/2482 2134/2553/2553 2080/2483/2483
f 2080/2483/2483 1910/2290/2290 2079/2482/2482
f 2152/2573/2573 2079/2482/2482 1910/2290/2290
f 2079/2482/2482 2152/2573/2573 2078/2481/2481
f 2079/2482/2482 2078/2481/2481 2134/2553/2553
f 1910/2290/2290 2080/2483/2483 2178/2599/2599
f 2081/2484/2484 2178/2599/2599 2080/2483/2483
f 2080/2483/2483 2141/2561/2561 2081/2484/2484
f 2081/2484/2484 2177/2598/2598 2178/2599/2599
f 2081/2484/2484 2174/2595/2595 2177/2598/2598
f 2174/2595/2595 2081/2484/2484 2141/2561/2561
f 2152/2573/2573 2195/2618/2618 2078/2481/2481
f 2194/2617/2617 2078/2481/2481 2195/2618/2618
f 2193/2616/2616 2078/2481/2481 2194/2617/2617
f 2177/2598/2598 2198/2621/2621 2178/2599/2599
f 2174/2595/2595 2199/2622/2622 2177/2598/2598
f 2198/2621/2621 2177/2598/2598 2199/2622/2622
f 2174/2595/2595 2141/2561/2561 2199/2622/2622
f 2201/2624/2624 2199/2622/2622 2141/2561/2561
f 2201/2624/2624 2141/2561/2561 2202/2625/2625
f 2199/2622/2622 2201/2624/2624 2140/2560/2560
f 2199/2622/2622 2140/2560/2560 2198/2621/2621
f 2258/2686/2686 2259/2687/2687 2198/2621/2621
f 2197/2620/2620 2198/2621/2621 2259/2687/2687
f 2259/2687/2687 2196/2619/2619 2197/2620/2620
f 2259/2687/2687 2260/2688/2688 2196/2619/2619
f 2196/2619/2619 1910/2290/2290 2197/2620/2620
f 1910/2290/2290 2196/2619/2619 2152/2573/2573
f 2195/2618/2618 2152/2573/2573 2196/2619/2619
f 2178/2599/2599 2197/2620/2620 1910/2290/2290
f 2197/2620/2620 2178/2599/2599 2198/2621/2621
f 2179/2600/2600 2260/2688/2688 1911/2291/2291
f 2155/2576/2576 2179/2600/2600 1911/2291/2291
f 1911/2291/2291 1912/2292/2292 2155/2576/2576
f 2148/2569/2569 2155/2576/2576 1912/2292/2292
f 2148/2569/2569 1912/2292/2292 2172/2593/2593
f 1912/2292/2292 2173/2594/2594 2172/2593/2593
f 2173/2594/2594 1912/2292/2292 2176/2597/2597
f 1911/2291/2291 2176/2597/2597 1912/2292/2292
f 2148/2569/2569 2255/2683/2683 2155/2576/2576
f 2254/2682/2682 2155/2576/2576 2255/2683/2683
f 2172/2593/2593 2256/2684/2684 2148/2569/2569
f 2255/2683/2683 2148/2569/2569 2256/2684/2684
f 2173/2594/2594 2257/2685/2685 2172/2593/2593
f 2256/2684/2684 2172/2593/2593 2257/2685/2685
f 2176/2597/2597 2258/2686/2686 2173/2594/2594
f 2257/2685/2685 2173/2594/2594 2258/2686/2686
f 2258/2686/2686 2176/2597/2597 2259/2687/2687
f 1911/2291/2291 2259/2687/2687 2176/2597/2597
f 2259/2687/2687 1911/2291/2291 2260/2688/2688
f 2260/2688/2688 2179/2600/2600 2254/2682/2682
f 2155/2576/2576 2254/2682/2682 2179/2600/2600
f 2219/2644/2644 2220/2645/2645 2253/2680/2680
f 2205/2628/2628 2253/2680/2680 2220/2645/2645
f 2219/2644/2644 2253/2680/2680 2246/2672/2672
f 2219/2644/2644 2246/2672/2672 2218/2643/2643
f 2220/2645/2645 2221/2646/2646 2205/2628/2628
f 2204/2627/2627 2205/2628/2628 2221/2646/2646
f 2221/2646/2646 2222/2647/2647 2204/2627/2627
f 2203/2626/2626 2204/2627/2627 2222/2647/2647
f 2203/2626/2626 2222/2647/2647 2211/2636/2636
f 2203/2626/2626 2211/2636/2636 2231/2656/2656
f 2211/2636/2636 2212/2637/2637 2231/2656/2656
f 2212/2637/2637 2230/2655/2655 2231/2656/2656
f 2212/2637/2637 2229/2654/2654 2230/2655/2655
f 2229/2654/2654 2212/2637/2637 2213/2638/2638
f 2229/2654/2654 2213/2638/2638 2228/2653/2653
f 2214/2639/2639 2228/2653/2653 2213/2638/2638
f 2211/2636/2636 2182/2603/2603 2212/2637/2637
f 1915/2296/2296 2212/2637/2637 2182/2603/2603
f 1908/2288/2288 1915/2296/2296 2182/2603/2603
f 1915/2296/2296 1908/2288/2288 2180/2601/2601
f 2180/2601/2601 2213/2638/2638 1915/2296/2296
f 2213/2638/2638 2180/2601/2601 2214/2639/2639
f 1909/2289/2289 2180/2601/2601 1908/2288/2288
f 1909/2289/2289 2158/2579/2579 2180/2601/2601
f 2158/2579/2579 2214/2639/2639 2180/2601/2601
f 1909/2289/2289 2159/2580/2580 2158/2579/2579
f 1909/2289/2289 1908/2288/2288 2159/2580/2580
f 2160/2581/2581 2159/2580/2580 1908/2288/2288
f 2160/2581/2581 1908/2288/2288 2161/2582/2582
f 1908/2288/2288 1907/2287/2287 2161/2582/2582
f 1907/2287/2287 2142/2562/2562 2161/2582/2582
f 1907/2287/2287 1906/2286/2286 2142/2562/2562
f 1906/2286/2286 1907/2287/2287 2170/2591/2591
f 2169/2590/2590 2170/2591/2591 1907/2287/2287
f 2170/2591/2591 2171/2592/2592 1906/2286/2286
f 2169/2590/2590 1907/2287/2287 2182/2603/2603
f 1907/2287/2287 1908/2288/2288 2182/2603/2603
f 1906/2286/2286 2219/2644/2644 2142/2562/2562
f 2218/2643/2643 2142/2562/2562 2219/2644/2644
f 2171/2592/2592 2220/2645/2645 1906/2286/2286
f 2219/2644/2644 1906/2286/2286 2220/2645/2645
f 2220/2645/2645 2171/2592/2592 2221/2646/2646
f 2170/2591/2591 2221/2646/2646 2171/2592/2592
f 2221/2646/2646 2170/2591/2591 2222/2647/2647
f 2169/2590/2590 2222/2647/2647 2170/2591/2591
f 2222/2647/2647 2169/2590/2590 2211/2636/2636
f 2182/2603/2603 2211/2636/2636 2169/2590/2590
f 2183/2604/2604 2184/2605/2605 2168/2589/2589
f 1913/2293/2293 2168/2589/2589 2184/2605/2605
f 2168/2589/2589 1914/2295/2295 2183/2604/2604
f 1913/2293/2293 2147/2568/2568 2168/2589/2589
f 2168/2589/2589 2204/2627/2627 1914/2295/2295
f 2203/2626/2626 1914/2295/2295 2204/2627/2627
f 1914/2295/2295 2203/2626/2626 2183/2604/2604
f 2147/2568/2568 2205/2628/2628 2168/2589/2589
f 2204/2627/2627 2168/2589/2589 2205/2628/2628
f 2210/2635/2635 2183/2604/2604 2203/2626/2626
f 2210/2635/2635 2203/2626/2626 2232/2657/2657
f 2231/2656/2656 2232/2657/2657 2203/2626/2626
f 2232/2657/2657 2233/2658/2658 2210/2635/2635
f 2209/2633/2633 2210/2635/2635 2233/2658/2658
f 2209/2633/2633 2184/2605/2605 2210/2635/2635
f 2183/2604/2604 2210/2635/2635 2184/2605/2605
f 2231/2656/2656 2042/2444/2444 2232/2657/2657
f 2042/2444/2444 2231/2656/2656 2181/2602/2602
f 2043/2445/2445 2042/2444/2444 2181/2602/2602
f 2050/2452/2452 2042/2444/2444 2043/2445/2445
f 2050/2452/2452 2043/2445/2445 2054/2456/2456
f 2047/2449/2449 2054/2456/2456 2043/2445/2445
f 2043/2445/2445 2181/2602/2602 2047/2449/2449
f 2054/2456/2456 2047/2449/2449 2048/2450/2450
f 2048/2450/2450 2047/2449/2449 1917/2298/2298
f 1916/2297/2297 1917/2298/2298 2047/2449/2449
f 1916/2297/2297 2047/2449/2449 2181/2602/2602
f 1917/2298/2298 2156/2577/2577 2048/2450/2450
f 1917/2298/2298 2157/2578/2578 2156/2577/2577
f 1917/2298/2298 1916/2297/2297 2157/2578/2578
f 2054/2456/2456 2225/2650/2650 2050/2452/2452
f 2048/2450/2450 2226/2651/2651 2054/2456/2456
f 2055/2457/2457 2225/2650/2650 2226/2651/2651
f 2055/2457/2457 2226/2651/2651 2151/2572/2572
f 2236/2662/2662 2151/2572/2572 2226/2651/2651
f 2225/2650/2650 2055/2457/2457 2238/2664/2664
f 2238/2664/2664 2239/2665/2665 2225/2650/2650
f 2224/2649/2649 2225/2650/2650 2239/2665/2665
f 2239/2665/2665 2223/2648/2648 2224/2649/2649
f 2237/2663/2663 2238/2664/2664 2055/2457/2457
f 2151/2572/2572 2237/2663/2663 2055/2457/2457
f 2223/2648/2648 2042/2444/2444 2224/2649/2649
f 2050/2452/2452 2224/2649/2649 2042/2444/2444
f 2224/2649/2649 2050/2452/2452 2225/2650/2650
f 2237/2663/2663 2052/2454/2454 2238/2664/2664
f 2042/2444/2444 2223/2648/2648 2053/2455/2455
f 2046/2448/2448 2042/2444/2444 2053/2455/2455
f 2116/2526/2526 2042/2444/2444 2046/2448/2448
f 2111/2520/2520 2116/2526/2526 2046/2448/2448
f 1900/2276/2276 2111/2520/2520 2046/2448/2448
f 1900/2276/2276 1899/2275/2275 2111/2520/2520
f 2108/2516/2516 2111/2520/2520 1899/2275/2275
f 2111/2520/2520 2108/2516/2516 2116/2526/2526
f 1951/2334/2334 1900/2276/2276 2046/2448/2448
f 1951/2334/2334 2046/2448/2448 1901/2277/2277
f 2044/2446/2446 1901/2277/2277 2046/2448/2448
f 2044/2446/2446 2045/2447/2447 1901/2277/2277
f 1902/2279/2279 1901/2277/2277 2045/2447/2447
f 1902/2279/2279 2045/2447/2447 1903/2281/2281
f 1903/2281/2281 2045/2447/2447 2117/2527/2527
f 2112/2521/2521 1903/2281/2281 2117/2527/2527
f 2045/2447/2447 2049/2451/2451 2117/2527/2527
f 2052/2454/2454 2049/2451/2451 2045/2447/2447
f 2045/2447/2447 2044/2446/2446 2052/2454/2454
f 2051/2453/2453 2052/2454/2454 2044/2446/2446
f 2106/2514/2514 1902/2279/2279 1903/2281/2281
f 2106/2514/2514 1903/2281/2281 2107/2515/2515
f 2102/2509/2509 2107/2515/2515 1903/2281/2281
f 2107/2515/2515 2102/2509/2509 2103/2511/2511
f 2098/2501/2501 2103/2511/2511 2102/2509/2509
f 2102/2509/2509 2115/2525/2525 2098/2501/2501
f 2114/2523/2523 2098/2501/2501 2115/2525/2525
f 2107/2515/2515 1904/2283/2283 2106/2514/2514
f 2101/2508/2508 2106/2514/2514 1904/2283/2283
f 1904/2283/2283 2107/2515/2515 1898/2274/2274
f 2103/2511/2511 1898/2274/2274 2107/2515/2515
f 2114/2523/2523 2115/2525/2525 2109/2518/2518
f 2110/2519/2519 2109/2518/2518 2115/2525/2525
f 2115/2525/2525 2112/2521/2521 2110/2519/2519
f 2115/2525/2525 2102/2509/2509 2112/2521/2521
f 1903/2281/2281 2112/2521/2521 2102/2509/2509
f 2117/2527/2527 2110/2519/2519 2112/2521/2521
f 2110/2519/2519 2117/2527/2527 2167/2588/2588
f 2049/2451/2451 2167/2588/2588 2117/2527/2527
f 2150/2571/2571 2167/2588/2588 2049/2451/2451
f 2049/2451/2451 2151/2572/2572 2150/2571/2571
f 2049/2451/2451 2052/2454/2454 2151/2572/2572
f 2150/2571/2571 2236/2662/2662 2167/2588/2588
f 2150/2571/2571 2151/2572/2572 2236/2662/2662
f 2235/2661/2661 2167/2588/2588 2236/2662/2662
f 2236/2662/2662 2226/2651/2651 2235/2661/2661
f 2226/2651/2651 2227/2652/2652 2235/2661/2661
f 2226/2651/2651 2048/2450/2450 2227/2652/2652
f 2156/2577/2577 2227/2652/2652 2048/2450/2450
f 2227/2652/2652 2156/2577/2577 2228/2653/2653
f 2157/2578/2578 2228/2653/2653 2156/2577/2577
f 2228/2653/2653 2157/2578/2578 2229/2654/2654
f 1916/2297/2297 2229/2654/2654 2157/2578/2578
f 2229/2654/2654 1916/2297/2297 2230/2655/2655
f 2181/2602/2602 2230/2655/2655 1916/2297/2297
f 2230/2655/2655 2181/2602/2602 2231/2656/2656
f 2005/2405/2405 2006/2406/2406 2099/2503/2503
f 1898/2271/2271 2099/2503/2503 2006/2406/2406
f 2099/2503/2503 2100/2505/2505 2005/2405/2405
f 2007/2408/2408 2005/2405/2405 2100/2505/2505
f 2006/2406/2406 2005/2405/2405 1918/2300/2300
f 1919/2301/2301 1918/2300/2300 2005/2405/2405
f 2005/2405/2405 2007/2408/2408 1919/2301/2301
f 1918/2300/2300 1919/2301/2301 1966/2364/2364
f 1968/2366/2366 1966/2364/2364 1919/2301/2301
f 1966/2364/2364 1968/2366/2366 1965/2362/2362
f 1967/2365/2365 1965/2362/2362 1968/2366/2366
f 1968/2366/2366 1970/2368/2368 1967/2365/2365
f 1969/2367/2367 1967/2365/2365 1970/2368/2368
f 1970/2368/2368 2003/2403/2403 1969/2367/2367
f 2004/2404/2404 1969/2367/2367 2003/2403/2403
f 1965/2362/2362 1967/2365/2365 1953/2339/2339
f 1954/2341/2341 1953/2339/2339 1967/2365/2365
f 1967/2365/2365 1969/2367/2367 1954/2341/2341
f 1955/2343/2343 1954/2341/2341 1969/2367/2367
f 1969/2367/2367 2004/2404/2404 1955/2343/2343
f 1970/2368/2368 1920/2302/2302 2003/2403/2403
f 1970/2368/2368 1968/2366/2366 1920/2302/2302
f 1919/2301/2301 1920/2302/2302 1968/2366/2366
f 1996/2395/2395 1955/2343/2343 2004/2404/2404
f 1920/2302/2302 1919/2301/2301 2007/2408/2408
f 2007/2408/2408 2090/2493/2493 1920/2302/2302
f 2007/2408/2408 2069/2471/2471 2090/2493/2493
f 2100/2505/2505 2069/2471/2471 2007/2408/2408
f 2059/2461/2461 2069/2471/2471 2100/2505/2505
f 2090/2493/2493 2069/2471/2471 2074/2476/2476
f 1989/2387/2387 2090/2493/2493 2074/2476/2476
f 2064/2466/2466 1989/2387/2387 2074/2476/2476
f 2064/2466/2466 2061/2463/2463 1989/2387/2387
f 1998/2397/2397 1989/2387/2387 2061/2463/2463
f 1998/2397/2397 2061/2463/2463 1990/2388/2388
f 1990/2388/2388 2087/2490/2490 1998/2397/2397
f 2088/2491/2491 1998/2397/2397 2087/2490/2490
f 1990/2388/2388 1991/2389/2389 2087/2490/2490
f 2089/2492/2492 2087/2490/2490 1991/2389/2389
f 2062/2464/2464 1990/2388/2388 2061/2463/2463
f 2062/2464/2464 2063/2465/2465 1990/2388/2388
f 1991/2389/2389 1990/2388/2388 2063/2465/2465
f 2089/2492/2492 1991/2389/2389 2092/2495/2495
f 1992/2390/2390 2092/2495/2495 1991/2389/2389
f 1991/2389/2389 2063/2465/2465 1992/2390/2390
f 2017/2418/2418 2092/2495/2495 1992/2390/2390
f 2017/2418/2418 1992/2390/2390 2014/2415/2415
f 1992/2390/2390 2075/2477/2477 2014/2415/2415
f 2065/2467/2467 2075/2477/2477 1992/2390/2390
f 2065/2467/2467 1992/2390/2390 2063/2465/2465
f 2014/2415/2415 2075/2477/2477 2070/2472/2472
f 2101/2507/2507 2014/2415/2415 2070/2472/2472
f 2014/2415/2415 2101/2507/2507 2013/2414/2414
f 1904/2282/2282 2013/2414/2414 2101/2507/2507
f 2013/2414/2414 1904/2282/2282 2006/2407/2407
f 1898/2272/2272 2006/2407/2407 1904/2282/2282
f 2006/2407/2407 1918/2299/2299 2013/2414/2414
f 1923/2305/2305 2013/2414/2414 1918/2299/2299
f 1918/2299/2299 1966/2363/2363 1923/2305/2305
f 1974/2372/2372 1923/2305/2305 1966/2363/2363
f 1966/2363/2363 1965/2361/2361 1974/2372/2372
f 1973/2371/2371 1974/2372/2372 1965/2361/2361
f 1974/2372/2372 1973/2371/2371 1972/2370/2370
f 1971/2369/2369 1972/2370/2370 1973/2371/2371
f 1972/2370/2370 1971/2369/2369 2002/2402/2402
f 2001/2401/2401 2002/2402/2402 1971/2369/2369
f 1965/2361/2361 1953/2338/2338 1973/2371/2371
f 1957/2347/2347 1973/2371/2371 1953/2338/2338
f 1973/2371/2371 1957/2347/2347 1971/2369/2369
f 1956/2345/2345 1971/2369/2369 1957/2347/2347
f 1971/2369/2369 1956/2345/2345 2001/2401/2401
f 1999/2399/2399 2001/2401/2401 1956/2345/2345
f 2001/2401/2401 1986/2384/2384 2002/2402/2402
f 1985/2383/2383 2002/2402/2402 1986/2384/2384
f 1985/2383/2383 1986/2384/2384 1976/2374/2374
f 1975/2373/2373 1976/2374/2374 1986/2384/2384
f 1975/2373/2373 1977/2375/2375 1976/2374/2374
f 1978/2376/2376 1976/2374/2374 1977/2375/2375
f 1978/2376/2376 1977/2375/2375 1980/2378/2378
f 1979/2377/2377 1980/2378/2378 1977/2375/2375
f 1980/2378/2378 1979/2377/2377 1982/2380/2380
f 1981/2379/2379 1982/2380/2380 1979/2377/2377
f 1982/2380/2380 1981/2379/2379 1984/2382/2382
f 1983/2381/2381 1984/2382/2382 1981/2379/2379
f 1983/2381/2381 1987/2385/2385 1984/2382/2382
f 1988/2386/2386 1984/2382/2382 1987/2385/2385
f 1981/2379/2379 1961/2355/2355 1983/2381/2381
f 1962/2357/2357 1983/2381/2381 1961/2355/2355
f 1984/2382/2382 1933/2315/2315 1982/2380/2380
f 1984/2382/2382 1988/2386/2386 1933/2315/2315
f 1961/2355/2355 1981/2379/2379 1960/2353/2353
f 1979/2377/2377 1960/2353/2353 1981/2379/2379
f 1979/2377/2377 1977/2375/2375 1960/2353/2353
f 1959/2351/2351 1960/2353/2353 1977/2375/2375
f 1977/2375/2375 1975/2373/2373 1959/2351/2351
f 1958/2349/2349 1959/2351/2351 1975/2373/2373
f 1958/2349/2349 1975/2373/2373 1938/2321/2321
f 1986/2384/2384 1938/2321/2321 1975/2373/2373
f 1986/2384/2384 2001/2401/2401 1938/2321/2321
f 1999/2399/2399 1938/2321/2321 2001/2401/2401
f 2009/2410/2410 1924/2306/2306 2008/2409/2409
f 1925/2307/2307 2008/2409/2409 1924/2306/2306
f 2008/2409/2409 1925/2307/2307 2010/2411/2411
f 1926/2308/2308 2010/2411/2411 1925/2307/2307
f 1926/2308/2308 1927/2309/2309 2010/2411/2411
f 2011/2412/2412 2010/2411/2411 1927/2309/2309
f 1927/2309/2309 1928/2310/2310 2011/2412/2412
f 2012/2413/2413 2011/2412/2412 1928/2310/2310
f 1926/2308/2308 1925/2307/2307 2019/2420/2420
f 1926/2308/2308 2019/2420/2420 1927/2309/2309
f 2031/2433/2433 2019/2420/2420 1925/2307/2307
f 2010/2411/2411 2011/2412/2412 1931/2313/2313
f 2010/2411/2411 1931/2313/2313 2008/2409/2409
f 1932/2314/2314 2008/2409/2409 1931/2313/2313
f 1931/2313/2313 1980/2378/2378 1932/2314/2314
f 1982/2380/2380 1932/2314/2314 1980/2378/2378
f 1932/2314/2314 1982/2380/2380 1933/2315/2315
f 1980/2378/2378 1931/2313/2313 1978/2376/2376
f 1930/2312/2312 1978/2376/2376 1931/2313/2313
f 1930/2312/2312 1929/2311/2311 1978/2376/2376
f 1976/2374/2374 1978/2376/2376 1929/2311/2311
f 1976/2374/2374 1929/2311/2311 1985/2383/2383
f 1963/2358/2358 1985/2383/2383 1929/2311/2311
f 1963/2358/2358 1929/2311/2311 2015/2416/2416
f 2012/2413/2413 2015/2416/2416 1929/2311/2311
f 1929/2311/2311 1930/2312/2312 2012/2413/2413
f 1985/2383/2383 1963/2358/2358 2002/2402/2402
f 1993/2391/2391 2002/2402/2402 1963/2358/2358
f 1963/2358/2358 2015/2416/2416 1993/2391/2391
f 1993/2391/2391 1922/2304/2304 2002/2402/2402
f 1972/2370/2370 2002/2402/2402 1922/2304/2304
f 1972/2370/2370 1922/2304/2304 1974/2372/2372
f 1923/2305/2305 1974/2372/2372 1922/2304/2304
f 1922/2304/2304 2014/2415/2415 1923/2305/2305
f 2013/2414/2414 1923/2305/2305 2014/2415/2415
f 1993/2391/2391 2017/2418/2418 1922/2304/2304
f 2014/2415/2415 1922/2304/2304 2017/2418/2418
f 2017/2418/2418 1993/2391/2391 2015/2416/2416
f 2015/2416/2416 1937/2319/2319 2017/2418/2418
f 1937/2319/2319 2015/2416/2416 2012/2413/2413
f 2036/2438/2438 1937/2319/2319 2012/2413/2413
f 2036/2438/2438 2037/2439/2439 1937/2319/2319
f 2037/2439/2439 2035/2437/2437 1937/2319/2319
f 2037/2439/2439 2038/2440/2440 2035/2437/2437
f 2040/2442/2442 2035/2437/2437 2038/2440/2440
f 2038/2440/2440 2031/2433/2433 2040/2442/2442
f 2039/2441/2441 2040/2442/2442 2031/2433/2433
f 2031/2433/2433 1924/2306/2306 2039/2441/2441
f 2032/2434/2434 2039/2441/2441 1924/2306/2306
f 2032/2434/2434 1924/2306/2306 2016/2417/2417
f 1935/2317/2317 2032/2434/2434 2016/2417/2417
f 1924/2306/2306 2009/2410/2410 2016/2417/2417
f 2016/2417/2417 2009/2410/2410 1942/2325/2325
f 1933/2315/2315 1942/2325/2325 2009/2410/2410
f 1942/2325/2325 1933/2315/2315 1988/2386/2386
f 1988/2386/2386 2003/2403/2403 1942/2325/2325
f 2003/2403/2403 1988/2386/2386 2004/2404/2404
f 1987/2385/2385 2004/2404/2404 1988/2386/2386
f 1987/2385/2385 1964/2360/2360 2004/2404/2404
f 1996/2395/2395 2004/2404/2404 1964/2360/2360
f 1987/2385/2385 1983/2381/2381 1964/2360/2360
f 1962/2357/2357 1964/2360/2360 1983/2381/2381
f 2000/2400/2400 2003/2403/2403 1920/2302/2302
f 2000/2400/2400 1920/2302/2302 2090/2493/2493
f 2090/2493/2493 2016/2417/2417 2000/2400/2400
f 2090/2493/2493 2085/2488/2488 2016/2417/2417
f 1935/2317/2317 2016/2417/2417 2085/2488/2488
f 2085/2488/2488 2083/2486/2486 1935/2317/2317
f 1934/2316/2316 1935/2317/2317 2083/2486/2486
f 1935/2317/2317 1934/2316/2316 2032/2434/2434
f 2033/2435/2435 2032/2434/2434 1934/2316/2316
f 1934/2316/2316 1936/2318/2318 2033/2435/2435
f 1934/2316/2316 2083/2486/2486 1936/2318/2318
f 2034/2436/2436 2033/2435/2435 1936/2318/2318
f 1936/2318/2318 1952/2336/2336 2034/2436/2436
f 2035/2437/2437 2034/2436/2436 1952/2336/2336
f 2035/2437/2437 1952/2336/2336 1937/2319/2319
f 2034/2436/2436 2035/2437/2437 2040/2442/2442
f 2040/2442/2442 2039/2441/2441 2034/2436/2436
f 2041/2443/2443 2034/2436/2436 2039/2441/2441
f 2041/2443/2443 2039/2441/2441 2032/2434/2434
f 2033/2435/2435 2041/2443/2443 2032/2434/2434
f 2041/2443/2443 2033/2435/2435 2034/2436/2436
f 1937/2319/2319 1952/2336/2336 2086/2489/2489
f 2084/2487/2487 2086/2489/2489 1952/2336/2336
f 1952/2336/2336 1936/2318/2318 2084/2487/2487
f 2082/2485/2485 2084/2487/2487 1936/2318/2318
f 2082/2485/2485 1936/2318/2318 2083/2486/2486
f 2086/2489/2489 2017/2418/2418 1937/2319/2319
f 2083/2486/2486 2094/2497/2497 2082/2485/2485
f 2083/2486/2486 2085/2488/2488 2094/2497/2497
f 2096/2499/2499 2094/2497/2497 2085/2488/2488
f 2096/2499/2499 2085/2488/2488 2090/2493/2493
f 2093/2496/2496 2082/2485/2485 2094/2497/2497
f 2094/2497/2497 2088/2491/2491 2093/2496/2496
f 2094/2497/2497 2096/2499/2499 2088/2491/2491
f 2087/2490/2490 2093/2496/2496 2088/2491/2491
f 2087/2490/2490 2089/2492/2492 2093/2496/2496
f 2095/2498/2498 2093/2496/2496 2089/2492/2492
f 2095/2498/2498 2089/2492/2492 2097/2500/2500
f 2092/2495/2495 2097/2500/2500 2089/2492/2492
f 2097/2500/2500 2092/2495/2495 2017/2418/2418
f 2093/2496/2496 2095/2498/2498 2082/2485/2485
f 2084/2487/2487 2082/2485/2485 2095/2498/2498
f 2084/2487/2487 2095/2498/2498 2086/2489/2489
f 2097/2500/2500 2086/2489/2489 2095/2498/2498
f 2086/2489/2489 2097/2500/2500 2017/2418/2418
f 1889/2261/2261 1945/2328/2328 1944/2327/2327
f 1889/2261/2261 1946/2329/2329 1945/2328/2328
f 2000/2400/2400 1942/2325/2325 2003/2403/2403
f 1942/2325/2325 2000/2400/2400 2016/2417/2417
f 1933/2315/2315 2009/2410/2410 1932/2314/2314
f 2008/2409/2409 1932/2314/2314 2009/2410/2410
f 1930/2312/2312 1931/2313/2313 2011/2412/2412
f 2011/2412/2412 2012/2413/2413 1930/2312/2312
f 1928/2310/2310 2036/2438/2438 2012/2413/2413
f 1928/2310/2310 2018/2419/2419 2036/2438/2438
f 1927/2309/2309 2018/2419/2419 1928/2310/2310
f 2018/2419/2419 1927/2309/2309 2019/2420/2420
f 2029/2431/2431 2036/2438/2438 2018/2419/2419
f 2018/2419/2419 2019/2420/2420 2029/2431/2431
f 2030/2432/2432 2029/2431/2431 2019/2420/2420
f 2019/2420/2420 2031/2433/2433 2030/2432/2432
f 2029/2431/2431 2037/2439/2439 2036/2438/2438
f 2029/2431/2431 2030/2432/2432 2037/2439/2439
f 2038/2440/2440 2037/2439/2439 2030/2432/2432
f 2030/2432/2432 2031/2433/2433 2038/2440/2440
f 1925/2307/2307 1924/2306/2306 2031/2433/2433
f 2192/2615/2615 2139/2559/2559 2191/2614/2614
f 2192/2615/2615 2185/2608/2608 2139/2559/2559
f 2251/2678/2678 2139/2559/2559 2185/2608/2608
f 2252/2679/2679 2139/2559/2559 2251/2678/2678
f 2191/2614/2614 2026/2428/2428 2192/2615/2615
f 2026/2428/2428 2191/2614/2614 2025/2427/2427
f 2190/2613/2613 2025/2427/2427 2191/2614/2614
f 2025/2427/2427 2190/2613/2613 2024/2426/2426
f 2189/2612/2612 2024/2426/2426 2190/2613/2613
f 2024/2426/2426 2189/2612/2612 2023/2425/2425
f 2188/2611/2611 2023/2425/2425 2189/2612/2612
f 2023/2425/2425 2188/2611/2611 2022/2424/2424
f 2187/2610/2610 2022/2424/2424 2188/2611/2611
f 2022/2424/2424 2187/2610/2610 2020/2421/2421
f 2186/2609/2609 2020/2421/2421 2187/2610/2610
f 2051/2453/2453 2044/2446/2446 2053/2455/2455
f 2046/2448/2448 2053/2455/2455 2044/2446/2446
f 2053/2455/2455 2239/2665/2665 2051/2453/2453
f 2238/2664/2664 2051/2453/2453 2239/2665/2665
f 2051/2453/2453 2238/2664/2664 2052/2454/2454
f 2239/2665/2665 2053/2455/2455 2223/2648/2648
f 2237/2663/2663 2151/2572/2572 2052/2454/2454
f 2101/2507/2507 2060/2462/2462 1902/2280/2280
f 2058/2460/2460 1902/2280/2280 2060/2462/2462
f 2060/2462/2462 2101/2507/2507 2070/2472/2472
f 2060/2462/2462 2070/2472/2472 2058/2460/2460
f 2058/2460/2460 2057/2459/2459 1902/2280/2280
f 1901/2278/2278 1902/2280/2280 2057/2459/2459
f 1901/2278/2278 2057/2459/2459 1951/2335/2335
f 2056/2458/2458 1951/2335/2335 2057/2459/2459
f 2056/2458/2458 2059/2461/2461 1951/2335/2335
f 2100/2505/2505 1951/2335/2335 2059/2461/2461
f 2068/2470/2470 2058/2460/2460 2070/2472/2472
f 2057/2459/2459 2067/2469/2469 2056/2458/2458
f 2066/2468/2468 2056/2458/2458 2067/2469/2469
f 2068/2470/2470 2067/2469/2469 2058/2460/2460
f 2057/2459/2459 2058/2460/2460 2067/2469/2469
f 2059/2461/2461 2056/2458/2458 2069/2471/2471
f 2066/2468/2468 2069/2471/2471 2056/2458/2458
f 2066/2468/2468 2067/2469/2469 2071/2473/2473
f 2072/2474/2474 2071/2473/2473 2067/2469/2469
f 2072/2474/2474 2062/2464/2464 2071/2473/2473
f 2061/2463/2463 2071/2473/2473 2062/2464/2464
f 2072/2474/2474 2073/2475/2475 2062/2464/2464
f 2063/2465/2465 2062/2464/2464 2073/2475/2475
f 2061/2463/2463 2064/2466/2466 2071/2473/2473
f 2074/2476/2476 2071/2473/2473 2064/2466/2466
f 2063/2465/2465 2073/2475/2475 2065/2467/2467
f 2075/2477/2477 2065/2467/2467 2073/2475/2475
f 2075/2477/2477 2073/2475/2475 2070/2472/2472
f 2068/2470/2470 2070/2472/2472 2073/2475/2475
f 2073/2475/2475 2072/2474/2474 2068/2470/2470
f 2067/2469/2469 2068/2470/2470 2072/2474/2474
f 2069/2471/2471 2066/2468/2468 2074/2476/2476
f 2071/2473/2473 2074/2476/2476 2066/2468/2468
f 1989/2387/2387 1998/2397/2397 2091/2494/2494
f 2088/2491/2491 2091/2494/2494 1998/2397/2397
f 1989/2387/2387 2091/2494/2494 2090/2493/2493
f 2091/2494/2494 2088/2491/2491 2096/2499/2499
f 2091/2494/2494 2096/2499/2499 2090/2493/2493
f 2104/2512/2512 2103/2510/2510 1899/2275/2275
f 2098/2502/2502 1899/2275/2275 2103/2510/2510
f 1899/2275/2275 1900/2276/2276 2104/2512/2512
f 2105/2513/2513 2104/2512/2512 1900/2276/2276
f 2105/2513/2513 1900/2276/2276 1951/2334/2334
f 2103/2510/2510 2104/2512/2512 1898/2273/2273
f 2099/2504/2504 1898/2273/2273 2104/2512/2512
f 2104/2512/2512 2105/2513/2513 2099/2504/2504
f 2100/2506/2506 2099/2504/2504 2105/2513/2513
f 2100/2506/2506 2105/2513/2513 1951/2334/2334
f 1899/2275/2275 2098/2502/2502 2108/2516/2516
f 2114/2524/2524 2108/2516/2516 2098/2502/2502
f 2108/2516/2516 2114/2524/2524 2113/2522/2522
f 2109/2517/2517 2113/2522/2522 2114/2524/2524
f 2113/2522/2522 2116/2526/2526 2108/2516/2516
f 2116/2526/2526 2113/2522/2522 2042/2444/2444
f 2113/2522/2522 2232/2657/2657 2042/2444/2444
f 2109/2517/2517 2233/2658/2658 2113/2522/2522
f 2232/2657/2657 2113/2522/2522 2233/2658/2658
f 2101/2508/2508 1902/2279/2279 2106/2514/2514
f 1913/2294/2294 2149/2570/2570 2147/2567/2567
f 1913/2294/2294 2184/2606/2606 2149/2570/2570
f 2166/2587/2587 2149/2570/2570 2184/2606/2606
f 2149/2570/2570 2166/2587/2587 2165/2586/2586
f 2149/2570/2570 2206/2630/2630 2147/2567/2567
f 2205/2629/2629 2147/2567/2567 2206/2630/2630
f 2165/2586/2586 2207/2631/2631 2149/2570/2570
f 2206/2630/2630 2149/2570/2570 2207/2631/2631
f 2166/2587/2587 2208/2632/2632 2165/2586/2586
f 2207/2631/2631 2165/2586/2586 2208/2632/2632
f 2184/2606/2606 2209/2634/2634 2166/2587/2587
f 2208/2632/2632 2166/2587/2587 2209/2634/2634
f 2209/2634/2634 2233/2659/2659 2208/2632/2632
f 2234/2660/2660 2208/2632/2632 2233/2659/2659
f 2233/2659/2659 2109/2518/2518 2234/2660/2660
f 2110/2519/2519 2234/2660/2660 2109/2518/2518
f 2234/2660/2660 2110/2519/2519 2235/2661/2661
f 2167/2588/2588 2235/2661/2661 2110/2519/2519
f 2076/2479/2479 2175/2596/2596 2138/2558/2558
f 2076/2479/2479 1905/2285/2285 2175/2596/2596
f 2175/2596/2596 2252/2679/2679 2138/2558/2558
f 2251/2678/2678 2138/2558/2558 2252/2679/2679
f 1905/2285/2285 2253/2681/2681 2175/2596/2596
f 2252/2679/2679 2175/2596/2596 2253/2681/2681
f 2027/2429/2429 2192/2615/2615 2026/2428/2428
f 2192/2615/2615 2027/2429/2429 2185/2608/2608
f 2021/2423/2423 2185/2608/2608 2027/2429/2429
f 2078/2481/2481 2193/2616/2616 2134/2553/2553
f 2144/2564/2564 2193/2616/2616 2153/2574/2574
f 2244/2670/2670 2153/2574/2574 2193/2616/2616
f 2212/2637/2637 1915/2296/2296 2213/2638/2638
f 2159/2580/2580 2215/2640/2640 2158/2579/2579
f 2214/2639/2639 2158/2579/2579 2215/2640/2640
f 2215/2640/2640 2159/2580/2580 2216/2641/2641
f 2160/2581/2581 2216/2641/2641 2159/2580/2580
f 2216/2641/2641 2160/2581/2581 2217/2642/2642
f 2161/2582/2582 2217/2642/2642 2160/2581/2581
f 2217/2642/2642 2161/2582/2582 2218/2643/2643
f 2142/2562/2562 2218/2643/2643 2161/2582/2582
f 2225/2650/2650 2054/2456/2456 2226/2651/2651
f 2163/2584/2584 2249/2675/2675 2162/2583/2583
f 2248/2674/2674 2162/2583/2583 2249/2675/2675
f 2249/2675/2675 2163/2584/2584 2250/2676/2676
f 2164/2585/2585 2250/2676/2676 2163/2584/2584
f 2250/2676/2676 2164/2585/2585 2251/2677/2677
f 2138/2557/2557 2251/2677/2677 2164/2585/2585
f 2146/2566/2566 2246/2672/2672 1905/2284/2284
f 2253/2680/2680 1905/2284/2284 2246/2672/2672
f 2318/2756/2756 2317/2755/2755 2329/2773/2773
f 2325/2764/2764 2329/2773/2773 2317/2755/2755
f 2317/2755/2755 2316/2754/2754 2325/2764/2764
f 2326/2767/2767 2325/2764/2764 2316/2754/2754
f 2326/2767/2767 2316/2754/2754 2327/2769/2769
f 2315/2753/2753 2327/2769/2769 2316/2754/2754
f 2318/2756/2756 2329/2773/2773 2319/2757/2757
f 2328/2771/2771 2319/2757/2757 2329/2773/2773
f 2316/2754/2754 2261/2689/2689 2315/2753/2753
f 2293/2730/2730 2315/2753/2753 2261/2689/2689
f 2293/2730/2730 2369/2823/2823 2315/2753/2753
f 2293/2730/2730 2319/2757/2757 2369/2823/2823
f 2367/2820/2820 2315/2753/2753 2369/2823/2823
f 2319/2757/2757 2293/2730/2730 2318/2756/2756
f 2261/2689/2689 2318/2756/2756 2293/2730/2730
f 2318/2756/2756 2261/2689/2689 2317/2755/2755
f 2317/2755/2755 2261/2689/2689 2316/2754/2754
f 2369/2823/2823 2312/2750/2750 2367/2820/2820
f 2369/2823/2823 2366/2819/2819 2312/2750/2750
f 2311/2749/2749 2312/2750/2750 2366/2819/2819
f 2366/2819/2819 2371/2825/2825 2311/2749/2749
f 2310/2747/2747 2311/2749/2749 2371/2825/2825
f 2310/2747/2747 2330/2775/2775 2311/2749/2749
f 2320/2758/2758 2311/2749/2749 2330/2775/2775
f 2311/2749/2749 2320/2758/2758 2312/2750/2750
f 2330/2775/2775 2331/2777/2777 2320/2758/2758
f 2321/2759/2759 2320/2758/2758 2331/2777/2777
f 2331/2777/2777 2332/2779/2779 2321/2759/2759
f 2321/2759/2759 2332/2779/2779 2333/2781/2781
f 2333/2781/2781 2322/2760/2760 2321/2759/2759
f 2322/2760/2760 2333/2781/2781 2334/2783/2783
f 2322/2760/2760 2334/2783/2783 2313/2751/2751
f 2336/2786/2786 2313/2751/2751 2334/2783/2783
f 2313/2751/2751 2336/2786/2786 2367/2820/2820
f 2368/2821/2821 2367/2820/2820 2336/2786/2786
f 2313/2751/2751 2312/2750/2750 2322/2760/2760
f 2313/2751/2751 2367/2820/2820 2312/2750/2750
f 2321/2759/2759 2322/2760/2760 2312/2750/2750
f 2321/2759/2759 2312/2750/2750 2320/2758/2758
f 2367/2820/2820 2368/2821/2821 2315/2753/2753
f 2327/2769/2769 2315/2753/2753 2368/2821/2821
f 2499/2972/2972 2498/2971/2971 2400/2857/2857
f 2498/2971/2971 2505/2978/2978 2400/2857/2857
f 2505/2978/2978 2504/2977/2977 2400/2857/2857
f 2504/2977/2977 2503/2976/2976 2400/2857/2857
f 2503/2976/2976 2502/2975/2975 2400/2857/2857
f 2502/2975/2975 2501/2974/2974 2400/2857/2857
f 2501/2974/2974 2500/2973/2973 2400/2857/2857
f 2400/2857/2857 2500/2973/2973 2499/2972/2972
f 2499/2972/2972 2500/2973/2973 2491/2957/2957
f 2491/2957/2957 2490/2955/2955 2499/2972/2972
f 2498/2971/2971 2499/2972/2972 2490/2955/2955
f 2492/2960/2960 2491/2957/2957 2500/2973/2973
f 2500/2973/2973 2501/2974/2974 2492/2960/2960
f 2493/2962/2962 2492/2960/2960 2501/2974/2974
f 2490/2955/2955 2497/2970/2970 2498/2971/2971
f 2505/2978/2978 2498/2971/2971 2497/2970/2970
f 2497/2970/2970 2496/2968/2968 2505/2978/2978
f 2504/2977/2977 2505/2978/2978 2496/2968/2968
f 2496/2968/2968 2495/2966/2966 2504/2977/2977
f 2503/2976/2976 2504/2977/2977 2495/2966/2966
f 2495/2966/2966 2494/2964/2964 2503/2976/2976
f 2494/2964/2964 2493/2962/2962 2502/2975/2975
f 2502/2975/2975 2503/2976/2976 2494/2964/2964
f 2501/2974/2974 2502/2975/2975 2493/2962/2962
f 2262/2690/2690 2393/2849/2849 2263/2691/2691
f 2392/2848/2848 2263/2691/2691 2393/2849/2849
f 2263/2691/2691 2392/2848/2848 2264/2692/2692
f 2394/2850/2850 2264/2692/2692 2392/2848/2848
f 2264/2692/2692 2394/2850/2850 2265/2693/2693
f 2395/2851/2851 2265/2693/2693 2394/2850/2850
f 2265/2693/2693 2395/2851/2851 2266/2694/2694
f 2396/2852/2852 2266/2694/2694 2395/2851/2851
f 2396/2852/2852 2397/2853/2853 2266/2694/2694
f 2267/2695/2695 2266/2694/2694 2397/2853/2853
f 2397/2853/2853 2398/2854/2854 2267/2695/2695
f 2268/2696/2696 2267/2695/2695 2398/2854/2854
f 2268/2696/2696 2398/2854/2854 2269/2697/2697
f 2399/2855/2855 2269/2697/2697 2398/2854/2854
f 2268/2696/2696 2269/2697/2697 2493/2961/2961
f 2492/2959/2959 2493/2961/2961 2269/2697/2697
f 2493/2961/2961 2494/2963/2963 2268/2696/2696
f 2267/2695/2695 2268/2696/2696 2494/2963/2963
f 2494/2963/2963 2495/2965/2965 2267/2695/2695
f 2399/2855/2855 2398/2854/2854 2566/3045/3045
f 2565/3044/3044 2566/3045/3045 2398/2854/2854
f 2566/3045/3045 2565/3044/3044 2577/3058/3058
f 2578/3060/3060 2577/3058/3058 2565/3044/3044
f 2565/3044/3044 2564/3043/3043 2578/3060/3060
f 2579/3061/3061 2578/3060/3060 2564/3043/3043
f 2564/3043/3043 2563/3042/3042 2579/3061/3061
f 2580/3062/3062 2579/3061/3061 2563/3042/3042
f 2580/3062/3062 2563/3042/3042 2562/3041/3041
f 2625/3110/3110 2580/3062/3062 2562/3041/3041
f 2619/3104/3104 2625/3110/3110 2562/3041/3041
f 2619/3104/3104 2562/3041/3041 2620/3105/3105
f 2561/3040/3040 2620/3105/3105 2562/3041/3041
f 2620/3105/3105 2561/3040/3040 2621/3106/3106
f 2560/3039/3039 2621/3106/3106 2561/3040/3040
f 2621/3106/3106 2560/3039/3039 2631/3116/3116
f 2559/3038/3038 2631/3116/3116 2560/3039/3039
f 2631/3116/3116 2559/3038/3038 2566/3046/3046
f 2576/3057/3057 2631/3116/3116 2566/3046/3046
f 2577/3059/3059 2576/3057/3057 2566/3046/3046
f 2631/3116/3116 2630/3115/3115 2621/3106/3106
f 2630/3115/3115 2629/3114/3114 2621/3106/3106
f 2631/3116/3116 2576/3057/3057 2632/3117/3117
f 2575/3055/3055 2632/3117/3117 2576/3057/3057
f 2566/3046/3046 2559/3038/3038 2399/2856/2856
f 2393/2849/2849 2399/2856/2856 2559/3038/3038
f 2399/2856/2856 2393/2849/2849 2269/2698/2698
f 2262/2690/2690 2269/2698/2698 2393/2849/2849
f 2269/2698/2698 2262/2690/2690 2492/2958/2958
f 2491/2956/2956 2492/2958/2958 2262/2690/2690
f 2262/2690/2690 2263/2691/2691 2491/2956/2956
f 2490/2954/2954 2491/2956/2956 2263/2691/2691
f 2263/2691/2691 2264/2692/2692 2490/2954/2954
f 2497/2969/2969 2490/2954/2954 2264/2692/2692
f 2264/2692/2692 2265/2693/2693 2497/2969/2969
f 2496/2967/2967 2497/2969/2969 2265/2693/2693
f 2265/2693/2693 2266/2694/2694 2496/2967/2967
f 2495/2965/2965 2496/2967/2967 2266/2694/2694
f 2266/2694/2694 2267/2695/2695 2495/2965/2965
f 2518/2992/2992 2449/2906/2906 2277/2712/2712
f 2448/2905/2905 2277/2712/2712 2449/2906/2906
f 2449/2906/2906 2518/2992/2992 2534/3010/3010
f 2517/2991/2991 2534/3010/3010 2518/2992/2992
f 2534/3010/3010 2517/2991/2991 2533/3009/3009
f 2535/3011/3011 2449/2906/2906 2534/3010/3010
f 2449/2906/2906 2535/3011/3011 2448/2905/2905
f 2510/2983/2983 2448/2905/2905 2535/3011/3011
f 2547/3025/3025 2448/2905/2905 2510/2983/2983
f 2277/2712/2712 2448/2905/2905 2547/3025/3025
f 2533/3009/3009 2517/2991/2991 2628/3113/3113
f 2627/3112/3112 2628/3113/3113 2517/2991/2991
f 2627/3112/3112 2596/3080/3080 2628/3113/3113
f 2628/3113/3113 2596/3080/3080 2623/3108/3108
f 2628/3113/3113 2623/3108/3108 2629/3114/3114
f 2623/3108/3108 2596/3080/3080 2595/3079/3079
f 2567/3047/3047 2623/3108/3108 2595/3079/3079
f 2595/3079/3079 2594/3078/3078 2567/3047/3047
f 2568/3048/3048 2567/3047/3047 2594/3078/3078
f 2623/3108/3108 2567/3047/3047 2624/3109/3109
f 2624/3109/3109 2567/3047/3047 2625/3110/3110
f 2580/3062/3062 2625/3110/3110 2567/3047/3047
f 2568/3048/3048 2594/3078/3078 2569/3049/3049
f 2593/3077/3077 2569/3049/3049 2594/3078/3078
f 2593/3077/3077 2592/3076/3076 2569/3049/3049
f 2570/3050/3050 2569/3049/3049 2592/3076/3076
f 2606/3090/3090 2570/3050/3050 2592/3076/3076
f 2570/3050/3050 2606/3090/3090 2605/3089/3089
f 2640/3128/3128 2570/3050/3050 2605/3089/3089
f 2634/3120/3120 2640/3128/3128 2605/3089/3089
f 2634/3120/3120 2605/3089/3089 2613/3098/3098
f 2613/3098/3098 2585/3068/3068 2634/3120/3120
f 2584/3066/3066 2634/3120/3120 2585/3068/3068
f 2634/3120/3120 2584/3066/3066 2635/3122/3122
f 2605/3089/3089 2604/3088/3088 2613/3098/3098
f 2604/3088/3088 2614/3099/3099 2613/3098/3098
f 2604/3088/3088 2427/2884/2884 2614/3099/3099
f 2615/3100/3100 2614/3099/3099 2427/2884/2884
f 2613/3098/3098 2612/3096/3096 2585/3068/3068
f 2603/3087/3087 2427/2884/2884 2604/3088/3088
f 2603/3087/3087 2617/3102/3102 2427/2884/2884
f 2617/3102/3102 2603/3087/3087 2618/3103/3103
f 2602/3086/3086 2618/3103/3103 2603/3087/3087
f 2601/3085/3085 2618/3103/3103 2602/3086/3086
f 2601/3085/3085 2602/3086/3086 2414/2871/2871
f 2422/2879/2879 2414/2871/2871 2602/3086/3086
f 2602/3086/3086 2603/3087/3087 2422/2879/2879
f 2414/2871/2871 2422/2879/2879 2415/2872/2872
f 2422/2879/2879 2426/2883/2883 2415/2872/2872
f 2419/2876/2876 2415/2872/2872 2426/2883/2883
f 2419/2876/2876 2426/2883/2883 2420/2877/2877
f 2420/2877/2877 2289/2725/2725 2419/2876/2876
f 2288/2724/2724 2419/2876/2876 2289/2725/2725
f 2527/3003/3003 2289/2725/2725 2420/2877/2877
f 2528/3004/3004 2289/2725/2725 2527/3003/3003
f 2288/2724/2724 2289/2725/2725 2528/3004/3004
f 2288/2724/2724 2555/3034/3034 2419/2876/2876
f 2415/2872/2872 2419/2876/2876 2555/3034/3034
f 2414/2871/2871 2415/2872/2872 2555/3034/3034
f 2527/3003/3003 2420/2877/2877 2605/3089/3089
f 2604/3088/3088 2605/3089/3089 2420/2877/2877
f 2420/2877/2877 2426/2883/2883 2604/3088/3088
f 2603/3087/3087 2604/3088/3088 2426/2883/2883
f 2426/2883/2883 2422/2879/2879 2603/3087/3087
f 2414/2871/2871 2488/2952/2952 2418/2875/2875
f 2488/2952/2952 2483/2946/2946 2418/2875/2875
f 2483/2946/2946 2272/2703/2703 2418/2875/2875
f 2272/2703/2703 2483/2946/2946 2271/2702/2702
f 2480/2942/2942 2271/2702/2702 2483/2946/2946
f 2483/2946/2946 2488/2952/2952 2480/2942/2942
f 2272/2703/2703 2323/2761/2761 2418/2875/2875
f 2323/2761/2761 2273/2704/2704 2418/2875/2875
f 2271/2702/2702 2476/2937/2937 2272/2703/2703
f 2476/2937/2937 2271/2702/2702 2475/2936/2936
f 2470/2927/2927 2475/2936/2936 2271/2702/2702
f 2271/2702/2702 2480/2942/2942 2470/2927/2927
f 2477/2938/2938 2272/2703/2703 2476/2937/2937
f 2272/2703/2703 2477/2938/2938 2323/2761/2761
f 2470/2927/2927 2474/2934/2934 2475/2936/2936
f 2474/2934/2934 2470/2927/2927 2487/2950/2950
f 2486/2949/2949 2487/2950/2950 2470/2927/2927
f 2479/2941/2941 2475/2936/2936 2474/2934/2934
f 2475/2936/2936 2479/2941/2941 2270/2701/2701
f 2475/2936/2936 2270/2701/2701 2476/2937/2937
f 2471/2929/2929 2476/2937/2937 2270/2701/2701
f 2476/2937/2937 2471/2929/2929 2477/2938/2938
f 2472/2931/2931 2477/2938/2938 2471/2929/2929
f 2477/2938/2938 2472/2931/2931 2323/2761/2761
f 2276/2711/2711 2270/2701/2701 2479/2941/2941
f 2451/2908/2908 2450/2907/2907 2523/2999/2999
f 2523/2999/2999 2282/2717/2717 2451/2908/2908
f 2452/2909/2909 2451/2908/2908 2282/2717/2717
f 2282/2717/2717 2552/3031/3031 2452/2909/2909
f 2453/2910/2910 2452/2909/2909 2552/3031/3031
f 2451/2908/2908 2452/2909/2909 2506/2979/2979
f 2450/2907/2907 2451/2908/2908 2506/2979/2979
f 2513/2987/2987 2506/2979/2979 2452/2909/2909
f 2452/2909/2909 2453/2910/2910 2513/2987/2987
f 2551/3030/3030 2453/2910/2910 2552/3031/3031
f 2546/3024/3024 2453/2910/2910 2551/3030/3030
f 2546/3024/3024 2513/2987/2987 2453/2910/2910
f 2552/3031/3031 2282/2717/2717 2571/3051/3051
f 2570/3050/3050 2571/3051/3051 2282/2717/2717
f 2570/3050/3050 2639/3127/3127 2571/3051/3051
f 2640/3128/3128 2639/3127/3127 2570/3050/3050
f 2571/3051/3051 2639/3127/3127 2572/3052/3052
f 2638/3126/3126 2572/3052/3052 2639/3127/3127
f 2572/3052/3052 2638/3126/3126 2574/3054/3054
f 2632/3118/3118 2574/3054/3054 2638/3126/3126
f 2638/3126/3126 2637/3125/3125 2632/3118/3118
f 2574/3054/3054 2632/3118/3118 2575/3056/3056
f 2574/3054/3054 2575/3056/3056 2543/3020/3020
f 2550/3029/3029 2543/3020/3020 2575/3056/3056
f 2550/3029/3029 2511/2985/2985 2543/3020/3020
f 2512/2986/2986 2543/3020/3020 2511/2985/2985
f 2512/2986/2986 2511/2985/2985 2578/3060/3060
f 2512/2986/2986 2578/3060/3060 2543/3020/3020
f 2577/3058/3058 2578/3060/3060 2511/2985/2985
f 2574/3054/3054 2543/3020/3020 2578/3060/3060
f 2574/3054/3054 2578/3060/3060 2572/3052/3052
f 2573/3053/3053 2572/3052/3052 2578/3060/3060
f 2572/3052/3052 2573/3053/3053 2551/3030/3030
f 2551/3030/3030 2552/3031/3031 2572/3052/3052
f 2571/3051/3051 2572/3052/3052 2552/3031/3031
f 2546/3024/3024 2551/3030/3030 2573/3053/3053
f 2546/3024/3024 2573/3053/3053 2513/2987/2987
f 2579/3061/3061 2513/2987/2987 2573/3053/3053
f 2579/3061/3061 2580/3062/3062 2513/2987/2987
f 2506/2979/2979 2513/2987/2987 2580/3062/3062
f 2580/3062/3062 2567/3047/3047 2506/2979/2979
f 2450/2907/2907 2506/2979/2979 2567/3047/3047
f 2567/3047/3047 2568/3048/3048 2450/2907/2907
f 2568/3048/3048 2569/3049/3049 2450/2907/2907
f 2523/2999/2999 2450/2907/2907 2569/3049/3049
f 2569/3049/3049 2570/3050/3050 2523/2999/2999
f 2282/2717/2717 2523/2999/2999 2570/3050/3050
f 2583/3065/3065 2598/3082/3082 2633/3119/3119
f 2597/3081/3081 2633/3119/3119 2598/3082/3082
f 2633/3119/3119 2597/3081/3081 2626/3111/3111
f 2597/3081/3081 2596/3080/3080 2626/3111/3111
f 2627/3112/3112 2626/3111/3111 2596/3080/3080
f 2633/3119/3119 2636/3123/3123 2583/3065/3065
f 2636/3123/3123 2635/3121/3121 2583/3065/3065
f 2635/3121/3121 2584/3067/3067 2583/3065/3065
f 2583/3065/3065 2584/3067/3067 2519/2993/2993
f 2519/2993/2993 2539/3016/3016 2583/3065/3065
f 2519/2993/2993 2285/2721/2721 2539/3016/3016
f 2285/2721/2721 2558/3037/3037 2539/3016/3016
f 2557/3036/3036 2539/3016/3016 2558/3037/3037
f 2286/2722/2722 2539/3016/3016 2557/3036/3036
f 2521/2996/2996 2285/2721/2721 2519/2993/2993
f 2285/2721/2721 2521/2996/2996 2558/3037/3037
f 2537/3013/3013 2558/3037/3037 2521/2996/2996
f 2539/3016/3016 2286/2722/2722 2582/3064/3064
f 2581/3063/3063 2582/3064/3064 2286/2722/2722
f 2286/2722/2722 2557/3036/3036 2581/3063/3063
f 2581/3063/3063 2600/3084/3084 2582/3064/3064
f 2600/3084/3084 2581/3063/3063 2589/3073/3073
f 2589/3073/3073 2581/3063/3063 2609/3093/3093
f 2590/3074/3074 2589/3073/3073 2609/3093/3093
f 2608/3092/3092 2590/3074/3074 2609/3093/3093
f 2607/3091/3091 2590/3074/3074 2608/3092/3092
f 2599/3083/3083 2582/3064/3064 2600/3084/3084
f 2590/3074/3074 2607/3091/3091 2591/3075/3075
f 2607/3091/3091 2606/3090/3090 2591/3075/3075
f 2592/3076/3076 2591/3075/3075 2606/3090/3090
f 2590/3074/3074 2591/3075/3075 2287/2723/2723
f 2287/2723/2723 2556/3035/3035 2590/3074/3074
f 2287/2723/2723 2280/2715/2715 2556/3035/3035
f 2287/2723/2723 2554/3033/3033 2280/2715/2715
f 2554/3033/3033 2287/2723/2723 2591/3075/3075
f 2591/3075/3075 2592/3076/3076 2554/3033/3033
f 2281/2716/2716 2280/2715/2715 2554/3033/3033
f 2529/3005/3005 2281/2716/2716 2554/3033/3033
f 2529/3005/3005 2554/3033/3033 2592/3076/3076
f 2530/3006/3006 2281/2716/2716 2529/3005/3005
f 2281/2716/2716 2530/3006/3006 2280/2715/2715
f 2531/3007/3007 2280/2715/2715 2530/3006/3006
f 2280/2715/2715 2531/3007/3007 2532/3008/3008
f 2279/2714/2714 2280/2715/2715 2532/3008/3008
f 2514/2988/2988 2279/2714/2714 2532/3008/3008
f 2278/2713/2713 2279/2714/2714 2514/2988/2988
f 2278/2713/2713 2541/3018/3018 2279/2714/2714
f 2540/3017/3017 2279/2714/2714 2541/3018/3018
f 2542/3019/3019 2541/3018/3018 2278/2713/2713
f 2279/2714/2714 2540/3017/3017 2556/3035/3035
f 2280/2715/2715 2279/2714/2714 2556/3035/3035
f 2278/2713/2713 2514/2988/2988 2597/3081/3081
f 2596/3080/3080 2597/3081/3081 2514/2988/2988
f 2597/3081/3081 2598/3082/3082 2278/2713/2713
f 2542/3019/3019 2278/2713/2713 2598/3082/3082
f 2598/3082/3082 2599/3083/3083 2542/3019/3019
f 2598/3082/3082 2583/3065/3065 2599/3083/3083
f 2582/3064/3064 2599/3083/3083 2583/3065/3065
f 2582/3064/3064 2583/3065/3065 2539/3016/3016
f 2595/3079/3079 2596/3080/3080 2532/3008/3008
f 2532/3008/3008 2531/3007/3007 2595/3079/3079
f 2594/3078/3078 2595/3079/3079 2531/3007/3007
f 2531/3007/3007 2530/3006/3006 2594/3078/3078
f 2593/3077/3077 2594/3078/3078 2530/3006/3006
f 2530/3006/3006 2529/3005/3005 2593/3077/3077
f 2592/3076/3076 2593/3077/3077 2529/3005/3005
f 2514/2988/2988 2532/3008/3008 2596/3080/3080
f 2283/2718/2718 2526/3002/3002 2284/2719/2719
f 2520/2994/2994 2284/2719/2719 2526/3002/3002
f 2283/2718/2718 2284/2719/2719 2548/3026/3026
f 2545/3023/3023 2548/3026/3026 2284/2719/2719
f 2553/3032/3032 2526/3002/3002 2283/2718/2718
f 2520/2994/2994 2526/3002/3002 2635/3122/3122
f 2634/3120/3120 2635/3122/3122 2526/3002/3002
f 2526/3002/3002 2553/3032/3032 2634/3120/3120
f 2548/3026/3026 2545/3023/3023 2638/3126/3126
f 2637/3125/3125 2638/3126/3126 2545/3023/3023
f 2638/3126/3126 2639/3127/3127 2548/3026/3026
f 2283/2718/2718 2548/3026/3026 2639/3127/3127
f 2553/3032/3032 2283/2718/2718 2640/3128/3128
f 2639/3127/3127 2640/3128/3128 2283/2718/2718
f 2640/3128/3128 2634/3120/3120 2553/3032/3032
f 2416/2873/2873 2418/2875/2875 2273/2704/2704
f 2416/2873/2873 2273/2704/2704 2417/2874/2874
f 2274/2706/2706 2417/2874/2874 2273/2704/2704
f 2274/2706/2706 2275/2708/2708 2417/2874/2874
f 2275/2708/2708 2489/2953/2953 2417/2874/2874
f 2484/2947/2947 2489/2953/2953 2275/2708/2708
f 2489/2953/2953 2421/2878/2878 2417/2874/2874
f 2418/2875/2875 2416/2873/2873 2425/2882/2882
f 2421/2878/2878 2424/2881/2881 2417/2874/2874
f 2414/2871/2871 2418/2875/2875 2425/2882/2882
f 2275/2708/2708 2474/2935/2935 2484/2947/2947
f 2474/2935/2935 2275/2708/2708 2479/2940/2940
f 2478/2939/2939 2479/2940/2940 2275/2708/2708
f 2274/2706/2706 2478/2939/2939 2275/2708/2708
f 2274/2706/2706 2473/2933/2933 2478/2939/2939
f 2479/2940/2940 2478/2939/2939 2276/2710/2710
f 2473/2933/2933 2276/2710/2710 2478/2939/2939
f 2487/2951/2951 2484/2947/2947 2474/2935/2935
f 2487/2951/2951 2482/2944/2944 2484/2947/2947
f 2489/2953/2953 2484/2947/2947 2482/2944/2944
f 2482/2944/2944 2538/3015/3015 2489/2953/2953
f 2421/2878/2878 2489/2953/2953 2538/3015/3015
f 2538/3015/3015 2522/2998/2998 2421/2878/2878
f 2615/3100/3100 2421/2878/2878 2522/2998/2998
f 2424/2881/2881 2421/2878/2878 2615/3100/3100
f 2538/3015/3015 2482/2944/2944 2613/3098/3098
f 2612/3096/3096 2613/3098/3098 2482/2944/2944
f 2613/3098/3098 2614/3099/3099 2538/3015/3015
f 2522/2998/2998 2538/3015/3015 2614/3099/3099
f 2522/2998/2998 2614/3099/3099 2615/3100/3100
f 2615/3100/3100 2616/3101/3101 2424/2881/2881
f 2616/3101/3101 2617/3102/3102 2424/2881/2881
f 2616/3101/3101 2427/2884/2884 2617/3102/3102
f 2616/3101/3101 2615/3100/3100 2427/2884/2884
f 2423/2880/2880 2424/2881/2881 2617/3102/3102
f 2423/2880/2880 2416/2873/2873 2424/2881/2881
f 2423/2880/2880 2425/2882/2882 2416/2873/2873
f 2617/3102/3102 2618/3103/3103 2423/2880/2880
f 2425/2882/2882 2423/2880/2880 2618/3103/3103
f 2618/3103/3103 2601/3085/3085 2425/2882/2882
f 2414/2871/2871 2425/2882/2882 2601/3085/3085
f 2417/2874/2874 2424/2881/2881 2416/2873/2873
f 2485/2948/2948 2488/2952/2952 2414/2871/2871
f 2485/2948/2948 2480/2942/2942 2488/2952/2952
f 2480/2942/2942 2485/2948/2948 2486/2949/2949
f 2486/2949/2949 2470/2927/2927 2480/2942/2942
f 2481/2943/2943 2486/2949/2949 2485/2948/2948
f 2486/2949/2949 2481/2943/2943 2487/2950/2950
f 2482/2945/2945 2487/2950/2950 2481/2943/2943
f 2481/2943/2943 2485/2948/2948 2611/3095/3095
f 2610/3094/3094 2611/3095/3095 2485/2948/2948
f 2610/3094/3094 2588/3072/3072 2611/3095/3095
f 2588/3072/3072 2610/3094/3094 2581/3063/3063
f 2609/3093/3093 2581/3063/3063 2610/3094/3094
f 2587/3071/3071 2611/3095/3095 2588/3072/3072
f 2587/3071/3071 2586/3070/3070 2611/3095/3095
f 2612/3097/3097 2611/3095/3095 2586/3070/3070
f 2586/3070/3070 2587/3071/3071 2537/3013/3013
f 2558/3037/3037 2537/3013/3013 2587/3071/3071
f 2587/3071/3071 2588/3072/3072 2558/3037/3037
f 2557/3036/3036 2558/3037/3037 2588/3072/3072
f 2588/3072/3072 2581/3063/3063 2557/3036/3036
f 2608/3092/3092 2609/3093/3093 2555/3034/3034
f 2555/3034/3034 2288/2724/2724 2608/3092/3092
f 2607/3091/3091 2608/3092/3092 2288/2724/2724
f 2288/2724/2724 2528/3004/3004 2607/3091/3091
f 2606/3090/3090 2607/3091/3091 2528/3004/3004
f 2528/3004/3004 2527/3003/3003 2606/3090/3090
f 2605/3089/3089 2606/3090/3090 2527/3003/3003
f 2414/2871/2871 2555/3034/3034 2609/3093/3093
f 2609/3093/3093 2610/3094/3094 2414/2871/2871
f 2485/2948/2948 2414/2871/2871 2610/3094/3094
f 2270/2699/2699 2378/2833/2833 2471/2928/2928
f 2377/2832/2832 2471/2928/2928 2378/2833/2833
f 2471/2928/2928 2377/2832/2832 2472/2930/2930
f 2379/2835/2835 2472/2930/2930 2377/2832/2832
f 2378/2833/2833 2290/2727/2727 2377/2832/2832
f 2291/2728/2728 2377/2832/2832 2290/2727/2727
f 2377/2832/2832 2291/2728/2728 2379/2835/2835
f 2290/2727/2727 2338/2791/2791 2291/2728/2728
f 2340/2793/2793 2291/2728/2728 2338/2791/2791
f 2338/2791/2791 2337/2789/2789 2340/2793/2793
f 2339/2792/2792 2340/2793/2793 2337/2789/2789
f 2340/2793/2793 2339/2792/2792 2342/2795/2795
f 2341/2794/2794 2342/2795/2795 2339/2792/2792
f 2342/2795/2795 2341/2794/2794 2375/2830/2830
f 2376/2831/2831 2375/2830/2830 2341/2794/2794
f 2337/2789/2789 2325/2766/2766 2339/2792/2792
f 2326/2768/2768 2339/2792/2792 2325/2766/2766
f 2339/2792/2792 2326/2768/2768 2341/2794/2794
f 2327/2770/2770 2341/2794/2794 2326/2768/2768
f 2341/2794/2794 2327/2770/2770 2376/2831/2831
f 2342/2795/2795 2375/2830/2830 2292/2729/2729
f 2342/2795/2795 2292/2729/2729 2340/2793/2793
f 2291/2728/2728 2340/2793/2793 2292/2729/2729
f 2368/2822/2822 2376/2831/2831 2327/2770/2770
f 2292/2729/2729 2379/2835/2835 2291/2728/2728
f 2379/2835/2835 2292/2729/2729 2462/2919/2919
f 2379/2835/2835 2462/2919/2919 2441/2898/2898
f 2472/2930/2930 2379/2835/2835 2441/2898/2898
f 2431/2888/2888 2472/2930/2930 2441/2898/2898
f 2441/2898/2898 2462/2919/2919 2446/2903/2903
f 2446/2903/2903 2462/2919/2919 2361/2814/2814
f 2436/2893/2893 2446/2903/2903 2361/2814/2814
f 2436/2893/2893 2361/2814/2814 2433/2890/2890
f 2370/2824/2824 2433/2890/2890 2361/2814/2814
f 2370/2824/2824 2362/2815/2815 2433/2890/2890
f 2362/2815/2815 2370/2824/2824 2459/2916/2916
f 2460/2917/2917 2459/2916/2916 2370/2824/2824
f 2362/2815/2815 2459/2916/2916 2363/2816/2816
f 2461/2918/2918 2363/2816/2816 2459/2916/2916
f 2434/2891/2891 2433/2890/2890 2362/2815/2815
f 2363/2816/2816 2435/2892/2892 2362/2815/2815
f 2434/2891/2891 2362/2815/2815 2435/2892/2892
f 2461/2918/2918 2464/2921/2921 2363/2816/2816
f 2364/2817/2817 2363/2816/2816 2464/2921/2921
f 2363/2816/2816 2364/2817/2817 2435/2892/2892
f 2464/2921/2921 2389/2845/2845 2364/2817/2817
f 2389/2845/2845 2386/2842/2842 2364/2817/2817
f 2364/2817/2817 2386/2842/2842 2447/2904/2904
f 2437/2894/2894 2364/2817/2817 2447/2904/2904
f 2437/2894/2894 2435/2892/2892 2364/2817/2817
f 2447/2904/2904 2386/2842/2842 2442/2899/2899
f 2442/2899/2899 2386/2842/2842 2473/2932/2932
f 2386/2842/2842 2385/2841/2841 2473/2932/2932
f 2276/2709/2709 2473/2932/2932 2385/2841/2841
f 2385/2841/2841 2378/2834/2834 2276/2709/2709
f 2270/2700/2700 2276/2709/2709 2378/2834/2834
f 2378/2834/2834 2385/2841/2841 2290/2726/2726
f 2295/2732/2732 2290/2726/2726 2385/2841/2841
f 2290/2726/2726 2295/2732/2732 2338/2790/2790
f 2346/2799/2799 2338/2790/2790 2295/2732/2732
f 2338/2790/2790 2346/2799/2799 2337/2788/2788
f 2345/2798/2798 2337/2788/2788 2346/2799/2799
f 2346/2799/2799 2344/2797/2797 2345/2798/2798
f 2343/2796/2796 2345/2798/2798 2344/2797/2797
f 2344/2797/2797 2374/2829/2829 2343/2796/2796
f 2373/2828/2828 2343/2796/2796 2374/2829/2829
f 2337/2788/2788 2345/2798/2798 2325/2765/2765
f 2329/2774/2774 2325/2765/2765 2345/2798/2798
f 2345/2798/2798 2343/2796/2796 2329/2774/2774
f 2328/2772/2772 2329/2774/2774 2343/2796/2796
f 2343/2796/2796 2373/2828/2828 2328/2772/2772
f 2371/2826/2826 2328/2772/2772 2373/2828/2828
f 2373/2828/2828 2374/2829/2829 2358/2811/2811
f 2357/2810/2810 2358/2811/2811 2374/2829/2829
f 2357/2810/2810 2348/2801/2801 2358/2811/2811
f 2347/2800/2800 2358/2811/2811 2348/2801/2801
f 2347/2800/2800 2348/2801/2801 2349/2802/2802
f 2350/2803/2803 2349/2802/2802 2348/2801/2801
f 2350/2803/2803 2352/2805/2805 2349/2802/2802
f 2351/2804/2804 2349/2802/2802 2352/2805/2805
f 2352/2805/2805 2354/2807/2807 2351/2804/2804
f 2353/2806/2806 2351/2804/2804 2354/2807/2807
f 2354/2807/2807 2356/2809/2809 2353/2806/2806
f 2355/2808/2808 2353/2806/2806 2356/2809/2809
f 2355/2808/2808 2356/2809/2809 2359/2812/2812
f 2360/2813/2813 2359/2812/2812 2356/2809/2809
f 2353/2806/2806 2355/2808/2808 2333/2782/2782
f 2334/2784/2784 2333/2782/2782 2355/2808/2808
f 2356/2809/2809 2354/2807/2807 2305/2742/2742
f 2356/2809/2809 2305/2742/2742 2360/2813/2813
f 2304/2741/2741 2305/2742/2742 2354/2807/2807
f 2354/2807/2807 2352/2805/2805 2304/2741/2741
f 2303/2740/2740 2304/2741/2741 2352/2805/2805
f 2352/2805/2805 2350/2803/2803 2303/2740/2740
f 2302/2739/2739 2303/2740/2740 2350/2803/2803
f 2302/2739/2739 2350/2803/2803 2301/2738/2738
f 2348/2801/2801 2301/2738/2738 2350/2803/2803
f 2348/2801/2801 2357/2810/2810 2301/2738/2738
f 2335/2785/2785 2301/2738/2738 2357/2810/2810
f 2335/2785/2785 2387/2843/2843 2301/2738/2738
f 2384/2840/2840 2301/2738/2738 2387/2843/2843
f 2301/2738/2738 2384/2840/2840 2302/2739/2739
f 2357/2810/2810 2374/2829/2829 2335/2785/2785
f 2365/2818/2818 2335/2785/2785 2374/2829/2829
f 2335/2785/2785 2365/2818/2818 2387/2843/2843
f 2365/2818/2818 2374/2829/2829 2294/2731/2731
f 2344/2797/2797 2294/2731/2731 2374/2829/2829
f 2344/2797/2797 2346/2799/2799 2294/2731/2731
f 2295/2732/2732 2294/2731/2731 2346/2799/2799
f 2294/2731/2731 2295/2732/2732 2386/2842/2842
f 2385/2841/2841 2386/2842/2842 2295/2732/2732
f 2386/2842/2842 2389/2845/2845 2294/2731/2731
f 2365/2818/2818 2294/2731/2731 2389/2845/2845
f 2389/2845/2845 2387/2843/2843 2365/2818/2818
f 2387/2843/2843 2389/2845/2845 2309/2746/2746
f 2387/2843/2843 2309/2746/2746 2384/2840/2840
f 2309/2746/2746 2407/2864/2864 2384/2840/2840
f 2408/2865/2865 2407/2864/2864 2309/2746/2746
f 2406/2863/2863 2408/2865/2865 2309/2746/2746
f 2408/2865/2865 2406/2863/2863 2409/2866/2866
f 2411/2868/2868 2409/2866/2866 2406/2863/2863
f 2409/2866/2866 2411/2868/2868 2403/2860/2860
f 2410/2867/2867 2403/2860/2860 2411/2868/2868
f 2403/2860/2860 2410/2867/2867 2296/2733/2733
f 2404/2861/2861 2296/2733/2733 2410/2867/2867
f 2296/2733/2733 2404/2861/2861 2388/2844/2844
f 2381/2837/2837 2296/2733/2733 2388/2844/2844
f 2381/2837/2837 2380/2836/2836 2296/2733/2733
f 2297/2734/2734 2296/2733/2733 2380/2836/2836
f 2296/2733/2733 2297/2734/2734 2403/2860/2860
f 2380/2836/2836 2382/2838/2838 2297/2734/2734
f 2298/2735/2735 2297/2734/2734 2382/2838/2838
f 2298/2735/2735 2382/2838/2838 2299/2736/2736
f 2383/2839/2839 2299/2736/2736 2382/2838/2838
f 2299/2736/2736 2383/2839/2839 2300/2737/2737
f 2384/2840/2840 2300/2737/2737 2383/2839/2839
f 2298/2735/2735 2391/2847/2847 2297/2734/2734
f 2298/2735/2735 2299/2736/2736 2391/2847/2847
f 2403/2860/2860 2297/2734/2734 2391/2847/2847
f 2382/2838/2838 2303/2740/2740 2383/2839/2839
f 2382/2838/2838 2380/2836/2836 2303/2740/2740
f 2304/2741/2741 2303/2740/2740 2380/2836/2836
f 2380/2836/2836 2381/2837/2837 2304/2741/2741
f 2305/2742/2742 2304/2741/2741 2381/2837/2837
f 2305/2742/2742 2381/2837/2837 2314/2752/2752
f 2314/2752/2752 2360/2813/2813 2305/2742/2742
f 2360/2813/2813 2314/2752/2752 2375/2830/2830
f 2375/2830/2830 2376/2831/2831 2360/2813/2813
f 2359/2812/2812 2360/2813/2813 2376/2831/2831
f 2359/2812/2812 2376/2831/2831 2336/2787/2787
f 2368/2822/2822 2336/2787/2787 2376/2831/2831
f 2359/2812/2812 2336/2787/2787 2355/2808/2808
f 2334/2784/2784 2355/2808/2808 2336/2787/2787
f 2372/2827/2827 2292/2729/2729 2375/2830/2830
f 2372/2827/2827 2462/2919/2919 2292/2729/2729
f 2462/2919/2919 2372/2827/2827 2388/2844/2844
f 2462/2919/2919 2388/2844/2844 2457/2914/2914
f 2307/2744/2744 2457/2914/2914 2388/2844/2844
f 2404/2861/2861 2307/2744/2744 2388/2844/2844
f 2307/2744/2744 2404/2861/2861 2306/2743/2743
f 2405/2862/2862 2306/2743/2743 2404/2861/2861
f 2306/2743/2743 2405/2862/2862 2308/2745/2745
f 2413/2870/2870 2308/2745/2745 2405/2862/2862
f 2308/2745/2745 2413/2870/2870 2324/2763/2763
f 2406/2863/2863 2324/2763/2763 2413/2870/2870
f 2324/2763/2763 2406/2863/2863 2309/2746/2746
f 2406/2863/2863 2413/2870/2870 2411/2868/2868
f 2411/2868/2868 2413/2870/2870 2410/2867/2867
f 2412/2869/2869 2410/2867/2867 2413/2870/2870
f 2410/2867/2867 2412/2869/2869 2404/2861/2861
f 2412/2869/2869 2405/2862/2862 2404/2861/2861
f 2412/2869/2869 2413/2870/2870 2405/2862/2862
f 2309/2746/2746 2458/2915/2915 2324/2763/2763
f 2456/2913/2913 2324/2763/2763 2458/2915/2915
f 2324/2763/2763 2456/2913/2913 2308/2745/2745
f 2454/2911/2911 2308/2745/2745 2456/2913/2913
f 2454/2911/2911 2455/2912/2912 2308/2745/2745
f 2306/2743/2743 2308/2745/2745 2455/2912/2912
f 2306/2743/2743 2455/2912/2912 2307/2744/2744
f 2457/2914/2914 2307/2744/2744 2455/2912/2912
f 2455/2912/2912 2466/2923/2923 2457/2914/2914
f 2455/2912/2912 2454/2911/2911 2466/2923/2923
f 2468/2925/2925 2457/2914/2914 2466/2923/2923
f 2457/2914/2914 2468/2925/2925 2462/2919/2919
f 2465/2922/2922 2466/2923/2923 2454/2911/2911
f 2466/2923/2923 2465/2922/2922 2460/2917/2917
f 2466/2923/2923 2460/2917/2917 2468/2925/2925
f 2459/2916/2916 2460/2917/2917 2465/2922/2922
f 2459/2916/2916 2465/2922/2922 2461/2918/2918
f 2467/2924/2924 2461/2918/2918 2465/2922/2922
f 2467/2924/2924 2469/2926/2926 2461/2918/2918
f 2464/2921/2921 2461/2918/2918 2469/2926/2926
f 2464/2921/2921 2469/2926/2926 2389/2845/2845
f 2465/2922/2922 2454/2911/2911 2467/2924/2924
f 2456/2913/2913 2467/2924/2924 2454/2911/2911
f 2469/2926/2926 2467/2924/2924 2458/2915/2915
f 2456/2913/2913 2458/2915/2915 2467/2924/2924
f 2469/2926/2926 2458/2915/2915 2389/2845/2845
f 2458/2915/2915 2309/2746/2746 2389/2845/2845
f 2351/2804/2804 2353/2806/2806 2332/2780/2780
f 2333/2782/2782 2332/2780/2780 2353/2806/2806
f 2351/2804/2804 2332/2780/2780 2349/2802/2802
f 2331/2778/2778 2349/2802/2802 2332/2780/2780
f 2349/2802/2802 2331/2778/2778 2347/2800/2800
f 2330/2776/2776 2347/2800/2800 2331/2778/2778
f 2330/2776/2776 2310/2748/2748 2347/2800/2800
f 2358/2811/2811 2347/2800/2800 2310/2748/2748
f 2358/2811/2811 2310/2748/2748 2373/2828/2828
f 2371/2826/2826 2373/2828/2828 2310/2748/2748
f 2371/2825/2825 2366/2819/2819 2328/2771/2771
f 2319/2757/2757 2328/2771/2771 2366/2819/2819
f 2366/2819/2819 2369/2823/2823 2319/2757/2757
f 2372/2827/2827 2375/2830/2830 2314/2752/2752
f 2314/2752/2752 2388/2844/2844 2372/2827/2827
f 2388/2844/2844 2314/2752/2752 2381/2837/2837
f 2302/2739/2739 2383/2839/2839 2303/2740/2740
f 2383/2839/2839 2302/2739/2739 2384/2840/2840
f 2407/2864/2864 2300/2737/2737 2384/2840/2840
f 2300/2737/2737 2407/2864/2864 2390/2846/2846
f 2390/2846/2846 2299/2736/2736 2300/2737/2737
f 2390/2846/2846 2391/2847/2847 2299/2736/2736
f 2401/2858/2858 2390/2846/2846 2407/2864/2864
f 2390/2846/2846 2401/2858/2858 2391/2847/2847
f 2402/2859/2859 2391/2847/2847 2401/2858/2858
f 2403/2860/2860 2391/2847/2847 2402/2859/2859
f 2408/2865/2865 2401/2858/2858 2407/2864/2864
f 2401/2858/2858 2408/2865/2865 2402/2859/2859
f 2409/2866/2866 2402/2859/2859 2408/2865/2865
f 2403/2860/2860 2402/2859/2859 2409/2866/2866
f 2430/2887/2887 2432/2889/2889 2274/2707/2707
f 2473/2932/2932 2274/2707/2707 2432/2889/2889
f 2432/2889/2889 2442/2899/2899 2473/2932/2932
f 2432/2889/2889 2430/2887/2887 2442/2899/2899
f 2430/2887/2887 2274/2707/2707 2429/2886/2886
f 2273/2705/2705 2429/2886/2886 2274/2707/2707
f 2273/2705/2705 2323/2762/2762 2429/2886/2886
f 2428/2885/2885 2429/2886/2886 2323/2762/2762
f 2428/2885/2885 2323/2762/2762 2431/2888/2888
f 2472/2930/2930 2431/2888/2888 2323/2762/2762
f 2429/2886/2886 2428/2885/2885 2439/2896/2896
f 2438/2895/2895 2439/2896/2896 2428/2885/2885
f 2429/2886/2886 2439/2896/2896 2430/2887/2887
f 2440/2897/2897 2430/2887/2887 2439/2896/2896
f 2440/2897/2897 2442/2899/2899 2430/2887/2887
f 2438/2895/2895 2443/2900/2900 2439/2896/2896
f 2444/2901/2901 2439/2896/2896 2443/2900/2900
f 2439/2896/2896 2444/2901/2901 2440/2897/2897
f 2444/2901/2901 2443/2900/2900 2434/2891/2891
f 2433/2890/2890 2434/2891/2891 2443/2900/2900
f 2444/2901/2901 2434/2891/2891 2445/2902/2902
f 2445/2902/2902 2440/2897/2897 2444/2901/2901
f 2440/2897/2897 2445/2902/2902 2442/2899/2899
f 2435/2892/2892 2445/2902/2902 2434/2891/2891
f 2433/2890/2890 2443/2900/2900 2436/2893/2893
f 2446/2903/2903 2436/2893/2893 2443/2900/2900
f 2435/2892/2892 2437/2894/2894 2445/2902/2902
f 2447/2904/2904 2445/2902/2902 2437/2894/2894
f 2447/2904/2904 2442/2899/2899 2445/2902/2902
f 2443/2900/2900 2438/2895/2895 2446/2903/2903
f 2441/2898/2898 2446/2903/2903 2438/2895/2895
f 2438/2895/2895 2428/2885/2885 2441/2898/2898
f 2431/2888/2888 2441/2898/2898 2428/2885/2885
f 2460/2917/2917 2370/2824/2824 2463/2920/2920
f 2361/2814/2814 2463/2920/2920 2370/2824/2824
f 2463/2920/2920 2361/2814/2814 2462/2919/2919
f 2463/2920/2920 2468/2925/2925 2460/2917/2917
f 2468/2925/2925 2463/2920/2920 2462/2919/2919
f 2515/2989/2989 2507/2980/2980 2516/2990/2990
f 2516/2990/2990 2507/2980/2980 2508/2981/2981
f 2524/3000/3000 2516/2990/2990 2508/2981/2981
f 2525/3001/3001 2524/3000/3000 2508/2981/2981
f 2509/2982/2982 2525/3001/3001 2508/2981/2981
f 2508/2981/2981 2507/2980/2980 2620/3105/3105
f 2619/3104/3104 2620/3105/3105 2507/2980/2980
f 2507/2980/2980 2515/2989/2989 2619/3104/3104
f 2620/3105/3105 2621/3106/3106 2508/2981/2981
f 2509/2982/2982 2508/2981/2981 2621/3106/3106
f 2621/3106/3106 2622/3107/3107 2509/2982/2982
f 2525/3001/3001 2509/2982/2982 2622/3107/3107
f 2622/3107/3107 2621/3106/3106 2629/3114/3114
f 2622/3107/3107 2629/3114/3114 2623/3108/3108
f 2622/3107/3107 2623/3108/3108 2525/3001/3001
f 2524/3000/3000 2525/3001/3001 2623/3108/3108
f 2623/3108/3108 2624/3109/3109 2524/3000/3000
f 2516/2990/2990 2524/3000/3000 2624/3109/3109
f 2624/3109/3109 2625/3110/3110 2516/2990/2990
f 2515/2989/2989 2516/2990/2990 2625/3110/3110
f 2625/3110/3110 2619/3104/3104 2515/2989/2989
f 2628/3113/3113 2629/3114/3114 2533/3009/3009
f 2534/3010/3010 2533/3009/3009 2629/3114/3114
f 2629/3114/3114 2630/3115/3115 2534/3010/3010
f 2535/3011/3011 2534/3010/3010 2630/3115/3115
f 2630/3115/3115 2631/3116/3116 2535/3011/3011
f 2510/2983/2983 2535/3011/3011 2631/3116/3116
f 2631/3116/3116 2632/3117/3117 2510/2983/2983
f 2547/3025/3025 2510/2983/2983 2632/3117/3117
f 2632/3117/3117 2633/3119/3119 2547/3025/3025
f 2633/3119/3119 2632/3117/3117 2636/3123/3123
f 2637/3124/3124 2636/3123/3123 2632/3117/3117
f 2277/2712/2712 2547/3025/3025 2633/3119/3119
f 2633/3119/3119 2626/3111/3111 2277/2712/2712
f 2518/2992/2992 2277/2712/2712 2626/3111/3111
f 2626/3111/3111 2627/3112/3112 2518/2992/2992
f 2517/2991/2991 2518/2992/2992 2627/3112/3112
f 2636/3123/3123 2637/3124/3124 2544/3021/3021
f 2544/3021/3021 2520/2995/2995 2636/3123/3123
f 2284/2720/2720 2520/2995/2995 2544/3021/3021
f 2545/3022/3022 2284/2720/2720 2544/3021/3021
f 2545/3022/3022 2544/3021/3021 2637/3124/3124
f 2635/3121/3121 2636/3123/3123 2520/2995/2995
f 2549/3027/3027 2511/2984/2984 2550/3028/3028
f 2549/3027/3027 2550/3028/3028 2576/3057/3057
f 2575/3055/3055 2576/3057/3057 2550/3028/3028
f 2576/3057/3057 2577/3059/3059 2549/3027/3027
f 2511/2984/2984 2549/3027/3027 2577/3059/3059
f 2537/3014/3014 2521/2997/2997 2536/3012/3012
f 2536/3012/3012 2521/2997/2997 2585/3068/3068
f 2584/3066/3066 2585/3068/3068 2521/2997/2997
f 2585/3068/3068 2586/3069/3069 2536/3012/3012
f 2537/3014/3014 2536/3012/3012 2586/3069/3069
f 2586/3069/3069 2585/3068/3068 2612/3096/3096
f 2559/3038/3038 2560/3039/3039 2393/2849/2849
f 2392/2848/2848 2393/2849/2849 2560/3039/3039
f 2560/3039/3039 2561/3040/3040 2392/2848/2848
f 2394/2850/2850 2392/2848/2848 2561/3040/3040
f 2561/3040/3040 2562/3041/3041 2394/2850/2850
f 2395/2851/2851 2394/2850/2850 2562/3041/3041
f 2562/3041/3041 2563/3042/3042 2395/2851/2851
f 2396/2852/2852 2395/2851/2851 2563/3042/3042
f 2563/3042/3042 2564/3043/3043 2396/2852/2852
f 2397/2853/2853 2396/2852/2852 2564/3043/3043
f 2564/3043/3043 2565/3044/3044 2397/2853/2853
f 2398/2854/2854 2397/2853/2853 2565/3044/3044
f 2521/2996/2996 2519/2993/2993 2584/3067/3067
f 2589/3073/3073 2590/3074/3074 2556/3035/3035
f 2556/3035/3035 2540/3017/3017 2589/3073/3073
f 2600/3084/3084 2589/3073/3073 2540/3017/3017
f 2540/3017/3017 2541/3018/3018 2600/3084/3084
f 2599/3083/3083 2600/3084/3084 2541/3018/3018
f 2541/3018/3018 2542/3019/3019 2599/3083/3083
f 2611/3095/3095 2612/3097/3097 2481/2943/2943
f 2482/2945/2945 2481/2943/2943 2612/3097/3097
f 2579/3061/3061 2573/3053/3053 2578/3060/3060
f 2659/3153/3153 2647/3137/3137 2641/3129/3129
f 2648/3139/3139 2641/3129/3129 2647/3137/3137
f 2641/3129/3129 2671/3170/3170 2659/3153/3153
f 2677/3180/3180 2659/3153/3153 2671/3170/3170
f 2671/3170/3170 2641/3129/3129 2695/3201/3201
f 2686/3192/3192 2695/3201/3201 2641/3129/3129
f 2686/3192/3192 2641/3129/3129 2648/3139/3139
f 2648/3139/3139 2647/3137/3137 2666/3163/3163
f 2665/3161/3161 2666/3163/3163 2647/3137/3137
f 2666/3163/3163 2665/3161/3161 2645/3134/3134
f 2646/3135/3135 2645/3134/3134 2665/3161/3161
f 2682/3187/3187 2666/3163/3163 2645/3134/3134
f 2645/3134/3134 2698/3204/3204 2682/3187/3187
f 2699/3205/3205 2682/3187/3187 2698/3204/3204
f 2645/3134/3134 2646/3135/3135 2660/3155/3155
f 2645/3134/3134 2660/3155/3155 2698/3204/3204
f 2669/3167/3167 2660/3155/3155 2646/3135/3135
f 2701/3207/3207 2698/3204/3204 2660/3155/3155
f 2660/3155/3155 2669/3167/3167 2661/3156/3156
f 2661/3156/3156 2657/3151/3151 2660/3155/3155
f 2688/3194/3194 2660/3155/3155 2657/3151/3151
f 2660/3155/3155 2688/3194/3194 2701/3207/3207
f 2656/3149/3149 2661/3156/3156 2669/3167/3167
f 2661/3156/3156 2656/3149/3149 2662/3157/3157
f 2662/3157/3157 2657/3151/3151 2661/3156/3156
f 2688/3194/3194 2657/3151/3151 2662/3157/3157
f 2668/3165/3165 2662/3157/3157 2656/3149/3149
f 2688/3194/3194 2662/3157/3157 2702/3208/3208
f 2703/3209/3209 2702/3208/3208 2662/3157/3157
f 2679/3183/3183 2662/3157/3157 2668/3165/3165
f 2679/3183/3183 2680/3185/3185 2662/3157/3157
f 2680/3185/3185 2679/3183/3183 2643/3131/3131
f 2644/3132/3132 2643/3131/3131 2679/3183/3183
f 2643/3131/3131 2644/3132/3132 2663/3158/3158
f 2664/3159/3159 2663/3158/3158 2644/3132/3132
f 2663/3158/3158 2664/3159/3159 2649/3140/3140
f 2650/3141/3141 2649/3140/3140 2664/3159/3159
f 2663/3158/3158 2649/3140/3140 2725/3233/3233
f 2724/3232/3232 2725/3233/3233 2649/3140/3140
f 2649/3140/3140 2650/3141/3141 2653/3145/3145
f 2649/3140/3140 2653/3145/3145 2724/3232/3232
f 2654/3146/3146 2653/3145/3145 2650/3141/3141
f 2683/3188/3188 2724/3232/3232 2653/3145/3145
f 2683/3188/3188 2653/3145/3145 2717/3223/3223
f 2718/3224/3224 2717/3223/3223 2653/3145/3145
f 2718/3224/3224 2721/3227/3227 2717/3223/3223
f 2685/3190/3190 2717/3223/3223 2721/3227/3227
f 2717/3223/3223 2685/3190/3190 2719/3225/3225
f 2719/3225/3225 2708/3214/3214 2717/3223/3223
f 2683/3188/3188 2717/3223/3223 2708/3214/3214
f 2708/3214/3214 2690/3196/3196 2683/3188/3188
f 2708/3214/3214 2806/3317/3317 2690/3196/3196
f 2681/3186/3186 2690/3196/3196 2806/3317/3317
f 2690/3196/3196 2681/3186/3186 2725/3233/3233
f 2723/3231/3231 2725/3233/3233 2681/3186/3186
f 2725/3233/3233 2723/3231/3231 2663/3158/3158
f 2643/3131/3131 2663/3158/3158 2723/3231/3231
f 2725/3233/3233 2724/3232/3232 2690/3196/3196
f 2683/3188/3188 2690/3196/3196 2724/3232/3232
f 2709/3215/3215 2681/3186/3186 2806/3317/3317
f 2681/3186/3186 2709/3215/3215 2723/3231/3231
f 2726/3234/3234 2723/3231/3231 2709/3215/3215
f 2726/3234/3234 2707/3213/3213 2723/3231/3231
f 2643/3131/3131 2723/3231/3231 2707/3213/3213
f 2707/3213/3213 2678/3182/3182 2643/3131/3131
f 2726/3234/3234 2729/3237/3237 2707/3213/3213
f 2726/3234/3234 2709/3215/3215 2729/3237/3237
f 2662/3157/3157 2707/3213/3213 2729/3237/3237
f 2707/3213/3213 2662/3157/3157 2678/3182/3182
f 2678/3182/3182 2662/3157/3157 2680/3185/3185
f 2680/3185/3185 2643/3131/3131 2678/3182/3182
f 2662/3157/3157 2729/3237/3237 2703/3209/3209
f 2703/3209/3209 2729/3237/3237 2704/3210/3210
f 2703/3209/3209 2704/3210/3210 2702/3208/3208
f 2689/3195/3195 2702/3208/3208 2704/3210/3210
f 2702/3208/3208 2689/3195/3195 2706/3212/3212
f 2705/3211/3211 2706/3212/3212 2689/3195/3195
f 2706/3212/3212 2705/3211/3211 2701/3207/3207
f 2706/3212/3212 2701/3207/3207 2688/3194/3194
f 2706/3212/3212 2688/3194/3194 2702/3208/3208
f 2701/3207/3207 2705/3211/3211 2698/3204/3204
f 2698/3204/3204 2705/3211/3211 2691/3197/3197
f 2698/3204/3204 2691/3197/3197 2699/3205/3205
f 2684/3189/3189 2699/3205/3205 2691/3197/3197
f 2692/3198/3198 2691/3197/3197 2705/3211/3211
f 2691/3197/3197 2692/3198/3198 2684/3189/3189
f 2705/3211/3211 2757/3266/3266 2692/3198/3198
f 2705/3211/3211 2689/3195/3195 2757/3266/3266
f 2689/3195/3195 2766/3275/3275 2757/3266/3266
f 2760/3269/3269 2757/3266/3266 2766/3275/3275
f 2775/3284/3284 2692/3198/3198 2757/3266/3266
f 2757/3266/3266 2760/3269/3269 2775/3284/3284
f 2764/3273/3273 2775/3284/3284 2760/3269/3269
f 2760/3269/3269 2756/3265/3265 2764/3273/3273
f 2766/3275/3275 2756/3265/3265 2760/3269/3269
f 2773/3282/3282 2764/3273/3273 2756/3265/3265
f 2766/3275/3275 2689/3195/3195 2772/3281/3281
f 2704/3210/3210 2772/3281/3281 2689/3195/3195
f 2772/3281/3281 2704/3210/3210 2813/3324/3324
f 2693/3199/3199 2813/3324/3324 2704/3210/3210
f 2693/3199/3199 2704/3210/3210 2729/3237/3237
f 2693/3199/3199 2729/3237/3237 2709/3215/3215
f 2772/3281/3281 2813/3324/3324 2805/3316/3316
f 2793/3304/3304 2805/3316/3316 2813/3324/3324
f 2709/3215/3215 2806/3317/3317 2693/3199/3199
f 2813/3324/3324 2693/3199/3199 2806/3317/3317
f 2806/3317/3317 2793/3304/3304 2813/3324/3324
f 2793/3304/3304 2806/3317/3317 2777/3286/3286
f 2806/3317/3317 2763/3272/3272 2777/3286/3286
f 2776/3285/3285 2777/3286/3286 2763/3272/3272
f 2777/3286/3286 2776/3285/3285 2789/3300/3300
f 2793/3304/3304 2777/3286/3286 2789/3300/3300
f 2793/3304/3304 2789/3300/3300 2765/3274/3274
f 2755/3264/3264 2765/3274/3274 2789/3300/3300
f 2765/3274/3274 2755/3264/3264 2745/3253/3253
f 2732/3240/3240 2745/3253/3253 2755/3264/3264
f 2732/3240/3240 2731/3239/3239 2745/3253/3253
f 2746/3254/3254 2745/3253/3253 2731/3239/3239
f 2731/3239/3239 2732/3240/3240 2742/3250/3250
f 2742/3250/3250 2743/3251/3251 2731/3239/3239
f 2737/3245/3245 2731/3239/3239 2743/3251/3251
f 2731/3239/3239 2737/3245/3245 2746/3254/3254
f 2741/3249/3249 2742/3250/3250 2732/3240/3240
f 2741/3249/3249 2732/3240/3240 2762/3271/3271
f 2755/3264/3264 2762/3271/3271 2732/3240/3240
f 2742/3250/3250 2741/3249/3249 2736/3244/3244
f 2735/3243/3243 2736/3244/3244 2741/3249/3249
f 2736/3244/3244 2735/3243/3243 2786/3297/3297
f 2785/3296/3296 2786/3297/3297 2735/3243/3243
f 2785/3296/3296 2735/3243/3243 2790/3301/3301
f 2759/3268/3268 2790/3301/3301 2735/3243/3243
f 2786/3297/3297 2714/3220/3220 2736/3244/3244
f 2738/3246/3246 2736/3244/3244 2714/3220/3220
f 2736/3244/3244 2738/3246/3246 2742/3250/3250
f 2743/3251/3251 2742/3250/3250 2738/3246/3246
f 2743/3251/3251 2738/3246/3246 2715/3221/3221
f 2713/3219/3219 2715/3221/3221 2738/3246/3246
f 2713/3219/3219 2738/3246/3246 2714/3220/3220
f 2713/3219/3219 2650/3142/3142 2715/3221/3221
f 2664/3160/3160 2715/3221/3221 2650/3142/3142
f 2715/3221/3221 2664/3160/3160 2712/3218/3218
f 2715/3221/3221 2712/3218/3218 2743/3251/3251
f 2644/3133/3133 2712/3218/3218 2664/3160/3160
f 2712/3218/3218 2644/3133/3133 2711/3217/3217
f 2679/3184/3184 2711/3217/3217 2644/3133/3133
f 2679/3184/3184 2668/3166/3166 2711/3217/3217
f 2716/3222/3222 2711/3217/3217 2668/3166/3166
f 2716/3222/3222 2668/3166/3166 2658/3152/3152
f 2788/3299/3299 2716/3222/3222 2658/3152/3152
f 2668/3166/3166 2656/3150/3150 2658/3152/3152
f 2658/3152/3152 2656/3150/3150 2670/3169/3169
f 2669/3168/3168 2670/3169/3169 2656/3150/3150
f 2670/3169/3169 2669/3168/3168 2651/3143/3143
f 2646/3136/3136 2651/3143/3143 2669/3168/3168
f 2651/3143/3143 2646/3136/3136 2667/3164/3164
f 2665/3162/3162 2667/3164/3164 2646/3136/3136
f 2665/3162/3162 2647/3138/3138 2667/3164/3164
f 2652/3144/3144 2667/3164/3164 2647/3138/3138
f 2647/3138/3138 2659/3154/3154 2652/3144/3144
f 2642/3130/3130 2652/3144/3144 2659/3154/3154
f 2642/3130/3130 2659/3154/3154 2674/3174/3174
f 2677/3181/3181 2674/3174/3174 2659/3154/3154
f 2677/3181/3181 2676/3177/3177 2674/3174/3174
f 2673/3172/3172 2674/3174/3174 2676/3177/3177
f 2652/3144/3144 2642/3130/3130 2730/3238/3238
f 2674/3174/3174 2751/3260/3260 2642/3130/3130
f 2730/3238/3238 2642/3130/3130 2751/3260/3260
f 2751/3260/3260 2674/3174/3174 2750/3258/3258
f 2673/3172/3172 2750/3258/3258 2674/3174/3174
f 2750/3258/3258 2749/3257/3257 2751/3260/3260
f 2752/3261/3261 2751/3260/3260 2749/3257/3257
f 2753/3262/3262 2752/3261/3261 2749/3257/3257
f 2754/3263/3263 2730/3238/3238 2751/3260/3260
f 2754/3263/3263 2751/3260/3260 2752/3261/3261
f 2754/3263/3263 2798/3309/3309 2730/3238/3238
f 2799/3310/3310 2730/3238/3238 2798/3309/3309
f 2761/3270/3270 2754/3263/3263 2752/3261/3261
f 2752/3261/3261 2768/3277/3277 2761/3270/3270
f 2700/3206/3206 2761/3270/3270 2768/3277/3277
f 2769/3278/3278 2752/3261/3261 2753/3262/3262
f 2694/3200/3200 2768/3277/3277 2769/3278/3278
f 2700/3206/3206 2768/3277/3277 2694/3200/3200
f 2700/3206/3206 2694/3200/3200 2687/3193/3193
f 2700/3206/3206 2687/3193/3193 2699/3205/3205
f 2682/3187/3187 2699/3205/3205 2687/3193/3193
f 2687/3193/3193 2686/3192/3192 2682/3187/3187
f 2686/3192/3192 2687/3193/3193 2694/3200/3200
f 2648/3139/3139 2682/3187/3187 2686/3192/3192
f 2682/3187/3187 2648/3139/3139 2666/3163/3163
f 2695/3201/3201 2686/3192/3192 2694/3200/3200
f 2694/3200/3200 2697/3203/3203 2695/3201/3201
f 2696/3202/3202 2695/3201/3201 2697/3203/3203
f 2695/3201/3201 2696/3202/3202 2671/3170/3170
f 2672/3171/3171 2671/3170/3170 2696/3202/3202
f 2675/3175/3175 2671/3170/3170 2672/3171/3171
f 2671/3170/3170 2675/3175/3175 2677/3180/3180
f 2676/3178/3178 2677/3180/3180 2675/3175/3175
f 2769/3278/3278 2697/3203/3203 2694/3200/3200
f 2675/3175/3175 2672/3171/3171 2941/3514/3514
f 2696/3202/3202 2904/3463/3463 2672/3171/3171
f 2904/3463/3463 2696/3202/3202 2937/3509/3509
f 2697/3203/3203 2937/3509/3509 2696/3202/3202
f 2937/3509/3509 2697/3203/3203 2899/3457/3457
f 2769/3278/3278 2899/3457/3457 2697/3203/3203
f 2769/3278/3278 2753/3262/3262 2899/3457/3457
f 2928/3498/3498 2899/3457/3457 2753/3262/3262
f 2753/3262/3262 2749/3257/3257 2928/3498/3498
f 2918/3484/3484 2928/3498/3498 2749/3257/3257
f 2749/3257/3257 2750/3258/3258 2918/3484/3484
f 2920/3487/3487 2918/3484/3484 2750/3258/3258
f 2928/3498/3498 2924/3494/3494 2899/3457/3457
f 2928/3498/3498 2918/3484/3484 2924/3494/3494
f 2919/3485/3485 2899/3457/3457 2924/3494/3494
f 2919/3485/3485 2924/3494/3494 2894/3448/3448
f 2905/3464/3464 2894/3448/3448 2924/3494/3494
f 2919/3485/3485 2894/3448/3448 2897/3455/3455
f 2897/3455/3455 2861/3402/3402 2919/3485/3485
f 2925/3495/3495 2919/3485/3485 2861/3402/3402
f 2925/3495/3495 2861/3402/3402 2846/3379/3379
f 2846/3379/3379 2861/3402/3402 2866/3410/3410
f 2867/3411/3411 2866/3410/3410 2861/3402/3402
f 2861/3402/3402 2897/3455/3455 2867/3411/3411
f 2846/3379/3379 2866/3410/3410 2869/3414/3414
f 2925/3495/3495 2846/3379/3379 2869/3414/3414
f 2869/3414/3414 2857/3396/3396 2925/3495/3495
f 2916/3481/3481 2925/3495/3495 2857/3396/3396
f 2850/3385/3385 2869/3414/3414 2866/3410/3410
f 2850/3385/3385 2866/3410/3410 2855/3393/3393
f 2978/3572/3572 2855/3393/3393 2866/3410/3410
f 2866/3410/3410 2867/3411/3411 2978/3572/3572
f 2855/3393/3393 2978/3572/3572 3019/3638/3638
f 3018/3637/3637 3019/3638/3638 2978/3572/3572
f 2978/3572/3572 2981/3578/3578 3018/3637/3637
f 3014/3631/3631 3018/3637/3637 2981/3578/3578
f 2981/3578/3578 2845/3378/3378 3014/3631/3631
f 3015/3632/3632 3014/3631/3631 2845/3378/3378
f 3014/3631/3631 3015/3632/3632 2853/3390/3390
f 2856/3395/3395 2853/3390/3390 3015/3632/3632
f 2856/3395/3395 2863/3405/3405 2853/3390/3390
f 2863/3405/3405 2856/3395/3395 2851/3386/3386
f 2847/3380/3380 2853/3390/3390 2863/3405/3405
f 2847/3380/3380 2862/3403/3403 2853/3390/3390
f 3015/3632/3632 3017/3636/3636 2856/3395/3395
f 2851/3386/3386 2856/3395/3395 3017/3636/3636
f 2847/3380/3380 2859/3400/3400 2862/3403/3403
f 2864/3407/3407 2862/3403/3403 2859/3400/3400
f 2862/3403/3403 2864/3407/3407 3018/3637/3637
f 3018/3637/3637 3014/3631/3631 2862/3403/3403
f 2853/3390/3390 2862/3403/3403 3014/3631/3631
f 3019/3638/3638 3018/3637/3637 2864/3407/3407
f 3017/3636/3636 3015/3632/3632 2980/3576/3576
f 2845/3378/3378 2980/3576/3576 3015/3632/3632
f 2854/3392/3392 2980/3576/3576 2845/3378/3378
f 2845/3378/3378 2860/3401/3401 2854/3392/3392
f 2865/3409/3409 2854/3392/3392 2860/3401/3401
f 2865/3409/3409 2860/3401/3401 2939/3511/3511
f 2897/3455/3455 2939/3511/3511 2860/3401/3401
f 2845/3378/3378 2981/3578/3578 2860/3401/3401
f 2867/3411/3411 2860/3401/3401 2981/3578/3578
f 2860/3401/3401 2867/3411/3411 2897/3455/3455
f 2981/3578/3578 2978/3572/3572 2867/3411/3411
f 2939/3511/3511 2897/3455/3455 2894/3448/3448
f 2894/3448/3448 2905/3464/3464 2921/3489/3489
f 2902/3460/3460 2921/3489/3489 2905/3464/3464
f 2905/3464/3464 2898/3456/3456 2902/3460/3460
f 2933/3504/3504 2902/3460/3460 2898/3456/3456
f 2921/3489/3489 2902/3460/3460 2977/3570/3570
f 2963/3549/3549 2977/3570/3570 2902/3460/3460
f 2902/3460/3460 2933/3504/3504 2963/3549/3549
f 2898/3456/3456 2905/3464/3464 2938/3510/3510
f 2938/3510/3510 2917/3482/3482 2898/3456/3456
f 2922/3490/3490 2898/3456/3456 2917/3482/3482
f 2898/3456/3456 2922/3490/3490 2933/3504/3504
f 2938/3510/3510 2918/3484/3484 2917/3482/3482
f 2920/3487/3487 2917/3482/3482 2918/3484/3484
f 2938/3510/3510 2924/3494/3494 2918/3484/3484
f 2924/3494/3494 2938/3510/3510 2905/3464/3464
f 2930/3501/3501 2933/3504/3504 2922/3490/3490
f 2933/3504/3504 2930/3501/3501 2964/3550/3550
f 2976/3569/3569 2964/3550/3550 2930/3501/3501
f 2964/3550/3550 2963/3549/3549 2933/3504/3504
f 2963/3549/3549 2964/3550/3550 2973/3563/3563
f 2963/3549/3549 2973/3563/3563 2977/3570/3570
f 2973/3563/3563 2964/3550/3550 2968/3556/3556
f 2969/3557/3557 2968/3556/3556 2964/3550/3550
f 2964/3550/3550 2976/3569/3569 2969/3557/3557
f 2968/3556/3556 2969/3557/3557 2910/3472/3472
f 2934/3505/3505 2910/3472/3472 2969/3557/3557
f 2910/3472/3472 2934/3505/3505 2893/3446/3446
f 2903/3461/3461 2893/3446/3446 2934/3505/3505
f 2910/3472/3472 2893/3446/3446 2935/3506/3506
f 2910/3472/3472 2935/3506/3506 2968/3556/3556
f 2913/3475/3475 2935/3506/3506 2893/3446/3446
f 2934/3505/3505 2906/3465/3465 2903/3461/3461
f 2896/3453/3453 2903/3461/3461 2906/3465/3465
f 2906/3465/3465 2934/3505/3505 2967/3555/3555
f 2969/3557/3557 2967/3555/3555 2934/3505/3505
f 2967/3555/3555 2969/3557/3557 2976/3569/3569
f 2972/3562/3562 2968/3556/3556 2935/3506/3506
f 2968/3556/3556 2972/3562/3562 2973/3563/3563
f 2977/3570/3570 2973/3563/3563 2972/3562/3562
f 2721/3228/3228 2710/3216/3216 2685/3191/3191
f 2721/3228/3228 2722/3229/3229 2710/3216/3216
f 2720/3226/3226 2710/3216/3216 2722/3229/3229
f 2685/3191/3191 2710/3216/3216 2783/3294/3294
f 2720/3226/3226 2781/3291/3291 2710/3216/3216
f 2783/3294/3294 2710/3216/3216 2781/3291/3291
f 2714/3220/3220 2655/3148/3148 2713/3219/3219
f 2655/3148/3148 2654/3147/3147 2713/3219/3219
f 2654/3147/3147 2650/3142/3142 2713/3219/3219
f 2714/3220/3220 2786/3297/3297 2655/3148/3148
f 2740/3248/3248 2655/3148/3148 2786/3297/3297
f 2786/3297/3297 2785/3296/3296 2740/3248/3248
f 2739/3247/3247 2740/3248/3248 2785/3296/3296
f 2785/3296/3296 2790/3301/3301 2739/3247/3247
f 2779/3288/3288 2739/3247/3247 2790/3301/3301
f 2779/3288/3288 2809/3320/3320 2739/3247/3247
f 2807/3318/3318 2739/3247/3247 2809/3320/3320
f 2779/3288/3288 2778/3287/3287 2809/3320/3320
f 2812/3323/3323 2809/3320/3320 2778/3287/3287
f 2790/3301/3301 2791/3302/3302 2779/3288/3288
f 2778/3287/3287 2779/3288/3288 2791/3302/3302
f 2778/3287/3287 2791/3302/3302 2763/3272/3272
f 2778/3287/3287 2763/3272/3272 2812/3323/3323
f 2776/3285/3285 2763/3272/3272 2791/3302/3302
f 2791/3302/3302 2792/3303/3303 2776/3285/3285
f 2792/3303/3303 2791/3302/3302 2762/3271/3271
f 2762/3271/3271 2755/3264/3264 2792/3303/3303
f 2789/3300/3300 2792/3303/3303 2755/3264/3264
f 2792/3303/3303 2789/3300/3300 2776/3285/3285
f 2759/3268/3268 2762/3271/3271 2791/3302/3302
f 2762/3271/3271 2759/3268/3268 2741/3249/3249
f 2735/3243/3243 2741/3249/3249 2759/3268/3268
f 2790/3301/3301 2759/3268/3268 2791/3302/3302
f 2718/3224/3224 2727/3235/3235 2721/3227/3227
f 2722/3230/3230 2721/3227/3227 2727/3235/3235
f 2727/3235/3235 2718/3224/3224 2728/3236/3236
f 2653/3145/3145 2728/3236/3236 2718/3224/3224
f 2799/3310/3310 2800/3311/3311 2730/3238/3238
f 2734/3242/3242 2730/3238/3238 2800/3311/3311
f 2652/3144/3144 2730/3238/3238 2734/3242/3242
f 2652/3144/3144 2734/3242/3242 2667/3164/3164
f 2744/3252/3252 2667/3164/3164 2734/3242/3242
f 2734/3242/3242 2800/3311/3311 2744/3252/3252
f 2667/3164/3164 2744/3252/3252 2651/3143/3143
f 2733/3241/3241 2651/3143/3143 2744/3252/3252
f 2744/3252/3252 2802/3313/3313 2733/3241/3241
f 2796/3307/3307 2733/3241/3241 2802/3313/3313
f 2651/3143/3143 2733/3241/3241 2670/3169/3169
f 2748/3256/3256 2670/3169/3169 2733/3241/3241
f 2733/3241/3241 2796/3307/3307 2748/3256/3256
f 2670/3169/3169 2748/3256/3256 2658/3152/3152
f 2787/3298/3298 2658/3152/3152 2748/3256/3256
f 2658/3152/3152 2787/3298/3298 2788/3299/3299
f 2788/3299/3299 2787/3298/3298 2747/3255/3255
f 2746/3254/3254 2747/3255/3255 2787/3298/3298
f 2747/3255/3255 2746/3254/3254 2737/3245/3245
f 2747/3255/3255 2737/3245/3245 2716/3222/3222
f 2788/3299/3299 2747/3255/3255 2716/3222/3222
f 2711/3217/3217 2716/3222/3222 2737/3245/3245
f 2712/3218/3218 2711/3217/3217 2737/3245/3245
f 2746/3254/3254 2787/3298/3298 2745/3253/3253
f 2794/3305/3305 2745/3253/3253 2787/3298/3298
f 2737/3245/3245 2743/3251/3251 2712/3218/3218
f 2745/3253/3253 2794/3305/3305 2765/3274/3274
f 2814/3325/3325 2765/3274/3274 2794/3305/3305
f 2765/3274/3274 2814/3325/3325 2793/3304/3304
f 2793/3304/3304 2814/3325/3325 2803/3314/3314
f 2814/3325/3325 2794/3305/3305 2803/3314/3314
f 2794/3305/3305 2787/3298/3298 2803/3314/3314
f 2787/3298/3298 2748/3256/3256 2803/3314/3314
f 2804/3315/3315 2803/3314/3314 2748/3256/3256
f 2803/3314/3314 2804/3315/3315 2795/3306/3306
f 2770/3279/3279 2803/3314/3314 2795/3306/3306
f 2770/3279/3279 2767/3276/3276 2803/3314/3314
f 2770/3279/3279 2773/3282/3282 2767/3276/3276
f 2756/3265/3265 2767/3276/3276 2773/3282/3282
f 2756/3265/3265 2766/3275/3275 2767/3276/3276
f 2772/3281/3281 2767/3276/3276 2766/3275/3275
f 2772/3281/3281 2805/3316/3316 2767/3276/3276
f 2805/3316/3316 2803/3314/3314 2767/3276/3276
f 2773/3282/3282 2770/3279/3279 2801/3312/3312
f 2795/3306/3306 2801/3312/3312 2770/3279/3279
f 2795/3306/3306 2796/3307/3307 2801/3312/3312
f 2796/3307/3307 2795/3306/3306 2804/3315/3315
f 2804/3315/3315 2748/3256/3256 2796/3307/3307
f 2802/3313/3313 2801/3312/3312 2796/3307/3307
f 2801/3312/3312 2802/3313/3313 2797/3308/3308
f 2801/3312/3312 2797/3308/3308 2773/3282/3282
f 2771/3280/3280 2773/3282/3282 2797/3308/3308
f 2773/3282/3282 2771/3280/3280 2764/3273/3273
f 2771/3280/3280 2774/3283/3283 2764/3273/3273
f 2774/3283/3283 2771/3280/3280 2754/3263/3263
f 2774/3283/3283 2754/3263/3263 2761/3270/3270
f 2774/3283/3283 2761/3270/3270 2758/3267/3267
f 2684/3189/3189 2758/3267/3267 2761/3270/3270
f 2758/3267/3267 2684/3189/3189 2692/3198/3198
f 2761/3270/3270 2700/3206/3206 2684/3189/3189
f 2699/3205/3205 2684/3189/3189 2700/3206/3206
f 2774/3283/3283 2758/3267/3267 2775/3284/3284
f 2692/3198/3198 2775/3284/3284 2758/3267/3267
f 2775/3284/3284 2764/3273/3273 2774/3283/3283
f 2752/3261/3261 2769/3278/3278 2768/3277/3277
f 2783/3293/3293 2811/3322/3322 2685/3190/3190
f 2783/3293/3293 2784/3295/3295 2811/3322/3322
f 2784/3295/3295 2783/3293/3293 2780/3289/3289
f 2781/3290/3290 2780/3289/3289 2783/3293/3293
f 2810/3321/3321 2811/3322/3322 2784/3295/3295
f 2810/3321/3321 2784/3295/3295 2808/3319/3319
f 2782/3292/3292 2808/3319/3319 2784/3295/3295
f 2810/3321/3321 2808/3319/3319 2809/3320/3320
f 2807/3318/3318 2809/3320/3320 2808/3319/3319
f 2810/3321/3321 2809/3320/3320 2811/3322/3322
f 2812/3323/3323 2811/3322/3322 2809/3320/3320
f 2812/3323/3323 2719/3225/3225 2811/3322/3322
f 2685/3190/3190 2811/3322/3322 2719/3225/3225
f 2719/3225/3225 2812/3323/3323 2763/3272/3272
f 2763/3272/3272 2708/3214/3214 2719/3225/3225
f 2708/3214/3214 2763/3272/3272 2806/3317/3317
f 2797/3308/3308 2798/3309/3309 2771/3280/3280
f 2754/3263/3263 2771/3280/3280 2798/3309/3309
f 2798/3309/3309 2797/3308/3308 2799/3310/3310
f 2800/3311/3311 2799/3310/3310 2797/3308/3308
f 2800/3311/3311 2797/3308/3308 2802/3313/3313
f 2802/3313/3313 2744/3252/3252 2800/3311/3311
f 2793/3304/3304 2803/3314/3314 2805/3316/3316
f 2818/3333/3333 2817/3330/3330 2816/3328/3328
f 2815/3326/3326 2816/3328/3328 2817/3330/3330
f 2817/3330/3330 2818/3333/3333 2877/3425/3425
f 2876/3424/3424 2877/3425/3425 2818/3333/3333
f 2877/3425/3425 2876/3424/3424 3020/3640/3640
f 3021/3642/3642 3020/3640/3640 2876/3424/3424
f 3021/3642/3642 3027/3653/3653 3020/3640/3640
f 3025/3648/3648 3020/3640/3640 3027/3653/3653
f 3020/3640/3640 3025/3648/3648 2984/3583/3583
f 2989/3591/3591 2984/3583/3583 3025/3648/3648
f 2901/3459/3459 2920/3486/3486 2673/3173/3173
f 2750/3259/3259 2673/3173/3173 2920/3486/3486
f 2673/3173/3173 2676/3179/3179 2901/3459/3459
f 2911/3473/3473 2901/3459/3459 2676/3179/3179
f 2676/3179/3179 2675/3176/3176 2911/3473/3473
f 2941/3515/3515 2911/3473/3473 2675/3176/3176
f 2911/3473/3473 2941/3515/3515 2895/3450/3450
f 2908/3469/3469 2895/3450/3450 2941/3515/3515
f 2895/3450/3450 2908/3469/3469 2834/3359/3359
f 2844/3376/3376 2834/3359/3359 2908/3469/3469
f 2834/3359/3359 2844/3376/3376 2825/3345/3345
f 2826/3346/3346 2825/3345/3345 2844/3376/3376
f 2826/3346/3346 3008/3621/3621 2825/3345/3345
f 2824/3344/3344 2825/3345/3345 3008/3621/3621
f 2825/3345/3345 2824/3344/3344 2841/3372/3372
f 2830/3352/3352 2841/3372/3372 2824/3344/3344
f 2830/3352/3352 2824/3344/3344 3011/3627/3627
f 3010/3625/3625 3011/3627/3627 2824/3344/3344
f 2824/3344/3344 3008/3621/3621 3010/3625/3625
f 2841/3372/3372 2962/3548/3548 2825/3345/3345
f 2962/3548/3548 2841/3372/3372 2936/3508/3508
f 2841/3372/3372 2836/3363/3363 2936/3508/3508
f 2962/3548/3548 2936/3508/3508 2914/3479/3479
f 2962/3548/3548 2914/3479/3479 2900/3458/3458
f 2962/3548/3548 2900/3458/3458 2834/3359/3359
f 2834/3359/3359 2825/3345/3345 2962/3548/3548
f 2895/3450/3450 2834/3359/3359 2900/3458/3458
f 2895/3450/3450 2900/3458/3458 2911/3473/3473
f 2901/3459/3459 2911/3473/3473 2900/3458/3458
f 2909/3471/3471 2901/3459/3459 2900/3458/3458
f 2909/3471/3471 2900/3458/3458 2940/3513/3513
f 2931/3502/3502 2940/3513/3513 2900/3458/3458
f 2940/3513/3513 2931/3502/3502 2892/3445/3445
f 2932/3503/3503 2892/3445/3445 2931/3502/3502
f 2901/3459/3459 2909/3471/3471 2920/3486/3486
f 2917/3483/3483 2920/3486/3486 2909/3471/3471
f 2940/3513/3513 2922/3491/3491 2909/3471/3471
f 2917/3483/3483 2909/3471/3471 2922/3491/3491
f 2932/3503/3503 2931/3502/3502 2912/3474/3474
f 2912/3474/3474 2894/3449/3449 2932/3503/3503
f 2921/3488/3488 2932/3503/3503 2894/3449/3449
f 2894/3449/3449 2912/3474/3474 2939/3512/3512
f 2915/3480/3480 2939/3512/3512 2912/3474/3474
f 2939/3512/3512 2915/3480/3480 2865/3408/3408
f 2849/3383/3383 2865/3408/3408 2915/3480/3480
f 2849/3383/3383 2848/3382/3382 2865/3408/3408
f 2854/3391/3391 2865/3408/3408 2848/3382/3382
f 2854/3391/3391 2848/3382/3382 2980/3575/3575
f 2979/3573/3573 2980/3575/3575 2848/3382/3382
f 2848/3382/3382 2849/3383/3383 2855/3394/3394
f 2848/3382/3382 2855/3394/3394 2979/3573/3573
f 2850/3384/3384 2855/3394/3394 2849/3383/3383
f 2850/3384/3384 2849/3383/3383 2868/3412/3412
f 2858/3397/3397 2868/3412/3412 2849/3383/3383
f 2979/3573/3573 2855/3394/3394 3016/3634/3634
f 3019/3639/3639 3016/3634/3634 2855/3394/3394
f 3016/3634/3634 3019/3639/3639 2852/3389/3389
f 2864/3406/3406 2852/3389/3389 3019/3639/3639
f 2864/3406/3406 2859/3399/3399 2852/3389/3389
f 2868/3412/3412 2858/3397/3397 2870/3415/3415
f 2879/3428/3428 2870/3415/3415 2858/3397/3397
f 2858/3397/3397 2874/3420/3420 2879/3428/3428
f 2874/3420/3420 2858/3397/3397 2914/3479/3479
f 2915/3480/3480 2914/3479/3479 2858/3397/3397
f 2915/3480/3480 2858/3397/3397 2849/3383/3383
f 2873/3419/3419 2879/3428/3428 2874/3420/3420
f 2879/3428/3428 2873/3419/3419 2989/3590/3590
f 2984/3582/3582 2989/3590/3590 2873/3419/3419
f 2873/3419/3419 2874/3420/3420 2986/3585/3585
f 2873/3419/3419 2986/3585/3585 2984/3582/3582
f 2875/3421/3421 2986/3585/3585 2874/3420/3420
f 2875/3421/3421 2874/3420/3420 2890/3442/3442
f 2884/3435/3435 2890/3442/3442 2874/3420/3420
f 2914/3479/3479 2884/3435/3435 2874/3420/3420
f 2890/3442/3442 2884/3435/3435 2943/3517/3517
f 2951/3530/3530 2943/3517/3517 2884/3435/3435
f 2884/3435/3435 2914/3479/3479 2936/3508/3508
f 2884/3435/3435 2936/3508/3508 2951/3530/3530
f 2947/3524/3524 2951/3530/3530 2936/3508/3508
f 2947/3524/3524 2936/3508/3508 2997/3603/3603
f 2836/3363/3363 2997/3603/3603 2936/3508/3508
f 2951/3530/3530 2947/3524/3524 3001/3610/3610
f 3000/3608/3608 3001/3610/3610 2947/3524/3524
f 2947/3524/3524 2997/3603/3603 3000/3608/3608
f 3001/3610/3610 2998/3606/3606 2951/3530/3530
f 2943/3517/3517 2951/3530/3530 2998/3606/3606
f 2998/3606/3606 3001/3610/3610 2992/3596/3596
f 2995/3600/3600 2992/3596/3596 3001/3610/3610
f 2992/3596/3596 2995/3600/3600 3031/3659/3659
f 3033/3663/3663 3031/3659/3659 2995/3600/3600
f 3031/3659/3659 3033/3663/3663 2954/3534/3534
f 2948/3525/3525 2954/3534/3534 3033/3663/3663
f 2958/3542/3542 2954/3534/3534 2948/3525/3525
f 3009/3623/3623 3011/3626/3626 2819/3336/3336
f 3007/3619/3619 2819/3336/3336 3011/3626/3626
f 3011/3626/3626 3009/3623/3623 2830/3353/3353
f 3004/3615/3615 2830/3353/3353 3009/3623/3623
f 3004/3615/3615 2836/3362/3362 2830/3353/3353
f 2841/3373/3373 2830/3353/3353 2836/3362/3362
f 2819/3336/3336 3007/3619/3619 3035/3666/3666
f 3037/3669/3669 3035/3666/3666 3007/3619/3619
f 3035/3666/3666 3037/3669/3669 2833/3357/3357
f 2827/3348/3348 2833/3357/3357 3037/3669/3669
f 2839/3368/3368 2833/3357/3357 2827/3348/3348
f 3035/3665/3665 3034/3664/3664 2819/3337/3337
f 2831/3354/3354 2819/3337/3337 3034/3664/3664
f 3034/3664/3664 3035/3665/3665 2829/3351/3351
f 2833/3358/3358 2829/3351/3351 3035/3665/3665
f 2833/3358/3358 2839/3369/3369 2829/3351/3351
f 2822/3341/3341 2829/3351/3351 2839/3369/3369
f 2822/3341/3341 2820/3338/3338 2829/3351/3351
f 2838/3366/3366 2829/3351/3351 2820/3338/3338
f 2820/3338/3338 2835/3361/3361 2838/3366/3366
f 2840/3371/3371 2838/3366/3366 2835/3361/3361
f 2829/3351/3351 2838/3366/3366 3034/3664/3664
f 3038/3670/3670 3034/3664/3664 2838/3366/3366
f 2838/3366/3366 2840/3371/3371 3038/3670/3670
f 3034/3664/3664 3038/3670/3670 2831/3354/3354
f 2823/3343/3343 2831/3354/3354 3038/3670/3670
f 2831/3354/3354 2823/3343/3343 3012/3628/3628
f 3005/3617/3617 3012/3628/3628 2823/3343/3343
f 3038/3670/3670 3039/3671/3671 2823/3343/3343
f 2832/3355/3355 2823/3343/3343 3039/3671/3671
f 2823/3343/3343 2832/3355/3355 3005/3617/3617
f 3012/3628/3628 3009/3624/3624 2831/3354/3354
f 2819/3337/3337 2831/3354/3354 3009/3624/3624
f 3013/3629/3629 3005/3617/3617 2832/3355/3355
f 3012/3628/3628 3005/3617/3617 2843/3375/3375
f 2843/3375/3375 2836/3364/3364 3012/3628/3628
f 2836/3364/3364 2843/3375/3375 2955/3536/3536
f 2837/3365/3365 2955/3536/3536 2843/3375/3375
f 2843/3375/3375 2842/3374/3374 2837/3365/3365
f 2821/3340/3340 2837/3365/3365 2842/3374/3374
f 2926/3496/3496 2837/3365/3365 2821/3340/3340
f 2955/3536/3536 2837/3365/3365 2926/3496/3496
f 2821/3340/3340 2842/3374/3374 2844/3377/3377
f 2821/3340/3340 2844/3377/3377 2926/3496/3496
f 2826/3347/3347 2844/3377/3377 2842/3374/3374
f 2826/3347/3347 2842/3374/3374 3008/3622/3622
f 3005/3617/3617 3008/3622/3622 2842/3374/3374
f 2842/3374/3374 2843/3375/3375 3005/3617/3617
f 2908/3470/3470 2926/3496/3496 2844/3377/3377
f 2926/3496/3496 2908/3470/3470 2672/3171/3171
f 2941/3514/3514 2672/3171/3171 2908/3470/3470
f 3008/3622/3622 3005/3617/3617 3013/3629/3629
f 2926/3496/3496 2672/3171/3171 2927/3497/3497
f 2927/3497/3497 2955/3536/3536 2926/3496/3496
f 2904/3463/3463 2927/3497/3497 2672/3171/3171
f 2927/3497/3497 2904/3463/3463 2916/3481/3481
f 2927/3497/3497 2916/3481/3481 2883/3434/3434
f 2891/3444/3444 2883/3434/3434 2916/3481/3481
f 2942/3516/3516 2927/3497/3497 2883/3434/3434
f 2883/3434/3434 2891/3444/3444 2890/3443/3443
f 2883/3434/3434 2890/3443/3443 2942/3516/3516
f 2875/3422/3422 2890/3443/3443 2891/3444/3444
f 2875/3422/3422 2891/3444/3444 2888/3440/3440
f 2871/3417/3417 2888/3440/3440 2891/3444/3444
f 2916/3481/3481 2871/3417/3417 2891/3444/3444
f 2916/3481/3481 2885/3436/3436 2871/3417/3417
f 2871/3417/3417 2885/3436/3436 2888/3440/3440
f 2889/3441/3441 2888/3440/3440 2885/3436/3436
f 2889/3441/3441 2885/3436/3436 2868/3413/3413
f 2857/3396/3396 2868/3413/3413 2885/3436/3436
f 2916/3481/3481 2857/3396/3396 2885/3436/3436
f 2857/3396/3396 2869/3414/3414 2868/3413/3413
f 2850/3385/3385 2868/3413/3413 2869/3414/3414
f 2868/3413/3413 2870/3416/3416 2889/3441/3441
f 2985/3584/3584 2889/3441/3441 2870/3416/3416
f 2985/3584/3584 2870/3416/3416 2990/3592/3592
f 2987/3587/3587 2990/3592/3592 2870/3416/3416
f 2990/3592/3592 2987/3587/3587 2880/3429/3429
f 2880/3429/3429 2872/3418/3418 2990/3592/3592
f 2988/3589/3589 2990/3592/3592 2872/3418/3418
f 2990/3592/3592 2988/3589/3589 2985/3584/3584
f 2982/3579/3579 2880/3429/3429 2987/3587/3587
f 2872/3418/3418 2880/3429/3429 3023/3645/3645
f 3023/3645/3645 3026/3650/3650 2872/3418/3418
f 2881/3430/3430 2872/3418/3418 3026/3650/3650
f 2872/3418/3418 2881/3430/3430 2988/3589/3589
f 3022/3644/3644 3023/3645/3645 2880/3429/3429
f 2880/3429/3429 2982/3579/3579 3022/3644/3644
f 2991/3593/3593 2988/3589/3589 2881/3430/3430
f 3023/3645/3645 3022/3644/3644 2886/3437/3437
f 2878/3427/3427 2886/3437/3437 3022/3644/3644
f 2886/3437/3437 2878/3427/3427 2815/3327/3327
f 2816/3329/3329 2815/3327/3327 2878/3427/3427
f 2816/3329/3329 2878/3427/3427 2818/3335/3335
f 2882/3433/3433 2818/3335/3335 2878/3427/3427
f 3022/3644/3644 3024/3646/3646 2878/3427/3427
f 2882/3433/3433 2878/3427/3427 3024/3646/3646
f 2815/3327/3327 2817/3332/3332 2886/3437/3437
f 3024/3646/3646 3022/3644/3644 2982/3579/3579
f 2887/3439/3439 2886/3437/3437 2817/3332/3332
f 2886/3437/3437 2887/3439/3439 3023/3645/3645
f 3026/3650/3650 3023/3645/3645 2887/3439/3439
f 2839/3367/3367 2835/3360/3360 2822/3342/3342
f 2820/3339/3339 2822/3342/3342 2835/3360/3360
f 2835/3360/3360 2839/3367/3367 2828/3350/3350
f 2827/3349/3349 2828/3350/3350 2839/3367/3367
f 2828/3350/3350 2827/3349/3349 3036/3667/3667
f 3037/3668/3668 3036/3667/3667 2827/3349/3349
f 2840/3370/3370 2835/3360/3360 2828/3350/3350
f 3036/3667/3667 3039/3672/3672 2828/3350/3350
f 2840/3370/3370 2828/3350/3350 3039/3672/3672
f 3039/3672/3672 3036/3667/3667 2832/3356/3356
f 3006/3618/3618 2832/3356/3356 3036/3667/3667
f 3036/3667/3667 3037/3668/3668 3006/3618/3618
f 2832/3356/3356 3006/3618/3618 3013/3630/3630
f 3010/3625/3625 3013/3630/3630 3006/3618/3618
f 3007/3620/3620 3006/3618/3618 3037/3668/3668
f 3006/3618/3618 3007/3620/3620 3010/3625/3625
f 3011/3627/3627 3010/3625/3625 3007/3620/3620
f 3013/3630/3630 3010/3625/3625 3008/3621/3621
f 3004/3616/3616 3012/3628/3628 2836/3364/3364
f 3004/3616/3616 3009/3624/3624 3012/3628/3628
f 2960/3546/3546 2836/3364/3364 2929/3499/3499
f 2955/3536/3536 2929/3499/3499 2836/3364/3364
f 2929/3499/3499 2955/3536/3536 2927/3497/3497
f 2942/3516/3516 2929/3499/3499 2927/3497/3497
f 2929/3499/3499 2942/3516/3516 2960/3546/3546
f 2961/3547/3547 2960/3546/3546 2942/3516/3516
f 2961/3547/3547 2942/3516/3516 2890/3443/3443
f 2890/3443/3443 2943/3518/3518 2961/3547/3547
f 2996/3602/3602 2961/3547/3547 2943/3518/3518
f 2996/3602/3602 2943/3518/3518 3002/3612/3612
f 2998/3605/3605 3002/3612/3612 2943/3518/3518
f 3002/3612/3612 2998/3605/3605 2952/3531/3531
f 2952/3531/3531 2946/3523/3523 3002/3612/3612
f 2999/3607/3607 3002/3612/3612 2946/3523/3523
f 3002/3612/3612 2999/3607/3607 2996/3602/3602
f 2992/3595/3595 2952/3531/3531 2998/3605/3605
f 2946/3523/3523 2952/3531/3531 3030/3657/3657
f 3030/3657/3657 3032/3660/3660 2946/3523/3523
f 2953/3532/3532 2946/3523/3523 3032/3660/3660
f 2946/3523/3523 2953/3532/3532 2999/3607/3607
f 3029/3656/3656 3030/3657/3657 2952/3531/3531
f 2952/3531/3531 2992/3595/3595 3029/3656/3656
f 3003/3613/3613 2999/3607/3607 2953/3532/3532
f 3030/3657/3657 3029/3656/3656 2957/3540/3540
f 2950/3529/3529 2957/3540/3540 3029/3656/3656
f 2957/3540/3540 2950/3529/3529 2944/3519/3519
f 2945/3521/3521 2944/3519/3519 2950/3529/3529
f 2945/3521/3521 2950/3529/3529 2958/3543/3543
f 2954/3535/3535 2958/3543/3543 2950/3529/3529
f 3029/3656/3656 3031/3658/3658 2950/3529/3529
f 2954/3535/3535 2950/3529/3529 3031/3658/3658
f 2944/3519/3519 2956/3539/3539 2957/3540/3540
f 3031/3658/3658 3029/3656/3656 2992/3595/3595
f 2959/3545/3545 2957/3540/3540 2956/3539/3539
f 2957/3540/3540 2959/3545/3545 3030/3657/3657
f 3032/3660/3660 3030/3657/3657 2959/3545/3545
f 3039/3671/3671 3038/3670/3670 2840/3371/3371
f 2847/3381/3381 2863/3404/3404 2859/3398/3398
f 2859/3398/3398 2863/3404/3404 2852/3388/3388
f 2851/3387/3387 2852/3388/3388 2863/3404/3404
f 2852/3388/3388 2851/3387/3387 3016/3633/3633
f 3017/3635/3635 3016/3633/3633 2851/3387/3387
f 3016/3633/3633 3017/3635/3635 2979/3574/3574
f 2980/3577/3577 2979/3574/3574 3017/3635/3635
f 2818/3334/3334 2882/3432/3432 2876/3423/3423
f 2876/3423/3423 2882/3432/3432 3021/3643/3643
f 3024/3647/3647 3021/3643/3643 2882/3432/3432
f 3021/3643/3643 3024/3647/3647 3027/3652/3652
f 3025/3649/3649 3027/3652/3652 3024/3647/3647
f 3025/3649/3649 3024/3647/3647 2989/3590/3590
f 2982/3580/3580 2989/3590/3590 3024/3647/3647
f 2982/3580/3580 2987/3588/3588 2989/3590/3590
f 2989/3590/3590 2987/3588/3588 2879/3428/3428
f 2870/3415/3415 2879/3428/3428 2987/3588/3588
f 2887/3438/3438 2817/3331/3331 2877/3426/3426
f 2887/3438/3438 2877/3426/3426 3026/3651/3651
f 3020/3641/3641 3026/3651/3651 2877/3426/3426
f 3026/3651/3651 3020/3641/3641 2881/3431/3431
f 2984/3582/3582 2881/3431/3431 3020/3641/3641
f 2881/3431/3431 2984/3582/3582 2991/3594/3594
f 2991/3594/3594 2984/3582/3582 2986/3585/3585
f 2983/3581/3581 2986/3586/3586 2888/3440/3440
f 2875/3422/3422 2888/3440/3440 2986/3586/3586
f 2888/3440/3440 2889/3441/3441 2983/3581/3581
f 2985/3584/3584 2983/3581/3581 2889/3441/3441
f 2986/3586/3586 2983/3581/3581 2991/3593/3593
f 2988/3589/3589 2991/3593/3593 2983/3581/3581
f 2983/3581/3581 2985/3584/3584 2988/3589/3589
f 2966/3553/3553 2976/3568/3568 2892/3445/3445
f 2930/3500/3500 2892/3445/3445 2976/3568/3568
f 2892/3445/3445 2930/3500/3500 2940/3513/3513
f 2922/3491/3491 2940/3513/3513 2930/3500/3500
f 2892/3445/3445 2932/3503/3503 2966/3553/3553
f 2970/3558/3558 2966/3553/3553 2932/3503/3503
f 2932/3503/3503 2921/3488/3488 2970/3558/3558
f 2977/3571/3571 2970/3558/3558 2921/3488/3488
f 2970/3558/3558 2977/3571/3571 2974/3564/3564
f 2974/3564/3564 2977/3571/3571 2965/3551/3551
f 2972/3561/3561 2965/3551/3551 2977/3571/3571
f 2965/3551/3551 2972/3561/3561 2907/3468/3468
f 2935/3507/3507 2907/3468/3468 2972/3561/3561
f 2935/3507/3507 2913/3478/3478 2907/3468/3468
f 2974/3564/3564 2975/3566/3566 2970/3558/3558
f 2966/3553/3553 2970/3558/3558 2975/3566/3566
f 2966/3553/3553 2975/3566/3566 2976/3568/3568
f 2976/3568/3568 2975/3566/3566 2967/3554/3554
f 2971/3559/3559 2967/3554/3554 2975/3566/3566
f 2967/3554/3554 2971/3559/3559 2906/3466/3466
f 2923/3493/3493 2906/3466/3466 2971/3559/3559
f 2923/3493/3493 2896/3454/3454 2906/3466/3466
f 2923/3492/3492 2907/3467/3467 2896/3451/3451
f 2913/3476/3476 2896/3451/3451 2907/3467/3467
f 2907/3467/3467 2923/3492/3492 2965/3552/3552
f 2971/3560/3560 2965/3552/3552 2923/3492/3492
f 2965/3552/3552 2971/3560/3560 2974/3565/3565
f 2975/3567/3567 2974/3565/3565 2971/3560/3560
f 2896/3452/3452 2913/3477/3477 2903/3462/3462
f 2893/3447/3447 2903/3462/3462 2913/3477/3477
f 2937/3509/3509 2916/3481/3481 2904/3463/3463
f 2916/3481/3481 2937/3509/3509 2925/3495/3495
f 2899/3457/3457 2925/3495/3495 2937/3509/3509
f 2925/3495/3495 2899/3457/3457 2919/3485/3485
f 2931/3502/3502 2915/3480/3480 2912/3474/3474
f 2915/3480/3480 2931/3502/3502 2914/3479/3479
f 2900/3458/3458 2914/3479/3479 2931/3502/3502
f 2958/3541/3541 2956/3537/3537 2945/3522/3522
f 2944/3520/3520 2945/3522/3522 2956/3537/3537
f 2956/3537/3537 2958/3541/3541 2949/3527/3527
f 2948/3526/3526 2949/3527/3527 2958/3541/3541
f 2949/3527/3527 2948/3526/3526 3028/3654/3654
f 3033/3662/3662 3028/3654/3654 2948/3526/3526
f 3028/3654/3654 3033/3662/3662 2994/3599/3599
f 2995/3601/3601 2994/3599/3599 3033/3662/3662
f 2994/3599/3599 2995/3601/3601 3000/3609/3609
f 3001/3611/3611 3000/3609/3609 2995/3601/3601
f 2959/3544/3544 2956/3538/3538 2949/3528/3528
f 2959/3544/3544 2949/3528/3528 3032/3661/3661
f 3028/3655/3655 3032/3661/3661 2949/3528/3528
f 3032/3661/3661 3028/3655/3655 2953/3533/3533
f 2994/3598/3598 2953/3533/3533 3028/3655/3655
f 2953/3533/3533 2994/3598/3598 3003/3614/3614
f 3000/3608/3608 3003/3614/3614 2994/3598/3598
f 3003/3614/3614 3000/3608/3608 2997/3603/3603
f 2993/3597/3597 2997/3604/3604 2960/3546/3546
f 2836/3364/3364 2960/3546/3546 2997/3604/3604
f 2960/3546/3546 2961/3547/3547 2993/3597/3597
f 2996/3602/3602 2993/3597/3597 2961/3547/3547
f 2997/3604/3604 2993/3597/3597 3003/3613/3613
f 2999/3607/3607 3003/3613/3613 2993/3597/3597
f 2993/3597/3597 2996/3602/3602 2999/3607/3607
f 3043/3678/3678 3042/3676/3676 3040/3673/3673
f 3041/3674/3674 3040/3673/3673 3042/3676/3676
f 3040/3673/3673 3041/3674/3674 3044/3679/3679
f 3044/3679/3679 3046/3683/3683 3040/3673/3673
f 3045/3682/3682 3040/3673/3673 3046/3683/3683
f 3040/3673/3673 3045/3682/3682 3043/3678/3678
f 3043/3678/3678 3058/3698/3698 3042/3676/3676
f 3059/3699/3699 3042/3676/3676 3058/3698/3698
f 3058/3698/3698 3057/3697/3697 3059/3699/3699
f 3060/3701/3701 3059/3699/3699 3057/3697/3697
f 3058/3698/3698 3061/3703/3703 3057/3697/3697
f 3057/3697/3697 3061/3703/3703 3062/3704/3704
f 3063/3705/3705 3062/3704/3704 3061/3703/3703
f 3057/3697/3697 3067/3710/3710 3060/3701/3701
f 3057/3697/3697 3062/3704/3704 3067/3710/3710
f 3066/3708/3708 3060/3701/3701 3067/3710/3710
f 3092/3739/3739 3067/3710/3710 3062/3704/3704
f 3067/3710/3710 3085/3732/3732 3066/3708/3708
f 3087/3734/3734 3085/3732/3732 3067/3710/3710
f 3067/3710/3710 3088/3735/3735 3087/3734/3734
f 3067/3710/3710 3092/3739/3739 3088/3735/3735
f 3082/3727/3727 3066/3708/3708 3085/3732/3732
f 3085/3732/3732 3084/3731/3731 3082/3727/3727
f 3087/3734/3734 3084/3731/3731 3085/3732/3732
f 3087/3734/3734 3088/3735/3735 3084/3731/3731
f 3083/3729/3729 3082/3727/3727 3084/3731/3731
f 3088/3735/3735 3094/3741/3741 3084/3731/3731
f 3093/3740/3740 3084/3731/3731 3094/3741/3741
f 3084/3731/3731 3049/3686/3686 3083/3729/3729
f 3049/3686/3686 3084/3731/3731 3048/3685/3685
f 3048/3685/3685 3047/3684/3684 3049/3686/3686
f 3050/3688/3688 3049/3686/3686 3047/3684/3684
f 3047/3684/3684 3054/3694/3694 3050/3688/3688
f 3053/3692/3692 3050/3688/3688 3054/3694/3694
f 3054/3694/3694 3068/3711/3711 3053/3692/3692
f 3069/3712/3712 3053/3692/3692 3068/3711/3711
f 3054/3694/3694 3071/3715/3715 3068/3711/3711
f 3070/3714/3714 3068/3711/3711 3071/3715/3715
f 3068/3711/3711 3073/3718/3718 3069/3712/3712
f 3068/3711/3711 3070/3714/3714 3073/3718/3718
f 3072/3716/3716 3069/3712/3712 3073/3718/3718
f 3079/3724/3724 3073/3718/3718 3070/3714/3714
f 3073/3718/3718 3079/3724/3724 3080/3725/3725
f 3080/3725/3725 3081/3726/3726 3073/3718/3718
f 3081/3726/3726 3080/3725/3725 3105/3752/3752
f 3106/3754/3754 3105/3752/3752 3080/3725/3725
f 3106/3754/3754 3080/3725/3725 3108/3757/3757
f 3079/3724/3724 3102/3749/3749 3080/3725/3725
f 3108/3757/3757 3080/3725/3725 3102/3749/3749
f 3099/3746/3746 3102/3749/3749 3079/3724/3724
f 3102/3749/3749 3099/3746/3746 3113/3762/3762
f 3098/3745/3745 3113/3762/3762 3099/3746/3746
f 3099/3746/3746 3071/3715/3715 3098/3745/3745
f 3097/3744/3744 3098/3745/3745 3071/3715/3715
f 3071/3715/3715 3054/3694/3694 3097/3744/3744
f 3047/3684/3684 3097/3744/3744 3054/3694/3694
f 3071/3715/3715 3099/3746/3746 3070/3714/3714
f 3079/3724/3724 3070/3714/3714 3099/3746/3746
f 3098/3745/3745 3116/3765/3765 3113/3762/3762
f 3098/3745/3745 3097/3744/3744 3116/3765/3765
f 3096/3743/3743 3116/3765/3765 3097/3744/3744
f 3047/3684/3684 3051/3690/3690 3097/3744/3744
f 3096/3743/3743 3097/3744/3744 3051/3690/3690
f 3052/3691/3691 3051/3690/3690 3047/3684/3684
f 3096/3743/3743 3051/3690/3690 3095/3742/3742
f 3096/3743/3743 3095/3742/3742 3116/3765/3765
f 3084/3731/3731 3095/3742/3742 3051/3690/3690
f 3084/3731/3731 3051/3690/3690 3052/3691/3691
f 3052/3691/3691 3048/3685/3685 3084/3731/3731
f 3047/3684/3684 3048/3685/3685 3052/3691/3691
f 3095/3742/3742 3084/3731/3731 3093/3740/3740
f 3093/3740/3740 3115/3764/3764 3095/3742/3742
f 3093/3740/3740 3094/3741/3741 3115/3764/3764
f 3111/3760/3760 3115/3764/3764 3094/3741/3741
f 3094/3741/3741 3110/3759/3759 3111/3760/3760
f 3112/3761/3761 3111/3760/3760 3110/3759/3759
f 3112/3761/3761 3110/3759/3759 3092/3739/3739
f 3110/3759/3759 3088/3735/3735 3092/3739/3739
f 3088/3735/3735 3110/3759/3759 3094/3741/3741
f 3112/3761/3761 3092/3739/3739 3062/3704/3704
f 3062/3704/3704 3103/3750/3750 3112/3761/3761
f 3062/3704/3704 3063/3705/3705 3103/3750/3750
f 3104/3751/3751 3103/3750/3750 3063/3705/3705
f 3114/3763/3763 3112/3761/3761 3103/3750/3750
f 3103/3750/3750 3104/3751/3751 3114/3763/3763
f 3112/3761/3761 3114/3763/3763 3177/3827/3827
f 3111/3760/3760 3112/3761/3761 3177/3827/3827
f 3111/3760/3760 3177/3827/3827 3178/3828/3828
f 3176/3826/3826 3178/3828/3828 3177/3827/3827
f 3179/3829/3829 3177/3827/3827 3114/3763/3763
f 3177/3827/3827 3179/3829/3829 3176/3826/3826
f 3175/3825/3825 3176/3826/3826 3179/3829/3829
f 3176/3826/3826 3175/3825/3825 3173/3823/3823
f 3173/3823/3823 3178/3828/3828 3176/3826/3826
f 3174/3824/3824 3173/3823/3823 3175/3825/3825
f 3178/3828/3828 3183/3834/3834 3111/3760/3760
f 3115/3764/3764 3111/3760/3760 3183/3834/3834
f 3183/3834/3834 3182/3833/3833 3115/3764/3764
f 3123/3773/3773 3115/3764/3764 3182/3833/3833
f 3123/3773/3773 3095/3742/3742 3115/3764/3764
f 3123/3773/3773 3116/3765/3765 3095/3742/3742
f 3183/3834/3834 3185/3836/3836 3182/3833/3833
f 3184/3835/3835 3182/3833/3833 3185/3836/3836
f 3182/3833/3833 3113/3762/3762 3123/3773/3773
f 3116/3765/3765 3123/3773/3773 3113/3762/3762
f 3184/3835/3835 3113/3762/3762 3182/3833/3833
f 3113/3762/3762 3184/3835/3835 3193/3844/3844
f 3113/3762/3762 3193/3844/3844 3194/3845/3845
f 3192/3843/3843 3194/3845/3845 3193/3844/3844
f 3193/3844/3844 3171/3821/3821 3192/3843/3843
f 3193/3844/3844 3184/3835/3835 3171/3821/3821
f 3184/3835/3835 3161/3811/3811 3171/3821/3821
f 3139/3789/3789 3171/3821/3821 3161/3811/3811
f 3161/3811/3811 3136/3786/3786 3139/3789/3789
f 3137/3787/3787 3139/3789/3789 3136/3786/3786
f 3137/3787/3787 3136/3786/3786 3131/3781/3781
f 3135/3785/3785 3131/3781/3781 3136/3786/3786
f 3131/3781/3781 3132/3782/3782 3137/3787/3787
f 3132/3782/3782 3131/3781/3781 3133/3783/3783
f 3134/3784/3784 3133/3783/3783 3131/3781/3781
f 3131/3781/3781 3135/3785/3785 3134/3784/3784
f 3138/3788/3788 3137/3787/3787 3132/3782/3782
f 3138/3788/3788 3140/3790/3790 3137/3787/3787
f 3139/3789/3789 3137/3787/3787 3140/3790/3790
f 3132/3782/3782 3151/3801/3801 3138/3788/3788
f 3146/3796/3796 3138/3788/3788 3151/3801/3801
f 3151/3801/3801 3150/3800/3800 3146/3796/3796
f 3149/3799/3799 3146/3796/3796 3150/3800/3800
f 3149/3799/3799 3148/3798/3798 3146/3796/3796
f 3147/3797/3797 3146/3796/3796 3148/3798/3798
f 3150/3800/3800 3151/3801/3801 3117/3766/3766
f 3152/3802/3802 3117/3766/3766 3151/3801/3801
f 3151/3801/3801 3132/3782/3782 3152/3802/3802
f 3133/3783/3783 3152/3802/3802 3132/3782/3782
f 3133/3783/3783 3074/3719/3719 3152/3802/3802
f 3075/3720/3720 3152/3802/3802 3074/3719/3719
f 3152/3802/3802 3075/3720/3720 3117/3766/3766
f 3075/3720/3720 3074/3719/3719 3069/3713/3713
f 3053/3693/3693 3069/3713/3713 3074/3719/3719
f 3074/3719/3719 3056/3696/3696 3053/3693/3693
f 3074/3719/3719 3133/3783/3783 3056/3696/3696
f 3050/3689/3689 3053/3693/3693 3056/3696/3696
f 3056/3696/3696 3055/3695/3695 3050/3689/3689
f 3049/3687/3687 3050/3689/3689 3055/3695/3695
f 3049/3687/3687 3055/3695/3695 3083/3730/3730
f 3090/3737/3737 3083/3730/3730 3055/3695/3695
f 3083/3730/3730 3090/3737/3737 3086/3733/3733
f 3082/3728/3728 3083/3730/3730 3086/3733/3733
f 3086/3733/3733 3076/3721/3721 3082/3728/3728
f 3066/3709/3709 3082/3728/3728 3076/3721/3721
f 3076/3721/3721 3065/3707/3707 3066/3709/3709
f 3060/3702/3702 3066/3709/3709 3065/3707/3707
f 3065/3707/3707 3064/3706/3706 3060/3702/3702
f 3059/3700/3700 3060/3702/3702 3064/3706/3706
f 3059/3700/3700 3064/3706/3706 3042/3677/3677
f 3077/3722/3722 3042/3677/3677 3064/3706/3706
f 3042/3677/3677 3077/3722/3722 3041/3675/3675
f 3078/3723/3723 3041/3675/3675 3077/3722/3722
f 3078/3723/3723 3091/3738/3738 3041/3675/3675
f 3044/3680/3680 3041/3675/3675 3091/3738/3738
f 3078/3723/3723 3077/3722/3722 3124/3774/3774
f 3124/3774/3774 3130/3780/3780 3078/3723/3723
f 3091/3738/3738 3078/3723/3723 3130/3780/3780
f 3124/3774/3774 3077/3722/3722 3129/3779/3779
f 3129/3779/3779 3128/3778/3778 3124/3774/3774
f 3127/3777/3777 3124/3774/3774 3128/3778/3778
f 3127/3777/3777 3126/3776/3776 3124/3774/3774
f 3125/3775/3775 3124/3774/3774 3126/3776/3776
f 3124/3774/3774 3125/3775/3775 3130/3780/3780
f 3130/3780/3780 3125/3775/3775 3164/3814/3814
f 3125/3775/3775 3165/3815/3815 3164/3814/3814
f 3164/3814/3814 3165/3815/3815 3166/3816/3816
f 3101/3748/3748 3166/3816/3816 3165/3815/3815
f 3125/3775/3775 3168/3818/3818 3165/3815/3815
f 3168/3818/3818 3167/3817/3817 3165/3815/3815
f 3104/3751/3751 3165/3815/3815 3167/3817/3817
f 3165/3815/3815 3104/3751/3751 3101/3748/3748
f 3169/3819/3819 3168/3818/3818 3125/3775/3775
f 3167/3817/3817 3114/3763/3763 3104/3751/3751
f 3063/3705/3705 3101/3748/3748 3104/3751/3751
f 3101/3748/3748 3063/3705/3705 3100/3747/3747
f 3061/3703/3703 3100/3747/3747 3063/3705/3705
f 3100/3747/3747 3061/3703/3703 3045/3682/3682
f 3043/3678/3678 3045/3682/3682 3061/3703/3703
f 3043/3678/3678 3061/3703/3703 3058/3698/3698
f 3045/3682/3682 3109/3758/3758 3100/3747/3747
f 3101/3748/3748 3100/3747/3747 3109/3758/3758
f 3045/3682/3682 3046/3683/3683 3109/3758/3758
f 3166/3816/3816 3101/3748/3748 3109/3758/3758
f 3109/3758/3758 3046/3683/3683 3212/3868/3868
f 3208/3860/3860 3212/3868/3868 3046/3683/3683
f 3046/3683/3683 3044/3679/3679 3208/3860/3860
f 3224/3888/3888 3208/3860/3860 3044/3679/3679
f 3044/3679/3679 3209/3861/3861 3224/3888/3888
f 3224/3888/3888 3209/3861/3861 3223/3886/3886
f 3229/3894/3894 3208/3860/3860 3224/3888/3888
f 3229/3894/3894 3230/3895/3895 3208/3860/3860
f 3212/3868/3868 3208/3860/3860 3230/3895/3895
f 3230/3895/3895 3228/3893/3893 3212/3868/3868
f 3230/3895/3895 3229/3894/3894 3310/4017/4017
f 3351/4076/4076 3310/4017/4017 3229/3894/3894
f 3229/3894/3894 3224/3888/3888 3351/4076/4076
f 3351/4076/4076 3350/4075/4075 3310/4017/4017
f 3349/4074/4074 3310/4017/4017 3350/4075/4075
f 3351/4076/4076 3352/4077/4077 3350/4075/4075
f 3350/4075/4075 3337/4052/4052 3349/4074/4074
f 3350/4075/4075 3352/4077/4077 3337/4052/4052
f 3336/4050/4050 3349/4074/4074 3337/4052/4052
f 3336/4050/4050 3355/4081/4081 3349/4074/4074
f 3328/4038/4038 3349/4074/4074 3355/4081/4081
f 3328/4038/4038 3355/4081/4081 3321/4030/4030
f 3321/4030/4030 3310/4017/4017 3328/4038/4038
f 3328/4038/4038 3310/4017/4017 3349/4074/4074
f 3322/4031/4031 3321/4030/4030 3355/4081/4081
f 3322/4031/4031 3296/3998/3998 3321/4030/4030
f 3309/4016/4016 3321/4030/4030 3296/3998/3998
f 3309/4016/4016 3310/4017/4017 3321/4030/4030
f 3310/4017/4017 3309/4016/4016 3284/3977/3977
f 3308/4015/4015 3284/3977/3977 3309/4016/4016
f 3309/4016/4016 3296/3998/3998 3308/4015/4015
f 3295/3996/3996 3308/4015/4015 3296/3998/3998
f 3295/3996/3996 3319/4028/4028 3308/4015/4015
f 3283/3976/3976 3308/4015/4015 3319/4028/4028
f 3283/3976/3976 3284/3977/3977 3308/4015/4015
f 3285/3978/3978 3284/3977/3977 3283/3976/3976
f 3283/3976/3976 3319/4028/4028 3285/3978/3978
f 3318/4027/4027 3285/3978/3978 3319/4028/4028
f 3284/3977/3977 3285/3978/3978 3320/4029/4029
f 3316/4025/4025 3320/4029/4029 3285/3978/3978
f 3285/3978/3978 3318/4027/4027 3316/4025/4025
f 3295/3996/3996 3294/3993/3993 3319/4028/4028
f 3288/3984/3984 3319/4028/4028 3294/3993/3993
f 3319/4028/4028 3288/3984/3984 3318/4027/4027
f 3294/3993/3993 3303/4008/4008 3288/3984/3984
f 3436/4214/4214 3288/3984/3984 3303/4008/4008
f 3288/3984/3984 3436/4214/4214 3317/4026/4026
f 3317/4026/4026 3318/4027/4027 3288/3984/3984
f 3279/3971/3971 3317/4026/4026 3436/4214/4214
f 3317/4026/4026 3279/3971/3971 3306/4012/4012
f 3304/4010/4010 3306/4012/4012 3279/3971/3971
f 3279/3971/3971 3280/3972/3972 3304/4010/4010
f 3300/4003/4003 3304/4010/4010 3280/3972/3972
f 3300/4003/4003 3280/3972/3972 3287/3983/3983
f 3300/4003/4003 3287/3983/3983 3299/4001/4001
f 3281/3973/3973 3287/3983/3983 3280/3972/3972
f 3282/3975/3975 3281/3973/3973 3280/3972/3972
f 3304/4010/4010 3300/4003/4003 3430/4203/4203
f 3299/4001/4001 3430/4203/4203 3300/4003/4003
f 3281/3973/3973 3282/3975/3975 3286/3981/3981
f 3302/4007/4007 3286/3981/3981 3282/3975/3975
f 3282/3975/3975 3436/4214/4214 3302/4007/4007
f 3436/4214/4214 3282/3975/3975 3279/3971/3971
f 3280/3972/3972 3279/3971/3971 3282/3975/3975
f 3303/4008/4008 3302/4007/4007 3436/4214/4214
f 3430/4203/4203 3278/3969/3969 3304/4010/4010
f 3306/4012/4012 3304/4010/4010 3278/3969/3969
f 3292/3990/3990 3306/4012/4012 3278/3969/3969
f 3306/4012/4012 3292/3990/3990 3305/4011/4011
f 3289/3986/3986 3305/4011/4011 3292/3990/3990
f 3289/3986/3986 3315/4023/4023 3305/4011/4011
f 3316/4025/4025 3305/4011/4011 3315/4023/4023
f 3306/4012/4012 3305/4011/4011 3317/4026/4026
f 3318/4027/4027 3317/4026/4026 3305/4011/4011
f 3305/4011/4011 3316/4025/4025 3318/4027/4027
f 3315/4023/4023 3373/4107/4107 3316/4025/4025
f 3320/4029/4029 3316/4025/4025 3373/4107/4107
f 3320/4029/4029 3373/4107/4107 3371/4105/4105
f 3372/4106/4106 3371/4105/4105 3373/4107/4107
f 3320/4029/4029 3371/4105/4105 3228/3893/3893
f 3221/3884/3884 3228/3893/3893 3371/4105/4105
f 3221/3884/3884 3215/3872/3872 3228/3893/3893
f 3215/3872/3872 3221/3884/3884 3214/3871/3871
f 3164/3814/3814 3215/3872/3872 3214/3871/3871
f 3164/3814/3814 3214/3871/3871 3130/3780/3780
f 3213/3869/3869 3130/3780/3780 3214/3871/3871
f 3130/3780/3780 3213/3869/3869 3091/3738/3738
f 3211/3866/3866 3091/3738/3738 3213/3869/3869
f 3211/3866/3866 3210/3863/3863 3091/3738/3738
f 3044/3680/3680 3091/3738/3738 3210/3863/3863
f 3214/3871/3871 3222/3885/3885 3213/3869/3869
f 3222/3885/3885 3214/3871/3871 3221/3884/3884
f 3225/3890/3890 3213/3869/3869 3222/3885/3885
f 3225/3890/3890 3222/3885/3885 3382/4123/4123
f 3384/4127/4127 3382/4123/4123 3222/3885/3885
f 3384/4127/4127 3380/4121/4121 3382/4123/4123
f 3383/4125/4125 3382/4123/4123 3380/4121/4121
f 3380/4121/4121 3384/4127/4127 3372/4106/4106
f 3372/4106/4106 3379/4120/4120 3380/4121/4121
f 3381/4122/4122 3380/4121/4121 3379/4120/4120
f 3380/4121/4121 3381/4122/4122 3383/4125/4125
f 3379/4120/4120 3372/4106/4106 3375/4111/4111
f 3375/4111/4111 3386/4129/4129 3379/4120/4120
f 3387/4131/4131 3379/4120/4120 3386/4129/4129
f 3379/4120/4120 3387/4131/4131 3381/4122/4122
f 3373/4107/4107 3375/4111/4111 3372/4106/4106
f 3363/4091/4091 3383/4125/4125 3381/4122/4122
f 3381/4122/4122 3427/4197/4197 3363/4091/4091
f 3427/4197/4197 3381/4122/4122 3387/4131/4131
f 3362/4089/4089 3363/4091/4091 3427/4197/4197
f 3387/4131/4131 3386/4129/4129 3426/4196/4196
f 3427/4197/4197 3387/4131/4131 3426/4196/4196
f 3426/4196/4196 3394/4143/4143 3427/4197/4197
f 3393/4142/4142 3427/4197/4197 3394/4143/4143
f 3427/4197/4197 3393/4142/4142 3362/4089/4089
f 3394/4143/4143 3368/4098/4098 3393/4142/4142
f 3365/4093/4093 3393/4142/4142 3368/4098/4098
f 3368/4098/4098 3367/4096/4096 3365/4093/4093
f 3366/4094/4094 3365/4093/4093 3367/4096/4096
f 3368/4098/4098 3369/4099/4099 3367/4096/4096
f 3368/4098/4098 3394/4143/4143 3369/4099/4099
f 3370/4101/4101 3367/4096/4096 3369/4099/4099
f 3365/4093/4093 3366/4094/4094 3388/4132/4132
f 3377/4116/4116 3388/4132/4132 3366/4094/4094
f 3388/4132/4132 3390/4137/4137 3365/4093/4093
f 3393/4142/4142 3365/4093/4093 3390/4137/4137
f 3390/4137/4137 3362/4089/4089 3393/4142/4142
f 3391/4139/4139 3369/4099/4099 3394/4143/4143
f 3394/4143/4143 3426/4196/4196 3391/4139/4139
f 3386/4129/4129 3391/4139/4139 3426/4196/4196
f 3090/3737/3737 3089/3736/3736 3086/3733/3733
f 3159/3809/3809 3086/3733/3733 3089/3736/3736
f 3159/3809/3809 3145/3795/3795 3086/3733/3733
f 3076/3721/3721 3086/3733/3733 3145/3795/3795
f 3145/3795/3795 3141/3791/3791 3076/3721/3721
f 3065/3707/3707 3076/3721/3721 3141/3791/3791
f 3141/3791/3791 3142/3792/3792 3065/3707/3707
f 3142/3792/3792 3141/3791/3791 3143/3793/3793
f 3144/3794/3794 3143/3793/3793 3141/3791/3791
f 3141/3791/3791 3145/3795/3795 3144/3794/3794
f 3064/3706/3706 3065/3707/3707 3142/3792/3792
f 3142/3792/3792 3129/3779/3779 3064/3706/3706
f 3077/3722/3722 3064/3706/3706 3129/3779/3779
f 3129/3779/3779 3142/3792/3792 3128/3778/3778
f 3143/3793/3793 3128/3778/3778 3142/3792/3792
f 3143/3793/3793 3144/3794/3794 3190/3841/3841
f 3189/3840/3840 3190/3841/3841 3144/3794/3794
f 3189/3840/3840 3188/3839/3839 3190/3841/3841
f 3174/3824/3824 3190/3841/3841 3188/3839/3839
f 3188/3839/3839 3187/3838/3838 3174/3824/3824
f 3173/3823/3823 3174/3824/3824 3187/3838/3838
f 3173/3823/3823 3187/3838/3838 3178/3828/3828
f 3183/3834/3834 3178/3828/3828 3187/3838/3838
f 3188/3839/3839 3163/3813/3813 3187/3838/3838
f 3163/3813/3813 3188/3839/3839 3189/3840/3840
f 3185/3836/3836 3187/3838/3838 3163/3813/3813
f 3185/3836/3836 3183/3834/3834 3187/3838/3838
f 3163/3813/3813 3184/3835/3835 3185/3836/3836
f 3170/3820/3820 3184/3835/3835 3163/3813/3813
f 3170/3820/3820 3161/3811/3811 3184/3835/3835
f 3170/3820/3820 3160/3810/3810 3161/3811/3811
f 3160/3810/3810 3170/3820/3820 3163/3813/3813
f 3136/3786/3786 3161/3811/3811 3160/3810/3810
f 3160/3810/3810 3159/3809/3809 3136/3786/3786
f 3159/3809/3809 3160/3810/3810 3163/3813/3813
f 3135/3785/3785 3136/3786/3786 3159/3809/3809
f 3135/3785/3785 3159/3809/3809 3153/3803/3803
f 3153/3803/3803 3134/3784/3784 3135/3785/3785
f 3153/3803/3803 3090/3737/3737 3134/3784/3784
f 3055/3695/3695 3134/3784/3784 3090/3737/3737
f 3055/3695/3695 3056/3696/3696 3134/3784/3784
f 3134/3784/3784 3056/3696/3696 3133/3783/3783
f 3089/3736/3736 3153/3803/3803 3159/3809/3809
f 3153/3803/3803 3089/3736/3736 3090/3737/3737
f 3107/3756/3756 3105/3753/3753 3106/3755/3755
f 3105/3753/3753 3107/3756/3756 3119/3768/3768
f 3120/3770/3770 3119/3768/3768 3107/3756/3756
f 3107/3756/3756 3106/3755/3755 3180/3831/3831
f 3180/3831/3831 3199/3851/3851 3107/3756/3756
f 3120/3770/3770 3107/3756/3756 3199/3851/3851
f 3069/3713/3713 3072/3717/3717 3075/3720/3720
f 3072/3717/3717 3118/3767/3767 3075/3720/3720
f 3118/3767/3767 3117/3766/3766 3075/3720/3720
f 3117/3766/3766 3118/3767/3767 3150/3800/3800
f 3158/3808/3808 3150/3800/3800 3118/3767/3767
f 3150/3800/3800 3158/3808/3808 3149/3799/3799
f 3154/3804/3804 3149/3799/3799 3158/3808/3808
f 3149/3799/3799 3154/3804/3804 3148/3798/3798
f 3155/3805/3805 3148/3798/3798 3154/3804/3804
f 3155/3805/3805 3154/3804/3804 3156/3806/3806
f 3157/3807/3807 3156/3806/3806 3154/3804/3804
f 3155/3805/3805 3156/3806/3806 3195/3846/3846
f 3196/3847/3847 3195/3846/3846 3156/3806/3806
f 3195/3846/3846 3186/3837/3837 3155/3805/3805
f 3148/3798/3798 3155/3805/3805 3186/3837/3837
f 3195/3846/3846 3194/3845/3845 3186/3837/3837
f 3195/3846/3846 3196/3847/3847 3194/3845/3845
f 3192/3843/3843 3186/3837/3837 3194/3845/3845
f 3172/3822/3822 3186/3837/3837 3192/3843/3843
f 3172/3822/3822 3140/3790/3790 3186/3837/3837
f 3140/3790/3790 3172/3822/3822 3139/3789/3789
f 3171/3821/3821 3139/3789/3789 3172/3822/3822
f 3172/3822/3822 3192/3843/3843 3171/3821/3821
f 3147/3797/3797 3186/3837/3837 3140/3790/3790
f 3140/3790/3790 3138/3788/3788 3147/3797/3797
f 3146/3796/3796 3147/3797/3797 3138/3788/3788
f 3147/3797/3797 3148/3798/3798 3186/3837/3837
f 3119/3769/3769 3121/3771/3771 3105/3752/3752
f 3081/3726/3726 3105/3752/3752 3121/3771/3771
f 3121/3771/3771 3122/3772/3772 3081/3726/3726
f 3073/3718/3718 3081/3726/3726 3122/3772/3772
f 3159/3809/3809 3163/3813/3813 3145/3795/3795
f 3162/3812/3812 3145/3795/3795 3163/3813/3813
f 3163/3813/3813 3189/3840/3840 3162/3812/3812
f 3144/3794/3794 3162/3812/3812 3189/3840/3840
f 3162/3812/3812 3144/3794/3794 3145/3795/3795
f 3181/3832/3832 3180/3830/3830 3106/3754/3754
f 3180/3830/3830 3181/3832/3832 3198/3849/3849
f 3198/3849/3849 3197/3848/3848 3180/3830/3830
f 3199/3850/3850 3180/3830/3830 3197/3848/3848
f 3200/3852/3852 3198/3849/3849 3181/3832/3832
f 3200/3852/3852 3202/3854/3854 3198/3849/3849
f 3201/3853/3853 3198/3849/3849 3202/3854/3854
f 3200/3852/3852 3156/3806/3806 3202/3854/3854
f 3200/3852/3852 3181/3832/3832 3156/3806/3806
f 3157/3807/3807 3202/3854/3854 3156/3806/3806
f 3196/3847/3847 3156/3806/3806 3181/3832/3832
f 3196/3847/3847 3181/3832/3832 3108/3757/3757
f 3106/3754/3754 3108/3757/3757 3181/3832/3832
f 3108/3757/3757 3194/3845/3845 3196/3847/3847
f 3102/3749/3749 3194/3845/3845 3108/3757/3757
f 3194/3845/3845 3102/3749/3749 3113/3762/3762
f 3169/3819/3819 3174/3824/3824 3175/3825/3825
f 3169/3819/3819 3175/3825/3825 3168/3818/3818
f 3179/3829/3829 3168/3818/3818 3175/3825/3825
f 3168/3818/3818 3179/3829/3829 3167/3817/3817
f 3114/3763/3763 3167/3817/3817 3179/3829/3829
f 3169/3819/3819 3191/3842/3842 3174/3824/3824
f 3191/3842/3842 3169/3819/3819 3126/3776/3776
f 3125/3775/3775 3126/3776/3776 3169/3819/3819
f 3126/3776/3776 3127/3777/3777 3191/3842/3842
f 3128/3778/3778 3191/3842/3842 3127/3777/3777
f 3128/3778/3778 3143/3793/3793 3191/3842/3842
f 3190/3841/3841 3191/3842/3842 3143/3793/3793
f 3190/3841/3841 3174/3824/3824 3191/3842/3842
f 3044/3681/3681 3210/3864/3864 3209/3861/3861
f 3164/3814/3814 3216/3873/3873 3215/3872/3872
f 3164/3814/3814 3166/3816/3816 3216/3873/3873
f 3109/3758/3758 3216/3873/3873 3166/3816/3816
f 3212/3868/3868 3216/3873/3873 3109/3758/3758
f 3216/3873/3873 3228/3893/3893 3215/3872/3872
f 3216/3873/3873 3212/3868/3868 3228/3893/3893
f 3228/3893/3893 3284/3977/3977 3320/4029/4029
f 3228/3893/3893 3230/3895/3895 3284/3977/3977
f 3310/4017/4017 3284/3977/3977 3230/3895/3895
f 3220/3881/3881 3219/3879/3879 3217/3874/3874
f 3218/3877/3877 3217/3874/3874 3219/3879/3879
f 3217/3874/3874 3341/4058/4058 3220/3881/3881
f 3339/4055/4055 3220/3881/3881 3341/4058/4058
f 3341/4058/4058 3348/4072/4072 3339/4055/4055
f 3342/4060/4060 3339/4055/4055 3348/4072/4072
f 3439/4218/4218 3342/4060/4060 3348/4072/4072
f 3348/4072/4072 3432/4206/4206 3439/4218/4218
f 3348/4072/4072 3334/4046/4046 3432/4206/4206
f 3431/4205/4205 3432/4206/4206 3334/4046/4046
f 3226/3891/3891 3211/3867/3867 3225/3889/3889
f 3213/3870/3870 3225/3889/3889 3211/3867/3867
f 3211/3867/3867 3226/3891/3891 3210/3865/3865
f 3227/3892/3892 3210/3865/3865 3226/3891/3891
f 3210/3865/3865 3227/3892/3892 3209/3862/3862
f 3223/3887/3887 3209/3862/3862 3227/3892/3892
f 3227/3892/3892 3270/3958/3958 3223/3887/3887
f 3269/3956/3956 3223/3887/3887 3270/3958/3958
f 3270/3958/3958 3257/3937/3937 3269/3956/3956
f 3256/3935/3935 3269/3956/3956 3257/3937/3937
f 3257/3937/3937 3250/3926/3926 3256/3935/3935
f 3255/3933/3933 3256/3935/3935 3250/3926/3926
f 3255/3933/3933 3250/3926/3926 3254/3931/3931
f 3251/3927/3927 3254/3931/3931 3250/3926/3926
f 3250/3926/3926 3249/3924/3924 3251/3927/3927
f 3252/3928/3928 3251/3927/3927 3249/3924/3924
f 3252/3928/3928 3231/3897/3897 3251/3927/3927
f 3253/3930/3930 3251/3927/3927 3231/3897/3897
f 3251/3927/3927 3253/3930/3930 3254/3931/3931
f 3249/3924/3924 3250/3926/3926 3258/3938/3938
f 3257/3937/3937 3258/3938/3938 3250/3926/3926
f 3258/3938/3938 3257/3937/3937 3271/3959/3959
f 3270/3958/3958 3271/3959/3959 3257/3937/3937
f 3270/3958/3958 3227/3892/3892 3271/3959/3959
f 3226/3891/3891 3271/3959/3959 3227/3892/3892
f 3226/3891/3891 3385/4128/4128 3271/3959/3959
f 3385/4128/4128 3361/4087/4087 3271/3959/3959
f 3358/4084/4084 3271/3959/3959 3361/4087/4087
f 3361/4087/4087 3360/4086/4086 3358/4084/4084
f 3359/4085/4085 3358/4084/4084 3360/4086/4086
f 3226/3891/3891 3225/3889/3889 3385/4128/4128
f 3382/4124/4124 3385/4128/4128 3225/3889/3889
f 3361/4087/4087 3385/4128/4128 3383/4126/4126
f 3382/4124/4124 3383/4126/4126 3385/4128/4128
f 3358/4084/4084 3359/4085/4085 3374/4109/4109
f 3374/4109/4109 3359/4085/4085 3373/4108/4108
f 3375/4110/4110 3373/4108/4108 3359/4085/4085
f 3373/4108/4108 3315/4024/4024 3374/4109/4109
f 3298/4000/4000 3374/4109/4109 3315/4024/4024
f 3315/4024/4024 3289/3985/3985 3298/4000/4000
f 3290/3987/3987 3298/4000/4000 3289/3985/3985
f 3290/3987/3987 3289/3985/3985 3291/3988/3988
f 3292/3989/3989 3291/3988/3988 3289/3985/3985
f 3292/3989/3989 3278/3968/3968 3291/3988/3988
f 3293/3991/3991 3291/3988/3988 3278/3968/3968
f 3291/3988/3988 3294/3994/3994 3290/3987/3987
f 3294/3994/3994 3291/3988/3988 3293/3991/3991
f 3295/3995/3995 3290/3987/3987 3294/3994/3994
f 3295/3995/3995 3296/3997/3997 3290/3987/3987
f 3297/3999/3999 3290/3987/3987 3296/3997/3997
f 3293/3991/3991 3307/4014/4014 3294/3994/3994
f 3303/4009/4009 3294/3994/3994 3307/4014/4014
f 3307/4014/4014 3301/4005/4005 3303/4009/4009
f 3302/4006/4006 3303/4009/4009 3301/4005/4005
f 3286/3980/3980 3302/4006/4006 3301/4005/4005
f 3296/3997/3997 3311/4018/4018 3297/3999/3999
f 3312/4020/4020 3297/3999/3999 3311/4018/4018
f 3297/3999/3999 3312/4020/4020 3314/4022/4022
f 3314/4022/4022 3313/4021/4021 3297/3999/3999
f 3298/4000/4000 3297/3999/3999 3313/4021/4021
f 3297/3999/3999 3298/4000/4000 3290/3987/3987
f 3333/4044/4044 3314/4022/4022 3312/4020/4020
f 3312/4020/4020 3431/4204/4204 3333/4044/4044
f 3334/4045/4045 3333/4044/4044 3431/4204/4204
f 3333/4044/4044 3335/4047/4047 3314/4022/4022
f 3333/4044/4044 3334/4045/4045 3335/4047/4047
f 3298/4000/4000 3313/4021/4021 3358/4084/4084
f 3298/4000/4000 3358/4084/4084 3374/4109/4109
f 3347/4071/4071 3335/4047/4047 3334/4045/4045
f 3334/4045/4045 3332/4043/4043 3347/4071/4071
f 3334/4045/4045 3348/4073/4073 3332/4043/4043
f 3344/4065/4065 3332/4043/4043 3348/4073/4073
f 3348/4073/4073 3341/4059/4059 3344/4065/4065
f 3343/4062/4062 3344/4065/4065 3341/4059/4059
f 3217/3875/3875 3343/4062/4062 3341/4059/4059
f 3234/3902/3902 3233/3900/3900 3231/3896/3896
f 3232/3898/3898 3231/3896/3896 3233/3900/3900
f 3231/3896/3896 3252/3929/3929 3234/3902/3902
f 3265/3950/3950 3234/3902/3902 3252/3929/3929
f 3265/3950/3950 3252/3929/3929 3273/3961/3961
f 3249/3925/3925 3273/3961/3961 3252/3929/3929
f 3233/3900/3900 3264/3949/3949 3232/3898/3898
f 3435/4213/4213 3232/3898/3898 3264/3949/3949
f 3264/3949/3949 3260/3941/3941 3435/4213/4213
f 3259/3939/3939 3435/4213/4213 3260/3941/3941
f 3260/3941/3941 3245/3918/3918 3259/3939/3939
f 3264/3948/3948 3233/3901/3901 3235/3904/3904
f 3236/3905/3905 3235/3904/3904 3233/3901/3901
f 3235/3904/3904 3237/3906/3906 3264/3948/3948
f 3260/3942/3942 3264/3948/3948 3237/3906/3906
f 3260/3942/3942 3237/3906/3906 3245/3919/3919
f 3238/3907/3907 3245/3919/3919 3237/3906/3906
f 3238/3907/3907 3237/3906/3906 3239/3909/3909
f 3240/3911/3911 3239/3909/3909 3237/3906/3906
f 3239/3909/3909 3240/3911/3911 3244/3916/3916
f 3262/3945/3945 3244/3916/3916 3240/3911/3911
f 3237/3906/3906 3235/3904/3904 3240/3911/3911
f 3442/4221/4221 3240/3911/3911 3235/3904/3904
f 3240/3911/3911 3442/4221/4221 3262/3945/3945
f 3235/3904/3904 3236/3905/3905 3442/4221/4221
f 3246/3920/3920 3442/4221/4221 3236/3905/3905
f 3236/3905/3905 3275/3965/3965 3246/3920/3920
f 3247/3921/3921 3246/3920/3920 3275/3965/3965
f 3442/4221/4221 3246/3920/3920 3263/3946/3946
f 3248/3922/3922 3263/3946/3946 3246/3920/3920
f 3246/3920/3920 3247/3921/3921 3248/3922/3922
f 3275/3965/3965 3236/3905/3905 3234/3903/3903
f 3233/3901/3901 3234/3903/3903 3236/3905/3905
f 3266/3952/3952 3248/3922/3922 3247/3921/3921
f 3275/3965/3965 3276/3966/3966 3247/3921/3921
f 3276/3966/3966 3275/3965/3965 3273/3963/3963
f 3265/3951/3951 3273/3963/3963 3275/3965/3965
f 3265/3951/3951 3275/3965/3965 3234/3903/3903
f 3273/3963/3963 3274/3964/3964 3276/3966/3966
f 3243/3914/3914 3276/3966/3966 3274/3964/3964
f 3276/3966/3966 3243/3914/3914 3277/3967/3967
f 3241/3912/3912 3277/3967/3967 3243/3914/3914
f 3243/3914/3914 3242/3913/3913 3241/3912/3912
f 3243/3914/3914 3274/3964/3964 3242/3913/3913
f 3241/3912/3912 3256/3936/3936 3277/3967/3967
f 3241/3912/3912 3242/3913/3913 3256/3936/3936
f 3255/3934/3934 3277/3967/3967 3256/3936/3936
f 3255/3934/3934 3254/3932/3932 3277/3967/3967
f 3247/3921/3921 3277/3967/3967 3254/3932/3932
f 3277/3967/3967 3247/3921/3921 3276/3966/3966
f 3269/3957/3957 3256/3936/3936 3242/3913/3913
f 3242/3913/3913 3224/3888/3888 3269/3957/3957
f 3223/3886/3886 3269/3957/3957 3224/3888/3888
f 3247/3921/3921 3254/3932/3932 3266/3952/3952
f 3242/3913/3913 3351/4076/4076 3224/3888/3888
f 3274/3964/3964 3351/4076/4076 3242/3913/3913
f 3274/3964/3964 3396/4145/4145 3351/4076/4076
f 3396/4145/4145 3352/4077/4077 3351/4076/4076
f 3274/3964/3964 3273/3963/3963 3396/4145/4145
f 3397/4146/4146 3396/4145/4145 3273/3963/3963
f 3396/4145/4145 3397/4146/4146 3352/4077/4077
f 3357/4083/4083 3352/4077/4077 3397/4146/4146
f 3357/4083/4083 3337/4052/4052 3352/4077/4077
f 3337/4052/4052 3357/4083/4083 3353/4079/4079
f 3400/4150/4150 3353/4079/4079 3357/4083/4083
f 3400/4150/4150 3401/4151/4151 3353/4079/4079
f 3402/4152/4152 3353/4079/4079 3401/4151/4151
f 3401/4151/4151 3409/4166/4166 3402/4152/4152
f 3409/4166/4166 3401/4151/4151 3410/4167/4167
f 3411/4168/4168 3410/4167/4167 3401/4151/4151
f 3401/4151/4151 3400/4150/4150 3411/4168/4168
f 3421/4187/4187 3402/4152/4152 3409/4166/4166
f 3410/4167/4167 3441/4220/4220 3409/4166/4166
f 3441/4220/4220 3410/4167/4167 3419/4183/4183
f 3412/4169/4169 3419/4183/4183 3410/4167/4167
f 3410/4167/4167 3411/4168/4168 3412/4169/4169
f 3440/4219/4219 3409/4166/4166 3441/4220/4220
f 3409/4166/4166 3440/4219/4219 3421/4187/4187
f 3422/4189/4189 3412/4169/4169 3411/4168/4168
f 3441/4220/4220 3406/4159/4159 3440/4219/4219
f 3403/4154/4154 3440/4219/4219 3406/4159/4159
f 3406/4159/4159 3405/4157/4157 3403/4154/4154
f 3404/4155/4155 3403/4154/4154 3405/4157/4157
f 3404/4155/4155 3408/4165/4165 3403/4154/4154
f 3416/4178/4178 3403/4154/4154 3408/4165/4165
f 3440/4219/4219 3403/4154/4154 3420/4185/4185
f 3416/4178/4178 3420/4185/4185 3403/4154/4154
f 3405/4157/4157 3406/4159/4159 3407/4162/4162
f 3418/4182/4182 3407/4162/4162 3406/4159/4159
f 3406/4159/4159 3441/4220/4220 3418/4182/4182
f 3419/4183/4183 3418/4182/4182 3441/4220/4220
f 3420/4185/4185 3421/4187/4187 3440/4219/4219
f 3245/3917/3917 3238/3908/3908 3244/3915/3915
f 3239/3910/3910 3244/3915/3915 3238/3908/3908
f 3244/3915/3915 3261/3943/3943 3245/3917/3917
f 3259/3940/3940 3245/3917/3917 3261/3943/3943
f 3261/3943/3943 3267/3954/3954 3259/3940/3940
f 3435/4212/4212 3259/3940/3940 3267/3954/3954
f 3244/3915/3915 3262/3944/3944 3261/3943/3943
f 3267/3954/3954 3261/3943/3943 3263/3947/3947
f 3262/3944/3944 3263/3947/3947 3261/3943/3943
f 3263/3947/3947 3248/3923/3923 3267/3954/3954
f 3268/3955/3955 3267/3954/3954 3248/3923/3923
f 3267/3954/3954 3268/3955/3955 3435/4212/4212
f 3248/3923/3923 3266/3953/3953 3268/3955/3955
f 3253/3930/3930 3268/3955/3955 3266/3953/3953
f 3232/3899/3899 3435/4212/4212 3268/3955/3955
f 3268/3955/3955 3253/3930/3930 3232/3899/3899
f 3231/3897/3897 3232/3899/3899 3253/3930/3930
f 3266/3953/3953 3254/3931/3931 3253/3930/3930
f 3273/3962/3962 3249/3924/3924 3272/3960/3960
f 3273/3962/3962 3272/3960/3960 3399/4148/4148
f 3398/4147/4147 3399/4148/4148 3272/3960/3960
f 3398/4147/4147 3272/3960/3960 3354/4080/4080
f 3338/4053/4053 3354/4080/4080 3272/3960/3960
f 3354/4080/4080 3338/4053/4053 3353/4078/4078
f 3337/4051/4051 3353/4078/4078 3338/4053/4053
f 3338/4053/4053 3314/4022/4022 3337/4051/4051
f 3336/4049/4049 3337/4051/4051 3314/4022/4022
f 3336/4049/4049 3314/4022/4022 3335/4047/4047
f 3338/4053/4053 3313/4021/4021 3314/4022/4022
f 3338/4053/4053 3272/3960/3960 3313/4021/4021
f 3258/3938/3938 3313/4021/4021 3272/3960/3960
f 3313/4021/4021 3258/3938/3938 3271/3959/3959
f 3271/3959/3959 3358/4084/4084 3313/4021/4021
f 3249/3924/3924 3258/3938/3938 3272/3960/3960
f 3263/3946/3946 3262/3945/3945 3442/4221/4221
f 3287/3982/3982 3281/3974/3974 3286/3979/3979
f 3286/3979/3979 3301/4004/4004 3287/3982/3982
f 3299/4002/4002 3287/3982/3982 3301/4004/4004
f 3301/4004/4004 3307/4013/4013 3299/4002/4002
f 3430/4202/4202 3299/4002/4002 3307/4013/4013
f 3307/4013/4013 3293/3992/3992 3430/4202/4202
f 3278/3970/3970 3430/4202/4202 3293/3992/3992
f 3323/4032/4032 3311/4019/4019 3322/4031/4031
f 3296/3998/3998 3322/4031/4031 3311/4019/4019
f 3323/4032/4032 3324/4033/4033 3311/4019/4019
f 3325/4034/4034 3311/4019/4019 3324/4033/4033
f 3324/4033/4033 3329/4039/4039 3325/4034/4034
f 3329/4039/4039 3324/4033/4033 3330/4040/4040
f 3331/4041/4041 3330/4040/4040 3324/4033/4033
f 3324/4033/4033 3323/4032/4032 3331/4041/4041
f 3346/4068/4068 3325/4034/4034 3329/4039/4039
f 3330/4040/4040 3438/4216/4216 3329/4039/4039
f 3438/4216/4216 3330/4040/4040 3344/4064/4064
f 3332/4042/4042 3344/4064/4064 3330/4040/4040
f 3330/4040/4040 3331/4041/4041 3332/4042/4042
f 3437/4215/4215 3329/4039/4039 3438/4216/4216
f 3329/4039/4039 3437/4215/4215 3346/4068/4068
f 3347/4070/4070 3332/4042/4042 3331/4041/4041
f 3438/4216/4216 3327/4037/4037 3437/4215/4215
f 3326/4036/4036 3437/4215/4215 3327/4037/4037
f 3327/4037/4037 3218/3878/3878 3326/4036/4036
f 3219/3880/3880 3326/4036/4036 3218/3878/3878
f 3219/3880/3880 3220/3883/3883 3326/4036/4036
f 3340/4057/4057 3326/4036/4036 3220/3883/3883
f 3437/4215/4215 3326/4036/4036 3345/4066/4066
f 3340/4057/4057 3345/4066/4066 3326/4036/4036
f 3218/3878/3878 3327/4037/4037 3217/3876/3876
f 3343/4063/4063 3217/3876/3876 3327/4037/4037
f 3327/4037/4037 3438/4216/4216 3343/4063/4063
f 3344/4064/4064 3343/4063/4063 3438/4216/4216
f 3345/4066/4066 3346/4068/4068 3437/4215/4215
f 3340/4056/4056 3220/3882/3882 3339/4054/4054
f 3339/4054/4054 3342/4061/4061 3340/4056/4056
f 3345/4067/4067 3340/4056/4056 3342/4061/4061
f 3345/4067/4067 3342/4061/4061 3439/4217/4217
f 3439/4217/4217 3432/4207/4207 3345/4067/4067
f 3432/4207/4207 3431/4204/4204 3345/4067/4067
f 3346/4069/4069 3345/4067/4067 3431/4204/4204
f 3346/4069/4069 3431/4204/4204 3325/4035/4035
f 3431/4204/4204 3312/4020/4020 3325/4035/4035
f 3311/4018/4018 3325/4035/4035 3312/4020/4020
f 3356/4082/4082 3355/4081/4081 3335/4048/4048
f 3336/4050/4050 3335/4048/4048 3355/4081/4081
f 3355/4081/4081 3356/4082/4082 3322/4031/4031
f 3323/4032/4032 3322/4031/4031 3356/4082/4082
f 3335/4048/4048 3347/4070/4070 3356/4082/4082
f 3331/4041/4041 3356/4082/4082 3347/4070/4070
f 3356/4082/4082 3331/4041/4041 3323/4032/4032
f 3364/4092/4092 3360/4086/4086 3362/4088/4088
f 3363/4090/4090 3362/4088/4088 3360/4086/4086
f 3360/4086/4086 3361/4087/4087 3363/4090/4090
f 3383/4126/4126 3363/4090/4090 3361/4087/4087
f 3360/4086/4086 3364/4092/4092 3359/4085/4085
f 3395/4144/4144 3359/4085/4085 3364/4092/4092
f 3359/4085/4085 3395/4144/4144 3375/4110/4110
f 3386/4130/4130 3375/4110/4110 3395/4144/4144
f 3386/4130/4130 3395/4144/4144 3428/4198/4198
f 3428/4198/4198 3392/4140/4140 3386/4130/4130
f 3391/4138/4138 3386/4130/4130 3392/4140/4140
f 3392/4140/4140 3376/4113/4113 3391/4138/4138
f 3369/4100/4100 3391/4138/4138 3376/4113/4113
f 3370/4104/4104 3369/4100/4100 3376/4113/4113
f 3428/4198/4198 3395/4144/4144 3429/4200/4200
f 3364/4092/4092 3429/4200/4200 3395/4144/4144
f 3364/4092/4092 3362/4088/4088 3429/4200/4200
f 3362/4088/4088 3390/4136/4136 3429/4200/4200
f 3389/4134/4134 3429/4200/4200 3390/4136/4136
f 3390/4136/4136 3388/4133/4133 3389/4134/4134
f 3378/4119/4119 3389/4134/4134 3388/4133/4133
f 3377/4117/4117 3378/4119/4119 3388/4133/4133
f 3378/4118/4118 3377/4114/4114 3376/4112/4112
f 3370/4102/4102 3376/4112/4112 3377/4114/4114
f 3376/4112/4112 3392/4141/4141 3378/4118/4118
f 3389/4135/4135 3378/4118/4118 3392/4141/4141
f 3392/4141/4141 3428/4199/4199 3389/4135/4135
f 3429/4201/4201 3389/4135/4135 3428/4199/4199
f 3370/4103/4103 3377/4115/4115 3366/4095/4095
f 3366/4095/4095 3367/4097/4097 3370/4103/4103
f 3371/4105/4105 3372/4106/4106 3384/4127/4127
f 3384/4127/4127 3222/3885/3885 3371/4105/4105
f 3221/3884/3884 3371/4105/4105 3222/3885/3885
f 3408/4163/4163 3404/4156/4156 3407/4160/4160
f 3405/4158/4158 3407/4160/4160 3404/4156/4156
f 3407/4160/4160 3417/4179/4179 3408/4163/4163
f 3415/4176/4176 3408/4163/4163 3417/4179/4179
f 3417/4179/4179 3423/4191/4191 3415/4176/4176
f 3434/4210/4210 3415/4176/4176 3423/4191/4191
f 3423/4191/4191 3424/4194/4194 3434/4210/4210
f 3433/4209/4209 3434/4210/4210 3424/4194/4194
f 3424/4194/4194 3414/4174/4174 3433/4209/4209
f 3413/4172/4172 3433/4209/4209 3414/4174/4174
f 3414/4173/4173 3398/4147/4147 3413/4171/4171
f 3354/4080/4080 3413/4171/4171 3398/4147/4147
f 3413/4171/4171 3354/4080/4080 3402/4153/4153
f 3353/4078/4078 3402/4153/4153 3354/4080/4080
f 3402/4153/4153 3421/4188/4188 3413/4171/4171
f 3433/4208/4208 3413/4171/4171 3421/4188/4188
f 3421/4188/4188 3420/4186/4186 3433/4208/4208
f 3434/4211/4211 3433/4208/4208 3420/4186/4186
f 3420/4186/4186 3416/4177/4177 3434/4211/4211
f 3415/4175/4175 3434/4211/4211 3416/4177/4177
f 3416/4177/4177 3408/4164/4164 3415/4175/4175
f 3407/4161/4161 3418/4181/4181 3417/4180/4180
f 3418/4181/4181 3419/4184/4184 3417/4180/4180
f 3423/4192/4192 3417/4180/4180 3419/4184/4184
f 3419/4184/4184 3412/4170/4170 3423/4192/4192
f 3424/4193/4193 3423/4192/4192 3412/4170/4170
f 3412/4170/4170 3422/4190/4190 3424/4193/4193
f 3414/4173/4173 3424/4193/4193 3422/4190/4190
f 3422/4190/4190 3399/4148/4148 3414/4173/4173
f 3398/4147/4147 3414/4173/4173 3399/4148/4148
f 3425/4195/4195 3397/4146/4146 3399/4149/4149
f 3273/3963/3963 3399/4149/4149 3397/4146/4146
f 3397/4146/4146 3425/4195/4195 3357/4083/4083
f 3400/4150/4150 3357/4083/4083 3425/4195/4195
f 3399/4149/4149 3422/4189/4189 3425/4195/4195
f 3411/4168/4168 3425/4195/4195 3422/4189/4189
f 3425/4195/4195 3411/4168/4168 3400/4150/4150

