mtllib G3_Object_Interact_Bookstand_01.mtl
o G3_Object_Interact_Bookstand_01_0
usemtl G3_Objects_Cabinet_01_A
v 0.000234 0.000000 0.367202
v -0.625097 0.000000 0.367202
v -0.625097 0.000000 -0.420550
v 0.000234 0.000000 -0.420550
v -0.625097 0.100000 0.367202
v -0.625097 0.000000 0.367202
v 0.000234 0.000000 0.367202
v 0.000234 0.100000 0.367202
v 0.625564 0.000000 0.367202
v 0.625564 0.000000 -0.420550
v 0.625564 0.100000 -0.420550
v 0.625564 0.100000 0.367202
v 0.625564 0.100000 -0.420550
v 0.625564 0.000000 -0.420550
v 0.000234 0.000000 -0.420550
v 0.000234 0.100000 -0.420550
v -0.625097 0.000000 -0.420550
v -0.625097 0.000000 0.367202
v -0.625097 0.100000 0.367202
v -0.625097 0.100000 -0.420550
v -0.625097 0.100000 0.367202
v 0.000234 0.100000 0.367202
v 0.000234 0.130000 0.337202
v -0.475097 0.130000 0.337202
v -0.595097 0.130000 0.337202
v 0.625564 0.100000 0.367202
v 0.625564 0.100000 -0.420550
v 0.595564 0.130000 -0.390550
v 0.595564 0.130000 -0.270550
v 0.595564 0.130000 0.217202
v 0.595564 0.130000 0.337202
v 0.625564 0.100000 -0.420550
v 0.000234 0.100000 -0.420550
v 0.000234 0.130000 -0.390550
v 0.475564 0.130000 -0.390550
v 0.595564 0.130000 -0.390550
v -0.625097 0.100000 -0.420550
v -0.625097 0.100000 0.367202
v -0.595097 0.130000 0.337202
v -0.595097 0.130000 0.217202
v -0.595097 0.130000 -0.270550
v -0.595097 0.130000 -0.390550
v 0.595564 0.130000 -0.270550
v 0.475564 0.130000 -0.270550
v 0.475564 0.130000 0.217202
v 0.595564 0.130000 0.217202
v 0.000234 0.130000 0.337202
v 0.475564 0.130000 0.337202
v 0.475564 0.130000 0.217202
v 0.000234 0.130000 0.217202
v -0.595097 0.130000 -0.270550
v -0.595097 0.130000 0.217202
v -0.475097 0.130000 0.217202
v -0.475097 0.130000 -0.270550
v 0.000234 0.130000 -0.390550
v -0.475097 0.130000 -0.390550
v -0.475097 0.130000 -0.270550
v 0.000234 0.130000 -0.270550
v 0.000234 1.479139 0.025198
v -0.557459 1.479139 0.025198
v -0.557459 1.479139 0.306093
v 0.000234 1.479139 0.306093
v 0.000234 1.090792 -0.442391
v 0.647406 1.090792 -0.442391
v 0.647406 1.053481 -0.442391
v 0.000234 1.053481 -0.442391
v 0.647406 1.090791 0.389044
v 0.647406 1.053481 0.389044
v 0.647406 1.053481 -0.442391
v 0.647406 1.090792 -0.442391
v 0.000234 1.090791 0.389044
v -0.646938 1.090791 0.389044
v -0.646938 1.053481 0.389044
v 0.000234 1.053481 0.389044
v -0.646938 1.090792 -0.442391
v -0.646938 1.053481 -0.442391
v -0.646938 1.053481 0.389044
v -0.646938 1.090791 0.389044
v -0.625097 0.990792 -0.420550
v 0.000234 0.990792 -0.420550
v 0.000234 0.960791 -0.390550
v -0.475097 0.960791 -0.390550
v -0.595097 0.960791 -0.390550
v 0.625564 0.990792 -0.420550
v 0.625564 0.990791 0.367202
v 0.595564 0.960791 0.337202
v 0.595564 0.960791 0.217202
v 0.595564 0.960791 -0.270550
v 0.595564 0.960791 -0.390550
v 0.625564 0.990791 0.367202
v 0.000234 0.990791 0.367202
v 0.000234 0.960791 0.337202
v 0.475564 0.960791 0.337202
v 0.595564 0.960791 0.337202
v -0.625097 0.990791 0.367202
v -0.625097 0.990792 -0.420550
v -0.595097 0.960791 -0.390550
v -0.595097 0.960791 -0.270550
v -0.595097 0.960791 0.217202
v -0.595097 0.960791 0.337202
v 0.595564 0.960791 0.217202
v 0.475564 0.960791 0.217202
v 0.475564 0.960791 -0.270550
v 0.595564 0.960791 -0.270550
v 0.000234 0.960791 -0.390550
v 0.475564 0.960791 -0.390550
v 0.000234 0.960791 -0.270550
v -0.595097 0.960791 0.217202
v -0.595097 0.960791 -0.270550
v -0.475097 0.960791 -0.270550
v -0.475097 0.960791 0.217202
v 0.000234 0.960791 0.337202
v -0.475097 0.960791 0.337202
v 0.000234 0.960791 0.217202
v 0.000234 0.960791 0.217202
v -0.475097 0.960791 0.217202
v -0.475097 0.960791 -0.270550
v 0.000234 0.960791 -0.270550
v 0.625564 1.020663 -0.420550
v 0.625564 0.990792 -0.420550
v 0.000234 0.990792 -0.420550
v 0.000234 1.020663 -0.420550
v 0.625564 0.990791 0.367202
v 0.625564 0.990792 -0.420550
v 0.625564 1.020663 -0.420550
v 0.625564 1.020663 0.367202
v -0.625097 1.020663 0.367202
v -0.625097 0.990791 0.367202
v 0.000234 0.990791 0.367202
v 0.000234 1.020663 0.367202
v -0.625097 0.990792 -0.420550
v -0.625097 0.990791 0.367202
v -0.625097 1.020663 0.367202
v -0.625097 1.020663 -0.420550
v 0.636485 1.053481 -0.431470
v 0.636485 1.020663 -0.431470
v 0.000234 1.020663 -0.431470
v 0.000234 1.053481 -0.431470
v 0.636485 1.020663 0.378123
v 0.636485 1.020663 -0.431470
v 0.636485 1.053481 -0.431470
v 0.636485 1.053481 0.378123
v -0.636018 1.053481 0.378123
v -0.636018 1.020663 0.378123
v 0.000234 1.020663 0.378123
v 0.000234 1.053481 0.378123
v -0.636018 1.020663 -0.431470
v -0.636018 1.020663 0.378123
v -0.636018 1.053481 0.378123
v -0.636018 1.053481 -0.431470
v -0.588564 1.428614 0.297669
v -0.588564 1.428614 0.002147
v -0.595981 1.150229 -0.286466
v -0.595981 1.150229 0.305086
v 0.000234 1.137220 -0.378784
v 0.000234 1.489139 -0.024802
v 0.607926 1.489139 -0.024802
v 0.617302 1.137220 -0.378784
v 0.589031 1.428614 0.002147
v 0.589032 1.428614 0.297669
v 0.596448 1.150229 0.305086
v 0.596448 1.150229 -0.286466
v 0.000234 1.150243 0.345114
v 0.556920 1.150243 0.345114
v 0.549503 1.428627 0.337698
v 0.000234 1.428627 0.337698
v 0.000234 1.020663 -0.431470
v 0.636485 1.020663 -0.431470
v 0.625564 1.020663 -0.420550
v 0.000234 1.020663 -0.420550
v -0.625097 1.020663 -0.420550
v -0.625097 1.020663 0.367202
v -0.636018 1.020663 0.378123
v -0.636018 1.020663 -0.431470
v 0.000234 1.020663 0.378123
v 0.000234 1.020663 0.367202
v 0.625564 1.020663 0.367202
v 0.636485 1.020663 0.378123
v 0.000234 1.053481 -0.442391
v 0.647406 1.053481 -0.442391
v 0.636485 1.053481 -0.431470
v 0.000234 1.053481 -0.431470
v -0.636018 1.053481 -0.431470
v -0.636018 1.053481 0.378123
v -0.646938 1.053481 0.389044
v -0.646938 1.053481 -0.442391
v 0.000234 1.053481 0.389044
v 0.000234 1.053481 0.378123
v 0.636485 1.053481 0.378123
v 0.647406 1.053481 0.389044
v -0.618071 1.090797 0.366705
v -0.618071 1.090797 -0.420052
v -0.646938 1.090792 -0.442391
v -0.646938 1.090791 0.389044
v 0.000234 1.090792 -0.442391
v 0.000234 1.090797 -0.420052
v 0.618539 1.090797 -0.420052
v 0.618539 1.090797 0.366705
v 0.647406 1.090791 0.389044
v 0.647406 1.090792 -0.442391
v 0.000234 1.090791 0.389044
v 0.000234 1.090797 0.366705
v 0.475564 0.130000 0.337202
v 0.595564 0.130000 0.337202
v 0.595564 0.249851 0.337202
v 0.475564 0.249851 0.337202
v 0.595564 0.130000 0.337202
v 0.595564 0.130000 0.217202
v 0.595564 0.249851 0.217202
v 0.595564 0.249851 0.337202
v 0.595564 0.130000 0.217202
v 0.475564 0.130000 0.217202
v 0.475565 0.249851 0.217202
v 0.595564 0.249851 0.217202
v 0.475564 0.130000 0.217202
v 0.475564 0.130000 0.337202
v 0.475564 0.249851 0.337202
v 0.475565 0.249851 0.217202
v 0.489057 0.790590 0.315750
v 0.489057 0.302139 0.315750
v 0.570173 0.302139 0.315989
v 0.570173 0.790590 0.315989
v 0.570173 0.790590 0.315989
v 0.570173 0.302139 0.315989
v 0.570173 0.302139 0.238416
v 0.570173 0.790590 0.238416
v 0.570173 0.790590 0.238416
v 0.570173 0.302139 0.238416
v 0.489057 0.302139 0.238168
v 0.489057 0.790590 0.238168
v 0.489057 0.790590 0.238168
v 0.489057 0.302139 0.238168
v 0.489057 0.302139 0.315750
v 0.489057 0.790590 0.315750
v 0.475564 0.847215 0.337202
v 0.489057 0.790590 0.315750
v 0.570173 0.790590 0.315989
v 0.595564 0.847215 0.337202
v 0.595564 0.847215 0.337202
v 0.570173 0.790590 0.315989
v 0.570173 0.790590 0.238416
v 0.595564 0.847215 0.217202
v 0.595564 0.847215 0.217202
v 0.570173 0.790590 0.238416
v 0.489057 0.790590 0.238168
v 0.475565 0.847215 0.217202
v 0.475565 0.847215 0.217202
v 0.489057 0.790590 0.238168
v 0.489057 0.790590 0.315750
v 0.475564 0.847215 0.337202
v 0.475564 0.960791 0.337202
v 0.475564 0.847215 0.337202
v 0.595564 0.847215 0.337202
v 0.595564 0.960791 0.337202
v 0.595564 0.960791 0.337202
v 0.595564 0.847215 0.337202
v 0.595564 0.847215 0.217202
v 0.595564 0.960791 0.217202
v 0.595564 0.960791 0.217202
v 0.595564 0.847215 0.217202
v 0.475565 0.847215 0.217202
v 0.475564 0.960791 0.217202
v 0.475564 0.960791 0.217202
v 0.475565 0.847215 0.217202
v 0.475564 0.847215 0.337202
v 0.475564 0.960791 0.337202
v 0.489057 0.302139 0.315750
v 0.475564 0.249851 0.337202
v 0.595564 0.249851 0.337202
v 0.570173 0.302139 0.315989
v 0.570173 0.302139 0.315989
v 0.595564 0.249851 0.337202
v 0.595564 0.249851 0.217202
v 0.570173 0.302139 0.238416
v 0.570173 0.302139 0.238416
v 0.595564 0.249851 0.217202
v 0.475565 0.249851 0.217202
v 0.489057 0.302139 0.238168
v 0.489057 0.302139 0.238168
v 0.475565 0.249851 0.217202
v 0.475564 0.249851 0.337202
v 0.489057 0.302139 0.315750
v -0.475097 0.960791 0.217202
v -0.475097 0.960791 -0.270550
v -0.475097 0.130000 -0.270550
v -0.475097 0.130000 0.217202
v -0.335097 0.820791 0.177202
v -0.335097 0.270000 0.177202
v 0.000234 0.270000 0.177202
v 0.000234 0.820791 0.177202
v 0.475564 0.960791 -0.270550
v 0.475564 0.960791 0.217202
v 0.475564 0.130000 0.217202
v 0.475564 0.130000 -0.270550
v 0.335564 0.820791 -0.230550
v 0.335564 0.270000 -0.230550
v 0.000234 0.270000 -0.230550
v 0.000234 0.820791 -0.230550
v 0.417178 1.177083 -0.423627
v 0.418014 1.130660 -0.464896
v 0.000234 1.130660 -0.464896
v 0.000234 1.177083 -0.423627
v 0.552136 1.110729 -0.442474
v 0.618539 1.090797 -0.420052
v 0.000234 1.090797 -0.420052
v 0.000234 1.110729 -0.442474
v -0.618071 1.090797 -0.420052
v -0.616835 1.137220 -0.378784
v -0.550565 1.157152 -0.401206
v -0.551669 1.110729 -0.442474
v -0.550565 1.157152 -0.401206
v -0.616835 1.137220 -0.378784
v 0.000234 1.137220 -0.378784
v 0.000234 1.157152 -0.401206
v 0.617302 1.137220 -0.378784
v 0.618539 1.090797 -0.420052
v 0.552136 1.110729 -0.442474
v 0.551033 1.157152 -0.401206
v 0.418014 1.130660 -0.464896
v 0.000234 1.130660 -0.464896
v -0.551669 1.110729 -0.442474
v -0.550565 1.157152 -0.401206
v -0.416711 1.177083 -0.423627
v -0.417547 1.130660 -0.464896
v -0.416711 1.177083 -0.423627
v 0.000234 1.177083 -0.423627
v 0.551033 1.157152 -0.401206
v 0.552136 1.110729 -0.442474
v 0.418014 1.130660 -0.464896
v 0.417178 1.177083 -0.423627
v 0.607926 1.489139 -0.024802
v 0.607926 1.489139 0.356093
v 0.608725 1.459149 0.326881
v 0.608725 1.459150 -0.011328
v 0.618539 1.090797 0.366705
v 0.617740 1.120786 0.335895
v 0.618539 1.090797 -0.420052
v 0.617740 1.120786 -0.353259
v 0.617302 1.137220 -0.378784
v -0.607459 1.489139 0.356093
v -0.607459 1.489139 -0.024802
v -0.608258 1.459150 -0.011328
v -0.608258 1.459149 0.326881
v -0.616835 1.137220 -0.378784
v -0.617272 1.120786 -0.353259
v -0.618071 1.090797 -0.420052
v -0.618071 1.090797 0.366705
v -0.617272 1.120786 0.335895
v 0.608725 1.459150 -0.011328
v 0.608725 1.459149 0.326881
v 0.589032 1.428614 0.297669
v 0.589031 1.428614 0.002147
v 0.608725 1.459149 0.326881
v 0.617740 1.120786 0.335895
v 0.596448 1.150229 0.305086
v 0.589032 1.428614 0.297669
v 0.617740 1.120786 0.335895
v 0.617740 1.120786 -0.353259
v 0.596448 1.150229 -0.286466
v 0.596448 1.150229 0.305086
v 0.617740 1.120786 -0.353259
v 0.608725 1.459150 -0.011328
v 0.589031 1.428614 0.002147
v 0.596448 1.150229 -0.286466
v -0.608258 1.459149 0.326881
v -0.608258 1.459150 -0.011328
v -0.588564 1.428614 0.002147
v -0.588564 1.428614 0.297669
v -0.608258 1.459150 -0.011328
v -0.617272 1.120786 -0.353259
v -0.595981 1.150229 -0.286466
v -0.588564 1.428614 0.002147
v -0.617272 1.120786 -0.353259
v -0.617272 1.120786 0.335895
v -0.595981 1.150229 0.305086
v -0.595981 1.150229 -0.286466
v -0.617272 1.120786 0.335895
v -0.608258 1.459149 0.326881
v -0.588564 1.428614 0.297669
v -0.595981 1.150229 0.305086
v 0.578714 1.459149 0.356891
v 0.607926 1.489139 0.356093
v 0.000234 1.489139 0.356093
v 0.000234 1.459149 0.356891
v -0.607459 1.489139 0.356093
v -0.618071 1.090797 0.366705
v -0.587262 1.120786 0.365906
v -0.578247 1.459149 0.356891
v 0.000234 1.090797 0.366705
v 0.000234 1.120786 0.365906
v 0.618539 1.090797 0.366705
v 0.587729 1.120786 0.365906
v 0.549503 1.428627 0.337698
v 0.578714 1.459149 0.356891
v 0.000234 1.459149 0.356891
v 0.000234 1.428627 0.337698
v -0.578247 1.459149 0.356891
v -0.587262 1.120786 0.365906
v -0.556452 1.150243 0.345114
v -0.549036 1.428627 0.337698
v -0.556452 1.150243 0.345114
v -0.587262 1.120786 0.365906
v 0.000234 1.120786 0.365906
v 0.000234 1.150243 0.345114
v 0.587729 1.120786 0.365906
v 0.578714 1.459149 0.356891
v 0.549503 1.428627 0.337698
v 0.556920 1.150243 0.345114
v -0.607459 1.489139 -0.024802
v -0.607459 1.489139 0.356093
v -0.577459 1.489139 0.326093
v -0.577459 1.489139 0.005198
v 0.000234 1.489139 0.356093
v 0.000234 1.489139 0.326093
v 0.607926 1.489139 0.356093
v 0.607926 1.489139 -0.024802
v 0.577926 1.489139 0.005198
v 0.577926 1.489139 0.326093
v 0.000234 1.489139 -0.024802
v 0.000234 1.489139 0.005198
v -0.577459 1.489139 0.005198
v -0.577459 1.489139 0.326093
v -0.557459 1.479139 0.306093
v -0.557459 1.479139 0.025198
v -0.557459 1.479139 0.306093
v -0.577459 1.489139 0.326093
v 0.000234 1.489139 0.326093
v 0.000234 1.479139 0.306093
v 0.577926 1.489139 0.326093
v 0.577926 1.489139 0.005198
v 0.557926 1.479139 0.025198
v 0.557926 1.479139 0.306093
v 0.557926 1.479139 0.025198
v 0.577926 1.489139 0.005198
v 0.000234 1.489139 0.005198
v 0.000234 1.479139 0.025198
v -0.595097 0.130000 0.337202
v -0.475097 0.130000 0.337202
v -0.475097 0.249851 0.337202
v -0.595097 0.249851 0.337202
v -0.475097 0.130000 0.337202
v -0.475097 0.130000 0.217202
v -0.475097 0.249851 0.217202
v -0.475097 0.249851 0.337202
v -0.475097 0.130000 0.217202
v -0.595097 0.130000 0.217202
v -0.595097 0.249851 0.217202
v -0.475097 0.249851 0.217202
v -0.595097 0.130000 0.217202
v -0.595097 0.130000 0.337202
v -0.595097 0.249851 0.337202
v -0.595097 0.249851 0.217202
v -0.581605 0.790590 0.315750
v -0.581605 0.302139 0.315750
v -0.500489 0.302139 0.315989
v -0.500489 0.790590 0.315989
v -0.500489 0.790590 0.315989
v -0.500489 0.302139 0.315989
v -0.500489 0.302139 0.238416
v -0.500489 0.790590 0.238416
v -0.500489 0.790590 0.238416
v -0.500489 0.302139 0.238416
v -0.581604 0.302139 0.238168
v -0.581604 0.790590 0.238168
v -0.581604 0.790590 0.238168
v -0.581604 0.302139 0.238168
v -0.581605 0.302139 0.315750
v -0.581605 0.790590 0.315750
v -0.595097 0.847215 0.337202
v -0.581605 0.790590 0.315750
v -0.500489 0.790590 0.315989
v -0.475097 0.847215 0.337202
v -0.475097 0.847215 0.337202
v -0.500489 0.790590 0.315989
v -0.500489 0.790590 0.238416
v -0.475097 0.847215 0.217202
v -0.475097 0.847215 0.217202
v -0.500489 0.790590 0.238416
v -0.581604 0.790590 0.238168
v -0.595097 0.847215 0.217202
v -0.595097 0.847215 0.217202
v -0.581604 0.790590 0.238168
v -0.581605 0.790590 0.315750
v -0.595097 0.847215 0.337202
v -0.595097 0.960791 0.337202
v -0.595097 0.847215 0.337202
v -0.475097 0.847215 0.337202
v -0.475097 0.960791 0.337202
v -0.475097 0.960791 0.337202
v -0.475097 0.847215 0.337202
v -0.475097 0.847215 0.217202
v -0.475097 0.960791 0.217202
v -0.475097 0.960791 0.217202
v -0.475097 0.847215 0.217202
v -0.595097 0.847215 0.217202
v -0.595097 0.960791 0.217202
v -0.595097 0.960791 0.217202
v -0.595097 0.847215 0.217202
v -0.595097 0.847215 0.337202
v -0.595097 0.960791 0.337202
v -0.581605 0.302139 0.315750
v -0.595097 0.249851 0.337202
v -0.475097 0.249851 0.337202
v -0.500489 0.302139 0.315989
v -0.500489 0.302139 0.315989
v -0.475097 0.249851 0.337202
v -0.475097 0.249851 0.217202
v -0.500489 0.302139 0.238416
v -0.500489 0.302139 0.238416
v -0.475097 0.249851 0.217202
v -0.595097 0.249851 0.217202
v -0.581604 0.302139 0.238168
v -0.581604 0.302139 0.238168
v -0.595097 0.249851 0.217202
v -0.595097 0.249851 0.337202
v -0.581605 0.302139 0.315750
v 0.475564 0.130000 -0.270550
v 0.595564 0.130000 -0.270550
v 0.595564 0.249851 -0.270550
v 0.475564 0.249851 -0.270550
v 0.595564 0.130000 -0.270550
v 0.595564 0.130000 -0.390550
v 0.595564 0.249851 -0.390550
v 0.595564 0.249851 -0.270550
v 0.595564 0.130000 -0.390550
v 0.475564 0.130000 -0.390550
v 0.475564 0.249851 -0.390550
v 0.595564 0.249851 -0.390550
v 0.475564 0.130000 -0.390550
v 0.475564 0.130000 -0.270550
v 0.475564 0.249851 -0.270550
v 0.475564 0.249851 -0.390550
v 0.489057 0.790590 -0.292003
v 0.489057 0.302139 -0.292003
v 0.570172 0.302139 -0.291764
v 0.570172 0.790590 -0.291764
v 0.570172 0.790590 -0.291764
v 0.570172 0.302139 -0.291764
v 0.570172 0.302139 -0.369336
v 0.570172 0.790590 -0.369336
v 0.570172 0.790590 -0.369336
v 0.570172 0.302139 -0.369336
v 0.489057 0.302139 -0.369585
v 0.489057 0.790590 -0.369585
v 0.489057 0.790590 -0.369585
v 0.489057 0.302139 -0.369585
v 0.489057 0.302139 -0.292003
v 0.489057 0.790590 -0.292003
v 0.475564 0.847215 -0.270550
v 0.489057 0.790590 -0.292003
v 0.570172 0.790590 -0.291764
v 0.595564 0.847215 -0.270550
v 0.595564 0.847215 -0.270550
v 0.570172 0.790590 -0.291764
v 0.570172 0.790590 -0.369336
v 0.595564 0.847215 -0.390550
v 0.595564 0.847215 -0.390550
v 0.570172 0.790590 -0.369336
v 0.489057 0.790590 -0.369585
v 0.475564 0.847215 -0.390550
v 0.475564 0.847215 -0.390550
v 0.489057 0.790590 -0.369585
v 0.489057 0.790590 -0.292003
v 0.475564 0.847215 -0.270550
v 0.475564 0.960791 -0.270550
v 0.475564 0.847215 -0.270550
v 0.595564 0.847215 -0.270550
v 0.595564 0.960791 -0.270550
v 0.595564 0.960791 -0.270550
v 0.595564 0.847215 -0.270550
v 0.595564 0.847215 -0.390550
v 0.595564 0.960791 -0.390550
v 0.595564 0.960791 -0.390550
v 0.595564 0.847215 -0.390550
v 0.475564 0.847215 -0.390550
v 0.475564 0.960791 -0.390550
v 0.475564 0.960791 -0.390550
v 0.475564 0.847215 -0.390550
v 0.475564 0.847215 -0.270550
v 0.475564 0.960791 -0.270550
v 0.489057 0.302139 -0.292003
v 0.475564 0.249851 -0.270550
v 0.595564 0.249851 -0.270550
v 0.570172 0.302139 -0.291764
v 0.570172 0.302139 -0.291764
v 0.595564 0.249851 -0.270550
v 0.595564 0.249851 -0.390550
v 0.570172 0.302139 -0.369336
v 0.570172 0.302139 -0.369336
v 0.595564 0.249851 -0.390550
v 0.475564 0.249851 -0.390550
v 0.489057 0.302139 -0.369585
v 0.489057 0.302139 -0.369585
v 0.475564 0.249851 -0.390550
v 0.475564 0.249851 -0.270550
v 0.489057 0.302139 -0.292003
v -0.595097 0.130000 -0.270550
v -0.475097 0.130000 -0.270550
v -0.475097 0.249851 -0.270550
v -0.595097 0.249851 -0.270550
v -0.475097 0.130000 -0.270550
v -0.475097 0.130000 -0.390550
v -0.475097 0.249851 -0.390550
v -0.475097 0.249851 -0.270550
v -0.475097 0.130000 -0.390550
v -0.595097 0.130000 -0.390550
v -0.595097 0.249851 -0.390550
v -0.475097 0.249851 -0.390550
v -0.595097 0.130000 -0.390550
v -0.595097 0.130000 -0.270550
v -0.595097 0.249851 -0.270550
v -0.595097 0.249851 -0.390550
v -0.581605 0.790590 -0.292003
v -0.581605 0.302139 -0.292003
v -0.500489 0.302139 -0.291764
v -0.500489 0.790590 -0.291764
v -0.500489 0.790590 -0.291764
v -0.500489 0.302139 -0.291764
v -0.500489 0.302139 -0.369336
v -0.500489 0.790590 -0.369336
v -0.500489 0.790590 -0.369336
v -0.500489 0.302139 -0.369336
v -0.581604 0.302139 -0.369585
v -0.581604 0.790590 -0.369585
v -0.581604 0.790590 -0.369585
v -0.581604 0.302139 -0.369585
v -0.581605 0.302139 -0.292003
v -0.581605 0.790590 -0.292003
v -0.595097 0.847215 -0.270550
v -0.581605 0.790590 -0.292003
v -0.500489 0.790590 -0.291764
v -0.475097 0.847215 -0.270550
v -0.475097 0.847215 -0.270550
v -0.500489 0.790590 -0.291764
v -0.500489 0.790590 -0.369336
v -0.475097 0.847215 -0.390550
v -0.475097 0.847215 -0.390550
v -0.500489 0.790590 -0.369336
v -0.581604 0.790590 -0.369585
v -0.595097 0.847215 -0.390550
v -0.595097 0.847215 -0.390550
v -0.581604 0.790590 -0.369585
v -0.581605 0.790590 -0.292003
v -0.595097 0.847215 -0.270550
v -0.595097 0.960791 -0.270550
v -0.595097 0.847215 -0.270550
v -0.475097 0.847215 -0.270550
v -0.475097 0.960791 -0.270550
v -0.475097 0.960791 -0.270550
v -0.475097 0.847215 -0.270550
v -0.475097 0.847215 -0.390550
v -0.475097 0.960791 -0.390550
v -0.475097 0.960791 -0.390550
v -0.475097 0.847215 -0.390550
v -0.595097 0.847215 -0.390550
v -0.595097 0.960791 -0.390550
v -0.595097 0.960791 -0.390550
v -0.595097 0.847215 -0.390550
v -0.595097 0.847215 -0.270550
v -0.595097 0.960791 -0.270550
v -0.581605 0.302139 -0.292003
v -0.595097 0.249851 -0.270550
v -0.475097 0.249851 -0.270550
v -0.500489 0.302139 -0.291764
v -0.500489 0.302139 -0.291764
v -0.475097 0.249851 -0.270550
v -0.475097 0.249851 -0.390550
v -0.500489 0.302139 -0.369336
v -0.500489 0.302139 -0.369336
v -0.475097 0.249851 -0.390550
v -0.595097 0.249851 -0.390550
v -0.581604 0.302139 -0.369585
v -0.581604 0.302139 -0.369585
v -0.595097 0.249851 -0.390550
v -0.595097 0.249851 -0.270550
v -0.581605 0.302139 -0.292003
v 0.375564 0.860791 0.217202
v 0.475564 0.960791 0.217202
v 0.000234 0.960791 0.217202
v 0.000234 0.860791 0.217202
v -0.475097 0.960791 0.217202
v -0.475097 0.130000 0.217202
v -0.375097 0.230000 0.217202
v -0.375097 0.860791 0.217202
v 0.000234 0.130000 0.217202
v 0.000234 0.230000 0.217202
v 0.475564 0.130000 0.217202
v 0.375564 0.230000 0.217202
v -0.375097 0.860791 -0.270550
v -0.475097 0.960791 -0.270550
v 0.000234 0.960791 -0.270550
v 0.000234 0.860791 -0.270550
v 0.475564 0.960791 -0.270550
v 0.475564 0.130000 -0.270550
v 0.375564 0.230000 -0.270550
v 0.375564 0.860791 -0.270550
v 0.000234 0.130000 -0.270550
v 0.000234 0.230000 -0.270550
v -0.475097 0.130000 -0.270550
v -0.375097 0.230000 -0.270550
v 0.335564 0.820791 0.177202
v 0.375564 0.860791 0.217202
v 0.000234 0.860791 0.217202
v 0.000234 0.820791 0.177202
v -0.375097 0.860791 0.217202
v -0.375097 0.230000 0.217202
v -0.335097 0.270000 0.177202
v -0.335097 0.820791 0.177202
v -0.335097 0.270000 0.177202
v -0.375097 0.230000 0.217202
v 0.000234 0.230000 0.217202
v 0.000234 0.270000 0.177202
v 0.375564 0.230000 0.217202
v 0.375564 0.860791 0.217202
v 0.335564 0.820791 0.177202
v 0.335564 0.270000 0.177202
v -0.335097 0.820791 -0.230550
v -0.375097 0.860791 -0.270550
v 0.000234 0.860791 -0.270550
v 0.000234 0.820791 -0.230550
v 0.375564 0.860791 -0.270550
v 0.375564 0.230000 -0.270550
v 0.335564 0.270000 -0.230550
v 0.335564 0.820791 -0.230550
v 0.335564 0.270000 -0.230550
v 0.375564 0.230000 -0.270550
v 0.000234 0.230000 -0.270550
v 0.000234 0.270000 -0.230550
v -0.375097 0.230000 -0.270550
v -0.375097 0.860791 -0.270550
v -0.335097 0.820791 -0.230550
v -0.335097 0.270000 -0.230550
v 0.625564 0.000000 -0.420550
v 0.625564 0.000000 0.367202
v -0.625097 0.000000 -0.420550
v -0.625097 0.100000 -0.420550
v 0.625564 0.000000 0.367202
v 0.625564 0.100000 0.367202
v 0.625564 0.100000 0.367202
v 0.595564 0.130000 0.337202
v 0.475564 0.130000 0.337202
v -0.625097 0.100000 -0.420550
v -0.595097 0.130000 -0.390550
v -0.475097 0.130000 -0.390550
v -0.475097 0.130000 0.217202
v -0.475097 0.130000 0.337202
v 0.475564 0.130000 -0.270550
v 0.475564 0.130000 -0.390550
v 0.557926 1.479139 0.306093
v 0.557926 1.479139 0.025198
v 0.557926 1.479139 0.306093
v 0.577926 1.489139 0.326093
v -0.557459 1.479139 0.025198
v -0.577459 1.489139 0.005198
v -0.646938 1.053481 -0.442391
v -0.646938 1.090792 -0.442391
v 0.647406 1.053481 0.389044
v 0.647406 1.090791 0.389044
v 0.625564 0.990792 -0.420550
v 0.595564 0.960791 -0.390550
v 0.475564 0.960791 -0.390550
v -0.625097 0.990792 -0.420550
v -0.625097 1.020663 -0.420550
v -0.475097 0.960791 -0.390550
v -0.625097 0.990791 0.367202
v -0.595097 0.960791 0.337202
v -0.475097 0.960791 0.337202
v 0.625564 0.990791 0.367202
v 0.625564 1.020663 0.367202
v 0.475564 0.960791 0.337202
v 0.475564 0.960791 -0.270550
v 0.475564 0.960791 0.217202
v -0.636018 1.020663 -0.431470
v -0.636018 1.053481 -0.431470
v 0.636485 1.020663 0.378123
v 0.636485 1.053481 0.378123
v -0.607459 1.489139 -0.024802
v -0.616835 1.137220 -0.378784
v 0.551033 1.157152 -0.401206
v 0.617302 1.137220 -0.378784
v -0.549036 1.428627 0.337698
v -0.556452 1.150243 0.345114
v -0.549036 1.428627 0.337698
v -0.578247 1.459149 0.356891
v 0.556920 1.150243 0.345114
v 0.587729 1.120786 0.365906
v -0.551669 1.110729 -0.442474
v -0.618071 1.090797 -0.420052
v 0.335564 0.270000 0.177202
v 0.335564 0.820791 0.177202
v 0.335564 0.270000 0.177202
v 0.375564 0.230000 0.217202
v -0.335097 0.820791 0.177202
v -0.375097 0.860791 0.217202
v -0.335097 0.270000 -0.230550
v -0.335097 0.820791 -0.230550
v -0.335097 0.270000 -0.230550
v -0.375097 0.230000 -0.270550
v 0.335564 0.820791 -0.230550
v 0.375564 0.860791 -0.270550
v -0.417547 1.130660 -0.464896
v -0.416711 1.177083 -0.423627
v -0.417547 1.130660 -0.464896
v 0.417178 1.177083 -0.423627
v -0.646938 1.053481 0.389044
v -0.646938 1.053481 0.389044
v -0.646938 1.053481 -0.442391
v -0.646938 1.053481 -0.442391
v -0.646938 1.090792 -0.442391
v -0.636018 1.053481 0.378123
v -0.636018 1.053481 0.378123
v -0.636018 1.053481 -0.431470
v -0.625097 0.000000 -0.420550
v -0.625097 0.990792 -0.420550
v -0.625097 1.020663 0.367202
v -0.625097 1.020663 0.367202
v -0.617272 1.120786 -0.353259
v -0.595097 0.130000 0.217202
v -0.595097 0.130000 -0.270550
v -0.595097 0.130000 -0.390550
v -0.595097 0.130000 -0.390550
v -0.595097 0.960791 0.337202
v -0.595097 0.960791 0.337202
v -0.595097 0.960791 0.217202
v -0.595097 0.960791 0.217202
v -0.595097 0.847215 0.217202
v -0.595097 0.847215 -0.390550
v -0.581605 0.302139 0.315750
v -0.581605 0.302139 -0.292003
v -0.581604 0.790590 0.238168
v -0.581604 0.790590 -0.369585
v -0.551669 1.110729 -0.442474
v -0.550565 1.157152 -0.401206
v -0.500489 0.790590 0.315989
v -0.500489 0.790590 0.238416
v -0.500489 0.790590 -0.291764
v -0.500489 0.790590 -0.369336
v -0.475097 0.130000 0.337202
v -0.475097 0.130000 -0.270550
v -0.475097 0.130000 -0.390550
v -0.475097 0.130000 -0.390550
v -0.475097 0.847215 0.337202
v -0.475097 0.847215 0.217202
v -0.475097 0.847215 -0.270550
v -0.475097 0.847215 -0.390550
v -0.475097 0.960791 0.337202
v -0.475097 0.960791 0.217202
v -0.475097 0.960791 0.217202
v -0.475097 0.960791 -0.270550
v -0.475097 0.960791 -0.270550
v -0.475097 0.960791 -0.390550
v -0.475097 0.960791 -0.390550
v 0.000234 0.100000 0.367202
v 0.000234 0.100000 -0.420550
v 0.000234 0.100000 -0.420550
v 0.000234 0.960791 0.217202
v 0.000234 0.960791 0.217202
v 0.000234 0.960791 -0.270550
v 0.000234 1.020663 0.367202
v 0.000234 1.020663 -0.420550
v 0.000234 1.020663 -0.420550
v 0.000234 1.053481 0.378123
v 0.000234 1.053481 0.378123
v 0.000234 1.053481 -0.431470
v 0.000234 1.090797 0.366705
v 0.000234 1.090797 0.366705
v 0.000234 1.090797 -0.420052
v 0.000234 1.110729 -0.442474
v 0.000234 1.120786 0.365906
v 0.000234 1.120786 0.365906
v 0.000234 1.130660 -0.464896
v 0.000234 1.130660 -0.464896
v 0.000234 1.137220 -0.378784
v 0.000234 1.137220 -0.378784
v 0.000234 1.137220 -0.378784
v 0.000234 1.150243 0.345114
v 0.000234 1.150243 0.345114
v 0.000234 1.157152 -0.401206
v 0.000234 1.177083 -0.423627
v 0.000234 1.177083 -0.423627
v 0.000234 1.428627 0.337698
v 0.000234 1.428627 0.337698
v 0.000234 1.459149 0.356891
v 0.000234 1.459149 0.356891
v 0.000234 1.479139 0.306093
v 0.000234 1.479139 0.306093
v 0.000234 1.479139 0.025198
v 0.000234 1.479139 0.025198
v 0.000234 1.489139 0.356093
v 0.000234 1.489139 0.356093
v 0.000234 1.489139 0.326093
v 0.000234 1.489139 0.326093
v 0.000234 1.489139 0.005198
v 0.000234 1.489139 0.005198
v 0.000234 1.489139 -0.024802
v 0.000234 1.489139 -0.024802
v 0.000234 1.489139 -0.024802
v 0.418014 1.130660 -0.464896
v 0.418014 1.130660 -0.464896
v 0.475564 0.130000 0.337202
v 0.475564 0.130000 0.217202
v 0.475564 0.130000 0.217202
v 0.475564 0.130000 -0.270550
v 0.475564 0.847215 -0.390550
v 0.475564 0.960791 0.217202
v 0.475564 0.960791 0.217202
v 0.475564 0.960791 -0.270550
v 0.475564 0.960791 -0.270550
v 0.475564 0.960791 -0.270550
v 0.475564 0.960791 -0.390550
v 0.475564 0.960791 -0.390550
v 0.475565 0.847215 0.217202
v 0.489057 0.302139 -0.292003
v 0.489057 0.302139 0.315750
v 0.489057 0.790590 -0.369585
v 0.489057 0.790590 0.238168
v 0.551033 1.157152 -0.401206
v 0.552136 1.110729 -0.442474
v 0.557926 1.479139 0.306093
v 0.557926 1.479139 0.025198
v 0.570172 0.790590 -0.291764
v 0.570172 0.790590 -0.369336
v 0.570173 0.790590 0.315989
v 0.570173 0.790590 0.238416
v 0.595564 0.847215 -0.270550
v 0.595564 0.847215 -0.390550
v 0.595564 0.130000 0.337202
v 0.595564 0.130000 0.337202
v 0.595564 0.130000 -0.270550
v 0.595564 0.847215 0.337202
v 0.595564 0.847215 0.217202
v 0.595564 0.960791 0.217202
v 0.595564 0.960791 -0.390550
v 0.595564 0.960791 -0.390550
v 0.607926 1.489139 0.356093
v 0.617302 1.137220 -0.378784
v 0.617740 1.120786 -0.353259
v 0.618539 1.090797 -0.420052
v 0.625564 0.100000 0.367202
v 0.625564 0.100000 -0.420550
v 0.625564 0.990792 -0.420550
v 0.625564 1.020663 -0.420550
v 0.625564 1.020663 -0.420550
v 0.636485 1.020663 0.378123
v 0.636485 1.053481 -0.431470
v 0.647406 1.053481 0.389044
v 0.647406 1.053481 0.389044
v 0.647406 1.053481 -0.442391
vt 0.386123 0.255147
vt 0.386123 0.011866
vt 0.079653 0.011866
vt 0.079653 0.255147
vt 0.549664 0.998004
vt 0.549664 0.954958
vt 0.749674 0.954958
vt 0.749674 0.998004
vt 0.549720 0.954958
vt 0.949628 0.954958
vt 0.949628 0.998004
vt 0.549720 0.998004
vt 0.549664 0.998004
vt 0.549664 0.954958
vt 0.749674 0.954958
vt 0.749674 0.998004
vt 0.549720 0.954958
vt 0.949628 0.954958
vt 0.949628 0.998004
vt 0.549720 0.998004
vt 0.386123 0.011866
vt 0.386123 0.255147
vt 0.374452 0.255147
vt 0.374452 0.070223
vt 0.374452 0.023537
vt 0.386124 0.498429
vt 0.079653 0.498429
vt 0.091324 0.486758
vt 0.138010 0.486758
vt 0.327767 0.486758
vt 0.374452 0.486758
vt 0.079653 0.498429
vt 0.079653 0.255147
vt 0.091324 0.255147
vt 0.091324 0.440072
vt 0.091324 0.486758
vt 0.079653 0.011866
vt 0.386123 0.011866
vt 0.374452 0.023537
vt 0.327767 0.023537
vt 0.138009 0.023537
vt 0.091324 0.023537
vt 0.138010 0.486758
vt 0.138010 0.440072
vt 0.327767 0.440072
vt 0.327767 0.486758
vt 0.374452 0.255147
vt 0.374452 0.440072
vt 0.327767 0.440072
vt 0.327767 0.255147
vt 0.138009 0.023537
vt 0.327767 0.023537
vt 0.327767 0.070223
vt 0.138009 0.070223
vt 0.091324 0.255147
vt 0.091324 0.070223
vt 0.138009 0.070223
vt 0.138009 0.255147
vt 0.743386 0.005668
vt 0.743386 0.508337
vt 0.497736 0.508337
vt 0.497736 0.005668
vt 0.954880 0.755774
vt 0.954880 0.513520
vt 0.994938 0.513520
vt 0.994938 0.755774
vt 0.954880 0.513670
vt 0.994938 0.513670
vt 0.994938 0.999304
vt 0.954880 0.999304
vt 0.954880 0.755774
vt 0.954880 0.513520
vt 0.994938 0.513520
vt 0.994938 0.755774
vt 0.954880 0.513670
vt 0.994938 0.513670
vt 0.994938 0.999304
vt 0.954880 0.999304
vt 0.015872 0.019582
vt 0.015872 0.247728
vt 0.033249 0.247728
vt 0.033249 0.074308
vt 0.033249 0.030527
vt 0.015872 0.475873
vt 0.472163 0.475873
vt 0.454786 0.464928
vt 0.385279 0.464928
vt 0.102757 0.464928
vt 0.033249 0.464928
vt 0.472163 0.475873
vt 0.472163 0.247728
vt 0.454786 0.247728
vt 0.454786 0.421147
vt 0.454786 0.464928
vt 0.472163 0.019582
vt 0.015872 0.019582
vt 0.033249 0.030527
vt 0.102757 0.030527
vt 0.385278 0.030527
vt 0.454786 0.030527
vt 0.385279 0.464928
vt 0.385279 0.421147
vt 0.102757 0.421147
vt 0.102757 0.464928
vt 0.033249 0.247728
vt 0.033249 0.421147
vt 0.102757 0.247728
vt 0.385278 0.030527
vt 0.102757 0.030527
vt 0.102757 0.074308
vt 0.385278 0.074308
vt 0.454786 0.247728
vt 0.454786 0.074308
vt 0.385279 0.247728
vt -0.062937 0.988246
vt 0.289400 0.988246
vt 0.289400 1.349790
vt -0.062937 1.349790
vt 0.349818 0.013898
vt 0.360811 0.013898
vt 0.360811 0.244018
vt 0.349818 0.244018
vt 0.360811 0.099073
vt 0.360811 0.388963
vt 0.349818 0.388963
vt 0.349818 0.099073
vt 0.349818 0.013898
vt 0.360811 0.013898
vt 0.360811 0.244018
vt 0.349818 0.244018
vt 0.360811 0.099073
vt 0.360811 0.388963
vt 0.349818 0.388963
vt 0.349818 0.099073
vt 0.051511 0.008752
vt 0.063823 0.008753
vt 0.063823 0.247442
vt 0.051511 0.247442
vt 0.063823 0.095583
vt 0.063823 0.399302
vt 0.051511 0.399302
vt 0.051511 0.095583
vt 0.051511 0.008752
vt 0.063823 0.008753
vt 0.063823 0.247442
vt 0.051511 0.247442
vt 0.063823 0.095583
vt 0.063823 0.399302
vt 0.051511 0.399302
vt 0.051511 0.095583
vt 0.497147 0.493733
vt 0.497147 0.234503
vt 0.741344 0.002736
vt 0.741344 0.494156
vt 0.502012 1.002775
vt 0.502012 0.503625
vt 0.997324 0.503625
vt 0.998138 1.002775
vt 0.497147 0.234503
vt 0.497147 0.493733
vt 0.741344 0.494156
vt 0.741344 0.002737
vt 0.043537 0.582154
vt 0.455015 0.582154
vt 0.455121 0.923770
vt 0.043537 0.923770
vt 0.241164 0.461645
vt 0.456569 0.461645
vt 0.452872 0.455889
vt 0.241164 0.455889
vt 0.029456 0.455889
vt 0.029456 0.040708
vt 0.025759 0.034952
vt 0.025759 0.461645
vt 0.241164 0.034952
vt 0.241164 0.040708
vt 0.452872 0.040708
vt 0.456569 0.034952
vt 0.241164 0.467400
vt 0.460266 0.467400
vt 0.456569 0.461645
vt 0.241164 0.461645
vt 0.025759 0.461645
vt 0.025759 0.034952
vt 0.022062 0.029197
vt 0.022062 0.467400
vt 0.241164 0.029196
vt 0.241164 0.034952
vt 0.456569 0.034952
vt 0.460266 0.029196
vt 0.031835 0.040970
vt 0.031835 0.455627
vt 0.022062 0.467400
vt 0.022062 0.029197
vt 0.241164 0.467400
vt 0.241164 0.455627
vt 0.450493 0.455627
vt 0.450493 0.040970
vt 0.460266 0.029196
vt 0.460266 0.467400
vt 0.241164 0.029196
vt 0.241164 0.040970
vt 0.500514 0.521962
vt 0.543304 0.521962
vt 0.543299 0.572886
vt 0.500514 0.572886
vt 0.543304 0.521962
vt 0.500514 0.521962
vt 0.500514 0.572886
vt 0.543299 0.572886
vt 0.500514 0.521962
vt 0.543304 0.521962
vt 0.543299 0.572886
vt 0.500514 0.572886
vt 0.543304 0.521962
vt 0.500514 0.521962
vt 0.500514 0.572886
vt 0.543299 0.572886
vt 0.500402 0.921078
vt 0.500402 0.595104
vt 0.543258 0.595104
vt 0.543258 0.921078
vt 0.543258 0.921078
vt 0.543258 0.595104
vt 0.500563 0.595104
vt 0.500563 0.921078
vt 0.500563 0.921078
vt 0.500563 0.595104
vt 0.543459 0.595104
vt 0.543459 0.921078
vt 0.543459 0.921078
vt 0.543459 0.595104
vt 0.500402 0.595104
vt 0.500402 0.921078
vt 0.500509 0.945138
vt 0.500402 0.921078
vt 0.543258 0.921078
vt 0.543294 0.945138
vt 0.543294 0.945138
vt 0.543258 0.921078
vt 0.500563 0.921078
vt 0.500509 0.945138
vt 0.500509 0.945138
vt 0.500563 0.921078
vt 0.543459 0.921078
vt 0.543294 0.945138
vt 0.543294 0.945138
vt 0.543459 0.921078
vt 0.500402 0.921078
vt 0.500509 0.945138
vt 0.500509 0.993397
vt 0.500509 0.945138
vt 0.543294 0.945138
vt 0.543294 0.993396
vt 0.543294 0.993396
vt 0.543294 0.945138
vt 0.500509 0.945138
vt 0.500509 0.993397
vt 0.500509 0.993397
vt 0.500509 0.945138
vt 0.543294 0.945138
vt 0.543294 0.993396
vt 0.543294 0.993396
vt 0.543294 0.945138
vt 0.500509 0.945138
vt 0.500509 0.993397
vt 0.500402 0.595104
vt 0.500514 0.572886
vt 0.543299 0.572886
vt 0.543258 0.595104
vt 0.543258 0.595104
vt 0.543299 0.572886
vt 0.500514 0.572886
vt 0.500563 0.595104
vt 0.500563 0.595104
vt 0.500514 0.572886
vt 0.543299 0.572886
vt 0.543459 0.595104
vt 0.543459 0.595104
vt 0.543299 0.572886
vt 0.500514 0.572886
vt 0.500402 0.595104
vt 1.000585 1.004295
vt 0.501085 1.004295
vt 0.501085 0.504795
vt 1.000585 0.504794
vt 0.073809 0.913732
vt 0.073809 0.582577
vt 0.250000 0.582577
vt 0.250000 0.913732
vt 0.501085 1.004295
vt 1.000585 1.004295
vt 1.000585 0.504794
vt 0.501085 0.504794
vt 0.073949 0.912895
vt 0.073949 0.581761
vt 0.250140 0.581750
vt 0.250140 0.912885
vt 0.939638 0.954478
vt 0.940430 0.997378
vt 0.544151 0.997378
vt 0.544151 0.954478
vt 0.221104 0.435896
vt 0.204457 0.485148
vt 0.204457 0.027143
vt 0.221104 0.027143
vt 0.749981 0.828442
vt 0.750599 0.769566
vt 0.819539 0.769038
vt 0.819036 0.827914
vt 0.221104 0.435896
vt 0.204457 0.485148
vt 0.204457 0.027143
vt 0.221104 0.027143
vt 0.763383 0.830509
vt 0.760566 0.771697
vt 0.829593 0.769645
vt 0.832295 0.828461
vt 0.237751 0.336416
vt 0.237751 0.027143
vt 0.998395 0.998059
vt 0.997349 0.955159
vt 0.939638 0.954478
vt 0.940430 0.997378
vt 0.237751 0.336416
vt 0.237751 0.027143
vt 0.997349 0.955159
vt 0.998395 0.998059
vt 0.940430 0.997378
vt 0.939638 0.954478
vt 0.837484 0.733108
vt 0.837484 0.531069
vt 0.821576 0.546564
vt 0.821576 0.725961
vt 0.626189 0.525440
vt 0.642097 0.541782
vt 0.626189 0.942763
vt 0.642097 0.907334
vt 0.650814 0.920873
vt 0.837484 0.531069
vt 0.837484 0.733109
vt 0.821576 0.725961
vt 0.821576 0.546564
vt 0.650814 0.920873
vt 0.642097 0.907334
vt 0.626189 0.942763
vt 0.626189 0.525440
vt 0.642097 0.541782
vt 0.821576 0.725961
vt 0.821576 0.546564
vt 0.805379 0.562059
vt 0.805379 0.718814
vt 0.821576 0.546564
vt 0.642097 0.541782
vt 0.657714 0.558124
vt 0.805379 0.562059
vt 0.642097 0.541782
vt 0.642097 0.907334
vt 0.657714 0.871904
vt 0.657714 0.558124
vt 0.642097 0.907334
vt 0.821576 0.725961
vt 0.805379 0.718814
vt 0.657714 0.871904
vt 0.821576 0.546564
vt 0.821576 0.725961
vt 0.805380 0.718814
vt 0.805379 0.562059
vt 0.821576 0.725961
vt 0.642097 0.907334
vt 0.657715 0.871905
vt 0.805380 0.718814
vt 0.642097 0.907334
vt 0.642097 0.541782
vt 0.657715 0.558125
vt 0.657715 0.871905
vt 0.642097 0.541782
vt 0.821576 0.546564
vt 0.805379 0.562059
vt 0.657715 0.558125
vt 0.506313 0.958565
vt 0.544554 1.002631
vt 0.043537 1.002631
vt 0.043537 0.958565
vt 0.544554 1.002631
vt 0.545237 0.499019
vt 0.506602 0.548574
vt 0.506313 0.958565
vt 0.043537 0.499019
vt 0.043537 0.548574
vt 0.545237 0.499019
vt 0.506602 0.548574
vt 0.455121 0.923770
vt 0.506313 0.958565
vt 0.043537 0.958565
vt 0.043537 0.923770
vt 0.506313 0.958565
vt 0.506602 0.548574
vt 0.455015 0.582154
vt 0.455121 0.923770
vt 0.455015 0.582154
vt 0.506602 0.548574
vt 0.043537 0.548574
vt 0.043537 0.582154
vt 0.506602 0.548574
vt 0.506313 0.958565
vt 0.455121 0.923770
vt 0.455015 0.582154
vt 0.105833 0.438990
vt 0.310615 0.438990
vt 0.294486 0.422861
vt 0.121962 0.422861
vt 0.310615 0.112376
vt 0.294486 0.112376
vt 0.310615 0.438990
vt 0.105833 0.438990
vt 0.121962 0.422861
vt 0.294486 0.422861
vt 0.105833 0.112376
vt 0.121962 0.112376
vt 0.121962 0.422861
vt 0.294486 0.422861
vt 0.283733 0.412108
vt 0.132715 0.412108
vt 0.283733 0.412108
vt 0.294486 0.422861
vt 0.294486 0.112376
vt 0.283733 0.112376
vt 0.294486 0.422861
vt 0.121962 0.422861
vt 0.132715 0.412108
vt 0.283733 0.412108
vt 0.132715 0.412108
vt 0.121962 0.422861
vt 0.121962 0.112376
vt 0.132715 0.112376
vt 0.500514 0.521962
vt 0.543304 0.521962
vt 0.543299 0.572886
vt 0.500514 0.572886
vt 0.543304 0.521962
vt 0.500514 0.521962
vt 0.500514 0.572886
vt 0.543299 0.572886
vt 0.500514 0.521962
vt 0.543304 0.521962
vt 0.543299 0.572886
vt 0.500514 0.572886
vt 0.543304 0.521962
vt 0.500514 0.521962
vt 0.500514 0.572886
vt 0.543299 0.572886
vt 0.500402 0.921078
vt 0.500402 0.595104
vt 0.543258 0.595104
vt 0.543258 0.921078
vt 0.543258 0.921078
vt 0.543258 0.595104
vt 0.500563 0.595104
vt 0.500563 0.921078
vt 0.500563 0.921078
vt 0.500563 0.595104
vt 0.543459 0.595104
vt 0.543459 0.921078
vt 0.543459 0.921078
vt 0.543459 0.595104
vt 0.500402 0.595104
vt 0.500402 0.921078
vt 0.500509 0.945138
vt 0.500402 0.921078
vt 0.543258 0.921078
vt 0.543294 0.945138
vt 0.543294 0.945138
vt 0.543258 0.921078
vt 0.500563 0.921078
vt 0.500509 0.945138
vt 0.500509 0.945138
vt 0.500563 0.921078
vt 0.543459 0.921078
vt 0.543294 0.945138
vt 0.543294 0.945138
vt 0.543459 0.921078
vt 0.500402 0.921078
vt 0.500509 0.945138
vt 0.500509 0.993397
vt 0.500509 0.945138
vt 0.543294 0.945138
vt 0.543294 0.993396
vt 0.543294 0.993396
vt 0.543294 0.945138
vt 0.500509 0.945138
vt 0.500509 0.993397
vt 0.500509 0.993397
vt 0.500509 0.945138
vt 0.543294 0.945138
vt 0.543294 0.993396
vt 0.543294 0.993396
vt 0.543294 0.945138
vt 0.500509 0.945138
vt 0.500509 0.993397
vt 0.500402 0.595104
vt 0.500514 0.572886
vt 0.543299 0.572886
vt 0.543258 0.595104
vt 0.543258 0.595104
vt 0.543299 0.572886
vt 0.500514 0.572886
vt 0.500563 0.595104
vt 0.500563 0.595104
vt 0.500514 0.572886
vt 0.543299 0.572886
vt 0.543459 0.595104
vt 0.543459 0.595104
vt 0.543299 0.572886
vt 0.500514 0.572886
vt 0.500402 0.595104
vt 0.500514 0.521962
vt 0.543304 0.521962
vt 0.543299 0.572886
vt 0.500514 0.572886
vt 0.543304 0.521962
vt 0.500514 0.521962
vt 0.500514 0.572886
vt 0.543299 0.572886
vt 0.500514 0.521962
vt 0.543304 0.521962
vt 0.543299 0.572886
vt 0.500514 0.572886
vt 0.543304 0.521962
vt 0.500514 0.521962
vt 0.500514 0.572886
vt 0.543299 0.572886
vt 0.500402 0.921078
vt 0.500402 0.595104
vt 0.543258 0.595104
vt 0.543258 0.921078
vt 0.543258 0.921078
vt 0.543258 0.595104
vt 0.500563 0.595104
vt 0.500563 0.921078
vt 0.500563 0.921078
vt 0.500563 0.595104
vt 0.543459 0.595104
vt 0.543459 0.921078
vt 0.543459 0.921078
vt 0.543459 0.595104
vt 0.500402 0.595104
vt 0.500402 0.921078
vt 0.500509 0.945138
vt 0.500402 0.921078
vt 0.543258 0.921078
vt 0.543294 0.945138
vt 0.543294 0.945138
vt 0.543258 0.921078
vt 0.500563 0.921078
vt 0.500509 0.945138
vt 0.500509 0.945138
vt 0.500563 0.921078
vt 0.543459 0.921078
vt 0.543294 0.945138
vt 0.543294 0.945138
vt 0.543459 0.921078
vt 0.500402 0.921078
vt 0.500509 0.945138
vt 0.500509 0.993397
vt 0.500509 0.945138
vt 0.543294 0.945138
vt 0.543294 0.993396
vt 0.543294 0.993396
vt 0.543294 0.945138
vt 0.500509 0.945138
vt 0.500509 0.993397
vt 0.500509 0.993397
vt 0.500509 0.945138
vt 0.543294 0.945138
vt 0.543294 0.993396
vt 0.543294 0.993396
vt 0.543294 0.945138
vt 0.500509 0.945138
vt 0.500509 0.993397
vt 0.500402 0.595104
vt 0.500514 0.572886
vt 0.543299 0.572886
vt 0.543258 0.595104
vt 0.543258 0.595104
vt 0.543299 0.572886
vt 0.500514 0.572886
vt 0.500563 0.595104
vt 0.500563 0.595104
vt 0.500514 0.572886
vt 0.543299 0.572886
vt 0.543459 0.595104
vt 0.543459 0.595104
vt 0.543299 0.572886
vt 0.500514 0.572886
vt 0.500402 0.595104
vt 0.500514 0.521962
vt 0.543304 0.521962
vt 0.543299 0.572886
vt 0.500514 0.572886
vt 0.543304 0.521962
vt 0.500514 0.521962
vt 0.500514 0.572886
vt 0.543299 0.572886
vt 0.500514 0.521962
vt 0.543304 0.521962
vt 0.543299 0.572886
vt 0.500514 0.572886
vt 0.543304 0.521962
vt 0.500514 0.521962
vt 0.500514 0.572886
vt 0.543299 0.572886
vt 0.500402 0.921078
vt 0.500402 0.595104
vt 0.543258 0.595104
vt 0.543258 0.921078
vt 0.543258 0.921078
vt 0.543258 0.595104
vt 0.500563 0.595104
vt 0.500563 0.921078
vt 0.500563 0.921078
vt 0.500563 0.595104
vt 0.543459 0.595104
vt 0.543459 0.921078
vt 0.543459 0.921078
vt 0.543459 0.595104
vt 0.500402 0.595104
vt 0.500402 0.921078
vt 0.500509 0.945138
vt 0.500402 0.921078
vt 0.543258 0.921078
vt 0.543294 0.945138
vt 0.543294 0.945138
vt 0.543258 0.921078
vt 0.500563 0.921078
vt 0.500509 0.945138
vt 0.500509 0.945138
vt 0.500563 0.921078
vt 0.543459 0.921078
vt 0.543294 0.945138
vt 0.543294 0.945138
vt 0.543459 0.921078
vt 0.500402 0.921078
vt 0.500509 0.945138
vt 0.500509 0.993397
vt 0.500509 0.945138
vt 0.543294 0.945138
vt 0.543294 0.993396
vt 0.543294 0.993396
vt 0.543294 0.945138
vt 0.500509 0.945138
vt 0.500509 0.993397
vt 0.500509 0.993397
vt 0.500509 0.945138
vt 0.543294 0.945138
vt 0.543294 0.993396
vt 0.543294 0.993396
vt 0.543294 0.945138
vt 0.500509 0.945138
vt 0.500509 0.993397
vt 0.500402 0.595104
vt 0.500514 0.572886
vt 0.543299 0.572886
vt 0.543258 0.595104
vt 0.543258 0.595104
vt 0.543299 0.572886
vt 0.500514 0.572886
vt 0.500563 0.595104
vt 0.500563 0.595104
vt 0.500514 0.572886
vt 0.543299 0.572886
vt 0.543459 0.595104
vt 0.543459 0.595104
vt 0.543299 0.572886
vt 0.500514 0.572886
vt 0.500402 0.595104
vt 0.447208 0.938607
vt 0.499750 0.998730
vt 0.250000 0.998730
vt 0.250000 0.938607
vt 0.000250 0.998730
vt 0.000250 0.499230
vt 0.052792 0.559353
vt 0.052792 0.938607
vt 0.250000 0.499230
vt 0.250000 0.559353
vt 0.499750 0.499230
vt 0.447208 0.559353
vt 0.447208 0.936728
vt 0.499750 0.996845
vt 0.250000 0.996860
vt 0.250000 0.936740
vt 0.000250 0.996875
vt 0.000250 0.497405
vt 0.052792 0.557522
vt 0.052792 0.936752
vt 0.250000 0.497390
vt 0.250000 0.557510
vt 0.499750 0.497375
vt 0.447208 0.557498
vt 0.426191 0.913732
vt 0.447208 0.938607
vt 0.250000 0.938607
vt 0.250000 0.913732
vt 0.052792 0.938607
vt 0.052792 0.559353
vt 0.073809 0.582577
vt 0.073809 0.913732
vt 0.073809 0.582577
vt 0.052792 0.559353
vt 0.250000 0.559353
vt 0.250000 0.582577
vt 0.447208 0.559353
vt 0.447208 0.938607
vt 0.426191 0.913732
vt 0.426191 0.582577
vt 0.426331 0.912874
vt 0.447208 0.936728
vt 0.250000 0.936740
vt 0.250140 0.912885
vt 0.052792 0.936752
vt 0.052792 0.557522
vt 0.073949 0.581761
vt 0.073949 0.912895
vt 0.073949 0.581761
vt 0.052792 0.557522
vt 0.250000 0.557510
vt 0.250140 0.581750
vt 0.447208 0.557498
vt 0.447208 0.936728
vt 0.426331 0.912874
vt 0.426331 0.581739
vt 0.079653 0.498429
vt 0.386124 0.498429
vt 0.949685 0.954958
vt 0.949685 0.998004
vt 0.949685 0.954958
vt 0.949685 0.998004
vt 0.386124 0.498429
vt 0.374452 0.486758
vt 0.374452 0.440072
vt 0.079653 0.011866
vt 0.091324 0.023537
vt 0.091324 0.070223
vt 0.327767 0.070223
vt 0.374452 0.070223
vt 0.138010 0.440072
vt 0.091324 0.440072
vt 0.497736 0.508337
vt 0.743386 0.508337
vt 0.283733 0.412108
vt 0.294486 0.422861
vt 0.132715 0.412108
vt 0.121962 0.422861
vt 0.994938 0.998027
vt 0.954880 0.998027
vt 0.994938 0.998027
vt 0.954880 0.998027
vt 0.015872 0.475873
vt 0.033249 0.464928
vt 0.033249 0.421147
vt 0.360811 0.474137
vt 0.349818 0.474137
vt 0.033249 0.074308
vt 0.472163 0.019582
vt 0.454786 0.030527
vt 0.454786 0.074308
vt 0.360811 0.474137
vt 0.349818 0.474137
vt 0.454786 0.421147
vt -0.415275 1.349790
vt -0.415275 0.988246
vt 0.063823 0.486132
vt 0.051511 0.486132
vt 0.063823 0.486132
vt 0.051511 0.486132
vt 0.997324 0.503625
vt 0.998138 1.002775
vt 0.221104 0.435896
vt 0.204457 0.485148
vt 0.455121 0.923770
vt 0.455015 0.582154
vt 0.455121 0.923770
vt 0.506313 0.958565
vt 0.455015 0.582154
vt 0.506602 0.548574
vt 0.221104 0.435896
vt 0.204457 0.485148
vt 0.426191 0.582577
vt 0.426191 0.913732
vt 0.426191 0.582577
vt 0.447208 0.559353
vt 0.073809 0.913732
vt 0.052792 0.938607
vt 0.426331 0.581739
vt 0.426331 0.912874
vt 0.426331 0.581739
vt 0.447208 0.557498
vt 0.073949 0.912895
vt 0.052792 0.936752
vt 0.940430 0.997378
vt 0.939638 0.954478
vt 0.237751 0.336416
vt 0.237751 0.336416
vt 0.994938 0.999304
vt 0.994938 0.999304
vt 0.994938 0.998027
vt 0.994938 0.998027
vt 0.954880 0.998027
vt 0.051511 0.399302
vt 0.051511 0.399302
vt 0.051511 0.486132
vt 0.549720 0.954958
vt 0.360811 0.474137
vt 0.349818 0.388963
vt 0.349818 0.388963
vt 0.642097 0.907334
vt 0.543304 0.521962
vt 0.138009 0.023537
vt 0.091324 0.023537
vt 0.091324 0.023537
vt 0.454786 0.030527
vt 0.454786 0.030527
vt 0.385278 0.030527
vt 0.385278 0.030527
vt 0.543294 0.945138
vt 0.543294 0.945138
vt 0.500402 0.595104
vt 0.500402 0.595104
vt 0.543459 0.921078
vt 0.543459 0.921078
vt 0.221104 0.435896
vt 0.221104 0.435896
vt 0.543258 0.921078
vt 0.500563 0.921078
vt 0.543258 0.921078
vt 0.500563 0.921078
vt 0.374452 0.070223
vt 0.543304 0.521962
vt 0.091324 0.070223
vt 0.091324 0.070223
vt 0.543294 0.945138
vt 0.500509 0.945138
vt 0.543294 0.945138
vt 0.500509 0.945138
vt 0.454786 0.074308
vt 0.385278 0.074308
vt 0.000250 0.998730
vt 0.102757 0.074308
vt 0.102757 0.074308
vt 0.033249 0.074308
vt 0.033249 0.074308
vt 0.749674 0.998004
vt 0.749674 0.998004
vt 0.749674 0.998004
vt -0.062937 0.988246
vt 0.250000 0.998730
vt 0.250000 0.996860
vt 0.349818 0.244018
vt 0.349818 0.244018
vt 0.349818 0.244018
vt 0.051511 0.247442
vt 0.051511 0.247442
vt 0.051511 0.247442
vt 0.043537 0.499019
vt 0.043537 0.499019
vt 0.204457 0.027143
vt 0.221104 0.027143
vt 0.043537 0.548574
vt 0.043537 0.548574
vt 0.544151 0.997378
vt 0.237751 0.027143
vt 0.502012 1.002775
vt 0.204457 0.027143
vt 0.502012 1.002775
vt 0.043537 0.582154
vt 0.043537 0.582154
vt 0.221104 0.027143
vt 0.544151 0.954478
vt 0.237751 0.027143
vt 0.043537 0.923770
vt 0.043537 0.923770
vt 0.043537 0.958565
vt 0.043537 0.958565
vt 0.283733 0.112376
vt 0.497736 0.005668
vt 0.743386 0.005668
vt 0.132715 0.112376
vt 0.043537 1.002631
vt 0.310615 0.112376
vt 0.294486 0.112376
vt 0.294486 0.112376
vt 0.121962 0.112376
vt 0.121962 0.112376
vt 0.502012 0.503625
vt 0.105833 0.112376
vt 0.502012 0.503625
vt 0.940430 0.997378
vt 0.940430 0.997378
vt 0.374452 0.440072
vt 1.000585 0.504794
vt 1.000585 0.504794
vt 0.500514 0.521962
vt 0.543294 0.945138
vt 0.385279 0.421147
vt -0.415275 0.988246
vt 0.102757 0.421147
vt -0.415275 1.349790
vt 0.000250 0.996875
vt 0.033249 0.421147
vt 0.033249 0.421147
vt 0.543294 0.945138
vt 0.500402 0.595104
vt 0.500402 0.595104
vt 0.543459 0.921078
vt 0.543459 0.921078
vt 0.221104 0.435896
vt 0.829593 0.769645
vt 0.283733 0.412108
vt 0.132715 0.412108
vt 0.543258 0.921078
vt 0.500563 0.921078
vt 0.543258 0.921078
vt 0.500563 0.921078
vt 0.543294 0.945138
vt 0.500509 0.945138
vt 0.374452 0.486758
vt 0.374452 0.486758
vt 0.543304 0.521962
vt 0.543294 0.945138
vt 0.500509 0.945138
vt 0.500509 0.993397
vt 0.033249 0.464928
vt 0.033249 0.464928
vt 0.310615 0.438990
vt 0.204457 0.485148
vt 0.642097 0.907334
vt 0.626189 0.942763
vt 0.949685 0.998004
vt 0.549664 0.998004
vt 0.360811 0.388963
vt 0.349818 0.388963
vt 0.349818 0.388963
vt 0.456569 0.034952
vt 0.051511 0.399302
vt 0.994938 0.998027
vt 0.994938 0.998027
vt 0.994938 0.999304
vn 0.000000 -1.000000 -0.000000
vn 0.000000 -1.000000 -0.000000
vn 0.000000 -1.000000 -0.000000
vn 0.000000 -1.000000 -0.000000
vn 0.000000 0.000000 1.000000
vn 0.000000 0.000000 1.000000
vn 0.000000 0.000000 1.000000
vn 0.000000 0.000000 1.000000
vn 1.000000 0.000000 -0.000000
vn 1.000000 0.000000 -0.000000
vn 1.000000 0.000000 -0.000000
vn 1.000000 0.000000 -0.000000
vn 0.000000 0.000000 -1.000000
vn 0.000000 0.000000 -1.000000
vn 0.000000 0.000000 -1.000000
vn 0.000000 0.000000 -1.000000
vn -1.000000 0.000000 -0.000000
vn -1.000000 0.000000 -0.000000
vn -1.000000 0.000000 -0.000000
vn -1.000000 0.000000 -0.000000
vn 0.000000 0.707107 0.707107
vn 0.000000 0.707107 0.707107
vn 0.000000 0.707107 0.707107
vn 0.000000 0.707107 0.707107
vn 0.000000 0.707107 0.707107
vn 0.707107 0.707107 -0.000000
vn 0.707106 0.707108 -0.000000
vn 0.707106 0.707108 -0.000000
vn 0.707106 0.707108 -0.000000
vn 0.707107 0.707107 -0.000000
vn 0.707107 0.707107 -0.000000
vn 0.000000 0.707106 -0.707107
vn 0.000000 0.707106 -0.707107
vn 0.000000 0.707106 -0.707107
vn 0.000000 0.707106 -0.707107
vn 0.000000 0.707106 -0.707107
vn -0.707106 0.707107 -0.000000
vn -0.707107 0.707107 -0.000000
vn -0.707107 0.707107 -0.000000
vn -0.707101 0.707112 -0.000000
vn -0.707107 0.707106 0.000000
vn -0.707106 0.707107 -0.000000
vn -0.000000 1.000000 0.000000
vn -0.000000 1.000000 0.000000
vn -0.000000 1.000000 0.000000
vn 0.000000 1.000000 0.000000
vn 0.000000 1.000000 -0.000000
vn 0.000000 1.000000 -0.000000
vn 0.000000 1.000000 -0.000000
vn 0.000000 1.000000 -0.000000
vn 0.000000 1.000000 0.000000
vn 0.000000 1.000000 0.000000
vn 0.000000 1.000000 0.000000
vn 0.000000 1.000000 0.000000
vn 0.000000 1.000000 0.000000
vn 0.000000 1.000000 0.000000
vn 0.000000 1.000000 0.000000
vn 0.000000 1.000000 0.000000
vn 0.000000 1.000000 0.000001
vn 0.000000 1.000000 0.000001
vn 0.000000 1.000000 0.000001
vn 0.000000 1.000000 0.000001
vn 0.000000 0.000000 -1.000000
vn 0.000000 0.000000 -1.000000
vn 0.000000 0.000000 -1.000000
vn 0.000000 0.000000 -1.000000
vn 1.000000 0.000000 -0.000000
vn 1.000000 0.000000 -0.000000
vn 1.000000 0.000000 -0.000000
vn 1.000000 0.000000 -0.000000
vn 0.000000 0.000000 1.000000
vn 0.000000 0.000000 1.000000
vn 0.000000 0.000000 1.000000
vn 0.000000 0.000000 1.000000
vn -1.000000 0.000000 -0.000000
vn -1.000000 0.000000 -0.000000
vn -1.000000 0.000000 -0.000000
vn -1.000000 0.000000 -0.000000
vn 0.000000 -0.707105 -0.707108
vn 0.000000 -0.707105 -0.707108
vn 0.000000 -0.707105 -0.707108
vn 0.000000 -0.707105 -0.707108
vn 0.000000 -0.707105 -0.707108
vn 0.707106 -0.707107 -0.000000
vn 0.707107 -0.707107 -0.000000
vn 0.707107 -0.707107 -0.000000
vn 0.707108 -0.707105 -0.000000
vn 0.707106 -0.707108 -0.000000
vn 0.707106 -0.707107 -0.000000
vn 0.000000 -0.707107 0.707106
vn 0.000000 -0.707107 0.707106
vn 0.000000 -0.707107 0.707106
vn 0.000000 -0.707107 0.707106
vn 0.000000 -0.707107 0.707106
vn -0.707107 -0.707107 -0.000000
vn -0.707107 -0.707107 -0.000000
vn -0.707107 -0.707107 -0.000000
vn -0.707111 -0.707103 -0.000000
vn -0.707106 -0.707108 -0.000000
vn -0.707107 -0.707107 -0.000000
vn -0.000001 -1.000000 -0.000000
vn -0.000000 -1.000000 -0.000000
vn -0.000000 -1.000000 -0.000000
vn 0.000000 -1.000000 -0.000000
vn 0.000000 -1.000000 -0.000000
vn 0.000000 -1.000000 -0.000000
vn 0.000000 -1.000000 -0.000000
vn 0.000001 -1.000000 -0.000000
vn 0.000000 -1.000000 -0.000000
vn 0.000000 -1.000000 -0.000000
vn 0.000000 -1.000000 -0.000000
vn 0.000000 -1.000000 -0.000001
vn 0.000000 -1.000000 -0.000001
vn -0.000000 -1.000000 -0.000000
vn -0.000000 -1.000000 -0.000000
vn 0.000000 -1.000000 -0.000000
vn 0.000000 -1.000000 -0.000000
vn 0.000000 -1.000000 -0.000000
vn 0.000000 0.000000 -1.000000
vn 0.000000 0.000000 -1.000000
vn 0.000000 0.000000 -1.000000
vn 0.000000 0.000000 -1.000000
vn 1.000000 0.000000 -0.000000
vn 1.000000 0.000000 -0.000000
vn 1.000000 0.000000 -0.000000
vn 1.000000 0.000000 -0.000000
vn 0.000000 0.000000 1.000000
vn 0.000000 0.000000 1.000000
vn 0.000000 0.000000 1.000000
vn 0.000000 0.000000 1.000000
vn -1.000000 0.000000 -0.000000
vn -1.000000 0.000000 -0.000000
vn -1.000000 0.000000 -0.000000
vn -1.000000 0.000000 -0.000000
vn 0.000000 0.000000 -1.000000
vn 0.000000 0.000000 -1.000000
vn 0.000000 0.000000 -1.000000
vn 0.000000 0.000000 -1.000000
vn 1.000000 0.000000 -0.000000
vn 1.000000 0.000000 -0.000000
vn 1.000000 0.000000 -0.000000
vn 1.000000 0.000000 -0.000000
vn 0.000000 0.000000 1.000000
vn 0.000000 0.000000 1.000000
vn 0.000000 0.000000 1.000000
vn 0.000000 0.000000 1.000000
vn -1.000000 0.000000 -0.000000
vn -1.000000 0.000000 -0.000000
vn -1.000000 0.000000 -0.000000
vn -1.000000 0.000000 -0.000000
vn -0.999645 0.026632 -0.000000
vn -0.999645 0.026632 0.000000
vn -0.999645 0.026632 -0.000000
vn -0.999645 0.026632 -0.000000
vn 0.000000 0.709171 -0.705037
vn 0.000000 0.709171 -0.705037
vn 0.000000 0.709171 -0.705037
vn 0.000000 0.709171 -0.705037
vn 0.999645 0.026632 -0.000000
vn 0.999645 0.026632 -0.000000
vn 0.999645 0.026632 -0.000000
vn 0.999645 0.026632 -0.000000
vn 0.000000 0.026632 0.999645
vn 0.000000 0.026632 0.999645
vn 0.000000 0.026632 0.999645
vn 0.000000 0.026632 0.999645
vn 0.000000 -1.000000 -0.000000
vn 0.000000 -1.000000 -0.000000
vn 0.000000 -1.000000 -0.000000
vn 0.000000 -1.000000 -0.000000
vn 0.000000 -1.000000 -0.000000
vn 0.000000 -1.000000 -0.000000
vn 0.000000 -1.000000 -0.000000
vn 0.000000 -1.000000 -0.000000
vn 0.000000 -1.000000 -0.000000
vn 0.000000 -1.000000 -0.000000
vn 0.000000 -1.000000 -0.000000
vn 0.000000 -1.000000 -0.000000
vn 0.000000 -1.000000 -0.000000
vn 0.000000 -1.000000 -0.000000
vn 0.000000 -1.000000 -0.000000
vn 0.000000 -1.000000 -0.000000
vn 0.000000 -1.000000 -0.000000
vn 0.000000 -1.000000 -0.000000
vn 0.000000 -1.000000 -0.000000
vn 0.000000 -1.000000 -0.000000
vn 0.000000 -1.000000 -0.000000
vn 0.000000 -1.000000 -0.000000
vn 0.000000 -1.000000 -0.000000
vn 0.000000 -1.000000 -0.000000
vn -0.000086 1.000000 0.000124
vn -0.000086 1.000000 -0.000124
vn -0.000106 1.000000 -0.000099
vn -0.000106 1.000000 0.000099
vn 0.000000 1.000000 -0.000236
vn 0.000000 1.000000 -0.000236
vn 0.000086 1.000000 -0.000124
vn 0.000086 1.000000 0.000124
vn 0.000106 1.000000 0.000099
vn 0.000106 1.000000 -0.000099
vn 0.000000 1.000000 0.000236
vn 0.000000 1.000000 0.000236
vn 0.000000 0.000000 1.000000
vn 0.000000 0.000000 1.000000
vn 0.000000 0.000000 1.000000
vn 0.000000 0.000000 1.000000
vn 1.000000 0.000000 -0.000000
vn 1.000000 0.000000 -0.000000
vn 1.000000 0.000000 -0.000000
vn 1.000000 0.000000 -0.000000
vn 0.000000 0.000000 -1.000000
vn 0.000000 0.000000 -1.000000
vn 0.000000 0.000000 -1.000000
vn 0.000000 0.000000 -1.000000
vn -1.000000 0.000000 -0.000000
vn -1.000000 0.000000 -0.000000
vn -1.000000 0.000000 -0.000000
vn -1.000000 0.000000 -0.000001
vn -0.002944 0.000000 0.999996
vn -0.002943 0.000000 0.999996
vn -0.002944 0.000000 0.999996
vn -0.002944 0.000000 0.999996
vn 1.000000 0.000000 -0.000000
vn 1.000000 0.000000 -0.000000
vn 1.000000 0.000000 -0.000000
vn 1.000000 0.000000 -0.000000
vn 0.003067 -0.000000 -0.999995
vn 0.003067 -0.000000 -0.999995
vn 0.003067 -0.000000 -0.999995
vn 0.003067 -0.000000 -0.999995
vn -1.000000 -0.000000 -0.000001
vn -1.000000 -0.000000 -0.000001
vn -1.000000 -0.000000 -0.000001
vn -1.000000 -0.000000 -0.000001
vn -0.001594 -0.353160 0.935562
vn -0.002752 -0.354853 0.934918
vn -0.000796 -0.351992 0.936003
vn 0.000000 -0.350825 0.936441
vn 0.912460 -0.409165 -0.000000
vn 0.912460 -0.409165 -0.000000
vn 0.912460 -0.409165 -0.000000
vn 0.912460 -0.409165 -0.000000
vn 0.001609 -0.349870 -0.936797
vn 0.002871 -0.351953 -0.936013
vn 0.000828 -0.348579 -0.937279
vn 0.000000 -0.347210 -0.937787
vn -0.972767 -0.231787 -0.000001
vn -0.972767 -0.231788 -0.000001
vn -0.972767 -0.231787 -0.000001
vn -0.972767 -0.231787 -0.000001
vn 0.000000 0.000000 1.000000
vn 0.000000 0.000000 1.000000
vn 0.000000 0.000000 1.000000
vn 0.000000 0.000000 1.000000
vn 1.000000 0.000000 -0.000000
vn 1.000000 0.000000 -0.000000
vn 1.000000 0.000000 -0.000000
vn 1.000000 0.000000 -0.000000
vn -0.000000 0.000000 -1.000000
vn 0.000000 0.000000 -1.000000
vn -0.000000 0.000000 -1.000000
vn -0.000000 0.000000 -1.000000
vn -1.000000 -0.000000 -0.000000
vn -1.000000 -0.000000 -0.000001
vn -1.000000 -0.000000 -0.000000
vn -1.000000 0.000000 -0.000000
vn -0.000736 0.378290 0.925687
vn 0.000000 0.379574 0.925161
vn -0.001569 0.376836 0.926279
vn -0.002729 0.374810 0.927098
vn 0.899543 0.436831 -0.000000
vn 0.899543 0.436831 -0.000000
vn 0.899543 0.436831 -0.000000
vn 0.899543 0.436831 -0.000000
vn 0.000767 0.374757 -0.927123
vn 0.000000 0.375949 -0.926640
vn 0.001701 0.373304 -0.927707
vn 0.002848 0.371520 -0.928421
vn -0.968283 0.249856 -0.000001
vn -0.968283 0.249856 -0.000001
vn -0.968283 0.249856 -0.000001
vn -0.968283 0.249856 -0.000001
vn -1.000000 0.000000 0.000000
vn -1.000000 0.000000 -0.000000
vn -1.000000 0.000000 0.000000
vn -1.000000 0.000000 0.000000
vn 0.000000 0.000000 1.000000
vn 0.000000 0.000000 1.000000
vn 0.000000 0.000000 1.000000
vn 0.000000 0.000000 1.000000
vn 1.000000 -0.000000 -0.000000
vn 1.000000 -0.000000 -0.000000
vn 1.000000 -0.000000 -0.000000
vn 1.000000 -0.000000 -0.000000
vn 0.000000 0.000000 -1.000000
vn 0.000000 0.000000 -1.000000
vn 0.000000 0.000000 -1.000000
vn 0.000000 0.000000 -1.000000
vn 0.000000 0.664394 -0.747383
vn 0.000000 0.664394 -0.747383
vn 0.000000 0.664394 -0.747383
vn 0.000000 0.664394 -0.747383
vn 0.000000 -0.747383 -0.664393
vn 0.000000 -0.747383 -0.664393
vn 0.000000 -0.747383 -0.664393
vn 0.000000 -0.747383 -0.664393
vn -0.412086 0.611173 -0.675761
vn -0.412393 0.611379 -0.675387
vn -0.412018 0.611127 -0.675844
vn -0.411711 0.610921 -0.676217
vn 0.000000 0.747383 0.664393
vn 0.000000 0.747383 0.664393
vn 0.000000 0.747383 0.664393
vn 0.000000 0.747383 0.664393
vn 0.412017 0.611193 -0.675785
vn 0.411708 0.611575 -0.675627
vn 0.412087 0.611107 -0.675820
vn 0.412396 0.610725 -0.675977
vn 0.000000 -0.747383 -0.664393
vn 0.000000 -0.747383 -0.664393
vn -0.218585 0.651035 -0.726893
vn -0.218698 0.651211 -0.726702
vn -0.218395 0.650740 -0.727215
vn -0.218282 0.650565 -0.727405
vn 0.000000 0.747383 0.664393
vn 0.000000 0.747383 0.664393
vn 0.218393 0.651063 -0.726926
vn 0.218281 0.651267 -0.726777
vn 0.218586 0.650712 -0.727182
vn 0.218698 0.650507 -0.727332
vn 0.999645 0.026632 0.000000
vn 0.999645 0.026633 0.000000
vn 0.999645 0.026633 0.000000
vn 0.999645 0.026632 0.000000
vn 0.999645 0.026632 0.000000
vn 0.999645 0.026632 0.000000
vn 0.999645 0.026632 -0.000000
vn 0.999645 0.026632 -0.000000
vn 0.999645 0.026633 -0.000001
vn -0.999645 0.026632 -0.000000
vn -0.999645 0.026632 0.000000
vn -0.999645 0.026632 0.000000
vn -0.999645 0.026632 -0.000000
vn -0.999645 0.026633 -0.000001
vn -0.999645 0.026632 -0.000000
vn -0.999645 0.026632 -0.000000
vn -0.999645 0.026632 0.000000
vn -0.999645 0.026632 0.000000
vn 0.840377 -0.542002 -0.000001
vn 0.840377 -0.542002 -0.000001
vn 0.840377 -0.542002 -0.000001
vn 0.840377 -0.542002 -0.000001
vn 0.825752 0.006974 -0.563990
vn 0.825751 0.006974 -0.563991
vn 0.825751 0.006974 -0.563991
vn 0.825752 0.006974 -0.563990
vn 0.810326 0.585979 0.000000
vn 0.810325 0.585980 0.000000
vn 0.810325 0.585980 0.000000
vn 0.810326 0.585979 -0.000000
vn 0.793765 -0.426559 0.433573
vn 0.842657 -0.371463 0.389802
vn 0.840613 -0.373972 0.391810
vn 0.782578 -0.437910 0.442500
vn -0.840377 -0.542002 -0.000001
vn -0.840377 -0.542002 -0.000000
vn -0.840377 -0.542002 -0.000000
vn -0.840377 -0.542002 -0.000001
vn -0.840952 -0.378145 0.387048
vn -0.792930 -0.422522 0.439017
vn -0.794725 -0.421001 0.437229
vn -0.843951 -0.375087 0.383481
vn -0.810325 0.585980 -0.000000
vn -0.810327 0.585978 0.000000
vn -0.810327 0.585978 0.000000
vn -0.810325 0.585981 -0.000000
vn -0.825752 0.006974 -0.563990
vn -0.825752 0.006974 -0.563990
vn -0.825752 0.006974 -0.563990
vn -0.825753 0.006974 -0.563990
vn -0.000000 0.026632 0.999645
vn -0.000000 0.026632 0.999645
vn 0.000000 0.026632 0.999645
vn 0.000000 0.026632 0.999645
vn 0.000000 0.026632 0.999645
vn -0.000000 0.026632 0.999645
vn -0.000000 0.026632 0.999645
vn 0.000000 0.026632 0.999645
vn 0.000000 0.026632 0.999645
vn 0.000000 0.026632 0.999645
vn 0.000000 0.026632 0.999645
vn 0.000000 0.026632 0.999645
vn 0.000000 -0.532344 0.846528
vn 0.000000 -0.532344 0.846528
vn 0.000000 -0.532344 0.846528
vn 0.000000 -0.532344 0.846528
vn 0.554504 0.007397 0.832149
vn 0.554503 0.007397 0.832149
vn 0.554503 0.007397 0.832149
vn 0.554504 0.007397 0.832149
vn 0.000000 0.576663 0.816982
vn 0.000000 0.576663 0.816982
vn 0.000000 0.576663 0.816982
vn 0.000000 0.576663 0.816982
vn -0.554504 0.007397 0.832148
vn -0.554503 0.007397 0.832149
vn -0.554503 0.007397 0.832149
vn -0.554504 0.007397 0.832148
vn -0.000000 1.000000 0.000000
vn 0.000000 1.000000 0.000000
vn 0.000000 1.000000 0.000000
vn -0.000000 1.000000 0.000000
vn 0.000000 1.000000 -0.000000
vn 0.000000 1.000000 -0.000000
vn -0.000000 1.000000 0.000000
vn 0.000000 1.000000 0.000000
vn 0.000000 1.000000 0.000000
vn -0.000000 1.000000 0.000000
vn 0.000000 1.000000 -0.000000
vn 0.000000 1.000000 -0.000000
vn 0.447213 0.894428 0.000001
vn 0.447214 0.894427 0.000001
vn 0.447214 0.894427 0.000001
vn 0.447213 0.894428 0.000001
vn 0.000000 0.894427 -0.447214
vn 0.000000 0.894427 -0.447214
vn 0.000000 0.894427 -0.447214
vn 0.000000 0.894427 -0.447214
vn -0.447214 0.894427 0.000001
vn -0.447213 0.894428 0.000001
vn -0.447213 0.894428 0.000001
vn -0.447214 0.894427 0.000001
vn 0.000000 0.894427 0.447214
vn 0.000000 0.894427 0.447214
vn 0.000000 0.894427 0.447214
vn 0.000000 0.894427 0.447214
vn 0.000000 0.000000 1.000000
vn 0.000000 0.000000 1.000000
vn 0.000000 0.000000 1.000000
vn 0.000000 0.000000 1.000000
vn 1.000000 -0.000000 -0.000000
vn 1.000000 -0.000001 -0.000001
vn 1.000000 -0.000000 -0.000000
vn 1.000000 0.000000 -0.000000
vn 0.000000 0.000000 -1.000000
vn 0.000000 0.000000 -1.000000
vn 0.000000 0.000000 -1.000000
vn 0.000000 0.000000 -1.000000
vn -1.000000 0.000000 -0.000001
vn -1.000000 0.000000 -0.000001
vn -1.000000 0.000000 -0.000001
vn -1.000000 0.000001 -0.000001
vn -0.002944 0.000000 0.999996
vn -0.002943 0.000000 0.999996
vn -0.002944 0.000000 0.999996
vn -0.002944 0.000000 0.999996
vn 1.000000 0.000000 -0.000000
vn 1.000000 0.000000 -0.000000
vn 1.000000 0.000000 -0.000000
vn 1.000000 0.000000 -0.000000
vn 0.003067 -0.000000 -0.999995
vn 0.003067 -0.000000 -0.999995
vn 0.003067 -0.000000 -0.999995
vn 0.003067 -0.000000 -0.999995
vn -1.000000 -0.000000 -0.000002
vn -1.000000 -0.000000 -0.000002
vn -1.000000 -0.000000 -0.000002
vn -1.000000 -0.000000 -0.000002
vn -0.001594 -0.353160 0.935562
vn -0.002752 -0.354853 0.934918
vn -0.000796 -0.351992 0.936003
vn 0.000000 -0.350825 0.936441
vn 0.912460 -0.409165 -0.000000
vn 0.912460 -0.409165 -0.000000
vn 0.912460 -0.409165 -0.000000
vn 0.912460 -0.409165 -0.000000
vn 0.001609 -0.349870 -0.936797
vn 0.002871 -0.351953 -0.936013
vn 0.000828 -0.348580 -0.937279
vn 0.000000 -0.347210 -0.937787
vn -0.972766 -0.231787 -0.000002
vn -0.972766 -0.231788 -0.000002
vn -0.972767 -0.231787 -0.000001
vn -0.972767 -0.231787 -0.000001
vn 0.000000 0.000000 1.000000
vn 0.000000 0.000000 1.000000
vn 0.000000 0.000000 1.000000
vn 0.000000 0.000000 1.000000
vn 1.000000 0.000000 -0.000000
vn 1.000000 0.000000 -0.000000
vn 1.000000 0.000000 -0.000000
vn 1.000000 0.000000 -0.000000
vn 0.000000 0.000000 -1.000000
vn 0.000000 0.000000 -1.000000
vn 0.000000 0.000000 -1.000000
vn 0.000000 0.000000 -1.000000
vn -1.000000 -0.000000 -0.000001
vn -1.000000 -0.000001 -0.000001
vn -1.000000 -0.000000 -0.000001
vn -1.000000 0.000000 -0.000001
vn -0.000736 0.378290 0.925687
vn 0.000000 0.379574 0.925161
vn -0.001569 0.376836 0.926279
vn -0.002729 0.374810 0.927098
vn 0.899543 0.436831 -0.000000
vn 0.899543 0.436831 -0.000000
vn 0.899543 0.436831 -0.000000
vn 0.899543 0.436831 -0.000000
vn 0.000767 0.374757 -0.927123
vn 0.000000 0.375949 -0.926640
vn 0.001701 0.373304 -0.927707
vn 0.002848 0.371520 -0.928421
vn -0.968283 0.249856 -0.000001
vn -0.968283 0.249857 -0.000001
vn -0.968283 0.249856 -0.000002
vn -0.968283 0.249855 -0.000002
vn 0.000000 0.000000 1.000000
vn 0.000000 0.000000 1.000000
vn 0.000000 0.000000 1.000000
vn 0.000000 0.000000 1.000000
vn 1.000000 0.000001 -0.000000
vn 1.000000 0.000001 -0.000000
vn 1.000000 0.000001 -0.000000
vn 1.000000 0.000001 -0.000000
vn 0.000000 0.000000 -1.000000
vn 0.000000 0.000000 -1.000000
vn 0.000000 0.000000 -1.000000
vn 0.000000 0.000000 -1.000000
vn -1.000000 -0.000001 -0.000001
vn -1.000000 -0.000001 -0.000000
vn -1.000000 -0.000001 -0.000001
vn -1.000000 -0.000000 -0.000001
vn -0.002944 0.000000 0.999996
vn -0.002943 0.000000 0.999996
vn -0.002944 0.000000 0.999996
vn -0.002944 0.000000 0.999996
vn 1.000000 0.000000 -0.000000
vn 1.000000 0.000000 -0.000000
vn 1.000000 0.000000 -0.000000
vn 1.000000 0.000000 -0.000000
vn 0.003067 -0.000000 -0.999995
vn 0.003067 -0.000000 -0.999995
vn 0.003067 -0.000000 -0.999995
vn 0.003067 -0.000000 -0.999995
vn -1.000000 -0.000000 -0.000002
vn -1.000000 -0.000000 -0.000002
vn -1.000000 -0.000000 -0.000002
vn -1.000000 -0.000000 -0.000002
vn -0.001594 -0.353160 0.935562
vn -0.002752 -0.354854 0.934918
vn -0.000796 -0.351992 0.936003
vn 0.000000 -0.350826 0.936441
vn 0.912460 -0.409166 -0.000000
vn 0.912460 -0.409166 -0.000000
vn 0.912460 -0.409166 -0.000000
vn 0.912460 -0.409166 -0.000000
vn 0.001609 -0.349870 -0.936797
vn 0.002871 -0.351954 -0.936013
vn 0.000828 -0.348580 -0.937279
vn 0.000000 -0.347211 -0.937787
vn -0.972766 -0.231788 -0.000002
vn -0.972766 -0.231788 -0.000002
vn -0.972766 -0.231787 -0.000001
vn -0.972767 -0.231787 -0.000001
vn 0.000000 0.000000 1.000000
vn 0.000000 0.000000 1.000000
vn 0.000000 0.000000 1.000000
vn 0.000000 0.000000 1.000000
vn 1.000000 -0.000001 -0.000000
vn 1.000000 -0.000001 -0.000000
vn 1.000000 -0.000001 -0.000000
vn 1.000000 -0.000001 -0.000000
vn 0.000000 0.000000 -1.000000
vn 0.000000 0.000000 -1.000000
vn 0.000000 0.000000 -1.000000
vn 0.000000 0.000000 -1.000000
vn -1.000000 0.000001 -0.000001
vn -1.000000 0.000000 -0.000001
vn -1.000000 0.000001 -0.000001
vn -1.000000 0.000001 -0.000000
vn -0.000736 0.378290 0.925687
vn 0.000000 0.379574 0.925161
vn -0.001569 0.376836 0.926279
vn -0.002729 0.374810 0.927098
vn 0.899543 0.436831 -0.000000
vn 0.899543 0.436832 -0.000000
vn 0.899543 0.436831 -0.000000
vn 0.899543 0.436831 -0.000000
vn 0.000767 0.374757 -0.927123
vn 0.000000 0.375949 -0.926640
vn 0.001701 0.373304 -0.927707
vn 0.002848 0.371520 -0.928421
vn -0.968283 0.249856 -0.000001
vn -0.968283 0.249857 -0.000001
vn -0.968283 0.249856 -0.000002
vn -0.968283 0.249855 -0.000002
vn 0.000000 0.000000 1.000000
vn 0.000000 0.000000 1.000000
vn 0.000000 0.000000 1.000000
vn 0.000000 0.000000 1.000000
vn 1.000000 -0.000000 0.000000
vn 1.000000 -0.000000 0.000000
vn 1.000000 -0.000000 0.000000
vn 1.000000 -0.000001 -0.000000
vn 0.000000 0.000000 -1.000000
vn 0.000000 0.000000 -1.000000
vn 0.000000 0.000000 -1.000000
vn 0.000000 0.000000 -1.000000
vn -1.000000 0.000000 -0.000001
vn -1.000000 0.000000 -0.000001
vn -1.000000 0.000000 -0.000001
vn -1.000000 0.000001 -0.000001
vn -0.002944 0.000000 0.999996
vn -0.002943 0.000000 0.999996
vn -0.002944 0.000000 0.999996
vn -0.002944 0.000000 0.999996
vn 1.000000 0.000000 -0.000000
vn 1.000000 0.000000 -0.000000
vn 1.000000 0.000000 -0.000000
vn 1.000000 0.000000 -0.000000
vn 0.003067 -0.000000 -0.999995
vn 0.003067 -0.000000 -0.999995
vn 0.003067 -0.000000 -0.999995
vn 0.003067 -0.000000 -0.999995
vn -1.000000 -0.000000 -0.000002
vn -1.000000 -0.000000 -0.000002
vn -1.000000 -0.000000 -0.000002
vn -1.000000 -0.000000 -0.000002
vn -0.001594 -0.353160 0.935562
vn -0.002752 -0.354854 0.934918
vn -0.000796 -0.351992 0.936003
vn 0.000000 -0.350826 0.936441
vn 0.912460 -0.409166 -0.000000
vn 0.912460 -0.409166 -0.000000
vn 0.912460 -0.409166 -0.000000
vn 0.912460 -0.409166 -0.000000
vn 0.001609 -0.349870 -0.936797
vn 0.002871 -0.351954 -0.936013
vn 0.000828 -0.348580 -0.937279
vn 0.000000 -0.347211 -0.937787
vn -0.972766 -0.231788 -0.000002
vn -0.972766 -0.231788 -0.000002
vn -0.972766 -0.231787 -0.000001
vn -0.972767 -0.231787 -0.000001
vn 0.000000 0.000000 1.000000
vn 0.000000 0.000000 1.000000
vn 0.000000 0.000000 1.000000
vn 0.000000 0.000000 1.000000
vn 1.000000 0.000000 0.000000
vn 1.000000 0.000000 -0.000000
vn 1.000000 0.000000 0.000000
vn 1.000000 0.000000 0.000000
vn 0.000000 0.000000 -1.000000
vn 0.000000 0.000000 -1.000000
vn 0.000000 0.000000 -1.000000
vn 0.000000 0.000000 -1.000000
vn -1.000000 -0.000000 -0.000001
vn -1.000000 -0.000001 -0.000001
vn -1.000000 -0.000000 -0.000001
vn -1.000000 0.000000 -0.000001
vn -0.000736 0.378290 0.925687
vn 0.000000 0.379574 0.925161
vn -0.001569 0.376836 0.926279
vn -0.002729 0.374810 0.927098
vn 0.899543 0.436831 -0.000000
vn 0.899543 0.436832 -0.000000
vn 0.899543 0.436831 -0.000000
vn 0.899543 0.436831 -0.000000
vn 0.000767 0.374757 -0.927123
vn 0.000000 0.375949 -0.926640
vn 0.001701 0.373304 -0.927707
vn 0.002848 0.371520 -0.928421
vn -0.968283 0.249856 -0.000001
vn -0.968283 0.249857 -0.000001
vn -0.968283 0.249856 -0.000002
vn -0.968283 0.249855 -0.000002
vn 0.000000 0.000000 1.000000
vn 0.000000 0.000000 1.000000
vn 0.000000 0.000000 1.000000
vn 0.000000 0.000000 1.000000
vn -0.000000 0.000000 1.000000
vn -0.000000 0.000000 1.000000
vn -0.000000 0.000000 1.000000
vn -0.000000 0.000000 1.000000
vn 0.000000 0.000000 1.000000
vn 0.000000 0.000000 1.000000
vn 0.000000 0.000000 1.000000
vn 0.000000 0.000000 1.000000
vn 0.000000 -0.000000 -1.000000
vn 0.000000 -0.000000 -1.000000
vn 0.000000 -0.000000 -1.000000
vn 0.000000 -0.000000 -1.000000
vn -0.000000 -0.000000 -1.000000
vn -0.000000 -0.000000 -1.000000
vn -0.000000 -0.000000 -1.000000
vn -0.000000 -0.000000 -1.000000
vn 0.000000 0.000000 -1.000000
vn 0.000000 0.000000 -1.000000
vn 0.000000 -0.000000 -1.000000
vn 0.000000 0.000000 -1.000000
vn 0.000000 -0.707107 0.707107
vn 0.000000 -0.707107 0.707107
vn 0.000000 -0.707107 0.707107
vn 0.000000 -0.707107 0.707107
vn 0.707107 0.000000 0.707107
vn 0.707107 0.000000 0.707107
vn 0.707107 0.000000 0.707107
vn 0.707107 0.000000 0.707107
vn 0.000000 0.707107 0.707107
vn 0.000000 0.707107 0.707107
vn 0.000000 0.707107 0.707107
vn 0.000000 0.707107 0.707107
vn -0.707107 0.000000 0.707107
vn -0.707107 0.000000 0.707107
vn -0.707107 0.000000 0.707107
vn -0.707107 0.000000 0.707107
vn 0.000000 -0.707107 -0.707107
vn 0.000000 -0.707107 -0.707107
vn 0.000000 -0.707107 -0.707107
vn 0.000000 -0.707107 -0.707107
vn -0.707107 0.000000 -0.707107
vn -0.707107 0.000000 -0.707107
vn -0.707107 0.000000 -0.707107
vn -0.707107 0.000000 -0.707107
vn 0.000000 0.707107 -0.707107
vn 0.000000 0.707107 -0.707107
vn 0.000000 0.707107 -0.707107
vn 0.000000 0.707107 -0.707107
vn 0.707107 0.000000 -0.707107
vn 0.707107 0.000000 -0.707107
vn 0.707107 0.000000 -0.707107
vn 0.707107 0.000000 -0.707107
vn 0.000000 -1.000000 -0.000000
vn 0.000000 -1.000000 -0.000000
vn 0.000000 0.000000 -1.000000
vn 0.000000 0.000000 -1.000000
vn 0.000000 0.000000 1.000000
vn 0.000000 0.000000 1.000000
vn 0.000000 0.707107 0.707107
vn 0.000000 0.707107 0.707107
vn 0.000000 0.707107 0.707107
vn 0.000000 0.707106 -0.707107
vn 0.000000 0.707106 -0.707107
vn 0.000000 0.707106 -0.707107
vn 0.000000 1.000000 -0.000000
vn 0.000000 1.000000 -0.000000
vn 0.000000 1.000000 0.000000
vn 0.000000 1.000000 0.000000
vn 0.000000 1.000000 0.000001
vn 0.000000 1.000000 0.000001
vn 0.000000 0.894427 -0.447214
vn 0.000000 0.894427 -0.447214
vn 0.000000 0.894427 0.447214
vn 0.000000 0.894427 0.447214
vn 0.000000 0.000000 -1.000000
vn 0.000000 0.000000 -1.000000
vn 0.000000 0.000000 1.000000
vn 0.000000 0.000000 1.000000
vn 0.000000 -0.707105 -0.707108
vn 0.000000 -0.707105 -0.707108
vn 0.000000 -0.707105 -0.707108
vn 0.000000 0.000000 -1.000000
vn 0.000000 0.000000 -1.000000
vn 0.000000 -1.000000 -0.000000
vn 0.000000 -0.707107 0.707106
vn 0.000000 -0.707107 0.707106
vn 0.000000 -0.707107 0.707106
vn 0.000000 0.000000 1.000000
vn 0.000000 0.000000 1.000000
vn 0.000000 -1.000000 -0.000001
vn -0.000000 -1.000000 -0.000000
vn -0.000000 -1.000000 -0.000000
vn 0.000000 0.000000 -1.000000
vn 0.000000 0.000000 -1.000000
vn 0.000000 0.000000 1.000000
vn 0.000000 0.000000 1.000000
vn 0.000000 0.709171 -0.705037
vn 0.000000 0.709171 -0.705037
vn 0.000000 0.747383 0.664393
vn 0.000000 0.747383 0.664393
vn 0.000000 0.026632 0.999645
vn 0.000000 0.026632 0.999645
vn 0.000000 -0.532344 0.846528
vn 0.000000 -0.532344 0.846528
vn 0.000000 0.576663 0.816982
vn 0.000000 0.576663 0.816982
vn 0.000000 -0.747383 -0.664393
vn 0.000000 -0.747383 -0.664393
vn 0.000000 0.000000 1.000000
vn 0.000000 0.000000 1.000000
vn 0.000000 0.707107 0.707107
vn 0.000000 0.707107 0.707107
vn 0.000000 -0.707107 0.707107
vn 0.000000 -0.707107 0.707107
vn 0.000000 0.000000 -1.000000
vn 0.000000 0.000000 -1.000000
vn 0.000000 0.707107 -0.707107
vn 0.000000 0.707107 -0.707107
vn 0.000000 -0.707107 -0.707107
vn 0.000000 -0.707107 -0.707107
vn 0.000000 0.664394 -0.747383
vn 0.000000 0.664394 -0.747383
vn 0.000000 -0.747383 -0.664393
vn 0.000000 0.747383 0.664393
vn -1.000000 0.000000 -0.000000
vn -1.000000 0.000000 -0.000000
vn 0.000000 0.000000 -1.000000
vn 0.000000 0.000000 -1.000000
vn 0.000000 0.000000 -1.000000
vn -1.000000 0.000000 -0.000000
vn -1.000000 0.000000 -0.000000
vn 0.000000 0.000000 -1.000000
vn -1.000000 0.000000 -0.000000
vn 0.000000 0.000000 -1.000000
vn -1.000000 0.000000 -0.000000
vn -1.000000 0.000000 -0.000000
vn -0.999645 0.026632 -0.000000
vn -1.000000 0.000000 -0.000001
vn 0.000000 1.000000 0.000000
vn 0.000000 0.707106 -0.707107
vn 0.000000 0.707106 -0.707107
vn 0.000000 -0.707107 0.707106
vn 0.000000 -0.707107 0.707106
vn 0.000001 -1.000000 -0.000000
vn 0.000001 -1.000000 -0.000000
vn 0.000000 0.000000 -1.000000
vn 0.000000 0.000000 -1.000000
vn -0.000736 0.378290 0.925687
vn -0.000736 0.378290 0.925687
vn 0.000828 -0.348580 -0.937279
vn 0.000828 -0.348580 -0.937279
vn 0.000000 -0.747383 -0.664393
vn 0.000000 0.747383 0.664393
vn -0.000796 -0.351992 0.936003
vn 0.912460 -0.409165 -0.000000
vn -0.000796 -0.351992 0.936003
vn 0.912460 -0.409166 -0.000000
vn 0.000000 1.000000 -0.000000
vn 0.000000 0.000000 1.000000
vn 0.000000 0.707106 -0.707107
vn 0.000000 0.707106 -0.707107
vn 0.000000 0.000000 1.000000
vn 1.000000 0.000000 -0.000000
vn 0.000000 0.000000 1.000000
vn 1.000000 0.000000 0.000000
vn 0.000000 -0.707107 0.707106
vn 0.000000 -1.000000 -0.000000
vn -0.000000 0.000000 1.000000
vn 0.000000 -1.000000 -0.000000
vn 0.000000 -1.000000 -0.000000
vn 0.000000 -1.000000 -0.000000
vn 0.000000 -1.000000 -0.000000
vn 0.000000 0.000000 1.000000
vn 0.000000 0.000000 -1.000000
vn 0.000000 0.000000 -1.000000
vn -0.000000 -1.000000 -0.000000
vn 0.000000 0.000000 1.000000
vn 0.000000 -0.000000 -1.000000
vn 0.000000 0.000000 1.000000
vn 0.000000 0.000000 -1.000000
vn 0.000000 0.000000 -1.000000
vn 0.000000 0.000000 1.000000
vn 0.000000 0.000000 1.000000
vn 0.000000 0.000000 -1.000000
vn 0.000000 0.026632 0.999645
vn 0.000000 0.026632 0.999645
vn 0.000000 -0.747383 -0.664393
vn 0.000000 -0.747383 -0.664393
vn 0.000000 0.576663 0.816982
vn 0.000000 0.026632 0.999645
vn 0.000000 0.664394 -0.747383
vn 0.000000 -0.747383 -0.664393
vn 0.000000 0.709171 -0.705037
vn 0.000000 0.747383 0.664393
vn 0.000000 0.709171 -0.705037
vn 0.000000 0.026632 0.999645
vn 0.000000 0.576663 0.816982
vn 0.000000 0.747383 0.664393
vn 0.000000 0.664394 -0.747383
vn 0.000000 0.747383 0.664393
vn 0.000000 -0.532344 0.846528
vn 0.000000 0.026632 0.999645
vn 0.000000 -0.532344 0.846528
vn 0.000000 0.026632 0.999645
vn 0.000000 0.894427 -0.447214
vn 0.000000 1.000000 0.000001
vn 0.000000 1.000000 0.000001
vn 0.000000 0.894427 0.447214
vn 0.000000 0.026632 0.999645
vn 0.000000 1.000000 -0.000000
vn 0.000000 0.894427 -0.447214
vn 0.000000 1.000000 -0.000000
vn 0.000000 0.894427 0.447214
vn 0.000000 1.000000 -0.000000
vn 0.000000 0.709171 -0.705037
vn 0.000000 1.000000 -0.000000
vn 0.000000 0.709171 -0.705037
vn 0.218586 0.650712 -0.727182
vn 0.218586 0.650712 -0.727182
vn 0.000000 0.707107 0.707107
vn 1.000000 -0.000000 -0.000000
vn 1.000000 -0.000000 -0.000000
vn 0.000000 0.000000 1.000000
vn 0.000000 0.000000 -1.000000
vn -0.000000 -1.000000 -0.000000
vn -0.000000 -1.000000 -0.000000
vn -0.000000 -1.000000 -0.000000
vn -0.000000 -1.000000 -0.000000
vn -0.000000 -0.000000 -1.000000
vn 0.000000 -0.707105 -0.707108
vn 0.000000 -0.707105 -0.707108
vn -0.000000 0.000000 -1.000000
vn -0.000736 0.378290 0.925687
vn -0.000736 0.378290 0.925687
vn 0.000828 -0.348580 -0.937279
vn 0.000828 -0.348579 -0.937279
vn 0.000000 0.747383 0.664393
vn 0.412087 0.611107 -0.675820
vn 0.000000 0.894427 -0.447214
vn 0.000000 0.894427 0.447214
vn -0.000796 -0.351992 0.936003
vn 0.912460 -0.409166 -0.000000
vn -0.000796 -0.351992 0.936003
vn 0.912460 -0.409165 -0.000000
vn 0.000000 0.000000 1.000000
vn 1.000000 -0.000001 -0.000000
vn 0.000000 0.707107 0.707107
vn 0.000000 0.707107 0.707107
vn 1.000000 0.000001 -0.000000
vn 0.000000 0.000000 1.000000
vn 1.000000 0.000000 -0.000000
vn 1.000000 0.000000 -0.000000
vn 0.000000 -0.707105 -0.707108
vn 0.000000 -0.707105 -0.707108
vn -0.000000 1.000000 0.000000
vn 0.000000 0.747383 0.664393
vn 0.999645 0.026632 -0.000000
vn 0.999645 0.026632 -0.000000
vn 0.000000 0.000000 1.000000
vn 0.000000 0.000000 -1.000000
vn 1.000000 0.000000 -0.000000
vn 1.000000 0.000000 -0.000000
vn 1.000000 0.000000 -0.000000
vn 0.000000 -1.000000 -0.000000
vn 1.000000 0.000000 -0.000000
vn 0.000000 0.000000 1.000000
vn 0.000000 0.000000 1.000000
vn 1.000000 0.000000 -0.000000
f 3/3/3 2/2/2 1/1/1
f 1/1/1 4/4/4 3/3/3
f 7/7/7 6/6/6 5/5/5
f 5/5/5 8/8/8 7/7/7
f 11/11/11 10/10/10 9/9/9
f 9/9/9 12/12/12 11/11/11
f 15/15/15 14/14/14 940/940/940
f 940/940/940 16/16/16 15/15/15
f 19/19/19 18/18/18 813/813/813
f 813/813/813 20/20/20 19/19/19
f 23/23/23 22/22/22 21/21/21
f 24/24/24 23/23/23 21/21/21
f 25/25/25 24/24/24 21/21/21
f 28/28/28 27/27/27 26/26/26
f 29/29/29 28/28/28 26/26/26
f 30/30/30 29/29/29 26/26/26
f 31/31/31 30/30/30 26/26/26
f 34/34/34 33/33/33 32/32/32
f 35/35/35 34/34/34 32/32/32
f 36/36/36 35/35/35 32/32/32
f 39/39/39 38/38/38 37/37/37
f 40/40/40 39/39/39 37/37/37
f 41/41/41 40/40/40 37/37/37
f 42/42/42 41/41/41 37/37/37
f 45/45/45 44/44/44 43/43/43
f 43/43/43 46/46/46 45/45/45
f 49/49/49 48/48/48 47/47/47
f 47/47/47 50/50/50 49/49/49
f 53/53/53 52/52/52 819/819/819
f 819/819/819 54/54/54 53/53/53
f 57/57/57 56/56/56 55/55/55
f 55/55/55 58/58/58 57/57/57
f 61/61/61 60/60/60 59/59/59
f 59/59/59 62/62/62 61/61/61
f 65/65/65 64/64/64 63/63/63
f 63/63/63 66/66/66 65/65/65
f 948/948/948 68/68/68 67/67/67
f 67/67/67 70/70/70 948/948/948
f 73/73/73 72/72/72 71/71/71
f 71/71/71 74/74/74 73/73/73
f 806/806/806 76/76/76 75/75/75
f 75/75/75 78/78/78 806/806/806
f 81/81/81 80/80/80 79/79/79
f 82/82/82 81/81/81 79/79/79
f 83/83/83 82/82/82 79/79/79
f 86/86/86 85/85/85 84/84/84
f 87/87/87 86/86/86 84/84/84
f 88/88/88 87/87/87 84/84/84
f 89/89/89 88/88/88 84/84/84
f 92/92/92 91/91/91 90/90/90
f 93/93/93 92/92/92 90/90/90
f 94/94/94 93/93/93 90/90/90
f 97/97/97 96/96/96 95/95/95
f 98/98/98 97/97/97 95/95/95
f 99/99/99 98/98/98 95/95/95
f 100/100/100 99/99/99 95/95/95
f 103/103/103 102/102/102 101/101/101
f 101/101/101 104/104/104 103/103/103
f 907/907/907 106/106/106 105/105/105
f 105/105/105 107/107/107 907/907/907
f 110/110/110 109/109/109 825/825/825
f 825/825/825 111/111/111 110/110/110
f 847/847/847 113/113/113 112/112/112
f 112/112/112 114/114/114 847/847/847
f 117/117/117 116/116/116 115/115/115
f 115/115/115 118/118/118 117/117/117
f 121/121/121 120/120/120 119/119/119
f 119/119/119 122/122/122 121/121/121
f 943/943/943 941/941/941 123/123/123
f 123/123/123 126/126/126 943/943/943
f 129/129/129 128/128/128 127/127/127
f 127/127/127 130/130/130 129/129/129
f 816/816/816 132/132/132 131/131/131
f 131/131/131 134/134/134 816/816/816
f 137/137/137 136/136/136 135/135/135
f 135/135/135 138/138/138 137/137/137
f 945/945/945 140/140/140 139/139/139
f 139/139/139 142/142/142 945/945/945
f 145/145/145 144/144/144 143/143/143
f 143/143/143 146/146/146 145/145/145
f 811/811/811 148/148/148 147/147/147
f 147/147/147 150/150/150 811/811/811
f 153/153/153 152/152/152 151/151/151
f 151/151/151 154/154/154 153/153/153
f 157/157/157 156/156/156 155/155/155
f 155/155/155 158/158/158 157/157/157
f 161/161/161 160/160/160 159/159/159
f 159/159/159 162/162/162 161/161/161
f 165/165/165 164/164/164 163/163/163
f 163/163/163 166/166/166 165/165/165
f 169/169/169 168/168/168 167/167/167
f 167/167/167 170/170/170 169/169/169
f 173/173/173 172/172/172 171/171/171
f 171/171/171 174/174/174 173/173/173
f 172/172/172 173/173/173 175/175/175
f 175/175/175 176/176/176 172/172/172
f 168/168/168 169/169/169 177/177/177
f 177/177/177 944/944/944 168/168/168
f 181/181/181 180/180/180 179/179/179
f 179/179/179 182/182/182 181/181/181
f 185/185/185 184/184/184 183/183/183
f 183/183/183 186/186/186 185/185/185
f 184/184/184 185/185/185 187/187/187
f 187/187/187 188/188/188 184/184/184
f 180/180/180 181/181/181 189/189/189
f 189/189/189 190/190/190 180/180/180
f 193/193/193 192/192/192 191/191/191
f 191/191/191 194/194/194 193/193/193
f 192/192/192 193/193/193 195/195/195
f 195/195/195 196/196/196 192/192/192
f 199/199/199 198/198/198 197/197/197
f 197/197/197 200/200/200 199/199/199
f 198/198/198 199/199/199 201/201/201
f 201/201/201 202/202/202 198/198/198
f 205/205/205 204/204/204 203/203/203
f 203/203/203 206/206/206 205/205/205
f 209/209/209 208/208/208 207/207/207
f 207/207/207 210/210/210 209/209/209
f 213/213/213 212/212/212 211/211/211
f 211/211/211 214/214/214 213/213/213
f 217/217/217 216/216/216 215/215/215
f 215/215/215 218/218/218 217/217/217
f 221/221/221 220/220/220 219/219/219
f 219/219/219 222/222/222 221/221/221
f 225/225/225 224/224/224 223/223/223
f 223/223/223 226/226/226 225/225/225
f 229/229/229 228/228/228 227/227/227
f 227/227/227 230/230/230 229/229/229
f 233/233/233 232/232/232 231/231/231
f 231/231/231 234/234/234 233/233/233
f 923/923/923 236/236/236 235/235/235
f 235/235/235 238/238/238 923/923/923
f 924/924/924 240/240/240 239/239/239
f 239/239/239 242/242/242 924/924/924
f 916/916/916 244/244/244 243/243/243
f 243/243/243 246/246/246 916/916/916
f 249/249/249 248/248/248 247/247/247
f 247/247/247 250/250/250 249/249/249
f 930/930/930 252/252/252 251/251/251
f 251/251/251 254/254/254 930/930/930
f 931/931/931 256/256/256 255/255/255
f 255/255/255 932/932/932 931/931/931
f 912/912/912 260/260/260 259/259/259
f 259/259/259 262/262/262 912/912/912
f 265/265/265 264/264/264 263/263/263
f 263/263/263 266/266/266 265/265/265
f 269/269/269 268/268/268 914/914/914
f 914/914/914 270/270/270 269/269/269
f 273/273/273 272/272/272 271/271/271
f 271/271/271 274/274/274 273/273/273
f 277/277/277 276/276/276 275/275/275
f 275/275/275 278/278/278 277/277/277
f 281/281/281 280/280/280 279/279/279
f 279/279/279 282/282/282 281/281/281
f 285/285/285 284/284/284 283/283/283
f 283/283/283 286/286/286 285/285/285
f 289/289/289 288/288/288 287/287/287
f 287/287/287 290/290/290 289/289/289
f 902/902/902 292/292/292 291/291/291
f 291/291/291 294/294/294 902/902/902
f 297/297/297 296/296/296 295/295/295
f 295/295/295 298/298/298 297/297/297
f 301/301/301 300/300/300 299/299/299
f 299/299/299 302/302/302 301/301/301
f 305/305/305 304/304/304 303/303/303
f 303/303/303 306/306/306 305/305/305
f 309/309/309 308/308/308 307/307/307
f 307/307/307 310/310/310 309/309/309
f 874/874/874 312/312/312 833/833/833
f 833/833/833 314/314/314 874/874/874
f 918/918/918 316/316/316 315/315/315
f 315/315/315 318/318/318 918/918/918
f 306/306/306 303/303/303 319/319/319
f 319/319/319 320/320/320 306/306/306
f 323/323/323 322/322/322 321/321/321
f 321/321/321 324/324/324 323/323/323
f 314/314/314 833/833/833 325/325/325
f 325/325/325 326/326/326 314/314/314
f 899/899/899 328/328/328 327/327/327
f 327/327/327 330/330/330 899/899/899
f 333/333/333 332/332/332 331/331/331
f 331/331/331 334/334/334 333/333/333
f 336/336/336 335/335/335 332/332/332
f 332/332/332 333/333/333 336/336/336
f 338/338/338 938/938/938 335/335/335
f 335/335/335 336/336/336 338/338/338
f 937/937/937 339/339/339 938/938/938
f 334/334/334 331/331/331 339/339/339
f 339/339/339 937/937/937 334/334/334
f 342/342/342 341/341/341 340/340/340
f 340/340/340 343/343/343 342/342/342
f 345/345/345 344/344/344 341/341/341
f 341/341/341 342/342/342 345/345/345
f 817/817/817 346/346/346 344/344/344
f 348/348/348 347/347/347 346/346/346
f 346/346/346 817/817/817 348/348/348
f 343/343/343 340/340/340 347/347/347
f 347/347/347 348/348/348 343/343/343
f 351/351/351 350/350/350 349/349/349
f 349/349/349 352/352/352 351/351/351
f 355/355/355 354/354/354 353/353/353
f 353/353/353 356/356/356 355/355/355
f 359/359/359 358/358/358 357/357/357
f 357/357/357 360/360/360 359/359/359
f 363/363/363 362/362/362 361/361/361
f 361/361/361 364/364/364 363/363/363
f 367/367/367 366/366/366 365/365/365
f 365/365/365 368/368/368 367/367/367
f 371/371/371 370/370/370 369/369/369
f 369/369/369 372/372/372 371/371/371
f 375/375/375 374/374/374 373/373/373
f 373/373/373 376/376/376 375/375/375
f 379/379/379 378/378/378 377/377/377
f 377/377/377 380/380/380 379/379/379
f 383/383/383 382/382/382 381/381/381
f 381/381/381 384/384/384 383/383/383
f 387/387/387 386/386/386 385/385/385
f 385/385/385 388/388/388 387/387/387
f 865/865/865 386/386/386 387/387/387
f 387/387/387 390/390/390 865/865/865
f 381/381/381 382/382/382 391/391/391
f 391/391/391 392/392/392 381/381/381
f 395/395/395 394/394/394 393/393/393
f 393/393/393 396/396/396 395/395/395
f 399/399/399 398/398/398 397/397/397
f 397/397/397 400/400/400 399/399/399
f 403/403/403 402/402/402 401/401/401
f 401/401/401 877/877/877 403/403/403
f 407/407/407 406/406/406 405/405/405
f 405/405/405 408/408/408 407/407/407
f 411/411/411 410/410/410 409/409/409
f 409/409/409 412/412/412 411/411/411
f 413/413/413 410/410/410 411/411/411
f 411/411/411 414/414/414 413/413/413
f 417/417/417 416/416/416 935/935/935
f 935/935/935 418/418/418 417/417/417
f 419/419/419 416/416/416 417/417/417
f 417/417/417 420/420/420 419/419/419
f 423/423/423 422/422/422 421/421/421
f 421/421/421 424/424/424 423/423/423
f 427/427/427 426/426/426 425/425/425
f 425/425/425 428/428/428 427/427/427
f 431/431/431 430/430/430 429/429/429
f 429/429/429 432/432/432 431/431/431
f 435/435/435 434/434/434 920/920/920
f 920/920/920 888/888/888 435/435/435
f 439/439/439 438/438/438 437/437/437
f 437/437/437 440/440/440 439/439/439
f 443/443/443 442/442/442 441/441/441
f 441/441/441 444/444/444 443/443/443
f 447/447/447 446/446/446 445/445/445
f 445/445/445 448/448/448 447/447/447
f 451/451/451 450/450/450 818/818/818
f 818/818/818 452/452/452 451/451/451
f 455/455/455 454/454/454 453/453/453
f 453/453/453 456/456/456 455/455/455
f 459/459/459 458/458/458 457/457/457
f 457/457/457 460/460/460 459/459/459
f 463/463/463 462/462/462 461/461/461
f 461/461/461 464/464/464 463/463/463
f 467/467/467 466/466/466 465/465/465
f 465/465/465 468/468/468 467/467/467
f 834/834/834 470/470/470 469/469/469
f 469/469/469 472/472/472 834/834/834
f 835/835/835 474/474/474 473/473/473
f 473/473/473 476/476/476 835/835/835
f 830/830/830 478/478/478 477/477/477
f 477/477/477 480/480/480 830/830/830
f 483/483/483 482/482/482 481/481/481
f 481/481/481 484/484/484 483/483/483
f 842/842/842 486/486/486 485/485/485
f 485/485/485 488/488/488 842/842/842
f 843/843/843 490/490/490 489/489/489
f 489/489/489 492/492/492 843/843/843
f 826/826/826 494/494/494 493/493/493
f 493/493/493 496/496/496 826/826/826
f 499/499/499 498/498/498 497/497/497
f 497/497/497 500/500/500 499/499/499
f 503/503/503 502/502/502 828/828/828
f 828/828/828 504/504/504 503/503/503
f 507/507/507 506/506/506 505/505/505
f 505/505/505 508/508/508 507/507/507
f 511/511/511 510/510/510 509/509/509
f 509/509/509 512/512/512 511/511/511
f 515/515/515 514/514/514 513/513/513
f 513/513/513 516/516/516 515/515/515
f 519/519/519 518/518/518 903/903/903
f 903/903/903 520/520/520 519/519/519
f 523/523/523 522/522/522 929/929/929
f 929/929/929 524/524/524 523/523/523
f 527/527/527 526/526/526 525/525/525
f 525/525/525 528/528/528 527/527/527
f 531/531/531 530/530/530 529/529/529
f 529/529/529 532/532/532 531/531/531
f 535/535/535 534/534/534 533/533/533
f 533/533/533 536/536/536 535/535/535
f 539/539/539 538/538/538 537/537/537
f 537/537/537 540/540/540 539/539/539
f 543/543/543 542/542/542 541/541/541
f 541/541/541 544/544/544 543/543/543
f 547/547/547 546/546/546 545/545/545
f 545/545/545 548/548/548 547/547/547
f 921/921/921 550/550/550 549/549/549
f 549/549/549 552/552/552 921/921/921
f 922/922/922 554/554/554 553/553/553
f 553/553/553 556/556/556 922/922/922
f 915/915/915 558/558/558 557/557/557
f 557/557/557 560/560/560 915/915/915
f 563/563/563 562/562/562 561/561/561
f 561/561/561 564/564/564 563/563/563
f 925/925/925 566/566/566 565/565/565
f 565/565/565 568/568/568 925/925/925
f 926/926/926 570/570/570 569/569/569
f 569/569/569 572/572/572 926/926/926
f 904/904/904 574/574/574 573/573/573
f 573/573/573 576/576/576 904/904/904
f 579/579/579 578/578/578 577/577/577
f 577/577/577 580/580/580 579/579/579
f 583/583/583 582/582/582 913/913/913
f 913/913/913 584/584/584 583/583/583
f 587/587/587 586/586/586 585/585/585
f 585/585/585 588/588/588 587/587/587
f 591/591/591 590/590/590 589/589/589
f 589/589/589 592/592/592 591/591/591
f 595/595/595 594/594/594 593/593/593
f 593/593/593 596/596/596 595/595/595
f 599/599/599 839/839/839 597/597/597
f 597/597/597 600/600/600 599/599/599
f 603/603/603 602/602/602 601/601/601
f 601/601/601 604/604/604 603/603/603
f 607/607/607 606/606/606 605/605/605
f 605/605/605 608/608/608 607/607/607
f 611/611/611 610/610/610 609/609/609
f 609/609/609 612/612/612 611/611/611
f 615/615/615 614/614/614 613/613/613
f 613/613/613 616/616/616 615/615/615
f 619/619/619 618/618/618 617/617/617
f 617/617/617 620/620/620 619/619/619
f 623/623/623 622/622/622 621/621/621
f 621/621/621 624/624/624 623/623/623
f 627/627/627 626/626/626 625/625/625
f 625/625/625 628/628/628 627/627/627
f 836/836/836 630/630/630 629/629/629
f 629/629/629 632/632/632 836/836/836
f 837/837/837 634/634/634 633/633/633
f 633/633/633 636/636/636 837/837/837
f 831/831/831 638/638/638 637/637/637
f 637/637/637 640/640/640 831/831/831
f 643/643/643 642/642/642 641/641/641
f 641/641/641 644/644/644 643/643/643
f 844/844/844 646/646/646 645/645/645
f 645/645/645 648/648/648 844/844/844
f 845/845/845 650/650/650 649/649/649
f 649/649/649 652/652/652 845/845/845
f 827/827/827 654/654/654 653/653/653
f 653/653/653 656/656/656 827/827/827
f 659/659/659 658/658/658 657/657/657
f 657/657/657 660/660/660 659/659/659
f 663/663/663 662/662/662 829/829/829
f 829/829/829 664/664/664 663/663/663
f 667/667/667 666/666/666 665/665/665
f 665/665/665 668/668/668 667/667/667
f 671/671/671 670/670/670 669/669/669
f 669/669/669 672/672/672 671/671/671
f 675/675/675 674/674/674 673/673/673
f 673/673/673 676/676/676 675/675/675
f 679/679/679 678/678/678 677/677/677
f 677/677/677 680/680/680 679/679/679
f 683/683/683 682/682/682 681/681/681
f 681/681/681 684/684/684 683/683/683
f 685/685/685 682/682/682 683/683/683
f 683/683/683 686/686/686 685/685/685
f 677/677/677 678/678/678 687/687/687
f 687/687/687 688/688/688 677/677/677
f 691/691/691 690/690/690 689/689/689
f 689/689/689 692/692/692 691/691/691
f 695/695/695 694/694/694 909/909/909
f 909/909/909 696/696/696 695/695/695
f 697/697/697 694/694/694 695/695/695
f 695/695/695 698/698/698 697/697/697
f 689/689/689 690/690/690 699/699/699
f 699/699/699 700/700/700 689/689/689
f 703/703/703 702/702/702 701/701/701
f 701/701/701 704/704/704 703/703/703
f 707/707/707 706/706/706 705/705/705
f 705/705/705 708/708/708 707/707/707
f 711/711/711 710/710/710 709/709/709
f 709/709/709 712/712/712 711/711/711
f 715/715/715 714/714/714 713/713/713
f 713/713/713 716/716/716 715/715/715
f 719/719/719 718/718/718 717/717/717
f 717/717/717 720/720/720 719/719/719
f 723/723/723 722/722/722 721/721/721
f 721/721/721 724/724/724 723/723/723
f 727/727/727 726/726/726 725/725/725
f 725/725/725 728/728/728 727/727/727
f 731/731/731 730/730/730 729/729/729
f 729/729/729 732/732/732 731/731/731
f 733/733/733 4/4/4 1/1/1
f 1/1/1 734/734/734 733/733/733
f 735/735/735 15/15/15 855/855/855
f 855/855/855 736/736/736 735/735/735
f 737/737/737 7/7/7 853/853/853
f 853/853/853 939/939/939 737/737/737
f 928/928/928 739/739/739 22/22/22
f 900/900/900 928/928/928 22/22/22
f 23/23/23 900/900/900 22/22/22
f 821/821/821 742/742/742 33/33/33
f 841/841/841 821/821/821 33/33/33
f 34/34/34 841/841/841 33/33/33
f 745/745/745 50/50/50 47/47/47
f 47/47/47 838/838/838 745/745/745
f 747/747/747 58/58/58 55/55/55
f 55/55/55 748/748/748 747/747/747
f 685/685/685 686/686/686 688/688/688
f 688/688/688 687/687/687 685/685/685
f 749/749/749 886/886/886 887/887/887
f 887/887/887 750/750/750 749/749/749
f 891/891/891 885/885/885 919/919/919
f 919/919/919 752/752/752 891/891/891
f 893/893/893 436/436/436 753/753/753
f 753/753/753 754/754/754 893/893/893
f 808/808/808 66/66/66 63/63/63
f 63/63/63 809/809/809 808/808/808
f 183/183/183 182/182/182 179/179/179
f 179/179/179 186/186/186 183/183/183
f 197/197/197 196/196/196 195/195/195
f 195/195/195 200/200/200 197/197/197
f 947/947/947 74/74/74 71/71/71
f 71/71/71 758/758/758 947/947/947
f 189/189/189 188/188/188 187/187/187
f 187/187/187 190/190/190 189/189/189
f 191/191/191 202/202/202 201/201/201
f 201/201/201 194/194/194 191/191/191
f 934/934/934 759/759/759 80/80/80
f 911/911/911 934/934/934 80/80/80
f 81/81/81 911/911/911 80/80/80
f 814/814/814 121/121/121 861/861/861
f 861/861/861 763/763/763 814/814/814
f 850/850/850 107/107/107 105/105/105
f 105/105/105 852/852/852 849/849/849
f 823/823/823 765/765/765 91/91/91
f 846/846/846 823/823/823 91/91/91
f 92/92/92 846/846/846 91/91/91
f 768/768/768 129/129/129 859/859/859
f 859/859/859 769/769/769 768/768/768
f 905/905/905 114/114/114 112/112/112
f 112/112/112 770/770/770 905/905/905
f 771/771/771 118/118/118 115/115/115
f 856/856/856 906/906/906 908/908/908
f 171/171/171 170/170/170 167/167/167
f 167/167/167 174/174/174 171/171/171
f 177/177/177 176/176/176 175/175/175
f 175/175/175 944/944/944 177/177/177
f 773/773/773 137/137/137 864/864/864
f 864/864/864 812/812/812 773/773/773
f 775/775/775 145/145/145 863/863/863
f 863/863/863 776/776/776 775/775/775
f 875/875/875 897/897/897 777/777/777
f 777/777/777 778/778/778 875/875/875
f 313/313/313 878/878/878 917/917/917
f 917/917/917 936/936/936 313/313/313
f 896/896/896 894/894/894 412/412/412
f 412/412/412 409/409/409 896/896/896
f 781/781/781 882/882/882 876/876/876
f 876/876/876 782/782/782 781/781/781
f 883/883/883 881/881/881 783/783/783
f 783/783/783 784/784/784 883/883/883
f 869/869/869 404/404/404 785/785/785
f 785/785/785 786/786/786 869/869/869
f 867/867/867 868/868/868 832/832/832
f 832/832/832 788/788/788 867/867/867
f 866/866/866 870/870/870 392/392/392
f 392/392/392 391/391/391 866/866/866
f 789/789/789 289/289/289 290/290/290
f 290/290/290 790/790/790 789/789/789
f 711/711/711 712/712/712 791/791/791
f 791/791/791 792/792/792 711/711/711
f 703/703/703 704/704/704 793/793/793
f 793/793/793 794/794/794 703/703/703
f 795/795/795 297/297/297 298/298/298
f 298/298/298 796/796/796 795/795/795
f 727/727/727 728/728/728 797/797/797
f 797/797/797 798/798/798 727/727/727
f 719/719/719 720/720/720 799/799/799
f 799/799/799 800/800/800 719/719/719
f 801/801/801 871/871/871 879/879/879
f 879/879/879 802/802/802 801/801/801
f 868/868/868 872/872/872 803/803/803
f 803/803/803 832/832/832 868/868/868
f 878/878/878 880/880/880 804/804/804
f 804/804/804 917/917/917 878/878/878
f 889/889/889 884/884/884 388/388/388
f 388/388/388 385/385/385 889/889/889
f 890/890/890 892/892/892 418/418/418
f 418/418/418 935/935/935 890/890/890
f 679/679/679 680/680/680 684/684/684
f 684/684/684 848/848/848 857/857/857
f 691/691/691 692/692/692 696/696/696
f 696/696/696 909/909/909 858/858/858
f 697/697/697 698/698/698 700/700/700
f 700/700/700 699/699/699 697/697/697
o G3_Object_Interact_Bookstand_01_1
usemtl G3_Objects_Leather_01_A
v -0.048176 1.536723 0.025345
v -0.419742 1.538271 0.023797
v -0.419742 1.135270 -0.379205
v -0.048176 1.133721 -0.377656
v -0.035241 1.536236 0.018166
v -0.035241 1.140901 -0.377169
v 0.015208 1.537543 0.024525
v 0.015208 1.134542 -0.378477
v -0.419742 1.548760 0.013308
v -0.419742 1.145758 -0.389694
v -0.419742 1.135270 -0.379205
v -0.419742 1.538271 0.023797
v -0.401450 1.545733 0.000893
v -0.401450 1.158174 -0.386667
v -0.419742 1.145758 -0.389694
v -0.419742 1.548760 0.013308
v -0.034889 1.544926 0.009474
v -0.419742 1.548760 0.013308
v -0.419742 1.538271 0.023797
v -0.048176 1.536723 0.025345
v -0.035241 1.536236 0.018166
v -0.034889 1.544926 0.009474
v -0.034825 1.545733 0.000893
v -0.221518 1.545733 0.000893
v -0.035241 1.140901 -0.377169
v -0.048176 1.133721 -0.377656
v -0.034889 1.149592 -0.385860
v -0.419742 1.145758 -0.389694
v -0.419742 1.135270 -0.379205
v -0.034889 1.149592 -0.385860
v -0.221518 1.158174 -0.386667
v -0.034825 1.158174 -0.386667
v 0.015208 1.537543 0.024525
v 0.014689 1.544533 0.017535
v -0.034889 1.149592 -0.385860
v -0.034825 1.158174 -0.386667
v -0.034825 1.545733 0.000893
v -0.034889 1.544926 0.009474
v 0.014770 1.141562 -0.385497
v 0.015208 1.134542 -0.378477
v 0.014689 1.544533 0.017535
v 0.014770 1.141562 -0.385497
v -0.034889 1.149592 -0.385860
v -0.034889 1.544926 0.009474
v 0.077935 1.536517 0.025551
v 0.077936 1.133516 -0.377451
v 0.450158 1.135065 -0.379000
v 0.450158 1.538066 0.024002
v 0.065705 1.536031 0.018371
v 0.065706 1.140696 -0.376964
v 0.450158 1.548827 0.013241
v 0.450158 1.145826 -0.389760
v 0.431866 1.158241 -0.386734
v 0.431866 1.545800 0.000826
v 0.450158 1.538066 0.024002
v 0.450158 1.135065 -0.379000
v 0.450158 1.145826 -0.389760
v 0.450158 1.548827 0.013241
v 0.064861 1.544994 0.009407
v 0.251934 1.545800 0.000826
v 0.064809 1.545800 0.000826
v 0.077935 1.536517 0.025551
v 0.450158 1.538066 0.024002
v 0.450158 1.548827 0.013241
v 0.064861 1.544994 0.009407
v 0.065705 1.536031 0.018371
v 0.064861 1.149659 -0.385927
v 0.064809 1.158241 -0.386734
v 0.251934 1.158241 -0.386734
v 0.064861 1.149659 -0.385927
v 0.077936 1.133516 -0.377451
v 0.065706 1.140696 -0.376964
v 0.450158 1.135065 -0.379000
v 0.450158 1.145826 -0.389760
v 0.064809 1.158241 -0.386734
v 0.064861 1.149659 -0.385927
v 0.064861 1.544994 0.009407
v 0.064809 1.545800 0.000826
v 0.064861 1.544994 0.009407
v 0.064861 1.149659 -0.385927
v -0.419742 1.145758 -0.389694
v -0.419742 1.538271 0.023797
v -0.419742 1.548760 0.013308
v -0.419742 1.548760 0.013308
v -0.035241 1.536236 0.018166
v -0.034889 1.149592 -0.385860
v -0.034889 1.149592 -0.385860
v 0.014689 1.544533 0.017535
v 0.014770 1.141562 -0.385497
v 0.014770 1.141562 -0.385497
v 0.077935 1.536517 0.025551
v 0.077936 1.133516 -0.377451
v 0.450158 1.548827 0.013241
v 0.450158 1.145826 -0.389760
v 0.450158 1.145826 -0.389760
vt 0.306031 -0.860200
vt 1.246654 -0.860200
vt 1.246654 0.775383
vt 0.306031 0.775383
vt 0.273286 -0.844642
vt 0.273286 0.759825
vt 0.145574 -0.860200
vt 0.145574 0.775383
vt 0.762335 1.484268
vt 2.397919 1.484268
vt 2.397919 1.526837
vt 0.762335 1.526837
vt -0.924170 1.813174
vt 0.648742 1.813174
vt 0.680078 1.859480
vt -0.955505 1.859480
vt 1.990235 1.220109
vt 2.964494 1.220109
vt 2.964494 1.262677
vt 2.023871 1.268962
vt 1.991127 1.255380
vt -0.939947 0.885221
vt -0.924170 0.885061
vt -0.924170 1.357674
vt 1.735703 1.387596
vt 1.702958 1.401178
vt 1.736595 1.352324
vt 0.762336 1.352324
vt 0.762336 1.394893
vt 0.664520 0.885221
vt 0.648742 1.357674
vt 0.648742 0.885060
vt 1.863415 1.265631
vt 1.864729 1.237264
vt 0.762335 1.628147
vt 0.778113 1.609095
vt 2.351025 1.609095
vt 2.366802 1.628147
vt 1.862307 1.369354
vt 1.863415 1.397848
vt 0.762335 1.012071
vt 2.397919 1.011866
vt 2.382360 1.137578
vt 0.777893 1.137578
vt -0.013221 -0.860200
vt -0.013221 0.775383
vt -0.955505 0.775383
vt -0.955505 -0.860200
vt 0.017740 -0.844642
vt 0.017739 0.759825
vt 0.680078 2.851130
vt -0.955505 2.851130
vt -0.924170 2.801058
vt 0.648742 2.801057
vt 0.680078 2.977062
vt -0.955505 2.977062
vt -0.955505 2.933388
vt 0.680078 2.933388
vt 0.664519 1.949108
vt 0.648742 2.379817
vt 0.648742 1.941738
vt 1.704620 1.269794
vt 0.762335 1.263509
vt 0.762335 1.219836
vt 1.737718 1.219836
vt 1.735580 1.256212
vt -0.939948 1.949109
vt -0.924170 1.941739
vt -0.924170 2.379818
vt 1.989112 1.352052
vt 2.022211 1.402010
vt 1.991250 1.388429
vt 2.964495 1.395725
vt 2.964495 1.352052
vt 2.945020 -0.860200
vt 2.960798 -0.841148
vt 1.356331 -0.841148
vt 1.372108 -0.860200
vt 0.777893 0.885061
vt 2.382360 0.885060
vt 0.762336 1.352324
vt 2.964494 1.262677
vt -0.955505 1.859480
vt -0.955505 1.859480
vt 1.991127 1.255380
vt 1.736595 1.352324
vt 1.736595 1.352324
vt 1.864729 1.237264
vt 1.862307 1.369354
vt 1.862307 1.369354
vt -0.013221 -0.860200
vt 2.022211 1.402010
vt 0.680078 2.933388
vt -0.955505 2.851130
vt -0.955505 2.851130
vn 0.147466 -0.699376 0.699376
vn -0.005894 -0.707095 0.707094
vn -0.005894 -0.707095 0.707094
vn 0.147464 -0.699376 0.699376
vn 0.155232 -0.698535 0.698535
vn 0.155231 -0.698535 0.698535
vn -0.002891 -0.707104 0.707104
vn -0.002892 -0.707104 0.707104
vn -1.000000 -0.000000 -0.000000
vn -1.000000 -0.000000 -0.000000
vn -1.000000 -0.000000 -0.000000
vn -1.000000 -0.000000 -0.000000
vn -0.349542 0.888596 -0.297014
vn -0.346889 0.291724 -0.891384
vn -0.145605 -0.106720 -0.983570
vn -0.139169 0.983958 0.111615
vn 0.028195 0.881774 0.470830
vn -0.139169 0.983958 0.111615
vn 0.013741 0.713323 0.700701
vn 0.080337 0.856435 0.509966
vn 0.168823 0.693530 0.700368
vn 0.028195 0.881774 0.470830
vn -0.001017 0.878722 0.477333
vn -0.003107 0.975550 0.219757
vn 0.168825 -0.700368 -0.693529
vn 0.089580 -0.519352 -0.849852
vn 0.026697 -0.468112 -0.883266
vn -0.145605 -0.106720 -0.983570
vn 0.000000 -0.707109 -0.707104
vn 0.026697 -0.468112 -0.883266
vn -0.002908 -0.378342 -0.925661
vn -0.004681 -0.478635 -0.878002
vn 0.002835 0.707775 0.706433
vn -0.004660 0.706924 0.707274
vn 0.999954 -0.006757 0.006757
vn 0.999954 -0.006757 0.006757
vn 0.999954 -0.006756 0.006757
vn 0.999954 -0.006756 0.006757
vn -0.004095 -0.707103 -0.707099
vn 0.002226 -0.706605 -0.707605
vn -0.000299 0.707130 -0.707083
vn -0.000491 0.707141 -0.707072
vn 0.118719 0.702169 -0.702043
vn 0.119712 0.702022 -0.702022
vn -0.154004 -0.698671 0.698671
vn -0.154002 -0.698671 0.698671
vn 0.005883 -0.707095 0.707095
vn 0.005883 -0.707094 0.707095
vn -0.168632 -0.696980 0.696980
vn -0.168631 -0.696981 0.696980
vn 0.145603 0.983571 0.106719
vn 0.139182 -0.111609 -0.983957
vn 0.350059 0.296189 -0.888668
vn 0.347408 0.891450 -0.290903
vn 1.000000 0.000000 0.000000
vn 1.000000 0.000000 0.000000
vn 1.000000 0.000000 0.000000
vn 1.000000 0.000000 0.000000
vn -0.024844 0.883009 0.468698
vn 0.002406 0.926242 0.376922
vn 0.004256 0.879137 0.476550
vn -0.095581 0.844972 0.526200
vn -0.000000 0.707109 0.707105
vn 0.145603 0.983571 0.106719
vn -0.024844 0.883009 0.468698
vn -0.190073 0.685206 0.703111
vn -0.026103 -0.471441 -0.881511
vn 0.000621 -0.475272 -0.879839
vn 0.002571 -0.218268 -0.975885
vn -0.026103 -0.471441 -0.881511
vn -0.086327 -0.517056 -0.851587
vn -0.189890 -0.703224 -0.685140
vn -0.013716 -0.700705 -0.713319
vn 0.139182 -0.111609 -0.983957
vn -0.999969 -0.005534 0.005533
vn -0.999969 -0.005534 0.005533
vn -0.999969 -0.005532 0.005532
vn -0.999969 -0.005532 0.005532
vn -0.120126 0.702026 -0.701947
vn -0.119499 0.702040 -0.702040
vn -0.145605 -0.106720 -0.983570
vn 0.013741 0.713323 0.700701
vn -0.139169 0.983958 0.111615
vn -0.139169 0.983958 0.111615
vn 0.168823 0.693530 0.700368
vn 0.026697 -0.468112 -0.883266
vn 0.026697 -0.468112 -0.883266
vn -0.004660 0.706924 0.707274
vn -0.004095 -0.707103 -0.707099
vn -0.004095 -0.707103 -0.707099
vn -0.154004 -0.698671 0.698671
vn -0.086327 -0.517056 -0.851587
vn 1.000000 0.000000 0.000000
vn 0.139182 -0.111609 -0.983957
vn 0.139182 -0.111609 -0.983957
f 951/951/951 950/950/950 949/949/949
f 949/949/949 952/952/952 951/951/951
f 952/952/952 949/949/949 953/953/953
f 953/953/953 954/954/954 952/952/952
f 954/954/954 953/953/953 955/955/955
f 955/955/955 956/956/956 954/954/954
f 959/959/959 958/958/958 957/957/957
f 957/957/957 960/960/960 959/959/959
f 963/963/963 962/962/962 961/961/961
f 961/961/961 1032/1032/1032 963/963/963
f 1030/1030/1030 966/966/966 965/965/965
f 965/965/965 968/968/968 1030/1030/1030
f 965/965/965 1033/1033/1033 968/968/968
f 971/971/971 970/970/970 1032/1032/1032
f 972/972/972 971/971/971 1032/1032/1032
f 961/961/961 972/972/972 1032/1032/1032
f 975/975/975 974/974/974 973/973/973
f 974/974/974 975/975/975 1029/1029/1029
f 1029/1029/1029 977/977/977 974/974/974
f 962/962/962 963/963/963 978/978/978
f 979/979/979 962/962/962 978/978/978
f 980/980/980 979/979/979 978/978/978
f 965/965/965 982/982/982 981/981/981
f 981/981/981 1033/1033/1033 965/965/965
f 985/985/985 984/984/984 983/983/983
f 983/983/983 986/986/986 985/985/985
f 988/988/988 987/987/987 1035/1035/1035
f 1035/1035/1035 973/973/973 988/988/988
f 991/991/991 990/990/990 989/989/989
f 989/989/989 992/992/992 991/991/991
f 995/995/995 994/994/994 993/993/993
f 993/993/993 996/996/996 995/995/995
f 994/994/994 998/998/998 997/997/997
f 997/997/997 1039/1039/1039 994/994/994
f 998/998/998 956/956/956 955/955/955
f 955/955/955 997/997/997 998/998/998
f 1001/1001/1001 1000/1000/1000 999/999/999
f 999/999/999 1002/1002/1002 1001/1001/1001
f 1005/1005/1005 1004/1004/1004 1003/1003/1003
f 1003/1003/1003 1041/1041/1041 1005/1005/1005
f 1002/1002/1002 999/999/999 1007/1007/1007
f 1008/1008/1008 1002/1002/1002 1007/1007/1007
f 1009/1009/1009 1008/1008/1008 1007/1007/1007
f 1012/1012/1012 1011/1011/1011 1010/1010/1010
f 1010/1010/1010 1013/1013/1013 1012/1012/1012
f 1010/1010/1010 1014/1014/1014 1013/1013/1013
f 1016/1016/1016 1015/1015/1015 1043/1043/1043
f 1017/1017/1017 1016/1016/1016 1043/1043/1043
f 1001/1001/1001 1017/1017/1017 1043/1043/1043
f 1020/1020/1020 1040/1040/1040 1018/1018/1018
f 1018/1018/1018 1040/1040/1040 1021/1021/1021
f 1021/1021/1021 1022/1022/1022 1018/1018/1018
f 1025/1025/1025 1024/1024/1024 1023/1023/1023
f 1023/1023/1023 1026/1026/1026 1025/1025/1025
f 981/981/981 1036/1036/1036 1013/1013/1013
f 1013/1013/1013 1014/1014/1014 981/981/981
f 1027/1027/1027 989/989/989 990/990/990
f 990/990/990 1028/1028/1028 1027/1027/1027
f 1038/1038/1038 988/988/988 1020/1020/1020
f 1020/1020/1020 1018/1018/1018 1038/1038/1038
o G3_Object_Interact_Bookstand_01_2
usemtl G3_Objects_Paper_01_A
v 0.102632 1.204163 -0.386163
v 0.102632 1.550990 -0.002453
v 0.433011 1.569431 -0.002454
v 0.433011 1.185722 -0.386163
v 0.433011 1.569431 -0.002454
v 0.102632 1.550990 -0.002453
v 0.102632 1.204163 -0.386163
v 0.102632 1.204163 -0.386163
v 0.433011 1.185722 -0.386163
v 0.433011 1.569431 -0.002454
v -0.371783 1.207081 -0.425568
v -0.401450 1.158174 -0.386667
v -0.401450 1.545733 0.000893
v -0.371783 1.584634 -0.048015
v -0.371783 1.584634 -0.048015
v -0.401450 1.545733 0.000893
v -0.221518 1.545733 0.000893
v -0.221518 1.587569 -0.050949
v -0.117641 1.220749 -0.439235
v -0.034825 1.158174 -0.386667
v -0.221518 1.158174 -0.386667
v -0.221518 1.210016 -0.428502
v 0.402199 1.207489 -0.425975
v 0.402199 1.585042 -0.048422
v 0.431866 1.545800 0.000826
v 0.431866 1.158241 -0.386734
v 0.251934 1.545800 0.000826
v 0.251934 1.586249 -0.049629
v 0.145746 1.595786 -0.059166
v 0.064809 1.545800 0.000826
v 0.251934 1.158241 -0.386734
v 0.251934 1.208696 -0.427182
v 0.402199 1.207489 -0.425975
v 0.431866 1.158241 -0.386734
v 0.041805 1.159935 -0.388428
v 0.113353 1.219660 -0.438146
v 0.145747 1.218233 -0.436720
v 0.064809 1.158241 -0.386734
v 0.041805 1.547495 -0.000869
v 0.041805 1.159935 -0.388428
v 0.064809 1.158241 -0.386734
v 0.064809 1.545800 0.000826
v 0.113353 1.597213 -0.060593
v 0.041805 1.547495 -0.000869
v 0.113353 1.219660 -0.438146
v 0.113353 1.597213 -0.060593
v 0.145746 1.595786 -0.059166
v 0.145747 1.218233 -0.436720
v 0.076196 1.587297 -0.050677
v 0.042056 1.570127 -0.033506
v 0.015061 1.546683 -0.010063
v 0.076196 1.209744 -0.428231
v 0.076196 1.587297 -0.050677
v 0.402199 1.585042 -0.048422
v 0.402199 1.207489 -0.425975
v 0.251934 1.208696 -0.427182
v 0.251934 1.586249 -0.049629
v -0.371783 1.207081 -0.425568
v -0.371783 1.584634 -0.048015
v -0.221518 1.587569 -0.050949
v -0.221518 1.210016 -0.428502
v 0.042057 1.192573 -0.411060
v 0.076196 1.209744 -0.428231
v 0.015061 1.169129 -0.387616
v 0.015061 1.546683 -0.010063
v 0.015061 1.169129 -0.387616
v -0.117641 1.598302 -0.061682
v -0.034825 1.545733 0.000893
v -0.371783 1.207081 -0.425568
v -0.401450 1.158174 -0.386667
v -0.117641 1.598302 -0.061682
v -0.117641 1.220749 -0.439235
v 0.402199 1.585042 -0.048422
v 0.431866 1.545800 0.000826
v -0.011536 1.547743 -0.001117
v -0.085322 1.600044 -0.063424
v -0.011536 1.160183 -0.388677
v -0.011536 1.547743 -0.001117
v -0.034825 1.545733 0.000893
v -0.034825 1.158174 -0.386667
v -0.085321 1.222491 -0.440977
v -0.011536 1.160183 -0.388677
v -0.085322 1.600044 -0.063424
v -0.085321 1.222491 -0.440977
v -0.010544 1.570127 -0.033506
v -0.048457 1.590443 -0.053823
v 0.013947 1.546683 -0.010063
v 0.013948 1.169129 -0.387616
v 0.013947 1.546683 -0.010063
v -0.048457 1.212890 -0.431377
v -0.010544 1.192573 -0.411060
v 0.013948 1.169129 -0.387616
v -0.048457 1.590443 -0.053823
v -0.048457 1.212890 -0.431377
v 0.042057 1.192573 -0.411060
v 0.015061 1.169129 -0.387616
v 0.015061 1.546683 -0.010063
v 0.042056 1.570127 -0.033506
v -0.010544 1.570127 -0.033506
v 0.013947 1.546683 -0.010063
v 0.013948 1.169129 -0.387616
v -0.010544 1.192573 -0.411060
v 0.091720 1.189230 -0.412859
v 0.091720 1.536056 -0.029150
v 0.422098 1.554498 -0.029150
v 0.422099 1.170789 -0.412859
v 0.422098 1.554498 -0.029150
v 0.091720 1.536056 -0.029150
v 0.091720 1.189230 -0.412859
v 0.091720 1.189230 -0.412859
v 0.422099 1.170789 -0.412859
v 0.422098 1.554498 -0.029150
v 0.091720 1.206876 -0.411616
v 0.091720 1.553703 -0.027906
v 0.422098 1.572144 -0.027906
v 0.422099 1.188435 -0.411616
v 0.422098 1.572144 -0.027906
v 0.091720 1.553703 -0.027906
v 0.091720 1.206876 -0.411616
v 0.091720 1.206876 -0.411616
v 0.422099 1.188435 -0.411616
v 0.422098 1.572144 -0.027906
v -0.073239 1.184994 -0.405332
v -0.403618 1.166553 -0.405332
v -0.403618 1.550262 -0.021623
v -0.073239 1.531821 -0.021622
v -0.403618 1.550262 -0.021623
v -0.403618 1.166553 -0.405332
v -0.073239 1.184994 -0.405332
v -0.073239 1.184994 -0.405332
v -0.073239 1.531821 -0.021622
v -0.403618 1.550262 -0.021623
v -0.062809 1.206876 -0.403567
v -0.393188 1.188435 -0.403567
v -0.393188 1.572144 -0.019858
v -0.062809 1.553703 -0.019857
v -0.393188 1.572144 -0.019858
v -0.393188 1.188435 -0.403567
v -0.062809 1.206876 -0.403567
v -0.062809 1.206876 -0.403567
v -0.062809 1.553703 -0.019857
v -0.393188 1.572144 -0.019858
v -0.053050 1.202245 -0.395056
v -0.383429 1.202245 -0.413862
v -0.383429 1.585954 -0.030153
v -0.053050 1.585954 -0.048958
v -0.383429 1.585954 -0.030153
v -0.383429 1.202245 -0.413862
v -0.053050 1.202245 -0.395056
v -0.053050 1.202245 -0.395056
v -0.053050 1.585954 -0.048958
v -0.383429 1.585954 -0.030153
v -0.062809 1.189230 -0.412859
v -0.393188 1.170789 -0.412859
v -0.393188 1.554498 -0.029150
v -0.062809 1.536056 -0.029150
v -0.393188 1.554498 -0.029150
v -0.393188 1.170789 -0.412859
v -0.062809 1.189230 -0.412859
v -0.062809 1.189230 -0.412859
v -0.062809 1.536056 -0.029150
v -0.393188 1.554498 -0.029150
v 0.084397 1.198169 -0.399131
v 0.084397 1.581878 -0.053034
v 0.414776 1.581879 -0.034229
v 0.414776 1.198169 -0.417938
v 0.414776 1.581879 -0.034229
v 0.084397 1.581878 -0.053034
v 0.084397 1.198169 -0.399131
v 0.084397 1.198169 -0.399131
v 0.414776 1.198169 -0.417938
v 0.414776 1.581879 -0.034229
v -0.371783 1.207081 -0.425568
v -0.085322 1.600044 -0.063424
v -0.011536 1.547743 -0.001117
v -0.010544 1.570127 -0.033506
v 0.015061 1.546683 -0.010063
v 0.015061 1.546683 -0.010063
v 0.041805 1.159935 -0.388428
v 0.042057 1.192573 -0.411060
v 0.076196 1.209744 -0.428231
v 0.113353 1.219660 -0.438146
v 0.113353 1.219660 -0.438146
v 0.402199 1.585042 -0.048422
vt 0.997641 0.323068
vt 0.997639 0.998239
vt 0.499534 0.997392
vt 0.499542 0.322221
vt 0.499534 0.997392
vt 0.997639 0.998239
vt 0.997641 0.323068
vt 0.997641 0.323068
vt 0.499542 0.322221
vt 0.499534 0.997392
vt 0.474336 0.183322
vt 0.486874 0.293348
vt -0.484372 0.293348
vt -0.471834 0.183322
vt 0.438570 0.032897
vt 0.484945 0.142923
vt 0.203682 0.142923
vt 0.203682 0.025543
vt 0.664722 0.147276
vt 0.794177 0.291554
vt 0.502346 0.291554
vt 0.502346 0.174174
vt -0.471834 0.030878
vt 0.474336 0.030878
vt 0.486874 0.141758
vt -0.484372 0.141758
vt -0.240985 0.293801
vt -0.240985 0.179897
vt -0.074997 0.155995
vt 0.051521 0.293801
vt -0.767698 0.140104
vt -0.767698 0.026200
vt -0.532809 0.029224
vt -0.486435 0.140104
vt -1.096163 0.135858
vt -0.984323 -0.001277
vt -0.933686 0.002299
vt -1.060205 0.140104
vt 0.537526 0.329315
vt 0.537523 0.996229
vt 0.512832 0.996229
vt 0.512834 0.329315
vt -0.024360 0.152420
vt 0.087480 0.289555
vt 0.364546 0.322225
vt 0.364538 0.997396
vt 0.323982 0.997395
vt 0.323990 0.322225
vt 0.033723 0.177270
vt 0.087087 0.220300
vt 0.129286 0.279052
vt 0.411066 0.322225
vt 0.411058 0.997396
vt 0.002911 0.997392
vt 0.002919 0.322221
vt 0.191046 0.322223
vt 0.191038 0.997394
vt 0.998647 0.322228
vt 0.998638 0.997398
vt 0.810511 0.997396
vt 0.810519 0.322226
vt -1.095770 0.066603
vt -1.042405 0.023573
vt -1.137969 0.125355
vt 0.566232 0.337925
vt 0.566229 0.987620
vt 0.041306 -0.001355
vt -0.088149 0.142923
vt 0.267457 0.181528
vt 0.221083 0.291554
vt 0.680460 0.997395
vt 0.680468 0.322224
vt -0.475874 0.182921
vt -0.522248 0.293801
vt -0.124554 0.137886
vt -0.009215 -0.005721
vt 0.459294 0.996229
vt 0.459296 0.329315
vt 0.484294 0.329315
vt 0.484292 0.996229
vt 0.715243 0.142911
vt 0.830582 0.286517
vt 0.639996 0.997395
vt 0.640004 0.322224
vt -0.126105 0.069253
vt -0.066840 0.018339
vt -0.164389 0.128005
vt 0.431941 0.987619
vt 0.431943 0.337924
vt 0.772868 0.166970
vt 0.832133 0.217885
vt 0.870417 0.276637
vt 0.593843 0.997394
vt 0.593851 0.322223
vt 0.453885 0.322647
vt 0.501018 0.323068
vt 0.501016 0.998239
vt 0.453879 0.997818
vt 0.546492 0.997317
vt 0.499552 0.997240
vt 0.499555 0.322069
vt 0.546497 0.322146
vt 0.501018 0.323068
vt 0.501016 0.998239
vt 0.002911 0.997392
vt 0.002919 0.322221
vt 0.002911 0.997392
vt 0.501016 0.998239
vt 0.501018 0.323068
vt 0.501018 0.323068
vt 0.002919 0.322221
vt 0.002911 0.997392
vt 0.501018 0.323068
vt 0.501016 0.998239
vt 0.002911 0.997392
vt 0.002919 0.322221
vt 0.002911 0.997392
vt 0.501016 0.998239
vt 0.501018 0.323068
vt 0.501018 0.323068
vt 0.002919 0.322221
vt 0.002911 0.997392
vt 0.005562 0.323068
vt 0.503662 0.322221
vt 0.503670 0.997392
vt 0.005565 0.998239
vt 0.503670 0.997392
vt 0.503662 0.322221
vt 0.005562 0.323068
vt 0.005562 0.323068
vt 0.005565 0.998239
vt 0.503670 0.997392
vt 0.502185 0.323068
vt 1.000285 0.322221
vt 1.000293 0.997392
vt 0.502188 0.998239
vt 1.000293 0.997392
vt 1.000285 0.322221
vt 0.502185 0.323068
vt 0.502185 0.323068
vt 0.502188 0.998239
vt 1.000293 0.997392
vt 0.502185 -0.309961
vt 1.000285 -0.310808
vt 1.000293 0.364363
vt 0.502188 0.365210
vt 1.000293 0.364363
vt 1.000285 -0.310808
vt 0.502185 -0.309961
vt 0.502185 -0.309961
vt 0.502188 0.365210
vt 1.000293 0.364363
vt 0.501018 0.323068
vt 0.002919 0.322221
vt 0.002911 0.997392
vt 0.501016 0.998239
vt 0.002911 0.997392
vt 0.002919 0.322221
vt 0.501018 0.323068
vt 0.501018 0.323068
vt 0.501016 0.998239
vt 0.002911 0.997392
vt 0.501018 -0.309961
vt 0.501016 0.365210
vt 0.002911 0.364363
vt 0.002919 -0.310808
vt 0.002911 0.364363
vt 0.501016 0.365210
vt 0.501018 -0.309961
vt 0.501018 -0.309961
vt 0.002919 -0.310808
vt 0.002911 0.364363
vt 0.267457 0.181528
vt -0.009215 -0.005721
vt -0.124554 0.137886
vt 0.546492 0.997317
vt 0.501016 0.998239
vt 0.501016 0.998239
vt -1.096163 0.135858
vt 0.453885 0.322647
vt 0.411066 0.322225
vt -0.984323 -0.001277
vt -0.984323 -0.001277
vt -0.475874 0.182921
vn 0.011439 0.719313 -0.694592
vn -0.041375 0.741226 -0.669979
vn -0.011974 0.729374 -0.684011
vn 0.039438 0.706557 -0.706557
vn 0.041375 -0.741226 0.669979
vn 0.041375 -0.741226 0.669979
vn 0.041375 -0.741226 0.669979
vn -0.039438 -0.706557 0.706557
vn -0.039438 -0.706557 0.706557
vn -0.039438 -0.706557 0.706557
vn -0.559237 -0.282407 -0.779423
vn -0.346889 0.291724 -0.891384
vn -0.349542 0.888596 -0.297014
vn -0.559237 0.779422 0.282408
vn -0.559237 0.779422 0.282408
vn -0.349542 0.888596 -0.297014
vn -0.003107 0.975550 0.219757
vn -0.009557 0.778176 0.627974
vn -0.004341 -0.641981 -0.766708
vn -0.004681 -0.478635 -0.878002
vn -0.002908 -0.378342 -0.925661
vn -0.009558 -0.627974 -0.778176
vn 0.562926 -0.280946 -0.777292
vn 0.562926 0.777293 0.280946
vn 0.347408 0.891450 -0.290903
vn 0.350059 0.296189 -0.888668
vn 0.002406 0.926242 0.376922
vn 0.007835 0.780207 0.625472
vn 0.003725 0.769314 0.638860
vn 0.004256 0.879137 0.476550
vn 0.002571 -0.218268 -0.975885
vn 0.007836 -0.625473 -0.780206
vn 0.562926 -0.280946 -0.777292
vn 0.350059 0.296189 -0.888668
vn -0.117038 -0.589708 -0.799091
vn -0.007437 -0.637905 -0.770079
vn 0.003883 -0.638803 -0.769360
vn 0.000621 -0.475272 -0.879839
vn -0.155304 -0.698527 0.698527
vn -0.155305 -0.698527 0.698527
vn -0.103615 -0.703301 0.703301
vn -0.103614 -0.703301 0.703301
vn -0.004383 0.770613 0.637288
vn -0.118242 0.797060 0.592211
vn -0.148782 0.699237 -0.699237
vn -0.148780 0.699237 -0.699237
vn 0.094135 0.703967 -0.703967
vn 0.094134 0.703967 -0.703967
vn -0.064329 0.800782 0.595492
vn -0.147905 0.813261 0.562789
vn -0.215310 0.803267 0.555340
vn -0.470246 0.624047 -0.624047
vn -0.470246 0.624047 -0.624047
vn 0.011355 0.707061 -0.707061
vn 0.011356 0.707061 -0.707061
vn 0.068796 0.705431 -0.705431
vn 0.068796 0.705432 -0.705431
vn -0.027607 0.706837 -0.706837
vn -0.027607 0.706837 -0.706837
vn -0.086246 0.704472 -0.704472
vn -0.086246 0.704472 -0.704472
vn -0.120648 -0.571394 -0.811759
vn 0.000002 -0.707108 -0.707105
vn -0.215312 -0.555339 -0.803268
vn -0.216356 -0.690359 0.690359
vn -0.216356 -0.690359 0.690359
vn -0.004508 0.766759 0.641920
vn -0.001017 0.878722 0.477333
vn -0.559237 -0.282407 -0.779423
vn -0.346889 0.291724 -0.891384
vn -0.110362 0.702788 -0.702787
vn -0.110361 0.702788 -0.702787
vn 0.562926 0.777293 0.280946
vn 0.347408 0.891450 -0.290903
vn 0.121661 0.795673 0.593383
vn 0.006795 0.766537 0.642164
vn 0.163359 -0.697608 0.697608
vn 0.163361 -0.697608 0.697608
vn 0.121149 -0.701898 0.701899
vn 0.121148 -0.701899 0.701899
vn 0.003246 -0.641270 -0.767309
vn 0.123058 -0.596331 -0.793250
vn 0.137960 0.700345 -0.700345
vn 0.137962 0.700345 -0.700345
vn 0.126241 0.809452 0.573455
vn 0.000004 0.707112 0.707101
vn 0.229123 0.797489 0.558135
vn 0.213739 -0.690766 0.690766
vn 0.213740 -0.690766 0.690766
vn 0.060732 -0.602301 -0.795956
vn 0.155657 -0.564812 -0.810406
vn 0.229120 -0.558136 -0.797489
vn 0.480030 0.620311 -0.620311
vn 0.480031 0.620311 -0.620310
vn -0.683722 0.516005 -0.516006
vn -0.775457 0.446467 -0.446467
vn -0.775460 0.446465 -0.446465
vn -0.683725 0.516004 -0.516004
vn 0.711433 0.496922 -0.496922
vn 0.804347 0.420135 -0.420135
vn 0.804346 0.420136 -0.420135
vn 0.711433 0.496922 -0.496922
vn 0.011439 0.719313 -0.694592
vn -0.041375 0.741226 -0.669979
vn -0.011974 0.729374 -0.684011
vn 0.039438 0.706557 -0.706557
vn 0.041375 -0.741226 0.669979
vn 0.041375 -0.741226 0.669979
vn 0.041375 -0.741226 0.669979
vn -0.039438 -0.706557 0.706557
vn -0.039438 -0.706557 0.706557
vn -0.039438 -0.706557 0.706557
vn 0.011439 0.719313 -0.694592
vn -0.041375 0.741226 -0.669979
vn -0.011974 0.729374 -0.684011
vn 0.039438 0.706557 -0.706557
vn 0.041375 -0.741226 0.669979
vn 0.041375 -0.741226 0.669979
vn 0.041375 -0.741226 0.669979
vn -0.039438 -0.706557 0.706557
vn -0.039438 -0.706557 0.706557
vn -0.039438 -0.706557 0.706557
vn -0.011439 0.719313 -0.694592
vn -0.039438 0.706557 -0.706556
vn 0.011974 0.729374 -0.684010
vn 0.041375 0.741226 -0.669979
vn 0.039438 -0.706557 0.706556
vn 0.039438 -0.706557 0.706556
vn 0.039438 -0.706557 0.706556
vn -0.041375 -0.741226 0.669979
vn -0.041375 -0.741226 0.669979
vn -0.041375 -0.741226 0.669979
vn -0.011439 0.719313 -0.694592
vn -0.039438 0.706557 -0.706556
vn 0.011974 0.729374 -0.684010
vn 0.041375 0.741226 -0.669979
vn 0.039438 -0.706557 0.706556
vn 0.039438 -0.706557 0.706556
vn 0.039438 -0.706557 0.706556
vn -0.041375 -0.741226 0.669979
vn -0.041375 -0.741226 0.669979
vn -0.041375 -0.741226 0.669979
vn 0.011654 0.694330 -0.719562
vn 0.040218 0.706535 -0.706534
vn -0.012208 0.683535 -0.729815
vn -0.042229 0.669179 -0.741900
vn -0.040218 -0.706535 0.706534
vn -0.040218 -0.706535 0.706534
vn -0.040218 -0.706535 0.706534
vn 0.042229 -0.669179 0.741900
vn 0.042229 -0.669179 0.741900
vn 0.042229 -0.669179 0.741900
vn -0.011439 0.719313 -0.694592
vn -0.039438 0.706557 -0.706556
vn 0.011974 0.729374 -0.684010
vn 0.041375 0.741226 -0.669979
vn 0.039438 -0.706557 0.706556
vn 0.039438 -0.706557 0.706556
vn 0.039438 -0.706557 0.706556
vn -0.041375 -0.741226 0.669979
vn -0.041375 -0.741226 0.669979
vn -0.041375 -0.741226 0.669979
vn -0.011654 0.694330 -0.719562
vn 0.042229 0.669179 -0.741900
vn 0.012208 0.683535 -0.729816
vn -0.040218 0.706535 -0.706535
vn -0.042229 -0.669179 0.741900
vn -0.042229 -0.669179 0.741900
vn -0.042229 -0.669179 0.741900
vn 0.040218 -0.706535 0.706535
vn 0.040218 -0.706535 0.706535
vn 0.040218 -0.706535 0.706535
vn -0.559237 -0.282407 -0.779423
vn 0.006795 0.766537 0.642164
vn 0.121661 0.795673 0.593383
vn 0.711433 0.496922 -0.496922
vn -0.775460 0.446465 -0.446465
vn -0.775460 0.446465 -0.446465
vn -0.117038 -0.589708 -0.799091
vn -0.683722 0.516005 -0.516006
vn -0.470246 0.624047 -0.624047
vn -0.007437 -0.637905 -0.770079
vn -0.007437 -0.637905 -0.770079
vn 0.562926 0.777293 0.280946
f 1046/1046/1046 1045/1045/1045 1044/1044/1044
f 1044/1044/1044 1047/1047/1047 1046/1046/1046
f 1050/1050/1050 1049/1049/1049 1048/1048/1048
f 1053/1053/1053 1052/1052/1052 1051/1051/1051
f 1056/1056/1056 1055/1055/1055 1054/1054/1054
f 1054/1054/1054 1057/1057/1057 1056/1056/1056
f 1060/1060/1060 1059/1059/1059 1058/1058/1058
f 1058/1058/1058 1061/1061/1061 1060/1060/1060
f 1064/1064/1064 1063/1063/1063 1062/1062/1062
f 1062/1062/1062 1065/1065/1065 1064/1064/1064
f 1068/1068/1068 1067/1067/1067 1066/1066/1066
f 1066/1066/1066 1069/1069/1069 1068/1068/1068
f 1072/1072/1072 1071/1071/1071 1070/1070/1070
f 1070/1070/1070 1073/1073/1073 1072/1072/1072
f 1076/1076/1076 1075/1075/1075 1074/1074/1074
f 1074/1074/1074 1077/1077/1077 1076/1076/1076
f 1080/1080/1080 1079/1079/1079 1078/1078/1078
f 1078/1078/1078 1081/1081/1081 1080/1080/1080
f 1084/1084/1084 1083/1083/1083 1082/1082/1082
f 1082/1082/1082 1085/1085/1085 1084/1084/1084
f 1073/1073/1073 1087/1087/1087 1086/1086/1086
f 1086/1086/1086 1072/1072/1072 1073/1073/1073
f 1090/1090/1090 1089/1089/1089 1088/1088/1088
f 1088/1088/1088 1091/1091/1091 1090/1090/1090
f 1092/1092/1092 1086/1086/1086 1087/1087/1087
f 1093/1093/1093 1092/1092/1092 1087/1087/1087
f 1094/1094/1094 1093/1093/1093 1087/1087/1087
f 1089/1089/1089 1096/1096/1096 1095/1095/1095
f 1095/1095/1095 1088/1088/1088 1089/1089/1089
f 1099/1099/1099 1098/1098/1098 1097/1097/1097
f 1097/1097/1097 1100/1100/1100 1099/1099/1099
f 1103/1103/1103 1102/1102/1102 1101/1101/1101
f 1101/1101/1101 1104/1104/1104 1103/1103/1103
f 1226/1226/1226 1106/1106/1106 1105/1105/1105
f 1222/1222/1222 1226/1226/1226 1105/1105/1105
f 1107/1107/1107 1222/1222/1222 1105/1105/1105
f 1083/1083/1083 1109/1109/1109 1108/1108/1108
f 1108/1108/1108 1082/1082/1082 1083/1083/1083
f 1060/1060/1060 1061/1061/1061 1110/1110/1110
f 1110/1110/1110 1111/1111/1111 1060/1060/1060
f 1064/1064/1064 1065/1065/1065 1216/1216/1216
f 1216/1216/1216 1113/1113/1113 1064/1064/1064
f 1114/1114/1114 1103/1103/1103 1104/1104/1104
f 1104/1104/1104 1115/1115/1115 1114/1114/1114
f 1070/1070/1070 1071/1071/1071 1227/1227/1227
f 1227/1227/1227 1117/1117/1117 1070/1070/1070
f 1074/1074/1074 1075/1075/1075 1080/1080/1080
f 1080/1080/1080 1081/1081/1081 1074/1074/1074
f 1091/1091/1091 1099/1099/1099 1100/1100/1100
f 1100/1100/1100 1090/1090/1090 1091/1091/1091
f 1110/1110/1110 1119/1119/1119 1118/1118/1118
f 1118/1118/1118 1111/1111/1111 1110/1110/1110
f 1122/1122/1122 1121/1121/1121 1120/1120/1120
f 1120/1120/1120 1123/1123/1123 1122/1122/1122
f 1063/1063/1063 1125/1125/1125 1124/1124/1124
f 1124/1124/1124 1062/1062/1062 1063/1063/1063
f 1115/1115/1115 1127/1127/1127 1126/1126/1126
f 1126/1126/1126 1114/1114/1114 1115/1115/1115
f 1217/1217/1217 1129/1129/1129 1128/1128/1128
f 1218/1218/1218 1217/1217/1217 1128/1128/1128
f 1130/1130/1130 1218/1218/1218 1128/1128/1128
f 1121/1121/1121 1132/1132/1132 1131/1131/1131
f 1131/1131/1131 1120/1120/1120 1121/1121/1121
f 1133/1133/1133 1124/1124/1124 1125/1125/1125
f 1134/1134/1134 1133/1133/1133 1125/1125/1125
f 1135/1135/1135 1134/1134/1134 1125/1125/1125
f 1127/1127/1127 1137/1137/1137 1136/1136/1136
f 1136/1136/1136 1126/1126/1126 1127/1127/1127
f 1221/1221/1221 1139/1139/1139 1223/1223/1223
f 1223/1223/1223 1141/1141/1141 1221/1221/1221
f 1144/1144/1144 1143/1143/1143 1219/1219/1219
f 1219/1219/1219 1145/1145/1145 1144/1144/1144
f 1096/1096/1096 1141/1141/1141 1223/1223/1223
f 1223/1223/1223 1224/1224/1224 1096/1096/1096
f 1137/1137/1137 1145/1145/1145 1219/1219/1219
f 1219/1219/1219 1136/1136/1136 1137/1137/1137
f 1148/1148/1148 1147/1147/1147 1146/1146/1146
f 1146/1146/1146 1149/1149/1149 1148/1148/1148
f 1152/1152/1152 1151/1151/1151 1150/1150/1150
f 1155/1155/1155 1154/1154/1154 1153/1153/1153
f 1158/1158/1158 1157/1157/1157 1156/1156/1156
f 1156/1156/1156 1159/1159/1159 1158/1158/1158
f 1162/1162/1162 1161/1161/1161 1160/1160/1160
f 1165/1165/1165 1164/1164/1164 1163/1163/1163
f 1168/1168/1168 1167/1167/1167 1166/1166/1166
f 1166/1166/1166 1169/1169/1169 1168/1168/1168
f 1172/1172/1172 1171/1171/1171 1170/1170/1170
f 1175/1175/1175 1174/1174/1174 1173/1173/1173
f 1178/1178/1178 1177/1177/1177 1176/1176/1176
f 1176/1176/1176 1179/1179/1179 1178/1178/1178
f 1182/1182/1182 1181/1181/1181 1180/1180/1180
f 1185/1185/1185 1184/1184/1184 1183/1183/1183
f 1188/1188/1188 1187/1187/1187 1186/1186/1186
f 1186/1186/1186 1189/1189/1189 1188/1188/1188
f 1192/1192/1192 1191/1191/1191 1190/1190/1190
f 1195/1195/1195 1194/1194/1194 1193/1193/1193
f 1198/1198/1198 1197/1197/1197 1196/1196/1196
f 1196/1196/1196 1199/1199/1199 1198/1198/1198
f 1202/1202/1202 1201/1201/1201 1200/1200/1200
f 1205/1205/1205 1204/1204/1204 1203/1203/1203
f 1208/1208/1208 1207/1207/1207 1206/1206/1206
f 1206/1206/1206 1209/1209/1209 1208/1208/1208
f 1212/1212/1212 1211/1211/1211 1210/1210/1210
f 1215/1215/1215 1214/1214/1214 1213/1213/1213
